
*** Running vivado
    with args -log PYNQ_Design_wrapper.vds -m64 -product Vivado -mode batch -messageDb vivado.pb -notrace -source PYNQ_Design_wrapper.tcl



****** Vivado v2024.1 (64-bit)
  **** SW Build 5076996 on Wed May 22 18:37:14 MDT 2024
  **** IP Build 5075265 on Wed May 22 21:45:21 MDT 2024
  **** SharedData Build 5076995 on Wed May 22 18:29:18 MDT 2024
  **** Start of session at: Tue Mar 18 12:16:55 2025
    ** Copyright 1986-2022 Xilinx, Inc. All Rights Reserved.
    ** Copyright 2022-2024 Advanced Micro Devices, Inc. All Rights Reserved.

Sourcing tcl script 'D:/Xilinx/Vivado/2024.1/scripts/Vivado_init.tcl'
source PYNQ_Design_wrapper.tcl -notrace
create_project: Time (s): cpu = 00:00:08 ; elapsed = 00:00:11 . Memory (MB): peak = 605.656 ; gain = 200.281
INFO: [IP_Flow 19-234] Refreshing IP repositories
INFO: [IP_Flow 19-1700] Loaded user IP repository 'c:/Users/clb20123/Documents/FO-RFSoC-4YP/RFX_files/demod_16_bit/netlist/ip'.
INFO: [IP_Flow 19-1700] Loaded user IP repository 'c:/Users/clb20123/Documents/FO-RFSoC-4YP/RFX_files/16_bit_modulate/netlist/ip'.
INFO: [IP_Flow 19-2313] Loaded Vivado IP repository 'D:/Xilinx/Vivado/2024.1/data/ip'.
add_files: Time (s): cpu = 00:00:11 ; elapsed = 00:00:16 . Memory (MB): peak = 742.883 ; gain = 119.238
Command: read_checkpoint -auto_incremental -incremental C:/Users/clb20123/Documents/FO-RFSoC-4YP/2x2_files/PLEASE/PLEASE.srcs/utils_1/imports/synth_1/PYNQ_Design_wrapper.dcp
INFO: [Vivado 12-5825] Read reference checkpoint from C:/Users/clb20123/Documents/FO-RFSoC-4YP/2x2_files/PLEASE/PLEASE.srcs/utils_1/imports/synth_1/PYNQ_Design_wrapper.dcp for incremental synthesis
INFO: [Vivado 12-7989] Please ensure there are no constraint changes
Command: synth_design -top PYNQ_Design_wrapper -part xczu28dr-ffvg1517-2-e
Starting synth_design
Attempting to get a license for feature 'Synthesis' and/or device 'xczu28dr'
INFO: [Common 17-349] Got license for feature 'Synthesis' and/or device 'xczu28dr'
INFO: [Common 17-1540] The version limit for your license is '2024.10' and has expired for new software. A version limit expiration means that, although you may be able to continue to use the current version of tools or IP with this license, you will not be eligible for new releases.
INFO: [Device 21-403] Loading part xczu28dr-ffvg1517-2-e
INFO: [Synth 8-7079] Multithreading enabled for synth_design using a maximum of 2 processes.
INFO: [Synth 8-7078] Launching helper process for spawning children vivado processes
INFO: [Synth 8-7075] Helper process launched with PID 7960
---------------------------------------------------------------------------------
Starting RTL Elaboration : Time (s): cpu = 00:00:25 ; elapsed = 00:00:28 . Memory (MB): peak = 2243.066 ; gain = 383.562
---------------------------------------------------------------------------------
INFO: [Synth 8-11241] undeclared symbol 'clk_valid', assumed default net type 'wire' [c:/Users/clb20123/Documents/FO-RFSoC-4YP/2x2_files/PLEASE/PLEASE.gen/sources_1/bd/PYNQ_Design/ip/PYNQ_Design_usp_rf_data_converter_0_0/synth/PYNQ_Design_usp_rf_data_converter_0_0_por_fsm_disabled.sv:347]
INFO: [Synth 8-11241] undeclared symbol 'dp_audi_ref_clk', assumed default net type 'wire' [c:/Users/clb20123/Documents/FO-RFSoC-4YP/2x2_files/PLEASE/PLEASE.gen/sources_1/bd/PYNQ_Design/ip/PYNQ_Design_zynq_ultra_ps_e_0_0/hdl/zynq_ultra_ps_e_v3_5_3.v:2516]
INFO: [Synth 8-11241] undeclared symbol 'adc00_tdd_mode_i', assumed default net type 'wire' [c:/Users/clb20123/Documents/FO-RFSoC-4YP/2x2_files/PLEASE/PLEASE.gen/sources_1/bd/PYNQ_Design/ip/PYNQ_Design_usp_rf_data_converter_0_0/synth/PYNQ_Design_usp_rf_data_converter_0_0_block.v:3995]
INFO: [Synth 8-11241] undeclared symbol 'adc01_tdd_mode_i', assumed default net type 'wire' [c:/Users/clb20123/Documents/FO-RFSoC-4YP/2x2_files/PLEASE/PLEASE.gen/sources_1/bd/PYNQ_Design/ip/PYNQ_Design_usp_rf_data_converter_0_0/synth/PYNQ_Design_usp_rf_data_converter_0_0_block.v:3996]
INFO: [Synth 8-11241] undeclared symbol 'adc02_tdd_mode_i', assumed default net type 'wire' [c:/Users/clb20123/Documents/FO-RFSoC-4YP/2x2_files/PLEASE/PLEASE.gen/sources_1/bd/PYNQ_Design/ip/PYNQ_Design_usp_rf_data_converter_0_0/synth/PYNQ_Design_usp_rf_data_converter_0_0_block.v:3997]
INFO: [Synth 8-11241] undeclared symbol 'adc03_tdd_mode_i', assumed default net type 'wire' [c:/Users/clb20123/Documents/FO-RFSoC-4YP/2x2_files/PLEASE/PLEASE.gen/sources_1/bd/PYNQ_Design/ip/PYNQ_Design_usp_rf_data_converter_0_0/synth/PYNQ_Design_usp_rf_data_converter_0_0_block.v:3998]
INFO: [Synth 8-11241] undeclared symbol 'adc10_tdd_mode_i', assumed default net type 'wire' [c:/Users/clb20123/Documents/FO-RFSoC-4YP/2x2_files/PLEASE/PLEASE.gen/sources_1/bd/PYNQ_Design/ip/PYNQ_Design_usp_rf_data_converter_0_0/synth/PYNQ_Design_usp_rf_data_converter_0_0_block.v:3999]
INFO: [Synth 8-11241] undeclared symbol 'adc11_tdd_mode_i', assumed default net type 'wire' [c:/Users/clb20123/Documents/FO-RFSoC-4YP/2x2_files/PLEASE/PLEASE.gen/sources_1/bd/PYNQ_Design/ip/PYNQ_Design_usp_rf_data_converter_0_0/synth/PYNQ_Design_usp_rf_data_converter_0_0_block.v:4000]
INFO: [Synth 8-11241] undeclared symbol 'adc12_tdd_mode_i', assumed default net type 'wire' [c:/Users/clb20123/Documents/FO-RFSoC-4YP/2x2_files/PLEASE/PLEASE.gen/sources_1/bd/PYNQ_Design/ip/PYNQ_Design_usp_rf_data_converter_0_0/synth/PYNQ_Design_usp_rf_data_converter_0_0_block.v:4001]
INFO: [Synth 8-11241] undeclared symbol 'adc13_tdd_mode_i', assumed default net type 'wire' [c:/Users/clb20123/Documents/FO-RFSoC-4YP/2x2_files/PLEASE/PLEASE.gen/sources_1/bd/PYNQ_Design/ip/PYNQ_Design_usp_rf_data_converter_0_0/synth/PYNQ_Design_usp_rf_data_converter_0_0_block.v:4002]
INFO: [Synth 8-11241] undeclared symbol 'adc20_tdd_mode_i', assumed default net type 'wire' [c:/Users/clb20123/Documents/FO-RFSoC-4YP/2x2_files/PLEASE/PLEASE.gen/sources_1/bd/PYNQ_Design/ip/PYNQ_Design_usp_rf_data_converter_0_0/synth/PYNQ_Design_usp_rf_data_converter_0_0_block.v:4003]
INFO: [Synth 8-11241] undeclared symbol 'adc21_tdd_mode_i', assumed default net type 'wire' [c:/Users/clb20123/Documents/FO-RFSoC-4YP/2x2_files/PLEASE/PLEASE.gen/sources_1/bd/PYNQ_Design/ip/PYNQ_Design_usp_rf_data_converter_0_0/synth/PYNQ_Design_usp_rf_data_converter_0_0_block.v:4004]
INFO: [Synth 8-11241] undeclared symbol 'adc22_tdd_mode_i', assumed default net type 'wire' [c:/Users/clb20123/Documents/FO-RFSoC-4YP/2x2_files/PLEASE/PLEASE.gen/sources_1/bd/PYNQ_Design/ip/PYNQ_Design_usp_rf_data_converter_0_0/synth/PYNQ_Design_usp_rf_data_converter_0_0_block.v:4005]
INFO: [Synth 8-11241] undeclared symbol 'adc23_tdd_mode_i', assumed default net type 'wire' [c:/Users/clb20123/Documents/FO-RFSoC-4YP/2x2_files/PLEASE/PLEASE.gen/sources_1/bd/PYNQ_Design/ip/PYNQ_Design_usp_rf_data_converter_0_0/synth/PYNQ_Design_usp_rf_data_converter_0_0_block.v:4006]
INFO: [Synth 8-11241] undeclared symbol 'adc30_tdd_mode_i', assumed default net type 'wire' [c:/Users/clb20123/Documents/FO-RFSoC-4YP/2x2_files/PLEASE/PLEASE.gen/sources_1/bd/PYNQ_Design/ip/PYNQ_Design_usp_rf_data_converter_0_0/synth/PYNQ_Design_usp_rf_data_converter_0_0_block.v:4007]
INFO: [Synth 8-11241] undeclared symbol 'adc31_tdd_mode_i', assumed default net type 'wire' [c:/Users/clb20123/Documents/FO-RFSoC-4YP/2x2_files/PLEASE/PLEASE.gen/sources_1/bd/PYNQ_Design/ip/PYNQ_Design_usp_rf_data_converter_0_0/synth/PYNQ_Design_usp_rf_data_converter_0_0_block.v:4008]
INFO: [Synth 8-11241] undeclared symbol 'adc32_tdd_mode_i', assumed default net type 'wire' [c:/Users/clb20123/Documents/FO-RFSoC-4YP/2x2_files/PLEASE/PLEASE.gen/sources_1/bd/PYNQ_Design/ip/PYNQ_Design_usp_rf_data_converter_0_0/synth/PYNQ_Design_usp_rf_data_converter_0_0_block.v:4009]
INFO: [Synth 8-11241] undeclared symbol 'adc33_tdd_mode_i', assumed default net type 'wire' [c:/Users/clb20123/Documents/FO-RFSoC-4YP/2x2_files/PLEASE/PLEASE.gen/sources_1/bd/PYNQ_Design/ip/PYNQ_Design_usp_rf_data_converter_0_0/synth/PYNQ_Design_usp_rf_data_converter_0_0_block.v:4010]
INFO: [Synth 8-11241] undeclared symbol 'adc00_tdd_obs_i', assumed default net type 'wire' [c:/Users/clb20123/Documents/FO-RFSoC-4YP/2x2_files/PLEASE/PLEASE.gen/sources_1/bd/PYNQ_Design/ip/PYNQ_Design_usp_rf_data_converter_0_0/synth/PYNQ_Design_usp_rf_data_converter_0_0_block.v:4011]
INFO: [Synth 8-11241] undeclared symbol 'adc01_tdd_obs_i', assumed default net type 'wire' [c:/Users/clb20123/Documents/FO-RFSoC-4YP/2x2_files/PLEASE/PLEASE.gen/sources_1/bd/PYNQ_Design/ip/PYNQ_Design_usp_rf_data_converter_0_0/synth/PYNQ_Design_usp_rf_data_converter_0_0_block.v:4012]
INFO: [Synth 8-11241] undeclared symbol 'adc02_tdd_obs_i', assumed default net type 'wire' [c:/Users/clb20123/Documents/FO-RFSoC-4YP/2x2_files/PLEASE/PLEASE.gen/sources_1/bd/PYNQ_Design/ip/PYNQ_Design_usp_rf_data_converter_0_0/synth/PYNQ_Design_usp_rf_data_converter_0_0_block.v:4013]
INFO: [Synth 8-11241] undeclared symbol 'adc03_tdd_obs_i', assumed default net type 'wire' [c:/Users/clb20123/Documents/FO-RFSoC-4YP/2x2_files/PLEASE/PLEASE.gen/sources_1/bd/PYNQ_Design/ip/PYNQ_Design_usp_rf_data_converter_0_0/synth/PYNQ_Design_usp_rf_data_converter_0_0_block.v:4014]
INFO: [Synth 8-11241] undeclared symbol 'adc10_tdd_obs_i', assumed default net type 'wire' [c:/Users/clb20123/Documents/FO-RFSoC-4YP/2x2_files/PLEASE/PLEASE.gen/sources_1/bd/PYNQ_Design/ip/PYNQ_Design_usp_rf_data_converter_0_0/synth/PYNQ_Design_usp_rf_data_converter_0_0_block.v:4015]
INFO: [Synth 8-11241] undeclared symbol 'adc11_tdd_obs_i', assumed default net type 'wire' [c:/Users/clb20123/Documents/FO-RFSoC-4YP/2x2_files/PLEASE/PLEASE.gen/sources_1/bd/PYNQ_Design/ip/PYNQ_Design_usp_rf_data_converter_0_0/synth/PYNQ_Design_usp_rf_data_converter_0_0_block.v:4016]
INFO: [Synth 8-11241] undeclared symbol 'adc12_tdd_obs_i', assumed default net type 'wire' [c:/Users/clb20123/Documents/FO-RFSoC-4YP/2x2_files/PLEASE/PLEASE.gen/sources_1/bd/PYNQ_Design/ip/PYNQ_Design_usp_rf_data_converter_0_0/synth/PYNQ_Design_usp_rf_data_converter_0_0_block.v:4017]
INFO: [Synth 8-11241] undeclared symbol 'adc13_tdd_obs_i', assumed default net type 'wire' [c:/Users/clb20123/Documents/FO-RFSoC-4YP/2x2_files/PLEASE/PLEASE.gen/sources_1/bd/PYNQ_Design/ip/PYNQ_Design_usp_rf_data_converter_0_0/synth/PYNQ_Design_usp_rf_data_converter_0_0_block.v:4018]
INFO: [Synth 8-11241] undeclared symbol 'adc20_tdd_obs_i', assumed default net type 'wire' [c:/Users/clb20123/Documents/FO-RFSoC-4YP/2x2_files/PLEASE/PLEASE.gen/sources_1/bd/PYNQ_Design/ip/PYNQ_Design_usp_rf_data_converter_0_0/synth/PYNQ_Design_usp_rf_data_converter_0_0_block.v:4019]
INFO: [Synth 8-11241] undeclared symbol 'adc21_tdd_obs_i', assumed default net type 'wire' [c:/Users/clb20123/Documents/FO-RFSoC-4YP/2x2_files/PLEASE/PLEASE.gen/sources_1/bd/PYNQ_Design/ip/PYNQ_Design_usp_rf_data_converter_0_0/synth/PYNQ_Design_usp_rf_data_converter_0_0_block.v:4020]
INFO: [Synth 8-11241] undeclared symbol 'adc22_tdd_obs_i', assumed default net type 'wire' [c:/Users/clb20123/Documents/FO-RFSoC-4YP/2x2_files/PLEASE/PLEASE.gen/sources_1/bd/PYNQ_Design/ip/PYNQ_Design_usp_rf_data_converter_0_0/synth/PYNQ_Design_usp_rf_data_converter_0_0_block.v:4021]
INFO: [Synth 8-11241] undeclared symbol 'adc23_tdd_obs_i', assumed default net type 'wire' [c:/Users/clb20123/Documents/FO-RFSoC-4YP/2x2_files/PLEASE/PLEASE.gen/sources_1/bd/PYNQ_Design/ip/PYNQ_Design_usp_rf_data_converter_0_0/synth/PYNQ_Design_usp_rf_data_converter_0_0_block.v:4022]
INFO: [Synth 8-11241] undeclared symbol 'adc30_tdd_obs_i', assumed default net type 'wire' [c:/Users/clb20123/Documents/FO-RFSoC-4YP/2x2_files/PLEASE/PLEASE.gen/sources_1/bd/PYNQ_Design/ip/PYNQ_Design_usp_rf_data_converter_0_0/synth/PYNQ_Design_usp_rf_data_converter_0_0_block.v:4023]
INFO: [Synth 8-11241] undeclared symbol 'adc31_tdd_obs_i', assumed default net type 'wire' [c:/Users/clb20123/Documents/FO-RFSoC-4YP/2x2_files/PLEASE/PLEASE.gen/sources_1/bd/PYNQ_Design/ip/PYNQ_Design_usp_rf_data_converter_0_0/synth/PYNQ_Design_usp_rf_data_converter_0_0_block.v:4024]
INFO: [Synth 8-11241] undeclared symbol 'adc32_tdd_obs_i', assumed default net type 'wire' [c:/Users/clb20123/Documents/FO-RFSoC-4YP/2x2_files/PLEASE/PLEASE.gen/sources_1/bd/PYNQ_Design/ip/PYNQ_Design_usp_rf_data_converter_0_0/synth/PYNQ_Design_usp_rf_data_converter_0_0_block.v:4025]
INFO: [Synth 8-11241] undeclared symbol 'adc33_tdd_obs_i', assumed default net type 'wire' [c:/Users/clb20123/Documents/FO-RFSoC-4YP/2x2_files/PLEASE/PLEASE.gen/sources_1/bd/PYNQ_Design/ip/PYNQ_Design_usp_rf_data_converter_0_0/synth/PYNQ_Design_usp_rf_data_converter_0_0_block.v:4026]
INFO: [Synth 8-11241] undeclared symbol 'adc01_cal_frozen', assumed default net type 'wire' [c:/Users/clb20123/Documents/FO-RFSoC-4YP/2x2_files/PLEASE/PLEASE.gen/sources_1/bd/PYNQ_Design/ip/PYNQ_Design_usp_rf_data_converter_0_0/synth/PYNQ_Design_usp_rf_data_converter_0_0_block.v:4049]
INFO: [Synth 8-11241] undeclared symbol 'adc02_cal_frozen', assumed default net type 'wire' [c:/Users/clb20123/Documents/FO-RFSoC-4YP/2x2_files/PLEASE/PLEASE.gen/sources_1/bd/PYNQ_Design/ip/PYNQ_Design_usp_rf_data_converter_0_0/synth/PYNQ_Design_usp_rf_data_converter_0_0_block.v:4051]
INFO: [Synth 8-11241] undeclared symbol 'adc03_cal_frozen', assumed default net type 'wire' [c:/Users/clb20123/Documents/FO-RFSoC-4YP/2x2_files/PLEASE/PLEASE.gen/sources_1/bd/PYNQ_Design/ip/PYNQ_Design_usp_rf_data_converter_0_0/synth/PYNQ_Design_usp_rf_data_converter_0_0_block.v:4053]
INFO: [Synth 8-11241] undeclared symbol 'adc10_cal_frozen', assumed default net type 'wire' [c:/Users/clb20123/Documents/FO-RFSoC-4YP/2x2_files/PLEASE/PLEASE.gen/sources_1/bd/PYNQ_Design/ip/PYNQ_Design_usp_rf_data_converter_0_0/synth/PYNQ_Design_usp_rf_data_converter_0_0_block.v:4055]
INFO: [Synth 8-11241] undeclared symbol 'adc11_cal_frozen', assumed default net type 'wire' [c:/Users/clb20123/Documents/FO-RFSoC-4YP/2x2_files/PLEASE/PLEASE.gen/sources_1/bd/PYNQ_Design/ip/PYNQ_Design_usp_rf_data_converter_0_0/synth/PYNQ_Design_usp_rf_data_converter_0_0_block.v:4057]
INFO: [Synth 8-11241] undeclared symbol 'adc12_cal_frozen', assumed default net type 'wire' [c:/Users/clb20123/Documents/FO-RFSoC-4YP/2x2_files/PLEASE/PLEASE.gen/sources_1/bd/PYNQ_Design/ip/PYNQ_Design_usp_rf_data_converter_0_0/synth/PYNQ_Design_usp_rf_data_converter_0_0_block.v:4059]
INFO: [Synth 8-11241] undeclared symbol 'adc13_cal_frozen', assumed default net type 'wire' [c:/Users/clb20123/Documents/FO-RFSoC-4YP/2x2_files/PLEASE/PLEASE.gen/sources_1/bd/PYNQ_Design/ip/PYNQ_Design_usp_rf_data_converter_0_0/synth/PYNQ_Design_usp_rf_data_converter_0_0_block.v:4061]
INFO: [Synth 8-11241] undeclared symbol 'adc20_cal_frozen', assumed default net type 'wire' [c:/Users/clb20123/Documents/FO-RFSoC-4YP/2x2_files/PLEASE/PLEASE.gen/sources_1/bd/PYNQ_Design/ip/PYNQ_Design_usp_rf_data_converter_0_0/synth/PYNQ_Design_usp_rf_data_converter_0_0_block.v:4063]
INFO: [Synth 8-11241] undeclared symbol 'adc21_cal_frozen', assumed default net type 'wire' [c:/Users/clb20123/Documents/FO-RFSoC-4YP/2x2_files/PLEASE/PLEASE.gen/sources_1/bd/PYNQ_Design/ip/PYNQ_Design_usp_rf_data_converter_0_0/synth/PYNQ_Design_usp_rf_data_converter_0_0_block.v:4065]
INFO: [Synth 8-11241] undeclared symbol 'adc22_cal_frozen', assumed default net type 'wire' [c:/Users/clb20123/Documents/FO-RFSoC-4YP/2x2_files/PLEASE/PLEASE.gen/sources_1/bd/PYNQ_Design/ip/PYNQ_Design_usp_rf_data_converter_0_0/synth/PYNQ_Design_usp_rf_data_converter_0_0_block.v:4067]
INFO: [Synth 8-11241] undeclared symbol 'adc23_cal_frozen', assumed default net type 'wire' [c:/Users/clb20123/Documents/FO-RFSoC-4YP/2x2_files/PLEASE/PLEASE.gen/sources_1/bd/PYNQ_Design/ip/PYNQ_Design_usp_rf_data_converter_0_0/synth/PYNQ_Design_usp_rf_data_converter_0_0_block.v:4069]
INFO: [Synth 8-11241] undeclared symbol 'adc30_cal_frozen', assumed default net type 'wire' [c:/Users/clb20123/Documents/FO-RFSoC-4YP/2x2_files/PLEASE/PLEASE.gen/sources_1/bd/PYNQ_Design/ip/PYNQ_Design_usp_rf_data_converter_0_0/synth/PYNQ_Design_usp_rf_data_converter_0_0_block.v:4071]
INFO: [Synth 8-11241] undeclared symbol 'adc31_cal_frozen', assumed default net type 'wire' [c:/Users/clb20123/Documents/FO-RFSoC-4YP/2x2_files/PLEASE/PLEASE.gen/sources_1/bd/PYNQ_Design/ip/PYNQ_Design_usp_rf_data_converter_0_0/synth/PYNQ_Design_usp_rf_data_converter_0_0_block.v:4073]
INFO: [Synth 8-11241] undeclared symbol 'adc32_cal_frozen', assumed default net type 'wire' [c:/Users/clb20123/Documents/FO-RFSoC-4YP/2x2_files/PLEASE/PLEASE.gen/sources_1/bd/PYNQ_Design/ip/PYNQ_Design_usp_rf_data_converter_0_0/synth/PYNQ_Design_usp_rf_data_converter_0_0_block.v:4075]
INFO: [Synth 8-11241] undeclared symbol 'adc33_cal_frozen', assumed default net type 'wire' [c:/Users/clb20123/Documents/FO-RFSoC-4YP/2x2_files/PLEASE/PLEASE.gen/sources_1/bd/PYNQ_Design/ip/PYNQ_Design_usp_rf_data_converter_0_0/synth/PYNQ_Design_usp_rf_data_converter_0_0_block.v:4077]
INFO: [Synth 8-11241] undeclared symbol 'dpto_cntr_ld_en', assumed default net type 'wire' [c:/Users/clb20123/Documents/FO-RFSoC-4YP/2x2_files/PLEASE/PLEASE.gen/sources_1/bd/PYNQ_Design/ip/PYNQ_Design_usp_rf_data_converter_0_0/synth/PYNQ_Design_usp_rf_data_converter_0_0_slave_attachment.v:503]
INFO: [Synth 8-11241] undeclared symbol 'dpto_cnt_en', assumed default net type 'wire' [c:/Users/clb20123/Documents/FO-RFSoC-4YP/2x2_files/PLEASE/PLEASE.gen/sources_1/bd/PYNQ_Design/ip/PYNQ_Design_usp_rf_data_converter_0_0/synth/PYNQ_Design_usp_rf_data_converter_0_0_slave_attachment.v:504]
INFO: [Synth 8-11241] undeclared symbol 'tms_int', assumed default net type 'wire' [c:/Users/clb20123/Documents/FO-RFSoC-4YP/2x2_files/PLEASE/PLEASE.gen/sources_1/bd/PYNQ_Design/ipshared/8745/hdl/verilog/xsdbm_v3_0_2_bs_core_ext.vh:30]
INFO: [Synth 8-11241] undeclared symbol 'runtest_int', assumed default net type 'wire' [c:/Users/clb20123/Documents/FO-RFSoC-4YP/2x2_files/PLEASE/PLEASE.gen/sources_1/bd/PYNQ_Design/ipshared/8745/hdl/verilog/xsdbm_v3_0_2_bs_core_ext.vh:32]
INFO: [Synth 8-11241] undeclared symbol 'tms_int', assumed default net type 'wire' [c:/Users/clb20123/Documents/FO-RFSoC-4YP/2x2_files/PLEASE/PLEASE.gen/sources_1/bd/PYNQ_Design/ipshared/8745/hdl/verilog/xsdbm_v3_0_2_bs_core_ext.vh:69]
INFO: [Synth 8-11241] undeclared symbol 'runtest_int', assumed default net type 'wire' [c:/Users/clb20123/Documents/FO-RFSoC-4YP/2x2_files/PLEASE/PLEASE.gen/sources_1/bd/PYNQ_Design/ipshared/8745/hdl/verilog/xsdbm_v3_0_2_bs_core_ext.vh:71]
INFO: [Synth 8-11241] undeclared symbol 'tms_int', assumed default net type 'wire' [c:/Users/clb20123/Documents/FO-RFSoC-4YP/2x2_files/PLEASE/PLEASE.gen/sources_1/bd/PYNQ_Design/ipshared/8745/hdl/verilog/xsdbm_v3_0_2_bs_core_ext.vh:109]
INFO: [Synth 8-11241] undeclared symbol 'runtest_int', assumed default net type 'wire' [c:/Users/clb20123/Documents/FO-RFSoC-4YP/2x2_files/PLEASE/PLEASE.gen/sources_1/bd/PYNQ_Design/ipshared/8745/hdl/verilog/xsdbm_v3_0_2_bs_core_ext.vh:111]
INFO: [Synth 8-11241] undeclared symbol 'tms_int', assumed default net type 'wire' [c:/Users/clb20123/Documents/FO-RFSoC-4YP/2x2_files/PLEASE/PLEASE.gen/sources_1/bd/PYNQ_Design/ipshared/8745/hdl/verilog/xsdbm_v3_0_2_bs_core_ext.vh:150]
INFO: [Synth 8-11241] undeclared symbol 'runtest_int', assumed default net type 'wire' [c:/Users/clb20123/Documents/FO-RFSoC-4YP/2x2_files/PLEASE/PLEASE.gen/sources_1/bd/PYNQ_Design/ipshared/8745/hdl/verilog/xsdbm_v3_0_2_bs_core_ext.vh:152]
INFO: [Synth 8-11241] undeclared symbol 'tms_int', assumed default net type 'wire' [c:/Users/clb20123/Documents/FO-RFSoC-4YP/2x2_files/PLEASE/PLEASE.gen/sources_1/bd/PYNQ_Design/ipshared/8745/hdl/verilog/xsdbm_v3_0_2_bs_core_ext.vh:192]
INFO: [Synth 8-11241] undeclared symbol 'runtest_int', assumed default net type 'wire' [c:/Users/clb20123/Documents/FO-RFSoC-4YP/2x2_files/PLEASE/PLEASE.gen/sources_1/bd/PYNQ_Design/ipshared/8745/hdl/verilog/xsdbm_v3_0_2_bs_core_ext.vh:194]
INFO: [Synth 8-11241] undeclared symbol 'tms_int', assumed default net type 'wire' [c:/Users/clb20123/Documents/FO-RFSoC-4YP/2x2_files/PLEASE/PLEASE.gen/sources_1/bd/PYNQ_Design/ipshared/8745/hdl/verilog/xsdbm_v3_0_2_bs_core_ext.vh:235]
INFO: [Synth 8-11241] undeclared symbol 'runtest_int', assumed default net type 'wire' [c:/Users/clb20123/Documents/FO-RFSoC-4YP/2x2_files/PLEASE/PLEASE.gen/sources_1/bd/PYNQ_Design/ipshared/8745/hdl/verilog/xsdbm_v3_0_2_bs_core_ext.vh:237]
INFO: [Synth 8-11241] undeclared symbol 'tms_int', assumed default net type 'wire' [c:/Users/clb20123/Documents/FO-RFSoC-4YP/2x2_files/PLEASE/PLEASE.gen/sources_1/bd/PYNQ_Design/ipshared/8745/hdl/verilog/xsdbm_v3_0_2_bs_core_ext.vh:279]
INFO: [Synth 8-11241] undeclared symbol 'runtest_int', assumed default net type 'wire' [c:/Users/clb20123/Documents/FO-RFSoC-4YP/2x2_files/PLEASE/PLEASE.gen/sources_1/bd/PYNQ_Design/ipshared/8745/hdl/verilog/xsdbm_v3_0_2_bs_core_ext.vh:281]
INFO: [Synth 8-11241] undeclared symbol 'tms_int', assumed default net type 'wire' [c:/Users/clb20123/Documents/FO-RFSoC-4YP/2x2_files/PLEASE/PLEASE.gen/sources_1/bd/PYNQ_Design/ipshared/8745/hdl/verilog/xsdbm_v3_0_2_bs_core_ext.vh:324]
INFO: [Synth 8-11241] undeclared symbol 'runtest_int', assumed default net type 'wire' [c:/Users/clb20123/Documents/FO-RFSoC-4YP/2x2_files/PLEASE/PLEASE.gen/sources_1/bd/PYNQ_Design/ipshared/8745/hdl/verilog/xsdbm_v3_0_2_bs_core_ext.vh:326]
INFO: [Synth 8-11241] undeclared symbol 'tms_int', assumed default net type 'wire' [c:/Users/clb20123/Documents/FO-RFSoC-4YP/2x2_files/PLEASE/PLEASE.gen/sources_1/bd/PYNQ_Design/ipshared/8745/hdl/verilog/xsdbm_v3_0_2_bs_core_ext.vh:370]
INFO: [Synth 8-11241] undeclared symbol 'runtest_int', assumed default net type 'wire' [c:/Users/clb20123/Documents/FO-RFSoC-4YP/2x2_files/PLEASE/PLEASE.gen/sources_1/bd/PYNQ_Design/ipshared/8745/hdl/verilog/xsdbm_v3_0_2_bs_core_ext.vh:372]
INFO: [Synth 8-11241] undeclared symbol 'tms_int', assumed default net type 'wire' [c:/Users/clb20123/Documents/FO-RFSoC-4YP/2x2_files/PLEASE/PLEASE.gen/sources_1/bd/PYNQ_Design/ipshared/8745/hdl/verilog/xsdbm_v3_0_2_bs_core_ext.vh:417]
INFO: [Synth 8-11241] undeclared symbol 'runtest_int', assumed default net type 'wire' [c:/Users/clb20123/Documents/FO-RFSoC-4YP/2x2_files/PLEASE/PLEASE.gen/sources_1/bd/PYNQ_Design/ipshared/8745/hdl/verilog/xsdbm_v3_0_2_bs_core_ext.vh:419]
INFO: [Synth 8-11241] undeclared symbol 'tms_int', assumed default net type 'wire' [c:/Users/clb20123/Documents/FO-RFSoC-4YP/2x2_files/PLEASE/PLEASE.gen/sources_1/bd/PYNQ_Design/ipshared/8745/hdl/verilog/xsdbm_v3_0_2_bs_core_ext.vh:465]
INFO: [Synth 8-11241] undeclared symbol 'runtest_int', assumed default net type 'wire' [c:/Users/clb20123/Documents/FO-RFSoC-4YP/2x2_files/PLEASE/PLEASE.gen/sources_1/bd/PYNQ_Design/ipshared/8745/hdl/verilog/xsdbm_v3_0_2_bs_core_ext.vh:467]
INFO: [Synth 8-11241] undeclared symbol 'tms_int', assumed default net type 'wire' [c:/Users/clb20123/Documents/FO-RFSoC-4YP/2x2_files/PLEASE/PLEASE.gen/sources_1/bd/PYNQ_Design/ipshared/8745/hdl/verilog/xsdbm_v3_0_2_bs_core_ext.vh:514]
INFO: [Synth 8-11241] undeclared symbol 'runtest_int', assumed default net type 'wire' [c:/Users/clb20123/Documents/FO-RFSoC-4YP/2x2_files/PLEASE/PLEASE.gen/sources_1/bd/PYNQ_Design/ipshared/8745/hdl/verilog/xsdbm_v3_0_2_bs_core_ext.vh:516]
INFO: [Synth 8-11241] undeclared symbol 'tms_int', assumed default net type 'wire' [c:/Users/clb20123/Documents/FO-RFSoC-4YP/2x2_files/PLEASE/PLEASE.gen/sources_1/bd/PYNQ_Design/ipshared/8745/hdl/verilog/xsdbm_v3_0_2_bs_core_ext.vh:564]
INFO: [Synth 8-11241] undeclared symbol 'runtest_int', assumed default net type 'wire' [c:/Users/clb20123/Documents/FO-RFSoC-4YP/2x2_files/PLEASE/PLEASE.gen/sources_1/bd/PYNQ_Design/ipshared/8745/hdl/verilog/xsdbm_v3_0_2_bs_core_ext.vh:566]
INFO: [Synth 8-11241] undeclared symbol 'tms_int', assumed default net type 'wire' [c:/Users/clb20123/Documents/FO-RFSoC-4YP/2x2_files/PLEASE/PLEASE.gen/sources_1/bd/PYNQ_Design/ipshared/8745/hdl/verilog/xsdbm_v3_0_2_bs_core_ext.vh:615]
INFO: [Synth 8-11241] undeclared symbol 'runtest_int', assumed default net type 'wire' [c:/Users/clb20123/Documents/FO-RFSoC-4YP/2x2_files/PLEASE/PLEASE.gen/sources_1/bd/PYNQ_Design/ipshared/8745/hdl/verilog/xsdbm_v3_0_2_bs_core_ext.vh:617]
INFO: [Synth 8-11241] undeclared symbol 'tms_int', assumed default net type 'wire' [c:/Users/clb20123/Documents/FO-RFSoC-4YP/2x2_files/PLEASE/PLEASE.gen/sources_1/bd/PYNQ_Design/ipshared/8745/hdl/verilog/xsdbm_v3_0_2_bs_core.vh:30]
INFO: [Synth 8-11241] undeclared symbol 'runtest_int', assumed default net type 'wire' [c:/Users/clb20123/Documents/FO-RFSoC-4YP/2x2_files/PLEASE/PLEASE.gen/sources_1/bd/PYNQ_Design/ipshared/8745/hdl/verilog/xsdbm_v3_0_2_bs_core.vh:32]
INFO: [Synth 8-11241] undeclared symbol 'tms_int', assumed default net type 'wire' [c:/Users/clb20123/Documents/FO-RFSoC-4YP/2x2_files/PLEASE/PLEASE.gen/sources_1/bd/PYNQ_Design/ipshared/8745/hdl/verilog/xsdbm_v3_0_2_bs_core.vh:69]
INFO: [Synth 8-11241] undeclared symbol 'runtest_int', assumed default net type 'wire' [c:/Users/clb20123/Documents/FO-RFSoC-4YP/2x2_files/PLEASE/PLEASE.gen/sources_1/bd/PYNQ_Design/ipshared/8745/hdl/verilog/xsdbm_v3_0_2_bs_core.vh:71]
INFO: [Synth 8-11241] undeclared symbol 'tms_int', assumed default net type 'wire' [c:/Users/clb20123/Documents/FO-RFSoC-4YP/2x2_files/PLEASE/PLEASE.gen/sources_1/bd/PYNQ_Design/ipshared/8745/hdl/verilog/xsdbm_v3_0_2_bs_core.vh:109]
INFO: [Synth 8-11241] undeclared symbol 'runtest_int', assumed default net type 'wire' [c:/Users/clb20123/Documents/FO-RFSoC-4YP/2x2_files/PLEASE/PLEASE.gen/sources_1/bd/PYNQ_Design/ipshared/8745/hdl/verilog/xsdbm_v3_0_2_bs_core.vh:111]
INFO: [Synth 8-11241] undeclared symbol 'tms_int', assumed default net type 'wire' [c:/Users/clb20123/Documents/FO-RFSoC-4YP/2x2_files/PLEASE/PLEASE.gen/sources_1/bd/PYNQ_Design/ipshared/8745/hdl/verilog/xsdbm_v3_0_2_bs_core.vh:150]
INFO: [Synth 8-11241] undeclared symbol 'runtest_int', assumed default net type 'wire' [c:/Users/clb20123/Documents/FO-RFSoC-4YP/2x2_files/PLEASE/PLEASE.gen/sources_1/bd/PYNQ_Design/ipshared/8745/hdl/verilog/xsdbm_v3_0_2_bs_core.vh:152]
INFO: [Synth 8-11241] undeclared symbol 'tms_int', assumed default net type 'wire' [c:/Users/clb20123/Documents/FO-RFSoC-4YP/2x2_files/PLEASE/PLEASE.gen/sources_1/bd/PYNQ_Design/ipshared/8745/hdl/verilog/xsdbm_v3_0_2_bs_core.vh:192]
INFO: [Synth 8-11241] undeclared symbol 'runtest_int', assumed default net type 'wire' [c:/Users/clb20123/Documents/FO-RFSoC-4YP/2x2_files/PLEASE/PLEASE.gen/sources_1/bd/PYNQ_Design/ipshared/8745/hdl/verilog/xsdbm_v3_0_2_bs_core.vh:194]
INFO: [Synth 8-11241] undeclared symbol 'tms_int', assumed default net type 'wire' [c:/Users/clb20123/Documents/FO-RFSoC-4YP/2x2_files/PLEASE/PLEASE.gen/sources_1/bd/PYNQ_Design/ipshared/8745/hdl/verilog/xsdbm_v3_0_2_bs_core.vh:235]
INFO: [Synth 8-11241] undeclared symbol 'runtest_int', assumed default net type 'wire' [c:/Users/clb20123/Documents/FO-RFSoC-4YP/2x2_files/PLEASE/PLEASE.gen/sources_1/bd/PYNQ_Design/ipshared/8745/hdl/verilog/xsdbm_v3_0_2_bs_core.vh:237]
INFO: [Synth 8-11241] undeclared symbol 'tms_int', assumed default net type 'wire' [c:/Users/clb20123/Documents/FO-RFSoC-4YP/2x2_files/PLEASE/PLEASE.gen/sources_1/bd/PYNQ_Design/ipshared/8745/hdl/verilog/xsdbm_v3_0_2_bs_core.vh:279]
INFO: [Synth 8-11241] undeclared symbol 'runtest_int', assumed default net type 'wire' [c:/Users/clb20123/Documents/FO-RFSoC-4YP/2x2_files/PLEASE/PLEASE.gen/sources_1/bd/PYNQ_Design/ipshared/8745/hdl/verilog/xsdbm_v3_0_2_bs_core.vh:281]
INFO: [Synth 8-11241] undeclared symbol 'tms_int', assumed default net type 'wire' [c:/Users/clb20123/Documents/FO-RFSoC-4YP/2x2_files/PLEASE/PLEASE.gen/sources_1/bd/PYNQ_Design/ipshared/8745/hdl/verilog/xsdbm_v3_0_2_bs_core.vh:324]
INFO: [Synth 8-11241] undeclared symbol 'runtest_int', assumed default net type 'wire' [c:/Users/clb20123/Documents/FO-RFSoC-4YP/2x2_files/PLEASE/PLEASE.gen/sources_1/bd/PYNQ_Design/ipshared/8745/hdl/verilog/xsdbm_v3_0_2_bs_core.vh:326]
INFO: [Synth 8-11241] undeclared symbol 'tms_int', assumed default net type 'wire' [c:/Users/clb20123/Documents/FO-RFSoC-4YP/2x2_files/PLEASE/PLEASE.gen/sources_1/bd/PYNQ_Design/ipshared/8745/hdl/verilog/xsdbm_v3_0_2_bs_core.vh:370]
INFO: [Synth 8-11241] undeclared symbol 'runtest_int', assumed default net type 'wire' [c:/Users/clb20123/Documents/FO-RFSoC-4YP/2x2_files/PLEASE/PLEASE.gen/sources_1/bd/PYNQ_Design/ipshared/8745/hdl/verilog/xsdbm_v3_0_2_bs_core.vh:372]
INFO: [Synth 8-11241] undeclared symbol 'tms_int', assumed default net type 'wire' [c:/Users/clb20123/Documents/FO-RFSoC-4YP/2x2_files/PLEASE/PLEASE.gen/sources_1/bd/PYNQ_Design/ipshared/8745/hdl/verilog/xsdbm_v3_0_2_bs_core.vh:417]
INFO: [Synth 8-11241] undeclared symbol 'runtest_int', assumed default net type 'wire' [c:/Users/clb20123/Documents/FO-RFSoC-4YP/2x2_files/PLEASE/PLEASE.gen/sources_1/bd/PYNQ_Design/ipshared/8745/hdl/verilog/xsdbm_v3_0_2_bs_core.vh:419]
INFO: [Synth 8-11241] undeclared symbol 'tms_int', assumed default net type 'wire' [c:/Users/clb20123/Documents/FO-RFSoC-4YP/2x2_files/PLEASE/PLEASE.gen/sources_1/bd/PYNQ_Design/ipshared/8745/hdl/verilog/xsdbm_v3_0_2_bs_core.vh:465]
INFO: [Common 17-14] Message 'Synth 8-11241' appears 100 times and further instances of the messages will be disabled. Use the Tcl command set_msg_config to change the current settings.
INFO: [Synth 8-256] done synthesizing module 'x16_bit_demod_fir_compiler_v7_2_i0' (0#1) [c:/Users/clb20123/Documents/FO-RFSoC-4YP/2x2_files/PLEASE/PLEASE.gen/sources_1/bd/PYNQ_Design/ip/PYNQ_Design_DUT_rec_0_0/x16_bit_demod_fir_compiler_v7_2_i0/synth/x16_bit_demod_fir_compiler_v7_2_i0.vhd:71]
INFO: [Synth 8-256] done synthesizing module 'xlfir_compiler_ae65b408d3e27b03bc0c852f0d847079' (0#1) [c:/Users/clb20123/Documents/FO-RFSoC-4YP/2x2_files/PLEASE/PLEASE.gen/sources_1/bd/PYNQ_Design/ipshared/0ce8/hdl/x16_bit_demod_entity_declarations.vhd:1318]
INFO: [Synth 8-638] synthesizing module 'sysgen_logical_7e7ee00252' [c:/Users/clb20123/Documents/FO-RFSoC-4YP/2x2_files/PLEASE/PLEASE.gen/sources_1/bd/PYNQ_Design/ipshared/0ce8/hdl/x16_bit_demod_entity_declarations.vhd:53]
INFO: [Synth 8-256] done synthesizing module 'sysgen_logical_7e7ee00252' (0#1) [c:/Users/clb20123/Documents/FO-RFSoC-4YP/2x2_files/PLEASE/PLEASE.gen/sources_1/bd/PYNQ_Design/ipshared/0ce8/hdl/x16_bit_demod_entity_declarations.vhd:53]
INFO: [Synth 8-638] synthesizing module 'x16_bit_demod_xlmult' [c:/Users/clb20123/Documents/FO-RFSoC-4YP/2x2_files/PLEASE/PLEASE.gen/sources_1/bd/PYNQ_Design/ipshared/0ce8/hdl/x16_bit_demod_entity_declarations.vhd:1437]
INFO: [Synth 8-3491] module 'x16_bit_demod_mult_gen_v12_0_i0' declared at 'c:/Users/clb20123/Documents/FO-RFSoC-4YP/2x2_files/PLEASE/PLEASE.gen/sources_1/bd/PYNQ_Design/ip/PYNQ_Design_DUT_rec_0_0/x16_bit_demod_mult_gen_v12_0_i0/synth/x16_bit_demod_mult_gen_v12_0_i0.vhd:59' bound to instance 'core_instance0' of component 'x16_bit_demod_mult_gen_v12_0_i0' [c:/Users/clb20123/Documents/FO-RFSoC-4YP/2x2_files/PLEASE/PLEASE.gen/sources_1/bd/PYNQ_Design/ipshared/0ce8/hdl/x16_bit_demod_entity_declarations.vhd:1499]
INFO: [Synth 8-638] synthesizing module 'x16_bit_demod_mult_gen_v12_0_i0' [c:/Users/clb20123/Documents/FO-RFSoC-4YP/2x2_files/PLEASE/PLEASE.gen/sources_1/bd/PYNQ_Design/ip/PYNQ_Design_DUT_rec_0_0/x16_bit_demod_mult_gen_v12_0_i0/synth/x16_bit_demod_mult_gen_v12_0_i0.vhd:70]
WARNING: [Synth 8-5640] Port 'zero_detect' is missing in component declaration [c:/Users/clb20123/Documents/FO-RFSoC-4YP/2x2_files/PLEASE/PLEASE.gen/sources_1/bd/PYNQ_Design/ip/PYNQ_Design_DUT_rec_0_0/x16_bit_demod_mult_gen_v12_0_i0/synth/x16_bit_demod_mult_gen_v12_0_i0.vhd:73]
WARNING: [Synth 8-5640] Port 'pcasc' is missing in component declaration [c:/Users/clb20123/Documents/FO-RFSoC-4YP/2x2_files/PLEASE/PLEASE.gen/sources_1/bd/PYNQ_Design/ip/PYNQ_Design_DUT_rec_0_0/x16_bit_demod_mult_gen_v12_0_i0/synth/x16_bit_demod_mult_gen_v12_0_i0.vhd:73]
WARNING: [Synth 8-5640] Port 'pcasc_ext' is missing in component declaration [c:/Users/clb20123/Documents/FO-RFSoC-4YP/2x2_files/PLEASE/PLEASE.gen/sources_1/bd/PYNQ_Design/ip/PYNQ_Design_DUT_rec_0_0/x16_bit_demod_mult_gen_v12_0_i0/synth/x16_bit_demod_mult_gen_v12_0_i0.vhd:73]
	Parameter C_VERBOSITY bound to: 0 - type: integer 
	Parameter C_MODEL_TYPE bound to: 0 - type: integer 
	Parameter C_OPTIMIZE_GOAL bound to: 1 - type: integer 
	Parameter C_XDEVICEFAMILY bound to: zynquplus - type: string 
	Parameter C_HAS_CE bound to: 1 - type: integer 
	Parameter C_HAS_SCLR bound to: 1 - type: integer 
	Parameter C_LATENCY bound to: 3 - type: integer 
	Parameter C_A_WIDTH bound to: 16 - type: integer 
	Parameter C_A_TYPE bound to: 1 - type: integer 
	Parameter C_B_WIDTH bound to: 16 - type: integer 
	Parameter C_B_TYPE bound to: 0 - type: integer 
	Parameter C_OUT_HIGH bound to: 31 - type: integer 
	Parameter C_OUT_LOW bound to: 0 - type: integer 
	Parameter C_MULT_TYPE bound to: 1 - type: integer 
	Parameter C_CE_OVERRIDES_SCLR bound to: 1 - type: integer 
	Parameter C_CCM_IMP bound to: 0 - type: integer 
	Parameter C_B_VALUE bound to: 10000001 - type: string 
	Parameter C_HAS_ZERO_DETECT bound to: 0 - type: integer 
	Parameter C_ROUND_OUTPUT bound to: 0 - type: integer 
	Parameter C_ROUND_PT bound to: 0 - type: integer 
INFO: [Synth 8-3491] module 'mult_gen_v12_0_21' declared at 'c:/Users/clb20123/Documents/FO-RFSoC-4YP/2x2_files/PLEASE/PLEASE.gen/sources_1/bd/PYNQ_Design/ip/PYNQ_Design_DUT_rec_0_0/x16_bit_demod_mult_gen_v12_0_i0/hdl/mult_gen_v12_0_vh_rfs.vhd:21527' bound to instance 'U0' of component 'mult_gen_v12_0_21' [c:/Users/clb20123/Documents/FO-RFSoC-4YP/2x2_files/PLEASE/PLEASE.gen/sources_1/bd/PYNQ_Design/ip/PYNQ_Design_DUT_rec_0_0/x16_bit_demod_mult_gen_v12_0_i0/synth/x16_bit_demod_mult_gen_v12_0_i0.vhd:127]
INFO: [Synth 8-256] done synthesizing module 'x16_bit_demod_mult_gen_v12_0_i0' (0#1) [c:/Users/clb20123/Documents/FO-RFSoC-4YP/2x2_files/PLEASE/PLEASE.gen/sources_1/bd/PYNQ_Design/ip/PYNQ_Design_DUT_rec_0_0/x16_bit_demod_mult_gen_v12_0_i0/synth/x16_bit_demod_mult_gen_v12_0_i0.vhd:70]
INFO: [Synth 8-256] done synthesizing module 'x16_bit_demod_xlmult' (0#1) [c:/Users/clb20123/Documents/FO-RFSoC-4YP/2x2_files/PLEASE/PLEASE.gen/sources_1/bd/PYNQ_Design/ipshared/0ce8/hdl/x16_bit_demod_entity_declarations.vhd:1437]
INFO: [Synth 8-638] synthesizing module 'sysgen_shift_0c6f52abe1' [c:/Users/clb20123/Documents/FO-RFSoC-4YP/2x2_files/PLEASE/PLEASE.gen/sources_1/bd/PYNQ_Design/ipshared/0ce8/hdl/x16_bit_demod_entity_declarations.vhd:332]
INFO: [Synth 8-256] done synthesizing module 'sysgen_shift_0c6f52abe1' (0#1) [c:/Users/clb20123/Documents/FO-RFSoC-4YP/2x2_files/PLEASE/PLEASE.gen/sources_1/bd/PYNQ_Design/ipshared/0ce8/hdl/x16_bit_demod_entity_declarations.vhd:332]
INFO: [Synth 8-256] done synthesizing module 'x16_bit_demod_algorithm' (0#1) [c:/Users/clb20123/Documents/FO-RFSoC-4YP/2x2_files/PLEASE/PLEASE.gen/sources_1/bd/PYNQ_Design/ipshared/0ce8/hdl/x16_bit_demod.vhd:126]
INFO: [Synth 8-638] synthesizing module 'x16_bit_demod_master_fifo' [c:/Users/clb20123/Documents/FO-RFSoC-4YP/2x2_files/PLEASE/PLEASE.gen/sources_1/bd/PYNQ_Design/ipshared/0ce8/hdl/x16_bit_demod.vhd:299]
INFO: [Synth 8-638] synthesizing module 'sysgen_concat_f66466f9a6' [c:/Users/clb20123/Documents/FO-RFSoC-4YP/2x2_files/PLEASE/PLEASE.gen/sources_1/bd/PYNQ_Design/ipshared/0ce8/hdl/x16_bit_demod_entity_declarations.vhd:970]
INFO: [Synth 8-256] done synthesizing module 'sysgen_concat_f66466f9a6' (0#1) [c:/Users/clb20123/Documents/FO-RFSoC-4YP/2x2_files/PLEASE/PLEASE.gen/sources_1/bd/PYNQ_Design/ipshared/0ce8/hdl/x16_bit_demod_entity_declarations.vhd:970]
INFO: [Synth 8-638] synthesizing module 'x16_bit_demod_xlfifogen_u' [c:/Users/clb20123/Documents/FO-RFSoC-4YP/2x2_files/PLEASE/PLEASE.gen/sources_1/bd/PYNQ_Design/ipshared/0ce8/hdl/x16_bit_demod_entity_declarations.vhd:1110]
INFO: [Synth 8-3491] module 'x16_bit_demod_fifo_generator_i0' declared at 'c:/Users/clb20123/Documents/FO-RFSoC-4YP/2x2_files/PLEASE/PLEASE.gen/sources_1/bd/PYNQ_Design/ip/PYNQ_Design_DUT_rec_0_0/x16_bit_demod_fifo_generator_i0/synth/x16_bit_demod_fifo_generator_i0.vhd:59' bound to instance 'core_instance0' of component 'x16_bit_demod_fifo_generator_i0' [c:/Users/clb20123/Documents/FO-RFSoC-4YP/2x2_files/PLEASE/PLEASE.gen/sources_1/bd/PYNQ_Design/ipshared/0ce8/hdl/x16_bit_demod_entity_declarations.vhd:1183]
INFO: [Synth 8-638] synthesizing module 'x16_bit_demod_fifo_generator_i0' [c:/Users/clb20123/Documents/FO-RFSoC-4YP/2x2_files/PLEASE/PLEASE.gen/sources_1/bd/PYNQ_Design/ip/PYNQ_Design_DUT_rec_0_0/x16_bit_demod_fifo_generator_i0/synth/x16_bit_demod_fifo_generator_i0.vhd:72]
	Parameter C_COMMON_CLOCK bound to: 1 - type: integer 
	Parameter C_SELECT_XPM bound to: 0 - type: integer 
	Parameter C_COUNT_TYPE bound to: 0 - type: integer 
	Parameter C_DATA_COUNT_WIDTH bound to: 11 - type: integer 
	Parameter C_DEFAULT_VALUE bound to: BlankString - type: string 
	Parameter C_DIN_WIDTH bound to: 17 - type: integer 
	Parameter C_DOUT_RST_VAL bound to: 0 - type: string 
	Parameter C_DOUT_WIDTH bound to: 17 - type: integer 
	Parameter C_ENABLE_RLOCS bound to: 0 - type: integer 
	Parameter C_FAMILY bound to: zynquplus - type: string 
	Parameter C_FULL_FLAGS_RST_VAL bound to: 0 - type: integer 
	Parameter C_HAS_ALMOST_EMPTY bound to: 0 - type: integer 
	Parameter C_HAS_ALMOST_FULL bound to: 0 - type: integer 
	Parameter C_HAS_BACKUP bound to: 0 - type: integer 
	Parameter C_HAS_DATA_COUNT bound to: 0 - type: integer 
	Parameter C_HAS_INT_CLK bound to: 0 - type: integer 
	Parameter C_HAS_MEMINIT_FILE bound to: 0 - type: integer 
	Parameter C_HAS_OVERFLOW bound to: 0 - type: integer 
	Parameter C_HAS_RD_DATA_COUNT bound to: 0 - type: integer 
	Parameter C_HAS_RD_RST bound to: 0 - type: integer 
	Parameter C_HAS_RST bound to: 0 - type: integer 
	Parameter C_HAS_SRST bound to: 0 - type: integer 
	Parameter C_HAS_UNDERFLOW bound to: 0 - type: integer 
	Parameter C_HAS_VALID bound to: 0 - type: integer 
	Parameter C_HAS_WR_ACK bound to: 0 - type: integer 
	Parameter C_HAS_WR_DATA_COUNT bound to: 0 - type: integer 
	Parameter C_HAS_WR_RST bound to: 0 - type: integer 
	Parameter C_IMPLEMENTATION_TYPE bound to: 0 - type: integer 
	Parameter C_INIT_WR_PNTR_VAL bound to: 0 - type: integer 
	Parameter C_MEMORY_TYPE bound to: 1 - type: integer 
	Parameter C_MIF_FILE_NAME bound to: BlankString - type: string 
	Parameter C_OPTIMIZATION_MODE bound to: 0 - type: integer 
	Parameter C_OVERFLOW_LOW bound to: 0 - type: integer 
	Parameter C_PRELOAD_LATENCY bound to: 0 - type: integer 
	Parameter C_PRELOAD_REGS bound to: 1 - type: integer 
	Parameter C_PRIM_FIFO_TYPE bound to: 1kx18 - type: string 
	Parameter C_PROG_EMPTY_THRESH_ASSERT_VAL bound to: 4 - type: integer 
	Parameter C_PROG_EMPTY_THRESH_NEGATE_VAL bound to: 5 - type: integer 
	Parameter C_PROG_EMPTY_TYPE bound to: 0 - type: integer 
	Parameter C_PROG_FULL_THRESH_ASSERT_VAL bound to: 1000 - type: integer 
	Parameter C_PROG_FULL_THRESH_NEGATE_VAL bound to: 999 - type: integer 
	Parameter C_PROG_FULL_TYPE bound to: 1 - type: integer 
	Parameter C_RD_DATA_COUNT_WIDTH bound to: 11 - type: integer 
	Parameter C_RD_DEPTH bound to: 1024 - type: integer 
	Parameter C_RD_FREQ bound to: 1 - type: integer 
	Parameter C_RD_PNTR_WIDTH bound to: 10 - type: integer 
	Parameter C_UNDERFLOW_LOW bound to: 0 - type: integer 
	Parameter C_USE_DOUT_RST bound to: 0 - type: integer 
	Parameter C_USE_ECC bound to: 0 - type: integer 
	Parameter C_USE_EMBEDDED_REG bound to: 0 - type: integer 
	Parameter C_USE_PIPELINE_REG bound to: 0 - type: integer 
	Parameter C_POWER_SAVING_MODE bound to: 0 - type: integer 
	Parameter C_USE_FIFO16_FLAGS bound to: 0 - type: integer 
	Parameter C_USE_FWFT_DATA_COUNT bound to: 1 - type: integer 
	Parameter C_VALID_LOW bound to: 0 - type: integer 
	Parameter C_WR_ACK_LOW bound to: 0 - type: integer 
	Parameter C_WR_DATA_COUNT_WIDTH bound to: 11 - type: integer 
	Parameter C_WR_DEPTH bound to: 1024 - type: integer 
	Parameter C_WR_FREQ bound to: 1 - type: integer 
	Parameter C_WR_PNTR_WIDTH bound to: 10 - type: integer 
	Parameter C_WR_RESPONSE_LATENCY bound to: 1 - type: integer 
	Parameter C_MSGON_VAL bound to: 1 - type: integer 
	Parameter C_ENABLE_RST_SYNC bound to: 1 - type: integer 
	Parameter C_EN_SAFETY_CKT bound to: 0 - type: integer 
	Parameter C_ERROR_INJECTION_TYPE bound to: 0 - type: integer 
	Parameter C_SYNCHRONIZER_STAGE bound to: 2 - type: integer 
	Parameter C_INTERFACE_TYPE bound to: 0 - type: integer 
	Parameter C_AXI_TYPE bound to: 1 - type: integer 
	Parameter C_HAS_AXI_WR_CHANNEL bound to: 1 - type: integer 
	Parameter C_HAS_AXI_RD_CHANNEL bound to: 1 - type: integer 
	Parameter C_HAS_SLAVE_CE bound to: 0 - type: integer 
	Parameter C_HAS_MASTER_CE bound to: 0 - type: integer 
	Parameter C_ADD_NGC_CONSTRAINT bound to: 0 - type: integer 
	Parameter C_USE_COMMON_OVERFLOW bound to: 0 - type: integer 
	Parameter C_USE_COMMON_UNDERFLOW bound to: 0 - type: integer 
	Parameter C_USE_DEFAULT_SETTINGS bound to: 0 - type: integer 
	Parameter C_AXI_ID_WIDTH bound to: 1 - type: integer 
	Parameter C_AXI_ADDR_WIDTH bound to: 32 - type: integer 
	Parameter C_AXI_DATA_WIDTH bound to: 64 - type: integer 
	Parameter C_AXI_LEN_WIDTH bound to: 8 - type: integer 
	Parameter C_AXI_LOCK_WIDTH bound to: 1 - type: integer 
	Parameter C_HAS_AXI_ID bound to: 0 - type: integer 
	Parameter C_HAS_AXI_AWUSER bound to: 0 - type: integer 
	Parameter C_HAS_AXI_WUSER bound to: 0 - type: integer 
	Parameter C_HAS_AXI_BUSER bound to: 0 - type: integer 
	Parameter C_HAS_AXI_ARUSER bound to: 0 - type: integer 
	Parameter C_HAS_AXI_RUSER bound to: 0 - type: integer 
	Parameter C_AXI_ARUSER_WIDTH bound to: 1 - type: integer 
	Parameter C_AXI_AWUSER_WIDTH bound to: 1 - type: integer 
	Parameter C_AXI_WUSER_WIDTH bound to: 1 - type: integer 
	Parameter C_AXI_BUSER_WIDTH bound to: 1 - type: integer 
	Parameter C_AXI_RUSER_WIDTH bound to: 1 - type: integer 
	Parameter C_HAS_AXIS_TDATA bound to: 1 - type: integer 
	Parameter C_HAS_AXIS_TID bound to: 0 - type: integer 
	Parameter C_HAS_AXIS_TDEST bound to: 0 - type: integer 
	Parameter C_HAS_AXIS_TUSER bound to: 1 - type: integer 
	Parameter C_HAS_AXIS_TREADY bound to: 1 - type: integer 
	Parameter C_HAS_AXIS_TLAST bound to: 0 - type: integer 
	Parameter C_HAS_AXIS_TSTRB bound to: 0 - type: integer 
	Parameter C_HAS_AXIS_TKEEP bound to: 0 - type: integer 
	Parameter C_AXIS_TDATA_WIDTH bound to: 8 - type: integer 
	Parameter C_AXIS_TID_WIDTH bound to: 1 - type: integer 
	Parameter C_AXIS_TDEST_WIDTH bound to: 1 - type: integer 
	Parameter C_AXIS_TUSER_WIDTH bound to: 4 - type: integer 
	Parameter C_AXIS_TSTRB_WIDTH bound to: 1 - type: integer 
	Parameter C_AXIS_TKEEP_WIDTH bound to: 1 - type: integer 
	Parameter C_WACH_TYPE bound to: 0 - type: integer 
	Parameter C_WDCH_TYPE bound to: 0 - type: integer 
	Parameter C_WRCH_TYPE bound to: 0 - type: integer 
	Parameter C_RACH_TYPE bound to: 0 - type: integer 
	Parameter C_RDCH_TYPE bound to: 0 - type: integer 
	Parameter C_AXIS_TYPE bound to: 0 - type: integer 
	Parameter C_IMPLEMENTATION_TYPE_WACH bound to: 1 - type: integer 
	Parameter C_IMPLEMENTATION_TYPE_WDCH bound to: 1 - type: integer 
	Parameter C_IMPLEMENTATION_TYPE_WRCH bound to: 1 - type: integer 
	Parameter C_IMPLEMENTATION_TYPE_RACH bound to: 1 - type: integer 
	Parameter C_IMPLEMENTATION_TYPE_RDCH bound to: 1 - type: integer 
	Parameter C_IMPLEMENTATION_TYPE_AXIS bound to: 1 - type: integer 
	Parameter C_APPLICATION_TYPE_WACH bound to: 0 - type: integer 
	Parameter C_APPLICATION_TYPE_WDCH bound to: 0 - type: integer 
	Parameter C_APPLICATION_TYPE_WRCH bound to: 0 - type: integer 
	Parameter C_APPLICATION_TYPE_RACH bound to: 0 - type: integer 
	Parameter C_APPLICATION_TYPE_RDCH bound to: 0 - type: integer 
	Parameter C_APPLICATION_TYPE_AXIS bound to: 0 - type: integer 
	Parameter C_PRIM_FIFO_TYPE_WACH bound to: 512x36 - type: string 
	Parameter C_PRIM_FIFO_TYPE_WDCH bound to: 512x72 - type: string 
	Parameter C_PRIM_FIFO_TYPE_WRCH bound to: 512x36 - type: string 
	Parameter C_PRIM_FIFO_TYPE_RACH bound to: 512x36 - type: string 
	Parameter C_PRIM_FIFO_TYPE_RDCH bound to: 512x72 - type: string 
	Parameter C_PRIM_FIFO_TYPE_AXIS bound to: 1kx18 - type: string 
	Parameter C_USE_ECC_WACH bound to: 0 - type: integer 
	Parameter C_USE_ECC_WDCH bound to: 0 - type: integer 
	Parameter C_USE_ECC_WRCH bound to: 0 - type: integer 
	Parameter C_USE_ECC_RACH bound to: 0 - type: integer 
	Parameter C_USE_ECC_RDCH bound to: 0 - type: integer 
	Parameter C_USE_ECC_AXIS bound to: 0 - type: integer 
	Parameter C_ERROR_INJECTION_TYPE_WACH bound to: 0 - type: integer 
	Parameter C_ERROR_INJECTION_TYPE_WDCH bound to: 0 - type: integer 
	Parameter C_ERROR_INJECTION_TYPE_WRCH bound to: 0 - type: integer 
	Parameter C_ERROR_INJECTION_TYPE_RACH bound to: 0 - type: integer 
	Parameter C_ERROR_INJECTION_TYPE_RDCH bound to: 0 - type: integer 
	Parameter C_ERROR_INJECTION_TYPE_AXIS bound to: 0 - type: integer 
	Parameter C_DIN_WIDTH_WACH bound to: 1 - type: integer 
	Parameter C_DIN_WIDTH_WDCH bound to: 64 - type: integer 
	Parameter C_DIN_WIDTH_WRCH bound to: 2 - type: integer 
	Parameter C_DIN_WIDTH_RACH bound to: 32 - type: integer 
	Parameter C_DIN_WIDTH_RDCH bound to: 64 - type: integer 
	Parameter C_DIN_WIDTH_AXIS bound to: 1 - type: integer 
	Parameter C_WR_DEPTH_WACH bound to: 16 - type: integer 
	Parameter C_WR_DEPTH_WDCH bound to: 1024 - type: integer 
	Parameter C_WR_DEPTH_WRCH bound to: 16 - type: integer 
	Parameter C_WR_DEPTH_RACH bound to: 16 - type: integer 
	Parameter C_WR_DEPTH_RDCH bound to: 1024 - type: integer 
	Parameter C_WR_DEPTH_AXIS bound to: 1024 - type: integer 
	Parameter C_WR_PNTR_WIDTH_WACH bound to: 4 - type: integer 
	Parameter C_WR_PNTR_WIDTH_WDCH bound to: 10 - type: integer 
	Parameter C_WR_PNTR_WIDTH_WRCH bound to: 4 - type: integer 
	Parameter C_WR_PNTR_WIDTH_RACH bound to: 4 - type: integer 
	Parameter C_WR_PNTR_WIDTH_RDCH bound to: 10 - type: integer 
	Parameter C_WR_PNTR_WIDTH_AXIS bound to: 10 - type: integer 
	Parameter C_HAS_DATA_COUNTS_WACH bound to: 0 - type: integer 
	Parameter C_HAS_DATA_COUNTS_WDCH bound to: 0 - type: integer 
	Parameter C_HAS_DATA_COUNTS_WRCH bound to: 0 - type: integer 
	Parameter C_HAS_DATA_COUNTS_RACH bound to: 0 - type: integer 
	Parameter C_HAS_DATA_COUNTS_RDCH bound to: 0 - type: integer 
	Parameter C_HAS_DATA_COUNTS_AXIS bound to: 0 - type: integer 
	Parameter C_HAS_PROG_FLAGS_WACH bound to: 0 - type: integer 
	Parameter C_HAS_PROG_FLAGS_WDCH bound to: 0 - type: integer 
	Parameter C_HAS_PROG_FLAGS_WRCH bound to: 0 - type: integer 
	Parameter C_HAS_PROG_FLAGS_RACH bound to: 0 - type: integer 
	Parameter C_HAS_PROG_FLAGS_RDCH bound to: 0 - type: integer 
	Parameter C_HAS_PROG_FLAGS_AXIS bound to: 0 - type: integer 
	Parameter C_PROG_FULL_TYPE_WACH bound to: 0 - type: integer 
	Parameter C_PROG_FULL_TYPE_WDCH bound to: 0 - type: integer 
	Parameter C_PROG_FULL_TYPE_WRCH bound to: 0 - type: integer 
	Parameter C_PROG_FULL_TYPE_RACH bound to: 0 - type: integer 
	Parameter C_PROG_FULL_TYPE_RDCH bound to: 0 - type: integer 
	Parameter C_PROG_FULL_TYPE_AXIS bound to: 0 - type: integer 
	Parameter C_PROG_FULL_THRESH_ASSERT_VAL_WACH bound to: 1023 - type: integer 
	Parameter C_PROG_FULL_THRESH_ASSERT_VAL_WDCH bound to: 1023 - type: integer 
	Parameter C_PROG_FULL_THRESH_ASSERT_VAL_WRCH bound to: 1023 - type: integer 
	Parameter C_PROG_FULL_THRESH_ASSERT_VAL_RACH bound to: 1023 - type: integer 
	Parameter C_PROG_FULL_THRESH_ASSERT_VAL_RDCH bound to: 1023 - type: integer 
	Parameter C_PROG_FULL_THRESH_ASSERT_VAL_AXIS bound to: 1023 - type: integer 
	Parameter C_PROG_EMPTY_TYPE_WACH bound to: 0 - type: integer 
	Parameter C_PROG_EMPTY_TYPE_WDCH bound to: 0 - type: integer 
	Parameter C_PROG_EMPTY_TYPE_WRCH bound to: 0 - type: integer 
	Parameter C_PROG_EMPTY_TYPE_RACH bound to: 0 - type: integer 
	Parameter C_PROG_EMPTY_TYPE_RDCH bound to: 0 - type: integer 
	Parameter C_PROG_EMPTY_TYPE_AXIS bound to: 0 - type: integer 
	Parameter C_PROG_EMPTY_THRESH_ASSERT_VAL_WACH bound to: 1022 - type: integer 
	Parameter C_PROG_EMPTY_THRESH_ASSERT_VAL_WDCH bound to: 1022 - type: integer 
	Parameter C_PROG_EMPTY_THRESH_ASSERT_VAL_WRCH bound to: 1022 - type: integer 
	Parameter C_PROG_EMPTY_THRESH_ASSERT_VAL_RACH bound to: 1022 - type: integer 
	Parameter C_PROG_EMPTY_THRESH_ASSERT_VAL_RDCH bound to: 1022 - type: integer 
	Parameter C_PROG_EMPTY_THRESH_ASSERT_VAL_AXIS bound to: 1022 - type: integer 
	Parameter C_REG_SLICE_MODE_WACH bound to: 0 - type: integer 
	Parameter C_REG_SLICE_MODE_WDCH bound to: 0 - type: integer 
	Parameter C_REG_SLICE_MODE_WRCH bound to: 0 - type: integer 
	Parameter C_REG_SLICE_MODE_RACH bound to: 0 - type: integer 
	Parameter C_REG_SLICE_MODE_RDCH bound to: 0 - type: integer 
	Parameter C_REG_SLICE_MODE_AXIS bound to: 0 - type: integer 
INFO: [Synth 8-3491] module 'fifo_generator_v13_2_10' declared at 'c:/Users/clb20123/Documents/FO-RFSoC-4YP/2x2_files/PLEASE/PLEASE.gen/sources_1/bd/PYNQ_Design/ipshared/1443/hdl/fifo_generator_v13_2_vhsyn_rfs.vhd:38305' bound to instance 'U0' of component 'fifo_generator_v13_2_10' [c:/Users/clb20123/Documents/FO-RFSoC-4YP/2x2_files/PLEASE/PLEASE.gen/sources_1/bd/PYNQ_Design/ip/PYNQ_Design_DUT_rec_0_0/x16_bit_demod_fifo_generator_i0/synth/x16_bit_demod_fifo_generator_i0.vhd:540]
INFO: [Synth 8-256] done synthesizing module 'x16_bit_demod_fifo_generator_i0' (0#1) [c:/Users/clb20123/Documents/FO-RFSoC-4YP/2x2_files/PLEASE/PLEASE.gen/sources_1/bd/PYNQ_Design/ip/PYNQ_Design_DUT_rec_0_0/x16_bit_demod_fifo_generator_i0/synth/x16_bit_demod_fifo_generator_i0.vhd:72]
	Parameter width bound to: 1 - type: integer 
	Parameter latency bound to: 1 - type: integer 
INFO: [Synth 8-3491] module 'synth_reg' declared at 'c:/Users/clb20123/Documents/FO-RFSoC-4YP/2x2_files/PLEASE/PLEASE.gen/sources_1/bd/PYNQ_Design/ipshared/0ce8/hdl/synth_reg.vhd:20' bound to instance 'reg' of component 'synth_reg' [c:/Users/clb20123/Documents/FO-RFSoC-4YP/2x2_files/PLEASE/PLEASE.gen/sources_1/bd/PYNQ_Design/ipshared/0ce8/hdl/x16_bit_demod_entity_declarations.vhd:1232]
INFO: [Synth 8-638] synthesizing module 'synth_reg__parameterized5' [c:/Users/clb20123/Documents/FO-RFSoC-4YP/2x2_files/PLEASE/PLEASE.gen/sources_1/bd/PYNQ_Design/ipshared/0ce8/hdl/synth_reg.vhd:30]
	Parameter width bound to: 1 - type: integer 
	Parameter latency bound to: 1 - type: integer 
INFO: [Synth 8-3491] module 'srlc33e' declared at 'c:/Users/clb20123/Documents/FO-RFSoC-4YP/2x2_files/PLEASE/PLEASE.gen/sources_1/bd/PYNQ_Design/ipshared/0ce8/hdl/srl33e.vhd:22' bound to instance 'last_srlc33e' of component 'srlc33e' [c:/Users/clb20123/Documents/FO-RFSoC-4YP/2x2_files/PLEASE/PLEASE.gen/sources_1/bd/PYNQ_Design/ipshared/0ce8/hdl/synth_reg.vhd:84]
INFO: [Synth 8-638] synthesizing module 'srlc33e__parameterized5' [c:/Users/clb20123/Documents/FO-RFSoC-4YP/2x2_files/PLEASE/PLEASE.gen/sources_1/bd/PYNQ_Design/ipshared/0ce8/hdl/srl33e.vhd:31]
INFO: [Synth 8-113] binding component instance 'u2' to cell 'FDE' [c:/Users/clb20123/Documents/FO-RFSoC-4YP/2x2_files/PLEASE/PLEASE.gen/sources_1/bd/PYNQ_Design/ipshared/0ce8/hdl/srl33e.vhd:75]
INFO: [Synth 8-256] done synthesizing module 'srlc33e__parameterized5' (0#1) [c:/Users/clb20123/Documents/FO-RFSoC-4YP/2x2_files/PLEASE/PLEASE.gen/sources_1/bd/PYNQ_Design/ipshared/0ce8/hdl/srl33e.vhd:31]
INFO: [Synth 8-256] done synthesizing module 'synth_reg__parameterized5' (0#1) [c:/Users/clb20123/Documents/FO-RFSoC-4YP/2x2_files/PLEASE/PLEASE.gen/sources_1/bd/PYNQ_Design/ipshared/0ce8/hdl/synth_reg.vhd:30]
INFO: [Synth 8-256] done synthesizing module 'x16_bit_demod_xlfifogen_u' (0#1) [c:/Users/clb20123/Documents/FO-RFSoC-4YP/2x2_files/PLEASE/PLEASE.gen/sources_1/bd/PYNQ_Design/ipshared/0ce8/hdl/x16_bit_demod_entity_declarations.vhd:1110]
INFO: [Synth 8-638] synthesizing module 'sysgen_inverter_483683875b' [c:/Users/clb20123/Documents/FO-RFSoC-4YP/2x2_files/PLEASE/PLEASE.gen/sources_1/bd/PYNQ_Design/ipshared/0ce8/hdl/x16_bit_demod_entity_declarations.vhd:996]
INFO: [Synth 8-256] done synthesizing module 'sysgen_inverter_483683875b' (0#1) [c:/Users/clb20123/Documents/FO-RFSoC-4YP/2x2_files/PLEASE/PLEASE.gen/sources_1/bd/PYNQ_Design/ipshared/0ce8/hdl/x16_bit_demod_entity_declarations.vhd:996]
INFO: [Synth 8-638] synthesizing module 'x16_bit_demod_xlslice' [c:/Users/clb20123/Documents/FO-RFSoC-4YP/2x2_files/PLEASE/PLEASE.gen/sources_1/bd/PYNQ_Design/ipshared/0ce8/hdl/x16_bit_demod_entity_declarations.vhd:1055]
INFO: [Synth 8-256] done synthesizing module 'x16_bit_demod_xlslice' (0#1) [c:/Users/clb20123/Documents/FO-RFSoC-4YP/2x2_files/PLEASE/PLEASE.gen/sources_1/bd/PYNQ_Design/ipshared/0ce8/hdl/x16_bit_demod_entity_declarations.vhd:1055]
INFO: [Synth 8-638] synthesizing module 'x16_bit_demod_xlslice__parameterized0' [c:/Users/clb20123/Documents/FO-RFSoC-4YP/2x2_files/PLEASE/PLEASE.gen/sources_1/bd/PYNQ_Design/ipshared/0ce8/hdl/x16_bit_demod_entity_declarations.vhd:1055]
INFO: [Synth 8-256] done synthesizing module 'x16_bit_demod_xlslice__parameterized0' (0#1) [c:/Users/clb20123/Documents/FO-RFSoC-4YP/2x2_files/PLEASE/PLEASE.gen/sources_1/bd/PYNQ_Design/ipshared/0ce8/hdl/x16_bit_demod_entity_declarations.vhd:1055]
INFO: [Synth 8-256] done synthesizing module 'x16_bit_demod_master_fifo' (0#1) [c:/Users/clb20123/Documents/FO-RFSoC-4YP/2x2_files/PLEASE/PLEASE.gen/sources_1/bd/PYNQ_Design/ipshared/0ce8/hdl/x16_bit_demod.vhd:299]
INFO: [Synth 8-638] synthesizing module 'x16_bit_demod_slave_fifo' [c:/Users/clb20123/Documents/FO-RFSoC-4YP/2x2_files/PLEASE/PLEASE.gen/sources_1/bd/PYNQ_Design/ipshared/0ce8/hdl/x16_bit_demod.vhd:420]
INFO: [Synth 8-638] synthesizing module 'x16_bit_demod_xlfifogen_u__parameterized0' [c:/Users/clb20123/Documents/FO-RFSoC-4YP/2x2_files/PLEASE/PLEASE.gen/sources_1/bd/PYNQ_Design/ipshared/0ce8/hdl/x16_bit_demod_entity_declarations.vhd:1110]
INFO: [Synth 8-3491] module 'x16_bit_demod_fifo_generator_i1' declared at 'c:/Users/clb20123/Documents/FO-RFSoC-4YP/2x2_files/PLEASE/PLEASE.gen/sources_1/bd/PYNQ_Design/ip/PYNQ_Design_DUT_rec_0_0/x16_bit_demod_fifo_generator_i1/synth/x16_bit_demod_fifo_generator_i1.vhd:59' bound to instance 'core_instance1' of component 'x16_bit_demod_fifo_generator_i1' [c:/Users/clb20123/Documents/FO-RFSoC-4YP/2x2_files/PLEASE/PLEASE.gen/sources_1/bd/PYNQ_Design/ipshared/0ce8/hdl/x16_bit_demod_entity_declarations.vhd:1198]
INFO: [Synth 8-638] synthesizing module 'x16_bit_demod_fifo_generator_i1' [c:/Users/clb20123/Documents/FO-RFSoC-4YP/2x2_files/PLEASE/PLEASE.gen/sources_1/bd/PYNQ_Design/ip/PYNQ_Design_DUT_rec_0_0/x16_bit_demod_fifo_generator_i1/synth/x16_bit_demod_fifo_generator_i1.vhd:71]
	Parameter C_COMMON_CLOCK bound to: 1 - type: integer 
	Parameter C_SELECT_XPM bound to: 0 - type: integer 
	Parameter C_COUNT_TYPE bound to: 0 - type: integer 
	Parameter C_DATA_COUNT_WIDTH bound to: 11 - type: integer 
	Parameter C_DEFAULT_VALUE bound to: BlankString - type: string 
	Parameter C_DIN_WIDTH bound to: 17 - type: integer 
	Parameter C_DOUT_RST_VAL bound to: 0 - type: string 
	Parameter C_DOUT_WIDTH bound to: 17 - type: integer 
	Parameter C_ENABLE_RLOCS bound to: 0 - type: integer 
	Parameter C_FAMILY bound to: zynquplus - type: string 
	Parameter C_FULL_FLAGS_RST_VAL bound to: 0 - type: integer 
	Parameter C_HAS_ALMOST_EMPTY bound to: 0 - type: integer 
	Parameter C_HAS_ALMOST_FULL bound to: 0 - type: integer 
	Parameter C_HAS_BACKUP bound to: 0 - type: integer 
	Parameter C_HAS_DATA_COUNT bound to: 0 - type: integer 
	Parameter C_HAS_INT_CLK bound to: 0 - type: integer 
	Parameter C_HAS_MEMINIT_FILE bound to: 0 - type: integer 
	Parameter C_HAS_OVERFLOW bound to: 0 - type: integer 
	Parameter C_HAS_RD_DATA_COUNT bound to: 0 - type: integer 
	Parameter C_HAS_RD_RST bound to: 0 - type: integer 
	Parameter C_HAS_RST bound to: 0 - type: integer 
	Parameter C_HAS_SRST bound to: 0 - type: integer 
	Parameter C_HAS_UNDERFLOW bound to: 0 - type: integer 
	Parameter C_HAS_VALID bound to: 0 - type: integer 
	Parameter C_HAS_WR_ACK bound to: 0 - type: integer 
	Parameter C_HAS_WR_DATA_COUNT bound to: 0 - type: integer 
	Parameter C_HAS_WR_RST bound to: 0 - type: integer 
	Parameter C_IMPLEMENTATION_TYPE bound to: 0 - type: integer 
	Parameter C_INIT_WR_PNTR_VAL bound to: 0 - type: integer 
	Parameter C_MEMORY_TYPE bound to: 1 - type: integer 
	Parameter C_MIF_FILE_NAME bound to: BlankString - type: string 
	Parameter C_OPTIMIZATION_MODE bound to: 0 - type: integer 
	Parameter C_OVERFLOW_LOW bound to: 0 - type: integer 
	Parameter C_PRELOAD_LATENCY bound to: 0 - type: integer 
	Parameter C_PRELOAD_REGS bound to: 1 - type: integer 
	Parameter C_PRIM_FIFO_TYPE bound to: 1kx18 - type: string 
	Parameter C_PROG_EMPTY_THRESH_ASSERT_VAL bound to: 4 - type: integer 
	Parameter C_PROG_EMPTY_THRESH_NEGATE_VAL bound to: 5 - type: integer 
	Parameter C_PROG_EMPTY_TYPE bound to: 0 - type: integer 
	Parameter C_PROG_FULL_THRESH_ASSERT_VAL bound to: 1023 - type: integer 
	Parameter C_PROG_FULL_THRESH_NEGATE_VAL bound to: 1022 - type: integer 
	Parameter C_PROG_FULL_TYPE bound to: 0 - type: integer 
	Parameter C_RD_DATA_COUNT_WIDTH bound to: 11 - type: integer 
	Parameter C_RD_DEPTH bound to: 1024 - type: integer 
	Parameter C_RD_FREQ bound to: 1 - type: integer 
	Parameter C_RD_PNTR_WIDTH bound to: 10 - type: integer 
	Parameter C_UNDERFLOW_LOW bound to: 0 - type: integer 
	Parameter C_USE_DOUT_RST bound to: 0 - type: integer 
	Parameter C_USE_ECC bound to: 0 - type: integer 
	Parameter C_USE_EMBEDDED_REG bound to: 0 - type: integer 
	Parameter C_USE_PIPELINE_REG bound to: 0 - type: integer 
	Parameter C_POWER_SAVING_MODE bound to: 0 - type: integer 
	Parameter C_USE_FIFO16_FLAGS bound to: 0 - type: integer 
	Parameter C_USE_FWFT_DATA_COUNT bound to: 1 - type: integer 
	Parameter C_VALID_LOW bound to: 0 - type: integer 
	Parameter C_WR_ACK_LOW bound to: 0 - type: integer 
	Parameter C_WR_DATA_COUNT_WIDTH bound to: 11 - type: integer 
	Parameter C_WR_DEPTH bound to: 1024 - type: integer 
	Parameter C_WR_FREQ bound to: 1 - type: integer 
	Parameter C_WR_PNTR_WIDTH bound to: 10 - type: integer 
	Parameter C_WR_RESPONSE_LATENCY bound to: 1 - type: integer 
	Parameter C_MSGON_VAL bound to: 1 - type: integer 
	Parameter C_ENABLE_RST_SYNC bound to: 1 - type: integer 
	Parameter C_EN_SAFETY_CKT bound to: 0 - type: integer 
	Parameter C_ERROR_INJECTION_TYPE bound to: 0 - type: integer 
	Parameter C_SYNCHRONIZER_STAGE bound to: 2 - type: integer 
	Parameter C_INTERFACE_TYPE bound to: 0 - type: integer 
	Parameter C_AXI_TYPE bound to: 1 - type: integer 
	Parameter C_HAS_AXI_WR_CHANNEL bound to: 1 - type: integer 
	Parameter C_HAS_AXI_RD_CHANNEL bound to: 1 - type: integer 
	Parameter C_HAS_SLAVE_CE bound to: 0 - type: integer 
	Parameter C_HAS_MASTER_CE bound to: 0 - type: integer 
	Parameter C_ADD_NGC_CONSTRAINT bound to: 0 - type: integer 
	Parameter C_USE_COMMON_OVERFLOW bound to: 0 - type: integer 
	Parameter C_USE_COMMON_UNDERFLOW bound to: 0 - type: integer 
	Parameter C_USE_DEFAULT_SETTINGS bound to: 0 - type: integer 
	Parameter C_AXI_ID_WIDTH bound to: 1 - type: integer 
	Parameter C_AXI_ADDR_WIDTH bound to: 32 - type: integer 
	Parameter C_AXI_DATA_WIDTH bound to: 64 - type: integer 
	Parameter C_AXI_LEN_WIDTH bound to: 8 - type: integer 
	Parameter C_AXI_LOCK_WIDTH bound to: 1 - type: integer 
	Parameter C_HAS_AXI_ID bound to: 0 - type: integer 
	Parameter C_HAS_AXI_AWUSER bound to: 0 - type: integer 
	Parameter C_HAS_AXI_WUSER bound to: 0 - type: integer 
	Parameter C_HAS_AXI_BUSER bound to: 0 - type: integer 
	Parameter C_HAS_AXI_ARUSER bound to: 0 - type: integer 
	Parameter C_HAS_AXI_RUSER bound to: 0 - type: integer 
	Parameter C_AXI_ARUSER_WIDTH bound to: 1 - type: integer 
	Parameter C_AXI_AWUSER_WIDTH bound to: 1 - type: integer 
	Parameter C_AXI_WUSER_WIDTH bound to: 1 - type: integer 
	Parameter C_AXI_BUSER_WIDTH bound to: 1 - type: integer 
	Parameter C_AXI_RUSER_WIDTH bound to: 1 - type: integer 
	Parameter C_HAS_AXIS_TDATA bound to: 1 - type: integer 
	Parameter C_HAS_AXIS_TID bound to: 0 - type: integer 
	Parameter C_HAS_AXIS_TDEST bound to: 0 - type: integer 
	Parameter C_HAS_AXIS_TUSER bound to: 1 - type: integer 
	Parameter C_HAS_AXIS_TREADY bound to: 1 - type: integer 
	Parameter C_HAS_AXIS_TLAST bound to: 0 - type: integer 
	Parameter C_HAS_AXIS_TSTRB bound to: 0 - type: integer 
	Parameter C_HAS_AXIS_TKEEP bound to: 0 - type: integer 
	Parameter C_AXIS_TDATA_WIDTH bound to: 8 - type: integer 
	Parameter C_AXIS_TID_WIDTH bound to: 1 - type: integer 
	Parameter C_AXIS_TDEST_WIDTH bound to: 1 - type: integer 
	Parameter C_AXIS_TUSER_WIDTH bound to: 4 - type: integer 
	Parameter C_AXIS_TSTRB_WIDTH bound to: 1 - type: integer 
	Parameter C_AXIS_TKEEP_WIDTH bound to: 1 - type: integer 
	Parameter C_WACH_TYPE bound to: 0 - type: integer 
	Parameter C_WDCH_TYPE bound to: 0 - type: integer 
	Parameter C_WRCH_TYPE bound to: 0 - type: integer 
	Parameter C_RACH_TYPE bound to: 0 - type: integer 
	Parameter C_RDCH_TYPE bound to: 0 - type: integer 
	Parameter C_AXIS_TYPE bound to: 0 - type: integer 
	Parameter C_IMPLEMENTATION_TYPE_WACH bound to: 1 - type: integer 
	Parameter C_IMPLEMENTATION_TYPE_WDCH bound to: 1 - type: integer 
	Parameter C_IMPLEMENTATION_TYPE_WRCH bound to: 1 - type: integer 
	Parameter C_IMPLEMENTATION_TYPE_RACH bound to: 1 - type: integer 
	Parameter C_IMPLEMENTATION_TYPE_RDCH bound to: 1 - type: integer 
	Parameter C_IMPLEMENTATION_TYPE_AXIS bound to: 1 - type: integer 
	Parameter C_APPLICATION_TYPE_WACH bound to: 0 - type: integer 
	Parameter C_APPLICATION_TYPE_WDCH bound to: 0 - type: integer 
	Parameter C_APPLICATION_TYPE_WRCH bound to: 0 - type: integer 
	Parameter C_APPLICATION_TYPE_RACH bound to: 0 - type: integer 
	Parameter C_APPLICATION_TYPE_RDCH bound to: 0 - type: integer 
	Parameter C_APPLICATION_TYPE_AXIS bound to: 0 - type: integer 
	Parameter C_PRIM_FIFO_TYPE_WACH bound to: 512x36 - type: string 
	Parameter C_PRIM_FIFO_TYPE_WDCH bound to: 512x72 - type: string 
	Parameter C_PRIM_FIFO_TYPE_WRCH bound to: 512x36 - type: string 
	Parameter C_PRIM_FIFO_TYPE_RACH bound to: 512x36 - type: string 
	Parameter C_PRIM_FIFO_TYPE_RDCH bound to: 512x72 - type: string 
	Parameter C_PRIM_FIFO_TYPE_AXIS bound to: 1kx18 - type: string 
	Parameter C_USE_ECC_WACH bound to: 0 - type: integer 
	Parameter C_USE_ECC_WDCH bound to: 0 - type: integer 
	Parameter C_USE_ECC_WRCH bound to: 0 - type: integer 
	Parameter C_USE_ECC_RACH bound to: 0 - type: integer 
	Parameter C_USE_ECC_RDCH bound to: 0 - type: integer 
	Parameter C_USE_ECC_AXIS bound to: 0 - type: integer 
	Parameter C_ERROR_INJECTION_TYPE_WACH bound to: 0 - type: integer 
	Parameter C_ERROR_INJECTION_TYPE_WDCH bound to: 0 - type: integer 
	Parameter C_ERROR_INJECTION_TYPE_WRCH bound to: 0 - type: integer 
	Parameter C_ERROR_INJECTION_TYPE_RACH bound to: 0 - type: integer 
	Parameter C_ERROR_INJECTION_TYPE_RDCH bound to: 0 - type: integer 
	Parameter C_ERROR_INJECTION_TYPE_AXIS bound to: 0 - type: integer 
	Parameter C_DIN_WIDTH_WACH bound to: 1 - type: integer 
	Parameter C_DIN_WIDTH_WDCH bound to: 64 - type: integer 
	Parameter C_DIN_WIDTH_WRCH bound to: 2 - type: integer 
	Parameter C_DIN_WIDTH_RACH bound to: 32 - type: integer 
	Parameter C_DIN_WIDTH_RDCH bound to: 64 - type: integer 
	Parameter C_DIN_WIDTH_AXIS bound to: 1 - type: integer 
	Parameter C_WR_DEPTH_WACH bound to: 16 - type: integer 
	Parameter C_WR_DEPTH_WDCH bound to: 1024 - type: integer 
	Parameter C_WR_DEPTH_WRCH bound to: 16 - type: integer 
	Parameter C_WR_DEPTH_RACH bound to: 16 - type: integer 
	Parameter C_WR_DEPTH_RDCH bound to: 1024 - type: integer 
	Parameter C_WR_DEPTH_AXIS bound to: 1024 - type: integer 
	Parameter C_WR_PNTR_WIDTH_WACH bound to: 4 - type: integer 
	Parameter C_WR_PNTR_WIDTH_WDCH bound to: 10 - type: integer 
	Parameter C_WR_PNTR_WIDTH_WRCH bound to: 4 - type: integer 
	Parameter C_WR_PNTR_WIDTH_RACH bound to: 4 - type: integer 
	Parameter C_WR_PNTR_WIDTH_RDCH bound to: 10 - type: integer 
	Parameter C_WR_PNTR_WIDTH_AXIS bound to: 10 - type: integer 
	Parameter C_HAS_DATA_COUNTS_WACH bound to: 0 - type: integer 
	Parameter C_HAS_DATA_COUNTS_WDCH bound to: 0 - type: integer 
	Parameter C_HAS_DATA_COUNTS_WRCH bound to: 0 - type: integer 
	Parameter C_HAS_DATA_COUNTS_RACH bound to: 0 - type: integer 
	Parameter C_HAS_DATA_COUNTS_RDCH bound to: 0 - type: integer 
	Parameter C_HAS_DATA_COUNTS_AXIS bound to: 0 - type: integer 
	Parameter C_HAS_PROG_FLAGS_WACH bound to: 0 - type: integer 
	Parameter C_HAS_PROG_FLAGS_WDCH bound to: 0 - type: integer 
	Parameter C_HAS_PROG_FLAGS_WRCH bound to: 0 - type: integer 
	Parameter C_HAS_PROG_FLAGS_RACH bound to: 0 - type: integer 
	Parameter C_HAS_PROG_FLAGS_RDCH bound to: 0 - type: integer 
	Parameter C_HAS_PROG_FLAGS_AXIS bound to: 0 - type: integer 
	Parameter C_PROG_FULL_TYPE_WACH bound to: 0 - type: integer 
	Parameter C_PROG_FULL_TYPE_WDCH bound to: 0 - type: integer 
	Parameter C_PROG_FULL_TYPE_WRCH bound to: 0 - type: integer 
	Parameter C_PROG_FULL_TYPE_RACH bound to: 0 - type: integer 
	Parameter C_PROG_FULL_TYPE_RDCH bound to: 0 - type: integer 
	Parameter C_PROG_FULL_TYPE_AXIS bound to: 0 - type: integer 
	Parameter C_PROG_FULL_THRESH_ASSERT_VAL_WACH bound to: 1023 - type: integer 
	Parameter C_PROG_FULL_THRESH_ASSERT_VAL_WDCH bound to: 1023 - type: integer 
	Parameter C_PROG_FULL_THRESH_ASSERT_VAL_WRCH bound to: 1023 - type: integer 
	Parameter C_PROG_FULL_THRESH_ASSERT_VAL_RACH bound to: 1023 - type: integer 
	Parameter C_PROG_FULL_THRESH_ASSERT_VAL_RDCH bound to: 1023 - type: integer 
	Parameter C_PROG_FULL_THRESH_ASSERT_VAL_AXIS bound to: 1023 - type: integer 
	Parameter C_PROG_EMPTY_TYPE_WACH bound to: 0 - type: integer 
	Parameter C_PROG_EMPTY_TYPE_WDCH bound to: 0 - type: integer 
	Parameter C_PROG_EMPTY_TYPE_WRCH bound to: 0 - type: integer 
	Parameter C_PROG_EMPTY_TYPE_RACH bound to: 0 - type: integer 
	Parameter C_PROG_EMPTY_TYPE_RDCH bound to: 0 - type: integer 
	Parameter C_PROG_EMPTY_TYPE_AXIS bound to: 0 - type: integer 
	Parameter C_PROG_EMPTY_THRESH_ASSERT_VAL_WACH bound to: 1022 - type: integer 
	Parameter C_PROG_EMPTY_THRESH_ASSERT_VAL_WDCH bound to: 1022 - type: integer 
	Parameter C_PROG_EMPTY_THRESH_ASSERT_VAL_WRCH bound to: 1022 - type: integer 
	Parameter C_PROG_EMPTY_THRESH_ASSERT_VAL_RACH bound to: 1022 - type: integer 
	Parameter C_PROG_EMPTY_THRESH_ASSERT_VAL_RDCH bound to: 1022 - type: integer 
	Parameter C_PROG_EMPTY_THRESH_ASSERT_VAL_AXIS bound to: 1022 - type: integer 
	Parameter C_REG_SLICE_MODE_WACH bound to: 0 - type: integer 
	Parameter C_REG_SLICE_MODE_WDCH bound to: 0 - type: integer 
	Parameter C_REG_SLICE_MODE_WRCH bound to: 0 - type: integer 
	Parameter C_REG_SLICE_MODE_RACH bound to: 0 - type: integer 
	Parameter C_REG_SLICE_MODE_RDCH bound to: 0 - type: integer 
	Parameter C_REG_SLICE_MODE_AXIS bound to: 0 - type: integer 
INFO: [Synth 8-3491] module 'fifo_generator_v13_2_10' declared at 'c:/Users/clb20123/Documents/FO-RFSoC-4YP/2x2_files/PLEASE/PLEASE.gen/sources_1/bd/PYNQ_Design/ipshared/1443/hdl/fifo_generator_v13_2_vhsyn_rfs.vhd:38305' bound to instance 'U0' of component 'fifo_generator_v13_2_10' [c:/Users/clb20123/Documents/FO-RFSoC-4YP/2x2_files/PLEASE/PLEASE.gen/sources_1/bd/PYNQ_Design/ip/PYNQ_Design_DUT_rec_0_0/x16_bit_demod_fifo_generator_i1/synth/x16_bit_demod_fifo_generator_i1.vhd:539]
INFO: [Synth 8-256] done synthesizing module 'x16_bit_demod_fifo_generator_i1' (0#1) [c:/Users/clb20123/Documents/FO-RFSoC-4YP/2x2_files/PLEASE/PLEASE.gen/sources_1/bd/PYNQ_Design/ip/PYNQ_Design_DUT_rec_0_0/x16_bit_demod_fifo_generator_i1/synth/x16_bit_demod_fifo_generator_i1.vhd:71]
	Parameter width bound to: 1 - type: integer 
	Parameter latency bound to: 1 - type: integer 
INFO: [Synth 8-3491] module 'synth_reg' declared at 'c:/Users/clb20123/Documents/FO-RFSoC-4YP/2x2_files/PLEASE/PLEASE.gen/sources_1/bd/PYNQ_Design/ipshared/0ce8/hdl/synth_reg.vhd:20' bound to instance 'reg' of component 'synth_reg' [c:/Users/clb20123/Documents/FO-RFSoC-4YP/2x2_files/PLEASE/PLEASE.gen/sources_1/bd/PYNQ_Design/ipshared/0ce8/hdl/x16_bit_demod_entity_declarations.vhd:1232]
INFO: [Synth 8-256] done synthesizing module 'x16_bit_demod_xlfifogen_u__parameterized0' (0#1) [c:/Users/clb20123/Documents/FO-RFSoC-4YP/2x2_files/PLEASE/PLEASE.gen/sources_1/bd/PYNQ_Design/ipshared/0ce8/hdl/x16_bit_demod_entity_declarations.vhd:1110]
INFO: [Synth 8-256] done synthesizing module 'x16_bit_demod_slave_fifo' (0#1) [c:/Users/clb20123/Documents/FO-RFSoC-4YP/2x2_files/PLEASE/PLEASE.gen/sources_1/bd/PYNQ_Design/ipshared/0ce8/hdl/x16_bit_demod.vhd:420]
INFO: [Synth 8-256] done synthesizing module 'x16_bit_demod_struct' (0#1) [c:/Users/clb20123/Documents/FO-RFSoC-4YP/2x2_files/PLEASE/PLEASE.gen/sources_1/bd/PYNQ_Design/ipshared/0ce8/hdl/x16_bit_demod.vhd:550]
INFO: [Synth 8-256] done synthesizing module 'x16_bit_demod' (0#1) [c:/Users/clb20123/Documents/FO-RFSoC-4YP/2x2_files/PLEASE/PLEASE.gen/sources_1/bd/PYNQ_Design/ipshared/0ce8/hdl/x16_bit_demod.vhd:680]
INFO: [Synth 8-256] done synthesizing module 'PYNQ_Design_DUT_rec_0_0' (0#1) [c:/Users/clb20123/Documents/FO-RFSoC-4YP/2x2_files/PLEASE/PLEASE.gen/sources_1/bd/PYNQ_Design/ip/PYNQ_Design_DUT_rec_0_0/synth/PYNQ_Design_DUT_rec_0_0.vhd:74]
WARNING: [Synth 8-5640] Port 'axi_dma_tstvec' is missing in component declaration [c:/Users/clb20123/Documents/FO-RFSoC-4YP/2x2_files/PLEASE/PLEASE.gen/sources_1/bd/PYNQ_Design/synth/PYNQ_Design.vhd:146]
INFO: [Synth 8-3491] module 'PYNQ_Design_axi_dma_0_0' declared at 'c:/Users/clb20123/Documents/FO-RFSoC-4YP/2x2_files/PLEASE/PLEASE.gen/sources_1/bd/PYNQ_Design/ip/PYNQ_Design_axi_dma_0_0/synth/PYNQ_Design_axi_dma_0_0.vhd:59' bound to instance 'axi_dma_rx' of component 'PYNQ_Design_axi_dma_0_0' [c:/Users/clb20123/Documents/FO-RFSoC-4YP/2x2_files/PLEASE/PLEASE.gen/sources_1/bd/PYNQ_Design/synth/PYNQ_Design.vhd:354]
INFO: [Synth 8-638] synthesizing module 'PYNQ_Design_axi_dma_0_0' [c:/Users/clb20123/Documents/FO-RFSoC-4YP/2x2_files/PLEASE/PLEASE.gen/sources_1/bd/PYNQ_Design/ip/PYNQ_Design_axi_dma_0_0/synth/PYNQ_Design_axi_dma_0_0.vhd:107]
	Parameter C_S_AXI_LITE_ADDR_WIDTH bound to: 10 - type: integer 
	Parameter C_S_AXI_LITE_DATA_WIDTH bound to: 32 - type: integer 
	Parameter C_DLYTMR_RESOLUTION bound to: 125 - type: integer 
	Parameter C_PRMRY_IS_ACLK_ASYNC bound to: 0 - type: integer 
	Parameter C_ENABLE_MULTI_CHANNEL bound to: 0 - type: integer 
	Parameter C_NUM_MM2S_CHANNELS bound to: 1 - type: integer 
	Parameter C_NUM_S2MM_CHANNELS bound to: 1 - type: integer 
	Parameter C_INCLUDE_SG bound to: 0 - type: integer 
	Parameter C_SG_INCLUDE_STSCNTRL_STRM bound to: 0 - type: integer 
	Parameter C_SG_USE_STSAPP_LENGTH bound to: 0 - type: integer 
	Parameter C_SG_LENGTH_WIDTH bound to: 26 - type: integer 
	Parameter C_M_AXI_SG_ADDR_WIDTH bound to: 64 - type: integer 
	Parameter C_M_AXI_SG_DATA_WIDTH bound to: 32 - type: integer 
	Parameter C_M_AXIS_MM2S_CNTRL_TDATA_WIDTH bound to: 32 - type: integer 
	Parameter C_S_AXIS_S2MM_STS_TDATA_WIDTH bound to: 32 - type: integer 
	Parameter C_MICRO_DMA bound to: 0 - type: integer 
	Parameter C_INCLUDE_MM2S bound to: 0 - type: integer 
	Parameter C_INCLUDE_MM2S_SF bound to: 1 - type: integer 
	Parameter C_MM2S_BURST_SIZE bound to: 16 - type: integer 
	Parameter C_M_AXI_MM2S_ADDR_WIDTH bound to: 64 - type: integer 
	Parameter C_M_AXI_MM2S_DATA_WIDTH bound to: 32 - type: integer 
	Parameter C_M_AXIS_MM2S_TDATA_WIDTH bound to: 32 - type: integer 
	Parameter C_INCLUDE_MM2S_DRE bound to: 0 - type: integer 
	Parameter C_INCLUDE_S2MM bound to: 1 - type: integer 
	Parameter C_INCLUDE_S2MM_SF bound to: 1 - type: integer 
	Parameter C_S2MM_BURST_SIZE bound to: 256 - type: integer 
	Parameter C_M_AXI_S2MM_ADDR_WIDTH bound to: 64 - type: integer 
	Parameter C_M_AXI_S2MM_DATA_WIDTH bound to: 128 - type: integer 
	Parameter C_S_AXIS_S2MM_TDATA_WIDTH bound to: 16 - type: integer 
	Parameter C_INCLUDE_S2MM_DRE bound to: 0 - type: integer 
	Parameter C_INCREASE_THROUGHPUT bound to: 0 - type: integer 
	Parameter C_FAMILY bound to: zynquplus - type: string 
INFO: [Synth 8-3491] module 'axi_dma' declared at 'c:/Users/clb20123/Documents/FO-RFSoC-4YP/2x2_files/PLEASE/PLEASE.gen/sources_1/bd/PYNQ_Design/ipshared/8830/hdl/axi_dma_v7_1_vh_rfs.vhd:21804' bound to instance 'U0' of component 'axi_dma' [c:/Users/clb20123/Documents/FO-RFSoC-4YP/2x2_files/PLEASE/PLEASE.gen/sources_1/bd/PYNQ_Design/ip/PYNQ_Design_axi_dma_0_0/synth/PYNQ_Design_axi_dma_0_0.vhd:327]
INFO: [Synth 8-638] synthesizing module 'axi_dma' [c:/Users/clb20123/Documents/FO-RFSoC-4YP/2x2_files/PLEASE/PLEASE.gen/sources_1/bd/PYNQ_Design/ipshared/8830/hdl/axi_dma_v7_1_vh_rfs.vhd:22149]
INFO: [Synth 8-638] synthesizing module 'axi_dma_rst_module' [c:/Users/clb20123/Documents/FO-RFSoC-4YP/2x2_files/PLEASE/PLEASE.gen/sources_1/bd/PYNQ_Design/ipshared/8830/hdl/axi_dma_v7_1_vh_rfs.vhd:1592]
INFO: [Synth 8-638] synthesizing module 'cdc_sync' [c:/Users/clb20123/Documents/FO-RFSoC-4YP/2x2_files/PLEASE/PLEASE.gen/sources_1/bd/PYNQ_Design/ipshared/2a4f/hdl/lib_cdc_v1_0_rfs.vhd:106]
	Parameter INIT bound to: 1'b0 
INFO: [Synth 8-113] binding component instance 'CROSS_PLEVEL_IN2SCNDRY_IN_cdc_to' to cell 'FDR' [c:/Users/clb20123/Documents/FO-RFSoC-4YP/2x2_files/PLEASE/PLEASE.gen/sources_1/bd/PYNQ_Design/ipshared/2a4f/hdl/lib_cdc_v1_0_rfs.vhd:514]
	Parameter INIT bound to: 1'b0 
INFO: [Synth 8-113] binding component instance 'CROSS_PLEVEL_IN2SCNDRY_s_level_out_d2' to cell 'FDR' [c:/Users/clb20123/Documents/FO-RFSoC-4YP/2x2_files/PLEASE/PLEASE.gen/sources_1/bd/PYNQ_Design/ipshared/2a4f/hdl/lib_cdc_v1_0_rfs.vhd:545]
	Parameter INIT bound to: 1'b0 
INFO: [Synth 8-113] binding component instance 'CROSS_PLEVEL_IN2SCNDRY_s_level_out_d3' to cell 'FDR' [c:/Users/clb20123/Documents/FO-RFSoC-4YP/2x2_files/PLEASE/PLEASE.gen/sources_1/bd/PYNQ_Design/ipshared/2a4f/hdl/lib_cdc_v1_0_rfs.vhd:554]
	Parameter INIT bound to: 1'b0 
INFO: [Synth 8-113] binding component instance 'CROSS_PLEVEL_IN2SCNDRY_s_level_out_d4' to cell 'FDR' [c:/Users/clb20123/Documents/FO-RFSoC-4YP/2x2_files/PLEASE/PLEASE.gen/sources_1/bd/PYNQ_Design/ipshared/2a4f/hdl/lib_cdc_v1_0_rfs.vhd:564]
	Parameter INIT bound to: 1'b0 
INFO: [Synth 8-113] binding component instance 'CROSS_PLEVEL_IN2SCNDRY_s_level_out_d5' to cell 'FDR' [c:/Users/clb20123/Documents/FO-RFSoC-4YP/2x2_files/PLEASE/PLEASE.gen/sources_1/bd/PYNQ_Design/ipshared/2a4f/hdl/lib_cdc_v1_0_rfs.vhd:574]
	Parameter INIT bound to: 1'b0 
INFO: [Synth 8-113] binding component instance 'CROSS_PLEVEL_IN2SCNDRY_s_level_out_d6' to cell 'FDR' [c:/Users/clb20123/Documents/FO-RFSoC-4YP/2x2_files/PLEASE/PLEASE.gen/sources_1/bd/PYNQ_Design/ipshared/2a4f/hdl/lib_cdc_v1_0_rfs.vhd:584]
INFO: [Synth 8-256] done synthesizing module 'cdc_sync' (0#1) [c:/Users/clb20123/Documents/FO-RFSoC-4YP/2x2_files/PLEASE/PLEASE.gen/sources_1/bd/PYNQ_Design/ipshared/2a4f/hdl/lib_cdc_v1_0_rfs.vhd:106]
INFO: [Synth 8-638] synthesizing module 'axi_dma_reset' [c:/Users/clb20123/Documents/FO-RFSoC-4YP/2x2_files/PLEASE/PLEASE.gen/sources_1/bd/PYNQ_Design/ipshared/8830/hdl/axi_dma_v7_1_vh_rfs.vhd:601]
INFO: [Synth 8-256] done synthesizing module 'axi_dma_reset' (0#1) [c:/Users/clb20123/Documents/FO-RFSoC-4YP/2x2_files/PLEASE/PLEASE.gen/sources_1/bd/PYNQ_Design/ipshared/8830/hdl/axi_dma_v7_1_vh_rfs.vhd:601]
INFO: [Synth 8-256] done synthesizing module 'axi_dma_rst_module' (0#1) [c:/Users/clb20123/Documents/FO-RFSoC-4YP/2x2_files/PLEASE/PLEASE.gen/sources_1/bd/PYNQ_Design/ipshared/8830/hdl/axi_dma_v7_1_vh_rfs.vhd:1592]
INFO: [Synth 8-638] synthesizing module 'axi_dma_reg_module' [c:/Users/clb20123/Documents/FO-RFSoC-4YP/2x2_files/PLEASE/PLEASE.gen/sources_1/bd/PYNQ_Design/ipshared/8830/hdl/axi_dma_v7_1_vh_rfs.vhd:8426]
INFO: [Synth 8-638] synthesizing module 'axi_dma_lite_if' [c:/Users/clb20123/Documents/FO-RFSoC-4YP/2x2_files/PLEASE/PLEASE.gen/sources_1/bd/PYNQ_Design/ipshared/8830/hdl/axi_dma_v7_1_vh_rfs.vhd:2057]
INFO: [Synth 8-256] done synthesizing module 'axi_dma_lite_if' (0#1) [c:/Users/clb20123/Documents/FO-RFSoC-4YP/2x2_files/PLEASE/PLEASE.gen/sources_1/bd/PYNQ_Design/ipshared/8830/hdl/axi_dma_v7_1_vh_rfs.vhd:2057]
INFO: [Synth 8-638] synthesizing module 'axi_dma_register_s2mm' [c:/Users/clb20123/Documents/FO-RFSoC-4YP/2x2_files/PLEASE/PLEASE.gen/sources_1/bd/PYNQ_Design/ipshared/8830/hdl/axi_dma_v7_1_vh_rfs.vhd:4844]
INFO: [Synth 8-256] done synthesizing module 'axi_dma_register_s2mm' (0#1) [c:/Users/clb20123/Documents/FO-RFSoC-4YP/2x2_files/PLEASE/PLEASE.gen/sources_1/bd/PYNQ_Design/ipshared/8830/hdl/axi_dma_v7_1_vh_rfs.vhd:4844]
INFO: [Synth 8-256] done synthesizing module 'axi_dma_reg_module' (0#1) [c:/Users/clb20123/Documents/FO-RFSoC-4YP/2x2_files/PLEASE/PLEASE.gen/sources_1/bd/PYNQ_Design/ipshared/8830/hdl/axi_dma_v7_1_vh_rfs.vhd:8426]
INFO: [Synth 8-638] synthesizing module 'axi_dma_s2mm_mngr' [c:/Users/clb20123/Documents/FO-RFSoC-4YP/2x2_files/PLEASE/PLEASE.gen/sources_1/bd/PYNQ_Design/ipshared/8830/hdl/axi_dma_v7_1_vh_rfs.vhd:20537]
INFO: [Synth 8-638] synthesizing module 'axi_dma_smple_sm' [c:/Users/clb20123/Documents/FO-RFSoC-4YP/2x2_files/PLEASE/PLEASE.gen/sources_1/bd/PYNQ_Design/ipshared/8830/hdl/axi_dma_v7_1_vh_rfs.vhd:11957]
INFO: [Synth 8-256] done synthesizing module 'axi_dma_smple_sm' (0#1) [c:/Users/clb20123/Documents/FO-RFSoC-4YP/2x2_files/PLEASE/PLEASE.gen/sources_1/bd/PYNQ_Design/ipshared/8830/hdl/axi_dma_v7_1_vh_rfs.vhd:11957]
INFO: [Synth 8-638] synthesizing module 'axi_dma_s2mm_cmdsts_if' [c:/Users/clb20123/Documents/FO-RFSoC-4YP/2x2_files/PLEASE/PLEASE.gen/sources_1/bd/PYNQ_Design/ipshared/8830/hdl/axi_dma_v7_1_vh_rfs.vhd:18804]
INFO: [Synth 8-256] done synthesizing module 'axi_dma_s2mm_cmdsts_if' (0#1) [c:/Users/clb20123/Documents/FO-RFSoC-4YP/2x2_files/PLEASE/PLEASE.gen/sources_1/bd/PYNQ_Design/ipshared/8830/hdl/axi_dma_v7_1_vh_rfs.vhd:18804]
INFO: [Synth 8-638] synthesizing module 'axi_dma_s2mm_sts_mngr' [c:/Users/clb20123/Documents/FO-RFSoC-4YP/2x2_files/PLEASE/PLEASE.gen/sources_1/bd/PYNQ_Design/ipshared/8830/hdl/axi_dma_v7_1_vh_rfs.vhd:19233]
INFO: [Synth 8-256] done synthesizing module 'axi_dma_s2mm_sts_mngr' (0#1) [c:/Users/clb20123/Documents/FO-RFSoC-4YP/2x2_files/PLEASE/PLEASE.gen/sources_1/bd/PYNQ_Design/ipshared/8830/hdl/axi_dma_v7_1_vh_rfs.vhd:19233]
INFO: [Synth 8-256] done synthesizing module 'axi_dma_s2mm_mngr' (0#1) [c:/Users/clb20123/Documents/FO-RFSoC-4YP/2x2_files/PLEASE/PLEASE.gen/sources_1/bd/PYNQ_Design/ipshared/8830/hdl/axi_dma_v7_1_vh_rfs.vhd:20537]
INFO: [Synth 8-638] synthesizing module 'axi_dma_sofeof_gen' [c:/Users/clb20123/Documents/FO-RFSoC-4YP/2x2_files/PLEASE/PLEASE.gen/sources_1/bd/PYNQ_Design/ipshared/8830/hdl/axi_dma_v7_1_vh_rfs.vhd:11427]
INFO: [Synth 8-256] done synthesizing module 'axi_dma_sofeof_gen' (0#1) [c:/Users/clb20123/Documents/FO-RFSoC-4YP/2x2_files/PLEASE/PLEASE.gen/sources_1/bd/PYNQ_Design/ipshared/8830/hdl/axi_dma_v7_1_vh_rfs.vhd:11427]
INFO: [Synth 8-638] synthesizing module 'axi_datamover' [c:/Users/clb20123/Documents/FO-RFSoC-4YP/2x2_files/PLEASE/PLEASE.gen/sources_1/bd/PYNQ_Design/ipshared/bf20/hdl/axi_datamover_v5_1_vh_rfs.vhd:55201]
INFO: [Synth 8-638] synthesizing module 'axi_datamover_mm2s_omit_wrap' [c:/Users/clb20123/Documents/FO-RFSoC-4YP/2x2_files/PLEASE/PLEASE.gen/sources_1/bd/PYNQ_Design/ipshared/bf20/hdl/axi_datamover_v5_1_vh_rfs.vhd:52983]
INFO: [Synth 8-256] done synthesizing module 'axi_datamover_mm2s_omit_wrap' (0#1) [c:/Users/clb20123/Documents/FO-RFSoC-4YP/2x2_files/PLEASE/PLEASE.gen/sources_1/bd/PYNQ_Design/ipshared/bf20/hdl/axi_datamover_v5_1_vh_rfs.vhd:52983]
INFO: [Synth 8-638] synthesizing module 'axi_datamover_s2mm_full_wrap' [c:/Users/clb20123/Documents/FO-RFSoC-4YP/2x2_files/PLEASE/PLEASE.gen/sources_1/bd/PYNQ_Design/ipshared/bf20/hdl/axi_datamover_v5_1_vh_rfs.vhd:49783]
INFO: [Synth 8-638] synthesizing module 'axi_datamover_reset' [c:/Users/clb20123/Documents/FO-RFSoC-4YP/2x2_files/PLEASE/PLEASE.gen/sources_1/bd/PYNQ_Design/ipshared/bf20/hdl/axi_datamover_v5_1_vh_rfs.vhd:147]
INFO: [Synth 8-256] done synthesizing module 'axi_datamover_reset' (0#1) [c:/Users/clb20123/Documents/FO-RFSoC-4YP/2x2_files/PLEASE/PLEASE.gen/sources_1/bd/PYNQ_Design/ipshared/bf20/hdl/axi_datamover_v5_1_vh_rfs.vhd:147]
INFO: [Synth 8-638] synthesizing module 'axi_datamover_cmd_status' [c:/Users/clb20123/Documents/FO-RFSoC-4YP/2x2_files/PLEASE/PLEASE.gen/sources_1/bd/PYNQ_Design/ipshared/bf20/hdl/axi_datamover_v5_1_vh_rfs.vhd:2665]
INFO: [Synth 8-638] synthesizing module 'axi_datamover_fifo' [c:/Users/clb20123/Documents/FO-RFSoC-4YP/2x2_files/PLEASE/PLEASE.gen/sources_1/bd/PYNQ_Design/ipshared/bf20/hdl/axi_datamover_v5_1_vh_rfs.vhd:1859]
INFO: [Synth 8-256] done synthesizing module 'axi_datamover_fifo' (0#1) [c:/Users/clb20123/Documents/FO-RFSoC-4YP/2x2_files/PLEASE/PLEASE.gen/sources_1/bd/PYNQ_Design/ipshared/bf20/hdl/axi_datamover_v5_1_vh_rfs.vhd:1859]
INFO: [Synth 8-638] synthesizing module 'axi_datamover_fifo__parameterized0' [c:/Users/clb20123/Documents/FO-RFSoC-4YP/2x2_files/PLEASE/PLEASE.gen/sources_1/bd/PYNQ_Design/ipshared/bf20/hdl/axi_datamover_v5_1_vh_rfs.vhd:1859]
INFO: [Synth 8-256] done synthesizing module 'axi_datamover_fifo__parameterized0' (0#1) [c:/Users/clb20123/Documents/FO-RFSoC-4YP/2x2_files/PLEASE/PLEASE.gen/sources_1/bd/PYNQ_Design/ipshared/bf20/hdl/axi_datamover_v5_1_vh_rfs.vhd:1859]
INFO: [Synth 8-256] done synthesizing module 'axi_datamover_cmd_status' (0#1) [c:/Users/clb20123/Documents/FO-RFSoC-4YP/2x2_files/PLEASE/PLEASE.gen/sources_1/bd/PYNQ_Design/ipshared/bf20/hdl/axi_datamover_v5_1_vh_rfs.vhd:2665]
INFO: [Synth 8-638] synthesizing module 'axi_datamover_wr_status_cntl' [c:/Users/clb20123/Documents/FO-RFSoC-4YP/2x2_files/PLEASE/PLEASE.gen/sources_1/bd/PYNQ_Design/ipshared/bf20/hdl/axi_datamover_v5_1_vh_rfs.vhd:17611]
INFO: [Synth 8-638] synthesizing module 'axi_datamover_fifo__parameterized1' [c:/Users/clb20123/Documents/FO-RFSoC-4YP/2x2_files/PLEASE/PLEASE.gen/sources_1/bd/PYNQ_Design/ipshared/bf20/hdl/axi_datamover_v5_1_vh_rfs.vhd:1859]
INFO: [Synth 8-638] synthesizing module 'srl_fifo_f' [c:/Users/clb20123/Documents/FO-RFSoC-4YP/2x2_files/PLEASE/PLEASE.gen/sources_1/bd/PYNQ_Design/ipshared/1e5a/hdl/lib_srl_fifo_v1_0_rfs.vhd:777]
INFO: [Synth 8-638] synthesizing module 'srl_fifo_rbu_f' [c:/Users/clb20123/Documents/FO-RFSoC-4YP/2x2_files/PLEASE/PLEASE.gen/sources_1/bd/PYNQ_Design/ipshared/1e5a/hdl/lib_srl_fifo_v1_0_rfs.vhd:538]
INFO: [Synth 8-638] synthesizing module 'cntr_incr_decr_addn_f' [c:/Users/clb20123/Documents/FO-RFSoC-4YP/2x2_files/PLEASE/PLEASE.gen/sources_1/bd/PYNQ_Design/ipshared/1e5a/hdl/lib_srl_fifo_v1_0_rfs.vhd:134]
INFO: [Synth 8-256] done synthesizing module 'cntr_incr_decr_addn_f' (0#1) [c:/Users/clb20123/Documents/FO-RFSoC-4YP/2x2_files/PLEASE/PLEASE.gen/sources_1/bd/PYNQ_Design/ipshared/1e5a/hdl/lib_srl_fifo_v1_0_rfs.vhd:134]
INFO: [Synth 8-638] synthesizing module 'dynshreg_f' [c:/Users/clb20123/Documents/FO-RFSoC-4YP/2x2_files/PLEASE/PLEASE.gen/sources_1/bd/PYNQ_Design/ipshared/1e5a/hdl/lib_srl_fifo_v1_0_rfs.vhd:329]
INFO: [Synth 8-256] done synthesizing module 'dynshreg_f' (0#1) [c:/Users/clb20123/Documents/FO-RFSoC-4YP/2x2_files/PLEASE/PLEASE.gen/sources_1/bd/PYNQ_Design/ipshared/1e5a/hdl/lib_srl_fifo_v1_0_rfs.vhd:329]
INFO: [Synth 8-256] done synthesizing module 'srl_fifo_rbu_f' (0#1) [c:/Users/clb20123/Documents/FO-RFSoC-4YP/2x2_files/PLEASE/PLEASE.gen/sources_1/bd/PYNQ_Design/ipshared/1e5a/hdl/lib_srl_fifo_v1_0_rfs.vhd:538]
INFO: [Synth 8-256] done synthesizing module 'srl_fifo_f' (0#1) [c:/Users/clb20123/Documents/FO-RFSoC-4YP/2x2_files/PLEASE/PLEASE.gen/sources_1/bd/PYNQ_Design/ipshared/1e5a/hdl/lib_srl_fifo_v1_0_rfs.vhd:777]
INFO: [Synth 8-256] done synthesizing module 'axi_datamover_fifo__parameterized1' (0#1) [c:/Users/clb20123/Documents/FO-RFSoC-4YP/2x2_files/PLEASE/PLEASE.gen/sources_1/bd/PYNQ_Design/ipshared/bf20/hdl/axi_datamover_v5_1_vh_rfs.vhd:1859]
INFO: [Synth 8-638] synthesizing module 'axi_datamover_fifo__parameterized2' [c:/Users/clb20123/Documents/FO-RFSoC-4YP/2x2_files/PLEASE/PLEASE.gen/sources_1/bd/PYNQ_Design/ipshared/bf20/hdl/axi_datamover_v5_1_vh_rfs.vhd:1859]
INFO: [Synth 8-638] synthesizing module 'srl_fifo_f__parameterized0' [c:/Users/clb20123/Documents/FO-RFSoC-4YP/2x2_files/PLEASE/PLEASE.gen/sources_1/bd/PYNQ_Design/ipshared/1e5a/hdl/lib_srl_fifo_v1_0_rfs.vhd:777]
INFO: [Synth 8-638] synthesizing module 'srl_fifo_rbu_f__parameterized0' [c:/Users/clb20123/Documents/FO-RFSoC-4YP/2x2_files/PLEASE/PLEASE.gen/sources_1/bd/PYNQ_Design/ipshared/1e5a/hdl/lib_srl_fifo_v1_0_rfs.vhd:538]
INFO: [Synth 8-638] synthesizing module 'dynshreg_f__parameterized0' [c:/Users/clb20123/Documents/FO-RFSoC-4YP/2x2_files/PLEASE/PLEASE.gen/sources_1/bd/PYNQ_Design/ipshared/1e5a/hdl/lib_srl_fifo_v1_0_rfs.vhd:329]
INFO: [Synth 8-256] done synthesizing module 'dynshreg_f__parameterized0' (0#1) [c:/Users/clb20123/Documents/FO-RFSoC-4YP/2x2_files/PLEASE/PLEASE.gen/sources_1/bd/PYNQ_Design/ipshared/1e5a/hdl/lib_srl_fifo_v1_0_rfs.vhd:329]
INFO: [Synth 8-256] done synthesizing module 'srl_fifo_rbu_f__parameterized0' (0#1) [c:/Users/clb20123/Documents/FO-RFSoC-4YP/2x2_files/PLEASE/PLEASE.gen/sources_1/bd/PYNQ_Design/ipshared/1e5a/hdl/lib_srl_fifo_v1_0_rfs.vhd:538]
INFO: [Synth 8-256] done synthesizing module 'srl_fifo_f__parameterized0' (0#1) [c:/Users/clb20123/Documents/FO-RFSoC-4YP/2x2_files/PLEASE/PLEASE.gen/sources_1/bd/PYNQ_Design/ipshared/1e5a/hdl/lib_srl_fifo_v1_0_rfs.vhd:777]
INFO: [Synth 8-256] done synthesizing module 'axi_datamover_fifo__parameterized2' (0#1) [c:/Users/clb20123/Documents/FO-RFSoC-4YP/2x2_files/PLEASE/PLEASE.gen/sources_1/bd/PYNQ_Design/ipshared/bf20/hdl/axi_datamover_v5_1_vh_rfs.vhd:1859]
INFO: [Synth 8-256] done synthesizing module 'axi_datamover_wr_status_cntl' (0#1) [c:/Users/clb20123/Documents/FO-RFSoC-4YP/2x2_files/PLEASE/PLEASE.gen/sources_1/bd/PYNQ_Design/ipshared/bf20/hdl/axi_datamover_v5_1_vh_rfs.vhd:17611]
INFO: [Synth 8-638] synthesizing module 'axi_datamover_ibttcc' [c:/Users/clb20123/Documents/FO-RFSoC-4YP/2x2_files/PLEASE/PLEASE.gen/sources_1/bd/PYNQ_Design/ipshared/bf20/hdl/axi_datamover_v5_1_vh_rfs.vhd:25596]
INFO: [Synth 8-256] done synthesizing module 'axi_datamover_ibttcc' (0#1) [c:/Users/clb20123/Documents/FO-RFSoC-4YP/2x2_files/PLEASE/PLEASE.gen/sources_1/bd/PYNQ_Design/ipshared/bf20/hdl/axi_datamover_v5_1_vh_rfs.vhd:25596]
INFO: [Synth 8-638] synthesizing module 'axi_datamover_skid_buf' [c:/Users/clb20123/Documents/FO-RFSoC-4YP/2x2_files/PLEASE/PLEASE.gen/sources_1/bd/PYNQ_Design/ipshared/bf20/hdl/axi_datamover_v5_1_vh_rfs.vhd:19395]
INFO: [Synth 8-256] done synthesizing module 'axi_datamover_skid_buf' (0#1) [c:/Users/clb20123/Documents/FO-RFSoC-4YP/2x2_files/PLEASE/PLEASE.gen/sources_1/bd/PYNQ_Design/ipshared/bf20/hdl/axi_datamover_v5_1_vh_rfs.vhd:19395]
INFO: [Synth 8-638] synthesizing module 'axi_datamover_s2mm_realign' [c:/Users/clb20123/Documents/FO-RFSoC-4YP/2x2_files/PLEASE/PLEASE.gen/sources_1/bd/PYNQ_Design/ipshared/bf20/hdl/axi_datamover_v5_1_vh_rfs.vhd:46815]
INFO: [Synth 8-638] synthesizing module 'axi_datamover_fifo__parameterized3' [c:/Users/clb20123/Documents/FO-RFSoC-4YP/2x2_files/PLEASE/PLEASE.gen/sources_1/bd/PYNQ_Design/ipshared/bf20/hdl/axi_datamover_v5_1_vh_rfs.vhd:1859]
INFO: [Synth 8-638] synthesizing module 'srl_fifo_f__parameterized1' [c:/Users/clb20123/Documents/FO-RFSoC-4YP/2x2_files/PLEASE/PLEASE.gen/sources_1/bd/PYNQ_Design/ipshared/1e5a/hdl/lib_srl_fifo_v1_0_rfs.vhd:777]
INFO: [Synth 8-638] synthesizing module 'srl_fifo_rbu_f__parameterized1' [c:/Users/clb20123/Documents/FO-RFSoC-4YP/2x2_files/PLEASE/PLEASE.gen/sources_1/bd/PYNQ_Design/ipshared/1e5a/hdl/lib_srl_fifo_v1_0_rfs.vhd:538]
INFO: [Synth 8-638] synthesizing module 'cntr_incr_decr_addn_f__parameterized0' [c:/Users/clb20123/Documents/FO-RFSoC-4YP/2x2_files/PLEASE/PLEASE.gen/sources_1/bd/PYNQ_Design/ipshared/1e5a/hdl/lib_srl_fifo_v1_0_rfs.vhd:134]
INFO: [Synth 8-256] done synthesizing module 'cntr_incr_decr_addn_f__parameterized0' (0#1) [c:/Users/clb20123/Documents/FO-RFSoC-4YP/2x2_files/PLEASE/PLEASE.gen/sources_1/bd/PYNQ_Design/ipshared/1e5a/hdl/lib_srl_fifo_v1_0_rfs.vhd:134]
INFO: [Synth 8-638] synthesizing module 'dynshreg_f__parameterized1' [c:/Users/clb20123/Documents/FO-RFSoC-4YP/2x2_files/PLEASE/PLEASE.gen/sources_1/bd/PYNQ_Design/ipshared/1e5a/hdl/lib_srl_fifo_v1_0_rfs.vhd:329]
INFO: [Synth 8-256] done synthesizing module 'dynshreg_f__parameterized1' (0#1) [c:/Users/clb20123/Documents/FO-RFSoC-4YP/2x2_files/PLEASE/PLEASE.gen/sources_1/bd/PYNQ_Design/ipshared/1e5a/hdl/lib_srl_fifo_v1_0_rfs.vhd:329]
INFO: [Synth 8-256] done synthesizing module 'srl_fifo_rbu_f__parameterized1' (0#1) [c:/Users/clb20123/Documents/FO-RFSoC-4YP/2x2_files/PLEASE/PLEASE.gen/sources_1/bd/PYNQ_Design/ipshared/1e5a/hdl/lib_srl_fifo_v1_0_rfs.vhd:538]
INFO: [Synth 8-256] done synthesizing module 'srl_fifo_f__parameterized1' (0#1) [c:/Users/clb20123/Documents/FO-RFSoC-4YP/2x2_files/PLEASE/PLEASE.gen/sources_1/bd/PYNQ_Design/ipshared/1e5a/hdl/lib_srl_fifo_v1_0_rfs.vhd:777]
INFO: [Synth 8-256] done synthesizing module 'axi_datamover_fifo__parameterized3' (0#1) [c:/Users/clb20123/Documents/FO-RFSoC-4YP/2x2_files/PLEASE/PLEASE.gen/sources_1/bd/PYNQ_Design/ipshared/bf20/hdl/axi_datamover_v5_1_vh_rfs.vhd:1859]
INFO: [Synth 8-638] synthesizing module 'axi_datamover_s2mm_scatter' [c:/Users/clb20123/Documents/FO-RFSoC-4YP/2x2_files/PLEASE/PLEASE.gen/sources_1/bd/PYNQ_Design/ipshared/bf20/hdl/axi_datamover_v5_1_vh_rfs.vhd:44927]
INFO: [Synth 8-638] synthesizing module 'axi_datamover_mssai_skid_buf' [c:/Users/clb20123/Documents/FO-RFSoC-4YP/2x2_files/PLEASE/PLEASE.gen/sources_1/bd/PYNQ_Design/ipshared/bf20/hdl/axi_datamover_v5_1_vh_rfs.vhd:43984]
INFO: [Synth 8-638] synthesizing module 'axi_datamover_ms_strb_set' [c:/Users/clb20123/Documents/FO-RFSoC-4YP/2x2_files/PLEASE/PLEASE.gen/sources_1/bd/PYNQ_Design/ipshared/bf20/hdl/axi_datamover_v5_1_vh_rfs.vhd:42426]
INFO: [Synth 8-256] done synthesizing module 'axi_datamover_ms_strb_set' (0#1) [c:/Users/clb20123/Documents/FO-RFSoC-4YP/2x2_files/PLEASE/PLEASE.gen/sources_1/bd/PYNQ_Design/ipshared/bf20/hdl/axi_datamover_v5_1_vh_rfs.vhd:42426]
INFO: [Synth 8-256] done synthesizing module 'axi_datamover_mssai_skid_buf' (0#1) [c:/Users/clb20123/Documents/FO-RFSoC-4YP/2x2_files/PLEASE/PLEASE.gen/sources_1/bd/PYNQ_Design/ipshared/bf20/hdl/axi_datamover_v5_1_vh_rfs.vhd:43984]
INFO: [Synth 8-638] synthesizing module 'axi_datamover_strb_gen2' [c:/Users/clb20123/Documents/FO-RFSoC-4YP/2x2_files/PLEASE/PLEASE.gen/sources_1/bd/PYNQ_Design/ipshared/bf20/hdl/axi_datamover_v5_1_vh_rfs.vhd:4297]
INFO: [Synth 8-256] done synthesizing module 'axi_datamover_strb_gen2' (0#1) [c:/Users/clb20123/Documents/FO-RFSoC-4YP/2x2_files/PLEASE/PLEASE.gen/sources_1/bd/PYNQ_Design/ipshared/bf20/hdl/axi_datamover_v5_1_vh_rfs.vhd:4297]
INFO: [Synth 8-638] synthesizing module 'axi_datamover_slice' [c:/Users/clb20123/Documents/FO-RFSoC-4YP/2x2_files/PLEASE/PLEASE.gen/sources_1/bd/PYNQ_Design/ipshared/bf20/hdl/axi_datamover_v5_1_vh_rfs.vhd:44672]
INFO: [Synth 8-256] done synthesizing module 'axi_datamover_slice' (0#1) [c:/Users/clb20123/Documents/FO-RFSoC-4YP/2x2_files/PLEASE/PLEASE.gen/sources_1/bd/PYNQ_Design/ipshared/bf20/hdl/axi_datamover_v5_1_vh_rfs.vhd:44672]
INFO: [Synth 8-638] synthesizing module 'axi_datamover_fifo__parameterized4' [c:/Users/clb20123/Documents/FO-RFSoC-4YP/2x2_files/PLEASE/PLEASE.gen/sources_1/bd/PYNQ_Design/ipshared/bf20/hdl/axi_datamover_v5_1_vh_rfs.vhd:1859]
INFO: [Synth 8-638] synthesizing module 'srl_fifo_f__parameterized2' [c:/Users/clb20123/Documents/FO-RFSoC-4YP/2x2_files/PLEASE/PLEASE.gen/sources_1/bd/PYNQ_Design/ipshared/1e5a/hdl/lib_srl_fifo_v1_0_rfs.vhd:777]
INFO: [Synth 8-638] synthesizing module 'srl_fifo_rbu_f__parameterized2' [c:/Users/clb20123/Documents/FO-RFSoC-4YP/2x2_files/PLEASE/PLEASE.gen/sources_1/bd/PYNQ_Design/ipshared/1e5a/hdl/lib_srl_fifo_v1_0_rfs.vhd:538]
INFO: [Synth 8-638] synthesizing module 'cntr_incr_decr_addn_f__parameterized1' [c:/Users/clb20123/Documents/FO-RFSoC-4YP/2x2_files/PLEASE/PLEASE.gen/sources_1/bd/PYNQ_Design/ipshared/1e5a/hdl/lib_srl_fifo_v1_0_rfs.vhd:134]
INFO: [Synth 8-256] done synthesizing module 'cntr_incr_decr_addn_f__parameterized1' (0#1) [c:/Users/clb20123/Documents/FO-RFSoC-4YP/2x2_files/PLEASE/PLEASE.gen/sources_1/bd/PYNQ_Design/ipshared/1e5a/hdl/lib_srl_fifo_v1_0_rfs.vhd:134]
INFO: [Synth 8-638] synthesizing module 'dynshreg_f__parameterized2' [c:/Users/clb20123/Documents/FO-RFSoC-4YP/2x2_files/PLEASE/PLEASE.gen/sources_1/bd/PYNQ_Design/ipshared/1e5a/hdl/lib_srl_fifo_v1_0_rfs.vhd:329]
INFO: [Synth 8-256] done synthesizing module 'dynshreg_f__parameterized2' (0#1) [c:/Users/clb20123/Documents/FO-RFSoC-4YP/2x2_files/PLEASE/PLEASE.gen/sources_1/bd/PYNQ_Design/ipshared/1e5a/hdl/lib_srl_fifo_v1_0_rfs.vhd:329]
INFO: [Synth 8-256] done synthesizing module 'srl_fifo_rbu_f__parameterized2' (0#1) [c:/Users/clb20123/Documents/FO-RFSoC-4YP/2x2_files/PLEASE/PLEASE.gen/sources_1/bd/PYNQ_Design/ipshared/1e5a/hdl/lib_srl_fifo_v1_0_rfs.vhd:538]
INFO: [Synth 8-256] done synthesizing module 'srl_fifo_f__parameterized2' (0#1) [c:/Users/clb20123/Documents/FO-RFSoC-4YP/2x2_files/PLEASE/PLEASE.gen/sources_1/bd/PYNQ_Design/ipshared/1e5a/hdl/lib_srl_fifo_v1_0_rfs.vhd:777]
INFO: [Synth 8-256] done synthesizing module 'axi_datamover_fifo__parameterized4' (0#1) [c:/Users/clb20123/Documents/FO-RFSoC-4YP/2x2_files/PLEASE/PLEASE.gen/sources_1/bd/PYNQ_Design/ipshared/bf20/hdl/axi_datamover_v5_1_vh_rfs.vhd:1859]
INFO: [Synth 8-256] done synthesizing module 'axi_datamover_s2mm_scatter' (0#1) [c:/Users/clb20123/Documents/FO-RFSoC-4YP/2x2_files/PLEASE/PLEASE.gen/sources_1/bd/PYNQ_Design/ipshared/bf20/hdl/axi_datamover_v5_1_vh_rfs.vhd:44927]
INFO: [Synth 8-256] done synthesizing module 'axi_datamover_s2mm_realign' (0#1) [c:/Users/clb20123/Documents/FO-RFSoC-4YP/2x2_files/PLEASE/PLEASE.gen/sources_1/bd/PYNQ_Design/ipshared/bf20/hdl/axi_datamover_v5_1_vh_rfs.vhd:46815]
INFO: [Synth 8-638] synthesizing module 'axi_datamover_indet_btt' [c:/Users/clb20123/Documents/FO-RFSoC-4YP/2x2_files/PLEASE/PLEASE.gen/sources_1/bd/PYNQ_Design/ipshared/bf20/hdl/axi_datamover_v5_1_vh_rfs.vhd:28289]
INFO: [Synth 8-638] synthesizing module 'axi_datamover_stbs_set' [c:/Users/clb20123/Documents/FO-RFSoC-4YP/2x2_files/PLEASE/PLEASE.gen/sources_1/bd/PYNQ_Design/ipshared/bf20/hdl/axi_datamover_v5_1_vh_rfs.vhd:23287]
INFO: [Synth 8-256] done synthesizing module 'axi_datamover_stbs_set' (0#1) [c:/Users/clb20123/Documents/FO-RFSoC-4YP/2x2_files/PLEASE/PLEASE.gen/sources_1/bd/PYNQ_Design/ipshared/bf20/hdl/axi_datamover_v5_1_vh_rfs.vhd:23287]
INFO: [Synth 8-638] synthesizing module 'axi_datamover_sfifo_autord' [c:/Users/clb20123/Documents/FO-RFSoC-4YP/2x2_files/PLEASE/PLEASE.gen/sources_1/bd/PYNQ_Design/ipshared/bf20/hdl/axi_datamover_v5_1_vh_rfs.vhd:1275]
INFO: [Synth 8-638] synthesizing module 'sync_fifo_fg' [c:/Users/clb20123/Documents/FO-RFSoC-4YP/2x2_files/PLEASE/PLEASE.gen/sources_1/bd/PYNQ_Design/ipshared/0a12/hdl/lib_fifo_v1_0_rfs.vhd:2232]
	Parameter FIFO_MEMORY_TYPE bound to: auto - type: string 
	Parameter FIFO_WRITE_DEPTH bound to: 16 - type: integer 
	Parameter WRITE_DATA_WIDTH bound to: 15 - type: integer 
	Parameter READ_MODE bound to: fwft - type: string 
	Parameter FIFO_READ_LATENCY bound to: 0 - type: integer 
	Parameter FULL_RESET_VALUE bound to: 1 - type: integer 
	Parameter USE_ADV_FEATURES bound to: 1F1F - type: string 
	Parameter READ_DATA_WIDTH bound to: 15 - type: integer 
	Parameter WR_DATA_COUNT_WIDTH bound to: 5 - type: integer 
	Parameter PROG_FULL_THRESH bound to: 10 - type: integer 
	Parameter RD_DATA_COUNT_WIDTH bound to: 4 - type: integer 
	Parameter PROG_EMPTY_THRESH bound to: 10 - type: integer 
	Parameter DOUT_RESET_VALUE bound to: 0 - type: string 
	Parameter ECC_MODE bound to: no_ecc - type: string 
	Parameter WAKEUP_TIME bound to: 0 - type: integer 
INFO: [Synth 8-3491] module 'xpm_fifo_sync' declared at 'D:/Xilinx/Vivado/2024.1/data/ip/xpm/xpm_fifo/hdl/xpm_fifo.sv:1975' bound to instance 'xpm_fifo_sync_inst' of component 'xpm_fifo_sync' [c:/Users/clb20123/Documents/FO-RFSoC-4YP/2x2_files/PLEASE/PLEASE.gen/sources_1/bd/PYNQ_Design/ipshared/0a12/hdl/lib_fifo_v1_0_rfs.vhd:2609]
INFO: [Synth 8-6157] synthesizing module 'xpm_fifo_sync' [D:/Xilinx/Vivado/2024.1/data/ip/xpm/xpm_fifo/hdl/xpm_fifo.sv:1975]
INFO: [Synth 8-6157] synthesizing module 'xpm_fifo_base' [D:/Xilinx/Vivado/2024.1/data/ip/xpm/xpm_fifo/hdl/xpm_fifo.sv:53]
INFO: [Synth 8-6157] synthesizing module 'xpm_counter_updn' [D:/Xilinx/Vivado/2024.1/data/ip/xpm/xpm_fifo/hdl/xpm_fifo.sv:1879]
INFO: [Synth 8-6155] done synthesizing module 'xpm_counter_updn' (0#1) [D:/Xilinx/Vivado/2024.1/data/ip/xpm/xpm_fifo/hdl/xpm_fifo.sv:1879]
INFO: [Synth 8-6157] synthesizing module 'xpm_counter_updn__parameterized0' [D:/Xilinx/Vivado/2024.1/data/ip/xpm/xpm_fifo/hdl/xpm_fifo.sv:1879]
INFO: [Synth 8-6155] done synthesizing module 'xpm_counter_updn__parameterized0' (0#1) [D:/Xilinx/Vivado/2024.1/data/ip/xpm/xpm_fifo/hdl/xpm_fifo.sv:1879]
INFO: [Synth 8-6157] synthesizing module 'xpm_memory_base__parameterized0' [D:/Xilinx/Vivado/2024.1/data/ip/xpm/xpm_memory/hdl/xpm_memory.sv:54]
INFO: [Synth 8-6059] Synth Info: [XPM_MEMORY 20-1] MEMORY_PRIMITIVE (0) instructs Vivado Synthesis to choose the memory primitive type. Depending on their values, other XPM_MEMORY parameters may preclude the choice of certain memory primitive types. Review XPM_MEMORY documentation and parameter values to understand any limitations, or set MEMORY_PRIMITIVE to a different value.   [D:/Xilinx/Vivado/2024.1/data/ip/xpm/xpm_memory/hdl/xpm_memory.sv:514]
INFO: [Synth 8-6155] done synthesizing module 'xpm_memory_base__parameterized0' (0#1) [D:/Xilinx/Vivado/2024.1/data/ip/xpm/xpm_memory/hdl/xpm_memory.sv:54]
INFO: [Synth 8-226] default block is never used [D:/Xilinx/Vivado/2024.1/data/ip/xpm/xpm_fifo/hdl/xpm_fifo.sv:1220]
INFO: [Synth 8-226] default block is never used [D:/Xilinx/Vivado/2024.1/data/ip/xpm/xpm_fifo/hdl/xpm_fifo.sv:1287]
INFO: [Synth 8-226] default block is never used [D:/Xilinx/Vivado/2024.1/data/ip/xpm/xpm_fifo/hdl/xpm_fifo.sv:1309]
INFO: [Synth 8-6157] synthesizing module 'xpm_fifo_reg_bit' [D:/Xilinx/Vivado/2024.1/data/ip/xpm/xpm_fifo/hdl/xpm_fifo.sv:1927]
INFO: [Synth 8-6155] done synthesizing module 'xpm_fifo_reg_bit' (0#1) [D:/Xilinx/Vivado/2024.1/data/ip/xpm/xpm_fifo/hdl/xpm_fifo.sv:1927]
INFO: [Synth 8-6157] synthesizing module 'xpm_counter_updn__parameterized1' [D:/Xilinx/Vivado/2024.1/data/ip/xpm/xpm_fifo/hdl/xpm_fifo.sv:1879]
INFO: [Synth 8-6155] done synthesizing module 'xpm_counter_updn__parameterized1' (0#1) [D:/Xilinx/Vivado/2024.1/data/ip/xpm/xpm_fifo/hdl/xpm_fifo.sv:1879]
INFO: [Synth 8-6157] synthesizing module 'xpm_fifo_rst' [D:/Xilinx/Vivado/2024.1/data/ip/xpm/xpm_fifo/hdl/xpm_fifo.sv:1639]
INFO: [Synth 8-6155] done synthesizing module 'xpm_fifo_rst' (0#1) [D:/Xilinx/Vivado/2024.1/data/ip/xpm/xpm_fifo/hdl/xpm_fifo.sv:1639]
INFO: [Synth 8-6157] synthesizing module 'xpm_counter_updn__parameterized2' [D:/Xilinx/Vivado/2024.1/data/ip/xpm/xpm_fifo/hdl/xpm_fifo.sv:1879]
INFO: [Synth 8-6155] done synthesizing module 'xpm_counter_updn__parameterized2' (0#1) [D:/Xilinx/Vivado/2024.1/data/ip/xpm/xpm_fifo/hdl/xpm_fifo.sv:1879]
INFO: [Synth 8-6157] synthesizing module 'xpm_counter_updn__parameterized3' [D:/Xilinx/Vivado/2024.1/data/ip/xpm/xpm_fifo/hdl/xpm_fifo.sv:1879]
INFO: [Synth 8-6155] done synthesizing module 'xpm_counter_updn__parameterized3' (0#1) [D:/Xilinx/Vivado/2024.1/data/ip/xpm/xpm_fifo/hdl/xpm_fifo.sv:1879]
INFO: [Synth 8-6155] done synthesizing module 'xpm_fifo_base' (0#1) [D:/Xilinx/Vivado/2024.1/data/ip/xpm/xpm_fifo/hdl/xpm_fifo.sv:53]
INFO: [Synth 8-6155] done synthesizing module 'xpm_fifo_sync' (0#1) [D:/Xilinx/Vivado/2024.1/data/ip/xpm/xpm_fifo/hdl/xpm_fifo.sv:1975]
INFO: [Synth 8-256] done synthesizing module 'sync_fifo_fg' (0#1) [c:/Users/clb20123/Documents/FO-RFSoC-4YP/2x2_files/PLEASE/PLEASE.gen/sources_1/bd/PYNQ_Design/ipshared/0a12/hdl/lib_fifo_v1_0_rfs.vhd:2232]
INFO: [Synth 8-256] done synthesizing module 'axi_datamover_sfifo_autord' (0#1) [c:/Users/clb20123/Documents/FO-RFSoC-4YP/2x2_files/PLEASE/PLEASE.gen/sources_1/bd/PYNQ_Design/ipshared/bf20/hdl/axi_datamover_v5_1_vh_rfs.vhd:1275]
INFO: [Synth 8-638] synthesizing module 'axi_datamover_sfifo_autord__parameterized0' [c:/Users/clb20123/Documents/FO-RFSoC-4YP/2x2_files/PLEASE/PLEASE.gen/sources_1/bd/PYNQ_Design/ipshared/bf20/hdl/axi_datamover_v5_1_vh_rfs.vhd:1275]
INFO: [Synth 8-638] synthesizing module 'sync_fifo_fg__parameterized0' [c:/Users/clb20123/Documents/FO-RFSoC-4YP/2x2_files/PLEASE/PLEASE.gen/sources_1/bd/PYNQ_Design/ipshared/0a12/hdl/lib_fifo_v1_0_rfs.vhd:2232]
	Parameter FIFO_MEMORY_TYPE bound to: block - type: string 
	Parameter FIFO_WRITE_DEPTH bound to: 2048 - type: integer 
	Parameter WRITE_DATA_WIDTH bound to: 146 - type: integer 
	Parameter READ_MODE bound to: fwft - type: string 
	Parameter FIFO_READ_LATENCY bound to: 0 - type: integer 
	Parameter FULL_RESET_VALUE bound to: 1 - type: integer 
	Parameter USE_ADV_FEATURES bound to: 1F1F - type: string 
	Parameter READ_DATA_WIDTH bound to: 146 - type: integer 
	Parameter WR_DATA_COUNT_WIDTH bound to: 12 - type: integer 
	Parameter PROG_FULL_THRESH bound to: 10 - type: integer 
	Parameter RD_DATA_COUNT_WIDTH bound to: 4 - type: integer 
	Parameter PROG_EMPTY_THRESH bound to: 10 - type: integer 
	Parameter DOUT_RESET_VALUE bound to: 0 - type: string 
	Parameter ECC_MODE bound to: no_ecc - type: string 
	Parameter WAKEUP_TIME bound to: 0 - type: integer 
INFO: [Synth 8-3491] module 'xpm_fifo_sync' declared at 'D:/Xilinx/Vivado/2024.1/data/ip/xpm/xpm_fifo/hdl/xpm_fifo.sv:1975' bound to instance 'xpm_fifo_sync_inst' of component 'xpm_fifo_sync' [c:/Users/clb20123/Documents/FO-RFSoC-4YP/2x2_files/PLEASE/PLEASE.gen/sources_1/bd/PYNQ_Design/ipshared/0a12/hdl/lib_fifo_v1_0_rfs.vhd:2609]
INFO: [Synth 8-6157] synthesizing module 'xpm_fifo_sync__parameterized1' [D:/Xilinx/Vivado/2024.1/data/ip/xpm/xpm_fifo/hdl/xpm_fifo.sv:1975]
INFO: [Synth 8-6157] synthesizing module 'xpm_fifo_base__parameterized0' [D:/Xilinx/Vivado/2024.1/data/ip/xpm/xpm_fifo/hdl/xpm_fifo.sv:53]
INFO: [Synth 8-6157] synthesizing module 'xpm_counter_updn__parameterized4' [D:/Xilinx/Vivado/2024.1/data/ip/xpm/xpm_fifo/hdl/xpm_fifo.sv:1879]
INFO: [Synth 8-6155] done synthesizing module 'xpm_counter_updn__parameterized4' (0#1) [D:/Xilinx/Vivado/2024.1/data/ip/xpm/xpm_fifo/hdl/xpm_fifo.sv:1879]
INFO: [Synth 8-6157] synthesizing module 'xpm_counter_updn__parameterized5' [D:/Xilinx/Vivado/2024.1/data/ip/xpm/xpm_fifo/hdl/xpm_fifo.sv:1879]
INFO: [Synth 8-6155] done synthesizing module 'xpm_counter_updn__parameterized5' (0#1) [D:/Xilinx/Vivado/2024.1/data/ip/xpm/xpm_fifo/hdl/xpm_fifo.sv:1879]
INFO: [Synth 8-6157] synthesizing module 'xpm_memory_base__parameterized1' [D:/Xilinx/Vivado/2024.1/data/ip/xpm/xpm_memory/hdl/xpm_memory.sv:54]
INFO: [Synth 8-6155] done synthesizing module 'xpm_memory_base__parameterized1' (0#1) [D:/Xilinx/Vivado/2024.1/data/ip/xpm/xpm_memory/hdl/xpm_memory.sv:54]
INFO: [Synth 8-226] default block is never used [D:/Xilinx/Vivado/2024.1/data/ip/xpm/xpm_fifo/hdl/xpm_fifo.sv:1220]
INFO: [Synth 8-226] default block is never used [D:/Xilinx/Vivado/2024.1/data/ip/xpm/xpm_fifo/hdl/xpm_fifo.sv:1287]
INFO: [Synth 8-226] default block is never used [D:/Xilinx/Vivado/2024.1/data/ip/xpm/xpm_fifo/hdl/xpm_fifo.sv:1309]
INFO: [Synth 8-6157] synthesizing module 'xpm_counter_updn__parameterized6' [D:/Xilinx/Vivado/2024.1/data/ip/xpm/xpm_fifo/hdl/xpm_fifo.sv:1879]
INFO: [Synth 8-6155] done synthesizing module 'xpm_counter_updn__parameterized6' (0#1) [D:/Xilinx/Vivado/2024.1/data/ip/xpm/xpm_fifo/hdl/xpm_fifo.sv:1879]
INFO: [Synth 8-6157] synthesizing module 'xpm_counter_updn__parameterized7' [D:/Xilinx/Vivado/2024.1/data/ip/xpm/xpm_fifo/hdl/xpm_fifo.sv:1879]
INFO: [Synth 8-6155] done synthesizing module 'xpm_counter_updn__parameterized7' (0#1) [D:/Xilinx/Vivado/2024.1/data/ip/xpm/xpm_fifo/hdl/xpm_fifo.sv:1879]
INFO: [Synth 8-6155] done synthesizing module 'xpm_fifo_base__parameterized0' (0#1) [D:/Xilinx/Vivado/2024.1/data/ip/xpm/xpm_fifo/hdl/xpm_fifo.sv:53]
INFO: [Synth 8-6155] done synthesizing module 'xpm_fifo_sync__parameterized1' (0#1) [D:/Xilinx/Vivado/2024.1/data/ip/xpm/xpm_fifo/hdl/xpm_fifo.sv:1975]
INFO: [Synth 8-256] done synthesizing module 'sync_fifo_fg__parameterized0' (0#1) [c:/Users/clb20123/Documents/FO-RFSoC-4YP/2x2_files/PLEASE/PLEASE.gen/sources_1/bd/PYNQ_Design/ipshared/0a12/hdl/lib_fifo_v1_0_rfs.vhd:2232]
INFO: [Synth 8-256] done synthesizing module 'axi_datamover_sfifo_autord__parameterized0' (0#1) [c:/Users/clb20123/Documents/FO-RFSoC-4YP/2x2_files/PLEASE/PLEASE.gen/sources_1/bd/PYNQ_Design/ipshared/bf20/hdl/axi_datamover_v5_1_vh_rfs.vhd:1275]
INFO: [Synth 8-638] synthesizing module 'axi_datamover_stbs_set__parameterized0' [c:/Users/clb20123/Documents/FO-RFSoC-4YP/2x2_files/PLEASE/PLEASE.gen/sources_1/bd/PYNQ_Design/ipshared/bf20/hdl/axi_datamover_v5_1_vh_rfs.vhd:23287]
INFO: [Synth 8-256] done synthesizing module 'axi_datamover_stbs_set__parameterized0' (0#1) [c:/Users/clb20123/Documents/FO-RFSoC-4YP/2x2_files/PLEASE/PLEASE.gen/sources_1/bd/PYNQ_Design/ipshared/bf20/hdl/axi_datamover_v5_1_vh_rfs.vhd:23287]
INFO: [Synth 8-638] synthesizing module 'axi_datamover_skid_buf__parameterized0' [c:/Users/clb20123/Documents/FO-RFSoC-4YP/2x2_files/PLEASE/PLEASE.gen/sources_1/bd/PYNQ_Design/ipshared/bf20/hdl/axi_datamover_v5_1_vh_rfs.vhd:19395]
INFO: [Synth 8-256] done synthesizing module 'axi_datamover_skid_buf__parameterized0' (0#1) [c:/Users/clb20123/Documents/FO-RFSoC-4YP/2x2_files/PLEASE/PLEASE.gen/sources_1/bd/PYNQ_Design/ipshared/bf20/hdl/axi_datamover_v5_1_vh_rfs.vhd:19395]
INFO: [Synth 8-256] done synthesizing module 'axi_datamover_indet_btt' (0#1) [c:/Users/clb20123/Documents/FO-RFSoC-4YP/2x2_files/PLEASE/PLEASE.gen/sources_1/bd/PYNQ_Design/ipshared/bf20/hdl/axi_datamover_v5_1_vh_rfs.vhd:28289]
INFO: [Synth 8-638] synthesizing module 'axi_datamover_addr_cntl' [c:/Users/clb20123/Documents/FO-RFSoC-4YP/2x2_files/PLEASE/PLEASE.gen/sources_1/bd/PYNQ_Design/ipshared/bf20/hdl/axi_datamover_v5_1_vh_rfs.vhd:9943]
INFO: [Synth 8-638] synthesizing module 'axi_datamover_fifo__parameterized5' [c:/Users/clb20123/Documents/FO-RFSoC-4YP/2x2_files/PLEASE/PLEASE.gen/sources_1/bd/PYNQ_Design/ipshared/bf20/hdl/axi_datamover_v5_1_vh_rfs.vhd:1859]
INFO: [Synth 8-638] synthesizing module 'srl_fifo_f__parameterized3' [c:/Users/clb20123/Documents/FO-RFSoC-4YP/2x2_files/PLEASE/PLEASE.gen/sources_1/bd/PYNQ_Design/ipshared/1e5a/hdl/lib_srl_fifo_v1_0_rfs.vhd:777]
INFO: [Synth 8-638] synthesizing module 'srl_fifo_rbu_f__parameterized3' [c:/Users/clb20123/Documents/FO-RFSoC-4YP/2x2_files/PLEASE/PLEASE.gen/sources_1/bd/PYNQ_Design/ipshared/1e5a/hdl/lib_srl_fifo_v1_0_rfs.vhd:538]
INFO: [Synth 8-638] synthesizing module 'dynshreg_f__parameterized3' [c:/Users/clb20123/Documents/FO-RFSoC-4YP/2x2_files/PLEASE/PLEASE.gen/sources_1/bd/PYNQ_Design/ipshared/1e5a/hdl/lib_srl_fifo_v1_0_rfs.vhd:329]
INFO: [Synth 8-256] done synthesizing module 'dynshreg_f__parameterized3' (0#1) [c:/Users/clb20123/Documents/FO-RFSoC-4YP/2x2_files/PLEASE/PLEASE.gen/sources_1/bd/PYNQ_Design/ipshared/1e5a/hdl/lib_srl_fifo_v1_0_rfs.vhd:329]
INFO: [Synth 8-256] done synthesizing module 'srl_fifo_rbu_f__parameterized3' (0#1) [c:/Users/clb20123/Documents/FO-RFSoC-4YP/2x2_files/PLEASE/PLEASE.gen/sources_1/bd/PYNQ_Design/ipshared/1e5a/hdl/lib_srl_fifo_v1_0_rfs.vhd:538]
INFO: [Synth 8-256] done synthesizing module 'srl_fifo_f__parameterized3' (0#1) [c:/Users/clb20123/Documents/FO-RFSoC-4YP/2x2_files/PLEASE/PLEASE.gen/sources_1/bd/PYNQ_Design/ipshared/1e5a/hdl/lib_srl_fifo_v1_0_rfs.vhd:777]
INFO: [Synth 8-256] done synthesizing module 'axi_datamover_fifo__parameterized5' (0#1) [c:/Users/clb20123/Documents/FO-RFSoC-4YP/2x2_files/PLEASE/PLEASE.gen/sources_1/bd/PYNQ_Design/ipshared/bf20/hdl/axi_datamover_v5_1_vh_rfs.vhd:1859]
INFO: [Synth 8-256] done synthesizing module 'axi_datamover_addr_cntl' (0#1) [c:/Users/clb20123/Documents/FO-RFSoC-4YP/2x2_files/PLEASE/PLEASE.gen/sources_1/bd/PYNQ_Design/ipshared/bf20/hdl/axi_datamover_v5_1_vh_rfs.vhd:9943]
INFO: [Synth 8-638] synthesizing module 'axi_datamover_wrdata_cntl' [c:/Users/clb20123/Documents/FO-RFSoC-4YP/2x2_files/PLEASE/PLEASE.gen/sources_1/bd/PYNQ_Design/ipshared/bf20/hdl/axi_datamover_v5_1_vh_rfs.vhd:15587]
INFO: [Synth 8-638] synthesizing module 'axi_datamover_strb_gen2__parameterized0' [c:/Users/clb20123/Documents/FO-RFSoC-4YP/2x2_files/PLEASE/PLEASE.gen/sources_1/bd/PYNQ_Design/ipshared/bf20/hdl/axi_datamover_v5_1_vh_rfs.vhd:4297]
INFO: [Synth 8-256] done synthesizing module 'axi_datamover_strb_gen2__parameterized0' (0#1) [c:/Users/clb20123/Documents/FO-RFSoC-4YP/2x2_files/PLEASE/PLEASE.gen/sources_1/bd/PYNQ_Design/ipshared/bf20/hdl/axi_datamover_v5_1_vh_rfs.vhd:4297]
INFO: [Synth 8-638] synthesizing module 'axi_datamover_fifo__parameterized6' [c:/Users/clb20123/Documents/FO-RFSoC-4YP/2x2_files/PLEASE/PLEASE.gen/sources_1/bd/PYNQ_Design/ipshared/bf20/hdl/axi_datamover_v5_1_vh_rfs.vhd:1859]
INFO: [Synth 8-638] synthesizing module 'srl_fifo_f__parameterized4' [c:/Users/clb20123/Documents/FO-RFSoC-4YP/2x2_files/PLEASE/PLEASE.gen/sources_1/bd/PYNQ_Design/ipshared/1e5a/hdl/lib_srl_fifo_v1_0_rfs.vhd:777]
INFO: [Synth 8-638] synthesizing module 'srl_fifo_rbu_f__parameterized4' [c:/Users/clb20123/Documents/FO-RFSoC-4YP/2x2_files/PLEASE/PLEASE.gen/sources_1/bd/PYNQ_Design/ipshared/1e5a/hdl/lib_srl_fifo_v1_0_rfs.vhd:538]
INFO: [Synth 8-638] synthesizing module 'dynshreg_f__parameterized4' [c:/Users/clb20123/Documents/FO-RFSoC-4YP/2x2_files/PLEASE/PLEASE.gen/sources_1/bd/PYNQ_Design/ipshared/1e5a/hdl/lib_srl_fifo_v1_0_rfs.vhd:329]
INFO: [Synth 8-256] done synthesizing module 'dynshreg_f__parameterized4' (0#1) [c:/Users/clb20123/Documents/FO-RFSoC-4YP/2x2_files/PLEASE/PLEASE.gen/sources_1/bd/PYNQ_Design/ipshared/1e5a/hdl/lib_srl_fifo_v1_0_rfs.vhd:329]
INFO: [Synth 8-256] done synthesizing module 'srl_fifo_rbu_f__parameterized4' (0#1) [c:/Users/clb20123/Documents/FO-RFSoC-4YP/2x2_files/PLEASE/PLEASE.gen/sources_1/bd/PYNQ_Design/ipshared/1e5a/hdl/lib_srl_fifo_v1_0_rfs.vhd:538]
INFO: [Synth 8-256] done synthesizing module 'srl_fifo_f__parameterized4' (0#1) [c:/Users/clb20123/Documents/FO-RFSoC-4YP/2x2_files/PLEASE/PLEASE.gen/sources_1/bd/PYNQ_Design/ipshared/1e5a/hdl/lib_srl_fifo_v1_0_rfs.vhd:777]
INFO: [Synth 8-256] done synthesizing module 'axi_datamover_fifo__parameterized6' (0#1) [c:/Users/clb20123/Documents/FO-RFSoC-4YP/2x2_files/PLEASE/PLEASE.gen/sources_1/bd/PYNQ_Design/ipshared/bf20/hdl/axi_datamover_v5_1_vh_rfs.vhd:1859]
INFO: [Synth 8-256] done synthesizing module 'axi_datamover_wrdata_cntl' (0#1) [c:/Users/clb20123/Documents/FO-RFSoC-4YP/2x2_files/PLEASE/PLEASE.gen/sources_1/bd/PYNQ_Design/ipshared/bf20/hdl/axi_datamover_v5_1_vh_rfs.vhd:15587]
INFO: [Synth 8-638] synthesizing module 'axi_datamover_skid2mm_buf' [c:/Users/clb20123/Documents/FO-RFSoC-4YP/2x2_files/PLEASE/PLEASE.gen/sources_1/bd/PYNQ_Design/ipshared/bf20/hdl/axi_datamover_v5_1_vh_rfs.vhd:18899]
INFO: [Synth 8-638] synthesizing module 'axi_datamover_wr_demux' [c:/Users/clb20123/Documents/FO-RFSoC-4YP/2x2_files/PLEASE/PLEASE.gen/sources_1/bd/PYNQ_Design/ipshared/bf20/hdl/axi_datamover_v5_1_vh_rfs.vhd:14036]
INFO: [Synth 8-256] done synthesizing module 'axi_datamover_wr_demux' (0#1) [c:/Users/clb20123/Documents/FO-RFSoC-4YP/2x2_files/PLEASE/PLEASE.gen/sources_1/bd/PYNQ_Design/ipshared/bf20/hdl/axi_datamover_v5_1_vh_rfs.vhd:14036]
INFO: [Synth 8-256] done synthesizing module 'axi_datamover_skid2mm_buf' (0#1) [c:/Users/clb20123/Documents/FO-RFSoC-4YP/2x2_files/PLEASE/PLEASE.gen/sources_1/bd/PYNQ_Design/ipshared/bf20/hdl/axi_datamover_v5_1_vh_rfs.vhd:18899]
INFO: [Synth 8-256] done synthesizing module 'axi_datamover_s2mm_full_wrap' (0#1) [c:/Users/clb20123/Documents/FO-RFSoC-4YP/2x2_files/PLEASE/PLEASE.gen/sources_1/bd/PYNQ_Design/ipshared/bf20/hdl/axi_datamover_v5_1_vh_rfs.vhd:49783]
INFO: [Synth 8-256] done synthesizing module 'axi_datamover' (0#1) [c:/Users/clb20123/Documents/FO-RFSoC-4YP/2x2_files/PLEASE/PLEASE.gen/sources_1/bd/PYNQ_Design/ipshared/bf20/hdl/axi_datamover_v5_1_vh_rfs.vhd:55201]
INFO: [Synth 8-256] done synthesizing module 'axi_dma' (0#1) [c:/Users/clb20123/Documents/FO-RFSoC-4YP/2x2_files/PLEASE/PLEASE.gen/sources_1/bd/PYNQ_Design/ipshared/8830/hdl/axi_dma_v7_1_vh_rfs.vhd:22149]
INFO: [Synth 8-256] done synthesizing module 'PYNQ_Design_axi_dma_0_0' (0#1) [c:/Users/clb20123/Documents/FO-RFSoC-4YP/2x2_files/PLEASE/PLEASE.gen/sources_1/bd/PYNQ_Design/ip/PYNQ_Design_axi_dma_0_0/synth/PYNQ_Design_axi_dma_0_0.vhd:107]
INFO: [Synth 8-3491] module 'PYNQ_Design_axi_smc_2' declared at 'c:/Users/clb20123/Documents/FO-RFSoC-4YP/2x2_files/PLEASE/PLEASE.gen/sources_1/bd/PYNQ_Design/ip/PYNQ_Design_axi_smc_2/synth/PYNQ_Design_axi_smc_2.v:53' bound to instance 'axi_smc' of component 'PYNQ_Design_axi_smc_2' [c:/Users/clb20123/Documents/FO-RFSoC-4YP/2x2_files/PLEASE/PLEASE.gen/sources_1/bd/PYNQ_Design/synth/PYNQ_Design.vhd:399]
INFO: [Synth 8-6157] synthesizing module 'PYNQ_Design_axi_smc_2' [c:/Users/clb20123/Documents/FO-RFSoC-4YP/2x2_files/PLEASE/PLEASE.gen/sources_1/bd/PYNQ_Design/ip/PYNQ_Design_axi_smc_2/synth/PYNQ_Design_axi_smc_2.v:53]
INFO: [Synth 8-6157] synthesizing module 'bd_4c89' [c:/Users/clb20123/Documents/FO-RFSoC-4YP/2x2_files/PLEASE/PLEASE.gen/sources_1/bd/PYNQ_Design/ip/PYNQ_Design_axi_smc_2/bd_0/synth/bd_4c89.v:10]
INFO: [Synth 8-6157] synthesizing module 'clk_map_imp_O4FXFQ' [c:/Users/clb20123/Documents/FO-RFSoC-4YP/2x2_files/PLEASE/PLEASE.gen/sources_1/bd/PYNQ_Design/ip/PYNQ_Design_axi_smc_2/bd_0/synth/bd_4c89.v:452]
INFO: [Synth 8-6157] synthesizing module 'bd_4c89_one_0' [c:/Users/clb20123/Documents/FO-RFSoC-4YP/2x2_files/PLEASE/PLEASE.gen/sources_1/bd/PYNQ_Design/ip/PYNQ_Design_axi_smc_2/bd_0/ip/ip_0/synth/bd_4c89_one_0.v:53]
INFO: [Synth 8-6157] synthesizing module 'xlconstant_v1_1_9_xlconstant' [c:/Users/clb20123/Documents/FO-RFSoC-4YP/2x2_files/PLEASE/PLEASE.gen/sources_1/bd/PYNQ_Design/ipshared/e2d2/hdl/xlconstant_v1_1_vl_rfs.v:68]
INFO: [Synth 8-6155] done synthesizing module 'xlconstant_v1_1_9_xlconstant' (0#1) [c:/Users/clb20123/Documents/FO-RFSoC-4YP/2x2_files/PLEASE/PLEASE.gen/sources_1/bd/PYNQ_Design/ipshared/e2d2/hdl/xlconstant_v1_1_vl_rfs.v:68]
INFO: [Synth 8-6155] done synthesizing module 'bd_4c89_one_0' (0#1) [c:/Users/clb20123/Documents/FO-RFSoC-4YP/2x2_files/PLEASE/PLEASE.gen/sources_1/bd/PYNQ_Design/ip/PYNQ_Design_axi_smc_2/bd_0/ip/ip_0/synth/bd_4c89_one_0.v:53]
INFO: [Synth 8-638] synthesizing module 'bd_4c89_psr_aclk_0' [c:/Users/clb20123/Documents/FO-RFSoC-4YP/2x2_files/PLEASE/PLEASE.gen/sources_1/bd/PYNQ_Design/ip/PYNQ_Design_axi_smc_2/bd_0/ip/ip_1/synth/bd_4c89_psr_aclk_0.vhd:74]
	Parameter C_FAMILY bound to: zynquplus - type: string 
	Parameter C_EXT_RST_WIDTH bound to: 4 - type: integer 
	Parameter C_AUX_RST_WIDTH bound to: 1 - type: integer 
	Parameter C_EXT_RESET_HIGH bound to: 1'b0 
	Parameter C_AUX_RESET_HIGH bound to: 1'b0 
	Parameter C_NUM_BUS_RST bound to: 1 - type: integer 
	Parameter C_NUM_PERP_RST bound to: 1 - type: integer 
	Parameter C_NUM_INTERCONNECT_ARESETN bound to: 1 - type: integer 
	Parameter C_NUM_PERP_ARESETN bound to: 1 - type: integer 
INFO: [Synth 8-3491] module 'proc_sys_reset' declared at 'c:/Users/clb20123/Documents/FO-RFSoC-4YP/2x2_files/PLEASE/PLEASE.gen/sources_1/bd/PYNQ_Design/ipshared/3a26/hdl/proc_sys_reset_v5_0_vh_rfs.vhd:1271' bound to instance 'U0' of component 'proc_sys_reset' [c:/Users/clb20123/Documents/FO-RFSoC-4YP/2x2_files/PLEASE/PLEASE.gen/sources_1/bd/PYNQ_Design/ip/PYNQ_Design_axi_smc_2/bd_0/ip/ip_1/synth/bd_4c89_psr_aclk_0.vhd:129]
INFO: [Synth 8-638] synthesizing module 'proc_sys_reset' [c:/Users/clb20123/Documents/FO-RFSoC-4YP/2x2_files/PLEASE/PLEASE.gen/sources_1/bd/PYNQ_Design/ipshared/3a26/hdl/proc_sys_reset_v5_0_vh_rfs.vhd:1330]
	Parameter INIT bound to: 1'b1 
INFO: [Synth 8-113] binding component instance 'FDRE_inst' to cell 'FDRE' [c:/Users/clb20123/Documents/FO-RFSoC-4YP/2x2_files/PLEASE/PLEASE.gen/sources_1/bd/PYNQ_Design/ipshared/3a26/hdl/proc_sys_reset_v5_0_vh_rfs.vhd:1399]
	Parameter INIT bound to: 1'b1 
INFO: [Synth 8-113] binding component instance 'FDRE_BSR' to cell 'FDRE' [c:/Users/clb20123/Documents/FO-RFSoC-4YP/2x2_files/PLEASE/PLEASE.gen/sources_1/bd/PYNQ_Design/ipshared/3a26/hdl/proc_sys_reset_v5_0_vh_rfs.vhd:1415]
	Parameter INIT bound to: 1'b0 
INFO: [Synth 8-113] binding component instance 'FDRE_BSR_N' to cell 'FDRE' [c:/Users/clb20123/Documents/FO-RFSoC-4YP/2x2_files/PLEASE/PLEASE.gen/sources_1/bd/PYNQ_Design/ipshared/3a26/hdl/proc_sys_reset_v5_0_vh_rfs.vhd:1441]
	Parameter INIT bound to: 1'b1 
INFO: [Synth 8-113] binding component instance 'FDRE_PER' to cell 'FDRE' [c:/Users/clb20123/Documents/FO-RFSoC-4YP/2x2_files/PLEASE/PLEASE.gen/sources_1/bd/PYNQ_Design/ipshared/3a26/hdl/proc_sys_reset_v5_0_vh_rfs.vhd:1464]
	Parameter INIT bound to: 1'b0 
INFO: [Synth 8-113] binding component instance 'FDRE_PER_N' to cell 'FDRE' [c:/Users/clb20123/Documents/FO-RFSoC-4YP/2x2_files/PLEASE/PLEASE.gen/sources_1/bd/PYNQ_Design/ipshared/3a26/hdl/proc_sys_reset_v5_0_vh_rfs.vhd:1488]
INFO: [Synth 8-638] synthesizing module 'lpf' [c:/Users/clb20123/Documents/FO-RFSoC-4YP/2x2_files/PLEASE/PLEASE.gen/sources_1/bd/PYNQ_Design/ipshared/3a26/hdl/proc_sys_reset_v5_0_vh_rfs.vhd:821]
INFO: [Synth 8-3491] module 'SRL16' declared at 'D:/Xilinx/Vivado/2024.1/scripts/rt/data/unisim_comp_diablo.v:138496' bound to instance 'POR_SRL_I' of component 'SRL16' [c:/Users/clb20123/Documents/FO-RFSoC-4YP/2x2_files/PLEASE/PLEASE.gen/sources_1/bd/PYNQ_Design/ipshared/3a26/hdl/proc_sys_reset_v5_0_vh_rfs.vhd:873]
INFO: [Synth 8-6157] synthesizing module 'SRL16' [D:/Xilinx/Vivado/2024.1/scripts/rt/data/unisim_comp_diablo.v:138496]
INFO: [Synth 8-6155] done synthesizing module 'SRL16' (0#1) [D:/Xilinx/Vivado/2024.1/scripts/rt/data/unisim_comp_diablo.v:138496]
INFO: [Synth 8-638] synthesizing module 'cdc_sync__parameterized0' [c:/Users/clb20123/Documents/FO-RFSoC-4YP/2x2_files/PLEASE/PLEASE.gen/sources_1/bd/PYNQ_Design/ipshared/2a4f/hdl/lib_cdc_v1_0_rfs.vhd:106]
	Parameter INIT bound to: 1'b0 
INFO: [Synth 8-113] binding component instance 'CROSS_PLEVEL_IN2SCNDRY_IN_cdc_to' to cell 'FDR' [c:/Users/clb20123/Documents/FO-RFSoC-4YP/2x2_files/PLEASE/PLEASE.gen/sources_1/bd/PYNQ_Design/ipshared/2a4f/hdl/lib_cdc_v1_0_rfs.vhd:514]
	Parameter INIT bound to: 1'b0 
INFO: [Synth 8-113] binding component instance 'CROSS_PLEVEL_IN2SCNDRY_s_level_out_d2' to cell 'FDR' [c:/Users/clb20123/Documents/FO-RFSoC-4YP/2x2_files/PLEASE/PLEASE.gen/sources_1/bd/PYNQ_Design/ipshared/2a4f/hdl/lib_cdc_v1_0_rfs.vhd:545]
	Parameter INIT bound to: 1'b0 
INFO: [Synth 8-113] binding component instance 'CROSS_PLEVEL_IN2SCNDRY_s_level_out_d3' to cell 'FDR' [c:/Users/clb20123/Documents/FO-RFSoC-4YP/2x2_files/PLEASE/PLEASE.gen/sources_1/bd/PYNQ_Design/ipshared/2a4f/hdl/lib_cdc_v1_0_rfs.vhd:554]
	Parameter INIT bound to: 1'b0 
INFO: [Synth 8-113] binding component instance 'CROSS_PLEVEL_IN2SCNDRY_s_level_out_d4' to cell 'FDR' [c:/Users/clb20123/Documents/FO-RFSoC-4YP/2x2_files/PLEASE/PLEASE.gen/sources_1/bd/PYNQ_Design/ipshared/2a4f/hdl/lib_cdc_v1_0_rfs.vhd:564]
	Parameter INIT bound to: 1'b0 
INFO: [Synth 8-113] binding component instance 'CROSS_PLEVEL_IN2SCNDRY_s_level_out_d5' to cell 'FDR' [c:/Users/clb20123/Documents/FO-RFSoC-4YP/2x2_files/PLEASE/PLEASE.gen/sources_1/bd/PYNQ_Design/ipshared/2a4f/hdl/lib_cdc_v1_0_rfs.vhd:574]
	Parameter INIT bound to: 1'b0 
INFO: [Synth 8-113] binding component instance 'CROSS_PLEVEL_IN2SCNDRY_s_level_out_d6' to cell 'FDR' [c:/Users/clb20123/Documents/FO-RFSoC-4YP/2x2_files/PLEASE/PLEASE.gen/sources_1/bd/PYNQ_Design/ipshared/2a4f/hdl/lib_cdc_v1_0_rfs.vhd:584]
INFO: [Synth 8-256] done synthesizing module 'cdc_sync__parameterized0' (0#1) [c:/Users/clb20123/Documents/FO-RFSoC-4YP/2x2_files/PLEASE/PLEASE.gen/sources_1/bd/PYNQ_Design/ipshared/2a4f/hdl/lib_cdc_v1_0_rfs.vhd:106]
INFO: [Synth 8-256] done synthesizing module 'lpf' (0#1) [c:/Users/clb20123/Documents/FO-RFSoC-4YP/2x2_files/PLEASE/PLEASE.gen/sources_1/bd/PYNQ_Design/ipshared/3a26/hdl/proc_sys_reset_v5_0_vh_rfs.vhd:821]
INFO: [Synth 8-638] synthesizing module 'sequence_psr' [c:/Users/clb20123/Documents/FO-RFSoC-4YP/2x2_files/PLEASE/PLEASE.gen/sources_1/bd/PYNQ_Design/ipshared/3a26/hdl/proc_sys_reset_v5_0_vh_rfs.vhd:304]
INFO: [Synth 8-638] synthesizing module 'upcnt_n' [c:/Users/clb20123/Documents/FO-RFSoC-4YP/2x2_files/PLEASE/PLEASE.gen/sources_1/bd/PYNQ_Design/ipshared/3a26/hdl/proc_sys_reset_v5_0_vh_rfs.vhd:126]
INFO: [Synth 8-256] done synthesizing module 'upcnt_n' (0#1) [c:/Users/clb20123/Documents/FO-RFSoC-4YP/2x2_files/PLEASE/PLEASE.gen/sources_1/bd/PYNQ_Design/ipshared/3a26/hdl/proc_sys_reset_v5_0_vh_rfs.vhd:126]
INFO: [Synth 8-256] done synthesizing module 'sequence_psr' (0#1) [c:/Users/clb20123/Documents/FO-RFSoC-4YP/2x2_files/PLEASE/PLEASE.gen/sources_1/bd/PYNQ_Design/ipshared/3a26/hdl/proc_sys_reset_v5_0_vh_rfs.vhd:304]
INFO: [Synth 8-256] done synthesizing module 'proc_sys_reset' (0#1) [c:/Users/clb20123/Documents/FO-RFSoC-4YP/2x2_files/PLEASE/PLEASE.gen/sources_1/bd/PYNQ_Design/ipshared/3a26/hdl/proc_sys_reset_v5_0_vh_rfs.vhd:1330]
INFO: [Synth 8-256] done synthesizing module 'bd_4c89_psr_aclk_0' (0#1) [c:/Users/clb20123/Documents/FO-RFSoC-4YP/2x2_files/PLEASE/PLEASE.gen/sources_1/bd/PYNQ_Design/ip/PYNQ_Design_axi_smc_2/bd_0/ip/ip_1/synth/bd_4c89_psr_aclk_0.vhd:74]
WARNING: [Synth 8-7071] port 'mb_reset' of module 'bd_4c89_psr_aclk_0' is unconnected for instance 'psr_aclk' [c:/Users/clb20123/Documents/FO-RFSoC-4YP/2x2_files/PLEASE/PLEASE.gen/sources_1/bd/PYNQ_Design/ip/PYNQ_Design_axi_smc_2/bd_0/synth/bd_4c89.v:487]
WARNING: [Synth 8-7071] port 'bus_struct_reset' of module 'bd_4c89_psr_aclk_0' is unconnected for instance 'psr_aclk' [c:/Users/clb20123/Documents/FO-RFSoC-4YP/2x2_files/PLEASE/PLEASE.gen/sources_1/bd/PYNQ_Design/ip/PYNQ_Design_axi_smc_2/bd_0/synth/bd_4c89.v:487]
WARNING: [Synth 8-7071] port 'peripheral_reset' of module 'bd_4c89_psr_aclk_0' is unconnected for instance 'psr_aclk' [c:/Users/clb20123/Documents/FO-RFSoC-4YP/2x2_files/PLEASE/PLEASE.gen/sources_1/bd/PYNQ_Design/ip/PYNQ_Design_axi_smc_2/bd_0/synth/bd_4c89.v:487]
WARNING: [Synth 8-7071] port 'peripheral_aresetn' of module 'bd_4c89_psr_aclk_0' is unconnected for instance 'psr_aclk' [c:/Users/clb20123/Documents/FO-RFSoC-4YP/2x2_files/PLEASE/PLEASE.gen/sources_1/bd/PYNQ_Design/ip/PYNQ_Design_axi_smc_2/bd_0/synth/bd_4c89.v:487]
WARNING: [Synth 8-7023] instance 'psr_aclk' of module 'bd_4c89_psr_aclk_0' has 10 connections declared, but only 6 given [c:/Users/clb20123/Documents/FO-RFSoC-4YP/2x2_files/PLEASE/PLEASE.gen/sources_1/bd/PYNQ_Design/ip/PYNQ_Design_axi_smc_2/bd_0/synth/bd_4c89.v:487]
INFO: [Synth 8-6155] done synthesizing module 'clk_map_imp_O4FXFQ' (0#1) [c:/Users/clb20123/Documents/FO-RFSoC-4YP/2x2_files/PLEASE/PLEASE.gen/sources_1/bd/PYNQ_Design/ip/PYNQ_Design_axi_smc_2/bd_0/synth/bd_4c89.v:452]
INFO: [Synth 8-6157] synthesizing module 'm00_exit_pipeline_imp_1CDPHB1' [c:/Users/clb20123/Documents/FO-RFSoC-4YP/2x2_files/PLEASE/PLEASE.gen/sources_1/bd/PYNQ_Design/ip/PYNQ_Design_axi_smc_2/bd_0/synth/bd_4c89.v:496]
INFO: [Synth 8-6157] synthesizing module 'bd_4c89_m00e_0' [c:/Users/clb20123/Documents/FO-RFSoC-4YP/2x2_files/PLEASE/PLEASE.gen/sources_1/bd/PYNQ_Design/ip/PYNQ_Design_axi_smc_2/bd_0/ip/ip_10/synth/bd_4c89_m00e_0.sv:53]
INFO: [Synth 8-6157] synthesizing module 'xpm_cdc_async_rst' [D:/Xilinx/Vivado/2024.1/data/ip/xpm/xpm_cdc/hdl/xpm_cdc.sv:1175]
INFO: [Synth 8-6155] done synthesizing module 'xpm_cdc_async_rst' (0#1) [D:/Xilinx/Vivado/2024.1/data/ip/xpm/xpm_cdc/hdl/xpm_cdc.sv:1175]
INFO: [Synth 8-6155] done synthesizing module 'bd_4c89_m00e_0' (0#1) [c:/Users/clb20123/Documents/FO-RFSoC-4YP/2x2_files/PLEASE/PLEASE.gen/sources_1/bd/PYNQ_Design/ip/PYNQ_Design_axi_smc_2/bd_0/ip/ip_10/synth/bd_4c89_m00e_0.sv:53]
INFO: [Synth 8-6155] done synthesizing module 'm00_exit_pipeline_imp_1CDPHB1' (0#1) [c:/Users/clb20123/Documents/FO-RFSoC-4YP/2x2_files/PLEASE/PLEASE.gen/sources_1/bd/PYNQ_Design/ip/PYNQ_Design_axi_smc_2/bd_0/synth/bd_4c89.v:496]
INFO: [Synth 8-6157] synthesizing module 'bd_4c89_m00s2a_0' [c:/Users/clb20123/Documents/FO-RFSoC-4YP/2x2_files/PLEASE/PLEASE.gen/sources_1/bd/PYNQ_Design/ip/PYNQ_Design_axi_smc_2/bd_0/ip/ip_9/synth/bd_4c89_m00s2a_0.sv:53]
INFO: [Synth 8-6155] done synthesizing module 'bd_4c89_m00s2a_0' (0#1) [c:/Users/clb20123/Documents/FO-RFSoC-4YP/2x2_files/PLEASE/PLEASE.gen/sources_1/bd/PYNQ_Design/ip/PYNQ_Design_axi_smc_2/bd_0/ip/ip_9/synth/bd_4c89_m00s2a_0.sv:53]
INFO: [Synth 8-6157] synthesizing module 'bd_4c89_s00a2s_0' [c:/Users/clb20123/Documents/FO-RFSoC-4YP/2x2_files/PLEASE/PLEASE.gen/sources_1/bd/PYNQ_Design/ip/PYNQ_Design_axi_smc_2/bd_0/ip/ip_5/synth/bd_4c89_s00a2s_0.sv:53]
INFO: [Synth 8-6155] done synthesizing module 'bd_4c89_s00a2s_0' (0#1) [c:/Users/clb20123/Documents/FO-RFSoC-4YP/2x2_files/PLEASE/PLEASE.gen/sources_1/bd/PYNQ_Design/ip/PYNQ_Design_axi_smc_2/bd_0/ip/ip_5/synth/bd_4c89_s00a2s_0.sv:53]
INFO: [Synth 8-6157] synthesizing module 's00_entry_pipeline_imp_CM67DQ' [c:/Users/clb20123/Documents/FO-RFSoC-4YP/2x2_files/PLEASE/PLEASE.gen/sources_1/bd/PYNQ_Design/ip/PYNQ_Design_axi_smc_2/bd_0/synth/bd_4c89.v:707]
INFO: [Synth 8-6157] synthesizing module 'bd_4c89_s00mmu_0' [c:/Users/clb20123/Documents/FO-RFSoC-4YP/2x2_files/PLEASE/PLEASE.gen/sources_1/bd/PYNQ_Design/ip/PYNQ_Design_axi_smc_2/bd_0/ip/ip_2/synth/bd_4c89_s00mmu_0.sv:53]
INFO: [Synth 8-6155] done synthesizing module 'bd_4c89_s00mmu_0' (0#1) [c:/Users/clb20123/Documents/FO-RFSoC-4YP/2x2_files/PLEASE/PLEASE.gen/sources_1/bd/PYNQ_Design/ip/PYNQ_Design_axi_smc_2/bd_0/ip/ip_2/synth/bd_4c89_s00mmu_0.sv:53]
INFO: [Synth 8-6157] synthesizing module 'bd_4c89_s00sic_0' [c:/Users/clb20123/Documents/FO-RFSoC-4YP/2x2_files/PLEASE/PLEASE.gen/sources_1/bd/PYNQ_Design/ip/PYNQ_Design_axi_smc_2/bd_0/ip/ip_4/synth/bd_4c89_s00sic_0.sv:53]
INFO: [Synth 8-6155] done synthesizing module 'bd_4c89_s00sic_0' (0#1) [c:/Users/clb20123/Documents/FO-RFSoC-4YP/2x2_files/PLEASE/PLEASE.gen/sources_1/bd/PYNQ_Design/ip/PYNQ_Design_axi_smc_2/bd_0/ip/ip_4/synth/bd_4c89_s00sic_0.sv:53]
INFO: [Synth 8-6157] synthesizing module 'bd_4c89_s00tr_0' [c:/Users/clb20123/Documents/FO-RFSoC-4YP/2x2_files/PLEASE/PLEASE.gen/sources_1/bd/PYNQ_Design/ip/PYNQ_Design_axi_smc_2/bd_0/ip/ip_3/synth/bd_4c89_s00tr_0.sv:53]
INFO: [Synth 8-6155] done synthesizing module 'bd_4c89_s00tr_0' (0#1) [c:/Users/clb20123/Documents/FO-RFSoC-4YP/2x2_files/PLEASE/PLEASE.gen/sources_1/bd/PYNQ_Design/ip/PYNQ_Design_axi_smc_2/bd_0/ip/ip_3/synth/bd_4c89_s00tr_0.sv:53]
WARNING: [Synth 8-7071] port 'm_axi_awburst' of module 'bd_4c89_s00tr_0' is unconnected for instance 's00_transaction_regulator' [c:/Users/clb20123/Documents/FO-RFSoC-4YP/2x2_files/PLEASE/PLEASE.gen/sources_1/bd/PYNQ_Design/ip/PYNQ_Design_axi_smc_2/bd_0/synth/bd_4c89.v:1005]
WARNING: [Synth 8-7023] instance 's00_transaction_regulator' of module 'bd_4c89_s00tr_0' has 46 connections declared, but only 45 given [c:/Users/clb20123/Documents/FO-RFSoC-4YP/2x2_files/PLEASE/PLEASE.gen/sources_1/bd/PYNQ_Design/ip/PYNQ_Design_axi_smc_2/bd_0/synth/bd_4c89.v:1005]
INFO: [Synth 8-6155] done synthesizing module 's00_entry_pipeline_imp_CM67DQ' (0#1) [c:/Users/clb20123/Documents/FO-RFSoC-4YP/2x2_files/PLEASE/PLEASE.gen/sources_1/bd/PYNQ_Design/ip/PYNQ_Design_axi_smc_2/bd_0/synth/bd_4c89.v:707]
INFO: [Synth 8-6157] synthesizing module 's00_nodes_imp_FRFNWK' [c:/Users/clb20123/Documents/FO-RFSoC-4YP/2x2_files/PLEASE/PLEASE.gen/sources_1/bd/PYNQ_Design/ip/PYNQ_Design_axi_smc_2/bd_0/synth/bd_4c89.v:1053]
INFO: [Synth 8-6157] synthesizing module 'bd_4c89_sawn_0' [c:/Users/clb20123/Documents/FO-RFSoC-4YP/2x2_files/PLEASE/PLEASE.gen/sources_1/bd/PYNQ_Design/ip/PYNQ_Design_axi_smc_2/bd_0/ip/ip_6/synth/bd_4c89_sawn_0.sv:53]
INFO: [Synth 8-6157] synthesizing module 'xpm_memory_sdpram' [D:/Xilinx/Vivado/2024.1/data/ip/xpm/xpm_memory/hdl/xpm_memory.sv:8556]
INFO: [Synth 8-6157] synthesizing module 'xpm_memory_base__parameterized2' [D:/Xilinx/Vivado/2024.1/data/ip/xpm/xpm_memory/hdl/xpm_memory.sv:54]
INFO: [Synth 8-6155] done synthesizing module 'xpm_memory_base__parameterized2' (0#1) [D:/Xilinx/Vivado/2024.1/data/ip/xpm/xpm_memory/hdl/xpm_memory.sv:54]
INFO: [Synth 8-6155] done synthesizing module 'xpm_memory_sdpram' (0#1) [D:/Xilinx/Vivado/2024.1/data/ip/xpm/xpm_memory/hdl/xpm_memory.sv:8556]
INFO: [Synth 8-6155] done synthesizing module 'bd_4c89_sawn_0' (0#1) [c:/Users/clb20123/Documents/FO-RFSoC-4YP/2x2_files/PLEASE/PLEASE.gen/sources_1/bd/PYNQ_Design/ip/PYNQ_Design_axi_smc_2/bd_0/ip/ip_6/synth/bd_4c89_sawn_0.sv:53]
INFO: [Synth 8-6157] synthesizing module 'bd_4c89_sbn_0' [c:/Users/clb20123/Documents/FO-RFSoC-4YP/2x2_files/PLEASE/PLEASE.gen/sources_1/bd/PYNQ_Design/ip/PYNQ_Design_axi_smc_2/bd_0/ip/ip_8/synth/bd_4c89_sbn_0.sv:53]
INFO: [Synth 8-6157] synthesizing module 'xpm_memory_sdpram__parameterized0' [D:/Xilinx/Vivado/2024.1/data/ip/xpm/xpm_memory/hdl/xpm_memory.sv:8556]
INFO: [Synth 8-6157] synthesizing module 'xpm_memory_base__parameterized3' [D:/Xilinx/Vivado/2024.1/data/ip/xpm/xpm_memory/hdl/xpm_memory.sv:54]
INFO: [Synth 8-6155] done synthesizing module 'xpm_memory_base__parameterized3' (0#1) [D:/Xilinx/Vivado/2024.1/data/ip/xpm/xpm_memory/hdl/xpm_memory.sv:54]
INFO: [Synth 8-6155] done synthesizing module 'xpm_memory_sdpram__parameterized0' (0#1) [D:/Xilinx/Vivado/2024.1/data/ip/xpm/xpm_memory/hdl/xpm_memory.sv:8556]
INFO: [Synth 8-6155] done synthesizing module 'bd_4c89_sbn_0' (0#1) [c:/Users/clb20123/Documents/FO-RFSoC-4YP/2x2_files/PLEASE/PLEASE.gen/sources_1/bd/PYNQ_Design/ip/PYNQ_Design_axi_smc_2/bd_0/ip/ip_8/synth/bd_4c89_sbn_0.sv:53]
INFO: [Synth 8-6157] synthesizing module 'bd_4c89_swn_0' [c:/Users/clb20123/Documents/FO-RFSoC-4YP/2x2_files/PLEASE/PLEASE.gen/sources_1/bd/PYNQ_Design/ip/PYNQ_Design_axi_smc_2/bd_0/ip/ip_7/synth/bd_4c89_swn_0.sv:53]
INFO: [Synth 8-6157] synthesizing module 'xpm_memory_sdpram__parameterized1' [D:/Xilinx/Vivado/2024.1/data/ip/xpm/xpm_memory/hdl/xpm_memory.sv:8556]
INFO: [Synth 8-6157] synthesizing module 'xpm_memory_base__parameterized4' [D:/Xilinx/Vivado/2024.1/data/ip/xpm/xpm_memory/hdl/xpm_memory.sv:54]
INFO: [Synth 8-6155] done synthesizing module 'xpm_memory_base__parameterized4' (0#1) [D:/Xilinx/Vivado/2024.1/data/ip/xpm/xpm_memory/hdl/xpm_memory.sv:54]
INFO: [Synth 8-6155] done synthesizing module 'xpm_memory_sdpram__parameterized1' (0#1) [D:/Xilinx/Vivado/2024.1/data/ip/xpm/xpm_memory/hdl/xpm_memory.sv:8556]
INFO: [Synth 8-6155] done synthesizing module 'bd_4c89_swn_0' (0#1) [c:/Users/clb20123/Documents/FO-RFSoC-4YP/2x2_files/PLEASE/PLEASE.gen/sources_1/bd/PYNQ_Design/ip/PYNQ_Design_axi_smc_2/bd_0/ip/ip_7/synth/bd_4c89_swn_0.sv:53]
INFO: [Synth 8-6155] done synthesizing module 's00_nodes_imp_FRFNWK' (0#1) [c:/Users/clb20123/Documents/FO-RFSoC-4YP/2x2_files/PLEASE/PLEASE.gen/sources_1/bd/PYNQ_Design/ip/PYNQ_Design_axi_smc_2/bd_0/synth/bd_4c89.v:1053]
INFO: [Synth 8-6155] done synthesizing module 'bd_4c89' (0#1) [c:/Users/clb20123/Documents/FO-RFSoC-4YP/2x2_files/PLEASE/PLEASE.gen/sources_1/bd/PYNQ_Design/ip/PYNQ_Design_axi_smc_2/bd_0/synth/bd_4c89.v:10]
INFO: [Synth 8-6155] done synthesizing module 'PYNQ_Design_axi_smc_2' (0#1) [c:/Users/clb20123/Documents/FO-RFSoC-4YP/2x2_files/PLEASE/PLEASE.gen/sources_1/bd/PYNQ_Design/ip/PYNQ_Design_axi_smc_2/synth/PYNQ_Design_axi_smc_2.v:53]
INFO: [Synth 8-3491] module 'PYNQ_Design_clk_wiz_0_0' declared at 'c:/Users/clb20123/Documents/FO-RFSoC-4YP/2x2_files/PLEASE/PLEASE.gen/sources_1/bd/PYNQ_Design/ip/PYNQ_Design_clk_wiz_0_0/PYNQ_Design_clk_wiz_0_0.v:65' bound to instance 'clk_wiz_0' of component 'PYNQ_Design_clk_wiz_0_0' [c:/Users/clb20123/Documents/FO-RFSoC-4YP/2x2_files/PLEASE/PLEASE.gen/sources_1/bd/PYNQ_Design/synth/PYNQ_Design.vhd:440]
INFO: [Synth 8-6157] synthesizing module 'PYNQ_Design_clk_wiz_0_0' [c:/Users/clb20123/Documents/FO-RFSoC-4YP/2x2_files/PLEASE/PLEASE.gen/sources_1/bd/PYNQ_Design/ip/PYNQ_Design_clk_wiz_0_0/PYNQ_Design_clk_wiz_0_0.v:65]
INFO: [Synth 8-6157] synthesizing module 'PYNQ_Design_clk_wiz_0_0_clk_wiz' [c:/Users/clb20123/Documents/FO-RFSoC-4YP/2x2_files/PLEASE/PLEASE.gen/sources_1/bd/PYNQ_Design/ip/PYNQ_Design_clk_wiz_0_0/PYNQ_Design_clk_wiz_0_0_clk_wiz.v:65]
INFO: [Synth 8-6157] synthesizing module 'BUFG' [D:/Xilinx/Vivado/2024.1/scripts/rt/data/unisim_comp_diablo.v:2035]
INFO: [Synth 8-6155] done synthesizing module 'BUFG' (0#1) [D:/Xilinx/Vivado/2024.1/scripts/rt/data/unisim_comp_diablo.v:2035]
INFO: [Synth 8-6157] synthesizing module 'MMCME4_ADV' [D:/Xilinx/Vivado/2024.1/scripts/rt/data/unisim_comp_diablo.v:83611]
	Parameter BANDWIDTH bound to: OPTIMIZED - type: string 
	Parameter CLKFBOUT_MULT_F bound to: 18.750000 - type: double 
	Parameter CLKFBOUT_PHASE bound to: 0.000000 - type: double 
	Parameter CLKFBOUT_USE_FINE_PS bound to: FALSE - type: string 
	Parameter CLKIN1_PERIOD bound to: 15.625000 - type: double 
	Parameter CLKOUT0_DIVIDE_F bound to: 9.375000 - type: double 
	Parameter CLKOUT0_DUTY_CYCLE bound to: 0.500000 - type: double 
	Parameter CLKOUT0_PHASE bound to: 0.000000 - type: double 
	Parameter CLKOUT0_USE_FINE_PS bound to: FALSE - type: string 
	Parameter CLKOUT4_CASCADE bound to: FALSE - type: string 
	Parameter COMPENSATION bound to: AUTO - type: string 
	Parameter DIVCLK_DIVIDE bound to: 1 - type: integer 
	Parameter STARTUP_WAIT bound to: FALSE - type: string 
INFO: [Synth 8-6155] done synthesizing module 'MMCME4_ADV' (0#1) [D:/Xilinx/Vivado/2024.1/scripts/rt/data/unisim_comp_diablo.v:83611]
INFO: [Synth 8-6155] done synthesizing module 'PYNQ_Design_clk_wiz_0_0_clk_wiz' (0#1) [c:/Users/clb20123/Documents/FO-RFSoC-4YP/2x2_files/PLEASE/PLEASE.gen/sources_1/bd/PYNQ_Design/ip/PYNQ_Design_clk_wiz_0_0/PYNQ_Design_clk_wiz_0_0_clk_wiz.v:65]
INFO: [Synth 8-6155] done synthesizing module 'PYNQ_Design_clk_wiz_0_0' (0#1) [c:/Users/clb20123/Documents/FO-RFSoC-4YP/2x2_files/PLEASE/PLEASE.gen/sources_1/bd/PYNQ_Design/ip/PYNQ_Design_clk_wiz_0_0/PYNQ_Design_clk_wiz_0_0.v:65]
INFO: [Synth 8-3491] module 'PYNQ_Design_proc_sys_reset_0_0' declared at 'c:/Users/clb20123/Documents/FO-RFSoC-4YP/2x2_files/PLEASE/PLEASE.gen/sources_1/bd/PYNQ_Design/ip/PYNQ_Design_proc_sys_reset_0_0/synth/PYNQ_Design_proc_sys_reset_0_0.vhd:59' bound to instance 'proc_sys_reset_0' of component 'PYNQ_Design_proc_sys_reset_0_0' [c:/Users/clb20123/Documents/FO-RFSoC-4YP/2x2_files/PLEASE/PLEASE.gen/sources_1/bd/PYNQ_Design/synth/PYNQ_Design.vhd:447]
INFO: [Synth 8-638] synthesizing module 'PYNQ_Design_proc_sys_reset_0_0' [c:/Users/clb20123/Documents/FO-RFSoC-4YP/2x2_files/PLEASE/PLEASE.gen/sources_1/bd/PYNQ_Design/ip/PYNQ_Design_proc_sys_reset_0_0/synth/PYNQ_Design_proc_sys_reset_0_0.vhd:74]
	Parameter C_FAMILY bound to: zynquplus - type: string 
	Parameter C_EXT_RST_WIDTH bound to: 4 - type: integer 
	Parameter C_AUX_RST_WIDTH bound to: 4 - type: integer 
	Parameter C_EXT_RESET_HIGH bound to: 1'b0 
	Parameter C_AUX_RESET_HIGH bound to: 1'b0 
	Parameter C_NUM_BUS_RST bound to: 1 - type: integer 
	Parameter C_NUM_PERP_RST bound to: 1 - type: integer 
	Parameter C_NUM_INTERCONNECT_ARESETN bound to: 1 - type: integer 
	Parameter C_NUM_PERP_ARESETN bound to: 1 - type: integer 
INFO: [Synth 8-3491] module 'proc_sys_reset' declared at 'c:/Users/clb20123/Documents/FO-RFSoC-4YP/2x2_files/PLEASE/PLEASE.gen/sources_1/bd/PYNQ_Design/ipshared/3a26/hdl/proc_sys_reset_v5_0_vh_rfs.vhd:1271' bound to instance 'U0' of component 'proc_sys_reset' [c:/Users/clb20123/Documents/FO-RFSoC-4YP/2x2_files/PLEASE/PLEASE.gen/sources_1/bd/PYNQ_Design/ip/PYNQ_Design_proc_sys_reset_0_0/synth/PYNQ_Design_proc_sys_reset_0_0.vhd:129]
INFO: [Synth 8-638] synthesizing module 'proc_sys_reset__parameterized1' [c:/Users/clb20123/Documents/FO-RFSoC-4YP/2x2_files/PLEASE/PLEASE.gen/sources_1/bd/PYNQ_Design/ipshared/3a26/hdl/proc_sys_reset_v5_0_vh_rfs.vhd:1330]
	Parameter INIT bound to: 1'b1 
INFO: [Synth 8-113] binding component instance 'FDRE_inst' to cell 'FDRE' [c:/Users/clb20123/Documents/FO-RFSoC-4YP/2x2_files/PLEASE/PLEASE.gen/sources_1/bd/PYNQ_Design/ipshared/3a26/hdl/proc_sys_reset_v5_0_vh_rfs.vhd:1399]
	Parameter INIT bound to: 1'b1 
INFO: [Synth 8-113] binding component instance 'FDRE_BSR' to cell 'FDRE' [c:/Users/clb20123/Documents/FO-RFSoC-4YP/2x2_files/PLEASE/PLEASE.gen/sources_1/bd/PYNQ_Design/ipshared/3a26/hdl/proc_sys_reset_v5_0_vh_rfs.vhd:1415]
	Parameter INIT bound to: 1'b0 
INFO: [Synth 8-113] binding component instance 'FDRE_BSR_N' to cell 'FDRE' [c:/Users/clb20123/Documents/FO-RFSoC-4YP/2x2_files/PLEASE/PLEASE.gen/sources_1/bd/PYNQ_Design/ipshared/3a26/hdl/proc_sys_reset_v5_0_vh_rfs.vhd:1441]
	Parameter INIT bound to: 1'b1 
INFO: [Synth 8-113] binding component instance 'FDRE_PER' to cell 'FDRE' [c:/Users/clb20123/Documents/FO-RFSoC-4YP/2x2_files/PLEASE/PLEASE.gen/sources_1/bd/PYNQ_Design/ipshared/3a26/hdl/proc_sys_reset_v5_0_vh_rfs.vhd:1464]
	Parameter INIT bound to: 1'b0 
INFO: [Synth 8-113] binding component instance 'FDRE_PER_N' to cell 'FDRE' [c:/Users/clb20123/Documents/FO-RFSoC-4YP/2x2_files/PLEASE/PLEASE.gen/sources_1/bd/PYNQ_Design/ipshared/3a26/hdl/proc_sys_reset_v5_0_vh_rfs.vhd:1488]
INFO: [Synth 8-638] synthesizing module 'lpf__parameterized0' [c:/Users/clb20123/Documents/FO-RFSoC-4YP/2x2_files/PLEASE/PLEASE.gen/sources_1/bd/PYNQ_Design/ipshared/3a26/hdl/proc_sys_reset_v5_0_vh_rfs.vhd:821]
INFO: [Synth 8-3491] module 'SRL16' declared at 'D:/Xilinx/Vivado/2024.1/scripts/rt/data/unisim_comp_diablo.v:138496' bound to instance 'POR_SRL_I' of component 'SRL16' [c:/Users/clb20123/Documents/FO-RFSoC-4YP/2x2_files/PLEASE/PLEASE.gen/sources_1/bd/PYNQ_Design/ipshared/3a26/hdl/proc_sys_reset_v5_0_vh_rfs.vhd:873]
INFO: [Synth 8-256] done synthesizing module 'lpf__parameterized0' (0#1) [c:/Users/clb20123/Documents/FO-RFSoC-4YP/2x2_files/PLEASE/PLEASE.gen/sources_1/bd/PYNQ_Design/ipshared/3a26/hdl/proc_sys_reset_v5_0_vh_rfs.vhd:821]
INFO: [Synth 8-256] done synthesizing module 'proc_sys_reset__parameterized1' (0#1) [c:/Users/clb20123/Documents/FO-RFSoC-4YP/2x2_files/PLEASE/PLEASE.gen/sources_1/bd/PYNQ_Design/ipshared/3a26/hdl/proc_sys_reset_v5_0_vh_rfs.vhd:1330]
INFO: [Synth 8-256] done synthesizing module 'PYNQ_Design_proc_sys_reset_0_0' (0#1) [c:/Users/clb20123/Documents/FO-RFSoC-4YP/2x2_files/PLEASE/PLEASE.gen/sources_1/bd/PYNQ_Design/ip/PYNQ_Design_proc_sys_reset_0_0/synth/PYNQ_Design_proc_sys_reset_0_0.vhd:74]
INFO: [Synth 8-3491] module 'PYNQ_Design_system_ila_1_0' declared at 'c:/Users/clb20123/Documents/FO-RFSoC-4YP/2x2_files/PLEASE/PLEASE.gen/sources_1/bd/PYNQ_Design/ip/PYNQ_Design_system_ila_1_0/synth/PYNQ_Design_system_ila_1_0.vhd:56' bound to instance 'system_ila_1' of component 'PYNQ_Design_system_ila_1_0' [c:/Users/clb20123/Documents/FO-RFSoC-4YP/2x2_files/PLEASE/PLEASE.gen/sources_1/bd/PYNQ_Design/synth/PYNQ_Design.vhd:460]
INFO: [Synth 8-638] synthesizing module 'PYNQ_Design_system_ila_1_0' [c:/Users/clb20123/Documents/FO-RFSoC-4YP/2x2_files/PLEASE/PLEASE.gen/sources_1/bd/PYNQ_Design/ip/PYNQ_Design_system_ila_1_0/synth/PYNQ_Design_system_ila_1_0.vhd:71]
INFO: [Synth 8-3491] module 'bd_9ef2' declared at 'c:/Users/clb20123/Documents/FO-RFSoC-4YP/2x2_files/PLEASE/PLEASE.gen/sources_1/bd/PYNQ_Design/ip/PYNQ_Design_system_ila_1_0/bd_0/synth/bd_9ef2.vhd:12' bound to instance 'U0' of component 'bd_9ef2' [c:/Users/clb20123/Documents/FO-RFSoC-4YP/2x2_files/PLEASE/PLEASE.gen/sources_1/bd/PYNQ_Design/ip/PYNQ_Design_system_ila_1_0/synth/PYNQ_Design_system_ila_1_0.vhd:271]
INFO: [Synth 8-638] synthesizing module 'bd_9ef2' [c:/Users/clb20123/Documents/FO-RFSoC-4YP/2x2_files/PLEASE/PLEASE.gen/sources_1/bd/PYNQ_Design/ip/PYNQ_Design_system_ila_1_0/bd_0/synth/bd_9ef2.vhd:31]
INFO: [Synth 8-3491] module 'bd_9ef2_g_inst_0' declared at 'c:/Users/clb20123/Documents/FO-RFSoC-4YP/2x2_files/PLEASE/PLEASE.gen/sources_1/bd/PYNQ_Design/ip/PYNQ_Design_system_ila_1_0/bd_0/ip/ip_1/synth/bd_9ef2_g_inst_0.v:53' bound to instance 'g_inst' of component 'bd_9ef2_g_inst_0' [c:/Users/clb20123/Documents/FO-RFSoC-4YP/2x2_files/PLEASE/PLEASE.gen/sources_1/bd/PYNQ_Design/ip/PYNQ_Design_system_ila_1_0/bd_0/synth/bd_9ef2.vhd:112]
INFO: [Synth 8-6157] synthesizing module 'bd_9ef2_g_inst_0' [c:/Users/clb20123/Documents/FO-RFSoC-4YP/2x2_files/PLEASE/PLEASE.gen/sources_1/bd/PYNQ_Design/ip/PYNQ_Design_system_ila_1_0/bd_0/ip/ip_1/synth/bd_9ef2_g_inst_0.v:53]
INFO: [Synth 8-6157] synthesizing module 'bd_9ef2_g_inst_0_gigantic_mux' [c:/Users/clb20123/Documents/FO-RFSoC-4YP/2x2_files/PLEASE/PLEASE.gen/sources_1/bd/PYNQ_Design/ip/PYNQ_Design_system_ila_1_0/bd_0/ip/ip_1/bd_9ef2_g_inst_0_gigantic_mux.v:63]
INFO: [Synth 8-6155] done synthesizing module 'bd_9ef2_g_inst_0_gigantic_mux' (0#1) [c:/Users/clb20123/Documents/FO-RFSoC-4YP/2x2_files/PLEASE/PLEASE.gen/sources_1/bd/PYNQ_Design/ip/PYNQ_Design_system_ila_1_0/bd_0/ip/ip_1/bd_9ef2_g_inst_0_gigantic_mux.v:63]
INFO: [Synth 8-6155] done synthesizing module 'bd_9ef2_g_inst_0' (0#1) [c:/Users/clb20123/Documents/FO-RFSoC-4YP/2x2_files/PLEASE/PLEASE.gen/sources_1/bd/PYNQ_Design/ip/PYNQ_Design_system_ila_1_0/bd_0/ip/ip_1/synth/bd_9ef2_g_inst_0.v:53]
INFO: [Synth 8-3491] module 'bd_9ef2_ila_lib_0' declared at 'c:/Users/clb20123/Documents/FO-RFSoC-4YP/2x2_files/PLEASE/PLEASE.gen/sources_1/bd/PYNQ_Design/ip/PYNQ_Design_system_ila_1_0/bd_0/ip/ip_0/synth/bd_9ef2_ila_lib_0.vhd:53' bound to instance 'ila_lib' of component 'bd_9ef2_ila_lib_0' [c:/Users/clb20123/Documents/FO-RFSoC-4YP/2x2_files/PLEASE/PLEASE.gen/sources_1/bd/PYNQ_Design/ip/PYNQ_Design_system_ila_1_0/bd_0/synth/bd_9ef2.vhd:133]
INFO: [Synth 8-638] synthesizing module 'bd_9ef2_ila_lib_0' [c:/Users/clb20123/Documents/FO-RFSoC-4YP/2x2_files/PLEASE/PLEASE.gen/sources_1/bd/PYNQ_Design/ip/PYNQ_Design_system_ila_1_0/bd_0/ip/ip_0/synth/bd_9ef2_ila_lib_0.vhd:69]
	Parameter C_XLNX_HW_PROBE_INFO bound to: DEFAULT - type: string 
	Parameter C_XDEVICEFAMILY bound to: virtexu - type: string 
	Parameter C_CORE_TYPE bound to: 1 - type: integer 
	Parameter C_CORE_INFO1 bound to: 0 - type: integer 
	Parameter C_CORE_INFO2 bound to: 0 - type: integer 
	Parameter C_CAPTURE_TYPE bound to: 0 - type: integer 
	Parameter C_MU_TYPE bound to: 0 - type: integer 
	Parameter C_TC_TYPE bound to: 0 - type: integer 
	Parameter C_NUM_OF_PROBES bound to: 8 - type: integer 
	Parameter C_DATA_DEPTH bound to: 1024 - type: integer 
	Parameter C_MAJOR_VERSION bound to: 2024 - type: integer 
	Parameter C_MINOR_VERSION bound to: 1 - type: integer 
	Parameter C_BUILD_REVISION bound to: 0 - type: integer 
	Parameter C_CORE_MAJOR_VER bound to: 6 - type: integer 
	Parameter C_CORE_MINOR_VER bound to: 2 - type: integer 
	Parameter C_XSDB_SLAVE_TYPE bound to: 17 - type: integer 
	Parameter C_NEXT_SLAVE bound to: 0 - type: integer 
	Parameter C_CSE_DRV_VER bound to: 2 - type: integer 
	Parameter C_USE_TEST_REG bound to: 1 - type: integer 
	Parameter C_PIPE_IFACE bound to: 1 - type: integer 
	Parameter C_RAM_STYLE bound to: SUBCORE - type: string 
	Parameter C_TRIGOUT_EN bound to: 0 - type: integer 
	Parameter C_TRIGIN_EN bound to: 0 - type: integer 
	Parameter C_ADV_TRIGGER bound to: 0 - type: integer 
	Parameter C_EN_DDR_ILA bound to: 0 - type: integer 
	Parameter C_EN_STRG_QUAL bound to: 0 - type: integer 
	Parameter C_INPUT_PIPE_STAGES bound to: 0 - type: integer 
	Parameter C_EN_TIME_TAG bound to: 0 - type: integer 
	Parameter C_TIME_TAG_WIDTH bound to: 32 - type: integer 
	Parameter C_ILA_CLK_FREQ bound to: 128000000 - type: integer 
	Parameter C_PROBE0_WIDTH bound to: 16 - type: integer 
	Parameter C_PROBE1_WIDTH bound to: 1 - type: integer 
	Parameter C_PROBE2_WIDTH bound to: 1 - type: integer 
	Parameter C_PROBE3_WIDTH bound to: 1 - type: integer 
	Parameter C_PROBE4_WIDTH bound to: 16 - type: integer 
	Parameter C_PROBE5_WIDTH bound to: 1 - type: integer 
	Parameter C_PROBE6_WIDTH bound to: 1 - type: integer 
	Parameter C_PROBE7_WIDTH bound to: 1 - type: integer 
	Parameter C_PROBE8_WIDTH bound to: 1 - type: integer 
	Parameter C_PROBE9_WIDTH bound to: 1 - type: integer 
	Parameter C_PROBE10_WIDTH bound to: 1 - type: integer 
	Parameter C_PROBE11_WIDTH bound to: 1 - type: integer 
	Parameter C_PROBE12_WIDTH bound to: 1 - type: integer 
	Parameter C_PROBE13_WIDTH bound to: 1 - type: integer 
	Parameter C_PROBE14_WIDTH bound to: 1 - type: integer 
	Parameter C_PROBE15_WIDTH bound to: 1 - type: integer 
	Parameter C_PROBE16_WIDTH bound to: 1 - type: integer 
	Parameter C_PROBE17_WIDTH bound to: 1 - type: integer 
	Parameter C_PROBE18_WIDTH bound to: 1 - type: integer 
	Parameter C_PROBE19_WIDTH bound to: 1 - type: integer 
	Parameter C_PROBE20_WIDTH bound to: 1 - type: integer 
	Parameter C_PROBE21_WIDTH bound to: 1 - type: integer 
	Parameter C_PROBE22_WIDTH bound to: 1 - type: integer 
	Parameter C_PROBE23_WIDTH bound to: 1 - type: integer 
	Parameter C_PROBE24_WIDTH bound to: 1 - type: integer 
	Parameter C_PROBE25_WIDTH bound to: 1 - type: integer 
	Parameter C_PROBE26_WIDTH bound to: 1 - type: integer 
	Parameter C_PROBE27_WIDTH bound to: 1 - type: integer 
	Parameter C_PROBE28_WIDTH bound to: 1 - type: integer 
	Parameter C_PROBE29_WIDTH bound to: 1 - type: integer 
	Parameter C_PROBE30_WIDTH bound to: 1 - type: integer 
	Parameter C_PROBE31_WIDTH bound to: 1 - type: integer 
	Parameter C_PROBE32_WIDTH bound to: 1 - type: integer 
	Parameter C_PROBE33_WIDTH bound to: 1 - type: integer 
	Parameter C_PROBE34_WIDTH bound to: 1 - type: integer 
	Parameter C_PROBE35_WIDTH bound to: 1 - type: integer 
	Parameter C_PROBE36_WIDTH bound to: 1 - type: integer 
	Parameter C_PROBE37_WIDTH bound to: 1 - type: integer 
	Parameter C_PROBE38_WIDTH bound to: 1 - type: integer 
	Parameter C_PROBE39_WIDTH bound to: 1 - type: integer 
	Parameter C_PROBE40_WIDTH bound to: 1 - type: integer 
	Parameter C_PROBE41_WIDTH bound to: 1 - type: integer 
	Parameter C_PROBE42_WIDTH bound to: 1 - type: integer 
	Parameter C_PROBE43_WIDTH bound to: 1 - type: integer 
	Parameter C_PROBE44_WIDTH bound to: 1 - type: integer 
	Parameter C_PROBE45_WIDTH bound to: 1 - type: integer 
	Parameter C_PROBE46_WIDTH bound to: 1 - type: integer 
	Parameter C_PROBE47_WIDTH bound to: 1 - type: integer 
	Parameter C_PROBE48_WIDTH bound to: 1 - type: integer 
	Parameter C_PROBE49_WIDTH bound to: 1 - type: integer 
	Parameter C_PROBE50_WIDTH bound to: 1 - type: integer 
	Parameter C_PROBE51_WIDTH bound to: 1 - type: integer 
	Parameter C_PROBE52_WIDTH bound to: 1 - type: integer 
	Parameter C_PROBE53_WIDTH bound to: 1 - type: integer 
	Parameter C_PROBE54_WIDTH bound to: 1 - type: integer 
	Parameter C_PROBE55_WIDTH bound to: 1 - type: integer 
	Parameter C_PROBE56_WIDTH bound to: 1 - type: integer 
	Parameter C_PROBE57_WIDTH bound to: 1 - type: integer 
	Parameter C_PROBE58_WIDTH bound to: 1 - type: integer 
	Parameter C_PROBE59_WIDTH bound to: 1 - type: integer 
	Parameter C_PROBE60_WIDTH bound to: 1 - type: integer 
	Parameter C_PROBE61_WIDTH bound to: 1 - type: integer 
	Parameter C_PROBE62_WIDTH bound to: 1 - type: integer 
	Parameter C_PROBE63_WIDTH bound to: 1 - type: integer 
	Parameter C_PROBE64_WIDTH bound to: 1 - type: integer 
	Parameter C_PROBE65_WIDTH bound to: 1 - type: integer 
	Parameter C_PROBE66_WIDTH bound to: 1 - type: integer 
	Parameter C_PROBE67_WIDTH bound to: 1 - type: integer 
	Parameter C_PROBE68_WIDTH bound to: 1 - type: integer 
	Parameter C_PROBE69_WIDTH bound to: 1 - type: integer 
	Parameter C_PROBE70_WIDTH bound to: 1 - type: integer 
	Parameter C_PROBE71_WIDTH bound to: 1 - type: integer 
	Parameter C_PROBE72_WIDTH bound to: 1 - type: integer 
	Parameter C_PROBE73_WIDTH bound to: 1 - type: integer 
	Parameter C_PROBE74_WIDTH bound to: 1 - type: integer 
	Parameter C_PROBE75_WIDTH bound to: 1 - type: integer 
	Parameter C_PROBE76_WIDTH bound to: 1 - type: integer 
	Parameter C_PROBE77_WIDTH bound to: 1 - type: integer 
	Parameter C_PROBE78_WIDTH bound to: 1 - type: integer 
	Parameter C_PROBE79_WIDTH bound to: 1 - type: integer 
	Parameter C_PROBE80_WIDTH bound to: 1 - type: integer 
	Parameter C_PROBE81_WIDTH bound to: 1 - type: integer 
	Parameter C_PROBE82_WIDTH bound to: 1 - type: integer 
	Parameter C_PROBE83_WIDTH bound to: 1 - type: integer 
	Parameter C_PROBE84_WIDTH bound to: 1 - type: integer 
	Parameter C_PROBE85_WIDTH bound to: 1 - type: integer 
	Parameter C_PROBE86_WIDTH bound to: 1 - type: integer 
	Parameter C_PROBE87_WIDTH bound to: 1 - type: integer 
	Parameter C_PROBE88_WIDTH bound to: 1 - type: integer 
	Parameter C_PROBE89_WIDTH bound to: 1 - type: integer 
	Parameter C_PROBE90_WIDTH bound to: 1 - type: integer 
	Parameter C_PROBE91_WIDTH bound to: 1 - type: integer 
	Parameter C_PROBE92_WIDTH bound to: 1 - type: integer 
	Parameter C_PROBE93_WIDTH bound to: 1 - type: integer 
	Parameter C_PROBE94_WIDTH bound to: 1 - type: integer 
	Parameter C_PROBE95_WIDTH bound to: 1 - type: integer 
	Parameter C_PROBE96_WIDTH bound to: 1 - type: integer 
	Parameter C_PROBE97_WIDTH bound to: 1 - type: integer 
	Parameter C_PROBE98_WIDTH bound to: 1 - type: integer 
	Parameter C_PROBE99_WIDTH bound to: 1 - type: integer 
	Parameter C_PROBE100_WIDTH bound to: 1 - type: integer 
	Parameter C_PROBE101_WIDTH bound to: 1 - type: integer 
	Parameter C_PROBE102_WIDTH bound to: 1 - type: integer 
	Parameter C_PROBE103_WIDTH bound to: 1 - type: integer 
	Parameter C_PROBE104_WIDTH bound to: 1 - type: integer 
	Parameter C_PROBE105_WIDTH bound to: 1 - type: integer 
	Parameter C_PROBE106_WIDTH bound to: 1 - type: integer 
	Parameter C_PROBE107_WIDTH bound to: 1 - type: integer 
	Parameter C_PROBE108_WIDTH bound to: 1 - type: integer 
	Parameter C_PROBE109_WIDTH bound to: 1 - type: integer 
	Parameter C_PROBE110_WIDTH bound to: 1 - type: integer 
	Parameter C_PROBE111_WIDTH bound to: 1 - type: integer 
	Parameter C_PROBE112_WIDTH bound to: 1 - type: integer 
	Parameter C_PROBE113_WIDTH bound to: 1 - type: integer 
	Parameter C_PROBE114_WIDTH bound to: 1 - type: integer 
	Parameter C_PROBE115_WIDTH bound to: 1 - type: integer 
	Parameter C_PROBE116_WIDTH bound to: 1 - type: integer 
	Parameter C_PROBE117_WIDTH bound to: 1 - type: integer 
	Parameter C_PROBE118_WIDTH bound to: 1 - type: integer 
	Parameter C_PROBE119_WIDTH bound to: 1 - type: integer 
	Parameter C_PROBE120_WIDTH bound to: 1 - type: integer 
	Parameter C_PROBE121_WIDTH bound to: 1 - type: integer 
	Parameter C_PROBE122_WIDTH bound to: 1 - type: integer 
	Parameter C_PROBE123_WIDTH bound to: 1 - type: integer 
	Parameter C_PROBE124_WIDTH bound to: 1 - type: integer 
	Parameter C_PROBE125_WIDTH bound to: 1 - type: integer 
	Parameter C_PROBE126_WIDTH bound to: 1 - type: integer 
	Parameter C_PROBE127_WIDTH bound to: 1 - type: integer 
	Parameter C_PROBE128_WIDTH bound to: 1 - type: integer 
	Parameter C_PROBE129_WIDTH bound to: 1 - type: integer 
	Parameter C_PROBE130_WIDTH bound to: 1 - type: integer 
	Parameter C_PROBE131_WIDTH bound to: 1 - type: integer 
	Parameter C_PROBE132_WIDTH bound to: 1 - type: integer 
	Parameter C_PROBE133_WIDTH bound to: 1 - type: integer 
	Parameter C_PROBE134_WIDTH bound to: 1 - type: integer 
	Parameter C_PROBE135_WIDTH bound to: 1 - type: integer 
	Parameter C_PROBE136_WIDTH bound to: 1 - type: integer 
	Parameter C_PROBE137_WIDTH bound to: 1 - type: integer 
	Parameter C_PROBE138_WIDTH bound to: 1 - type: integer 
	Parameter C_PROBE139_WIDTH bound to: 1 - type: integer 
	Parameter C_PROBE140_WIDTH bound to: 1 - type: integer 
	Parameter C_PROBE141_WIDTH bound to: 1 - type: integer 
	Parameter C_PROBE142_WIDTH bound to: 1 - type: integer 
	Parameter C_PROBE143_WIDTH bound to: 1 - type: integer 
	Parameter C_PROBE144_WIDTH bound to: 1 - type: integer 
	Parameter C_PROBE145_WIDTH bound to: 1 - type: integer 
	Parameter C_PROBE146_WIDTH bound to: 1 - type: integer 
	Parameter C_PROBE147_WIDTH bound to: 1 - type: integer 
	Parameter C_PROBE148_WIDTH bound to: 1 - type: integer 
	Parameter C_PROBE149_WIDTH bound to: 1 - type: integer 
	Parameter C_PROBE150_WIDTH bound to: 1 - type: integer 
	Parameter C_PROBE151_WIDTH bound to: 1 - type: integer 
	Parameter C_PROBE152_WIDTH bound to: 1 - type: integer 
	Parameter C_PROBE153_WIDTH bound to: 1 - type: integer 
	Parameter C_PROBE154_WIDTH bound to: 1 - type: integer 
	Parameter C_PROBE155_WIDTH bound to: 1 - type: integer 
	Parameter C_PROBE156_WIDTH bound to: 1 - type: integer 
	Parameter C_PROBE157_WIDTH bound to: 1 - type: integer 
	Parameter C_PROBE158_WIDTH bound to: 1 - type: integer 
	Parameter C_PROBE159_WIDTH bound to: 1 - type: integer 
	Parameter C_PROBE160_WIDTH bound to: 1 - type: integer 
	Parameter C_PROBE161_WIDTH bound to: 1 - type: integer 
	Parameter C_PROBE162_WIDTH bound to: 1 - type: integer 
	Parameter C_PROBE163_WIDTH bound to: 1 - type: integer 
	Parameter C_PROBE164_WIDTH bound to: 1 - type: integer 
	Parameter C_PROBE165_WIDTH bound to: 1 - type: integer 
	Parameter C_PROBE166_WIDTH bound to: 1 - type: integer 
	Parameter C_PROBE167_WIDTH bound to: 1 - type: integer 
	Parameter C_PROBE168_WIDTH bound to: 1 - type: integer 
	Parameter C_PROBE169_WIDTH bound to: 1 - type: integer 
	Parameter C_PROBE170_WIDTH bound to: 1 - type: integer 
	Parameter C_PROBE171_WIDTH bound to: 1 - type: integer 
	Parameter C_PROBE172_WIDTH bound to: 1 - type: integer 
	Parameter C_PROBE173_WIDTH bound to: 1 - type: integer 
	Parameter C_PROBE174_WIDTH bound to: 1 - type: integer 
	Parameter C_PROBE175_WIDTH bound to: 1 - type: integer 
	Parameter C_PROBE176_WIDTH bound to: 1 - type: integer 
	Parameter C_PROBE177_WIDTH bound to: 1 - type: integer 
	Parameter C_PROBE178_WIDTH bound to: 1 - type: integer 
	Parameter C_PROBE179_WIDTH bound to: 1 - type: integer 
	Parameter C_PROBE180_WIDTH bound to: 1 - type: integer 
	Parameter C_PROBE181_WIDTH bound to: 1 - type: integer 
	Parameter C_PROBE182_WIDTH bound to: 1 - type: integer 
	Parameter C_PROBE183_WIDTH bound to: 1 - type: integer 
	Parameter C_PROBE184_WIDTH bound to: 1 - type: integer 
	Parameter C_PROBE185_WIDTH bound to: 1 - type: integer 
	Parameter C_PROBE186_WIDTH bound to: 1 - type: integer 
	Parameter C_PROBE187_WIDTH bound to: 1 - type: integer 
	Parameter C_PROBE188_WIDTH bound to: 1 - type: integer 
	Parameter C_PROBE189_WIDTH bound to: 1 - type: integer 
	Parameter C_PROBE190_WIDTH bound to: 1 - type: integer 
	Parameter C_PROBE191_WIDTH bound to: 1 - type: integer 
	Parameter C_PROBE192_WIDTH bound to: 1 - type: integer 
	Parameter C_PROBE193_WIDTH bound to: 1 - type: integer 
	Parameter C_PROBE194_WIDTH bound to: 1 - type: integer 
	Parameter C_PROBE195_WIDTH bound to: 1 - type: integer 
	Parameter C_PROBE196_WIDTH bound to: 1 - type: integer 
	Parameter C_PROBE197_WIDTH bound to: 1 - type: integer 
	Parameter C_PROBE198_WIDTH bound to: 1 - type: integer 
	Parameter C_PROBE199_WIDTH bound to: 1 - type: integer 
	Parameter C_PROBE200_WIDTH bound to: 1 - type: integer 
	Parameter C_PROBE201_WIDTH bound to: 1 - type: integer 
	Parameter C_PROBE202_WIDTH bound to: 1 - type: integer 
	Parameter C_PROBE203_WIDTH bound to: 1 - type: integer 
	Parameter C_PROBE204_WIDTH bound to: 1 - type: integer 
	Parameter C_PROBE205_WIDTH bound to: 1 - type: integer 
	Parameter C_PROBE206_WIDTH bound to: 1 - type: integer 
	Parameter C_PROBE207_WIDTH bound to: 1 - type: integer 
	Parameter C_PROBE208_WIDTH bound to: 1 - type: integer 
	Parameter C_PROBE209_WIDTH bound to: 1 - type: integer 
	Parameter C_PROBE210_WIDTH bound to: 1 - type: integer 
	Parameter C_PROBE211_WIDTH bound to: 1 - type: integer 
	Parameter C_PROBE212_WIDTH bound to: 1 - type: integer 
	Parameter C_PROBE213_WIDTH bound to: 1 - type: integer 
	Parameter C_PROBE214_WIDTH bound to: 1 - type: integer 
	Parameter C_PROBE215_WIDTH bound to: 1 - type: integer 
	Parameter C_PROBE216_WIDTH bound to: 1 - type: integer 
	Parameter C_PROBE217_WIDTH bound to: 1 - type: integer 
	Parameter C_PROBE218_WIDTH bound to: 1 - type: integer 
	Parameter C_PROBE219_WIDTH bound to: 1 - type: integer 
	Parameter C_PROBE220_WIDTH bound to: 1 - type: integer 
	Parameter C_PROBE221_WIDTH bound to: 1 - type: integer 
	Parameter C_PROBE222_WIDTH bound to: 1 - type: integer 
	Parameter C_PROBE223_WIDTH bound to: 1 - type: integer 
	Parameter C_PROBE224_WIDTH bound to: 1 - type: integer 
	Parameter C_PROBE225_WIDTH bound to: 1 - type: integer 
	Parameter C_PROBE226_WIDTH bound to: 1 - type: integer 
	Parameter C_PROBE227_WIDTH bound to: 1 - type: integer 
	Parameter C_PROBE228_WIDTH bound to: 1 - type: integer 
	Parameter C_PROBE229_WIDTH bound to: 1 - type: integer 
	Parameter C_PROBE230_WIDTH bound to: 1 - type: integer 
	Parameter C_PROBE231_WIDTH bound to: 1 - type: integer 
	Parameter C_PROBE232_WIDTH bound to: 1 - type: integer 
	Parameter C_PROBE233_WIDTH bound to: 1 - type: integer 
	Parameter C_PROBE234_WIDTH bound to: 1 - type: integer 
	Parameter C_PROBE235_WIDTH bound to: 1 - type: integer 
	Parameter C_PROBE236_WIDTH bound to: 1 - type: integer 
	Parameter C_PROBE237_WIDTH bound to: 1 - type: integer 
	Parameter C_PROBE238_WIDTH bound to: 1 - type: integer 
	Parameter C_PROBE239_WIDTH bound to: 1 - type: integer 
	Parameter C_PROBE240_WIDTH bound to: 1 - type: integer 
	Parameter C_PROBE241_WIDTH bound to: 1 - type: integer 
	Parameter C_PROBE242_WIDTH bound to: 1 - type: integer 
	Parameter C_PROBE243_WIDTH bound to: 1 - type: integer 
	Parameter C_PROBE244_WIDTH bound to: 1 - type: integer 
	Parameter C_PROBE245_WIDTH bound to: 1 - type: integer 
	Parameter C_PROBE246_WIDTH bound to: 1 - type: integer 
	Parameter C_PROBE247_WIDTH bound to: 1 - type: integer 
	Parameter C_PROBE248_WIDTH bound to: 1 - type: integer 
	Parameter C_PROBE249_WIDTH bound to: 1 - type: integer 
	Parameter C_PROBE250_WIDTH bound to: 1 - type: integer 
	Parameter C_PROBE251_WIDTH bound to: 1 - type: integer 
	Parameter C_PROBE252_WIDTH bound to: 1 - type: integer 
	Parameter C_PROBE253_WIDTH bound to: 1 - type: integer 
	Parameter C_PROBE254_WIDTH bound to: 1 - type: integer 
	Parameter C_PROBE255_WIDTH bound to: 1 - type: integer 
	Parameter C_PROBE256_WIDTH bound to: 1 - type: integer 
	Parameter C_PROBE257_WIDTH bound to: 1 - type: integer 
	Parameter C_PROBE258_WIDTH bound to: 1 - type: integer 
	Parameter C_PROBE259_WIDTH bound to: 1 - type: integer 
	Parameter C_PROBE260_WIDTH bound to: 1 - type: integer 
	Parameter C_PROBE261_WIDTH bound to: 1 - type: integer 
	Parameter C_PROBE262_WIDTH bound to: 1 - type: integer 
	Parameter C_PROBE263_WIDTH bound to: 1 - type: integer 
	Parameter C_PROBE264_WIDTH bound to: 1 - type: integer 
	Parameter C_PROBE265_WIDTH bound to: 1 - type: integer 
	Parameter C_PROBE266_WIDTH bound to: 1 - type: integer 
	Parameter C_PROBE267_WIDTH bound to: 1 - type: integer 
	Parameter C_PROBE268_WIDTH bound to: 1 - type: integer 
	Parameter C_PROBE269_WIDTH bound to: 1 - type: integer 
	Parameter C_PROBE270_WIDTH bound to: 1 - type: integer 
	Parameter C_PROBE271_WIDTH bound to: 1 - type: integer 
	Parameter C_PROBE272_WIDTH bound to: 1 - type: integer 
	Parameter C_PROBE273_WIDTH bound to: 1 - type: integer 
	Parameter C_PROBE274_WIDTH bound to: 1 - type: integer 
	Parameter C_PROBE275_WIDTH bound to: 1 - type: integer 
	Parameter C_PROBE276_WIDTH bound to: 1 - type: integer 
	Parameter C_PROBE277_WIDTH bound to: 1 - type: integer 
	Parameter C_PROBE278_WIDTH bound to: 1 - type: integer 
	Parameter C_PROBE279_WIDTH bound to: 1 - type: integer 
	Parameter C_PROBE280_WIDTH bound to: 1 - type: integer 
	Parameter C_PROBE281_WIDTH bound to: 1 - type: integer 
	Parameter C_PROBE282_WIDTH bound to: 1 - type: integer 
	Parameter C_PROBE283_WIDTH bound to: 1 - type: integer 
	Parameter C_PROBE284_WIDTH bound to: 1 - type: integer 
	Parameter C_PROBE285_WIDTH bound to: 1 - type: integer 
	Parameter C_PROBE286_WIDTH bound to: 1 - type: integer 
	Parameter C_PROBE287_WIDTH bound to: 1 - type: integer 
	Parameter C_PROBE288_WIDTH bound to: 1 - type: integer 
	Parameter C_PROBE289_WIDTH bound to: 1 - type: integer 
	Parameter C_PROBE290_WIDTH bound to: 1 - type: integer 
	Parameter C_PROBE291_WIDTH bound to: 1 - type: integer 
	Parameter C_PROBE292_WIDTH bound to: 1 - type: integer 
	Parameter C_PROBE293_WIDTH bound to: 1 - type: integer 
	Parameter C_PROBE294_WIDTH bound to: 1 - type: integer 
	Parameter C_PROBE295_WIDTH bound to: 1 - type: integer 
	Parameter C_PROBE296_WIDTH bound to: 1 - type: integer 
	Parameter C_PROBE297_WIDTH bound to: 1 - type: integer 
	Parameter C_PROBE298_WIDTH bound to: 1 - type: integer 
	Parameter C_PROBE299_WIDTH bound to: 1 - type: integer 
	Parameter C_PROBE300_WIDTH bound to: 1 - type: integer 
	Parameter C_PROBE301_WIDTH bound to: 1 - type: integer 
	Parameter C_PROBE302_WIDTH bound to: 1 - type: integer 
	Parameter C_PROBE303_WIDTH bound to: 1 - type: integer 
	Parameter C_PROBE304_WIDTH bound to: 1 - type: integer 
	Parameter C_PROBE305_WIDTH bound to: 1 - type: integer 
	Parameter C_PROBE306_WIDTH bound to: 1 - type: integer 
	Parameter C_PROBE307_WIDTH bound to: 1 - type: integer 
	Parameter C_PROBE308_WIDTH bound to: 1 - type: integer 
	Parameter C_PROBE309_WIDTH bound to: 1 - type: integer 
	Parameter C_PROBE310_WIDTH bound to: 1 - type: integer 
	Parameter C_PROBE311_WIDTH bound to: 1 - type: integer 
	Parameter C_PROBE312_WIDTH bound to: 1 - type: integer 
	Parameter C_PROBE313_WIDTH bound to: 1 - type: integer 
	Parameter C_PROBE314_WIDTH bound to: 1 - type: integer 
	Parameter C_PROBE315_WIDTH bound to: 1 - type: integer 
	Parameter C_PROBE316_WIDTH bound to: 1 - type: integer 
	Parameter C_PROBE317_WIDTH bound to: 1 - type: integer 
	Parameter C_PROBE318_WIDTH bound to: 1 - type: integer 
	Parameter C_PROBE319_WIDTH bound to: 1 - type: integer 
	Parameter C_PROBE320_WIDTH bound to: 1 - type: integer 
	Parameter C_PROBE321_WIDTH bound to: 1 - type: integer 
	Parameter C_PROBE322_WIDTH bound to: 1 - type: integer 
	Parameter C_PROBE323_WIDTH bound to: 1 - type: integer 
	Parameter C_PROBE324_WIDTH bound to: 1 - type: integer 
	Parameter C_PROBE325_WIDTH bound to: 1 - type: integer 
	Parameter C_PROBE326_WIDTH bound to: 1 - type: integer 
	Parameter C_PROBE327_WIDTH bound to: 1 - type: integer 
	Parameter C_PROBE328_WIDTH bound to: 1 - type: integer 
	Parameter C_PROBE329_WIDTH bound to: 1 - type: integer 
	Parameter C_PROBE330_WIDTH bound to: 1 - type: integer 
	Parameter C_PROBE331_WIDTH bound to: 1 - type: integer 
	Parameter C_PROBE332_WIDTH bound to: 1 - type: integer 
	Parameter C_PROBE333_WIDTH bound to: 1 - type: integer 
	Parameter C_PROBE334_WIDTH bound to: 1 - type: integer 
	Parameter C_PROBE335_WIDTH bound to: 1 - type: integer 
	Parameter C_PROBE336_WIDTH bound to: 1 - type: integer 
	Parameter C_PROBE337_WIDTH bound to: 1 - type: integer 
	Parameter C_PROBE338_WIDTH bound to: 1 - type: integer 
	Parameter C_PROBE339_WIDTH bound to: 1 - type: integer 
	Parameter C_PROBE340_WIDTH bound to: 1 - type: integer 
	Parameter C_PROBE341_WIDTH bound to: 1 - type: integer 
	Parameter C_PROBE342_WIDTH bound to: 1 - type: integer 
	Parameter C_PROBE343_WIDTH bound to: 1 - type: integer 
	Parameter C_PROBE344_WIDTH bound to: 1 - type: integer 
	Parameter C_PROBE345_WIDTH bound to: 1 - type: integer 
	Parameter C_PROBE346_WIDTH bound to: 1 - type: integer 
	Parameter C_PROBE347_WIDTH bound to: 1 - type: integer 
	Parameter C_PROBE348_WIDTH bound to: 1 - type: integer 
	Parameter C_PROBE349_WIDTH bound to: 1 - type: integer 
	Parameter C_PROBE350_WIDTH bound to: 1 - type: integer 
	Parameter C_PROBE351_WIDTH bound to: 1 - type: integer 
	Parameter C_PROBE352_WIDTH bound to: 1 - type: integer 
	Parameter C_PROBE353_WIDTH bound to: 1 - type: integer 
	Parameter C_PROBE354_WIDTH bound to: 1 - type: integer 
	Parameter C_PROBE355_WIDTH bound to: 1 - type: integer 
	Parameter C_PROBE356_WIDTH bound to: 1 - type: integer 
	Parameter C_PROBE357_WIDTH bound to: 1 - type: integer 
	Parameter C_PROBE358_WIDTH bound to: 1 - type: integer 
	Parameter C_PROBE359_WIDTH bound to: 1 - type: integer 
	Parameter C_PROBE360_WIDTH bound to: 1 - type: integer 
	Parameter C_PROBE361_WIDTH bound to: 1 - type: integer 
	Parameter C_PROBE362_WIDTH bound to: 1 - type: integer 
	Parameter C_PROBE363_WIDTH bound to: 1 - type: integer 
	Parameter C_PROBE364_WIDTH bound to: 1 - type: integer 
	Parameter C_PROBE365_WIDTH bound to: 1 - type: integer 
	Parameter C_PROBE366_WIDTH bound to: 1 - type: integer 
	Parameter C_PROBE367_WIDTH bound to: 1 - type: integer 
	Parameter C_PROBE368_WIDTH bound to: 1 - type: integer 
	Parameter C_PROBE369_WIDTH bound to: 1 - type: integer 
	Parameter C_PROBE370_WIDTH bound to: 1 - type: integer 
	Parameter C_PROBE371_WIDTH bound to: 1 - type: integer 
	Parameter C_PROBE372_WIDTH bound to: 1 - type: integer 
	Parameter C_PROBE373_WIDTH bound to: 1 - type: integer 
	Parameter C_PROBE374_WIDTH bound to: 1 - type: integer 
	Parameter C_PROBE375_WIDTH bound to: 1 - type: integer 
	Parameter C_PROBE376_WIDTH bound to: 1 - type: integer 
	Parameter C_PROBE377_WIDTH bound to: 1 - type: integer 
	Parameter C_PROBE378_WIDTH bound to: 1 - type: integer 
	Parameter C_PROBE379_WIDTH bound to: 1 - type: integer 
	Parameter C_PROBE380_WIDTH bound to: 1 - type: integer 
	Parameter C_PROBE381_WIDTH bound to: 1 - type: integer 
	Parameter C_PROBE382_WIDTH bound to: 1 - type: integer 
	Parameter C_PROBE383_WIDTH bound to: 1 - type: integer 
	Parameter C_PROBE384_WIDTH bound to: 1 - type: integer 
	Parameter C_PROBE385_WIDTH bound to: 1 - type: integer 
	Parameter C_PROBE386_WIDTH bound to: 1 - type: integer 
	Parameter C_PROBE387_WIDTH bound to: 1 - type: integer 
	Parameter C_PROBE388_WIDTH bound to: 1 - type: integer 
	Parameter C_PROBE389_WIDTH bound to: 1 - type: integer 
	Parameter C_PROBE390_WIDTH bound to: 1 - type: integer 
	Parameter C_PROBE391_WIDTH bound to: 1 - type: integer 
	Parameter C_PROBE392_WIDTH bound to: 1 - type: integer 
	Parameter C_PROBE393_WIDTH bound to: 1 - type: integer 
	Parameter C_PROBE394_WIDTH bound to: 1 - type: integer 
	Parameter C_PROBE395_WIDTH bound to: 1 - type: integer 
	Parameter C_PROBE396_WIDTH bound to: 1 - type: integer 
	Parameter C_PROBE397_WIDTH bound to: 1 - type: integer 
	Parameter C_PROBE398_WIDTH bound to: 1 - type: integer 
	Parameter C_PROBE399_WIDTH bound to: 1 - type: integer 
	Parameter C_PROBE400_WIDTH bound to: 1 - type: integer 
	Parameter C_PROBE401_WIDTH bound to: 1 - type: integer 
	Parameter C_PROBE402_WIDTH bound to: 1 - type: integer 
	Parameter C_PROBE403_WIDTH bound to: 1 - type: integer 
	Parameter C_PROBE404_WIDTH bound to: 1 - type: integer 
	Parameter C_PROBE405_WIDTH bound to: 1 - type: integer 
	Parameter C_PROBE406_WIDTH bound to: 1 - type: integer 
	Parameter C_PROBE407_WIDTH bound to: 1 - type: integer 
	Parameter C_PROBE408_WIDTH bound to: 1 - type: integer 
	Parameter C_PROBE409_WIDTH bound to: 1 - type: integer 
	Parameter C_PROBE410_WIDTH bound to: 1 - type: integer 
	Parameter C_PROBE411_WIDTH bound to: 1 - type: integer 
	Parameter C_PROBE412_WIDTH bound to: 1 - type: integer 
	Parameter C_PROBE413_WIDTH bound to: 1 - type: integer 
	Parameter C_PROBE414_WIDTH bound to: 1 - type: integer 
	Parameter C_PROBE415_WIDTH bound to: 1 - type: integer 
	Parameter C_PROBE416_WIDTH bound to: 1 - type: integer 
	Parameter C_PROBE417_WIDTH bound to: 1 - type: integer 
	Parameter C_PROBE418_WIDTH bound to: 1 - type: integer 
	Parameter C_PROBE419_WIDTH bound to: 1 - type: integer 
	Parameter C_PROBE420_WIDTH bound to: 1 - type: integer 
	Parameter C_PROBE421_WIDTH bound to: 1 - type: integer 
	Parameter C_PROBE422_WIDTH bound to: 1 - type: integer 
	Parameter C_PROBE423_WIDTH bound to: 1 - type: integer 
	Parameter C_PROBE424_WIDTH bound to: 1 - type: integer 
	Parameter C_PROBE425_WIDTH bound to: 1 - type: integer 
	Parameter C_PROBE426_WIDTH bound to: 1 - type: integer 
	Parameter C_PROBE427_WIDTH bound to: 1 - type: integer 
	Parameter C_PROBE428_WIDTH bound to: 1 - type: integer 
	Parameter C_PROBE429_WIDTH bound to: 1 - type: integer 
	Parameter C_PROBE430_WIDTH bound to: 1 - type: integer 
	Parameter C_PROBE431_WIDTH bound to: 1 - type: integer 
	Parameter C_PROBE432_WIDTH bound to: 1 - type: integer 
	Parameter C_PROBE433_WIDTH bound to: 1 - type: integer 
	Parameter C_PROBE434_WIDTH bound to: 1 - type: integer 
	Parameter C_PROBE435_WIDTH bound to: 1 - type: integer 
	Parameter C_PROBE436_WIDTH bound to: 1 - type: integer 
	Parameter C_PROBE437_WIDTH bound to: 1 - type: integer 
	Parameter C_PROBE438_WIDTH bound to: 1 - type: integer 
	Parameter C_PROBE439_WIDTH bound to: 1 - type: integer 
	Parameter C_PROBE440_WIDTH bound to: 1 - type: integer 
	Parameter C_PROBE441_WIDTH bound to: 1 - type: integer 
	Parameter C_PROBE442_WIDTH bound to: 1 - type: integer 
	Parameter C_PROBE443_WIDTH bound to: 1 - type: integer 
	Parameter C_PROBE444_WIDTH bound to: 1 - type: integer 
	Parameter C_PROBE445_WIDTH bound to: 1 - type: integer 
	Parameter C_PROBE446_WIDTH bound to: 1 - type: integer 
	Parameter C_PROBE447_WIDTH bound to: 1 - type: integer 
	Parameter C_PROBE448_WIDTH bound to: 1 - type: integer 
	Parameter C_PROBE449_WIDTH bound to: 1 - type: integer 
	Parameter C_PROBE450_WIDTH bound to: 1 - type: integer 
	Parameter C_PROBE451_WIDTH bound to: 1 - type: integer 
	Parameter C_PROBE452_WIDTH bound to: 1 - type: integer 
	Parameter C_PROBE453_WIDTH bound to: 1 - type: integer 
	Parameter C_PROBE454_WIDTH bound to: 1 - type: integer 
	Parameter C_PROBE455_WIDTH bound to: 1 - type: integer 
	Parameter C_PROBE456_WIDTH bound to: 1 - type: integer 
	Parameter C_PROBE457_WIDTH bound to: 1 - type: integer 
	Parameter C_PROBE458_WIDTH bound to: 1 - type: integer 
	Parameter C_PROBE459_WIDTH bound to: 1 - type: integer 
	Parameter C_PROBE460_WIDTH bound to: 1 - type: integer 
	Parameter C_PROBE461_WIDTH bound to: 1 - type: integer 
	Parameter C_PROBE462_WIDTH bound to: 1 - type: integer 
	Parameter C_PROBE463_WIDTH bound to: 1 - type: integer 
	Parameter C_PROBE464_WIDTH bound to: 1 - type: integer 
	Parameter C_PROBE465_WIDTH bound to: 1 - type: integer 
	Parameter C_PROBE466_WIDTH bound to: 1 - type: integer 
	Parameter C_PROBE467_WIDTH bound to: 1 - type: integer 
	Parameter C_PROBE468_WIDTH bound to: 1 - type: integer 
	Parameter C_PROBE469_WIDTH bound to: 1 - type: integer 
	Parameter C_PROBE470_WIDTH bound to: 1 - type: integer 
	Parameter C_PROBE471_WIDTH bound to: 1 - type: integer 
	Parameter C_PROBE472_WIDTH bound to: 1 - type: integer 
	Parameter C_PROBE473_WIDTH bound to: 1 - type: integer 
	Parameter C_PROBE474_WIDTH bound to: 1 - type: integer 
	Parameter C_PROBE475_WIDTH bound to: 1 - type: integer 
	Parameter C_PROBE476_WIDTH bound to: 1 - type: integer 
	Parameter C_PROBE477_WIDTH bound to: 1 - type: integer 
	Parameter C_PROBE478_WIDTH bound to: 1 - type: integer 
	Parameter C_PROBE479_WIDTH bound to: 1 - type: integer 
	Parameter C_PROBE480_WIDTH bound to: 1 - type: integer 
	Parameter C_PROBE481_WIDTH bound to: 1 - type: integer 
	Parameter C_PROBE482_WIDTH bound to: 1 - type: integer 
	Parameter C_PROBE483_WIDTH bound to: 1 - type: integer 
	Parameter C_PROBE484_WIDTH bound to: 1 - type: integer 
	Parameter C_PROBE485_WIDTH bound to: 1 - type: integer 
	Parameter C_PROBE486_WIDTH bound to: 1 - type: integer 
	Parameter C_PROBE487_WIDTH bound to: 1 - type: integer 
	Parameter C_PROBE488_WIDTH bound to: 1 - type: integer 
	Parameter C_PROBE489_WIDTH bound to: 1 - type: integer 
	Parameter C_PROBE490_WIDTH bound to: 1 - type: integer 
	Parameter C_PROBE491_WIDTH bound to: 1 - type: integer 
	Parameter C_PROBE492_WIDTH bound to: 1 - type: integer 
	Parameter C_PROBE493_WIDTH bound to: 1 - type: integer 
	Parameter C_PROBE494_WIDTH bound to: 1 - type: integer 
	Parameter C_PROBE495_WIDTH bound to: 1 - type: integer 
	Parameter C_PROBE496_WIDTH bound to: 1 - type: integer 
	Parameter C_PROBE497_WIDTH bound to: 1 - type: integer 
	Parameter C_PROBE498_WIDTH bound to: 1 - type: integer 
	Parameter C_PROBE499_WIDTH bound to: 1 - type: integer 
	Parameter C_PROBE500_WIDTH bound to: 1 - type: integer 
	Parameter C_PROBE501_WIDTH bound to: 1 - type: integer 
	Parameter C_PROBE502_WIDTH bound to: 1 - type: integer 
	Parameter C_PROBE503_WIDTH bound to: 1 - type: integer 
	Parameter C_PROBE504_WIDTH bound to: 1 - type: integer 
	Parameter C_PROBE505_WIDTH bound to: 1 - type: integer 
	Parameter C_PROBE506_WIDTH bound to: 1 - type: integer 
	Parameter C_PROBE507_WIDTH bound to: 1 - type: integer 
	Parameter C_PROBE508_WIDTH bound to: 1 - type: integer 
	Parameter C_PROBE509_WIDTH bound to: 1 - type: integer 
	Parameter C_PROBE510_WIDTH bound to: 1 - type: integer 
	Parameter C_PROBE511_WIDTH bound to: 1 - type: integer 
	Parameter C_PROBE512_WIDTH bound to: 1 - type: integer 
	Parameter C_PROBE513_WIDTH bound to: 1 - type: integer 
	Parameter C_PROBE514_WIDTH bound to: 1 - type: integer 
	Parameter C_PROBE515_WIDTH bound to: 1 - type: integer 
	Parameter C_PROBE516_WIDTH bound to: 1 - type: integer 
	Parameter C_PROBE517_WIDTH bound to: 1 - type: integer 
	Parameter C_PROBE518_WIDTH bound to: 1 - type: integer 
	Parameter C_PROBE519_WIDTH bound to: 1 - type: integer 
	Parameter C_PROBE520_WIDTH bound to: 1 - type: integer 
	Parameter C_PROBE521_WIDTH bound to: 1 - type: integer 
	Parameter C_PROBE522_WIDTH bound to: 1 - type: integer 
	Parameter C_PROBE523_WIDTH bound to: 1 - type: integer 
	Parameter C_PROBE524_WIDTH bound to: 1 - type: integer 
	Parameter C_PROBE525_WIDTH bound to: 1 - type: integer 
	Parameter C_PROBE526_WIDTH bound to: 1 - type: integer 
	Parameter C_PROBE527_WIDTH bound to: 1 - type: integer 
	Parameter C_PROBE528_WIDTH bound to: 1 - type: integer 
	Parameter C_PROBE529_WIDTH bound to: 1 - type: integer 
	Parameter C_PROBE530_WIDTH bound to: 1 - type: integer 
	Parameter C_PROBE531_WIDTH bound to: 1 - type: integer 
	Parameter C_PROBE532_WIDTH bound to: 1 - type: integer 
	Parameter C_PROBE533_WIDTH bound to: 1 - type: integer 
	Parameter C_PROBE534_WIDTH bound to: 1 - type: integer 
	Parameter C_PROBE535_WIDTH bound to: 1 - type: integer 
	Parameter C_PROBE536_WIDTH bound to: 1 - type: integer 
	Parameter C_PROBE537_WIDTH bound to: 1 - type: integer 
	Parameter C_PROBE538_WIDTH bound to: 1 - type: integer 
	Parameter C_PROBE539_WIDTH bound to: 1 - type: integer 
	Parameter C_PROBE540_WIDTH bound to: 1 - type: integer 
	Parameter C_PROBE541_WIDTH bound to: 1 - type: integer 
	Parameter C_PROBE542_WIDTH bound to: 1 - type: integer 
	Parameter C_PROBE543_WIDTH bound to: 1 - type: integer 
	Parameter C_PROBE544_WIDTH bound to: 1 - type: integer 
	Parameter C_PROBE545_WIDTH bound to: 1 - type: integer 
	Parameter C_PROBE546_WIDTH bound to: 1 - type: integer 
	Parameter C_PROBE547_WIDTH bound to: 1 - type: integer 
	Parameter C_PROBE548_WIDTH bound to: 1 - type: integer 
	Parameter C_PROBE549_WIDTH bound to: 1 - type: integer 
	Parameter C_PROBE550_WIDTH bound to: 1 - type: integer 
	Parameter C_PROBE551_WIDTH bound to: 1 - type: integer 
	Parameter C_PROBE552_WIDTH bound to: 1 - type: integer 
	Parameter C_PROBE553_WIDTH bound to: 1 - type: integer 
	Parameter C_PROBE554_WIDTH bound to: 1 - type: integer 
	Parameter C_PROBE555_WIDTH bound to: 1 - type: integer 
	Parameter C_PROBE556_WIDTH bound to: 1 - type: integer 
	Parameter C_PROBE557_WIDTH bound to: 1 - type: integer 
	Parameter C_PROBE558_WIDTH bound to: 1 - type: integer 
	Parameter C_PROBE559_WIDTH bound to: 1 - type: integer 
	Parameter C_PROBE560_WIDTH bound to: 1 - type: integer 
	Parameter C_PROBE561_WIDTH bound to: 1 - type: integer 
	Parameter C_PROBE562_WIDTH bound to: 1 - type: integer 
	Parameter C_PROBE563_WIDTH bound to: 1 - type: integer 
	Parameter C_PROBE564_WIDTH bound to: 1 - type: integer 
	Parameter C_PROBE565_WIDTH bound to: 1 - type: integer 
	Parameter C_PROBE566_WIDTH bound to: 1 - type: integer 
	Parameter C_PROBE567_WIDTH bound to: 1 - type: integer 
	Parameter C_PROBE568_WIDTH bound to: 1 - type: integer 
	Parameter C_PROBE569_WIDTH bound to: 1 - type: integer 
	Parameter C_PROBE570_WIDTH bound to: 1 - type: integer 
	Parameter C_PROBE571_WIDTH bound to: 1 - type: integer 
	Parameter C_PROBE572_WIDTH bound to: 1 - type: integer 
	Parameter C_PROBE573_WIDTH bound to: 1 - type: integer 
	Parameter C_PROBE574_WIDTH bound to: 1 - type: integer 
	Parameter C_PROBE575_WIDTH bound to: 1 - type: integer 
	Parameter C_PROBE576_WIDTH bound to: 1 - type: integer 
	Parameter C_PROBE577_WIDTH bound to: 1 - type: integer 
	Parameter C_PROBE578_WIDTH bound to: 1 - type: integer 
	Parameter C_PROBE579_WIDTH bound to: 1 - type: integer 
	Parameter C_PROBE580_WIDTH bound to: 1 - type: integer 
	Parameter C_PROBE581_WIDTH bound to: 1 - type: integer 
	Parameter C_PROBE582_WIDTH bound to: 1 - type: integer 
	Parameter C_PROBE583_WIDTH bound to: 1 - type: integer 
	Parameter C_PROBE584_WIDTH bound to: 1 - type: integer 
	Parameter C_PROBE585_WIDTH bound to: 1 - type: integer 
	Parameter C_PROBE586_WIDTH bound to: 1 - type: integer 
	Parameter C_PROBE587_WIDTH bound to: 1 - type: integer 
	Parameter C_PROBE588_WIDTH bound to: 1 - type: integer 
	Parameter C_PROBE589_WIDTH bound to: 1 - type: integer 
	Parameter C_PROBE590_WIDTH bound to: 1 - type: integer 
	Parameter C_PROBE591_WIDTH bound to: 1 - type: integer 
	Parameter C_PROBE592_WIDTH bound to: 1 - type: integer 
	Parameter C_PROBE593_WIDTH bound to: 1 - type: integer 
	Parameter C_PROBE594_WIDTH bound to: 1 - type: integer 
	Parameter C_PROBE595_WIDTH bound to: 1 - type: integer 
	Parameter C_PROBE596_WIDTH bound to: 1 - type: integer 
	Parameter C_PROBE597_WIDTH bound to: 1 - type: integer 
	Parameter C_PROBE598_WIDTH bound to: 1 - type: integer 
	Parameter C_PROBE599_WIDTH bound to: 1 - type: integer 
	Parameter C_PROBE600_WIDTH bound to: 1 - type: integer 
	Parameter C_PROBE601_WIDTH bound to: 1 - type: integer 
	Parameter C_PROBE602_WIDTH bound to: 1 - type: integer 
	Parameter C_PROBE603_WIDTH bound to: 1 - type: integer 
	Parameter C_PROBE604_WIDTH bound to: 1 - type: integer 
	Parameter C_PROBE605_WIDTH bound to: 1 - type: integer 
	Parameter C_PROBE606_WIDTH bound to: 1 - type: integer 
	Parameter C_PROBE607_WIDTH bound to: 1 - type: integer 
	Parameter C_PROBE608_WIDTH bound to: 1 - type: integer 
	Parameter C_PROBE609_WIDTH bound to: 1 - type: integer 
	Parameter C_PROBE610_WIDTH bound to: 1 - type: integer 
	Parameter C_PROBE611_WIDTH bound to: 1 - type: integer 
	Parameter C_PROBE612_WIDTH bound to: 1 - type: integer 
	Parameter C_PROBE613_WIDTH bound to: 1 - type: integer 
	Parameter C_PROBE614_WIDTH bound to: 1 - type: integer 
	Parameter C_PROBE615_WIDTH bound to: 1 - type: integer 
	Parameter C_PROBE616_WIDTH bound to: 1 - type: integer 
	Parameter C_PROBE617_WIDTH bound to: 1 - type: integer 
	Parameter C_PROBE618_WIDTH bound to: 1 - type: integer 
	Parameter C_PROBE619_WIDTH bound to: 1 - type: integer 
	Parameter C_PROBE620_WIDTH bound to: 1 - type: integer 
	Parameter C_PROBE621_WIDTH bound to: 1 - type: integer 
	Parameter C_PROBE622_WIDTH bound to: 1 - type: integer 
	Parameter C_PROBE623_WIDTH bound to: 1 - type: integer 
	Parameter C_PROBE624_WIDTH bound to: 1 - type: integer 
	Parameter C_PROBE625_WIDTH bound to: 1 - type: integer 
	Parameter C_PROBE626_WIDTH bound to: 1 - type: integer 
	Parameter C_PROBE627_WIDTH bound to: 1 - type: integer 
	Parameter C_PROBE628_WIDTH bound to: 1 - type: integer 
	Parameter C_PROBE629_WIDTH bound to: 1 - type: integer 
	Parameter C_PROBE630_WIDTH bound to: 1 - type: integer 
	Parameter C_PROBE631_WIDTH bound to: 1 - type: integer 
	Parameter C_PROBE632_WIDTH bound to: 1 - type: integer 
	Parameter C_PROBE633_WIDTH bound to: 1 - type: integer 
	Parameter C_PROBE634_WIDTH bound to: 1 - type: integer 
	Parameter C_PROBE635_WIDTH bound to: 1 - type: integer 
	Parameter C_PROBE636_WIDTH bound to: 1 - type: integer 
	Parameter C_PROBE637_WIDTH bound to: 1 - type: integer 
	Parameter C_PROBE638_WIDTH bound to: 1 - type: integer 
	Parameter C_PROBE639_WIDTH bound to: 1 - type: integer 
	Parameter C_PROBE640_WIDTH bound to: 1 - type: integer 
	Parameter C_PROBE641_WIDTH bound to: 1 - type: integer 
	Parameter C_PROBE642_WIDTH bound to: 1 - type: integer 
	Parameter C_PROBE643_WIDTH bound to: 1 - type: integer 
	Parameter C_PROBE644_WIDTH bound to: 1 - type: integer 
	Parameter C_PROBE645_WIDTH bound to: 1 - type: integer 
	Parameter C_PROBE646_WIDTH bound to: 1 - type: integer 
	Parameter C_PROBE647_WIDTH bound to: 1 - type: integer 
	Parameter C_PROBE648_WIDTH bound to: 1 - type: integer 
	Parameter C_PROBE649_WIDTH bound to: 1 - type: integer 
	Parameter C_PROBE650_WIDTH bound to: 1 - type: integer 
	Parameter C_PROBE651_WIDTH bound to: 1 - type: integer 
	Parameter C_PROBE652_WIDTH bound to: 1 - type: integer 
	Parameter C_PROBE653_WIDTH bound to: 1 - type: integer 
	Parameter C_PROBE654_WIDTH bound to: 1 - type: integer 
	Parameter C_PROBE655_WIDTH bound to: 1 - type: integer 
	Parameter C_PROBE656_WIDTH bound to: 1 - type: integer 
	Parameter C_PROBE657_WIDTH bound to: 1 - type: integer 
	Parameter C_PROBE658_WIDTH bound to: 1 - type: integer 
	Parameter C_PROBE659_WIDTH bound to: 1 - type: integer 
	Parameter C_PROBE660_WIDTH bound to: 1 - type: integer 
	Parameter C_PROBE661_WIDTH bound to: 1 - type: integer 
	Parameter C_PROBE662_WIDTH bound to: 1 - type: integer 
	Parameter C_PROBE663_WIDTH bound to: 1 - type: integer 
	Parameter C_PROBE664_WIDTH bound to: 1 - type: integer 
	Parameter C_PROBE665_WIDTH bound to: 1 - type: integer 
	Parameter C_PROBE666_WIDTH bound to: 1 - type: integer 
	Parameter C_PROBE667_WIDTH bound to: 1 - type: integer 
	Parameter C_PROBE668_WIDTH bound to: 1 - type: integer 
	Parameter C_PROBE669_WIDTH bound to: 1 - type: integer 
	Parameter C_PROBE670_WIDTH bound to: 1 - type: integer 
	Parameter C_PROBE671_WIDTH bound to: 1 - type: integer 
	Parameter C_PROBE672_WIDTH bound to: 1 - type: integer 
	Parameter C_PROBE673_WIDTH bound to: 1 - type: integer 
	Parameter C_PROBE674_WIDTH bound to: 1 - type: integer 
	Parameter C_PROBE675_WIDTH bound to: 1 - type: integer 
	Parameter C_PROBE676_WIDTH bound to: 1 - type: integer 
	Parameter C_PROBE677_WIDTH bound to: 1 - type: integer 
	Parameter C_PROBE678_WIDTH bound to: 1 - type: integer 
	Parameter C_PROBE679_WIDTH bound to: 1 - type: integer 
	Parameter C_PROBE680_WIDTH bound to: 1 - type: integer 
	Parameter C_PROBE681_WIDTH bound to: 1 - type: integer 
	Parameter C_PROBE682_WIDTH bound to: 1 - type: integer 
	Parameter C_PROBE683_WIDTH bound to: 1 - type: integer 
	Parameter C_PROBE684_WIDTH bound to: 1 - type: integer 
	Parameter C_PROBE685_WIDTH bound to: 1 - type: integer 
	Parameter C_PROBE686_WIDTH bound to: 1 - type: integer 
	Parameter C_PROBE687_WIDTH bound to: 1 - type: integer 
	Parameter C_PROBE688_WIDTH bound to: 1 - type: integer 
	Parameter C_PROBE689_WIDTH bound to: 1 - type: integer 
	Parameter C_PROBE690_WIDTH bound to: 1 - type: integer 
	Parameter C_PROBE691_WIDTH bound to: 1 - type: integer 
	Parameter C_PROBE692_WIDTH bound to: 1 - type: integer 
	Parameter C_PROBE693_WIDTH bound to: 1 - type: integer 
	Parameter C_PROBE694_WIDTH bound to: 1 - type: integer 
	Parameter C_PROBE695_WIDTH bound to: 1 - type: integer 
	Parameter C_PROBE696_WIDTH bound to: 1 - type: integer 
	Parameter C_PROBE697_WIDTH bound to: 1 - type: integer 
	Parameter C_PROBE698_WIDTH bound to: 1 - type: integer 
	Parameter C_PROBE699_WIDTH bound to: 1 - type: integer 
	Parameter C_PROBE700_WIDTH bound to: 1 - type: integer 
	Parameter C_PROBE701_WIDTH bound to: 1 - type: integer 
	Parameter C_PROBE702_WIDTH bound to: 1 - type: integer 
	Parameter C_PROBE703_WIDTH bound to: 1 - type: integer 
	Parameter C_PROBE704_WIDTH bound to: 1 - type: integer 
	Parameter C_PROBE705_WIDTH bound to: 1 - type: integer 
	Parameter C_PROBE706_WIDTH bound to: 1 - type: integer 
	Parameter C_PROBE707_WIDTH bound to: 1 - type: integer 
	Parameter C_PROBE708_WIDTH bound to: 1 - type: integer 
	Parameter C_PROBE709_WIDTH bound to: 1 - type: integer 
	Parameter C_PROBE710_WIDTH bound to: 1 - type: integer 
	Parameter C_PROBE711_WIDTH bound to: 1 - type: integer 
	Parameter C_PROBE712_WIDTH bound to: 1 - type: integer 
	Parameter C_PROBE713_WIDTH bound to: 1 - type: integer 
	Parameter C_PROBE714_WIDTH bound to: 1 - type: integer 
	Parameter C_PROBE715_WIDTH bound to: 1 - type: integer 
	Parameter C_PROBE716_WIDTH bound to: 1 - type: integer 
	Parameter C_PROBE717_WIDTH bound to: 1 - type: integer 
	Parameter C_PROBE718_WIDTH bound to: 1 - type: integer 
	Parameter C_PROBE719_WIDTH bound to: 1 - type: integer 
	Parameter C_PROBE720_WIDTH bound to: 1 - type: integer 
	Parameter C_PROBE721_WIDTH bound to: 1 - type: integer 
	Parameter C_PROBE722_WIDTH bound to: 1 - type: integer 
	Parameter C_PROBE723_WIDTH bound to: 1 - type: integer 
	Parameter C_PROBE724_WIDTH bound to: 1 - type: integer 
	Parameter C_PROBE725_WIDTH bound to: 1 - type: integer 
	Parameter C_PROBE726_WIDTH bound to: 1 - type: integer 
	Parameter C_PROBE727_WIDTH bound to: 1 - type: integer 
	Parameter C_PROBE728_WIDTH bound to: 1 - type: integer 
	Parameter C_PROBE729_WIDTH bound to: 1 - type: integer 
	Parameter C_PROBE730_WIDTH bound to: 1 - type: integer 
	Parameter C_PROBE731_WIDTH bound to: 1 - type: integer 
	Parameter C_PROBE732_WIDTH bound to: 1 - type: integer 
	Parameter C_PROBE733_WIDTH bound to: 1 - type: integer 
	Parameter C_PROBE734_WIDTH bound to: 1 - type: integer 
	Parameter C_PROBE735_WIDTH bound to: 1 - type: integer 
	Parameter C_PROBE736_WIDTH bound to: 1 - type: integer 
	Parameter C_PROBE737_WIDTH bound to: 1 - type: integer 
	Parameter C_PROBE738_WIDTH bound to: 1 - type: integer 
	Parameter C_PROBE739_WIDTH bound to: 1 - type: integer 
	Parameter C_PROBE740_WIDTH bound to: 1 - type: integer 
	Parameter C_PROBE741_WIDTH bound to: 1 - type: integer 
	Parameter C_PROBE742_WIDTH bound to: 1 - type: integer 
	Parameter C_PROBE743_WIDTH bound to: 1 - type: integer 
	Parameter C_PROBE744_WIDTH bound to: 1 - type: integer 
	Parameter C_PROBE745_WIDTH bound to: 1 - type: integer 
	Parameter C_PROBE746_WIDTH bound to: 1 - type: integer 
	Parameter C_PROBE747_WIDTH bound to: 1 - type: integer 
	Parameter C_PROBE748_WIDTH bound to: 1 - type: integer 
	Parameter C_PROBE749_WIDTH bound to: 1 - type: integer 
	Parameter C_PROBE750_WIDTH bound to: 1 - type: integer 
	Parameter C_PROBE751_WIDTH bound to: 1 - type: integer 
	Parameter C_PROBE752_WIDTH bound to: 1 - type: integer 
	Parameter C_PROBE753_WIDTH bound to: 1 - type: integer 
	Parameter C_PROBE754_WIDTH bound to: 1 - type: integer 
	Parameter C_PROBE755_WIDTH bound to: 1 - type: integer 
	Parameter C_PROBE756_WIDTH bound to: 1 - type: integer 
	Parameter C_PROBE757_WIDTH bound to: 1 - type: integer 
	Parameter C_PROBE758_WIDTH bound to: 1 - type: integer 
	Parameter C_PROBE759_WIDTH bound to: 1 - type: integer 
	Parameter C_PROBE760_WIDTH bound to: 1 - type: integer 
	Parameter C_PROBE761_WIDTH bound to: 1 - type: integer 
	Parameter C_PROBE762_WIDTH bound to: 1 - type: integer 
	Parameter C_PROBE763_WIDTH bound to: 1 - type: integer 
	Parameter C_PROBE764_WIDTH bound to: 1 - type: integer 
	Parameter C_PROBE765_WIDTH bound to: 1 - type: integer 
	Parameter C_PROBE766_WIDTH bound to: 1 - type: integer 
	Parameter C_PROBE767_WIDTH bound to: 1 - type: integer 
	Parameter C_PROBE768_WIDTH bound to: 1 - type: integer 
	Parameter C_PROBE769_WIDTH bound to: 1 - type: integer 
	Parameter C_PROBE770_WIDTH bound to: 1 - type: integer 
	Parameter C_PROBE771_WIDTH bound to: 1 - type: integer 
	Parameter C_PROBE772_WIDTH bound to: 1 - type: integer 
	Parameter C_PROBE773_WIDTH bound to: 1 - type: integer 
	Parameter C_PROBE774_WIDTH bound to: 1 - type: integer 
	Parameter C_PROBE775_WIDTH bound to: 1 - type: integer 
	Parameter C_PROBE776_WIDTH bound to: 1 - type: integer 
	Parameter C_PROBE777_WIDTH bound to: 1 - type: integer 
	Parameter C_PROBE778_WIDTH bound to: 1 - type: integer 
	Parameter C_PROBE779_WIDTH bound to: 1 - type: integer 
	Parameter C_PROBE780_WIDTH bound to: 1 - type: integer 
	Parameter C_PROBE781_WIDTH bound to: 1 - type: integer 
	Parameter C_PROBE782_WIDTH bound to: 1 - type: integer 
	Parameter C_PROBE783_WIDTH bound to: 1 - type: integer 
	Parameter C_PROBE784_WIDTH bound to: 1 - type: integer 
	Parameter C_PROBE785_WIDTH bound to: 1 - type: integer 
	Parameter C_PROBE786_WIDTH bound to: 1 - type: integer 
	Parameter C_PROBE787_WIDTH bound to: 1 - type: integer 
	Parameter C_PROBE788_WIDTH bound to: 1 - type: integer 
	Parameter C_PROBE789_WIDTH bound to: 1 - type: integer 
	Parameter C_PROBE790_WIDTH bound to: 1 - type: integer 
	Parameter C_PROBE791_WIDTH bound to: 1 - type: integer 
	Parameter C_PROBE792_WIDTH bound to: 1 - type: integer 
	Parameter C_PROBE793_WIDTH bound to: 1 - type: integer 
	Parameter C_PROBE794_WIDTH bound to: 1 - type: integer 
	Parameter C_PROBE795_WIDTH bound to: 1 - type: integer 
	Parameter C_PROBE796_WIDTH bound to: 1 - type: integer 
	Parameter C_PROBE797_WIDTH bound to: 1 - type: integer 
	Parameter C_PROBE798_WIDTH bound to: 1 - type: integer 
	Parameter C_PROBE799_WIDTH bound to: 1 - type: integer 
	Parameter C_PROBE800_WIDTH bound to: 1 - type: integer 
	Parameter C_PROBE801_WIDTH bound to: 1 - type: integer 
	Parameter C_PROBE802_WIDTH bound to: 1 - type: integer 
	Parameter C_PROBE803_WIDTH bound to: 1 - type: integer 
	Parameter C_PROBE804_WIDTH bound to: 1 - type: integer 
	Parameter C_PROBE805_WIDTH bound to: 1 - type: integer 
	Parameter C_PROBE806_WIDTH bound to: 1 - type: integer 
	Parameter C_PROBE807_WIDTH bound to: 1 - type: integer 
	Parameter C_PROBE808_WIDTH bound to: 1 - type: integer 
	Parameter C_PROBE809_WIDTH bound to: 1 - type: integer 
	Parameter C_PROBE810_WIDTH bound to: 1 - type: integer 
	Parameter C_PROBE811_WIDTH bound to: 1 - type: integer 
	Parameter C_PROBE812_WIDTH bound to: 1 - type: integer 
	Parameter C_PROBE813_WIDTH bound to: 1 - type: integer 
	Parameter C_PROBE814_WIDTH bound to: 1 - type: integer 
	Parameter C_PROBE815_WIDTH bound to: 1 - type: integer 
	Parameter C_PROBE816_WIDTH bound to: 1 - type: integer 
	Parameter C_PROBE817_WIDTH bound to: 1 - type: integer 
	Parameter C_PROBE818_WIDTH bound to: 1 - type: integer 
	Parameter C_PROBE819_WIDTH bound to: 1 - type: integer 
	Parameter C_PROBE820_WIDTH bound to: 1 - type: integer 
	Parameter C_PROBE821_WIDTH bound to: 1 - type: integer 
	Parameter C_PROBE822_WIDTH bound to: 1 - type: integer 
	Parameter C_PROBE823_WIDTH bound to: 1 - type: integer 
	Parameter C_PROBE824_WIDTH bound to: 1 - type: integer 
	Parameter C_PROBE825_WIDTH bound to: 1 - type: integer 
	Parameter C_PROBE826_WIDTH bound to: 1 - type: integer 
	Parameter C_PROBE827_WIDTH bound to: 1 - type: integer 
	Parameter C_PROBE828_WIDTH bound to: 1 - type: integer 
	Parameter C_PROBE829_WIDTH bound to: 1 - type: integer 
	Parameter C_PROBE830_WIDTH bound to: 1 - type: integer 
	Parameter C_PROBE831_WIDTH bound to: 1 - type: integer 
	Parameter C_PROBE832_WIDTH bound to: 1 - type: integer 
	Parameter C_PROBE833_WIDTH bound to: 1 - type: integer 
	Parameter C_PROBE834_WIDTH bound to: 1 - type: integer 
	Parameter C_PROBE835_WIDTH bound to: 1 - type: integer 
	Parameter C_PROBE836_WIDTH bound to: 1 - type: integer 
	Parameter C_PROBE837_WIDTH bound to: 1 - type: integer 
	Parameter C_PROBE838_WIDTH bound to: 1 - type: integer 
	Parameter C_PROBE839_WIDTH bound to: 1 - type: integer 
	Parameter C_PROBE840_WIDTH bound to: 1 - type: integer 
	Parameter C_PROBE841_WIDTH bound to: 1 - type: integer 
	Parameter C_PROBE842_WIDTH bound to: 1 - type: integer 
	Parameter C_PROBE843_WIDTH bound to: 1 - type: integer 
	Parameter C_PROBE844_WIDTH bound to: 1 - type: integer 
	Parameter C_PROBE845_WIDTH bound to: 1 - type: integer 
	Parameter C_PROBE846_WIDTH bound to: 1 - type: integer 
	Parameter C_PROBE847_WIDTH bound to: 1 - type: integer 
	Parameter C_PROBE848_WIDTH bound to: 1 - type: integer 
	Parameter C_PROBE849_WIDTH bound to: 1 - type: integer 
	Parameter C_PROBE850_WIDTH bound to: 1 - type: integer 
	Parameter C_PROBE851_WIDTH bound to: 1 - type: integer 
	Parameter C_PROBE852_WIDTH bound to: 1 - type: integer 
	Parameter C_PROBE853_WIDTH bound to: 1 - type: integer 
	Parameter C_PROBE854_WIDTH bound to: 1 - type: integer 
	Parameter C_PROBE855_WIDTH bound to: 1 - type: integer 
	Parameter C_PROBE856_WIDTH bound to: 1 - type: integer 
	Parameter C_PROBE857_WIDTH bound to: 1 - type: integer 
	Parameter C_PROBE858_WIDTH bound to: 1 - type: integer 
	Parameter C_PROBE859_WIDTH bound to: 1 - type: integer 
	Parameter C_PROBE860_WIDTH bound to: 1 - type: integer 
	Parameter C_PROBE861_WIDTH bound to: 1 - type: integer 
	Parameter C_PROBE862_WIDTH bound to: 1 - type: integer 
	Parameter C_PROBE863_WIDTH bound to: 1 - type: integer 
	Parameter C_PROBE864_WIDTH bound to: 1 - type: integer 
	Parameter C_PROBE865_WIDTH bound to: 1 - type: integer 
	Parameter C_PROBE866_WIDTH bound to: 1 - type: integer 
	Parameter C_PROBE867_WIDTH bound to: 1 - type: integer 
	Parameter C_PROBE868_WIDTH bound to: 1 - type: integer 
	Parameter C_PROBE869_WIDTH bound to: 1 - type: integer 
	Parameter C_PROBE870_WIDTH bound to: 1 - type: integer 
	Parameter C_PROBE871_WIDTH bound to: 1 - type: integer 
	Parameter C_PROBE872_WIDTH bound to: 1 - type: integer 
	Parameter C_PROBE873_WIDTH bound to: 1 - type: integer 
	Parameter C_PROBE874_WIDTH bound to: 1 - type: integer 
	Parameter C_PROBE875_WIDTH bound to: 1 - type: integer 
	Parameter C_PROBE876_WIDTH bound to: 1 - type: integer 
	Parameter C_PROBE877_WIDTH bound to: 1 - type: integer 
	Parameter C_PROBE878_WIDTH bound to: 1 - type: integer 
	Parameter C_PROBE879_WIDTH bound to: 1 - type: integer 
	Parameter C_PROBE880_WIDTH bound to: 1 - type: integer 
	Parameter C_PROBE881_WIDTH bound to: 1 - type: integer 
	Parameter C_PROBE882_WIDTH bound to: 1 - type: integer 
	Parameter C_PROBE883_WIDTH bound to: 1 - type: integer 
	Parameter C_PROBE884_WIDTH bound to: 1 - type: integer 
	Parameter C_PROBE885_WIDTH bound to: 1 - type: integer 
	Parameter C_PROBE886_WIDTH bound to: 1 - type: integer 
	Parameter C_PROBE887_WIDTH bound to: 1 - type: integer 
	Parameter C_PROBE888_WIDTH bound to: 1 - type: integer 
	Parameter C_PROBE889_WIDTH bound to: 1 - type: integer 
	Parameter C_PROBE890_WIDTH bound to: 1 - type: integer 
	Parameter C_PROBE891_WIDTH bound to: 1 - type: integer 
	Parameter C_PROBE892_WIDTH bound to: 1 - type: integer 
	Parameter C_PROBE893_WIDTH bound to: 1 - type: integer 
	Parameter C_PROBE894_WIDTH bound to: 1 - type: integer 
	Parameter C_PROBE895_WIDTH bound to: 1 - type: integer 
	Parameter C_PROBE896_WIDTH bound to: 1 - type: integer 
	Parameter C_PROBE897_WIDTH bound to: 1 - type: integer 
	Parameter C_PROBE898_WIDTH bound to: 1 - type: integer 
	Parameter C_PROBE899_WIDTH bound to: 1 - type: integer 
	Parameter C_PROBE900_WIDTH bound to: 1 - type: integer 
	Parameter C_PROBE901_WIDTH bound to: 1 - type: integer 
	Parameter C_PROBE902_WIDTH bound to: 1 - type: integer 
	Parameter C_PROBE903_WIDTH bound to: 1 - type: integer 
	Parameter C_PROBE904_WIDTH bound to: 1 - type: integer 
	Parameter C_PROBE905_WIDTH bound to: 1 - type: integer 
	Parameter C_PROBE906_WIDTH bound to: 1 - type: integer 
	Parameter C_PROBE907_WIDTH bound to: 1 - type: integer 
	Parameter C_PROBE908_WIDTH bound to: 1 - type: integer 
	Parameter C_PROBE909_WIDTH bound to: 1 - type: integer 
	Parameter C_PROBE910_WIDTH bound to: 1 - type: integer 
	Parameter C_PROBE911_WIDTH bound to: 1 - type: integer 
	Parameter C_PROBE912_WIDTH bound to: 1 - type: integer 
	Parameter C_PROBE913_WIDTH bound to: 1 - type: integer 
	Parameter C_PROBE914_WIDTH bound to: 1 - type: integer 
	Parameter C_PROBE915_WIDTH bound to: 1 - type: integer 
	Parameter C_PROBE916_WIDTH bound to: 1 - type: integer 
	Parameter C_PROBE917_WIDTH bound to: 1 - type: integer 
	Parameter C_PROBE918_WIDTH bound to: 1 - type: integer 
	Parameter C_PROBE919_WIDTH bound to: 1 - type: integer 
	Parameter C_PROBE920_WIDTH bound to: 1 - type: integer 
	Parameter C_PROBE921_WIDTH bound to: 1 - type: integer 
	Parameter C_PROBE922_WIDTH bound to: 1 - type: integer 
	Parameter C_PROBE923_WIDTH bound to: 1 - type: integer 
	Parameter C_PROBE924_WIDTH bound to: 1 - type: integer 
	Parameter C_PROBE925_WIDTH bound to: 1 - type: integer 
	Parameter C_PROBE926_WIDTH bound to: 1 - type: integer 
	Parameter C_PROBE927_WIDTH bound to: 1 - type: integer 
	Parameter C_PROBE928_WIDTH bound to: 1 - type: integer 
	Parameter C_PROBE929_WIDTH bound to: 1 - type: integer 
	Parameter C_PROBE930_WIDTH bound to: 1 - type: integer 
	Parameter C_PROBE931_WIDTH bound to: 1 - type: integer 
	Parameter C_PROBE932_WIDTH bound to: 1 - type: integer 
	Parameter C_PROBE933_WIDTH bound to: 1 - type: integer 
	Parameter C_PROBE934_WIDTH bound to: 1 - type: integer 
	Parameter C_PROBE935_WIDTH bound to: 1 - type: integer 
	Parameter C_PROBE936_WIDTH bound to: 1 - type: integer 
	Parameter C_PROBE937_WIDTH bound to: 1 - type: integer 
	Parameter C_PROBE938_WIDTH bound to: 1 - type: integer 
	Parameter C_PROBE939_WIDTH bound to: 1 - type: integer 
	Parameter C_PROBE940_WIDTH bound to: 1 - type: integer 
	Parameter C_PROBE941_WIDTH bound to: 1 - type: integer 
	Parameter C_PROBE942_WIDTH bound to: 1 - type: integer 
	Parameter C_PROBE943_WIDTH bound to: 1 - type: integer 
	Parameter C_PROBE944_WIDTH bound to: 1 - type: integer 
	Parameter C_PROBE945_WIDTH bound to: 1 - type: integer 
	Parameter C_PROBE946_WIDTH bound to: 1 - type: integer 
	Parameter C_PROBE947_WIDTH bound to: 1 - type: integer 
	Parameter C_PROBE948_WIDTH bound to: 1 - type: integer 
	Parameter C_PROBE949_WIDTH bound to: 1 - type: integer 
	Parameter C_PROBE950_WIDTH bound to: 1 - type: integer 
	Parameter C_PROBE951_WIDTH bound to: 1 - type: integer 
	Parameter C_PROBE952_WIDTH bound to: 1 - type: integer 
	Parameter C_PROBE953_WIDTH bound to: 1 - type: integer 
	Parameter C_PROBE954_WIDTH bound to: 1 - type: integer 
	Parameter C_PROBE955_WIDTH bound to: 1 - type: integer 
	Parameter C_PROBE956_WIDTH bound to: 1 - type: integer 
	Parameter C_PROBE957_WIDTH bound to: 1 - type: integer 
	Parameter C_PROBE958_WIDTH bound to: 1 - type: integer 
	Parameter C_PROBE959_WIDTH bound to: 1 - type: integer 
	Parameter C_PROBE960_WIDTH bound to: 1 - type: integer 
	Parameter C_PROBE961_WIDTH bound to: 1 - type: integer 
	Parameter C_PROBE962_WIDTH bound to: 1 - type: integer 
	Parameter C_PROBE963_WIDTH bound to: 1 - type: integer 
	Parameter C_PROBE964_WIDTH bound to: 1 - type: integer 
	Parameter C_PROBE965_WIDTH bound to: 1 - type: integer 
	Parameter C_PROBE966_WIDTH bound to: 1 - type: integer 
	Parameter C_PROBE967_WIDTH bound to: 1 - type: integer 
	Parameter C_PROBE968_WIDTH bound to: 1 - type: integer 
	Parameter C_PROBE969_WIDTH bound to: 1 - type: integer 
	Parameter C_PROBE970_WIDTH bound to: 1 - type: integer 
	Parameter C_PROBE971_WIDTH bound to: 1 - type: integer 
	Parameter C_PROBE972_WIDTH bound to: 1 - type: integer 
	Parameter C_PROBE973_WIDTH bound to: 1 - type: integer 
	Parameter C_PROBE974_WIDTH bound to: 1 - type: integer 
	Parameter C_PROBE975_WIDTH bound to: 1 - type: integer 
	Parameter C_PROBE976_WIDTH bound to: 1 - type: integer 
	Parameter C_PROBE977_WIDTH bound to: 1 - type: integer 
	Parameter C_PROBE978_WIDTH bound to: 1 - type: integer 
	Parameter C_PROBE979_WIDTH bound to: 1 - type: integer 
	Parameter C_PROBE980_WIDTH bound to: 1 - type: integer 
	Parameter C_PROBE981_WIDTH bound to: 1 - type: integer 
	Parameter C_PROBE982_WIDTH bound to: 1 - type: integer 
	Parameter C_PROBE983_WIDTH bound to: 1 - type: integer 
	Parameter C_PROBE984_WIDTH bound to: 1 - type: integer 
	Parameter C_PROBE985_WIDTH bound to: 1 - type: integer 
	Parameter C_PROBE986_WIDTH bound to: 1 - type: integer 
	Parameter C_PROBE987_WIDTH bound to: 1 - type: integer 
	Parameter C_PROBE988_WIDTH bound to: 1 - type: integer 
	Parameter C_PROBE989_WIDTH bound to: 1 - type: integer 
	Parameter C_PROBE990_WIDTH bound to: 1 - type: integer 
	Parameter C_PROBE991_WIDTH bound to: 1 - type: integer 
	Parameter C_PROBE992_WIDTH bound to: 1 - type: integer 
	Parameter C_PROBE993_WIDTH bound to: 1 - type: integer 
	Parameter C_PROBE994_WIDTH bound to: 1 - type: integer 
	Parameter C_PROBE995_WIDTH bound to: 1 - type: integer 
	Parameter C_PROBE996_WIDTH bound to: 1 - type: integer 
	Parameter C_PROBE997_WIDTH bound to: 1 - type: integer 
	Parameter C_PROBE998_WIDTH bound to: 1 - type: integer 
	Parameter C_PROBE999_WIDTH bound to: 1 - type: integer 
	Parameter C_PROBE1000_WIDTH bound to: 1 - type: integer 
	Parameter C_PROBE1001_WIDTH bound to: 1 - type: integer 
	Parameter C_PROBE1002_WIDTH bound to: 1 - type: integer 
	Parameter C_PROBE1003_WIDTH bound to: 1 - type: integer 
	Parameter C_PROBE1004_WIDTH bound to: 1 - type: integer 
	Parameter C_PROBE1005_WIDTH bound to: 1 - type: integer 
	Parameter C_PROBE1006_WIDTH bound to: 1 - type: integer 
	Parameter C_PROBE1007_WIDTH bound to: 1 - type: integer 
	Parameter C_PROBE1008_WIDTH bound to: 1 - type: integer 
	Parameter C_PROBE1009_WIDTH bound to: 1 - type: integer 
	Parameter C_PROBE1010_WIDTH bound to: 1 - type: integer 
	Parameter C_PROBE1011_WIDTH bound to: 1 - type: integer 
	Parameter C_PROBE1012_WIDTH bound to: 1 - type: integer 
	Parameter C_PROBE1013_WIDTH bound to: 1 - type: integer 
	Parameter C_PROBE1014_WIDTH bound to: 1 - type: integer 
	Parameter C_PROBE1015_WIDTH bound to: 1 - type: integer 
	Parameter C_PROBE1016_WIDTH bound to: 1 - type: integer 
	Parameter C_PROBE1017_WIDTH bound to: 1 - type: integer 
	Parameter C_PROBE1018_WIDTH bound to: 1 - type: integer 
	Parameter C_PROBE1019_WIDTH bound to: 1 - type: integer 
	Parameter C_PROBE1020_WIDTH bound to: 1 - type: integer 
	Parameter C_PROBE1021_WIDTH bound to: 1 - type: integer 
	Parameter C_PROBE1022_WIDTH bound to: 1 - type: integer 
	Parameter C_PROBE1023_WIDTH bound to: 1 - type: integer 
	Parameter C_PROBE0_MU_CNT bound to: 1 - type: integer 
	Parameter C_PROBE1_MU_CNT bound to: 1 - type: integer 
	Parameter C_PROBE2_MU_CNT bound to: 1 - type: integer 
	Parameter C_PROBE3_MU_CNT bound to: 1 - type: integer 
	Parameter C_PROBE4_MU_CNT bound to: 1 - type: integer 
	Parameter C_PROBE5_MU_CNT bound to: 1 - type: integer 
	Parameter C_PROBE6_MU_CNT bound to: 1 - type: integer 
	Parameter C_PROBE7_MU_CNT bound to: 1 - type: integer 
	Parameter C_PROBE8_MU_CNT bound to: 1 - type: integer 
	Parameter C_PROBE9_MU_CNT bound to: 1 - type: integer 
	Parameter C_PROBE10_MU_CNT bound to: 1 - type: integer 
	Parameter C_PROBE11_MU_CNT bound to: 1 - type: integer 
	Parameter C_PROBE12_MU_CNT bound to: 1 - type: integer 
	Parameter C_PROBE13_MU_CNT bound to: 1 - type: integer 
	Parameter C_PROBE14_MU_CNT bound to: 1 - type: integer 
	Parameter C_PROBE15_MU_CNT bound to: 1 - type: integer 
	Parameter C_PROBE16_MU_CNT bound to: 1 - type: integer 
	Parameter C_PROBE17_MU_CNT bound to: 1 - type: integer 
	Parameter C_PROBE18_MU_CNT bound to: 1 - type: integer 
	Parameter C_PROBE19_MU_CNT bound to: 1 - type: integer 
	Parameter C_PROBE20_MU_CNT bound to: 1 - type: integer 
	Parameter C_PROBE21_MU_CNT bound to: 1 - type: integer 
	Parameter C_PROBE22_MU_CNT bound to: 1 - type: integer 
	Parameter C_PROBE23_MU_CNT bound to: 1 - type: integer 
	Parameter C_PROBE24_MU_CNT bound to: 1 - type: integer 
	Parameter C_PROBE25_MU_CNT bound to: 1 - type: integer 
	Parameter C_PROBE26_MU_CNT bound to: 1 - type: integer 
	Parameter C_PROBE27_MU_CNT bound to: 1 - type: integer 
	Parameter C_PROBE28_MU_CNT bound to: 1 - type: integer 
	Parameter C_PROBE29_MU_CNT bound to: 1 - type: integer 
	Parameter C_PROBE30_MU_CNT bound to: 1 - type: integer 
	Parameter C_PROBE31_MU_CNT bound to: 1 - type: integer 
	Parameter C_PROBE32_MU_CNT bound to: 1 - type: integer 
	Parameter C_PROBE33_MU_CNT bound to: 1 - type: integer 
	Parameter C_PROBE34_MU_CNT bound to: 1 - type: integer 
	Parameter C_PROBE35_MU_CNT bound to: 1 - type: integer 
	Parameter C_PROBE36_MU_CNT bound to: 1 - type: integer 
	Parameter C_PROBE37_MU_CNT bound to: 1 - type: integer 
	Parameter C_PROBE38_MU_CNT bound to: 1 - type: integer 
	Parameter C_PROBE39_MU_CNT bound to: 1 - type: integer 
	Parameter C_PROBE40_MU_CNT bound to: 1 - type: integer 
	Parameter C_PROBE41_MU_CNT bound to: 1 - type: integer 
	Parameter C_PROBE42_MU_CNT bound to: 1 - type: integer 
	Parameter C_PROBE43_MU_CNT bound to: 1 - type: integer 
	Parameter C_PROBE44_MU_CNT bound to: 1 - type: integer 
	Parameter C_PROBE45_MU_CNT bound to: 1 - type: integer 
	Parameter C_PROBE46_MU_CNT bound to: 1 - type: integer 
	Parameter C_PROBE47_MU_CNT bound to: 1 - type: integer 
	Parameter C_PROBE48_MU_CNT bound to: 1 - type: integer 
	Parameter C_PROBE49_MU_CNT bound to: 1 - type: integer 
	Parameter C_PROBE50_MU_CNT bound to: 1 - type: integer 
	Parameter C_PROBE51_MU_CNT bound to: 1 - type: integer 
	Parameter C_PROBE52_MU_CNT bound to: 1 - type: integer 
	Parameter C_PROBE53_MU_CNT bound to: 1 - type: integer 
	Parameter C_PROBE54_MU_CNT bound to: 1 - type: integer 
	Parameter C_PROBE55_MU_CNT bound to: 1 - type: integer 
	Parameter C_PROBE56_MU_CNT bound to: 1 - type: integer 
	Parameter C_PROBE57_MU_CNT bound to: 1 - type: integer 
	Parameter C_PROBE58_MU_CNT bound to: 1 - type: integer 
	Parameter C_PROBE59_MU_CNT bound to: 1 - type: integer 
	Parameter C_PROBE60_MU_CNT bound to: 1 - type: integer 
	Parameter C_PROBE61_MU_CNT bound to: 1 - type: integer 
	Parameter C_PROBE62_MU_CNT bound to: 1 - type: integer 
	Parameter C_PROBE63_MU_CNT bound to: 1 - type: integer 
	Parameter C_PROBE64_MU_CNT bound to: 1 - type: integer 
	Parameter C_PROBE65_MU_CNT bound to: 1 - type: integer 
	Parameter C_PROBE66_MU_CNT bound to: 1 - type: integer 
	Parameter C_PROBE67_MU_CNT bound to: 1 - type: integer 
	Parameter C_PROBE68_MU_CNT bound to: 1 - type: integer 
	Parameter C_PROBE69_MU_CNT bound to: 1 - type: integer 
	Parameter C_PROBE70_MU_CNT bound to: 1 - type: integer 
	Parameter C_PROBE71_MU_CNT bound to: 1 - type: integer 
	Parameter C_PROBE72_MU_CNT bound to: 1 - type: integer 
	Parameter C_PROBE73_MU_CNT bound to: 1 - type: integer 
	Parameter C_PROBE74_MU_CNT bound to: 1 - type: integer 
	Parameter C_PROBE75_MU_CNT bound to: 1 - type: integer 
	Parameter C_PROBE76_MU_CNT bound to: 1 - type: integer 
	Parameter C_PROBE77_MU_CNT bound to: 1 - type: integer 
	Parameter C_PROBE78_MU_CNT bound to: 1 - type: integer 
	Parameter C_PROBE79_MU_CNT bound to: 1 - type: integer 
	Parameter C_PROBE80_MU_CNT bound to: 1 - type: integer 
	Parameter C_PROBE81_MU_CNT bound to: 1 - type: integer 
	Parameter C_PROBE82_MU_CNT bound to: 1 - type: integer 
	Parameter C_PROBE83_MU_CNT bound to: 1 - type: integer 
	Parameter C_PROBE84_MU_CNT bound to: 1 - type: integer 
	Parameter C_PROBE85_MU_CNT bound to: 1 - type: integer 
	Parameter C_PROBE86_MU_CNT bound to: 1 - type: integer 
	Parameter C_PROBE87_MU_CNT bound to: 1 - type: integer 
	Parameter C_PROBE88_MU_CNT bound to: 1 - type: integer 
	Parameter C_PROBE89_MU_CNT bound to: 1 - type: integer 
	Parameter C_PROBE90_MU_CNT bound to: 1 - type: integer 
	Parameter C_PROBE91_MU_CNT bound to: 1 - type: integer 
	Parameter C_PROBE92_MU_CNT bound to: 1 - type: integer 
	Parameter C_PROBE93_MU_CNT bound to: 1 - type: integer 
	Parameter C_PROBE94_MU_CNT bound to: 1 - type: integer 
	Parameter C_PROBE95_MU_CNT bound to: 1 - type: integer 
	Parameter C_PROBE96_MU_CNT bound to: 1 - type: integer 
	Parameter C_PROBE97_MU_CNT bound to: 1 - type: integer 
	Parameter C_PROBE98_MU_CNT bound to: 1 - type: integer 
	Parameter C_PROBE99_MU_CNT bound to: 1 - type: integer 
	Parameter C_PROBE100_MU_CNT bound to: 1 - type: integer 
	Parameter C_PROBE101_MU_CNT bound to: 1 - type: integer 
	Parameter C_PROBE102_MU_CNT bound to: 1 - type: integer 
	Parameter C_PROBE103_MU_CNT bound to: 1 - type: integer 
	Parameter C_PROBE104_MU_CNT bound to: 1 - type: integer 
	Parameter C_PROBE105_MU_CNT bound to: 1 - type: integer 
	Parameter C_PROBE106_MU_CNT bound to: 1 - type: integer 
	Parameter C_PROBE107_MU_CNT bound to: 1 - type: integer 
	Parameter C_PROBE108_MU_CNT bound to: 1 - type: integer 
	Parameter C_PROBE109_MU_CNT bound to: 1 - type: integer 
	Parameter C_PROBE110_MU_CNT bound to: 1 - type: integer 
	Parameter C_PROBE111_MU_CNT bound to: 1 - type: integer 
	Parameter C_PROBE112_MU_CNT bound to: 1 - type: integer 
	Parameter C_PROBE113_MU_CNT bound to: 1 - type: integer 
	Parameter C_PROBE114_MU_CNT bound to: 1 - type: integer 
	Parameter C_PROBE115_MU_CNT bound to: 1 - type: integer 
	Parameter C_PROBE116_MU_CNT bound to: 1 - type: integer 
	Parameter C_PROBE117_MU_CNT bound to: 1 - type: integer 
	Parameter C_PROBE118_MU_CNT bound to: 1 - type: integer 
	Parameter C_PROBE119_MU_CNT bound to: 1 - type: integer 
	Parameter C_PROBE120_MU_CNT bound to: 1 - type: integer 
	Parameter C_PROBE121_MU_CNT bound to: 1 - type: integer 
	Parameter C_PROBE122_MU_CNT bound to: 1 - type: integer 
	Parameter C_PROBE123_MU_CNT bound to: 1 - type: integer 
	Parameter C_PROBE124_MU_CNT bound to: 1 - type: integer 
	Parameter C_PROBE125_MU_CNT bound to: 1 - type: integer 
	Parameter C_PROBE126_MU_CNT bound to: 1 - type: integer 
	Parameter C_PROBE127_MU_CNT bound to: 1 - type: integer 
	Parameter C_PROBE128_MU_CNT bound to: 1 - type: integer 
	Parameter C_PROBE129_MU_CNT bound to: 1 - type: integer 
	Parameter C_PROBE130_MU_CNT bound to: 1 - type: integer 
	Parameter C_PROBE131_MU_CNT bound to: 1 - type: integer 
	Parameter C_PROBE132_MU_CNT bound to: 1 - type: integer 
	Parameter C_PROBE133_MU_CNT bound to: 1 - type: integer 
	Parameter C_PROBE134_MU_CNT bound to: 1 - type: integer 
	Parameter C_PROBE135_MU_CNT bound to: 1 - type: integer 
	Parameter C_PROBE136_MU_CNT bound to: 1 - type: integer 
	Parameter C_PROBE137_MU_CNT bound to: 1 - type: integer 
	Parameter C_PROBE138_MU_CNT bound to: 1 - type: integer 
	Parameter C_PROBE139_MU_CNT bound to: 1 - type: integer 
	Parameter C_PROBE140_MU_CNT bound to: 1 - type: integer 
	Parameter C_PROBE141_MU_CNT bound to: 1 - type: integer 
	Parameter C_PROBE142_MU_CNT bound to: 1 - type: integer 
	Parameter C_PROBE143_MU_CNT bound to: 1 - type: integer 
	Parameter C_PROBE144_MU_CNT bound to: 1 - type: integer 
	Parameter C_PROBE145_MU_CNT bound to: 1 - type: integer 
	Parameter C_PROBE146_MU_CNT bound to: 1 - type: integer 
	Parameter C_PROBE147_MU_CNT bound to: 1 - type: integer 
	Parameter C_PROBE148_MU_CNT bound to: 1 - type: integer 
	Parameter C_PROBE149_MU_CNT bound to: 1 - type: integer 
	Parameter C_PROBE150_MU_CNT bound to: 1 - type: integer 
	Parameter C_PROBE151_MU_CNT bound to: 1 - type: integer 
	Parameter C_PROBE152_MU_CNT bound to: 1 - type: integer 
	Parameter C_PROBE153_MU_CNT bound to: 1 - type: integer 
	Parameter C_PROBE154_MU_CNT bound to: 1 - type: integer 
	Parameter C_PROBE155_MU_CNT bound to: 1 - type: integer 
	Parameter C_PROBE156_MU_CNT bound to: 1 - type: integer 
	Parameter C_PROBE157_MU_CNT bound to: 1 - type: integer 
	Parameter C_PROBE158_MU_CNT bound to: 1 - type: integer 
	Parameter C_PROBE159_MU_CNT bound to: 1 - type: integer 
	Parameter C_PROBE160_MU_CNT bound to: 1 - type: integer 
	Parameter C_PROBE161_MU_CNT bound to: 1 - type: integer 
	Parameter C_PROBE162_MU_CNT bound to: 1 - type: integer 
	Parameter C_PROBE163_MU_CNT bound to: 1 - type: integer 
	Parameter C_PROBE164_MU_CNT bound to: 1 - type: integer 
	Parameter C_PROBE165_MU_CNT bound to: 1 - type: integer 
	Parameter C_PROBE166_MU_CNT bound to: 1 - type: integer 
	Parameter C_PROBE167_MU_CNT bound to: 1 - type: integer 
	Parameter C_PROBE168_MU_CNT bound to: 1 - type: integer 
	Parameter C_PROBE169_MU_CNT bound to: 1 - type: integer 
	Parameter C_PROBE170_MU_CNT bound to: 1 - type: integer 
	Parameter C_PROBE171_MU_CNT bound to: 1 - type: integer 
	Parameter C_PROBE172_MU_CNT bound to: 1 - type: integer 
	Parameter C_PROBE173_MU_CNT bound to: 1 - type: integer 
	Parameter C_PROBE174_MU_CNT bound to: 1 - type: integer 
	Parameter C_PROBE175_MU_CNT bound to: 1 - type: integer 
	Parameter C_PROBE176_MU_CNT bound to: 1 - type: integer 
	Parameter C_PROBE177_MU_CNT bound to: 1 - type: integer 
	Parameter C_PROBE178_MU_CNT bound to: 1 - type: integer 
	Parameter C_PROBE179_MU_CNT bound to: 1 - type: integer 
	Parameter C_PROBE180_MU_CNT bound to: 1 - type: integer 
	Parameter C_PROBE181_MU_CNT bound to: 1 - type: integer 
	Parameter C_PROBE182_MU_CNT bound to: 1 - type: integer 
	Parameter C_PROBE183_MU_CNT bound to: 1 - type: integer 
	Parameter C_PROBE184_MU_CNT bound to: 1 - type: integer 
	Parameter C_PROBE185_MU_CNT bound to: 1 - type: integer 
	Parameter C_PROBE186_MU_CNT bound to: 1 - type: integer 
	Parameter C_PROBE187_MU_CNT bound to: 1 - type: integer 
	Parameter C_PROBE188_MU_CNT bound to: 1 - type: integer 
	Parameter C_PROBE189_MU_CNT bound to: 1 - type: integer 
	Parameter C_PROBE190_MU_CNT bound to: 1 - type: integer 
	Parameter C_PROBE191_MU_CNT bound to: 1 - type: integer 
	Parameter C_PROBE192_MU_CNT bound to: 1 - type: integer 
	Parameter C_PROBE193_MU_CNT bound to: 1 - type: integer 
	Parameter C_PROBE194_MU_CNT bound to: 1 - type: integer 
	Parameter C_PROBE195_MU_CNT bound to: 1 - type: integer 
	Parameter C_PROBE196_MU_CNT bound to: 1 - type: integer 
	Parameter C_PROBE197_MU_CNT bound to: 1 - type: integer 
	Parameter C_PROBE198_MU_CNT bound to: 1 - type: integer 
	Parameter C_PROBE199_MU_CNT bound to: 1 - type: integer 
	Parameter C_PROBE200_MU_CNT bound to: 1 - type: integer 
	Parameter C_PROBE201_MU_CNT bound to: 1 - type: integer 
	Parameter C_PROBE202_MU_CNT bound to: 1 - type: integer 
	Parameter C_PROBE203_MU_CNT bound to: 1 - type: integer 
	Parameter C_PROBE204_MU_CNT bound to: 1 - type: integer 
	Parameter C_PROBE205_MU_CNT bound to: 1 - type: integer 
	Parameter C_PROBE206_MU_CNT bound to: 1 - type: integer 
	Parameter C_PROBE207_MU_CNT bound to: 1 - type: integer 
	Parameter C_PROBE208_MU_CNT bound to: 1 - type: integer 
	Parameter C_PROBE209_MU_CNT bound to: 1 - type: integer 
	Parameter C_PROBE210_MU_CNT bound to: 1 - type: integer 
	Parameter C_PROBE211_MU_CNT bound to: 1 - type: integer 
	Parameter C_PROBE212_MU_CNT bound to: 1 - type: integer 
	Parameter C_PROBE213_MU_CNT bound to: 1 - type: integer 
	Parameter C_PROBE214_MU_CNT bound to: 1 - type: integer 
	Parameter C_PROBE215_MU_CNT bound to: 1 - type: integer 
	Parameter C_PROBE216_MU_CNT bound to: 1 - type: integer 
	Parameter C_PROBE217_MU_CNT bound to: 1 - type: integer 
	Parameter C_PROBE218_MU_CNT bound to: 1 - type: integer 
	Parameter C_PROBE219_MU_CNT bound to: 1 - type: integer 
	Parameter C_PROBE220_MU_CNT bound to: 1 - type: integer 
	Parameter C_PROBE221_MU_CNT bound to: 1 - type: integer 
	Parameter C_PROBE222_MU_CNT bound to: 1 - type: integer 
	Parameter C_PROBE223_MU_CNT bound to: 1 - type: integer 
	Parameter C_PROBE224_MU_CNT bound to: 1 - type: integer 
	Parameter C_PROBE225_MU_CNT bound to: 1 - type: integer 
	Parameter C_PROBE226_MU_CNT bound to: 1 - type: integer 
	Parameter C_PROBE227_MU_CNT bound to: 1 - type: integer 
	Parameter C_PROBE228_MU_CNT bound to: 1 - type: integer 
	Parameter C_PROBE229_MU_CNT bound to: 1 - type: integer 
	Parameter C_PROBE230_MU_CNT bound to: 1 - type: integer 
	Parameter C_PROBE231_MU_CNT bound to: 1 - type: integer 
	Parameter C_PROBE232_MU_CNT bound to: 1 - type: integer 
	Parameter C_PROBE233_MU_CNT bound to: 1 - type: integer 
	Parameter C_PROBE234_MU_CNT bound to: 1 - type: integer 
	Parameter C_PROBE235_MU_CNT bound to: 1 - type: integer 
	Parameter C_PROBE236_MU_CNT bound to: 1 - type: integer 
	Parameter C_PROBE237_MU_CNT bound to: 1 - type: integer 
	Parameter C_PROBE238_MU_CNT bound to: 1 - type: integer 
	Parameter C_PROBE239_MU_CNT bound to: 1 - type: integer 
	Parameter C_PROBE240_MU_CNT bound to: 1 - type: integer 
	Parameter C_PROBE241_MU_CNT bound to: 1 - type: integer 
	Parameter C_PROBE242_MU_CNT bound to: 1 - type: integer 
	Parameter C_PROBE243_MU_CNT bound to: 1 - type: integer 
	Parameter C_PROBE244_MU_CNT bound to: 1 - type: integer 
	Parameter C_PROBE245_MU_CNT bound to: 1 - type: integer 
	Parameter C_PROBE246_MU_CNT bound to: 1 - type: integer 
	Parameter C_PROBE247_MU_CNT bound to: 1 - type: integer 
	Parameter C_PROBE248_MU_CNT bound to: 1 - type: integer 
	Parameter C_PROBE249_MU_CNT bound to: 1 - type: integer 
	Parameter C_PROBE250_MU_CNT bound to: 1 - type: integer 
	Parameter C_PROBE251_MU_CNT bound to: 1 - type: integer 
	Parameter C_PROBE252_MU_CNT bound to: 1 - type: integer 
	Parameter C_PROBE253_MU_CNT bound to: 1 - type: integer 
	Parameter C_PROBE254_MU_CNT bound to: 1 - type: integer 
	Parameter C_PROBE255_MU_CNT bound to: 1 - type: integer 
	Parameter C_PROBE256_MU_CNT bound to: 1 - type: integer 
	Parameter C_PROBE257_MU_CNT bound to: 1 - type: integer 
	Parameter C_PROBE258_MU_CNT bound to: 1 - type: integer 
	Parameter C_PROBE259_MU_CNT bound to: 1 - type: integer 
	Parameter C_PROBE260_MU_CNT bound to: 1 - type: integer 
	Parameter C_PROBE261_MU_CNT bound to: 1 - type: integer 
	Parameter C_PROBE262_MU_CNT bound to: 1 - type: integer 
	Parameter C_PROBE263_MU_CNT bound to: 1 - type: integer 
	Parameter C_PROBE264_MU_CNT bound to: 1 - type: integer 
	Parameter C_PROBE265_MU_CNT bound to: 1 - type: integer 
	Parameter C_PROBE266_MU_CNT bound to: 1 - type: integer 
	Parameter C_PROBE267_MU_CNT bound to: 1 - type: integer 
	Parameter C_PROBE268_MU_CNT bound to: 1 - type: integer 
	Parameter C_PROBE269_MU_CNT bound to: 1 - type: integer 
	Parameter C_PROBE270_MU_CNT bound to: 1 - type: integer 
	Parameter C_PROBE271_MU_CNT bound to: 1 - type: integer 
	Parameter C_PROBE272_MU_CNT bound to: 1 - type: integer 
	Parameter C_PROBE273_MU_CNT bound to: 1 - type: integer 
	Parameter C_PROBE274_MU_CNT bound to: 1 - type: integer 
	Parameter C_PROBE275_MU_CNT bound to: 1 - type: integer 
	Parameter C_PROBE276_MU_CNT bound to: 1 - type: integer 
	Parameter C_PROBE277_MU_CNT bound to: 1 - type: integer 
	Parameter C_PROBE278_MU_CNT bound to: 1 - type: integer 
	Parameter C_PROBE279_MU_CNT bound to: 1 - type: integer 
	Parameter C_PROBE280_MU_CNT bound to: 1 - type: integer 
	Parameter C_PROBE281_MU_CNT bound to: 1 - type: integer 
	Parameter C_PROBE282_MU_CNT bound to: 1 - type: integer 
	Parameter C_PROBE283_MU_CNT bound to: 1 - type: integer 
	Parameter C_PROBE284_MU_CNT bound to: 1 - type: integer 
	Parameter C_PROBE285_MU_CNT bound to: 1 - type: integer 
	Parameter C_PROBE286_MU_CNT bound to: 1 - type: integer 
	Parameter C_PROBE287_MU_CNT bound to: 1 - type: integer 
	Parameter C_PROBE288_MU_CNT bound to: 1 - type: integer 
	Parameter C_PROBE289_MU_CNT bound to: 1 - type: integer 
	Parameter C_PROBE290_MU_CNT bound to: 1 - type: integer 
	Parameter C_PROBE291_MU_CNT bound to: 1 - type: integer 
	Parameter C_PROBE292_MU_CNT bound to: 1 - type: integer 
	Parameter C_PROBE293_MU_CNT bound to: 1 - type: integer 
	Parameter C_PROBE294_MU_CNT bound to: 1 - type: integer 
	Parameter C_PROBE295_MU_CNT bound to: 1 - type: integer 
	Parameter C_PROBE296_MU_CNT bound to: 1 - type: integer 
	Parameter C_PROBE297_MU_CNT bound to: 1 - type: integer 
	Parameter C_PROBE298_MU_CNT bound to: 1 - type: integer 
	Parameter C_PROBE299_MU_CNT bound to: 1 - type: integer 
	Parameter C_PROBE300_MU_CNT bound to: 1 - type: integer 
	Parameter C_PROBE301_MU_CNT bound to: 1 - type: integer 
	Parameter C_PROBE302_MU_CNT bound to: 1 - type: integer 
	Parameter C_PROBE303_MU_CNT bound to: 1 - type: integer 
	Parameter C_PROBE304_MU_CNT bound to: 1 - type: integer 
	Parameter C_PROBE305_MU_CNT bound to: 1 - type: integer 
	Parameter C_PROBE306_MU_CNT bound to: 1 - type: integer 
	Parameter C_PROBE307_MU_CNT bound to: 1 - type: integer 
	Parameter C_PROBE308_MU_CNT bound to: 1 - type: integer 
	Parameter C_PROBE309_MU_CNT bound to: 1 - type: integer 
	Parameter C_PROBE310_MU_CNT bound to: 1 - type: integer 
	Parameter C_PROBE311_MU_CNT bound to: 1 - type: integer 
	Parameter C_PROBE312_MU_CNT bound to: 1 - type: integer 
	Parameter C_PROBE313_MU_CNT bound to: 1 - type: integer 
	Parameter C_PROBE314_MU_CNT bound to: 1 - type: integer 
	Parameter C_PROBE315_MU_CNT bound to: 1 - type: integer 
	Parameter C_PROBE316_MU_CNT bound to: 1 - type: integer 
	Parameter C_PROBE317_MU_CNT bound to: 1 - type: integer 
	Parameter C_PROBE318_MU_CNT bound to: 1 - type: integer 
	Parameter C_PROBE319_MU_CNT bound to: 1 - type: integer 
	Parameter C_PROBE320_MU_CNT bound to: 1 - type: integer 
	Parameter C_PROBE321_MU_CNT bound to: 1 - type: integer 
	Parameter C_PROBE322_MU_CNT bound to: 1 - type: integer 
	Parameter C_PROBE323_MU_CNT bound to: 1 - type: integer 
	Parameter C_PROBE324_MU_CNT bound to: 1 - type: integer 
	Parameter C_PROBE325_MU_CNT bound to: 1 - type: integer 
	Parameter C_PROBE326_MU_CNT bound to: 1 - type: integer 
	Parameter C_PROBE327_MU_CNT bound to: 1 - type: integer 
	Parameter C_PROBE328_MU_CNT bound to: 1 - type: integer 
	Parameter C_PROBE329_MU_CNT bound to: 1 - type: integer 
	Parameter C_PROBE330_MU_CNT bound to: 1 - type: integer 
	Parameter C_PROBE331_MU_CNT bound to: 1 - type: integer 
	Parameter C_PROBE332_MU_CNT bound to: 1 - type: integer 
	Parameter C_PROBE333_MU_CNT bound to: 1 - type: integer 
	Parameter C_PROBE334_MU_CNT bound to: 1 - type: integer 
	Parameter C_PROBE335_MU_CNT bound to: 1 - type: integer 
	Parameter C_PROBE336_MU_CNT bound to: 1 - type: integer 
	Parameter C_PROBE337_MU_CNT bound to: 1 - type: integer 
	Parameter C_PROBE338_MU_CNT bound to: 1 - type: integer 
	Parameter C_PROBE339_MU_CNT bound to: 1 - type: integer 
	Parameter C_PROBE340_MU_CNT bound to: 1 - type: integer 
	Parameter C_PROBE341_MU_CNT bound to: 1 - type: integer 
	Parameter C_PROBE342_MU_CNT bound to: 1 - type: integer 
	Parameter C_PROBE343_MU_CNT bound to: 1 - type: integer 
	Parameter C_PROBE344_MU_CNT bound to: 1 - type: integer 
	Parameter C_PROBE345_MU_CNT bound to: 1 - type: integer 
	Parameter C_PROBE346_MU_CNT bound to: 1 - type: integer 
	Parameter C_PROBE347_MU_CNT bound to: 1 - type: integer 
	Parameter C_PROBE348_MU_CNT bound to: 1 - type: integer 
	Parameter C_PROBE349_MU_CNT bound to: 1 - type: integer 
	Parameter C_PROBE350_MU_CNT bound to: 1 - type: integer 
	Parameter C_PROBE351_MU_CNT bound to: 1 - type: integer 
	Parameter C_PROBE352_MU_CNT bound to: 1 - type: integer 
	Parameter C_PROBE353_MU_CNT bound to: 1 - type: integer 
	Parameter C_PROBE354_MU_CNT bound to: 1 - type: integer 
	Parameter C_PROBE355_MU_CNT bound to: 1 - type: integer 
	Parameter C_PROBE356_MU_CNT bound to: 1 - type: integer 
	Parameter C_PROBE357_MU_CNT bound to: 1 - type: integer 
	Parameter C_PROBE358_MU_CNT bound to: 1 - type: integer 
	Parameter C_PROBE359_MU_CNT bound to: 1 - type: integer 
	Parameter C_PROBE360_MU_CNT bound to: 1 - type: integer 
	Parameter C_PROBE361_MU_CNT bound to: 1 - type: integer 
	Parameter C_PROBE362_MU_CNT bound to: 1 - type: integer 
	Parameter C_PROBE363_MU_CNT bound to: 1 - type: integer 
	Parameter C_PROBE364_MU_CNT bound to: 1 - type: integer 
	Parameter C_PROBE365_MU_CNT bound to: 1 - type: integer 
	Parameter C_PROBE366_MU_CNT bound to: 1 - type: integer 
	Parameter C_PROBE367_MU_CNT bound to: 1 - type: integer 
	Parameter C_PROBE368_MU_CNT bound to: 1 - type: integer 
	Parameter C_PROBE369_MU_CNT bound to: 1 - type: integer 
	Parameter C_PROBE370_MU_CNT bound to: 1 - type: integer 
	Parameter C_PROBE371_MU_CNT bound to: 1 - type: integer 
	Parameter C_PROBE372_MU_CNT bound to: 1 - type: integer 
	Parameter C_PROBE373_MU_CNT bound to: 1 - type: integer 
	Parameter C_PROBE374_MU_CNT bound to: 1 - type: integer 
	Parameter C_PROBE375_MU_CNT bound to: 1 - type: integer 
	Parameter C_PROBE376_MU_CNT bound to: 1 - type: integer 
	Parameter C_PROBE377_MU_CNT bound to: 1 - type: integer 
	Parameter C_PROBE378_MU_CNT bound to: 1 - type: integer 
	Parameter C_PROBE379_MU_CNT bound to: 1 - type: integer 
	Parameter C_PROBE380_MU_CNT bound to: 1 - type: integer 
	Parameter C_PROBE381_MU_CNT bound to: 1 - type: integer 
	Parameter C_PROBE382_MU_CNT bound to: 1 - type: integer 
	Parameter C_PROBE383_MU_CNT bound to: 1 - type: integer 
	Parameter C_PROBE384_MU_CNT bound to: 1 - type: integer 
	Parameter C_PROBE385_MU_CNT bound to: 1 - type: integer 
	Parameter C_PROBE386_MU_CNT bound to: 1 - type: integer 
	Parameter C_PROBE387_MU_CNT bound to: 1 - type: integer 
	Parameter C_PROBE388_MU_CNT bound to: 1 - type: integer 
	Parameter C_PROBE389_MU_CNT bound to: 1 - type: integer 
	Parameter C_PROBE390_MU_CNT bound to: 1 - type: integer 
	Parameter C_PROBE391_MU_CNT bound to: 1 - type: integer 
	Parameter C_PROBE392_MU_CNT bound to: 1 - type: integer 
	Parameter C_PROBE393_MU_CNT bound to: 1 - type: integer 
	Parameter C_PROBE394_MU_CNT bound to: 1 - type: integer 
	Parameter C_PROBE395_MU_CNT bound to: 1 - type: integer 
	Parameter C_PROBE396_MU_CNT bound to: 1 - type: integer 
	Parameter C_PROBE397_MU_CNT bound to: 1 - type: integer 
	Parameter C_PROBE398_MU_CNT bound to: 1 - type: integer 
	Parameter C_PROBE399_MU_CNT bound to: 1 - type: integer 
	Parameter C_PROBE400_MU_CNT bound to: 1 - type: integer 
	Parameter C_PROBE401_MU_CNT bound to: 1 - type: integer 
	Parameter C_PROBE402_MU_CNT bound to: 1 - type: integer 
	Parameter C_PROBE403_MU_CNT bound to: 1 - type: integer 
	Parameter C_PROBE404_MU_CNT bound to: 1 - type: integer 
	Parameter C_PROBE405_MU_CNT bound to: 1 - type: integer 
	Parameter C_PROBE406_MU_CNT bound to: 1 - type: integer 
	Parameter C_PROBE407_MU_CNT bound to: 1 - type: integer 
	Parameter C_PROBE408_MU_CNT bound to: 1 - type: integer 
	Parameter C_PROBE409_MU_CNT bound to: 1 - type: integer 
	Parameter C_PROBE410_MU_CNT bound to: 1 - type: integer 
	Parameter C_PROBE411_MU_CNT bound to: 1 - type: integer 
	Parameter C_PROBE412_MU_CNT bound to: 1 - type: integer 
	Parameter C_PROBE413_MU_CNT bound to: 1 - type: integer 
	Parameter C_PROBE414_MU_CNT bound to: 1 - type: integer 
	Parameter C_PROBE415_MU_CNT bound to: 1 - type: integer 
	Parameter C_PROBE416_MU_CNT bound to: 1 - type: integer 
	Parameter C_PROBE417_MU_CNT bound to: 1 - type: integer 
	Parameter C_PROBE418_MU_CNT bound to: 1 - type: integer 
	Parameter C_PROBE419_MU_CNT bound to: 1 - type: integer 
	Parameter C_PROBE420_MU_CNT bound to: 1 - type: integer 
	Parameter C_PROBE421_MU_CNT bound to: 1 - type: integer 
	Parameter C_PROBE422_MU_CNT bound to: 1 - type: integer 
	Parameter C_PROBE423_MU_CNT bound to: 1 - type: integer 
	Parameter C_PROBE424_MU_CNT bound to: 1 - type: integer 
	Parameter C_PROBE425_MU_CNT bound to: 1 - type: integer 
	Parameter C_PROBE426_MU_CNT bound to: 1 - type: integer 
	Parameter C_PROBE427_MU_CNT bound to: 1 - type: integer 
	Parameter C_PROBE428_MU_CNT bound to: 1 - type: integer 
	Parameter C_PROBE429_MU_CNT bound to: 1 - type: integer 
	Parameter C_PROBE430_MU_CNT bound to: 1 - type: integer 
	Parameter C_PROBE431_MU_CNT bound to: 1 - type: integer 
	Parameter C_PROBE432_MU_CNT bound to: 1 - type: integer 
	Parameter C_PROBE433_MU_CNT bound to: 1 - type: integer 
	Parameter C_PROBE434_MU_CNT bound to: 1 - type: integer 
	Parameter C_PROBE435_MU_CNT bound to: 1 - type: integer 
	Parameter C_PROBE436_MU_CNT bound to: 1 - type: integer 
	Parameter C_PROBE437_MU_CNT bound to: 1 - type: integer 
	Parameter C_PROBE438_MU_CNT bound to: 1 - type: integer 
	Parameter C_PROBE439_MU_CNT bound to: 1 - type: integer 
	Parameter C_PROBE440_MU_CNT bound to: 1 - type: integer 
	Parameter C_PROBE441_MU_CNT bound to: 1 - type: integer 
	Parameter C_PROBE442_MU_CNT bound to: 1 - type: integer 
	Parameter C_PROBE443_MU_CNT bound to: 1 - type: integer 
	Parameter C_PROBE444_MU_CNT bound to: 1 - type: integer 
	Parameter C_PROBE445_MU_CNT bound to: 1 - type: integer 
	Parameter C_PROBE446_MU_CNT bound to: 1 - type: integer 
	Parameter C_PROBE447_MU_CNT bound to: 1 - type: integer 
	Parameter C_PROBE448_MU_CNT bound to: 1 - type: integer 
	Parameter C_PROBE449_MU_CNT bound to: 1 - type: integer 
	Parameter C_PROBE450_MU_CNT bound to: 1 - type: integer 
	Parameter C_PROBE451_MU_CNT bound to: 1 - type: integer 
	Parameter C_PROBE452_MU_CNT bound to: 1 - type: integer 
	Parameter C_PROBE453_MU_CNT bound to: 1 - type: integer 
	Parameter C_PROBE454_MU_CNT bound to: 1 - type: integer 
	Parameter C_PROBE455_MU_CNT bound to: 1 - type: integer 
	Parameter C_PROBE456_MU_CNT bound to: 1 - type: integer 
	Parameter C_PROBE457_MU_CNT bound to: 1 - type: integer 
	Parameter C_PROBE458_MU_CNT bound to: 1 - type: integer 
	Parameter C_PROBE459_MU_CNT bound to: 1 - type: integer 
	Parameter C_PROBE460_MU_CNT bound to: 1 - type: integer 
	Parameter C_PROBE461_MU_CNT bound to: 1 - type: integer 
	Parameter C_PROBE462_MU_CNT bound to: 1 - type: integer 
	Parameter C_PROBE463_MU_CNT bound to: 1 - type: integer 
	Parameter C_PROBE464_MU_CNT bound to: 1 - type: integer 
	Parameter C_PROBE465_MU_CNT bound to: 1 - type: integer 
	Parameter C_PROBE466_MU_CNT bound to: 1 - type: integer 
	Parameter C_PROBE467_MU_CNT bound to: 1 - type: integer 
	Parameter C_PROBE468_MU_CNT bound to: 1 - type: integer 
	Parameter C_PROBE469_MU_CNT bound to: 1 - type: integer 
	Parameter C_PROBE470_MU_CNT bound to: 1 - type: integer 
	Parameter C_PROBE471_MU_CNT bound to: 1 - type: integer 
	Parameter C_PROBE472_MU_CNT bound to: 1 - type: integer 
	Parameter C_PROBE473_MU_CNT bound to: 1 - type: integer 
	Parameter C_PROBE474_MU_CNT bound to: 1 - type: integer 
	Parameter C_PROBE475_MU_CNT bound to: 1 - type: integer 
	Parameter C_PROBE476_MU_CNT bound to: 1 - type: integer 
	Parameter C_PROBE477_MU_CNT bound to: 1 - type: integer 
	Parameter C_PROBE478_MU_CNT bound to: 1 - type: integer 
	Parameter C_PROBE479_MU_CNT bound to: 1 - type: integer 
	Parameter C_PROBE480_MU_CNT bound to: 1 - type: integer 
	Parameter C_PROBE481_MU_CNT bound to: 1 - type: integer 
	Parameter C_PROBE482_MU_CNT bound to: 1 - type: integer 
	Parameter C_PROBE483_MU_CNT bound to: 1 - type: integer 
	Parameter C_PROBE484_MU_CNT bound to: 1 - type: integer 
	Parameter C_PROBE485_MU_CNT bound to: 1 - type: integer 
	Parameter C_PROBE486_MU_CNT bound to: 1 - type: integer 
	Parameter C_PROBE487_MU_CNT bound to: 1 - type: integer 
	Parameter C_PROBE488_MU_CNT bound to: 1 - type: integer 
	Parameter C_PROBE489_MU_CNT bound to: 1 - type: integer 
	Parameter C_PROBE490_MU_CNT bound to: 1 - type: integer 
	Parameter C_PROBE491_MU_CNT bound to: 1 - type: integer 
	Parameter C_PROBE492_MU_CNT bound to: 1 - type: integer 
	Parameter C_PROBE493_MU_CNT bound to: 1 - type: integer 
	Parameter C_PROBE494_MU_CNT bound to: 1 - type: integer 
	Parameter C_PROBE495_MU_CNT bound to: 1 - type: integer 
	Parameter C_PROBE496_MU_CNT bound to: 1 - type: integer 
	Parameter C_PROBE497_MU_CNT bound to: 1 - type: integer 
	Parameter C_PROBE498_MU_CNT bound to: 1 - type: integer 
	Parameter C_PROBE499_MU_CNT bound to: 1 - type: integer 
	Parameter C_PROBE500_MU_CNT bound to: 1 - type: integer 
	Parameter C_PROBE501_MU_CNT bound to: 1 - type: integer 
	Parameter C_PROBE502_MU_CNT bound to: 1 - type: integer 
	Parameter C_PROBE503_MU_CNT bound to: 1 - type: integer 
	Parameter C_PROBE504_MU_CNT bound to: 1 - type: integer 
	Parameter C_PROBE505_MU_CNT bound to: 1 - type: integer 
	Parameter C_PROBE506_MU_CNT bound to: 1 - type: integer 
	Parameter C_PROBE507_MU_CNT bound to: 1 - type: integer 
	Parameter C_PROBE508_MU_CNT bound to: 1 - type: integer 
	Parameter C_PROBE509_MU_CNT bound to: 1 - type: integer 
	Parameter C_PROBE510_MU_CNT bound to: 1 - type: integer 
	Parameter C_PROBE511_MU_CNT bound to: 1 - type: integer 
	Parameter C_PROBE512_MU_CNT bound to: 1 - type: integer 
	Parameter C_PROBE513_MU_CNT bound to: 1 - type: integer 
	Parameter C_PROBE514_MU_CNT bound to: 1 - type: integer 
	Parameter C_PROBE515_MU_CNT bound to: 1 - type: integer 
	Parameter C_PROBE516_MU_CNT bound to: 1 - type: integer 
	Parameter C_PROBE517_MU_CNT bound to: 1 - type: integer 
	Parameter C_PROBE518_MU_CNT bound to: 1 - type: integer 
	Parameter C_PROBE519_MU_CNT bound to: 1 - type: integer 
	Parameter C_PROBE520_MU_CNT bound to: 1 - type: integer 
	Parameter C_PROBE521_MU_CNT bound to: 1 - type: integer 
	Parameter C_PROBE522_MU_CNT bound to: 1 - type: integer 
	Parameter C_PROBE523_MU_CNT bound to: 1 - type: integer 
	Parameter C_PROBE524_MU_CNT bound to: 1 - type: integer 
	Parameter C_PROBE525_MU_CNT bound to: 1 - type: integer 
	Parameter C_PROBE526_MU_CNT bound to: 1 - type: integer 
	Parameter C_PROBE527_MU_CNT bound to: 1 - type: integer 
	Parameter C_PROBE528_MU_CNT bound to: 1 - type: integer 
	Parameter C_PROBE529_MU_CNT bound to: 1 - type: integer 
	Parameter C_PROBE530_MU_CNT bound to: 1 - type: integer 
	Parameter C_PROBE531_MU_CNT bound to: 1 - type: integer 
	Parameter C_PROBE532_MU_CNT bound to: 1 - type: integer 
	Parameter C_PROBE533_MU_CNT bound to: 1 - type: integer 
	Parameter C_PROBE534_MU_CNT bound to: 1 - type: integer 
	Parameter C_PROBE535_MU_CNT bound to: 1 - type: integer 
	Parameter C_PROBE536_MU_CNT bound to: 1 - type: integer 
	Parameter C_PROBE537_MU_CNT bound to: 1 - type: integer 
	Parameter C_PROBE538_MU_CNT bound to: 1 - type: integer 
	Parameter C_PROBE539_MU_CNT bound to: 1 - type: integer 
	Parameter C_PROBE540_MU_CNT bound to: 1 - type: integer 
	Parameter C_PROBE541_MU_CNT bound to: 1 - type: integer 
	Parameter C_PROBE542_MU_CNT bound to: 1 - type: integer 
	Parameter C_PROBE543_MU_CNT bound to: 1 - type: integer 
	Parameter C_PROBE544_MU_CNT bound to: 1 - type: integer 
	Parameter C_PROBE545_MU_CNT bound to: 1 - type: integer 
	Parameter C_PROBE546_MU_CNT bound to: 1 - type: integer 
	Parameter C_PROBE547_MU_CNT bound to: 1 - type: integer 
	Parameter C_PROBE548_MU_CNT bound to: 1 - type: integer 
	Parameter C_PROBE549_MU_CNT bound to: 1 - type: integer 
	Parameter C_PROBE550_MU_CNT bound to: 1 - type: integer 
	Parameter C_PROBE551_MU_CNT bound to: 1 - type: integer 
	Parameter C_PROBE552_MU_CNT bound to: 1 - type: integer 
	Parameter C_PROBE553_MU_CNT bound to: 1 - type: integer 
	Parameter C_PROBE554_MU_CNT bound to: 1 - type: integer 
	Parameter C_PROBE555_MU_CNT bound to: 1 - type: integer 
	Parameter C_PROBE556_MU_CNT bound to: 1 - type: integer 
	Parameter C_PROBE557_MU_CNT bound to: 1 - type: integer 
	Parameter C_PROBE558_MU_CNT bound to: 1 - type: integer 
	Parameter C_PROBE559_MU_CNT bound to: 1 - type: integer 
	Parameter C_PROBE560_MU_CNT bound to: 1 - type: integer 
	Parameter C_PROBE561_MU_CNT bound to: 1 - type: integer 
	Parameter C_PROBE562_MU_CNT bound to: 1 - type: integer 
	Parameter C_PROBE563_MU_CNT bound to: 1 - type: integer 
	Parameter C_PROBE564_MU_CNT bound to: 1 - type: integer 
	Parameter C_PROBE565_MU_CNT bound to: 1 - type: integer 
	Parameter C_PROBE566_MU_CNT bound to: 1 - type: integer 
	Parameter C_PROBE567_MU_CNT bound to: 1 - type: integer 
	Parameter C_PROBE568_MU_CNT bound to: 1 - type: integer 
	Parameter C_PROBE569_MU_CNT bound to: 1 - type: integer 
	Parameter C_PROBE570_MU_CNT bound to: 1 - type: integer 
	Parameter C_PROBE571_MU_CNT bound to: 1 - type: integer 
	Parameter C_PROBE572_MU_CNT bound to: 1 - type: integer 
	Parameter C_PROBE573_MU_CNT bound to: 1 - type: integer 
	Parameter C_PROBE574_MU_CNT bound to: 1 - type: integer 
	Parameter C_PROBE575_MU_CNT bound to: 1 - type: integer 
	Parameter C_PROBE576_MU_CNT bound to: 1 - type: integer 
	Parameter C_PROBE577_MU_CNT bound to: 1 - type: integer 
	Parameter C_PROBE578_MU_CNT bound to: 1 - type: integer 
	Parameter C_PROBE579_MU_CNT bound to: 1 - type: integer 
	Parameter C_PROBE580_MU_CNT bound to: 1 - type: integer 
	Parameter C_PROBE581_MU_CNT bound to: 1 - type: integer 
	Parameter C_PROBE582_MU_CNT bound to: 1 - type: integer 
	Parameter C_PROBE583_MU_CNT bound to: 1 - type: integer 
	Parameter C_PROBE584_MU_CNT bound to: 1 - type: integer 
	Parameter C_PROBE585_MU_CNT bound to: 1 - type: integer 
	Parameter C_PROBE586_MU_CNT bound to: 1 - type: integer 
	Parameter C_PROBE587_MU_CNT bound to: 1 - type: integer 
	Parameter C_PROBE588_MU_CNT bound to: 1 - type: integer 
	Parameter C_PROBE589_MU_CNT bound to: 1 - type: integer 
	Parameter C_PROBE590_MU_CNT bound to: 1 - type: integer 
	Parameter C_PROBE591_MU_CNT bound to: 1 - type: integer 
	Parameter C_PROBE592_MU_CNT bound to: 1 - type: integer 
	Parameter C_PROBE593_MU_CNT bound to: 1 - type: integer 
	Parameter C_PROBE594_MU_CNT bound to: 1 - type: integer 
	Parameter C_PROBE595_MU_CNT bound to: 1 - type: integer 
	Parameter C_PROBE596_MU_CNT bound to: 1 - type: integer 
	Parameter C_PROBE597_MU_CNT bound to: 1 - type: integer 
	Parameter C_PROBE598_MU_CNT bound to: 1 - type: integer 
	Parameter C_PROBE599_MU_CNT bound to: 1 - type: integer 
	Parameter C_PROBE600_MU_CNT bound to: 1 - type: integer 
	Parameter C_PROBE601_MU_CNT bound to: 1 - type: integer 
	Parameter C_PROBE602_MU_CNT bound to: 1 - type: integer 
	Parameter C_PROBE603_MU_CNT bound to: 1 - type: integer 
	Parameter C_PROBE604_MU_CNT bound to: 1 - type: integer 
	Parameter C_PROBE605_MU_CNT bound to: 1 - type: integer 
	Parameter C_PROBE606_MU_CNT bound to: 1 - type: integer 
	Parameter C_PROBE607_MU_CNT bound to: 1 - type: integer 
	Parameter C_PROBE608_MU_CNT bound to: 1 - type: integer 
	Parameter C_PROBE609_MU_CNT bound to: 1 - type: integer 
	Parameter C_PROBE610_MU_CNT bound to: 1 - type: integer 
	Parameter C_PROBE611_MU_CNT bound to: 1 - type: integer 
	Parameter C_PROBE612_MU_CNT bound to: 1 - type: integer 
	Parameter C_PROBE613_MU_CNT bound to: 1 - type: integer 
	Parameter C_PROBE614_MU_CNT bound to: 1 - type: integer 
	Parameter C_PROBE615_MU_CNT bound to: 1 - type: integer 
	Parameter C_PROBE616_MU_CNT bound to: 1 - type: integer 
	Parameter C_PROBE617_MU_CNT bound to: 1 - type: integer 
	Parameter C_PROBE618_MU_CNT bound to: 1 - type: integer 
	Parameter C_PROBE619_MU_CNT bound to: 1 - type: integer 
	Parameter C_PROBE620_MU_CNT bound to: 1 - type: integer 
	Parameter C_PROBE621_MU_CNT bound to: 1 - type: integer 
	Parameter C_PROBE622_MU_CNT bound to: 1 - type: integer 
	Parameter C_PROBE623_MU_CNT bound to: 1 - type: integer 
	Parameter C_PROBE624_MU_CNT bound to: 1 - type: integer 
	Parameter C_PROBE625_MU_CNT bound to: 1 - type: integer 
	Parameter C_PROBE626_MU_CNT bound to: 1 - type: integer 
	Parameter C_PROBE627_MU_CNT bound to: 1 - type: integer 
	Parameter C_PROBE628_MU_CNT bound to: 1 - type: integer 
	Parameter C_PROBE629_MU_CNT bound to: 1 - type: integer 
	Parameter C_PROBE630_MU_CNT bound to: 1 - type: integer 
	Parameter C_PROBE631_MU_CNT bound to: 1 - type: integer 
	Parameter C_PROBE632_MU_CNT bound to: 1 - type: integer 
	Parameter C_PROBE633_MU_CNT bound to: 1 - type: integer 
	Parameter C_PROBE634_MU_CNT bound to: 1 - type: integer 
	Parameter C_PROBE635_MU_CNT bound to: 1 - type: integer 
	Parameter C_PROBE636_MU_CNT bound to: 1 - type: integer 
	Parameter C_PROBE637_MU_CNT bound to: 1 - type: integer 
	Parameter C_PROBE638_MU_CNT bound to: 1 - type: integer 
	Parameter C_PROBE639_MU_CNT bound to: 1 - type: integer 
	Parameter C_PROBE640_MU_CNT bound to: 1 - type: integer 
	Parameter C_PROBE641_MU_CNT bound to: 1 - type: integer 
	Parameter C_PROBE642_MU_CNT bound to: 1 - type: integer 
	Parameter C_PROBE643_MU_CNT bound to: 1 - type: integer 
	Parameter C_PROBE644_MU_CNT bound to: 1 - type: integer 
	Parameter C_PROBE645_MU_CNT bound to: 1 - type: integer 
	Parameter C_PROBE646_MU_CNT bound to: 1 - type: integer 
	Parameter C_PROBE647_MU_CNT bound to: 1 - type: integer 
	Parameter C_PROBE648_MU_CNT bound to: 1 - type: integer 
	Parameter C_PROBE649_MU_CNT bound to: 1 - type: integer 
	Parameter C_PROBE650_MU_CNT bound to: 1 - type: integer 
	Parameter C_PROBE651_MU_CNT bound to: 1 - type: integer 
	Parameter C_PROBE652_MU_CNT bound to: 1 - type: integer 
	Parameter C_PROBE653_MU_CNT bound to: 1 - type: integer 
	Parameter C_PROBE654_MU_CNT bound to: 1 - type: integer 
	Parameter C_PROBE655_MU_CNT bound to: 1 - type: integer 
	Parameter C_PROBE656_MU_CNT bound to: 1 - type: integer 
	Parameter C_PROBE657_MU_CNT bound to: 1 - type: integer 
	Parameter C_PROBE658_MU_CNT bound to: 1 - type: integer 
	Parameter C_PROBE659_MU_CNT bound to: 1 - type: integer 
	Parameter C_PROBE660_MU_CNT bound to: 1 - type: integer 
	Parameter C_PROBE661_MU_CNT bound to: 1 - type: integer 
	Parameter C_PROBE662_MU_CNT bound to: 1 - type: integer 
	Parameter C_PROBE663_MU_CNT bound to: 1 - type: integer 
	Parameter C_PROBE664_MU_CNT bound to: 1 - type: integer 
	Parameter C_PROBE665_MU_CNT bound to: 1 - type: integer 
	Parameter C_PROBE666_MU_CNT bound to: 1 - type: integer 
	Parameter C_PROBE667_MU_CNT bound to: 1 - type: integer 
	Parameter C_PROBE668_MU_CNT bound to: 1 - type: integer 
	Parameter C_PROBE669_MU_CNT bound to: 1 - type: integer 
	Parameter C_PROBE670_MU_CNT bound to: 1 - type: integer 
	Parameter C_PROBE671_MU_CNT bound to: 1 - type: integer 
	Parameter C_PROBE672_MU_CNT bound to: 1 - type: integer 
	Parameter C_PROBE673_MU_CNT bound to: 1 - type: integer 
	Parameter C_PROBE674_MU_CNT bound to: 1 - type: integer 
	Parameter C_PROBE675_MU_CNT bound to: 1 - type: integer 
	Parameter C_PROBE676_MU_CNT bound to: 1 - type: integer 
	Parameter C_PROBE677_MU_CNT bound to: 1 - type: integer 
	Parameter C_PROBE678_MU_CNT bound to: 1 - type: integer 
	Parameter C_PROBE679_MU_CNT bound to: 1 - type: integer 
	Parameter C_PROBE680_MU_CNT bound to: 1 - type: integer 
	Parameter C_PROBE681_MU_CNT bound to: 1 - type: integer 
	Parameter C_PROBE682_MU_CNT bound to: 1 - type: integer 
	Parameter C_PROBE683_MU_CNT bound to: 1 - type: integer 
	Parameter C_PROBE684_MU_CNT bound to: 1 - type: integer 
	Parameter C_PROBE685_MU_CNT bound to: 1 - type: integer 
	Parameter C_PROBE686_MU_CNT bound to: 1 - type: integer 
	Parameter C_PROBE687_MU_CNT bound to: 1 - type: integer 
	Parameter C_PROBE688_MU_CNT bound to: 1 - type: integer 
	Parameter C_PROBE689_MU_CNT bound to: 1 - type: integer 
	Parameter C_PROBE690_MU_CNT bound to: 1 - type: integer 
	Parameter C_PROBE691_MU_CNT bound to: 1 - type: integer 
	Parameter C_PROBE692_MU_CNT bound to: 1 - type: integer 
	Parameter C_PROBE693_MU_CNT bound to: 1 - type: integer 
	Parameter C_PROBE694_MU_CNT bound to: 1 - type: integer 
	Parameter C_PROBE695_MU_CNT bound to: 1 - type: integer 
	Parameter C_PROBE696_MU_CNT bound to: 1 - type: integer 
	Parameter C_PROBE697_MU_CNT bound to: 1 - type: integer 
	Parameter C_PROBE698_MU_CNT bound to: 1 - type: integer 
	Parameter C_PROBE699_MU_CNT bound to: 1 - type: integer 
	Parameter C_PROBE700_MU_CNT bound to: 1 - type: integer 
	Parameter C_PROBE701_MU_CNT bound to: 1 - type: integer 
	Parameter C_PROBE702_MU_CNT bound to: 1 - type: integer 
	Parameter C_PROBE703_MU_CNT bound to: 1 - type: integer 
	Parameter C_PROBE704_MU_CNT bound to: 1 - type: integer 
	Parameter C_PROBE705_MU_CNT bound to: 1 - type: integer 
	Parameter C_PROBE706_MU_CNT bound to: 1 - type: integer 
	Parameter C_PROBE707_MU_CNT bound to: 1 - type: integer 
	Parameter C_PROBE708_MU_CNT bound to: 1 - type: integer 
	Parameter C_PROBE709_MU_CNT bound to: 1 - type: integer 
	Parameter C_PROBE710_MU_CNT bound to: 1 - type: integer 
	Parameter C_PROBE711_MU_CNT bound to: 1 - type: integer 
	Parameter C_PROBE712_MU_CNT bound to: 1 - type: integer 
	Parameter C_PROBE713_MU_CNT bound to: 1 - type: integer 
	Parameter C_PROBE714_MU_CNT bound to: 1 - type: integer 
	Parameter C_PROBE715_MU_CNT bound to: 1 - type: integer 
	Parameter C_PROBE716_MU_CNT bound to: 1 - type: integer 
	Parameter C_PROBE717_MU_CNT bound to: 1 - type: integer 
	Parameter C_PROBE718_MU_CNT bound to: 1 - type: integer 
	Parameter C_PROBE719_MU_CNT bound to: 1 - type: integer 
	Parameter C_PROBE720_MU_CNT bound to: 1 - type: integer 
	Parameter C_PROBE721_MU_CNT bound to: 1 - type: integer 
	Parameter C_PROBE722_MU_CNT bound to: 1 - type: integer 
	Parameter C_PROBE723_MU_CNT bound to: 1 - type: integer 
	Parameter C_PROBE724_MU_CNT bound to: 1 - type: integer 
	Parameter C_PROBE725_MU_CNT bound to: 1 - type: integer 
	Parameter C_PROBE726_MU_CNT bound to: 1 - type: integer 
	Parameter C_PROBE727_MU_CNT bound to: 1 - type: integer 
	Parameter C_PROBE728_MU_CNT bound to: 1 - type: integer 
	Parameter C_PROBE729_MU_CNT bound to: 1 - type: integer 
	Parameter C_PROBE730_MU_CNT bound to: 1 - type: integer 
	Parameter C_PROBE731_MU_CNT bound to: 1 - type: integer 
	Parameter C_PROBE732_MU_CNT bound to: 1 - type: integer 
	Parameter C_PROBE733_MU_CNT bound to: 1 - type: integer 
	Parameter C_PROBE734_MU_CNT bound to: 1 - type: integer 
	Parameter C_PROBE735_MU_CNT bound to: 1 - type: integer 
	Parameter C_PROBE736_MU_CNT bound to: 1 - type: integer 
	Parameter C_PROBE737_MU_CNT bound to: 1 - type: integer 
	Parameter C_PROBE738_MU_CNT bound to: 1 - type: integer 
	Parameter C_PROBE739_MU_CNT bound to: 1 - type: integer 
	Parameter C_PROBE740_MU_CNT bound to: 1 - type: integer 
	Parameter C_PROBE741_MU_CNT bound to: 1 - type: integer 
	Parameter C_PROBE742_MU_CNT bound to: 1 - type: integer 
	Parameter C_PROBE743_MU_CNT bound to: 1 - type: integer 
	Parameter C_PROBE744_MU_CNT bound to: 1 - type: integer 
	Parameter C_PROBE745_MU_CNT bound to: 1 - type: integer 
	Parameter C_PROBE746_MU_CNT bound to: 1 - type: integer 
	Parameter C_PROBE747_MU_CNT bound to: 1 - type: integer 
	Parameter C_PROBE748_MU_CNT bound to: 1 - type: integer 
	Parameter C_PROBE749_MU_CNT bound to: 1 - type: integer 
	Parameter C_PROBE750_MU_CNT bound to: 1 - type: integer 
	Parameter C_PROBE751_MU_CNT bound to: 1 - type: integer 
	Parameter C_PROBE752_MU_CNT bound to: 1 - type: integer 
	Parameter C_PROBE753_MU_CNT bound to: 1 - type: integer 
	Parameter C_PROBE754_MU_CNT bound to: 1 - type: integer 
	Parameter C_PROBE755_MU_CNT bound to: 1 - type: integer 
	Parameter C_PROBE756_MU_CNT bound to: 1 - type: integer 
	Parameter C_PROBE757_MU_CNT bound to: 1 - type: integer 
	Parameter C_PROBE758_MU_CNT bound to: 1 - type: integer 
	Parameter C_PROBE759_MU_CNT bound to: 1 - type: integer 
	Parameter C_PROBE760_MU_CNT bound to: 1 - type: integer 
	Parameter C_PROBE761_MU_CNT bound to: 1 - type: integer 
	Parameter C_PROBE762_MU_CNT bound to: 1 - type: integer 
	Parameter C_PROBE763_MU_CNT bound to: 1 - type: integer 
	Parameter C_PROBE764_MU_CNT bound to: 1 - type: integer 
	Parameter C_PROBE765_MU_CNT bound to: 1 - type: integer 
	Parameter C_PROBE766_MU_CNT bound to: 1 - type: integer 
	Parameter C_PROBE767_MU_CNT bound to: 1 - type: integer 
	Parameter C_PROBE768_MU_CNT bound to: 1 - type: integer 
	Parameter C_PROBE769_MU_CNT bound to: 1 - type: integer 
	Parameter C_PROBE770_MU_CNT bound to: 1 - type: integer 
	Parameter C_PROBE771_MU_CNT bound to: 1 - type: integer 
	Parameter C_PROBE772_MU_CNT bound to: 1 - type: integer 
	Parameter C_PROBE773_MU_CNT bound to: 1 - type: integer 
	Parameter C_PROBE774_MU_CNT bound to: 1 - type: integer 
	Parameter C_PROBE775_MU_CNT bound to: 1 - type: integer 
	Parameter C_PROBE776_MU_CNT bound to: 1 - type: integer 
	Parameter C_PROBE777_MU_CNT bound to: 1 - type: integer 
	Parameter C_PROBE778_MU_CNT bound to: 1 - type: integer 
	Parameter C_PROBE779_MU_CNT bound to: 1 - type: integer 
	Parameter C_PROBE780_MU_CNT bound to: 1 - type: integer 
	Parameter C_PROBE781_MU_CNT bound to: 1 - type: integer 
	Parameter C_PROBE782_MU_CNT bound to: 1 - type: integer 
	Parameter C_PROBE783_MU_CNT bound to: 1 - type: integer 
	Parameter C_PROBE784_MU_CNT bound to: 1 - type: integer 
	Parameter C_PROBE785_MU_CNT bound to: 1 - type: integer 
	Parameter C_PROBE786_MU_CNT bound to: 1 - type: integer 
	Parameter C_PROBE787_MU_CNT bound to: 1 - type: integer 
	Parameter C_PROBE788_MU_CNT bound to: 1 - type: integer 
	Parameter C_PROBE789_MU_CNT bound to: 1 - type: integer 
	Parameter C_PROBE790_MU_CNT bound to: 1 - type: integer 
	Parameter C_PROBE791_MU_CNT bound to: 1 - type: integer 
	Parameter C_PROBE792_MU_CNT bound to: 1 - type: integer 
	Parameter C_PROBE793_MU_CNT bound to: 1 - type: integer 
	Parameter C_PROBE794_MU_CNT bound to: 1 - type: integer 
	Parameter C_PROBE795_MU_CNT bound to: 1 - type: integer 
	Parameter C_PROBE796_MU_CNT bound to: 1 - type: integer 
	Parameter C_PROBE797_MU_CNT bound to: 1 - type: integer 
	Parameter C_PROBE798_MU_CNT bound to: 1 - type: integer 
	Parameter C_PROBE799_MU_CNT bound to: 1 - type: integer 
	Parameter C_PROBE800_MU_CNT bound to: 1 - type: integer 
	Parameter C_PROBE801_MU_CNT bound to: 1 - type: integer 
	Parameter C_PROBE802_MU_CNT bound to: 1 - type: integer 
	Parameter C_PROBE803_MU_CNT bound to: 1 - type: integer 
	Parameter C_PROBE804_MU_CNT bound to: 1 - type: integer 
	Parameter C_PROBE805_MU_CNT bound to: 1 - type: integer 
	Parameter C_PROBE806_MU_CNT bound to: 1 - type: integer 
	Parameter C_PROBE807_MU_CNT bound to: 1 - type: integer 
	Parameter C_PROBE808_MU_CNT bound to: 1 - type: integer 
	Parameter C_PROBE809_MU_CNT bound to: 1 - type: integer 
	Parameter C_PROBE810_MU_CNT bound to: 1 - type: integer 
	Parameter C_PROBE811_MU_CNT bound to: 1 - type: integer 
	Parameter C_PROBE812_MU_CNT bound to: 1 - type: integer 
	Parameter C_PROBE813_MU_CNT bound to: 1 - type: integer 
	Parameter C_PROBE814_MU_CNT bound to: 1 - type: integer 
	Parameter C_PROBE815_MU_CNT bound to: 1 - type: integer 
	Parameter C_PROBE816_MU_CNT bound to: 1 - type: integer 
	Parameter C_PROBE817_MU_CNT bound to: 1 - type: integer 
	Parameter C_PROBE818_MU_CNT bound to: 1 - type: integer 
	Parameter C_PROBE819_MU_CNT bound to: 1 - type: integer 
	Parameter C_PROBE820_MU_CNT bound to: 1 - type: integer 
	Parameter C_PROBE821_MU_CNT bound to: 1 - type: integer 
	Parameter C_PROBE822_MU_CNT bound to: 1 - type: integer 
	Parameter C_PROBE823_MU_CNT bound to: 1 - type: integer 
	Parameter C_PROBE824_MU_CNT bound to: 1 - type: integer 
	Parameter C_PROBE825_MU_CNT bound to: 1 - type: integer 
	Parameter C_PROBE826_MU_CNT bound to: 1 - type: integer 
	Parameter C_PROBE827_MU_CNT bound to: 1 - type: integer 
	Parameter C_PROBE828_MU_CNT bound to: 1 - type: integer 
	Parameter C_PROBE829_MU_CNT bound to: 1 - type: integer 
	Parameter C_PROBE830_MU_CNT bound to: 1 - type: integer 
	Parameter C_PROBE831_MU_CNT bound to: 1 - type: integer 
	Parameter C_PROBE832_MU_CNT bound to: 1 - type: integer 
	Parameter C_PROBE833_MU_CNT bound to: 1 - type: integer 
	Parameter C_PROBE834_MU_CNT bound to: 1 - type: integer 
	Parameter C_PROBE835_MU_CNT bound to: 1 - type: integer 
	Parameter C_PROBE836_MU_CNT bound to: 1 - type: integer 
	Parameter C_PROBE837_MU_CNT bound to: 1 - type: integer 
	Parameter C_PROBE838_MU_CNT bound to: 1 - type: integer 
	Parameter C_PROBE839_MU_CNT bound to: 1 - type: integer 
	Parameter C_PROBE840_MU_CNT bound to: 1 - type: integer 
	Parameter C_PROBE841_MU_CNT bound to: 1 - type: integer 
	Parameter C_PROBE842_MU_CNT bound to: 1 - type: integer 
	Parameter C_PROBE843_MU_CNT bound to: 1 - type: integer 
	Parameter C_PROBE844_MU_CNT bound to: 1 - type: integer 
	Parameter C_PROBE845_MU_CNT bound to: 1 - type: integer 
	Parameter C_PROBE846_MU_CNT bound to: 1 - type: integer 
	Parameter C_PROBE847_MU_CNT bound to: 1 - type: integer 
	Parameter C_PROBE848_MU_CNT bound to: 1 - type: integer 
	Parameter C_PROBE849_MU_CNT bound to: 1 - type: integer 
	Parameter C_PROBE850_MU_CNT bound to: 1 - type: integer 
	Parameter C_PROBE851_MU_CNT bound to: 1 - type: integer 
	Parameter C_PROBE852_MU_CNT bound to: 1 - type: integer 
	Parameter C_PROBE853_MU_CNT bound to: 1 - type: integer 
	Parameter C_PROBE854_MU_CNT bound to: 1 - type: integer 
	Parameter C_PROBE855_MU_CNT bound to: 1 - type: integer 
	Parameter C_PROBE856_MU_CNT bound to: 1 - type: integer 
	Parameter C_PROBE857_MU_CNT bound to: 1 - type: integer 
	Parameter C_PROBE858_MU_CNT bound to: 1 - type: integer 
	Parameter C_PROBE859_MU_CNT bound to: 1 - type: integer 
	Parameter C_PROBE860_MU_CNT bound to: 1 - type: integer 
	Parameter C_PROBE861_MU_CNT bound to: 1 - type: integer 
	Parameter C_PROBE862_MU_CNT bound to: 1 - type: integer 
	Parameter C_PROBE863_MU_CNT bound to: 1 - type: integer 
	Parameter C_PROBE864_MU_CNT bound to: 1 - type: integer 
	Parameter C_PROBE865_MU_CNT bound to: 1 - type: integer 
	Parameter C_PROBE866_MU_CNT bound to: 1 - type: integer 
	Parameter C_PROBE867_MU_CNT bound to: 1 - type: integer 
	Parameter C_PROBE868_MU_CNT bound to: 1 - type: integer 
	Parameter C_PROBE869_MU_CNT bound to: 1 - type: integer 
	Parameter C_PROBE870_MU_CNT bound to: 1 - type: integer 
	Parameter C_PROBE871_MU_CNT bound to: 1 - type: integer 
	Parameter C_PROBE872_MU_CNT bound to: 1 - type: integer 
	Parameter C_PROBE873_MU_CNT bound to: 1 - type: integer 
	Parameter C_PROBE874_MU_CNT bound to: 1 - type: integer 
	Parameter C_PROBE875_MU_CNT bound to: 1 - type: integer 
	Parameter C_PROBE876_MU_CNT bound to: 1 - type: integer 
	Parameter C_PROBE877_MU_CNT bound to: 1 - type: integer 
	Parameter C_PROBE878_MU_CNT bound to: 1 - type: integer 
	Parameter C_PROBE879_MU_CNT bound to: 1 - type: integer 
	Parameter C_PROBE880_MU_CNT bound to: 1 - type: integer 
	Parameter C_PROBE881_MU_CNT bound to: 1 - type: integer 
	Parameter C_PROBE882_MU_CNT bound to: 1 - type: integer 
	Parameter C_PROBE883_MU_CNT bound to: 1 - type: integer 
	Parameter C_PROBE884_MU_CNT bound to: 1 - type: integer 
	Parameter C_PROBE885_MU_CNT bound to: 1 - type: integer 
	Parameter C_PROBE886_MU_CNT bound to: 1 - type: integer 
	Parameter C_PROBE887_MU_CNT bound to: 1 - type: integer 
	Parameter C_PROBE888_MU_CNT bound to: 1 - type: integer 
	Parameter C_PROBE889_MU_CNT bound to: 1 - type: integer 
	Parameter C_PROBE890_MU_CNT bound to: 1 - type: integer 
	Parameter C_PROBE891_MU_CNT bound to: 1 - type: integer 
	Parameter C_PROBE892_MU_CNT bound to: 1 - type: integer 
	Parameter C_PROBE893_MU_CNT bound to: 1 - type: integer 
	Parameter C_PROBE894_MU_CNT bound to: 1 - type: integer 
	Parameter C_PROBE895_MU_CNT bound to: 1 - type: integer 
	Parameter C_PROBE896_MU_CNT bound to: 1 - type: integer 
	Parameter C_PROBE897_MU_CNT bound to: 1 - type: integer 
	Parameter C_PROBE898_MU_CNT bound to: 1 - type: integer 
	Parameter C_PROBE899_MU_CNT bound to: 1 - type: integer 
	Parameter C_PROBE900_MU_CNT bound to: 1 - type: integer 
	Parameter C_PROBE901_MU_CNT bound to: 1 - type: integer 
	Parameter C_PROBE902_MU_CNT bound to: 1 - type: integer 
	Parameter C_PROBE903_MU_CNT bound to: 1 - type: integer 
	Parameter C_PROBE904_MU_CNT bound to: 1 - type: integer 
	Parameter C_PROBE905_MU_CNT bound to: 1 - type: integer 
	Parameter C_PROBE906_MU_CNT bound to: 1 - type: integer 
	Parameter C_PROBE907_MU_CNT bound to: 1 - type: integer 
	Parameter C_PROBE908_MU_CNT bound to: 1 - type: integer 
	Parameter C_PROBE909_MU_CNT bound to: 1 - type: integer 
	Parameter C_PROBE910_MU_CNT bound to: 1 - type: integer 
	Parameter C_PROBE911_MU_CNT bound to: 1 - type: integer 
	Parameter C_PROBE912_MU_CNT bound to: 1 - type: integer 
	Parameter C_PROBE913_MU_CNT bound to: 1 - type: integer 
	Parameter C_PROBE914_MU_CNT bound to: 1 - type: integer 
	Parameter C_PROBE915_MU_CNT bound to: 1 - type: integer 
	Parameter C_PROBE916_MU_CNT bound to: 1 - type: integer 
	Parameter C_PROBE917_MU_CNT bound to: 1 - type: integer 
	Parameter C_PROBE918_MU_CNT bound to: 1 - type: integer 
	Parameter C_PROBE919_MU_CNT bound to: 1 - type: integer 
	Parameter C_PROBE920_MU_CNT bound to: 1 - type: integer 
	Parameter C_PROBE921_MU_CNT bound to: 1 - type: integer 
	Parameter C_PROBE922_MU_CNT bound to: 1 - type: integer 
	Parameter C_PROBE923_MU_CNT bound to: 1 - type: integer 
	Parameter C_PROBE924_MU_CNT bound to: 1 - type: integer 
	Parameter C_PROBE925_MU_CNT bound to: 1 - type: integer 
	Parameter C_PROBE926_MU_CNT bound to: 1 - type: integer 
	Parameter C_PROBE927_MU_CNT bound to: 1 - type: integer 
	Parameter C_PROBE928_MU_CNT bound to: 1 - type: integer 
	Parameter C_PROBE929_MU_CNT bound to: 1 - type: integer 
	Parameter C_PROBE930_MU_CNT bound to: 1 - type: integer 
	Parameter C_PROBE931_MU_CNT bound to: 1 - type: integer 
	Parameter C_PROBE932_MU_CNT bound to: 1 - type: integer 
	Parameter C_PROBE933_MU_CNT bound to: 1 - type: integer 
	Parameter C_PROBE934_MU_CNT bound to: 1 - type: integer 
	Parameter C_PROBE935_MU_CNT bound to: 1 - type: integer 
	Parameter C_PROBE936_MU_CNT bound to: 1 - type: integer 
	Parameter C_PROBE937_MU_CNT bound to: 1 - type: integer 
	Parameter C_PROBE938_MU_CNT bound to: 1 - type: integer 
	Parameter C_PROBE939_MU_CNT bound to: 1 - type: integer 
	Parameter C_PROBE940_MU_CNT bound to: 1 - type: integer 
	Parameter C_PROBE941_MU_CNT bound to: 1 - type: integer 
	Parameter C_PROBE942_MU_CNT bound to: 1 - type: integer 
	Parameter C_PROBE943_MU_CNT bound to: 1 - type: integer 
	Parameter C_PROBE944_MU_CNT bound to: 1 - type: integer 
	Parameter C_PROBE945_MU_CNT bound to: 1 - type: integer 
	Parameter C_PROBE946_MU_CNT bound to: 1 - type: integer 
	Parameter C_PROBE947_MU_CNT bound to: 1 - type: integer 
	Parameter C_PROBE948_MU_CNT bound to: 1 - type: integer 
	Parameter C_PROBE949_MU_CNT bound to: 1 - type: integer 
	Parameter C_PROBE950_MU_CNT bound to: 1 - type: integer 
	Parameter C_PROBE951_MU_CNT bound to: 1 - type: integer 
	Parameter C_PROBE952_MU_CNT bound to: 1 - type: integer 
	Parameter C_PROBE953_MU_CNT bound to: 1 - type: integer 
	Parameter C_PROBE954_MU_CNT bound to: 1 - type: integer 
	Parameter C_PROBE955_MU_CNT bound to: 1 - type: integer 
	Parameter C_PROBE956_MU_CNT bound to: 1 - type: integer 
	Parameter C_PROBE957_MU_CNT bound to: 1 - type: integer 
	Parameter C_PROBE958_MU_CNT bound to: 1 - type: integer 
	Parameter C_PROBE959_MU_CNT bound to: 1 - type: integer 
	Parameter C_PROBE960_MU_CNT bound to: 1 - type: integer 
	Parameter C_PROBE961_MU_CNT bound to: 1 - type: integer 
	Parameter C_PROBE962_MU_CNT bound to: 1 - type: integer 
	Parameter C_PROBE963_MU_CNT bound to: 1 - type: integer 
	Parameter C_PROBE964_MU_CNT bound to: 1 - type: integer 
	Parameter C_PROBE965_MU_CNT bound to: 1 - type: integer 
	Parameter C_PROBE966_MU_CNT bound to: 1 - type: integer 
	Parameter C_PROBE967_MU_CNT bound to: 1 - type: integer 
	Parameter C_PROBE968_MU_CNT bound to: 1 - type: integer 
	Parameter C_PROBE969_MU_CNT bound to: 1 - type: integer 
	Parameter C_PROBE970_MU_CNT bound to: 1 - type: integer 
	Parameter C_PROBE971_MU_CNT bound to: 1 - type: integer 
	Parameter C_PROBE972_MU_CNT bound to: 1 - type: integer 
	Parameter C_PROBE973_MU_CNT bound to: 1 - type: integer 
	Parameter C_PROBE974_MU_CNT bound to: 1 - type: integer 
	Parameter C_PROBE975_MU_CNT bound to: 1 - type: integer 
	Parameter C_PROBE976_MU_CNT bound to: 1 - type: integer 
	Parameter C_PROBE977_MU_CNT bound to: 1 - type: integer 
	Parameter C_PROBE978_MU_CNT bound to: 1 - type: integer 
	Parameter C_PROBE979_MU_CNT bound to: 1 - type: integer 
	Parameter C_PROBE980_MU_CNT bound to: 1 - type: integer 
	Parameter C_PROBE981_MU_CNT bound to: 1 - type: integer 
	Parameter C_PROBE982_MU_CNT bound to: 1 - type: integer 
	Parameter C_PROBE983_MU_CNT bound to: 1 - type: integer 
	Parameter C_PROBE984_MU_CNT bound to: 1 - type: integer 
	Parameter C_PROBE985_MU_CNT bound to: 1 - type: integer 
	Parameter C_PROBE986_MU_CNT bound to: 1 - type: integer 
	Parameter C_PROBE987_MU_CNT bound to: 1 - type: integer 
	Parameter C_PROBE988_MU_CNT bound to: 1 - type: integer 
	Parameter C_PROBE989_MU_CNT bound to: 1 - type: integer 
	Parameter C_PROBE990_MU_CNT bound to: 1 - type: integer 
	Parameter C_PROBE991_MU_CNT bound to: 1 - type: integer 
	Parameter C_PROBE992_MU_CNT bound to: 1 - type: integer 
	Parameter C_PROBE993_MU_CNT bound to: 1 - type: integer 
	Parameter C_PROBE994_MU_CNT bound to: 1 - type: integer 
	Parameter C_PROBE995_MU_CNT bound to: 1 - type: integer 
	Parameter C_PROBE996_MU_CNT bound to: 1 - type: integer 
	Parameter C_PROBE997_MU_CNT bound to: 1 - type: integer 
	Parameter C_PROBE998_MU_CNT bound to: 1 - type: integer 
	Parameter C_PROBE999_MU_CNT bound to: 1 - type: integer 
	Parameter C_PROBE1000_MU_CNT bound to: 1 - type: integer 
	Parameter C_PROBE1001_MU_CNT bound to: 1 - type: integer 
	Parameter C_PROBE1002_MU_CNT bound to: 1 - type: integer 
	Parameter C_PROBE1003_MU_CNT bound to: 1 - type: integer 
	Parameter C_PROBE1004_MU_CNT bound to: 1 - type: integer 
	Parameter C_PROBE1005_MU_CNT bound to: 1 - type: integer 
	Parameter C_PROBE1006_MU_CNT bound to: 1 - type: integer 
	Parameter C_PROBE1007_MU_CNT bound to: 1 - type: integer 
	Parameter C_PROBE1008_MU_CNT bound to: 1 - type: integer 
	Parameter C_PROBE1009_MU_CNT bound to: 1 - type: integer 
	Parameter C_PROBE1010_MU_CNT bound to: 1 - type: integer 
	Parameter C_PROBE1011_MU_CNT bound to: 1 - type: integer 
	Parameter C_PROBE1012_MU_CNT bound to: 1 - type: integer 
	Parameter C_PROBE1013_MU_CNT bound to: 1 - type: integer 
	Parameter C_PROBE1014_MU_CNT bound to: 1 - type: integer 
	Parameter C_PROBE1015_MU_CNT bound to: 1 - type: integer 
	Parameter C_PROBE1016_MU_CNT bound to: 1 - type: integer 
	Parameter C_PROBE1017_MU_CNT bound to: 1 - type: integer 
	Parameter C_PROBE1018_MU_CNT bound to: 1 - type: integer 
	Parameter C_PROBE1019_MU_CNT bound to: 1 - type: integer 
	Parameter C_PROBE1020_MU_CNT bound to: 1 - type: integer 
	Parameter C_PROBE1021_MU_CNT bound to: 1 - type: integer 
	Parameter C_PROBE1022_MU_CNT bound to: 1 - type: integer 
	Parameter C_PROBE1023_MU_CNT bound to: 1 - type: integer 
	Parameter C_PROBE0_TYPE bound to: 0 - type: integer 
	Parameter C_PROBE1_TYPE bound to: 0 - type: integer 
	Parameter C_PROBE2_TYPE bound to: 0 - type: integer 
	Parameter C_PROBE3_TYPE bound to: 0 - type: integer 
	Parameter C_PROBE4_TYPE bound to: 0 - type: integer 
	Parameter C_PROBE5_TYPE bound to: 0 - type: integer 
	Parameter C_PROBE6_TYPE bound to: 0 - type: integer 
	Parameter C_PROBE7_TYPE bound to: 0 - type: integer 
	Parameter C_PROBE8_TYPE bound to: 1 - type: integer 
	Parameter C_PROBE9_TYPE bound to: 1 - type: integer 
	Parameter C_PROBE10_TYPE bound to: 1 - type: integer 
	Parameter C_PROBE11_TYPE bound to: 1 - type: integer 
	Parameter C_PROBE12_TYPE bound to: 1 - type: integer 
	Parameter C_PROBE13_TYPE bound to: 1 - type: integer 
	Parameter C_PROBE14_TYPE bound to: 1 - type: integer 
	Parameter C_PROBE15_TYPE bound to: 1 - type: integer 
	Parameter C_PROBE16_TYPE bound to: 1 - type: integer 
	Parameter C_PROBE17_TYPE bound to: 1 - type: integer 
	Parameter C_PROBE18_TYPE bound to: 1 - type: integer 
	Parameter C_PROBE19_TYPE bound to: 1 - type: integer 
	Parameter C_PROBE20_TYPE bound to: 1 - type: integer 
	Parameter C_PROBE21_TYPE bound to: 1 - type: integer 
	Parameter C_PROBE22_TYPE bound to: 1 - type: integer 
	Parameter C_PROBE23_TYPE bound to: 1 - type: integer 
	Parameter C_PROBE24_TYPE bound to: 1 - type: integer 
	Parameter C_PROBE25_TYPE bound to: 1 - type: integer 
	Parameter C_PROBE26_TYPE bound to: 1 - type: integer 
	Parameter C_PROBE27_TYPE bound to: 1 - type: integer 
	Parameter C_PROBE28_TYPE bound to: 1 - type: integer 
	Parameter C_PROBE29_TYPE bound to: 1 - type: integer 
	Parameter C_PROBE30_TYPE bound to: 1 - type: integer 
	Parameter C_PROBE31_TYPE bound to: 1 - type: integer 
	Parameter C_PROBE32_TYPE bound to: 1 - type: integer 
	Parameter C_PROBE33_TYPE bound to: 1 - type: integer 
	Parameter C_PROBE34_TYPE bound to: 1 - type: integer 
	Parameter C_PROBE35_TYPE bound to: 1 - type: integer 
	Parameter C_PROBE36_TYPE bound to: 1 - type: integer 
	Parameter C_PROBE37_TYPE bound to: 1 - type: integer 
	Parameter C_PROBE38_TYPE bound to: 1 - type: integer 
	Parameter C_PROBE39_TYPE bound to: 1 - type: integer 
	Parameter C_PROBE40_TYPE bound to: 1 - type: integer 
	Parameter C_PROBE41_TYPE bound to: 1 - type: integer 
	Parameter C_PROBE42_TYPE bound to: 1 - type: integer 
	Parameter C_PROBE43_TYPE bound to: 1 - type: integer 
	Parameter C_PROBE44_TYPE bound to: 1 - type: integer 
	Parameter C_PROBE45_TYPE bound to: 1 - type: integer 
	Parameter C_PROBE46_TYPE bound to: 1 - type: integer 
	Parameter C_PROBE47_TYPE bound to: 1 - type: integer 
	Parameter C_PROBE48_TYPE bound to: 1 - type: integer 
	Parameter C_PROBE49_TYPE bound to: 1 - type: integer 
	Parameter C_PROBE50_TYPE bound to: 1 - type: integer 
	Parameter C_PROBE51_TYPE bound to: 1 - type: integer 
	Parameter C_PROBE52_TYPE bound to: 1 - type: integer 
	Parameter C_PROBE53_TYPE bound to: 1 - type: integer 
	Parameter C_PROBE54_TYPE bound to: 1 - type: integer 
	Parameter C_PROBE55_TYPE bound to: 1 - type: integer 
	Parameter C_PROBE56_TYPE bound to: 1 - type: integer 
	Parameter C_PROBE57_TYPE bound to: 1 - type: integer 
	Parameter C_PROBE58_TYPE bound to: 1 - type: integer 
	Parameter C_PROBE59_TYPE bound to: 1 - type: integer 
	Parameter C_PROBE60_TYPE bound to: 1 - type: integer 
	Parameter C_PROBE61_TYPE bound to: 1 - type: integer 
	Parameter C_PROBE62_TYPE bound to: 1 - type: integer 
	Parameter C_PROBE63_TYPE bound to: 1 - type: integer 
	Parameter C_PROBE64_TYPE bound to: 1 - type: integer 
	Parameter C_PROBE65_TYPE bound to: 1 - type: integer 
	Parameter C_PROBE66_TYPE bound to: 1 - type: integer 
	Parameter C_PROBE67_TYPE bound to: 1 - type: integer 
	Parameter C_PROBE68_TYPE bound to: 1 - type: integer 
	Parameter C_PROBE69_TYPE bound to: 1 - type: integer 
	Parameter C_PROBE70_TYPE bound to: 1 - type: integer 
	Parameter C_PROBE71_TYPE bound to: 1 - type: integer 
	Parameter C_PROBE72_TYPE bound to: 1 - type: integer 
	Parameter C_PROBE73_TYPE bound to: 1 - type: integer 
	Parameter C_PROBE74_TYPE bound to: 1 - type: integer 
	Parameter C_PROBE75_TYPE bound to: 1 - type: integer 
	Parameter C_PROBE76_TYPE bound to: 1 - type: integer 
	Parameter C_PROBE77_TYPE bound to: 1 - type: integer 
	Parameter C_PROBE78_TYPE bound to: 1 - type: integer 
	Parameter C_PROBE79_TYPE bound to: 1 - type: integer 
	Parameter C_PROBE80_TYPE bound to: 1 - type: integer 
	Parameter C_PROBE81_TYPE bound to: 1 - type: integer 
	Parameter C_PROBE82_TYPE bound to: 1 - type: integer 
	Parameter C_PROBE83_TYPE bound to: 1 - type: integer 
	Parameter C_PROBE84_TYPE bound to: 1 - type: integer 
	Parameter C_PROBE85_TYPE bound to: 1 - type: integer 
	Parameter C_PROBE86_TYPE bound to: 1 - type: integer 
	Parameter C_PROBE87_TYPE bound to: 1 - type: integer 
	Parameter C_PROBE88_TYPE bound to: 1 - type: integer 
	Parameter C_PROBE89_TYPE bound to: 1 - type: integer 
	Parameter C_PROBE90_TYPE bound to: 1 - type: integer 
	Parameter C_PROBE91_TYPE bound to: 1 - type: integer 
	Parameter C_PROBE92_TYPE bound to: 1 - type: integer 
	Parameter C_PROBE93_TYPE bound to: 1 - type: integer 
	Parameter C_PROBE94_TYPE bound to: 1 - type: integer 
	Parameter C_PROBE95_TYPE bound to: 1 - type: integer 
	Parameter C_PROBE96_TYPE bound to: 1 - type: integer 
	Parameter C_PROBE97_TYPE bound to: 1 - type: integer 
	Parameter C_PROBE98_TYPE bound to: 1 - type: integer 
	Parameter C_PROBE99_TYPE bound to: 1 - type: integer 
	Parameter C_PROBE100_TYPE bound to: 1 - type: integer 
	Parameter C_PROBE101_TYPE bound to: 1 - type: integer 
	Parameter C_PROBE102_TYPE bound to: 1 - type: integer 
	Parameter C_PROBE103_TYPE bound to: 1 - type: integer 
	Parameter C_PROBE104_TYPE bound to: 1 - type: integer 
	Parameter C_PROBE105_TYPE bound to: 1 - type: integer 
	Parameter C_PROBE106_TYPE bound to: 1 - type: integer 
	Parameter C_PROBE107_TYPE bound to: 1 - type: integer 
	Parameter C_PROBE108_TYPE bound to: 1 - type: integer 
	Parameter C_PROBE109_TYPE bound to: 1 - type: integer 
	Parameter C_PROBE110_TYPE bound to: 1 - type: integer 
	Parameter C_PROBE111_TYPE bound to: 1 - type: integer 
	Parameter C_PROBE112_TYPE bound to: 1 - type: integer 
	Parameter C_PROBE113_TYPE bound to: 1 - type: integer 
	Parameter C_PROBE114_TYPE bound to: 1 - type: integer 
	Parameter C_PROBE115_TYPE bound to: 1 - type: integer 
	Parameter C_PROBE116_TYPE bound to: 1 - type: integer 
	Parameter C_PROBE117_TYPE bound to: 1 - type: integer 
	Parameter C_PROBE118_TYPE bound to: 1 - type: integer 
	Parameter C_PROBE119_TYPE bound to: 1 - type: integer 
	Parameter C_PROBE120_TYPE bound to: 1 - type: integer 
	Parameter C_PROBE121_TYPE bound to: 1 - type: integer 
	Parameter C_PROBE122_TYPE bound to: 1 - type: integer 
	Parameter C_PROBE123_TYPE bound to: 1 - type: integer 
	Parameter C_PROBE124_TYPE bound to: 1 - type: integer 
	Parameter C_PROBE125_TYPE bound to: 1 - type: integer 
	Parameter C_PROBE126_TYPE bound to: 1 - type: integer 
	Parameter C_PROBE127_TYPE bound to: 1 - type: integer 
	Parameter C_PROBE128_TYPE bound to: 1 - type: integer 
	Parameter C_PROBE129_TYPE bound to: 1 - type: integer 
	Parameter C_PROBE130_TYPE bound to: 1 - type: integer 
	Parameter C_PROBE131_TYPE bound to: 1 - type: integer 
	Parameter C_PROBE132_TYPE bound to: 1 - type: integer 
	Parameter C_PROBE133_TYPE bound to: 1 - type: integer 
	Parameter C_PROBE134_TYPE bound to: 1 - type: integer 
	Parameter C_PROBE135_TYPE bound to: 1 - type: integer 
	Parameter C_PROBE136_TYPE bound to: 1 - type: integer 
	Parameter C_PROBE137_TYPE bound to: 1 - type: integer 
	Parameter C_PROBE138_TYPE bound to: 1 - type: integer 
	Parameter C_PROBE139_TYPE bound to: 1 - type: integer 
	Parameter C_PROBE140_TYPE bound to: 1 - type: integer 
	Parameter C_PROBE141_TYPE bound to: 1 - type: integer 
	Parameter C_PROBE142_TYPE bound to: 1 - type: integer 
	Parameter C_PROBE143_TYPE bound to: 1 - type: integer 
	Parameter C_PROBE144_TYPE bound to: 1 - type: integer 
	Parameter C_PROBE145_TYPE bound to: 1 - type: integer 
	Parameter C_PROBE146_TYPE bound to: 1 - type: integer 
	Parameter C_PROBE147_TYPE bound to: 1 - type: integer 
	Parameter C_PROBE148_TYPE bound to: 1 - type: integer 
	Parameter C_PROBE149_TYPE bound to: 1 - type: integer 
	Parameter C_PROBE150_TYPE bound to: 1 - type: integer 
	Parameter C_PROBE151_TYPE bound to: 1 - type: integer 
	Parameter C_PROBE152_TYPE bound to: 1 - type: integer 
	Parameter C_PROBE153_TYPE bound to: 1 - type: integer 
	Parameter C_PROBE154_TYPE bound to: 1 - type: integer 
	Parameter C_PROBE155_TYPE bound to: 1 - type: integer 
	Parameter C_PROBE156_TYPE bound to: 1 - type: integer 
	Parameter C_PROBE157_TYPE bound to: 1 - type: integer 
	Parameter C_PROBE158_TYPE bound to: 1 - type: integer 
	Parameter C_PROBE159_TYPE bound to: 1 - type: integer 
	Parameter C_PROBE160_TYPE bound to: 1 - type: integer 
	Parameter C_PROBE161_TYPE bound to: 1 - type: integer 
	Parameter C_PROBE162_TYPE bound to: 1 - type: integer 
	Parameter C_PROBE163_TYPE bound to: 1 - type: integer 
	Parameter C_PROBE164_TYPE bound to: 1 - type: integer 
	Parameter C_PROBE165_TYPE bound to: 1 - type: integer 
	Parameter C_PROBE166_TYPE bound to: 1 - type: integer 
	Parameter C_PROBE167_TYPE bound to: 1 - type: integer 
	Parameter C_PROBE168_TYPE bound to: 1 - type: integer 
	Parameter C_PROBE169_TYPE bound to: 1 - type: integer 
	Parameter C_PROBE170_TYPE bound to: 1 - type: integer 
	Parameter C_PROBE171_TYPE bound to: 1 - type: integer 
	Parameter C_PROBE172_TYPE bound to: 1 - type: integer 
	Parameter C_PROBE173_TYPE bound to: 1 - type: integer 
	Parameter C_PROBE174_TYPE bound to: 1 - type: integer 
	Parameter C_PROBE175_TYPE bound to: 1 - type: integer 
	Parameter C_PROBE176_TYPE bound to: 1 - type: integer 
	Parameter C_PROBE177_TYPE bound to: 1 - type: integer 
	Parameter C_PROBE178_TYPE bound to: 1 - type: integer 
	Parameter C_PROBE179_TYPE bound to: 1 - type: integer 
	Parameter C_PROBE180_TYPE bound to: 1 - type: integer 
	Parameter C_PROBE181_TYPE bound to: 1 - type: integer 
	Parameter C_PROBE182_TYPE bound to: 1 - type: integer 
	Parameter C_PROBE183_TYPE bound to: 1 - type: integer 
	Parameter C_PROBE184_TYPE bound to: 1 - type: integer 
	Parameter C_PROBE185_TYPE bound to: 1 - type: integer 
	Parameter C_PROBE186_TYPE bound to: 1 - type: integer 
	Parameter C_PROBE187_TYPE bound to: 1 - type: integer 
	Parameter C_PROBE188_TYPE bound to: 1 - type: integer 
	Parameter C_PROBE189_TYPE bound to: 1 - type: integer 
	Parameter C_PROBE190_TYPE bound to: 1 - type: integer 
	Parameter C_PROBE191_TYPE bound to: 1 - type: integer 
	Parameter C_PROBE192_TYPE bound to: 1 - type: integer 
	Parameter C_PROBE193_TYPE bound to: 1 - type: integer 
	Parameter C_PROBE194_TYPE bound to: 1 - type: integer 
	Parameter C_PROBE195_TYPE bound to: 1 - type: integer 
	Parameter C_PROBE196_TYPE bound to: 1 - type: integer 
	Parameter C_PROBE197_TYPE bound to: 1 - type: integer 
	Parameter C_PROBE198_TYPE bound to: 1 - type: integer 
	Parameter C_PROBE199_TYPE bound to: 1 - type: integer 
	Parameter C_PROBE200_TYPE bound to: 1 - type: integer 
	Parameter C_PROBE201_TYPE bound to: 1 - type: integer 
	Parameter C_PROBE202_TYPE bound to: 1 - type: integer 
	Parameter C_PROBE203_TYPE bound to: 1 - type: integer 
	Parameter C_PROBE204_TYPE bound to: 1 - type: integer 
	Parameter C_PROBE205_TYPE bound to: 1 - type: integer 
	Parameter C_PROBE206_TYPE bound to: 1 - type: integer 
	Parameter C_PROBE207_TYPE bound to: 1 - type: integer 
	Parameter C_PROBE208_TYPE bound to: 1 - type: integer 
	Parameter C_PROBE209_TYPE bound to: 1 - type: integer 
	Parameter C_PROBE210_TYPE bound to: 1 - type: integer 
	Parameter C_PROBE211_TYPE bound to: 1 - type: integer 
	Parameter C_PROBE212_TYPE bound to: 1 - type: integer 
	Parameter C_PROBE213_TYPE bound to: 1 - type: integer 
	Parameter C_PROBE214_TYPE bound to: 1 - type: integer 
	Parameter C_PROBE215_TYPE bound to: 1 - type: integer 
	Parameter C_PROBE216_TYPE bound to: 1 - type: integer 
	Parameter C_PROBE217_TYPE bound to: 1 - type: integer 
	Parameter C_PROBE218_TYPE bound to: 1 - type: integer 
	Parameter C_PROBE219_TYPE bound to: 1 - type: integer 
	Parameter C_PROBE220_TYPE bound to: 1 - type: integer 
	Parameter C_PROBE221_TYPE bound to: 1 - type: integer 
	Parameter C_PROBE222_TYPE bound to: 1 - type: integer 
	Parameter C_PROBE223_TYPE bound to: 1 - type: integer 
	Parameter C_PROBE224_TYPE bound to: 1 - type: integer 
	Parameter C_PROBE225_TYPE bound to: 1 - type: integer 
	Parameter C_PROBE226_TYPE bound to: 1 - type: integer 
	Parameter C_PROBE227_TYPE bound to: 1 - type: integer 
	Parameter C_PROBE228_TYPE bound to: 1 - type: integer 
	Parameter C_PROBE229_TYPE bound to: 1 - type: integer 
	Parameter C_PROBE230_TYPE bound to: 1 - type: integer 
	Parameter C_PROBE231_TYPE bound to: 1 - type: integer 
	Parameter C_PROBE232_TYPE bound to: 1 - type: integer 
	Parameter C_PROBE233_TYPE bound to: 1 - type: integer 
	Parameter C_PROBE234_TYPE bound to: 1 - type: integer 
	Parameter C_PROBE235_TYPE bound to: 1 - type: integer 
	Parameter C_PROBE236_TYPE bound to: 1 - type: integer 
	Parameter C_PROBE237_TYPE bound to: 1 - type: integer 
	Parameter C_PROBE238_TYPE bound to: 1 - type: integer 
	Parameter C_PROBE239_TYPE bound to: 1 - type: integer 
	Parameter C_PROBE240_TYPE bound to: 1 - type: integer 
	Parameter C_PROBE241_TYPE bound to: 1 - type: integer 
	Parameter C_PROBE242_TYPE bound to: 1 - type: integer 
	Parameter C_PROBE243_TYPE bound to: 1 - type: integer 
	Parameter C_PROBE244_TYPE bound to: 1 - type: integer 
	Parameter C_PROBE245_TYPE bound to: 1 - type: integer 
	Parameter C_PROBE246_TYPE bound to: 1 - type: integer 
	Parameter C_PROBE247_TYPE bound to: 1 - type: integer 
	Parameter C_PROBE248_TYPE bound to: 1 - type: integer 
	Parameter C_PROBE249_TYPE bound to: 1 - type: integer 
	Parameter C_PROBE250_TYPE bound to: 1 - type: integer 
	Parameter C_PROBE251_TYPE bound to: 1 - type: integer 
	Parameter C_PROBE252_TYPE bound to: 1 - type: integer 
	Parameter C_PROBE253_TYPE bound to: 1 - type: integer 
	Parameter C_PROBE254_TYPE bound to: 1 - type: integer 
	Parameter C_PROBE255_TYPE bound to: 1 - type: integer 
	Parameter C_PROBE256_TYPE bound to: 1 - type: integer 
	Parameter C_PROBE257_TYPE bound to: 1 - type: integer 
	Parameter C_PROBE258_TYPE bound to: 1 - type: integer 
	Parameter C_PROBE259_TYPE bound to: 1 - type: integer 
	Parameter C_PROBE260_TYPE bound to: 1 - type: integer 
	Parameter C_PROBE261_TYPE bound to: 1 - type: integer 
	Parameter C_PROBE262_TYPE bound to: 1 - type: integer 
	Parameter C_PROBE263_TYPE bound to: 1 - type: integer 
	Parameter C_PROBE264_TYPE bound to: 1 - type: integer 
	Parameter C_PROBE265_TYPE bound to: 1 - type: integer 
	Parameter C_PROBE266_TYPE bound to: 1 - type: integer 
	Parameter C_PROBE267_TYPE bound to: 1 - type: integer 
	Parameter C_PROBE268_TYPE bound to: 1 - type: integer 
	Parameter C_PROBE269_TYPE bound to: 1 - type: integer 
	Parameter C_PROBE270_TYPE bound to: 1 - type: integer 
	Parameter C_PROBE271_TYPE bound to: 1 - type: integer 
	Parameter C_PROBE272_TYPE bound to: 1 - type: integer 
	Parameter C_PROBE273_TYPE bound to: 1 - type: integer 
	Parameter C_PROBE274_TYPE bound to: 1 - type: integer 
	Parameter C_PROBE275_TYPE bound to: 1 - type: integer 
	Parameter C_PROBE276_TYPE bound to: 1 - type: integer 
	Parameter C_PROBE277_TYPE bound to: 1 - type: integer 
	Parameter C_PROBE278_TYPE bound to: 1 - type: integer 
	Parameter C_PROBE279_TYPE bound to: 1 - type: integer 
	Parameter C_PROBE280_TYPE bound to: 1 - type: integer 
	Parameter C_PROBE281_TYPE bound to: 1 - type: integer 
	Parameter C_PROBE282_TYPE bound to: 1 - type: integer 
	Parameter C_PROBE283_TYPE bound to: 1 - type: integer 
	Parameter C_PROBE284_TYPE bound to: 1 - type: integer 
	Parameter C_PROBE285_TYPE bound to: 1 - type: integer 
	Parameter C_PROBE286_TYPE bound to: 1 - type: integer 
	Parameter C_PROBE287_TYPE bound to: 1 - type: integer 
	Parameter C_PROBE288_TYPE bound to: 1 - type: integer 
	Parameter C_PROBE289_TYPE bound to: 1 - type: integer 
	Parameter C_PROBE290_TYPE bound to: 1 - type: integer 
	Parameter C_PROBE291_TYPE bound to: 1 - type: integer 
	Parameter C_PROBE292_TYPE bound to: 1 - type: integer 
	Parameter C_PROBE293_TYPE bound to: 1 - type: integer 
	Parameter C_PROBE294_TYPE bound to: 1 - type: integer 
	Parameter C_PROBE295_TYPE bound to: 1 - type: integer 
	Parameter C_PROBE296_TYPE bound to: 1 - type: integer 
	Parameter C_PROBE297_TYPE bound to: 1 - type: integer 
	Parameter C_PROBE298_TYPE bound to: 1 - type: integer 
	Parameter C_PROBE299_TYPE bound to: 1 - type: integer 
	Parameter C_PROBE300_TYPE bound to: 1 - type: integer 
	Parameter C_PROBE301_TYPE bound to: 1 - type: integer 
	Parameter C_PROBE302_TYPE bound to: 1 - type: integer 
	Parameter C_PROBE303_TYPE bound to: 1 - type: integer 
	Parameter C_PROBE304_TYPE bound to: 1 - type: integer 
	Parameter C_PROBE305_TYPE bound to: 1 - type: integer 
	Parameter C_PROBE306_TYPE bound to: 1 - type: integer 
	Parameter C_PROBE307_TYPE bound to: 1 - type: integer 
	Parameter C_PROBE308_TYPE bound to: 1 - type: integer 
	Parameter C_PROBE309_TYPE bound to: 1 - type: integer 
	Parameter C_PROBE310_TYPE bound to: 1 - type: integer 
	Parameter C_PROBE311_TYPE bound to: 1 - type: integer 
	Parameter C_PROBE312_TYPE bound to: 1 - type: integer 
	Parameter C_PROBE313_TYPE bound to: 1 - type: integer 
	Parameter C_PROBE314_TYPE bound to: 1 - type: integer 
	Parameter C_PROBE315_TYPE bound to: 1 - type: integer 
	Parameter C_PROBE316_TYPE bound to: 1 - type: integer 
	Parameter C_PROBE317_TYPE bound to: 1 - type: integer 
	Parameter C_PROBE318_TYPE bound to: 1 - type: integer 
	Parameter C_PROBE319_TYPE bound to: 1 - type: integer 
	Parameter C_PROBE320_TYPE bound to: 1 - type: integer 
	Parameter C_PROBE321_TYPE bound to: 1 - type: integer 
	Parameter C_PROBE322_TYPE bound to: 1 - type: integer 
	Parameter C_PROBE323_TYPE bound to: 1 - type: integer 
	Parameter C_PROBE324_TYPE bound to: 1 - type: integer 
	Parameter C_PROBE325_TYPE bound to: 1 - type: integer 
	Parameter C_PROBE326_TYPE bound to: 1 - type: integer 
	Parameter C_PROBE327_TYPE bound to: 1 - type: integer 
	Parameter C_PROBE328_TYPE bound to: 1 - type: integer 
	Parameter C_PROBE329_TYPE bound to: 1 - type: integer 
	Parameter C_PROBE330_TYPE bound to: 1 - type: integer 
	Parameter C_PROBE331_TYPE bound to: 1 - type: integer 
	Parameter C_PROBE332_TYPE bound to: 1 - type: integer 
	Parameter C_PROBE333_TYPE bound to: 1 - type: integer 
	Parameter C_PROBE334_TYPE bound to: 1 - type: integer 
	Parameter C_PROBE335_TYPE bound to: 1 - type: integer 
	Parameter C_PROBE336_TYPE bound to: 1 - type: integer 
	Parameter C_PROBE337_TYPE bound to: 1 - type: integer 
	Parameter C_PROBE338_TYPE bound to: 1 - type: integer 
	Parameter C_PROBE339_TYPE bound to: 1 - type: integer 
	Parameter C_PROBE340_TYPE bound to: 1 - type: integer 
	Parameter C_PROBE341_TYPE bound to: 1 - type: integer 
	Parameter C_PROBE342_TYPE bound to: 1 - type: integer 
	Parameter C_PROBE343_TYPE bound to: 1 - type: integer 
	Parameter C_PROBE344_TYPE bound to: 1 - type: integer 
	Parameter C_PROBE345_TYPE bound to: 1 - type: integer 
	Parameter C_PROBE346_TYPE bound to: 1 - type: integer 
	Parameter C_PROBE347_TYPE bound to: 1 - type: integer 
	Parameter C_PROBE348_TYPE bound to: 1 - type: integer 
	Parameter C_PROBE349_TYPE bound to: 1 - type: integer 
	Parameter C_PROBE350_TYPE bound to: 1 - type: integer 
	Parameter C_PROBE351_TYPE bound to: 1 - type: integer 
	Parameter C_PROBE352_TYPE bound to: 1 - type: integer 
	Parameter C_PROBE353_TYPE bound to: 1 - type: integer 
	Parameter C_PROBE354_TYPE bound to: 1 - type: integer 
	Parameter C_PROBE355_TYPE bound to: 1 - type: integer 
	Parameter C_PROBE356_TYPE bound to: 1 - type: integer 
	Parameter C_PROBE357_TYPE bound to: 1 - type: integer 
	Parameter C_PROBE358_TYPE bound to: 1 - type: integer 
	Parameter C_PROBE359_TYPE bound to: 1 - type: integer 
	Parameter C_PROBE360_TYPE bound to: 1 - type: integer 
	Parameter C_PROBE361_TYPE bound to: 1 - type: integer 
	Parameter C_PROBE362_TYPE bound to: 1 - type: integer 
	Parameter C_PROBE363_TYPE bound to: 1 - type: integer 
	Parameter C_PROBE364_TYPE bound to: 1 - type: integer 
	Parameter C_PROBE365_TYPE bound to: 1 - type: integer 
	Parameter C_PROBE366_TYPE bound to: 1 - type: integer 
	Parameter C_PROBE367_TYPE bound to: 1 - type: integer 
	Parameter C_PROBE368_TYPE bound to: 1 - type: integer 
	Parameter C_PROBE369_TYPE bound to: 1 - type: integer 
	Parameter C_PROBE370_TYPE bound to: 1 - type: integer 
	Parameter C_PROBE371_TYPE bound to: 1 - type: integer 
	Parameter C_PROBE372_TYPE bound to: 1 - type: integer 
	Parameter C_PROBE373_TYPE bound to: 1 - type: integer 
	Parameter C_PROBE374_TYPE bound to: 1 - type: integer 
	Parameter C_PROBE375_TYPE bound to: 1 - type: integer 
	Parameter C_PROBE376_TYPE bound to: 1 - type: integer 
	Parameter C_PROBE377_TYPE bound to: 1 - type: integer 
	Parameter C_PROBE378_TYPE bound to: 1 - type: integer 
	Parameter C_PROBE379_TYPE bound to: 1 - type: integer 
	Parameter C_PROBE380_TYPE bound to: 1 - type: integer 
	Parameter C_PROBE381_TYPE bound to: 1 - type: integer 
	Parameter C_PROBE382_TYPE bound to: 1 - type: integer 
	Parameter C_PROBE383_TYPE bound to: 1 - type: integer 
	Parameter C_PROBE384_TYPE bound to: 1 - type: integer 
	Parameter C_PROBE385_TYPE bound to: 1 - type: integer 
	Parameter C_PROBE386_TYPE bound to: 1 - type: integer 
	Parameter C_PROBE387_TYPE bound to: 1 - type: integer 
	Parameter C_PROBE388_TYPE bound to: 1 - type: integer 
	Parameter C_PROBE389_TYPE bound to: 1 - type: integer 
	Parameter C_PROBE390_TYPE bound to: 1 - type: integer 
	Parameter C_PROBE391_TYPE bound to: 1 - type: integer 
	Parameter C_PROBE392_TYPE bound to: 1 - type: integer 
	Parameter C_PROBE393_TYPE bound to: 1 - type: integer 
	Parameter C_PROBE394_TYPE bound to: 1 - type: integer 
	Parameter C_PROBE395_TYPE bound to: 1 - type: integer 
	Parameter C_PROBE396_TYPE bound to: 1 - type: integer 
	Parameter C_PROBE397_TYPE bound to: 1 - type: integer 
	Parameter C_PROBE398_TYPE bound to: 1 - type: integer 
	Parameter C_PROBE399_TYPE bound to: 1 - type: integer 
	Parameter C_PROBE400_TYPE bound to: 1 - type: integer 
	Parameter C_PROBE401_TYPE bound to: 1 - type: integer 
	Parameter C_PROBE402_TYPE bound to: 1 - type: integer 
	Parameter C_PROBE403_TYPE bound to: 1 - type: integer 
	Parameter C_PROBE404_TYPE bound to: 1 - type: integer 
	Parameter C_PROBE405_TYPE bound to: 1 - type: integer 
	Parameter C_PROBE406_TYPE bound to: 1 - type: integer 
	Parameter C_PROBE407_TYPE bound to: 1 - type: integer 
	Parameter C_PROBE408_TYPE bound to: 1 - type: integer 
	Parameter C_PROBE409_TYPE bound to: 1 - type: integer 
	Parameter C_PROBE410_TYPE bound to: 1 - type: integer 
	Parameter C_PROBE411_TYPE bound to: 1 - type: integer 
	Parameter C_PROBE412_TYPE bound to: 1 - type: integer 
	Parameter C_PROBE413_TYPE bound to: 1 - type: integer 
	Parameter C_PROBE414_TYPE bound to: 1 - type: integer 
	Parameter C_PROBE415_TYPE bound to: 1 - type: integer 
	Parameter C_PROBE416_TYPE bound to: 1 - type: integer 
	Parameter C_PROBE417_TYPE bound to: 1 - type: integer 
	Parameter C_PROBE418_TYPE bound to: 1 - type: integer 
	Parameter C_PROBE419_TYPE bound to: 1 - type: integer 
	Parameter C_PROBE420_TYPE bound to: 1 - type: integer 
	Parameter C_PROBE421_TYPE bound to: 1 - type: integer 
	Parameter C_PROBE422_TYPE bound to: 1 - type: integer 
	Parameter C_PROBE423_TYPE bound to: 1 - type: integer 
	Parameter C_PROBE424_TYPE bound to: 1 - type: integer 
	Parameter C_PROBE425_TYPE bound to: 1 - type: integer 
	Parameter C_PROBE426_TYPE bound to: 1 - type: integer 
	Parameter C_PROBE427_TYPE bound to: 1 - type: integer 
	Parameter C_PROBE428_TYPE bound to: 1 - type: integer 
	Parameter C_PROBE429_TYPE bound to: 1 - type: integer 
	Parameter C_PROBE430_TYPE bound to: 1 - type: integer 
	Parameter C_PROBE431_TYPE bound to: 1 - type: integer 
	Parameter C_PROBE432_TYPE bound to: 1 - type: integer 
	Parameter C_PROBE433_TYPE bound to: 1 - type: integer 
	Parameter C_PROBE434_TYPE bound to: 1 - type: integer 
	Parameter C_PROBE435_TYPE bound to: 1 - type: integer 
	Parameter C_PROBE436_TYPE bound to: 1 - type: integer 
	Parameter C_PROBE437_TYPE bound to: 1 - type: integer 
	Parameter C_PROBE438_TYPE bound to: 1 - type: integer 
	Parameter C_PROBE439_TYPE bound to: 1 - type: integer 
	Parameter C_PROBE440_TYPE bound to: 1 - type: integer 
	Parameter C_PROBE441_TYPE bound to: 1 - type: integer 
	Parameter C_PROBE442_TYPE bound to: 1 - type: integer 
	Parameter C_PROBE443_TYPE bound to: 1 - type: integer 
	Parameter C_PROBE444_TYPE bound to: 1 - type: integer 
	Parameter C_PROBE445_TYPE bound to: 1 - type: integer 
	Parameter C_PROBE446_TYPE bound to: 1 - type: integer 
	Parameter C_PROBE447_TYPE bound to: 1 - type: integer 
	Parameter C_PROBE448_TYPE bound to: 1 - type: integer 
	Parameter C_PROBE449_TYPE bound to: 1 - type: integer 
	Parameter C_PROBE450_TYPE bound to: 1 - type: integer 
	Parameter C_PROBE451_TYPE bound to: 1 - type: integer 
	Parameter C_PROBE452_TYPE bound to: 1 - type: integer 
	Parameter C_PROBE453_TYPE bound to: 1 - type: integer 
	Parameter C_PROBE454_TYPE bound to: 1 - type: integer 
	Parameter C_PROBE455_TYPE bound to: 1 - type: integer 
	Parameter C_PROBE456_TYPE bound to: 1 - type: integer 
	Parameter C_PROBE457_TYPE bound to: 1 - type: integer 
	Parameter C_PROBE458_TYPE bound to: 1 - type: integer 
	Parameter C_PROBE459_TYPE bound to: 1 - type: integer 
	Parameter C_PROBE460_TYPE bound to: 1 - type: integer 
	Parameter C_PROBE461_TYPE bound to: 1 - type: integer 
	Parameter C_PROBE462_TYPE bound to: 1 - type: integer 
	Parameter C_PROBE463_TYPE bound to: 1 - type: integer 
	Parameter C_PROBE464_TYPE bound to: 1 - type: integer 
	Parameter C_PROBE465_TYPE bound to: 1 - type: integer 
	Parameter C_PROBE466_TYPE bound to: 1 - type: integer 
	Parameter C_PROBE467_TYPE bound to: 1 - type: integer 
	Parameter C_PROBE468_TYPE bound to: 1 - type: integer 
	Parameter C_PROBE469_TYPE bound to: 1 - type: integer 
	Parameter C_PROBE470_TYPE bound to: 1 - type: integer 
	Parameter C_PROBE471_TYPE bound to: 1 - type: integer 
	Parameter C_PROBE472_TYPE bound to: 1 - type: integer 
	Parameter C_PROBE473_TYPE bound to: 1 - type: integer 
	Parameter C_PROBE474_TYPE bound to: 1 - type: integer 
	Parameter C_PROBE475_TYPE bound to: 1 - type: integer 
	Parameter C_PROBE476_TYPE bound to: 1 - type: integer 
	Parameter C_PROBE477_TYPE bound to: 1 - type: integer 
	Parameter C_PROBE478_TYPE bound to: 1 - type: integer 
	Parameter C_PROBE479_TYPE bound to: 1 - type: integer 
	Parameter C_PROBE480_TYPE bound to: 1 - type: integer 
	Parameter C_PROBE481_TYPE bound to: 1 - type: integer 
	Parameter C_PROBE482_TYPE bound to: 1 - type: integer 
	Parameter C_PROBE483_TYPE bound to: 1 - type: integer 
	Parameter C_PROBE484_TYPE bound to: 1 - type: integer 
	Parameter C_PROBE485_TYPE bound to: 1 - type: integer 
	Parameter C_PROBE486_TYPE bound to: 1 - type: integer 
	Parameter C_PROBE487_TYPE bound to: 1 - type: integer 
	Parameter C_PROBE488_TYPE bound to: 1 - type: integer 
	Parameter C_PROBE489_TYPE bound to: 1 - type: integer 
	Parameter C_PROBE490_TYPE bound to: 1 - type: integer 
	Parameter C_PROBE491_TYPE bound to: 1 - type: integer 
	Parameter C_PROBE492_TYPE bound to: 1 - type: integer 
	Parameter C_PROBE493_TYPE bound to: 1 - type: integer 
	Parameter C_PROBE494_TYPE bound to: 1 - type: integer 
	Parameter C_PROBE495_TYPE bound to: 1 - type: integer 
	Parameter C_PROBE496_TYPE bound to: 1 - type: integer 
	Parameter C_PROBE497_TYPE bound to: 1 - type: integer 
	Parameter C_PROBE498_TYPE bound to: 1 - type: integer 
	Parameter C_PROBE499_TYPE bound to: 1 - type: integer 
	Parameter C_PROBE500_TYPE bound to: 1 - type: integer 
	Parameter C_PROBE501_TYPE bound to: 1 - type: integer 
	Parameter C_PROBE502_TYPE bound to: 1 - type: integer 
	Parameter C_PROBE503_TYPE bound to: 1 - type: integer 
	Parameter C_PROBE504_TYPE bound to: 1 - type: integer 
	Parameter C_PROBE505_TYPE bound to: 1 - type: integer 
	Parameter C_PROBE506_TYPE bound to: 1 - type: integer 
	Parameter C_PROBE507_TYPE bound to: 1 - type: integer 
	Parameter C_PROBE508_TYPE bound to: 1 - type: integer 
	Parameter C_PROBE509_TYPE bound to: 1 - type: integer 
	Parameter C_PROBE510_TYPE bound to: 1 - type: integer 
	Parameter C_PROBE511_TYPE bound to: 1 - type: integer 
	Parameter C_PROBE512_TYPE bound to: 1 - type: integer 
	Parameter C_PROBE513_TYPE bound to: 1 - type: integer 
	Parameter C_PROBE514_TYPE bound to: 1 - type: integer 
	Parameter C_PROBE515_TYPE bound to: 1 - type: integer 
	Parameter C_PROBE516_TYPE bound to: 1 - type: integer 
	Parameter C_PROBE517_TYPE bound to: 1 - type: integer 
	Parameter C_PROBE518_TYPE bound to: 1 - type: integer 
	Parameter C_PROBE519_TYPE bound to: 1 - type: integer 
	Parameter C_PROBE520_TYPE bound to: 1 - type: integer 
	Parameter C_PROBE521_TYPE bound to: 1 - type: integer 
	Parameter C_PROBE522_TYPE bound to: 1 - type: integer 
	Parameter C_PROBE523_TYPE bound to: 1 - type: integer 
	Parameter C_PROBE524_TYPE bound to: 1 - type: integer 
	Parameter C_PROBE525_TYPE bound to: 1 - type: integer 
	Parameter C_PROBE526_TYPE bound to: 1 - type: integer 
	Parameter C_PROBE527_TYPE bound to: 1 - type: integer 
	Parameter C_PROBE528_TYPE bound to: 1 - type: integer 
	Parameter C_PROBE529_TYPE bound to: 1 - type: integer 
	Parameter C_PROBE530_TYPE bound to: 1 - type: integer 
	Parameter C_PROBE531_TYPE bound to: 1 - type: integer 
	Parameter C_PROBE532_TYPE bound to: 1 - type: integer 
	Parameter C_PROBE533_TYPE bound to: 1 - type: integer 
	Parameter C_PROBE534_TYPE bound to: 1 - type: integer 
	Parameter C_PROBE535_TYPE bound to: 1 - type: integer 
	Parameter C_PROBE536_TYPE bound to: 1 - type: integer 
	Parameter C_PROBE537_TYPE bound to: 1 - type: integer 
	Parameter C_PROBE538_TYPE bound to: 1 - type: integer 
	Parameter C_PROBE539_TYPE bound to: 1 - type: integer 
	Parameter C_PROBE540_TYPE bound to: 1 - type: integer 
	Parameter C_PROBE541_TYPE bound to: 1 - type: integer 
	Parameter C_PROBE542_TYPE bound to: 1 - type: integer 
	Parameter C_PROBE543_TYPE bound to: 1 - type: integer 
	Parameter C_PROBE544_TYPE bound to: 1 - type: integer 
	Parameter C_PROBE545_TYPE bound to: 1 - type: integer 
	Parameter C_PROBE546_TYPE bound to: 1 - type: integer 
	Parameter C_PROBE547_TYPE bound to: 1 - type: integer 
	Parameter C_PROBE548_TYPE bound to: 1 - type: integer 
	Parameter C_PROBE549_TYPE bound to: 1 - type: integer 
	Parameter C_PROBE550_TYPE bound to: 1 - type: integer 
	Parameter C_PROBE551_TYPE bound to: 1 - type: integer 
	Parameter C_PROBE552_TYPE bound to: 1 - type: integer 
	Parameter C_PROBE553_TYPE bound to: 1 - type: integer 
	Parameter C_PROBE554_TYPE bound to: 1 - type: integer 
	Parameter C_PROBE555_TYPE bound to: 1 - type: integer 
	Parameter C_PROBE556_TYPE bound to: 1 - type: integer 
	Parameter C_PROBE557_TYPE bound to: 1 - type: integer 
	Parameter C_PROBE558_TYPE bound to: 1 - type: integer 
	Parameter C_PROBE559_TYPE bound to: 1 - type: integer 
	Parameter C_PROBE560_TYPE bound to: 1 - type: integer 
	Parameter C_PROBE561_TYPE bound to: 1 - type: integer 
	Parameter C_PROBE562_TYPE bound to: 1 - type: integer 
	Parameter C_PROBE563_TYPE bound to: 1 - type: integer 
	Parameter C_PROBE564_TYPE bound to: 1 - type: integer 
	Parameter C_PROBE565_TYPE bound to: 1 - type: integer 
	Parameter C_PROBE566_TYPE bound to: 1 - type: integer 
	Parameter C_PROBE567_TYPE bound to: 1 - type: integer 
	Parameter C_PROBE568_TYPE bound to: 1 - type: integer 
	Parameter C_PROBE569_TYPE bound to: 1 - type: integer 
	Parameter C_PROBE570_TYPE bound to: 1 - type: integer 
	Parameter C_PROBE571_TYPE bound to: 1 - type: integer 
	Parameter C_PROBE572_TYPE bound to: 1 - type: integer 
	Parameter C_PROBE573_TYPE bound to: 1 - type: integer 
	Parameter C_PROBE574_TYPE bound to: 1 - type: integer 
	Parameter C_PROBE575_TYPE bound to: 1 - type: integer 
	Parameter C_PROBE576_TYPE bound to: 1 - type: integer 
	Parameter C_PROBE577_TYPE bound to: 1 - type: integer 
	Parameter C_PROBE578_TYPE bound to: 1 - type: integer 
	Parameter C_PROBE579_TYPE bound to: 1 - type: integer 
	Parameter C_PROBE580_TYPE bound to: 1 - type: integer 
	Parameter C_PROBE581_TYPE bound to: 1 - type: integer 
	Parameter C_PROBE582_TYPE bound to: 1 - type: integer 
	Parameter C_PROBE583_TYPE bound to: 1 - type: integer 
	Parameter C_PROBE584_TYPE bound to: 1 - type: integer 
	Parameter C_PROBE585_TYPE bound to: 1 - type: integer 
	Parameter C_PROBE586_TYPE bound to: 1 - type: integer 
	Parameter C_PROBE587_TYPE bound to: 1 - type: integer 
	Parameter C_PROBE588_TYPE bound to: 1 - type: integer 
	Parameter C_PROBE589_TYPE bound to: 1 - type: integer 
	Parameter C_PROBE590_TYPE bound to: 1 - type: integer 
	Parameter C_PROBE591_TYPE bound to: 1 - type: integer 
	Parameter C_PROBE592_TYPE bound to: 1 - type: integer 
	Parameter C_PROBE593_TYPE bound to: 1 - type: integer 
	Parameter C_PROBE594_TYPE bound to: 1 - type: integer 
	Parameter C_PROBE595_TYPE bound to: 1 - type: integer 
	Parameter C_PROBE596_TYPE bound to: 1 - type: integer 
	Parameter C_PROBE597_TYPE bound to: 1 - type: integer 
	Parameter C_PROBE598_TYPE bound to: 1 - type: integer 
	Parameter C_PROBE599_TYPE bound to: 1 - type: integer 
	Parameter C_PROBE600_TYPE bound to: 1 - type: integer 
	Parameter C_PROBE601_TYPE bound to: 1 - type: integer 
	Parameter C_PROBE602_TYPE bound to: 1 - type: integer 
	Parameter C_PROBE603_TYPE bound to: 1 - type: integer 
	Parameter C_PROBE604_TYPE bound to: 1 - type: integer 
	Parameter C_PROBE605_TYPE bound to: 1 - type: integer 
	Parameter C_PROBE606_TYPE bound to: 1 - type: integer 
	Parameter C_PROBE607_TYPE bound to: 1 - type: integer 
	Parameter C_PROBE608_TYPE bound to: 1 - type: integer 
	Parameter C_PROBE609_TYPE bound to: 1 - type: integer 
	Parameter C_PROBE610_TYPE bound to: 1 - type: integer 
	Parameter C_PROBE611_TYPE bound to: 1 - type: integer 
	Parameter C_PROBE612_TYPE bound to: 1 - type: integer 
	Parameter C_PROBE613_TYPE bound to: 1 - type: integer 
	Parameter C_PROBE614_TYPE bound to: 1 - type: integer 
	Parameter C_PROBE615_TYPE bound to: 1 - type: integer 
	Parameter C_PROBE616_TYPE bound to: 1 - type: integer 
	Parameter C_PROBE617_TYPE bound to: 1 - type: integer 
	Parameter C_PROBE618_TYPE bound to: 1 - type: integer 
	Parameter C_PROBE619_TYPE bound to: 1 - type: integer 
	Parameter C_PROBE620_TYPE bound to: 1 - type: integer 
	Parameter C_PROBE621_TYPE bound to: 1 - type: integer 
	Parameter C_PROBE622_TYPE bound to: 1 - type: integer 
	Parameter C_PROBE623_TYPE bound to: 1 - type: integer 
	Parameter C_PROBE624_TYPE bound to: 1 - type: integer 
	Parameter C_PROBE625_TYPE bound to: 1 - type: integer 
	Parameter C_PROBE626_TYPE bound to: 1 - type: integer 
	Parameter C_PROBE627_TYPE bound to: 1 - type: integer 
	Parameter C_PROBE628_TYPE bound to: 1 - type: integer 
	Parameter C_PROBE629_TYPE bound to: 1 - type: integer 
	Parameter C_PROBE630_TYPE bound to: 1 - type: integer 
	Parameter C_PROBE631_TYPE bound to: 1 - type: integer 
	Parameter C_PROBE632_TYPE bound to: 1 - type: integer 
	Parameter C_PROBE633_TYPE bound to: 1 - type: integer 
	Parameter C_PROBE634_TYPE bound to: 1 - type: integer 
	Parameter C_PROBE635_TYPE bound to: 1 - type: integer 
	Parameter C_PROBE636_TYPE bound to: 1 - type: integer 
	Parameter C_PROBE637_TYPE bound to: 1 - type: integer 
	Parameter C_PROBE638_TYPE bound to: 1 - type: integer 
	Parameter C_PROBE639_TYPE bound to: 1 - type: integer 
	Parameter C_PROBE640_TYPE bound to: 1 - type: integer 
	Parameter C_PROBE641_TYPE bound to: 1 - type: integer 
	Parameter C_PROBE642_TYPE bound to: 1 - type: integer 
	Parameter C_PROBE643_TYPE bound to: 1 - type: integer 
	Parameter C_PROBE644_TYPE bound to: 1 - type: integer 
	Parameter C_PROBE645_TYPE bound to: 1 - type: integer 
	Parameter C_PROBE646_TYPE bound to: 1 - type: integer 
	Parameter C_PROBE647_TYPE bound to: 1 - type: integer 
	Parameter C_PROBE648_TYPE bound to: 1 - type: integer 
	Parameter C_PROBE649_TYPE bound to: 1 - type: integer 
	Parameter C_PROBE650_TYPE bound to: 1 - type: integer 
	Parameter C_PROBE651_TYPE bound to: 1 - type: integer 
	Parameter C_PROBE652_TYPE bound to: 1 - type: integer 
	Parameter C_PROBE653_TYPE bound to: 1 - type: integer 
	Parameter C_PROBE654_TYPE bound to: 1 - type: integer 
	Parameter C_PROBE655_TYPE bound to: 1 - type: integer 
	Parameter C_PROBE656_TYPE bound to: 1 - type: integer 
	Parameter C_PROBE657_TYPE bound to: 1 - type: integer 
	Parameter C_PROBE658_TYPE bound to: 1 - type: integer 
	Parameter C_PROBE659_TYPE bound to: 1 - type: integer 
	Parameter C_PROBE660_TYPE bound to: 1 - type: integer 
	Parameter C_PROBE661_TYPE bound to: 1 - type: integer 
	Parameter C_PROBE662_TYPE bound to: 1 - type: integer 
	Parameter C_PROBE663_TYPE bound to: 1 - type: integer 
	Parameter C_PROBE664_TYPE bound to: 1 - type: integer 
	Parameter C_PROBE665_TYPE bound to: 1 - type: integer 
	Parameter C_PROBE666_TYPE bound to: 1 - type: integer 
	Parameter C_PROBE667_TYPE bound to: 1 - type: integer 
	Parameter C_PROBE668_TYPE bound to: 1 - type: integer 
	Parameter C_PROBE669_TYPE bound to: 1 - type: integer 
	Parameter C_PROBE670_TYPE bound to: 1 - type: integer 
	Parameter C_PROBE671_TYPE bound to: 1 - type: integer 
	Parameter C_PROBE672_TYPE bound to: 1 - type: integer 
	Parameter C_PROBE673_TYPE bound to: 1 - type: integer 
	Parameter C_PROBE674_TYPE bound to: 1 - type: integer 
	Parameter C_PROBE675_TYPE bound to: 1 - type: integer 
	Parameter C_PROBE676_TYPE bound to: 1 - type: integer 
	Parameter C_PROBE677_TYPE bound to: 1 - type: integer 
	Parameter C_PROBE678_TYPE bound to: 1 - type: integer 
	Parameter C_PROBE679_TYPE bound to: 1 - type: integer 
	Parameter C_PROBE680_TYPE bound to: 1 - type: integer 
	Parameter C_PROBE681_TYPE bound to: 1 - type: integer 
	Parameter C_PROBE682_TYPE bound to: 1 - type: integer 
	Parameter C_PROBE683_TYPE bound to: 1 - type: integer 
	Parameter C_PROBE684_TYPE bound to: 1 - type: integer 
	Parameter C_PROBE685_TYPE bound to: 1 - type: integer 
	Parameter C_PROBE686_TYPE bound to: 1 - type: integer 
	Parameter C_PROBE687_TYPE bound to: 1 - type: integer 
	Parameter C_PROBE688_TYPE bound to: 1 - type: integer 
	Parameter C_PROBE689_TYPE bound to: 1 - type: integer 
	Parameter C_PROBE690_TYPE bound to: 1 - type: integer 
	Parameter C_PROBE691_TYPE bound to: 1 - type: integer 
	Parameter C_PROBE692_TYPE bound to: 1 - type: integer 
	Parameter C_PROBE693_TYPE bound to: 1 - type: integer 
	Parameter C_PROBE694_TYPE bound to: 1 - type: integer 
	Parameter C_PROBE695_TYPE bound to: 1 - type: integer 
	Parameter C_PROBE696_TYPE bound to: 1 - type: integer 
	Parameter C_PROBE697_TYPE bound to: 1 - type: integer 
	Parameter C_PROBE698_TYPE bound to: 1 - type: integer 
	Parameter C_PROBE699_TYPE bound to: 1 - type: integer 
	Parameter C_PROBE700_TYPE bound to: 1 - type: integer 
	Parameter C_PROBE701_TYPE bound to: 1 - type: integer 
	Parameter C_PROBE702_TYPE bound to: 1 - type: integer 
	Parameter C_PROBE703_TYPE bound to: 1 - type: integer 
	Parameter C_PROBE704_TYPE bound to: 1 - type: integer 
	Parameter C_PROBE705_TYPE bound to: 1 - type: integer 
	Parameter C_PROBE706_TYPE bound to: 1 - type: integer 
	Parameter C_PROBE707_TYPE bound to: 1 - type: integer 
	Parameter C_PROBE708_TYPE bound to: 1 - type: integer 
	Parameter C_PROBE709_TYPE bound to: 1 - type: integer 
	Parameter C_PROBE710_TYPE bound to: 1 - type: integer 
	Parameter C_PROBE711_TYPE bound to: 1 - type: integer 
	Parameter C_PROBE712_TYPE bound to: 1 - type: integer 
	Parameter C_PROBE713_TYPE bound to: 1 - type: integer 
	Parameter C_PROBE714_TYPE bound to: 1 - type: integer 
	Parameter C_PROBE715_TYPE bound to: 1 - type: integer 
	Parameter C_PROBE716_TYPE bound to: 1 - type: integer 
	Parameter C_PROBE717_TYPE bound to: 1 - type: integer 
	Parameter C_PROBE718_TYPE bound to: 1 - type: integer 
	Parameter C_PROBE719_TYPE bound to: 1 - type: integer 
	Parameter C_PROBE720_TYPE bound to: 1 - type: integer 
	Parameter C_PROBE721_TYPE bound to: 1 - type: integer 
	Parameter C_PROBE722_TYPE bound to: 1 - type: integer 
	Parameter C_PROBE723_TYPE bound to: 1 - type: integer 
	Parameter C_PROBE724_TYPE bound to: 1 - type: integer 
	Parameter C_PROBE725_TYPE bound to: 1 - type: integer 
	Parameter C_PROBE726_TYPE bound to: 1 - type: integer 
	Parameter C_PROBE727_TYPE bound to: 1 - type: integer 
	Parameter C_PROBE728_TYPE bound to: 1 - type: integer 
	Parameter C_PROBE729_TYPE bound to: 1 - type: integer 
	Parameter C_PROBE730_TYPE bound to: 1 - type: integer 
	Parameter C_PROBE731_TYPE bound to: 1 - type: integer 
	Parameter C_PROBE732_TYPE bound to: 1 - type: integer 
	Parameter C_PROBE733_TYPE bound to: 1 - type: integer 
	Parameter C_PROBE734_TYPE bound to: 1 - type: integer 
	Parameter C_PROBE735_TYPE bound to: 1 - type: integer 
	Parameter C_PROBE736_TYPE bound to: 1 - type: integer 
	Parameter C_PROBE737_TYPE bound to: 1 - type: integer 
	Parameter C_PROBE738_TYPE bound to: 1 - type: integer 
	Parameter C_PROBE739_TYPE bound to: 1 - type: integer 
	Parameter C_PROBE740_TYPE bound to: 1 - type: integer 
	Parameter C_PROBE741_TYPE bound to: 1 - type: integer 
	Parameter C_PROBE742_TYPE bound to: 1 - type: integer 
	Parameter C_PROBE743_TYPE bound to: 1 - type: integer 
	Parameter C_PROBE744_TYPE bound to: 1 - type: integer 
	Parameter C_PROBE745_TYPE bound to: 1 - type: integer 
	Parameter C_PROBE746_TYPE bound to: 1 - type: integer 
	Parameter C_PROBE747_TYPE bound to: 1 - type: integer 
	Parameter C_PROBE748_TYPE bound to: 1 - type: integer 
	Parameter C_PROBE749_TYPE bound to: 1 - type: integer 
	Parameter C_PROBE750_TYPE bound to: 1 - type: integer 
	Parameter C_PROBE751_TYPE bound to: 1 - type: integer 
	Parameter C_PROBE752_TYPE bound to: 1 - type: integer 
	Parameter C_PROBE753_TYPE bound to: 1 - type: integer 
	Parameter C_PROBE754_TYPE bound to: 1 - type: integer 
	Parameter C_PROBE755_TYPE bound to: 1 - type: integer 
	Parameter C_PROBE756_TYPE bound to: 1 - type: integer 
	Parameter C_PROBE757_TYPE bound to: 1 - type: integer 
	Parameter C_PROBE758_TYPE bound to: 1 - type: integer 
	Parameter C_PROBE759_TYPE bound to: 1 - type: integer 
	Parameter C_PROBE760_TYPE bound to: 1 - type: integer 
	Parameter C_PROBE761_TYPE bound to: 1 - type: integer 
	Parameter C_PROBE762_TYPE bound to: 1 - type: integer 
	Parameter C_PROBE763_TYPE bound to: 1 - type: integer 
	Parameter C_PROBE764_TYPE bound to: 1 - type: integer 
	Parameter C_PROBE765_TYPE bound to: 1 - type: integer 
	Parameter C_PROBE766_TYPE bound to: 1 - type: integer 
	Parameter C_PROBE767_TYPE bound to: 1 - type: integer 
	Parameter C_PROBE768_TYPE bound to: 1 - type: integer 
	Parameter C_PROBE769_TYPE bound to: 1 - type: integer 
	Parameter C_PROBE770_TYPE bound to: 1 - type: integer 
	Parameter C_PROBE771_TYPE bound to: 1 - type: integer 
	Parameter C_PROBE772_TYPE bound to: 1 - type: integer 
	Parameter C_PROBE773_TYPE bound to: 1 - type: integer 
	Parameter C_PROBE774_TYPE bound to: 1 - type: integer 
	Parameter C_PROBE775_TYPE bound to: 1 - type: integer 
	Parameter C_PROBE776_TYPE bound to: 1 - type: integer 
	Parameter C_PROBE777_TYPE bound to: 1 - type: integer 
	Parameter C_PROBE778_TYPE bound to: 1 - type: integer 
	Parameter C_PROBE779_TYPE bound to: 1 - type: integer 
	Parameter C_PROBE780_TYPE bound to: 1 - type: integer 
	Parameter C_PROBE781_TYPE bound to: 1 - type: integer 
	Parameter C_PROBE782_TYPE bound to: 1 - type: integer 
	Parameter C_PROBE783_TYPE bound to: 1 - type: integer 
	Parameter C_PROBE784_TYPE bound to: 1 - type: integer 
	Parameter C_PROBE785_TYPE bound to: 1 - type: integer 
	Parameter C_PROBE786_TYPE bound to: 1 - type: integer 
	Parameter C_PROBE787_TYPE bound to: 1 - type: integer 
	Parameter C_PROBE788_TYPE bound to: 1 - type: integer 
	Parameter C_PROBE789_TYPE bound to: 1 - type: integer 
	Parameter C_PROBE790_TYPE bound to: 1 - type: integer 
	Parameter C_PROBE791_TYPE bound to: 1 - type: integer 
	Parameter C_PROBE792_TYPE bound to: 1 - type: integer 
	Parameter C_PROBE793_TYPE bound to: 1 - type: integer 
	Parameter C_PROBE794_TYPE bound to: 1 - type: integer 
	Parameter C_PROBE795_TYPE bound to: 1 - type: integer 
	Parameter C_PROBE796_TYPE bound to: 1 - type: integer 
	Parameter C_PROBE797_TYPE bound to: 1 - type: integer 
	Parameter C_PROBE798_TYPE bound to: 1 - type: integer 
	Parameter C_PROBE799_TYPE bound to: 1 - type: integer 
	Parameter C_PROBE800_TYPE bound to: 1 - type: integer 
	Parameter C_PROBE801_TYPE bound to: 1 - type: integer 
	Parameter C_PROBE802_TYPE bound to: 1 - type: integer 
	Parameter C_PROBE803_TYPE bound to: 1 - type: integer 
	Parameter C_PROBE804_TYPE bound to: 1 - type: integer 
	Parameter C_PROBE805_TYPE bound to: 1 - type: integer 
	Parameter C_PROBE806_TYPE bound to: 1 - type: integer 
	Parameter C_PROBE807_TYPE bound to: 1 - type: integer 
	Parameter C_PROBE808_TYPE bound to: 1 - type: integer 
	Parameter C_PROBE809_TYPE bound to: 1 - type: integer 
	Parameter C_PROBE810_TYPE bound to: 1 - type: integer 
	Parameter C_PROBE811_TYPE bound to: 1 - type: integer 
	Parameter C_PROBE812_TYPE bound to: 1 - type: integer 
	Parameter C_PROBE813_TYPE bound to: 1 - type: integer 
	Parameter C_PROBE814_TYPE bound to: 1 - type: integer 
	Parameter C_PROBE815_TYPE bound to: 1 - type: integer 
	Parameter C_PROBE816_TYPE bound to: 1 - type: integer 
	Parameter C_PROBE817_TYPE bound to: 1 - type: integer 
	Parameter C_PROBE818_TYPE bound to: 1 - type: integer 
	Parameter C_PROBE819_TYPE bound to: 1 - type: integer 
	Parameter C_PROBE820_TYPE bound to: 1 - type: integer 
	Parameter C_PROBE821_TYPE bound to: 1 - type: integer 
	Parameter C_PROBE822_TYPE bound to: 1 - type: integer 
	Parameter C_PROBE823_TYPE bound to: 1 - type: integer 
	Parameter C_PROBE824_TYPE bound to: 1 - type: integer 
	Parameter C_PROBE825_TYPE bound to: 1 - type: integer 
	Parameter C_PROBE826_TYPE bound to: 1 - type: integer 
	Parameter C_PROBE827_TYPE bound to: 1 - type: integer 
	Parameter C_PROBE828_TYPE bound to: 1 - type: integer 
	Parameter C_PROBE829_TYPE bound to: 1 - type: integer 
	Parameter C_PROBE830_TYPE bound to: 1 - type: integer 
	Parameter C_PROBE831_TYPE bound to: 1 - type: integer 
	Parameter C_PROBE832_TYPE bound to: 1 - type: integer 
	Parameter C_PROBE833_TYPE bound to: 1 - type: integer 
	Parameter C_PROBE834_TYPE bound to: 1 - type: integer 
	Parameter C_PROBE835_TYPE bound to: 1 - type: integer 
	Parameter C_PROBE836_TYPE bound to: 1 - type: integer 
	Parameter C_PROBE837_TYPE bound to: 1 - type: integer 
	Parameter C_PROBE838_TYPE bound to: 1 - type: integer 
	Parameter C_PROBE839_TYPE bound to: 1 - type: integer 
	Parameter C_PROBE840_TYPE bound to: 1 - type: integer 
	Parameter C_PROBE841_TYPE bound to: 1 - type: integer 
	Parameter C_PROBE842_TYPE bound to: 1 - type: integer 
	Parameter C_PROBE843_TYPE bound to: 1 - type: integer 
	Parameter C_PROBE844_TYPE bound to: 1 - type: integer 
	Parameter C_PROBE845_TYPE bound to: 1 - type: integer 
	Parameter C_PROBE846_TYPE bound to: 1 - type: integer 
	Parameter C_PROBE847_TYPE bound to: 1 - type: integer 
	Parameter C_PROBE848_TYPE bound to: 1 - type: integer 
	Parameter C_PROBE849_TYPE bound to: 1 - type: integer 
	Parameter C_PROBE850_TYPE bound to: 1 - type: integer 
	Parameter C_PROBE851_TYPE bound to: 1 - type: integer 
	Parameter C_PROBE852_TYPE bound to: 1 - type: integer 
	Parameter C_PROBE853_TYPE bound to: 1 - type: integer 
	Parameter C_PROBE854_TYPE bound to: 1 - type: integer 
	Parameter C_PROBE855_TYPE bound to: 1 - type: integer 
	Parameter C_PROBE856_TYPE bound to: 1 - type: integer 
	Parameter C_PROBE857_TYPE bound to: 1 - type: integer 
	Parameter C_PROBE858_TYPE bound to: 1 - type: integer 
	Parameter C_PROBE859_TYPE bound to: 1 - type: integer 
	Parameter C_PROBE860_TYPE bound to: 1 - type: integer 
	Parameter C_PROBE861_TYPE bound to: 1 - type: integer 
	Parameter C_PROBE862_TYPE bound to: 1 - type: integer 
	Parameter C_PROBE863_TYPE bound to: 1 - type: integer 
	Parameter C_PROBE864_TYPE bound to: 1 - type: integer 
	Parameter C_PROBE865_TYPE bound to: 1 - type: integer 
	Parameter C_PROBE866_TYPE bound to: 1 - type: integer 
	Parameter C_PROBE867_TYPE bound to: 1 - type: integer 
	Parameter C_PROBE868_TYPE bound to: 1 - type: integer 
	Parameter C_PROBE869_TYPE bound to: 1 - type: integer 
	Parameter C_PROBE870_TYPE bound to: 1 - type: integer 
	Parameter C_PROBE871_TYPE bound to: 1 - type: integer 
	Parameter C_PROBE872_TYPE bound to: 1 - type: integer 
	Parameter C_PROBE873_TYPE bound to: 1 - type: integer 
	Parameter C_PROBE874_TYPE bound to: 1 - type: integer 
	Parameter C_PROBE875_TYPE bound to: 1 - type: integer 
	Parameter C_PROBE876_TYPE bound to: 1 - type: integer 
	Parameter C_PROBE877_TYPE bound to: 1 - type: integer 
	Parameter C_PROBE878_TYPE bound to: 1 - type: integer 
	Parameter C_PROBE879_TYPE bound to: 1 - type: integer 
	Parameter C_PROBE880_TYPE bound to: 1 - type: integer 
	Parameter C_PROBE881_TYPE bound to: 1 - type: integer 
	Parameter C_PROBE882_TYPE bound to: 1 - type: integer 
	Parameter C_PROBE883_TYPE bound to: 1 - type: integer 
	Parameter C_PROBE884_TYPE bound to: 1 - type: integer 
	Parameter C_PROBE885_TYPE bound to: 1 - type: integer 
	Parameter C_PROBE886_TYPE bound to: 1 - type: integer 
	Parameter C_PROBE887_TYPE bound to: 1 - type: integer 
	Parameter C_PROBE888_TYPE bound to: 1 - type: integer 
	Parameter C_PROBE889_TYPE bound to: 1 - type: integer 
	Parameter C_PROBE890_TYPE bound to: 1 - type: integer 
	Parameter C_PROBE891_TYPE bound to: 1 - type: integer 
	Parameter C_PROBE892_TYPE bound to: 1 - type: integer 
	Parameter C_PROBE893_TYPE bound to: 1 - type: integer 
	Parameter C_PROBE894_TYPE bound to: 1 - type: integer 
	Parameter C_PROBE895_TYPE bound to: 1 - type: integer 
	Parameter C_PROBE896_TYPE bound to: 1 - type: integer 
	Parameter C_PROBE897_TYPE bound to: 1 - type: integer 
	Parameter C_PROBE898_TYPE bound to: 1 - type: integer 
	Parameter C_PROBE899_TYPE bound to: 1 - type: integer 
	Parameter C_PROBE900_TYPE bound to: 1 - type: integer 
	Parameter C_PROBE901_TYPE bound to: 1 - type: integer 
	Parameter C_PROBE902_TYPE bound to: 1 - type: integer 
	Parameter C_PROBE903_TYPE bound to: 1 - type: integer 
	Parameter C_PROBE904_TYPE bound to: 1 - type: integer 
	Parameter C_PROBE905_TYPE bound to: 1 - type: integer 
	Parameter C_PROBE906_TYPE bound to: 1 - type: integer 
	Parameter C_PROBE907_TYPE bound to: 1 - type: integer 
	Parameter C_PROBE908_TYPE bound to: 1 - type: integer 
	Parameter C_PROBE909_TYPE bound to: 1 - type: integer 
	Parameter C_PROBE910_TYPE bound to: 1 - type: integer 
	Parameter C_PROBE911_TYPE bound to: 1 - type: integer 
	Parameter C_PROBE912_TYPE bound to: 1 - type: integer 
	Parameter C_PROBE913_TYPE bound to: 1 - type: integer 
	Parameter C_PROBE914_TYPE bound to: 1 - type: integer 
	Parameter C_PROBE915_TYPE bound to: 1 - type: integer 
	Parameter C_PROBE916_TYPE bound to: 1 - type: integer 
	Parameter C_PROBE917_TYPE bound to: 1 - type: integer 
	Parameter C_PROBE918_TYPE bound to: 1 - type: integer 
	Parameter C_PROBE919_TYPE bound to: 1 - type: integer 
	Parameter C_PROBE920_TYPE bound to: 1 - type: integer 
	Parameter C_PROBE921_TYPE bound to: 1 - type: integer 
	Parameter C_PROBE922_TYPE bound to: 1 - type: integer 
	Parameter C_PROBE923_TYPE bound to: 1 - type: integer 
	Parameter C_PROBE924_TYPE bound to: 1 - type: integer 
	Parameter C_PROBE925_TYPE bound to: 1 - type: integer 
	Parameter C_PROBE926_TYPE bound to: 1 - type: integer 
	Parameter C_PROBE927_TYPE bound to: 1 - type: integer 
	Parameter C_PROBE928_TYPE bound to: 1 - type: integer 
	Parameter C_PROBE929_TYPE bound to: 1 - type: integer 
	Parameter C_PROBE930_TYPE bound to: 1 - type: integer 
	Parameter C_PROBE931_TYPE bound to: 1 - type: integer 
	Parameter C_PROBE932_TYPE bound to: 1 - type: integer 
	Parameter C_PROBE933_TYPE bound to: 1 - type: integer 
	Parameter C_PROBE934_TYPE bound to: 1 - type: integer 
	Parameter C_PROBE935_TYPE bound to: 1 - type: integer 
	Parameter C_PROBE936_TYPE bound to: 1 - type: integer 
	Parameter C_PROBE937_TYPE bound to: 1 - type: integer 
	Parameter C_PROBE938_TYPE bound to: 1 - type: integer 
	Parameter C_PROBE939_TYPE bound to: 1 - type: integer 
	Parameter C_PROBE940_TYPE bound to: 1 - type: integer 
	Parameter C_PROBE941_TYPE bound to: 1 - type: integer 
	Parameter C_PROBE942_TYPE bound to: 1 - type: integer 
	Parameter C_PROBE943_TYPE bound to: 1 - type: integer 
	Parameter C_PROBE944_TYPE bound to: 1 - type: integer 
	Parameter C_PROBE945_TYPE bound to: 1 - type: integer 
	Parameter C_PROBE946_TYPE bound to: 1 - type: integer 
	Parameter C_PROBE947_TYPE bound to: 1 - type: integer 
	Parameter C_PROBE948_TYPE bound to: 1 - type: integer 
	Parameter C_PROBE949_TYPE bound to: 1 - type: integer 
	Parameter C_PROBE950_TYPE bound to: 1 - type: integer 
	Parameter C_PROBE951_TYPE bound to: 1 - type: integer 
	Parameter C_PROBE952_TYPE bound to: 1 - type: integer 
	Parameter C_PROBE953_TYPE bound to: 1 - type: integer 
	Parameter C_PROBE954_TYPE bound to: 1 - type: integer 
	Parameter C_PROBE955_TYPE bound to: 1 - type: integer 
	Parameter C_PROBE956_TYPE bound to: 1 - type: integer 
	Parameter C_PROBE957_TYPE bound to: 1 - type: integer 
	Parameter C_PROBE958_TYPE bound to: 1 - type: integer 
	Parameter C_PROBE959_TYPE bound to: 1 - type: integer 
	Parameter C_PROBE960_TYPE bound to: 1 - type: integer 
	Parameter C_PROBE961_TYPE bound to: 1 - type: integer 
	Parameter C_PROBE962_TYPE bound to: 1 - type: integer 
	Parameter C_PROBE963_TYPE bound to: 1 - type: integer 
	Parameter C_PROBE964_TYPE bound to: 1 - type: integer 
	Parameter C_PROBE965_TYPE bound to: 1 - type: integer 
	Parameter C_PROBE966_TYPE bound to: 1 - type: integer 
	Parameter C_PROBE967_TYPE bound to: 1 - type: integer 
	Parameter C_PROBE968_TYPE bound to: 1 - type: integer 
	Parameter C_PROBE969_TYPE bound to: 1 - type: integer 
	Parameter C_PROBE970_TYPE bound to: 1 - type: integer 
	Parameter C_PROBE971_TYPE bound to: 1 - type: integer 
	Parameter C_PROBE972_TYPE bound to: 1 - type: integer 
	Parameter C_PROBE973_TYPE bound to: 1 - type: integer 
	Parameter C_PROBE974_TYPE bound to: 1 - type: integer 
	Parameter C_PROBE975_TYPE bound to: 1 - type: integer 
	Parameter C_PROBE976_TYPE bound to: 1 - type: integer 
	Parameter C_PROBE977_TYPE bound to: 1 - type: integer 
	Parameter C_PROBE978_TYPE bound to: 1 - type: integer 
	Parameter C_PROBE979_TYPE bound to: 1 - type: integer 
	Parameter C_PROBE980_TYPE bound to: 1 - type: integer 
	Parameter C_PROBE981_TYPE bound to: 1 - type: integer 
	Parameter C_PROBE982_TYPE bound to: 1 - type: integer 
	Parameter C_PROBE983_TYPE bound to: 1 - type: integer 
	Parameter C_PROBE984_TYPE bound to: 1 - type: integer 
	Parameter C_PROBE985_TYPE bound to: 1 - type: integer 
	Parameter C_PROBE986_TYPE bound to: 1 - type: integer 
	Parameter C_PROBE987_TYPE bound to: 1 - type: integer 
	Parameter C_PROBE988_TYPE bound to: 1 - type: integer 
	Parameter C_PROBE989_TYPE bound to: 1 - type: integer 
	Parameter C_PROBE990_TYPE bound to: 1 - type: integer 
	Parameter C_PROBE991_TYPE bound to: 1 - type: integer 
	Parameter C_PROBE992_TYPE bound to: 1 - type: integer 
	Parameter C_PROBE993_TYPE bound to: 1 - type: integer 
	Parameter C_PROBE994_TYPE bound to: 1 - type: integer 
	Parameter C_PROBE995_TYPE bound to: 1 - type: integer 
	Parameter C_PROBE996_TYPE bound to: 1 - type: integer 
	Parameter C_PROBE997_TYPE bound to: 1 - type: integer 
	Parameter C_PROBE998_TYPE bound to: 1 - type: integer 
	Parameter C_PROBE999_TYPE bound to: 1 - type: integer 
	Parameter C_PROBE1000_TYPE bound to: 1 - type: integer 
	Parameter C_PROBE1001_TYPE bound to: 1 - type: integer 
	Parameter C_PROBE1002_TYPE bound to: 1 - type: integer 
	Parameter C_PROBE1003_TYPE bound to: 1 - type: integer 
	Parameter C_PROBE1004_TYPE bound to: 1 - type: integer 
	Parameter C_PROBE1005_TYPE bound to: 1 - type: integer 
	Parameter C_PROBE1006_TYPE bound to: 1 - type: integer 
	Parameter C_PROBE1007_TYPE bound to: 1 - type: integer 
	Parameter C_PROBE1008_TYPE bound to: 1 - type: integer 
	Parameter C_PROBE1009_TYPE bound to: 1 - type: integer 
	Parameter C_PROBE1010_TYPE bound to: 1 - type: integer 
	Parameter C_PROBE1011_TYPE bound to: 1 - type: integer 
	Parameter C_PROBE1012_TYPE bound to: 1 - type: integer 
	Parameter C_PROBE1013_TYPE bound to: 1 - type: integer 
	Parameter C_PROBE1014_TYPE bound to: 1 - type: integer 
	Parameter C_PROBE1015_TYPE bound to: 1 - type: integer 
	Parameter C_PROBE1016_TYPE bound to: 1 - type: integer 
	Parameter C_PROBE1017_TYPE bound to: 1 - type: integer 
	Parameter C_PROBE1018_TYPE bound to: 1 - type: integer 
	Parameter C_PROBE1019_TYPE bound to: 1 - type: integer 
	Parameter C_PROBE1020_TYPE bound to: 1 - type: integer 
	Parameter C_PROBE1021_TYPE bound to: 1 - type: integer 
	Parameter C_PROBE1022_TYPE bound to: 1 - type: integer 
	Parameter C_PROBE1023_TYPE bound to: 1 - type: integer 
INFO: [Synth 8-3491] module 'ila_v6_2_15_ila' declared at 'c:/Users/clb20123/Documents/FO-RFSoC-4YP/2x2_files/PLEASE/PLEASE.gen/sources_1/bd/PYNQ_Design/ipshared/2340/hdl/ila_v6_2_syn_rfs.v:6191' bound to instance 'U0' of component 'ila_v6_2_15_ila' [c:/Users/clb20123/Documents/FO-RFSoC-4YP/2x2_files/PLEASE/PLEASE.gen/sources_1/bd/PYNQ_Design/ip/PYNQ_Design_system_ila_1_0/bd_0/ip/ip_0/synth/bd_9ef2_ila_lib_0.vhd:4254]
INFO: [Synth 8-6157] synthesizing module 'CFGLUT5' [D:/Xilinx/Vivado/2024.1/scripts/rt/data/unisim_comp_diablo.v:2488]
INFO: [Synth 8-6155] done synthesizing module 'CFGLUT5' (0#1) [D:/Xilinx/Vivado/2024.1/scripts/rt/data/unisim_comp_diablo.v:2488]
INFO: [Synth 8-6157] synthesizing module 'CARRY4' [D:/Xilinx/Vivado/2024.1/scripts/rt/data/unisim_comp_diablo.v:2451]
INFO: [Synth 8-6155] done synthesizing module 'CARRY4' (0#1) [D:/Xilinx/Vivado/2024.1/scripts/rt/data/unisim_comp_diablo.v:2451]
INFO: [Synth 8-6157] synthesizing module 'SRLC32E' [D:/Xilinx/Vivado/2024.1/scripts/rt/data/unisim_comp_diablo.v:138662]
INFO: [Synth 8-6155] done synthesizing module 'SRLC32E' (0#1) [D:/Xilinx/Vivado/2024.1/scripts/rt/data/unisim_comp_diablo.v:138662]
INFO: [Synth 8-6157] synthesizing module 'SRL16E' [D:/Xilinx/Vivado/2024.1/scripts/rt/data/unisim_comp_diablo.v:138512]
INFO: [Synth 8-6155] done synthesizing module 'SRL16E' (0#1) [D:/Xilinx/Vivado/2024.1/scripts/rt/data/unisim_comp_diablo.v:138512]
INFO: [Synth 8-6157] synthesizing module 'SRLC16E' [D:/Xilinx/Vivado/2024.1/scripts/rt/data/unisim_comp_diablo.v:138601]
INFO: [Synth 8-6155] done synthesizing module 'SRLC16E' (0#1) [D:/Xilinx/Vivado/2024.1/scripts/rt/data/unisim_comp_diablo.v:138601]
INFO: [Synth 8-6157] synthesizing module 'FDRE' [D:/Xilinx/Vivado/2024.1/scripts/rt/data/unisim_comp_diablo.v:41098]
INFO: [Synth 8-6155] done synthesizing module 'FDRE' (0#1) [D:/Xilinx/Vivado/2024.1/scripts/rt/data/unisim_comp_diablo.v:41098]
INFO: [Synth 8-256] done synthesizing module 'bd_9ef2_ila_lib_0' (0#1) [c:/Users/clb20123/Documents/FO-RFSoC-4YP/2x2_files/PLEASE/PLEASE.gen/sources_1/bd/PYNQ_Design/ip/PYNQ_Design_system_ila_1_0/bd_0/ip/ip_0/synth/bd_9ef2_ila_lib_0.vhd:69]
INFO: [Synth 8-256] done synthesizing module 'bd_9ef2' (0#1) [c:/Users/clb20123/Documents/FO-RFSoC-4YP/2x2_files/PLEASE/PLEASE.gen/sources_1/bd/PYNQ_Design/ip/PYNQ_Design_system_ila_1_0/bd_0/synth/bd_9ef2.vhd:31]
INFO: [Synth 8-256] done synthesizing module 'PYNQ_Design_system_ila_1_0' (0#1) [c:/Users/clb20123/Documents/FO-RFSoC-4YP/2x2_files/PLEASE/PLEASE.gen/sources_1/bd/PYNQ_Design/ip/PYNQ_Design_system_ila_1_0/synth/PYNQ_Design_system_ila_1_0.vhd:71]
INFO: [Synth 8-3491] module 'PYNQ_Design_xlconstant_0_1' declared at 'c:/Users/clb20123/Documents/FO-RFSoC-4YP/2x2_files/PLEASE/PLEASE.gen/sources_1/bd/PYNQ_Design/ip/PYNQ_Design_xlconstant_0_1/synth/PYNQ_Design_xlconstant_0_1.v:53' bound to instance 'xlconstant_1' of component 'PYNQ_Design_xlconstant_0_1' [c:/Users/clb20123/Documents/FO-RFSoC-4YP/2x2_files/PLEASE/PLEASE.gen/sources_1/bd/PYNQ_Design/synth/PYNQ_Design.vhd:473]
INFO: [Synth 8-6157] synthesizing module 'PYNQ_Design_xlconstant_0_1' [c:/Users/clb20123/Documents/FO-RFSoC-4YP/2x2_files/PLEASE/PLEASE.gen/sources_1/bd/PYNQ_Design/ip/PYNQ_Design_xlconstant_0_1/synth/PYNQ_Design_xlconstant_0_1.v:53]
INFO: [Synth 8-6157] synthesizing module 'xlconstant_v1_1_9_xlconstant__parameterized0' [c:/Users/clb20123/Documents/FO-RFSoC-4YP/2x2_files/PLEASE/PLEASE.gen/sources_1/bd/PYNQ_Design/ipshared/e2d2/hdl/xlconstant_v1_1_vl_rfs.v:68]
INFO: [Synth 8-6155] done synthesizing module 'xlconstant_v1_1_9_xlconstant__parameterized0' (0#1) [c:/Users/clb20123/Documents/FO-RFSoC-4YP/2x2_files/PLEASE/PLEASE.gen/sources_1/bd/PYNQ_Design/ipshared/e2d2/hdl/xlconstant_v1_1_vl_rfs.v:68]
INFO: [Synth 8-6155] done synthesizing module 'PYNQ_Design_xlconstant_0_1' (0#1) [c:/Users/clb20123/Documents/FO-RFSoC-4YP/2x2_files/PLEASE/PLEASE.gen/sources_1/bd/PYNQ_Design/ip/PYNQ_Design_xlconstant_0_1/synth/PYNQ_Design_xlconstant_0_1.v:53]
INFO: [Synth 8-256] done synthesizing module 'RX_imp_1G0MUP' (0#1) [c:/Users/clb20123/Documents/FO-RFSoC-4YP/2x2_files/PLEASE/PLEASE.gen/sources_1/bd/PYNQ_Design/synth/PYNQ_Design.vhd:61]
INFO: [Synth 8-638] synthesizing module 'TX_imp_1A0AJCC' [c:/Users/clb20123/Documents/FO-RFSoC-4YP/2x2_files/PLEASE/PLEASE.gen/sources_1/bd/PYNQ_Design/synth/PYNQ_Design.vhd:525]
INFO: [Synth 8-3491] module 'PYNQ_Design_DUT_data_in_0_0' declared at 'c:/Users/clb20123/Documents/FO-RFSoC-4YP/2x2_files/PLEASE/PLEASE.gen/sources_1/bd/PYNQ_Design/ip/PYNQ_Design_DUT_data_in_0_0/synth/PYNQ_Design_DUT_data_in_0_0.vhd:59' bound to instance 'DUT_data_in_0' of component 'PYNQ_Design_DUT_data_in_0_0' [c:/Users/clb20123/Documents/FO-RFSoC-4YP/2x2_files/PLEASE/PLEASE.gen/sources_1/bd/PYNQ_Design/synth/PYNQ_Design.vhd:786]
INFO: [Synth 8-638] synthesizing module 'PYNQ_Design_DUT_data_in_0_0' [c:/Users/clb20123/Documents/FO-RFSoC-4YP/2x2_files/PLEASE/PLEASE.gen/sources_1/bd/PYNQ_Design/ip/PYNQ_Design_DUT_data_in_0_0/synth/PYNQ_Design_DUT_data_in_0_0.vhd:74]
INFO: [Synth 8-3491] module 'x16_bit_mod' declared at 'c:/Users/clb20123/Documents/FO-RFSoC-4YP/2x2_files/PLEASE/PLEASE.gen/sources_1/bd/PYNQ_Design/ipshared/a200/hdl/x16_bit_mod.vhd:796' bound to instance 'U0' of component 'x16_bit_mod' [c:/Users/clb20123/Documents/FO-RFSoC-4YP/2x2_files/PLEASE/PLEASE.gen/sources_1/bd/PYNQ_Design/ip/PYNQ_Design_DUT_data_in_0_0/synth/PYNQ_Design_DUT_data_in_0_0.vhd:117]
INFO: [Synth 8-638] synthesizing module 'x16_bit_mod' [c:/Users/clb20123/Documents/FO-RFSoC-4YP/2x2_files/PLEASE/PLEASE.gen/sources_1/bd/PYNQ_Design/ipshared/a200/hdl/x16_bit_mod.vhd:810]
INFO: [Synth 8-638] synthesizing module 'x16_bit_mod_default_clock_driver' [c:/Users/clb20123/Documents/FO-RFSoC-4YP/2x2_files/PLEASE/PLEASE.gen/sources_1/bd/PYNQ_Design/ipshared/a200/hdl/x16_bit_mod.vhd:776]
INFO: [Synth 8-256] done synthesizing module 'x16_bit_mod_default_clock_driver' (0#1) [c:/Users/clb20123/Documents/FO-RFSoC-4YP/2x2_files/PLEASE/PLEASE.gen/sources_1/bd/PYNQ_Design/ipshared/a200/hdl/x16_bit_mod.vhd:776]
INFO: [Synth 8-638] synthesizing module 'x16_bit_mod_struct' [c:/Users/clb20123/Documents/FO-RFSoC-4YP/2x2_files/PLEASE/PLEASE.gen/sources_1/bd/PYNQ_Design/ipshared/a200/hdl/x16_bit_mod.vhd:692]
INFO: [Synth 8-638] synthesizing module 'x16_bit_mod_algorithm' [c:/Users/clb20123/Documents/FO-RFSoC-4YP/2x2_files/PLEASE/PLEASE.gen/sources_1/bd/PYNQ_Design/ipshared/a200/hdl/x16_bit_mod.vhd:231]
INFO: [Synth 8-638] synthesizing module 'x16_bit_mod_100mhz' [c:/Users/clb20123/Documents/FO-RFSoC-4YP/2x2_files/PLEASE/PLEASE.gen/sources_1/bd/PYNQ_Design/ipshared/a200/hdl/x16_bit_mod.vhd:14]
INFO: [Synth 8-638] synthesizing module 'sysgen_addsub_19deeda38b' [c:/Users/clb20123/Documents/FO-RFSoC-4YP/2x2_files/PLEASE/PLEASE.gen/sources_1/bd/PYNQ_Design/ipshared/a200/hdl/x16_bit_mod_entity_declarations.vhd:564]
INFO: [Synth 8-256] done synthesizing module 'sysgen_addsub_19deeda38b' (0#1) [c:/Users/clb20123/Documents/FO-RFSoC-4YP/2x2_files/PLEASE/PLEASE.gen/sources_1/bd/PYNQ_Design/ipshared/a200/hdl/x16_bit_mod_entity_declarations.vhd:564]
INFO: [Synth 8-638] synthesizing module 'sysgen_addsub_32d3163444' [c:/Users/clb20123/Documents/FO-RFSoC-4YP/2x2_files/PLEASE/PLEASE.gen/sources_1/bd/PYNQ_Design/ipshared/a200/hdl/x16_bit_mod_entity_declarations.vhd:652]
INFO: [Synth 8-256] done synthesizing module 'sysgen_addsub_32d3163444' (0#1) [c:/Users/clb20123/Documents/FO-RFSoC-4YP/2x2_files/PLEASE/PLEASE.gen/sources_1/bd/PYNQ_Design/ipshared/a200/hdl/x16_bit_mod_entity_declarations.vhd:652]
INFO: [Synth 8-638] synthesizing module 'x16_bit_mod_xlconvert' [c:/Users/clb20123/Documents/FO-RFSoC-4YP/2x2_files/PLEASE/PLEASE.gen/sources_1/bd/PYNQ_Design/ipshared/a200/hdl/x16_bit_mod_entity_declarations.vhd:183]
	Parameter din_width bound to: 12 - type: integer 
	Parameter din_bin_pt bound to: 3 - type: integer 
	Parameter din_arith bound to: 1 - type: integer 
	Parameter dout_width bound to: 8 - type: integer 
	Parameter dout_bin_pt bound to: 0 - type: integer 
	Parameter dout_arith bound to: 1 - type: integer 
	Parameter quantization bound to: 2 - type: integer 
	Parameter overflow bound to: 1 - type: integer 
INFO: [Synth 8-3491] module 'convert_func_call_x16_bit_mod_xlconvert' declared at 'c:/Users/clb20123/Documents/FO-RFSoC-4YP/2x2_files/PLEASE/PLEASE.gen/sources_1/bd/PYNQ_Design/ipshared/a200/hdl/x16_bit_mod_entity_declarations.vhd:127' bound to instance 'convert' of component 'convert_func_call_x16_bit_mod_xlconvert' [c:/Users/clb20123/Documents/FO-RFSoC-4YP/2x2_files/PLEASE/PLEASE.gen/sources_1/bd/PYNQ_Design/ipshared/a200/hdl/x16_bit_mod_entity_declarations.vhd:235]
INFO: [Synth 8-638] synthesizing module 'convert_func_call_x16_bit_mod_xlconvert' [c:/Users/clb20123/Documents/FO-RFSoC-4YP/2x2_files/PLEASE/PLEASE.gen/sources_1/bd/PYNQ_Design/ipshared/a200/hdl/x16_bit_mod_entity_declarations.vhd:142]
INFO: [Synth 8-256] done synthesizing module 'convert_func_call_x16_bit_mod_xlconvert' (0#1) [c:/Users/clb20123/Documents/FO-RFSoC-4YP/2x2_files/PLEASE/PLEASE.gen/sources_1/bd/PYNQ_Design/ipshared/a200/hdl/x16_bit_mod_entity_declarations.vhd:142]
	Parameter width bound to: 8 - type: integer 
	Parameter latency bound to: 1 - type: integer 
INFO: [Synth 8-3491] module 'synth_reg' declared at 'c:/Users/clb20123/Documents/FO-RFSoC-4YP/2x2_files/PLEASE/PLEASE.gen/sources_1/bd/PYNQ_Design/ipshared/0ce8/hdl/synth_reg.vhd:20' bound to instance 'reg' of component 'synth_reg' [c:/Users/clb20123/Documents/FO-RFSoC-4YP/2x2_files/PLEASE/PLEASE.gen/sources_1/bd/PYNQ_Design/ipshared/a200/hdl/x16_bit_mod_entity_declarations.vhd:251]
INFO: [Synth 8-256] done synthesizing module 'x16_bit_mod_xlconvert' (0#1) [c:/Users/clb20123/Documents/FO-RFSoC-4YP/2x2_files/PLEASE/PLEASE.gen/sources_1/bd/PYNQ_Design/ipshared/a200/hdl/x16_bit_mod_entity_declarations.vhd:183]
INFO: [Synth 8-638] synthesizing module 'sysgen_lfsr_2b8781bda4' [c:/Users/clb20123/Documents/FO-RFSoC-4YP/2x2_files/PLEASE/PLEASE.gen/sources_1/bd/PYNQ_Design/ipshared/a200/hdl/x16_bit_mod_entity_declarations.vhd:738]
INFO: [Synth 8-256] done synthesizing module 'sysgen_lfsr_2b8781bda4' (0#1) [c:/Users/clb20123/Documents/FO-RFSoC-4YP/2x2_files/PLEASE/PLEASE.gen/sources_1/bd/PYNQ_Design/ipshared/a200/hdl/x16_bit_mod_entity_declarations.vhd:738]
INFO: [Synth 8-638] synthesizing module 'x16_bit_mod_xlsprom' [c:/Users/clb20123/Documents/FO-RFSoC-4YP/2x2_files/PLEASE/PLEASE.gen/sources_1/bd/PYNQ_Design/ipshared/a200/hdl/x16_bit_mod_entity_declarations.vhd:1022]
	Parameter MEMORY_SIZE bound to: 4096 - type: integer 
	Parameter MEMORY_PRIMITIVE bound to: block - type: string 
	Parameter MEMORY_INIT_FILE bound to: xpm_288367_vivado.mem - type: string 
	Parameter MEMORY_INIT_PARAM bound to: (null) - type: string 
	Parameter USE_MEM_INIT bound to: 1 - type: integer 
	Parameter WAKEUP_TIME bound to: disable_sleep - type: string 
	Parameter MESSAGE_CONTROL bound to: 0 - type: integer 
	Parameter READ_DATA_WIDTH_A bound to: 16 - type: integer 
	Parameter ADDR_WIDTH_A bound to: 8 - type: integer 
	Parameter READ_RESET_VALUE_A bound to: 0 - type: string 
	Parameter READ_LATENCY_A bound to: 1 - type: integer 
INFO: [Synth 8-3491] module 'xpm_memory_sprom' declared at 'D:/Xilinx/Vivado/2024.1/data/ip/xpm/xpm_memory/hdl/xpm_memory.sv:8897' bound to instance 'xpm_memory_sprom_inst' of component 'xpm_memory_sprom' [c:/Users/clb20123/Documents/FO-RFSoC-4YP/2x2_files/PLEASE/PLEASE.gen/sources_1/bd/PYNQ_Design/ipshared/a200/hdl/x16_bit_mod_entity_declarations.vhd:1030]
INFO: [Synth 8-256] done synthesizing module 'x16_bit_mod_xlsprom' (0#1) [c:/Users/clb20123/Documents/FO-RFSoC-4YP/2x2_files/PLEASE/PLEASE.gen/sources_1/bd/PYNQ_Design/ipshared/a200/hdl/x16_bit_mod_entity_declarations.vhd:1022]
INFO: [Synth 8-638] synthesizing module 'x16_bit_mod_xlregister' [c:/Users/clb20123/Documents/FO-RFSoC-4YP/2x2_files/PLEASE/PLEASE.gen/sources_1/bd/PYNQ_Design/ipshared/a200/hdl/x16_bit_mod_entity_declarations.vhd:1103]
	Parameter width bound to: 14 - type: integer 
	Parameter init_index bound to: 2 - type: integer 
	Parameter init_value bound to: 14'b00000000000000 
	Parameter latency bound to: 1 - type: integer 
INFO: [Synth 8-3491] module 'synth_reg_w_init' declared at 'c:/Users/clb20123/Documents/FO-RFSoC-4YP/2x2_files/PLEASE/PLEASE.gen/sources_1/bd/PYNQ_Design/ipshared/0ce8/hdl/synth_reg_w_init.vhd:31' bound to instance 'synth_reg_inst' of component 'synth_reg_w_init' [c:/Users/clb20123/Documents/FO-RFSoC-4YP/2x2_files/PLEASE/PLEASE.gen/sources_1/bd/PYNQ_Design/ipshared/a200/hdl/x16_bit_mod_entity_declarations.vhd:1129]
INFO: [Synth 8-256] done synthesizing module 'x16_bit_mod_xlregister' (0#1) [c:/Users/clb20123/Documents/FO-RFSoC-4YP/2x2_files/PLEASE/PLEASE.gen/sources_1/bd/PYNQ_Design/ipshared/a200/hdl/x16_bit_mod_entity_declarations.vhd:1103]
INFO: [Synth 8-256] done synthesizing module 'x16_bit_mod_100mhz' (0#1) [c:/Users/clb20123/Documents/FO-RFSoC-4YP/2x2_files/PLEASE/PLEASE.gen/sources_1/bd/PYNQ_Design/ipshared/a200/hdl/x16_bit_mod.vhd:14]
INFO: [Synth 8-638] synthesizing module 'x16_bit_mod_100khz' [c:/Users/clb20123/Documents/FO-RFSoC-4YP/2x2_files/PLEASE/PLEASE.gen/sources_1/bd/PYNQ_Design/ipshared/a200/hdl/x16_bit_mod.vhd:120]
INFO: [Synth 8-638] synthesizing module 'sysgen_addsub_0b9f66b77d' [c:/Users/clb20123/Documents/FO-RFSoC-4YP/2x2_files/PLEASE/PLEASE.gen/sources_1/bd/PYNQ_Design/ipshared/a200/hdl/x16_bit_mod_entity_declarations.vhd:1158]
INFO: [Synth 8-256] done synthesizing module 'sysgen_addsub_0b9f66b77d' (0#1) [c:/Users/clb20123/Documents/FO-RFSoC-4YP/2x2_files/PLEASE/PLEASE.gen/sources_1/bd/PYNQ_Design/ipshared/a200/hdl/x16_bit_mod_entity_declarations.vhd:1158]
INFO: [Synth 8-256] done synthesizing module 'x16_bit_mod_100khz' (0#1) [c:/Users/clb20123/Documents/FO-RFSoC-4YP/2x2_files/PLEASE/PLEASE.gen/sources_1/bd/PYNQ_Design/ipshared/a200/hdl/x16_bit_mod.vhd:120]
INFO: [Synth 8-638] synthesizing module 'sysgen_constant_6b3c427840' [c:/Users/clb20123/Documents/FO-RFSoC-4YP/2x2_files/PLEASE/PLEASE.gen/sources_1/bd/PYNQ_Design/ipshared/a200/hdl/x16_bit_mod_entity_declarations.vhd:51]
INFO: [Synth 8-256] done synthesizing module 'sysgen_constant_6b3c427840' (0#1) [c:/Users/clb20123/Documents/FO-RFSoC-4YP/2x2_files/PLEASE/PLEASE.gen/sources_1/bd/PYNQ_Design/ipshared/a200/hdl/x16_bit_mod_entity_declarations.vhd:51]
INFO: [Synth 8-638] synthesizing module 'sysgen_constant_e5166e32d5' [c:/Users/clb20123/Documents/FO-RFSoC-4YP/2x2_files/PLEASE/PLEASE.gen/sources_1/bd/PYNQ_Design/ipshared/a200/hdl/x16_bit_mod_entity_declarations.vhd:70]
INFO: [Synth 8-256] done synthesizing module 'sysgen_constant_e5166e32d5' (0#1) [c:/Users/clb20123/Documents/FO-RFSoC-4YP/2x2_files/PLEASE/PLEASE.gen/sources_1/bd/PYNQ_Design/ipshared/a200/hdl/x16_bit_mod_entity_declarations.vhd:70]
INFO: [Synth 8-638] synthesizing module 'sysgen_constant_9fd0b1d98d' [c:/Users/clb20123/Documents/FO-RFSoC-4YP/2x2_files/PLEASE/PLEASE.gen/sources_1/bd/PYNQ_Design/ipshared/a200/hdl/x16_bit_mod_entity_declarations.vhd:89]
INFO: [Synth 8-256] done synthesizing module 'sysgen_constant_9fd0b1d98d' (0#1) [c:/Users/clb20123/Documents/FO-RFSoC-4YP/2x2_files/PLEASE/PLEASE.gen/sources_1/bd/PYNQ_Design/ipshared/a200/hdl/x16_bit_mod_entity_declarations.vhd:89]
INFO: [Synth 8-638] synthesizing module 'x16_bit_mod_xlconvert__parameterized0' [c:/Users/clb20123/Documents/FO-RFSoC-4YP/2x2_files/PLEASE/PLEASE.gen/sources_1/bd/PYNQ_Design/ipshared/a200/hdl/x16_bit_mod_entity_declarations.vhd:183]
	Parameter din_width bound to: 16 - type: integer 
	Parameter din_bin_pt bound to: 0 - type: integer 
	Parameter din_arith bound to: 2 - type: integer 
	Parameter dout_width bound to: 16 - type: integer 
	Parameter dout_bin_pt bound to: 0 - type: integer 
	Parameter dout_arith bound to: 1 - type: integer 
	Parameter quantization bound to: 2 - type: integer 
	Parameter overflow bound to: 1 - type: integer 
INFO: [Synth 8-3491] module 'convert_func_call_x16_bit_mod_xlconvert' declared at 'c:/Users/clb20123/Documents/FO-RFSoC-4YP/2x2_files/PLEASE/PLEASE.gen/sources_1/bd/PYNQ_Design/ipshared/a200/hdl/x16_bit_mod_entity_declarations.vhd:127' bound to instance 'convert' of component 'convert_func_call_x16_bit_mod_xlconvert' [c:/Users/clb20123/Documents/FO-RFSoC-4YP/2x2_files/PLEASE/PLEASE.gen/sources_1/bd/PYNQ_Design/ipshared/a200/hdl/x16_bit_mod_entity_declarations.vhd:235]
INFO: [Synth 8-638] synthesizing module 'convert_func_call_x16_bit_mod_xlconvert__parameterized1' [c:/Users/clb20123/Documents/FO-RFSoC-4YP/2x2_files/PLEASE/PLEASE.gen/sources_1/bd/PYNQ_Design/ipshared/a200/hdl/x16_bit_mod_entity_declarations.vhd:142]
INFO: [Synth 8-256] done synthesizing module 'convert_func_call_x16_bit_mod_xlconvert__parameterized1' (0#1) [c:/Users/clb20123/Documents/FO-RFSoC-4YP/2x2_files/PLEASE/PLEASE.gen/sources_1/bd/PYNQ_Design/ipshared/a200/hdl/x16_bit_mod_entity_declarations.vhd:142]
	Parameter width bound to: 16 - type: integer 
	Parameter latency bound to: 1 - type: integer 
INFO: [Synth 8-3491] module 'synth_reg' declared at 'c:/Users/clb20123/Documents/FO-RFSoC-4YP/2x2_files/PLEASE/PLEASE.gen/sources_1/bd/PYNQ_Design/ipshared/0ce8/hdl/synth_reg.vhd:20' bound to instance 'reg' of component 'synth_reg' [c:/Users/clb20123/Documents/FO-RFSoC-4YP/2x2_files/PLEASE/PLEASE.gen/sources_1/bd/PYNQ_Design/ipshared/a200/hdl/x16_bit_mod_entity_declarations.vhd:251]
INFO: [Synth 8-256] done synthesizing module 'x16_bit_mod_xlconvert__parameterized0' (0#1) [c:/Users/clb20123/Documents/FO-RFSoC-4YP/2x2_files/PLEASE/PLEASE.gen/sources_1/bd/PYNQ_Design/ipshared/a200/hdl/x16_bit_mod_entity_declarations.vhd:183]
INFO: [Synth 8-638] synthesizing module 'x16_bit_mod_xldelay' [c:/Users/clb20123/Documents/FO-RFSoC-4YP/2x2_files/PLEASE/PLEASE.gen/sources_1/bd/PYNQ_Design/ipshared/a200/hdl/x16_bit_mod_entity_declarations.vhd:295]
	Parameter width bound to: 1 - type: integer 
	Parameter latency bound to: 11 - type: integer 
INFO: [Synth 8-3491] module 'synth_reg' declared at 'c:/Users/clb20123/Documents/FO-RFSoC-4YP/2x2_files/PLEASE/PLEASE.gen/sources_1/bd/PYNQ_Design/ipshared/0ce8/hdl/synth_reg.vhd:20' bound to instance 'synth_reg_srl_inst' of component 'synth_reg' [c:/Users/clb20123/Documents/FO-RFSoC-4YP/2x2_files/PLEASE/PLEASE.gen/sources_1/bd/PYNQ_Design/ipshared/a200/hdl/x16_bit_mod_entity_declarations.vhd:322]
INFO: [Synth 8-638] synthesizing module 'synth_reg__parameterized8' [c:/Users/clb20123/Documents/FO-RFSoC-4YP/2x2_files/PLEASE/PLEASE.gen/sources_1/bd/PYNQ_Design/ipshared/0ce8/hdl/synth_reg.vhd:30]
	Parameter width bound to: 1 - type: integer 
	Parameter latency bound to: 11 - type: integer 
INFO: [Synth 8-3491] module 'srlc33e' declared at 'c:/Users/clb20123/Documents/FO-RFSoC-4YP/2x2_files/PLEASE/PLEASE.gen/sources_1/bd/PYNQ_Design/ipshared/0ce8/hdl/srl33e.vhd:22' bound to instance 'last_srlc33e' of component 'srlc33e' [c:/Users/clb20123/Documents/FO-RFSoC-4YP/2x2_files/PLEASE/PLEASE.gen/sources_1/bd/PYNQ_Design/ipshared/0ce8/hdl/synth_reg.vhd:84]
INFO: [Synth 8-638] synthesizing module 'srlc33e__parameterized7' [c:/Users/clb20123/Documents/FO-RFSoC-4YP/2x2_files/PLEASE/PLEASE.gen/sources_1/bd/PYNQ_Design/ipshared/0ce8/hdl/srl33e.vhd:31]
INFO: [Synth 8-113] binding component instance 'u1' to cell 'SRLC32E' [c:/Users/clb20123/Documents/FO-RFSoC-4YP/2x2_files/PLEASE/PLEASE.gen/sources_1/bd/PYNQ_Design/ipshared/0ce8/hdl/srl33e.vhd:64]
INFO: [Synth 8-113] binding component instance 'u2' to cell 'FDE' [c:/Users/clb20123/Documents/FO-RFSoC-4YP/2x2_files/PLEASE/PLEASE.gen/sources_1/bd/PYNQ_Design/ipshared/0ce8/hdl/srl33e.vhd:75]
INFO: [Synth 8-256] done synthesizing module 'srlc33e__parameterized7' (0#1) [c:/Users/clb20123/Documents/FO-RFSoC-4YP/2x2_files/PLEASE/PLEASE.gen/sources_1/bd/PYNQ_Design/ipshared/0ce8/hdl/srl33e.vhd:31]
INFO: [Synth 8-256] done synthesizing module 'synth_reg__parameterized8' (0#1) [c:/Users/clb20123/Documents/FO-RFSoC-4YP/2x2_files/PLEASE/PLEASE.gen/sources_1/bd/PYNQ_Design/ipshared/0ce8/hdl/synth_reg.vhd:30]
INFO: [Synth 8-256] done synthesizing module 'x16_bit_mod_xldelay' (0#1) [c:/Users/clb20123/Documents/FO-RFSoC-4YP/2x2_files/PLEASE/PLEASE.gen/sources_1/bd/PYNQ_Design/ipshared/a200/hdl/x16_bit_mod_entity_declarations.vhd:295]
INFO: [Synth 8-638] synthesizing module 'x16_bit_mod_xlmult' [c:/Users/clb20123/Documents/FO-RFSoC-4YP/2x2_files/PLEASE/PLEASE.gen/sources_1/bd/PYNQ_Design/ipshared/a200/hdl/x16_bit_mod_entity_declarations.vhd:1711]
INFO: [Synth 8-3491] module 'x16_bit_mod_mult_gen_v12_0_i0' declared at 'c:/Users/clb20123/Documents/FO-RFSoC-4YP/2x2_files/PLEASE/PLEASE.gen/sources_1/bd/PYNQ_Design/ip/PYNQ_Design_DUT_data_in_0_0/x16_bit_mod_mult_gen_v12_0_i0/synth/x16_bit_mod_mult_gen_v12_0_i0.vhd:59' bound to instance 'core_instance0' of component 'x16_bit_mod_mult_gen_v12_0_i0' [c:/Users/clb20123/Documents/FO-RFSoC-4YP/2x2_files/PLEASE/PLEASE.gen/sources_1/bd/PYNQ_Design/ipshared/a200/hdl/x16_bit_mod_entity_declarations.vhd:1773]
INFO: [Synth 8-638] synthesizing module 'x16_bit_mod_mult_gen_v12_0_i0' [c:/Users/clb20123/Documents/FO-RFSoC-4YP/2x2_files/PLEASE/PLEASE.gen/sources_1/bd/PYNQ_Design/ip/PYNQ_Design_DUT_data_in_0_0/x16_bit_mod_mult_gen_v12_0_i0/synth/x16_bit_mod_mult_gen_v12_0_i0.vhd:70]
WARNING: [Synth 8-5640] Port 'zero_detect' is missing in component declaration [c:/Users/clb20123/Documents/FO-RFSoC-4YP/2x2_files/PLEASE/PLEASE.gen/sources_1/bd/PYNQ_Design/ip/PYNQ_Design_DUT_data_in_0_0/x16_bit_mod_mult_gen_v12_0_i0/synth/x16_bit_mod_mult_gen_v12_0_i0.vhd:73]
WARNING: [Synth 8-5640] Port 'pcasc' is missing in component declaration [c:/Users/clb20123/Documents/FO-RFSoC-4YP/2x2_files/PLEASE/PLEASE.gen/sources_1/bd/PYNQ_Design/ip/PYNQ_Design_DUT_data_in_0_0/x16_bit_mod_mult_gen_v12_0_i0/synth/x16_bit_mod_mult_gen_v12_0_i0.vhd:73]
WARNING: [Synth 8-5640] Port 'pcasc_ext' is missing in component declaration [c:/Users/clb20123/Documents/FO-RFSoC-4YP/2x2_files/PLEASE/PLEASE.gen/sources_1/bd/PYNQ_Design/ip/PYNQ_Design_DUT_data_in_0_0/x16_bit_mod_mult_gen_v12_0_i0/synth/x16_bit_mod_mult_gen_v12_0_i0.vhd:73]
	Parameter C_VERBOSITY bound to: 0 - type: integer 
	Parameter C_MODEL_TYPE bound to: 0 - type: integer 
	Parameter C_OPTIMIZE_GOAL bound to: 1 - type: integer 
	Parameter C_XDEVICEFAMILY bound to: zynquplus - type: string 
	Parameter C_HAS_CE bound to: 1 - type: integer 
	Parameter C_HAS_SCLR bound to: 1 - type: integer 
	Parameter C_LATENCY bound to: 2 - type: integer 
	Parameter C_A_WIDTH bound to: 16 - type: integer 
	Parameter C_A_TYPE bound to: 0 - type: integer 
	Parameter C_B_WIDTH bound to: 16 - type: integer 
	Parameter C_B_TYPE bound to: 0 - type: integer 
	Parameter C_OUT_HIGH bound to: 31 - type: integer 
	Parameter C_OUT_LOW bound to: 0 - type: integer 
	Parameter C_MULT_TYPE bound to: 1 - type: integer 
	Parameter C_CE_OVERRIDES_SCLR bound to: 1 - type: integer 
	Parameter C_CCM_IMP bound to: 0 - type: integer 
	Parameter C_B_VALUE bound to: 10000001 - type: string 
	Parameter C_HAS_ZERO_DETECT bound to: 0 - type: integer 
	Parameter C_ROUND_OUTPUT bound to: 0 - type: integer 
	Parameter C_ROUND_PT bound to: 0 - type: integer 
INFO: [Synth 8-3491] module 'mult_gen_v12_0_21' declared at 'c:/Users/clb20123/Documents/FO-RFSoC-4YP/2x2_files/PLEASE/PLEASE.gen/sources_1/bd/PYNQ_Design/ip/PYNQ_Design_DUT_rec_0_0/x16_bit_demod_mult_gen_v12_0_i0/hdl/mult_gen_v12_0_vh_rfs.vhd:21527' bound to instance 'U0' of component 'mult_gen_v12_0_21' [c:/Users/clb20123/Documents/FO-RFSoC-4YP/2x2_files/PLEASE/PLEASE.gen/sources_1/bd/PYNQ_Design/ip/PYNQ_Design_DUT_data_in_0_0/x16_bit_mod_mult_gen_v12_0_i0/synth/x16_bit_mod_mult_gen_v12_0_i0.vhd:127]
INFO: [Synth 8-256] done synthesizing module 'x16_bit_mod_mult_gen_v12_0_i0' (0#1) [c:/Users/clb20123/Documents/FO-RFSoC-4YP/2x2_files/PLEASE/PLEASE.gen/sources_1/bd/PYNQ_Design/ip/PYNQ_Design_DUT_data_in_0_0/x16_bit_mod_mult_gen_v12_0_i0/synth/x16_bit_mod_mult_gen_v12_0_i0.vhd:70]
	Parameter width bound to: 16 - type: integer 
	Parameter latency bound to: 1 - type: integer 
INFO: [Synth 8-3491] module 'synth_reg' declared at 'c:/Users/clb20123/Documents/FO-RFSoC-4YP/2x2_files/PLEASE/PLEASE.gen/sources_1/bd/PYNQ_Design/ipshared/0ce8/hdl/synth_reg.vhd:20' bound to instance 'reg' of component 'synth_reg' [c:/Users/clb20123/Documents/FO-RFSoC-4YP/2x2_files/PLEASE/PLEASE.gen/sources_1/bd/PYNQ_Design/ipshared/a200/hdl/x16_bit_mod_entity_declarations.vhd:1785]
INFO: [Synth 8-256] done synthesizing module 'x16_bit_mod_xlmult' (0#1) [c:/Users/clb20123/Documents/FO-RFSoC-4YP/2x2_files/PLEASE/PLEASE.gen/sources_1/bd/PYNQ_Design/ipshared/a200/hdl/x16_bit_mod_entity_declarations.vhd:1711]
INFO: [Synth 8-638] synthesizing module 'sysgen_mux_f8a96ce5a9' [c:/Users/clb20123/Documents/FO-RFSoC-4YP/2x2_files/PLEASE/PLEASE.gen/sources_1/bd/PYNQ_Design/ipshared/a200/hdl/x16_bit_mod_entity_declarations.vhd:365]
INFO: [Synth 8-256] done synthesizing module 'sysgen_mux_f8a96ce5a9' (0#1) [c:/Users/clb20123/Documents/FO-RFSoC-4YP/2x2_files/PLEASE/PLEASE.gen/sources_1/bd/PYNQ_Design/ipshared/a200/hdl/x16_bit_mod_entity_declarations.vhd:365]
INFO: [Synth 8-638] synthesizing module 'sysgen_mux_66868b7705' [c:/Users/clb20123/Documents/FO-RFSoC-4YP/2x2_files/PLEASE/PLEASE.gen/sources_1/bd/PYNQ_Design/ipshared/a200/hdl/x16_bit_mod_entity_declarations.vhd:445]
INFO: [Synth 8-256] done synthesizing module 'sysgen_mux_66868b7705' (0#1) [c:/Users/clb20123/Documents/FO-RFSoC-4YP/2x2_files/PLEASE/PLEASE.gen/sources_1/bd/PYNQ_Design/ipshared/a200/hdl/x16_bit_mod_entity_declarations.vhd:445]
INFO: [Synth 8-638] synthesizing module 'sysgen_shift_d7d841523c' [c:/Users/clb20123/Documents/FO-RFSoC-4YP/2x2_files/PLEASE/PLEASE.gen/sources_1/bd/PYNQ_Design/ipshared/a200/hdl/x16_bit_mod_entity_declarations.vhd:522]
INFO: [Synth 8-256] done synthesizing module 'sysgen_shift_d7d841523c' (0#1) [c:/Users/clb20123/Documents/FO-RFSoC-4YP/2x2_files/PLEASE/PLEASE.gen/sources_1/bd/PYNQ_Design/ipshared/a200/hdl/x16_bit_mod_entity_declarations.vhd:522]
INFO: [Synth 8-256] done synthesizing module 'x16_bit_mod_algorithm' (0#1) [c:/Users/clb20123/Documents/FO-RFSoC-4YP/2x2_files/PLEASE/PLEASE.gen/sources_1/bd/PYNQ_Design/ipshared/a200/hdl/x16_bit_mod.vhd:231]
INFO: [Synth 8-638] synthesizing module 'x16_bit_mod_master_fifo' [c:/Users/clb20123/Documents/FO-RFSoC-4YP/2x2_files/PLEASE/PLEASE.gen/sources_1/bd/PYNQ_Design/ipshared/a200/hdl/x16_bit_mod.vhd:441]
INFO: [Synth 8-638] synthesizing module 'sysgen_concat_b5e02fc7d0' [c:/Users/clb20123/Documents/FO-RFSoC-4YP/2x2_files/PLEASE/PLEASE.gen/sources_1/bd/PYNQ_Design/ipshared/a200/hdl/x16_bit_mod_entity_declarations.vhd:1246]
INFO: [Synth 8-256] done synthesizing module 'sysgen_concat_b5e02fc7d0' (0#1) [c:/Users/clb20123/Documents/FO-RFSoC-4YP/2x2_files/PLEASE/PLEASE.gen/sources_1/bd/PYNQ_Design/ipshared/a200/hdl/x16_bit_mod_entity_declarations.vhd:1246]
INFO: [Synth 8-638] synthesizing module 'x16_bit_mod_xlfifogen_u' [c:/Users/clb20123/Documents/FO-RFSoC-4YP/2x2_files/PLEASE/PLEASE.gen/sources_1/bd/PYNQ_Design/ipshared/a200/hdl/x16_bit_mod_entity_declarations.vhd:1440]
INFO: [Synth 8-3491] module 'x16_bit_mod_fifo_generator_i0' declared at 'c:/Users/clb20123/Documents/FO-RFSoC-4YP/2x2_files/PLEASE/PLEASE.gen/sources_1/bd/PYNQ_Design/ip/PYNQ_Design_DUT_data_in_0_0/x16_bit_mod_fifo_generator_i0/synth/x16_bit_mod_fifo_generator_i0.vhd:59' bound to instance 'core_instance0' of component 'x16_bit_mod_fifo_generator_i0' [c:/Users/clb20123/Documents/FO-RFSoC-4YP/2x2_files/PLEASE/PLEASE.gen/sources_1/bd/PYNQ_Design/ipshared/a200/hdl/x16_bit_mod_entity_declarations.vhd:1513]
INFO: [Synth 8-638] synthesizing module 'x16_bit_mod_fifo_generator_i0' [c:/Users/clb20123/Documents/FO-RFSoC-4YP/2x2_files/PLEASE/PLEASE.gen/sources_1/bd/PYNQ_Design/ip/PYNQ_Design_DUT_data_in_0_0/x16_bit_mod_fifo_generator_i0/synth/x16_bit_mod_fifo_generator_i0.vhd:72]
	Parameter C_COMMON_CLOCK bound to: 1 - type: integer 
	Parameter C_SELECT_XPM bound to: 0 - type: integer 
	Parameter C_COUNT_TYPE bound to: 0 - type: integer 
	Parameter C_DATA_COUNT_WIDTH bound to: 11 - type: integer 
	Parameter C_DEFAULT_VALUE bound to: BlankString - type: string 
	Parameter C_DIN_WIDTH bound to: 17 - type: integer 
	Parameter C_DOUT_RST_VAL bound to: 0 - type: string 
	Parameter C_DOUT_WIDTH bound to: 17 - type: integer 
	Parameter C_ENABLE_RLOCS bound to: 0 - type: integer 
	Parameter C_FAMILY bound to: zynquplus - type: string 
	Parameter C_FULL_FLAGS_RST_VAL bound to: 0 - type: integer 
	Parameter C_HAS_ALMOST_EMPTY bound to: 0 - type: integer 
	Parameter C_HAS_ALMOST_FULL bound to: 0 - type: integer 
	Parameter C_HAS_BACKUP bound to: 0 - type: integer 
	Parameter C_HAS_DATA_COUNT bound to: 0 - type: integer 
	Parameter C_HAS_INT_CLK bound to: 0 - type: integer 
	Parameter C_HAS_MEMINIT_FILE bound to: 0 - type: integer 
	Parameter C_HAS_OVERFLOW bound to: 0 - type: integer 
	Parameter C_HAS_RD_DATA_COUNT bound to: 0 - type: integer 
	Parameter C_HAS_RD_RST bound to: 0 - type: integer 
	Parameter C_HAS_RST bound to: 0 - type: integer 
	Parameter C_HAS_SRST bound to: 0 - type: integer 
	Parameter C_HAS_UNDERFLOW bound to: 0 - type: integer 
	Parameter C_HAS_VALID bound to: 0 - type: integer 
	Parameter C_HAS_WR_ACK bound to: 0 - type: integer 
	Parameter C_HAS_WR_DATA_COUNT bound to: 0 - type: integer 
	Parameter C_HAS_WR_RST bound to: 0 - type: integer 
	Parameter C_IMPLEMENTATION_TYPE bound to: 0 - type: integer 
	Parameter C_INIT_WR_PNTR_VAL bound to: 0 - type: integer 
	Parameter C_MEMORY_TYPE bound to: 1 - type: integer 
	Parameter C_MIF_FILE_NAME bound to: BlankString - type: string 
	Parameter C_OPTIMIZATION_MODE bound to: 0 - type: integer 
	Parameter C_OVERFLOW_LOW bound to: 0 - type: integer 
	Parameter C_PRELOAD_LATENCY bound to: 0 - type: integer 
	Parameter C_PRELOAD_REGS bound to: 1 - type: integer 
	Parameter C_PRIM_FIFO_TYPE bound to: 1kx18 - type: string 
	Parameter C_PROG_EMPTY_THRESH_ASSERT_VAL bound to: 4 - type: integer 
	Parameter C_PROG_EMPTY_THRESH_NEGATE_VAL bound to: 5 - type: integer 
	Parameter C_PROG_EMPTY_TYPE bound to: 0 - type: integer 
	Parameter C_PROG_FULL_THRESH_ASSERT_VAL bound to: 1000 - type: integer 
	Parameter C_PROG_FULL_THRESH_NEGATE_VAL bound to: 999 - type: integer 
	Parameter C_PROG_FULL_TYPE bound to: 1 - type: integer 
	Parameter C_RD_DATA_COUNT_WIDTH bound to: 11 - type: integer 
	Parameter C_RD_DEPTH bound to: 1024 - type: integer 
	Parameter C_RD_FREQ bound to: 1 - type: integer 
	Parameter C_RD_PNTR_WIDTH bound to: 10 - type: integer 
	Parameter C_UNDERFLOW_LOW bound to: 0 - type: integer 
	Parameter C_USE_DOUT_RST bound to: 0 - type: integer 
	Parameter C_USE_ECC bound to: 0 - type: integer 
	Parameter C_USE_EMBEDDED_REG bound to: 0 - type: integer 
	Parameter C_USE_PIPELINE_REG bound to: 0 - type: integer 
	Parameter C_POWER_SAVING_MODE bound to: 0 - type: integer 
	Parameter C_USE_FIFO16_FLAGS bound to: 0 - type: integer 
	Parameter C_USE_FWFT_DATA_COUNT bound to: 1 - type: integer 
	Parameter C_VALID_LOW bound to: 0 - type: integer 
	Parameter C_WR_ACK_LOW bound to: 0 - type: integer 
	Parameter C_WR_DATA_COUNT_WIDTH bound to: 11 - type: integer 
	Parameter C_WR_DEPTH bound to: 1024 - type: integer 
	Parameter C_WR_FREQ bound to: 1 - type: integer 
	Parameter C_WR_PNTR_WIDTH bound to: 10 - type: integer 
	Parameter C_WR_RESPONSE_LATENCY bound to: 1 - type: integer 
	Parameter C_MSGON_VAL bound to: 1 - type: integer 
	Parameter C_ENABLE_RST_SYNC bound to: 1 - type: integer 
	Parameter C_EN_SAFETY_CKT bound to: 0 - type: integer 
	Parameter C_ERROR_INJECTION_TYPE bound to: 0 - type: integer 
	Parameter C_SYNCHRONIZER_STAGE bound to: 2 - type: integer 
	Parameter C_INTERFACE_TYPE bound to: 0 - type: integer 
	Parameter C_AXI_TYPE bound to: 1 - type: integer 
	Parameter C_HAS_AXI_WR_CHANNEL bound to: 1 - type: integer 
	Parameter C_HAS_AXI_RD_CHANNEL bound to: 1 - type: integer 
	Parameter C_HAS_SLAVE_CE bound to: 0 - type: integer 
	Parameter C_HAS_MASTER_CE bound to: 0 - type: integer 
	Parameter C_ADD_NGC_CONSTRAINT bound to: 0 - type: integer 
	Parameter C_USE_COMMON_OVERFLOW bound to: 0 - type: integer 
	Parameter C_USE_COMMON_UNDERFLOW bound to: 0 - type: integer 
	Parameter C_USE_DEFAULT_SETTINGS bound to: 0 - type: integer 
	Parameter C_AXI_ID_WIDTH bound to: 1 - type: integer 
	Parameter C_AXI_ADDR_WIDTH bound to: 32 - type: integer 
	Parameter C_AXI_DATA_WIDTH bound to: 64 - type: integer 
	Parameter C_AXI_LEN_WIDTH bound to: 8 - type: integer 
	Parameter C_AXI_LOCK_WIDTH bound to: 1 - type: integer 
	Parameter C_HAS_AXI_ID bound to: 0 - type: integer 
	Parameter C_HAS_AXI_AWUSER bound to: 0 - type: integer 
	Parameter C_HAS_AXI_WUSER bound to: 0 - type: integer 
	Parameter C_HAS_AXI_BUSER bound to: 0 - type: integer 
	Parameter C_HAS_AXI_ARUSER bound to: 0 - type: integer 
	Parameter C_HAS_AXI_RUSER bound to: 0 - type: integer 
	Parameter C_AXI_ARUSER_WIDTH bound to: 1 - type: integer 
	Parameter C_AXI_AWUSER_WIDTH bound to: 1 - type: integer 
	Parameter C_AXI_WUSER_WIDTH bound to: 1 - type: integer 
	Parameter C_AXI_BUSER_WIDTH bound to: 1 - type: integer 
	Parameter C_AXI_RUSER_WIDTH bound to: 1 - type: integer 
	Parameter C_HAS_AXIS_TDATA bound to: 1 - type: integer 
	Parameter C_HAS_AXIS_TID bound to: 0 - type: integer 
	Parameter C_HAS_AXIS_TDEST bound to: 0 - type: integer 
	Parameter C_HAS_AXIS_TUSER bound to: 1 - type: integer 
	Parameter C_HAS_AXIS_TREADY bound to: 1 - type: integer 
	Parameter C_HAS_AXIS_TLAST bound to: 0 - type: integer 
	Parameter C_HAS_AXIS_TSTRB bound to: 0 - type: integer 
	Parameter C_HAS_AXIS_TKEEP bound to: 0 - type: integer 
	Parameter C_AXIS_TDATA_WIDTH bound to: 8 - type: integer 
	Parameter C_AXIS_TID_WIDTH bound to: 1 - type: integer 
	Parameter C_AXIS_TDEST_WIDTH bound to: 1 - type: integer 
	Parameter C_AXIS_TUSER_WIDTH bound to: 4 - type: integer 
	Parameter C_AXIS_TSTRB_WIDTH bound to: 1 - type: integer 
	Parameter C_AXIS_TKEEP_WIDTH bound to: 1 - type: integer 
	Parameter C_WACH_TYPE bound to: 0 - type: integer 
	Parameter C_WDCH_TYPE bound to: 0 - type: integer 
	Parameter C_WRCH_TYPE bound to: 0 - type: integer 
	Parameter C_RACH_TYPE bound to: 0 - type: integer 
	Parameter C_RDCH_TYPE bound to: 0 - type: integer 
	Parameter C_AXIS_TYPE bound to: 0 - type: integer 
	Parameter C_IMPLEMENTATION_TYPE_WACH bound to: 1 - type: integer 
	Parameter C_IMPLEMENTATION_TYPE_WDCH bound to: 1 - type: integer 
	Parameter C_IMPLEMENTATION_TYPE_WRCH bound to: 1 - type: integer 
	Parameter C_IMPLEMENTATION_TYPE_RACH bound to: 1 - type: integer 
	Parameter C_IMPLEMENTATION_TYPE_RDCH bound to: 1 - type: integer 
	Parameter C_IMPLEMENTATION_TYPE_AXIS bound to: 1 - type: integer 
	Parameter C_APPLICATION_TYPE_WACH bound to: 0 - type: integer 
	Parameter C_APPLICATION_TYPE_WDCH bound to: 0 - type: integer 
	Parameter C_APPLICATION_TYPE_WRCH bound to: 0 - type: integer 
	Parameter C_APPLICATION_TYPE_RACH bound to: 0 - type: integer 
	Parameter C_APPLICATION_TYPE_RDCH bound to: 0 - type: integer 
	Parameter C_APPLICATION_TYPE_AXIS bound to: 0 - type: integer 
	Parameter C_PRIM_FIFO_TYPE_WACH bound to: 512x36 - type: string 
	Parameter C_PRIM_FIFO_TYPE_WDCH bound to: 512x72 - type: string 
	Parameter C_PRIM_FIFO_TYPE_WRCH bound to: 512x36 - type: string 
	Parameter C_PRIM_FIFO_TYPE_RACH bound to: 512x36 - type: string 
	Parameter C_PRIM_FIFO_TYPE_RDCH bound to: 512x72 - type: string 
	Parameter C_PRIM_FIFO_TYPE_AXIS bound to: 1kx18 - type: string 
	Parameter C_USE_ECC_WACH bound to: 0 - type: integer 
	Parameter C_USE_ECC_WDCH bound to: 0 - type: integer 
	Parameter C_USE_ECC_WRCH bound to: 0 - type: integer 
	Parameter C_USE_ECC_RACH bound to: 0 - type: integer 
	Parameter C_USE_ECC_RDCH bound to: 0 - type: integer 
	Parameter C_USE_ECC_AXIS bound to: 0 - type: integer 
	Parameter C_ERROR_INJECTION_TYPE_WACH bound to: 0 - type: integer 
	Parameter C_ERROR_INJECTION_TYPE_WDCH bound to: 0 - type: integer 
	Parameter C_ERROR_INJECTION_TYPE_WRCH bound to: 0 - type: integer 
	Parameter C_ERROR_INJECTION_TYPE_RACH bound to: 0 - type: integer 
	Parameter C_ERROR_INJECTION_TYPE_RDCH bound to: 0 - type: integer 
	Parameter C_ERROR_INJECTION_TYPE_AXIS bound to: 0 - type: integer 
	Parameter C_DIN_WIDTH_WACH bound to: 1 - type: integer 
	Parameter C_DIN_WIDTH_WDCH bound to: 64 - type: integer 
	Parameter C_DIN_WIDTH_WRCH bound to: 2 - type: integer 
	Parameter C_DIN_WIDTH_RACH bound to: 32 - type: integer 
	Parameter C_DIN_WIDTH_RDCH bound to: 64 - type: integer 
	Parameter C_DIN_WIDTH_AXIS bound to: 1 - type: integer 
	Parameter C_WR_DEPTH_WACH bound to: 16 - type: integer 
	Parameter C_WR_DEPTH_WDCH bound to: 1024 - type: integer 
	Parameter C_WR_DEPTH_WRCH bound to: 16 - type: integer 
	Parameter C_WR_DEPTH_RACH bound to: 16 - type: integer 
	Parameter C_WR_DEPTH_RDCH bound to: 1024 - type: integer 
	Parameter C_WR_DEPTH_AXIS bound to: 1024 - type: integer 
	Parameter C_WR_PNTR_WIDTH_WACH bound to: 4 - type: integer 
	Parameter C_WR_PNTR_WIDTH_WDCH bound to: 10 - type: integer 
	Parameter C_WR_PNTR_WIDTH_WRCH bound to: 4 - type: integer 
	Parameter C_WR_PNTR_WIDTH_RACH bound to: 4 - type: integer 
	Parameter C_WR_PNTR_WIDTH_RDCH bound to: 10 - type: integer 
	Parameter C_WR_PNTR_WIDTH_AXIS bound to: 10 - type: integer 
	Parameter C_HAS_DATA_COUNTS_WACH bound to: 0 - type: integer 
	Parameter C_HAS_DATA_COUNTS_WDCH bound to: 0 - type: integer 
	Parameter C_HAS_DATA_COUNTS_WRCH bound to: 0 - type: integer 
	Parameter C_HAS_DATA_COUNTS_RACH bound to: 0 - type: integer 
	Parameter C_HAS_DATA_COUNTS_RDCH bound to: 0 - type: integer 
	Parameter C_HAS_DATA_COUNTS_AXIS bound to: 0 - type: integer 
	Parameter C_HAS_PROG_FLAGS_WACH bound to: 0 - type: integer 
	Parameter C_HAS_PROG_FLAGS_WDCH bound to: 0 - type: integer 
	Parameter C_HAS_PROG_FLAGS_WRCH bound to: 0 - type: integer 
	Parameter C_HAS_PROG_FLAGS_RACH bound to: 0 - type: integer 
	Parameter C_HAS_PROG_FLAGS_RDCH bound to: 0 - type: integer 
	Parameter C_HAS_PROG_FLAGS_AXIS bound to: 0 - type: integer 
	Parameter C_PROG_FULL_TYPE_WACH bound to: 0 - type: integer 
	Parameter C_PROG_FULL_TYPE_WDCH bound to: 0 - type: integer 
	Parameter C_PROG_FULL_TYPE_WRCH bound to: 0 - type: integer 
	Parameter C_PROG_FULL_TYPE_RACH bound to: 0 - type: integer 
	Parameter C_PROG_FULL_TYPE_RDCH bound to: 0 - type: integer 
	Parameter C_PROG_FULL_TYPE_AXIS bound to: 0 - type: integer 
	Parameter C_PROG_FULL_THRESH_ASSERT_VAL_WACH bound to: 1023 - type: integer 
	Parameter C_PROG_FULL_THRESH_ASSERT_VAL_WDCH bound to: 1023 - type: integer 
	Parameter C_PROG_FULL_THRESH_ASSERT_VAL_WRCH bound to: 1023 - type: integer 
	Parameter C_PROG_FULL_THRESH_ASSERT_VAL_RACH bound to: 1023 - type: integer 
	Parameter C_PROG_FULL_THRESH_ASSERT_VAL_RDCH bound to: 1023 - type: integer 
	Parameter C_PROG_FULL_THRESH_ASSERT_VAL_AXIS bound to: 1023 - type: integer 
	Parameter C_PROG_EMPTY_TYPE_WACH bound to: 0 - type: integer 
	Parameter C_PROG_EMPTY_TYPE_WDCH bound to: 0 - type: integer 
	Parameter C_PROG_EMPTY_TYPE_WRCH bound to: 0 - type: integer 
	Parameter C_PROG_EMPTY_TYPE_RACH bound to: 0 - type: integer 
	Parameter C_PROG_EMPTY_TYPE_RDCH bound to: 0 - type: integer 
	Parameter C_PROG_EMPTY_TYPE_AXIS bound to: 0 - type: integer 
	Parameter C_PROG_EMPTY_THRESH_ASSERT_VAL_WACH bound to: 1022 - type: integer 
	Parameter C_PROG_EMPTY_THRESH_ASSERT_VAL_WDCH bound to: 1022 - type: integer 
	Parameter C_PROG_EMPTY_THRESH_ASSERT_VAL_WRCH bound to: 1022 - type: integer 
	Parameter C_PROG_EMPTY_THRESH_ASSERT_VAL_RACH bound to: 1022 - type: integer 
	Parameter C_PROG_EMPTY_THRESH_ASSERT_VAL_RDCH bound to: 1022 - type: integer 
	Parameter C_PROG_EMPTY_THRESH_ASSERT_VAL_AXIS bound to: 1022 - type: integer 
	Parameter C_REG_SLICE_MODE_WACH bound to: 0 - type: integer 
	Parameter C_REG_SLICE_MODE_WDCH bound to: 0 - type: integer 
	Parameter C_REG_SLICE_MODE_WRCH bound to: 0 - type: integer 
	Parameter C_REG_SLICE_MODE_RACH bound to: 0 - type: integer 
	Parameter C_REG_SLICE_MODE_RDCH bound to: 0 - type: integer 
	Parameter C_REG_SLICE_MODE_AXIS bound to: 0 - type: integer 
INFO: [Synth 8-3491] module 'fifo_generator_v13_2_10' declared at 'c:/Users/clb20123/Documents/FO-RFSoC-4YP/2x2_files/PLEASE/PLEASE.gen/sources_1/bd/PYNQ_Design/ipshared/1443/hdl/fifo_generator_v13_2_vhsyn_rfs.vhd:38305' bound to instance 'U0' of component 'fifo_generator_v13_2_10' [c:/Users/clb20123/Documents/FO-RFSoC-4YP/2x2_files/PLEASE/PLEASE.gen/sources_1/bd/PYNQ_Design/ip/PYNQ_Design_DUT_data_in_0_0/x16_bit_mod_fifo_generator_i0/synth/x16_bit_mod_fifo_generator_i0.vhd:540]
INFO: [Synth 8-256] done synthesizing module 'x16_bit_mod_fifo_generator_i0' (0#1) [c:/Users/clb20123/Documents/FO-RFSoC-4YP/2x2_files/PLEASE/PLEASE.gen/sources_1/bd/PYNQ_Design/ip/PYNQ_Design_DUT_data_in_0_0/x16_bit_mod_fifo_generator_i0/synth/x16_bit_mod_fifo_generator_i0.vhd:72]
	Parameter width bound to: 1 - type: integer 
	Parameter latency bound to: 1 - type: integer 
INFO: [Synth 8-3491] module 'synth_reg' declared at 'c:/Users/clb20123/Documents/FO-RFSoC-4YP/2x2_files/PLEASE/PLEASE.gen/sources_1/bd/PYNQ_Design/ipshared/0ce8/hdl/synth_reg.vhd:20' bound to instance 'reg' of component 'synth_reg' [c:/Users/clb20123/Documents/FO-RFSoC-4YP/2x2_files/PLEASE/PLEASE.gen/sources_1/bd/PYNQ_Design/ipshared/a200/hdl/x16_bit_mod_entity_declarations.vhd:1562]
INFO: [Synth 8-256] done synthesizing module 'x16_bit_mod_xlfifogen_u' (0#1) [c:/Users/clb20123/Documents/FO-RFSoC-4YP/2x2_files/PLEASE/PLEASE.gen/sources_1/bd/PYNQ_Design/ipshared/a200/hdl/x16_bit_mod_entity_declarations.vhd:1440]
INFO: [Synth 8-638] synthesizing module 'sysgen_inverter_4d5d2236ab' [c:/Users/clb20123/Documents/FO-RFSoC-4YP/2x2_files/PLEASE/PLEASE.gen/sources_1/bd/PYNQ_Design/ipshared/a200/hdl/x16_bit_mod_entity_declarations.vhd:1272]
INFO: [Synth 8-256] done synthesizing module 'sysgen_inverter_4d5d2236ab' (0#1) [c:/Users/clb20123/Documents/FO-RFSoC-4YP/2x2_files/PLEASE/PLEASE.gen/sources_1/bd/PYNQ_Design/ipshared/a200/hdl/x16_bit_mod_entity_declarations.vhd:1272]
INFO: [Synth 8-638] synthesizing module 'x16_bit_mod_xlslice' [c:/Users/clb20123/Documents/FO-RFSoC-4YP/2x2_files/PLEASE/PLEASE.gen/sources_1/bd/PYNQ_Design/ipshared/a200/hdl/x16_bit_mod_entity_declarations.vhd:1331]
INFO: [Synth 8-256] done synthesizing module 'x16_bit_mod_xlslice' (0#1) [c:/Users/clb20123/Documents/FO-RFSoC-4YP/2x2_files/PLEASE/PLEASE.gen/sources_1/bd/PYNQ_Design/ipshared/a200/hdl/x16_bit_mod_entity_declarations.vhd:1331]
INFO: [Synth 8-638] synthesizing module 'x16_bit_mod_xlslice__parameterized0' [c:/Users/clb20123/Documents/FO-RFSoC-4YP/2x2_files/PLEASE/PLEASE.gen/sources_1/bd/PYNQ_Design/ipshared/a200/hdl/x16_bit_mod_entity_declarations.vhd:1331]
INFO: [Synth 8-256] done synthesizing module 'x16_bit_mod_xlslice__parameterized0' (0#1) [c:/Users/clb20123/Documents/FO-RFSoC-4YP/2x2_files/PLEASE/PLEASE.gen/sources_1/bd/PYNQ_Design/ipshared/a200/hdl/x16_bit_mod_entity_declarations.vhd:1331]
INFO: [Synth 8-256] done synthesizing module 'x16_bit_mod_master_fifo' (0#1) [c:/Users/clb20123/Documents/FO-RFSoC-4YP/2x2_files/PLEASE/PLEASE.gen/sources_1/bd/PYNQ_Design/ipshared/a200/hdl/x16_bit_mod.vhd:441]
INFO: [Synth 8-638] synthesizing module 'x16_bit_mod_slave_fifo' [c:/Users/clb20123/Documents/FO-RFSoC-4YP/2x2_files/PLEASE/PLEASE.gen/sources_1/bd/PYNQ_Design/ipshared/a200/hdl/x16_bit_mod.vhd:562]
INFO: [Synth 8-638] synthesizing module 'sysgen_concat_630c103ce0' [c:/Users/clb20123/Documents/FO-RFSoC-4YP/2x2_files/PLEASE/PLEASE.gen/sources_1/bd/PYNQ_Design/ipshared/a200/hdl/x16_bit_mod_entity_declarations.vhd:1351]
INFO: [Synth 8-256] done synthesizing module 'sysgen_concat_630c103ce0' (0#1) [c:/Users/clb20123/Documents/FO-RFSoC-4YP/2x2_files/PLEASE/PLEASE.gen/sources_1/bd/PYNQ_Design/ipshared/a200/hdl/x16_bit_mod_entity_declarations.vhd:1351]
INFO: [Synth 8-638] synthesizing module 'x16_bit_mod_xlfifogen_u__parameterized0' [c:/Users/clb20123/Documents/FO-RFSoC-4YP/2x2_files/PLEASE/PLEASE.gen/sources_1/bd/PYNQ_Design/ipshared/a200/hdl/x16_bit_mod_entity_declarations.vhd:1440]
INFO: [Synth 8-3491] module 'x16_bit_mod_fifo_generator_i1' declared at 'c:/Users/clb20123/Documents/FO-RFSoC-4YP/2x2_files/PLEASE/PLEASE.gen/sources_1/bd/PYNQ_Design/ip/PYNQ_Design_DUT_data_in_0_0/x16_bit_mod_fifo_generator_i1/synth/x16_bit_mod_fifo_generator_i1.vhd:59' bound to instance 'core_instance1' of component 'x16_bit_mod_fifo_generator_i1' [c:/Users/clb20123/Documents/FO-RFSoC-4YP/2x2_files/PLEASE/PLEASE.gen/sources_1/bd/PYNQ_Design/ipshared/a200/hdl/x16_bit_mod_entity_declarations.vhd:1528]
INFO: [Synth 8-638] synthesizing module 'x16_bit_mod_fifo_generator_i1' [c:/Users/clb20123/Documents/FO-RFSoC-4YP/2x2_files/PLEASE/PLEASE.gen/sources_1/bd/PYNQ_Design/ip/PYNQ_Design_DUT_data_in_0_0/x16_bit_mod_fifo_generator_i1/synth/x16_bit_mod_fifo_generator_i1.vhd:71]
	Parameter C_COMMON_CLOCK bound to: 1 - type: integer 
	Parameter C_SELECT_XPM bound to: 0 - type: integer 
	Parameter C_COUNT_TYPE bound to: 0 - type: integer 
	Parameter C_DATA_COUNT_WIDTH bound to: 11 - type: integer 
	Parameter C_DEFAULT_VALUE bound to: BlankString - type: string 
	Parameter C_DIN_WIDTH bound to: 2 - type: integer 
	Parameter C_DOUT_RST_VAL bound to: 0 - type: string 
	Parameter C_DOUT_WIDTH bound to: 2 - type: integer 
	Parameter C_ENABLE_RLOCS bound to: 0 - type: integer 
	Parameter C_FAMILY bound to: zynquplus - type: string 
	Parameter C_FULL_FLAGS_RST_VAL bound to: 0 - type: integer 
	Parameter C_HAS_ALMOST_EMPTY bound to: 0 - type: integer 
	Parameter C_HAS_ALMOST_FULL bound to: 0 - type: integer 
	Parameter C_HAS_BACKUP bound to: 0 - type: integer 
	Parameter C_HAS_DATA_COUNT bound to: 0 - type: integer 
	Parameter C_HAS_INT_CLK bound to: 0 - type: integer 
	Parameter C_HAS_MEMINIT_FILE bound to: 0 - type: integer 
	Parameter C_HAS_OVERFLOW bound to: 0 - type: integer 
	Parameter C_HAS_RD_DATA_COUNT bound to: 0 - type: integer 
	Parameter C_HAS_RD_RST bound to: 0 - type: integer 
	Parameter C_HAS_RST bound to: 0 - type: integer 
	Parameter C_HAS_SRST bound to: 0 - type: integer 
	Parameter C_HAS_UNDERFLOW bound to: 0 - type: integer 
	Parameter C_HAS_VALID bound to: 0 - type: integer 
	Parameter C_HAS_WR_ACK bound to: 0 - type: integer 
	Parameter C_HAS_WR_DATA_COUNT bound to: 0 - type: integer 
	Parameter C_HAS_WR_RST bound to: 0 - type: integer 
	Parameter C_IMPLEMENTATION_TYPE bound to: 0 - type: integer 
	Parameter C_INIT_WR_PNTR_VAL bound to: 0 - type: integer 
	Parameter C_MEMORY_TYPE bound to: 1 - type: integer 
	Parameter C_MIF_FILE_NAME bound to: BlankString - type: string 
	Parameter C_OPTIMIZATION_MODE bound to: 0 - type: integer 
	Parameter C_OVERFLOW_LOW bound to: 0 - type: integer 
	Parameter C_PRELOAD_LATENCY bound to: 0 - type: integer 
	Parameter C_PRELOAD_REGS bound to: 1 - type: integer 
	Parameter C_PRIM_FIFO_TYPE bound to: 1kx18 - type: string 
	Parameter C_PROG_EMPTY_THRESH_ASSERT_VAL bound to: 4 - type: integer 
	Parameter C_PROG_EMPTY_THRESH_NEGATE_VAL bound to: 5 - type: integer 
	Parameter C_PROG_EMPTY_TYPE bound to: 0 - type: integer 
	Parameter C_PROG_FULL_THRESH_ASSERT_VAL bound to: 1023 - type: integer 
	Parameter C_PROG_FULL_THRESH_NEGATE_VAL bound to: 1022 - type: integer 
	Parameter C_PROG_FULL_TYPE bound to: 0 - type: integer 
	Parameter C_RD_DATA_COUNT_WIDTH bound to: 11 - type: integer 
	Parameter C_RD_DEPTH bound to: 1024 - type: integer 
	Parameter C_RD_FREQ bound to: 1 - type: integer 
	Parameter C_RD_PNTR_WIDTH bound to: 10 - type: integer 
	Parameter C_UNDERFLOW_LOW bound to: 0 - type: integer 
	Parameter C_USE_DOUT_RST bound to: 0 - type: integer 
	Parameter C_USE_ECC bound to: 0 - type: integer 
	Parameter C_USE_EMBEDDED_REG bound to: 0 - type: integer 
	Parameter C_USE_PIPELINE_REG bound to: 0 - type: integer 
	Parameter C_POWER_SAVING_MODE bound to: 0 - type: integer 
	Parameter C_USE_FIFO16_FLAGS bound to: 0 - type: integer 
	Parameter C_USE_FWFT_DATA_COUNT bound to: 1 - type: integer 
	Parameter C_VALID_LOW bound to: 0 - type: integer 
	Parameter C_WR_ACK_LOW bound to: 0 - type: integer 
	Parameter C_WR_DATA_COUNT_WIDTH bound to: 11 - type: integer 
	Parameter C_WR_DEPTH bound to: 1024 - type: integer 
	Parameter C_WR_FREQ bound to: 1 - type: integer 
	Parameter C_WR_PNTR_WIDTH bound to: 10 - type: integer 
	Parameter C_WR_RESPONSE_LATENCY bound to: 1 - type: integer 
	Parameter C_MSGON_VAL bound to: 1 - type: integer 
	Parameter C_ENABLE_RST_SYNC bound to: 1 - type: integer 
	Parameter C_EN_SAFETY_CKT bound to: 0 - type: integer 
	Parameter C_ERROR_INJECTION_TYPE bound to: 0 - type: integer 
	Parameter C_SYNCHRONIZER_STAGE bound to: 2 - type: integer 
	Parameter C_INTERFACE_TYPE bound to: 0 - type: integer 
	Parameter C_AXI_TYPE bound to: 1 - type: integer 
	Parameter C_HAS_AXI_WR_CHANNEL bound to: 1 - type: integer 
	Parameter C_HAS_AXI_RD_CHANNEL bound to: 1 - type: integer 
	Parameter C_HAS_SLAVE_CE bound to: 0 - type: integer 
	Parameter C_HAS_MASTER_CE bound to: 0 - type: integer 
	Parameter C_ADD_NGC_CONSTRAINT bound to: 0 - type: integer 
	Parameter C_USE_COMMON_OVERFLOW bound to: 0 - type: integer 
	Parameter C_USE_COMMON_UNDERFLOW bound to: 0 - type: integer 
	Parameter C_USE_DEFAULT_SETTINGS bound to: 0 - type: integer 
	Parameter C_AXI_ID_WIDTH bound to: 1 - type: integer 
	Parameter C_AXI_ADDR_WIDTH bound to: 32 - type: integer 
	Parameter C_AXI_DATA_WIDTH bound to: 64 - type: integer 
	Parameter C_AXI_LEN_WIDTH bound to: 8 - type: integer 
	Parameter C_AXI_LOCK_WIDTH bound to: 1 - type: integer 
	Parameter C_HAS_AXI_ID bound to: 0 - type: integer 
	Parameter C_HAS_AXI_AWUSER bound to: 0 - type: integer 
	Parameter C_HAS_AXI_WUSER bound to: 0 - type: integer 
	Parameter C_HAS_AXI_BUSER bound to: 0 - type: integer 
	Parameter C_HAS_AXI_ARUSER bound to: 0 - type: integer 
	Parameter C_HAS_AXI_RUSER bound to: 0 - type: integer 
	Parameter C_AXI_ARUSER_WIDTH bound to: 1 - type: integer 
	Parameter C_AXI_AWUSER_WIDTH bound to: 1 - type: integer 
	Parameter C_AXI_WUSER_WIDTH bound to: 1 - type: integer 
	Parameter C_AXI_BUSER_WIDTH bound to: 1 - type: integer 
	Parameter C_AXI_RUSER_WIDTH bound to: 1 - type: integer 
	Parameter C_HAS_AXIS_TDATA bound to: 1 - type: integer 
	Parameter C_HAS_AXIS_TID bound to: 0 - type: integer 
	Parameter C_HAS_AXIS_TDEST bound to: 0 - type: integer 
	Parameter C_HAS_AXIS_TUSER bound to: 1 - type: integer 
	Parameter C_HAS_AXIS_TREADY bound to: 1 - type: integer 
	Parameter C_HAS_AXIS_TLAST bound to: 0 - type: integer 
	Parameter C_HAS_AXIS_TSTRB bound to: 0 - type: integer 
	Parameter C_HAS_AXIS_TKEEP bound to: 0 - type: integer 
	Parameter C_AXIS_TDATA_WIDTH bound to: 8 - type: integer 
	Parameter C_AXIS_TID_WIDTH bound to: 1 - type: integer 
	Parameter C_AXIS_TDEST_WIDTH bound to: 1 - type: integer 
	Parameter C_AXIS_TUSER_WIDTH bound to: 4 - type: integer 
	Parameter C_AXIS_TSTRB_WIDTH bound to: 1 - type: integer 
	Parameter C_AXIS_TKEEP_WIDTH bound to: 1 - type: integer 
	Parameter C_WACH_TYPE bound to: 0 - type: integer 
	Parameter C_WDCH_TYPE bound to: 0 - type: integer 
	Parameter C_WRCH_TYPE bound to: 0 - type: integer 
	Parameter C_RACH_TYPE bound to: 0 - type: integer 
	Parameter C_RDCH_TYPE bound to: 0 - type: integer 
	Parameter C_AXIS_TYPE bound to: 0 - type: integer 
	Parameter C_IMPLEMENTATION_TYPE_WACH bound to: 1 - type: integer 
	Parameter C_IMPLEMENTATION_TYPE_WDCH bound to: 1 - type: integer 
	Parameter C_IMPLEMENTATION_TYPE_WRCH bound to: 1 - type: integer 
	Parameter C_IMPLEMENTATION_TYPE_RACH bound to: 1 - type: integer 
	Parameter C_IMPLEMENTATION_TYPE_RDCH bound to: 1 - type: integer 
	Parameter C_IMPLEMENTATION_TYPE_AXIS bound to: 1 - type: integer 
	Parameter C_APPLICATION_TYPE_WACH bound to: 0 - type: integer 
	Parameter C_APPLICATION_TYPE_WDCH bound to: 0 - type: integer 
	Parameter C_APPLICATION_TYPE_WRCH bound to: 0 - type: integer 
	Parameter C_APPLICATION_TYPE_RACH bound to: 0 - type: integer 
	Parameter C_APPLICATION_TYPE_RDCH bound to: 0 - type: integer 
	Parameter C_APPLICATION_TYPE_AXIS bound to: 0 - type: integer 
	Parameter C_PRIM_FIFO_TYPE_WACH bound to: 512x36 - type: string 
	Parameter C_PRIM_FIFO_TYPE_WDCH bound to: 512x72 - type: string 
	Parameter C_PRIM_FIFO_TYPE_WRCH bound to: 512x36 - type: string 
	Parameter C_PRIM_FIFO_TYPE_RACH bound to: 512x36 - type: string 
	Parameter C_PRIM_FIFO_TYPE_RDCH bound to: 512x72 - type: string 
	Parameter C_PRIM_FIFO_TYPE_AXIS bound to: 1kx18 - type: string 
	Parameter C_USE_ECC_WACH bound to: 0 - type: integer 
	Parameter C_USE_ECC_WDCH bound to: 0 - type: integer 
	Parameter C_USE_ECC_WRCH bound to: 0 - type: integer 
	Parameter C_USE_ECC_RACH bound to: 0 - type: integer 
	Parameter C_USE_ECC_RDCH bound to: 0 - type: integer 
	Parameter C_USE_ECC_AXIS bound to: 0 - type: integer 
	Parameter C_ERROR_INJECTION_TYPE_WACH bound to: 0 - type: integer 
	Parameter C_ERROR_INJECTION_TYPE_WDCH bound to: 0 - type: integer 
	Parameter C_ERROR_INJECTION_TYPE_WRCH bound to: 0 - type: integer 
	Parameter C_ERROR_INJECTION_TYPE_RACH bound to: 0 - type: integer 
	Parameter C_ERROR_INJECTION_TYPE_RDCH bound to: 0 - type: integer 
	Parameter C_ERROR_INJECTION_TYPE_AXIS bound to: 0 - type: integer 
	Parameter C_DIN_WIDTH_WACH bound to: 1 - type: integer 
	Parameter C_DIN_WIDTH_WDCH bound to: 64 - type: integer 
	Parameter C_DIN_WIDTH_WRCH bound to: 2 - type: integer 
	Parameter C_DIN_WIDTH_RACH bound to: 32 - type: integer 
	Parameter C_DIN_WIDTH_RDCH bound to: 64 - type: integer 
	Parameter C_DIN_WIDTH_AXIS bound to: 1 - type: integer 
	Parameter C_WR_DEPTH_WACH bound to: 16 - type: integer 
	Parameter C_WR_DEPTH_WDCH bound to: 1024 - type: integer 
	Parameter C_WR_DEPTH_WRCH bound to: 16 - type: integer 
	Parameter C_WR_DEPTH_RACH bound to: 16 - type: integer 
	Parameter C_WR_DEPTH_RDCH bound to: 1024 - type: integer 
	Parameter C_WR_DEPTH_AXIS bound to: 1024 - type: integer 
	Parameter C_WR_PNTR_WIDTH_WACH bound to: 4 - type: integer 
	Parameter C_WR_PNTR_WIDTH_WDCH bound to: 10 - type: integer 
	Parameter C_WR_PNTR_WIDTH_WRCH bound to: 4 - type: integer 
	Parameter C_WR_PNTR_WIDTH_RACH bound to: 4 - type: integer 
	Parameter C_WR_PNTR_WIDTH_RDCH bound to: 10 - type: integer 
	Parameter C_WR_PNTR_WIDTH_AXIS bound to: 10 - type: integer 
	Parameter C_HAS_DATA_COUNTS_WACH bound to: 0 - type: integer 
	Parameter C_HAS_DATA_COUNTS_WDCH bound to: 0 - type: integer 
	Parameter C_HAS_DATA_COUNTS_WRCH bound to: 0 - type: integer 
	Parameter C_HAS_DATA_COUNTS_RACH bound to: 0 - type: integer 
	Parameter C_HAS_DATA_COUNTS_RDCH bound to: 0 - type: integer 
	Parameter C_HAS_DATA_COUNTS_AXIS bound to: 0 - type: integer 
	Parameter C_HAS_PROG_FLAGS_WACH bound to: 0 - type: integer 
	Parameter C_HAS_PROG_FLAGS_WDCH bound to: 0 - type: integer 
	Parameter C_HAS_PROG_FLAGS_WRCH bound to: 0 - type: integer 
	Parameter C_HAS_PROG_FLAGS_RACH bound to: 0 - type: integer 
	Parameter C_HAS_PROG_FLAGS_RDCH bound to: 0 - type: integer 
	Parameter C_HAS_PROG_FLAGS_AXIS bound to: 0 - type: integer 
	Parameter C_PROG_FULL_TYPE_WACH bound to: 0 - type: integer 
	Parameter C_PROG_FULL_TYPE_WDCH bound to: 0 - type: integer 
	Parameter C_PROG_FULL_TYPE_WRCH bound to: 0 - type: integer 
	Parameter C_PROG_FULL_TYPE_RACH bound to: 0 - type: integer 
	Parameter C_PROG_FULL_TYPE_RDCH bound to: 0 - type: integer 
	Parameter C_PROG_FULL_TYPE_AXIS bound to: 0 - type: integer 
	Parameter C_PROG_FULL_THRESH_ASSERT_VAL_WACH bound to: 1023 - type: integer 
	Parameter C_PROG_FULL_THRESH_ASSERT_VAL_WDCH bound to: 1023 - type: integer 
	Parameter C_PROG_FULL_THRESH_ASSERT_VAL_WRCH bound to: 1023 - type: integer 
	Parameter C_PROG_FULL_THRESH_ASSERT_VAL_RACH bound to: 1023 - type: integer 
	Parameter C_PROG_FULL_THRESH_ASSERT_VAL_RDCH bound to: 1023 - type: integer 
	Parameter C_PROG_FULL_THRESH_ASSERT_VAL_AXIS bound to: 1023 - type: integer 
	Parameter C_PROG_EMPTY_TYPE_WACH bound to: 0 - type: integer 
	Parameter C_PROG_EMPTY_TYPE_WDCH bound to: 0 - type: integer 
	Parameter C_PROG_EMPTY_TYPE_WRCH bound to: 0 - type: integer 
	Parameter C_PROG_EMPTY_TYPE_RACH bound to: 0 - type: integer 
	Parameter C_PROG_EMPTY_TYPE_RDCH bound to: 0 - type: integer 
	Parameter C_PROG_EMPTY_TYPE_AXIS bound to: 0 - type: integer 
	Parameter C_PROG_EMPTY_THRESH_ASSERT_VAL_WACH bound to: 1022 - type: integer 
	Parameter C_PROG_EMPTY_THRESH_ASSERT_VAL_WDCH bound to: 1022 - type: integer 
	Parameter C_PROG_EMPTY_THRESH_ASSERT_VAL_WRCH bound to: 1022 - type: integer 
	Parameter C_PROG_EMPTY_THRESH_ASSERT_VAL_RACH bound to: 1022 - type: integer 
	Parameter C_PROG_EMPTY_THRESH_ASSERT_VAL_RDCH bound to: 1022 - type: integer 
	Parameter C_PROG_EMPTY_THRESH_ASSERT_VAL_AXIS bound to: 1022 - type: integer 
	Parameter C_REG_SLICE_MODE_WACH bound to: 0 - type: integer 
	Parameter C_REG_SLICE_MODE_WDCH bound to: 0 - type: integer 
	Parameter C_REG_SLICE_MODE_WRCH bound to: 0 - type: integer 
	Parameter C_REG_SLICE_MODE_RACH bound to: 0 - type: integer 
	Parameter C_REG_SLICE_MODE_RDCH bound to: 0 - type: integer 
	Parameter C_REG_SLICE_MODE_AXIS bound to: 0 - type: integer 
INFO: [Synth 8-3491] module 'fifo_generator_v13_2_10' declared at 'c:/Users/clb20123/Documents/FO-RFSoC-4YP/2x2_files/PLEASE/PLEASE.gen/sources_1/bd/PYNQ_Design/ipshared/1443/hdl/fifo_generator_v13_2_vhsyn_rfs.vhd:38305' bound to instance 'U0' of component 'fifo_generator_v13_2_10' [c:/Users/clb20123/Documents/FO-RFSoC-4YP/2x2_files/PLEASE/PLEASE.gen/sources_1/bd/PYNQ_Design/ip/PYNQ_Design_DUT_data_in_0_0/x16_bit_mod_fifo_generator_i1/synth/x16_bit_mod_fifo_generator_i1.vhd:539]
INFO: [Synth 8-256] done synthesizing module 'x16_bit_mod_fifo_generator_i1' (0#1) [c:/Users/clb20123/Documents/FO-RFSoC-4YP/2x2_files/PLEASE/PLEASE.gen/sources_1/bd/PYNQ_Design/ip/PYNQ_Design_DUT_data_in_0_0/x16_bit_mod_fifo_generator_i1/synth/x16_bit_mod_fifo_generator_i1.vhd:71]
	Parameter width bound to: 1 - type: integer 
	Parameter latency bound to: 1 - type: integer 
INFO: [Synth 8-3491] module 'synth_reg' declared at 'c:/Users/clb20123/Documents/FO-RFSoC-4YP/2x2_files/PLEASE/PLEASE.gen/sources_1/bd/PYNQ_Design/ipshared/0ce8/hdl/synth_reg.vhd:20' bound to instance 'reg' of component 'synth_reg' [c:/Users/clb20123/Documents/FO-RFSoC-4YP/2x2_files/PLEASE/PLEASE.gen/sources_1/bd/PYNQ_Design/ipshared/a200/hdl/x16_bit_mod_entity_declarations.vhd:1562]
INFO: [Synth 8-256] done synthesizing module 'x16_bit_mod_xlfifogen_u__parameterized0' (0#1) [c:/Users/clb20123/Documents/FO-RFSoC-4YP/2x2_files/PLEASE/PLEASE.gen/sources_1/bd/PYNQ_Design/ipshared/a200/hdl/x16_bit_mod_entity_declarations.vhd:1440]
INFO: [Synth 8-638] synthesizing module 'sysgen_logical_daab7364f9' [c:/Users/clb20123/Documents/FO-RFSoC-4YP/2x2_files/PLEASE/PLEASE.gen/sources_1/bd/PYNQ_Design/ipshared/a200/hdl/x16_bit_mod_entity_declarations.vhd:1378]
INFO: [Synth 8-256] done synthesizing module 'sysgen_logical_daab7364f9' (0#1) [c:/Users/clb20123/Documents/FO-RFSoC-4YP/2x2_files/PLEASE/PLEASE.gen/sources_1/bd/PYNQ_Design/ipshared/a200/hdl/x16_bit_mod_entity_declarations.vhd:1378]
INFO: [Synth 8-638] synthesizing module 'x16_bit_mod_xlslice__parameterized1' [c:/Users/clb20123/Documents/FO-RFSoC-4YP/2x2_files/PLEASE/PLEASE.gen/sources_1/bd/PYNQ_Design/ipshared/a200/hdl/x16_bit_mod_entity_declarations.vhd:1331]
INFO: [Synth 8-256] done synthesizing module 'x16_bit_mod_xlslice__parameterized1' (0#1) [c:/Users/clb20123/Documents/FO-RFSoC-4YP/2x2_files/PLEASE/PLEASE.gen/sources_1/bd/PYNQ_Design/ipshared/a200/hdl/x16_bit_mod_entity_declarations.vhd:1331]
INFO: [Synth 8-638] synthesizing module 'x16_bit_mod_xlslice__parameterized2' [c:/Users/clb20123/Documents/FO-RFSoC-4YP/2x2_files/PLEASE/PLEASE.gen/sources_1/bd/PYNQ_Design/ipshared/a200/hdl/x16_bit_mod_entity_declarations.vhd:1331]
INFO: [Synth 8-256] done synthesizing module 'x16_bit_mod_xlslice__parameterized2' (0#1) [c:/Users/clb20123/Documents/FO-RFSoC-4YP/2x2_files/PLEASE/PLEASE.gen/sources_1/bd/PYNQ_Design/ipshared/a200/hdl/x16_bit_mod_entity_declarations.vhd:1331]
INFO: [Synth 8-256] done synthesizing module 'x16_bit_mod_slave_fifo' (0#1) [c:/Users/clb20123/Documents/FO-RFSoC-4YP/2x2_files/PLEASE/PLEASE.gen/sources_1/bd/PYNQ_Design/ipshared/a200/hdl/x16_bit_mod.vhd:562]
INFO: [Synth 8-256] done synthesizing module 'x16_bit_mod_struct' (0#1) [c:/Users/clb20123/Documents/FO-RFSoC-4YP/2x2_files/PLEASE/PLEASE.gen/sources_1/bd/PYNQ_Design/ipshared/a200/hdl/x16_bit_mod.vhd:692]
INFO: [Synth 8-256] done synthesizing module 'x16_bit_mod' (0#1) [c:/Users/clb20123/Documents/FO-RFSoC-4YP/2x2_files/PLEASE/PLEASE.gen/sources_1/bd/PYNQ_Design/ipshared/a200/hdl/x16_bit_mod.vhd:810]
INFO: [Synth 8-256] done synthesizing module 'PYNQ_Design_DUT_data_in_0_0' (0#1) [c:/Users/clb20123/Documents/FO-RFSoC-4YP/2x2_files/PLEASE/PLEASE.gen/sources_1/bd/PYNQ_Design/ip/PYNQ_Design_DUT_data_in_0_0/synth/PYNQ_Design_DUT_data_in_0_0.vhd:74]
WARNING: [Synth 8-5640] Port 'axi_dma_tstvec' is missing in component declaration [c:/Users/clb20123/Documents/FO-RFSoC-4YP/2x2_files/PLEASE/PLEASE.gen/sources_1/bd/PYNQ_Design/synth/PYNQ_Design.vhd:545]
INFO: [Synth 8-3491] module 'PYNQ_Design_axi_dma_1' declared at 'c:/Users/clb20123/Documents/FO-RFSoC-4YP/2x2_files/PLEASE/PLEASE.gen/sources_1/bd/PYNQ_Design/ip/PYNQ_Design_axi_dma_1/synth/PYNQ_Design_axi_dma_1.vhd:59' bound to instance 'axi_dma_tx' of component 'PYNQ_Design_axi_dma_1' [c:/Users/clb20123/Documents/FO-RFSoC-4YP/2x2_files/PLEASE/PLEASE.gen/sources_1/bd/PYNQ_Design/synth/PYNQ_Design.vhd:799]
INFO: [Synth 8-638] synthesizing module 'PYNQ_Design_axi_dma_1' [c:/Users/clb20123/Documents/FO-RFSoC-4YP/2x2_files/PLEASE/PLEASE.gen/sources_1/bd/PYNQ_Design/ip/PYNQ_Design_axi_dma_1/synth/PYNQ_Design_axi_dma_1.vhd:104]
	Parameter C_S_AXI_LITE_ADDR_WIDTH bound to: 10 - type: integer 
	Parameter C_S_AXI_LITE_DATA_WIDTH bound to: 32 - type: integer 
	Parameter C_DLYTMR_RESOLUTION bound to: 125 - type: integer 
	Parameter C_PRMRY_IS_ACLK_ASYNC bound to: 0 - type: integer 
	Parameter C_ENABLE_MULTI_CHANNEL bound to: 0 - type: integer 
	Parameter C_NUM_MM2S_CHANNELS bound to: 1 - type: integer 
	Parameter C_NUM_S2MM_CHANNELS bound to: 1 - type: integer 
	Parameter C_INCLUDE_SG bound to: 0 - type: integer 
	Parameter C_SG_INCLUDE_STSCNTRL_STRM bound to: 0 - type: integer 
	Parameter C_SG_USE_STSAPP_LENGTH bound to: 0 - type: integer 
	Parameter C_SG_LENGTH_WIDTH bound to: 14 - type: integer 
	Parameter C_M_AXI_SG_ADDR_WIDTH bound to: 32 - type: integer 
	Parameter C_M_AXI_SG_DATA_WIDTH bound to: 32 - type: integer 
	Parameter C_M_AXIS_MM2S_CNTRL_TDATA_WIDTH bound to: 32 - type: integer 
	Parameter C_S_AXIS_S2MM_STS_TDATA_WIDTH bound to: 32 - type: integer 
	Parameter C_MICRO_DMA bound to: 0 - type: integer 
	Parameter C_INCLUDE_MM2S bound to: 1 - type: integer 
	Parameter C_INCLUDE_MM2S_SF bound to: 1 - type: integer 
	Parameter C_MM2S_BURST_SIZE bound to: 256 - type: integer 
	Parameter C_M_AXI_MM2S_ADDR_WIDTH bound to: 32 - type: integer 
	Parameter C_M_AXI_MM2S_DATA_WIDTH bound to: 128 - type: integer 
	Parameter C_M_AXIS_MM2S_TDATA_WIDTH bound to: 32 - type: integer 
	Parameter C_INCLUDE_MM2S_DRE bound to: 1 - type: integer 
	Parameter C_INCLUDE_S2MM bound to: 0 - type: integer 
	Parameter C_INCLUDE_S2MM_SF bound to: 1 - type: integer 
	Parameter C_S2MM_BURST_SIZE bound to: 16 - type: integer 
	Parameter C_M_AXI_S2MM_ADDR_WIDTH bound to: 32 - type: integer 
	Parameter C_M_AXI_S2MM_DATA_WIDTH bound to: 32 - type: integer 
	Parameter C_S_AXIS_S2MM_TDATA_WIDTH bound to: 32 - type: integer 
	Parameter C_INCLUDE_S2MM_DRE bound to: 0 - type: integer 
	Parameter C_INCREASE_THROUGHPUT bound to: 0 - type: integer 
	Parameter C_FAMILY bound to: zynquplus - type: string 
INFO: [Synth 8-3491] module 'axi_dma' declared at 'c:/Users/clb20123/Documents/FO-RFSoC-4YP/2x2_files/PLEASE/PLEASE.gen/sources_1/bd/PYNQ_Design/ipshared/8830/hdl/axi_dma_v7_1_vh_rfs.vhd:21804' bound to instance 'U0' of component 'axi_dma' [c:/Users/clb20123/Documents/FO-RFSoC-4YP/2x2_files/PLEASE/PLEASE.gen/sources_1/bd/PYNQ_Design/ip/PYNQ_Design_axi_dma_1/synth/PYNQ_Design_axi_dma_1.vhd:320]
INFO: [Synth 8-638] synthesizing module 'axi_dma__parameterized1' [c:/Users/clb20123/Documents/FO-RFSoC-4YP/2x2_files/PLEASE/PLEASE.gen/sources_1/bd/PYNQ_Design/ipshared/8830/hdl/axi_dma_v7_1_vh_rfs.vhd:22149]
INFO: [Synth 8-638] synthesizing module 'axi_dma_rst_module__parameterized0' [c:/Users/clb20123/Documents/FO-RFSoC-4YP/2x2_files/PLEASE/PLEASE.gen/sources_1/bd/PYNQ_Design/ipshared/8830/hdl/axi_dma_v7_1_vh_rfs.vhd:1592]
INFO: [Synth 8-256] done synthesizing module 'axi_dma_rst_module__parameterized0' (0#1) [c:/Users/clb20123/Documents/FO-RFSoC-4YP/2x2_files/PLEASE/PLEASE.gen/sources_1/bd/PYNQ_Design/ipshared/8830/hdl/axi_dma_v7_1_vh_rfs.vhd:1592]
INFO: [Synth 8-638] synthesizing module 'axi_dma_reg_module__parameterized0' [c:/Users/clb20123/Documents/FO-RFSoC-4YP/2x2_files/PLEASE/PLEASE.gen/sources_1/bd/PYNQ_Design/ipshared/8830/hdl/axi_dma_v7_1_vh_rfs.vhd:8426]
INFO: [Synth 8-638] synthesizing module 'axi_dma_register' [c:/Users/clb20123/Documents/FO-RFSoC-4YP/2x2_files/PLEASE/PLEASE.gen/sources_1/bd/PYNQ_Design/ipshared/8830/hdl/axi_dma_v7_1_vh_rfs.vhd:3599]
INFO: [Synth 8-256] done synthesizing module 'axi_dma_register' (0#1) [c:/Users/clb20123/Documents/FO-RFSoC-4YP/2x2_files/PLEASE/PLEASE.gen/sources_1/bd/PYNQ_Design/ipshared/8830/hdl/axi_dma_v7_1_vh_rfs.vhd:3599]
INFO: [Synth 8-256] done synthesizing module 'axi_dma_reg_module__parameterized0' (0#1) [c:/Users/clb20123/Documents/FO-RFSoC-4YP/2x2_files/PLEASE/PLEASE.gen/sources_1/bd/PYNQ_Design/ipshared/8830/hdl/axi_dma_v7_1_vh_rfs.vhd:8426]
INFO: [Synth 8-638] synthesizing module 'axi_dma_mm2s_mngr' [c:/Users/clb20123/Documents/FO-RFSoC-4YP/2x2_files/PLEASE/PLEASE.gen/sources_1/bd/PYNQ_Design/ipshared/8830/hdl/axi_dma_v7_1_vh_rfs.vhd:15157]
INFO: [Synth 8-638] synthesizing module 'axi_dma_smple_sm__parameterized0' [c:/Users/clb20123/Documents/FO-RFSoC-4YP/2x2_files/PLEASE/PLEASE.gen/sources_1/bd/PYNQ_Design/ipshared/8830/hdl/axi_dma_v7_1_vh_rfs.vhd:11957]
INFO: [Synth 8-256] done synthesizing module 'axi_dma_smple_sm__parameterized0' (0#1) [c:/Users/clb20123/Documents/FO-RFSoC-4YP/2x2_files/PLEASE/PLEASE.gen/sources_1/bd/PYNQ_Design/ipshared/8830/hdl/axi_dma_v7_1_vh_rfs.vhd:11957]
INFO: [Synth 8-638] synthesizing module 'axi_dma_mm2s_cmdsts_if' [c:/Users/clb20123/Documents/FO-RFSoC-4YP/2x2_files/PLEASE/PLEASE.gen/sources_1/bd/PYNQ_Design/ipshared/8830/hdl/axi_dma_v7_1_vh_rfs.vhd:13942]
INFO: [Synth 8-256] done synthesizing module 'axi_dma_mm2s_cmdsts_if' (0#1) [c:/Users/clb20123/Documents/FO-RFSoC-4YP/2x2_files/PLEASE/PLEASE.gen/sources_1/bd/PYNQ_Design/ipshared/8830/hdl/axi_dma_v7_1_vh_rfs.vhd:13942]
INFO: [Synth 8-638] synthesizing module 'axi_dma_mm2s_sts_mngr' [c:/Users/clb20123/Documents/FO-RFSoC-4YP/2x2_files/PLEASE/PLEASE.gen/sources_1/bd/PYNQ_Design/ipshared/8830/hdl/axi_dma_v7_1_vh_rfs.vhd:14256]
INFO: [Synth 8-256] done synthesizing module 'axi_dma_mm2s_sts_mngr' (0#1) [c:/Users/clb20123/Documents/FO-RFSoC-4YP/2x2_files/PLEASE/PLEASE.gen/sources_1/bd/PYNQ_Design/ipshared/8830/hdl/axi_dma_v7_1_vh_rfs.vhd:14256]
INFO: [Synth 8-256] done synthesizing module 'axi_dma_mm2s_mngr' (0#1) [c:/Users/clb20123/Documents/FO-RFSoC-4YP/2x2_files/PLEASE/PLEASE.gen/sources_1/bd/PYNQ_Design/ipshared/8830/hdl/axi_dma_v7_1_vh_rfs.vhd:15157]
INFO: [Synth 8-638] synthesizing module 'axi_datamover__parameterized0' [c:/Users/clb20123/Documents/FO-RFSoC-4YP/2x2_files/PLEASE/PLEASE.gen/sources_1/bd/PYNQ_Design/ipshared/bf20/hdl/axi_datamover_v5_1_vh_rfs.vhd:55201]
INFO: [Synth 8-638] synthesizing module 'axi_datamover_mm2s_full_wrap' [c:/Users/clb20123/Documents/FO-RFSoC-4YP/2x2_files/PLEASE/PLEASE.gen/sources_1/bd/PYNQ_Design/ipshared/bf20/hdl/axi_datamover_v5_1_vh_rfs.vhd:53340]
INFO: [Synth 8-638] synthesizing module 'axi_datamover_cmd_status__parameterized0' [c:/Users/clb20123/Documents/FO-RFSoC-4YP/2x2_files/PLEASE/PLEASE.gen/sources_1/bd/PYNQ_Design/ipshared/bf20/hdl/axi_datamover_v5_1_vh_rfs.vhd:2665]
INFO: [Synth 8-638] synthesizing module 'axi_datamover_fifo__parameterized7' [c:/Users/clb20123/Documents/FO-RFSoC-4YP/2x2_files/PLEASE/PLEASE.gen/sources_1/bd/PYNQ_Design/ipshared/bf20/hdl/axi_datamover_v5_1_vh_rfs.vhd:1859]
INFO: [Synth 8-256] done synthesizing module 'axi_datamover_fifo__parameterized7' (0#1) [c:/Users/clb20123/Documents/FO-RFSoC-4YP/2x2_files/PLEASE/PLEASE.gen/sources_1/bd/PYNQ_Design/ipshared/bf20/hdl/axi_datamover_v5_1_vh_rfs.vhd:1859]
INFO: [Synth 8-638] synthesizing module 'axi_datamover_fifo__parameterized8' [c:/Users/clb20123/Documents/FO-RFSoC-4YP/2x2_files/PLEASE/PLEASE.gen/sources_1/bd/PYNQ_Design/ipshared/bf20/hdl/axi_datamover_v5_1_vh_rfs.vhd:1859]
INFO: [Synth 8-256] done synthesizing module 'axi_datamover_fifo__parameterized8' (0#1) [c:/Users/clb20123/Documents/FO-RFSoC-4YP/2x2_files/PLEASE/PLEASE.gen/sources_1/bd/PYNQ_Design/ipshared/bf20/hdl/axi_datamover_v5_1_vh_rfs.vhd:1859]
INFO: [Synth 8-256] done synthesizing module 'axi_datamover_cmd_status__parameterized0' (0#1) [c:/Users/clb20123/Documents/FO-RFSoC-4YP/2x2_files/PLEASE/PLEASE.gen/sources_1/bd/PYNQ_Design/ipshared/bf20/hdl/axi_datamover_v5_1_vh_rfs.vhd:2665]
INFO: [Synth 8-638] synthesizing module 'axi_datamover_rd_status_cntl' [c:/Users/clb20123/Documents/FO-RFSoC-4YP/2x2_files/PLEASE/PLEASE.gen/sources_1/bd/PYNQ_Design/ipshared/bf20/hdl/axi_datamover_v5_1_vh_rfs.vhd:13671]
INFO: [Synth 8-256] done synthesizing module 'axi_datamover_rd_status_cntl' (0#1) [c:/Users/clb20123/Documents/FO-RFSoC-4YP/2x2_files/PLEASE/PLEASE.gen/sources_1/bd/PYNQ_Design/ipshared/bf20/hdl/axi_datamover_v5_1_vh_rfs.vhd:13671]
INFO: [Synth 8-638] synthesizing module 'axi_datamover_pcc' [c:/Users/clb20123/Documents/FO-RFSoC-4YP/2x2_files/PLEASE/PLEASE.gen/sources_1/bd/PYNQ_Design/ipshared/bf20/hdl/axi_datamover_v5_1_vh_rfs.vhd:7365]
INFO: [Synth 8-638] synthesizing module 'axi_datamover_strb_gen2__parameterized1' [c:/Users/clb20123/Documents/FO-RFSoC-4YP/2x2_files/PLEASE/PLEASE.gen/sources_1/bd/PYNQ_Design/ipshared/bf20/hdl/axi_datamover_v5_1_vh_rfs.vhd:4297]
INFO: [Synth 8-256] done synthesizing module 'axi_datamover_strb_gen2__parameterized1' (0#1) [c:/Users/clb20123/Documents/FO-RFSoC-4YP/2x2_files/PLEASE/PLEASE.gen/sources_1/bd/PYNQ_Design/ipshared/bf20/hdl/axi_datamover_v5_1_vh_rfs.vhd:4297]
INFO: [Synth 8-226] default block is never used [c:/Users/clb20123/Documents/FO-RFSoC-4YP/2x2_files/PLEASE/PLEASE.gen/sources_1/bd/PYNQ_Design/ipshared/bf20/hdl/axi_datamover_v5_1_vh_rfs.vhd:9439]
INFO: [Synth 8-256] done synthesizing module 'axi_datamover_pcc' (0#1) [c:/Users/clb20123/Documents/FO-RFSoC-4YP/2x2_files/PLEASE/PLEASE.gen/sources_1/bd/PYNQ_Design/ipshared/bf20/hdl/axi_datamover_v5_1_vh_rfs.vhd:7365]
INFO: [Synth 8-638] synthesizing module 'axi_datamover_addr_cntl__parameterized0' [c:/Users/clb20123/Documents/FO-RFSoC-4YP/2x2_files/PLEASE/PLEASE.gen/sources_1/bd/PYNQ_Design/ipshared/bf20/hdl/axi_datamover_v5_1_vh_rfs.vhd:9943]
INFO: [Synth 8-638] synthesizing module 'axi_datamover_fifo__parameterized9' [c:/Users/clb20123/Documents/FO-RFSoC-4YP/2x2_files/PLEASE/PLEASE.gen/sources_1/bd/PYNQ_Design/ipshared/bf20/hdl/axi_datamover_v5_1_vh_rfs.vhd:1859]
INFO: [Synth 8-638] synthesizing module 'srl_fifo_f__parameterized5' [c:/Users/clb20123/Documents/FO-RFSoC-4YP/2x2_files/PLEASE/PLEASE.gen/sources_1/bd/PYNQ_Design/ipshared/1e5a/hdl/lib_srl_fifo_v1_0_rfs.vhd:777]
INFO: [Synth 8-638] synthesizing module 'srl_fifo_rbu_f__parameterized5' [c:/Users/clb20123/Documents/FO-RFSoC-4YP/2x2_files/PLEASE/PLEASE.gen/sources_1/bd/PYNQ_Design/ipshared/1e5a/hdl/lib_srl_fifo_v1_0_rfs.vhd:538]
INFO: [Synth 8-638] synthesizing module 'dynshreg_f__parameterized5' [c:/Users/clb20123/Documents/FO-RFSoC-4YP/2x2_files/PLEASE/PLEASE.gen/sources_1/bd/PYNQ_Design/ipshared/1e5a/hdl/lib_srl_fifo_v1_0_rfs.vhd:329]
INFO: [Synth 8-256] done synthesizing module 'dynshreg_f__parameterized5' (0#1) [c:/Users/clb20123/Documents/FO-RFSoC-4YP/2x2_files/PLEASE/PLEASE.gen/sources_1/bd/PYNQ_Design/ipshared/1e5a/hdl/lib_srl_fifo_v1_0_rfs.vhd:329]
INFO: [Synth 8-256] done synthesizing module 'srl_fifo_rbu_f__parameterized5' (0#1) [c:/Users/clb20123/Documents/FO-RFSoC-4YP/2x2_files/PLEASE/PLEASE.gen/sources_1/bd/PYNQ_Design/ipshared/1e5a/hdl/lib_srl_fifo_v1_0_rfs.vhd:538]
INFO: [Synth 8-256] done synthesizing module 'srl_fifo_f__parameterized5' (0#1) [c:/Users/clb20123/Documents/FO-RFSoC-4YP/2x2_files/PLEASE/PLEASE.gen/sources_1/bd/PYNQ_Design/ipshared/1e5a/hdl/lib_srl_fifo_v1_0_rfs.vhd:777]
INFO: [Synth 8-256] done synthesizing module 'axi_datamover_fifo__parameterized9' (0#1) [c:/Users/clb20123/Documents/FO-RFSoC-4YP/2x2_files/PLEASE/PLEASE.gen/sources_1/bd/PYNQ_Design/ipshared/bf20/hdl/axi_datamover_v5_1_vh_rfs.vhd:1859]
INFO: [Synth 8-256] done synthesizing module 'axi_datamover_addr_cntl__parameterized0' (0#1) [c:/Users/clb20123/Documents/FO-RFSoC-4YP/2x2_files/PLEASE/PLEASE.gen/sources_1/bd/PYNQ_Design/ipshared/bf20/hdl/axi_datamover_v5_1_vh_rfs.vhd:9943]
INFO: [Synth 8-638] synthesizing module 'axi_datamover_rddata_cntl' [c:/Users/clb20123/Documents/FO-RFSoC-4YP/2x2_files/PLEASE/PLEASE.gen/sources_1/bd/PYNQ_Design/ipshared/bf20/hdl/axi_datamover_v5_1_vh_rfs.vhd:12116]
INFO: [Synth 8-638] synthesizing module 'axi_datamover_rdmux' [c:/Users/clb20123/Documents/FO-RFSoC-4YP/2x2_files/PLEASE/PLEASE.gen/sources_1/bd/PYNQ_Design/ipshared/bf20/hdl/axi_datamover_v5_1_vh_rfs.vhd:10618]
INFO: [Synth 8-256] done synthesizing module 'axi_datamover_rdmux' (0#1) [c:/Users/clb20123/Documents/FO-RFSoC-4YP/2x2_files/PLEASE/PLEASE.gen/sources_1/bd/PYNQ_Design/ipshared/bf20/hdl/axi_datamover_v5_1_vh_rfs.vhd:10618]
INFO: [Synth 8-638] synthesizing module 'axi_datamover_fifo__parameterized10' [c:/Users/clb20123/Documents/FO-RFSoC-4YP/2x2_files/PLEASE/PLEASE.gen/sources_1/bd/PYNQ_Design/ipshared/bf20/hdl/axi_datamover_v5_1_vh_rfs.vhd:1859]
INFO: [Synth 8-638] synthesizing module 'srl_fifo_f__parameterized6' [c:/Users/clb20123/Documents/FO-RFSoC-4YP/2x2_files/PLEASE/PLEASE.gen/sources_1/bd/PYNQ_Design/ipshared/1e5a/hdl/lib_srl_fifo_v1_0_rfs.vhd:777]
INFO: [Synth 8-638] synthesizing module 'srl_fifo_rbu_f__parameterized6' [c:/Users/clb20123/Documents/FO-RFSoC-4YP/2x2_files/PLEASE/PLEASE.gen/sources_1/bd/PYNQ_Design/ipshared/1e5a/hdl/lib_srl_fifo_v1_0_rfs.vhd:538]
INFO: [Synth 8-638] synthesizing module 'dynshreg_f__parameterized6' [c:/Users/clb20123/Documents/FO-RFSoC-4YP/2x2_files/PLEASE/PLEASE.gen/sources_1/bd/PYNQ_Design/ipshared/1e5a/hdl/lib_srl_fifo_v1_0_rfs.vhd:329]
INFO: [Synth 8-256] done synthesizing module 'dynshreg_f__parameterized6' (0#1) [c:/Users/clb20123/Documents/FO-RFSoC-4YP/2x2_files/PLEASE/PLEASE.gen/sources_1/bd/PYNQ_Design/ipshared/1e5a/hdl/lib_srl_fifo_v1_0_rfs.vhd:329]
INFO: [Synth 8-256] done synthesizing module 'srl_fifo_rbu_f__parameterized6' (0#1) [c:/Users/clb20123/Documents/FO-RFSoC-4YP/2x2_files/PLEASE/PLEASE.gen/sources_1/bd/PYNQ_Design/ipshared/1e5a/hdl/lib_srl_fifo_v1_0_rfs.vhd:538]
INFO: [Synth 8-256] done synthesizing module 'srl_fifo_f__parameterized6' (0#1) [c:/Users/clb20123/Documents/FO-RFSoC-4YP/2x2_files/PLEASE/PLEASE.gen/sources_1/bd/PYNQ_Design/ipshared/1e5a/hdl/lib_srl_fifo_v1_0_rfs.vhd:777]
INFO: [Synth 8-256] done synthesizing module 'axi_datamover_fifo__parameterized10' (0#1) [c:/Users/clb20123/Documents/FO-RFSoC-4YP/2x2_files/PLEASE/PLEASE.gen/sources_1/bd/PYNQ_Design/ipshared/bf20/hdl/axi_datamover_v5_1_vh_rfs.vhd:1859]
INFO: [Synth 8-256] done synthesizing module 'axi_datamover_rddata_cntl' (0#1) [c:/Users/clb20123/Documents/FO-RFSoC-4YP/2x2_files/PLEASE/PLEASE.gen/sources_1/bd/PYNQ_Design/ipshared/bf20/hdl/axi_datamover_v5_1_vh_rfs.vhd:12116]
INFO: [Synth 8-638] synthesizing module 'axi_datamover_rd_sf' [c:/Users/clb20123/Documents/FO-RFSoC-4YP/2x2_files/PLEASE/PLEASE.gen/sources_1/bd/PYNQ_Design/ipshared/bf20/hdl/axi_datamover_v5_1_vh_rfs.vhd:20097]
INFO: [Synth 8-638] synthesizing module 'axi_datamover_fifo__parameterized11' [c:/Users/clb20123/Documents/FO-RFSoC-4YP/2x2_files/PLEASE/PLEASE.gen/sources_1/bd/PYNQ_Design/ipshared/bf20/hdl/axi_datamover_v5_1_vh_rfs.vhd:1859]
INFO: [Synth 8-638] synthesizing module 'srl_fifo_f__parameterized7' [c:/Users/clb20123/Documents/FO-RFSoC-4YP/2x2_files/PLEASE/PLEASE.gen/sources_1/bd/PYNQ_Design/ipshared/1e5a/hdl/lib_srl_fifo_v1_0_rfs.vhd:777]
INFO: [Synth 8-638] synthesizing module 'srl_fifo_rbu_f__parameterized7' [c:/Users/clb20123/Documents/FO-RFSoC-4YP/2x2_files/PLEASE/PLEASE.gen/sources_1/bd/PYNQ_Design/ipshared/1e5a/hdl/lib_srl_fifo_v1_0_rfs.vhd:538]
INFO: [Synth 8-638] synthesizing module 'dynshreg_f__parameterized7' [c:/Users/clb20123/Documents/FO-RFSoC-4YP/2x2_files/PLEASE/PLEASE.gen/sources_1/bd/PYNQ_Design/ipshared/1e5a/hdl/lib_srl_fifo_v1_0_rfs.vhd:329]
INFO: [Synth 8-256] done synthesizing module 'dynshreg_f__parameterized7' (0#1) [c:/Users/clb20123/Documents/FO-RFSoC-4YP/2x2_files/PLEASE/PLEASE.gen/sources_1/bd/PYNQ_Design/ipshared/1e5a/hdl/lib_srl_fifo_v1_0_rfs.vhd:329]
INFO: [Synth 8-256] done synthesizing module 'srl_fifo_rbu_f__parameterized7' (0#1) [c:/Users/clb20123/Documents/FO-RFSoC-4YP/2x2_files/PLEASE/PLEASE.gen/sources_1/bd/PYNQ_Design/ipshared/1e5a/hdl/lib_srl_fifo_v1_0_rfs.vhd:538]
INFO: [Synth 8-256] done synthesizing module 'srl_fifo_f__parameterized7' (0#1) [c:/Users/clb20123/Documents/FO-RFSoC-4YP/2x2_files/PLEASE/PLEASE.gen/sources_1/bd/PYNQ_Design/ipshared/1e5a/hdl/lib_srl_fifo_v1_0_rfs.vhd:777]
INFO: [Synth 8-256] done synthesizing module 'axi_datamover_fifo__parameterized11' (0#1) [c:/Users/clb20123/Documents/FO-RFSoC-4YP/2x2_files/PLEASE/PLEASE.gen/sources_1/bd/PYNQ_Design/ipshared/bf20/hdl/axi_datamover_v5_1_vh_rfs.vhd:1859]
INFO: [Synth 8-638] synthesizing module 'axi_datamover_sfifo_autord__parameterized1' [c:/Users/clb20123/Documents/FO-RFSoC-4YP/2x2_files/PLEASE/PLEASE.gen/sources_1/bd/PYNQ_Design/ipshared/bf20/hdl/axi_datamover_v5_1_vh_rfs.vhd:1275]
INFO: [Synth 8-638] synthesizing module 'sync_fifo_fg__parameterized1' [c:/Users/clb20123/Documents/FO-RFSoC-4YP/2x2_files/PLEASE/PLEASE.gen/sources_1/bd/PYNQ_Design/ipshared/0a12/hdl/lib_fifo_v1_0_rfs.vhd:2232]
	Parameter FIFO_MEMORY_TYPE bound to: block - type: string 
	Parameter FIFO_WRITE_DEPTH bound to: 2048 - type: integer 
	Parameter WRITE_DATA_WIDTH bound to: 147 - type: integer 
	Parameter READ_MODE bound to: fwft - type: string 
	Parameter FIFO_READ_LATENCY bound to: 0 - type: integer 
	Parameter FULL_RESET_VALUE bound to: 1 - type: integer 
	Parameter USE_ADV_FEATURES bound to: 1F1F - type: string 
	Parameter READ_DATA_WIDTH bound to: 147 - type: integer 
	Parameter WR_DATA_COUNT_WIDTH bound to: 12 - type: integer 
	Parameter PROG_FULL_THRESH bound to: 10 - type: integer 
	Parameter RD_DATA_COUNT_WIDTH bound to: 4 - type: integer 
	Parameter PROG_EMPTY_THRESH bound to: 10 - type: integer 
	Parameter DOUT_RESET_VALUE bound to: 0 - type: string 
	Parameter ECC_MODE bound to: no_ecc - type: string 
	Parameter WAKEUP_TIME bound to: 0 - type: integer 
INFO: [Synth 8-3491] module 'xpm_fifo_sync' declared at 'D:/Xilinx/Vivado/2024.1/data/ip/xpm/xpm_fifo/hdl/xpm_fifo.sv:1975' bound to instance 'xpm_fifo_sync_inst' of component 'xpm_fifo_sync' [c:/Users/clb20123/Documents/FO-RFSoC-4YP/2x2_files/PLEASE/PLEASE.gen/sources_1/bd/PYNQ_Design/ipshared/0a12/hdl/lib_fifo_v1_0_rfs.vhd:2609]
INFO: [Synth 8-6157] synthesizing module 'xpm_fifo_sync__parameterized3' [D:/Xilinx/Vivado/2024.1/data/ip/xpm/xpm_fifo/hdl/xpm_fifo.sv:1975]
INFO: [Synth 8-6157] synthesizing module 'xpm_fifo_base__parameterized1' [D:/Xilinx/Vivado/2024.1/data/ip/xpm/xpm_fifo/hdl/xpm_fifo.sv:53]
INFO: [Synth 8-6157] synthesizing module 'xpm_memory_base__parameterized5' [D:/Xilinx/Vivado/2024.1/data/ip/xpm/xpm_memory/hdl/xpm_memory.sv:54]
INFO: [Synth 8-6155] done synthesizing module 'xpm_memory_base__parameterized5' (0#1) [D:/Xilinx/Vivado/2024.1/data/ip/xpm/xpm_memory/hdl/xpm_memory.sv:54]
INFO: [Synth 8-226] default block is never used [D:/Xilinx/Vivado/2024.1/data/ip/xpm/xpm_fifo/hdl/xpm_fifo.sv:1220]
INFO: [Synth 8-226] default block is never used [D:/Xilinx/Vivado/2024.1/data/ip/xpm/xpm_fifo/hdl/xpm_fifo.sv:1287]
INFO: [Synth 8-226] default block is never used [D:/Xilinx/Vivado/2024.1/data/ip/xpm/xpm_fifo/hdl/xpm_fifo.sv:1309]
INFO: [Synth 8-6155] done synthesizing module 'xpm_fifo_base__parameterized1' (0#1) [D:/Xilinx/Vivado/2024.1/data/ip/xpm/xpm_fifo/hdl/xpm_fifo.sv:53]
INFO: [Synth 8-6155] done synthesizing module 'xpm_fifo_sync__parameterized3' (0#1) [D:/Xilinx/Vivado/2024.1/data/ip/xpm/xpm_fifo/hdl/xpm_fifo.sv:1975]
INFO: [Synth 8-256] done synthesizing module 'sync_fifo_fg__parameterized1' (0#1) [c:/Users/clb20123/Documents/FO-RFSoC-4YP/2x2_files/PLEASE/PLEASE.gen/sources_1/bd/PYNQ_Design/ipshared/0a12/hdl/lib_fifo_v1_0_rfs.vhd:2232]
INFO: [Synth 8-256] done synthesizing module 'axi_datamover_sfifo_autord__parameterized1' (0#1) [c:/Users/clb20123/Documents/FO-RFSoC-4YP/2x2_files/PLEASE/PLEASE.gen/sources_1/bd/PYNQ_Design/ipshared/bf20/hdl/axi_datamover_v5_1_vh_rfs.vhd:1275]
INFO: [Synth 8-256] done synthesizing module 'axi_datamover_rd_sf' (0#1) [c:/Users/clb20123/Documents/FO-RFSoC-4YP/2x2_files/PLEASE/PLEASE.gen/sources_1/bd/PYNQ_Design/ipshared/bf20/hdl/axi_datamover_v5_1_vh_rfs.vhd:20097]
INFO: [Synth 8-638] synthesizing module 'axi_datamover_mm2s_dre' [c:/Users/clb20123/Documents/FO-RFSoC-4YP/2x2_files/PLEASE/PLEASE.gen/sources_1/bd/PYNQ_Design/ipshared/bf20/hdl/axi_datamover_v5_1_vh_rfs.vhd:30298]
INFO: [Synth 8-226] default block is never used [c:/Users/clb20123/Documents/FO-RFSoC-4YP/2x2_files/PLEASE/PLEASE.gen/sources_1/bd/PYNQ_Design/ipshared/bf20/hdl/axi_datamover_v5_1_vh_rfs.vhd:35534]
INFO: [Synth 8-638] synthesizing module 'axi_datamover_dre_mux2_1_x_n' [c:/Users/clb20123/Documents/FO-RFSoC-4YP/2x2_files/PLEASE/PLEASE.gen/sources_1/bd/PYNQ_Design/ipshared/bf20/hdl/axi_datamover_v5_1_vh_rfs.vhd:29803]
INFO: [Synth 8-226] default block is never used [c:/Users/clb20123/Documents/FO-RFSoC-4YP/2x2_files/PLEASE/PLEASE.gen/sources_1/bd/PYNQ_Design/ipshared/bf20/hdl/axi_datamover_v5_1_vh_rfs.vhd:29819]
INFO: [Synth 8-256] done synthesizing module 'axi_datamover_dre_mux2_1_x_n' (0#1) [c:/Users/clb20123/Documents/FO-RFSoC-4YP/2x2_files/PLEASE/PLEASE.gen/sources_1/bd/PYNQ_Design/ipshared/bf20/hdl/axi_datamover_v5_1_vh_rfs.vhd:29803]
INFO: [Synth 8-638] synthesizing module 'axi_datamover_dre_mux4_1_x_n' [c:/Users/clb20123/Documents/FO-RFSoC-4YP/2x2_files/PLEASE/PLEASE.gen/sources_1/bd/PYNQ_Design/ipshared/bf20/hdl/axi_datamover_v5_1_vh_rfs.vhd:29944]
INFO: [Synth 8-226] default block is never used [c:/Users/clb20123/Documents/FO-RFSoC-4YP/2x2_files/PLEASE/PLEASE.gen/sources_1/bd/PYNQ_Design/ipshared/bf20/hdl/axi_datamover_v5_1_vh_rfs.vhd:29960]
INFO: [Synth 8-256] done synthesizing module 'axi_datamover_dre_mux4_1_x_n' (0#1) [c:/Users/clb20123/Documents/FO-RFSoC-4YP/2x2_files/PLEASE/PLEASE.gen/sources_1/bd/PYNQ_Design/ipshared/bf20/hdl/axi_datamover_v5_1_vh_rfs.vhd:29944]
INFO: [Synth 8-226] default block is never used [c:/Users/clb20123/Documents/FO-RFSoC-4YP/2x2_files/PLEASE/PLEASE.gen/sources_1/bd/PYNQ_Design/ipshared/bf20/hdl/axi_datamover_v5_1_vh_rfs.vhd:35763]
INFO: [Synth 8-226] default block is never used [c:/Users/clb20123/Documents/FO-RFSoC-4YP/2x2_files/PLEASE/PLEASE.gen/sources_1/bd/PYNQ_Design/ipshared/bf20/hdl/axi_datamover_v5_1_vh_rfs.vhd:35810]
INFO: [Synth 8-226] default block is never used [c:/Users/clb20123/Documents/FO-RFSoC-4YP/2x2_files/PLEASE/PLEASE.gen/sources_1/bd/PYNQ_Design/ipshared/bf20/hdl/axi_datamover_v5_1_vh_rfs.vhd:35857]
INFO: [Synth 8-256] done synthesizing module 'axi_datamover_mm2s_dre' (0#1) [c:/Users/clb20123/Documents/FO-RFSoC-4YP/2x2_files/PLEASE/PLEASE.gen/sources_1/bd/PYNQ_Design/ipshared/bf20/hdl/axi_datamover_v5_1_vh_rfs.vhd:30298]
INFO: [Synth 8-638] synthesizing module 'axi_datamover_skid_buf__parameterized1' [c:/Users/clb20123/Documents/FO-RFSoC-4YP/2x2_files/PLEASE/PLEASE.gen/sources_1/bd/PYNQ_Design/ipshared/bf20/hdl/axi_datamover_v5_1_vh_rfs.vhd:19395]
INFO: [Synth 8-256] done synthesizing module 'axi_datamover_skid_buf__parameterized1' (0#1) [c:/Users/clb20123/Documents/FO-RFSoC-4YP/2x2_files/PLEASE/PLEASE.gen/sources_1/bd/PYNQ_Design/ipshared/bf20/hdl/axi_datamover_v5_1_vh_rfs.vhd:19395]
INFO: [Synth 8-256] done synthesizing module 'axi_datamover_mm2s_full_wrap' (0#1) [c:/Users/clb20123/Documents/FO-RFSoC-4YP/2x2_files/PLEASE/PLEASE.gen/sources_1/bd/PYNQ_Design/ipshared/bf20/hdl/axi_datamover_v5_1_vh_rfs.vhd:53340]
INFO: [Synth 8-638] synthesizing module 'axi_datamover_s2mm_omit_wrap' [c:/Users/clb20123/Documents/FO-RFSoC-4YP/2x2_files/PLEASE/PLEASE.gen/sources_1/bd/PYNQ_Design/ipshared/bf20/hdl/axi_datamover_v5_1_vh_rfs.vhd:49396]
INFO: [Synth 8-256] done synthesizing module 'axi_datamover_s2mm_omit_wrap' (0#1) [c:/Users/clb20123/Documents/FO-RFSoC-4YP/2x2_files/PLEASE/PLEASE.gen/sources_1/bd/PYNQ_Design/ipshared/bf20/hdl/axi_datamover_v5_1_vh_rfs.vhd:49396]
INFO: [Synth 8-256] done synthesizing module 'axi_datamover__parameterized0' (0#1) [c:/Users/clb20123/Documents/FO-RFSoC-4YP/2x2_files/PLEASE/PLEASE.gen/sources_1/bd/PYNQ_Design/ipshared/bf20/hdl/axi_datamover_v5_1_vh_rfs.vhd:55201]
INFO: [Synth 8-256] done synthesizing module 'axi_dma__parameterized1' (0#1) [c:/Users/clb20123/Documents/FO-RFSoC-4YP/2x2_files/PLEASE/PLEASE.gen/sources_1/bd/PYNQ_Design/ipshared/8830/hdl/axi_dma_v7_1_vh_rfs.vhd:22149]
INFO: [Synth 8-256] done synthesizing module 'PYNQ_Design_axi_dma_1' (0#1) [c:/Users/clb20123/Documents/FO-RFSoC-4YP/2x2_files/PLEASE/PLEASE.gen/sources_1/bd/PYNQ_Design/ip/PYNQ_Design_axi_dma_1/synth/PYNQ_Design_axi_dma_1.vhd:104]
INFO: [Synth 8-3491] module 'PYNQ_Design_axi_smc_1_0' declared at 'c:/Users/clb20123/Documents/FO-RFSoC-4YP/2x2_files/PLEASE/PLEASE.gen/sources_1/bd/PYNQ_Design/ip/PYNQ_Design_axi_smc_1_0/synth/PYNQ_Design_axi_smc_1_0.v:53' bound to instance 'axi_smc_1' of component 'PYNQ_Design_axi_smc_1_0' [c:/Users/clb20123/Documents/FO-RFSoC-4YP/2x2_files/PLEASE/PLEASE.gen/sources_1/bd/PYNQ_Design/synth/PYNQ_Design.vhd:841]
INFO: [Synth 8-6157] synthesizing module 'PYNQ_Design_axi_smc_1_0' [c:/Users/clb20123/Documents/FO-RFSoC-4YP/2x2_files/PLEASE/PLEASE.gen/sources_1/bd/PYNQ_Design/ip/PYNQ_Design_axi_smc_1_0/synth/PYNQ_Design_axi_smc_1_0.v:53]
INFO: [Synth 8-6157] synthesizing module 'bd_81af' [c:/Users/clb20123/Documents/FO-RFSoC-4YP/2x2_files/PLEASE/PLEASE.gen/sources_1/bd/PYNQ_Design/ip/PYNQ_Design_axi_smc_1_0/bd_0/synth/bd_81af.v:10]
INFO: [Synth 8-6157] synthesizing module 'clk_map_imp_1R6F0UW' [c:/Users/clb20123/Documents/FO-RFSoC-4YP/2x2_files/PLEASE/PLEASE.gen/sources_1/bd/PYNQ_Design/ip/PYNQ_Design_axi_smc_1_0/bd_0/synth/bd_81af.v:368]
INFO: [Synth 8-6157] synthesizing module 'bd_81af_one_0' [c:/Users/clb20123/Documents/FO-RFSoC-4YP/2x2_files/PLEASE/PLEASE.gen/sources_1/bd/PYNQ_Design/ip/PYNQ_Design_axi_smc_1_0/bd_0/ip/ip_0/synth/bd_81af_one_0.v:53]
INFO: [Synth 8-6155] done synthesizing module 'bd_81af_one_0' (0#1) [c:/Users/clb20123/Documents/FO-RFSoC-4YP/2x2_files/PLEASE/PLEASE.gen/sources_1/bd/PYNQ_Design/ip/PYNQ_Design_axi_smc_1_0/bd_0/ip/ip_0/synth/bd_81af_one_0.v:53]
INFO: [Synth 8-638] synthesizing module 'bd_81af_psr_aclk_0' [c:/Users/clb20123/Documents/FO-RFSoC-4YP/2x2_files/PLEASE/PLEASE.gen/sources_1/bd/PYNQ_Design/ip/PYNQ_Design_axi_smc_1_0/bd_0/ip/ip_1/synth/bd_81af_psr_aclk_0.vhd:74]
	Parameter C_FAMILY bound to: zynquplus - type: string 
	Parameter C_EXT_RST_WIDTH bound to: 4 - type: integer 
	Parameter C_AUX_RST_WIDTH bound to: 1 - type: integer 
	Parameter C_EXT_RESET_HIGH bound to: 1'b0 
	Parameter C_AUX_RESET_HIGH bound to: 1'b0 
	Parameter C_NUM_BUS_RST bound to: 1 - type: integer 
	Parameter C_NUM_PERP_RST bound to: 1 - type: integer 
	Parameter C_NUM_INTERCONNECT_ARESETN bound to: 1 - type: integer 
	Parameter C_NUM_PERP_ARESETN bound to: 1 - type: integer 
INFO: [Synth 8-3491] module 'proc_sys_reset' declared at 'c:/Users/clb20123/Documents/FO-RFSoC-4YP/2x2_files/PLEASE/PLEASE.gen/sources_1/bd/PYNQ_Design/ipshared/3a26/hdl/proc_sys_reset_v5_0_vh_rfs.vhd:1271' bound to instance 'U0' of component 'proc_sys_reset' [c:/Users/clb20123/Documents/FO-RFSoC-4YP/2x2_files/PLEASE/PLEASE.gen/sources_1/bd/PYNQ_Design/ip/PYNQ_Design_axi_smc_1_0/bd_0/ip/ip_1/synth/bd_81af_psr_aclk_0.vhd:129]
INFO: [Synth 8-256] done synthesizing module 'bd_81af_psr_aclk_0' (0#1) [c:/Users/clb20123/Documents/FO-RFSoC-4YP/2x2_files/PLEASE/PLEASE.gen/sources_1/bd/PYNQ_Design/ip/PYNQ_Design_axi_smc_1_0/bd_0/ip/ip_1/synth/bd_81af_psr_aclk_0.vhd:74]
WARNING: [Synth 8-7071] port 'mb_reset' of module 'bd_81af_psr_aclk_0' is unconnected for instance 'psr_aclk' [c:/Users/clb20123/Documents/FO-RFSoC-4YP/2x2_files/PLEASE/PLEASE.gen/sources_1/bd/PYNQ_Design/ip/PYNQ_Design_axi_smc_1_0/bd_0/synth/bd_81af.v:403]
WARNING: [Synth 8-7071] port 'bus_struct_reset' of module 'bd_81af_psr_aclk_0' is unconnected for instance 'psr_aclk' [c:/Users/clb20123/Documents/FO-RFSoC-4YP/2x2_files/PLEASE/PLEASE.gen/sources_1/bd/PYNQ_Design/ip/PYNQ_Design_axi_smc_1_0/bd_0/synth/bd_81af.v:403]
WARNING: [Synth 8-7071] port 'peripheral_reset' of module 'bd_81af_psr_aclk_0' is unconnected for instance 'psr_aclk' [c:/Users/clb20123/Documents/FO-RFSoC-4YP/2x2_files/PLEASE/PLEASE.gen/sources_1/bd/PYNQ_Design/ip/PYNQ_Design_axi_smc_1_0/bd_0/synth/bd_81af.v:403]
WARNING: [Synth 8-7071] port 'peripheral_aresetn' of module 'bd_81af_psr_aclk_0' is unconnected for instance 'psr_aclk' [c:/Users/clb20123/Documents/FO-RFSoC-4YP/2x2_files/PLEASE/PLEASE.gen/sources_1/bd/PYNQ_Design/ip/PYNQ_Design_axi_smc_1_0/bd_0/synth/bd_81af.v:403]
WARNING: [Synth 8-7023] instance 'psr_aclk' of module 'bd_81af_psr_aclk_0' has 10 connections declared, but only 6 given [c:/Users/clb20123/Documents/FO-RFSoC-4YP/2x2_files/PLEASE/PLEASE.gen/sources_1/bd/PYNQ_Design/ip/PYNQ_Design_axi_smc_1_0/bd_0/synth/bd_81af.v:403]
INFO: [Synth 8-6155] done synthesizing module 'clk_map_imp_1R6F0UW' (0#1) [c:/Users/clb20123/Documents/FO-RFSoC-4YP/2x2_files/PLEASE/PLEASE.gen/sources_1/bd/PYNQ_Design/ip/PYNQ_Design_axi_smc_1_0/bd_0/synth/bd_81af.v:368]
INFO: [Synth 8-6157] synthesizing module 'm00_exit_pipeline_imp_7IV6BN' [c:/Users/clb20123/Documents/FO-RFSoC-4YP/2x2_files/PLEASE/PLEASE.gen/sources_1/bd/PYNQ_Design/ip/PYNQ_Design_axi_smc_1_0/bd_0/synth/bd_81af.v:412]
INFO: [Synth 8-6157] synthesizing module 'bd_81af_m00e_0' [c:/Users/clb20123/Documents/FO-RFSoC-4YP/2x2_files/PLEASE/PLEASE.gen/sources_1/bd/PYNQ_Design/ip/PYNQ_Design_axi_smc_1_0/bd_0/ip/ip_9/synth/bd_81af_m00e_0.sv:53]
INFO: [Synth 8-6155] done synthesizing module 'bd_81af_m00e_0' (0#1) [c:/Users/clb20123/Documents/FO-RFSoC-4YP/2x2_files/PLEASE/PLEASE.gen/sources_1/bd/PYNQ_Design/ip/PYNQ_Design_axi_smc_1_0/bd_0/ip/ip_9/synth/bd_81af_m00e_0.sv:53]
INFO: [Synth 8-6155] done synthesizing module 'm00_exit_pipeline_imp_7IV6BN' (0#1) [c:/Users/clb20123/Documents/FO-RFSoC-4YP/2x2_files/PLEASE/PLEASE.gen/sources_1/bd/PYNQ_Design/ip/PYNQ_Design_axi_smc_1_0/bd_0/synth/bd_81af.v:412]
INFO: [Synth 8-6157] synthesizing module 'bd_81af_m00s2a_0' [c:/Users/clb20123/Documents/FO-RFSoC-4YP/2x2_files/PLEASE/PLEASE.gen/sources_1/bd/PYNQ_Design/ip/PYNQ_Design_axi_smc_1_0/bd_0/ip/ip_8/synth/bd_81af_m00s2a_0.sv:53]
INFO: [Synth 8-6155] done synthesizing module 'bd_81af_m00s2a_0' (0#1) [c:/Users/clb20123/Documents/FO-RFSoC-4YP/2x2_files/PLEASE/PLEASE.gen/sources_1/bd/PYNQ_Design/ip/PYNQ_Design_axi_smc_1_0/bd_0/ip/ip_8/synth/bd_81af_m00s2a_0.sv:53]
INFO: [Synth 8-6157] synthesizing module 'bd_81af_s00a2s_0' [c:/Users/clb20123/Documents/FO-RFSoC-4YP/2x2_files/PLEASE/PLEASE.gen/sources_1/bd/PYNQ_Design/ip/PYNQ_Design_axi_smc_1_0/bd_0/ip/ip_5/synth/bd_81af_s00a2s_0.sv:53]
INFO: [Synth 8-6155] done synthesizing module 'bd_81af_s00a2s_0' (0#1) [c:/Users/clb20123/Documents/FO-RFSoC-4YP/2x2_files/PLEASE/PLEASE.gen/sources_1/bd/PYNQ_Design/ip/PYNQ_Design_axi_smc_1_0/bd_0/ip/ip_5/synth/bd_81af_s00a2s_0.sv:53]
INFO: [Synth 8-6157] synthesizing module 's00_entry_pipeline_imp_168BHZ4' [c:/Users/clb20123/Documents/FO-RFSoC-4YP/2x2_files/PLEASE/PLEASE.gen/sources_1/bd/PYNQ_Design/ip/PYNQ_Design_axi_smc_1_0/bd_0/synth/bd_81af.v:588]
INFO: [Synth 8-6157] synthesizing module 'bd_81af_s00mmu_0' [c:/Users/clb20123/Documents/FO-RFSoC-4YP/2x2_files/PLEASE/PLEASE.gen/sources_1/bd/PYNQ_Design/ip/PYNQ_Design_axi_smc_1_0/bd_0/ip/ip_2/synth/bd_81af_s00mmu_0.sv:53]
INFO: [Synth 8-6155] done synthesizing module 'bd_81af_s00mmu_0' (0#1) [c:/Users/clb20123/Documents/FO-RFSoC-4YP/2x2_files/PLEASE/PLEASE.gen/sources_1/bd/PYNQ_Design/ip/PYNQ_Design_axi_smc_1_0/bd_0/ip/ip_2/synth/bd_81af_s00mmu_0.sv:53]
INFO: [Synth 8-6157] synthesizing module 'bd_81af_s00sic_0' [c:/Users/clb20123/Documents/FO-RFSoC-4YP/2x2_files/PLEASE/PLEASE.gen/sources_1/bd/PYNQ_Design/ip/PYNQ_Design_axi_smc_1_0/bd_0/ip/ip_4/synth/bd_81af_s00sic_0.sv:53]
INFO: [Synth 8-6155] done synthesizing module 'bd_81af_s00sic_0' (0#1) [c:/Users/clb20123/Documents/FO-RFSoC-4YP/2x2_files/PLEASE/PLEASE.gen/sources_1/bd/PYNQ_Design/ip/PYNQ_Design_axi_smc_1_0/bd_0/ip/ip_4/synth/bd_81af_s00sic_0.sv:53]
INFO: [Synth 8-6157] synthesizing module 'bd_81af_s00tr_0' [c:/Users/clb20123/Documents/FO-RFSoC-4YP/2x2_files/PLEASE/PLEASE.gen/sources_1/bd/PYNQ_Design/ip/PYNQ_Design_axi_smc_1_0/bd_0/ip/ip_3/synth/bd_81af_s00tr_0.sv:53]
INFO: [Synth 8-6155] done synthesizing module 'bd_81af_s00tr_0' (0#1) [c:/Users/clb20123/Documents/FO-RFSoC-4YP/2x2_files/PLEASE/PLEASE.gen/sources_1/bd/PYNQ_Design/ip/PYNQ_Design_axi_smc_1_0/bd_0/ip/ip_3/synth/bd_81af_s00tr_0.sv:53]
WARNING: [Synth 8-7071] port 'm_axi_arburst' of module 'bd_81af_s00tr_0' is unconnected for instance 's00_transaction_regulator' [c:/Users/clb20123/Documents/FO-RFSoC-4YP/2x2_files/PLEASE/PLEASE.gen/sources_1/bd/PYNQ_Design/ip/PYNQ_Design_axi_smc_1_0/bd_0/synth/bd_81af.v:835]
WARNING: [Synth 8-7023] instance 's00_transaction_regulator' of module 'bd_81af_s00tr_0' has 38 connections declared, but only 37 given [c:/Users/clb20123/Documents/FO-RFSoC-4YP/2x2_files/PLEASE/PLEASE.gen/sources_1/bd/PYNQ_Design/ip/PYNQ_Design_axi_smc_1_0/bd_0/synth/bd_81af.v:835]
INFO: [Synth 8-6155] done synthesizing module 's00_entry_pipeline_imp_168BHZ4' (0#1) [c:/Users/clb20123/Documents/FO-RFSoC-4YP/2x2_files/PLEASE/PLEASE.gen/sources_1/bd/PYNQ_Design/ip/PYNQ_Design_axi_smc_1_0/bd_0/synth/bd_81af.v:588]
INFO: [Synth 8-6157] synthesizing module 's00_nodes_imp_139X9EI' [c:/Users/clb20123/Documents/FO-RFSoC-4YP/2x2_files/PLEASE/PLEASE.gen/sources_1/bd/PYNQ_Design/ip/PYNQ_Design_axi_smc_1_0/bd_0/synth/bd_81af.v:875]
INFO: [Synth 8-6157] synthesizing module 'bd_81af_sarn_0' [c:/Users/clb20123/Documents/FO-RFSoC-4YP/2x2_files/PLEASE/PLEASE.gen/sources_1/bd/PYNQ_Design/ip/PYNQ_Design_axi_smc_1_0/bd_0/ip/ip_6/synth/bd_81af_sarn_0.sv:53]
INFO: [Synth 8-6157] synthesizing module 'xpm_memory_sdpram__parameterized2' [D:/Xilinx/Vivado/2024.1/data/ip/xpm/xpm_memory/hdl/xpm_memory.sv:8556]
INFO: [Synth 8-6157] synthesizing module 'xpm_memory_base__parameterized6' [D:/Xilinx/Vivado/2024.1/data/ip/xpm/xpm_memory/hdl/xpm_memory.sv:54]
INFO: [Synth 8-6155] done synthesizing module 'xpm_memory_base__parameterized6' (0#1) [D:/Xilinx/Vivado/2024.1/data/ip/xpm/xpm_memory/hdl/xpm_memory.sv:54]
INFO: [Synth 8-6155] done synthesizing module 'xpm_memory_sdpram__parameterized2' (0#1) [D:/Xilinx/Vivado/2024.1/data/ip/xpm/xpm_memory/hdl/xpm_memory.sv:8556]
INFO: [Synth 8-6155] done synthesizing module 'bd_81af_sarn_0' (0#1) [c:/Users/clb20123/Documents/FO-RFSoC-4YP/2x2_files/PLEASE/PLEASE.gen/sources_1/bd/PYNQ_Design/ip/PYNQ_Design_axi_smc_1_0/bd_0/ip/ip_6/synth/bd_81af_sarn_0.sv:53]
INFO: [Synth 8-6157] synthesizing module 'bd_81af_srn_0' [c:/Users/clb20123/Documents/FO-RFSoC-4YP/2x2_files/PLEASE/PLEASE.gen/sources_1/bd/PYNQ_Design/ip/PYNQ_Design_axi_smc_1_0/bd_0/ip/ip_7/synth/bd_81af_srn_0.sv:53]
INFO: [Synth 8-6157] synthesizing module 'xpm_memory_sdpram__parameterized3' [D:/Xilinx/Vivado/2024.1/data/ip/xpm/xpm_memory/hdl/xpm_memory.sv:8556]
INFO: [Synth 8-6157] synthesizing module 'xpm_memory_base__parameterized7' [D:/Xilinx/Vivado/2024.1/data/ip/xpm/xpm_memory/hdl/xpm_memory.sv:54]
INFO: [Synth 8-6155] done synthesizing module 'xpm_memory_base__parameterized7' (0#1) [D:/Xilinx/Vivado/2024.1/data/ip/xpm/xpm_memory/hdl/xpm_memory.sv:54]
INFO: [Synth 8-6155] done synthesizing module 'xpm_memory_sdpram__parameterized3' (0#1) [D:/Xilinx/Vivado/2024.1/data/ip/xpm/xpm_memory/hdl/xpm_memory.sv:8556]
INFO: [Synth 8-6155] done synthesizing module 'bd_81af_srn_0' (0#1) [c:/Users/clb20123/Documents/FO-RFSoC-4YP/2x2_files/PLEASE/PLEASE.gen/sources_1/bd/PYNQ_Design/ip/PYNQ_Design_axi_smc_1_0/bd_0/ip/ip_7/synth/bd_81af_srn_0.sv:53]
INFO: [Synth 8-6155] done synthesizing module 's00_nodes_imp_139X9EI' (0#1) [c:/Users/clb20123/Documents/FO-RFSoC-4YP/2x2_files/PLEASE/PLEASE.gen/sources_1/bd/PYNQ_Design/ip/PYNQ_Design_axi_smc_1_0/bd_0/synth/bd_81af.v:875]
INFO: [Synth 8-6155] done synthesizing module 'bd_81af' (0#1) [c:/Users/clb20123/Documents/FO-RFSoC-4YP/2x2_files/PLEASE/PLEASE.gen/sources_1/bd/PYNQ_Design/ip/PYNQ_Design_axi_smc_1_0/bd_0/synth/bd_81af.v:10]
INFO: [Synth 8-6155] done synthesizing module 'PYNQ_Design_axi_smc_1_0' (0#1) [c:/Users/clb20123/Documents/FO-RFSoC-4YP/2x2_files/PLEASE/PLEASE.gen/sources_1/bd/PYNQ_Design/ip/PYNQ_Design_axi_smc_1_0/synth/PYNQ_Design_axi_smc_1_0.v:53]
INFO: [Synth 8-3491] module 'PYNQ_Design_proc_sys_reset_1_0' declared at 'c:/Users/clb20123/Documents/FO-RFSoC-4YP/2x2_files/PLEASE/PLEASE.gen/sources_1/bd/PYNQ_Design/ip/PYNQ_Design_proc_sys_reset_1_0/synth/PYNQ_Design_proc_sys_reset_1_0.vhd:59' bound to instance 'proc_sys_reset_1' of component 'PYNQ_Design_proc_sys_reset_1_0' [c:/Users/clb20123/Documents/FO-RFSoC-4YP/2x2_files/PLEASE/PLEASE.gen/sources_1/bd/PYNQ_Design/synth/PYNQ_Design.vhd:876]
INFO: [Synth 8-638] synthesizing module 'PYNQ_Design_proc_sys_reset_1_0' [c:/Users/clb20123/Documents/FO-RFSoC-4YP/2x2_files/PLEASE/PLEASE.gen/sources_1/bd/PYNQ_Design/ip/PYNQ_Design_proc_sys_reset_1_0/synth/PYNQ_Design_proc_sys_reset_1_0.vhd:74]
	Parameter C_FAMILY bound to: zynquplus - type: string 
	Parameter C_EXT_RST_WIDTH bound to: 4 - type: integer 
	Parameter C_AUX_RST_WIDTH bound to: 4 - type: integer 
	Parameter C_EXT_RESET_HIGH bound to: 1'b0 
	Parameter C_AUX_RESET_HIGH bound to: 1'b0 
	Parameter C_NUM_BUS_RST bound to: 1 - type: integer 
	Parameter C_NUM_PERP_RST bound to: 1 - type: integer 
	Parameter C_NUM_INTERCONNECT_ARESETN bound to: 1 - type: integer 
	Parameter C_NUM_PERP_ARESETN bound to: 1 - type: integer 
INFO: [Synth 8-3491] module 'proc_sys_reset' declared at 'c:/Users/clb20123/Documents/FO-RFSoC-4YP/2x2_files/PLEASE/PLEASE.gen/sources_1/bd/PYNQ_Design/ipshared/3a26/hdl/proc_sys_reset_v5_0_vh_rfs.vhd:1271' bound to instance 'U0' of component 'proc_sys_reset' [c:/Users/clb20123/Documents/FO-RFSoC-4YP/2x2_files/PLEASE/PLEASE.gen/sources_1/bd/PYNQ_Design/ip/PYNQ_Design_proc_sys_reset_1_0/synth/PYNQ_Design_proc_sys_reset_1_0.vhd:129]
INFO: [Synth 8-256] done synthesizing module 'PYNQ_Design_proc_sys_reset_1_0' (0#1) [c:/Users/clb20123/Documents/FO-RFSoC-4YP/2x2_files/PLEASE/PLEASE.gen/sources_1/bd/PYNQ_Design/ip/PYNQ_Design_proc_sys_reset_1_0/synth/PYNQ_Design_proc_sys_reset_1_0.vhd:74]
INFO: [Synth 8-3491] module 'PYNQ_Design_system_ila_0_0' declared at 'c:/Users/clb20123/Documents/FO-RFSoC-4YP/2x2_files/PLEASE/PLEASE.gen/sources_1/bd/PYNQ_Design/ip/PYNQ_Design_system_ila_0_0/synth/PYNQ_Design_system_ila_0_0.vhd:56' bound to instance 'system_ila_0' of component 'PYNQ_Design_system_ila_0_0' [c:/Users/clb20123/Documents/FO-RFSoC-4YP/2x2_files/PLEASE/PLEASE.gen/sources_1/bd/PYNQ_Design/synth/PYNQ_Design.vhd:889]
INFO: [Synth 8-638] synthesizing module 'PYNQ_Design_system_ila_0_0' [c:/Users/clb20123/Documents/FO-RFSoC-4YP/2x2_files/PLEASE/PLEASE.gen/sources_1/bd/PYNQ_Design/ip/PYNQ_Design_system_ila_0_0/synth/PYNQ_Design_system_ila_0_0.vhd:72]
INFO: [Synth 8-3491] module 'bd_5ea3' declared at 'c:/Users/clb20123/Documents/FO-RFSoC-4YP/2x2_files/PLEASE/PLEASE.gen/sources_1/bd/PYNQ_Design/ip/PYNQ_Design_system_ila_0_0/bd_0/synth/bd_5ea3.vhd:12' bound to instance 'U0' of component 'bd_5ea3' [c:/Users/clb20123/Documents/FO-RFSoC-4YP/2x2_files/PLEASE/PLEASE.gen/sources_1/bd/PYNQ_Design/ip/PYNQ_Design_system_ila_0_0/synth/PYNQ_Design_system_ila_0_0.vhd:274]
INFO: [Synth 8-638] synthesizing module 'bd_5ea3' [c:/Users/clb20123/Documents/FO-RFSoC-4YP/2x2_files/PLEASE/PLEASE.gen/sources_1/bd/PYNQ_Design/ip/PYNQ_Design_system_ila_0_0/bd_0/synth/bd_5ea3.vhd:32]
INFO: [Synth 8-3491] module 'bd_5ea3_g_inst_0' declared at 'c:/Users/clb20123/Documents/FO-RFSoC-4YP/2x2_files/PLEASE/PLEASE.gen/sources_1/bd/PYNQ_Design/ip/PYNQ_Design_system_ila_0_0/bd_0/ip/ip_1/synth/bd_5ea3_g_inst_0.v:53' bound to instance 'g_inst' of component 'bd_5ea3_g_inst_0' [c:/Users/clb20123/Documents/FO-RFSoC-4YP/2x2_files/PLEASE/PLEASE.gen/sources_1/bd/PYNQ_Design/ip/PYNQ_Design_system_ila_0_0/bd_0/synth/bd_5ea3.vhd:120]
INFO: [Synth 8-6157] synthesizing module 'bd_5ea3_g_inst_0' [c:/Users/clb20123/Documents/FO-RFSoC-4YP/2x2_files/PLEASE/PLEASE.gen/sources_1/bd/PYNQ_Design/ip/PYNQ_Design_system_ila_0_0/bd_0/ip/ip_1/synth/bd_5ea3_g_inst_0.v:53]
INFO: [Synth 8-6157] synthesizing module 'bd_5ea3_g_inst_0_gigantic_mux' [c:/Users/clb20123/Documents/FO-RFSoC-4YP/2x2_files/PLEASE/PLEASE.gen/sources_1/bd/PYNQ_Design/ip/PYNQ_Design_system_ila_0_0/bd_0/ip/ip_1/bd_5ea3_g_inst_0_gigantic_mux.v:63]
INFO: [Synth 8-6155] done synthesizing module 'bd_5ea3_g_inst_0_gigantic_mux' (0#1) [c:/Users/clb20123/Documents/FO-RFSoC-4YP/2x2_files/PLEASE/PLEASE.gen/sources_1/bd/PYNQ_Design/ip/PYNQ_Design_system_ila_0_0/bd_0/ip/ip_1/bd_5ea3_g_inst_0_gigantic_mux.v:63]
INFO: [Synth 8-6155] done synthesizing module 'bd_5ea3_g_inst_0' (0#1) [c:/Users/clb20123/Documents/FO-RFSoC-4YP/2x2_files/PLEASE/PLEASE.gen/sources_1/bd/PYNQ_Design/ip/PYNQ_Design_system_ila_0_0/bd_0/ip/ip_1/synth/bd_5ea3_g_inst_0.v:53]
INFO: [Synth 8-3491] module 'bd_5ea3_ila_lib_0' declared at 'c:/Users/clb20123/Documents/FO-RFSoC-4YP/2x2_files/PLEASE/PLEASE.gen/sources_1/bd/PYNQ_Design/ip/PYNQ_Design_system_ila_0_0/bd_0/ip/ip_0/synth/bd_5ea3_ila_lib_0.vhd:53' bound to instance 'ila_lib' of component 'bd_5ea3_ila_lib_0' [c:/Users/clb20123/Documents/FO-RFSoC-4YP/2x2_files/PLEASE/PLEASE.gen/sources_1/bd/PYNQ_Design/ip/PYNQ_Design_system_ila_0_0/bd_0/synth/bd_5ea3.vhd:143]
INFO: [Synth 8-638] synthesizing module 'bd_5ea3_ila_lib_0' [c:/Users/clb20123/Documents/FO-RFSoC-4YP/2x2_files/PLEASE/PLEASE.gen/sources_1/bd/PYNQ_Design/ip/PYNQ_Design_system_ila_0_0/bd_0/ip/ip_0/synth/bd_5ea3_ila_lib_0.vhd:70]
	Parameter C_XLNX_HW_PROBE_INFO bound to: DEFAULT - type: string 
	Parameter C_XDEVICEFAMILY bound to: virtexu - type: string 
	Parameter C_CORE_TYPE bound to: 1 - type: integer 
	Parameter C_CORE_INFO1 bound to: 0 - type: integer 
	Parameter C_CORE_INFO2 bound to: 0 - type: integer 
	Parameter C_CAPTURE_TYPE bound to: 0 - type: integer 
	Parameter C_MU_TYPE bound to: 0 - type: integer 
	Parameter C_TC_TYPE bound to: 0 - type: integer 
	Parameter C_NUM_OF_PROBES bound to: 9 - type: integer 
	Parameter C_DATA_DEPTH bound to: 1024 - type: integer 
	Parameter C_MAJOR_VERSION bound to: 2024 - type: integer 
	Parameter C_MINOR_VERSION bound to: 1 - type: integer 
	Parameter C_BUILD_REVISION bound to: 0 - type: integer 
	Parameter C_CORE_MAJOR_VER bound to: 6 - type: integer 
	Parameter C_CORE_MINOR_VER bound to: 2 - type: integer 
	Parameter C_XSDB_SLAVE_TYPE bound to: 17 - type: integer 
	Parameter C_NEXT_SLAVE bound to: 0 - type: integer 
	Parameter C_CSE_DRV_VER bound to: 2 - type: integer 
	Parameter C_USE_TEST_REG bound to: 1 - type: integer 
	Parameter C_PIPE_IFACE bound to: 1 - type: integer 
	Parameter C_RAM_STYLE bound to: SUBCORE - type: string 
	Parameter C_TRIGOUT_EN bound to: 0 - type: integer 
	Parameter C_TRIGIN_EN bound to: 0 - type: integer 
	Parameter C_ADV_TRIGGER bound to: 0 - type: integer 
	Parameter C_EN_DDR_ILA bound to: 0 - type: integer 
	Parameter C_EN_STRG_QUAL bound to: 0 - type: integer 
	Parameter C_INPUT_PIPE_STAGES bound to: 0 - type: integer 
	Parameter C_EN_TIME_TAG bound to: 0 - type: integer 
	Parameter C_TIME_TAG_WIDTH bound to: 32 - type: integer 
	Parameter C_ILA_CLK_FREQ bound to: 128000000 - type: integer 
	Parameter C_PROBE0_WIDTH bound to: 32 - type: integer 
	Parameter C_PROBE1_WIDTH bound to: 4 - type: integer 
	Parameter C_PROBE2_WIDTH bound to: 1 - type: integer 
	Parameter C_PROBE3_WIDTH bound to: 1 - type: integer 
	Parameter C_PROBE4_WIDTH bound to: 1 - type: integer 
	Parameter C_PROBE5_WIDTH bound to: 16 - type: integer 
	Parameter C_PROBE6_WIDTH bound to: 1 - type: integer 
	Parameter C_PROBE7_WIDTH bound to: 1 - type: integer 
	Parameter C_PROBE8_WIDTH bound to: 1 - type: integer 
	Parameter C_PROBE9_WIDTH bound to: 1 - type: integer 
	Parameter C_PROBE10_WIDTH bound to: 1 - type: integer 
	Parameter C_PROBE11_WIDTH bound to: 1 - type: integer 
	Parameter C_PROBE12_WIDTH bound to: 1 - type: integer 
	Parameter C_PROBE13_WIDTH bound to: 1 - type: integer 
	Parameter C_PROBE14_WIDTH bound to: 1 - type: integer 
	Parameter C_PROBE15_WIDTH bound to: 1 - type: integer 
	Parameter C_PROBE16_WIDTH bound to: 1 - type: integer 
	Parameter C_PROBE17_WIDTH bound to: 1 - type: integer 
	Parameter C_PROBE18_WIDTH bound to: 1 - type: integer 
	Parameter C_PROBE19_WIDTH bound to: 1 - type: integer 
	Parameter C_PROBE20_WIDTH bound to: 1 - type: integer 
	Parameter C_PROBE21_WIDTH bound to: 1 - type: integer 
	Parameter C_PROBE22_WIDTH bound to: 1 - type: integer 
	Parameter C_PROBE23_WIDTH bound to: 1 - type: integer 
	Parameter C_PROBE24_WIDTH bound to: 1 - type: integer 
	Parameter C_PROBE25_WIDTH bound to: 1 - type: integer 
	Parameter C_PROBE26_WIDTH bound to: 1 - type: integer 
	Parameter C_PROBE27_WIDTH bound to: 1 - type: integer 
	Parameter C_PROBE28_WIDTH bound to: 1 - type: integer 
	Parameter C_PROBE29_WIDTH bound to: 1 - type: integer 
	Parameter C_PROBE30_WIDTH bound to: 1 - type: integer 
	Parameter C_PROBE31_WIDTH bound to: 1 - type: integer 
	Parameter C_PROBE32_WIDTH bound to: 1 - type: integer 
	Parameter C_PROBE33_WIDTH bound to: 1 - type: integer 
	Parameter C_PROBE34_WIDTH bound to: 1 - type: integer 
	Parameter C_PROBE35_WIDTH bound to: 1 - type: integer 
	Parameter C_PROBE36_WIDTH bound to: 1 - type: integer 
	Parameter C_PROBE37_WIDTH bound to: 1 - type: integer 
	Parameter C_PROBE38_WIDTH bound to: 1 - type: integer 
	Parameter C_PROBE39_WIDTH bound to: 1 - type: integer 
	Parameter C_PROBE40_WIDTH bound to: 1 - type: integer 
	Parameter C_PROBE41_WIDTH bound to: 1 - type: integer 
	Parameter C_PROBE42_WIDTH bound to: 1 - type: integer 
	Parameter C_PROBE43_WIDTH bound to: 1 - type: integer 
	Parameter C_PROBE44_WIDTH bound to: 1 - type: integer 
	Parameter C_PROBE45_WIDTH bound to: 1 - type: integer 
	Parameter C_PROBE46_WIDTH bound to: 1 - type: integer 
	Parameter C_PROBE47_WIDTH bound to: 1 - type: integer 
	Parameter C_PROBE48_WIDTH bound to: 1 - type: integer 
	Parameter C_PROBE49_WIDTH bound to: 1 - type: integer 
	Parameter C_PROBE50_WIDTH bound to: 1 - type: integer 
	Parameter C_PROBE51_WIDTH bound to: 1 - type: integer 
	Parameter C_PROBE52_WIDTH bound to: 1 - type: integer 
	Parameter C_PROBE53_WIDTH bound to: 1 - type: integer 
	Parameter C_PROBE54_WIDTH bound to: 1 - type: integer 
	Parameter C_PROBE55_WIDTH bound to: 1 - type: integer 
	Parameter C_PROBE56_WIDTH bound to: 1 - type: integer 
	Parameter C_PROBE57_WIDTH bound to: 1 - type: integer 
	Parameter C_PROBE58_WIDTH bound to: 1 - type: integer 
	Parameter C_PROBE59_WIDTH bound to: 1 - type: integer 
	Parameter C_PROBE60_WIDTH bound to: 1 - type: integer 
	Parameter C_PROBE61_WIDTH bound to: 1 - type: integer 
	Parameter C_PROBE62_WIDTH bound to: 1 - type: integer 
	Parameter C_PROBE63_WIDTH bound to: 1 - type: integer 
	Parameter C_PROBE64_WIDTH bound to: 1 - type: integer 
	Parameter C_PROBE65_WIDTH bound to: 1 - type: integer 
	Parameter C_PROBE66_WIDTH bound to: 1 - type: integer 
	Parameter C_PROBE67_WIDTH bound to: 1 - type: integer 
	Parameter C_PROBE68_WIDTH bound to: 1 - type: integer 
	Parameter C_PROBE69_WIDTH bound to: 1 - type: integer 
	Parameter C_PROBE70_WIDTH bound to: 1 - type: integer 
	Parameter C_PROBE71_WIDTH bound to: 1 - type: integer 
	Parameter C_PROBE72_WIDTH bound to: 1 - type: integer 
	Parameter C_PROBE73_WIDTH bound to: 1 - type: integer 
	Parameter C_PROBE74_WIDTH bound to: 1 - type: integer 
	Parameter C_PROBE75_WIDTH bound to: 1 - type: integer 
	Parameter C_PROBE76_WIDTH bound to: 1 - type: integer 
	Parameter C_PROBE77_WIDTH bound to: 1 - type: integer 
	Parameter C_PROBE78_WIDTH bound to: 1 - type: integer 
	Parameter C_PROBE79_WIDTH bound to: 1 - type: integer 
	Parameter C_PROBE80_WIDTH bound to: 1 - type: integer 
	Parameter C_PROBE81_WIDTH bound to: 1 - type: integer 
	Parameter C_PROBE82_WIDTH bound to: 1 - type: integer 
	Parameter C_PROBE83_WIDTH bound to: 1 - type: integer 
	Parameter C_PROBE84_WIDTH bound to: 1 - type: integer 
	Parameter C_PROBE85_WIDTH bound to: 1 - type: integer 
	Parameter C_PROBE86_WIDTH bound to: 1 - type: integer 
	Parameter C_PROBE87_WIDTH bound to: 1 - type: integer 
	Parameter C_PROBE88_WIDTH bound to: 1 - type: integer 
	Parameter C_PROBE89_WIDTH bound to: 1 - type: integer 
	Parameter C_PROBE90_WIDTH bound to: 1 - type: integer 
	Parameter C_PROBE91_WIDTH bound to: 1 - type: integer 
	Parameter C_PROBE92_WIDTH bound to: 1 - type: integer 
	Parameter C_PROBE93_WIDTH bound to: 1 - type: integer 
	Parameter C_PROBE94_WIDTH bound to: 1 - type: integer 
	Parameter C_PROBE95_WIDTH bound to: 1 - type: integer 
	Parameter C_PROBE96_WIDTH bound to: 1 - type: integer 
	Parameter C_PROBE97_WIDTH bound to: 1 - type: integer 
	Parameter C_PROBE98_WIDTH bound to: 1 - type: integer 
	Parameter C_PROBE99_WIDTH bound to: 1 - type: integer 
	Parameter C_PROBE100_WIDTH bound to: 1 - type: integer 
	Parameter C_PROBE101_WIDTH bound to: 1 - type: integer 
	Parameter C_PROBE102_WIDTH bound to: 1 - type: integer 
	Parameter C_PROBE103_WIDTH bound to: 1 - type: integer 
	Parameter C_PROBE104_WIDTH bound to: 1 - type: integer 
	Parameter C_PROBE105_WIDTH bound to: 1 - type: integer 
	Parameter C_PROBE106_WIDTH bound to: 1 - type: integer 
	Parameter C_PROBE107_WIDTH bound to: 1 - type: integer 
	Parameter C_PROBE108_WIDTH bound to: 1 - type: integer 
	Parameter C_PROBE109_WIDTH bound to: 1 - type: integer 
	Parameter C_PROBE110_WIDTH bound to: 1 - type: integer 
	Parameter C_PROBE111_WIDTH bound to: 1 - type: integer 
	Parameter C_PROBE112_WIDTH bound to: 1 - type: integer 
	Parameter C_PROBE113_WIDTH bound to: 1 - type: integer 
	Parameter C_PROBE114_WIDTH bound to: 1 - type: integer 
	Parameter C_PROBE115_WIDTH bound to: 1 - type: integer 
	Parameter C_PROBE116_WIDTH bound to: 1 - type: integer 
	Parameter C_PROBE117_WIDTH bound to: 1 - type: integer 
	Parameter C_PROBE118_WIDTH bound to: 1 - type: integer 
	Parameter C_PROBE119_WIDTH bound to: 1 - type: integer 
	Parameter C_PROBE120_WIDTH bound to: 1 - type: integer 
	Parameter C_PROBE121_WIDTH bound to: 1 - type: integer 
	Parameter C_PROBE122_WIDTH bound to: 1 - type: integer 
	Parameter C_PROBE123_WIDTH bound to: 1 - type: integer 
	Parameter C_PROBE124_WIDTH bound to: 1 - type: integer 
	Parameter C_PROBE125_WIDTH bound to: 1 - type: integer 
	Parameter C_PROBE126_WIDTH bound to: 1 - type: integer 
	Parameter C_PROBE127_WIDTH bound to: 1 - type: integer 
	Parameter C_PROBE128_WIDTH bound to: 1 - type: integer 
	Parameter C_PROBE129_WIDTH bound to: 1 - type: integer 
	Parameter C_PROBE130_WIDTH bound to: 1 - type: integer 
	Parameter C_PROBE131_WIDTH bound to: 1 - type: integer 
	Parameter C_PROBE132_WIDTH bound to: 1 - type: integer 
	Parameter C_PROBE133_WIDTH bound to: 1 - type: integer 
	Parameter C_PROBE134_WIDTH bound to: 1 - type: integer 
	Parameter C_PROBE135_WIDTH bound to: 1 - type: integer 
	Parameter C_PROBE136_WIDTH bound to: 1 - type: integer 
	Parameter C_PROBE137_WIDTH bound to: 1 - type: integer 
	Parameter C_PROBE138_WIDTH bound to: 1 - type: integer 
	Parameter C_PROBE139_WIDTH bound to: 1 - type: integer 
	Parameter C_PROBE140_WIDTH bound to: 1 - type: integer 
	Parameter C_PROBE141_WIDTH bound to: 1 - type: integer 
	Parameter C_PROBE142_WIDTH bound to: 1 - type: integer 
	Parameter C_PROBE143_WIDTH bound to: 1 - type: integer 
	Parameter C_PROBE144_WIDTH bound to: 1 - type: integer 
	Parameter C_PROBE145_WIDTH bound to: 1 - type: integer 
	Parameter C_PROBE146_WIDTH bound to: 1 - type: integer 
	Parameter C_PROBE147_WIDTH bound to: 1 - type: integer 
	Parameter C_PROBE148_WIDTH bound to: 1 - type: integer 
	Parameter C_PROBE149_WIDTH bound to: 1 - type: integer 
	Parameter C_PROBE150_WIDTH bound to: 1 - type: integer 
	Parameter C_PROBE151_WIDTH bound to: 1 - type: integer 
	Parameter C_PROBE152_WIDTH bound to: 1 - type: integer 
	Parameter C_PROBE153_WIDTH bound to: 1 - type: integer 
	Parameter C_PROBE154_WIDTH bound to: 1 - type: integer 
	Parameter C_PROBE155_WIDTH bound to: 1 - type: integer 
	Parameter C_PROBE156_WIDTH bound to: 1 - type: integer 
	Parameter C_PROBE157_WIDTH bound to: 1 - type: integer 
	Parameter C_PROBE158_WIDTH bound to: 1 - type: integer 
	Parameter C_PROBE159_WIDTH bound to: 1 - type: integer 
	Parameter C_PROBE160_WIDTH bound to: 1 - type: integer 
	Parameter C_PROBE161_WIDTH bound to: 1 - type: integer 
	Parameter C_PROBE162_WIDTH bound to: 1 - type: integer 
	Parameter C_PROBE163_WIDTH bound to: 1 - type: integer 
	Parameter C_PROBE164_WIDTH bound to: 1 - type: integer 
	Parameter C_PROBE165_WIDTH bound to: 1 - type: integer 
	Parameter C_PROBE166_WIDTH bound to: 1 - type: integer 
	Parameter C_PROBE167_WIDTH bound to: 1 - type: integer 
	Parameter C_PROBE168_WIDTH bound to: 1 - type: integer 
	Parameter C_PROBE169_WIDTH bound to: 1 - type: integer 
	Parameter C_PROBE170_WIDTH bound to: 1 - type: integer 
	Parameter C_PROBE171_WIDTH bound to: 1 - type: integer 
	Parameter C_PROBE172_WIDTH bound to: 1 - type: integer 
	Parameter C_PROBE173_WIDTH bound to: 1 - type: integer 
	Parameter C_PROBE174_WIDTH bound to: 1 - type: integer 
	Parameter C_PROBE175_WIDTH bound to: 1 - type: integer 
	Parameter C_PROBE176_WIDTH bound to: 1 - type: integer 
	Parameter C_PROBE177_WIDTH bound to: 1 - type: integer 
	Parameter C_PROBE178_WIDTH bound to: 1 - type: integer 
	Parameter C_PROBE179_WIDTH bound to: 1 - type: integer 
	Parameter C_PROBE180_WIDTH bound to: 1 - type: integer 
	Parameter C_PROBE181_WIDTH bound to: 1 - type: integer 
	Parameter C_PROBE182_WIDTH bound to: 1 - type: integer 
	Parameter C_PROBE183_WIDTH bound to: 1 - type: integer 
	Parameter C_PROBE184_WIDTH bound to: 1 - type: integer 
	Parameter C_PROBE185_WIDTH bound to: 1 - type: integer 
	Parameter C_PROBE186_WIDTH bound to: 1 - type: integer 
	Parameter C_PROBE187_WIDTH bound to: 1 - type: integer 
	Parameter C_PROBE188_WIDTH bound to: 1 - type: integer 
	Parameter C_PROBE189_WIDTH bound to: 1 - type: integer 
	Parameter C_PROBE190_WIDTH bound to: 1 - type: integer 
	Parameter C_PROBE191_WIDTH bound to: 1 - type: integer 
	Parameter C_PROBE192_WIDTH bound to: 1 - type: integer 
	Parameter C_PROBE193_WIDTH bound to: 1 - type: integer 
	Parameter C_PROBE194_WIDTH bound to: 1 - type: integer 
	Parameter C_PROBE195_WIDTH bound to: 1 - type: integer 
	Parameter C_PROBE196_WIDTH bound to: 1 - type: integer 
	Parameter C_PROBE197_WIDTH bound to: 1 - type: integer 
	Parameter C_PROBE198_WIDTH bound to: 1 - type: integer 
	Parameter C_PROBE199_WIDTH bound to: 1 - type: integer 
	Parameter C_PROBE200_WIDTH bound to: 1 - type: integer 
	Parameter C_PROBE201_WIDTH bound to: 1 - type: integer 
	Parameter C_PROBE202_WIDTH bound to: 1 - type: integer 
	Parameter C_PROBE203_WIDTH bound to: 1 - type: integer 
	Parameter C_PROBE204_WIDTH bound to: 1 - type: integer 
	Parameter C_PROBE205_WIDTH bound to: 1 - type: integer 
	Parameter C_PROBE206_WIDTH bound to: 1 - type: integer 
	Parameter C_PROBE207_WIDTH bound to: 1 - type: integer 
	Parameter C_PROBE208_WIDTH bound to: 1 - type: integer 
	Parameter C_PROBE209_WIDTH bound to: 1 - type: integer 
	Parameter C_PROBE210_WIDTH bound to: 1 - type: integer 
	Parameter C_PROBE211_WIDTH bound to: 1 - type: integer 
	Parameter C_PROBE212_WIDTH bound to: 1 - type: integer 
	Parameter C_PROBE213_WIDTH bound to: 1 - type: integer 
	Parameter C_PROBE214_WIDTH bound to: 1 - type: integer 
	Parameter C_PROBE215_WIDTH bound to: 1 - type: integer 
	Parameter C_PROBE216_WIDTH bound to: 1 - type: integer 
	Parameter C_PROBE217_WIDTH bound to: 1 - type: integer 
	Parameter C_PROBE218_WIDTH bound to: 1 - type: integer 
	Parameter C_PROBE219_WIDTH bound to: 1 - type: integer 
	Parameter C_PROBE220_WIDTH bound to: 1 - type: integer 
	Parameter C_PROBE221_WIDTH bound to: 1 - type: integer 
	Parameter C_PROBE222_WIDTH bound to: 1 - type: integer 
	Parameter C_PROBE223_WIDTH bound to: 1 - type: integer 
	Parameter C_PROBE224_WIDTH bound to: 1 - type: integer 
	Parameter C_PROBE225_WIDTH bound to: 1 - type: integer 
	Parameter C_PROBE226_WIDTH bound to: 1 - type: integer 
	Parameter C_PROBE227_WIDTH bound to: 1 - type: integer 
	Parameter C_PROBE228_WIDTH bound to: 1 - type: integer 
	Parameter C_PROBE229_WIDTH bound to: 1 - type: integer 
	Parameter C_PROBE230_WIDTH bound to: 1 - type: integer 
	Parameter C_PROBE231_WIDTH bound to: 1 - type: integer 
	Parameter C_PROBE232_WIDTH bound to: 1 - type: integer 
	Parameter C_PROBE233_WIDTH bound to: 1 - type: integer 
	Parameter C_PROBE234_WIDTH bound to: 1 - type: integer 
	Parameter C_PROBE235_WIDTH bound to: 1 - type: integer 
	Parameter C_PROBE236_WIDTH bound to: 1 - type: integer 
	Parameter C_PROBE237_WIDTH bound to: 1 - type: integer 
	Parameter C_PROBE238_WIDTH bound to: 1 - type: integer 
	Parameter C_PROBE239_WIDTH bound to: 1 - type: integer 
	Parameter C_PROBE240_WIDTH bound to: 1 - type: integer 
	Parameter C_PROBE241_WIDTH bound to: 1 - type: integer 
	Parameter C_PROBE242_WIDTH bound to: 1 - type: integer 
	Parameter C_PROBE243_WIDTH bound to: 1 - type: integer 
	Parameter C_PROBE244_WIDTH bound to: 1 - type: integer 
	Parameter C_PROBE245_WIDTH bound to: 1 - type: integer 
	Parameter C_PROBE246_WIDTH bound to: 1 - type: integer 
	Parameter C_PROBE247_WIDTH bound to: 1 - type: integer 
	Parameter C_PROBE248_WIDTH bound to: 1 - type: integer 
	Parameter C_PROBE249_WIDTH bound to: 1 - type: integer 
	Parameter C_PROBE250_WIDTH bound to: 1 - type: integer 
	Parameter C_PROBE251_WIDTH bound to: 1 - type: integer 
	Parameter C_PROBE252_WIDTH bound to: 1 - type: integer 
	Parameter C_PROBE253_WIDTH bound to: 1 - type: integer 
	Parameter C_PROBE254_WIDTH bound to: 1 - type: integer 
	Parameter C_PROBE255_WIDTH bound to: 1 - type: integer 
	Parameter C_PROBE256_WIDTH bound to: 1 - type: integer 
	Parameter C_PROBE257_WIDTH bound to: 1 - type: integer 
	Parameter C_PROBE258_WIDTH bound to: 1 - type: integer 
	Parameter C_PROBE259_WIDTH bound to: 1 - type: integer 
	Parameter C_PROBE260_WIDTH bound to: 1 - type: integer 
	Parameter C_PROBE261_WIDTH bound to: 1 - type: integer 
	Parameter C_PROBE262_WIDTH bound to: 1 - type: integer 
	Parameter C_PROBE263_WIDTH bound to: 1 - type: integer 
	Parameter C_PROBE264_WIDTH bound to: 1 - type: integer 
	Parameter C_PROBE265_WIDTH bound to: 1 - type: integer 
	Parameter C_PROBE266_WIDTH bound to: 1 - type: integer 
	Parameter C_PROBE267_WIDTH bound to: 1 - type: integer 
	Parameter C_PROBE268_WIDTH bound to: 1 - type: integer 
	Parameter C_PROBE269_WIDTH bound to: 1 - type: integer 
	Parameter C_PROBE270_WIDTH bound to: 1 - type: integer 
	Parameter C_PROBE271_WIDTH bound to: 1 - type: integer 
	Parameter C_PROBE272_WIDTH bound to: 1 - type: integer 
	Parameter C_PROBE273_WIDTH bound to: 1 - type: integer 
	Parameter C_PROBE274_WIDTH bound to: 1 - type: integer 
	Parameter C_PROBE275_WIDTH bound to: 1 - type: integer 
	Parameter C_PROBE276_WIDTH bound to: 1 - type: integer 
	Parameter C_PROBE277_WIDTH bound to: 1 - type: integer 
	Parameter C_PROBE278_WIDTH bound to: 1 - type: integer 
	Parameter C_PROBE279_WIDTH bound to: 1 - type: integer 
	Parameter C_PROBE280_WIDTH bound to: 1 - type: integer 
	Parameter C_PROBE281_WIDTH bound to: 1 - type: integer 
	Parameter C_PROBE282_WIDTH bound to: 1 - type: integer 
	Parameter C_PROBE283_WIDTH bound to: 1 - type: integer 
	Parameter C_PROBE284_WIDTH bound to: 1 - type: integer 
	Parameter C_PROBE285_WIDTH bound to: 1 - type: integer 
	Parameter C_PROBE286_WIDTH bound to: 1 - type: integer 
	Parameter C_PROBE287_WIDTH bound to: 1 - type: integer 
	Parameter C_PROBE288_WIDTH bound to: 1 - type: integer 
	Parameter C_PROBE289_WIDTH bound to: 1 - type: integer 
	Parameter C_PROBE290_WIDTH bound to: 1 - type: integer 
	Parameter C_PROBE291_WIDTH bound to: 1 - type: integer 
	Parameter C_PROBE292_WIDTH bound to: 1 - type: integer 
	Parameter C_PROBE293_WIDTH bound to: 1 - type: integer 
	Parameter C_PROBE294_WIDTH bound to: 1 - type: integer 
	Parameter C_PROBE295_WIDTH bound to: 1 - type: integer 
	Parameter C_PROBE296_WIDTH bound to: 1 - type: integer 
	Parameter C_PROBE297_WIDTH bound to: 1 - type: integer 
	Parameter C_PROBE298_WIDTH bound to: 1 - type: integer 
	Parameter C_PROBE299_WIDTH bound to: 1 - type: integer 
	Parameter C_PROBE300_WIDTH bound to: 1 - type: integer 
	Parameter C_PROBE301_WIDTH bound to: 1 - type: integer 
	Parameter C_PROBE302_WIDTH bound to: 1 - type: integer 
	Parameter C_PROBE303_WIDTH bound to: 1 - type: integer 
	Parameter C_PROBE304_WIDTH bound to: 1 - type: integer 
	Parameter C_PROBE305_WIDTH bound to: 1 - type: integer 
	Parameter C_PROBE306_WIDTH bound to: 1 - type: integer 
	Parameter C_PROBE307_WIDTH bound to: 1 - type: integer 
	Parameter C_PROBE308_WIDTH bound to: 1 - type: integer 
	Parameter C_PROBE309_WIDTH bound to: 1 - type: integer 
	Parameter C_PROBE310_WIDTH bound to: 1 - type: integer 
	Parameter C_PROBE311_WIDTH bound to: 1 - type: integer 
	Parameter C_PROBE312_WIDTH bound to: 1 - type: integer 
	Parameter C_PROBE313_WIDTH bound to: 1 - type: integer 
	Parameter C_PROBE314_WIDTH bound to: 1 - type: integer 
	Parameter C_PROBE315_WIDTH bound to: 1 - type: integer 
	Parameter C_PROBE316_WIDTH bound to: 1 - type: integer 
	Parameter C_PROBE317_WIDTH bound to: 1 - type: integer 
	Parameter C_PROBE318_WIDTH bound to: 1 - type: integer 
	Parameter C_PROBE319_WIDTH bound to: 1 - type: integer 
	Parameter C_PROBE320_WIDTH bound to: 1 - type: integer 
	Parameter C_PROBE321_WIDTH bound to: 1 - type: integer 
	Parameter C_PROBE322_WIDTH bound to: 1 - type: integer 
	Parameter C_PROBE323_WIDTH bound to: 1 - type: integer 
	Parameter C_PROBE324_WIDTH bound to: 1 - type: integer 
	Parameter C_PROBE325_WIDTH bound to: 1 - type: integer 
	Parameter C_PROBE326_WIDTH bound to: 1 - type: integer 
	Parameter C_PROBE327_WIDTH bound to: 1 - type: integer 
	Parameter C_PROBE328_WIDTH bound to: 1 - type: integer 
	Parameter C_PROBE329_WIDTH bound to: 1 - type: integer 
	Parameter C_PROBE330_WIDTH bound to: 1 - type: integer 
	Parameter C_PROBE331_WIDTH bound to: 1 - type: integer 
	Parameter C_PROBE332_WIDTH bound to: 1 - type: integer 
	Parameter C_PROBE333_WIDTH bound to: 1 - type: integer 
	Parameter C_PROBE334_WIDTH bound to: 1 - type: integer 
	Parameter C_PROBE335_WIDTH bound to: 1 - type: integer 
	Parameter C_PROBE336_WIDTH bound to: 1 - type: integer 
	Parameter C_PROBE337_WIDTH bound to: 1 - type: integer 
	Parameter C_PROBE338_WIDTH bound to: 1 - type: integer 
	Parameter C_PROBE339_WIDTH bound to: 1 - type: integer 
	Parameter C_PROBE340_WIDTH bound to: 1 - type: integer 
	Parameter C_PROBE341_WIDTH bound to: 1 - type: integer 
	Parameter C_PROBE342_WIDTH bound to: 1 - type: integer 
	Parameter C_PROBE343_WIDTH bound to: 1 - type: integer 
	Parameter C_PROBE344_WIDTH bound to: 1 - type: integer 
	Parameter C_PROBE345_WIDTH bound to: 1 - type: integer 
	Parameter C_PROBE346_WIDTH bound to: 1 - type: integer 
	Parameter C_PROBE347_WIDTH bound to: 1 - type: integer 
	Parameter C_PROBE348_WIDTH bound to: 1 - type: integer 
	Parameter C_PROBE349_WIDTH bound to: 1 - type: integer 
	Parameter C_PROBE350_WIDTH bound to: 1 - type: integer 
	Parameter C_PROBE351_WIDTH bound to: 1 - type: integer 
	Parameter C_PROBE352_WIDTH bound to: 1 - type: integer 
	Parameter C_PROBE353_WIDTH bound to: 1 - type: integer 
	Parameter C_PROBE354_WIDTH bound to: 1 - type: integer 
	Parameter C_PROBE355_WIDTH bound to: 1 - type: integer 
	Parameter C_PROBE356_WIDTH bound to: 1 - type: integer 
	Parameter C_PROBE357_WIDTH bound to: 1 - type: integer 
	Parameter C_PROBE358_WIDTH bound to: 1 - type: integer 
	Parameter C_PROBE359_WIDTH bound to: 1 - type: integer 
	Parameter C_PROBE360_WIDTH bound to: 1 - type: integer 
	Parameter C_PROBE361_WIDTH bound to: 1 - type: integer 
	Parameter C_PROBE362_WIDTH bound to: 1 - type: integer 
	Parameter C_PROBE363_WIDTH bound to: 1 - type: integer 
	Parameter C_PROBE364_WIDTH bound to: 1 - type: integer 
	Parameter C_PROBE365_WIDTH bound to: 1 - type: integer 
	Parameter C_PROBE366_WIDTH bound to: 1 - type: integer 
	Parameter C_PROBE367_WIDTH bound to: 1 - type: integer 
	Parameter C_PROBE368_WIDTH bound to: 1 - type: integer 
	Parameter C_PROBE369_WIDTH bound to: 1 - type: integer 
	Parameter C_PROBE370_WIDTH bound to: 1 - type: integer 
	Parameter C_PROBE371_WIDTH bound to: 1 - type: integer 
	Parameter C_PROBE372_WIDTH bound to: 1 - type: integer 
	Parameter C_PROBE373_WIDTH bound to: 1 - type: integer 
	Parameter C_PROBE374_WIDTH bound to: 1 - type: integer 
	Parameter C_PROBE375_WIDTH bound to: 1 - type: integer 
	Parameter C_PROBE376_WIDTH bound to: 1 - type: integer 
	Parameter C_PROBE377_WIDTH bound to: 1 - type: integer 
	Parameter C_PROBE378_WIDTH bound to: 1 - type: integer 
	Parameter C_PROBE379_WIDTH bound to: 1 - type: integer 
	Parameter C_PROBE380_WIDTH bound to: 1 - type: integer 
	Parameter C_PROBE381_WIDTH bound to: 1 - type: integer 
	Parameter C_PROBE382_WIDTH bound to: 1 - type: integer 
	Parameter C_PROBE383_WIDTH bound to: 1 - type: integer 
	Parameter C_PROBE384_WIDTH bound to: 1 - type: integer 
	Parameter C_PROBE385_WIDTH bound to: 1 - type: integer 
	Parameter C_PROBE386_WIDTH bound to: 1 - type: integer 
	Parameter C_PROBE387_WIDTH bound to: 1 - type: integer 
	Parameter C_PROBE388_WIDTH bound to: 1 - type: integer 
	Parameter C_PROBE389_WIDTH bound to: 1 - type: integer 
	Parameter C_PROBE390_WIDTH bound to: 1 - type: integer 
	Parameter C_PROBE391_WIDTH bound to: 1 - type: integer 
	Parameter C_PROBE392_WIDTH bound to: 1 - type: integer 
	Parameter C_PROBE393_WIDTH bound to: 1 - type: integer 
	Parameter C_PROBE394_WIDTH bound to: 1 - type: integer 
	Parameter C_PROBE395_WIDTH bound to: 1 - type: integer 
	Parameter C_PROBE396_WIDTH bound to: 1 - type: integer 
	Parameter C_PROBE397_WIDTH bound to: 1 - type: integer 
	Parameter C_PROBE398_WIDTH bound to: 1 - type: integer 
	Parameter C_PROBE399_WIDTH bound to: 1 - type: integer 
	Parameter C_PROBE400_WIDTH bound to: 1 - type: integer 
	Parameter C_PROBE401_WIDTH bound to: 1 - type: integer 
	Parameter C_PROBE402_WIDTH bound to: 1 - type: integer 
	Parameter C_PROBE403_WIDTH bound to: 1 - type: integer 
	Parameter C_PROBE404_WIDTH bound to: 1 - type: integer 
	Parameter C_PROBE405_WIDTH bound to: 1 - type: integer 
	Parameter C_PROBE406_WIDTH bound to: 1 - type: integer 
	Parameter C_PROBE407_WIDTH bound to: 1 - type: integer 
	Parameter C_PROBE408_WIDTH bound to: 1 - type: integer 
	Parameter C_PROBE409_WIDTH bound to: 1 - type: integer 
	Parameter C_PROBE410_WIDTH bound to: 1 - type: integer 
	Parameter C_PROBE411_WIDTH bound to: 1 - type: integer 
	Parameter C_PROBE412_WIDTH bound to: 1 - type: integer 
	Parameter C_PROBE413_WIDTH bound to: 1 - type: integer 
	Parameter C_PROBE414_WIDTH bound to: 1 - type: integer 
	Parameter C_PROBE415_WIDTH bound to: 1 - type: integer 
	Parameter C_PROBE416_WIDTH bound to: 1 - type: integer 
	Parameter C_PROBE417_WIDTH bound to: 1 - type: integer 
	Parameter C_PROBE418_WIDTH bound to: 1 - type: integer 
	Parameter C_PROBE419_WIDTH bound to: 1 - type: integer 
	Parameter C_PROBE420_WIDTH bound to: 1 - type: integer 
	Parameter C_PROBE421_WIDTH bound to: 1 - type: integer 
	Parameter C_PROBE422_WIDTH bound to: 1 - type: integer 
	Parameter C_PROBE423_WIDTH bound to: 1 - type: integer 
	Parameter C_PROBE424_WIDTH bound to: 1 - type: integer 
	Parameter C_PROBE425_WIDTH bound to: 1 - type: integer 
	Parameter C_PROBE426_WIDTH bound to: 1 - type: integer 
	Parameter C_PROBE427_WIDTH bound to: 1 - type: integer 
	Parameter C_PROBE428_WIDTH bound to: 1 - type: integer 
	Parameter C_PROBE429_WIDTH bound to: 1 - type: integer 
	Parameter C_PROBE430_WIDTH bound to: 1 - type: integer 
	Parameter C_PROBE431_WIDTH bound to: 1 - type: integer 
	Parameter C_PROBE432_WIDTH bound to: 1 - type: integer 
	Parameter C_PROBE433_WIDTH bound to: 1 - type: integer 
	Parameter C_PROBE434_WIDTH bound to: 1 - type: integer 
	Parameter C_PROBE435_WIDTH bound to: 1 - type: integer 
	Parameter C_PROBE436_WIDTH bound to: 1 - type: integer 
	Parameter C_PROBE437_WIDTH bound to: 1 - type: integer 
	Parameter C_PROBE438_WIDTH bound to: 1 - type: integer 
	Parameter C_PROBE439_WIDTH bound to: 1 - type: integer 
	Parameter C_PROBE440_WIDTH bound to: 1 - type: integer 
	Parameter C_PROBE441_WIDTH bound to: 1 - type: integer 
	Parameter C_PROBE442_WIDTH bound to: 1 - type: integer 
	Parameter C_PROBE443_WIDTH bound to: 1 - type: integer 
	Parameter C_PROBE444_WIDTH bound to: 1 - type: integer 
	Parameter C_PROBE445_WIDTH bound to: 1 - type: integer 
	Parameter C_PROBE446_WIDTH bound to: 1 - type: integer 
	Parameter C_PROBE447_WIDTH bound to: 1 - type: integer 
	Parameter C_PROBE448_WIDTH bound to: 1 - type: integer 
	Parameter C_PROBE449_WIDTH bound to: 1 - type: integer 
	Parameter C_PROBE450_WIDTH bound to: 1 - type: integer 
	Parameter C_PROBE451_WIDTH bound to: 1 - type: integer 
	Parameter C_PROBE452_WIDTH bound to: 1 - type: integer 
	Parameter C_PROBE453_WIDTH bound to: 1 - type: integer 
	Parameter C_PROBE454_WIDTH bound to: 1 - type: integer 
	Parameter C_PROBE455_WIDTH bound to: 1 - type: integer 
	Parameter C_PROBE456_WIDTH bound to: 1 - type: integer 
	Parameter C_PROBE457_WIDTH bound to: 1 - type: integer 
	Parameter C_PROBE458_WIDTH bound to: 1 - type: integer 
	Parameter C_PROBE459_WIDTH bound to: 1 - type: integer 
	Parameter C_PROBE460_WIDTH bound to: 1 - type: integer 
	Parameter C_PROBE461_WIDTH bound to: 1 - type: integer 
	Parameter C_PROBE462_WIDTH bound to: 1 - type: integer 
	Parameter C_PROBE463_WIDTH bound to: 1 - type: integer 
	Parameter C_PROBE464_WIDTH bound to: 1 - type: integer 
	Parameter C_PROBE465_WIDTH bound to: 1 - type: integer 
	Parameter C_PROBE466_WIDTH bound to: 1 - type: integer 
	Parameter C_PROBE467_WIDTH bound to: 1 - type: integer 
	Parameter C_PROBE468_WIDTH bound to: 1 - type: integer 
	Parameter C_PROBE469_WIDTH bound to: 1 - type: integer 
	Parameter C_PROBE470_WIDTH bound to: 1 - type: integer 
	Parameter C_PROBE471_WIDTH bound to: 1 - type: integer 
	Parameter C_PROBE472_WIDTH bound to: 1 - type: integer 
	Parameter C_PROBE473_WIDTH bound to: 1 - type: integer 
	Parameter C_PROBE474_WIDTH bound to: 1 - type: integer 
	Parameter C_PROBE475_WIDTH bound to: 1 - type: integer 
	Parameter C_PROBE476_WIDTH bound to: 1 - type: integer 
	Parameter C_PROBE477_WIDTH bound to: 1 - type: integer 
	Parameter C_PROBE478_WIDTH bound to: 1 - type: integer 
	Parameter C_PROBE479_WIDTH bound to: 1 - type: integer 
	Parameter C_PROBE480_WIDTH bound to: 1 - type: integer 
	Parameter C_PROBE481_WIDTH bound to: 1 - type: integer 
	Parameter C_PROBE482_WIDTH bound to: 1 - type: integer 
	Parameter C_PROBE483_WIDTH bound to: 1 - type: integer 
	Parameter C_PROBE484_WIDTH bound to: 1 - type: integer 
	Parameter C_PROBE485_WIDTH bound to: 1 - type: integer 
	Parameter C_PROBE486_WIDTH bound to: 1 - type: integer 
	Parameter C_PROBE487_WIDTH bound to: 1 - type: integer 
	Parameter C_PROBE488_WIDTH bound to: 1 - type: integer 
	Parameter C_PROBE489_WIDTH bound to: 1 - type: integer 
	Parameter C_PROBE490_WIDTH bound to: 1 - type: integer 
	Parameter C_PROBE491_WIDTH bound to: 1 - type: integer 
	Parameter C_PROBE492_WIDTH bound to: 1 - type: integer 
	Parameter C_PROBE493_WIDTH bound to: 1 - type: integer 
	Parameter C_PROBE494_WIDTH bound to: 1 - type: integer 
	Parameter C_PROBE495_WIDTH bound to: 1 - type: integer 
	Parameter C_PROBE496_WIDTH bound to: 1 - type: integer 
	Parameter C_PROBE497_WIDTH bound to: 1 - type: integer 
	Parameter C_PROBE498_WIDTH bound to: 1 - type: integer 
	Parameter C_PROBE499_WIDTH bound to: 1 - type: integer 
	Parameter C_PROBE500_WIDTH bound to: 1 - type: integer 
	Parameter C_PROBE501_WIDTH bound to: 1 - type: integer 
	Parameter C_PROBE502_WIDTH bound to: 1 - type: integer 
	Parameter C_PROBE503_WIDTH bound to: 1 - type: integer 
	Parameter C_PROBE504_WIDTH bound to: 1 - type: integer 
	Parameter C_PROBE505_WIDTH bound to: 1 - type: integer 
	Parameter C_PROBE506_WIDTH bound to: 1 - type: integer 
	Parameter C_PROBE507_WIDTH bound to: 1 - type: integer 
	Parameter C_PROBE508_WIDTH bound to: 1 - type: integer 
	Parameter C_PROBE509_WIDTH bound to: 1 - type: integer 
	Parameter C_PROBE510_WIDTH bound to: 1 - type: integer 
	Parameter C_PROBE511_WIDTH bound to: 1 - type: integer 
	Parameter C_PROBE512_WIDTH bound to: 1 - type: integer 
	Parameter C_PROBE513_WIDTH bound to: 1 - type: integer 
	Parameter C_PROBE514_WIDTH bound to: 1 - type: integer 
	Parameter C_PROBE515_WIDTH bound to: 1 - type: integer 
	Parameter C_PROBE516_WIDTH bound to: 1 - type: integer 
	Parameter C_PROBE517_WIDTH bound to: 1 - type: integer 
	Parameter C_PROBE518_WIDTH bound to: 1 - type: integer 
	Parameter C_PROBE519_WIDTH bound to: 1 - type: integer 
	Parameter C_PROBE520_WIDTH bound to: 1 - type: integer 
	Parameter C_PROBE521_WIDTH bound to: 1 - type: integer 
	Parameter C_PROBE522_WIDTH bound to: 1 - type: integer 
	Parameter C_PROBE523_WIDTH bound to: 1 - type: integer 
	Parameter C_PROBE524_WIDTH bound to: 1 - type: integer 
	Parameter C_PROBE525_WIDTH bound to: 1 - type: integer 
	Parameter C_PROBE526_WIDTH bound to: 1 - type: integer 
	Parameter C_PROBE527_WIDTH bound to: 1 - type: integer 
	Parameter C_PROBE528_WIDTH bound to: 1 - type: integer 
	Parameter C_PROBE529_WIDTH bound to: 1 - type: integer 
	Parameter C_PROBE530_WIDTH bound to: 1 - type: integer 
	Parameter C_PROBE531_WIDTH bound to: 1 - type: integer 
	Parameter C_PROBE532_WIDTH bound to: 1 - type: integer 
	Parameter C_PROBE533_WIDTH bound to: 1 - type: integer 
	Parameter C_PROBE534_WIDTH bound to: 1 - type: integer 
	Parameter C_PROBE535_WIDTH bound to: 1 - type: integer 
	Parameter C_PROBE536_WIDTH bound to: 1 - type: integer 
	Parameter C_PROBE537_WIDTH bound to: 1 - type: integer 
	Parameter C_PROBE538_WIDTH bound to: 1 - type: integer 
	Parameter C_PROBE539_WIDTH bound to: 1 - type: integer 
	Parameter C_PROBE540_WIDTH bound to: 1 - type: integer 
	Parameter C_PROBE541_WIDTH bound to: 1 - type: integer 
	Parameter C_PROBE542_WIDTH bound to: 1 - type: integer 
	Parameter C_PROBE543_WIDTH bound to: 1 - type: integer 
	Parameter C_PROBE544_WIDTH bound to: 1 - type: integer 
	Parameter C_PROBE545_WIDTH bound to: 1 - type: integer 
	Parameter C_PROBE546_WIDTH bound to: 1 - type: integer 
	Parameter C_PROBE547_WIDTH bound to: 1 - type: integer 
	Parameter C_PROBE548_WIDTH bound to: 1 - type: integer 
	Parameter C_PROBE549_WIDTH bound to: 1 - type: integer 
	Parameter C_PROBE550_WIDTH bound to: 1 - type: integer 
	Parameter C_PROBE551_WIDTH bound to: 1 - type: integer 
	Parameter C_PROBE552_WIDTH bound to: 1 - type: integer 
	Parameter C_PROBE553_WIDTH bound to: 1 - type: integer 
	Parameter C_PROBE554_WIDTH bound to: 1 - type: integer 
	Parameter C_PROBE555_WIDTH bound to: 1 - type: integer 
	Parameter C_PROBE556_WIDTH bound to: 1 - type: integer 
	Parameter C_PROBE557_WIDTH bound to: 1 - type: integer 
	Parameter C_PROBE558_WIDTH bound to: 1 - type: integer 
	Parameter C_PROBE559_WIDTH bound to: 1 - type: integer 
	Parameter C_PROBE560_WIDTH bound to: 1 - type: integer 
	Parameter C_PROBE561_WIDTH bound to: 1 - type: integer 
	Parameter C_PROBE562_WIDTH bound to: 1 - type: integer 
	Parameter C_PROBE563_WIDTH bound to: 1 - type: integer 
	Parameter C_PROBE564_WIDTH bound to: 1 - type: integer 
	Parameter C_PROBE565_WIDTH bound to: 1 - type: integer 
	Parameter C_PROBE566_WIDTH bound to: 1 - type: integer 
	Parameter C_PROBE567_WIDTH bound to: 1 - type: integer 
	Parameter C_PROBE568_WIDTH bound to: 1 - type: integer 
	Parameter C_PROBE569_WIDTH bound to: 1 - type: integer 
	Parameter C_PROBE570_WIDTH bound to: 1 - type: integer 
	Parameter C_PROBE571_WIDTH bound to: 1 - type: integer 
	Parameter C_PROBE572_WIDTH bound to: 1 - type: integer 
	Parameter C_PROBE573_WIDTH bound to: 1 - type: integer 
	Parameter C_PROBE574_WIDTH bound to: 1 - type: integer 
	Parameter C_PROBE575_WIDTH bound to: 1 - type: integer 
	Parameter C_PROBE576_WIDTH bound to: 1 - type: integer 
	Parameter C_PROBE577_WIDTH bound to: 1 - type: integer 
	Parameter C_PROBE578_WIDTH bound to: 1 - type: integer 
	Parameter C_PROBE579_WIDTH bound to: 1 - type: integer 
	Parameter C_PROBE580_WIDTH bound to: 1 - type: integer 
	Parameter C_PROBE581_WIDTH bound to: 1 - type: integer 
	Parameter C_PROBE582_WIDTH bound to: 1 - type: integer 
	Parameter C_PROBE583_WIDTH bound to: 1 - type: integer 
	Parameter C_PROBE584_WIDTH bound to: 1 - type: integer 
	Parameter C_PROBE585_WIDTH bound to: 1 - type: integer 
	Parameter C_PROBE586_WIDTH bound to: 1 - type: integer 
	Parameter C_PROBE587_WIDTH bound to: 1 - type: integer 
	Parameter C_PROBE588_WIDTH bound to: 1 - type: integer 
	Parameter C_PROBE589_WIDTH bound to: 1 - type: integer 
	Parameter C_PROBE590_WIDTH bound to: 1 - type: integer 
	Parameter C_PROBE591_WIDTH bound to: 1 - type: integer 
	Parameter C_PROBE592_WIDTH bound to: 1 - type: integer 
	Parameter C_PROBE593_WIDTH bound to: 1 - type: integer 
	Parameter C_PROBE594_WIDTH bound to: 1 - type: integer 
	Parameter C_PROBE595_WIDTH bound to: 1 - type: integer 
	Parameter C_PROBE596_WIDTH bound to: 1 - type: integer 
	Parameter C_PROBE597_WIDTH bound to: 1 - type: integer 
	Parameter C_PROBE598_WIDTH bound to: 1 - type: integer 
	Parameter C_PROBE599_WIDTH bound to: 1 - type: integer 
	Parameter C_PROBE600_WIDTH bound to: 1 - type: integer 
	Parameter C_PROBE601_WIDTH bound to: 1 - type: integer 
	Parameter C_PROBE602_WIDTH bound to: 1 - type: integer 
	Parameter C_PROBE603_WIDTH bound to: 1 - type: integer 
	Parameter C_PROBE604_WIDTH bound to: 1 - type: integer 
	Parameter C_PROBE605_WIDTH bound to: 1 - type: integer 
	Parameter C_PROBE606_WIDTH bound to: 1 - type: integer 
	Parameter C_PROBE607_WIDTH bound to: 1 - type: integer 
	Parameter C_PROBE608_WIDTH bound to: 1 - type: integer 
	Parameter C_PROBE609_WIDTH bound to: 1 - type: integer 
	Parameter C_PROBE610_WIDTH bound to: 1 - type: integer 
	Parameter C_PROBE611_WIDTH bound to: 1 - type: integer 
	Parameter C_PROBE612_WIDTH bound to: 1 - type: integer 
	Parameter C_PROBE613_WIDTH bound to: 1 - type: integer 
	Parameter C_PROBE614_WIDTH bound to: 1 - type: integer 
	Parameter C_PROBE615_WIDTH bound to: 1 - type: integer 
	Parameter C_PROBE616_WIDTH bound to: 1 - type: integer 
	Parameter C_PROBE617_WIDTH bound to: 1 - type: integer 
	Parameter C_PROBE618_WIDTH bound to: 1 - type: integer 
	Parameter C_PROBE619_WIDTH bound to: 1 - type: integer 
	Parameter C_PROBE620_WIDTH bound to: 1 - type: integer 
	Parameter C_PROBE621_WIDTH bound to: 1 - type: integer 
	Parameter C_PROBE622_WIDTH bound to: 1 - type: integer 
	Parameter C_PROBE623_WIDTH bound to: 1 - type: integer 
	Parameter C_PROBE624_WIDTH bound to: 1 - type: integer 
	Parameter C_PROBE625_WIDTH bound to: 1 - type: integer 
	Parameter C_PROBE626_WIDTH bound to: 1 - type: integer 
	Parameter C_PROBE627_WIDTH bound to: 1 - type: integer 
	Parameter C_PROBE628_WIDTH bound to: 1 - type: integer 
	Parameter C_PROBE629_WIDTH bound to: 1 - type: integer 
	Parameter C_PROBE630_WIDTH bound to: 1 - type: integer 
	Parameter C_PROBE631_WIDTH bound to: 1 - type: integer 
	Parameter C_PROBE632_WIDTH bound to: 1 - type: integer 
	Parameter C_PROBE633_WIDTH bound to: 1 - type: integer 
	Parameter C_PROBE634_WIDTH bound to: 1 - type: integer 
	Parameter C_PROBE635_WIDTH bound to: 1 - type: integer 
	Parameter C_PROBE636_WIDTH bound to: 1 - type: integer 
	Parameter C_PROBE637_WIDTH bound to: 1 - type: integer 
	Parameter C_PROBE638_WIDTH bound to: 1 - type: integer 
	Parameter C_PROBE639_WIDTH bound to: 1 - type: integer 
	Parameter C_PROBE640_WIDTH bound to: 1 - type: integer 
	Parameter C_PROBE641_WIDTH bound to: 1 - type: integer 
	Parameter C_PROBE642_WIDTH bound to: 1 - type: integer 
	Parameter C_PROBE643_WIDTH bound to: 1 - type: integer 
	Parameter C_PROBE644_WIDTH bound to: 1 - type: integer 
	Parameter C_PROBE645_WIDTH bound to: 1 - type: integer 
	Parameter C_PROBE646_WIDTH bound to: 1 - type: integer 
	Parameter C_PROBE647_WIDTH bound to: 1 - type: integer 
	Parameter C_PROBE648_WIDTH bound to: 1 - type: integer 
	Parameter C_PROBE649_WIDTH bound to: 1 - type: integer 
	Parameter C_PROBE650_WIDTH bound to: 1 - type: integer 
	Parameter C_PROBE651_WIDTH bound to: 1 - type: integer 
	Parameter C_PROBE652_WIDTH bound to: 1 - type: integer 
	Parameter C_PROBE653_WIDTH bound to: 1 - type: integer 
	Parameter C_PROBE654_WIDTH bound to: 1 - type: integer 
	Parameter C_PROBE655_WIDTH bound to: 1 - type: integer 
	Parameter C_PROBE656_WIDTH bound to: 1 - type: integer 
	Parameter C_PROBE657_WIDTH bound to: 1 - type: integer 
	Parameter C_PROBE658_WIDTH bound to: 1 - type: integer 
	Parameter C_PROBE659_WIDTH bound to: 1 - type: integer 
	Parameter C_PROBE660_WIDTH bound to: 1 - type: integer 
	Parameter C_PROBE661_WIDTH bound to: 1 - type: integer 
	Parameter C_PROBE662_WIDTH bound to: 1 - type: integer 
	Parameter C_PROBE663_WIDTH bound to: 1 - type: integer 
	Parameter C_PROBE664_WIDTH bound to: 1 - type: integer 
	Parameter C_PROBE665_WIDTH bound to: 1 - type: integer 
	Parameter C_PROBE666_WIDTH bound to: 1 - type: integer 
	Parameter C_PROBE667_WIDTH bound to: 1 - type: integer 
	Parameter C_PROBE668_WIDTH bound to: 1 - type: integer 
	Parameter C_PROBE669_WIDTH bound to: 1 - type: integer 
	Parameter C_PROBE670_WIDTH bound to: 1 - type: integer 
	Parameter C_PROBE671_WIDTH bound to: 1 - type: integer 
	Parameter C_PROBE672_WIDTH bound to: 1 - type: integer 
	Parameter C_PROBE673_WIDTH bound to: 1 - type: integer 
	Parameter C_PROBE674_WIDTH bound to: 1 - type: integer 
	Parameter C_PROBE675_WIDTH bound to: 1 - type: integer 
	Parameter C_PROBE676_WIDTH bound to: 1 - type: integer 
	Parameter C_PROBE677_WIDTH bound to: 1 - type: integer 
	Parameter C_PROBE678_WIDTH bound to: 1 - type: integer 
	Parameter C_PROBE679_WIDTH bound to: 1 - type: integer 
	Parameter C_PROBE680_WIDTH bound to: 1 - type: integer 
	Parameter C_PROBE681_WIDTH bound to: 1 - type: integer 
	Parameter C_PROBE682_WIDTH bound to: 1 - type: integer 
	Parameter C_PROBE683_WIDTH bound to: 1 - type: integer 
	Parameter C_PROBE684_WIDTH bound to: 1 - type: integer 
	Parameter C_PROBE685_WIDTH bound to: 1 - type: integer 
	Parameter C_PROBE686_WIDTH bound to: 1 - type: integer 
	Parameter C_PROBE687_WIDTH bound to: 1 - type: integer 
	Parameter C_PROBE688_WIDTH bound to: 1 - type: integer 
	Parameter C_PROBE689_WIDTH bound to: 1 - type: integer 
	Parameter C_PROBE690_WIDTH bound to: 1 - type: integer 
	Parameter C_PROBE691_WIDTH bound to: 1 - type: integer 
	Parameter C_PROBE692_WIDTH bound to: 1 - type: integer 
	Parameter C_PROBE693_WIDTH bound to: 1 - type: integer 
	Parameter C_PROBE694_WIDTH bound to: 1 - type: integer 
	Parameter C_PROBE695_WIDTH bound to: 1 - type: integer 
	Parameter C_PROBE696_WIDTH bound to: 1 - type: integer 
	Parameter C_PROBE697_WIDTH bound to: 1 - type: integer 
	Parameter C_PROBE698_WIDTH bound to: 1 - type: integer 
	Parameter C_PROBE699_WIDTH bound to: 1 - type: integer 
	Parameter C_PROBE700_WIDTH bound to: 1 - type: integer 
	Parameter C_PROBE701_WIDTH bound to: 1 - type: integer 
	Parameter C_PROBE702_WIDTH bound to: 1 - type: integer 
	Parameter C_PROBE703_WIDTH bound to: 1 - type: integer 
	Parameter C_PROBE704_WIDTH bound to: 1 - type: integer 
	Parameter C_PROBE705_WIDTH bound to: 1 - type: integer 
	Parameter C_PROBE706_WIDTH bound to: 1 - type: integer 
	Parameter C_PROBE707_WIDTH bound to: 1 - type: integer 
	Parameter C_PROBE708_WIDTH bound to: 1 - type: integer 
	Parameter C_PROBE709_WIDTH bound to: 1 - type: integer 
	Parameter C_PROBE710_WIDTH bound to: 1 - type: integer 
	Parameter C_PROBE711_WIDTH bound to: 1 - type: integer 
	Parameter C_PROBE712_WIDTH bound to: 1 - type: integer 
	Parameter C_PROBE713_WIDTH bound to: 1 - type: integer 
	Parameter C_PROBE714_WIDTH bound to: 1 - type: integer 
	Parameter C_PROBE715_WIDTH bound to: 1 - type: integer 
	Parameter C_PROBE716_WIDTH bound to: 1 - type: integer 
	Parameter C_PROBE717_WIDTH bound to: 1 - type: integer 
	Parameter C_PROBE718_WIDTH bound to: 1 - type: integer 
	Parameter C_PROBE719_WIDTH bound to: 1 - type: integer 
	Parameter C_PROBE720_WIDTH bound to: 1 - type: integer 
	Parameter C_PROBE721_WIDTH bound to: 1 - type: integer 
	Parameter C_PROBE722_WIDTH bound to: 1 - type: integer 
	Parameter C_PROBE723_WIDTH bound to: 1 - type: integer 
	Parameter C_PROBE724_WIDTH bound to: 1 - type: integer 
	Parameter C_PROBE725_WIDTH bound to: 1 - type: integer 
	Parameter C_PROBE726_WIDTH bound to: 1 - type: integer 
	Parameter C_PROBE727_WIDTH bound to: 1 - type: integer 
	Parameter C_PROBE728_WIDTH bound to: 1 - type: integer 
	Parameter C_PROBE729_WIDTH bound to: 1 - type: integer 
	Parameter C_PROBE730_WIDTH bound to: 1 - type: integer 
	Parameter C_PROBE731_WIDTH bound to: 1 - type: integer 
	Parameter C_PROBE732_WIDTH bound to: 1 - type: integer 
	Parameter C_PROBE733_WIDTH bound to: 1 - type: integer 
	Parameter C_PROBE734_WIDTH bound to: 1 - type: integer 
	Parameter C_PROBE735_WIDTH bound to: 1 - type: integer 
	Parameter C_PROBE736_WIDTH bound to: 1 - type: integer 
	Parameter C_PROBE737_WIDTH bound to: 1 - type: integer 
	Parameter C_PROBE738_WIDTH bound to: 1 - type: integer 
	Parameter C_PROBE739_WIDTH bound to: 1 - type: integer 
	Parameter C_PROBE740_WIDTH bound to: 1 - type: integer 
	Parameter C_PROBE741_WIDTH bound to: 1 - type: integer 
	Parameter C_PROBE742_WIDTH bound to: 1 - type: integer 
	Parameter C_PROBE743_WIDTH bound to: 1 - type: integer 
	Parameter C_PROBE744_WIDTH bound to: 1 - type: integer 
	Parameter C_PROBE745_WIDTH bound to: 1 - type: integer 
	Parameter C_PROBE746_WIDTH bound to: 1 - type: integer 
	Parameter C_PROBE747_WIDTH bound to: 1 - type: integer 
	Parameter C_PROBE748_WIDTH bound to: 1 - type: integer 
	Parameter C_PROBE749_WIDTH bound to: 1 - type: integer 
	Parameter C_PROBE750_WIDTH bound to: 1 - type: integer 
	Parameter C_PROBE751_WIDTH bound to: 1 - type: integer 
	Parameter C_PROBE752_WIDTH bound to: 1 - type: integer 
	Parameter C_PROBE753_WIDTH bound to: 1 - type: integer 
	Parameter C_PROBE754_WIDTH bound to: 1 - type: integer 
	Parameter C_PROBE755_WIDTH bound to: 1 - type: integer 
	Parameter C_PROBE756_WIDTH bound to: 1 - type: integer 
	Parameter C_PROBE757_WIDTH bound to: 1 - type: integer 
	Parameter C_PROBE758_WIDTH bound to: 1 - type: integer 
	Parameter C_PROBE759_WIDTH bound to: 1 - type: integer 
	Parameter C_PROBE760_WIDTH bound to: 1 - type: integer 
	Parameter C_PROBE761_WIDTH bound to: 1 - type: integer 
	Parameter C_PROBE762_WIDTH bound to: 1 - type: integer 
	Parameter C_PROBE763_WIDTH bound to: 1 - type: integer 
	Parameter C_PROBE764_WIDTH bound to: 1 - type: integer 
	Parameter C_PROBE765_WIDTH bound to: 1 - type: integer 
	Parameter C_PROBE766_WIDTH bound to: 1 - type: integer 
	Parameter C_PROBE767_WIDTH bound to: 1 - type: integer 
	Parameter C_PROBE768_WIDTH bound to: 1 - type: integer 
	Parameter C_PROBE769_WIDTH bound to: 1 - type: integer 
	Parameter C_PROBE770_WIDTH bound to: 1 - type: integer 
	Parameter C_PROBE771_WIDTH bound to: 1 - type: integer 
	Parameter C_PROBE772_WIDTH bound to: 1 - type: integer 
	Parameter C_PROBE773_WIDTH bound to: 1 - type: integer 
	Parameter C_PROBE774_WIDTH bound to: 1 - type: integer 
	Parameter C_PROBE775_WIDTH bound to: 1 - type: integer 
	Parameter C_PROBE776_WIDTH bound to: 1 - type: integer 
	Parameter C_PROBE777_WIDTH bound to: 1 - type: integer 
	Parameter C_PROBE778_WIDTH bound to: 1 - type: integer 
	Parameter C_PROBE779_WIDTH bound to: 1 - type: integer 
	Parameter C_PROBE780_WIDTH bound to: 1 - type: integer 
	Parameter C_PROBE781_WIDTH bound to: 1 - type: integer 
	Parameter C_PROBE782_WIDTH bound to: 1 - type: integer 
	Parameter C_PROBE783_WIDTH bound to: 1 - type: integer 
	Parameter C_PROBE784_WIDTH bound to: 1 - type: integer 
	Parameter C_PROBE785_WIDTH bound to: 1 - type: integer 
	Parameter C_PROBE786_WIDTH bound to: 1 - type: integer 
	Parameter C_PROBE787_WIDTH bound to: 1 - type: integer 
	Parameter C_PROBE788_WIDTH bound to: 1 - type: integer 
	Parameter C_PROBE789_WIDTH bound to: 1 - type: integer 
	Parameter C_PROBE790_WIDTH bound to: 1 - type: integer 
	Parameter C_PROBE791_WIDTH bound to: 1 - type: integer 
	Parameter C_PROBE792_WIDTH bound to: 1 - type: integer 
	Parameter C_PROBE793_WIDTH bound to: 1 - type: integer 
	Parameter C_PROBE794_WIDTH bound to: 1 - type: integer 
	Parameter C_PROBE795_WIDTH bound to: 1 - type: integer 
	Parameter C_PROBE796_WIDTH bound to: 1 - type: integer 
	Parameter C_PROBE797_WIDTH bound to: 1 - type: integer 
	Parameter C_PROBE798_WIDTH bound to: 1 - type: integer 
	Parameter C_PROBE799_WIDTH bound to: 1 - type: integer 
	Parameter C_PROBE800_WIDTH bound to: 1 - type: integer 
	Parameter C_PROBE801_WIDTH bound to: 1 - type: integer 
	Parameter C_PROBE802_WIDTH bound to: 1 - type: integer 
	Parameter C_PROBE803_WIDTH bound to: 1 - type: integer 
	Parameter C_PROBE804_WIDTH bound to: 1 - type: integer 
	Parameter C_PROBE805_WIDTH bound to: 1 - type: integer 
	Parameter C_PROBE806_WIDTH bound to: 1 - type: integer 
	Parameter C_PROBE807_WIDTH bound to: 1 - type: integer 
	Parameter C_PROBE808_WIDTH bound to: 1 - type: integer 
	Parameter C_PROBE809_WIDTH bound to: 1 - type: integer 
	Parameter C_PROBE810_WIDTH bound to: 1 - type: integer 
	Parameter C_PROBE811_WIDTH bound to: 1 - type: integer 
	Parameter C_PROBE812_WIDTH bound to: 1 - type: integer 
	Parameter C_PROBE813_WIDTH bound to: 1 - type: integer 
	Parameter C_PROBE814_WIDTH bound to: 1 - type: integer 
	Parameter C_PROBE815_WIDTH bound to: 1 - type: integer 
	Parameter C_PROBE816_WIDTH bound to: 1 - type: integer 
	Parameter C_PROBE817_WIDTH bound to: 1 - type: integer 
	Parameter C_PROBE818_WIDTH bound to: 1 - type: integer 
	Parameter C_PROBE819_WIDTH bound to: 1 - type: integer 
	Parameter C_PROBE820_WIDTH bound to: 1 - type: integer 
	Parameter C_PROBE821_WIDTH bound to: 1 - type: integer 
	Parameter C_PROBE822_WIDTH bound to: 1 - type: integer 
	Parameter C_PROBE823_WIDTH bound to: 1 - type: integer 
	Parameter C_PROBE824_WIDTH bound to: 1 - type: integer 
	Parameter C_PROBE825_WIDTH bound to: 1 - type: integer 
	Parameter C_PROBE826_WIDTH bound to: 1 - type: integer 
	Parameter C_PROBE827_WIDTH bound to: 1 - type: integer 
	Parameter C_PROBE828_WIDTH bound to: 1 - type: integer 
	Parameter C_PROBE829_WIDTH bound to: 1 - type: integer 
	Parameter C_PROBE830_WIDTH bound to: 1 - type: integer 
	Parameter C_PROBE831_WIDTH bound to: 1 - type: integer 
	Parameter C_PROBE832_WIDTH bound to: 1 - type: integer 
	Parameter C_PROBE833_WIDTH bound to: 1 - type: integer 
	Parameter C_PROBE834_WIDTH bound to: 1 - type: integer 
	Parameter C_PROBE835_WIDTH bound to: 1 - type: integer 
	Parameter C_PROBE836_WIDTH bound to: 1 - type: integer 
	Parameter C_PROBE837_WIDTH bound to: 1 - type: integer 
	Parameter C_PROBE838_WIDTH bound to: 1 - type: integer 
	Parameter C_PROBE839_WIDTH bound to: 1 - type: integer 
	Parameter C_PROBE840_WIDTH bound to: 1 - type: integer 
	Parameter C_PROBE841_WIDTH bound to: 1 - type: integer 
	Parameter C_PROBE842_WIDTH bound to: 1 - type: integer 
	Parameter C_PROBE843_WIDTH bound to: 1 - type: integer 
	Parameter C_PROBE844_WIDTH bound to: 1 - type: integer 
	Parameter C_PROBE845_WIDTH bound to: 1 - type: integer 
	Parameter C_PROBE846_WIDTH bound to: 1 - type: integer 
	Parameter C_PROBE847_WIDTH bound to: 1 - type: integer 
	Parameter C_PROBE848_WIDTH bound to: 1 - type: integer 
	Parameter C_PROBE849_WIDTH bound to: 1 - type: integer 
	Parameter C_PROBE850_WIDTH bound to: 1 - type: integer 
	Parameter C_PROBE851_WIDTH bound to: 1 - type: integer 
	Parameter C_PROBE852_WIDTH bound to: 1 - type: integer 
	Parameter C_PROBE853_WIDTH bound to: 1 - type: integer 
	Parameter C_PROBE854_WIDTH bound to: 1 - type: integer 
	Parameter C_PROBE855_WIDTH bound to: 1 - type: integer 
	Parameter C_PROBE856_WIDTH bound to: 1 - type: integer 
	Parameter C_PROBE857_WIDTH bound to: 1 - type: integer 
	Parameter C_PROBE858_WIDTH bound to: 1 - type: integer 
	Parameter C_PROBE859_WIDTH bound to: 1 - type: integer 
	Parameter C_PROBE860_WIDTH bound to: 1 - type: integer 
	Parameter C_PROBE861_WIDTH bound to: 1 - type: integer 
	Parameter C_PROBE862_WIDTH bound to: 1 - type: integer 
	Parameter C_PROBE863_WIDTH bound to: 1 - type: integer 
	Parameter C_PROBE864_WIDTH bound to: 1 - type: integer 
	Parameter C_PROBE865_WIDTH bound to: 1 - type: integer 
	Parameter C_PROBE866_WIDTH bound to: 1 - type: integer 
	Parameter C_PROBE867_WIDTH bound to: 1 - type: integer 
	Parameter C_PROBE868_WIDTH bound to: 1 - type: integer 
	Parameter C_PROBE869_WIDTH bound to: 1 - type: integer 
	Parameter C_PROBE870_WIDTH bound to: 1 - type: integer 
	Parameter C_PROBE871_WIDTH bound to: 1 - type: integer 
	Parameter C_PROBE872_WIDTH bound to: 1 - type: integer 
	Parameter C_PROBE873_WIDTH bound to: 1 - type: integer 
	Parameter C_PROBE874_WIDTH bound to: 1 - type: integer 
	Parameter C_PROBE875_WIDTH bound to: 1 - type: integer 
	Parameter C_PROBE876_WIDTH bound to: 1 - type: integer 
	Parameter C_PROBE877_WIDTH bound to: 1 - type: integer 
	Parameter C_PROBE878_WIDTH bound to: 1 - type: integer 
	Parameter C_PROBE879_WIDTH bound to: 1 - type: integer 
	Parameter C_PROBE880_WIDTH bound to: 1 - type: integer 
	Parameter C_PROBE881_WIDTH bound to: 1 - type: integer 
	Parameter C_PROBE882_WIDTH bound to: 1 - type: integer 
	Parameter C_PROBE883_WIDTH bound to: 1 - type: integer 
	Parameter C_PROBE884_WIDTH bound to: 1 - type: integer 
	Parameter C_PROBE885_WIDTH bound to: 1 - type: integer 
	Parameter C_PROBE886_WIDTH bound to: 1 - type: integer 
	Parameter C_PROBE887_WIDTH bound to: 1 - type: integer 
	Parameter C_PROBE888_WIDTH bound to: 1 - type: integer 
	Parameter C_PROBE889_WIDTH bound to: 1 - type: integer 
	Parameter C_PROBE890_WIDTH bound to: 1 - type: integer 
	Parameter C_PROBE891_WIDTH bound to: 1 - type: integer 
	Parameter C_PROBE892_WIDTH bound to: 1 - type: integer 
	Parameter C_PROBE893_WIDTH bound to: 1 - type: integer 
	Parameter C_PROBE894_WIDTH bound to: 1 - type: integer 
	Parameter C_PROBE895_WIDTH bound to: 1 - type: integer 
	Parameter C_PROBE896_WIDTH bound to: 1 - type: integer 
	Parameter C_PROBE897_WIDTH bound to: 1 - type: integer 
	Parameter C_PROBE898_WIDTH bound to: 1 - type: integer 
	Parameter C_PROBE899_WIDTH bound to: 1 - type: integer 
	Parameter C_PROBE900_WIDTH bound to: 1 - type: integer 
	Parameter C_PROBE901_WIDTH bound to: 1 - type: integer 
	Parameter C_PROBE902_WIDTH bound to: 1 - type: integer 
	Parameter C_PROBE903_WIDTH bound to: 1 - type: integer 
	Parameter C_PROBE904_WIDTH bound to: 1 - type: integer 
	Parameter C_PROBE905_WIDTH bound to: 1 - type: integer 
	Parameter C_PROBE906_WIDTH bound to: 1 - type: integer 
	Parameter C_PROBE907_WIDTH bound to: 1 - type: integer 
	Parameter C_PROBE908_WIDTH bound to: 1 - type: integer 
	Parameter C_PROBE909_WIDTH bound to: 1 - type: integer 
	Parameter C_PROBE910_WIDTH bound to: 1 - type: integer 
	Parameter C_PROBE911_WIDTH bound to: 1 - type: integer 
	Parameter C_PROBE912_WIDTH bound to: 1 - type: integer 
	Parameter C_PROBE913_WIDTH bound to: 1 - type: integer 
	Parameter C_PROBE914_WIDTH bound to: 1 - type: integer 
	Parameter C_PROBE915_WIDTH bound to: 1 - type: integer 
	Parameter C_PROBE916_WIDTH bound to: 1 - type: integer 
	Parameter C_PROBE917_WIDTH bound to: 1 - type: integer 
	Parameter C_PROBE918_WIDTH bound to: 1 - type: integer 
	Parameter C_PROBE919_WIDTH bound to: 1 - type: integer 
	Parameter C_PROBE920_WIDTH bound to: 1 - type: integer 
	Parameter C_PROBE921_WIDTH bound to: 1 - type: integer 
	Parameter C_PROBE922_WIDTH bound to: 1 - type: integer 
	Parameter C_PROBE923_WIDTH bound to: 1 - type: integer 
	Parameter C_PROBE924_WIDTH bound to: 1 - type: integer 
	Parameter C_PROBE925_WIDTH bound to: 1 - type: integer 
	Parameter C_PROBE926_WIDTH bound to: 1 - type: integer 
	Parameter C_PROBE927_WIDTH bound to: 1 - type: integer 
	Parameter C_PROBE928_WIDTH bound to: 1 - type: integer 
	Parameter C_PROBE929_WIDTH bound to: 1 - type: integer 
	Parameter C_PROBE930_WIDTH bound to: 1 - type: integer 
	Parameter C_PROBE931_WIDTH bound to: 1 - type: integer 
	Parameter C_PROBE932_WIDTH bound to: 1 - type: integer 
	Parameter C_PROBE933_WIDTH bound to: 1 - type: integer 
	Parameter C_PROBE934_WIDTH bound to: 1 - type: integer 
	Parameter C_PROBE935_WIDTH bound to: 1 - type: integer 
	Parameter C_PROBE936_WIDTH bound to: 1 - type: integer 
	Parameter C_PROBE937_WIDTH bound to: 1 - type: integer 
	Parameter C_PROBE938_WIDTH bound to: 1 - type: integer 
	Parameter C_PROBE939_WIDTH bound to: 1 - type: integer 
	Parameter C_PROBE940_WIDTH bound to: 1 - type: integer 
	Parameter C_PROBE941_WIDTH bound to: 1 - type: integer 
	Parameter C_PROBE942_WIDTH bound to: 1 - type: integer 
	Parameter C_PROBE943_WIDTH bound to: 1 - type: integer 
	Parameter C_PROBE944_WIDTH bound to: 1 - type: integer 
	Parameter C_PROBE945_WIDTH bound to: 1 - type: integer 
	Parameter C_PROBE946_WIDTH bound to: 1 - type: integer 
	Parameter C_PROBE947_WIDTH bound to: 1 - type: integer 
	Parameter C_PROBE948_WIDTH bound to: 1 - type: integer 
	Parameter C_PROBE949_WIDTH bound to: 1 - type: integer 
	Parameter C_PROBE950_WIDTH bound to: 1 - type: integer 
	Parameter C_PROBE951_WIDTH bound to: 1 - type: integer 
	Parameter C_PROBE952_WIDTH bound to: 1 - type: integer 
	Parameter C_PROBE953_WIDTH bound to: 1 - type: integer 
	Parameter C_PROBE954_WIDTH bound to: 1 - type: integer 
	Parameter C_PROBE955_WIDTH bound to: 1 - type: integer 
	Parameter C_PROBE956_WIDTH bound to: 1 - type: integer 
	Parameter C_PROBE957_WIDTH bound to: 1 - type: integer 
	Parameter C_PROBE958_WIDTH bound to: 1 - type: integer 
	Parameter C_PROBE959_WIDTH bound to: 1 - type: integer 
	Parameter C_PROBE960_WIDTH bound to: 1 - type: integer 
	Parameter C_PROBE961_WIDTH bound to: 1 - type: integer 
	Parameter C_PROBE962_WIDTH bound to: 1 - type: integer 
	Parameter C_PROBE963_WIDTH bound to: 1 - type: integer 
	Parameter C_PROBE964_WIDTH bound to: 1 - type: integer 
	Parameter C_PROBE965_WIDTH bound to: 1 - type: integer 
	Parameter C_PROBE966_WIDTH bound to: 1 - type: integer 
	Parameter C_PROBE967_WIDTH bound to: 1 - type: integer 
	Parameter C_PROBE968_WIDTH bound to: 1 - type: integer 
	Parameter C_PROBE969_WIDTH bound to: 1 - type: integer 
	Parameter C_PROBE970_WIDTH bound to: 1 - type: integer 
	Parameter C_PROBE971_WIDTH bound to: 1 - type: integer 
	Parameter C_PROBE972_WIDTH bound to: 1 - type: integer 
	Parameter C_PROBE973_WIDTH bound to: 1 - type: integer 
	Parameter C_PROBE974_WIDTH bound to: 1 - type: integer 
	Parameter C_PROBE975_WIDTH bound to: 1 - type: integer 
	Parameter C_PROBE976_WIDTH bound to: 1 - type: integer 
	Parameter C_PROBE977_WIDTH bound to: 1 - type: integer 
	Parameter C_PROBE978_WIDTH bound to: 1 - type: integer 
	Parameter C_PROBE979_WIDTH bound to: 1 - type: integer 
	Parameter C_PROBE980_WIDTH bound to: 1 - type: integer 
	Parameter C_PROBE981_WIDTH bound to: 1 - type: integer 
	Parameter C_PROBE982_WIDTH bound to: 1 - type: integer 
	Parameter C_PROBE983_WIDTH bound to: 1 - type: integer 
	Parameter C_PROBE984_WIDTH bound to: 1 - type: integer 
	Parameter C_PROBE985_WIDTH bound to: 1 - type: integer 
	Parameter C_PROBE986_WIDTH bound to: 1 - type: integer 
	Parameter C_PROBE987_WIDTH bound to: 1 - type: integer 
	Parameter C_PROBE988_WIDTH bound to: 1 - type: integer 
	Parameter C_PROBE989_WIDTH bound to: 1 - type: integer 
	Parameter C_PROBE990_WIDTH bound to: 1 - type: integer 
	Parameter C_PROBE991_WIDTH bound to: 1 - type: integer 
	Parameter C_PROBE992_WIDTH bound to: 1 - type: integer 
	Parameter C_PROBE993_WIDTH bound to: 1 - type: integer 
	Parameter C_PROBE994_WIDTH bound to: 1 - type: integer 
	Parameter C_PROBE995_WIDTH bound to: 1 - type: integer 
	Parameter C_PROBE996_WIDTH bound to: 1 - type: integer 
	Parameter C_PROBE997_WIDTH bound to: 1 - type: integer 
	Parameter C_PROBE998_WIDTH bound to: 1 - type: integer 
	Parameter C_PROBE999_WIDTH bound to: 1 - type: integer 
	Parameter C_PROBE1000_WIDTH bound to: 1 - type: integer 
	Parameter C_PROBE1001_WIDTH bound to: 1 - type: integer 
	Parameter C_PROBE1002_WIDTH bound to: 1 - type: integer 
	Parameter C_PROBE1003_WIDTH bound to: 1 - type: integer 
	Parameter C_PROBE1004_WIDTH bound to: 1 - type: integer 
	Parameter C_PROBE1005_WIDTH bound to: 1 - type: integer 
	Parameter C_PROBE1006_WIDTH bound to: 1 - type: integer 
	Parameter C_PROBE1007_WIDTH bound to: 1 - type: integer 
	Parameter C_PROBE1008_WIDTH bound to: 1 - type: integer 
	Parameter C_PROBE1009_WIDTH bound to: 1 - type: integer 
	Parameter C_PROBE1010_WIDTH bound to: 1 - type: integer 
	Parameter C_PROBE1011_WIDTH bound to: 1 - type: integer 
	Parameter C_PROBE1012_WIDTH bound to: 1 - type: integer 
	Parameter C_PROBE1013_WIDTH bound to: 1 - type: integer 
	Parameter C_PROBE1014_WIDTH bound to: 1 - type: integer 
	Parameter C_PROBE1015_WIDTH bound to: 1 - type: integer 
	Parameter C_PROBE1016_WIDTH bound to: 1 - type: integer 
	Parameter C_PROBE1017_WIDTH bound to: 1 - type: integer 
	Parameter C_PROBE1018_WIDTH bound to: 1 - type: integer 
	Parameter C_PROBE1019_WIDTH bound to: 1 - type: integer 
	Parameter C_PROBE1020_WIDTH bound to: 1 - type: integer 
	Parameter C_PROBE1021_WIDTH bound to: 1 - type: integer 
	Parameter C_PROBE1022_WIDTH bound to: 1 - type: integer 
	Parameter C_PROBE1023_WIDTH bound to: 1 - type: integer 
	Parameter C_PROBE0_MU_CNT bound to: 1 - type: integer 
	Parameter C_PROBE1_MU_CNT bound to: 1 - type: integer 
	Parameter C_PROBE2_MU_CNT bound to: 1 - type: integer 
	Parameter C_PROBE3_MU_CNT bound to: 1 - type: integer 
	Parameter C_PROBE4_MU_CNT bound to: 1 - type: integer 
	Parameter C_PROBE5_MU_CNT bound to: 1 - type: integer 
	Parameter C_PROBE6_MU_CNT bound to: 1 - type: integer 
	Parameter C_PROBE7_MU_CNT bound to: 1 - type: integer 
	Parameter C_PROBE8_MU_CNT bound to: 1 - type: integer 
	Parameter C_PROBE9_MU_CNT bound to: 1 - type: integer 
	Parameter C_PROBE10_MU_CNT bound to: 1 - type: integer 
	Parameter C_PROBE11_MU_CNT bound to: 1 - type: integer 
	Parameter C_PROBE12_MU_CNT bound to: 1 - type: integer 
	Parameter C_PROBE13_MU_CNT bound to: 1 - type: integer 
	Parameter C_PROBE14_MU_CNT bound to: 1 - type: integer 
	Parameter C_PROBE15_MU_CNT bound to: 1 - type: integer 
	Parameter C_PROBE16_MU_CNT bound to: 1 - type: integer 
	Parameter C_PROBE17_MU_CNT bound to: 1 - type: integer 
	Parameter C_PROBE18_MU_CNT bound to: 1 - type: integer 
	Parameter C_PROBE19_MU_CNT bound to: 1 - type: integer 
	Parameter C_PROBE20_MU_CNT bound to: 1 - type: integer 
	Parameter C_PROBE21_MU_CNT bound to: 1 - type: integer 
	Parameter C_PROBE22_MU_CNT bound to: 1 - type: integer 
	Parameter C_PROBE23_MU_CNT bound to: 1 - type: integer 
	Parameter C_PROBE24_MU_CNT bound to: 1 - type: integer 
	Parameter C_PROBE25_MU_CNT bound to: 1 - type: integer 
	Parameter C_PROBE26_MU_CNT bound to: 1 - type: integer 
	Parameter C_PROBE27_MU_CNT bound to: 1 - type: integer 
	Parameter C_PROBE28_MU_CNT bound to: 1 - type: integer 
	Parameter C_PROBE29_MU_CNT bound to: 1 - type: integer 
	Parameter C_PROBE30_MU_CNT bound to: 1 - type: integer 
	Parameter C_PROBE31_MU_CNT bound to: 1 - type: integer 
	Parameter C_PROBE32_MU_CNT bound to: 1 - type: integer 
	Parameter C_PROBE33_MU_CNT bound to: 1 - type: integer 
	Parameter C_PROBE34_MU_CNT bound to: 1 - type: integer 
	Parameter C_PROBE35_MU_CNT bound to: 1 - type: integer 
	Parameter C_PROBE36_MU_CNT bound to: 1 - type: integer 
	Parameter C_PROBE37_MU_CNT bound to: 1 - type: integer 
	Parameter C_PROBE38_MU_CNT bound to: 1 - type: integer 
	Parameter C_PROBE39_MU_CNT bound to: 1 - type: integer 
	Parameter C_PROBE40_MU_CNT bound to: 1 - type: integer 
	Parameter C_PROBE41_MU_CNT bound to: 1 - type: integer 
	Parameter C_PROBE42_MU_CNT bound to: 1 - type: integer 
	Parameter C_PROBE43_MU_CNT bound to: 1 - type: integer 
	Parameter C_PROBE44_MU_CNT bound to: 1 - type: integer 
	Parameter C_PROBE45_MU_CNT bound to: 1 - type: integer 
	Parameter C_PROBE46_MU_CNT bound to: 1 - type: integer 
	Parameter C_PROBE47_MU_CNT bound to: 1 - type: integer 
	Parameter C_PROBE48_MU_CNT bound to: 1 - type: integer 
	Parameter C_PROBE49_MU_CNT bound to: 1 - type: integer 
	Parameter C_PROBE50_MU_CNT bound to: 1 - type: integer 
	Parameter C_PROBE51_MU_CNT bound to: 1 - type: integer 
	Parameter C_PROBE52_MU_CNT bound to: 1 - type: integer 
	Parameter C_PROBE53_MU_CNT bound to: 1 - type: integer 
	Parameter C_PROBE54_MU_CNT bound to: 1 - type: integer 
	Parameter C_PROBE55_MU_CNT bound to: 1 - type: integer 
	Parameter C_PROBE56_MU_CNT bound to: 1 - type: integer 
	Parameter C_PROBE57_MU_CNT bound to: 1 - type: integer 
	Parameter C_PROBE58_MU_CNT bound to: 1 - type: integer 
	Parameter C_PROBE59_MU_CNT bound to: 1 - type: integer 
	Parameter C_PROBE60_MU_CNT bound to: 1 - type: integer 
	Parameter C_PROBE61_MU_CNT bound to: 1 - type: integer 
	Parameter C_PROBE62_MU_CNT bound to: 1 - type: integer 
	Parameter C_PROBE63_MU_CNT bound to: 1 - type: integer 
	Parameter C_PROBE64_MU_CNT bound to: 1 - type: integer 
	Parameter C_PROBE65_MU_CNT bound to: 1 - type: integer 
	Parameter C_PROBE66_MU_CNT bound to: 1 - type: integer 
	Parameter C_PROBE67_MU_CNT bound to: 1 - type: integer 
	Parameter C_PROBE68_MU_CNT bound to: 1 - type: integer 
	Parameter C_PROBE69_MU_CNT bound to: 1 - type: integer 
	Parameter C_PROBE70_MU_CNT bound to: 1 - type: integer 
	Parameter C_PROBE71_MU_CNT bound to: 1 - type: integer 
	Parameter C_PROBE72_MU_CNT bound to: 1 - type: integer 
	Parameter C_PROBE73_MU_CNT bound to: 1 - type: integer 
	Parameter C_PROBE74_MU_CNT bound to: 1 - type: integer 
	Parameter C_PROBE75_MU_CNT bound to: 1 - type: integer 
	Parameter C_PROBE76_MU_CNT bound to: 1 - type: integer 
	Parameter C_PROBE77_MU_CNT bound to: 1 - type: integer 
	Parameter C_PROBE78_MU_CNT bound to: 1 - type: integer 
	Parameter C_PROBE79_MU_CNT bound to: 1 - type: integer 
	Parameter C_PROBE80_MU_CNT bound to: 1 - type: integer 
	Parameter C_PROBE81_MU_CNT bound to: 1 - type: integer 
	Parameter C_PROBE82_MU_CNT bound to: 1 - type: integer 
	Parameter C_PROBE83_MU_CNT bound to: 1 - type: integer 
	Parameter C_PROBE84_MU_CNT bound to: 1 - type: integer 
	Parameter C_PROBE85_MU_CNT bound to: 1 - type: integer 
	Parameter C_PROBE86_MU_CNT bound to: 1 - type: integer 
	Parameter C_PROBE87_MU_CNT bound to: 1 - type: integer 
	Parameter C_PROBE88_MU_CNT bound to: 1 - type: integer 
	Parameter C_PROBE89_MU_CNT bound to: 1 - type: integer 
	Parameter C_PROBE90_MU_CNT bound to: 1 - type: integer 
	Parameter C_PROBE91_MU_CNT bound to: 1 - type: integer 
	Parameter C_PROBE92_MU_CNT bound to: 1 - type: integer 
	Parameter C_PROBE93_MU_CNT bound to: 1 - type: integer 
	Parameter C_PROBE94_MU_CNT bound to: 1 - type: integer 
	Parameter C_PROBE95_MU_CNT bound to: 1 - type: integer 
	Parameter C_PROBE96_MU_CNT bound to: 1 - type: integer 
	Parameter C_PROBE97_MU_CNT bound to: 1 - type: integer 
	Parameter C_PROBE98_MU_CNT bound to: 1 - type: integer 
	Parameter C_PROBE99_MU_CNT bound to: 1 - type: integer 
	Parameter C_PROBE100_MU_CNT bound to: 1 - type: integer 
	Parameter C_PROBE101_MU_CNT bound to: 1 - type: integer 
	Parameter C_PROBE102_MU_CNT bound to: 1 - type: integer 
	Parameter C_PROBE103_MU_CNT bound to: 1 - type: integer 
	Parameter C_PROBE104_MU_CNT bound to: 1 - type: integer 
	Parameter C_PROBE105_MU_CNT bound to: 1 - type: integer 
	Parameter C_PROBE106_MU_CNT bound to: 1 - type: integer 
	Parameter C_PROBE107_MU_CNT bound to: 1 - type: integer 
	Parameter C_PROBE108_MU_CNT bound to: 1 - type: integer 
	Parameter C_PROBE109_MU_CNT bound to: 1 - type: integer 
	Parameter C_PROBE110_MU_CNT bound to: 1 - type: integer 
	Parameter C_PROBE111_MU_CNT bound to: 1 - type: integer 
	Parameter C_PROBE112_MU_CNT bound to: 1 - type: integer 
	Parameter C_PROBE113_MU_CNT bound to: 1 - type: integer 
	Parameter C_PROBE114_MU_CNT bound to: 1 - type: integer 
	Parameter C_PROBE115_MU_CNT bound to: 1 - type: integer 
	Parameter C_PROBE116_MU_CNT bound to: 1 - type: integer 
	Parameter C_PROBE117_MU_CNT bound to: 1 - type: integer 
	Parameter C_PROBE118_MU_CNT bound to: 1 - type: integer 
	Parameter C_PROBE119_MU_CNT bound to: 1 - type: integer 
	Parameter C_PROBE120_MU_CNT bound to: 1 - type: integer 
	Parameter C_PROBE121_MU_CNT bound to: 1 - type: integer 
	Parameter C_PROBE122_MU_CNT bound to: 1 - type: integer 
	Parameter C_PROBE123_MU_CNT bound to: 1 - type: integer 
	Parameter C_PROBE124_MU_CNT bound to: 1 - type: integer 
	Parameter C_PROBE125_MU_CNT bound to: 1 - type: integer 
	Parameter C_PROBE126_MU_CNT bound to: 1 - type: integer 
	Parameter C_PROBE127_MU_CNT bound to: 1 - type: integer 
	Parameter C_PROBE128_MU_CNT bound to: 1 - type: integer 
	Parameter C_PROBE129_MU_CNT bound to: 1 - type: integer 
	Parameter C_PROBE130_MU_CNT bound to: 1 - type: integer 
	Parameter C_PROBE131_MU_CNT bound to: 1 - type: integer 
	Parameter C_PROBE132_MU_CNT bound to: 1 - type: integer 
	Parameter C_PROBE133_MU_CNT bound to: 1 - type: integer 
	Parameter C_PROBE134_MU_CNT bound to: 1 - type: integer 
	Parameter C_PROBE135_MU_CNT bound to: 1 - type: integer 
	Parameter C_PROBE136_MU_CNT bound to: 1 - type: integer 
	Parameter C_PROBE137_MU_CNT bound to: 1 - type: integer 
	Parameter C_PROBE138_MU_CNT bound to: 1 - type: integer 
	Parameter C_PROBE139_MU_CNT bound to: 1 - type: integer 
	Parameter C_PROBE140_MU_CNT bound to: 1 - type: integer 
	Parameter C_PROBE141_MU_CNT bound to: 1 - type: integer 
	Parameter C_PROBE142_MU_CNT bound to: 1 - type: integer 
	Parameter C_PROBE143_MU_CNT bound to: 1 - type: integer 
	Parameter C_PROBE144_MU_CNT bound to: 1 - type: integer 
	Parameter C_PROBE145_MU_CNT bound to: 1 - type: integer 
	Parameter C_PROBE146_MU_CNT bound to: 1 - type: integer 
	Parameter C_PROBE147_MU_CNT bound to: 1 - type: integer 
	Parameter C_PROBE148_MU_CNT bound to: 1 - type: integer 
	Parameter C_PROBE149_MU_CNT bound to: 1 - type: integer 
	Parameter C_PROBE150_MU_CNT bound to: 1 - type: integer 
	Parameter C_PROBE151_MU_CNT bound to: 1 - type: integer 
	Parameter C_PROBE152_MU_CNT bound to: 1 - type: integer 
	Parameter C_PROBE153_MU_CNT bound to: 1 - type: integer 
	Parameter C_PROBE154_MU_CNT bound to: 1 - type: integer 
	Parameter C_PROBE155_MU_CNT bound to: 1 - type: integer 
	Parameter C_PROBE156_MU_CNT bound to: 1 - type: integer 
	Parameter C_PROBE157_MU_CNT bound to: 1 - type: integer 
	Parameter C_PROBE158_MU_CNT bound to: 1 - type: integer 
	Parameter C_PROBE159_MU_CNT bound to: 1 - type: integer 
	Parameter C_PROBE160_MU_CNT bound to: 1 - type: integer 
	Parameter C_PROBE161_MU_CNT bound to: 1 - type: integer 
	Parameter C_PROBE162_MU_CNT bound to: 1 - type: integer 
	Parameter C_PROBE163_MU_CNT bound to: 1 - type: integer 
	Parameter C_PROBE164_MU_CNT bound to: 1 - type: integer 
	Parameter C_PROBE165_MU_CNT bound to: 1 - type: integer 
	Parameter C_PROBE166_MU_CNT bound to: 1 - type: integer 
	Parameter C_PROBE167_MU_CNT bound to: 1 - type: integer 
	Parameter C_PROBE168_MU_CNT bound to: 1 - type: integer 
	Parameter C_PROBE169_MU_CNT bound to: 1 - type: integer 
	Parameter C_PROBE170_MU_CNT bound to: 1 - type: integer 
	Parameter C_PROBE171_MU_CNT bound to: 1 - type: integer 
	Parameter C_PROBE172_MU_CNT bound to: 1 - type: integer 
	Parameter C_PROBE173_MU_CNT bound to: 1 - type: integer 
	Parameter C_PROBE174_MU_CNT bound to: 1 - type: integer 
	Parameter C_PROBE175_MU_CNT bound to: 1 - type: integer 
	Parameter C_PROBE176_MU_CNT bound to: 1 - type: integer 
	Parameter C_PROBE177_MU_CNT bound to: 1 - type: integer 
	Parameter C_PROBE178_MU_CNT bound to: 1 - type: integer 
	Parameter C_PROBE179_MU_CNT bound to: 1 - type: integer 
	Parameter C_PROBE180_MU_CNT bound to: 1 - type: integer 
	Parameter C_PROBE181_MU_CNT bound to: 1 - type: integer 
	Parameter C_PROBE182_MU_CNT bound to: 1 - type: integer 
	Parameter C_PROBE183_MU_CNT bound to: 1 - type: integer 
	Parameter C_PROBE184_MU_CNT bound to: 1 - type: integer 
	Parameter C_PROBE185_MU_CNT bound to: 1 - type: integer 
	Parameter C_PROBE186_MU_CNT bound to: 1 - type: integer 
	Parameter C_PROBE187_MU_CNT bound to: 1 - type: integer 
	Parameter C_PROBE188_MU_CNT bound to: 1 - type: integer 
	Parameter C_PROBE189_MU_CNT bound to: 1 - type: integer 
	Parameter C_PROBE190_MU_CNT bound to: 1 - type: integer 
	Parameter C_PROBE191_MU_CNT bound to: 1 - type: integer 
	Parameter C_PROBE192_MU_CNT bound to: 1 - type: integer 
	Parameter C_PROBE193_MU_CNT bound to: 1 - type: integer 
	Parameter C_PROBE194_MU_CNT bound to: 1 - type: integer 
	Parameter C_PROBE195_MU_CNT bound to: 1 - type: integer 
	Parameter C_PROBE196_MU_CNT bound to: 1 - type: integer 
	Parameter C_PROBE197_MU_CNT bound to: 1 - type: integer 
	Parameter C_PROBE198_MU_CNT bound to: 1 - type: integer 
	Parameter C_PROBE199_MU_CNT bound to: 1 - type: integer 
	Parameter C_PROBE200_MU_CNT bound to: 1 - type: integer 
	Parameter C_PROBE201_MU_CNT bound to: 1 - type: integer 
	Parameter C_PROBE202_MU_CNT bound to: 1 - type: integer 
	Parameter C_PROBE203_MU_CNT bound to: 1 - type: integer 
	Parameter C_PROBE204_MU_CNT bound to: 1 - type: integer 
	Parameter C_PROBE205_MU_CNT bound to: 1 - type: integer 
	Parameter C_PROBE206_MU_CNT bound to: 1 - type: integer 
	Parameter C_PROBE207_MU_CNT bound to: 1 - type: integer 
	Parameter C_PROBE208_MU_CNT bound to: 1 - type: integer 
	Parameter C_PROBE209_MU_CNT bound to: 1 - type: integer 
	Parameter C_PROBE210_MU_CNT bound to: 1 - type: integer 
	Parameter C_PROBE211_MU_CNT bound to: 1 - type: integer 
	Parameter C_PROBE212_MU_CNT bound to: 1 - type: integer 
	Parameter C_PROBE213_MU_CNT bound to: 1 - type: integer 
	Parameter C_PROBE214_MU_CNT bound to: 1 - type: integer 
	Parameter C_PROBE215_MU_CNT bound to: 1 - type: integer 
	Parameter C_PROBE216_MU_CNT bound to: 1 - type: integer 
	Parameter C_PROBE217_MU_CNT bound to: 1 - type: integer 
	Parameter C_PROBE218_MU_CNT bound to: 1 - type: integer 
	Parameter C_PROBE219_MU_CNT bound to: 1 - type: integer 
	Parameter C_PROBE220_MU_CNT bound to: 1 - type: integer 
	Parameter C_PROBE221_MU_CNT bound to: 1 - type: integer 
	Parameter C_PROBE222_MU_CNT bound to: 1 - type: integer 
	Parameter C_PROBE223_MU_CNT bound to: 1 - type: integer 
	Parameter C_PROBE224_MU_CNT bound to: 1 - type: integer 
	Parameter C_PROBE225_MU_CNT bound to: 1 - type: integer 
	Parameter C_PROBE226_MU_CNT bound to: 1 - type: integer 
	Parameter C_PROBE227_MU_CNT bound to: 1 - type: integer 
	Parameter C_PROBE228_MU_CNT bound to: 1 - type: integer 
	Parameter C_PROBE229_MU_CNT bound to: 1 - type: integer 
	Parameter C_PROBE230_MU_CNT bound to: 1 - type: integer 
	Parameter C_PROBE231_MU_CNT bound to: 1 - type: integer 
	Parameter C_PROBE232_MU_CNT bound to: 1 - type: integer 
	Parameter C_PROBE233_MU_CNT bound to: 1 - type: integer 
	Parameter C_PROBE234_MU_CNT bound to: 1 - type: integer 
	Parameter C_PROBE235_MU_CNT bound to: 1 - type: integer 
	Parameter C_PROBE236_MU_CNT bound to: 1 - type: integer 
	Parameter C_PROBE237_MU_CNT bound to: 1 - type: integer 
	Parameter C_PROBE238_MU_CNT bound to: 1 - type: integer 
	Parameter C_PROBE239_MU_CNT bound to: 1 - type: integer 
	Parameter C_PROBE240_MU_CNT bound to: 1 - type: integer 
	Parameter C_PROBE241_MU_CNT bound to: 1 - type: integer 
	Parameter C_PROBE242_MU_CNT bound to: 1 - type: integer 
	Parameter C_PROBE243_MU_CNT bound to: 1 - type: integer 
	Parameter C_PROBE244_MU_CNT bound to: 1 - type: integer 
	Parameter C_PROBE245_MU_CNT bound to: 1 - type: integer 
	Parameter C_PROBE246_MU_CNT bound to: 1 - type: integer 
	Parameter C_PROBE247_MU_CNT bound to: 1 - type: integer 
	Parameter C_PROBE248_MU_CNT bound to: 1 - type: integer 
	Parameter C_PROBE249_MU_CNT bound to: 1 - type: integer 
	Parameter C_PROBE250_MU_CNT bound to: 1 - type: integer 
	Parameter C_PROBE251_MU_CNT bound to: 1 - type: integer 
	Parameter C_PROBE252_MU_CNT bound to: 1 - type: integer 
	Parameter C_PROBE253_MU_CNT bound to: 1 - type: integer 
	Parameter C_PROBE254_MU_CNT bound to: 1 - type: integer 
	Parameter C_PROBE255_MU_CNT bound to: 1 - type: integer 
	Parameter C_PROBE256_MU_CNT bound to: 1 - type: integer 
	Parameter C_PROBE257_MU_CNT bound to: 1 - type: integer 
	Parameter C_PROBE258_MU_CNT bound to: 1 - type: integer 
	Parameter C_PROBE259_MU_CNT bound to: 1 - type: integer 
	Parameter C_PROBE260_MU_CNT bound to: 1 - type: integer 
	Parameter C_PROBE261_MU_CNT bound to: 1 - type: integer 
	Parameter C_PROBE262_MU_CNT bound to: 1 - type: integer 
	Parameter C_PROBE263_MU_CNT bound to: 1 - type: integer 
	Parameter C_PROBE264_MU_CNT bound to: 1 - type: integer 
	Parameter C_PROBE265_MU_CNT bound to: 1 - type: integer 
	Parameter C_PROBE266_MU_CNT bound to: 1 - type: integer 
	Parameter C_PROBE267_MU_CNT bound to: 1 - type: integer 
	Parameter C_PROBE268_MU_CNT bound to: 1 - type: integer 
	Parameter C_PROBE269_MU_CNT bound to: 1 - type: integer 
	Parameter C_PROBE270_MU_CNT bound to: 1 - type: integer 
	Parameter C_PROBE271_MU_CNT bound to: 1 - type: integer 
	Parameter C_PROBE272_MU_CNT bound to: 1 - type: integer 
	Parameter C_PROBE273_MU_CNT bound to: 1 - type: integer 
	Parameter C_PROBE274_MU_CNT bound to: 1 - type: integer 
	Parameter C_PROBE275_MU_CNT bound to: 1 - type: integer 
	Parameter C_PROBE276_MU_CNT bound to: 1 - type: integer 
	Parameter C_PROBE277_MU_CNT bound to: 1 - type: integer 
	Parameter C_PROBE278_MU_CNT bound to: 1 - type: integer 
	Parameter C_PROBE279_MU_CNT bound to: 1 - type: integer 
	Parameter C_PROBE280_MU_CNT bound to: 1 - type: integer 
	Parameter C_PROBE281_MU_CNT bound to: 1 - type: integer 
	Parameter C_PROBE282_MU_CNT bound to: 1 - type: integer 
	Parameter C_PROBE283_MU_CNT bound to: 1 - type: integer 
	Parameter C_PROBE284_MU_CNT bound to: 1 - type: integer 
	Parameter C_PROBE285_MU_CNT bound to: 1 - type: integer 
	Parameter C_PROBE286_MU_CNT bound to: 1 - type: integer 
	Parameter C_PROBE287_MU_CNT bound to: 1 - type: integer 
	Parameter C_PROBE288_MU_CNT bound to: 1 - type: integer 
	Parameter C_PROBE289_MU_CNT bound to: 1 - type: integer 
	Parameter C_PROBE290_MU_CNT bound to: 1 - type: integer 
	Parameter C_PROBE291_MU_CNT bound to: 1 - type: integer 
	Parameter C_PROBE292_MU_CNT bound to: 1 - type: integer 
	Parameter C_PROBE293_MU_CNT bound to: 1 - type: integer 
	Parameter C_PROBE294_MU_CNT bound to: 1 - type: integer 
	Parameter C_PROBE295_MU_CNT bound to: 1 - type: integer 
	Parameter C_PROBE296_MU_CNT bound to: 1 - type: integer 
	Parameter C_PROBE297_MU_CNT bound to: 1 - type: integer 
	Parameter C_PROBE298_MU_CNT bound to: 1 - type: integer 
	Parameter C_PROBE299_MU_CNT bound to: 1 - type: integer 
	Parameter C_PROBE300_MU_CNT bound to: 1 - type: integer 
	Parameter C_PROBE301_MU_CNT bound to: 1 - type: integer 
	Parameter C_PROBE302_MU_CNT bound to: 1 - type: integer 
	Parameter C_PROBE303_MU_CNT bound to: 1 - type: integer 
	Parameter C_PROBE304_MU_CNT bound to: 1 - type: integer 
	Parameter C_PROBE305_MU_CNT bound to: 1 - type: integer 
	Parameter C_PROBE306_MU_CNT bound to: 1 - type: integer 
	Parameter C_PROBE307_MU_CNT bound to: 1 - type: integer 
	Parameter C_PROBE308_MU_CNT bound to: 1 - type: integer 
	Parameter C_PROBE309_MU_CNT bound to: 1 - type: integer 
	Parameter C_PROBE310_MU_CNT bound to: 1 - type: integer 
	Parameter C_PROBE311_MU_CNT bound to: 1 - type: integer 
	Parameter C_PROBE312_MU_CNT bound to: 1 - type: integer 
	Parameter C_PROBE313_MU_CNT bound to: 1 - type: integer 
	Parameter C_PROBE314_MU_CNT bound to: 1 - type: integer 
	Parameter C_PROBE315_MU_CNT bound to: 1 - type: integer 
	Parameter C_PROBE316_MU_CNT bound to: 1 - type: integer 
	Parameter C_PROBE317_MU_CNT bound to: 1 - type: integer 
	Parameter C_PROBE318_MU_CNT bound to: 1 - type: integer 
	Parameter C_PROBE319_MU_CNT bound to: 1 - type: integer 
	Parameter C_PROBE320_MU_CNT bound to: 1 - type: integer 
	Parameter C_PROBE321_MU_CNT bound to: 1 - type: integer 
	Parameter C_PROBE322_MU_CNT bound to: 1 - type: integer 
	Parameter C_PROBE323_MU_CNT bound to: 1 - type: integer 
	Parameter C_PROBE324_MU_CNT bound to: 1 - type: integer 
	Parameter C_PROBE325_MU_CNT bound to: 1 - type: integer 
	Parameter C_PROBE326_MU_CNT bound to: 1 - type: integer 
	Parameter C_PROBE327_MU_CNT bound to: 1 - type: integer 
	Parameter C_PROBE328_MU_CNT bound to: 1 - type: integer 
	Parameter C_PROBE329_MU_CNT bound to: 1 - type: integer 
	Parameter C_PROBE330_MU_CNT bound to: 1 - type: integer 
	Parameter C_PROBE331_MU_CNT bound to: 1 - type: integer 
	Parameter C_PROBE332_MU_CNT bound to: 1 - type: integer 
	Parameter C_PROBE333_MU_CNT bound to: 1 - type: integer 
	Parameter C_PROBE334_MU_CNT bound to: 1 - type: integer 
	Parameter C_PROBE335_MU_CNT bound to: 1 - type: integer 
	Parameter C_PROBE336_MU_CNT bound to: 1 - type: integer 
	Parameter C_PROBE337_MU_CNT bound to: 1 - type: integer 
	Parameter C_PROBE338_MU_CNT bound to: 1 - type: integer 
	Parameter C_PROBE339_MU_CNT bound to: 1 - type: integer 
	Parameter C_PROBE340_MU_CNT bound to: 1 - type: integer 
	Parameter C_PROBE341_MU_CNT bound to: 1 - type: integer 
	Parameter C_PROBE342_MU_CNT bound to: 1 - type: integer 
	Parameter C_PROBE343_MU_CNT bound to: 1 - type: integer 
	Parameter C_PROBE344_MU_CNT bound to: 1 - type: integer 
	Parameter C_PROBE345_MU_CNT bound to: 1 - type: integer 
	Parameter C_PROBE346_MU_CNT bound to: 1 - type: integer 
	Parameter C_PROBE347_MU_CNT bound to: 1 - type: integer 
	Parameter C_PROBE348_MU_CNT bound to: 1 - type: integer 
	Parameter C_PROBE349_MU_CNT bound to: 1 - type: integer 
	Parameter C_PROBE350_MU_CNT bound to: 1 - type: integer 
	Parameter C_PROBE351_MU_CNT bound to: 1 - type: integer 
	Parameter C_PROBE352_MU_CNT bound to: 1 - type: integer 
	Parameter C_PROBE353_MU_CNT bound to: 1 - type: integer 
	Parameter C_PROBE354_MU_CNT bound to: 1 - type: integer 
	Parameter C_PROBE355_MU_CNT bound to: 1 - type: integer 
	Parameter C_PROBE356_MU_CNT bound to: 1 - type: integer 
	Parameter C_PROBE357_MU_CNT bound to: 1 - type: integer 
	Parameter C_PROBE358_MU_CNT bound to: 1 - type: integer 
	Parameter C_PROBE359_MU_CNT bound to: 1 - type: integer 
	Parameter C_PROBE360_MU_CNT bound to: 1 - type: integer 
	Parameter C_PROBE361_MU_CNT bound to: 1 - type: integer 
	Parameter C_PROBE362_MU_CNT bound to: 1 - type: integer 
	Parameter C_PROBE363_MU_CNT bound to: 1 - type: integer 
	Parameter C_PROBE364_MU_CNT bound to: 1 - type: integer 
	Parameter C_PROBE365_MU_CNT bound to: 1 - type: integer 
	Parameter C_PROBE366_MU_CNT bound to: 1 - type: integer 
	Parameter C_PROBE367_MU_CNT bound to: 1 - type: integer 
	Parameter C_PROBE368_MU_CNT bound to: 1 - type: integer 
	Parameter C_PROBE369_MU_CNT bound to: 1 - type: integer 
	Parameter C_PROBE370_MU_CNT bound to: 1 - type: integer 
	Parameter C_PROBE371_MU_CNT bound to: 1 - type: integer 
	Parameter C_PROBE372_MU_CNT bound to: 1 - type: integer 
	Parameter C_PROBE373_MU_CNT bound to: 1 - type: integer 
	Parameter C_PROBE374_MU_CNT bound to: 1 - type: integer 
	Parameter C_PROBE375_MU_CNT bound to: 1 - type: integer 
	Parameter C_PROBE376_MU_CNT bound to: 1 - type: integer 
	Parameter C_PROBE377_MU_CNT bound to: 1 - type: integer 
	Parameter C_PROBE378_MU_CNT bound to: 1 - type: integer 
	Parameter C_PROBE379_MU_CNT bound to: 1 - type: integer 
	Parameter C_PROBE380_MU_CNT bound to: 1 - type: integer 
	Parameter C_PROBE381_MU_CNT bound to: 1 - type: integer 
	Parameter C_PROBE382_MU_CNT bound to: 1 - type: integer 
	Parameter C_PROBE383_MU_CNT bound to: 1 - type: integer 
	Parameter C_PROBE384_MU_CNT bound to: 1 - type: integer 
	Parameter C_PROBE385_MU_CNT bound to: 1 - type: integer 
	Parameter C_PROBE386_MU_CNT bound to: 1 - type: integer 
	Parameter C_PROBE387_MU_CNT bound to: 1 - type: integer 
	Parameter C_PROBE388_MU_CNT bound to: 1 - type: integer 
	Parameter C_PROBE389_MU_CNT bound to: 1 - type: integer 
	Parameter C_PROBE390_MU_CNT bound to: 1 - type: integer 
	Parameter C_PROBE391_MU_CNT bound to: 1 - type: integer 
	Parameter C_PROBE392_MU_CNT bound to: 1 - type: integer 
	Parameter C_PROBE393_MU_CNT bound to: 1 - type: integer 
	Parameter C_PROBE394_MU_CNT bound to: 1 - type: integer 
	Parameter C_PROBE395_MU_CNT bound to: 1 - type: integer 
	Parameter C_PROBE396_MU_CNT bound to: 1 - type: integer 
	Parameter C_PROBE397_MU_CNT bound to: 1 - type: integer 
	Parameter C_PROBE398_MU_CNT bound to: 1 - type: integer 
	Parameter C_PROBE399_MU_CNT bound to: 1 - type: integer 
	Parameter C_PROBE400_MU_CNT bound to: 1 - type: integer 
	Parameter C_PROBE401_MU_CNT bound to: 1 - type: integer 
	Parameter C_PROBE402_MU_CNT bound to: 1 - type: integer 
	Parameter C_PROBE403_MU_CNT bound to: 1 - type: integer 
	Parameter C_PROBE404_MU_CNT bound to: 1 - type: integer 
	Parameter C_PROBE405_MU_CNT bound to: 1 - type: integer 
	Parameter C_PROBE406_MU_CNT bound to: 1 - type: integer 
	Parameter C_PROBE407_MU_CNT bound to: 1 - type: integer 
	Parameter C_PROBE408_MU_CNT bound to: 1 - type: integer 
	Parameter C_PROBE409_MU_CNT bound to: 1 - type: integer 
	Parameter C_PROBE410_MU_CNT bound to: 1 - type: integer 
	Parameter C_PROBE411_MU_CNT bound to: 1 - type: integer 
	Parameter C_PROBE412_MU_CNT bound to: 1 - type: integer 
	Parameter C_PROBE413_MU_CNT bound to: 1 - type: integer 
	Parameter C_PROBE414_MU_CNT bound to: 1 - type: integer 
	Parameter C_PROBE415_MU_CNT bound to: 1 - type: integer 
	Parameter C_PROBE416_MU_CNT bound to: 1 - type: integer 
	Parameter C_PROBE417_MU_CNT bound to: 1 - type: integer 
	Parameter C_PROBE418_MU_CNT bound to: 1 - type: integer 
	Parameter C_PROBE419_MU_CNT bound to: 1 - type: integer 
	Parameter C_PROBE420_MU_CNT bound to: 1 - type: integer 
	Parameter C_PROBE421_MU_CNT bound to: 1 - type: integer 
	Parameter C_PROBE422_MU_CNT bound to: 1 - type: integer 
	Parameter C_PROBE423_MU_CNT bound to: 1 - type: integer 
	Parameter C_PROBE424_MU_CNT bound to: 1 - type: integer 
	Parameter C_PROBE425_MU_CNT bound to: 1 - type: integer 
	Parameter C_PROBE426_MU_CNT bound to: 1 - type: integer 
	Parameter C_PROBE427_MU_CNT bound to: 1 - type: integer 
	Parameter C_PROBE428_MU_CNT bound to: 1 - type: integer 
	Parameter C_PROBE429_MU_CNT bound to: 1 - type: integer 
	Parameter C_PROBE430_MU_CNT bound to: 1 - type: integer 
	Parameter C_PROBE431_MU_CNT bound to: 1 - type: integer 
	Parameter C_PROBE432_MU_CNT bound to: 1 - type: integer 
	Parameter C_PROBE433_MU_CNT bound to: 1 - type: integer 
	Parameter C_PROBE434_MU_CNT bound to: 1 - type: integer 
	Parameter C_PROBE435_MU_CNT bound to: 1 - type: integer 
	Parameter C_PROBE436_MU_CNT bound to: 1 - type: integer 
	Parameter C_PROBE437_MU_CNT bound to: 1 - type: integer 
	Parameter C_PROBE438_MU_CNT bound to: 1 - type: integer 
	Parameter C_PROBE439_MU_CNT bound to: 1 - type: integer 
	Parameter C_PROBE440_MU_CNT bound to: 1 - type: integer 
	Parameter C_PROBE441_MU_CNT bound to: 1 - type: integer 
	Parameter C_PROBE442_MU_CNT bound to: 1 - type: integer 
	Parameter C_PROBE443_MU_CNT bound to: 1 - type: integer 
	Parameter C_PROBE444_MU_CNT bound to: 1 - type: integer 
	Parameter C_PROBE445_MU_CNT bound to: 1 - type: integer 
	Parameter C_PROBE446_MU_CNT bound to: 1 - type: integer 
	Parameter C_PROBE447_MU_CNT bound to: 1 - type: integer 
	Parameter C_PROBE448_MU_CNT bound to: 1 - type: integer 
	Parameter C_PROBE449_MU_CNT bound to: 1 - type: integer 
	Parameter C_PROBE450_MU_CNT bound to: 1 - type: integer 
	Parameter C_PROBE451_MU_CNT bound to: 1 - type: integer 
	Parameter C_PROBE452_MU_CNT bound to: 1 - type: integer 
	Parameter C_PROBE453_MU_CNT bound to: 1 - type: integer 
	Parameter C_PROBE454_MU_CNT bound to: 1 - type: integer 
	Parameter C_PROBE455_MU_CNT bound to: 1 - type: integer 
	Parameter C_PROBE456_MU_CNT bound to: 1 - type: integer 
	Parameter C_PROBE457_MU_CNT bound to: 1 - type: integer 
	Parameter C_PROBE458_MU_CNT bound to: 1 - type: integer 
	Parameter C_PROBE459_MU_CNT bound to: 1 - type: integer 
	Parameter C_PROBE460_MU_CNT bound to: 1 - type: integer 
	Parameter C_PROBE461_MU_CNT bound to: 1 - type: integer 
	Parameter C_PROBE462_MU_CNT bound to: 1 - type: integer 
	Parameter C_PROBE463_MU_CNT bound to: 1 - type: integer 
	Parameter C_PROBE464_MU_CNT bound to: 1 - type: integer 
	Parameter C_PROBE465_MU_CNT bound to: 1 - type: integer 
	Parameter C_PROBE466_MU_CNT bound to: 1 - type: integer 
	Parameter C_PROBE467_MU_CNT bound to: 1 - type: integer 
	Parameter C_PROBE468_MU_CNT bound to: 1 - type: integer 
	Parameter C_PROBE469_MU_CNT bound to: 1 - type: integer 
	Parameter C_PROBE470_MU_CNT bound to: 1 - type: integer 
	Parameter C_PROBE471_MU_CNT bound to: 1 - type: integer 
	Parameter C_PROBE472_MU_CNT bound to: 1 - type: integer 
	Parameter C_PROBE473_MU_CNT bound to: 1 - type: integer 
	Parameter C_PROBE474_MU_CNT bound to: 1 - type: integer 
	Parameter C_PROBE475_MU_CNT bound to: 1 - type: integer 
	Parameter C_PROBE476_MU_CNT bound to: 1 - type: integer 
	Parameter C_PROBE477_MU_CNT bound to: 1 - type: integer 
	Parameter C_PROBE478_MU_CNT bound to: 1 - type: integer 
	Parameter C_PROBE479_MU_CNT bound to: 1 - type: integer 
	Parameter C_PROBE480_MU_CNT bound to: 1 - type: integer 
	Parameter C_PROBE481_MU_CNT bound to: 1 - type: integer 
	Parameter C_PROBE482_MU_CNT bound to: 1 - type: integer 
	Parameter C_PROBE483_MU_CNT bound to: 1 - type: integer 
	Parameter C_PROBE484_MU_CNT bound to: 1 - type: integer 
	Parameter C_PROBE485_MU_CNT bound to: 1 - type: integer 
	Parameter C_PROBE486_MU_CNT bound to: 1 - type: integer 
	Parameter C_PROBE487_MU_CNT bound to: 1 - type: integer 
	Parameter C_PROBE488_MU_CNT bound to: 1 - type: integer 
	Parameter C_PROBE489_MU_CNT bound to: 1 - type: integer 
	Parameter C_PROBE490_MU_CNT bound to: 1 - type: integer 
	Parameter C_PROBE491_MU_CNT bound to: 1 - type: integer 
	Parameter C_PROBE492_MU_CNT bound to: 1 - type: integer 
	Parameter C_PROBE493_MU_CNT bound to: 1 - type: integer 
	Parameter C_PROBE494_MU_CNT bound to: 1 - type: integer 
	Parameter C_PROBE495_MU_CNT bound to: 1 - type: integer 
	Parameter C_PROBE496_MU_CNT bound to: 1 - type: integer 
	Parameter C_PROBE497_MU_CNT bound to: 1 - type: integer 
	Parameter C_PROBE498_MU_CNT bound to: 1 - type: integer 
	Parameter C_PROBE499_MU_CNT bound to: 1 - type: integer 
	Parameter C_PROBE500_MU_CNT bound to: 1 - type: integer 
	Parameter C_PROBE501_MU_CNT bound to: 1 - type: integer 
	Parameter C_PROBE502_MU_CNT bound to: 1 - type: integer 
	Parameter C_PROBE503_MU_CNT bound to: 1 - type: integer 
	Parameter C_PROBE504_MU_CNT bound to: 1 - type: integer 
	Parameter C_PROBE505_MU_CNT bound to: 1 - type: integer 
	Parameter C_PROBE506_MU_CNT bound to: 1 - type: integer 
	Parameter C_PROBE507_MU_CNT bound to: 1 - type: integer 
	Parameter C_PROBE508_MU_CNT bound to: 1 - type: integer 
	Parameter C_PROBE509_MU_CNT bound to: 1 - type: integer 
	Parameter C_PROBE510_MU_CNT bound to: 1 - type: integer 
	Parameter C_PROBE511_MU_CNT bound to: 1 - type: integer 
	Parameter C_PROBE512_MU_CNT bound to: 1 - type: integer 
	Parameter C_PROBE513_MU_CNT bound to: 1 - type: integer 
	Parameter C_PROBE514_MU_CNT bound to: 1 - type: integer 
	Parameter C_PROBE515_MU_CNT bound to: 1 - type: integer 
	Parameter C_PROBE516_MU_CNT bound to: 1 - type: integer 
	Parameter C_PROBE517_MU_CNT bound to: 1 - type: integer 
	Parameter C_PROBE518_MU_CNT bound to: 1 - type: integer 
	Parameter C_PROBE519_MU_CNT bound to: 1 - type: integer 
	Parameter C_PROBE520_MU_CNT bound to: 1 - type: integer 
	Parameter C_PROBE521_MU_CNT bound to: 1 - type: integer 
	Parameter C_PROBE522_MU_CNT bound to: 1 - type: integer 
	Parameter C_PROBE523_MU_CNT bound to: 1 - type: integer 
	Parameter C_PROBE524_MU_CNT bound to: 1 - type: integer 
	Parameter C_PROBE525_MU_CNT bound to: 1 - type: integer 
	Parameter C_PROBE526_MU_CNT bound to: 1 - type: integer 
	Parameter C_PROBE527_MU_CNT bound to: 1 - type: integer 
	Parameter C_PROBE528_MU_CNT bound to: 1 - type: integer 
	Parameter C_PROBE529_MU_CNT bound to: 1 - type: integer 
	Parameter C_PROBE530_MU_CNT bound to: 1 - type: integer 
	Parameter C_PROBE531_MU_CNT bound to: 1 - type: integer 
	Parameter C_PROBE532_MU_CNT bound to: 1 - type: integer 
	Parameter C_PROBE533_MU_CNT bound to: 1 - type: integer 
	Parameter C_PROBE534_MU_CNT bound to: 1 - type: integer 
	Parameter C_PROBE535_MU_CNT bound to: 1 - type: integer 
	Parameter C_PROBE536_MU_CNT bound to: 1 - type: integer 
	Parameter C_PROBE537_MU_CNT bound to: 1 - type: integer 
	Parameter C_PROBE538_MU_CNT bound to: 1 - type: integer 
	Parameter C_PROBE539_MU_CNT bound to: 1 - type: integer 
	Parameter C_PROBE540_MU_CNT bound to: 1 - type: integer 
	Parameter C_PROBE541_MU_CNT bound to: 1 - type: integer 
	Parameter C_PROBE542_MU_CNT bound to: 1 - type: integer 
	Parameter C_PROBE543_MU_CNT bound to: 1 - type: integer 
	Parameter C_PROBE544_MU_CNT bound to: 1 - type: integer 
	Parameter C_PROBE545_MU_CNT bound to: 1 - type: integer 
	Parameter C_PROBE546_MU_CNT bound to: 1 - type: integer 
	Parameter C_PROBE547_MU_CNT bound to: 1 - type: integer 
	Parameter C_PROBE548_MU_CNT bound to: 1 - type: integer 
	Parameter C_PROBE549_MU_CNT bound to: 1 - type: integer 
	Parameter C_PROBE550_MU_CNT bound to: 1 - type: integer 
	Parameter C_PROBE551_MU_CNT bound to: 1 - type: integer 
	Parameter C_PROBE552_MU_CNT bound to: 1 - type: integer 
	Parameter C_PROBE553_MU_CNT bound to: 1 - type: integer 
	Parameter C_PROBE554_MU_CNT bound to: 1 - type: integer 
	Parameter C_PROBE555_MU_CNT bound to: 1 - type: integer 
	Parameter C_PROBE556_MU_CNT bound to: 1 - type: integer 
	Parameter C_PROBE557_MU_CNT bound to: 1 - type: integer 
	Parameter C_PROBE558_MU_CNT bound to: 1 - type: integer 
	Parameter C_PROBE559_MU_CNT bound to: 1 - type: integer 
	Parameter C_PROBE560_MU_CNT bound to: 1 - type: integer 
	Parameter C_PROBE561_MU_CNT bound to: 1 - type: integer 
	Parameter C_PROBE562_MU_CNT bound to: 1 - type: integer 
	Parameter C_PROBE563_MU_CNT bound to: 1 - type: integer 
	Parameter C_PROBE564_MU_CNT bound to: 1 - type: integer 
	Parameter C_PROBE565_MU_CNT bound to: 1 - type: integer 
	Parameter C_PROBE566_MU_CNT bound to: 1 - type: integer 
	Parameter C_PROBE567_MU_CNT bound to: 1 - type: integer 
	Parameter C_PROBE568_MU_CNT bound to: 1 - type: integer 
	Parameter C_PROBE569_MU_CNT bound to: 1 - type: integer 
	Parameter C_PROBE570_MU_CNT bound to: 1 - type: integer 
	Parameter C_PROBE571_MU_CNT bound to: 1 - type: integer 
	Parameter C_PROBE572_MU_CNT bound to: 1 - type: integer 
	Parameter C_PROBE573_MU_CNT bound to: 1 - type: integer 
	Parameter C_PROBE574_MU_CNT bound to: 1 - type: integer 
	Parameter C_PROBE575_MU_CNT bound to: 1 - type: integer 
	Parameter C_PROBE576_MU_CNT bound to: 1 - type: integer 
	Parameter C_PROBE577_MU_CNT bound to: 1 - type: integer 
	Parameter C_PROBE578_MU_CNT bound to: 1 - type: integer 
	Parameter C_PROBE579_MU_CNT bound to: 1 - type: integer 
	Parameter C_PROBE580_MU_CNT bound to: 1 - type: integer 
	Parameter C_PROBE581_MU_CNT bound to: 1 - type: integer 
	Parameter C_PROBE582_MU_CNT bound to: 1 - type: integer 
	Parameter C_PROBE583_MU_CNT bound to: 1 - type: integer 
	Parameter C_PROBE584_MU_CNT bound to: 1 - type: integer 
	Parameter C_PROBE585_MU_CNT bound to: 1 - type: integer 
	Parameter C_PROBE586_MU_CNT bound to: 1 - type: integer 
	Parameter C_PROBE587_MU_CNT bound to: 1 - type: integer 
	Parameter C_PROBE588_MU_CNT bound to: 1 - type: integer 
	Parameter C_PROBE589_MU_CNT bound to: 1 - type: integer 
	Parameter C_PROBE590_MU_CNT bound to: 1 - type: integer 
	Parameter C_PROBE591_MU_CNT bound to: 1 - type: integer 
	Parameter C_PROBE592_MU_CNT bound to: 1 - type: integer 
	Parameter C_PROBE593_MU_CNT bound to: 1 - type: integer 
	Parameter C_PROBE594_MU_CNT bound to: 1 - type: integer 
	Parameter C_PROBE595_MU_CNT bound to: 1 - type: integer 
	Parameter C_PROBE596_MU_CNT bound to: 1 - type: integer 
	Parameter C_PROBE597_MU_CNT bound to: 1 - type: integer 
	Parameter C_PROBE598_MU_CNT bound to: 1 - type: integer 
	Parameter C_PROBE599_MU_CNT bound to: 1 - type: integer 
	Parameter C_PROBE600_MU_CNT bound to: 1 - type: integer 
	Parameter C_PROBE601_MU_CNT bound to: 1 - type: integer 
	Parameter C_PROBE602_MU_CNT bound to: 1 - type: integer 
	Parameter C_PROBE603_MU_CNT bound to: 1 - type: integer 
	Parameter C_PROBE604_MU_CNT bound to: 1 - type: integer 
	Parameter C_PROBE605_MU_CNT bound to: 1 - type: integer 
	Parameter C_PROBE606_MU_CNT bound to: 1 - type: integer 
	Parameter C_PROBE607_MU_CNT bound to: 1 - type: integer 
	Parameter C_PROBE608_MU_CNT bound to: 1 - type: integer 
	Parameter C_PROBE609_MU_CNT bound to: 1 - type: integer 
	Parameter C_PROBE610_MU_CNT bound to: 1 - type: integer 
	Parameter C_PROBE611_MU_CNT bound to: 1 - type: integer 
	Parameter C_PROBE612_MU_CNT bound to: 1 - type: integer 
	Parameter C_PROBE613_MU_CNT bound to: 1 - type: integer 
	Parameter C_PROBE614_MU_CNT bound to: 1 - type: integer 
	Parameter C_PROBE615_MU_CNT bound to: 1 - type: integer 
	Parameter C_PROBE616_MU_CNT bound to: 1 - type: integer 
	Parameter C_PROBE617_MU_CNT bound to: 1 - type: integer 
	Parameter C_PROBE618_MU_CNT bound to: 1 - type: integer 
	Parameter C_PROBE619_MU_CNT bound to: 1 - type: integer 
	Parameter C_PROBE620_MU_CNT bound to: 1 - type: integer 
	Parameter C_PROBE621_MU_CNT bound to: 1 - type: integer 
	Parameter C_PROBE622_MU_CNT bound to: 1 - type: integer 
	Parameter C_PROBE623_MU_CNT bound to: 1 - type: integer 
	Parameter C_PROBE624_MU_CNT bound to: 1 - type: integer 
	Parameter C_PROBE625_MU_CNT bound to: 1 - type: integer 
	Parameter C_PROBE626_MU_CNT bound to: 1 - type: integer 
	Parameter C_PROBE627_MU_CNT bound to: 1 - type: integer 
	Parameter C_PROBE628_MU_CNT bound to: 1 - type: integer 
	Parameter C_PROBE629_MU_CNT bound to: 1 - type: integer 
	Parameter C_PROBE630_MU_CNT bound to: 1 - type: integer 
	Parameter C_PROBE631_MU_CNT bound to: 1 - type: integer 
	Parameter C_PROBE632_MU_CNT bound to: 1 - type: integer 
	Parameter C_PROBE633_MU_CNT bound to: 1 - type: integer 
	Parameter C_PROBE634_MU_CNT bound to: 1 - type: integer 
	Parameter C_PROBE635_MU_CNT bound to: 1 - type: integer 
	Parameter C_PROBE636_MU_CNT bound to: 1 - type: integer 
	Parameter C_PROBE637_MU_CNT bound to: 1 - type: integer 
	Parameter C_PROBE638_MU_CNT bound to: 1 - type: integer 
	Parameter C_PROBE639_MU_CNT bound to: 1 - type: integer 
	Parameter C_PROBE640_MU_CNT bound to: 1 - type: integer 
	Parameter C_PROBE641_MU_CNT bound to: 1 - type: integer 
	Parameter C_PROBE642_MU_CNT bound to: 1 - type: integer 
	Parameter C_PROBE643_MU_CNT bound to: 1 - type: integer 
	Parameter C_PROBE644_MU_CNT bound to: 1 - type: integer 
	Parameter C_PROBE645_MU_CNT bound to: 1 - type: integer 
	Parameter C_PROBE646_MU_CNT bound to: 1 - type: integer 
	Parameter C_PROBE647_MU_CNT bound to: 1 - type: integer 
	Parameter C_PROBE648_MU_CNT bound to: 1 - type: integer 
	Parameter C_PROBE649_MU_CNT bound to: 1 - type: integer 
	Parameter C_PROBE650_MU_CNT bound to: 1 - type: integer 
	Parameter C_PROBE651_MU_CNT bound to: 1 - type: integer 
	Parameter C_PROBE652_MU_CNT bound to: 1 - type: integer 
	Parameter C_PROBE653_MU_CNT bound to: 1 - type: integer 
	Parameter C_PROBE654_MU_CNT bound to: 1 - type: integer 
	Parameter C_PROBE655_MU_CNT bound to: 1 - type: integer 
	Parameter C_PROBE656_MU_CNT bound to: 1 - type: integer 
	Parameter C_PROBE657_MU_CNT bound to: 1 - type: integer 
	Parameter C_PROBE658_MU_CNT bound to: 1 - type: integer 
	Parameter C_PROBE659_MU_CNT bound to: 1 - type: integer 
	Parameter C_PROBE660_MU_CNT bound to: 1 - type: integer 
	Parameter C_PROBE661_MU_CNT bound to: 1 - type: integer 
	Parameter C_PROBE662_MU_CNT bound to: 1 - type: integer 
	Parameter C_PROBE663_MU_CNT bound to: 1 - type: integer 
	Parameter C_PROBE664_MU_CNT bound to: 1 - type: integer 
	Parameter C_PROBE665_MU_CNT bound to: 1 - type: integer 
	Parameter C_PROBE666_MU_CNT bound to: 1 - type: integer 
	Parameter C_PROBE667_MU_CNT bound to: 1 - type: integer 
	Parameter C_PROBE668_MU_CNT bound to: 1 - type: integer 
	Parameter C_PROBE669_MU_CNT bound to: 1 - type: integer 
	Parameter C_PROBE670_MU_CNT bound to: 1 - type: integer 
	Parameter C_PROBE671_MU_CNT bound to: 1 - type: integer 
	Parameter C_PROBE672_MU_CNT bound to: 1 - type: integer 
	Parameter C_PROBE673_MU_CNT bound to: 1 - type: integer 
	Parameter C_PROBE674_MU_CNT bound to: 1 - type: integer 
	Parameter C_PROBE675_MU_CNT bound to: 1 - type: integer 
	Parameter C_PROBE676_MU_CNT bound to: 1 - type: integer 
	Parameter C_PROBE677_MU_CNT bound to: 1 - type: integer 
	Parameter C_PROBE678_MU_CNT bound to: 1 - type: integer 
	Parameter C_PROBE679_MU_CNT bound to: 1 - type: integer 
	Parameter C_PROBE680_MU_CNT bound to: 1 - type: integer 
	Parameter C_PROBE681_MU_CNT bound to: 1 - type: integer 
	Parameter C_PROBE682_MU_CNT bound to: 1 - type: integer 
	Parameter C_PROBE683_MU_CNT bound to: 1 - type: integer 
	Parameter C_PROBE684_MU_CNT bound to: 1 - type: integer 
	Parameter C_PROBE685_MU_CNT bound to: 1 - type: integer 
	Parameter C_PROBE686_MU_CNT bound to: 1 - type: integer 
	Parameter C_PROBE687_MU_CNT bound to: 1 - type: integer 
	Parameter C_PROBE688_MU_CNT bound to: 1 - type: integer 
	Parameter C_PROBE689_MU_CNT bound to: 1 - type: integer 
	Parameter C_PROBE690_MU_CNT bound to: 1 - type: integer 
	Parameter C_PROBE691_MU_CNT bound to: 1 - type: integer 
	Parameter C_PROBE692_MU_CNT bound to: 1 - type: integer 
	Parameter C_PROBE693_MU_CNT bound to: 1 - type: integer 
	Parameter C_PROBE694_MU_CNT bound to: 1 - type: integer 
	Parameter C_PROBE695_MU_CNT bound to: 1 - type: integer 
	Parameter C_PROBE696_MU_CNT bound to: 1 - type: integer 
	Parameter C_PROBE697_MU_CNT bound to: 1 - type: integer 
	Parameter C_PROBE698_MU_CNT bound to: 1 - type: integer 
	Parameter C_PROBE699_MU_CNT bound to: 1 - type: integer 
	Parameter C_PROBE700_MU_CNT bound to: 1 - type: integer 
	Parameter C_PROBE701_MU_CNT bound to: 1 - type: integer 
	Parameter C_PROBE702_MU_CNT bound to: 1 - type: integer 
	Parameter C_PROBE703_MU_CNT bound to: 1 - type: integer 
	Parameter C_PROBE704_MU_CNT bound to: 1 - type: integer 
	Parameter C_PROBE705_MU_CNT bound to: 1 - type: integer 
	Parameter C_PROBE706_MU_CNT bound to: 1 - type: integer 
	Parameter C_PROBE707_MU_CNT bound to: 1 - type: integer 
	Parameter C_PROBE708_MU_CNT bound to: 1 - type: integer 
	Parameter C_PROBE709_MU_CNT bound to: 1 - type: integer 
	Parameter C_PROBE710_MU_CNT bound to: 1 - type: integer 
	Parameter C_PROBE711_MU_CNT bound to: 1 - type: integer 
	Parameter C_PROBE712_MU_CNT bound to: 1 - type: integer 
	Parameter C_PROBE713_MU_CNT bound to: 1 - type: integer 
	Parameter C_PROBE714_MU_CNT bound to: 1 - type: integer 
	Parameter C_PROBE715_MU_CNT bound to: 1 - type: integer 
	Parameter C_PROBE716_MU_CNT bound to: 1 - type: integer 
	Parameter C_PROBE717_MU_CNT bound to: 1 - type: integer 
	Parameter C_PROBE718_MU_CNT bound to: 1 - type: integer 
	Parameter C_PROBE719_MU_CNT bound to: 1 - type: integer 
	Parameter C_PROBE720_MU_CNT bound to: 1 - type: integer 
	Parameter C_PROBE721_MU_CNT bound to: 1 - type: integer 
	Parameter C_PROBE722_MU_CNT bound to: 1 - type: integer 
	Parameter C_PROBE723_MU_CNT bound to: 1 - type: integer 
	Parameter C_PROBE724_MU_CNT bound to: 1 - type: integer 
	Parameter C_PROBE725_MU_CNT bound to: 1 - type: integer 
	Parameter C_PROBE726_MU_CNT bound to: 1 - type: integer 
	Parameter C_PROBE727_MU_CNT bound to: 1 - type: integer 
	Parameter C_PROBE728_MU_CNT bound to: 1 - type: integer 
	Parameter C_PROBE729_MU_CNT bound to: 1 - type: integer 
	Parameter C_PROBE730_MU_CNT bound to: 1 - type: integer 
	Parameter C_PROBE731_MU_CNT bound to: 1 - type: integer 
	Parameter C_PROBE732_MU_CNT bound to: 1 - type: integer 
	Parameter C_PROBE733_MU_CNT bound to: 1 - type: integer 
	Parameter C_PROBE734_MU_CNT bound to: 1 - type: integer 
	Parameter C_PROBE735_MU_CNT bound to: 1 - type: integer 
	Parameter C_PROBE736_MU_CNT bound to: 1 - type: integer 
	Parameter C_PROBE737_MU_CNT bound to: 1 - type: integer 
	Parameter C_PROBE738_MU_CNT bound to: 1 - type: integer 
	Parameter C_PROBE739_MU_CNT bound to: 1 - type: integer 
	Parameter C_PROBE740_MU_CNT bound to: 1 - type: integer 
	Parameter C_PROBE741_MU_CNT bound to: 1 - type: integer 
	Parameter C_PROBE742_MU_CNT bound to: 1 - type: integer 
	Parameter C_PROBE743_MU_CNT bound to: 1 - type: integer 
	Parameter C_PROBE744_MU_CNT bound to: 1 - type: integer 
	Parameter C_PROBE745_MU_CNT bound to: 1 - type: integer 
	Parameter C_PROBE746_MU_CNT bound to: 1 - type: integer 
	Parameter C_PROBE747_MU_CNT bound to: 1 - type: integer 
	Parameter C_PROBE748_MU_CNT bound to: 1 - type: integer 
	Parameter C_PROBE749_MU_CNT bound to: 1 - type: integer 
	Parameter C_PROBE750_MU_CNT bound to: 1 - type: integer 
	Parameter C_PROBE751_MU_CNT bound to: 1 - type: integer 
	Parameter C_PROBE752_MU_CNT bound to: 1 - type: integer 
	Parameter C_PROBE753_MU_CNT bound to: 1 - type: integer 
	Parameter C_PROBE754_MU_CNT bound to: 1 - type: integer 
	Parameter C_PROBE755_MU_CNT bound to: 1 - type: integer 
	Parameter C_PROBE756_MU_CNT bound to: 1 - type: integer 
	Parameter C_PROBE757_MU_CNT bound to: 1 - type: integer 
	Parameter C_PROBE758_MU_CNT bound to: 1 - type: integer 
	Parameter C_PROBE759_MU_CNT bound to: 1 - type: integer 
	Parameter C_PROBE760_MU_CNT bound to: 1 - type: integer 
	Parameter C_PROBE761_MU_CNT bound to: 1 - type: integer 
	Parameter C_PROBE762_MU_CNT bound to: 1 - type: integer 
	Parameter C_PROBE763_MU_CNT bound to: 1 - type: integer 
	Parameter C_PROBE764_MU_CNT bound to: 1 - type: integer 
	Parameter C_PROBE765_MU_CNT bound to: 1 - type: integer 
	Parameter C_PROBE766_MU_CNT bound to: 1 - type: integer 
	Parameter C_PROBE767_MU_CNT bound to: 1 - type: integer 
	Parameter C_PROBE768_MU_CNT bound to: 1 - type: integer 
	Parameter C_PROBE769_MU_CNT bound to: 1 - type: integer 
	Parameter C_PROBE770_MU_CNT bound to: 1 - type: integer 
	Parameter C_PROBE771_MU_CNT bound to: 1 - type: integer 
	Parameter C_PROBE772_MU_CNT bound to: 1 - type: integer 
	Parameter C_PROBE773_MU_CNT bound to: 1 - type: integer 
	Parameter C_PROBE774_MU_CNT bound to: 1 - type: integer 
	Parameter C_PROBE775_MU_CNT bound to: 1 - type: integer 
	Parameter C_PROBE776_MU_CNT bound to: 1 - type: integer 
	Parameter C_PROBE777_MU_CNT bound to: 1 - type: integer 
	Parameter C_PROBE778_MU_CNT bound to: 1 - type: integer 
	Parameter C_PROBE779_MU_CNT bound to: 1 - type: integer 
	Parameter C_PROBE780_MU_CNT bound to: 1 - type: integer 
	Parameter C_PROBE781_MU_CNT bound to: 1 - type: integer 
	Parameter C_PROBE782_MU_CNT bound to: 1 - type: integer 
	Parameter C_PROBE783_MU_CNT bound to: 1 - type: integer 
	Parameter C_PROBE784_MU_CNT bound to: 1 - type: integer 
	Parameter C_PROBE785_MU_CNT bound to: 1 - type: integer 
	Parameter C_PROBE786_MU_CNT bound to: 1 - type: integer 
	Parameter C_PROBE787_MU_CNT bound to: 1 - type: integer 
	Parameter C_PROBE788_MU_CNT bound to: 1 - type: integer 
	Parameter C_PROBE789_MU_CNT bound to: 1 - type: integer 
	Parameter C_PROBE790_MU_CNT bound to: 1 - type: integer 
	Parameter C_PROBE791_MU_CNT bound to: 1 - type: integer 
	Parameter C_PROBE792_MU_CNT bound to: 1 - type: integer 
	Parameter C_PROBE793_MU_CNT bound to: 1 - type: integer 
	Parameter C_PROBE794_MU_CNT bound to: 1 - type: integer 
	Parameter C_PROBE795_MU_CNT bound to: 1 - type: integer 
	Parameter C_PROBE796_MU_CNT bound to: 1 - type: integer 
	Parameter C_PROBE797_MU_CNT bound to: 1 - type: integer 
	Parameter C_PROBE798_MU_CNT bound to: 1 - type: integer 
	Parameter C_PROBE799_MU_CNT bound to: 1 - type: integer 
	Parameter C_PROBE800_MU_CNT bound to: 1 - type: integer 
	Parameter C_PROBE801_MU_CNT bound to: 1 - type: integer 
	Parameter C_PROBE802_MU_CNT bound to: 1 - type: integer 
	Parameter C_PROBE803_MU_CNT bound to: 1 - type: integer 
	Parameter C_PROBE804_MU_CNT bound to: 1 - type: integer 
	Parameter C_PROBE805_MU_CNT bound to: 1 - type: integer 
	Parameter C_PROBE806_MU_CNT bound to: 1 - type: integer 
	Parameter C_PROBE807_MU_CNT bound to: 1 - type: integer 
	Parameter C_PROBE808_MU_CNT bound to: 1 - type: integer 
	Parameter C_PROBE809_MU_CNT bound to: 1 - type: integer 
	Parameter C_PROBE810_MU_CNT bound to: 1 - type: integer 
	Parameter C_PROBE811_MU_CNT bound to: 1 - type: integer 
	Parameter C_PROBE812_MU_CNT bound to: 1 - type: integer 
	Parameter C_PROBE813_MU_CNT bound to: 1 - type: integer 
	Parameter C_PROBE814_MU_CNT bound to: 1 - type: integer 
	Parameter C_PROBE815_MU_CNT bound to: 1 - type: integer 
	Parameter C_PROBE816_MU_CNT bound to: 1 - type: integer 
	Parameter C_PROBE817_MU_CNT bound to: 1 - type: integer 
	Parameter C_PROBE818_MU_CNT bound to: 1 - type: integer 
	Parameter C_PROBE819_MU_CNT bound to: 1 - type: integer 
	Parameter C_PROBE820_MU_CNT bound to: 1 - type: integer 
	Parameter C_PROBE821_MU_CNT bound to: 1 - type: integer 
	Parameter C_PROBE822_MU_CNT bound to: 1 - type: integer 
	Parameter C_PROBE823_MU_CNT bound to: 1 - type: integer 
	Parameter C_PROBE824_MU_CNT bound to: 1 - type: integer 
	Parameter C_PROBE825_MU_CNT bound to: 1 - type: integer 
	Parameter C_PROBE826_MU_CNT bound to: 1 - type: integer 
	Parameter C_PROBE827_MU_CNT bound to: 1 - type: integer 
	Parameter C_PROBE828_MU_CNT bound to: 1 - type: integer 
	Parameter C_PROBE829_MU_CNT bound to: 1 - type: integer 
	Parameter C_PROBE830_MU_CNT bound to: 1 - type: integer 
	Parameter C_PROBE831_MU_CNT bound to: 1 - type: integer 
	Parameter C_PROBE832_MU_CNT bound to: 1 - type: integer 
	Parameter C_PROBE833_MU_CNT bound to: 1 - type: integer 
	Parameter C_PROBE834_MU_CNT bound to: 1 - type: integer 
	Parameter C_PROBE835_MU_CNT bound to: 1 - type: integer 
	Parameter C_PROBE836_MU_CNT bound to: 1 - type: integer 
	Parameter C_PROBE837_MU_CNT bound to: 1 - type: integer 
	Parameter C_PROBE838_MU_CNT bound to: 1 - type: integer 
	Parameter C_PROBE839_MU_CNT bound to: 1 - type: integer 
	Parameter C_PROBE840_MU_CNT bound to: 1 - type: integer 
	Parameter C_PROBE841_MU_CNT bound to: 1 - type: integer 
	Parameter C_PROBE842_MU_CNT bound to: 1 - type: integer 
	Parameter C_PROBE843_MU_CNT bound to: 1 - type: integer 
	Parameter C_PROBE844_MU_CNT bound to: 1 - type: integer 
	Parameter C_PROBE845_MU_CNT bound to: 1 - type: integer 
	Parameter C_PROBE846_MU_CNT bound to: 1 - type: integer 
	Parameter C_PROBE847_MU_CNT bound to: 1 - type: integer 
	Parameter C_PROBE848_MU_CNT bound to: 1 - type: integer 
	Parameter C_PROBE849_MU_CNT bound to: 1 - type: integer 
	Parameter C_PROBE850_MU_CNT bound to: 1 - type: integer 
	Parameter C_PROBE851_MU_CNT bound to: 1 - type: integer 
	Parameter C_PROBE852_MU_CNT bound to: 1 - type: integer 
	Parameter C_PROBE853_MU_CNT bound to: 1 - type: integer 
	Parameter C_PROBE854_MU_CNT bound to: 1 - type: integer 
	Parameter C_PROBE855_MU_CNT bound to: 1 - type: integer 
	Parameter C_PROBE856_MU_CNT bound to: 1 - type: integer 
	Parameter C_PROBE857_MU_CNT bound to: 1 - type: integer 
	Parameter C_PROBE858_MU_CNT bound to: 1 - type: integer 
	Parameter C_PROBE859_MU_CNT bound to: 1 - type: integer 
	Parameter C_PROBE860_MU_CNT bound to: 1 - type: integer 
	Parameter C_PROBE861_MU_CNT bound to: 1 - type: integer 
	Parameter C_PROBE862_MU_CNT bound to: 1 - type: integer 
	Parameter C_PROBE863_MU_CNT bound to: 1 - type: integer 
	Parameter C_PROBE864_MU_CNT bound to: 1 - type: integer 
	Parameter C_PROBE865_MU_CNT bound to: 1 - type: integer 
	Parameter C_PROBE866_MU_CNT bound to: 1 - type: integer 
	Parameter C_PROBE867_MU_CNT bound to: 1 - type: integer 
	Parameter C_PROBE868_MU_CNT bound to: 1 - type: integer 
	Parameter C_PROBE869_MU_CNT bound to: 1 - type: integer 
	Parameter C_PROBE870_MU_CNT bound to: 1 - type: integer 
	Parameter C_PROBE871_MU_CNT bound to: 1 - type: integer 
	Parameter C_PROBE872_MU_CNT bound to: 1 - type: integer 
	Parameter C_PROBE873_MU_CNT bound to: 1 - type: integer 
	Parameter C_PROBE874_MU_CNT bound to: 1 - type: integer 
	Parameter C_PROBE875_MU_CNT bound to: 1 - type: integer 
	Parameter C_PROBE876_MU_CNT bound to: 1 - type: integer 
	Parameter C_PROBE877_MU_CNT bound to: 1 - type: integer 
	Parameter C_PROBE878_MU_CNT bound to: 1 - type: integer 
	Parameter C_PROBE879_MU_CNT bound to: 1 - type: integer 
	Parameter C_PROBE880_MU_CNT bound to: 1 - type: integer 
	Parameter C_PROBE881_MU_CNT bound to: 1 - type: integer 
	Parameter C_PROBE882_MU_CNT bound to: 1 - type: integer 
	Parameter C_PROBE883_MU_CNT bound to: 1 - type: integer 
	Parameter C_PROBE884_MU_CNT bound to: 1 - type: integer 
	Parameter C_PROBE885_MU_CNT bound to: 1 - type: integer 
	Parameter C_PROBE886_MU_CNT bound to: 1 - type: integer 
	Parameter C_PROBE887_MU_CNT bound to: 1 - type: integer 
	Parameter C_PROBE888_MU_CNT bound to: 1 - type: integer 
	Parameter C_PROBE889_MU_CNT bound to: 1 - type: integer 
	Parameter C_PROBE890_MU_CNT bound to: 1 - type: integer 
	Parameter C_PROBE891_MU_CNT bound to: 1 - type: integer 
	Parameter C_PROBE892_MU_CNT bound to: 1 - type: integer 
	Parameter C_PROBE893_MU_CNT bound to: 1 - type: integer 
	Parameter C_PROBE894_MU_CNT bound to: 1 - type: integer 
	Parameter C_PROBE895_MU_CNT bound to: 1 - type: integer 
	Parameter C_PROBE896_MU_CNT bound to: 1 - type: integer 
	Parameter C_PROBE897_MU_CNT bound to: 1 - type: integer 
	Parameter C_PROBE898_MU_CNT bound to: 1 - type: integer 
	Parameter C_PROBE899_MU_CNT bound to: 1 - type: integer 
	Parameter C_PROBE900_MU_CNT bound to: 1 - type: integer 
	Parameter C_PROBE901_MU_CNT bound to: 1 - type: integer 
	Parameter C_PROBE902_MU_CNT bound to: 1 - type: integer 
	Parameter C_PROBE903_MU_CNT bound to: 1 - type: integer 
	Parameter C_PROBE904_MU_CNT bound to: 1 - type: integer 
	Parameter C_PROBE905_MU_CNT bound to: 1 - type: integer 
	Parameter C_PROBE906_MU_CNT bound to: 1 - type: integer 
	Parameter C_PROBE907_MU_CNT bound to: 1 - type: integer 
	Parameter C_PROBE908_MU_CNT bound to: 1 - type: integer 
	Parameter C_PROBE909_MU_CNT bound to: 1 - type: integer 
	Parameter C_PROBE910_MU_CNT bound to: 1 - type: integer 
	Parameter C_PROBE911_MU_CNT bound to: 1 - type: integer 
	Parameter C_PROBE912_MU_CNT bound to: 1 - type: integer 
	Parameter C_PROBE913_MU_CNT bound to: 1 - type: integer 
	Parameter C_PROBE914_MU_CNT bound to: 1 - type: integer 
	Parameter C_PROBE915_MU_CNT bound to: 1 - type: integer 
	Parameter C_PROBE916_MU_CNT bound to: 1 - type: integer 
	Parameter C_PROBE917_MU_CNT bound to: 1 - type: integer 
	Parameter C_PROBE918_MU_CNT bound to: 1 - type: integer 
	Parameter C_PROBE919_MU_CNT bound to: 1 - type: integer 
	Parameter C_PROBE920_MU_CNT bound to: 1 - type: integer 
	Parameter C_PROBE921_MU_CNT bound to: 1 - type: integer 
	Parameter C_PROBE922_MU_CNT bound to: 1 - type: integer 
	Parameter C_PROBE923_MU_CNT bound to: 1 - type: integer 
	Parameter C_PROBE924_MU_CNT bound to: 1 - type: integer 
	Parameter C_PROBE925_MU_CNT bound to: 1 - type: integer 
	Parameter C_PROBE926_MU_CNT bound to: 1 - type: integer 
	Parameter C_PROBE927_MU_CNT bound to: 1 - type: integer 
	Parameter C_PROBE928_MU_CNT bound to: 1 - type: integer 
	Parameter C_PROBE929_MU_CNT bound to: 1 - type: integer 
	Parameter C_PROBE930_MU_CNT bound to: 1 - type: integer 
	Parameter C_PROBE931_MU_CNT bound to: 1 - type: integer 
	Parameter C_PROBE932_MU_CNT bound to: 1 - type: integer 
	Parameter C_PROBE933_MU_CNT bound to: 1 - type: integer 
	Parameter C_PROBE934_MU_CNT bound to: 1 - type: integer 
	Parameter C_PROBE935_MU_CNT bound to: 1 - type: integer 
	Parameter C_PROBE936_MU_CNT bound to: 1 - type: integer 
	Parameter C_PROBE937_MU_CNT bound to: 1 - type: integer 
	Parameter C_PROBE938_MU_CNT bound to: 1 - type: integer 
	Parameter C_PROBE939_MU_CNT bound to: 1 - type: integer 
	Parameter C_PROBE940_MU_CNT bound to: 1 - type: integer 
	Parameter C_PROBE941_MU_CNT bound to: 1 - type: integer 
	Parameter C_PROBE942_MU_CNT bound to: 1 - type: integer 
	Parameter C_PROBE943_MU_CNT bound to: 1 - type: integer 
	Parameter C_PROBE944_MU_CNT bound to: 1 - type: integer 
	Parameter C_PROBE945_MU_CNT bound to: 1 - type: integer 
	Parameter C_PROBE946_MU_CNT bound to: 1 - type: integer 
	Parameter C_PROBE947_MU_CNT bound to: 1 - type: integer 
	Parameter C_PROBE948_MU_CNT bound to: 1 - type: integer 
	Parameter C_PROBE949_MU_CNT bound to: 1 - type: integer 
	Parameter C_PROBE950_MU_CNT bound to: 1 - type: integer 
	Parameter C_PROBE951_MU_CNT bound to: 1 - type: integer 
	Parameter C_PROBE952_MU_CNT bound to: 1 - type: integer 
	Parameter C_PROBE953_MU_CNT bound to: 1 - type: integer 
	Parameter C_PROBE954_MU_CNT bound to: 1 - type: integer 
	Parameter C_PROBE955_MU_CNT bound to: 1 - type: integer 
	Parameter C_PROBE956_MU_CNT bound to: 1 - type: integer 
	Parameter C_PROBE957_MU_CNT bound to: 1 - type: integer 
	Parameter C_PROBE958_MU_CNT bound to: 1 - type: integer 
	Parameter C_PROBE959_MU_CNT bound to: 1 - type: integer 
	Parameter C_PROBE960_MU_CNT bound to: 1 - type: integer 
	Parameter C_PROBE961_MU_CNT bound to: 1 - type: integer 
	Parameter C_PROBE962_MU_CNT bound to: 1 - type: integer 
	Parameter C_PROBE963_MU_CNT bound to: 1 - type: integer 
	Parameter C_PROBE964_MU_CNT bound to: 1 - type: integer 
	Parameter C_PROBE965_MU_CNT bound to: 1 - type: integer 
	Parameter C_PROBE966_MU_CNT bound to: 1 - type: integer 
	Parameter C_PROBE967_MU_CNT bound to: 1 - type: integer 
	Parameter C_PROBE968_MU_CNT bound to: 1 - type: integer 
	Parameter C_PROBE969_MU_CNT bound to: 1 - type: integer 
	Parameter C_PROBE970_MU_CNT bound to: 1 - type: integer 
	Parameter C_PROBE971_MU_CNT bound to: 1 - type: integer 
	Parameter C_PROBE972_MU_CNT bound to: 1 - type: integer 
	Parameter C_PROBE973_MU_CNT bound to: 1 - type: integer 
	Parameter C_PROBE974_MU_CNT bound to: 1 - type: integer 
	Parameter C_PROBE975_MU_CNT bound to: 1 - type: integer 
	Parameter C_PROBE976_MU_CNT bound to: 1 - type: integer 
	Parameter C_PROBE977_MU_CNT bound to: 1 - type: integer 
	Parameter C_PROBE978_MU_CNT bound to: 1 - type: integer 
	Parameter C_PROBE979_MU_CNT bound to: 1 - type: integer 
	Parameter C_PROBE980_MU_CNT bound to: 1 - type: integer 
	Parameter C_PROBE981_MU_CNT bound to: 1 - type: integer 
	Parameter C_PROBE982_MU_CNT bound to: 1 - type: integer 
	Parameter C_PROBE983_MU_CNT bound to: 1 - type: integer 
	Parameter C_PROBE984_MU_CNT bound to: 1 - type: integer 
	Parameter C_PROBE985_MU_CNT bound to: 1 - type: integer 
	Parameter C_PROBE986_MU_CNT bound to: 1 - type: integer 
	Parameter C_PROBE987_MU_CNT bound to: 1 - type: integer 
	Parameter C_PROBE988_MU_CNT bound to: 1 - type: integer 
	Parameter C_PROBE989_MU_CNT bound to: 1 - type: integer 
	Parameter C_PROBE990_MU_CNT bound to: 1 - type: integer 
	Parameter C_PROBE991_MU_CNT bound to: 1 - type: integer 
	Parameter C_PROBE992_MU_CNT bound to: 1 - type: integer 
	Parameter C_PROBE993_MU_CNT bound to: 1 - type: integer 
	Parameter C_PROBE994_MU_CNT bound to: 1 - type: integer 
	Parameter C_PROBE995_MU_CNT bound to: 1 - type: integer 
	Parameter C_PROBE996_MU_CNT bound to: 1 - type: integer 
	Parameter C_PROBE997_MU_CNT bound to: 1 - type: integer 
	Parameter C_PROBE998_MU_CNT bound to: 1 - type: integer 
	Parameter C_PROBE999_MU_CNT bound to: 1 - type: integer 
	Parameter C_PROBE1000_MU_CNT bound to: 1 - type: integer 
	Parameter C_PROBE1001_MU_CNT bound to: 1 - type: integer 
	Parameter C_PROBE1002_MU_CNT bound to: 1 - type: integer 
	Parameter C_PROBE1003_MU_CNT bound to: 1 - type: integer 
	Parameter C_PROBE1004_MU_CNT bound to: 1 - type: integer 
	Parameter C_PROBE1005_MU_CNT bound to: 1 - type: integer 
	Parameter C_PROBE1006_MU_CNT bound to: 1 - type: integer 
	Parameter C_PROBE1007_MU_CNT bound to: 1 - type: integer 
	Parameter C_PROBE1008_MU_CNT bound to: 1 - type: integer 
	Parameter C_PROBE1009_MU_CNT bound to: 1 - type: integer 
	Parameter C_PROBE1010_MU_CNT bound to: 1 - type: integer 
	Parameter C_PROBE1011_MU_CNT bound to: 1 - type: integer 
	Parameter C_PROBE1012_MU_CNT bound to: 1 - type: integer 
	Parameter C_PROBE1013_MU_CNT bound to: 1 - type: integer 
	Parameter C_PROBE1014_MU_CNT bound to: 1 - type: integer 
	Parameter C_PROBE1015_MU_CNT bound to: 1 - type: integer 
	Parameter C_PROBE1016_MU_CNT bound to: 1 - type: integer 
	Parameter C_PROBE1017_MU_CNT bound to: 1 - type: integer 
	Parameter C_PROBE1018_MU_CNT bound to: 1 - type: integer 
	Parameter C_PROBE1019_MU_CNT bound to: 1 - type: integer 
	Parameter C_PROBE1020_MU_CNT bound to: 1 - type: integer 
	Parameter C_PROBE1021_MU_CNT bound to: 1 - type: integer 
	Parameter C_PROBE1022_MU_CNT bound to: 1 - type: integer 
	Parameter C_PROBE1023_MU_CNT bound to: 1 - type: integer 
	Parameter C_PROBE0_TYPE bound to: 0 - type: integer 
	Parameter C_PROBE1_TYPE bound to: 0 - type: integer 
	Parameter C_PROBE2_TYPE bound to: 0 - type: integer 
	Parameter C_PROBE3_TYPE bound to: 0 - type: integer 
	Parameter C_PROBE4_TYPE bound to: 0 - type: integer 
	Parameter C_PROBE5_TYPE bound to: 0 - type: integer 
	Parameter C_PROBE6_TYPE bound to: 0 - type: integer 
	Parameter C_PROBE7_TYPE bound to: 0 - type: integer 
	Parameter C_PROBE8_TYPE bound to: 0 - type: integer 
	Parameter C_PROBE9_TYPE bound to: 1 - type: integer 
	Parameter C_PROBE10_TYPE bound to: 1 - type: integer 
	Parameter C_PROBE11_TYPE bound to: 1 - type: integer 
	Parameter C_PROBE12_TYPE bound to: 1 - type: integer 
	Parameter C_PROBE13_TYPE bound to: 1 - type: integer 
	Parameter C_PROBE14_TYPE bound to: 1 - type: integer 
	Parameter C_PROBE15_TYPE bound to: 1 - type: integer 
	Parameter C_PROBE16_TYPE bound to: 1 - type: integer 
	Parameter C_PROBE17_TYPE bound to: 1 - type: integer 
	Parameter C_PROBE18_TYPE bound to: 1 - type: integer 
	Parameter C_PROBE19_TYPE bound to: 1 - type: integer 
	Parameter C_PROBE20_TYPE bound to: 1 - type: integer 
	Parameter C_PROBE21_TYPE bound to: 1 - type: integer 
	Parameter C_PROBE22_TYPE bound to: 1 - type: integer 
	Parameter C_PROBE23_TYPE bound to: 1 - type: integer 
	Parameter C_PROBE24_TYPE bound to: 1 - type: integer 
	Parameter C_PROBE25_TYPE bound to: 1 - type: integer 
	Parameter C_PROBE26_TYPE bound to: 1 - type: integer 
	Parameter C_PROBE27_TYPE bound to: 1 - type: integer 
	Parameter C_PROBE28_TYPE bound to: 1 - type: integer 
	Parameter C_PROBE29_TYPE bound to: 1 - type: integer 
	Parameter C_PROBE30_TYPE bound to: 1 - type: integer 
	Parameter C_PROBE31_TYPE bound to: 1 - type: integer 
	Parameter C_PROBE32_TYPE bound to: 1 - type: integer 
	Parameter C_PROBE33_TYPE bound to: 1 - type: integer 
	Parameter C_PROBE34_TYPE bound to: 1 - type: integer 
	Parameter C_PROBE35_TYPE bound to: 1 - type: integer 
	Parameter C_PROBE36_TYPE bound to: 1 - type: integer 
	Parameter C_PROBE37_TYPE bound to: 1 - type: integer 
	Parameter C_PROBE38_TYPE bound to: 1 - type: integer 
	Parameter C_PROBE39_TYPE bound to: 1 - type: integer 
	Parameter C_PROBE40_TYPE bound to: 1 - type: integer 
	Parameter C_PROBE41_TYPE bound to: 1 - type: integer 
	Parameter C_PROBE42_TYPE bound to: 1 - type: integer 
	Parameter C_PROBE43_TYPE bound to: 1 - type: integer 
	Parameter C_PROBE44_TYPE bound to: 1 - type: integer 
	Parameter C_PROBE45_TYPE bound to: 1 - type: integer 
	Parameter C_PROBE46_TYPE bound to: 1 - type: integer 
	Parameter C_PROBE47_TYPE bound to: 1 - type: integer 
	Parameter C_PROBE48_TYPE bound to: 1 - type: integer 
	Parameter C_PROBE49_TYPE bound to: 1 - type: integer 
	Parameter C_PROBE50_TYPE bound to: 1 - type: integer 
	Parameter C_PROBE51_TYPE bound to: 1 - type: integer 
	Parameter C_PROBE52_TYPE bound to: 1 - type: integer 
	Parameter C_PROBE53_TYPE bound to: 1 - type: integer 
	Parameter C_PROBE54_TYPE bound to: 1 - type: integer 
	Parameter C_PROBE55_TYPE bound to: 1 - type: integer 
	Parameter C_PROBE56_TYPE bound to: 1 - type: integer 
	Parameter C_PROBE57_TYPE bound to: 1 - type: integer 
	Parameter C_PROBE58_TYPE bound to: 1 - type: integer 
	Parameter C_PROBE59_TYPE bound to: 1 - type: integer 
	Parameter C_PROBE60_TYPE bound to: 1 - type: integer 
	Parameter C_PROBE61_TYPE bound to: 1 - type: integer 
	Parameter C_PROBE62_TYPE bound to: 1 - type: integer 
	Parameter C_PROBE63_TYPE bound to: 1 - type: integer 
	Parameter C_PROBE64_TYPE bound to: 1 - type: integer 
	Parameter C_PROBE65_TYPE bound to: 1 - type: integer 
	Parameter C_PROBE66_TYPE bound to: 1 - type: integer 
	Parameter C_PROBE67_TYPE bound to: 1 - type: integer 
	Parameter C_PROBE68_TYPE bound to: 1 - type: integer 
	Parameter C_PROBE69_TYPE bound to: 1 - type: integer 
	Parameter C_PROBE70_TYPE bound to: 1 - type: integer 
	Parameter C_PROBE71_TYPE bound to: 1 - type: integer 
	Parameter C_PROBE72_TYPE bound to: 1 - type: integer 
	Parameter C_PROBE73_TYPE bound to: 1 - type: integer 
	Parameter C_PROBE74_TYPE bound to: 1 - type: integer 
	Parameter C_PROBE75_TYPE bound to: 1 - type: integer 
	Parameter C_PROBE76_TYPE bound to: 1 - type: integer 
	Parameter C_PROBE77_TYPE bound to: 1 - type: integer 
	Parameter C_PROBE78_TYPE bound to: 1 - type: integer 
	Parameter C_PROBE79_TYPE bound to: 1 - type: integer 
	Parameter C_PROBE80_TYPE bound to: 1 - type: integer 
	Parameter C_PROBE81_TYPE bound to: 1 - type: integer 
	Parameter C_PROBE82_TYPE bound to: 1 - type: integer 
	Parameter C_PROBE83_TYPE bound to: 1 - type: integer 
	Parameter C_PROBE84_TYPE bound to: 1 - type: integer 
	Parameter C_PROBE85_TYPE bound to: 1 - type: integer 
	Parameter C_PROBE86_TYPE bound to: 1 - type: integer 
	Parameter C_PROBE87_TYPE bound to: 1 - type: integer 
	Parameter C_PROBE88_TYPE bound to: 1 - type: integer 
	Parameter C_PROBE89_TYPE bound to: 1 - type: integer 
	Parameter C_PROBE90_TYPE bound to: 1 - type: integer 
	Parameter C_PROBE91_TYPE bound to: 1 - type: integer 
	Parameter C_PROBE92_TYPE bound to: 1 - type: integer 
	Parameter C_PROBE93_TYPE bound to: 1 - type: integer 
	Parameter C_PROBE94_TYPE bound to: 1 - type: integer 
	Parameter C_PROBE95_TYPE bound to: 1 - type: integer 
	Parameter C_PROBE96_TYPE bound to: 1 - type: integer 
	Parameter C_PROBE97_TYPE bound to: 1 - type: integer 
	Parameter C_PROBE98_TYPE bound to: 1 - type: integer 
	Parameter C_PROBE99_TYPE bound to: 1 - type: integer 
	Parameter C_PROBE100_TYPE bound to: 1 - type: integer 
	Parameter C_PROBE101_TYPE bound to: 1 - type: integer 
	Parameter C_PROBE102_TYPE bound to: 1 - type: integer 
	Parameter C_PROBE103_TYPE bound to: 1 - type: integer 
	Parameter C_PROBE104_TYPE bound to: 1 - type: integer 
	Parameter C_PROBE105_TYPE bound to: 1 - type: integer 
	Parameter C_PROBE106_TYPE bound to: 1 - type: integer 
	Parameter C_PROBE107_TYPE bound to: 1 - type: integer 
	Parameter C_PROBE108_TYPE bound to: 1 - type: integer 
	Parameter C_PROBE109_TYPE bound to: 1 - type: integer 
	Parameter C_PROBE110_TYPE bound to: 1 - type: integer 
	Parameter C_PROBE111_TYPE bound to: 1 - type: integer 
	Parameter C_PROBE112_TYPE bound to: 1 - type: integer 
	Parameter C_PROBE113_TYPE bound to: 1 - type: integer 
	Parameter C_PROBE114_TYPE bound to: 1 - type: integer 
	Parameter C_PROBE115_TYPE bound to: 1 - type: integer 
	Parameter C_PROBE116_TYPE bound to: 1 - type: integer 
	Parameter C_PROBE117_TYPE bound to: 1 - type: integer 
	Parameter C_PROBE118_TYPE bound to: 1 - type: integer 
	Parameter C_PROBE119_TYPE bound to: 1 - type: integer 
	Parameter C_PROBE120_TYPE bound to: 1 - type: integer 
	Parameter C_PROBE121_TYPE bound to: 1 - type: integer 
	Parameter C_PROBE122_TYPE bound to: 1 - type: integer 
	Parameter C_PROBE123_TYPE bound to: 1 - type: integer 
	Parameter C_PROBE124_TYPE bound to: 1 - type: integer 
	Parameter C_PROBE125_TYPE bound to: 1 - type: integer 
	Parameter C_PROBE126_TYPE bound to: 1 - type: integer 
	Parameter C_PROBE127_TYPE bound to: 1 - type: integer 
	Parameter C_PROBE128_TYPE bound to: 1 - type: integer 
	Parameter C_PROBE129_TYPE bound to: 1 - type: integer 
	Parameter C_PROBE130_TYPE bound to: 1 - type: integer 
	Parameter C_PROBE131_TYPE bound to: 1 - type: integer 
	Parameter C_PROBE132_TYPE bound to: 1 - type: integer 
	Parameter C_PROBE133_TYPE bound to: 1 - type: integer 
	Parameter C_PROBE134_TYPE bound to: 1 - type: integer 
	Parameter C_PROBE135_TYPE bound to: 1 - type: integer 
	Parameter C_PROBE136_TYPE bound to: 1 - type: integer 
	Parameter C_PROBE137_TYPE bound to: 1 - type: integer 
	Parameter C_PROBE138_TYPE bound to: 1 - type: integer 
	Parameter C_PROBE139_TYPE bound to: 1 - type: integer 
	Parameter C_PROBE140_TYPE bound to: 1 - type: integer 
	Parameter C_PROBE141_TYPE bound to: 1 - type: integer 
	Parameter C_PROBE142_TYPE bound to: 1 - type: integer 
	Parameter C_PROBE143_TYPE bound to: 1 - type: integer 
	Parameter C_PROBE144_TYPE bound to: 1 - type: integer 
	Parameter C_PROBE145_TYPE bound to: 1 - type: integer 
	Parameter C_PROBE146_TYPE bound to: 1 - type: integer 
	Parameter C_PROBE147_TYPE bound to: 1 - type: integer 
	Parameter C_PROBE148_TYPE bound to: 1 - type: integer 
	Parameter C_PROBE149_TYPE bound to: 1 - type: integer 
	Parameter C_PROBE150_TYPE bound to: 1 - type: integer 
	Parameter C_PROBE151_TYPE bound to: 1 - type: integer 
	Parameter C_PROBE152_TYPE bound to: 1 - type: integer 
	Parameter C_PROBE153_TYPE bound to: 1 - type: integer 
	Parameter C_PROBE154_TYPE bound to: 1 - type: integer 
	Parameter C_PROBE155_TYPE bound to: 1 - type: integer 
	Parameter C_PROBE156_TYPE bound to: 1 - type: integer 
	Parameter C_PROBE157_TYPE bound to: 1 - type: integer 
	Parameter C_PROBE158_TYPE bound to: 1 - type: integer 
	Parameter C_PROBE159_TYPE bound to: 1 - type: integer 
	Parameter C_PROBE160_TYPE bound to: 1 - type: integer 
	Parameter C_PROBE161_TYPE bound to: 1 - type: integer 
	Parameter C_PROBE162_TYPE bound to: 1 - type: integer 
	Parameter C_PROBE163_TYPE bound to: 1 - type: integer 
	Parameter C_PROBE164_TYPE bound to: 1 - type: integer 
	Parameter C_PROBE165_TYPE bound to: 1 - type: integer 
	Parameter C_PROBE166_TYPE bound to: 1 - type: integer 
	Parameter C_PROBE167_TYPE bound to: 1 - type: integer 
	Parameter C_PROBE168_TYPE bound to: 1 - type: integer 
	Parameter C_PROBE169_TYPE bound to: 1 - type: integer 
	Parameter C_PROBE170_TYPE bound to: 1 - type: integer 
	Parameter C_PROBE171_TYPE bound to: 1 - type: integer 
	Parameter C_PROBE172_TYPE bound to: 1 - type: integer 
	Parameter C_PROBE173_TYPE bound to: 1 - type: integer 
	Parameter C_PROBE174_TYPE bound to: 1 - type: integer 
	Parameter C_PROBE175_TYPE bound to: 1 - type: integer 
	Parameter C_PROBE176_TYPE bound to: 1 - type: integer 
	Parameter C_PROBE177_TYPE bound to: 1 - type: integer 
	Parameter C_PROBE178_TYPE bound to: 1 - type: integer 
	Parameter C_PROBE179_TYPE bound to: 1 - type: integer 
	Parameter C_PROBE180_TYPE bound to: 1 - type: integer 
	Parameter C_PROBE181_TYPE bound to: 1 - type: integer 
	Parameter C_PROBE182_TYPE bound to: 1 - type: integer 
	Parameter C_PROBE183_TYPE bound to: 1 - type: integer 
	Parameter C_PROBE184_TYPE bound to: 1 - type: integer 
	Parameter C_PROBE185_TYPE bound to: 1 - type: integer 
	Parameter C_PROBE186_TYPE bound to: 1 - type: integer 
	Parameter C_PROBE187_TYPE bound to: 1 - type: integer 
	Parameter C_PROBE188_TYPE bound to: 1 - type: integer 
	Parameter C_PROBE189_TYPE bound to: 1 - type: integer 
	Parameter C_PROBE190_TYPE bound to: 1 - type: integer 
	Parameter C_PROBE191_TYPE bound to: 1 - type: integer 
	Parameter C_PROBE192_TYPE bound to: 1 - type: integer 
	Parameter C_PROBE193_TYPE bound to: 1 - type: integer 
	Parameter C_PROBE194_TYPE bound to: 1 - type: integer 
	Parameter C_PROBE195_TYPE bound to: 1 - type: integer 
	Parameter C_PROBE196_TYPE bound to: 1 - type: integer 
	Parameter C_PROBE197_TYPE bound to: 1 - type: integer 
	Parameter C_PROBE198_TYPE bound to: 1 - type: integer 
	Parameter C_PROBE199_TYPE bound to: 1 - type: integer 
	Parameter C_PROBE200_TYPE bound to: 1 - type: integer 
	Parameter C_PROBE201_TYPE bound to: 1 - type: integer 
	Parameter C_PROBE202_TYPE bound to: 1 - type: integer 
	Parameter C_PROBE203_TYPE bound to: 1 - type: integer 
	Parameter C_PROBE204_TYPE bound to: 1 - type: integer 
	Parameter C_PROBE205_TYPE bound to: 1 - type: integer 
	Parameter C_PROBE206_TYPE bound to: 1 - type: integer 
	Parameter C_PROBE207_TYPE bound to: 1 - type: integer 
	Parameter C_PROBE208_TYPE bound to: 1 - type: integer 
	Parameter C_PROBE209_TYPE bound to: 1 - type: integer 
	Parameter C_PROBE210_TYPE bound to: 1 - type: integer 
	Parameter C_PROBE211_TYPE bound to: 1 - type: integer 
	Parameter C_PROBE212_TYPE bound to: 1 - type: integer 
	Parameter C_PROBE213_TYPE bound to: 1 - type: integer 
	Parameter C_PROBE214_TYPE bound to: 1 - type: integer 
	Parameter C_PROBE215_TYPE bound to: 1 - type: integer 
	Parameter C_PROBE216_TYPE bound to: 1 - type: integer 
	Parameter C_PROBE217_TYPE bound to: 1 - type: integer 
	Parameter C_PROBE218_TYPE bound to: 1 - type: integer 
	Parameter C_PROBE219_TYPE bound to: 1 - type: integer 
	Parameter C_PROBE220_TYPE bound to: 1 - type: integer 
	Parameter C_PROBE221_TYPE bound to: 1 - type: integer 
	Parameter C_PROBE222_TYPE bound to: 1 - type: integer 
	Parameter C_PROBE223_TYPE bound to: 1 - type: integer 
	Parameter C_PROBE224_TYPE bound to: 1 - type: integer 
	Parameter C_PROBE225_TYPE bound to: 1 - type: integer 
	Parameter C_PROBE226_TYPE bound to: 1 - type: integer 
	Parameter C_PROBE227_TYPE bound to: 1 - type: integer 
	Parameter C_PROBE228_TYPE bound to: 1 - type: integer 
	Parameter C_PROBE229_TYPE bound to: 1 - type: integer 
	Parameter C_PROBE230_TYPE bound to: 1 - type: integer 
	Parameter C_PROBE231_TYPE bound to: 1 - type: integer 
	Parameter C_PROBE232_TYPE bound to: 1 - type: integer 
	Parameter C_PROBE233_TYPE bound to: 1 - type: integer 
	Parameter C_PROBE234_TYPE bound to: 1 - type: integer 
	Parameter C_PROBE235_TYPE bound to: 1 - type: integer 
	Parameter C_PROBE236_TYPE bound to: 1 - type: integer 
	Parameter C_PROBE237_TYPE bound to: 1 - type: integer 
	Parameter C_PROBE238_TYPE bound to: 1 - type: integer 
	Parameter C_PROBE239_TYPE bound to: 1 - type: integer 
	Parameter C_PROBE240_TYPE bound to: 1 - type: integer 
	Parameter C_PROBE241_TYPE bound to: 1 - type: integer 
	Parameter C_PROBE242_TYPE bound to: 1 - type: integer 
	Parameter C_PROBE243_TYPE bound to: 1 - type: integer 
	Parameter C_PROBE244_TYPE bound to: 1 - type: integer 
	Parameter C_PROBE245_TYPE bound to: 1 - type: integer 
	Parameter C_PROBE246_TYPE bound to: 1 - type: integer 
	Parameter C_PROBE247_TYPE bound to: 1 - type: integer 
	Parameter C_PROBE248_TYPE bound to: 1 - type: integer 
	Parameter C_PROBE249_TYPE bound to: 1 - type: integer 
	Parameter C_PROBE250_TYPE bound to: 1 - type: integer 
	Parameter C_PROBE251_TYPE bound to: 1 - type: integer 
	Parameter C_PROBE252_TYPE bound to: 1 - type: integer 
	Parameter C_PROBE253_TYPE bound to: 1 - type: integer 
	Parameter C_PROBE254_TYPE bound to: 1 - type: integer 
	Parameter C_PROBE255_TYPE bound to: 1 - type: integer 
	Parameter C_PROBE256_TYPE bound to: 1 - type: integer 
	Parameter C_PROBE257_TYPE bound to: 1 - type: integer 
	Parameter C_PROBE258_TYPE bound to: 1 - type: integer 
	Parameter C_PROBE259_TYPE bound to: 1 - type: integer 
	Parameter C_PROBE260_TYPE bound to: 1 - type: integer 
	Parameter C_PROBE261_TYPE bound to: 1 - type: integer 
	Parameter C_PROBE262_TYPE bound to: 1 - type: integer 
	Parameter C_PROBE263_TYPE bound to: 1 - type: integer 
	Parameter C_PROBE264_TYPE bound to: 1 - type: integer 
	Parameter C_PROBE265_TYPE bound to: 1 - type: integer 
	Parameter C_PROBE266_TYPE bound to: 1 - type: integer 
	Parameter C_PROBE267_TYPE bound to: 1 - type: integer 
	Parameter C_PROBE268_TYPE bound to: 1 - type: integer 
	Parameter C_PROBE269_TYPE bound to: 1 - type: integer 
	Parameter C_PROBE270_TYPE bound to: 1 - type: integer 
	Parameter C_PROBE271_TYPE bound to: 1 - type: integer 
	Parameter C_PROBE272_TYPE bound to: 1 - type: integer 
	Parameter C_PROBE273_TYPE bound to: 1 - type: integer 
	Parameter C_PROBE274_TYPE bound to: 1 - type: integer 
	Parameter C_PROBE275_TYPE bound to: 1 - type: integer 
	Parameter C_PROBE276_TYPE bound to: 1 - type: integer 
	Parameter C_PROBE277_TYPE bound to: 1 - type: integer 
	Parameter C_PROBE278_TYPE bound to: 1 - type: integer 
	Parameter C_PROBE279_TYPE bound to: 1 - type: integer 
	Parameter C_PROBE280_TYPE bound to: 1 - type: integer 
	Parameter C_PROBE281_TYPE bound to: 1 - type: integer 
	Parameter C_PROBE282_TYPE bound to: 1 - type: integer 
	Parameter C_PROBE283_TYPE bound to: 1 - type: integer 
	Parameter C_PROBE284_TYPE bound to: 1 - type: integer 
	Parameter C_PROBE285_TYPE bound to: 1 - type: integer 
	Parameter C_PROBE286_TYPE bound to: 1 - type: integer 
	Parameter C_PROBE287_TYPE bound to: 1 - type: integer 
	Parameter C_PROBE288_TYPE bound to: 1 - type: integer 
	Parameter C_PROBE289_TYPE bound to: 1 - type: integer 
	Parameter C_PROBE290_TYPE bound to: 1 - type: integer 
	Parameter C_PROBE291_TYPE bound to: 1 - type: integer 
	Parameter C_PROBE292_TYPE bound to: 1 - type: integer 
	Parameter C_PROBE293_TYPE bound to: 1 - type: integer 
	Parameter C_PROBE294_TYPE bound to: 1 - type: integer 
	Parameter C_PROBE295_TYPE bound to: 1 - type: integer 
	Parameter C_PROBE296_TYPE bound to: 1 - type: integer 
	Parameter C_PROBE297_TYPE bound to: 1 - type: integer 
	Parameter C_PROBE298_TYPE bound to: 1 - type: integer 
	Parameter C_PROBE299_TYPE bound to: 1 - type: integer 
	Parameter C_PROBE300_TYPE bound to: 1 - type: integer 
	Parameter C_PROBE301_TYPE bound to: 1 - type: integer 
	Parameter C_PROBE302_TYPE bound to: 1 - type: integer 
	Parameter C_PROBE303_TYPE bound to: 1 - type: integer 
	Parameter C_PROBE304_TYPE bound to: 1 - type: integer 
	Parameter C_PROBE305_TYPE bound to: 1 - type: integer 
	Parameter C_PROBE306_TYPE bound to: 1 - type: integer 
	Parameter C_PROBE307_TYPE bound to: 1 - type: integer 
	Parameter C_PROBE308_TYPE bound to: 1 - type: integer 
	Parameter C_PROBE309_TYPE bound to: 1 - type: integer 
	Parameter C_PROBE310_TYPE bound to: 1 - type: integer 
	Parameter C_PROBE311_TYPE bound to: 1 - type: integer 
	Parameter C_PROBE312_TYPE bound to: 1 - type: integer 
	Parameter C_PROBE313_TYPE bound to: 1 - type: integer 
	Parameter C_PROBE314_TYPE bound to: 1 - type: integer 
	Parameter C_PROBE315_TYPE bound to: 1 - type: integer 
	Parameter C_PROBE316_TYPE bound to: 1 - type: integer 
	Parameter C_PROBE317_TYPE bound to: 1 - type: integer 
	Parameter C_PROBE318_TYPE bound to: 1 - type: integer 
	Parameter C_PROBE319_TYPE bound to: 1 - type: integer 
	Parameter C_PROBE320_TYPE bound to: 1 - type: integer 
	Parameter C_PROBE321_TYPE bound to: 1 - type: integer 
	Parameter C_PROBE322_TYPE bound to: 1 - type: integer 
	Parameter C_PROBE323_TYPE bound to: 1 - type: integer 
	Parameter C_PROBE324_TYPE bound to: 1 - type: integer 
	Parameter C_PROBE325_TYPE bound to: 1 - type: integer 
	Parameter C_PROBE326_TYPE bound to: 1 - type: integer 
	Parameter C_PROBE327_TYPE bound to: 1 - type: integer 
	Parameter C_PROBE328_TYPE bound to: 1 - type: integer 
	Parameter C_PROBE329_TYPE bound to: 1 - type: integer 
	Parameter C_PROBE330_TYPE bound to: 1 - type: integer 
	Parameter C_PROBE331_TYPE bound to: 1 - type: integer 
	Parameter C_PROBE332_TYPE bound to: 1 - type: integer 
	Parameter C_PROBE333_TYPE bound to: 1 - type: integer 
	Parameter C_PROBE334_TYPE bound to: 1 - type: integer 
	Parameter C_PROBE335_TYPE bound to: 1 - type: integer 
	Parameter C_PROBE336_TYPE bound to: 1 - type: integer 
	Parameter C_PROBE337_TYPE bound to: 1 - type: integer 
	Parameter C_PROBE338_TYPE bound to: 1 - type: integer 
	Parameter C_PROBE339_TYPE bound to: 1 - type: integer 
	Parameter C_PROBE340_TYPE bound to: 1 - type: integer 
	Parameter C_PROBE341_TYPE bound to: 1 - type: integer 
	Parameter C_PROBE342_TYPE bound to: 1 - type: integer 
	Parameter C_PROBE343_TYPE bound to: 1 - type: integer 
	Parameter C_PROBE344_TYPE bound to: 1 - type: integer 
	Parameter C_PROBE345_TYPE bound to: 1 - type: integer 
	Parameter C_PROBE346_TYPE bound to: 1 - type: integer 
	Parameter C_PROBE347_TYPE bound to: 1 - type: integer 
	Parameter C_PROBE348_TYPE bound to: 1 - type: integer 
	Parameter C_PROBE349_TYPE bound to: 1 - type: integer 
	Parameter C_PROBE350_TYPE bound to: 1 - type: integer 
	Parameter C_PROBE351_TYPE bound to: 1 - type: integer 
	Parameter C_PROBE352_TYPE bound to: 1 - type: integer 
	Parameter C_PROBE353_TYPE bound to: 1 - type: integer 
	Parameter C_PROBE354_TYPE bound to: 1 - type: integer 
	Parameter C_PROBE355_TYPE bound to: 1 - type: integer 
	Parameter C_PROBE356_TYPE bound to: 1 - type: integer 
	Parameter C_PROBE357_TYPE bound to: 1 - type: integer 
	Parameter C_PROBE358_TYPE bound to: 1 - type: integer 
	Parameter C_PROBE359_TYPE bound to: 1 - type: integer 
	Parameter C_PROBE360_TYPE bound to: 1 - type: integer 
	Parameter C_PROBE361_TYPE bound to: 1 - type: integer 
	Parameter C_PROBE362_TYPE bound to: 1 - type: integer 
	Parameter C_PROBE363_TYPE bound to: 1 - type: integer 
	Parameter C_PROBE364_TYPE bound to: 1 - type: integer 
	Parameter C_PROBE365_TYPE bound to: 1 - type: integer 
	Parameter C_PROBE366_TYPE bound to: 1 - type: integer 
	Parameter C_PROBE367_TYPE bound to: 1 - type: integer 
	Parameter C_PROBE368_TYPE bound to: 1 - type: integer 
	Parameter C_PROBE369_TYPE bound to: 1 - type: integer 
	Parameter C_PROBE370_TYPE bound to: 1 - type: integer 
	Parameter C_PROBE371_TYPE bound to: 1 - type: integer 
	Parameter C_PROBE372_TYPE bound to: 1 - type: integer 
	Parameter C_PROBE373_TYPE bound to: 1 - type: integer 
	Parameter C_PROBE374_TYPE bound to: 1 - type: integer 
	Parameter C_PROBE375_TYPE bound to: 1 - type: integer 
	Parameter C_PROBE376_TYPE bound to: 1 - type: integer 
	Parameter C_PROBE377_TYPE bound to: 1 - type: integer 
	Parameter C_PROBE378_TYPE bound to: 1 - type: integer 
	Parameter C_PROBE379_TYPE bound to: 1 - type: integer 
	Parameter C_PROBE380_TYPE bound to: 1 - type: integer 
	Parameter C_PROBE381_TYPE bound to: 1 - type: integer 
	Parameter C_PROBE382_TYPE bound to: 1 - type: integer 
	Parameter C_PROBE383_TYPE bound to: 1 - type: integer 
	Parameter C_PROBE384_TYPE bound to: 1 - type: integer 
	Parameter C_PROBE385_TYPE bound to: 1 - type: integer 
	Parameter C_PROBE386_TYPE bound to: 1 - type: integer 
	Parameter C_PROBE387_TYPE bound to: 1 - type: integer 
	Parameter C_PROBE388_TYPE bound to: 1 - type: integer 
	Parameter C_PROBE389_TYPE bound to: 1 - type: integer 
	Parameter C_PROBE390_TYPE bound to: 1 - type: integer 
	Parameter C_PROBE391_TYPE bound to: 1 - type: integer 
	Parameter C_PROBE392_TYPE bound to: 1 - type: integer 
	Parameter C_PROBE393_TYPE bound to: 1 - type: integer 
	Parameter C_PROBE394_TYPE bound to: 1 - type: integer 
	Parameter C_PROBE395_TYPE bound to: 1 - type: integer 
	Parameter C_PROBE396_TYPE bound to: 1 - type: integer 
	Parameter C_PROBE397_TYPE bound to: 1 - type: integer 
	Parameter C_PROBE398_TYPE bound to: 1 - type: integer 
	Parameter C_PROBE399_TYPE bound to: 1 - type: integer 
	Parameter C_PROBE400_TYPE bound to: 1 - type: integer 
	Parameter C_PROBE401_TYPE bound to: 1 - type: integer 
	Parameter C_PROBE402_TYPE bound to: 1 - type: integer 
	Parameter C_PROBE403_TYPE bound to: 1 - type: integer 
	Parameter C_PROBE404_TYPE bound to: 1 - type: integer 
	Parameter C_PROBE405_TYPE bound to: 1 - type: integer 
	Parameter C_PROBE406_TYPE bound to: 1 - type: integer 
	Parameter C_PROBE407_TYPE bound to: 1 - type: integer 
	Parameter C_PROBE408_TYPE bound to: 1 - type: integer 
	Parameter C_PROBE409_TYPE bound to: 1 - type: integer 
	Parameter C_PROBE410_TYPE bound to: 1 - type: integer 
	Parameter C_PROBE411_TYPE bound to: 1 - type: integer 
	Parameter C_PROBE412_TYPE bound to: 1 - type: integer 
	Parameter C_PROBE413_TYPE bound to: 1 - type: integer 
	Parameter C_PROBE414_TYPE bound to: 1 - type: integer 
	Parameter C_PROBE415_TYPE bound to: 1 - type: integer 
	Parameter C_PROBE416_TYPE bound to: 1 - type: integer 
	Parameter C_PROBE417_TYPE bound to: 1 - type: integer 
	Parameter C_PROBE418_TYPE bound to: 1 - type: integer 
	Parameter C_PROBE419_TYPE bound to: 1 - type: integer 
	Parameter C_PROBE420_TYPE bound to: 1 - type: integer 
	Parameter C_PROBE421_TYPE bound to: 1 - type: integer 
	Parameter C_PROBE422_TYPE bound to: 1 - type: integer 
	Parameter C_PROBE423_TYPE bound to: 1 - type: integer 
	Parameter C_PROBE424_TYPE bound to: 1 - type: integer 
	Parameter C_PROBE425_TYPE bound to: 1 - type: integer 
	Parameter C_PROBE426_TYPE bound to: 1 - type: integer 
	Parameter C_PROBE427_TYPE bound to: 1 - type: integer 
	Parameter C_PROBE428_TYPE bound to: 1 - type: integer 
	Parameter C_PROBE429_TYPE bound to: 1 - type: integer 
	Parameter C_PROBE430_TYPE bound to: 1 - type: integer 
	Parameter C_PROBE431_TYPE bound to: 1 - type: integer 
	Parameter C_PROBE432_TYPE bound to: 1 - type: integer 
	Parameter C_PROBE433_TYPE bound to: 1 - type: integer 
	Parameter C_PROBE434_TYPE bound to: 1 - type: integer 
	Parameter C_PROBE435_TYPE bound to: 1 - type: integer 
	Parameter C_PROBE436_TYPE bound to: 1 - type: integer 
	Parameter C_PROBE437_TYPE bound to: 1 - type: integer 
	Parameter C_PROBE438_TYPE bound to: 1 - type: integer 
	Parameter C_PROBE439_TYPE bound to: 1 - type: integer 
	Parameter C_PROBE440_TYPE bound to: 1 - type: integer 
	Parameter C_PROBE441_TYPE bound to: 1 - type: integer 
	Parameter C_PROBE442_TYPE bound to: 1 - type: integer 
	Parameter C_PROBE443_TYPE bound to: 1 - type: integer 
	Parameter C_PROBE444_TYPE bound to: 1 - type: integer 
	Parameter C_PROBE445_TYPE bound to: 1 - type: integer 
	Parameter C_PROBE446_TYPE bound to: 1 - type: integer 
	Parameter C_PROBE447_TYPE bound to: 1 - type: integer 
	Parameter C_PROBE448_TYPE bound to: 1 - type: integer 
	Parameter C_PROBE449_TYPE bound to: 1 - type: integer 
	Parameter C_PROBE450_TYPE bound to: 1 - type: integer 
	Parameter C_PROBE451_TYPE bound to: 1 - type: integer 
	Parameter C_PROBE452_TYPE bound to: 1 - type: integer 
	Parameter C_PROBE453_TYPE bound to: 1 - type: integer 
	Parameter C_PROBE454_TYPE bound to: 1 - type: integer 
	Parameter C_PROBE455_TYPE bound to: 1 - type: integer 
	Parameter C_PROBE456_TYPE bound to: 1 - type: integer 
	Parameter C_PROBE457_TYPE bound to: 1 - type: integer 
	Parameter C_PROBE458_TYPE bound to: 1 - type: integer 
	Parameter C_PROBE459_TYPE bound to: 1 - type: integer 
	Parameter C_PROBE460_TYPE bound to: 1 - type: integer 
	Parameter C_PROBE461_TYPE bound to: 1 - type: integer 
	Parameter C_PROBE462_TYPE bound to: 1 - type: integer 
	Parameter C_PROBE463_TYPE bound to: 1 - type: integer 
	Parameter C_PROBE464_TYPE bound to: 1 - type: integer 
	Parameter C_PROBE465_TYPE bound to: 1 - type: integer 
	Parameter C_PROBE466_TYPE bound to: 1 - type: integer 
	Parameter C_PROBE467_TYPE bound to: 1 - type: integer 
	Parameter C_PROBE468_TYPE bound to: 1 - type: integer 
	Parameter C_PROBE469_TYPE bound to: 1 - type: integer 
	Parameter C_PROBE470_TYPE bound to: 1 - type: integer 
	Parameter C_PROBE471_TYPE bound to: 1 - type: integer 
	Parameter C_PROBE472_TYPE bound to: 1 - type: integer 
	Parameter C_PROBE473_TYPE bound to: 1 - type: integer 
	Parameter C_PROBE474_TYPE bound to: 1 - type: integer 
	Parameter C_PROBE475_TYPE bound to: 1 - type: integer 
	Parameter C_PROBE476_TYPE bound to: 1 - type: integer 
	Parameter C_PROBE477_TYPE bound to: 1 - type: integer 
	Parameter C_PROBE478_TYPE bound to: 1 - type: integer 
	Parameter C_PROBE479_TYPE bound to: 1 - type: integer 
	Parameter C_PROBE480_TYPE bound to: 1 - type: integer 
	Parameter C_PROBE481_TYPE bound to: 1 - type: integer 
	Parameter C_PROBE482_TYPE bound to: 1 - type: integer 
	Parameter C_PROBE483_TYPE bound to: 1 - type: integer 
	Parameter C_PROBE484_TYPE bound to: 1 - type: integer 
	Parameter C_PROBE485_TYPE bound to: 1 - type: integer 
	Parameter C_PROBE486_TYPE bound to: 1 - type: integer 
	Parameter C_PROBE487_TYPE bound to: 1 - type: integer 
	Parameter C_PROBE488_TYPE bound to: 1 - type: integer 
	Parameter C_PROBE489_TYPE bound to: 1 - type: integer 
	Parameter C_PROBE490_TYPE bound to: 1 - type: integer 
	Parameter C_PROBE491_TYPE bound to: 1 - type: integer 
	Parameter C_PROBE492_TYPE bound to: 1 - type: integer 
	Parameter C_PROBE493_TYPE bound to: 1 - type: integer 
	Parameter C_PROBE494_TYPE bound to: 1 - type: integer 
	Parameter C_PROBE495_TYPE bound to: 1 - type: integer 
	Parameter C_PROBE496_TYPE bound to: 1 - type: integer 
	Parameter C_PROBE497_TYPE bound to: 1 - type: integer 
	Parameter C_PROBE498_TYPE bound to: 1 - type: integer 
	Parameter C_PROBE499_TYPE bound to: 1 - type: integer 
	Parameter C_PROBE500_TYPE bound to: 1 - type: integer 
	Parameter C_PROBE501_TYPE bound to: 1 - type: integer 
	Parameter C_PROBE502_TYPE bound to: 1 - type: integer 
	Parameter C_PROBE503_TYPE bound to: 1 - type: integer 
	Parameter C_PROBE504_TYPE bound to: 1 - type: integer 
	Parameter C_PROBE505_TYPE bound to: 1 - type: integer 
	Parameter C_PROBE506_TYPE bound to: 1 - type: integer 
	Parameter C_PROBE507_TYPE bound to: 1 - type: integer 
	Parameter C_PROBE508_TYPE bound to: 1 - type: integer 
	Parameter C_PROBE509_TYPE bound to: 1 - type: integer 
	Parameter C_PROBE510_TYPE bound to: 1 - type: integer 
	Parameter C_PROBE511_TYPE bound to: 1 - type: integer 
	Parameter C_PROBE512_TYPE bound to: 1 - type: integer 
	Parameter C_PROBE513_TYPE bound to: 1 - type: integer 
	Parameter C_PROBE514_TYPE bound to: 1 - type: integer 
	Parameter C_PROBE515_TYPE bound to: 1 - type: integer 
	Parameter C_PROBE516_TYPE bound to: 1 - type: integer 
	Parameter C_PROBE517_TYPE bound to: 1 - type: integer 
	Parameter C_PROBE518_TYPE bound to: 1 - type: integer 
	Parameter C_PROBE519_TYPE bound to: 1 - type: integer 
	Parameter C_PROBE520_TYPE bound to: 1 - type: integer 
	Parameter C_PROBE521_TYPE bound to: 1 - type: integer 
	Parameter C_PROBE522_TYPE bound to: 1 - type: integer 
	Parameter C_PROBE523_TYPE bound to: 1 - type: integer 
	Parameter C_PROBE524_TYPE bound to: 1 - type: integer 
	Parameter C_PROBE525_TYPE bound to: 1 - type: integer 
	Parameter C_PROBE526_TYPE bound to: 1 - type: integer 
	Parameter C_PROBE527_TYPE bound to: 1 - type: integer 
	Parameter C_PROBE528_TYPE bound to: 1 - type: integer 
	Parameter C_PROBE529_TYPE bound to: 1 - type: integer 
	Parameter C_PROBE530_TYPE bound to: 1 - type: integer 
	Parameter C_PROBE531_TYPE bound to: 1 - type: integer 
	Parameter C_PROBE532_TYPE bound to: 1 - type: integer 
	Parameter C_PROBE533_TYPE bound to: 1 - type: integer 
	Parameter C_PROBE534_TYPE bound to: 1 - type: integer 
	Parameter C_PROBE535_TYPE bound to: 1 - type: integer 
	Parameter C_PROBE536_TYPE bound to: 1 - type: integer 
	Parameter C_PROBE537_TYPE bound to: 1 - type: integer 
	Parameter C_PROBE538_TYPE bound to: 1 - type: integer 
	Parameter C_PROBE539_TYPE bound to: 1 - type: integer 
	Parameter C_PROBE540_TYPE bound to: 1 - type: integer 
	Parameter C_PROBE541_TYPE bound to: 1 - type: integer 
	Parameter C_PROBE542_TYPE bound to: 1 - type: integer 
	Parameter C_PROBE543_TYPE bound to: 1 - type: integer 
	Parameter C_PROBE544_TYPE bound to: 1 - type: integer 
	Parameter C_PROBE545_TYPE bound to: 1 - type: integer 
	Parameter C_PROBE546_TYPE bound to: 1 - type: integer 
	Parameter C_PROBE547_TYPE bound to: 1 - type: integer 
	Parameter C_PROBE548_TYPE bound to: 1 - type: integer 
	Parameter C_PROBE549_TYPE bound to: 1 - type: integer 
	Parameter C_PROBE550_TYPE bound to: 1 - type: integer 
	Parameter C_PROBE551_TYPE bound to: 1 - type: integer 
	Parameter C_PROBE552_TYPE bound to: 1 - type: integer 
	Parameter C_PROBE553_TYPE bound to: 1 - type: integer 
	Parameter C_PROBE554_TYPE bound to: 1 - type: integer 
	Parameter C_PROBE555_TYPE bound to: 1 - type: integer 
	Parameter C_PROBE556_TYPE bound to: 1 - type: integer 
	Parameter C_PROBE557_TYPE bound to: 1 - type: integer 
	Parameter C_PROBE558_TYPE bound to: 1 - type: integer 
	Parameter C_PROBE559_TYPE bound to: 1 - type: integer 
	Parameter C_PROBE560_TYPE bound to: 1 - type: integer 
	Parameter C_PROBE561_TYPE bound to: 1 - type: integer 
	Parameter C_PROBE562_TYPE bound to: 1 - type: integer 
	Parameter C_PROBE563_TYPE bound to: 1 - type: integer 
	Parameter C_PROBE564_TYPE bound to: 1 - type: integer 
	Parameter C_PROBE565_TYPE bound to: 1 - type: integer 
	Parameter C_PROBE566_TYPE bound to: 1 - type: integer 
	Parameter C_PROBE567_TYPE bound to: 1 - type: integer 
	Parameter C_PROBE568_TYPE bound to: 1 - type: integer 
	Parameter C_PROBE569_TYPE bound to: 1 - type: integer 
	Parameter C_PROBE570_TYPE bound to: 1 - type: integer 
	Parameter C_PROBE571_TYPE bound to: 1 - type: integer 
	Parameter C_PROBE572_TYPE bound to: 1 - type: integer 
	Parameter C_PROBE573_TYPE bound to: 1 - type: integer 
	Parameter C_PROBE574_TYPE bound to: 1 - type: integer 
	Parameter C_PROBE575_TYPE bound to: 1 - type: integer 
	Parameter C_PROBE576_TYPE bound to: 1 - type: integer 
	Parameter C_PROBE577_TYPE bound to: 1 - type: integer 
	Parameter C_PROBE578_TYPE bound to: 1 - type: integer 
	Parameter C_PROBE579_TYPE bound to: 1 - type: integer 
	Parameter C_PROBE580_TYPE bound to: 1 - type: integer 
	Parameter C_PROBE581_TYPE bound to: 1 - type: integer 
	Parameter C_PROBE582_TYPE bound to: 1 - type: integer 
	Parameter C_PROBE583_TYPE bound to: 1 - type: integer 
	Parameter C_PROBE584_TYPE bound to: 1 - type: integer 
	Parameter C_PROBE585_TYPE bound to: 1 - type: integer 
	Parameter C_PROBE586_TYPE bound to: 1 - type: integer 
	Parameter C_PROBE587_TYPE bound to: 1 - type: integer 
	Parameter C_PROBE588_TYPE bound to: 1 - type: integer 
	Parameter C_PROBE589_TYPE bound to: 1 - type: integer 
	Parameter C_PROBE590_TYPE bound to: 1 - type: integer 
	Parameter C_PROBE591_TYPE bound to: 1 - type: integer 
	Parameter C_PROBE592_TYPE bound to: 1 - type: integer 
	Parameter C_PROBE593_TYPE bound to: 1 - type: integer 
	Parameter C_PROBE594_TYPE bound to: 1 - type: integer 
	Parameter C_PROBE595_TYPE bound to: 1 - type: integer 
	Parameter C_PROBE596_TYPE bound to: 1 - type: integer 
	Parameter C_PROBE597_TYPE bound to: 1 - type: integer 
	Parameter C_PROBE598_TYPE bound to: 1 - type: integer 
	Parameter C_PROBE599_TYPE bound to: 1 - type: integer 
	Parameter C_PROBE600_TYPE bound to: 1 - type: integer 
	Parameter C_PROBE601_TYPE bound to: 1 - type: integer 
	Parameter C_PROBE602_TYPE bound to: 1 - type: integer 
	Parameter C_PROBE603_TYPE bound to: 1 - type: integer 
	Parameter C_PROBE604_TYPE bound to: 1 - type: integer 
	Parameter C_PROBE605_TYPE bound to: 1 - type: integer 
	Parameter C_PROBE606_TYPE bound to: 1 - type: integer 
	Parameter C_PROBE607_TYPE bound to: 1 - type: integer 
	Parameter C_PROBE608_TYPE bound to: 1 - type: integer 
	Parameter C_PROBE609_TYPE bound to: 1 - type: integer 
	Parameter C_PROBE610_TYPE bound to: 1 - type: integer 
	Parameter C_PROBE611_TYPE bound to: 1 - type: integer 
	Parameter C_PROBE612_TYPE bound to: 1 - type: integer 
	Parameter C_PROBE613_TYPE bound to: 1 - type: integer 
	Parameter C_PROBE614_TYPE bound to: 1 - type: integer 
	Parameter C_PROBE615_TYPE bound to: 1 - type: integer 
	Parameter C_PROBE616_TYPE bound to: 1 - type: integer 
	Parameter C_PROBE617_TYPE bound to: 1 - type: integer 
	Parameter C_PROBE618_TYPE bound to: 1 - type: integer 
	Parameter C_PROBE619_TYPE bound to: 1 - type: integer 
	Parameter C_PROBE620_TYPE bound to: 1 - type: integer 
	Parameter C_PROBE621_TYPE bound to: 1 - type: integer 
	Parameter C_PROBE622_TYPE bound to: 1 - type: integer 
	Parameter C_PROBE623_TYPE bound to: 1 - type: integer 
	Parameter C_PROBE624_TYPE bound to: 1 - type: integer 
	Parameter C_PROBE625_TYPE bound to: 1 - type: integer 
	Parameter C_PROBE626_TYPE bound to: 1 - type: integer 
	Parameter C_PROBE627_TYPE bound to: 1 - type: integer 
	Parameter C_PROBE628_TYPE bound to: 1 - type: integer 
	Parameter C_PROBE629_TYPE bound to: 1 - type: integer 
	Parameter C_PROBE630_TYPE bound to: 1 - type: integer 
	Parameter C_PROBE631_TYPE bound to: 1 - type: integer 
	Parameter C_PROBE632_TYPE bound to: 1 - type: integer 
	Parameter C_PROBE633_TYPE bound to: 1 - type: integer 
	Parameter C_PROBE634_TYPE bound to: 1 - type: integer 
	Parameter C_PROBE635_TYPE bound to: 1 - type: integer 
	Parameter C_PROBE636_TYPE bound to: 1 - type: integer 
	Parameter C_PROBE637_TYPE bound to: 1 - type: integer 
	Parameter C_PROBE638_TYPE bound to: 1 - type: integer 
	Parameter C_PROBE639_TYPE bound to: 1 - type: integer 
	Parameter C_PROBE640_TYPE bound to: 1 - type: integer 
	Parameter C_PROBE641_TYPE bound to: 1 - type: integer 
	Parameter C_PROBE642_TYPE bound to: 1 - type: integer 
	Parameter C_PROBE643_TYPE bound to: 1 - type: integer 
	Parameter C_PROBE644_TYPE bound to: 1 - type: integer 
	Parameter C_PROBE645_TYPE bound to: 1 - type: integer 
	Parameter C_PROBE646_TYPE bound to: 1 - type: integer 
	Parameter C_PROBE647_TYPE bound to: 1 - type: integer 
	Parameter C_PROBE648_TYPE bound to: 1 - type: integer 
	Parameter C_PROBE649_TYPE bound to: 1 - type: integer 
	Parameter C_PROBE650_TYPE bound to: 1 - type: integer 
	Parameter C_PROBE651_TYPE bound to: 1 - type: integer 
	Parameter C_PROBE652_TYPE bound to: 1 - type: integer 
	Parameter C_PROBE653_TYPE bound to: 1 - type: integer 
	Parameter C_PROBE654_TYPE bound to: 1 - type: integer 
	Parameter C_PROBE655_TYPE bound to: 1 - type: integer 
	Parameter C_PROBE656_TYPE bound to: 1 - type: integer 
	Parameter C_PROBE657_TYPE bound to: 1 - type: integer 
	Parameter C_PROBE658_TYPE bound to: 1 - type: integer 
	Parameter C_PROBE659_TYPE bound to: 1 - type: integer 
	Parameter C_PROBE660_TYPE bound to: 1 - type: integer 
	Parameter C_PROBE661_TYPE bound to: 1 - type: integer 
	Parameter C_PROBE662_TYPE bound to: 1 - type: integer 
	Parameter C_PROBE663_TYPE bound to: 1 - type: integer 
	Parameter C_PROBE664_TYPE bound to: 1 - type: integer 
	Parameter C_PROBE665_TYPE bound to: 1 - type: integer 
	Parameter C_PROBE666_TYPE bound to: 1 - type: integer 
	Parameter C_PROBE667_TYPE bound to: 1 - type: integer 
	Parameter C_PROBE668_TYPE bound to: 1 - type: integer 
	Parameter C_PROBE669_TYPE bound to: 1 - type: integer 
	Parameter C_PROBE670_TYPE bound to: 1 - type: integer 
	Parameter C_PROBE671_TYPE bound to: 1 - type: integer 
	Parameter C_PROBE672_TYPE bound to: 1 - type: integer 
	Parameter C_PROBE673_TYPE bound to: 1 - type: integer 
	Parameter C_PROBE674_TYPE bound to: 1 - type: integer 
	Parameter C_PROBE675_TYPE bound to: 1 - type: integer 
	Parameter C_PROBE676_TYPE bound to: 1 - type: integer 
	Parameter C_PROBE677_TYPE bound to: 1 - type: integer 
	Parameter C_PROBE678_TYPE bound to: 1 - type: integer 
	Parameter C_PROBE679_TYPE bound to: 1 - type: integer 
	Parameter C_PROBE680_TYPE bound to: 1 - type: integer 
	Parameter C_PROBE681_TYPE bound to: 1 - type: integer 
	Parameter C_PROBE682_TYPE bound to: 1 - type: integer 
	Parameter C_PROBE683_TYPE bound to: 1 - type: integer 
	Parameter C_PROBE684_TYPE bound to: 1 - type: integer 
	Parameter C_PROBE685_TYPE bound to: 1 - type: integer 
	Parameter C_PROBE686_TYPE bound to: 1 - type: integer 
	Parameter C_PROBE687_TYPE bound to: 1 - type: integer 
	Parameter C_PROBE688_TYPE bound to: 1 - type: integer 
	Parameter C_PROBE689_TYPE bound to: 1 - type: integer 
	Parameter C_PROBE690_TYPE bound to: 1 - type: integer 
	Parameter C_PROBE691_TYPE bound to: 1 - type: integer 
	Parameter C_PROBE692_TYPE bound to: 1 - type: integer 
	Parameter C_PROBE693_TYPE bound to: 1 - type: integer 
	Parameter C_PROBE694_TYPE bound to: 1 - type: integer 
	Parameter C_PROBE695_TYPE bound to: 1 - type: integer 
	Parameter C_PROBE696_TYPE bound to: 1 - type: integer 
	Parameter C_PROBE697_TYPE bound to: 1 - type: integer 
	Parameter C_PROBE698_TYPE bound to: 1 - type: integer 
	Parameter C_PROBE699_TYPE bound to: 1 - type: integer 
	Parameter C_PROBE700_TYPE bound to: 1 - type: integer 
	Parameter C_PROBE701_TYPE bound to: 1 - type: integer 
	Parameter C_PROBE702_TYPE bound to: 1 - type: integer 
	Parameter C_PROBE703_TYPE bound to: 1 - type: integer 
	Parameter C_PROBE704_TYPE bound to: 1 - type: integer 
	Parameter C_PROBE705_TYPE bound to: 1 - type: integer 
	Parameter C_PROBE706_TYPE bound to: 1 - type: integer 
	Parameter C_PROBE707_TYPE bound to: 1 - type: integer 
	Parameter C_PROBE708_TYPE bound to: 1 - type: integer 
	Parameter C_PROBE709_TYPE bound to: 1 - type: integer 
	Parameter C_PROBE710_TYPE bound to: 1 - type: integer 
	Parameter C_PROBE711_TYPE bound to: 1 - type: integer 
	Parameter C_PROBE712_TYPE bound to: 1 - type: integer 
	Parameter C_PROBE713_TYPE bound to: 1 - type: integer 
	Parameter C_PROBE714_TYPE bound to: 1 - type: integer 
	Parameter C_PROBE715_TYPE bound to: 1 - type: integer 
	Parameter C_PROBE716_TYPE bound to: 1 - type: integer 
	Parameter C_PROBE717_TYPE bound to: 1 - type: integer 
	Parameter C_PROBE718_TYPE bound to: 1 - type: integer 
	Parameter C_PROBE719_TYPE bound to: 1 - type: integer 
	Parameter C_PROBE720_TYPE bound to: 1 - type: integer 
	Parameter C_PROBE721_TYPE bound to: 1 - type: integer 
	Parameter C_PROBE722_TYPE bound to: 1 - type: integer 
	Parameter C_PROBE723_TYPE bound to: 1 - type: integer 
	Parameter C_PROBE724_TYPE bound to: 1 - type: integer 
	Parameter C_PROBE725_TYPE bound to: 1 - type: integer 
	Parameter C_PROBE726_TYPE bound to: 1 - type: integer 
	Parameter C_PROBE727_TYPE bound to: 1 - type: integer 
	Parameter C_PROBE728_TYPE bound to: 1 - type: integer 
	Parameter C_PROBE729_TYPE bound to: 1 - type: integer 
	Parameter C_PROBE730_TYPE bound to: 1 - type: integer 
	Parameter C_PROBE731_TYPE bound to: 1 - type: integer 
	Parameter C_PROBE732_TYPE bound to: 1 - type: integer 
	Parameter C_PROBE733_TYPE bound to: 1 - type: integer 
	Parameter C_PROBE734_TYPE bound to: 1 - type: integer 
	Parameter C_PROBE735_TYPE bound to: 1 - type: integer 
	Parameter C_PROBE736_TYPE bound to: 1 - type: integer 
	Parameter C_PROBE737_TYPE bound to: 1 - type: integer 
	Parameter C_PROBE738_TYPE bound to: 1 - type: integer 
	Parameter C_PROBE739_TYPE bound to: 1 - type: integer 
	Parameter C_PROBE740_TYPE bound to: 1 - type: integer 
	Parameter C_PROBE741_TYPE bound to: 1 - type: integer 
	Parameter C_PROBE742_TYPE bound to: 1 - type: integer 
	Parameter C_PROBE743_TYPE bound to: 1 - type: integer 
	Parameter C_PROBE744_TYPE bound to: 1 - type: integer 
	Parameter C_PROBE745_TYPE bound to: 1 - type: integer 
	Parameter C_PROBE746_TYPE bound to: 1 - type: integer 
	Parameter C_PROBE747_TYPE bound to: 1 - type: integer 
	Parameter C_PROBE748_TYPE bound to: 1 - type: integer 
	Parameter C_PROBE749_TYPE bound to: 1 - type: integer 
	Parameter C_PROBE750_TYPE bound to: 1 - type: integer 
	Parameter C_PROBE751_TYPE bound to: 1 - type: integer 
	Parameter C_PROBE752_TYPE bound to: 1 - type: integer 
	Parameter C_PROBE753_TYPE bound to: 1 - type: integer 
	Parameter C_PROBE754_TYPE bound to: 1 - type: integer 
	Parameter C_PROBE755_TYPE bound to: 1 - type: integer 
	Parameter C_PROBE756_TYPE bound to: 1 - type: integer 
	Parameter C_PROBE757_TYPE bound to: 1 - type: integer 
	Parameter C_PROBE758_TYPE bound to: 1 - type: integer 
	Parameter C_PROBE759_TYPE bound to: 1 - type: integer 
	Parameter C_PROBE760_TYPE bound to: 1 - type: integer 
	Parameter C_PROBE761_TYPE bound to: 1 - type: integer 
	Parameter C_PROBE762_TYPE bound to: 1 - type: integer 
	Parameter C_PROBE763_TYPE bound to: 1 - type: integer 
	Parameter C_PROBE764_TYPE bound to: 1 - type: integer 
	Parameter C_PROBE765_TYPE bound to: 1 - type: integer 
	Parameter C_PROBE766_TYPE bound to: 1 - type: integer 
	Parameter C_PROBE767_TYPE bound to: 1 - type: integer 
	Parameter C_PROBE768_TYPE bound to: 1 - type: integer 
	Parameter C_PROBE769_TYPE bound to: 1 - type: integer 
	Parameter C_PROBE770_TYPE bound to: 1 - type: integer 
	Parameter C_PROBE771_TYPE bound to: 1 - type: integer 
	Parameter C_PROBE772_TYPE bound to: 1 - type: integer 
	Parameter C_PROBE773_TYPE bound to: 1 - type: integer 
	Parameter C_PROBE774_TYPE bound to: 1 - type: integer 
	Parameter C_PROBE775_TYPE bound to: 1 - type: integer 
	Parameter C_PROBE776_TYPE bound to: 1 - type: integer 
	Parameter C_PROBE777_TYPE bound to: 1 - type: integer 
	Parameter C_PROBE778_TYPE bound to: 1 - type: integer 
	Parameter C_PROBE779_TYPE bound to: 1 - type: integer 
	Parameter C_PROBE780_TYPE bound to: 1 - type: integer 
	Parameter C_PROBE781_TYPE bound to: 1 - type: integer 
	Parameter C_PROBE782_TYPE bound to: 1 - type: integer 
	Parameter C_PROBE783_TYPE bound to: 1 - type: integer 
	Parameter C_PROBE784_TYPE bound to: 1 - type: integer 
	Parameter C_PROBE785_TYPE bound to: 1 - type: integer 
	Parameter C_PROBE786_TYPE bound to: 1 - type: integer 
	Parameter C_PROBE787_TYPE bound to: 1 - type: integer 
	Parameter C_PROBE788_TYPE bound to: 1 - type: integer 
	Parameter C_PROBE789_TYPE bound to: 1 - type: integer 
	Parameter C_PROBE790_TYPE bound to: 1 - type: integer 
	Parameter C_PROBE791_TYPE bound to: 1 - type: integer 
	Parameter C_PROBE792_TYPE bound to: 1 - type: integer 
	Parameter C_PROBE793_TYPE bound to: 1 - type: integer 
	Parameter C_PROBE794_TYPE bound to: 1 - type: integer 
	Parameter C_PROBE795_TYPE bound to: 1 - type: integer 
	Parameter C_PROBE796_TYPE bound to: 1 - type: integer 
	Parameter C_PROBE797_TYPE bound to: 1 - type: integer 
	Parameter C_PROBE798_TYPE bound to: 1 - type: integer 
	Parameter C_PROBE799_TYPE bound to: 1 - type: integer 
	Parameter C_PROBE800_TYPE bound to: 1 - type: integer 
	Parameter C_PROBE801_TYPE bound to: 1 - type: integer 
	Parameter C_PROBE802_TYPE bound to: 1 - type: integer 
	Parameter C_PROBE803_TYPE bound to: 1 - type: integer 
	Parameter C_PROBE804_TYPE bound to: 1 - type: integer 
	Parameter C_PROBE805_TYPE bound to: 1 - type: integer 
	Parameter C_PROBE806_TYPE bound to: 1 - type: integer 
	Parameter C_PROBE807_TYPE bound to: 1 - type: integer 
	Parameter C_PROBE808_TYPE bound to: 1 - type: integer 
	Parameter C_PROBE809_TYPE bound to: 1 - type: integer 
	Parameter C_PROBE810_TYPE bound to: 1 - type: integer 
	Parameter C_PROBE811_TYPE bound to: 1 - type: integer 
	Parameter C_PROBE812_TYPE bound to: 1 - type: integer 
	Parameter C_PROBE813_TYPE bound to: 1 - type: integer 
	Parameter C_PROBE814_TYPE bound to: 1 - type: integer 
	Parameter C_PROBE815_TYPE bound to: 1 - type: integer 
	Parameter C_PROBE816_TYPE bound to: 1 - type: integer 
	Parameter C_PROBE817_TYPE bound to: 1 - type: integer 
	Parameter C_PROBE818_TYPE bound to: 1 - type: integer 
	Parameter C_PROBE819_TYPE bound to: 1 - type: integer 
	Parameter C_PROBE820_TYPE bound to: 1 - type: integer 
	Parameter C_PROBE821_TYPE bound to: 1 - type: integer 
	Parameter C_PROBE822_TYPE bound to: 1 - type: integer 
	Parameter C_PROBE823_TYPE bound to: 1 - type: integer 
	Parameter C_PROBE824_TYPE bound to: 1 - type: integer 
	Parameter C_PROBE825_TYPE bound to: 1 - type: integer 
	Parameter C_PROBE826_TYPE bound to: 1 - type: integer 
	Parameter C_PROBE827_TYPE bound to: 1 - type: integer 
	Parameter C_PROBE828_TYPE bound to: 1 - type: integer 
	Parameter C_PROBE829_TYPE bound to: 1 - type: integer 
	Parameter C_PROBE830_TYPE bound to: 1 - type: integer 
	Parameter C_PROBE831_TYPE bound to: 1 - type: integer 
	Parameter C_PROBE832_TYPE bound to: 1 - type: integer 
	Parameter C_PROBE833_TYPE bound to: 1 - type: integer 
	Parameter C_PROBE834_TYPE bound to: 1 - type: integer 
	Parameter C_PROBE835_TYPE bound to: 1 - type: integer 
	Parameter C_PROBE836_TYPE bound to: 1 - type: integer 
	Parameter C_PROBE837_TYPE bound to: 1 - type: integer 
	Parameter C_PROBE838_TYPE bound to: 1 - type: integer 
	Parameter C_PROBE839_TYPE bound to: 1 - type: integer 
	Parameter C_PROBE840_TYPE bound to: 1 - type: integer 
	Parameter C_PROBE841_TYPE bound to: 1 - type: integer 
	Parameter C_PROBE842_TYPE bound to: 1 - type: integer 
	Parameter C_PROBE843_TYPE bound to: 1 - type: integer 
	Parameter C_PROBE844_TYPE bound to: 1 - type: integer 
	Parameter C_PROBE845_TYPE bound to: 1 - type: integer 
	Parameter C_PROBE846_TYPE bound to: 1 - type: integer 
	Parameter C_PROBE847_TYPE bound to: 1 - type: integer 
	Parameter C_PROBE848_TYPE bound to: 1 - type: integer 
	Parameter C_PROBE849_TYPE bound to: 1 - type: integer 
	Parameter C_PROBE850_TYPE bound to: 1 - type: integer 
	Parameter C_PROBE851_TYPE bound to: 1 - type: integer 
	Parameter C_PROBE852_TYPE bound to: 1 - type: integer 
	Parameter C_PROBE853_TYPE bound to: 1 - type: integer 
	Parameter C_PROBE854_TYPE bound to: 1 - type: integer 
	Parameter C_PROBE855_TYPE bound to: 1 - type: integer 
	Parameter C_PROBE856_TYPE bound to: 1 - type: integer 
	Parameter C_PROBE857_TYPE bound to: 1 - type: integer 
	Parameter C_PROBE858_TYPE bound to: 1 - type: integer 
	Parameter C_PROBE859_TYPE bound to: 1 - type: integer 
	Parameter C_PROBE860_TYPE bound to: 1 - type: integer 
	Parameter C_PROBE861_TYPE bound to: 1 - type: integer 
	Parameter C_PROBE862_TYPE bound to: 1 - type: integer 
	Parameter C_PROBE863_TYPE bound to: 1 - type: integer 
	Parameter C_PROBE864_TYPE bound to: 1 - type: integer 
	Parameter C_PROBE865_TYPE bound to: 1 - type: integer 
	Parameter C_PROBE866_TYPE bound to: 1 - type: integer 
	Parameter C_PROBE867_TYPE bound to: 1 - type: integer 
	Parameter C_PROBE868_TYPE bound to: 1 - type: integer 
	Parameter C_PROBE869_TYPE bound to: 1 - type: integer 
	Parameter C_PROBE870_TYPE bound to: 1 - type: integer 
	Parameter C_PROBE871_TYPE bound to: 1 - type: integer 
	Parameter C_PROBE872_TYPE bound to: 1 - type: integer 
	Parameter C_PROBE873_TYPE bound to: 1 - type: integer 
	Parameter C_PROBE874_TYPE bound to: 1 - type: integer 
	Parameter C_PROBE875_TYPE bound to: 1 - type: integer 
	Parameter C_PROBE876_TYPE bound to: 1 - type: integer 
	Parameter C_PROBE877_TYPE bound to: 1 - type: integer 
	Parameter C_PROBE878_TYPE bound to: 1 - type: integer 
	Parameter C_PROBE879_TYPE bound to: 1 - type: integer 
	Parameter C_PROBE880_TYPE bound to: 1 - type: integer 
	Parameter C_PROBE881_TYPE bound to: 1 - type: integer 
	Parameter C_PROBE882_TYPE bound to: 1 - type: integer 
	Parameter C_PROBE883_TYPE bound to: 1 - type: integer 
	Parameter C_PROBE884_TYPE bound to: 1 - type: integer 
	Parameter C_PROBE885_TYPE bound to: 1 - type: integer 
	Parameter C_PROBE886_TYPE bound to: 1 - type: integer 
	Parameter C_PROBE887_TYPE bound to: 1 - type: integer 
	Parameter C_PROBE888_TYPE bound to: 1 - type: integer 
	Parameter C_PROBE889_TYPE bound to: 1 - type: integer 
	Parameter C_PROBE890_TYPE bound to: 1 - type: integer 
	Parameter C_PROBE891_TYPE bound to: 1 - type: integer 
	Parameter C_PROBE892_TYPE bound to: 1 - type: integer 
	Parameter C_PROBE893_TYPE bound to: 1 - type: integer 
	Parameter C_PROBE894_TYPE bound to: 1 - type: integer 
	Parameter C_PROBE895_TYPE bound to: 1 - type: integer 
	Parameter C_PROBE896_TYPE bound to: 1 - type: integer 
	Parameter C_PROBE897_TYPE bound to: 1 - type: integer 
	Parameter C_PROBE898_TYPE bound to: 1 - type: integer 
	Parameter C_PROBE899_TYPE bound to: 1 - type: integer 
	Parameter C_PROBE900_TYPE bound to: 1 - type: integer 
	Parameter C_PROBE901_TYPE bound to: 1 - type: integer 
	Parameter C_PROBE902_TYPE bound to: 1 - type: integer 
	Parameter C_PROBE903_TYPE bound to: 1 - type: integer 
	Parameter C_PROBE904_TYPE bound to: 1 - type: integer 
	Parameter C_PROBE905_TYPE bound to: 1 - type: integer 
	Parameter C_PROBE906_TYPE bound to: 1 - type: integer 
	Parameter C_PROBE907_TYPE bound to: 1 - type: integer 
	Parameter C_PROBE908_TYPE bound to: 1 - type: integer 
	Parameter C_PROBE909_TYPE bound to: 1 - type: integer 
	Parameter C_PROBE910_TYPE bound to: 1 - type: integer 
	Parameter C_PROBE911_TYPE bound to: 1 - type: integer 
	Parameter C_PROBE912_TYPE bound to: 1 - type: integer 
	Parameter C_PROBE913_TYPE bound to: 1 - type: integer 
	Parameter C_PROBE914_TYPE bound to: 1 - type: integer 
	Parameter C_PROBE915_TYPE bound to: 1 - type: integer 
	Parameter C_PROBE916_TYPE bound to: 1 - type: integer 
	Parameter C_PROBE917_TYPE bound to: 1 - type: integer 
	Parameter C_PROBE918_TYPE bound to: 1 - type: integer 
	Parameter C_PROBE919_TYPE bound to: 1 - type: integer 
	Parameter C_PROBE920_TYPE bound to: 1 - type: integer 
	Parameter C_PROBE921_TYPE bound to: 1 - type: integer 
	Parameter C_PROBE922_TYPE bound to: 1 - type: integer 
	Parameter C_PROBE923_TYPE bound to: 1 - type: integer 
	Parameter C_PROBE924_TYPE bound to: 1 - type: integer 
	Parameter C_PROBE925_TYPE bound to: 1 - type: integer 
	Parameter C_PROBE926_TYPE bound to: 1 - type: integer 
	Parameter C_PROBE927_TYPE bound to: 1 - type: integer 
	Parameter C_PROBE928_TYPE bound to: 1 - type: integer 
	Parameter C_PROBE929_TYPE bound to: 1 - type: integer 
	Parameter C_PROBE930_TYPE bound to: 1 - type: integer 
	Parameter C_PROBE931_TYPE bound to: 1 - type: integer 
	Parameter C_PROBE932_TYPE bound to: 1 - type: integer 
	Parameter C_PROBE933_TYPE bound to: 1 - type: integer 
	Parameter C_PROBE934_TYPE bound to: 1 - type: integer 
	Parameter C_PROBE935_TYPE bound to: 1 - type: integer 
	Parameter C_PROBE936_TYPE bound to: 1 - type: integer 
	Parameter C_PROBE937_TYPE bound to: 1 - type: integer 
	Parameter C_PROBE938_TYPE bound to: 1 - type: integer 
	Parameter C_PROBE939_TYPE bound to: 1 - type: integer 
	Parameter C_PROBE940_TYPE bound to: 1 - type: integer 
	Parameter C_PROBE941_TYPE bound to: 1 - type: integer 
	Parameter C_PROBE942_TYPE bound to: 1 - type: integer 
	Parameter C_PROBE943_TYPE bound to: 1 - type: integer 
	Parameter C_PROBE944_TYPE bound to: 1 - type: integer 
	Parameter C_PROBE945_TYPE bound to: 1 - type: integer 
	Parameter C_PROBE946_TYPE bound to: 1 - type: integer 
	Parameter C_PROBE947_TYPE bound to: 1 - type: integer 
	Parameter C_PROBE948_TYPE bound to: 1 - type: integer 
	Parameter C_PROBE949_TYPE bound to: 1 - type: integer 
	Parameter C_PROBE950_TYPE bound to: 1 - type: integer 
	Parameter C_PROBE951_TYPE bound to: 1 - type: integer 
	Parameter C_PROBE952_TYPE bound to: 1 - type: integer 
	Parameter C_PROBE953_TYPE bound to: 1 - type: integer 
	Parameter C_PROBE954_TYPE bound to: 1 - type: integer 
	Parameter C_PROBE955_TYPE bound to: 1 - type: integer 
	Parameter C_PROBE956_TYPE bound to: 1 - type: integer 
	Parameter C_PROBE957_TYPE bound to: 1 - type: integer 
	Parameter C_PROBE958_TYPE bound to: 1 - type: integer 
	Parameter C_PROBE959_TYPE bound to: 1 - type: integer 
	Parameter C_PROBE960_TYPE bound to: 1 - type: integer 
	Parameter C_PROBE961_TYPE bound to: 1 - type: integer 
	Parameter C_PROBE962_TYPE bound to: 1 - type: integer 
	Parameter C_PROBE963_TYPE bound to: 1 - type: integer 
	Parameter C_PROBE964_TYPE bound to: 1 - type: integer 
	Parameter C_PROBE965_TYPE bound to: 1 - type: integer 
	Parameter C_PROBE966_TYPE bound to: 1 - type: integer 
	Parameter C_PROBE967_TYPE bound to: 1 - type: integer 
	Parameter C_PROBE968_TYPE bound to: 1 - type: integer 
	Parameter C_PROBE969_TYPE bound to: 1 - type: integer 
	Parameter C_PROBE970_TYPE bound to: 1 - type: integer 
	Parameter C_PROBE971_TYPE bound to: 1 - type: integer 
	Parameter C_PROBE972_TYPE bound to: 1 - type: integer 
	Parameter C_PROBE973_TYPE bound to: 1 - type: integer 
	Parameter C_PROBE974_TYPE bound to: 1 - type: integer 
	Parameter C_PROBE975_TYPE bound to: 1 - type: integer 
	Parameter C_PROBE976_TYPE bound to: 1 - type: integer 
	Parameter C_PROBE977_TYPE bound to: 1 - type: integer 
	Parameter C_PROBE978_TYPE bound to: 1 - type: integer 
	Parameter C_PROBE979_TYPE bound to: 1 - type: integer 
	Parameter C_PROBE980_TYPE bound to: 1 - type: integer 
	Parameter C_PROBE981_TYPE bound to: 1 - type: integer 
	Parameter C_PROBE982_TYPE bound to: 1 - type: integer 
	Parameter C_PROBE983_TYPE bound to: 1 - type: integer 
	Parameter C_PROBE984_TYPE bound to: 1 - type: integer 
	Parameter C_PROBE985_TYPE bound to: 1 - type: integer 
	Parameter C_PROBE986_TYPE bound to: 1 - type: integer 
	Parameter C_PROBE987_TYPE bound to: 1 - type: integer 
	Parameter C_PROBE988_TYPE bound to: 1 - type: integer 
	Parameter C_PROBE989_TYPE bound to: 1 - type: integer 
	Parameter C_PROBE990_TYPE bound to: 1 - type: integer 
	Parameter C_PROBE991_TYPE bound to: 1 - type: integer 
	Parameter C_PROBE992_TYPE bound to: 1 - type: integer 
	Parameter C_PROBE993_TYPE bound to: 1 - type: integer 
	Parameter C_PROBE994_TYPE bound to: 1 - type: integer 
	Parameter C_PROBE995_TYPE bound to: 1 - type: integer 
	Parameter C_PROBE996_TYPE bound to: 1 - type: integer 
	Parameter C_PROBE997_TYPE bound to: 1 - type: integer 
	Parameter C_PROBE998_TYPE bound to: 1 - type: integer 
	Parameter C_PROBE999_TYPE bound to: 1 - type: integer 
	Parameter C_PROBE1000_TYPE bound to: 1 - type: integer 
	Parameter C_PROBE1001_TYPE bound to: 1 - type: integer 
	Parameter C_PROBE1002_TYPE bound to: 1 - type: integer 
	Parameter C_PROBE1003_TYPE bound to: 1 - type: integer 
	Parameter C_PROBE1004_TYPE bound to: 1 - type: integer 
	Parameter C_PROBE1005_TYPE bound to: 1 - type: integer 
	Parameter C_PROBE1006_TYPE bound to: 1 - type: integer 
	Parameter C_PROBE1007_TYPE bound to: 1 - type: integer 
	Parameter C_PROBE1008_TYPE bound to: 1 - type: integer 
	Parameter C_PROBE1009_TYPE bound to: 1 - type: integer 
	Parameter C_PROBE1010_TYPE bound to: 1 - type: integer 
	Parameter C_PROBE1011_TYPE bound to: 1 - type: integer 
	Parameter C_PROBE1012_TYPE bound to: 1 - type: integer 
	Parameter C_PROBE1013_TYPE bound to: 1 - type: integer 
	Parameter C_PROBE1014_TYPE bound to: 1 - type: integer 
	Parameter C_PROBE1015_TYPE bound to: 1 - type: integer 
	Parameter C_PROBE1016_TYPE bound to: 1 - type: integer 
	Parameter C_PROBE1017_TYPE bound to: 1 - type: integer 
	Parameter C_PROBE1018_TYPE bound to: 1 - type: integer 
	Parameter C_PROBE1019_TYPE bound to: 1 - type: integer 
	Parameter C_PROBE1020_TYPE bound to: 1 - type: integer 
	Parameter C_PROBE1021_TYPE bound to: 1 - type: integer 
	Parameter C_PROBE1022_TYPE bound to: 1 - type: integer 
	Parameter C_PROBE1023_TYPE bound to: 1 - type: integer 
INFO: [Synth 8-3491] module 'ila_v6_2_15_ila' declared at 'c:/Users/clb20123/Documents/FO-RFSoC-4YP/2x2_files/PLEASE/PLEASE.gen/sources_1/bd/PYNQ_Design/ipshared/2340/hdl/ila_v6_2_syn_rfs.v:6191' bound to instance 'U0' of component 'ila_v6_2_15_ila' [c:/Users/clb20123/Documents/FO-RFSoC-4YP/2x2_files/PLEASE/PLEASE.gen/sources_1/bd/PYNQ_Design/ip/PYNQ_Design_system_ila_0_0/bd_0/ip/ip_0/synth/bd_5ea3_ila_lib_0.vhd:4255]
INFO: [Synth 8-256] done synthesizing module 'bd_5ea3_ila_lib_0' (0#1) [c:/Users/clb20123/Documents/FO-RFSoC-4YP/2x2_files/PLEASE/PLEASE.gen/sources_1/bd/PYNQ_Design/ip/PYNQ_Design_system_ila_0_0/bd_0/ip/ip_0/synth/bd_5ea3_ila_lib_0.vhd:70]
INFO: [Synth 8-256] done synthesizing module 'bd_5ea3' (0#1) [c:/Users/clb20123/Documents/FO-RFSoC-4YP/2x2_files/PLEASE/PLEASE.gen/sources_1/bd/PYNQ_Design/ip/PYNQ_Design_system_ila_0_0/bd_0/synth/bd_5ea3.vhd:32]
INFO: [Synth 8-256] done synthesizing module 'PYNQ_Design_system_ila_0_0' (0#1) [c:/Users/clb20123/Documents/FO-RFSoC-4YP/2x2_files/PLEASE/PLEASE.gen/sources_1/bd/PYNQ_Design/ip/PYNQ_Design_system_ila_0_0/synth/PYNQ_Design_system_ila_0_0.vhd:72]
INFO: [Synth 8-3491] module 'PYNQ_Design_xlconstant_0_0' declared at 'c:/Users/clb20123/Documents/FO-RFSoC-4YP/2x2_files/PLEASE/PLEASE.gen/sources_1/bd/PYNQ_Design/ip/PYNQ_Design_xlconstant_0_0/synth/PYNQ_Design_xlconstant_0_0.v:53' bound to instance 'xlconstant_0' of component 'PYNQ_Design_xlconstant_0_0' [c:/Users/clb20123/Documents/FO-RFSoC-4YP/2x2_files/PLEASE/PLEASE.gen/sources_1/bd/PYNQ_Design/synth/PYNQ_Design.vhd:903]
INFO: [Synth 8-6157] synthesizing module 'PYNQ_Design_xlconstant_0_0' [c:/Users/clb20123/Documents/FO-RFSoC-4YP/2x2_files/PLEASE/PLEASE.gen/sources_1/bd/PYNQ_Design/ip/PYNQ_Design_xlconstant_0_0/synth/PYNQ_Design_xlconstant_0_0.v:53]
INFO: [Synth 8-6155] done synthesizing module 'PYNQ_Design_xlconstant_0_0' (0#1) [c:/Users/clb20123/Documents/FO-RFSoC-4YP/2x2_files/PLEASE/PLEASE.gen/sources_1/bd/PYNQ_Design/ip/PYNQ_Design_xlconstant_0_0/synth/PYNQ_Design_xlconstant_0_0.v:53]
INFO: [Synth 8-256] done synthesizing module 'TX_imp_1A0AJCC' (0#1) [c:/Users/clb20123/Documents/FO-RFSoC-4YP/2x2_files/PLEASE/PLEASE.gen/sources_1/bd/PYNQ_Design/synth/PYNQ_Design.vhd:525]
INFO: [Synth 8-638] synthesizing module 'PYNQ_Design_ps8_0_axi_periph_2' [c:/Users/clb20123/Documents/FO-RFSoC-4YP/2x2_files/PLEASE/PLEASE.gen/sources_1/bd/PYNQ_Design/synth/PYNQ_Design.vhd:2061]
INFO: [Synth 8-638] synthesizing module 'm00_couplers_imp_1Y83KYE' [c:/Users/clb20123/Documents/FO-RFSoC-4YP/2x2_files/PLEASE/PLEASE.gen/sources_1/bd/PYNQ_Design/synth/PYNQ_Design.vhd:956]
INFO: [Synth 8-3491] module 'PYNQ_Design_auto_cc_0' declared at 'c:/Users/clb20123/Documents/FO-RFSoC-4YP/2x2_files/PLEASE/PLEASE.gen/sources_1/bd/PYNQ_Design/ip/PYNQ_Design_auto_cc_0/synth/PYNQ_Design_auto_cc_0.v:53' bound to instance 'auto_cc' of component 'PYNQ_Design_auto_cc_0' [c:/Users/clb20123/Documents/FO-RFSoC-4YP/2x2_files/PLEASE/PLEASE.gen/sources_1/bd/PYNQ_Design/synth/PYNQ_Design.vhd:1085]
INFO: [Synth 8-6157] synthesizing module 'PYNQ_Design_auto_cc_0' [c:/Users/clb20123/Documents/FO-RFSoC-4YP/2x2_files/PLEASE/PLEASE.gen/sources_1/bd/PYNQ_Design/ip/PYNQ_Design_auto_cc_0/synth/PYNQ_Design_auto_cc_0.v:53]
INFO: [Synth 8-6157] synthesizing module 'axi_clock_converter_v2_1_30_axi_clock_converter' [c:/Users/clb20123/Documents/FO-RFSoC-4YP/2x2_files/PLEASE/PLEASE.gen/sources_1/bd/PYNQ_Design/ipshared/80bf/hdl/axi_clock_converter_v2_1_vl_rfs.v:650]
INFO: [Synth 8-6157] synthesizing module 'axi_infrastructure_v1_1_0_axi2vector' [c:/Users/clb20123/Documents/FO-RFSoC-4YP/2x2_files/PLEASE/PLEASE.gen/sources_1/bd/PYNQ_Design/ipshared/ec67/hdl/axi_infrastructure_v1_1_vl_rfs.v:59]
INFO: [Synth 8-6155] done synthesizing module 'axi_infrastructure_v1_1_0_axi2vector' (0#1) [c:/Users/clb20123/Documents/FO-RFSoC-4YP/2x2_files/PLEASE/PLEASE.gen/sources_1/bd/PYNQ_Design/ipshared/ec67/hdl/axi_infrastructure_v1_1_vl_rfs.v:59]
INFO: [Synth 8-6157] synthesizing module 'axi_clock_converter_v2_1_30_lite_async' [c:/Users/clb20123/Documents/FO-RFSoC-4YP/2x2_files/PLEASE/PLEASE.gen/sources_1/bd/PYNQ_Design/ipshared/80bf/hdl/axi_clock_converter_v2_1_vl_rfs.v:513]
INFO: [Synth 8-6157] synthesizing module 'xpm_cdc_handshake' [D:/Xilinx/Vivado/2024.1/data/ip/xpm/xpm_cdc/hdl/xpm_cdc.sv:468]
INFO: [Synth 8-6157] synthesizing module 'xpm_cdc_single' [D:/Xilinx/Vivado/2024.1/data/ip/xpm/xpm_cdc/hdl/xpm_cdc.sv:152]
INFO: [Synth 8-6155] done synthesizing module 'xpm_cdc_single' (0#1) [D:/Xilinx/Vivado/2024.1/data/ip/xpm/xpm_cdc/hdl/xpm_cdc.sv:152]
INFO: [Synth 8-6155] done synthesizing module 'xpm_cdc_handshake' (0#1) [D:/Xilinx/Vivado/2024.1/data/ip/xpm/xpm_cdc/hdl/xpm_cdc.sv:468]
INFO: [Synth 8-6155] done synthesizing module 'axi_clock_converter_v2_1_30_lite_async' (0#1) [c:/Users/clb20123/Documents/FO-RFSoC-4YP/2x2_files/PLEASE/PLEASE.gen/sources_1/bd/PYNQ_Design/ipshared/80bf/hdl/axi_clock_converter_v2_1_vl_rfs.v:513]
INFO: [Synth 8-6157] synthesizing module 'axi_clock_converter_v2_1_30_lite_async__parameterized0' [c:/Users/clb20123/Documents/FO-RFSoC-4YP/2x2_files/PLEASE/PLEASE.gen/sources_1/bd/PYNQ_Design/ipshared/80bf/hdl/axi_clock_converter_v2_1_vl_rfs.v:513]
INFO: [Synth 8-6157] synthesizing module 'xpm_cdc_handshake__parameterized0' [D:/Xilinx/Vivado/2024.1/data/ip/xpm/xpm_cdc/hdl/xpm_cdc.sv:468]
INFO: [Synth 8-6155] done synthesizing module 'xpm_cdc_handshake__parameterized0' (0#1) [D:/Xilinx/Vivado/2024.1/data/ip/xpm/xpm_cdc/hdl/xpm_cdc.sv:468]
INFO: [Synth 8-6155] done synthesizing module 'axi_clock_converter_v2_1_30_lite_async__parameterized0' (0#1) [c:/Users/clb20123/Documents/FO-RFSoC-4YP/2x2_files/PLEASE/PLEASE.gen/sources_1/bd/PYNQ_Design/ipshared/80bf/hdl/axi_clock_converter_v2_1_vl_rfs.v:513]
INFO: [Synth 8-6157] synthesizing module 'axi_clock_converter_v2_1_30_lite_async__parameterized1' [c:/Users/clb20123/Documents/FO-RFSoC-4YP/2x2_files/PLEASE/PLEASE.gen/sources_1/bd/PYNQ_Design/ipshared/80bf/hdl/axi_clock_converter_v2_1_vl_rfs.v:513]
INFO: [Synth 8-6157] synthesizing module 'xpm_cdc_handshake__parameterized1' [D:/Xilinx/Vivado/2024.1/data/ip/xpm/xpm_cdc/hdl/xpm_cdc.sv:468]
INFO: [Synth 8-6155] done synthesizing module 'xpm_cdc_handshake__parameterized1' (0#1) [D:/Xilinx/Vivado/2024.1/data/ip/xpm/xpm_cdc/hdl/xpm_cdc.sv:468]
INFO: [Synth 8-6155] done synthesizing module 'axi_clock_converter_v2_1_30_lite_async__parameterized1' (0#1) [c:/Users/clb20123/Documents/FO-RFSoC-4YP/2x2_files/PLEASE/PLEASE.gen/sources_1/bd/PYNQ_Design/ipshared/80bf/hdl/axi_clock_converter_v2_1_vl_rfs.v:513]
INFO: [Synth 8-6157] synthesizing module 'axi_clock_converter_v2_1_30_lite_async__parameterized2' [c:/Users/clb20123/Documents/FO-RFSoC-4YP/2x2_files/PLEASE/PLEASE.gen/sources_1/bd/PYNQ_Design/ipshared/80bf/hdl/axi_clock_converter_v2_1_vl_rfs.v:513]
INFO: [Synth 8-6157] synthesizing module 'xpm_cdc_handshake__parameterized2' [D:/Xilinx/Vivado/2024.1/data/ip/xpm/xpm_cdc/hdl/xpm_cdc.sv:468]
INFO: [Synth 8-6155] done synthesizing module 'xpm_cdc_handshake__parameterized2' (0#1) [D:/Xilinx/Vivado/2024.1/data/ip/xpm/xpm_cdc/hdl/xpm_cdc.sv:468]
INFO: [Synth 8-6155] done synthesizing module 'axi_clock_converter_v2_1_30_lite_async__parameterized2' (0#1) [c:/Users/clb20123/Documents/FO-RFSoC-4YP/2x2_files/PLEASE/PLEASE.gen/sources_1/bd/PYNQ_Design/ipshared/80bf/hdl/axi_clock_converter_v2_1_vl_rfs.v:513]
INFO: [Synth 8-6157] synthesizing module 'axi_infrastructure_v1_1_0_vector2axi' [c:/Users/clb20123/Documents/FO-RFSoC-4YP/2x2_files/PLEASE/PLEASE.gen/sources_1/bd/PYNQ_Design/ipshared/ec67/hdl/axi_infrastructure_v1_1_vl_rfs.v:473]
INFO: [Synth 8-6155] done synthesizing module 'axi_infrastructure_v1_1_0_vector2axi' (0#1) [c:/Users/clb20123/Documents/FO-RFSoC-4YP/2x2_files/PLEASE/PLEASE.gen/sources_1/bd/PYNQ_Design/ipshared/ec67/hdl/axi_infrastructure_v1_1_vl_rfs.v:473]
INFO: [Synth 8-6155] done synthesizing module 'axi_clock_converter_v2_1_30_axi_clock_converter' (0#1) [c:/Users/clb20123/Documents/FO-RFSoC-4YP/2x2_files/PLEASE/PLEASE.gen/sources_1/bd/PYNQ_Design/ipshared/80bf/hdl/axi_clock_converter_v2_1_vl_rfs.v:650]
INFO: [Synth 8-6155] done synthesizing module 'PYNQ_Design_auto_cc_0' (0#1) [c:/Users/clb20123/Documents/FO-RFSoC-4YP/2x2_files/PLEASE/PLEASE.gen/sources_1/bd/PYNQ_Design/ip/PYNQ_Design_auto_cc_0/synth/PYNQ_Design_auto_cc_0.v:53]
INFO: [Synth 8-256] done synthesizing module 'm00_couplers_imp_1Y83KYE' (0#1) [c:/Users/clb20123/Documents/FO-RFSoC-4YP/2x2_files/PLEASE/PLEASE.gen/sources_1/bd/PYNQ_Design/synth/PYNQ_Design.vhd:956]
INFO: [Synth 8-638] synthesizing module 'm01_couplers_imp_REI0Y0' [c:/Users/clb20123/Documents/FO-RFSoC-4YP/2x2_files/PLEASE/PLEASE.gen/sources_1/bd/PYNQ_Design/synth/PYNQ_Design.vhd:1179]
INFO: [Synth 8-3491] module 'PYNQ_Design_auto_cc_1' declared at 'c:/Users/clb20123/Documents/FO-RFSoC-4YP/2x2_files/PLEASE/PLEASE.gen/sources_1/bd/PYNQ_Design/ip/PYNQ_Design_auto_cc_1/synth/PYNQ_Design_auto_cc_1.v:53' bound to instance 'auto_cc' of component 'PYNQ_Design_auto_cc_1' [c:/Users/clb20123/Documents/FO-RFSoC-4YP/2x2_files/PLEASE/PLEASE.gen/sources_1/bd/PYNQ_Design/synth/PYNQ_Design.vhd:1308]
INFO: [Synth 8-6157] synthesizing module 'PYNQ_Design_auto_cc_1' [c:/Users/clb20123/Documents/FO-RFSoC-4YP/2x2_files/PLEASE/PLEASE.gen/sources_1/bd/PYNQ_Design/ip/PYNQ_Design_auto_cc_1/synth/PYNQ_Design_auto_cc_1.v:53]
INFO: [Synth 8-6155] done synthesizing module 'PYNQ_Design_auto_cc_1' (0#1) [c:/Users/clb20123/Documents/FO-RFSoC-4YP/2x2_files/PLEASE/PLEASE.gen/sources_1/bd/PYNQ_Design/ip/PYNQ_Design_auto_cc_1/synth/PYNQ_Design_auto_cc_1.v:53]
INFO: [Synth 8-256] done synthesizing module 'm01_couplers_imp_REI0Y0' (0#1) [c:/Users/clb20123/Documents/FO-RFSoC-4YP/2x2_files/PLEASE/PLEASE.gen/sources_1/bd/PYNQ_Design/synth/PYNQ_Design.vhd:1179]
INFO: [Synth 8-638] synthesizing module 'm02_couplers_imp_76BH63' [c:/Users/clb20123/Documents/FO-RFSoC-4YP/2x2_files/PLEASE/PLEASE.gen/sources_1/bd/PYNQ_Design/synth/PYNQ_Design.vhd:1401]
INFO: [Synth 8-256] done synthesizing module 'm02_couplers_imp_76BH63' (0#1) [c:/Users/clb20123/Documents/FO-RFSoC-4YP/2x2_files/PLEASE/PLEASE.gen/sources_1/bd/PYNQ_Design/synth/PYNQ_Design.vhd:1401]
INFO: [Synth 8-638] synthesizing module 's00_couplers_imp_4QTF46' [c:/Users/clb20123/Documents/FO-RFSoC-4YP/2x2_files/PLEASE/PLEASE.gen/sources_1/bd/PYNQ_Design/synth/PYNQ_Design.vhd:1524]
INFO: [Synth 8-3491] module 'PYNQ_Design_auto_ds_0' declared at 'c:/Users/clb20123/Documents/FO-RFSoC-4YP/2x2_files/PLEASE/PLEASE.gen/sources_1/bd/PYNQ_Design/ip/PYNQ_Design_auto_ds_0/synth/PYNQ_Design_auto_ds_0.v:53' bound to instance 'auto_ds' of component 'PYNQ_Design_auto_ds_0' [c:/Users/clb20123/Documents/FO-RFSoC-4YP/2x2_files/PLEASE/PLEASE.gen/sources_1/bd/PYNQ_Design/synth/PYNQ_Design.vhd:1817]
INFO: [Synth 8-6157] synthesizing module 'PYNQ_Design_auto_ds_0' [c:/Users/clb20123/Documents/FO-RFSoC-4YP/2x2_files/PLEASE/PLEASE.gen/sources_1/bd/PYNQ_Design/ip/PYNQ_Design_auto_ds_0/synth/PYNQ_Design_auto_ds_0.v:53]
INFO: [Synth 8-6157] synthesizing module 'axi_dwidth_converter_v2_1_31_top' [c:/Users/clb20123/Documents/FO-RFSoC-4YP/2x2_files/PLEASE/PLEASE.gen/sources_1/bd/PYNQ_Design/ipshared/14b9/hdl/axi_dwidth_converter_v2_1_vlsyn_rfs.v:14446]
INFO: [Synth 8-6157] synthesizing module 'axi_dwidth_converter_v2_1_31_axi_downsizer' [c:/Users/clb20123/Documents/FO-RFSoC-4YP/2x2_files/PLEASE/PLEASE.gen/sources_1/bd/PYNQ_Design/ipshared/14b9/hdl/axi_dwidth_converter_v2_1_vlsyn_rfs.v:2374]
INFO: [Common 17-14] Message 'Synth 8-6157' appears 100 times and further instances of the messages will be disabled. Use the Tcl command set_msg_config to change the current settings.
INFO: [Synth 8-6155] done synthesizing module 'axi_dwidth_converter_v2_1_31_b_downsizer' (0#1) [c:/Users/clb20123/Documents/FO-RFSoC-4YP/2x2_files/PLEASE/PLEASE.gen/sources_1/bd/PYNQ_Design/ipshared/14b9/hdl/axi_dwidth_converter_v2_1_vlsyn_rfs.v:1248]
INFO: [Synth 8-6155] done synthesizing module 'xpm_cdc_async_rst__parameterized1' (0#1) [D:/Xilinx/Vivado/2024.1/data/ip/xpm/xpm_cdc/hdl/xpm_cdc.sv:1175]
INFO: [Synth 8-6155] done synthesizing module 'axi_data_fifo_v2_1_30_fifo_gen' (0#1) [c:/Users/clb20123/Documents/FO-RFSoC-4YP/2x2_files/PLEASE/PLEASE.gen/sources_1/bd/PYNQ_Design/ipshared/9692/hdl/axi_data_fifo_v2_1_vl_rfs.v:165]
INFO: [Common 17-14] Message 'Synth 8-6155' appears 100 times and further instances of the messages will be disabled. Use the Tcl command set_msg_config to change the current settings.
INFO: [Synth 8-3491] module 'PYNQ_Design_auto_pc_0' declared at 'c:/Users/clb20123/Documents/FO-RFSoC-4YP/2x2_files/PLEASE/PLEASE.gen/sources_1/bd/PYNQ_Design/ip/PYNQ_Design_auto_pc_0/synth/PYNQ_Design_auto_pc_0.v:53' bound to instance 'auto_pc' of component 'PYNQ_Design_auto_pc_0' [c:/Users/clb20123/Documents/FO-RFSoC-4YP/2x2_files/PLEASE/PLEASE.gen/sources_1/bd/PYNQ_Design/synth/PYNQ_Design.vhd:1896]
INFO: [Synth 8-226] default block is never used [c:/Users/clb20123/Documents/FO-RFSoC-4YP/2x2_files/PLEASE/PLEASE.gen/sources_1/bd/PYNQ_Design/ipshared/3c06/hdl/axi_protocol_converter_v2_1_vl_rfs.v:3446]
INFO: [Synth 8-226] default block is never used [c:/Users/clb20123/Documents/FO-RFSoC-4YP/2x2_files/PLEASE/PLEASE.gen/sources_1/bd/PYNQ_Design/ipshared/3c06/hdl/axi_protocol_converter_v2_1_vl_rfs.v:3608]
WARNING: [Synth 8-7071] port 'aclk2x' of module 'axi_register_slice_v2_1_31_axi_register_slice' is unconnected for instance 'SI_REG' [c:/Users/clb20123/Documents/FO-RFSoC-4YP/2x2_files/PLEASE/PLEASE.gen/sources_1/bd/PYNQ_Design/ipshared/3c06/hdl/axi_protocol_converter_v2_1_vl_rfs.v:4871]
WARNING: [Synth 8-7023] instance 'SI_REG' of module 'axi_register_slice_v2_1_31_axi_register_slice' has 93 connections declared, but only 92 given [c:/Users/clb20123/Documents/FO-RFSoC-4YP/2x2_files/PLEASE/PLEASE.gen/sources_1/bd/PYNQ_Design/ipshared/3c06/hdl/axi_protocol_converter_v2_1_vl_rfs.v:4871]
WARNING: [Synth 8-7071] port 'aclk2x' of module 'axi_register_slice_v2_1_31_axi_register_slice' is unconnected for instance 'MI_REG' [c:/Users/clb20123/Documents/FO-RFSoC-4YP/2x2_files/PLEASE/PLEASE.gen/sources_1/bd/PYNQ_Design/ipshared/3c06/hdl/axi_protocol_converter_v2_1_vl_rfs.v:5126]
WARNING: [Synth 8-7023] instance 'MI_REG' of module 'axi_register_slice_v2_1_31_axi_register_slice' has 93 connections declared, but only 92 given [c:/Users/clb20123/Documents/FO-RFSoC-4YP/2x2_files/PLEASE/PLEASE.gen/sources_1/bd/PYNQ_Design/ipshared/3c06/hdl/axi_protocol_converter_v2_1_vl_rfs.v:5126]
INFO: [Synth 8-256] done synthesizing module 's00_couplers_imp_4QTF46' (0#1) [c:/Users/clb20123/Documents/FO-RFSoC-4YP/2x2_files/PLEASE/PLEASE.gen/sources_1/bd/PYNQ_Design/synth/PYNQ_Design.vhd:1524]
INFO: [Synth 8-3491] module 'PYNQ_Design_xbar_2' declared at 'c:/Users/clb20123/Documents/FO-RFSoC-4YP/2x2_files/PLEASE/PLEASE.gen/sources_1/bd/PYNQ_Design/ip/PYNQ_Design_xbar_2/synth/PYNQ_Design_xbar_2.v:53' bound to instance 'xbar' of component 'PYNQ_Design_xbar_2' [c:/Users/clb20123/Documents/FO-RFSoC-4YP/2x2_files/PLEASE/PLEASE.gen/sources_1/bd/PYNQ_Design/synth/PYNQ_Design.vhd:2563]
INFO: [Synth 8-256] done synthesizing module 'PYNQ_Design_ps8_0_axi_periph_2' (0#1) [c:/Users/clb20123/Documents/FO-RFSoC-4YP/2x2_files/PLEASE/PLEASE.gen/sources_1/bd/PYNQ_Design/synth/PYNQ_Design.vhd:2061]
INFO: [Synth 8-3491] module 'PYNQ_Design_rst_ps8_0_96M_1' declared at 'c:/Users/clb20123/Documents/FO-RFSoC-4YP/2x2_files/PLEASE/PLEASE.gen/sources_1/bd/PYNQ_Design/ip/PYNQ_Design_rst_ps8_0_96M_1/synth/PYNQ_Design_rst_ps8_0_96M_1.vhd:59' bound to instance 'rst_ps8_0_96M' of component 'PYNQ_Design_rst_ps8_0_96M_1' [c:/Users/clb20123/Documents/FO-RFSoC-4YP/2x2_files/PLEASE/PLEASE.gen/sources_1/bd/PYNQ_Design/synth/PYNQ_Design.vhd:3259]
INFO: [Synth 8-638] synthesizing module 'PYNQ_Design_rst_ps8_0_96M_1' [c:/Users/clb20123/Documents/FO-RFSoC-4YP/2x2_files/PLEASE/PLEASE.gen/sources_1/bd/PYNQ_Design/ip/PYNQ_Design_rst_ps8_0_96M_1/synth/PYNQ_Design_rst_ps8_0_96M_1.vhd:74]
	Parameter C_FAMILY bound to: zynquplus - type: string 
	Parameter C_EXT_RST_WIDTH bound to: 4 - type: integer 
	Parameter C_AUX_RST_WIDTH bound to: 4 - type: integer 
	Parameter C_EXT_RESET_HIGH bound to: 1'b0 
	Parameter C_AUX_RESET_HIGH bound to: 1'b0 
	Parameter C_NUM_BUS_RST bound to: 1 - type: integer 
	Parameter C_NUM_PERP_RST bound to: 1 - type: integer 
	Parameter C_NUM_INTERCONNECT_ARESETN bound to: 1 - type: integer 
	Parameter C_NUM_PERP_ARESETN bound to: 1 - type: integer 
INFO: [Synth 8-3491] module 'proc_sys_reset' declared at 'c:/Users/clb20123/Documents/FO-RFSoC-4YP/2x2_files/PLEASE/PLEASE.gen/sources_1/bd/PYNQ_Design/ipshared/3a26/hdl/proc_sys_reset_v5_0_vh_rfs.vhd:1271' bound to instance 'U0' of component 'proc_sys_reset' [c:/Users/clb20123/Documents/FO-RFSoC-4YP/2x2_files/PLEASE/PLEASE.gen/sources_1/bd/PYNQ_Design/ip/PYNQ_Design_rst_ps8_0_96M_1/synth/PYNQ_Design_rst_ps8_0_96M_1.vhd:129]
INFO: [Synth 8-256] done synthesizing module 'PYNQ_Design_rst_ps8_0_96M_1' (0#1) [c:/Users/clb20123/Documents/FO-RFSoC-4YP/2x2_files/PLEASE/PLEASE.gen/sources_1/bd/PYNQ_Design/ip/PYNQ_Design_rst_ps8_0_96M_1/synth/PYNQ_Design_rst_ps8_0_96M_1.vhd:74]
INFO: [Synth 8-3491] module 'PYNQ_Design_usp_rf_data_converter_0_0' declared at 'c:/Users/clb20123/Documents/FO-RFSoC-4YP/2x2_files/PLEASE/PLEASE.gen/sources_1/bd/PYNQ_Design/ip/PYNQ_Design_usp_rf_data_converter_0_0/synth/PYNQ_Design_usp_rf_data_converter_0_0.v:58' bound to instance 'usp_rf_data_converter_0' of component 'PYNQ_Design_usp_rf_data_converter_0_0' [c:/Users/clb20123/Documents/FO-RFSoC-4YP/2x2_files/PLEASE/PLEASE.gen/sources_1/bd/PYNQ_Design/synth/PYNQ_Design.vhd:3272]
WARNING: [Synth 8-589] replacing case/wildcard equality operator !== with logical equality operator != [c:/Users/clb20123/Documents/FO-RFSoC-4YP/2x2_files/PLEASE/PLEASE.gen/sources_1/bd/PYNQ_Design/ip/PYNQ_Design_usp_rf_data_converter_0_0/synth/PYNQ_Design_usp_rf_data_converter_0_0_tile_config.sv:262]
WARNING: [Synth 8-7071] port 'adc0_clk_fifo_lm' of module 'PYNQ_Design_usp_rf_data_converter_0_0_rf_wrapper' is unconnected for instance 'PYNQ_Design_usp_rf_data_converter_0_0_rf_wrapper_i' [c:/Users/clb20123/Documents/FO-RFSoC-4YP/2x2_files/PLEASE/PLEASE.gen/sources_1/bd/PYNQ_Design/ip/PYNQ_Design_usp_rf_data_converter_0_0/synth/PYNQ_Design_usp_rf_data_converter_0_0_block.v:1076]
WARNING: [Synth 8-7023] instance 'PYNQ_Design_usp_rf_data_converter_0_0_rf_wrapper_i' of module 'PYNQ_Design_usp_rf_data_converter_0_0_rf_wrapper' has 363 connections declared, but only 362 given [c:/Users/clb20123/Documents/FO-RFSoC-4YP/2x2_files/PLEASE/PLEASE.gen/sources_1/bd/PYNQ_Design/ip/PYNQ_Design_usp_rf_data_converter_0_0/synth/PYNQ_Design_usp_rf_data_converter_0_0_block.v:1076]
INFO: [Synth 8-155] case statement is not full and has no default [c:/Users/clb20123/Documents/FO-RFSoC-4YP/2x2_files/PLEASE/PLEASE.gen/sources_1/bd/PYNQ_Design/ip/PYNQ_Design_usp_rf_data_converter_0_0/synth/PYNQ_Design_usp_rf_data_converter_0_0_drp_control.v:97]
INFO: [Synth 8-3491] module 'PYNQ_Design_xlconstant_0_2' declared at 'c:/Users/clb20123/Documents/FO-RFSoC-4YP/2x2_files/PLEASE/PLEASE.gen/sources_1/bd/PYNQ_Design/ip/PYNQ_Design_xlconstant_0_2/synth/PYNQ_Design_xlconstant_0_2.v:53' bound to instance 'xlconstant_0' of component 'PYNQ_Design_xlconstant_0_2' [c:/Users/clb20123/Documents/FO-RFSoC-4YP/2x2_files/PLEASE/PLEASE.gen/sources_1/bd/PYNQ_Design/synth/PYNQ_Design.vhd:3317]
INFO: [Synth 8-3491] module 'PYNQ_Design_zynq_ultra_ps_e_0_0' declared at 'c:/Users/clb20123/Documents/FO-RFSoC-4YP/2x2_files/PLEASE/PLEASE.gen/sources_1/bd/PYNQ_Design/ip/PYNQ_Design_zynq_ultra_ps_e_0_0/synth/PYNQ_Design_zynq_ultra_ps_e_0_0.vhd:56' bound to instance 'zynq_ultra_ps_e_0' of component 'PYNQ_Design_zynq_ultra_ps_e_0_0' [c:/Users/clb20123/Documents/FO-RFSoC-4YP/2x2_files/PLEASE/PLEASE.gen/sources_1/bd/PYNQ_Design/synth/PYNQ_Design.vhd:3321]
INFO: [Synth 8-638] synthesizing module 'PYNQ_Design_zynq_ultra_ps_e_0_0' [c:/Users/clb20123/Documents/FO-RFSoC-4YP/2x2_files/PLEASE/PLEASE.gen/sources_1/bd/PYNQ_Design/ip/PYNQ_Design_zynq_ultra_ps_e_0_0/synth/PYNQ_Design_zynq_ultra_ps_e_0_0.vhd:189]
	Parameter C_DP_USE_AUDIO bound to: 0 - type: integer 
	Parameter C_DP_USE_VIDEO bound to: 0 - type: integer 
	Parameter C_MAXIGP0_DATA_WIDTH bound to: 128 - type: integer 
	Parameter C_MAXIGP1_DATA_WIDTH bound to: 128 - type: integer 
	Parameter C_MAXIGP2_DATA_WIDTH bound to: 32 - type: integer 
	Parameter C_SAXIGP0_DATA_WIDTH bound to: 128 - type: integer 
	Parameter C_SAXIGP1_DATA_WIDTH bound to: 128 - type: integer 
	Parameter C_SAXIGP2_DATA_WIDTH bound to: 128 - type: integer 
	Parameter C_SAXIGP3_DATA_WIDTH bound to: 128 - type: integer 
	Parameter C_SAXIGP4_DATA_WIDTH bound to: 128 - type: integer 
	Parameter C_SAXIGP5_DATA_WIDTH bound to: 128 - type: integer 
	Parameter C_SAXIGP6_DATA_WIDTH bound to: 128 - type: integer 
	Parameter C_USE_DIFF_RW_CLK_GP0 bound to: 0 - type: integer 
	Parameter C_USE_DIFF_RW_CLK_GP1 bound to: 0 - type: integer 
	Parameter C_USE_DIFF_RW_CLK_GP2 bound to: 0 - type: integer 
	Parameter C_USE_DIFF_RW_CLK_GP3 bound to: 0 - type: integer 
	Parameter C_USE_DIFF_RW_CLK_GP4 bound to: 0 - type: integer 
	Parameter C_USE_DIFF_RW_CLK_GP5 bound to: 0 - type: integer 
	Parameter C_USE_DIFF_RW_CLK_GP6 bound to: 0 - type: integer 
	Parameter C_EN_FIFO_ENET0 bound to: 0 - type: string 
	Parameter C_EN_FIFO_ENET1 bound to: 0 - type: string 
	Parameter C_EN_FIFO_ENET2 bound to: 0 - type: string 
	Parameter C_EN_FIFO_ENET3 bound to: 0 - type: string 
	Parameter C_PL_CLK0_BUF bound to: TRUE - type: string 
	Parameter C_PL_CLK1_BUF bound to: FALSE - type: string 
	Parameter C_PL_CLK2_BUF bound to: FALSE - type: string 
	Parameter C_PL_CLK3_BUF bound to: FALSE - type: string 
	Parameter C_TRACE_PIPELINE_WIDTH bound to: 8 - type: integer 
	Parameter C_EN_EMIO_TRACE bound to: 0 - type: integer 
	Parameter C_TRACE_DATA_WIDTH bound to: 32 - type: integer 
	Parameter C_USE_DEBUG_TEST bound to: 0 - type: integer 
	Parameter C_SD0_INTERNAL_BUS_WIDTH bound to: 5 - type: integer 
	Parameter C_SD1_INTERNAL_BUS_WIDTH bound to: 8 - type: integer 
	Parameter C_NUM_F2P_0_INTR_INPUTS bound to: 1 - type: integer 
	Parameter C_NUM_F2P_1_INTR_INPUTS bound to: 1 - type: integer 
	Parameter C_EMIO_GPIO_WIDTH bound to: 1 - type: integer 
	Parameter C_NUM_FABRIC_RESETS bound to: 1 - type: integer 
INFO: [Synth 8-3491] module 'zynq_ultra_ps_e_v3_5_3_zynq_ultra_ps_e' declared at 'c:/Users/clb20123/Documents/FO-RFSoC-4YP/2x2_files/PLEASE/PLEASE.gen/sources_1/bd/PYNQ_Design/ip/PYNQ_Design_zynq_ultra_ps_e_0_0/hdl/zynq_ultra_ps_e_v3_5_3.v:68' bound to instance 'U0' of component 'zynq_ultra_ps_e_v3_5_3_zynq_ultra_ps_e' [c:/Users/clb20123/Documents/FO-RFSoC-4YP/2x2_files/PLEASE/PLEASE.gen/sources_1/bd/PYNQ_Design/ip/PYNQ_Design_zynq_ultra_ps_e_0_0/synth/PYNQ_Design_zynq_ultra_ps_e_0_0.vhd:1868]
WARNING: [Synth 8-689] width (5) of port connection 'EMIOSDIO0DATAIN' does not match port width (8) of module 'PS8' [c:/Users/clb20123/Documents/FO-RFSoC-4YP/2x2_files/PLEASE/PLEASE.gen/sources_1/bd/PYNQ_Design/ip/PYNQ_Design_zynq_ultra_ps_e_0_0/hdl/zynq_ultra_ps_e_v3_5_3.v:4700]
WARNING: [Synth 8-689] width (5) of port connection 'EMIOSDIO0DATAOUT' does not match port width (8) of module 'PS8' [c:/Users/clb20123/Documents/FO-RFSoC-4YP/2x2_files/PLEASE/PLEASE.gen/sources_1/bd/PYNQ_Design/ip/PYNQ_Design_zynq_ultra_ps_e_0_0/hdl/zynq_ultra_ps_e_v3_5_3.v:4701]
WARNING: [Synth 8-689] width (5) of port connection 'EMIOSDIO0DATAENA' does not match port width (8) of module 'PS8' [c:/Users/clb20123/Documents/FO-RFSoC-4YP/2x2_files/PLEASE/PLEASE.gen/sources_1/bd/PYNQ_Design/ip/PYNQ_Design_zynq_ultra_ps_e_0_0/hdl/zynq_ultra_ps_e_v3_5_3.v:4702]
WARNING: [Synth 8-7071] port 'PSS_ALTO_CORE_PAD_MGTTXN0OUT' of module 'PS8' is unconnected for instance 'PS8_i' [c:/Users/clb20123/Documents/FO-RFSoC-4YP/2x2_files/PLEASE/PLEASE.gen/sources_1/bd/PYNQ_Design/ip/PYNQ_Design_zynq_ultra_ps_e_0_0/hdl/zynq_ultra_ps_e_v3_5_3.v:3891]
WARNING: [Synth 8-7071] port 'PSS_ALTO_CORE_PAD_MGTTXN1OUT' of module 'PS8' is unconnected for instance 'PS8_i' [c:/Users/clb20123/Documents/FO-RFSoC-4YP/2x2_files/PLEASE/PLEASE.gen/sources_1/bd/PYNQ_Design/ip/PYNQ_Design_zynq_ultra_ps_e_0_0/hdl/zynq_ultra_ps_e_v3_5_3.v:3891]
WARNING: [Synth 8-7071] port 'PSS_ALTO_CORE_PAD_MGTTXN2OUT' of module 'PS8' is unconnected for instance 'PS8_i' [c:/Users/clb20123/Documents/FO-RFSoC-4YP/2x2_files/PLEASE/PLEASE.gen/sources_1/bd/PYNQ_Design/ip/PYNQ_Design_zynq_ultra_ps_e_0_0/hdl/zynq_ultra_ps_e_v3_5_3.v:3891]
WARNING: [Synth 8-7071] port 'PSS_ALTO_CORE_PAD_MGTTXN3OUT' of module 'PS8' is unconnected for instance 'PS8_i' [c:/Users/clb20123/Documents/FO-RFSoC-4YP/2x2_files/PLEASE/PLEASE.gen/sources_1/bd/PYNQ_Design/ip/PYNQ_Design_zynq_ultra_ps_e_0_0/hdl/zynq_ultra_ps_e_v3_5_3.v:3891]
WARNING: [Synth 8-7071] port 'PSS_ALTO_CORE_PAD_MGTTXP0OUT' of module 'PS8' is unconnected for instance 'PS8_i' [c:/Users/clb20123/Documents/FO-RFSoC-4YP/2x2_files/PLEASE/PLEASE.gen/sources_1/bd/PYNQ_Design/ip/PYNQ_Design_zynq_ultra_ps_e_0_0/hdl/zynq_ultra_ps_e_v3_5_3.v:3891]
WARNING: [Synth 8-7071] port 'PSS_ALTO_CORE_PAD_MGTTXP1OUT' of module 'PS8' is unconnected for instance 'PS8_i' [c:/Users/clb20123/Documents/FO-RFSoC-4YP/2x2_files/PLEASE/PLEASE.gen/sources_1/bd/PYNQ_Design/ip/PYNQ_Design_zynq_ultra_ps_e_0_0/hdl/zynq_ultra_ps_e_v3_5_3.v:3891]
WARNING: [Synth 8-7071] port 'PSS_ALTO_CORE_PAD_MGTTXP2OUT' of module 'PS8' is unconnected for instance 'PS8_i' [c:/Users/clb20123/Documents/FO-RFSoC-4YP/2x2_files/PLEASE/PLEASE.gen/sources_1/bd/PYNQ_Design/ip/PYNQ_Design_zynq_ultra_ps_e_0_0/hdl/zynq_ultra_ps_e_v3_5_3.v:3891]
WARNING: [Synth 8-7071] port 'PSS_ALTO_CORE_PAD_MGTTXP3OUT' of module 'PS8' is unconnected for instance 'PS8_i' [c:/Users/clb20123/Documents/FO-RFSoC-4YP/2x2_files/PLEASE/PLEASE.gen/sources_1/bd/PYNQ_Design/ip/PYNQ_Design_zynq_ultra_ps_e_0_0/hdl/zynq_ultra_ps_e_v3_5_3.v:3891]
WARNING: [Synth 8-7071] port 'PSS_ALTO_CORE_PAD_PADO' of module 'PS8' is unconnected for instance 'PS8_i' [c:/Users/clb20123/Documents/FO-RFSoC-4YP/2x2_files/PLEASE/PLEASE.gen/sources_1/bd/PYNQ_Design/ip/PYNQ_Design_zynq_ultra_ps_e_0_0/hdl/zynq_ultra_ps_e_v3_5_3.v:3891]
WARNING: [Synth 8-7071] port 'PSS_ALTO_CORE_PAD_BOOTMODE' of module 'PS8' is unconnected for instance 'PS8_i' [c:/Users/clb20123/Documents/FO-RFSoC-4YP/2x2_files/PLEASE/PLEASE.gen/sources_1/bd/PYNQ_Design/ip/PYNQ_Design_zynq_ultra_ps_e_0_0/hdl/zynq_ultra_ps_e_v3_5_3.v:3891]
WARNING: [Synth 8-7071] port 'PSS_ALTO_CORE_PAD_CLK' of module 'PS8' is unconnected for instance 'PS8_i' [c:/Users/clb20123/Documents/FO-RFSoC-4YP/2x2_files/PLEASE/PLEASE.gen/sources_1/bd/PYNQ_Design/ip/PYNQ_Design_zynq_ultra_ps_e_0_0/hdl/zynq_ultra_ps_e_v3_5_3.v:3891]
WARNING: [Synth 8-7071] port 'PSS_ALTO_CORE_PAD_DONEB' of module 'PS8' is unconnected for instance 'PS8_i' [c:/Users/clb20123/Documents/FO-RFSoC-4YP/2x2_files/PLEASE/PLEASE.gen/sources_1/bd/PYNQ_Design/ip/PYNQ_Design_zynq_ultra_ps_e_0_0/hdl/zynq_ultra_ps_e_v3_5_3.v:3891]
WARNING: [Synth 8-7071] port 'PSS_ALTO_CORE_PAD_DRAMA' of module 'PS8' is unconnected for instance 'PS8_i' [c:/Users/clb20123/Documents/FO-RFSoC-4YP/2x2_files/PLEASE/PLEASE.gen/sources_1/bd/PYNQ_Design/ip/PYNQ_Design_zynq_ultra_ps_e_0_0/hdl/zynq_ultra_ps_e_v3_5_3.v:3891]
WARNING: [Synth 8-7071] port 'PSS_ALTO_CORE_PAD_DRAMACTN' of module 'PS8' is unconnected for instance 'PS8_i' [c:/Users/clb20123/Documents/FO-RFSoC-4YP/2x2_files/PLEASE/PLEASE.gen/sources_1/bd/PYNQ_Design/ip/PYNQ_Design_zynq_ultra_ps_e_0_0/hdl/zynq_ultra_ps_e_v3_5_3.v:3891]
WARNING: [Synth 8-7071] port 'PSS_ALTO_CORE_PAD_DRAMALERTN' of module 'PS8' is unconnected for instance 'PS8_i' [c:/Users/clb20123/Documents/FO-RFSoC-4YP/2x2_files/PLEASE/PLEASE.gen/sources_1/bd/PYNQ_Design/ip/PYNQ_Design_zynq_ultra_ps_e_0_0/hdl/zynq_ultra_ps_e_v3_5_3.v:3891]
WARNING: [Synth 8-7071] port 'PSS_ALTO_CORE_PAD_DRAMBA' of module 'PS8' is unconnected for instance 'PS8_i' [c:/Users/clb20123/Documents/FO-RFSoC-4YP/2x2_files/PLEASE/PLEASE.gen/sources_1/bd/PYNQ_Design/ip/PYNQ_Design_zynq_ultra_ps_e_0_0/hdl/zynq_ultra_ps_e_v3_5_3.v:3891]
WARNING: [Synth 8-7071] port 'PSS_ALTO_CORE_PAD_DRAMBG' of module 'PS8' is unconnected for instance 'PS8_i' [c:/Users/clb20123/Documents/FO-RFSoC-4YP/2x2_files/PLEASE/PLEASE.gen/sources_1/bd/PYNQ_Design/ip/PYNQ_Design_zynq_ultra_ps_e_0_0/hdl/zynq_ultra_ps_e_v3_5_3.v:3891]
WARNING: [Synth 8-7071] port 'PSS_ALTO_CORE_PAD_DRAMCK' of module 'PS8' is unconnected for instance 'PS8_i' [c:/Users/clb20123/Documents/FO-RFSoC-4YP/2x2_files/PLEASE/PLEASE.gen/sources_1/bd/PYNQ_Design/ip/PYNQ_Design_zynq_ultra_ps_e_0_0/hdl/zynq_ultra_ps_e_v3_5_3.v:3891]
WARNING: [Synth 8-7071] port 'PSS_ALTO_CORE_PAD_DRAMCKE' of module 'PS8' is unconnected for instance 'PS8_i' [c:/Users/clb20123/Documents/FO-RFSoC-4YP/2x2_files/PLEASE/PLEASE.gen/sources_1/bd/PYNQ_Design/ip/PYNQ_Design_zynq_ultra_ps_e_0_0/hdl/zynq_ultra_ps_e_v3_5_3.v:3891]
WARNING: [Synth 8-7071] port 'PSS_ALTO_CORE_PAD_DRAMCKN' of module 'PS8' is unconnected for instance 'PS8_i' [c:/Users/clb20123/Documents/FO-RFSoC-4YP/2x2_files/PLEASE/PLEASE.gen/sources_1/bd/PYNQ_Design/ip/PYNQ_Design_zynq_ultra_ps_e_0_0/hdl/zynq_ultra_ps_e_v3_5_3.v:3891]
WARNING: [Synth 8-7071] port 'PSS_ALTO_CORE_PAD_DRAMCSN' of module 'PS8' is unconnected for instance 'PS8_i' [c:/Users/clb20123/Documents/FO-RFSoC-4YP/2x2_files/PLEASE/PLEASE.gen/sources_1/bd/PYNQ_Design/ip/PYNQ_Design_zynq_ultra_ps_e_0_0/hdl/zynq_ultra_ps_e_v3_5_3.v:3891]
WARNING: [Synth 8-7071] port 'PSS_ALTO_CORE_PAD_DRAMDM' of module 'PS8' is unconnected for instance 'PS8_i' [c:/Users/clb20123/Documents/FO-RFSoC-4YP/2x2_files/PLEASE/PLEASE.gen/sources_1/bd/PYNQ_Design/ip/PYNQ_Design_zynq_ultra_ps_e_0_0/hdl/zynq_ultra_ps_e_v3_5_3.v:3891]
WARNING: [Synth 8-7071] port 'PSS_ALTO_CORE_PAD_DRAMDQ' of module 'PS8' is unconnected for instance 'PS8_i' [c:/Users/clb20123/Documents/FO-RFSoC-4YP/2x2_files/PLEASE/PLEASE.gen/sources_1/bd/PYNQ_Design/ip/PYNQ_Design_zynq_ultra_ps_e_0_0/hdl/zynq_ultra_ps_e_v3_5_3.v:3891]
WARNING: [Synth 8-7071] port 'PSS_ALTO_CORE_PAD_DRAMDQS' of module 'PS8' is unconnected for instance 'PS8_i' [c:/Users/clb20123/Documents/FO-RFSoC-4YP/2x2_files/PLEASE/PLEASE.gen/sources_1/bd/PYNQ_Design/ip/PYNQ_Design_zynq_ultra_ps_e_0_0/hdl/zynq_ultra_ps_e_v3_5_3.v:3891]
WARNING: [Synth 8-7071] port 'PSS_ALTO_CORE_PAD_DRAMDQSN' of module 'PS8' is unconnected for instance 'PS8_i' [c:/Users/clb20123/Documents/FO-RFSoC-4YP/2x2_files/PLEASE/PLEASE.gen/sources_1/bd/PYNQ_Design/ip/PYNQ_Design_zynq_ultra_ps_e_0_0/hdl/zynq_ultra_ps_e_v3_5_3.v:3891]
WARNING: [Synth 8-7071] port 'PSS_ALTO_CORE_PAD_DRAMODT' of module 'PS8' is unconnected for instance 'PS8_i' [c:/Users/clb20123/Documents/FO-RFSoC-4YP/2x2_files/PLEASE/PLEASE.gen/sources_1/bd/PYNQ_Design/ip/PYNQ_Design_zynq_ultra_ps_e_0_0/hdl/zynq_ultra_ps_e_v3_5_3.v:3891]
WARNING: [Synth 8-7071] port 'PSS_ALTO_CORE_PAD_DRAMPARITY' of module 'PS8' is unconnected for instance 'PS8_i' [c:/Users/clb20123/Documents/FO-RFSoC-4YP/2x2_files/PLEASE/PLEASE.gen/sources_1/bd/PYNQ_Design/ip/PYNQ_Design_zynq_ultra_ps_e_0_0/hdl/zynq_ultra_ps_e_v3_5_3.v:3891]
WARNING: [Synth 8-7071] port 'PSS_ALTO_CORE_PAD_DRAMRAMRSTN' of module 'PS8' is unconnected for instance 'PS8_i' [c:/Users/clb20123/Documents/FO-RFSoC-4YP/2x2_files/PLEASE/PLEASE.gen/sources_1/bd/PYNQ_Design/ip/PYNQ_Design_zynq_ultra_ps_e_0_0/hdl/zynq_ultra_ps_e_v3_5_3.v:3891]
WARNING: [Synth 8-7071] port 'PSS_ALTO_CORE_PAD_ERROROUT' of module 'PS8' is unconnected for instance 'PS8_i' [c:/Users/clb20123/Documents/FO-RFSoC-4YP/2x2_files/PLEASE/PLEASE.gen/sources_1/bd/PYNQ_Design/ip/PYNQ_Design_zynq_ultra_ps_e_0_0/hdl/zynq_ultra_ps_e_v3_5_3.v:3891]
WARNING: [Synth 8-7071] port 'PSS_ALTO_CORE_PAD_ERRORSTATUS' of module 'PS8' is unconnected for instance 'PS8_i' [c:/Users/clb20123/Documents/FO-RFSoC-4YP/2x2_files/PLEASE/PLEASE.gen/sources_1/bd/PYNQ_Design/ip/PYNQ_Design_zynq_ultra_ps_e_0_0/hdl/zynq_ultra_ps_e_v3_5_3.v:3891]
WARNING: [Synth 8-7071] port 'PSS_ALTO_CORE_PAD_INITB' of module 'PS8' is unconnected for instance 'PS8_i' [c:/Users/clb20123/Documents/FO-RFSoC-4YP/2x2_files/PLEASE/PLEASE.gen/sources_1/bd/PYNQ_Design/ip/PYNQ_Design_zynq_ultra_ps_e_0_0/hdl/zynq_ultra_ps_e_v3_5_3.v:3891]
WARNING: [Synth 8-7071] port 'PSS_ALTO_CORE_PAD_JTAGTCK' of module 'PS8' is unconnected for instance 'PS8_i' [c:/Users/clb20123/Documents/FO-RFSoC-4YP/2x2_files/PLEASE/PLEASE.gen/sources_1/bd/PYNQ_Design/ip/PYNQ_Design_zynq_ultra_ps_e_0_0/hdl/zynq_ultra_ps_e_v3_5_3.v:3891]
WARNING: [Synth 8-7071] port 'PSS_ALTO_CORE_PAD_JTAGTDI' of module 'PS8' is unconnected for instance 'PS8_i' [c:/Users/clb20123/Documents/FO-RFSoC-4YP/2x2_files/PLEASE/PLEASE.gen/sources_1/bd/PYNQ_Design/ip/PYNQ_Design_zynq_ultra_ps_e_0_0/hdl/zynq_ultra_ps_e_v3_5_3.v:3891]
WARNING: [Synth 8-7071] port 'PSS_ALTO_CORE_PAD_JTAGTDO' of module 'PS8' is unconnected for instance 'PS8_i' [c:/Users/clb20123/Documents/FO-RFSoC-4YP/2x2_files/PLEASE/PLEASE.gen/sources_1/bd/PYNQ_Design/ip/PYNQ_Design_zynq_ultra_ps_e_0_0/hdl/zynq_ultra_ps_e_v3_5_3.v:3891]
WARNING: [Synth 8-7071] port 'PSS_ALTO_CORE_PAD_JTAGTMS' of module 'PS8' is unconnected for instance 'PS8_i' [c:/Users/clb20123/Documents/FO-RFSoC-4YP/2x2_files/PLEASE/PLEASE.gen/sources_1/bd/PYNQ_Design/ip/PYNQ_Design_zynq_ultra_ps_e_0_0/hdl/zynq_ultra_ps_e_v3_5_3.v:3891]
WARNING: [Synth 8-7071] port 'PSS_ALTO_CORE_PAD_MIO' of module 'PS8' is unconnected for instance 'PS8_i' [c:/Users/clb20123/Documents/FO-RFSoC-4YP/2x2_files/PLEASE/PLEASE.gen/sources_1/bd/PYNQ_Design/ip/PYNQ_Design_zynq_ultra_ps_e_0_0/hdl/zynq_ultra_ps_e_v3_5_3.v:3891]
WARNING: [Synth 8-7071] port 'PSS_ALTO_CORE_PAD_PORB' of module 'PS8' is unconnected for instance 'PS8_i' [c:/Users/clb20123/Documents/FO-RFSoC-4YP/2x2_files/PLEASE/PLEASE.gen/sources_1/bd/PYNQ_Design/ip/PYNQ_Design_zynq_ultra_ps_e_0_0/hdl/zynq_ultra_ps_e_v3_5_3.v:3891]
WARNING: [Synth 8-7071] port 'PSS_ALTO_CORE_PAD_PROGB' of module 'PS8' is unconnected for instance 'PS8_i' [c:/Users/clb20123/Documents/FO-RFSoC-4YP/2x2_files/PLEASE/PLEASE.gen/sources_1/bd/PYNQ_Design/ip/PYNQ_Design_zynq_ultra_ps_e_0_0/hdl/zynq_ultra_ps_e_v3_5_3.v:3891]
WARNING: [Synth 8-7071] port 'PSS_ALTO_CORE_PAD_RCALIBINOUT' of module 'PS8' is unconnected for instance 'PS8_i' [c:/Users/clb20123/Documents/FO-RFSoC-4YP/2x2_files/PLEASE/PLEASE.gen/sources_1/bd/PYNQ_Design/ip/PYNQ_Design_zynq_ultra_ps_e_0_0/hdl/zynq_ultra_ps_e_v3_5_3.v:3891]
WARNING: [Synth 8-7071] port 'PSS_ALTO_CORE_PAD_SRSTB' of module 'PS8' is unconnected for instance 'PS8_i' [c:/Users/clb20123/Documents/FO-RFSoC-4YP/2x2_files/PLEASE/PLEASE.gen/sources_1/bd/PYNQ_Design/ip/PYNQ_Design_zynq_ultra_ps_e_0_0/hdl/zynq_ultra_ps_e_v3_5_3.v:3891]
WARNING: [Synth 8-7071] port 'PSS_ALTO_CORE_PAD_ZQ' of module 'PS8' is unconnected for instance 'PS8_i' [c:/Users/clb20123/Documents/FO-RFSoC-4YP/2x2_files/PLEASE/PLEASE.gen/sources_1/bd/PYNQ_Design/ip/PYNQ_Design_zynq_ultra_ps_e_0_0/hdl/zynq_ultra_ps_e_v3_5_3.v:3891]
WARNING: [Synth 8-7071] port 'PSS_ALTO_CORE_PAD_MGTRXN0IN' of module 'PS8' is unconnected for instance 'PS8_i' [c:/Users/clb20123/Documents/FO-RFSoC-4YP/2x2_files/PLEASE/PLEASE.gen/sources_1/bd/PYNQ_Design/ip/PYNQ_Design_zynq_ultra_ps_e_0_0/hdl/zynq_ultra_ps_e_v3_5_3.v:3891]
WARNING: [Synth 8-7071] port 'PSS_ALTO_CORE_PAD_MGTRXN1IN' of module 'PS8' is unconnected for instance 'PS8_i' [c:/Users/clb20123/Documents/FO-RFSoC-4YP/2x2_files/PLEASE/PLEASE.gen/sources_1/bd/PYNQ_Design/ip/PYNQ_Design_zynq_ultra_ps_e_0_0/hdl/zynq_ultra_ps_e_v3_5_3.v:3891]
WARNING: [Synth 8-7071] port 'PSS_ALTO_CORE_PAD_MGTRXN2IN' of module 'PS8' is unconnected for instance 'PS8_i' [c:/Users/clb20123/Documents/FO-RFSoC-4YP/2x2_files/PLEASE/PLEASE.gen/sources_1/bd/PYNQ_Design/ip/PYNQ_Design_zynq_ultra_ps_e_0_0/hdl/zynq_ultra_ps_e_v3_5_3.v:3891]
WARNING: [Synth 8-7071] port 'PSS_ALTO_CORE_PAD_MGTRXN3IN' of module 'PS8' is unconnected for instance 'PS8_i' [c:/Users/clb20123/Documents/FO-RFSoC-4YP/2x2_files/PLEASE/PLEASE.gen/sources_1/bd/PYNQ_Design/ip/PYNQ_Design_zynq_ultra_ps_e_0_0/hdl/zynq_ultra_ps_e_v3_5_3.v:3891]
WARNING: [Synth 8-7071] port 'PSS_ALTO_CORE_PAD_MGTRXP0IN' of module 'PS8' is unconnected for instance 'PS8_i' [c:/Users/clb20123/Documents/FO-RFSoC-4YP/2x2_files/PLEASE/PLEASE.gen/sources_1/bd/PYNQ_Design/ip/PYNQ_Design_zynq_ultra_ps_e_0_0/hdl/zynq_ultra_ps_e_v3_5_3.v:3891]
WARNING: [Synth 8-7071] port 'PSS_ALTO_CORE_PAD_MGTRXP1IN' of module 'PS8' is unconnected for instance 'PS8_i' [c:/Users/clb20123/Documents/FO-RFSoC-4YP/2x2_files/PLEASE/PLEASE.gen/sources_1/bd/PYNQ_Design/ip/PYNQ_Design_zynq_ultra_ps_e_0_0/hdl/zynq_ultra_ps_e_v3_5_3.v:3891]
WARNING: [Synth 8-7071] port 'PSS_ALTO_CORE_PAD_MGTRXP2IN' of module 'PS8' is unconnected for instance 'PS8_i' [c:/Users/clb20123/Documents/FO-RFSoC-4YP/2x2_files/PLEASE/PLEASE.gen/sources_1/bd/PYNQ_Design/ip/PYNQ_Design_zynq_ultra_ps_e_0_0/hdl/zynq_ultra_ps_e_v3_5_3.v:3891]
WARNING: [Synth 8-7071] port 'PSS_ALTO_CORE_PAD_MGTRXP3IN' of module 'PS8' is unconnected for instance 'PS8_i' [c:/Users/clb20123/Documents/FO-RFSoC-4YP/2x2_files/PLEASE/PLEASE.gen/sources_1/bd/PYNQ_Design/ip/PYNQ_Design_zynq_ultra_ps_e_0_0/hdl/zynq_ultra_ps_e_v3_5_3.v:3891]
WARNING: [Synth 8-7071] port 'PSS_ALTO_CORE_PAD_PADI' of module 'PS8' is unconnected for instance 'PS8_i' [c:/Users/clb20123/Documents/FO-RFSoC-4YP/2x2_files/PLEASE/PLEASE.gen/sources_1/bd/PYNQ_Design/ip/PYNQ_Design_zynq_ultra_ps_e_0_0/hdl/zynq_ultra_ps_e_v3_5_3.v:3891]
WARNING: [Synth 8-7071] port 'PSS_ALTO_CORE_PAD_REFN0IN' of module 'PS8' is unconnected for instance 'PS8_i' [c:/Users/clb20123/Documents/FO-RFSoC-4YP/2x2_files/PLEASE/PLEASE.gen/sources_1/bd/PYNQ_Design/ip/PYNQ_Design_zynq_ultra_ps_e_0_0/hdl/zynq_ultra_ps_e_v3_5_3.v:3891]
WARNING: [Synth 8-7071] port 'PSS_ALTO_CORE_PAD_REFN1IN' of module 'PS8' is unconnected for instance 'PS8_i' [c:/Users/clb20123/Documents/FO-RFSoC-4YP/2x2_files/PLEASE/PLEASE.gen/sources_1/bd/PYNQ_Design/ip/PYNQ_Design_zynq_ultra_ps_e_0_0/hdl/zynq_ultra_ps_e_v3_5_3.v:3891]
WARNING: [Synth 8-7071] port 'PSS_ALTO_CORE_PAD_REFN2IN' of module 'PS8' is unconnected for instance 'PS8_i' [c:/Users/clb20123/Documents/FO-RFSoC-4YP/2x2_files/PLEASE/PLEASE.gen/sources_1/bd/PYNQ_Design/ip/PYNQ_Design_zynq_ultra_ps_e_0_0/hdl/zynq_ultra_ps_e_v3_5_3.v:3891]
WARNING: [Synth 8-7071] port 'PSS_ALTO_CORE_PAD_REFN3IN' of module 'PS8' is unconnected for instance 'PS8_i' [c:/Users/clb20123/Documents/FO-RFSoC-4YP/2x2_files/PLEASE/PLEASE.gen/sources_1/bd/PYNQ_Design/ip/PYNQ_Design_zynq_ultra_ps_e_0_0/hdl/zynq_ultra_ps_e_v3_5_3.v:3891]
WARNING: [Synth 8-7071] port 'PSS_ALTO_CORE_PAD_REFP0IN' of module 'PS8' is unconnected for instance 'PS8_i' [c:/Users/clb20123/Documents/FO-RFSoC-4YP/2x2_files/PLEASE/PLEASE.gen/sources_1/bd/PYNQ_Design/ip/PYNQ_Design_zynq_ultra_ps_e_0_0/hdl/zynq_ultra_ps_e_v3_5_3.v:3891]
WARNING: [Synth 8-7071] port 'PSS_ALTO_CORE_PAD_REFP1IN' of module 'PS8' is unconnected for instance 'PS8_i' [c:/Users/clb20123/Documents/FO-RFSoC-4YP/2x2_files/PLEASE/PLEASE.gen/sources_1/bd/PYNQ_Design/ip/PYNQ_Design_zynq_ultra_ps_e_0_0/hdl/zynq_ultra_ps_e_v3_5_3.v:3891]
WARNING: [Synth 8-7071] port 'PSS_ALTO_CORE_PAD_REFP2IN' of module 'PS8' is unconnected for instance 'PS8_i' [c:/Users/clb20123/Documents/FO-RFSoC-4YP/2x2_files/PLEASE/PLEASE.gen/sources_1/bd/PYNQ_Design/ip/PYNQ_Design_zynq_ultra_ps_e_0_0/hdl/zynq_ultra_ps_e_v3_5_3.v:3891]
WARNING: [Synth 8-7071] port 'PSS_ALTO_CORE_PAD_REFP3IN' of module 'PS8' is unconnected for instance 'PS8_i' [c:/Users/clb20123/Documents/FO-RFSoC-4YP/2x2_files/PLEASE/PLEASE.gen/sources_1/bd/PYNQ_Design/ip/PYNQ_Design_zynq_ultra_ps_e_0_0/hdl/zynq_ultra_ps_e_v3_5_3.v:3891]
WARNING: [Synth 8-7023] instance 'PS8_i' of module 'PS8' has 1015 connections declared, but only 957 given [c:/Users/clb20123/Documents/FO-RFSoC-4YP/2x2_files/PLEASE/PLEASE.gen/sources_1/bd/PYNQ_Design/ip/PYNQ_Design_zynq_ultra_ps_e_0_0/hdl/zynq_ultra_ps_e_v3_5_3.v:3891]
INFO: [Synth 8-256] done synthesizing module 'PYNQ_Design_zynq_ultra_ps_e_0_0' (0#1) [c:/Users/clb20123/Documents/FO-RFSoC-4YP/2x2_files/PLEASE/PLEASE.gen/sources_1/bd/PYNQ_Design/ip/PYNQ_Design_zynq_ultra_ps_e_0_0/synth/PYNQ_Design_zynq_ultra_ps_e_0_0.vhd:189]
INFO: [Synth 8-256] done synthesizing module 'PYNQ_Design' (0#1) [c:/Users/clb20123/Documents/FO-RFSoC-4YP/2x2_files/PLEASE/PLEASE.gen/sources_1/bd/PYNQ_Design/synth/PYNQ_Design.vhd:2669]
INFO: [Synth 8-256] done synthesizing module 'PYNQ_Design_wrapper' (0#1) [C:/Users/clb20123/Documents/FO-RFSoC-4YP/2x2_files/PLEASE/PLEASE.gen/sources_1/bd/PYNQ_Design/hdl/PYNQ_Design_wrapper.vhd:31]
WARNING: [Synth 8-6014] Unused sequential element clk_num_reg was removed.  [c:/Users/clb20123/Documents/FO-RFSoC-4YP/2x2_files/PLEASE/PLEASE.gen/sources_1/bd/PYNQ_Design/ipshared/0ce8/hdl/xlclockdriver_rd.vhd:212]
WARNING: [Synth 8-6014] Unused sequential element op_mem_91_20_reg[0] was removed.  [c:/Users/clb20123/Documents/FO-RFSoC-4YP/2x2_files/PLEASE/PLEASE.gen/sources_1/bd/PYNQ_Design/ipshared/0ce8/hdl/x16_bit_demod_entity_declarations.vhd:403]
WARNING: [Synth 8-6014] Unused sequential element cout_mem_92_22_reg[0] was removed.  [c:/Users/clb20123/Documents/FO-RFSoC-4YP/2x2_files/PLEASE/PLEASE.gen/sources_1/bd/PYNQ_Design/ipshared/0ce8/hdl/x16_bit_demod_entity_declarations.vhd:414]
WARNING: [Synth 8-6014] Unused sequential element op_mem_91_20_reg[0] was removed.  [c:/Users/clb20123/Documents/FO-RFSoC-4YP/2x2_files/PLEASE/PLEASE.gen/sources_1/bd/PYNQ_Design/ipshared/0ce8/hdl/x16_bit_demod_entity_declarations.vhd:491]
WARNING: [Synth 8-6014] Unused sequential element cout_mem_92_22_reg[0] was removed.  [c:/Users/clb20123/Documents/FO-RFSoC-4YP/2x2_files/PLEASE/PLEASE.gen/sources_1/bd/PYNQ_Design/ipshared/0ce8/hdl/x16_bit_demod_entity_declarations.vhd:502]
WARNING: [Synth 8-3848] Net core_dcount in module/entity x16_bit_demod_xlfifogen_u does not have driver. [c:/Users/clb20123/Documents/FO-RFSoC-4YP/2x2_files/PLEASE/PLEASE.gen/sources_1/bd/PYNQ_Design/ipshared/0ce8/hdl/x16_bit_demod_entity_declarations.vhd:1167]
WARNING: [Synth 8-3848] Net ae_net in module/entity x16_bit_demod_xlfifogen_u does not have driver. [c:/Users/clb20123/Documents/FO-RFSoC-4YP/2x2_files/PLEASE/PLEASE.gen/sources_1/bd/PYNQ_Design/ipshared/0ce8/hdl/x16_bit_demod_entity_declarations.vhd:1172]
WARNING: [Synth 8-3848] Net core_dcount in module/entity x16_bit_demod_xlfifogen_u__parameterized0 does not have driver. [c:/Users/clb20123/Documents/FO-RFSoC-4YP/2x2_files/PLEASE/PLEASE.gen/sources_1/bd/PYNQ_Design/ipshared/0ce8/hdl/x16_bit_demod_entity_declarations.vhd:1167]
WARNING: [Synth 8-3848] Net ae_net in module/entity x16_bit_demod_xlfifogen_u__parameterized0 does not have driver. [c:/Users/clb20123/Documents/FO-RFSoC-4YP/2x2_files/PLEASE/PLEASE.gen/sources_1/bd/PYNQ_Design/ipshared/0ce8/hdl/x16_bit_demod_entity_declarations.vhd:1172]
WARNING: [Synth 8-3848] Net af_net in module/entity x16_bit_demod_xlfifogen_u__parameterized0 does not have driver. [c:/Users/clb20123/Documents/FO-RFSoC-4YP/2x2_files/PLEASE/PLEASE.gen/sources_1/bd/PYNQ_Design/ipshared/0ce8/hdl/x16_bit_demod_entity_declarations.vhd:1173]
WARNING: [Synth 8-6014] Unused sequential element awaddr_reg was removed.  [c:/Users/clb20123/Documents/FO-RFSoC-4YP/2x2_files/PLEASE/PLEASE.gen/sources_1/bd/PYNQ_Design/ipshared/8830/hdl/axi_dma_v7_1_vh_rfs.vhd:2151]
WARNING: [Synth 8-6014] Unused sequential element wdata_reg was removed.  [c:/Users/clb20123/Documents/FO-RFSoC-4YP/2x2_files/PLEASE/PLEASE.gen/sources_1/bd/PYNQ_Design/ipshared/8830/hdl/axi_dma_v7_1_vh_rfs.vhd:2153]
WARNING: [Synth 8-6014] Unused sequential element GEN_SYNC_WRITE.axi2ip_wrdata_i_reg was removed.  [c:/Users/clb20123/Documents/FO-RFSoC-4YP/2x2_files/PLEASE/PLEASE.gen/sources_1/bd/PYNQ_Design/ipshared/8830/hdl/axi_dma_v7_1_vh_rfs.vhd:2306]
WARNING: [Synth 8-6014] Unused sequential element GEN_SYNC_WRITE.awready_i_reg was removed.  [c:/Users/clb20123/Documents/FO-RFSoC-4YP/2x2_files/PLEASE/PLEASE.gen/sources_1/bd/PYNQ_Design/ipshared/8830/hdl/axi_dma_v7_1_vh_rfs.vhd:2138]
WARNING: [Synth 8-6014] Unused sequential element GEN_SYNC_WRITE.rdy1_reg was removed.  [c:/Users/clb20123/Documents/FO-RFSoC-4YP/2x2_files/PLEASE/PLEASE.gen/sources_1/bd/PYNQ_Design/ipshared/8830/hdl/axi_dma_v7_1_vh_rfs.vhd:2267]
WARNING: [Synth 8-6014] Unused sequential element GEN_SYNC_READ.arvalid_re_d1_reg was removed.  [c:/Users/clb20123/Documents/FO-RFSoC-4YP/2x2_files/PLEASE/PLEASE.gen/sources_1/bd/PYNQ_Design/ipshared/8830/hdl/axi_dma_v7_1_vh_rfs.vhd:3049]
WARNING: [Synth 8-6014] Unused sequential element sg_ftch_error_reg was removed.  [c:/Users/clb20123/Documents/FO-RFSoC-4YP/2x2_files/PLEASE/PLEASE.gen/sources_1/bd/PYNQ_Design/ipshared/8830/hdl/axi_dma_v7_1_vh_rfs.vhd:5635]
WARNING: [Synth 8-6014] Unused sequential element sg_updt_error_reg was removed.  [c:/Users/clb20123/Documents/FO-RFSoC-4YP/2x2_files/PLEASE/PLEASE.gen/sources_1/bd/PYNQ_Design/ipshared/8830/hdl/axi_dma_v7_1_vh_rfs.vhd:5636]
WARNING: [Synth 8-6014] Unused sequential element GEN_S2MM_DMA_CONTROL.s2mm_desc_flush_i_reg was removed.  [c:/Users/clb20123/Documents/FO-RFSoC-4YP/2x2_files/PLEASE/PLEASE.gen/sources_1/bd/PYNQ_Design/ipshared/8830/hdl/axi_dma_v7_1_vh_rfs.vhd:20668]
WARNING: [Synth 8-6014] Unused sequential element sig_cmd_stat_rst_int_reg_n_reg was removed.  [c:/Users/clb20123/Documents/FO-RFSoC-4YP/2x2_files/PLEASE/PLEASE.gen/sources_1/bd/PYNQ_Design/ipshared/bf20/hdl/axi_datamover_v5_1_vh_rfs.vhd:185]
WARNING: [Synth 8-6014] Unused sequential element sig_mmap_rst_reg_n_reg was removed.  [c:/Users/clb20123/Documents/FO-RFSoC-4YP/2x2_files/PLEASE/PLEASE.gen/sources_1/bd/PYNQ_Design/ipshared/bf20/hdl/axi_datamover_v5_1_vh_rfs.vhd:188]
WARNING: [Synth 8-6014] Unused sequential element sig_stream_rst_reg_n_reg was removed.  [c:/Users/clb20123/Documents/FO-RFSoC-4YP/2x2_files/PLEASE/PLEASE.gen/sources_1/bd/PYNQ_Design/ipshared/bf20/hdl/axi_datamover_v5_1_vh_rfs.vhd:191]
WARNING: [Synth 8-6014] Unused sequential element sig_inhibit_rdy_n_reg was removed.  [c:/Users/clb20123/Documents/FO-RFSoC-4YP/2x2_files/PLEASE/PLEASE.gen/sources_1/bd/PYNQ_Design/ipshared/bf20/hdl/axi_datamover_v5_1_vh_rfs.vhd:1987]
WARNING: [Synth 8-6014] Unused sequential element sig_inhibit_rdy_n_reg was removed.  [c:/Users/clb20123/Documents/FO-RFSoC-4YP/2x2_files/PLEASE/PLEASE.gen/sources_1/bd/PYNQ_Design/ipshared/bf20/hdl/axi_datamover_v5_1_vh_rfs.vhd:1987]
WARNING: [Synth 8-6014] Unused sequential element sig_input_reg_full_reg was removed.  [c:/Users/clb20123/Documents/FO-RFSoC-4YP/2x2_files/PLEASE/PLEASE.gen/sources_1/bd/PYNQ_Design/ipshared/bf20/hdl/axi_datamover_v5_1_vh_rfs.vhd:26239]
WARNING: [Synth 8-6014] Unused sequential element sig_psm_ld_calc2_reg was removed.  [c:/Users/clb20123/Documents/FO-RFSoC-4YP/2x2_files/PLEASE/PLEASE.gen/sources_1/bd/PYNQ_Design/ipshared/bf20/hdl/axi_datamover_v5_1_vh_rfs.vhd:26443]
WARNING: [Synth 8-6014] Unused sequential element sig_child_cmd_reg_empty_reg was removed.  [c:/Users/clb20123/Documents/FO-RFSoC-4YP/2x2_files/PLEASE/PLEASE.gen/sources_1/bd/PYNQ_Design/ipshared/bf20/hdl/axi_datamover_v5_1_vh_rfs.vhd:26899]
WARNING: [Synth 8-6014] Unused sequential element sig_first_child_xfer_reg was removed.  [c:/Users/clb20123/Documents/FO-RFSoC-4YP/2x2_files/PLEASE/PLEASE.gen/sources_1/bd/PYNQ_Design/ipshared/bf20/hdl/axi_datamover_v5_1_vh_rfs.vhd:27444]
WARNING: [Synth 8-6014] Unused sequential element sig_xfer_is_seq_reg was removed.  [c:/Users/clb20123/Documents/FO-RFSoC-4YP/2x2_files/PLEASE/PLEASE.gen/sources_1/bd/PYNQ_Design/ipshared/bf20/hdl/axi_datamover_v5_1_vh_rfs.vhd:27943]
WARNING: [Synth 8-6014] Unused sequential element sig_xfer_reg_empty_reg was removed.  [c:/Users/clb20123/Documents/FO-RFSoC-4YP/2x2_files/PLEASE/PLEASE.gen/sources_1/bd/PYNQ_Design/ipshared/bf20/hdl/axi_datamover_v5_1_vh_rfs.vhd:28036]
WARNING: [Synth 8-6014] Unused sequential element sig_xfer_reg_full_reg was removed.  [c:/Users/clb20123/Documents/FO-RFSoC-4YP/2x2_files/PLEASE/PLEASE.gen/sources_1/bd/PYNQ_Design/ipshared/bf20/hdl/axi_datamover_v5_1_vh_rfs.vhd:28037]
WARNING: [Synth 8-6014] Unused sequential element sig_sm_ld_scatter_cmd_reg was removed.  [c:/Users/clb20123/Documents/FO-RFSoC-4YP/2x2_files/PLEASE/PLEASE.gen/sources_1/bd/PYNQ_Design/ipshared/bf20/hdl/axi_datamover_v5_1_vh_rfs.vhd:47314]
WARNING: [Synth 8-6014] Unused sequential element gen_rd_b.gen_doutb_pipe.enb_pipe_reg[0] was removed.  [D:/Xilinx/Vivado/2024.1/data/ip/xpm/xpm_memory/hdl/xpm_memory.sv:3077]
WARNING: [Synth 8-6014] Unused sequential element gdvld.data_valid_std_reg was removed.  [D:/Xilinx/Vivado/2024.1/data/ip/xpm/xpm_fifo/hdl/xpm_fifo.sv:550]
WARNING: [Synth 8-6014] Unused sequential element gen_pntr_flags_cc.gae_cc_std.ram_aempty_i_reg was removed.  [D:/Xilinx/Vivado/2024.1/data/ip/xpm/xpm_fifo/hdl/xpm_fifo.sv:982]
WARNING: [Synth 8-6014] Unused sequential element gen_fwft.empty_fwft_fb_reg was removed.  [D:/Xilinx/Vivado/2024.1/data/ip/xpm/xpm_fifo/hdl/xpm_fifo.sv:1404]
WARNING: [Synth 8-6014] Unused sequential element hold_ff_q_reg was removed.  [c:/Users/clb20123/Documents/FO-RFSoC-4YP/2x2_files/PLEASE/PLEASE.gen/sources_1/bd/PYNQ_Design/ipshared/bf20/hdl/axi_datamover_v5_1_vh_rfs.vhd:1493]
WARNING: [Synth 8-6014] Unused sequential element gen_rd_b.gen_doutb_pipe.enb_pipe_reg[0] was removed.  [D:/Xilinx/Vivado/2024.1/data/ip/xpm/xpm_memory/hdl/xpm_memory.sv:3077]
WARNING: [Synth 8-6014] Unused sequential element gdvld.data_valid_std_reg was removed.  [D:/Xilinx/Vivado/2024.1/data/ip/xpm/xpm_fifo/hdl/xpm_fifo.sv:550]
WARNING: [Synth 8-6014] Unused sequential element gen_pntr_flags_cc.gae_cc_std.ram_aempty_i_reg was removed.  [D:/Xilinx/Vivado/2024.1/data/ip/xpm/xpm_fifo/hdl/xpm_fifo.sv:982]
WARNING: [Synth 8-6014] Unused sequential element gen_fwft.empty_fwft_fb_reg was removed.  [D:/Xilinx/Vivado/2024.1/data/ip/xpm/xpm_fifo/hdl/xpm_fifo.sv:1404]
WARNING: [Synth 8-6014] Unused sequential element hold_ff_q_reg was removed.  [c:/Users/clb20123/Documents/FO-RFSoC-4YP/2x2_files/PLEASE/PLEASE.gen/sources_1/bd/PYNQ_Design/ipshared/bf20/hdl/axi_datamover_v5_1_vh_rfs.vhd:1493]
WARNING: [Synth 8-6014] Unused sequential element INCLUDE_PACKING.lsig_packer_empty_reg was removed.  [c:/Users/clb20123/Documents/FO-RFSoC-4YP/2x2_files/PLEASE/PLEASE.gen/sources_1/bd/PYNQ_Design/ipshared/bf20/hdl/axi_datamover_v5_1_vh_rfs.vhd:29176]
WARNING: [Synth 8-6014] Unused sequential element sig_next_tag_reg_reg was removed.  [c:/Users/clb20123/Documents/FO-RFSoC-4YP/2x2_files/PLEASE/PLEASE.gen/sources_1/bd/PYNQ_Design/ipshared/bf20/hdl/axi_datamover_v5_1_vh_rfs.vhd:10353]
WARNING: [Synth 8-6014] Unused sequential element sig_next_cmd_cmplt_reg_reg was removed.  [c:/Users/clb20123/Documents/FO-RFSoC-4YP/2x2_files/PLEASE/PLEASE.gen/sources_1/bd/PYNQ_Design/ipshared/bf20/hdl/axi_datamover_v5_1_vh_rfs.vhd:10360]
WARNING: [Synth 8-6014] Unused sequential element sig_next_last_strb_reg_reg was removed.  [c:/Users/clb20123/Documents/FO-RFSoC-4YP/2x2_files/PLEASE/PLEASE.gen/sources_1/bd/PYNQ_Design/ipshared/bf20/hdl/axi_datamover_v5_1_vh_rfs.vhd:16878]
WARNING: [Synth 8-6014] Unused sequential element sig_next_eof_reg_reg was removed.  [c:/Users/clb20123/Documents/FO-RFSoC-4YP/2x2_files/PLEASE/PLEASE.gen/sources_1/bd/PYNQ_Design/ipshared/bf20/hdl/axi_datamover_v5_1_vh_rfs.vhd:16883]
WARNING: [Synth 8-3848] Net m_axi_sg_awuser in module/entity axi_dma does not have driver. [c:/Users/clb20123/Documents/FO-RFSoC-4YP/2x2_files/PLEASE/PLEASE.gen/sources_1/bd/PYNQ_Design/ipshared/8830/hdl/axi_dma_v7_1_vh_rfs.vhd:21994]
WARNING: [Synth 8-3848] Net m_axi_sg_aruser in module/entity axi_dma does not have driver. [c:/Users/clb20123/Documents/FO-RFSoC-4YP/2x2_files/PLEASE/PLEASE.gen/sources_1/bd/PYNQ_Design/ipshared/8830/hdl/axi_dma_v7_1_vh_rfs.vhd:22020]
WARNING: [Synth 8-3848] Net m_axis_mm2s_tlast_i in module/entity axi_dma does not have driver. [c:/Users/clb20123/Documents/FO-RFSoC-4YP/2x2_files/PLEASE/PLEASE.gen/sources_1/bd/PYNQ_Design/ipshared/8830/hdl/axi_dma_v7_1_vh_rfs.vhd:22669]
WARNING: [Synth 8-3848] Net m_axis_mm2s_tuser in module/entity axi_dma does not have driver. [c:/Users/clb20123/Documents/FO-RFSoC-4YP/2x2_files/PLEASE/PLEASE.gen/sources_1/bd/PYNQ_Design/ipshared/8830/hdl/axi_dma_v7_1_vh_rfs.vhd:22065]
WARNING: [Synth 8-3848] Net m_axis_mm2s_tid in module/entity axi_dma does not have driver. [c:/Users/clb20123/Documents/FO-RFSoC-4YP/2x2_files/PLEASE/PLEASE.gen/sources_1/bd/PYNQ_Design/ipshared/8830/hdl/axi_dma_v7_1_vh_rfs.vhd:22066]
WARNING: [Synth 8-3848] Net m_axis_mm2s_tdest in module/entity axi_dma does not have driver. [c:/Users/clb20123/Documents/FO-RFSoC-4YP/2x2_files/PLEASE/PLEASE.gen/sources_1/bd/PYNQ_Design/ipshared/8830/hdl/axi_dma_v7_1_vh_rfs.vhd:22067]
WARNING: [Synth 8-3848] Net mm2s_smpl_done in module/entity axi_dma does not have driver. [c:/Users/clb20123/Documents/FO-RFSoC-4YP/2x2_files/PLEASE/PLEASE.gen/sources_1/bd/PYNQ_Design/ipshared/8830/hdl/axi_dma_v7_1_vh_rfs.vhd:22493]
WARNING: [Synth 8-3848] Net mm2s_stop in module/entity axi_dma does not have driver. [c:/Users/clb20123/Documents/FO-RFSoC-4YP/2x2_files/PLEASE/PLEASE.gen/sources_1/bd/PYNQ_Design/ipshared/8830/hdl/axi_dma_v7_1_vh_rfs.vhd:22535]
WARNING: [Synth 8-3848] Net mm2s_halted_clr in module/entity axi_dma does not have driver. [c:/Users/clb20123/Documents/FO-RFSoC-4YP/2x2_files/PLEASE/PLEASE.gen/sources_1/bd/PYNQ_Design/ipshared/8830/hdl/axi_dma_v7_1_vh_rfs.vhd:22469]
WARNING: [Synth 8-3848] Net mm2s_halted_set in module/entity axi_dma does not have driver. [c:/Users/clb20123/Documents/FO-RFSoC-4YP/2x2_files/PLEASE/PLEASE.gen/sources_1/bd/PYNQ_Design/ipshared/8830/hdl/axi_dma_v7_1_vh_rfs.vhd:22470]
WARNING: [Synth 8-3848] Net mm2s_idle_set in module/entity axi_dma does not have driver. [c:/Users/clb20123/Documents/FO-RFSoC-4YP/2x2_files/PLEASE/PLEASE.gen/sources_1/bd/PYNQ_Design/ipshared/8830/hdl/axi_dma_v7_1_vh_rfs.vhd:22471]
WARNING: [Synth 8-3848] Net mm2s_idle_clr in module/entity axi_dma does not have driver. [c:/Users/clb20123/Documents/FO-RFSoC-4YP/2x2_files/PLEASE/PLEASE.gen/sources_1/bd/PYNQ_Design/ipshared/8830/hdl/axi_dma_v7_1_vh_rfs.vhd:22472]
WARNING: [Synth 8-3848] Net mm2s_smpl_interr_set in module/entity axi_dma does not have driver. [c:/Users/clb20123/Documents/FO-RFSoC-4YP/2x2_files/PLEASE/PLEASE.gen/sources_1/bd/PYNQ_Design/ipshared/8830/hdl/axi_dma_v7_1_vh_rfs.vhd:22490]
WARNING: [Synth 8-3848] Net mm2s_smpl_slverr_set in module/entity axi_dma does not have driver. [c:/Users/clb20123/Documents/FO-RFSoC-4YP/2x2_files/PLEASE/PLEASE.gen/sources_1/bd/PYNQ_Design/ipshared/8830/hdl/axi_dma_v7_1_vh_rfs.vhd:22491]
WARNING: [Synth 8-3848] Net mm2s_smpl_decerr_set in module/entity axi_dma does not have driver. [c:/Users/clb20123/Documents/FO-RFSoC-4YP/2x2_files/PLEASE/PLEASE.gen/sources_1/bd/PYNQ_Design/ipshared/8830/hdl/axi_dma_v7_1_vh_rfs.vhd:22492]
WARNING: [Synth 8-3848] Net mm2s_new_curdesc_wren in module/entity axi_dma does not have driver. [c:/Users/clb20123/Documents/FO-RFSoC-4YP/2x2_files/PLEASE/PLEASE.gen/sources_1/bd/PYNQ_Design/ipshared/8830/hdl/axi_dma_v7_1_vh_rfs.vhd:22480]
WARNING: [Synth 8-3848] Net mm2s_new_curdesc in module/entity axi_dma does not have driver. [c:/Users/clb20123/Documents/FO-RFSoC-4YP/2x2_files/PLEASE/PLEASE.gen/sources_1/bd/PYNQ_Design/ipshared/8830/hdl/axi_dma_v7_1_vh_rfs.vhd:22481]
WARNING: [Synth 8-3848] Net strm_valid in module/entity axi_dma does not have driver. [c:/Users/clb20123/Documents/FO-RFSoC-4YP/2x2_files/PLEASE/PLEASE.gen/sources_1/bd/PYNQ_Design/ipshared/8830/hdl/axi_dma_v7_1_vh_rfs.vhd:22710]
WARNING: [Synth 8-3848] Net bd_eq in module/entity axi_dma does not have driver. [c:/Users/clb20123/Documents/FO-RFSoC-4YP/2x2_files/PLEASE/PLEASE.gen/sources_1/bd/PYNQ_Design/ipshared/8830/hdl/axi_dma_v7_1_vh_rfs.vhd:22703]
WARNING: [Synth 8-3848] Net s_axis_mm2s_cmd_tvalid in module/entity axi_dma does not have driver. [c:/Users/clb20123/Documents/FO-RFSoC-4YP/2x2_files/PLEASE/PLEASE.gen/sources_1/bd/PYNQ_Design/ipshared/8830/hdl/axi_dma_v7_1_vh_rfs.vhd:22583]
WARNING: [Synth 8-3848] Net s_axis_mm2s_cmd_tdata in module/entity axi_dma does not have driver. [c:/Users/clb20123/Documents/FO-RFSoC-4YP/2x2_files/PLEASE/PLEASE.gen/sources_1/bd/PYNQ_Design/ipshared/8830/hdl/axi_dma_v7_1_vh_rfs.vhd:22585]
WARNING: [Synth 8-3848] Net m_axis_mm2s_sts_tready in module/entity axi_dma does not have driver. [c:/Users/clb20123/Documents/FO-RFSoC-4YP/2x2_files/PLEASE/PLEASE.gen/sources_1/bd/PYNQ_Design/ipshared/8830/hdl/axi_dma_v7_1_vh_rfs.vhd:22590]
WARNING: [Synth 8-3848] Net mm2s_all_idle in module/entity axi_dma does not have driver. [c:/Users/clb20123/Documents/FO-RFSoC-4YP/2x2_files/PLEASE/PLEASE.gen/sources_1/bd/PYNQ_Design/ipshared/8830/hdl/axi_dma_v7_1_vh_rfs.vhd:22496]
WARNING: [Synth 8-3848] Net mm2s_error in module/entity axi_dma does not have driver. [c:/Users/clb20123/Documents/FO-RFSoC-4YP/2x2_files/PLEASE/PLEASE.gen/sources_1/bd/PYNQ_Design/ipshared/8830/hdl/axi_dma_v7_1_vh_rfs.vhd:22497]
WARNING: [Synth 8-3848] Net s2mm_desc_info_in in module/entity axi_dma does not have driver. [c:/Users/clb20123/Documents/FO-RFSoC-4YP/2x2_files/PLEASE/PLEASE.gen/sources_1/bd/PYNQ_Design/ipshared/8830/hdl/axi_dma_v7_1_vh_rfs.vhd:22683]
WARNING: [Synth 8-3848] Net m_axis_s2mm_ftch_tdata_new in module/entity axi_dma does not have driver. [c:/Users/clb20123/Documents/FO-RFSoC-4YP/2x2_files/PLEASE/PLEASE.gen/sources_1/bd/PYNQ_Design/ipshared/8830/hdl/axi_dma_v7_1_vh_rfs.vhd:22608]
WARNING: [Synth 8-3848] Net m_axis_s2mm_ftch_tdata_mcdma_new in module/entity axi_dma does not have driver. [c:/Users/clb20123/Documents/FO-RFSoC-4YP/2x2_files/PLEASE/PLEASE.gen/sources_1/bd/PYNQ_Design/ipshared/8830/hdl/axi_dma_v7_1_vh_rfs.vhd:22609]
WARNING: [Synth 8-3848] Net m_axis_s2mm_ftch_tdata_mcdma_nxt in module/entity axi_dma does not have driver. [c:/Users/clb20123/Documents/FO-RFSoC-4YP/2x2_files/PLEASE/PLEASE.gen/sources_1/bd/PYNQ_Design/ipshared/8830/hdl/axi_dma_v7_1_vh_rfs.vhd:22610]
WARNING: [Synth 8-3848] Net m_axis_s2mm_ftch_tvalid_new in module/entity axi_dma does not have driver. [c:/Users/clb20123/Documents/FO-RFSoC-4YP/2x2_files/PLEASE/PLEASE.gen/sources_1/bd/PYNQ_Design/ipshared/8830/hdl/axi_dma_v7_1_vh_rfs.vhd:22611]
WARNING: [Synth 8-3848] Net m_axis_ftch2_desc_available in module/entity axi_dma does not have driver. [c:/Users/clb20123/Documents/FO-RFSoC-4YP/2x2_files/PLEASE/PLEASE.gen/sources_1/bd/PYNQ_Design/ipshared/8830/hdl/axi_dma_v7_1_vh_rfs.vhd:22612]
WARNING: [Synth 8-3848] Net aresetn_out in module/entity clk_map_imp_O4FXFQ does not have driver. [c:/Users/clb20123/Documents/FO-RFSoC-4YP/2x2_files/PLEASE/PLEASE.gen/sources_1/bd/PYNQ_Design/ip/PYNQ_Design_axi_smc_2/bd_0/synth/bd_4c89.v:468]
WARNING: [Synth 8-3848] Net probe_out0 in module/entity bd_9ef2_g_inst_0_gigantic_mux does not have driver. [c:/Users/clb20123/Documents/FO-RFSoC-4YP/2x2_files/PLEASE/PLEASE.gen/sources_1/bd/PYNQ_Design/ip/PYNQ_Design_system_ila_1_0/bd_0/ip/ip_1/bd_9ef2_g_inst_0_gigantic_mux.v:1985]
WARNING: [Synth 8-3848] Net probe_out1 in module/entity bd_9ef2_g_inst_0_gigantic_mux does not have driver. [c:/Users/clb20123/Documents/FO-RFSoC-4YP/2x2_files/PLEASE/PLEASE.gen/sources_1/bd/PYNQ_Design/ip/PYNQ_Design_system_ila_1_0/bd_0/ip/ip_1/bd_9ef2_g_inst_0_gigantic_mux.v:1986]
WARNING: [Synth 8-3848] Net probe_out2 in module/entity bd_9ef2_g_inst_0_gigantic_mux does not have driver. [c:/Users/clb20123/Documents/FO-RFSoC-4YP/2x2_files/PLEASE/PLEASE.gen/sources_1/bd/PYNQ_Design/ip/PYNQ_Design_system_ila_1_0/bd_0/ip/ip_1/bd_9ef2_g_inst_0_gigantic_mux.v:1987]
WARNING: [Synth 8-3848] Net probe_out3 in module/entity bd_9ef2_g_inst_0_gigantic_mux does not have driver. [c:/Users/clb20123/Documents/FO-RFSoC-4YP/2x2_files/PLEASE/PLEASE.gen/sources_1/bd/PYNQ_Design/ip/PYNQ_Design_system_ila_1_0/bd_0/ip/ip_1/bd_9ef2_g_inst_0_gigantic_mux.v:1988]
WARNING: [Synth 8-3848] Net probe_out4 in module/entity bd_9ef2_g_inst_0_gigantic_mux does not have driver. [c:/Users/clb20123/Documents/FO-RFSoC-4YP/2x2_files/PLEASE/PLEASE.gen/sources_1/bd/PYNQ_Design/ip/PYNQ_Design_system_ila_1_0/bd_0/ip/ip_1/bd_9ef2_g_inst_0_gigantic_mux.v:1989]
WARNING: [Synth 8-3848] Net probe_out5 in module/entity bd_9ef2_g_inst_0_gigantic_mux does not have driver. [c:/Users/clb20123/Documents/FO-RFSoC-4YP/2x2_files/PLEASE/PLEASE.gen/sources_1/bd/PYNQ_Design/ip/PYNQ_Design_system_ila_1_0/bd_0/ip/ip_1/bd_9ef2_g_inst_0_gigantic_mux.v:1990]
WARNING: [Synth 8-3848] Net probe_out6 in module/entity bd_9ef2_g_inst_0_gigantic_mux does not have driver. [c:/Users/clb20123/Documents/FO-RFSoC-4YP/2x2_files/PLEASE/PLEASE.gen/sources_1/bd/PYNQ_Design/ip/PYNQ_Design_system_ila_1_0/bd_0/ip/ip_1/bd_9ef2_g_inst_0_gigantic_mux.v:1991]
WARNING: [Synth 8-3848] Net probe_out7 in module/entity bd_9ef2_g_inst_0_gigantic_mux does not have driver. [c:/Users/clb20123/Documents/FO-RFSoC-4YP/2x2_files/PLEASE/PLEASE.gen/sources_1/bd/PYNQ_Design/ip/PYNQ_Design_system_ila_1_0/bd_0/ip/ip_1/bd_9ef2_g_inst_0_gigantic_mux.v:1992]
WARNING: [Synth 8-3848] Net probe_out8 in module/entity bd_9ef2_g_inst_0_gigantic_mux does not have driver. [c:/Users/clb20123/Documents/FO-RFSoC-4YP/2x2_files/PLEASE/PLEASE.gen/sources_1/bd/PYNQ_Design/ip/PYNQ_Design_system_ila_1_0/bd_0/ip/ip_1/bd_9ef2_g_inst_0_gigantic_mux.v:1993]
WARNING: [Synth 8-3848] Net probe_out9 in module/entity bd_9ef2_g_inst_0_gigantic_mux does not have driver. [c:/Users/clb20123/Documents/FO-RFSoC-4YP/2x2_files/PLEASE/PLEASE.gen/sources_1/bd/PYNQ_Design/ip/PYNQ_Design_system_ila_1_0/bd_0/ip/ip_1/bd_9ef2_g_inst_0_gigantic_mux.v:1994]
WARNING: [Synth 8-3848] Net probe_out10 in module/entity bd_9ef2_g_inst_0_gigantic_mux does not have driver. [c:/Users/clb20123/Documents/FO-RFSoC-4YP/2x2_files/PLEASE/PLEASE.gen/sources_1/bd/PYNQ_Design/ip/PYNQ_Design_system_ila_1_0/bd_0/ip/ip_1/bd_9ef2_g_inst_0_gigantic_mux.v:1995]
WARNING: [Synth 8-3848] Net probe_out11 in module/entity bd_9ef2_g_inst_0_gigantic_mux does not have driver. [c:/Users/clb20123/Documents/FO-RFSoC-4YP/2x2_files/PLEASE/PLEASE.gen/sources_1/bd/PYNQ_Design/ip/PYNQ_Design_system_ila_1_0/bd_0/ip/ip_1/bd_9ef2_g_inst_0_gigantic_mux.v:1996]
WARNING: [Synth 8-3848] Net probe_out12 in module/entity bd_9ef2_g_inst_0_gigantic_mux does not have driver. [c:/Users/clb20123/Documents/FO-RFSoC-4YP/2x2_files/PLEASE/PLEASE.gen/sources_1/bd/PYNQ_Design/ip/PYNQ_Design_system_ila_1_0/bd_0/ip/ip_1/bd_9ef2_g_inst_0_gigantic_mux.v:1997]
WARNING: [Synth 8-3848] Net probe_out13 in module/entity bd_9ef2_g_inst_0_gigantic_mux does not have driver. [c:/Users/clb20123/Documents/FO-RFSoC-4YP/2x2_files/PLEASE/PLEASE.gen/sources_1/bd/PYNQ_Design/ip/PYNQ_Design_system_ila_1_0/bd_0/ip/ip_1/bd_9ef2_g_inst_0_gigantic_mux.v:1998]
WARNING: [Synth 8-3848] Net probe_out14 in module/entity bd_9ef2_g_inst_0_gigantic_mux does not have driver. [c:/Users/clb20123/Documents/FO-RFSoC-4YP/2x2_files/PLEASE/PLEASE.gen/sources_1/bd/PYNQ_Design/ip/PYNQ_Design_system_ila_1_0/bd_0/ip/ip_1/bd_9ef2_g_inst_0_gigantic_mux.v:1999]
WARNING: [Synth 8-3848] Net probe_out15 in module/entity bd_9ef2_g_inst_0_gigantic_mux does not have driver. [c:/Users/clb20123/Documents/FO-RFSoC-4YP/2x2_files/PLEASE/PLEASE.gen/sources_1/bd/PYNQ_Design/ip/PYNQ_Design_system_ila_1_0/bd_0/ip/ip_1/bd_9ef2_g_inst_0_gigantic_mux.v:2000]
WARNING: [Synth 8-3848] Net probe_out16 in module/entity bd_9ef2_g_inst_0_gigantic_mux does not have driver. [c:/Users/clb20123/Documents/FO-RFSoC-4YP/2x2_files/PLEASE/PLEASE.gen/sources_1/bd/PYNQ_Design/ip/PYNQ_Design_system_ila_1_0/bd_0/ip/ip_1/bd_9ef2_g_inst_0_gigantic_mux.v:2001]
WARNING: [Synth 8-3848] Net probe_out17 in module/entity bd_9ef2_g_inst_0_gigantic_mux does not have driver. [c:/Users/clb20123/Documents/FO-RFSoC-4YP/2x2_files/PLEASE/PLEASE.gen/sources_1/bd/PYNQ_Design/ip/PYNQ_Design_system_ila_1_0/bd_0/ip/ip_1/bd_9ef2_g_inst_0_gigantic_mux.v:2002]
WARNING: [Synth 8-3848] Net probe_out18 in module/entity bd_9ef2_g_inst_0_gigantic_mux does not have driver. [c:/Users/clb20123/Documents/FO-RFSoC-4YP/2x2_files/PLEASE/PLEASE.gen/sources_1/bd/PYNQ_Design/ip/PYNQ_Design_system_ila_1_0/bd_0/ip/ip_1/bd_9ef2_g_inst_0_gigantic_mux.v:2003]
WARNING: [Synth 8-3848] Net probe_out19 in module/entity bd_9ef2_g_inst_0_gigantic_mux does not have driver. [c:/Users/clb20123/Documents/FO-RFSoC-4YP/2x2_files/PLEASE/PLEASE.gen/sources_1/bd/PYNQ_Design/ip/PYNQ_Design_system_ila_1_0/bd_0/ip/ip_1/bd_9ef2_g_inst_0_gigantic_mux.v:2004]
WARNING: [Synth 8-3848] Net probe_out20 in module/entity bd_9ef2_g_inst_0_gigantic_mux does not have driver. [c:/Users/clb20123/Documents/FO-RFSoC-4YP/2x2_files/PLEASE/PLEASE.gen/sources_1/bd/PYNQ_Design/ip/PYNQ_Design_system_ila_1_0/bd_0/ip/ip_1/bd_9ef2_g_inst_0_gigantic_mux.v:2005]
WARNING: [Synth 8-3848] Net probe_out21 in module/entity bd_9ef2_g_inst_0_gigantic_mux does not have driver. [c:/Users/clb20123/Documents/FO-RFSoC-4YP/2x2_files/PLEASE/PLEASE.gen/sources_1/bd/PYNQ_Design/ip/PYNQ_Design_system_ila_1_0/bd_0/ip/ip_1/bd_9ef2_g_inst_0_gigantic_mux.v:2006]
WARNING: [Synth 8-3848] Net probe_out22 in module/entity bd_9ef2_g_inst_0_gigantic_mux does not have driver. [c:/Users/clb20123/Documents/FO-RFSoC-4YP/2x2_files/PLEASE/PLEASE.gen/sources_1/bd/PYNQ_Design/ip/PYNQ_Design_system_ila_1_0/bd_0/ip/ip_1/bd_9ef2_g_inst_0_gigantic_mux.v:2007]
WARNING: [Synth 8-3848] Net probe_out23 in module/entity bd_9ef2_g_inst_0_gigantic_mux does not have driver. [c:/Users/clb20123/Documents/FO-RFSoC-4YP/2x2_files/PLEASE/PLEASE.gen/sources_1/bd/PYNQ_Design/ip/PYNQ_Design_system_ila_1_0/bd_0/ip/ip_1/bd_9ef2_g_inst_0_gigantic_mux.v:2008]
WARNING: [Synth 8-3848] Net probe_out24 in module/entity bd_9ef2_g_inst_0_gigantic_mux does not have driver. [c:/Users/clb20123/Documents/FO-RFSoC-4YP/2x2_files/PLEASE/PLEASE.gen/sources_1/bd/PYNQ_Design/ip/PYNQ_Design_system_ila_1_0/bd_0/ip/ip_1/bd_9ef2_g_inst_0_gigantic_mux.v:2009]
WARNING: [Synth 8-3848] Net probe_out25 in module/entity bd_9ef2_g_inst_0_gigantic_mux does not have driver. [c:/Users/clb20123/Documents/FO-RFSoC-4YP/2x2_files/PLEASE/PLEASE.gen/sources_1/bd/PYNQ_Design/ip/PYNQ_Design_system_ila_1_0/bd_0/ip/ip_1/bd_9ef2_g_inst_0_gigantic_mux.v:2010]
WARNING: [Synth 8-3848] Net probe_out26 in module/entity bd_9ef2_g_inst_0_gigantic_mux does not have driver. [c:/Users/clb20123/Documents/FO-RFSoC-4YP/2x2_files/PLEASE/PLEASE.gen/sources_1/bd/PYNQ_Design/ip/PYNQ_Design_system_ila_1_0/bd_0/ip/ip_1/bd_9ef2_g_inst_0_gigantic_mux.v:2011]
WARNING: [Synth 8-3848] Net probe_out27 in module/entity bd_9ef2_g_inst_0_gigantic_mux does not have driver. [c:/Users/clb20123/Documents/FO-RFSoC-4YP/2x2_files/PLEASE/PLEASE.gen/sources_1/bd/PYNQ_Design/ip/PYNQ_Design_system_ila_1_0/bd_0/ip/ip_1/bd_9ef2_g_inst_0_gigantic_mux.v:2012]
WARNING: [Synth 8-3848] Net probe_out28 in module/entity bd_9ef2_g_inst_0_gigantic_mux does not have driver. [c:/Users/clb20123/Documents/FO-RFSoC-4YP/2x2_files/PLEASE/PLEASE.gen/sources_1/bd/PYNQ_Design/ip/PYNQ_Design_system_ila_1_0/bd_0/ip/ip_1/bd_9ef2_g_inst_0_gigantic_mux.v:2013]
WARNING: [Synth 8-3848] Net probe_out29 in module/entity bd_9ef2_g_inst_0_gigantic_mux does not have driver. [c:/Users/clb20123/Documents/FO-RFSoC-4YP/2x2_files/PLEASE/PLEASE.gen/sources_1/bd/PYNQ_Design/ip/PYNQ_Design_system_ila_1_0/bd_0/ip/ip_1/bd_9ef2_g_inst_0_gigantic_mux.v:2014]
WARNING: [Synth 8-3848] Net probe_out30 in module/entity bd_9ef2_g_inst_0_gigantic_mux does not have driver. [c:/Users/clb20123/Documents/FO-RFSoC-4YP/2x2_files/PLEASE/PLEASE.gen/sources_1/bd/PYNQ_Design/ip/PYNQ_Design_system_ila_1_0/bd_0/ip/ip_1/bd_9ef2_g_inst_0_gigantic_mux.v:2015]
WARNING: [Synth 8-3848] Net probe_out31 in module/entity bd_9ef2_g_inst_0_gigantic_mux does not have driver. [c:/Users/clb20123/Documents/FO-RFSoC-4YP/2x2_files/PLEASE/PLEASE.gen/sources_1/bd/PYNQ_Design/ip/PYNQ_Design_system_ila_1_0/bd_0/ip/ip_1/bd_9ef2_g_inst_0_gigantic_mux.v:2016]
WARNING: [Synth 8-3848] Net probe_out32 in module/entity bd_9ef2_g_inst_0_gigantic_mux does not have driver. [c:/Users/clb20123/Documents/FO-RFSoC-4YP/2x2_files/PLEASE/PLEASE.gen/sources_1/bd/PYNQ_Design/ip/PYNQ_Design_system_ila_1_0/bd_0/ip/ip_1/bd_9ef2_g_inst_0_gigantic_mux.v:2017]
WARNING: [Synth 8-3848] Net probe_out33 in module/entity bd_9ef2_g_inst_0_gigantic_mux does not have driver. [c:/Users/clb20123/Documents/FO-RFSoC-4YP/2x2_files/PLEASE/PLEASE.gen/sources_1/bd/PYNQ_Design/ip/PYNQ_Design_system_ila_1_0/bd_0/ip/ip_1/bd_9ef2_g_inst_0_gigantic_mux.v:2018]
WARNING: [Synth 8-3848] Net probe_out34 in module/entity bd_9ef2_g_inst_0_gigantic_mux does not have driver. [c:/Users/clb20123/Documents/FO-RFSoC-4YP/2x2_files/PLEASE/PLEASE.gen/sources_1/bd/PYNQ_Design/ip/PYNQ_Design_system_ila_1_0/bd_0/ip/ip_1/bd_9ef2_g_inst_0_gigantic_mux.v:2019]
WARNING: [Synth 8-3848] Net probe_out35 in module/entity bd_9ef2_g_inst_0_gigantic_mux does not have driver. [c:/Users/clb20123/Documents/FO-RFSoC-4YP/2x2_files/PLEASE/PLEASE.gen/sources_1/bd/PYNQ_Design/ip/PYNQ_Design_system_ila_1_0/bd_0/ip/ip_1/bd_9ef2_g_inst_0_gigantic_mux.v:2020]
WARNING: [Synth 8-3848] Net probe_out36 in module/entity bd_9ef2_g_inst_0_gigantic_mux does not have driver. [c:/Users/clb20123/Documents/FO-RFSoC-4YP/2x2_files/PLEASE/PLEASE.gen/sources_1/bd/PYNQ_Design/ip/PYNQ_Design_system_ila_1_0/bd_0/ip/ip_1/bd_9ef2_g_inst_0_gigantic_mux.v:2021]
WARNING: [Synth 8-3848] Net probe_out37 in module/entity bd_9ef2_g_inst_0_gigantic_mux does not have driver. [c:/Users/clb20123/Documents/FO-RFSoC-4YP/2x2_files/PLEASE/PLEASE.gen/sources_1/bd/PYNQ_Design/ip/PYNQ_Design_system_ila_1_0/bd_0/ip/ip_1/bd_9ef2_g_inst_0_gigantic_mux.v:2022]
WARNING: [Synth 8-3848] Net probe_out38 in module/entity bd_9ef2_g_inst_0_gigantic_mux does not have driver. [c:/Users/clb20123/Documents/FO-RFSoC-4YP/2x2_files/PLEASE/PLEASE.gen/sources_1/bd/PYNQ_Design/ip/PYNQ_Design_system_ila_1_0/bd_0/ip/ip_1/bd_9ef2_g_inst_0_gigantic_mux.v:2023]
WARNING: [Synth 8-3848] Net probe_out39 in module/entity bd_9ef2_g_inst_0_gigantic_mux does not have driver. [c:/Users/clb20123/Documents/FO-RFSoC-4YP/2x2_files/PLEASE/PLEASE.gen/sources_1/bd/PYNQ_Design/ip/PYNQ_Design_system_ila_1_0/bd_0/ip/ip_1/bd_9ef2_g_inst_0_gigantic_mux.v:2024]
WARNING: [Synth 8-3848] Net probe_out40 in module/entity bd_9ef2_g_inst_0_gigantic_mux does not have driver. [c:/Users/clb20123/Documents/FO-RFSoC-4YP/2x2_files/PLEASE/PLEASE.gen/sources_1/bd/PYNQ_Design/ip/PYNQ_Design_system_ila_1_0/bd_0/ip/ip_1/bd_9ef2_g_inst_0_gigantic_mux.v:2025]
WARNING: [Synth 8-3848] Net probe_out41 in module/entity bd_9ef2_g_inst_0_gigantic_mux does not have driver. [c:/Users/clb20123/Documents/FO-RFSoC-4YP/2x2_files/PLEASE/PLEASE.gen/sources_1/bd/PYNQ_Design/ip/PYNQ_Design_system_ila_1_0/bd_0/ip/ip_1/bd_9ef2_g_inst_0_gigantic_mux.v:2026]
WARNING: [Synth 8-3848] Net probe_out42 in module/entity bd_9ef2_g_inst_0_gigantic_mux does not have driver. [c:/Users/clb20123/Documents/FO-RFSoC-4YP/2x2_files/PLEASE/PLEASE.gen/sources_1/bd/PYNQ_Design/ip/PYNQ_Design_system_ila_1_0/bd_0/ip/ip_1/bd_9ef2_g_inst_0_gigantic_mux.v:2027]
WARNING: [Synth 8-3848] Net probe_out43 in module/entity bd_9ef2_g_inst_0_gigantic_mux does not have driver. [c:/Users/clb20123/Documents/FO-RFSoC-4YP/2x2_files/PLEASE/PLEASE.gen/sources_1/bd/PYNQ_Design/ip/PYNQ_Design_system_ila_1_0/bd_0/ip/ip_1/bd_9ef2_g_inst_0_gigantic_mux.v:2028]
WARNING: [Synth 8-3848] Net probe_out44 in module/entity bd_9ef2_g_inst_0_gigantic_mux does not have driver. [c:/Users/clb20123/Documents/FO-RFSoC-4YP/2x2_files/PLEASE/PLEASE.gen/sources_1/bd/PYNQ_Design/ip/PYNQ_Design_system_ila_1_0/bd_0/ip/ip_1/bd_9ef2_g_inst_0_gigantic_mux.v:2029]
WARNING: [Synth 8-3848] Net probe_out45 in module/entity bd_9ef2_g_inst_0_gigantic_mux does not have driver. [c:/Users/clb20123/Documents/FO-RFSoC-4YP/2x2_files/PLEASE/PLEASE.gen/sources_1/bd/PYNQ_Design/ip/PYNQ_Design_system_ila_1_0/bd_0/ip/ip_1/bd_9ef2_g_inst_0_gigantic_mux.v:2030]
WARNING: [Synth 8-3848] Net probe_out46 in module/entity bd_9ef2_g_inst_0_gigantic_mux does not have driver. [c:/Users/clb20123/Documents/FO-RFSoC-4YP/2x2_files/PLEASE/PLEASE.gen/sources_1/bd/PYNQ_Design/ip/PYNQ_Design_system_ila_1_0/bd_0/ip/ip_1/bd_9ef2_g_inst_0_gigantic_mux.v:2031]
WARNING: [Synth 8-3848] Net probe_out47 in module/entity bd_9ef2_g_inst_0_gigantic_mux does not have driver. [c:/Users/clb20123/Documents/FO-RFSoC-4YP/2x2_files/PLEASE/PLEASE.gen/sources_1/bd/PYNQ_Design/ip/PYNQ_Design_system_ila_1_0/bd_0/ip/ip_1/bd_9ef2_g_inst_0_gigantic_mux.v:2032]
WARNING: [Synth 8-3848] Net probe_out48 in module/entity bd_9ef2_g_inst_0_gigantic_mux does not have driver. [c:/Users/clb20123/Documents/FO-RFSoC-4YP/2x2_files/PLEASE/PLEASE.gen/sources_1/bd/PYNQ_Design/ip/PYNQ_Design_system_ila_1_0/bd_0/ip/ip_1/bd_9ef2_g_inst_0_gigantic_mux.v:2033]
WARNING: [Synth 8-3848] Net probe_out49 in module/entity bd_9ef2_g_inst_0_gigantic_mux does not have driver. [c:/Users/clb20123/Documents/FO-RFSoC-4YP/2x2_files/PLEASE/PLEASE.gen/sources_1/bd/PYNQ_Design/ip/PYNQ_Design_system_ila_1_0/bd_0/ip/ip_1/bd_9ef2_g_inst_0_gigantic_mux.v:2034]
WARNING: [Synth 8-3848] Net probe_out50 in module/entity bd_9ef2_g_inst_0_gigantic_mux does not have driver. [c:/Users/clb20123/Documents/FO-RFSoC-4YP/2x2_files/PLEASE/PLEASE.gen/sources_1/bd/PYNQ_Design/ip/PYNQ_Design_system_ila_1_0/bd_0/ip/ip_1/bd_9ef2_g_inst_0_gigantic_mux.v:2035]
WARNING: [Synth 8-3848] Net probe_out51 in module/entity bd_9ef2_g_inst_0_gigantic_mux does not have driver. [c:/Users/clb20123/Documents/FO-RFSoC-4YP/2x2_files/PLEASE/PLEASE.gen/sources_1/bd/PYNQ_Design/ip/PYNQ_Design_system_ila_1_0/bd_0/ip/ip_1/bd_9ef2_g_inst_0_gigantic_mux.v:2036]
WARNING: [Synth 8-3848] Net probe_out52 in module/entity bd_9ef2_g_inst_0_gigantic_mux does not have driver. [c:/Users/clb20123/Documents/FO-RFSoC-4YP/2x2_files/PLEASE/PLEASE.gen/sources_1/bd/PYNQ_Design/ip/PYNQ_Design_system_ila_1_0/bd_0/ip/ip_1/bd_9ef2_g_inst_0_gigantic_mux.v:2037]
WARNING: [Synth 8-3848] Net probe_out53 in module/entity bd_9ef2_g_inst_0_gigantic_mux does not have driver. [c:/Users/clb20123/Documents/FO-RFSoC-4YP/2x2_files/PLEASE/PLEASE.gen/sources_1/bd/PYNQ_Design/ip/PYNQ_Design_system_ila_1_0/bd_0/ip/ip_1/bd_9ef2_g_inst_0_gigantic_mux.v:2038]
WARNING: [Synth 8-3848] Net probe_out54 in module/entity bd_9ef2_g_inst_0_gigantic_mux does not have driver. [c:/Users/clb20123/Documents/FO-RFSoC-4YP/2x2_files/PLEASE/PLEASE.gen/sources_1/bd/PYNQ_Design/ip/PYNQ_Design_system_ila_1_0/bd_0/ip/ip_1/bd_9ef2_g_inst_0_gigantic_mux.v:2039]
WARNING: [Synth 8-3848] Net probe_out55 in module/entity bd_9ef2_g_inst_0_gigantic_mux does not have driver. [c:/Users/clb20123/Documents/FO-RFSoC-4YP/2x2_files/PLEASE/PLEASE.gen/sources_1/bd/PYNQ_Design/ip/PYNQ_Design_system_ila_1_0/bd_0/ip/ip_1/bd_9ef2_g_inst_0_gigantic_mux.v:2040]
WARNING: [Synth 8-3848] Net probe_out56 in module/entity bd_9ef2_g_inst_0_gigantic_mux does not have driver. [c:/Users/clb20123/Documents/FO-RFSoC-4YP/2x2_files/PLEASE/PLEASE.gen/sources_1/bd/PYNQ_Design/ip/PYNQ_Design_system_ila_1_0/bd_0/ip/ip_1/bd_9ef2_g_inst_0_gigantic_mux.v:2041]
WARNING: [Synth 8-3848] Net probe_out57 in module/entity bd_9ef2_g_inst_0_gigantic_mux does not have driver. [c:/Users/clb20123/Documents/FO-RFSoC-4YP/2x2_files/PLEASE/PLEASE.gen/sources_1/bd/PYNQ_Design/ip/PYNQ_Design_system_ila_1_0/bd_0/ip/ip_1/bd_9ef2_g_inst_0_gigantic_mux.v:2042]
WARNING: [Synth 8-3848] Net probe_out58 in module/entity bd_9ef2_g_inst_0_gigantic_mux does not have driver. [c:/Users/clb20123/Documents/FO-RFSoC-4YP/2x2_files/PLEASE/PLEASE.gen/sources_1/bd/PYNQ_Design/ip/PYNQ_Design_system_ila_1_0/bd_0/ip/ip_1/bd_9ef2_g_inst_0_gigantic_mux.v:2043]
WARNING: [Synth 8-3848] Net probe_out59 in module/entity bd_9ef2_g_inst_0_gigantic_mux does not have driver. [c:/Users/clb20123/Documents/FO-RFSoC-4YP/2x2_files/PLEASE/PLEASE.gen/sources_1/bd/PYNQ_Design/ip/PYNQ_Design_system_ila_1_0/bd_0/ip/ip_1/bd_9ef2_g_inst_0_gigantic_mux.v:2044]
WARNING: [Synth 8-3848] Net probe_out60 in module/entity bd_9ef2_g_inst_0_gigantic_mux does not have driver. [c:/Users/clb20123/Documents/FO-RFSoC-4YP/2x2_files/PLEASE/PLEASE.gen/sources_1/bd/PYNQ_Design/ip/PYNQ_Design_system_ila_1_0/bd_0/ip/ip_1/bd_9ef2_g_inst_0_gigantic_mux.v:2045]
WARNING: [Synth 8-3848] Net probe_out61 in module/entity bd_9ef2_g_inst_0_gigantic_mux does not have driver. [c:/Users/clb20123/Documents/FO-RFSoC-4YP/2x2_files/PLEASE/PLEASE.gen/sources_1/bd/PYNQ_Design/ip/PYNQ_Design_system_ila_1_0/bd_0/ip/ip_1/bd_9ef2_g_inst_0_gigantic_mux.v:2046]
WARNING: [Synth 8-3848] Net probe_out62 in module/entity bd_9ef2_g_inst_0_gigantic_mux does not have driver. [c:/Users/clb20123/Documents/FO-RFSoC-4YP/2x2_files/PLEASE/PLEASE.gen/sources_1/bd/PYNQ_Design/ip/PYNQ_Design_system_ila_1_0/bd_0/ip/ip_1/bd_9ef2_g_inst_0_gigantic_mux.v:2047]
WARNING: [Synth 8-3848] Net probe_out63 in module/entity bd_9ef2_g_inst_0_gigantic_mux does not have driver. [c:/Users/clb20123/Documents/FO-RFSoC-4YP/2x2_files/PLEASE/PLEASE.gen/sources_1/bd/PYNQ_Design/ip/PYNQ_Design_system_ila_1_0/bd_0/ip/ip_1/bd_9ef2_g_inst_0_gigantic_mux.v:2048]
INFO: [Common 17-14] Message 'Synth 8-3848' appears 100 times and further instances of the messages will be disabled. Use the Tcl command set_msg_config to change the current settings.
INFO: [Synth 8-6071] Mark debug on the nets applies keep_hierarchy on instance 'ila_lib'. This will prevent further optimization [c:/Users/clb20123/Documents/FO-RFSoC-4YP/2x2_files/PLEASE/PLEASE.gen/sources_1/bd/PYNQ_Design/ip/PYNQ_Design_system_ila_1_0/bd_0/synth/bd_9ef2.vhd:133]
INFO: [Synth 8-6071] Mark debug on the nets applies keep_hierarchy on instance 'g_inst'. This will prevent further optimization [c:/Users/clb20123/Documents/FO-RFSoC-4YP/2x2_files/PLEASE/PLEASE.gen/sources_1/bd/PYNQ_Design/ip/PYNQ_Design_system_ila_1_0/bd_0/synth/bd_9ef2.vhd:112]
INFO: [Synth 8-6071] Mark debug on the nets applies keep_hierarchy on instance 'system_ila_1'. This will prevent further optimization [c:/Users/clb20123/Documents/FO-RFSoC-4YP/2x2_files/PLEASE/PLEASE.gen/sources_1/bd/PYNQ_Design/synth/PYNQ_Design.vhd:460]
INFO: [Synth 8-6071] Mark debug on the nets applies keep_hierarchy on instance 'axi_dma_rx'. This will prevent further optimization [c:/Users/clb20123/Documents/FO-RFSoC-4YP/2x2_files/PLEASE/PLEASE.gen/sources_1/bd/PYNQ_Design/synth/PYNQ_Design.vhd:354]
INFO: [Synth 8-6071] Mark debug on the nets applies keep_hierarchy on instance 'DUT_rec_0'. This will prevent further optimization [c:/Users/clb20123/Documents/FO-RFSoC-4YP/2x2_files/PLEASE/PLEASE.gen/sources_1/bd/PYNQ_Design/synth/PYNQ_Design.vhd:341]
WARNING: [Synth 8-6014] Unused sequential element op_mem_91_20_reg[0] was removed.  [c:/Users/clb20123/Documents/FO-RFSoC-4YP/2x2_files/PLEASE/PLEASE.gen/sources_1/bd/PYNQ_Design/ipshared/a200/hdl/x16_bit_mod_entity_declarations.vhd:591]
WARNING: [Synth 8-6014] Unused sequential element cout_mem_92_22_reg[0] was removed.  [c:/Users/clb20123/Documents/FO-RFSoC-4YP/2x2_files/PLEASE/PLEASE.gen/sources_1/bd/PYNQ_Design/ipshared/a200/hdl/x16_bit_mod_entity_declarations.vhd:602]
WARNING: [Synth 8-6014] Unused sequential element op_mem_91_20_reg[0] was removed.  [c:/Users/clb20123/Documents/FO-RFSoC-4YP/2x2_files/PLEASE/PLEASE.gen/sources_1/bd/PYNQ_Design/ipshared/a200/hdl/x16_bit_mod_entity_declarations.vhd:679]
WARNING: [Synth 8-6014] Unused sequential element cout_mem_92_22_reg[0] was removed.  [c:/Users/clb20123/Documents/FO-RFSoC-4YP/2x2_files/PLEASE/PLEASE.gen/sources_1/bd/PYNQ_Design/ipshared/a200/hdl/x16_bit_mod_entity_declarations.vhd:690]
WARNING: [Synth 8-6014] Unused sequential element op_mem_91_20_reg[0] was removed.  [c:/Users/clb20123/Documents/FO-RFSoC-4YP/2x2_files/PLEASE/PLEASE.gen/sources_1/bd/PYNQ_Design/ipshared/a200/hdl/x16_bit_mod_entity_declarations.vhd:1185]
WARNING: [Synth 8-6014] Unused sequential element cout_mem_92_22_reg[0] was removed.  [c:/Users/clb20123/Documents/FO-RFSoC-4YP/2x2_files/PLEASE/PLEASE.gen/sources_1/bd/PYNQ_Design/ipshared/a200/hdl/x16_bit_mod_entity_declarations.vhd:1196]
WARNING: [Synth 8-6014] Unused sequential element sg_ftch_error_reg was removed.  [c:/Users/clb20123/Documents/FO-RFSoC-4YP/2x2_files/PLEASE/PLEASE.gen/sources_1/bd/PYNQ_Design/ipshared/8830/hdl/axi_dma_v7_1_vh_rfs.vhd:3987]
WARNING: [Synth 8-6014] Unused sequential element sg_updt_error_reg was removed.  [c:/Users/clb20123/Documents/FO-RFSoC-4YP/2x2_files/PLEASE/PLEASE.gen/sources_1/bd/PYNQ_Design/ipshared/8830/hdl/axi_dma_v7_1_vh_rfs.vhd:3988]
WARNING: [Synth 8-6014] Unused sequential element sig_inhibit_rdy_n_reg was removed.  [c:/Users/clb20123/Documents/FO-RFSoC-4YP/2x2_files/PLEASE/PLEASE.gen/sources_1/bd/PYNQ_Design/ipshared/bf20/hdl/axi_datamover_v5_1_vh_rfs.vhd:1987]
WARNING: [Synth 8-6014] Unused sequential element sig_inhibit_rdy_n_reg was removed.  [c:/Users/clb20123/Documents/FO-RFSoC-4YP/2x2_files/PLEASE/PLEASE.gen/sources_1/bd/PYNQ_Design/ipshared/bf20/hdl/axi_datamover_v5_1_vh_rfs.vhd:1987]
WARNING: [Synth 8-6014] Unused sequential element sig_input_reg_full_reg was removed.  [c:/Users/clb20123/Documents/FO-RFSoC-4YP/2x2_files/PLEASE/PLEASE.gen/sources_1/bd/PYNQ_Design/ipshared/bf20/hdl/axi_datamover_v5_1_vh_rfs.vhd:7997]
WARNING: [Synth 8-6014] Unused sequential element sig_xfer_reg_full_reg was removed.  [c:/Users/clb20123/Documents/FO-RFSoC-4YP/2x2_files/PLEASE/PLEASE.gen/sources_1/bd/PYNQ_Design/ipshared/bf20/hdl/axi_datamover_v5_1_vh_rfs.vhd:8308]
WARNING: [Synth 8-6014] Unused sequential element sig_next_tag_reg_reg was removed.  [c:/Users/clb20123/Documents/FO-RFSoC-4YP/2x2_files/PLEASE/PLEASE.gen/sources_1/bd/PYNQ_Design/ipshared/bf20/hdl/axi_datamover_v5_1_vh_rfs.vhd:10353]
WARNING: [Synth 8-6014] Unused sequential element sig_next_cmd_cmplt_reg_reg was removed.  [c:/Users/clb20123/Documents/FO-RFSoC-4YP/2x2_files/PLEASE/PLEASE.gen/sources_1/bd/PYNQ_Design/ipshared/bf20/hdl/axi_datamover_v5_1_vh_rfs.vhd:10360]
WARNING: [Synth 8-6014] Unused sequential element sig_coelsc_reg_empty_reg was removed.  [c:/Users/clb20123/Documents/FO-RFSoC-4YP/2x2_files/PLEASE/PLEASE.gen/sources_1/bd/PYNQ_Design/ipshared/bf20/hdl/axi_datamover_v5_1_vh_rfs.vhd:13156]
WARNING: [Synth 8-6014] Unused sequential element gen_rd_b.gen_doutb_pipe.enb_pipe_reg[0] was removed.  [D:/Xilinx/Vivado/2024.1/data/ip/xpm/xpm_memory/hdl/xpm_memory.sv:3077]
WARNING: [Synth 8-6014] Unused sequential element gdvld.data_valid_std_reg was removed.  [D:/Xilinx/Vivado/2024.1/data/ip/xpm/xpm_fifo/hdl/xpm_fifo.sv:550]
WARNING: [Synth 8-6014] Unused sequential element gen_pntr_flags_cc.gae_cc_std.ram_aempty_i_reg was removed.  [D:/Xilinx/Vivado/2024.1/data/ip/xpm/xpm_fifo/hdl/xpm_fifo.sv:982]
WARNING: [Synth 8-6014] Unused sequential element gen_fwft.empty_fwft_fb_reg was removed.  [D:/Xilinx/Vivado/2024.1/data/ip/xpm/xpm_fifo/hdl/xpm_fifo.sv:1404]
WARNING: [Synth 8-6014] Unused sequential element hold_ff_q_reg was removed.  [c:/Users/clb20123/Documents/FO-RFSoC-4YP/2x2_files/PLEASE/PLEASE.gen/sources_1/bd/PYNQ_Design/ipshared/bf20/hdl/axi_datamover_v5_1_vh_rfs.vhd:1493]
WARNING: [Synth 8-6014] Unused sequential element sig_flush_reg_reg was removed.  [c:/Users/clb20123/Documents/FO-RFSoC-4YP/2x2_files/PLEASE/PLEASE.gen/sources_1/bd/PYNQ_Design/ipshared/bf20/hdl/axi_datamover_v5_1_vh_rfs.vhd:30796]
WARNING: [Synth 8-6014] Unused sequential element GEN_DELAY_REG[3].sig_delay_data_reg_reg[3] was removed.  [c:/Users/clb20123/Documents/FO-RFSoC-4YP/2x2_files/PLEASE/PLEASE.gen/sources_1/bd/PYNQ_Design/ipshared/bf20/hdl/axi_datamover_v5_1_vh_rfs.vhd:31110]
INFO: [Synth 8-6071] Mark debug on the nets applies keep_hierarchy on instance 'ila_lib'. This will prevent further optimization [c:/Users/clb20123/Documents/FO-RFSoC-4YP/2x2_files/PLEASE/PLEASE.gen/sources_1/bd/PYNQ_Design/ip/PYNQ_Design_system_ila_0_0/bd_0/synth/bd_5ea3.vhd:143]
INFO: [Synth 8-6071] Mark debug on the nets applies keep_hierarchy on instance 'g_inst'. This will prevent further optimization [c:/Users/clb20123/Documents/FO-RFSoC-4YP/2x2_files/PLEASE/PLEASE.gen/sources_1/bd/PYNQ_Design/ip/PYNQ_Design_system_ila_0_0/bd_0/synth/bd_5ea3.vhd:120]
INFO: [Synth 8-6071] Mark debug on the nets applies keep_hierarchy on instance 'system_ila_0'. This will prevent further optimization [c:/Users/clb20123/Documents/FO-RFSoC-4YP/2x2_files/PLEASE/PLEASE.gen/sources_1/bd/PYNQ_Design/synth/PYNQ_Design.vhd:889]
INFO: [Synth 8-6071] Mark debug on the nets applies keep_hierarchy on instance 'DUT_data_in_0'. This will prevent further optimization [c:/Users/clb20123/Documents/FO-RFSoC-4YP/2x2_files/PLEASE/PLEASE.gen/sources_1/bd/PYNQ_Design/synth/PYNQ_Design.vhd:786]
INFO: [Synth 8-6071] Mark debug on the nets applies keep_hierarchy on instance 'axi_dma_tx'. This will prevent further optimization [c:/Users/clb20123/Documents/FO-RFSoC-4YP/2x2_files/PLEASE/PLEASE.gen/sources_1/bd/PYNQ_Design/synth/PYNQ_Design.vhd:799]
WARNING: [Synth 8-6014] Unused sequential element dest_req_ext_ff_reg was removed.  [D:/Xilinx/Vivado/2024.1/data/ip/xpm/xpm_cdc/hdl/xpm_cdc.sv:623]
WARNING: [Synth 8-6014] Unused sequential element dest_req_ext_ff_reg was removed.  [D:/Xilinx/Vivado/2024.1/data/ip/xpm/xpm_cdc/hdl/xpm_cdc.sv:623]
WARNING: [Synth 8-6014] Unused sequential element dest_req_ext_ff_reg was removed.  [D:/Xilinx/Vivado/2024.1/data/ip/xpm/xpm_cdc/hdl/xpm_cdc.sv:623]
WARNING: [Synth 8-6014] Unused sequential element dest_req_ext_ff_reg was removed.  [D:/Xilinx/Vivado/2024.1/data/ip/xpm/xpm_cdc/hdl/xpm_cdc.sv:623]
WARNING: [Synth 8-6014] Unused sequential element cmd_empty_reg was removed.  [c:/Users/clb20123/Documents/FO-RFSoC-4YP/2x2_files/PLEASE/PLEASE.gen/sources_1/bd/PYNQ_Design/ipshared/14b9/hdl/axi_dwidth_converter_v2_1_vlsyn_rfs.v:1052]
WARNING: [Synth 8-6014] Unused sequential element cmd_depth_reg was removed.  [c:/Users/clb20123/Documents/FO-RFSoC-4YP/2x2_files/PLEASE/PLEASE.gen/sources_1/bd/PYNQ_Design/ipshared/14b9/hdl/axi_dwidth_converter_v2_1_vlsyn_rfs.v:1053]
WARNING: [Synth 8-6014] Unused sequential element cmd_b_push_block_reg was removed.  [c:/Users/clb20123/Documents/FO-RFSoC-4YP/2x2_files/PLEASE/PLEASE.gen/sources_1/bd/PYNQ_Design/ipshared/14b9/hdl/axi_dwidth_converter_v2_1_vlsyn_rfs.v:975]
WARNING: [Synth 8-6014] Unused sequential element state_r1_reg was removed.  [c:/Users/clb20123/Documents/FO-RFSoC-4YP/2x2_files/PLEASE/PLEASE.gen/sources_1/bd/PYNQ_Design/ipshared/3c06/hdl/axi_protocol_converter_v2_1_vl_rfs.v:3596]
WARNING: [Synth 8-6014] Unused sequential element s_arlen_r_reg was removed.  [c:/Users/clb20123/Documents/FO-RFSoC-4YP/2x2_files/PLEASE/PLEASE.gen/sources_1/bd/PYNQ_Design/ipshared/3c06/hdl/axi_protocol_converter_v2_1_vl_rfs.v:3597]
WARNING: [Synth 8-6014] Unused sequential element gen_debug_trans_seq.debug_aw_trans_seq_i_reg was removed.  [c:/Users/clb20123/Documents/FO-RFSoC-4YP/2x2_files/PLEASE/PLEASE.gen/sources_1/bd/PYNQ_Design/ipshared/e9d8/hdl/axi_crossbar_v2_1_vl_rfs.v:2051]
WARNING: [Synth 8-6014] Unused sequential element gen_debug_trans_seq.debug_ar_trans_seq_i_reg was removed.  [c:/Users/clb20123/Documents/FO-RFSoC-4YP/2x2_files/PLEASE/PLEASE.gen/sources_1/bd/PYNQ_Design/ipshared/e9d8/hdl/axi_crossbar_v2_1_vl_rfs.v:2062]
WARNING: [Synth 8-6014] Unused sequential element gen_debug_trans_seq.debug_w_beat_cnt_i_reg was removed.  [c:/Users/clb20123/Documents/FO-RFSoC-4YP/2x2_files/PLEASE/PLEASE.gen/sources_1/bd/PYNQ_Design/ipshared/e9d8/hdl/axi_crossbar_v2_1_vl_rfs.v:2073]
WARNING: [Synth 8-6014] Unused sequential element gen_debug_trans_seq.debug_r_beat_cnt_i_reg was removed.  [c:/Users/clb20123/Documents/FO-RFSoC-4YP/2x2_files/PLEASE/PLEASE.gen/sources_1/bd/PYNQ_Design/ipshared/e9d8/hdl/axi_crossbar_v2_1_vl_rfs.v:2086]
WARNING: [Synth 8-6014] Unused sequential element drp_gnt_adc1_r_reg was removed.  [c:/Users/clb20123/Documents/FO-RFSoC-4YP/2x2_files/PLEASE/PLEASE.gen/sources_1/bd/PYNQ_Design/ip/PYNQ_Design_usp_rf_data_converter_0_0/synth/PYNQ_Design_usp_rf_data_converter_0_0_constants_config.sv:358]
WARNING: [Synth 8-6014] Unused sequential element drp_gnt_adc2_r_reg was removed.  [c:/Users/clb20123/Documents/FO-RFSoC-4YP/2x2_files/PLEASE/PLEASE.gen/sources_1/bd/PYNQ_Design/ip/PYNQ_Design_usp_rf_data_converter_0_0/synth/PYNQ_Design_usp_rf_data_converter_0_0_constants_config.sv:359]
WARNING: [Synth 8-6014] Unused sequential element drp_gnt_adc3_r_reg was removed.  [c:/Users/clb20123/Documents/FO-RFSoC-4YP/2x2_files/PLEASE/PLEASE.gen/sources_1/bd/PYNQ_Design/ip/PYNQ_Design_usp_rf_data_converter_0_0/synth/PYNQ_Design_usp_rf_data_converter_0_0_constants_config.sv:360]
WARNING: [Synth 8-6014] Unused sequential element adc1_start_r_reg was removed.  [c:/Users/clb20123/Documents/FO-RFSoC-4YP/2x2_files/PLEASE/PLEASE.gen/sources_1/bd/PYNQ_Design/ip/PYNQ_Design_usp_rf_data_converter_0_0/synth/PYNQ_Design_usp_rf_data_converter_0_0_constants_config.sv:362]
WARNING: [Synth 8-6014] Unused sequential element adc2_start_r_reg was removed.  [c:/Users/clb20123/Documents/FO-RFSoC-4YP/2x2_files/PLEASE/PLEASE.gen/sources_1/bd/PYNQ_Design/ip/PYNQ_Design_usp_rf_data_converter_0_0/synth/PYNQ_Design_usp_rf_data_converter_0_0_constants_config.sv:363]
WARNING: [Synth 8-6014] Unused sequential element adc3_start_r_reg was removed.  [c:/Users/clb20123/Documents/FO-RFSoC-4YP/2x2_files/PLEASE/PLEASE.gen/sources_1/bd/PYNQ_Design/ip/PYNQ_Design_usp_rf_data_converter_0_0/synth/PYNQ_Design_usp_rf_data_converter_0_0_constants_config.sv:364]
WARNING: [Synth 8-6014] Unused sequential element adc1_start_rising_held_reg was removed.  [c:/Users/clb20123/Documents/FO-RFSoC-4YP/2x2_files/PLEASE/PLEASE.gen/sources_1/bd/PYNQ_Design/ip/PYNQ_Design_usp_rf_data_converter_0_0/synth/PYNQ_Design_usp_rf_data_converter_0_0_constants_config.sv:411]
WARNING: [Synth 8-6014] Unused sequential element adc2_start_rising_held_reg was removed.  [c:/Users/clb20123/Documents/FO-RFSoC-4YP/2x2_files/PLEASE/PLEASE.gen/sources_1/bd/PYNQ_Design/ip/PYNQ_Design_usp_rf_data_converter_0_0/synth/PYNQ_Design_usp_rf_data_converter_0_0_constants_config.sv:426]
WARNING: [Synth 8-6014] Unused sequential element adc3_start_rising_held_reg was removed.  [c:/Users/clb20123/Documents/FO-RFSoC-4YP/2x2_files/PLEASE/PLEASE.gen/sources_1/bd/PYNQ_Design/ip/PYNQ_Design_usp_rf_data_converter_0_0/synth/PYNQ_Design_usp_rf_data_converter_0_0_constants_config.sv:441]
WARNING: [Synth 8-6014] Unused sequential element timer_125ns_reg was removed.  [c:/Users/clb20123/Documents/FO-RFSoC-4YP/2x2_files/PLEASE/PLEASE.gen/sources_1/bd/PYNQ_Design/ip/PYNQ_Design_usp_rf_data_converter_0_0/synth/PYNQ_Design_usp_rf_data_converter_0_0_bgt_fsm.v:126]
WARNING: [Synth 8-6014] Unused sequential element por_timer_reg was removed.  [c:/Users/clb20123/Documents/FO-RFSoC-4YP/2x2_files/PLEASE/PLEASE.gen/sources_1/bd/PYNQ_Design/ip/PYNQ_Design_usp_rf_data_converter_0_0/synth/PYNQ_Design_usp_rf_data_converter_0_0_por_fsm_disabled.sv:133]
INFO: [Synth 8-6071] Mark debug on the nets applies keep_hierarchy on instance 'usp_rf_data_converter_0'. This will prevent further optimization [c:/Users/clb20123/Documents/FO-RFSoC-4YP/2x2_files/PLEASE/PLEASE.gen/sources_1/bd/PYNQ_Design/synth/PYNQ_Design.vhd:3272]
INFO: [Synth 8-6071] Mark debug on the nets applies keep_hierarchy on instance 'TX'. This will prevent further optimization [c:/Users/clb20123/Documents/FO-RFSoC-4YP/2x2_files/PLEASE/PLEASE.gen/sources_1/bd/PYNQ_Design/synth/PYNQ_Design.vhd:3119]
INFO: [Synth 8-6071] Mark debug on the nets applies keep_hierarchy on instance 'RX'. This will prevent further optimization [c:/Users/clb20123/Documents/FO-RFSoC-4YP/2x2_files/PLEASE/PLEASE.gen/sources_1/bd/PYNQ_Design/synth/PYNQ_Design.vhd:3075]
WARNING: [Synth 8-6014] Unused sequential element g_no_sclr.g_sclr_end.sclr_end_reg was removed.  [c:/Users/clb20123/Documents/FO-RFSoC-4YP/2x2_files/PLEASE/PLEASE.gen/sources_1/bd/PYNQ_Design/ip/PYNQ_Design_DUT_rec_0_0/x16_bit_demod_fir_compiler_v7_2_i0/hdl/fir_compiler_v7_2_vh_rfs.vhd:15538]
WARNING: [Synth 8-6014] Unused sequential element g_parallel.flush_buff_reg was removed.  [c:/Users/clb20123/Documents/FO-RFSoC-4YP/2x2_files/PLEASE/PLEASE.gen/sources_1/bd/PYNQ_Design/ip/PYNQ_Design_DUT_rec_0_0/x16_bit_demod_fir_compiler_v7_2_i0/hdl/fir_compiler_v7_2_vh_rfs.vhd:15843]
WARNING: [Synth 8-6014] Unused sequential element g_parallel.flush_sym_buff_reg was removed.  [c:/Users/clb20123/Documents/FO-RFSoC-4YP/2x2_files/PLEASE/PLEASE.gen/sources_1/bd/PYNQ_Design/ip/PYNQ_Design_DUT_rec_0_0/x16_bit_demod_fir_compiler_v7_2_i0/hdl/fir_compiler_v7_2_vh_rfs.vhd:15844]
WARNING: [Synth 8-6014] Unused sequential element g_parallel.flush_data_dly_reg was removed.  [c:/Users/clb20123/Documents/FO-RFSoC-4YP/2x2_files/PLEASE/PLEASE.gen/sources_1/bd/PYNQ_Design/ip/PYNQ_Design_DUT_rec_0_0/x16_bit_demod_fir_compiler_v7_2_i0/hdl/fir_compiler_v7_2_vh_rfs.vhd:15845]
WARNING: [Synth 8-6014] Unused sequential element g_parallel.chan_max_early_reg was removed.  [c:/Users/clb20123/Documents/FO-RFSoC-4YP/2x2_files/PLEASE/PLEASE.gen/sources_1/bd/PYNQ_Design/ip/PYNQ_Design_DUT_rec_0_0/x16_bit_demod_fir_compiler_v7_2_i0/hdl/fir_compiler_v7_2_vh_rfs.vhd:15846]
WARNING: [Synth 8-6014] Unused sequential element g_parallel.chan_max_reg was removed.  [c:/Users/clb20123/Documents/FO-RFSoC-4YP/2x2_files/PLEASE/PLEASE.gen/sources_1/bd/PYNQ_Design/ip/PYNQ_Design_DUT_rec_0_0/x16_bit_demod_fir_compiler_v7_2_i0/hdl/fir_compiler_v7_2_vh_rfs.vhd:15848]
WARNING: [Synth 8-6014] Unused sequential element g_parallel.first_chan_reg was removed.  [c:/Users/clb20123/Documents/FO-RFSoC-4YP/2x2_files/PLEASE/PLEASE.gen/sources_1/bd/PYNQ_Design/ip/PYNQ_Design_DUT_rec_0_0/x16_bit_demod_fir_compiler_v7_2_i0/hdl/fir_compiler_v7_2_vh_rfs.vhd:15849]
WARNING: [Synth 8-6014] Unused sequential element g_parallel.sclr_cntrl_algn_reg was removed.  [c:/Users/clb20123/Documents/FO-RFSoC-4YP/2x2_files/PLEASE/PLEASE.gen/sources_1/bd/PYNQ_Design/ip/PYNQ_Design_DUT_rec_0_0/x16_bit_demod_fir_compiler_v7_2_i0/hdl/fir_compiler_v7_2_vh_rfs.vhd:15850]
WARNING: [Synth 8-6014] Unused sequential element adc01_cal_freeze_reg_reg was removed.  [c:/Users/clb20123/Documents/FO-RFSoC-4YP/2x2_files/PLEASE/PLEASE.gen/sources_1/bd/PYNQ_Design/ip/PYNQ_Design_usp_rf_data_converter_0_0/synth/PYNQ_Design_usp_rf_data_converter_0_0_block.v:2480]
WARNING: [Synth 8-6014] Unused sequential element adc01_disable_cal_freeze_input_reg was removed.  [c:/Users/clb20123/Documents/FO-RFSoC-4YP/2x2_files/PLEASE/PLEASE.gen/sources_1/bd/PYNQ_Design/ip/PYNQ_Design_usp_rf_data_converter_0_0/synth/PYNQ_Design_usp_rf_data_converter_0_0_block.v:2481]
WARNING: [Synth 8-6014] Unused sequential element adc02_cal_freeze_reg_reg was removed.  [c:/Users/clb20123/Documents/FO-RFSoC-4YP/2x2_files/PLEASE/PLEASE.gen/sources_1/bd/PYNQ_Design/ip/PYNQ_Design_usp_rf_data_converter_0_0/synth/PYNQ_Design_usp_rf_data_converter_0_0_block.v:2493]
WARNING: [Synth 8-6014] Unused sequential element adc02_disable_cal_freeze_input_reg was removed.  [c:/Users/clb20123/Documents/FO-RFSoC-4YP/2x2_files/PLEASE/PLEASE.gen/sources_1/bd/PYNQ_Design/ip/PYNQ_Design_usp_rf_data_converter_0_0/synth/PYNQ_Design_usp_rf_data_converter_0_0_block.v:2494]
INFO: [Common 17-14] Message 'Synth 8-6014' appears 100 times and further instances of the messages will be disabled. Use the Tcl command set_msg_config to change the current settings.
WARNING: [Synth 8-7129] Port dp_audio_ref_clk in module zynq_ultra_ps_e_v3_5_3_zynq_ultra_ps_e is either unconnected or has no load
WARNING: [Synth 8-7129] Port irq_ipi_pl_0 in module zynq_ultra_ps_e_v3_5_3_zynq_ultra_ps_e is either unconnected or has no load
WARNING: [Synth 8-7129] Port irq_ipi_pl_1 in module zynq_ultra_ps_e_v3_5_3_zynq_ultra_ps_e is either unconnected or has no load
WARNING: [Synth 8-7129] Port irq_ipi_pl_2 in module zynq_ultra_ps_e_v3_5_3_zynq_ultra_ps_e is either unconnected or has no load
WARNING: [Synth 8-7129] Port irq_ipi_pl_3 in module zynq_ultra_ps_e_v3_5_3_zynq_ultra_ps_e is either unconnected or has no load
WARNING: [Synth 8-7129] Port saxihpc0_fpd_rclk in module zynq_ultra_ps_e_v3_5_3_zynq_ultra_ps_e is either unconnected or has no load
WARNING: [Synth 8-7129] Port saxihpc0_fpd_wclk in module zynq_ultra_ps_e_v3_5_3_zynq_ultra_ps_e is either unconnected or has no load
WARNING: [Synth 8-7129] Port saxihpc1_fpd_rclk in module zynq_ultra_ps_e_v3_5_3_zynq_ultra_ps_e is either unconnected or has no load
WARNING: [Synth 8-7129] Port saxihpc1_fpd_wclk in module zynq_ultra_ps_e_v3_5_3_zynq_ultra_ps_e is either unconnected or has no load
WARNING: [Synth 8-7129] Port saxihp0_fpd_rclk in module zynq_ultra_ps_e_v3_5_3_zynq_ultra_ps_e is either unconnected or has no load
WARNING: [Synth 8-7129] Port saxihp0_fpd_wclk in module zynq_ultra_ps_e_v3_5_3_zynq_ultra_ps_e is either unconnected or has no load
WARNING: [Synth 8-7129] Port saxihp1_fpd_rclk in module zynq_ultra_ps_e_v3_5_3_zynq_ultra_ps_e is either unconnected or has no load
WARNING: [Synth 8-7129] Port saxihp1_fpd_wclk in module zynq_ultra_ps_e_v3_5_3_zynq_ultra_ps_e is either unconnected or has no load
WARNING: [Synth 8-7129] Port saxihp2_fpd_rclk in module zynq_ultra_ps_e_v3_5_3_zynq_ultra_ps_e is either unconnected or has no load
WARNING: [Synth 8-7129] Port saxihp2_fpd_wclk in module zynq_ultra_ps_e_v3_5_3_zynq_ultra_ps_e is either unconnected or has no load
WARNING: [Synth 8-7129] Port saxihp3_fpd_rclk in module zynq_ultra_ps_e_v3_5_3_zynq_ultra_ps_e is either unconnected or has no load
WARNING: [Synth 8-7129] Port saxihp3_fpd_wclk in module zynq_ultra_ps_e_v3_5_3_zynq_ultra_ps_e is either unconnected or has no load
WARNING: [Synth 8-7129] Port saxi_lpd_rclk in module zynq_ultra_ps_e_v3_5_3_zynq_ultra_ps_e is either unconnected or has no load
WARNING: [Synth 8-7129] Port saxi_lpd_wclk in module zynq_ultra_ps_e_v3_5_3_zynq_ultra_ps_e is either unconnected or has no load
WARNING: [Synth 8-7129] Port sacefpd_awuser[15] in module zynq_ultra_ps_e_v3_5_3_zynq_ultra_ps_e is either unconnected or has no load
WARNING: [Synth 8-7129] Port sacefpd_awuser[14] in module zynq_ultra_ps_e_v3_5_3_zynq_ultra_ps_e is either unconnected or has no load
WARNING: [Synth 8-7129] Port sacefpd_awuser[13] in module zynq_ultra_ps_e_v3_5_3_zynq_ultra_ps_e is either unconnected or has no load
WARNING: [Synth 8-7129] Port sacefpd_awuser[12] in module zynq_ultra_ps_e_v3_5_3_zynq_ultra_ps_e is either unconnected or has no load
WARNING: [Synth 8-7129] Port sacefpd_awuser[11] in module zynq_ultra_ps_e_v3_5_3_zynq_ultra_ps_e is either unconnected or has no load
WARNING: [Synth 8-7129] Port sacefpd_awuser[10] in module zynq_ultra_ps_e_v3_5_3_zynq_ultra_ps_e is either unconnected or has no load
WARNING: [Synth 8-7129] Port sacefpd_awuser[9] in module zynq_ultra_ps_e_v3_5_3_zynq_ultra_ps_e is either unconnected or has no load
WARNING: [Synth 8-7129] Port sacefpd_awuser[8] in module zynq_ultra_ps_e_v3_5_3_zynq_ultra_ps_e is either unconnected or has no load
WARNING: [Synth 8-7129] Port sacefpd_awuser[7] in module zynq_ultra_ps_e_v3_5_3_zynq_ultra_ps_e is either unconnected or has no load
WARNING: [Synth 8-7129] Port sacefpd_awuser[6] in module zynq_ultra_ps_e_v3_5_3_zynq_ultra_ps_e is either unconnected or has no load
WARNING: [Synth 8-7129] Port sacefpd_aruser[15] in module zynq_ultra_ps_e_v3_5_3_zynq_ultra_ps_e is either unconnected or has no load
WARNING: [Synth 8-7129] Port sacefpd_aruser[14] in module zynq_ultra_ps_e_v3_5_3_zynq_ultra_ps_e is either unconnected or has no load
WARNING: [Synth 8-7129] Port sacefpd_aruser[13] in module zynq_ultra_ps_e_v3_5_3_zynq_ultra_ps_e is either unconnected or has no load
WARNING: [Synth 8-7129] Port sacefpd_aruser[12] in module zynq_ultra_ps_e_v3_5_3_zynq_ultra_ps_e is either unconnected or has no load
WARNING: [Synth 8-7129] Port sacefpd_aruser[11] in module zynq_ultra_ps_e_v3_5_3_zynq_ultra_ps_e is either unconnected or has no load
WARNING: [Synth 8-7129] Port sacefpd_aruser[10] in module zynq_ultra_ps_e_v3_5_3_zynq_ultra_ps_e is either unconnected or has no load
WARNING: [Synth 8-7129] Port sacefpd_aruser[9] in module zynq_ultra_ps_e_v3_5_3_zynq_ultra_ps_e is either unconnected or has no load
WARNING: [Synth 8-7129] Port sacefpd_aruser[8] in module zynq_ultra_ps_e_v3_5_3_zynq_ultra_ps_e is either unconnected or has no load
WARNING: [Synth 8-7129] Port sacefpd_aruser[7] in module zynq_ultra_ps_e_v3_5_3_zynq_ultra_ps_e is either unconnected or has no load
WARNING: [Synth 8-7129] Port sacefpd_aruser[6] in module zynq_ultra_ps_e_v3_5_3_zynq_ultra_ps_e is either unconnected or has no load
WARNING: [Synth 8-7129] Port test_adc_clk[3] in module zynq_ultra_ps_e_v3_5_3_zynq_ultra_ps_e is either unconnected or has no load
WARNING: [Synth 8-7129] Port test_adc_clk[2] in module zynq_ultra_ps_e_v3_5_3_zynq_ultra_ps_e is either unconnected or has no load
WARNING: [Synth 8-7129] Port test_adc_clk[1] in module zynq_ultra_ps_e_v3_5_3_zynq_ultra_ps_e is either unconnected or has no load
WARNING: [Synth 8-7129] Port test_adc_clk[0] in module zynq_ultra_ps_e_v3_5_3_zynq_ultra_ps_e is either unconnected or has no load
WARNING: [Synth 8-7129] Port test_adc_in[31] in module zynq_ultra_ps_e_v3_5_3_zynq_ultra_ps_e is either unconnected or has no load
WARNING: [Synth 8-7129] Port test_adc_in[30] in module zynq_ultra_ps_e_v3_5_3_zynq_ultra_ps_e is either unconnected or has no load
WARNING: [Synth 8-7129] Port test_adc_in[29] in module zynq_ultra_ps_e_v3_5_3_zynq_ultra_ps_e is either unconnected or has no load
WARNING: [Synth 8-7129] Port test_adc_in[28] in module zynq_ultra_ps_e_v3_5_3_zynq_ultra_ps_e is either unconnected or has no load
WARNING: [Synth 8-7129] Port test_adc_in[27] in module zynq_ultra_ps_e_v3_5_3_zynq_ultra_ps_e is either unconnected or has no load
WARNING: [Synth 8-7129] Port test_adc_in[26] in module zynq_ultra_ps_e_v3_5_3_zynq_ultra_ps_e is either unconnected or has no load
WARNING: [Synth 8-7129] Port test_adc_in[25] in module zynq_ultra_ps_e_v3_5_3_zynq_ultra_ps_e is either unconnected or has no load
WARNING: [Synth 8-7129] Port test_adc_in[24] in module zynq_ultra_ps_e_v3_5_3_zynq_ultra_ps_e is either unconnected or has no load
WARNING: [Synth 8-7129] Port test_adc_in[23] in module zynq_ultra_ps_e_v3_5_3_zynq_ultra_ps_e is either unconnected or has no load
WARNING: [Synth 8-7129] Port test_adc_in[22] in module zynq_ultra_ps_e_v3_5_3_zynq_ultra_ps_e is either unconnected or has no load
WARNING: [Synth 8-7129] Port test_adc_in[21] in module zynq_ultra_ps_e_v3_5_3_zynq_ultra_ps_e is either unconnected or has no load
WARNING: [Synth 8-7129] Port test_adc_in[20] in module zynq_ultra_ps_e_v3_5_3_zynq_ultra_ps_e is either unconnected or has no load
WARNING: [Synth 8-7129] Port test_adc_in[19] in module zynq_ultra_ps_e_v3_5_3_zynq_ultra_ps_e is either unconnected or has no load
WARNING: [Synth 8-7129] Port test_adc_in[18] in module zynq_ultra_ps_e_v3_5_3_zynq_ultra_ps_e is either unconnected or has no load
WARNING: [Synth 8-7129] Port test_adc_in[17] in module zynq_ultra_ps_e_v3_5_3_zynq_ultra_ps_e is either unconnected or has no load
WARNING: [Synth 8-7129] Port test_adc_in[16] in module zynq_ultra_ps_e_v3_5_3_zynq_ultra_ps_e is either unconnected or has no load
WARNING: [Synth 8-7129] Port test_adc_in[15] in module zynq_ultra_ps_e_v3_5_3_zynq_ultra_ps_e is either unconnected or has no load
WARNING: [Synth 8-7129] Port test_adc_in[14] in module zynq_ultra_ps_e_v3_5_3_zynq_ultra_ps_e is either unconnected or has no load
WARNING: [Synth 8-7129] Port test_adc_in[13] in module zynq_ultra_ps_e_v3_5_3_zynq_ultra_ps_e is either unconnected or has no load
WARNING: [Synth 8-7129] Port test_adc_in[12] in module zynq_ultra_ps_e_v3_5_3_zynq_ultra_ps_e is either unconnected or has no load
WARNING: [Synth 8-7129] Port test_adc_in[11] in module zynq_ultra_ps_e_v3_5_3_zynq_ultra_ps_e is either unconnected or has no load
WARNING: [Synth 8-7129] Port test_adc_in[10] in module zynq_ultra_ps_e_v3_5_3_zynq_ultra_ps_e is either unconnected or has no load
WARNING: [Synth 8-7129] Port test_adc_in[9] in module zynq_ultra_ps_e_v3_5_3_zynq_ultra_ps_e is either unconnected or has no load
WARNING: [Synth 8-7129] Port test_adc_in[8] in module zynq_ultra_ps_e_v3_5_3_zynq_ultra_ps_e is either unconnected or has no load
WARNING: [Synth 8-7129] Port test_adc_in[7] in module zynq_ultra_ps_e_v3_5_3_zynq_ultra_ps_e is either unconnected or has no load
WARNING: [Synth 8-7129] Port test_adc_in[6] in module zynq_ultra_ps_e_v3_5_3_zynq_ultra_ps_e is either unconnected or has no load
WARNING: [Synth 8-7129] Port test_adc_in[5] in module zynq_ultra_ps_e_v3_5_3_zynq_ultra_ps_e is either unconnected or has no load
WARNING: [Synth 8-7129] Port test_adc_in[4] in module zynq_ultra_ps_e_v3_5_3_zynq_ultra_ps_e is either unconnected or has no load
WARNING: [Synth 8-7129] Port test_adc_in[3] in module zynq_ultra_ps_e_v3_5_3_zynq_ultra_ps_e is either unconnected or has no load
WARNING: [Synth 8-7129] Port test_adc_in[2] in module zynq_ultra_ps_e_v3_5_3_zynq_ultra_ps_e is either unconnected or has no load
WARNING: [Synth 8-7129] Port test_adc_in[1] in module zynq_ultra_ps_e_v3_5_3_zynq_ultra_ps_e is either unconnected or has no load
WARNING: [Synth 8-7129] Port test_adc_in[0] in module zynq_ultra_ps_e_v3_5_3_zynq_ultra_ps_e is either unconnected or has no load
WARNING: [Synth 8-7129] Port test_adc2_in[31] in module zynq_ultra_ps_e_v3_5_3_zynq_ultra_ps_e is either unconnected or has no load
WARNING: [Synth 8-7129] Port test_adc2_in[30] in module zynq_ultra_ps_e_v3_5_3_zynq_ultra_ps_e is either unconnected or has no load
WARNING: [Synth 8-7129] Port test_adc2_in[29] in module zynq_ultra_ps_e_v3_5_3_zynq_ultra_ps_e is either unconnected or has no load
WARNING: [Synth 8-7129] Port test_adc2_in[28] in module zynq_ultra_ps_e_v3_5_3_zynq_ultra_ps_e is either unconnected or has no load
WARNING: [Synth 8-7129] Port test_adc2_in[27] in module zynq_ultra_ps_e_v3_5_3_zynq_ultra_ps_e is either unconnected or has no load
WARNING: [Synth 8-7129] Port test_adc2_in[26] in module zynq_ultra_ps_e_v3_5_3_zynq_ultra_ps_e is either unconnected or has no load
WARNING: [Synth 8-7129] Port test_adc2_in[25] in module zynq_ultra_ps_e_v3_5_3_zynq_ultra_ps_e is either unconnected or has no load
WARNING: [Synth 8-7129] Port test_adc2_in[24] in module zynq_ultra_ps_e_v3_5_3_zynq_ultra_ps_e is either unconnected or has no load
WARNING: [Synth 8-7129] Port test_adc2_in[23] in module zynq_ultra_ps_e_v3_5_3_zynq_ultra_ps_e is either unconnected or has no load
WARNING: [Synth 8-7129] Port test_adc2_in[22] in module zynq_ultra_ps_e_v3_5_3_zynq_ultra_ps_e is either unconnected or has no load
WARNING: [Synth 8-7129] Port test_adc2_in[21] in module zynq_ultra_ps_e_v3_5_3_zynq_ultra_ps_e is either unconnected or has no load
WARNING: [Synth 8-7129] Port test_adc2_in[20] in module zynq_ultra_ps_e_v3_5_3_zynq_ultra_ps_e is either unconnected or has no load
WARNING: [Synth 8-7129] Port test_adc2_in[19] in module zynq_ultra_ps_e_v3_5_3_zynq_ultra_ps_e is either unconnected or has no load
WARNING: [Synth 8-7129] Port test_adc2_in[18] in module zynq_ultra_ps_e_v3_5_3_zynq_ultra_ps_e is either unconnected or has no load
WARNING: [Synth 8-7129] Port test_adc2_in[17] in module zynq_ultra_ps_e_v3_5_3_zynq_ultra_ps_e is either unconnected or has no load
WARNING: [Synth 8-7129] Port test_adc2_in[16] in module zynq_ultra_ps_e_v3_5_3_zynq_ultra_ps_e is either unconnected or has no load
WARNING: [Synth 8-7129] Port test_adc2_in[15] in module zynq_ultra_ps_e_v3_5_3_zynq_ultra_ps_e is either unconnected or has no load
WARNING: [Synth 8-7129] Port test_adc2_in[14] in module zynq_ultra_ps_e_v3_5_3_zynq_ultra_ps_e is either unconnected or has no load
WARNING: [Synth 8-7129] Port test_adc2_in[13] in module zynq_ultra_ps_e_v3_5_3_zynq_ultra_ps_e is either unconnected or has no load
WARNING: [Synth 8-7129] Port test_adc2_in[12] in module zynq_ultra_ps_e_v3_5_3_zynq_ultra_ps_e is either unconnected or has no load
WARNING: [Synth 8-7129] Port test_adc2_in[11] in module zynq_ultra_ps_e_v3_5_3_zynq_ultra_ps_e is either unconnected or has no load
WARNING: [Synth 8-7129] Port test_adc2_in[10] in module zynq_ultra_ps_e_v3_5_3_zynq_ultra_ps_e is either unconnected or has no load
WARNING: [Synth 8-7129] Port test_adc2_in[9] in module zynq_ultra_ps_e_v3_5_3_zynq_ultra_ps_e is either unconnected or has no load
WARNING: [Synth 8-7129] Port test_adc2_in[8] in module zynq_ultra_ps_e_v3_5_3_zynq_ultra_ps_e is either unconnected or has no load
WARNING: [Synth 8-7129] Port test_adc2_in[7] in module zynq_ultra_ps_e_v3_5_3_zynq_ultra_ps_e is either unconnected or has no load
INFO: [Common 17-14] Message 'Synth 8-7129' appears 100 times and further instances of the messages will be disabled. Use the Tcl command set_msg_config to change the current settings.
---------------------------------------------------------------------------------
Finished RTL Elaboration : Time (s): cpu = 00:02:26 ; elapsed = 00:02:39 . Memory (MB): peak = 3672.086 ; gain = 1812.582
---------------------------------------------------------------------------------
---------------------------------------------------------------------------------
Start Handling Custom Attributes
---------------------------------------------------------------------------------
---------------------------------------------------------------------------------
Finished Handling Custom Attributes : Time (s): cpu = 00:02:27 ; elapsed = 00:02:41 . Memory (MB): peak = 3672.086 ; gain = 1812.582
---------------------------------------------------------------------------------
---------------------------------------------------------------------------------
Finished RTL Optimization Phase 1 : Time (s): cpu = 00:02:27 ; elapsed = 00:02:41 . Memory (MB): peak = 3672.086 ; gain = 1812.582
---------------------------------------------------------------------------------
Netlist sorting complete. Time (s): cpu = 00:00:06 ; elapsed = 00:00:07 . Memory (MB): peak = 3674.289 ; gain = 0.000
INFO: [Netlist 29-17] Analyzing 595 Unisim elements for replacement
INFO: [Netlist 29-28] Unisim Transformation completed in 2 CPU seconds
INFO: [Project 1-570] Preparing netlist for logic optimization

Processing XDC Constraints
Initializing timing engine
Parsing XDC File [c:/Users/clb20123/Documents/FO-RFSoC-4YP/2x2_files/PLEASE/PLEASE.gen/sources_1/bd/PYNQ_Design/ip/PYNQ_Design_zynq_ultra_ps_e_0_0/PYNQ_Design_zynq_ultra_ps_e_0_0.xdc] for cell 'PYNQ_Design_i/zynq_ultra_ps_e_0/U0'
create_clock: Time (s): cpu = 00:00:08 ; elapsed = 00:00:08 . Memory (MB): peak = 3913.562 ; gain = 2.176
Finished Parsing XDC File [c:/Users/clb20123/Documents/FO-RFSoC-4YP/2x2_files/PLEASE/PLEASE.gen/sources_1/bd/PYNQ_Design/ip/PYNQ_Design_zynq_ultra_ps_e_0_0/PYNQ_Design_zynq_ultra_ps_e_0_0.xdc] for cell 'PYNQ_Design_i/zynq_ultra_ps_e_0/U0'
Parsing XDC File [c:/Users/clb20123/Documents/FO-RFSoC-4YP/2x2_files/PLEASE/PLEASE.gen/sources_1/bd/PYNQ_Design/ip/PYNQ_Design_usp_rf_data_converter_0_0/synth/PYNQ_Design_usp_rf_data_converter_0_0_clocks.xdc] for cell 'PYNQ_Design_i/usp_rf_data_converter_0/inst'
INFO: [Timing 38-2] Deriving generated clocks [c:/Users/clb20123/Documents/FO-RFSoC-4YP/2x2_files/PLEASE/PLEASE.gen/sources_1/bd/PYNQ_Design/ip/PYNQ_Design_usp_rf_data_converter_0_0/synth/PYNQ_Design_usp_rf_data_converter_0_0_clocks.xdc:66]
INFO: [Timing 38-2] Deriving generated clocks [c:/Users/clb20123/Documents/FO-RFSoC-4YP/2x2_files/PLEASE/PLEASE.gen/sources_1/bd/PYNQ_Design/ip/PYNQ_Design_usp_rf_data_converter_0_0/synth/PYNQ_Design_usp_rf_data_converter_0_0_clocks.xdc:68]
Finished Parsing XDC File [c:/Users/clb20123/Documents/FO-RFSoC-4YP/2x2_files/PLEASE/PLEASE.gen/sources_1/bd/PYNQ_Design/ip/PYNQ_Design_usp_rf_data_converter_0_0/synth/PYNQ_Design_usp_rf_data_converter_0_0_clocks.xdc] for cell 'PYNQ_Design_i/usp_rf_data_converter_0/inst'
INFO: [Project 1-236] Implementation specific constraints were found while reading constraint file [c:/Users/clb20123/Documents/FO-RFSoC-4YP/2x2_files/PLEASE/PLEASE.gen/sources_1/bd/PYNQ_Design/ip/PYNQ_Design_usp_rf_data_converter_0_0/synth/PYNQ_Design_usp_rf_data_converter_0_0_clocks.xdc]. These constraints will be ignored for synthesis but will be used in implementation. Impacted constraints are listed in the file [.Xil/PYNQ_Design_wrapper_propImpl.xdc].
Resolution: To avoid this warning, move constraints listed in [.Xil/PYNQ_Design_wrapper_propImpl.xdc] to another XDC file and exclude this new file from synthesis with the used_in_synthesis property (File Properties dialog in GUI) and re-run elaboration/synthesis.
Parsing XDC File [c:/Users/clb20123/Documents/FO-RFSoC-4YP/2x2_files/PLEASE/PLEASE.gen/sources_1/bd/PYNQ_Design/ip/PYNQ_Design_rst_ps8_0_96M_1/PYNQ_Design_rst_ps8_0_96M_1_board.xdc] for cell 'PYNQ_Design_i/rst_ps8_0_96M/U0'
Finished Parsing XDC File [c:/Users/clb20123/Documents/FO-RFSoC-4YP/2x2_files/PLEASE/PLEASE.gen/sources_1/bd/PYNQ_Design/ip/PYNQ_Design_rst_ps8_0_96M_1/PYNQ_Design_rst_ps8_0_96M_1_board.xdc] for cell 'PYNQ_Design_i/rst_ps8_0_96M/U0'
Parsing XDC File [c:/Users/clb20123/Documents/FO-RFSoC-4YP/2x2_files/PLEASE/PLEASE.gen/sources_1/bd/PYNQ_Design/ip/PYNQ_Design_rst_ps8_0_96M_1/PYNQ_Design_rst_ps8_0_96M_1.xdc] for cell 'PYNQ_Design_i/rst_ps8_0_96M/U0'
Finished Parsing XDC File [c:/Users/clb20123/Documents/FO-RFSoC-4YP/2x2_files/PLEASE/PLEASE.gen/sources_1/bd/PYNQ_Design/ip/PYNQ_Design_rst_ps8_0_96M_1/PYNQ_Design_rst_ps8_0_96M_1.xdc] for cell 'PYNQ_Design_i/rst_ps8_0_96M/U0'
INFO: [Project 1-236] Implementation specific constraints were found while reading constraint file [c:/Users/clb20123/Documents/FO-RFSoC-4YP/2x2_files/PLEASE/PLEASE.gen/sources_1/bd/PYNQ_Design/ip/PYNQ_Design_rst_ps8_0_96M_1/PYNQ_Design_rst_ps8_0_96M_1.xdc]. These constraints will be ignored for synthesis but will be used in implementation. Impacted constraints are listed in the file [.Xil/PYNQ_Design_wrapper_propImpl.xdc].
Resolution: To avoid this warning, move constraints listed in [.Xil/PYNQ_Design_wrapper_propImpl.xdc] to another XDC file and exclude this new file from synthesis with the used_in_synthesis property (File Properties dialog in GUI) and re-run elaboration/synthesis.
Parsing XDC File [c:/Users/clb20123/Documents/FO-RFSoC-4YP/2x2_files/PLEASE/PLEASE.gen/sources_1/bd/PYNQ_Design/ip/PYNQ_Design_axi_smc_2/bd_0/ip/ip_1/bd_4c89_psr_aclk_0_board.xdc] for cell 'PYNQ_Design_i/RX/axi_smc/inst/clk_map/psr_aclk/U0'
Finished Parsing XDC File [c:/Users/clb20123/Documents/FO-RFSoC-4YP/2x2_files/PLEASE/PLEASE.gen/sources_1/bd/PYNQ_Design/ip/PYNQ_Design_axi_smc_2/bd_0/ip/ip_1/bd_4c89_psr_aclk_0_board.xdc] for cell 'PYNQ_Design_i/RX/axi_smc/inst/clk_map/psr_aclk/U0'
Parsing XDC File [c:/Users/clb20123/Documents/FO-RFSoC-4YP/2x2_files/PLEASE/PLEASE.gen/sources_1/bd/PYNQ_Design/ip/PYNQ_Design_axi_smc_2/bd_0/ip/ip_1/bd_4c89_psr_aclk_0.xdc] for cell 'PYNQ_Design_i/RX/axi_smc/inst/clk_map/psr_aclk/U0'
Finished Parsing XDC File [c:/Users/clb20123/Documents/FO-RFSoC-4YP/2x2_files/PLEASE/PLEASE.gen/sources_1/bd/PYNQ_Design/ip/PYNQ_Design_axi_smc_2/bd_0/ip/ip_1/bd_4c89_psr_aclk_0.xdc] for cell 'PYNQ_Design_i/RX/axi_smc/inst/clk_map/psr_aclk/U0'
INFO: [Project 1-236] Implementation specific constraints were found while reading constraint file [c:/Users/clb20123/Documents/FO-RFSoC-4YP/2x2_files/PLEASE/PLEASE.gen/sources_1/bd/PYNQ_Design/ip/PYNQ_Design_axi_smc_2/bd_0/ip/ip_1/bd_4c89_psr_aclk_0.xdc]. These constraints will be ignored for synthesis but will be used in implementation. Impacted constraints are listed in the file [.Xil/PYNQ_Design_wrapper_propImpl.xdc].
Resolution: To avoid this warning, move constraints listed in [.Xil/PYNQ_Design_wrapper_propImpl.xdc] to another XDC file and exclude this new file from synthesis with the used_in_synthesis property (File Properties dialog in GUI) and re-run elaboration/synthesis.
Parsing XDC File [c:/Users/clb20123/Documents/FO-RFSoC-4YP/2x2_files/PLEASE/PLEASE.gen/sources_1/bd/PYNQ_Design/ip/PYNQ_Design_axi_smc_2/bd_0/ip/ip_6/bd_4c89_sawn_0_clocks.xdc] for cell 'PYNQ_Design_i/RX/axi_smc/inst/s00_nodes/s00_aw_node/inst'
Finished Parsing XDC File [c:/Users/clb20123/Documents/FO-RFSoC-4YP/2x2_files/PLEASE/PLEASE.gen/sources_1/bd/PYNQ_Design/ip/PYNQ_Design_axi_smc_2/bd_0/ip/ip_6/bd_4c89_sawn_0_clocks.xdc] for cell 'PYNQ_Design_i/RX/axi_smc/inst/s00_nodes/s00_aw_node/inst'
INFO: [Project 1-236] Implementation specific constraints were found while reading constraint file [c:/Users/clb20123/Documents/FO-RFSoC-4YP/2x2_files/PLEASE/PLEASE.gen/sources_1/bd/PYNQ_Design/ip/PYNQ_Design_axi_smc_2/bd_0/ip/ip_6/bd_4c89_sawn_0_clocks.xdc]. These constraints will be ignored for synthesis but will be used in implementation. Impacted constraints are listed in the file [.Xil/PYNQ_Design_wrapper_propImpl.xdc].
Resolution: To avoid this warning, move constraints listed in [.Xil/PYNQ_Design_wrapper_propImpl.xdc] to another XDC file and exclude this new file from synthesis with the used_in_synthesis property (File Properties dialog in GUI) and re-run elaboration/synthesis.
Parsing XDC File [c:/Users/clb20123/Documents/FO-RFSoC-4YP/2x2_files/PLEASE/PLEASE.gen/sources_1/bd/PYNQ_Design/ip/PYNQ_Design_axi_smc_2/bd_0/ip/ip_7/bd_4c89_swn_0_clocks.xdc] for cell 'PYNQ_Design_i/RX/axi_smc/inst/s00_nodes/s00_w_node/inst'
Finished Parsing XDC File [c:/Users/clb20123/Documents/FO-RFSoC-4YP/2x2_files/PLEASE/PLEASE.gen/sources_1/bd/PYNQ_Design/ip/PYNQ_Design_axi_smc_2/bd_0/ip/ip_7/bd_4c89_swn_0_clocks.xdc] for cell 'PYNQ_Design_i/RX/axi_smc/inst/s00_nodes/s00_w_node/inst'
INFO: [Project 1-236] Implementation specific constraints were found while reading constraint file [c:/Users/clb20123/Documents/FO-RFSoC-4YP/2x2_files/PLEASE/PLEASE.gen/sources_1/bd/PYNQ_Design/ip/PYNQ_Design_axi_smc_2/bd_0/ip/ip_7/bd_4c89_swn_0_clocks.xdc]. These constraints will be ignored for synthesis but will be used in implementation. Impacted constraints are listed in the file [.Xil/PYNQ_Design_wrapper_propImpl.xdc].
Resolution: To avoid this warning, move constraints listed in [.Xil/PYNQ_Design_wrapper_propImpl.xdc] to another XDC file and exclude this new file from synthesis with the used_in_synthesis property (File Properties dialog in GUI) and re-run elaboration/synthesis.
Parsing XDC File [c:/Users/clb20123/Documents/FO-RFSoC-4YP/2x2_files/PLEASE/PLEASE.gen/sources_1/bd/PYNQ_Design/ip/PYNQ_Design_axi_smc_2/bd_0/ip/ip_8/bd_4c89_sbn_0_clocks.xdc] for cell 'PYNQ_Design_i/RX/axi_smc/inst/s00_nodes/s00_b_node/inst'
Finished Parsing XDC File [c:/Users/clb20123/Documents/FO-RFSoC-4YP/2x2_files/PLEASE/PLEASE.gen/sources_1/bd/PYNQ_Design/ip/PYNQ_Design_axi_smc_2/bd_0/ip/ip_8/bd_4c89_sbn_0_clocks.xdc] for cell 'PYNQ_Design_i/RX/axi_smc/inst/s00_nodes/s00_b_node/inst'
INFO: [Project 1-236] Implementation specific constraints were found while reading constraint file [c:/Users/clb20123/Documents/FO-RFSoC-4YP/2x2_files/PLEASE/PLEASE.gen/sources_1/bd/PYNQ_Design/ip/PYNQ_Design_axi_smc_2/bd_0/ip/ip_8/bd_4c89_sbn_0_clocks.xdc]. These constraints will be ignored for synthesis but will be used in implementation. Impacted constraints are listed in the file [.Xil/PYNQ_Design_wrapper_propImpl.xdc].
Resolution: To avoid this warning, move constraints listed in [.Xil/PYNQ_Design_wrapper_propImpl.xdc] to another XDC file and exclude this new file from synthesis with the used_in_synthesis property (File Properties dialog in GUI) and re-run elaboration/synthesis.
Parsing XDC File [c:/Users/clb20123/Documents/FO-RFSoC-4YP/2x2_files/PLEASE/PLEASE.gen/sources_1/bd/PYNQ_Design/ip/PYNQ_Design_axi_smc_2/smartconnect.xdc] for cell 'PYNQ_Design_i/RX/axi_smc/inst'
Finished Parsing XDC File [c:/Users/clb20123/Documents/FO-RFSoC-4YP/2x2_files/PLEASE/PLEASE.gen/sources_1/bd/PYNQ_Design/ip/PYNQ_Design_axi_smc_2/smartconnect.xdc] for cell 'PYNQ_Design_i/RX/axi_smc/inst'
INFO: [Project 1-236] Implementation specific constraints were found while reading constraint file [c:/Users/clb20123/Documents/FO-RFSoC-4YP/2x2_files/PLEASE/PLEASE.gen/sources_1/bd/PYNQ_Design/ip/PYNQ_Design_axi_smc_2/smartconnect.xdc]. These constraints will be ignored for synthesis but will be used in implementation. Impacted constraints are listed in the file [.Xil/PYNQ_Design_wrapper_propImpl.xdc].
Resolution: To avoid this warning, move constraints listed in [.Xil/PYNQ_Design_wrapper_propImpl.xdc] to another XDC file and exclude this new file from synthesis with the used_in_synthesis property (File Properties dialog in GUI) and re-run elaboration/synthesis.
Parsing XDC File [c:/Users/clb20123/Documents/FO-RFSoC-4YP/2x2_files/PLEASE/PLEASE.gen/sources_1/bd/PYNQ_Design/ip/PYNQ_Design_DUT_rec_0_0/x16_bit_demod_fir_compiler_v7_2_i0/constraints/fir_compiler_v7_2.xdc] for cell 'PYNQ_Design_i/RX/DUT_rec_0/U0/x16_bit_demod_struct/algorithm/fir_compiler_7_2/x16_bit_demod_fir_compiler_v7_2_i0_instance/U0'
Finished Parsing XDC File [c:/Users/clb20123/Documents/FO-RFSoC-4YP/2x2_files/PLEASE/PLEASE.gen/sources_1/bd/PYNQ_Design/ip/PYNQ_Design_DUT_rec_0_0/x16_bit_demod_fir_compiler_v7_2_i0/constraints/fir_compiler_v7_2.xdc] for cell 'PYNQ_Design_i/RX/DUT_rec_0/U0/x16_bit_demod_struct/algorithm/fir_compiler_7_2/x16_bit_demod_fir_compiler_v7_2_i0_instance/U0'
Parsing XDC File [c:/Users/clb20123/Documents/FO-RFSoC-4YP/2x2_files/PLEASE/PLEASE.gen/sources_1/bd/PYNQ_Design/ip/PYNQ_Design_DUT_rec_0_0/x16_bit_demod_fifo_generator_i1/x16_bit_demod_fifo_generator_i1.xdc] for cell 'PYNQ_Design_i/RX/DUT_rec_0/U0/x16_bit_demod_struct/slave_fifo/fifo/comp1.core_instance1/U0'
Finished Parsing XDC File [c:/Users/clb20123/Documents/FO-RFSoC-4YP/2x2_files/PLEASE/PLEASE.gen/sources_1/bd/PYNQ_Design/ip/PYNQ_Design_DUT_rec_0_0/x16_bit_demod_fifo_generator_i1/x16_bit_demod_fifo_generator_i1.xdc] for cell 'PYNQ_Design_i/RX/DUT_rec_0/U0/x16_bit_demod_struct/slave_fifo/fifo/comp1.core_instance1/U0'
Parsing XDC File [c:/Users/clb20123/Documents/FO-RFSoC-4YP/2x2_files/PLEASE/PLEASE.gen/sources_1/bd/PYNQ_Design/ip/PYNQ_Design_DUT_rec_0_0/x16_bit_demod_fifo_generator_i0/x16_bit_demod_fifo_generator_i0.xdc] for cell 'PYNQ_Design_i/RX/DUT_rec_0/U0/x16_bit_demod_struct/master_fifo/fifo/comp0.core_instance0/U0'
Finished Parsing XDC File [c:/Users/clb20123/Documents/FO-RFSoC-4YP/2x2_files/PLEASE/PLEASE.gen/sources_1/bd/PYNQ_Design/ip/PYNQ_Design_DUT_rec_0_0/x16_bit_demod_fifo_generator_i0/x16_bit_demod_fifo_generator_i0.xdc] for cell 'PYNQ_Design_i/RX/DUT_rec_0/U0/x16_bit_demod_struct/master_fifo/fifo/comp0.core_instance0/U0'
Parsing XDC File [c:/Users/clb20123/Documents/FO-RFSoC-4YP/2x2_files/PLEASE/PLEASE.gen/sources_1/bd/PYNQ_Design/ip/PYNQ_Design_DUT_rec_0_0/constrs/x16_bit_demod.xdc] for cell 'PYNQ_Design_i/RX/DUT_rec_0/U0'
Finished Parsing XDC File [c:/Users/clb20123/Documents/FO-RFSoC-4YP/2x2_files/PLEASE/PLEASE.gen/sources_1/bd/PYNQ_Design/ip/PYNQ_Design_DUT_rec_0_0/constrs/x16_bit_demod.xdc] for cell 'PYNQ_Design_i/RX/DUT_rec_0/U0'
Parsing XDC File [c:/Users/clb20123/Documents/FO-RFSoC-4YP/2x2_files/PLEASE/PLEASE.gen/sources_1/bd/PYNQ_Design/ip/PYNQ_Design_proc_sys_reset_0_0/PYNQ_Design_proc_sys_reset_0_0_board.xdc] for cell 'PYNQ_Design_i/RX/proc_sys_reset_0/U0'
Finished Parsing XDC File [c:/Users/clb20123/Documents/FO-RFSoC-4YP/2x2_files/PLEASE/PLEASE.gen/sources_1/bd/PYNQ_Design/ip/PYNQ_Design_proc_sys_reset_0_0/PYNQ_Design_proc_sys_reset_0_0_board.xdc] for cell 'PYNQ_Design_i/RX/proc_sys_reset_0/U0'
Parsing XDC File [c:/Users/clb20123/Documents/FO-RFSoC-4YP/2x2_files/PLEASE/PLEASE.gen/sources_1/bd/PYNQ_Design/ip/PYNQ_Design_proc_sys_reset_0_0/PYNQ_Design_proc_sys_reset_0_0.xdc] for cell 'PYNQ_Design_i/RX/proc_sys_reset_0/U0'
Finished Parsing XDC File [c:/Users/clb20123/Documents/FO-RFSoC-4YP/2x2_files/PLEASE/PLEASE.gen/sources_1/bd/PYNQ_Design/ip/PYNQ_Design_proc_sys_reset_0_0/PYNQ_Design_proc_sys_reset_0_0.xdc] for cell 'PYNQ_Design_i/RX/proc_sys_reset_0/U0'
INFO: [Project 1-236] Implementation specific constraints were found while reading constraint file [c:/Users/clb20123/Documents/FO-RFSoC-4YP/2x2_files/PLEASE/PLEASE.gen/sources_1/bd/PYNQ_Design/ip/PYNQ_Design_proc_sys_reset_0_0/PYNQ_Design_proc_sys_reset_0_0.xdc]. These constraints will be ignored for synthesis but will be used in implementation. Impacted constraints are listed in the file [.Xil/PYNQ_Design_wrapper_propImpl.xdc].
Resolution: To avoid this warning, move constraints listed in [.Xil/PYNQ_Design_wrapper_propImpl.xdc] to another XDC file and exclude this new file from synthesis with the used_in_synthesis property (File Properties dialog in GUI) and re-run elaboration/synthesis.
Parsing XDC File [c:/Users/clb20123/Documents/FO-RFSoC-4YP/2x2_files/PLEASE/PLEASE.gen/sources_1/bd/PYNQ_Design/ip/PYNQ_Design_system_ila_1_0/bd_0/ip/ip_0/ila_v6_2/constraints/ila.xdc] for cell 'PYNQ_Design_i/RX/system_ila_1/U0/ila_lib/U0'
Finished Parsing XDC File [c:/Users/clb20123/Documents/FO-RFSoC-4YP/2x2_files/PLEASE/PLEASE.gen/sources_1/bd/PYNQ_Design/ip/PYNQ_Design_system_ila_1_0/bd_0/ip/ip_0/ila_v6_2/constraints/ila.xdc] for cell 'PYNQ_Design_i/RX/system_ila_1/U0/ila_lib/U0'
INFO: [Project 1-236] Implementation specific constraints were found while reading constraint file [c:/Users/clb20123/Documents/FO-RFSoC-4YP/2x2_files/PLEASE/PLEASE.gen/sources_1/bd/PYNQ_Design/ip/PYNQ_Design_system_ila_1_0/bd_0/ip/ip_0/ila_v6_2/constraints/ila.xdc]. These constraints will be ignored for synthesis but will be used in implementation. Impacted constraints are listed in the file [.Xil/PYNQ_Design_wrapper_propImpl.xdc].
Resolution: To avoid this warning, move constraints listed in [.Xil/PYNQ_Design_wrapper_propImpl.xdc] to another XDC file and exclude this new file from synthesis with the used_in_synthesis property (File Properties dialog in GUI) and re-run elaboration/synthesis.
Parsing XDC File [c:/Users/clb20123/Documents/FO-RFSoC-4YP/2x2_files/PLEASE/PLEASE.gen/sources_1/bd/PYNQ_Design/ip/PYNQ_Design_axi_dma_0_0/PYNQ_Design_axi_dma_0_0.xdc] for cell 'PYNQ_Design_i/RX/axi_dma_rx/U0'
Finished Parsing XDC File [c:/Users/clb20123/Documents/FO-RFSoC-4YP/2x2_files/PLEASE/PLEASE.gen/sources_1/bd/PYNQ_Design/ip/PYNQ_Design_axi_dma_0_0/PYNQ_Design_axi_dma_0_0.xdc] for cell 'PYNQ_Design_i/RX/axi_dma_rx/U0'
INFO: [Project 1-236] Implementation specific constraints were found while reading constraint file [c:/Users/clb20123/Documents/FO-RFSoC-4YP/2x2_files/PLEASE/PLEASE.gen/sources_1/bd/PYNQ_Design/ip/PYNQ_Design_axi_dma_0_0/PYNQ_Design_axi_dma_0_0.xdc]. These constraints will be ignored for synthesis but will be used in implementation. Impacted constraints are listed in the file [.Xil/PYNQ_Design_wrapper_propImpl.xdc].
Resolution: To avoid this warning, move constraints listed in [.Xil/PYNQ_Design_wrapper_propImpl.xdc] to another XDC file and exclude this new file from synthesis with the used_in_synthesis property (File Properties dialog in GUI) and re-run elaboration/synthesis.
Parsing XDC File [c:/Users/clb20123/Documents/FO-RFSoC-4YP/2x2_files/PLEASE/PLEASE.gen/sources_1/bd/PYNQ_Design/ip/PYNQ_Design_clk_wiz_0_0/PYNQ_Design_clk_wiz_0_0_board.xdc] for cell 'PYNQ_Design_i/RX/clk_wiz_0/inst'
Finished Parsing XDC File [c:/Users/clb20123/Documents/FO-RFSoC-4YP/2x2_files/PLEASE/PLEASE.gen/sources_1/bd/PYNQ_Design/ip/PYNQ_Design_clk_wiz_0_0/PYNQ_Design_clk_wiz_0_0_board.xdc] for cell 'PYNQ_Design_i/RX/clk_wiz_0/inst'
Parsing XDC File [c:/Users/clb20123/Documents/FO-RFSoC-4YP/2x2_files/PLEASE/PLEASE.gen/sources_1/bd/PYNQ_Design/ip/PYNQ_Design_clk_wiz_0_0/PYNQ_Design_clk_wiz_0_0.xdc] for cell 'PYNQ_Design_i/RX/clk_wiz_0/inst'
Finished Parsing XDC File [c:/Users/clb20123/Documents/FO-RFSoC-4YP/2x2_files/PLEASE/PLEASE.gen/sources_1/bd/PYNQ_Design/ip/PYNQ_Design_clk_wiz_0_0/PYNQ_Design_clk_wiz_0_0.xdc] for cell 'PYNQ_Design_i/RX/clk_wiz_0/inst'
Parsing XDC File [c:/Users/clb20123/Documents/FO-RFSoC-4YP/2x2_files/PLEASE/PLEASE.gen/sources_1/bd/PYNQ_Design/ip/PYNQ_Design_DUT_data_in_0_0/x16_bit_mod_fifo_generator_i1/x16_bit_mod_fifo_generator_i1.xdc] for cell 'PYNQ_Design_i/TX/DUT_data_in_0/U0/x16_bit_mod_struct/slave_fifo/fifo/comp1.core_instance1/U0'
Finished Parsing XDC File [c:/Users/clb20123/Documents/FO-RFSoC-4YP/2x2_files/PLEASE/PLEASE.gen/sources_1/bd/PYNQ_Design/ip/PYNQ_Design_DUT_data_in_0_0/x16_bit_mod_fifo_generator_i1/x16_bit_mod_fifo_generator_i1.xdc] for cell 'PYNQ_Design_i/TX/DUT_data_in_0/U0/x16_bit_mod_struct/slave_fifo/fifo/comp1.core_instance1/U0'
Parsing XDC File [c:/Users/clb20123/Documents/FO-RFSoC-4YP/2x2_files/PLEASE/PLEASE.gen/sources_1/bd/PYNQ_Design/ip/PYNQ_Design_DUT_data_in_0_0/x16_bit_mod_fifo_generator_i0/x16_bit_mod_fifo_generator_i0.xdc] for cell 'PYNQ_Design_i/TX/DUT_data_in_0/U0/x16_bit_mod_struct/master_fifo/fifo/comp0.core_instance0/U0'
Finished Parsing XDC File [c:/Users/clb20123/Documents/FO-RFSoC-4YP/2x2_files/PLEASE/PLEASE.gen/sources_1/bd/PYNQ_Design/ip/PYNQ_Design_DUT_data_in_0_0/x16_bit_mod_fifo_generator_i0/x16_bit_mod_fifo_generator_i0.xdc] for cell 'PYNQ_Design_i/TX/DUT_data_in_0/U0/x16_bit_mod_struct/master_fifo/fifo/comp0.core_instance0/U0'
Parsing XDC File [c:/Users/clb20123/Documents/FO-RFSoC-4YP/2x2_files/PLEASE/PLEASE.gen/sources_1/bd/PYNQ_Design/ip/PYNQ_Design_DUT_data_in_0_0/constrs/x16_bit_mod.xdc] for cell 'PYNQ_Design_i/TX/DUT_data_in_0/U0'
Finished Parsing XDC File [c:/Users/clb20123/Documents/FO-RFSoC-4YP/2x2_files/PLEASE/PLEASE.gen/sources_1/bd/PYNQ_Design/ip/PYNQ_Design_DUT_data_in_0_0/constrs/x16_bit_mod.xdc] for cell 'PYNQ_Design_i/TX/DUT_data_in_0/U0'
Parsing XDC File [c:/Users/clb20123/Documents/FO-RFSoC-4YP/2x2_files/PLEASE/PLEASE.gen/sources_1/bd/PYNQ_Design/ip/PYNQ_Design_axi_dma_1/PYNQ_Design_axi_dma_1.xdc] for cell 'PYNQ_Design_i/TX/axi_dma_tx/U0'
Finished Parsing XDC File [c:/Users/clb20123/Documents/FO-RFSoC-4YP/2x2_files/PLEASE/PLEASE.gen/sources_1/bd/PYNQ_Design/ip/PYNQ_Design_axi_dma_1/PYNQ_Design_axi_dma_1.xdc] for cell 'PYNQ_Design_i/TX/axi_dma_tx/U0'
INFO: [Project 1-236] Implementation specific constraints were found while reading constraint file [c:/Users/clb20123/Documents/FO-RFSoC-4YP/2x2_files/PLEASE/PLEASE.gen/sources_1/bd/PYNQ_Design/ip/PYNQ_Design_axi_dma_1/PYNQ_Design_axi_dma_1.xdc]. These constraints will be ignored for synthesis but will be used in implementation. Impacted constraints are listed in the file [.Xil/PYNQ_Design_wrapper_propImpl.xdc].
Resolution: To avoid this warning, move constraints listed in [.Xil/PYNQ_Design_wrapper_propImpl.xdc] to another XDC file and exclude this new file from synthesis with the used_in_synthesis property (File Properties dialog in GUI) and re-run elaboration/synthesis.
Parsing XDC File [c:/Users/clb20123/Documents/FO-RFSoC-4YP/2x2_files/PLEASE/PLEASE.gen/sources_1/bd/PYNQ_Design/ip/PYNQ_Design_proc_sys_reset_1_0/PYNQ_Design_proc_sys_reset_1_0_board.xdc] for cell 'PYNQ_Design_i/TX/proc_sys_reset_1/U0'
Finished Parsing XDC File [c:/Users/clb20123/Documents/FO-RFSoC-4YP/2x2_files/PLEASE/PLEASE.gen/sources_1/bd/PYNQ_Design/ip/PYNQ_Design_proc_sys_reset_1_0/PYNQ_Design_proc_sys_reset_1_0_board.xdc] for cell 'PYNQ_Design_i/TX/proc_sys_reset_1/U0'
Parsing XDC File [c:/Users/clb20123/Documents/FO-RFSoC-4YP/2x2_files/PLEASE/PLEASE.gen/sources_1/bd/PYNQ_Design/ip/PYNQ_Design_proc_sys_reset_1_0/PYNQ_Design_proc_sys_reset_1_0.xdc] for cell 'PYNQ_Design_i/TX/proc_sys_reset_1/U0'
Finished Parsing XDC File [c:/Users/clb20123/Documents/FO-RFSoC-4YP/2x2_files/PLEASE/PLEASE.gen/sources_1/bd/PYNQ_Design/ip/PYNQ_Design_proc_sys_reset_1_0/PYNQ_Design_proc_sys_reset_1_0.xdc] for cell 'PYNQ_Design_i/TX/proc_sys_reset_1/U0'
INFO: [Project 1-236] Implementation specific constraints were found while reading constraint file [c:/Users/clb20123/Documents/FO-RFSoC-4YP/2x2_files/PLEASE/PLEASE.gen/sources_1/bd/PYNQ_Design/ip/PYNQ_Design_proc_sys_reset_1_0/PYNQ_Design_proc_sys_reset_1_0.xdc]. These constraints will be ignored for synthesis but will be used in implementation. Impacted constraints are listed in the file [.Xil/PYNQ_Design_wrapper_propImpl.xdc].
Resolution: To avoid this warning, move constraints listed in [.Xil/PYNQ_Design_wrapper_propImpl.xdc] to another XDC file and exclude this new file from synthesis with the used_in_synthesis property (File Properties dialog in GUI) and re-run elaboration/synthesis.
Parsing XDC File [c:/Users/clb20123/Documents/FO-RFSoC-4YP/2x2_files/PLEASE/PLEASE.gen/sources_1/bd/PYNQ_Design/ip/PYNQ_Design_axi_smc_1_0/bd_0/ip/ip_1/bd_81af_psr_aclk_0_board.xdc] for cell 'PYNQ_Design_i/TX/axi_smc_1/inst/clk_map/psr_aclk/U0'
Finished Parsing XDC File [c:/Users/clb20123/Documents/FO-RFSoC-4YP/2x2_files/PLEASE/PLEASE.gen/sources_1/bd/PYNQ_Design/ip/PYNQ_Design_axi_smc_1_0/bd_0/ip/ip_1/bd_81af_psr_aclk_0_board.xdc] for cell 'PYNQ_Design_i/TX/axi_smc_1/inst/clk_map/psr_aclk/U0'
Parsing XDC File [c:/Users/clb20123/Documents/FO-RFSoC-4YP/2x2_files/PLEASE/PLEASE.gen/sources_1/bd/PYNQ_Design/ip/PYNQ_Design_axi_smc_1_0/bd_0/ip/ip_1/bd_81af_psr_aclk_0.xdc] for cell 'PYNQ_Design_i/TX/axi_smc_1/inst/clk_map/psr_aclk/U0'
Finished Parsing XDC File [c:/Users/clb20123/Documents/FO-RFSoC-4YP/2x2_files/PLEASE/PLEASE.gen/sources_1/bd/PYNQ_Design/ip/PYNQ_Design_axi_smc_1_0/bd_0/ip/ip_1/bd_81af_psr_aclk_0.xdc] for cell 'PYNQ_Design_i/TX/axi_smc_1/inst/clk_map/psr_aclk/U0'
INFO: [Project 1-236] Implementation specific constraints were found while reading constraint file [c:/Users/clb20123/Documents/FO-RFSoC-4YP/2x2_files/PLEASE/PLEASE.gen/sources_1/bd/PYNQ_Design/ip/PYNQ_Design_axi_smc_1_0/bd_0/ip/ip_1/bd_81af_psr_aclk_0.xdc]. These constraints will be ignored for synthesis but will be used in implementation. Impacted constraints are listed in the file [.Xil/PYNQ_Design_wrapper_propImpl.xdc].
Resolution: To avoid this warning, move constraints listed in [.Xil/PYNQ_Design_wrapper_propImpl.xdc] to another XDC file and exclude this new file from synthesis with the used_in_synthesis property (File Properties dialog in GUI) and re-run elaboration/synthesis.
Parsing XDC File [c:/Users/clb20123/Documents/FO-RFSoC-4YP/2x2_files/PLEASE/PLEASE.gen/sources_1/bd/PYNQ_Design/ip/PYNQ_Design_axi_smc_1_0/bd_0/ip/ip_6/bd_81af_sarn_0_clocks.xdc] for cell 'PYNQ_Design_i/TX/axi_smc_1/inst/s00_nodes/s00_ar_node/inst'
Finished Parsing XDC File [c:/Users/clb20123/Documents/FO-RFSoC-4YP/2x2_files/PLEASE/PLEASE.gen/sources_1/bd/PYNQ_Design/ip/PYNQ_Design_axi_smc_1_0/bd_0/ip/ip_6/bd_81af_sarn_0_clocks.xdc] for cell 'PYNQ_Design_i/TX/axi_smc_1/inst/s00_nodes/s00_ar_node/inst'
INFO: [Project 1-236] Implementation specific constraints were found while reading constraint file [c:/Users/clb20123/Documents/FO-RFSoC-4YP/2x2_files/PLEASE/PLEASE.gen/sources_1/bd/PYNQ_Design/ip/PYNQ_Design_axi_smc_1_0/bd_0/ip/ip_6/bd_81af_sarn_0_clocks.xdc]. These constraints will be ignored for synthesis but will be used in implementation. Impacted constraints are listed in the file [.Xil/PYNQ_Design_wrapper_propImpl.xdc].
Resolution: To avoid this warning, move constraints listed in [.Xil/PYNQ_Design_wrapper_propImpl.xdc] to another XDC file and exclude this new file from synthesis with the used_in_synthesis property (File Properties dialog in GUI) and re-run elaboration/synthesis.
Parsing XDC File [c:/Users/clb20123/Documents/FO-RFSoC-4YP/2x2_files/PLEASE/PLEASE.gen/sources_1/bd/PYNQ_Design/ip/PYNQ_Design_axi_smc_1_0/bd_0/ip/ip_7/bd_81af_srn_0_clocks.xdc] for cell 'PYNQ_Design_i/TX/axi_smc_1/inst/s00_nodes/s00_r_node/inst'
Finished Parsing XDC File [c:/Users/clb20123/Documents/FO-RFSoC-4YP/2x2_files/PLEASE/PLEASE.gen/sources_1/bd/PYNQ_Design/ip/PYNQ_Design_axi_smc_1_0/bd_0/ip/ip_7/bd_81af_srn_0_clocks.xdc] for cell 'PYNQ_Design_i/TX/axi_smc_1/inst/s00_nodes/s00_r_node/inst'
INFO: [Project 1-236] Implementation specific constraints were found while reading constraint file [c:/Users/clb20123/Documents/FO-RFSoC-4YP/2x2_files/PLEASE/PLEASE.gen/sources_1/bd/PYNQ_Design/ip/PYNQ_Design_axi_smc_1_0/bd_0/ip/ip_7/bd_81af_srn_0_clocks.xdc]. These constraints will be ignored for synthesis but will be used in implementation. Impacted constraints are listed in the file [.Xil/PYNQ_Design_wrapper_propImpl.xdc].
Resolution: To avoid this warning, move constraints listed in [.Xil/PYNQ_Design_wrapper_propImpl.xdc] to another XDC file and exclude this new file from synthesis with the used_in_synthesis property (File Properties dialog in GUI) and re-run elaboration/synthesis.
Parsing XDC File [c:/Users/clb20123/Documents/FO-RFSoC-4YP/2x2_files/PLEASE/PLEASE.gen/sources_1/bd/PYNQ_Design/ip/PYNQ_Design_axi_smc_1_0/smartconnect.xdc] for cell 'PYNQ_Design_i/TX/axi_smc_1/inst'
Finished Parsing XDC File [c:/Users/clb20123/Documents/FO-RFSoC-4YP/2x2_files/PLEASE/PLEASE.gen/sources_1/bd/PYNQ_Design/ip/PYNQ_Design_axi_smc_1_0/smartconnect.xdc] for cell 'PYNQ_Design_i/TX/axi_smc_1/inst'
INFO: [Project 1-236] Implementation specific constraints were found while reading constraint file [c:/Users/clb20123/Documents/FO-RFSoC-4YP/2x2_files/PLEASE/PLEASE.gen/sources_1/bd/PYNQ_Design/ip/PYNQ_Design_axi_smc_1_0/smartconnect.xdc]. These constraints will be ignored for synthesis but will be used in implementation. Impacted constraints are listed in the file [.Xil/PYNQ_Design_wrapper_propImpl.xdc].
Resolution: To avoid this warning, move constraints listed in [.Xil/PYNQ_Design_wrapper_propImpl.xdc] to another XDC file and exclude this new file from synthesis with the used_in_synthesis property (File Properties dialog in GUI) and re-run elaboration/synthesis.
Parsing XDC File [c:/Users/clb20123/Documents/FO-RFSoC-4YP/2x2_files/PLEASE/PLEASE.gen/sources_1/bd/PYNQ_Design/ip/PYNQ_Design_system_ila_0_0/bd_0/ip/ip_0/ila_v6_2/constraints/ila.xdc] for cell 'PYNQ_Design_i/TX/system_ila_0/U0/ila_lib/U0'
Finished Parsing XDC File [c:/Users/clb20123/Documents/FO-RFSoC-4YP/2x2_files/PLEASE/PLEASE.gen/sources_1/bd/PYNQ_Design/ip/PYNQ_Design_system_ila_0_0/bd_0/ip/ip_0/ila_v6_2/constraints/ila.xdc] for cell 'PYNQ_Design_i/TX/system_ila_0/U0/ila_lib/U0'
INFO: [Project 1-236] Implementation specific constraints were found while reading constraint file [c:/Users/clb20123/Documents/FO-RFSoC-4YP/2x2_files/PLEASE/PLEASE.gen/sources_1/bd/PYNQ_Design/ip/PYNQ_Design_system_ila_0_0/bd_0/ip/ip_0/ila_v6_2/constraints/ila.xdc]. These constraints will be ignored for synthesis but will be used in implementation. Impacted constraints are listed in the file [.Xil/PYNQ_Design_wrapper_propImpl.xdc].
Resolution: To avoid this warning, move constraints listed in [.Xil/PYNQ_Design_wrapper_propImpl.xdc] to another XDC file and exclude this new file from synthesis with the used_in_synthesis property (File Properties dialog in GUI) and re-run elaboration/synthesis.
Parsing XDC File [C:/Users/clb20123/Documents/FO-RFSoC-4YP/2x2_files/PLEASE/PLEASE.srcs/constrs_1/new/constraints.xdc]
WARNING: [Vivado 12-584] No ports matched 'reset'. [C:/Users/clb20123/Documents/FO-RFSoC-4YP/2x2_files/PLEASE/PLEASE.srcs/constrs_1/new/constraints.xdc:6]
WARNING: [Vivado 12-584] No ports matched 'reset'. [C:/Users/clb20123/Documents/FO-RFSoC-4YP/2x2_files/PLEASE/PLEASE.srcs/constrs_1/new/constraints.xdc:7]
Finished Parsing XDC File [C:/Users/clb20123/Documents/FO-RFSoC-4YP/2x2_files/PLEASE/PLEASE.srcs/constrs_1/new/constraints.xdc]
WARNING: [Project 1-498] One or more constraints failed evaluation while reading constraint file [C:/Users/clb20123/Documents/FO-RFSoC-4YP/2x2_files/PLEASE/PLEASE.srcs/constrs_1/new/constraints.xdc] and the design contains unresolved black boxes. These constraints will be read post-synthesis (as long as their source constraint file is marked as used_in_implementation) and should be applied correctly then. You should review the constraints listed in the file [.Xil/PYNQ_Design_wrapper_propImpl.xdc] and check the run log file to verify that these constraints were correctly applied.
INFO: [Project 1-236] Implementation specific constraints were found while reading constraint file [C:/Users/clb20123/Documents/FO-RFSoC-4YP/2x2_files/PLEASE/PLEASE.srcs/constrs_1/new/constraints.xdc]. These constraints will be ignored for synthesis but will be used in implementation. Impacted constraints are listed in the file [.Xil/PYNQ_Design_wrapper_propImpl.xdc].
Resolution: To avoid this warning, move constraints listed in [.Xil/PYNQ_Design_wrapper_propImpl.xdc] to another XDC file and exclude this new file from synthesis with the used_in_synthesis property (File Properties dialog in GUI) and re-run elaboration/synthesis.
Parsing XDC File [C:/Users/clb20123/Documents/FO-RFSoC-4YP/2x2_files/PLEASE/PLEASE.runs/synth_1/dont_touch.xdc]
Finished Parsing XDC File [C:/Users/clb20123/Documents/FO-RFSoC-4YP/2x2_files/PLEASE/PLEASE.runs/synth_1/dont_touch.xdc]
INFO: [Project 1-236] Implementation specific constraints were found while reading constraint file [C:/Users/clb20123/Documents/FO-RFSoC-4YP/2x2_files/PLEASE/PLEASE.runs/synth_1/dont_touch.xdc]. These constraints will be ignored for synthesis but will be used in implementation. Impacted constraints are listed in the file [.Xil/PYNQ_Design_wrapper_propImpl.xdc].
Resolution: To avoid this warning, move constraints listed in [.Xil/PYNQ_Design_wrapper_propImpl.xdc] to another XDC file and exclude this new file from synthesis with the used_in_synthesis property (File Properties dialog in GUI) and re-run elaboration/synthesis.
Parsing XDC File [c:/Users/clb20123/Documents/FO-RFSoC-4YP/2x2_files/PLEASE/PLEASE.gen/sources_1/bd/PYNQ_Design/ip/PYNQ_Design_usp_rf_data_converter_0_0/synth/PYNQ_Design_usp_rf_data_converter_0_0.xdc] for cell 'PYNQ_Design_i/usp_rf_data_converter_0/inst'
WARNING: [Designutils 20-1567] Use of 'set_multicycle_path' with '-hold' is not supported by synthesis. The constraint will not be passed to synthesis. [c:/Users/clb20123/Documents/FO-RFSoC-4YP/2x2_files/PLEASE/PLEASE.gen/sources_1/bd/PYNQ_Design/ip/PYNQ_Design_usp_rf_data_converter_0_0/synth/PYNQ_Design_usp_rf_data_converter_0_0.xdc:257]
WARNING: [Designutils 20-1567] Use of 'set_multicycle_path' with '-hold' is not supported by synthesis. The constraint will not be passed to synthesis. [c:/Users/clb20123/Documents/FO-RFSoC-4YP/2x2_files/PLEASE/PLEASE.gen/sources_1/bd/PYNQ_Design/ip/PYNQ_Design_usp_rf_data_converter_0_0/synth/PYNQ_Design_usp_rf_data_converter_0_0.xdc:259]
Finished Parsing XDC File [c:/Users/clb20123/Documents/FO-RFSoC-4YP/2x2_files/PLEASE/PLEASE.gen/sources_1/bd/PYNQ_Design/ip/PYNQ_Design_usp_rf_data_converter_0_0/synth/PYNQ_Design_usp_rf_data_converter_0_0.xdc] for cell 'PYNQ_Design_i/usp_rf_data_converter_0/inst'
INFO: [Project 1-236] Implementation specific constraints were found while reading constraint file [c:/Users/clb20123/Documents/FO-RFSoC-4YP/2x2_files/PLEASE/PLEASE.gen/sources_1/bd/PYNQ_Design/ip/PYNQ_Design_usp_rf_data_converter_0_0/synth/PYNQ_Design_usp_rf_data_converter_0_0.xdc]. These constraints will be ignored for synthesis but will be used in implementation. Impacted constraints are listed in the file [.Xil/PYNQ_Design_wrapper_propImpl.xdc].
Resolution: To avoid this warning, move constraints listed in [.Xil/PYNQ_Design_wrapper_propImpl.xdc] to another XDC file and exclude this new file from synthesis with the used_in_synthesis property (File Properties dialog in GUI) and re-run elaboration/synthesis.
Parsing XDC File [c:/Users/clb20123/Documents/FO-RFSoC-4YP/2x2_files/PLEASE/PLEASE.gen/sources_1/bd/PYNQ_Design/ip/PYNQ_Design_axi_dma_0_0/PYNQ_Design_axi_dma_0_0_clocks.xdc] for cell 'PYNQ_Design_i/RX/axi_dma_rx/U0'
Finished Parsing XDC File [c:/Users/clb20123/Documents/FO-RFSoC-4YP/2x2_files/PLEASE/PLEASE.gen/sources_1/bd/PYNQ_Design/ip/PYNQ_Design_axi_dma_0_0/PYNQ_Design_axi_dma_0_0_clocks.xdc] for cell 'PYNQ_Design_i/RX/axi_dma_rx/U0'
Parsing XDC File [c:/Users/clb20123/Documents/FO-RFSoC-4YP/2x2_files/PLEASE/PLEASE.gen/sources_1/bd/PYNQ_Design/ip/PYNQ_Design_axi_dma_1/PYNQ_Design_axi_dma_1_clocks.xdc] for cell 'PYNQ_Design_i/TX/axi_dma_tx/U0'
Finished Parsing XDC File [c:/Users/clb20123/Documents/FO-RFSoC-4YP/2x2_files/PLEASE/PLEASE.gen/sources_1/bd/PYNQ_Design/ip/PYNQ_Design_axi_dma_1/PYNQ_Design_axi_dma_1_clocks.xdc] for cell 'PYNQ_Design_i/TX/axi_dma_tx/U0'
INFO: [Project 1-236] Implementation specific constraints were found while reading constraint file [D:/Xilinx/Vivado/2024.1/data/ip/xpm/xpm_cdc/tcl/xpm_cdc_handshake.tcl]. These constraints will be ignored for synthesis but will be used in implementation. Impacted constraints are listed in the file [.Xil/PYNQ_Design_wrapper_propImpl.xdc].
Resolution: To avoid this warning, move constraints listed in [.Xil/PYNQ_Design_wrapper_propImpl.xdc] to another XDC file and exclude this new file from synthesis with the used_in_synthesis property (File Properties dialog in GUI) and re-run elaboration/synthesis.
INFO: [Project 1-236] Implementation specific constraints were found while reading constraint file [D:/Xilinx/Vivado/2024.1/data/ip/xpm/xpm_cdc/tcl/xpm_cdc_single.tcl]. These constraints will be ignored for synthesis but will be used in implementation. Impacted constraints are listed in the file [.Xil/PYNQ_Design_wrapper_propImpl.xdc].
Resolution: To avoid this warning, move constraints listed in [.Xil/PYNQ_Design_wrapper_propImpl.xdc] to another XDC file and exclude this new file from synthesis with the used_in_synthesis property (File Properties dialog in GUI) and re-run elaboration/synthesis.
INFO: [Project 1-236] Implementation specific constraints were found while reading constraint file [D:/Xilinx/Vivado/2024.1/data/ip/xpm/xpm_fifo/tcl/xpm_fifo_rst.tcl]. These constraints will be ignored for synthesis but will be used in implementation. Impacted constraints are listed in the file [.Xil/PYNQ_Design_wrapper_propImpl.xdc].
Resolution: To avoid this warning, move constraints listed in [.Xil/PYNQ_Design_wrapper_propImpl.xdc] to another XDC file and exclude this new file from synthesis with the used_in_synthesis property (File Properties dialog in GUI) and re-run elaboration/synthesis.
INFO: [Project 1-236] Implementation specific constraints were found while reading constraint file [D:/Xilinx/Vivado/2024.1/data/ip/xpm/xpm_memory/tcl/xpm_memory_xdc.tcl]. These constraints will be ignored for synthesis but will be used in implementation. Impacted constraints are listed in the file [.Xil/PYNQ_Design_wrapper_propImpl.xdc].
Resolution: To avoid this warning, move constraints listed in [.Xil/PYNQ_Design_wrapper_propImpl.xdc] to another XDC file and exclude this new file from synthesis with the used_in_synthesis property (File Properties dialog in GUI) and re-run elaboration/synthesis.
INFO: [Project 1-1714] 163 XPM XDC files have been applied to the design.
Completed Processing XDC Constraints

Netlist sorting complete. Time (s): cpu = 00:00:00 ; elapsed = 00:00:00.060 . Memory (MB): peak = 3928.375 ; gain = 0.000
INFO: [Project 1-111] Unisim Transformation Summary:
  A total of 451 instances were transformed.
  BUFG => BUFGCE: 2 instances
  CFGLUT5 => CFGLUT5 (SRL16E, SRLC32E): 152 instances
  CFGLUT5 => SRLC32E: 25 instances
  DSP48E2 => DSP48E2 (DSP_ALU, DSP_A_B_DATA, DSP_C_DATA, DSP_MULTIPLIER, DSP_M_DATA, DSP_OUTPUT, DSP_PREADD, DSP_PREADD_DATA): 103 instances
  FDE => FDRE: 80 instances
  FDR => FDRE: 84 instances
  SRL16 => SRL16E: 5 instances

Constraint Validation Runtime : Time (s): cpu = 00:00:02 ; elapsed = 00:00:02 . Memory (MB): peak = 3929.684 ; gain = 1.309
---------------------------------------------------------------------------------
Finished Constraint Validation : Time (s): cpu = 00:04:51 ; elapsed = 00:05:02 . Memory (MB): peak = 3931.934 ; gain = 2072.430
---------------------------------------------------------------------------------
---------------------------------------------------------------------------------
Start Loading Part and Timing Information
---------------------------------------------------------------------------------
Loading part: xczu28dr-ffvg1517-2-e
INFO: [Synth 8-6742] Reading net delay rules and data
---------------------------------------------------------------------------------
Finished Loading Part and Timing Information : Time (s): cpu = 00:04:51 ; elapsed = 00:05:02 . Memory (MB): peak = 3931.934 ; gain = 2072.430
---------------------------------------------------------------------------------
---------------------------------------------------------------------------------
Start Applying 'set_property' XDC Constraints
---------------------------------------------------------------------------------
Applied set_property DONT_TOUCH = true for PYNQ_Design_i/zynq_ultra_ps_e_0/U0/PS8_i. (constraint file  c:/Users/clb20123/Documents/FO-RFSoC-4YP/2x2_files/PLEASE/PLEASE.gen/sources_1/bd/PYNQ_Design/ip/PYNQ_Design_zynq_ultra_ps_e_0_0/PYNQ_Design_zynq_ultra_ps_e_0_0.xdc, line 25).
Applied set_property KEEP_HIERARCHY = SOFT for PYNQ_Design_i/zynq_ultra_ps_e_0/U0. (constraint file  C:/Users/clb20123/Documents/FO-RFSoC-4YP/2x2_files/PLEASE/PLEASE.runs/synth_1/dont_touch.xdc, line 189).
Applied set_property KEEP_HIERARCHY = SOFT for PYNQ_Design_i/usp_rf_data_converter_0/inst. (constraint file  C:/Users/clb20123/Documents/FO-RFSoC-4YP/2x2_files/PLEASE/PLEASE.runs/synth_1/dont_touch.xdc, line 192).
Applied set_property KEEP_HIERARCHY = SOFT for PYNQ_Design_i/rst_ps8_0_96M/U0. (constraint file  C:/Users/clb20123/Documents/FO-RFSoC-4YP/2x2_files/PLEASE/PLEASE.runs/synth_1/dont_touch.xdc, line 200).
Applied set_property KEEP_HIERARCHY = SOFT for PYNQ_Design_i/RX/axi_smc/inst. (constraint file  C:/Users/clb20123/Documents/FO-RFSoC-4YP/2x2_files/PLEASE/PLEASE.runs/synth_1/dont_touch.xdc, line 233).
Applied set_property KEEP_HIERARCHY = SOFT for PYNQ_Design_i/RX/DUT_rec_0/U0/x16_bit_demod_struct/algorithm/fir_compiler_7_2/x16_bit_demod_fir_compiler_v7_2_i0_instance/U0. (constraint file  C:/Users/clb20123/Documents/FO-RFSoC-4YP/2x2_files/PLEASE/PLEASE.runs/synth_1/dont_touch.xdc, line 236).
Applied set_property KEEP_HIERARCHY = SOFT for PYNQ_Design_i/RX/DUT_rec_0/U0/x16_bit_demod_struct/slave_fifo/fifo/\comp1.core_instance1 /U0. (constraint file  C:/Users/clb20123/Documents/FO-RFSoC-4YP/2x2_files/PLEASE/PLEASE.runs/synth_1/dont_touch.xdc, line 239).
Applied set_property KEEP_HIERARCHY = SOFT for PYNQ_Design_i/RX/DUT_rec_0/U0/x16_bit_demod_struct/master_fifo/fifo/\comp0.core_instance0 /U0. (constraint file  C:/Users/clb20123/Documents/FO-RFSoC-4YP/2x2_files/PLEASE/PLEASE.runs/synth_1/dont_touch.xdc, line 242).
Applied set_property KEEP_HIERARCHY = SOFT for PYNQ_Design_i/RX/DUT_rec_0/U0. (constraint file  C:/Users/clb20123/Documents/FO-RFSoC-4YP/2x2_files/PLEASE/PLEASE.runs/synth_1/dont_touch.xdc, line 245).
Applied set_property KEEP_HIERARCHY = SOFT for PYNQ_Design_i/RX/proc_sys_reset_0/U0. (constraint file  C:/Users/clb20123/Documents/FO-RFSoC-4YP/2x2_files/PLEASE/PLEASE.runs/synth_1/dont_touch.xdc, line 248).
Applied set_property KEEP_HIERARCHY = SOFT for PYNQ_Design_i/RX/system_ila_1/U0/ila_lib/U0. (constraint file  C:/Users/clb20123/Documents/FO-RFSoC-4YP/2x2_files/PLEASE/PLEASE.runs/synth_1/dont_touch.xdc, line 254).
Applied set_property KEEP_HIERARCHY = SOFT for PYNQ_Design_i/RX/axi_dma_rx/U0. (constraint file  C:/Users/clb20123/Documents/FO-RFSoC-4YP/2x2_files/PLEASE/PLEASE.runs/synth_1/dont_touch.xdc, line 266).
Applied set_property KEEP_HIERARCHY = SOFT for PYNQ_Design_i/RX/clk_wiz_0/inst. (constraint file  C:/Users/clb20123/Documents/FO-RFSoC-4YP/2x2_files/PLEASE/PLEASE.runs/synth_1/dont_touch.xdc, line 272).
Applied set_property KEEP_HIERARCHY = SOFT for PYNQ_Design_i/TX/DUT_data_in_0/U0/x16_bit_mod_struct/slave_fifo/fifo/\comp1.core_instance1 /U0. (constraint file  C:/Users/clb20123/Documents/FO-RFSoC-4YP/2x2_files/PLEASE/PLEASE.runs/synth_1/dont_touch.xdc, line 280).
Applied set_property KEEP_HIERARCHY = SOFT for PYNQ_Design_i/TX/DUT_data_in_0/U0/x16_bit_mod_struct/master_fifo/fifo/\comp0.core_instance0 /U0. (constraint file  C:/Users/clb20123/Documents/FO-RFSoC-4YP/2x2_files/PLEASE/PLEASE.runs/synth_1/dont_touch.xdc, line 283).
Applied set_property KEEP_HIERARCHY = SOFT for PYNQ_Design_i/TX/DUT_data_in_0/U0. (constraint file  C:/Users/clb20123/Documents/FO-RFSoC-4YP/2x2_files/PLEASE/PLEASE.runs/synth_1/dont_touch.xdc, line 286).
Applied set_property KEEP_HIERARCHY = SOFT for PYNQ_Design_i/TX/axi_dma_tx/U0. (constraint file  C:/Users/clb20123/Documents/FO-RFSoC-4YP/2x2_files/PLEASE/PLEASE.runs/synth_1/dont_touch.xdc, line 289).
Applied set_property KEEP_HIERARCHY = SOFT for PYNQ_Design_i/TX/proc_sys_reset_1/U0. (constraint file  C:/Users/clb20123/Documents/FO-RFSoC-4YP/2x2_files/PLEASE/PLEASE.runs/synth_1/dont_touch.xdc, line 295).
Applied set_property KEEP_HIERARCHY = SOFT for PYNQ_Design_i/TX/axi_smc_1/inst. (constraint file  C:/Users/clb20123/Documents/FO-RFSoC-4YP/2x2_files/PLEASE/PLEASE.runs/synth_1/dont_touch.xdc, line 323).
Applied set_property KEEP_HIERARCHY = SOFT for PYNQ_Design_i/TX/system_ila_0/U0/ila_lib/U0. (constraint file  C:/Users/clb20123/Documents/FO-RFSoC-4YP/2x2_files/PLEASE/PLEASE.runs/synth_1/dont_touch.xdc, line 326).
Applied set_property KEEP_HIERARCHY = SOFT for PYNQ_Design_i/ps8_0_axi_periph/s00_couplers/auto_ds/inst. (constraint file  C:/Users/clb20123/Documents/FO-RFSoC-4YP/2x2_files/PLEASE/PLEASE.runs/synth_1/dont_touch.xdc, line 338).
Applied set_property KEEP_HIERARCHY = SOFT for PYNQ_Design_i/ps8_0_axi_periph/m00_couplers/auto_cc/inst. (constraint file  C:/Users/clb20123/Documents/FO-RFSoC-4YP/2x2_files/PLEASE/PLEASE.runs/synth_1/dont_touch.xdc, line 345).
Applied set_property KEEP_HIERARCHY = SOFT for PYNQ_Design_i/ps8_0_axi_periph/m01_couplers/auto_cc/inst. (constraint file  C:/Users/clb20123/Documents/FO-RFSoC-4YP/2x2_files/PLEASE/PLEASE.runs/synth_1/dont_touch.xdc, line 350).
Applied set_property KEEP_HIERARCHY = SOFT for PYNQ_Design_i. (constraint file  auto generated constraint).
Applied set_property KEEP_HIERARCHY = SOFT for PYNQ_Design_i/zynq_ultra_ps_e_0. (constraint file  auto generated constraint).
Applied set_property KEEP_HIERARCHY = SOFT for PYNQ_Design_i/usp_rf_data_converter_0. (constraint file  auto generated constraint).
Applied set_property KEEP_HIERARCHY = SOFT for PYNQ_Design_i/rst_ps8_0_96M. (constraint file  auto generated constraint).
Applied set_property KEEP_HIERARCHY = SOFT for PYNQ_Design_i/ps8_0_axi_periph/xbar. (constraint file  auto generated constraint).
Applied set_property KEEP_HIERARCHY = SOFT for PYNQ_Design_i/ps8_0_axi_periph/s00_couplers/auto_ds. (constraint file  auto generated constraint).
Applied set_property KEEP_HIERARCHY = SOFT for PYNQ_Design_i/ps8_0_axi_periph/s00_couplers/auto_pc. (constraint file  auto generated constraint).
Applied set_property KEEP_HIERARCHY = SOFT for PYNQ_Design_i/ps8_0_axi_periph/m00_couplers/auto_cc. (constraint file  auto generated constraint).
Applied set_property KEEP_HIERARCHY = SOFT for PYNQ_Design_i/ps8_0_axi_periph/m01_couplers/auto_cc. (constraint file  auto generated constraint).
Applied set_property KEEP_HIERARCHY = SOFT for PYNQ_Design_i/ps8_0_axi_periph. (constraint file  auto generated constraint).
Applied set_property KEEP_HIERARCHY = SOFT for PYNQ_Design_i/RX/axi_smc. (constraint file  auto generated constraint).
Applied set_property KEEP_HIERARCHY = SOFT for PYNQ_Design_i/RX/DUT_rec_0. (constraint file  auto generated constraint).
Applied set_property KEEP_HIERARCHY = SOFT for PYNQ_Design_i/RX/DUT_rec_0/U0/x16_bit_demod_struct/algorithm/mult/\comp0.core_instance0 . (constraint file  auto generated constraint).
Applied set_property KEEP_HIERARCHY = SOFT for PYNQ_Design_i/RX/DUT_rec_0/U0/x16_bit_demod_struct/algorithm/fir_compiler_7_2/x16_bit_demod_fir_compiler_v7_2_i0_instance. (constraint file  auto generated constraint).
Applied set_property KEEP_HIERARCHY = SOFT for PYNQ_Design_i/RX/DUT_rec_0/U0/x16_bit_demod_struct/slave_fifo/fifo/\comp1.core_instance1 . (constraint file  auto generated constraint).
Applied set_property KEEP_HIERARCHY = SOFT for PYNQ_Design_i/RX/DUT_rec_0/U0/x16_bit_demod_struct/master_fifo/fifo/\comp0.core_instance0 . (constraint file  auto generated constraint).
Applied set_property KEEP_HIERARCHY = SOFT for PYNQ_Design_i/RX/proc_sys_reset_0. (constraint file  auto generated constraint).
Applied set_property KEEP_HIERARCHY = SOFT for PYNQ_Design_i/RX/system_ila_1. (constraint file  auto generated constraint).
Applied set_property KEEP_HIERARCHY = SOFT for PYNQ_Design_i/RX/system_ila_1/U0. (constraint file  auto generated constraint).
Applied set_property KEEP_HIERARCHY = SOFT for PYNQ_Design_i/RX/system_ila_1/U0/ila_lib. (constraint file  auto generated constraint).
Applied set_property KEEP_HIERARCHY = SOFT for PYNQ_Design_i/RX/system_ila_1/U0/g_inst. (constraint file  auto generated constraint).
Applied set_property KEEP_HIERARCHY = SOFT for PYNQ_Design_i/RX/axi_dma_rx. (constraint file  auto generated constraint).
Applied set_property KEEP_HIERARCHY = SOFT for PYNQ_Design_i/RX/clk_wiz_0. (constraint file  auto generated constraint).
Applied set_property KEEP_HIERARCHY = SOFT for PYNQ_Design_i/RX/xlconstant_1. (constraint file  auto generated constraint).
Applied set_property KEEP_HIERARCHY = SOFT for PYNQ_Design_i/TX/DUT_data_in_0. (constraint file  auto generated constraint).
Applied set_property KEEP_HIERARCHY = SOFT for PYNQ_Design_i/TX/DUT_data_in_0/U0/x16_bit_mod_struct/algorithm/mult/\comp0.core_instance0 . (constraint file  auto generated constraint).
Applied set_property KEEP_HIERARCHY = SOFT for PYNQ_Design_i/TX/DUT_data_in_0/U0/x16_bit_mod_struct/slave_fifo/fifo/\comp1.core_instance1 . (constraint file  auto generated constraint).
Applied set_property KEEP_HIERARCHY = SOFT for PYNQ_Design_i/TX/DUT_data_in_0/U0/x16_bit_mod_struct/master_fifo/fifo/\comp0.core_instance0 . (constraint file  auto generated constraint).
Applied set_property KEEP_HIERARCHY = SOFT for PYNQ_Design_i/TX/xlconstant_0. (constraint file  auto generated constraint).
Applied set_property KEEP_HIERARCHY = SOFT for PYNQ_Design_i/TX/axi_dma_tx. (constraint file  auto generated constraint).
Applied set_property KEEP_HIERARCHY = SOFT for PYNQ_Design_i/TX/proc_sys_reset_1. (constraint file  auto generated constraint).
Applied set_property KEEP_HIERARCHY = SOFT for PYNQ_Design_i/TX/axi_smc_1. (constraint file  auto generated constraint).
Applied set_property KEEP_HIERARCHY = SOFT for PYNQ_Design_i/TX/system_ila_0. (constraint file  auto generated constraint).
Applied set_property KEEP_HIERARCHY = SOFT for PYNQ_Design_i/TX/system_ila_0/U0. (constraint file  auto generated constraint).
Applied set_property KEEP_HIERARCHY = SOFT for PYNQ_Design_i/TX/system_ila_0/U0/ila_lib. (constraint file  auto generated constraint).
Applied set_property KEEP_HIERARCHY = SOFT for PYNQ_Design_i/TX/system_ila_0/U0/g_inst. (constraint file  auto generated constraint).
Applied set_property KEEP_HIERARCHY = SOFT for PYNQ_Design_i/xlconstant_0. (constraint file  auto generated constraint).
Applied set_property KEEP_HIERARCHY = SOFT for PYNQ_Design_i/RX/axi_smc/inst/s00_nodes/s00_aw_node/inst/m_sc_xpm_cdc_async_rst_inst. (constraint file  auto generated constraint).
Applied set_property KEEP_HIERARCHY = SOFT for PYNQ_Design_i/RX/axi_smc/inst/s00_nodes/s00_b_node/inst/m_sc_xpm_cdc_async_rst_inst. (constraint file  auto generated constraint).
Applied set_property KEEP_HIERARCHY = SOFT for PYNQ_Design_i/RX/axi_smc/inst/s00_nodes/s00_w_node/inst/m_sc_xpm_cdc_async_rst_inst. (constraint file  auto generated constraint).
Applied set_property KEEP_HIERARCHY = SOFT for PYNQ_Design_i/TX/axi_smc_1/inst/s00_nodes/s00_ar_node/inst/m_sc_xpm_cdc_async_rst_inst. (constraint file  auto generated constraint).
Applied set_property KEEP_HIERARCHY = SOFT for PYNQ_Design_i/TX/axi_smc_1/inst/s00_nodes/s00_r_node/inst/m_sc_xpm_cdc_async_rst_inst. (constraint file  auto generated constraint).
Applied set_property KEEP_HIERARCHY = SOFT for PYNQ_Design_i/RX/axi_smc/inst/s00_nodes/s00_aw_node/inst/s_sc_xpm_cdc_async_rst_inst. (constraint file  auto generated constraint).
Applied set_property KEEP_HIERARCHY = SOFT for PYNQ_Design_i/RX/axi_smc/inst/s00_nodes/s00_b_node/inst/s_sc_xpm_cdc_async_rst_inst. (constraint file  auto generated constraint).
Applied set_property KEEP_HIERARCHY = SOFT for PYNQ_Design_i/RX/axi_smc/inst/s00_nodes/s00_w_node/inst/s_sc_xpm_cdc_async_rst_inst. (constraint file  auto generated constraint).
Applied set_property KEEP_HIERARCHY = SOFT for PYNQ_Design_i/TX/axi_smc_1/inst/s00_nodes/s00_ar_node/inst/s_sc_xpm_cdc_async_rst_inst. (constraint file  auto generated constraint).
Applied set_property KEEP_HIERARCHY = SOFT for PYNQ_Design_i/TX/axi_smc_1/inst/s00_nodes/s00_r_node/inst/s_sc_xpm_cdc_async_rst_inst. (constraint file  auto generated constraint).
Applied set_property KEEP_HIERARCHY = SOFT for PYNQ_Design_i/RX/axi_smc/inst/m00_exit_pipeline/m00_exit/inst/xpm_cdc_async_rst_inst. (constraint file  auto generated constraint).
Applied set_property KEEP_HIERARCHY = SOFT for PYNQ_Design_i/RX/axi_smc/inst/s00_entry_pipeline/s00_mmu/inst/xpm_cdc_async_rst_inst. (constraint file  auto generated constraint).
Applied set_property KEEP_HIERARCHY = SOFT for PYNQ_Design_i/RX/axi_smc/inst/s00_entry_pipeline/s00_si_converter/inst/xpm_cdc_async_rst_inst. (constraint file  auto generated constraint).
Applied set_property KEEP_HIERARCHY = SOFT for PYNQ_Design_i/RX/axi_smc/inst/s00_entry_pipeline/s00_transaction_regulator/inst/xpm_cdc_async_rst_inst. (constraint file  auto generated constraint).
Applied set_property KEEP_HIERARCHY = SOFT for PYNQ_Design_i/TX/axi_smc_1/inst/m00_exit_pipeline/m00_exit/inst/xpm_cdc_async_rst_inst. (constraint file  auto generated constraint).
Applied set_property KEEP_HIERARCHY = SOFT for PYNQ_Design_i/TX/axi_smc_1/inst/s00_entry_pipeline/s00_mmu/inst/xpm_cdc_async_rst_inst. (constraint file  auto generated constraint).
Applied set_property KEEP_HIERARCHY = SOFT for PYNQ_Design_i/TX/axi_smc_1/inst/s00_entry_pipeline/s00_si_converter/inst/xpm_cdc_async_rst_inst. (constraint file  auto generated constraint).
Applied set_property KEEP_HIERARCHY = SOFT for PYNQ_Design_i/TX/axi_smc_1/inst/s00_entry_pipeline/s00_transaction_regulator/inst/xpm_cdc_async_rst_inst. (constraint file  auto generated constraint).
Applied set_property KEEP_HIERARCHY = SOFT for PYNQ_Design_i/ps8_0_axi_periph/s00_couplers/auto_ds/inst/\gen_downsizer.gen_simple_downsizer.axi_downsizer_inst /\USE_WRITE.write_addr_inst /\USE_B_CHANNEL.cmd_b_queue /inst/fifo_gen_inst/inst_fifo_gen/\gconvfifo.rf /\grf.rf /rstblk/\ngwrdrst.grst.g7serrst.gnsckt_wrst.rst_wr_reg2_inst . (constraint file  auto generated constraint).
Applied set_property KEEP_HIERARCHY = SOFT for PYNQ_Design_i/ps8_0_axi_periph/s00_couplers/auto_ds/inst/\gen_downsizer.gen_simple_downsizer.axi_downsizer_inst /\USE_WRITE.write_addr_inst /cmd_queue/inst/fifo_gen_inst/inst_fifo_gen/\gconvfifo.rf /\grf.rf /rstblk/\ngwrdrst.grst.g7serrst.gnsckt_wrst.rst_wr_reg2_inst . (constraint file  auto generated constraint).
Applied set_property KEEP_HIERARCHY = SOFT for PYNQ_Design_i/ps8_0_axi_periph/s00_couplers/auto_ds/inst/\gen_downsizer.gen_simple_downsizer.axi_downsizer_inst /\USE_READ.read_addr_inst /cmd_queue/inst/fifo_gen_inst/inst_fifo_gen/\gconvfifo.rf /\grf.rf /rstblk/\ngwrdrst.grst.g7serrst.gnsckt_wrst.rst_wr_reg2_inst . (constraint file  auto generated constraint).
Applied set_property KEEP_HIERARCHY = SOFT for PYNQ_Design_i/ps8_0_axi_periph/m00_couplers/auto_cc/inst/\gen_clock_conv.gen_async_lite_conv.clock_conv_lite_fwd_aw /handshake. (constraint file  auto generated constraint).
Applied set_property KEEP_HIERARCHY = SOFT for PYNQ_Design_i/ps8_0_axi_periph/m00_couplers/auto_cc/inst/\gen_clock_conv.gen_async_lite_conv.clock_conv_lite_fwd_ar /handshake. (constraint file  auto generated constraint).
Applied set_property KEEP_HIERARCHY = SOFT for PYNQ_Design_i/ps8_0_axi_periph/m01_couplers/auto_cc/inst/\gen_clock_conv.gen_async_lite_conv.clock_conv_lite_fwd_aw /handshake. (constraint file  auto generated constraint).
Applied set_property KEEP_HIERARCHY = SOFT for PYNQ_Design_i/ps8_0_axi_periph/m01_couplers/auto_cc/inst/\gen_clock_conv.gen_async_lite_conv.clock_conv_lite_fwd_ar /handshake. (constraint file  auto generated constraint).
Applied set_property KEEP_HIERARCHY = SOFT for PYNQ_Design_i/ps8_0_axi_periph/m00_couplers/auto_cc/inst/\gen_clock_conv.gen_async_lite_conv.clock_conv_lite_fwd_w /handshake. (constraint file  auto generated constraint).
Applied set_property KEEP_HIERARCHY = SOFT for PYNQ_Design_i/ps8_0_axi_periph/m01_couplers/auto_cc/inst/\gen_clock_conv.gen_async_lite_conv.clock_conv_lite_fwd_w /handshake. (constraint file  auto generated constraint).
Applied set_property KEEP_HIERARCHY = SOFT for PYNQ_Design_i/ps8_0_axi_periph/m00_couplers/auto_cc/inst/\gen_clock_conv.gen_async_lite_conv.clock_conv_lite_resp_b /handshake. (constraint file  auto generated constraint).
Applied set_property KEEP_HIERARCHY = SOFT for PYNQ_Design_i/ps8_0_axi_periph/m01_couplers/auto_cc/inst/\gen_clock_conv.gen_async_lite_conv.clock_conv_lite_resp_b /handshake. (constraint file  auto generated constraint).
Applied set_property KEEP_HIERARCHY = SOFT for PYNQ_Design_i/ps8_0_axi_periph/m00_couplers/auto_cc/inst/\gen_clock_conv.gen_async_lite_conv.clock_conv_lite_resp_r /handshake. (constraint file  auto generated constraint).
Applied set_property KEEP_HIERARCHY = SOFT for PYNQ_Design_i/ps8_0_axi_periph/m01_couplers/auto_cc/inst/\gen_clock_conv.gen_async_lite_conv.clock_conv_lite_resp_r /handshake. (constraint file  auto generated constraint).
Applied set_property KEEP_HIERARCHY = SOFT for PYNQ_Design_i/ps8_0_axi_periph/m00_couplers/auto_cc/inst/\gen_clock_conv.gen_async_lite_conv.clock_conv_lite_fwd_aw /handshake/xpm_cdc_single_dest2src_inst. (constraint file  auto generated constraint).
Applied set_property KEEP_HIERARCHY = SOFT for PYNQ_Design_i/ps8_0_axi_periph/m00_couplers/auto_cc/inst/\gen_clock_conv.gen_async_lite_conv.clock_conv_lite_fwd_ar /handshake/xpm_cdc_single_dest2src_inst. (constraint file  auto generated constraint).
Applied set_property KEEP_HIERARCHY = SOFT for PYNQ_Design_i/ps8_0_axi_periph/m00_couplers/auto_cc/inst/\gen_clock_conv.gen_async_lite_conv.clock_conv_lite_fwd_w /handshake/xpm_cdc_single_dest2src_inst. (constraint file  auto generated constraint).
Applied set_property KEEP_HIERARCHY = SOFT for PYNQ_Design_i/ps8_0_axi_periph/m00_couplers/auto_cc/inst/\gen_clock_conv.gen_async_lite_conv.clock_conv_lite_resp_b /handshake/xpm_cdc_single_dest2src_inst. (constraint file  auto generated constraint).
Applied set_property KEEP_HIERARCHY = SOFT for PYNQ_Design_i/ps8_0_axi_periph/m00_couplers/auto_cc/inst/\gen_clock_conv.gen_async_lite_conv.clock_conv_lite_resp_r /handshake/xpm_cdc_single_dest2src_inst. (constraint file  auto generated constraint).
Applied set_property KEEP_HIERARCHY = SOFT for PYNQ_Design_i/ps8_0_axi_periph/m01_couplers/auto_cc/inst/\gen_clock_conv.gen_async_lite_conv.clock_conv_lite_fwd_aw /handshake/xpm_cdc_single_dest2src_inst. (constraint file  auto generated constraint).
Applied set_property KEEP_HIERARCHY = SOFT for PYNQ_Design_i/ps8_0_axi_periph/m01_couplers/auto_cc/inst/\gen_clock_conv.gen_async_lite_conv.clock_conv_lite_fwd_ar /handshake/xpm_cdc_single_dest2src_inst. (constraint file  auto generated constraint).
Applied set_property KEEP_HIERARCHY = SOFT for PYNQ_Design_i/ps8_0_axi_periph/m01_couplers/auto_cc/inst/\gen_clock_conv.gen_async_lite_conv.clock_conv_lite_fwd_w /handshake/xpm_cdc_single_dest2src_inst. (constraint file  auto generated constraint).
Applied set_property KEEP_HIERARCHY = SOFT for PYNQ_Design_i/ps8_0_axi_periph/m01_couplers/auto_cc/inst/\gen_clock_conv.gen_async_lite_conv.clock_conv_lite_resp_b /handshake/xpm_cdc_single_dest2src_inst. (constraint file  auto generated constraint).
Applied set_property KEEP_HIERARCHY = SOFT for PYNQ_Design_i/ps8_0_axi_periph/m01_couplers/auto_cc/inst/\gen_clock_conv.gen_async_lite_conv.clock_conv_lite_resp_r /handshake/xpm_cdc_single_dest2src_inst. (constraint file  auto generated constraint).
Applied set_property KEEP_HIERARCHY = SOFT for PYNQ_Design_i/ps8_0_axi_periph/m00_couplers/auto_cc/inst/\gen_clock_conv.gen_async_lite_conv.clock_conv_lite_fwd_aw /handshake/xpm_cdc_single_src2dest_inst. (constraint file  auto generated constraint).
Applied set_property KEEP_HIERARCHY = SOFT for PYNQ_Design_i/ps8_0_axi_periph/m00_couplers/auto_cc/inst/\gen_clock_conv.gen_async_lite_conv.clock_conv_lite_fwd_ar /handshake/xpm_cdc_single_src2dest_inst. (constraint file  auto generated constraint).
Applied set_property KEEP_HIERARCHY = SOFT for PYNQ_Design_i/ps8_0_axi_periph/m00_couplers/auto_cc/inst/\gen_clock_conv.gen_async_lite_conv.clock_conv_lite_fwd_w /handshake/xpm_cdc_single_src2dest_inst. (constraint file  auto generated constraint).
Applied set_property KEEP_HIERARCHY = SOFT for PYNQ_Design_i/ps8_0_axi_periph/m00_couplers/auto_cc/inst/\gen_clock_conv.gen_async_lite_conv.clock_conv_lite_resp_b /handshake/xpm_cdc_single_src2dest_inst. (constraint file  auto generated constraint).
Applied set_property KEEP_HIERARCHY = SOFT for PYNQ_Design_i/ps8_0_axi_periph/m00_couplers/auto_cc/inst/\gen_clock_conv.gen_async_lite_conv.clock_conv_lite_resp_r /handshake/xpm_cdc_single_src2dest_inst. (constraint file  auto generated constraint).
Applied set_property KEEP_HIERARCHY = SOFT for PYNQ_Design_i/ps8_0_axi_periph/m01_couplers/auto_cc/inst/\gen_clock_conv.gen_async_lite_conv.clock_conv_lite_fwd_aw /handshake/xpm_cdc_single_src2dest_inst. (constraint file  auto generated constraint).
Applied set_property KEEP_HIERARCHY = SOFT for PYNQ_Design_i/ps8_0_axi_periph/m01_couplers/auto_cc/inst/\gen_clock_conv.gen_async_lite_conv.clock_conv_lite_fwd_ar /handshake/xpm_cdc_single_src2dest_inst. (constraint file  auto generated constraint).
Applied set_property KEEP_HIERARCHY = SOFT for PYNQ_Design_i/ps8_0_axi_periph/m01_couplers/auto_cc/inst/\gen_clock_conv.gen_async_lite_conv.clock_conv_lite_fwd_w /handshake/xpm_cdc_single_src2dest_inst. (constraint file  auto generated constraint).
Applied set_property KEEP_HIERARCHY = SOFT for PYNQ_Design_i/ps8_0_axi_periph/m01_couplers/auto_cc/inst/\gen_clock_conv.gen_async_lite_conv.clock_conv_lite_resp_b /handshake/xpm_cdc_single_src2dest_inst. (constraint file  auto generated constraint).
Applied set_property KEEP_HIERARCHY = SOFT for PYNQ_Design_i/ps8_0_axi_periph/m01_couplers/auto_cc/inst/\gen_clock_conv.gen_async_lite_conv.clock_conv_lite_resp_r /handshake/xpm_cdc_single_src2dest_inst. (constraint file  auto generated constraint).
Applied set_property KEEP_HIERARCHY = SOFT for PYNQ_Design_i/usp_rf_data_converter_0/inst/PYNQ_Design_usp_rf_data_converter_0_0_rf_wrapper_i/cdc_adc0_clk_present_i. (constraint file  auto generated constraint).
Applied set_property KEEP_HIERARCHY = SOFT for PYNQ_Design_i/usp_rf_data_converter_0/inst/cdc_adc0_clk_valid_i. (constraint file  auto generated constraint).
Applied set_property KEEP_HIERARCHY = SOFT for PYNQ_Design_i/usp_rf_data_converter_0/inst/PYNQ_Design_usp_rf_data_converter_0_0_rf_wrapper_i/cdc_adc0_done_i. (constraint file  auto generated constraint).
Applied set_property KEEP_HIERARCHY = SOFT for PYNQ_Design_i/usp_rf_data_converter_0/inst/PYNQ_Design_usp_rf_data_converter_0_0_rf_wrapper_i/cdc_adc0_pll_lock_i. (constraint file  auto generated constraint).
Applied set_property KEEP_HIERARCHY = SOFT for PYNQ_Design_i/usp_rf_data_converter_0/inst/PYNQ_Design_usp_rf_data_converter_0_0_rf_wrapper_i/cdc_adc0_powerup_state_i. (constraint file  auto generated constraint).
Applied set_property KEEP_HIERARCHY = SOFT for PYNQ_Design_i/usp_rf_data_converter_0/inst/PYNQ_Design_usp_rf_data_converter_0_0_rf_wrapper_i/por_state_machine_i/por_fsm_adc0/cdc_adc0_status_i. (constraint file  auto generated constraint).
Applied set_property KEEP_HIERARCHY = SOFT for PYNQ_Design_i/usp_rf_data_converter_0/inst/PYNQ_Design_usp_rf_data_converter_0_0_rf_wrapper_i/por_state_machine_i/por_fsm_dac0/cdc_adc0_status_i. (constraint file  auto generated constraint).
Applied set_property KEEP_HIERARCHY = SOFT for PYNQ_Design_i/usp_rf_data_converter_0/inst/PYNQ_Design_usp_rf_data_converter_0_0_rf_wrapper_i/cdc_adc0_supplies_up_i. (constraint file  auto generated constraint).
Applied set_property KEEP_HIERARCHY = SOFT for PYNQ_Design_i/usp_rf_data_converter_0/inst/PYNQ_Design_usp_rf_data_converter_0_0_rf_wrapper_i/por_state_machine_i/por_fsm_adc0/cdc_adc1_status_i. (constraint file  auto generated constraint).
Applied set_property KEEP_HIERARCHY = SOFT for PYNQ_Design_i/usp_rf_data_converter_0/inst/PYNQ_Design_usp_rf_data_converter_0_0_rf_wrapper_i/por_state_machine_i/por_fsm_dac0/cdc_adc1_status_i. (constraint file  auto generated constraint).
Applied set_property KEEP_HIERARCHY = SOFT for PYNQ_Design_i/usp_rf_data_converter_0/inst/PYNQ_Design_usp_rf_data_converter_0_0_rf_wrapper_i/cdc_adc1_supplies_up_i. (constraint file  auto generated constraint).
Applied set_property KEEP_HIERARCHY = SOFT for PYNQ_Design_i/usp_rf_data_converter_0/inst/PYNQ_Design_usp_rf_data_converter_0_0_rf_wrapper_i/por_state_machine_i/por_fsm_adc0/cdc_adc2_status_i. (constraint file  auto generated constraint).
Applied set_property KEEP_HIERARCHY = SOFT for PYNQ_Design_i/usp_rf_data_converter_0/inst/PYNQ_Design_usp_rf_data_converter_0_0_rf_wrapper_i/por_state_machine_i/por_fsm_dac0/cdc_adc2_status_i. (constraint file  auto generated constraint).
Applied set_property KEEP_HIERARCHY = SOFT for PYNQ_Design_i/usp_rf_data_converter_0/inst/PYNQ_Design_usp_rf_data_converter_0_0_rf_wrapper_i/cdc_adc2_supplies_up_i. (constraint file  auto generated constraint).
Applied set_property KEEP_HIERARCHY = SOFT for PYNQ_Design_i/usp_rf_data_converter_0/inst/PYNQ_Design_usp_rf_data_converter_0_0_rf_wrapper_i/por_state_machine_i/por_fsm_adc0/cdc_adc3_status_i. (constraint file  auto generated constraint).
Applied set_property KEEP_HIERARCHY = SOFT for PYNQ_Design_i/usp_rf_data_converter_0/inst/PYNQ_Design_usp_rf_data_converter_0_0_rf_wrapper_i/por_state_machine_i/por_fsm_dac0/cdc_adc3_status_i. (constraint file  auto generated constraint).
Applied set_property KEEP_HIERARCHY = SOFT for PYNQ_Design_i/usp_rf_data_converter_0/inst/PYNQ_Design_usp_rf_data_converter_0_0_rf_wrapper_i/cdc_adc3_supplies_up_i. (constraint file  auto generated constraint).
Applied set_property KEEP_HIERARCHY = SOFT for PYNQ_Design_i/usp_rf_data_converter_0/inst/PYNQ_Design_usp_rf_data_converter_0_0_rf_wrapper_i/cdc_dac0_clk_present_i. (constraint file  auto generated constraint).
Applied set_property KEEP_HIERARCHY = SOFT for PYNQ_Design_i/usp_rf_data_converter_0/inst/cdc_dac0_clk_valid_i. (constraint file  auto generated constraint).
Applied set_property KEEP_HIERARCHY = SOFT for PYNQ_Design_i/usp_rf_data_converter_0/inst/PYNQ_Design_usp_rf_data_converter_0_0_rf_wrapper_i/cdc_dac0_done_i. (constraint file  auto generated constraint).
Applied set_property KEEP_HIERARCHY = SOFT for PYNQ_Design_i/usp_rf_data_converter_0/inst/PYNQ_Design_usp_rf_data_converter_0_0_rf_wrapper_i/cdc_dac0_pll_lock_i. (constraint file  auto generated constraint).
Applied set_property KEEP_HIERARCHY = SOFT for PYNQ_Design_i/usp_rf_data_converter_0/inst/PYNQ_Design_usp_rf_data_converter_0_0_rf_wrapper_i/cdc_dac0_powerup_state_i. (constraint file  auto generated constraint).
Applied set_property KEEP_HIERARCHY = SOFT for PYNQ_Design_i/usp_rf_data_converter_0/inst/PYNQ_Design_usp_rf_data_converter_0_0_rf_wrapper_i/cdc_dac0_supplies_up_i. (constraint file  auto generated constraint).
Applied set_property KEEP_HIERARCHY = SOFT for PYNQ_Design_i/usp_rf_data_converter_0/inst/PYNQ_Design_usp_rf_data_converter_0_0_rf_wrapper_i/cdc_dac1_supplies_up_i. (constraint file  auto generated constraint).
Applied set_property KEEP_HIERARCHY = SOFT for PYNQ_Design_i/usp_rf_data_converter_0/inst/i_PYNQ_Design_usp_rf_data_converter_0_0_irq_sync/sync_adc00_data_irq. (constraint file  auto generated constraint).
Applied set_property KEEP_HIERARCHY = SOFT for PYNQ_Design_i/usp_rf_data_converter_0/inst/i_PYNQ_Design_usp_rf_data_converter_0_0_irq_sync/sync_adc00_fifo_irq. (constraint file  auto generated constraint).
Applied set_property KEEP_HIERARCHY = SOFT for PYNQ_Design_i/usp_rf_data_converter_0/inst/i_PYNQ_Design_usp_rf_data_converter_0_0_irq_sync/sync_adc00_over_range. (constraint file  auto generated constraint).
Applied set_property KEEP_HIERARCHY = SOFT for PYNQ_Design_i/usp_rf_data_converter_0/inst/i_PYNQ_Design_usp_rf_data_converter_0_0_irq_sync/sync_adc00_over_vol. (constraint file  auto generated constraint).
Applied set_property KEEP_HIERARCHY = SOFT for PYNQ_Design_i/usp_rf_data_converter_0/inst/i_PYNQ_Design_usp_rf_data_converter_0_0_irq_sync/sync_adc01_data_irq. (constraint file  auto generated constraint).
Applied set_property KEEP_HIERARCHY = SOFT for PYNQ_Design_i/usp_rf_data_converter_0/inst/i_PYNQ_Design_usp_rf_data_converter_0_0_irq_sync/sync_adc01_fifo_irq. (constraint file  auto generated constraint).
Applied set_property KEEP_HIERARCHY = SOFT for PYNQ_Design_i/usp_rf_data_converter_0/inst/i_PYNQ_Design_usp_rf_data_converter_0_0_irq_sync/sync_adc01_over_range. (constraint file  auto generated constraint).
Applied set_property KEEP_HIERARCHY = SOFT for PYNQ_Design_i/usp_rf_data_converter_0/inst/i_PYNQ_Design_usp_rf_data_converter_0_0_irq_sync/sync_adc01_over_vol. (constraint file  auto generated constraint).
Applied set_property KEEP_HIERARCHY = SOFT for PYNQ_Design_i/usp_rf_data_converter_0/inst/i_PYNQ_Design_usp_rf_data_converter_0_0_irq_sync/sync_adc02_data_irq. (constraint file  auto generated constraint).
Applied set_property KEEP_HIERARCHY = SOFT for PYNQ_Design_i/usp_rf_data_converter_0/inst/i_PYNQ_Design_usp_rf_data_converter_0_0_irq_sync/sync_adc02_fifo_irq. (constraint file  auto generated constraint).
Applied set_property KEEP_HIERARCHY = SOFT for PYNQ_Design_i/usp_rf_data_converter_0/inst/i_PYNQ_Design_usp_rf_data_converter_0_0_irq_sync/sync_adc02_over_range. (constraint file  auto generated constraint).
Applied set_property KEEP_HIERARCHY = SOFT for PYNQ_Design_i/usp_rf_data_converter_0/inst/i_PYNQ_Design_usp_rf_data_converter_0_0_irq_sync/sync_adc02_over_vol. (constraint file  auto generated constraint).
Applied set_property KEEP_HIERARCHY = SOFT for PYNQ_Design_i/usp_rf_data_converter_0/inst/i_PYNQ_Design_usp_rf_data_converter_0_0_irq_sync/sync_adc03_data_irq. (constraint file  auto generated constraint).
Applied set_property KEEP_HIERARCHY = SOFT for PYNQ_Design_i/usp_rf_data_converter_0/inst/i_PYNQ_Design_usp_rf_data_converter_0_0_irq_sync/sync_adc03_fifo_irq. (constraint file  auto generated constraint).
Applied set_property KEEP_HIERARCHY = SOFT for PYNQ_Design_i/usp_rf_data_converter_0/inst/i_PYNQ_Design_usp_rf_data_converter_0_0_irq_sync/sync_adc03_over_range. (constraint file  auto generated constraint).
Applied set_property KEEP_HIERARCHY = SOFT for PYNQ_Design_i/usp_rf_data_converter_0/inst/i_PYNQ_Design_usp_rf_data_converter_0_0_irq_sync/sync_adc03_over_vol. (constraint file  auto generated constraint).
Applied set_property KEEP_HIERARCHY = SOFT for PYNQ_Design_i/usp_rf_data_converter_0/inst/i_PYNQ_Design_usp_rf_data_converter_0_0_irq_sync/sync_adc10_data_irq. (constraint file  auto generated constraint).
Applied set_property KEEP_HIERARCHY = SOFT for PYNQ_Design_i/usp_rf_data_converter_0/inst/i_PYNQ_Design_usp_rf_data_converter_0_0_irq_sync/sync_adc10_fifo_irq. (constraint file  auto generated constraint).
Applied set_property KEEP_HIERARCHY = SOFT for PYNQ_Design_i/usp_rf_data_converter_0/inst/i_PYNQ_Design_usp_rf_data_converter_0_0_irq_sync/sync_adc10_over_range. (constraint file  auto generated constraint).
Applied set_property KEEP_HIERARCHY = SOFT for PYNQ_Design_i/usp_rf_data_converter_0/inst/i_PYNQ_Design_usp_rf_data_converter_0_0_irq_sync/sync_adc10_over_vol. (constraint file  auto generated constraint).
Applied set_property KEEP_HIERARCHY = SOFT for PYNQ_Design_i/usp_rf_data_converter_0/inst/i_PYNQ_Design_usp_rf_data_converter_0_0_irq_sync/sync_adc11_data_irq. (constraint file  auto generated constraint).
Applied set_property KEEP_HIERARCHY = SOFT for PYNQ_Design_i/usp_rf_data_converter_0/inst/i_PYNQ_Design_usp_rf_data_converter_0_0_irq_sync/sync_adc11_fifo_irq. (constraint file  auto generated constraint).
Applied set_property KEEP_HIERARCHY = SOFT for PYNQ_Design_i/usp_rf_data_converter_0/inst/i_PYNQ_Design_usp_rf_data_converter_0_0_irq_sync/sync_adc11_over_range. (constraint file  auto generated constraint).
Applied set_property KEEP_HIERARCHY = SOFT for PYNQ_Design_i/usp_rf_data_converter_0/inst/i_PYNQ_Design_usp_rf_data_converter_0_0_irq_sync/sync_adc11_over_vol. (constraint file  auto generated constraint).
Applied set_property KEEP_HIERARCHY = SOFT for PYNQ_Design_i/usp_rf_data_converter_0/inst/i_PYNQ_Design_usp_rf_data_converter_0_0_irq_sync/sync_adc12_data_irq. (constraint file  auto generated constraint).
Applied set_property KEEP_HIERARCHY = SOFT for PYNQ_Design_i/usp_rf_data_converter_0/inst/i_PYNQ_Design_usp_rf_data_converter_0_0_irq_sync/sync_adc12_fifo_irq. (constraint file  auto generated constraint).
Applied set_property KEEP_HIERARCHY = SOFT for PYNQ_Design_i/usp_rf_data_converter_0/inst/i_PYNQ_Design_usp_rf_data_converter_0_0_irq_sync/sync_adc12_over_range. (constraint file  auto generated constraint).
Applied set_property KEEP_HIERARCHY = SOFT for PYNQ_Design_i/usp_rf_data_converter_0/inst/i_PYNQ_Design_usp_rf_data_converter_0_0_irq_sync/sync_adc12_over_vol. (constraint file  auto generated constraint).
Applied set_property KEEP_HIERARCHY = SOFT for PYNQ_Design_i/usp_rf_data_converter_0/inst/i_PYNQ_Design_usp_rf_data_converter_0_0_irq_sync/sync_adc13_data_irq. (constraint file  auto generated constraint).
Applied set_property KEEP_HIERARCHY = SOFT for PYNQ_Design_i/usp_rf_data_converter_0/inst/i_PYNQ_Design_usp_rf_data_converter_0_0_irq_sync/sync_adc13_fifo_irq. (constraint file  auto generated constraint).
Applied set_property KEEP_HIERARCHY = SOFT for PYNQ_Design_i/usp_rf_data_converter_0/inst/i_PYNQ_Design_usp_rf_data_converter_0_0_irq_sync/sync_adc13_over_range. (constraint file  auto generated constraint).
Applied set_property KEEP_HIERARCHY = SOFT for PYNQ_Design_i/usp_rf_data_converter_0/inst/i_PYNQ_Design_usp_rf_data_converter_0_0_irq_sync/sync_adc13_over_vol. (constraint file  auto generated constraint).
Applied set_property KEEP_HIERARCHY = SOFT for PYNQ_Design_i/usp_rf_data_converter_0/inst/i_PYNQ_Design_usp_rf_data_converter_0_0_irq_sync/sync_adc20_data_irq. (constraint file  auto generated constraint).
Applied set_property KEEP_HIERARCHY = SOFT for PYNQ_Design_i/usp_rf_data_converter_0/inst/i_PYNQ_Design_usp_rf_data_converter_0_0_irq_sync/sync_adc20_fifo_irq. (constraint file  auto generated constraint).
Applied set_property KEEP_HIERARCHY = SOFT for PYNQ_Design_i/usp_rf_data_converter_0/inst/i_PYNQ_Design_usp_rf_data_converter_0_0_irq_sync/sync_adc20_over_range. (constraint file  auto generated constraint).
Applied set_property KEEP_HIERARCHY = SOFT for PYNQ_Design_i/usp_rf_data_converter_0/inst/i_PYNQ_Design_usp_rf_data_converter_0_0_irq_sync/sync_adc20_over_vol. (constraint file  auto generated constraint).
Applied set_property KEEP_HIERARCHY = SOFT for PYNQ_Design_i/usp_rf_data_converter_0/inst/i_PYNQ_Design_usp_rf_data_converter_0_0_irq_sync/sync_adc21_data_irq. (constraint file  auto generated constraint).
Applied set_property KEEP_HIERARCHY = SOFT for PYNQ_Design_i/usp_rf_data_converter_0/inst/i_PYNQ_Design_usp_rf_data_converter_0_0_irq_sync/sync_adc21_fifo_irq. (constraint file  auto generated constraint).
Applied set_property KEEP_HIERARCHY = SOFT for PYNQ_Design_i/usp_rf_data_converter_0/inst/i_PYNQ_Design_usp_rf_data_converter_0_0_irq_sync/sync_adc21_over_range. (constraint file  auto generated constraint).
Applied set_property KEEP_HIERARCHY = SOFT for PYNQ_Design_i/usp_rf_data_converter_0/inst/i_PYNQ_Design_usp_rf_data_converter_0_0_irq_sync/sync_adc21_over_vol. (constraint file  auto generated constraint).
Applied set_property KEEP_HIERARCHY = SOFT for PYNQ_Design_i/usp_rf_data_converter_0/inst/i_PYNQ_Design_usp_rf_data_converter_0_0_irq_sync/sync_adc22_data_irq. (constraint file  auto generated constraint).
Applied set_property KEEP_HIERARCHY = SOFT for PYNQ_Design_i/usp_rf_data_converter_0/inst/i_PYNQ_Design_usp_rf_data_converter_0_0_irq_sync/sync_adc22_fifo_irq. (constraint file  auto generated constraint).
Applied set_property KEEP_HIERARCHY = SOFT for PYNQ_Design_i/usp_rf_data_converter_0/inst/i_PYNQ_Design_usp_rf_data_converter_0_0_irq_sync/sync_adc22_over_range. (constraint file  auto generated constraint).
Applied set_property KEEP_HIERARCHY = SOFT for PYNQ_Design_i/usp_rf_data_converter_0/inst/i_PYNQ_Design_usp_rf_data_converter_0_0_irq_sync/sync_adc22_over_vol. (constraint file  auto generated constraint).
Applied set_property KEEP_HIERARCHY = SOFT for PYNQ_Design_i/usp_rf_data_converter_0/inst/i_PYNQ_Design_usp_rf_data_converter_0_0_irq_sync/sync_adc23_data_irq. (constraint file  auto generated constraint).
Applied set_property KEEP_HIERARCHY = SOFT for PYNQ_Design_i/usp_rf_data_converter_0/inst/i_PYNQ_Design_usp_rf_data_converter_0_0_irq_sync/sync_adc23_fifo_irq. (constraint file  auto generated constraint).
Applied set_property KEEP_HIERARCHY = SOFT for PYNQ_Design_i/usp_rf_data_converter_0/inst/i_PYNQ_Design_usp_rf_data_converter_0_0_irq_sync/sync_adc23_over_range. (constraint file  auto generated constraint).
Applied set_property KEEP_HIERARCHY = SOFT for PYNQ_Design_i/usp_rf_data_converter_0/inst/i_PYNQ_Design_usp_rf_data_converter_0_0_irq_sync/sync_adc23_over_vol. (constraint file  auto generated constraint).
Applied set_property KEEP_HIERARCHY = SOFT for PYNQ_Design_i/usp_rf_data_converter_0/inst/i_PYNQ_Design_usp_rf_data_converter_0_0_irq_sync/sync_adc30_data_irq. (constraint file  auto generated constraint).
Applied set_property KEEP_HIERARCHY = SOFT for PYNQ_Design_i/usp_rf_data_converter_0/inst/i_PYNQ_Design_usp_rf_data_converter_0_0_irq_sync/sync_adc30_fifo_irq. (constraint file  auto generated constraint).
Applied set_property KEEP_HIERARCHY = SOFT for PYNQ_Design_i/usp_rf_data_converter_0/inst/i_PYNQ_Design_usp_rf_data_converter_0_0_irq_sync/sync_adc30_over_range. (constraint file  auto generated constraint).
Applied set_property KEEP_HIERARCHY = SOFT for PYNQ_Design_i/usp_rf_data_converter_0/inst/i_PYNQ_Design_usp_rf_data_converter_0_0_irq_sync/sync_adc30_over_vol. (constraint file  auto generated constraint).
Applied set_property KEEP_HIERARCHY = SOFT for PYNQ_Design_i/usp_rf_data_converter_0/inst/i_PYNQ_Design_usp_rf_data_converter_0_0_irq_sync/sync_adc31_data_irq. (constraint file  auto generated constraint).
Applied set_property KEEP_HIERARCHY = SOFT for PYNQ_Design_i/usp_rf_data_converter_0/inst/i_PYNQ_Design_usp_rf_data_converter_0_0_irq_sync/sync_adc31_fifo_irq. (constraint file  auto generated constraint).
Applied set_property KEEP_HIERARCHY = SOFT for PYNQ_Design_i/usp_rf_data_converter_0/inst/i_PYNQ_Design_usp_rf_data_converter_0_0_irq_sync/sync_adc31_over_range. (constraint file  auto generated constraint).
Applied set_property KEEP_HIERARCHY = SOFT for PYNQ_Design_i/usp_rf_data_converter_0/inst/i_PYNQ_Design_usp_rf_data_converter_0_0_irq_sync/sync_adc31_over_vol. (constraint file  auto generated constraint).
Applied set_property KEEP_HIERARCHY = SOFT for PYNQ_Design_i/usp_rf_data_converter_0/inst/i_PYNQ_Design_usp_rf_data_converter_0_0_irq_sync/sync_adc32_data_irq. (constraint file  auto generated constraint).
Applied set_property KEEP_HIERARCHY = SOFT for PYNQ_Design_i/usp_rf_data_converter_0/inst/i_PYNQ_Design_usp_rf_data_converter_0_0_irq_sync/sync_adc32_fifo_irq. (constraint file  auto generated constraint).
Applied set_property KEEP_HIERARCHY = SOFT for PYNQ_Design_i/usp_rf_data_converter_0/inst/i_PYNQ_Design_usp_rf_data_converter_0_0_irq_sync/sync_adc32_over_range. (constraint file  auto generated constraint).
Applied set_property KEEP_HIERARCHY = SOFT for PYNQ_Design_i/usp_rf_data_converter_0/inst/i_PYNQ_Design_usp_rf_data_converter_0_0_irq_sync/sync_adc32_over_vol. (constraint file  auto generated constraint).
Applied set_property KEEP_HIERARCHY = SOFT for PYNQ_Design_i/usp_rf_data_converter_0/inst/i_PYNQ_Design_usp_rf_data_converter_0_0_irq_sync/sync_adc33_data_irq. (constraint file  auto generated constraint).
Applied set_property KEEP_HIERARCHY = SOFT for PYNQ_Design_i/usp_rf_data_converter_0/inst/i_PYNQ_Design_usp_rf_data_converter_0_0_irq_sync/sync_adc33_fifo_irq. (constraint file  auto generated constraint).
Applied set_property KEEP_HIERARCHY = SOFT for PYNQ_Design_i/usp_rf_data_converter_0/inst/i_PYNQ_Design_usp_rf_data_converter_0_0_irq_sync/sync_adc33_over_range. (constraint file  auto generated constraint).
Applied set_property KEEP_HIERARCHY = SOFT for PYNQ_Design_i/usp_rf_data_converter_0/inst/i_PYNQ_Design_usp_rf_data_converter_0_0_irq_sync/sync_adc33_over_vol. (constraint file  auto generated constraint).
Applied set_property KEEP_HIERARCHY = SOFT for PYNQ_Design_i/usp_rf_data_converter_0/inst/i_PYNQ_Design_usp_rf_data_converter_0_0_irq_sync/sync_dac00_data_irq. (constraint file  auto generated constraint).
Applied set_property KEEP_HIERARCHY = SOFT for PYNQ_Design_i/usp_rf_data_converter_0/inst/i_PYNQ_Design_usp_rf_data_converter_0_0_irq_sync/sync_dac00_fifo_irq. (constraint file  auto generated constraint).
Applied set_property KEEP_HIERARCHY = SOFT for PYNQ_Design_i/usp_rf_data_converter_0/inst/i_PYNQ_Design_usp_rf_data_converter_0_0_irq_sync/sync_dac01_data_irq. (constraint file  auto generated constraint).
Applied set_property KEEP_HIERARCHY = SOFT for PYNQ_Design_i/usp_rf_data_converter_0/inst/i_PYNQ_Design_usp_rf_data_converter_0_0_irq_sync/sync_dac01_fifo_irq. (constraint file  auto generated constraint).
Applied set_property KEEP_HIERARCHY = SOFT for PYNQ_Design_i/usp_rf_data_converter_0/inst/i_PYNQ_Design_usp_rf_data_converter_0_0_irq_sync/sync_dac02_data_irq. (constraint file  auto generated constraint).
Applied set_property KEEP_HIERARCHY = SOFT for PYNQ_Design_i/usp_rf_data_converter_0/inst/i_PYNQ_Design_usp_rf_data_converter_0_0_irq_sync/sync_dac02_fifo_irq. (constraint file  auto generated constraint).
Applied set_property KEEP_HIERARCHY = SOFT for PYNQ_Design_i/usp_rf_data_converter_0/inst/i_PYNQ_Design_usp_rf_data_converter_0_0_irq_sync/sync_dac03_data_irq. (constraint file  auto generated constraint).
Applied set_property KEEP_HIERARCHY = SOFT for PYNQ_Design_i/usp_rf_data_converter_0/inst/i_PYNQ_Design_usp_rf_data_converter_0_0_irq_sync/sync_dac03_fifo_irq. (constraint file  auto generated constraint).
Applied set_property KEEP_HIERARCHY = SOFT for PYNQ_Design_i/usp_rf_data_converter_0/inst/i_PYNQ_Design_usp_rf_data_converter_0_0_irq_sync/sync_dac10_data_irq. (constraint file  auto generated constraint).
Applied set_property KEEP_HIERARCHY = SOFT for PYNQ_Design_i/usp_rf_data_converter_0/inst/i_PYNQ_Design_usp_rf_data_converter_0_0_irq_sync/sync_dac10_fifo_irq. (constraint file  auto generated constraint).
Applied set_property KEEP_HIERARCHY = SOFT for PYNQ_Design_i/usp_rf_data_converter_0/inst/i_PYNQ_Design_usp_rf_data_converter_0_0_irq_sync/sync_dac11_data_irq. (constraint file  auto generated constraint).
Applied set_property KEEP_HIERARCHY = SOFT for PYNQ_Design_i/usp_rf_data_converter_0/inst/i_PYNQ_Design_usp_rf_data_converter_0_0_irq_sync/sync_dac11_fifo_irq. (constraint file  auto generated constraint).
Applied set_property KEEP_HIERARCHY = SOFT for PYNQ_Design_i/usp_rf_data_converter_0/inst/i_PYNQ_Design_usp_rf_data_converter_0_0_irq_sync/sync_dac12_data_irq. (constraint file  auto generated constraint).
Applied set_property KEEP_HIERARCHY = SOFT for PYNQ_Design_i/usp_rf_data_converter_0/inst/i_PYNQ_Design_usp_rf_data_converter_0_0_irq_sync/sync_dac12_fifo_irq. (constraint file  auto generated constraint).
Applied set_property KEEP_HIERARCHY = SOFT for PYNQ_Design_i/usp_rf_data_converter_0/inst/i_PYNQ_Design_usp_rf_data_converter_0_0_irq_sync/sync_dac13_data_irq. (constraint file  auto generated constraint).
Applied set_property KEEP_HIERARCHY = SOFT for PYNQ_Design_i/usp_rf_data_converter_0/inst/i_PYNQ_Design_usp_rf_data_converter_0_0_irq_sync/sync_dac13_fifo_irq. (constraint file  auto generated constraint).
Applied set_property KEEP_HIERARCHY = SOFT for PYNQ_Design_i/RX/axi_dma_rx/U0/I_PRMRY_DATAMOVER/\GEN_S2MM_FULL.I_S2MM_FULL_WRAPPER /\GEN_ENABLE_INDET_BTT_SF.I_INDET_BTT /I_XD_FIFO/\NON_BLK_MEM.I_SYNC_FIFOGEN_FIFO /\xpm_fifo_instance.xpm_fifo_sync_inst . (constraint file  auto generated constraint).
Applied set_property KEEP_HIERARCHY = SOFT for PYNQ_Design_i/RX/axi_dma_rx/U0/I_PRMRY_DATAMOVER/\GEN_S2MM_FULL.I_S2MM_FULL_WRAPPER /\GEN_ENABLE_INDET_BTT_SF.I_INDET_BTT /I_DATA_FIFO/\BLK_MEM.I_SYNC_FIFOGEN_FIFO /\xpm_fifo_instance.xpm_fifo_sync_inst . (constraint file  auto generated constraint).
Applied set_property KEEP_HIERARCHY = SOFT for PYNQ_Design_i/TX/axi_dma_tx/U0/I_PRMRY_DATAMOVER/\GEN_MM2S_FULL.I_MM2S_FULL_WRAPPER /\GEN_INCLUDE_MM2S_SF.I_RD_SF /I_DATA_FIFO/\BLK_MEM.I_SYNC_FIFOGEN_FIFO /\xpm_fifo_instance.xpm_fifo_sync_inst . (constraint file  auto generated constraint).
Applied set_property KEEP_HIERARCHY = SOFT for PYNQ_Design_i/RX/axi_smc/inst/s00_nodes/s00_aw_node/inst/inst_mi_handler/\gen_normal_area.inst_fifo_node_payld /\gen_xpm_memory_fifo.inst_fifo /\gen_mem_rep[0].inst_xpm_memory . (constraint file  auto generated constraint).
Applied set_property KEEP_HIERARCHY = SOFT for PYNQ_Design_i/RX/axi_smc/inst/s00_nodes/s00_b_node/inst/inst_mi_handler/\gen_normal_area.inst_fifo_node_payld /\gen_xpm_memory_fifo.inst_fifo /\gen_mem_rep[0].inst_xpm_memory . (constraint file  auto generated constraint).
Applied set_property KEEP_HIERARCHY = SOFT for PYNQ_Design_i/RX/axi_smc/inst/s00_nodes/s00_w_node/inst/inst_mi_handler/\gen_normal_area.inst_fifo_node_payld /\gen_xpm_memory_fifo.inst_fifo /\gen_mem_rep[0].inst_xpm_memory . (constraint file  auto generated constraint).
Applied set_property KEEP_HIERARCHY = SOFT for PYNQ_Design_i/TX/axi_smc_1/inst/s00_nodes/s00_ar_node/inst/inst_mi_handler/\gen_normal_area.inst_fifo_node_payld /\gen_xpm_memory_fifo.inst_fifo /\gen_mem_rep[0].inst_xpm_memory . (constraint file  auto generated constraint).
Applied set_property KEEP_HIERARCHY = SOFT for PYNQ_Design_i/TX/axi_smc_1/inst/s00_nodes/s00_r_node/inst/inst_mi_handler/\gen_normal_area.inst_fifo_node_payld /\gen_xpm_memory_fifo.inst_fifo /\gen_mem_rep[0].inst_xpm_memory . (constraint file  auto generated constraint).
---------------------------------------------------------------------------------
Finished applying 'set_property' XDC Constraints : Time (s): cpu = 00:04:52 ; elapsed = 00:05:03 . Memory (MB): peak = 3931.934 ; gain = 2072.430
---------------------------------------------------------------------------------
---------------------------------------------------------------------------------
Start Preparing Guide Design
---------------------------------------------------------------------------------
---------------------------------------------------------------------------------
Finished Doing Graph Differ : Time (s): cpu = 00:05:05 ; elapsed = 00:05:17 . Memory (MB): peak = 3931.934 ; gain = 2072.430
---------------------------------------------------------------------------------
x16_bit_demod_algorithm__GC0PYNQ_Design__GCB0single_rate__GB1x16_bit_demod_struct__GC0RX_imp_1G0MUP__GCB0PYNQ_Design__GCB1single_rate__GB2PYNQ_Design_usp_rf_data_converter_0_0_register_decode__GB1PYNQ_Design_usp_rf_data_converter_0_0_block__GC0single_rate__GB0RX_imp_1G0MUP__GCB1---------------------------------------------------------------------------------
Finished Preparing Guide Design : Time (s): cpu = 00:05:10 ; elapsed = 00:05:22 . Memory (MB): peak = 3931.934 ; gain = 2072.430
---------------------------------------------------------------------------------
---------------------------------------------------------------------------------
Finished RTL Optimization Phase 2 : Time (s): cpu = 00:05:13 ; elapsed = 00:05:25 . Memory (MB): peak = 3931.934 ; gain = 2072.430
---------------------------------------------------------------------------------
---------------------------------------------------------------------------------
Start Mimic Skeleton from Reference
---------------------------------------------------------------------------------
---------------------------------------------------------------------------------
Finished Mimic Skeleton from Reference : Time (s): cpu = 00:05:17 ; elapsed = 00:05:30 . Memory (MB): peak = 3931.934 ; gain = 2072.430
---------------------------------------------------------------------------------
INFO: [Synth 8-5775] Found 'rw_addr_collision' attribute set to 'no' on SDP RAM gen_wr_a.gen_word_narrow.mem_reg. Setting write mode to NO_CHANGE 
INFO: [Synth 8-5775] Found 'rw_addr_collision' attribute set to 'no' on SDP RAM gen_wr_a.gen_word_narrow.mem_reg. Setting write mode to NO_CHANGE 


Incremental Synthesis Report Summary:

1. Incremental synthesis run: yes

   Stitch points used : unchanged


2. Change Summary

Report Incremental Modules: 
+------+--------------------------------+------------+----------+----------+
|      |Changed Modules                 |Replication |Instances |Changed % |
+------+--------------------------------+------------+----------+----------+
|1     |PYNQ_Design_clk_wiz_0_0_clk_wiz |           1|         4|    0.0020|
+------+--------------------------------+------------+----------+----------+


   Full Design Size (number of cells) : 202391
   Resynthesis Design Size (number of cells) : 41218
   Resynth % : 20.3655,  Reuse % : 79.6345

3. Reference Checkpoint Information

+----------------------------------------------------------------------------------------------------------------------------------------+
| DCP Location:  | C:/Users/clb20123/Documents/FO-RFSoC-4YP/2x2_files/PLEASE/PLEASE.srcs/utils_1/imports/synth_1/PYNQ_Design_wrapper.dcp |
+----------------------------------------------------------------------------------------------------------------------------------------+


+--------------------------------+------------------------------+
|         DCP Information        |             Value            |
+--------------------------------+------------------------------+
| Vivado Version                 |                    v2024.1 |
| DCP State                      |                              |
+--------------------------------+------------------------------+



Report RTL Partitions: 
+------+-------------------------------------------------------------------+------------+----------+
|      |RTL Partition                                                      |Replication |Instances |
+------+-------------------------------------------------------------------+------------+----------+
|1     |muxpart__724_PYNQ_Design_usp_rf_data_converter_0_0_register_decode |           1|     41213|
|2     |PYNQ_Design_clk_wiz_0_0                                            |           1|         4|
|3     |single_rate__GB0_#REUSE#                                           |           1|         0|
|4     |single_rate__GB1_#REUSE#                                           |           1|         0|
|5     |single_rate__GB2_#REUSE#                                           |           1|         0|
|6     |x16_bit_demod_algorithm__GC0_#REUSE#                               |           1|         0|
|7     |x16_bit_demod_struct__GC0_#REUSE#                                  |           1|         0|
|8     |RX_imp_1G0MUP__GCB0_#REUSE#                                        |           1|         0|
|9     |RX_imp_1G0MUP__GCB1_#REUSE#                                        |           1|         0|
|10    |PYNQ_Design_usp_rf_data_converter_0_0_register_decode__GB1_#REUSE# |           1|         0|
|11    |PYNQ_Design_usp_rf_data_converter_0_0_block__GC0_#REUSE#           |           1|         0|
|12    |PYNQ_Design__GCB0_#REUSE#                                          |           1|         0|
|13    |PYNQ_Design__GCB1_#REUSE#                                          |           1|         0|
+------+-------------------------------------------------------------------+------------+----------+
---------------------------------------------------------------------------------
Start RTL Component Statistics 
---------------------------------------------------------------------------------
---------------------------------------------------------------------------------
Finished RTL Component Statistics 
---------------------------------------------------------------------------------
---------------------------------------------------------------------------------
Start Part Resource Summary
---------------------------------------------------------------------------------
Part Resources:
DSPs: 4272 (col length:192)
BRAMs: 2160 (col length: RAMB18 192 RAMB36 96)
---------------------------------------------------------------------------------
Finished Part Resource Summary
---------------------------------------------------------------------------------
---------------------------------------------------------------------------------
Start Cross Boundary and Area Optimization
---------------------------------------------------------------------------------
WARNING: [Synth 8-3332] Sequential element (x16_bit_demod_default_clock_driver/clockdriver/clr_reg/latency_gt_0.fd_array[1].reg_comp/fd_prim_array[0].bit_is_0.fdre_comp) is unused and will be removed from module x16_bit_demod.
---------------------------------------------------------------------------------
Finished Cross Boundary and Area Optimization : Time (s): cpu = 00:05:25 ; elapsed = 00:05:41 . Memory (MB): peak = 3931.934 ; gain = 2072.430
---------------------------------------------------------------------------------
---------------------------------------------------------------------------------
Start Stitch Unchanged AreaOpt Partitions
---------------------------------------------------------------------------------
---------------------------------------------------------------------------------
Finished Stitch Unchanged AreaOpt Partitions : Time (s): cpu = 00:05:28 ; elapsed = 00:05:43 . Memory (MB): peak = 3931.934 ; gain = 2072.430
---------------------------------------------------------------------------------
---------------------------------------------------------------------------------
Start Applying XDC Timing Constraints
---------------------------------------------------------------------------------
---------------------------------------------------------------------------------
Finished Applying XDC Timing Constraints : Time (s): cpu = 00:05:52 ; elapsed = 00:06:12 . Memory (MB): peak = 4447.012 ; gain = 2587.508
---------------------------------------------------------------------------------
---------------------------------------------------------------------------------
Start Timing Optimization
---------------------------------------------------------------------------------
---------------------------------------------------------------------------------
Finished Timing Optimization : Time (s): cpu = 00:05:53 ; elapsed = 00:06:13 . Memory (MB): peak = 4447.012 ; gain = 2587.508
---------------------------------------------------------------------------------
---------------------------------------------------------------------------------
Start Technology Mapping
---------------------------------------------------------------------------------
WARNING: [Synth 8-7080] Parallel synthesis criteria is not met
WARNING: [Synth 8-7077] IncrSyn: subsequent runs will still be incremental as the reference run was parallel and that data is reused
---------------------------------------------------------------------------------
Finished Technology Mapping : Time (s): cpu = 00:05:53 ; elapsed = 00:06:13 . Memory (MB): peak = 4456.605 ; gain = 2597.102
---------------------------------------------------------------------------------
---------------------------------------------------------------------------------
Start Stitch Unchanged Partitions
---------------------------------------------------------------------------------
---------------------------------------------------------------------------------
Finished Stitch Unchanged Partitions : Time (s): cpu = 00:05:55 ; elapsed = 00:06:15 . Memory (MB): peak = 4456.605 ; gain = 2597.102
---------------------------------------------------------------------------------
---------------------------------------------------------------------------------
Start IO Insertion
---------------------------------------------------------------------------------
---------------------------------------------------------------------------------
Start Flattening Before IO Insertion
---------------------------------------------------------------------------------
---------------------------------------------------------------------------------
Finished Flattening Before IO Insertion
---------------------------------------------------------------------------------
---------------------------------------------------------------------------------
Start Final Netlist Cleanup
---------------------------------------------------------------------------------
INFO: [Synth 8-7052] The timing for the instance PYNQ_Design_i/RX/DUT_rec_0/U0/x16_bit_demod_struct/algorithm/demodulate/lut/xpm_memory_sprom_inst/xpm_memory_base_inst/gen_rd_a.gen_rd_a_synth_template.gen_rf_narrow_reg.douta_reg_reg (implemented as a Block RAM) might be sub-optimal as no optional output register could be merged into the ram block. Providing additional output register may help in improving timing.
INFO: [Synth 8-7052] The timing for the instance PYNQ_Design_i/TX/DUT_data_in_0/U0/x16_bit_mod_struct/algorithm/x100mhz/rom/xpm_memory_sprom_inst/xpm_memory_base_inst/gen_rd_a.gen_rd_a_synth_template.gen_rf_narrow_reg.douta_reg_reg (implemented as a Block RAM) might be sub-optimal as no optional output register could be merged into the ram block. Providing additional output register may help in improving timing.
INFO: [Synth 8-7052] The timing for the instance PYNQ_Design_i/TX/DUT_data_in_0/U0/x16_bit_mod_struct/algorithm/x100khz/rom/xpm_memory_sprom_inst/xpm_memory_base_inst/gen_rd_a.gen_rd_a_synth_template.gen_rf_narrow_reg.douta_reg_reg (implemented as a Block RAM) might be sub-optimal as no optional output register could be merged into the ram block. Providing additional output register may help in improving timing.
---------------------------------------------------------------------------------
Finished Final Netlist Cleanup
---------------------------------------------------------------------------------
WARNING: [Synth 8-3295] tying undriven pin I_AXI_DMA_REG_MODULE/strm_valid_int2_inferred:in0 to constant 0
WARNING: [Synth 8-3295] tying undriven pin I_AXI_DMA_REG_MODULE/strm_valid_int_cdc_to_inferred:in0 to constant 0
WARNING: [Synth 8-3295] tying undriven pin dummy_inferred:in0 to constant 0
WARNING: [Synth 8-3295] tying undriven pin U0:sl_iport0[36] to constant 0
WARNING: [Synth 8-3295] tying undriven pin U0:sl_iport0[35] to constant 0
WARNING: [Synth 8-3295] tying undriven pin U0:sl_iport0[34] to constant 0
WARNING: [Synth 8-3295] tying undriven pin U0:sl_iport0[33] to constant 0
WARNING: [Synth 8-3295] tying undriven pin U0:sl_iport0[32] to constant 0
WARNING: [Synth 8-3295] tying undriven pin U0:sl_iport0[31] to constant 0
WARNING: [Synth 8-3295] tying undriven pin U0:sl_iport0[30] to constant 0
WARNING: [Synth 8-3295] tying undriven pin U0:sl_iport0[29] to constant 0
WARNING: [Synth 8-3295] tying undriven pin U0:sl_iport0[28] to constant 0
WARNING: [Synth 8-3295] tying undriven pin U0:sl_iport0[27] to constant 0
WARNING: [Synth 8-3295] tying undriven pin U0:sl_iport0[26] to constant 0
WARNING: [Synth 8-3295] tying undriven pin U0:sl_iport0[25] to constant 0
WARNING: [Synth 8-3295] tying undriven pin U0:sl_iport0[24] to constant 0
WARNING: [Synth 8-3295] tying undriven pin U0:sl_iport0[23] to constant 0
WARNING: [Synth 8-3295] tying undriven pin U0:sl_iport0[22] to constant 0
WARNING: [Synth 8-3295] tying undriven pin U0:sl_iport0[21] to constant 0
WARNING: [Synth 8-3295] tying undriven pin U0:sl_iport0[20] to constant 0
WARNING: [Synth 8-3295] tying undriven pin U0:sl_iport0[19] to constant 0
WARNING: [Synth 8-3295] tying undriven pin U0:sl_iport0[18] to constant 0
WARNING: [Synth 8-3295] tying undriven pin U0:sl_iport0[17] to constant 0
WARNING: [Synth 8-3295] tying undriven pin U0:sl_iport0[16] to constant 0
WARNING: [Synth 8-3295] tying undriven pin U0:sl_iport0[15] to constant 0
WARNING: [Synth 8-3295] tying undriven pin U0:sl_iport0[14] to constant 0
WARNING: [Synth 8-3295] tying undriven pin U0:sl_iport0[13] to constant 0
WARNING: [Synth 8-3295] tying undriven pin U0:sl_iport0[12] to constant 0
WARNING: [Synth 8-3295] tying undriven pin U0:sl_iport0[11] to constant 0
WARNING: [Synth 8-3295] tying undriven pin U0:sl_iport0[10] to constant 0
WARNING: [Synth 8-3295] tying undriven pin U0:sl_iport0[9] to constant 0
WARNING: [Synth 8-3295] tying undriven pin U0:sl_iport0[8] to constant 0
WARNING: [Synth 8-3295] tying undriven pin U0:sl_iport0[7] to constant 0
WARNING: [Synth 8-3295] tying undriven pin U0:sl_iport0[6] to constant 0
WARNING: [Synth 8-3295] tying undriven pin U0:sl_iport0[5] to constant 0
WARNING: [Synth 8-3295] tying undriven pin U0:sl_iport0[4] to constant 0
WARNING: [Synth 8-3295] tying undriven pin U0:sl_iport0[3] to constant 0
WARNING: [Synth 8-3295] tying undriven pin U0:sl_iport0[2] to constant 0
WARNING: [Synth 8-3295] tying undriven pin U0:sl_iport0[1] to constant 0
WARNING: [Synth 8-3295] tying undriven pin U0:sl_iport0[0] to constant 0
WARNING: [Synth 8-3295] tying undriven pin I_AXI_DMA_REG_MODULE/strm_valid_int2_inferred:in0 to constant 0
WARNING: [Synth 8-3295] tying undriven pin I_AXI_DMA_REG_MODULE/strm_valid_int_cdc_to_inferred:in0 to constant 0
WARNING: [Synth 8-3295] tying undriven pin dummy_inferred:in0 to constant 0
WARNING: [Synth 8-3295] tying undriven pin U0:sl_iport0[36] to constant 0
WARNING: [Synth 8-3295] tying undriven pin U0:sl_iport0[35] to constant 0
WARNING: [Synth 8-3295] tying undriven pin U0:sl_iport0[34] to constant 0
WARNING: [Synth 8-3295] tying undriven pin U0:sl_iport0[33] to constant 0
WARNING: [Synth 8-3295] tying undriven pin U0:sl_iport0[32] to constant 0
WARNING: [Synth 8-3295] tying undriven pin U0:sl_iport0[31] to constant 0
WARNING: [Synth 8-3295] tying undriven pin U0:sl_iport0[30] to constant 0
WARNING: [Synth 8-3295] tying undriven pin U0:sl_iport0[29] to constant 0
WARNING: [Synth 8-3295] tying undriven pin U0:sl_iport0[28] to constant 0
WARNING: [Synth 8-3295] tying undriven pin U0:sl_iport0[27] to constant 0
WARNING: [Synth 8-3295] tying undriven pin U0:sl_iport0[26] to constant 0
WARNING: [Synth 8-3295] tying undriven pin U0:sl_iport0[25] to constant 0
WARNING: [Synth 8-3295] tying undriven pin U0:sl_iport0[24] to constant 0
WARNING: [Synth 8-3295] tying undriven pin U0:sl_iport0[23] to constant 0
WARNING: [Synth 8-3295] tying undriven pin U0:sl_iport0[22] to constant 0
WARNING: [Synth 8-3295] tying undriven pin U0:sl_iport0[21] to constant 0
WARNING: [Synth 8-3295] tying undriven pin U0:sl_iport0[20] to constant 0
WARNING: [Synth 8-3295] tying undriven pin U0:sl_iport0[19] to constant 0
WARNING: [Synth 8-3295] tying undriven pin U0:sl_iport0[18] to constant 0
WARNING: [Synth 8-3295] tying undriven pin U0:sl_iport0[17] to constant 0
WARNING: [Synth 8-3295] tying undriven pin U0:sl_iport0[16] to constant 0
WARNING: [Synth 8-3295] tying undriven pin U0:sl_iport0[15] to constant 0
WARNING: [Synth 8-3295] tying undriven pin U0:sl_iport0[14] to constant 0
WARNING: [Synth 8-3295] tying undriven pin U0:sl_iport0[13] to constant 0
WARNING: [Synth 8-3295] tying undriven pin U0:sl_iport0[12] to constant 0
WARNING: [Synth 8-3295] tying undriven pin U0:sl_iport0[11] to constant 0
WARNING: [Synth 8-3295] tying undriven pin U0:sl_iport0[10] to constant 0
WARNING: [Synth 8-3295] tying undriven pin U0:sl_iport0[9] to constant 0
WARNING: [Synth 8-3295] tying undriven pin U0:sl_iport0[8] to constant 0
WARNING: [Synth 8-3295] tying undriven pin U0:sl_iport0[7] to constant 0
WARNING: [Synth 8-3295] tying undriven pin U0:sl_iport0[6] to constant 0
WARNING: [Synth 8-3295] tying undriven pin U0:sl_iport0[5] to constant 0
WARNING: [Synth 8-3295] tying undriven pin U0:sl_iport0[4] to constant 0
WARNING: [Synth 8-3295] tying undriven pin U0:sl_iport0[3] to constant 0
WARNING: [Synth 8-3295] tying undriven pin U0:sl_iport0[2] to constant 0
WARNING: [Synth 8-3295] tying undriven pin U0:sl_iport0[1] to constant 0
WARNING: [Synth 8-3295] tying undriven pin U0:sl_iport0[0] to constant 0
WARNING: [Synth 8-3295] tying undriven pin trace_ctl_pipe[0]_inferred:in0 to constant 0
WARNING: [Synth 8-3295] tying undriven pin trace_data_pipe[0]_inferred:in0[31] to constant 0
WARNING: [Synth 8-3295] tying undriven pin trace_data_pipe[0]_inferred:in0[30] to constant 0
WARNING: [Synth 8-3295] tying undriven pin trace_data_pipe[0]_inferred:in0[29] to constant 0
WARNING: [Synth 8-3295] tying undriven pin trace_data_pipe[0]_inferred:in0[28] to constant 0
WARNING: [Synth 8-3295] tying undriven pin trace_data_pipe[0]_inferred:in0[27] to constant 0
WARNING: [Synth 8-3295] tying undriven pin trace_data_pipe[0]_inferred:in0[26] to constant 0
WARNING: [Synth 8-3295] tying undriven pin trace_data_pipe[0]_inferred:in0[25] to constant 0
WARNING: [Synth 8-3295] tying undriven pin trace_data_pipe[0]_inferred:in0[24] to constant 0
WARNING: [Synth 8-3295] tying undriven pin trace_data_pipe[0]_inferred:in0[23] to constant 0
WARNING: [Synth 8-3295] tying undriven pin trace_data_pipe[0]_inferred:in0[22] to constant 0
WARNING: [Synth 8-3295] tying undriven pin trace_data_pipe[0]_inferred:in0[21] to constant 0
WARNING: [Synth 8-3295] tying undriven pin trace_data_pipe[0]_inferred:in0[20] to constant 0
WARNING: [Synth 8-3295] tying undriven pin trace_data_pipe[0]_inferred:in0[19] to constant 0
WARNING: [Synth 8-3295] tying undriven pin trace_data_pipe[0]_inferred:in0[18] to constant 0
WARNING: [Synth 8-3295] tying undriven pin trace_data_pipe[0]_inferred:in0[17] to constant 0
WARNING: [Synth 8-3295] tying undriven pin trace_data_pipe[0]_inferred:in0[16] to constant 0
WARNING: [Synth 8-3295] tying undriven pin trace_data_pipe[0]_inferred:in0[15] to constant 0
WARNING: [Synth 8-3295] tying undriven pin trace_data_pipe[0]_inferred:in0[14] to constant 0
WARNING: [Synth 8-3295] tying undriven pin trace_data_pipe[0]_inferred:in0[13] to constant 0
INFO: [Common 17-14] Message 'Synth 8-3295' appears 100 times and further instances of the messages will be disabled. Use the Tcl command set_msg_config to change the current settings.
WARNING: [Synth 8-5396] Clock pin C has keep related attribute (keep/mark_debug/dont_touch) which could create extra logic on its net [c:/Users/clb20123/Documents/FO-RFSoC-4YP/2x2_files/PLEASE/PLEASE.gen/sources_1/bd/PYNQ_Design/ipshared/80bf/hdl/axi_clock_converter_v2_1_vl_rfs.v:540]
WARNING: [Synth 8-5396] Clock pin C has keep related attribute (keep/mark_debug/dont_touch) which could create extra logic on its net [c:/Users/clb20123/Documents/FO-RFSoC-4YP/2x2_files/PLEASE/PLEASE.gen/sources_1/bd/PYNQ_Design/ipshared/80bf/hdl/axi_clock_converter_v2_1_vl_rfs.v:552]
WARNING: [Synth 8-5396] Clock pin C has keep related attribute (keep/mark_debug/dont_touch) which could create extra logic on its net [c:/Users/clb20123/Documents/FO-RFSoC-4YP/2x2_files/PLEASE/PLEASE.gen/sources_1/bd/PYNQ_Design/ipshared/80bf/hdl/axi_clock_converter_v2_1_vl_rfs.v:541]
WARNING: [Synth 8-5396] Clock pin C has keep related attribute (keep/mark_debug/dont_touch) which could create extra logic on its net [c:/Users/clb20123/Documents/FO-RFSoC-4YP/2x2_files/PLEASE/PLEASE.gen/sources_1/bd/PYNQ_Design/ipshared/80bf/hdl/axi_clock_converter_v2_1_vl_rfs.v:596]
WARNING: [Synth 8-5396] Clock pin C has keep related attribute (keep/mark_debug/dont_touch) which could create extra logic on its net [c:/Users/clb20123/Documents/FO-RFSoC-4YP/2x2_files/PLEASE/PLEASE.gen/sources_1/bd/PYNQ_Design/ipshared/80bf/hdl/axi_clock_converter_v2_1_vl_rfs.v:650]
WARNING: [Synth 8-5396] Clock pin C has keep related attribute (keep/mark_debug/dont_touch) which could create extra logic on its net [c:/Users/clb20123/Documents/FO-RFSoC-4YP/2x2_files/PLEASE/PLEASE.gen/sources_1/bd/PYNQ_Design/ipshared/80bf/hdl/axi_clock_converter_v2_1_vl_rfs.v:650]
WARNING: [Synth 8-5396] Clock pin C has keep related attribute (keep/mark_debug/dont_touch) which could create extra logic on its net [c:/Users/clb20123/Documents/FO-RFSoC-4YP/2x2_files/PLEASE/PLEASE.gen/sources_1/bd/PYNQ_Design/ipshared/80bf/hdl/axi_clock_converter_v2_1_vl_rfs.v:650]
WARNING: [Synth 8-5396] Clock pin C has keep related attribute (keep/mark_debug/dont_touch) which could create extra logic on its net [c:/Users/clb20123/Documents/FO-RFSoC-4YP/2x2_files/PLEASE/PLEASE.gen/sources_1/bd/PYNQ_Design/ipshared/80bf/hdl/axi_clock_converter_v2_1_vl_rfs.v:540]
WARNING: [Synth 8-5396] Clock pin C has keep related attribute (keep/mark_debug/dont_touch) which could create extra logic on its net [c:/Users/clb20123/Documents/FO-RFSoC-4YP/2x2_files/PLEASE/PLEASE.gen/sources_1/bd/PYNQ_Design/ipshared/80bf/hdl/axi_clock_converter_v2_1_vl_rfs.v:541]
WARNING: [Synth 8-5396] Clock pin C has keep related attribute (keep/mark_debug/dont_touch) which could create extra logic on its net [c:/Users/clb20123/Documents/FO-RFSoC-4YP/2x2_files/PLEASE/PLEASE.gen/sources_1/bd/PYNQ_Design/ipshared/80bf/hdl/axi_clock_converter_v2_1_vl_rfs.v:553]
WARNING: [Synth 8-5396] Clock pin C has keep related attribute (keep/mark_debug/dont_touch) which could create extra logic on its net [c:/Users/clb20123/Documents/FO-RFSoC-4YP/2x2_files/PLEASE/PLEASE.gen/sources_1/bd/PYNQ_Design/ipshared/80bf/hdl/axi_clock_converter_v2_1_vl_rfs.v:553]
WARNING: [Synth 8-5396] Clock pin C has keep related attribute (keep/mark_debug/dont_touch) which could create extra logic on its net [D:/Xilinx/Vivado/2024.1/data/ip/xpm/xpm_cdc/hdl/xpm_cdc.sv:583]
WARNING: [Synth 8-5396] Clock pin C has keep related attribute (keep/mark_debug/dont_touch) which could create extra logic on its net [D:/Xilinx/Vivado/2024.1/data/ip/xpm/xpm_cdc/hdl/xpm_cdc.sv:221]
WARNING: [Synth 8-5396] Clock pin C has keep related attribute (keep/mark_debug/dont_touch) which could create extra logic on its net [D:/Xilinx/Vivado/2024.1/data/ip/xpm/xpm_cdc/hdl/xpm_cdc.sv:221]
WARNING: [Synth 8-5396] Clock pin C has keep related attribute (keep/mark_debug/dont_touch) which could create extra logic on its net [D:/Xilinx/Vivado/2024.1/data/ip/xpm/xpm_cdc/hdl/xpm_cdc.sv:221]
WARNING: [Synth 8-5396] Clock pin C has keep related attribute (keep/mark_debug/dont_touch) which could create extra logic on its net [c:/Users/clb20123/Documents/FO-RFSoC-4YP/2x2_files/PLEASE/PLEASE.gen/sources_1/bd/PYNQ_Design/ipshared/80bf/hdl/axi_clock_converter_v2_1_vl_rfs.v:597]
WARNING: [Synth 8-5396] Clock pin C has keep related attribute (keep/mark_debug/dont_touch) which could create extra logic on its net [c:/Users/clb20123/Documents/FO-RFSoC-4YP/2x2_files/PLEASE/PLEASE.gen/sources_1/bd/PYNQ_Design/ipshared/80bf/hdl/axi_clock_converter_v2_1_vl_rfs.v:597]
WARNING: [Synth 8-5396] Clock pin C has keep related attribute (keep/mark_debug/dont_touch) which could create extra logic on its net [D:/Xilinx/Vivado/2024.1/data/ip/xpm/xpm_cdc/hdl/xpm_cdc.sv:594]
WARNING: [Synth 8-5396] Clock pin C has keep related attribute (keep/mark_debug/dont_touch) which could create extra logic on its net [D:/Xilinx/Vivado/2024.1/data/ip/xpm/xpm_cdc/hdl/xpm_cdc.sv:221]
WARNING: [Synth 8-5396] Clock pin C has keep related attribute (keep/mark_debug/dont_touch) which could create extra logic on its net [D:/Xilinx/Vivado/2024.1/data/ip/xpm/xpm_cdc/hdl/xpm_cdc.sv:221]
WARNING: [Synth 8-5396] Clock pin C has keep related attribute (keep/mark_debug/dont_touch) which could create extra logic on its net [D:/Xilinx/Vivado/2024.1/data/ip/xpm/xpm_cdc/hdl/xpm_cdc.sv:221]
WARNING: [Synth 8-5396] Clock pin C has keep related attribute (keep/mark_debug/dont_touch) which could create extra logic on its net [D:/Xilinx/Vivado/2024.1/data/ip/xpm/xpm_cdc/hdl/xpm_cdc.sv:592]
WARNING: [Synth 8-5396] Clock pin C has keep related attribute (keep/mark_debug/dont_touch) which could create extra logic on its net [D:/Xilinx/Vivado/2024.1/data/ip/xpm/xpm_cdc/hdl/xpm_cdc.sv:592]
WARNING: [Synth 8-5396] Clock pin C has keep related attribute (keep/mark_debug/dont_touch) which could create extra logic on its net [D:/Xilinx/Vivado/2024.1/data/ip/xpm/xpm_cdc/hdl/xpm_cdc.sv:592]
WARNING: [Synth 8-5396] Clock pin C has keep related attribute (keep/mark_debug/dont_touch) which could create extra logic on its net [D:/Xilinx/Vivado/2024.1/data/ip/xpm/xpm_cdc/hdl/xpm_cdc.sv:592]
WARNING: [Synth 8-5396] Clock pin C has keep related attribute (keep/mark_debug/dont_touch) which could create extra logic on its net [D:/Xilinx/Vivado/2024.1/data/ip/xpm/xpm_cdc/hdl/xpm_cdc.sv:592]
WARNING: [Synth 8-5396] Clock pin C has keep related attribute (keep/mark_debug/dont_touch) which could create extra logic on its net [D:/Xilinx/Vivado/2024.1/data/ip/xpm/xpm_cdc/hdl/xpm_cdc.sv:592]
WARNING: [Synth 8-5396] Clock pin C has keep related attribute (keep/mark_debug/dont_touch) which could create extra logic on its net [D:/Xilinx/Vivado/2024.1/data/ip/xpm/xpm_cdc/hdl/xpm_cdc.sv:592]
WARNING: [Synth 8-5396] Clock pin C has keep related attribute (keep/mark_debug/dont_touch) which could create extra logic on its net [D:/Xilinx/Vivado/2024.1/data/ip/xpm/xpm_cdc/hdl/xpm_cdc.sv:592]
WARNING: [Synth 8-5396] Clock pin C has keep related attribute (keep/mark_debug/dont_touch) which could create extra logic on its net [D:/Xilinx/Vivado/2024.1/data/ip/xpm/xpm_cdc/hdl/xpm_cdc.sv:592]
WARNING: [Synth 8-5396] Clock pin C has keep related attribute (keep/mark_debug/dont_touch) which could create extra logic on its net [D:/Xilinx/Vivado/2024.1/data/ip/xpm/xpm_cdc/hdl/xpm_cdc.sv:592]
WARNING: [Synth 8-5396] Clock pin C has keep related attribute (keep/mark_debug/dont_touch) which could create extra logic on its net [D:/Xilinx/Vivado/2024.1/data/ip/xpm/xpm_cdc/hdl/xpm_cdc.sv:592]
WARNING: [Synth 8-5396] Clock pin C has keep related attribute (keep/mark_debug/dont_touch) which could create extra logic on its net [D:/Xilinx/Vivado/2024.1/data/ip/xpm/xpm_cdc/hdl/xpm_cdc.sv:592]
WARNING: [Synth 8-5396] Clock pin C has keep related attribute (keep/mark_debug/dont_touch) which could create extra logic on its net [D:/Xilinx/Vivado/2024.1/data/ip/xpm/xpm_cdc/hdl/xpm_cdc.sv:592]
WARNING: [Synth 8-5396] Clock pin C has keep related attribute (keep/mark_debug/dont_touch) which could create extra logic on its net [D:/Xilinx/Vivado/2024.1/data/ip/xpm/xpm_cdc/hdl/xpm_cdc.sv:594]
WARNING: [Synth 8-5396] Clock pin C has keep related attribute (keep/mark_debug/dont_touch) which could create extra logic on its net [D:/Xilinx/Vivado/2024.1/data/ip/xpm/xpm_cdc/hdl/xpm_cdc.sv:221]
WARNING: [Synth 8-5396] Clock pin C has keep related attribute (keep/mark_debug/dont_touch) which could create extra logic on its net [D:/Xilinx/Vivado/2024.1/data/ip/xpm/xpm_cdc/hdl/xpm_cdc.sv:221]
WARNING: [Synth 8-5396] Clock pin C has keep related attribute (keep/mark_debug/dont_touch) which could create extra logic on its net [D:/Xilinx/Vivado/2024.1/data/ip/xpm/xpm_cdc/hdl/xpm_cdc.sv:221]
WARNING: [Synth 8-5396] Clock pin C has keep related attribute (keep/mark_debug/dont_touch) which could create extra logic on its net [D:/Xilinx/Vivado/2024.1/data/ip/xpm/xpm_cdc/hdl/xpm_cdc.sv:592]
WARNING: [Synth 8-5396] Clock pin C has keep related attribute (keep/mark_debug/dont_touch) which could create extra logic on its net [D:/Xilinx/Vivado/2024.1/data/ip/xpm/xpm_cdc/hdl/xpm_cdc.sv:592]
WARNING: [Synth 8-5396] Clock pin C has keep related attribute (keep/mark_debug/dont_touch) which could create extra logic on its net [D:/Xilinx/Vivado/2024.1/data/ip/xpm/xpm_cdc/hdl/xpm_cdc.sv:592]
WARNING: [Synth 8-5396] Clock pin C has keep related attribute (keep/mark_debug/dont_touch) which could create extra logic on its net [D:/Xilinx/Vivado/2024.1/data/ip/xpm/xpm_cdc/hdl/xpm_cdc.sv:592]
WARNING: [Synth 8-5396] Clock pin C has keep related attribute (keep/mark_debug/dont_touch) which could create extra logic on its net [D:/Xilinx/Vivado/2024.1/data/ip/xpm/xpm_cdc/hdl/xpm_cdc.sv:592]
WARNING: [Synth 8-5396] Clock pin C has keep related attribute (keep/mark_debug/dont_touch) which could create extra logic on its net [D:/Xilinx/Vivado/2024.1/data/ip/xpm/xpm_cdc/hdl/xpm_cdc.sv:592]
WARNING: [Synth 8-5396] Clock pin C has keep related attribute (keep/mark_debug/dont_touch) which could create extra logic on its net [D:/Xilinx/Vivado/2024.1/data/ip/xpm/xpm_cdc/hdl/xpm_cdc.sv:592]
WARNING: [Synth 8-5396] Clock pin C has keep related attribute (keep/mark_debug/dont_touch) which could create extra logic on its net [D:/Xilinx/Vivado/2024.1/data/ip/xpm/xpm_cdc/hdl/xpm_cdc.sv:592]
WARNING: [Synth 8-5396] Clock pin C has keep related attribute (keep/mark_debug/dont_touch) which could create extra logic on its net [D:/Xilinx/Vivado/2024.1/data/ip/xpm/xpm_cdc/hdl/xpm_cdc.sv:592]
WARNING: [Synth 8-5396] Clock pin C has keep related attribute (keep/mark_debug/dont_touch) which could create extra logic on its net [D:/Xilinx/Vivado/2024.1/data/ip/xpm/xpm_cdc/hdl/xpm_cdc.sv:592]
WARNING: [Synth 8-5396] Clock pin C has keep related attribute (keep/mark_debug/dont_touch) which could create extra logic on its net [D:/Xilinx/Vivado/2024.1/data/ip/xpm/xpm_cdc/hdl/xpm_cdc.sv:592]
WARNING: [Synth 8-5396] Clock pin C has keep related attribute (keep/mark_debug/dont_touch) which could create extra logic on its net [D:/Xilinx/Vivado/2024.1/data/ip/xpm/xpm_cdc/hdl/xpm_cdc.sv:592]
WARNING: [Synth 8-5396] Clock pin C has keep related attribute (keep/mark_debug/dont_touch) which could create extra logic on its net [D:/Xilinx/Vivado/2024.1/data/ip/xpm/xpm_cdc/hdl/xpm_cdc.sv:592]
WARNING: [Synth 8-5396] Clock pin C has keep related attribute (keep/mark_debug/dont_touch) which could create extra logic on its net [c:/Users/clb20123/Documents/FO-RFSoC-4YP/2x2_files/PLEASE/PLEASE.gen/sources_1/bd/PYNQ_Design/ipshared/80bf/hdl/axi_clock_converter_v2_1_vl_rfs.v:597]
WARNING: [Synth 8-5396] Clock pin C has keep related attribute (keep/mark_debug/dont_touch) which could create extra logic on its net [c:/Users/clb20123/Documents/FO-RFSoC-4YP/2x2_files/PLEASE/PLEASE.gen/sources_1/bd/PYNQ_Design/ipshared/80bf/hdl/axi_clock_converter_v2_1_vl_rfs.v:597]
WARNING: [Synth 8-5396] Clock pin C has keep related attribute (keep/mark_debug/dont_touch) which could create extra logic on its net [D:/Xilinx/Vivado/2024.1/data/ip/xpm/xpm_cdc/hdl/xpm_cdc.sv:594]
WARNING: [Synth 8-5396] Clock pin C has keep related attribute (keep/mark_debug/dont_touch) which could create extra logic on its net [D:/Xilinx/Vivado/2024.1/data/ip/xpm/xpm_cdc/hdl/xpm_cdc.sv:221]
WARNING: [Synth 8-5396] Clock pin C has keep related attribute (keep/mark_debug/dont_touch) which could create extra logic on its net [D:/Xilinx/Vivado/2024.1/data/ip/xpm/xpm_cdc/hdl/xpm_cdc.sv:221]
WARNING: [Synth 8-5396] Clock pin C has keep related attribute (keep/mark_debug/dont_touch) which could create extra logic on its net [D:/Xilinx/Vivado/2024.1/data/ip/xpm/xpm_cdc/hdl/xpm_cdc.sv:221]
WARNING: [Synth 8-5396] Clock pin C has keep related attribute (keep/mark_debug/dont_touch) which could create extra logic on its net [D:/Xilinx/Vivado/2024.1/data/ip/xpm/xpm_cdc/hdl/xpm_cdc.sv:592]
WARNING: [Synth 8-5396] Clock pin C has keep related attribute (keep/mark_debug/dont_touch) which could create extra logic on its net [D:/Xilinx/Vivado/2024.1/data/ip/xpm/xpm_cdc/hdl/xpm_cdc.sv:592]
WARNING: [Synth 8-5396] Clock pin C has keep related attribute (keep/mark_debug/dont_touch) which could create extra logic on its net [D:/Xilinx/Vivado/2024.1/data/ip/xpm/xpm_cdc/hdl/xpm_cdc.sv:592]
WARNING: [Synth 8-5396] Clock pin C has keep related attribute (keep/mark_debug/dont_touch) which could create extra logic on its net [D:/Xilinx/Vivado/2024.1/data/ip/xpm/xpm_cdc/hdl/xpm_cdc.sv:592]
WARNING: [Synth 8-5396] Clock pin C has keep related attribute (keep/mark_debug/dont_touch) which could create extra logic on its net [D:/Xilinx/Vivado/2024.1/data/ip/xpm/xpm_cdc/hdl/xpm_cdc.sv:592]
WARNING: [Synth 8-5396] Clock pin C has keep related attribute (keep/mark_debug/dont_touch) which could create extra logic on its net [D:/Xilinx/Vivado/2024.1/data/ip/xpm/xpm_cdc/hdl/xpm_cdc.sv:592]
WARNING: [Synth 8-5396] Clock pin C has keep related attribute (keep/mark_debug/dont_touch) which could create extra logic on its net [D:/Xilinx/Vivado/2024.1/data/ip/xpm/xpm_cdc/hdl/xpm_cdc.sv:592]
WARNING: [Synth 8-5396] Clock pin C has keep related attribute (keep/mark_debug/dont_touch) which could create extra logic on its net [D:/Xilinx/Vivado/2024.1/data/ip/xpm/xpm_cdc/hdl/xpm_cdc.sv:592]
WARNING: [Synth 8-5396] Clock pin C has keep related attribute (keep/mark_debug/dont_touch) which could create extra logic on its net [D:/Xilinx/Vivado/2024.1/data/ip/xpm/xpm_cdc/hdl/xpm_cdc.sv:592]
WARNING: [Synth 8-5396] Clock pin C has keep related attribute (keep/mark_debug/dont_touch) which could create extra logic on its net [D:/Xilinx/Vivado/2024.1/data/ip/xpm/xpm_cdc/hdl/xpm_cdc.sv:592]
WARNING: [Synth 8-5396] Clock pin C has keep related attribute (keep/mark_debug/dont_touch) which could create extra logic on its net [D:/Xilinx/Vivado/2024.1/data/ip/xpm/xpm_cdc/hdl/xpm_cdc.sv:592]
WARNING: [Synth 8-5396] Clock pin C has keep related attribute (keep/mark_debug/dont_touch) which could create extra logic on its net [D:/Xilinx/Vivado/2024.1/data/ip/xpm/xpm_cdc/hdl/xpm_cdc.sv:592]
WARNING: [Synth 8-5396] Clock pin C has keep related attribute (keep/mark_debug/dont_touch) which could create extra logic on its net [D:/Xilinx/Vivado/2024.1/data/ip/xpm/xpm_cdc/hdl/xpm_cdc.sv:592]
WARNING: [Synth 8-5396] Clock pin C has keep related attribute (keep/mark_debug/dont_touch) which could create extra logic on its net [D:/Xilinx/Vivado/2024.1/data/ip/xpm/xpm_cdc/hdl/xpm_cdc.sv:592]
WARNING: [Synth 8-5396] Clock pin C has keep related attribute (keep/mark_debug/dont_touch) which could create extra logic on its net [D:/Xilinx/Vivado/2024.1/data/ip/xpm/xpm_cdc/hdl/xpm_cdc.sv:592]
WARNING: [Synth 8-5396] Clock pin C has keep related attribute (keep/mark_debug/dont_touch) which could create extra logic on its net [D:/Xilinx/Vivado/2024.1/data/ip/xpm/xpm_cdc/hdl/xpm_cdc.sv:592]
WARNING: [Synth 8-5396] Clock pin C has keep related attribute (keep/mark_debug/dont_touch) which could create extra logic on its net [D:/Xilinx/Vivado/2024.1/data/ip/xpm/xpm_cdc/hdl/xpm_cdc.sv:592]
WARNING: [Synth 8-5396] Clock pin C has keep related attribute (keep/mark_debug/dont_touch) which could create extra logic on its net [D:/Xilinx/Vivado/2024.1/data/ip/xpm/xpm_cdc/hdl/xpm_cdc.sv:592]
WARNING: [Synth 8-5396] Clock pin C has keep related attribute (keep/mark_debug/dont_touch) which could create extra logic on its net [D:/Xilinx/Vivado/2024.1/data/ip/xpm/xpm_cdc/hdl/xpm_cdc.sv:592]
WARNING: [Synth 8-5396] Clock pin C has keep related attribute (keep/mark_debug/dont_touch) which could create extra logic on its net [D:/Xilinx/Vivado/2024.1/data/ip/xpm/xpm_cdc/hdl/xpm_cdc.sv:592]
WARNING: [Synth 8-5396] Clock pin C has keep related attribute (keep/mark_debug/dont_touch) which could create extra logic on its net [D:/Xilinx/Vivado/2024.1/data/ip/xpm/xpm_cdc/hdl/xpm_cdc.sv:592]
WARNING: [Synth 8-5396] Clock pin C has keep related attribute (keep/mark_debug/dont_touch) which could create extra logic on its net [D:/Xilinx/Vivado/2024.1/data/ip/xpm/xpm_cdc/hdl/xpm_cdc.sv:592]
WARNING: [Synth 8-5396] Clock pin C has keep related attribute (keep/mark_debug/dont_touch) which could create extra logic on its net [D:/Xilinx/Vivado/2024.1/data/ip/xpm/xpm_cdc/hdl/xpm_cdc.sv:592]
WARNING: [Synth 8-5396] Clock pin C has keep related attribute (keep/mark_debug/dont_touch) which could create extra logic on its net [D:/Xilinx/Vivado/2024.1/data/ip/xpm/xpm_cdc/hdl/xpm_cdc.sv:592]
WARNING: [Synth 8-5396] Clock pin C has keep related attribute (keep/mark_debug/dont_touch) which could create extra logic on its net [D:/Xilinx/Vivado/2024.1/data/ip/xpm/xpm_cdc/hdl/xpm_cdc.sv:592]
WARNING: [Synth 8-5396] Clock pin C has keep related attribute (keep/mark_debug/dont_touch) which could create extra logic on its net [D:/Xilinx/Vivado/2024.1/data/ip/xpm/xpm_cdc/hdl/xpm_cdc.sv:592]
WARNING: [Synth 8-5396] Clock pin C has keep related attribute (keep/mark_debug/dont_touch) which could create extra logic on its net [D:/Xilinx/Vivado/2024.1/data/ip/xpm/xpm_cdc/hdl/xpm_cdc.sv:592]
WARNING: [Synth 8-5396] Clock pin C has keep related attribute (keep/mark_debug/dont_touch) which could create extra logic on its net [D:/Xilinx/Vivado/2024.1/data/ip/xpm/xpm_cdc/hdl/xpm_cdc.sv:592]
WARNING: [Synth 8-5396] Clock pin C has keep related attribute (keep/mark_debug/dont_touch) which could create extra logic on its net [D:/Xilinx/Vivado/2024.1/data/ip/xpm/xpm_cdc/hdl/xpm_cdc.sv:592]
WARNING: [Synth 8-5396] Clock pin C has keep related attribute (keep/mark_debug/dont_touch) which could create extra logic on its net [D:/Xilinx/Vivado/2024.1/data/ip/xpm/xpm_cdc/hdl/xpm_cdc.sv:592]
WARNING: [Synth 8-5396] Clock pin C has keep related attribute (keep/mark_debug/dont_touch) which could create extra logic on its net [D:/Xilinx/Vivado/2024.1/data/ip/xpm/xpm_cdc/hdl/xpm_cdc.sv:592]
WARNING: [Synth 8-5396] Clock pin C has keep related attribute (keep/mark_debug/dont_touch) which could create extra logic on its net [D:/Xilinx/Vivado/2024.1/data/ip/xpm/xpm_cdc/hdl/xpm_cdc.sv:592]
WARNING: [Synth 8-5396] Clock pin C has keep related attribute (keep/mark_debug/dont_touch) which could create extra logic on its net [D:/Xilinx/Vivado/2024.1/data/ip/xpm/xpm_cdc/hdl/xpm_cdc.sv:592]
WARNING: [Synth 8-5396] Clock pin C has keep related attribute (keep/mark_debug/dont_touch) which could create extra logic on its net [D:/Xilinx/Vivado/2024.1/data/ip/xpm/xpm_cdc/hdl/xpm_cdc.sv:592]
WARNING: [Synth 8-5396] Clock pin C has keep related attribute (keep/mark_debug/dont_touch) which could create extra logic on its net [D:/Xilinx/Vivado/2024.1/data/ip/xpm/xpm_cdc/hdl/xpm_cdc.sv:592]
WARNING: [Synth 8-5396] Clock pin C has keep related attribute (keep/mark_debug/dont_touch) which could create extra logic on its net [D:/Xilinx/Vivado/2024.1/data/ip/xpm/xpm_cdc/hdl/xpm_cdc.sv:592]
WARNING: [Synth 8-5396] Clock pin C has keep related attribute (keep/mark_debug/dont_touch) which could create extra logic on its net [c:/Users/clb20123/Documents/FO-RFSoC-4YP/2x2_files/PLEASE/PLEASE.gen/sources_1/bd/PYNQ_Design/ipshared/80bf/hdl/axi_clock_converter_v2_1_vl_rfs.v:597]
WARNING: [Synth 8-5396] Clock pin C has keep related attribute (keep/mark_debug/dont_touch) which could create extra logic on its net [c:/Users/clb20123/Documents/FO-RFSoC-4YP/2x2_files/PLEASE/PLEASE.gen/sources_1/bd/PYNQ_Design/ipshared/80bf/hdl/axi_clock_converter_v2_1_vl_rfs.v:597]
WARNING: [Synth 8-5396] Clock pin C has keep related attribute (keep/mark_debug/dont_touch) which could create extra logic on its net [D:/Xilinx/Vivado/2024.1/data/ip/xpm/xpm_cdc/hdl/xpm_cdc.sv:583]
WARNING: [Synth 8-5396] Clock pin C has keep related attribute (keep/mark_debug/dont_touch) which could create extra logic on its net [D:/Xilinx/Vivado/2024.1/data/ip/xpm/xpm_cdc/hdl/xpm_cdc.sv:221]
WARNING: [Synth 8-5396] Clock pin C has keep related attribute (keep/mark_debug/dont_touch) which could create extra logic on its net [D:/Xilinx/Vivado/2024.1/data/ip/xpm/xpm_cdc/hdl/xpm_cdc.sv:221]
WARNING: [Synth 8-5396] Clock pin C has keep related attribute (keep/mark_debug/dont_touch) which could create extra logic on its net [D:/Xilinx/Vivado/2024.1/data/ip/xpm/xpm_cdc/hdl/xpm_cdc.sv:221]
WARNING: [Synth 8-5396] Clock pin C has keep related attribute (keep/mark_debug/dont_touch) which could create extra logic on its net [D:/Xilinx/Vivado/2024.1/data/ip/xpm/xpm_cdc/hdl/xpm_cdc.sv:588]
INFO: [Common 17-14] Message 'Synth 8-5396' appears 100 times and further instances of the messages will be disabled. Use the Tcl command set_msg_config to change the current settings.
---------------------------------------------------------------------------------
Finished IO Insertion : Time (s): cpu = 00:06:09 ; elapsed = 00:06:31 . Memory (MB): peak = 4484.195 ; gain = 2624.691
---------------------------------------------------------------------------------
---------------------------------------------------------------------------------
Start Renaming Generated Instances
---------------------------------------------------------------------------------
---------------------------------------------------------------------------------
Finished Renaming Generated Instances : Time (s): cpu = 00:06:09 ; elapsed = 00:06:31 . Memory (MB): peak = 4484.195 ; gain = 2624.691
---------------------------------------------------------------------------------
---------------------------------------------------------------------------------
Start Rebuilding User Hierarchy
---------------------------------------------------------------------------------
---------------------------------------------------------------------------------
Finished Rebuilding User Hierarchy : Time (s): cpu = 00:06:20 ; elapsed = 00:06:41 . Memory (MB): peak = 4486.816 ; gain = 2627.312
---------------------------------------------------------------------------------
---------------------------------------------------------------------------------
Start Renaming Generated Ports
---------------------------------------------------------------------------------
---------------------------------------------------------------------------------
Finished Renaming Generated Ports : Time (s): cpu = 00:06:20 ; elapsed = 00:06:42 . Memory (MB): peak = 4486.816 ; gain = 2627.312
---------------------------------------------------------------------------------
---------------------------------------------------------------------------------
Start Handling Custom Attributes
---------------------------------------------------------------------------------
---------------------------------------------------------------------------------
Finished Handling Custom Attributes : Time (s): cpu = 00:06:21 ; elapsed = 00:06:43 . Memory (MB): peak = 4487.863 ; gain = 2628.359
---------------------------------------------------------------------------------
---------------------------------------------------------------------------------
Start Renaming Generated Nets
---------------------------------------------------------------------------------
---------------------------------------------------------------------------------
Finished Renaming Generated Nets : Time (s): cpu = 00:06:21 ; elapsed = 00:06:43 . Memory (MB): peak = 4487.863 ; gain = 2628.359
---------------------------------------------------------------------------------
---------------------------------------------------------------------------------
Start Writing Synthesis Report
---------------------------------------------------------------------------------

DSP Final Report (the ' indicates corresponding REG is set)
+------------+------------------------+--------+--------+--------+--------+--------+------+------+------+------+-------+------+------+
|Module Name | DSP Mapping            | A Size | B Size | C Size | D Size | P Size | AREG | BREG | CREG | DREG | ADREG | MREG | PREG | 
+------------+------------------------+--------+--------+--------+--------+--------+------+------+------+------+-------+------+------+
|calc_535    | (PCIN+((D'+A')'*B')')' | 16     | 0      | -      | 16     | 48     | 1    | 1    | -    | 1    | 1     | 1    | 1    | 
|calc_534    | (PCIN+((D'+A')'*B')')' | 16     | 0      | -      | 16     | 48     | 1    | 1    | -    | 1    | 1     | 1    | 1    | 
|calc_533    | (PCIN+((D'+A')'*B')')' | 16     | 1      | -      | 16     | 48     | 1    | 1    | -    | 1    | 1     | 1    | 1    | 
|calc_532    | (PCIN+((D'+A')'*B')')' | 16     | 0      | -      | 16     | 48     | 1    | 1    | -    | 1    | 1     | 1    | 1    | 
|calc_531    | (PCIN+((D'+A')'*B')')' | 16     | 1      | -      | 16     | 48     | 1    | 1    | -    | 1    | 1     | 1    | 1    | 
|calc_530    | (PCIN+((D'+A')'*B')')' | 16     | 0      | -      | 16     | 48     | 1    | 1    | -    | 1    | 1     | 1    | 1    | 
|calc_529    | (PCIN+((D'+A')'*B')')' | 16     | 1      | -      | 16     | 48     | 1    | 1    | -    | 1    | 1     | 1    | 1    | 
|calc_528    | (PCIN+((D'+A')'*B')')' | 16     | 0      | -      | 16     | 48     | 1    | 1    | -    | 1    | 1     | 1    | 1    | 
|calc_527    | (PCIN+((D'+A')'*B')')' | 16     | 2      | -      | 16     | 48     | 1    | 1    | -    | 1    | 1     | 1    | 1    | 
|calc_526    | (PCIN+((D'+A')'*B')')' | 16     | 0      | -      | 16     | 48     | 1    | 1    | -    | 1    | 1     | 1    | 1    | 
|calc_525    | (PCIN+((D'+A')'*B')')' | 16     | 2      | -      | 16     | 48     | 1    | 1    | -    | 1    | 1     | 1    | 1    | 
|calc_524    | (PCIN+((D'+A')'*B')')' | 16     | 0      | -      | 16     | 48     | 1    | 1    | -    | 1    | 1     | 1    | 1    | 
|calc_523    | (PCIN+((D'+A')'*B')')' | 16     | 0      | -      | 16     | 48     | 1    | 1    | -    | 1    | 1     | 1    | 1    | 
|calc_522    | (PCIN+((D'+A')'*B')')' | 16     | 2      | -      | 16     | 48     | 1    | 1    | -    | 1    | 1     | 1    | 1    | 
|calc_521    | (PCIN+((D'+A')'*B')')' | 16     | 0      | -      | 16     | 48     | 1    | 1    | -    | 1    | 1     | 1    | 1    | 
|calc_520    | (PCIN+((D'+A')'*B')')' | 16     | 3      | -      | 16     | 48     | 1    | 1    | -    | 1    | 1     | 1    | 1    | 
|calc_519    | (PCIN+((D'+A')'*B')')' | 16     | 0      | -      | 16     | 48     | 1    | 1    | -    | 1    | 1     | 1    | 1    | 
|calc_518    | (PCIN+((D'+A')'*B')')' | 16     | 3      | -      | 16     | 48     | 1    | 1    | -    | 1    | 1     | 1    | 1    | 
|calc_517    | (PCIN+((D'+A')'*B')')' | 16     | 0      | -      | 16     | 48     | 1    | 1    | -    | 1    | 1     | 1    | 1    | 
|calc_516    | (PCIN+((D'+A')'*B')')' | 16     | 4      | -      | 16     | 48     | 1    | 1    | -    | 1    | 1     | 1    | 1    | 
|calc_515    | (PCIN+((D'+A')'*B')')' | 16     | 0      | -      | 16     | 48     | 1    | 1    | -    | 1    | 1     | 1    | 1    | 
|calc_514    | (PCIN+((D'+A')'*B')')' | 16     | 4      | -      | 16     | 48     | 1    | 1    | -    | 1    | 1     | 1    | 1    | 
|calc_513    | (PCIN+((D'+A')'*B')')' | 16     | 0      | -      | 16     | 48     | 1    | 1    | -    | 1    | 1     | 1    | 1    | 
|calc_512    | (PCIN+((D'+A')'*B')')' | 16     | 0      | -      | 16     | 48     | 1    | 1    | -    | 1    | 1     | 1    | 1    | 
|calc_511    | (PCIN+((D'+A')'*B')')' | 16     | 4      | -      | 16     | 48     | 1    | 1    | -    | 1    | 1     | 1    | 1    | 
|calc_510    | (PCIN+((D'+A')'*B')')' | 16     | 0      | -      | 16     | 48     | 1    | 1    | -    | 1    | 1     | 1    | 1    | 
|calc_509    | (PCIN+((D'+A')'*B')')' | 16     | 5      | -      | 16     | 48     | 1    | 1    | -    | 1    | 1     | 1    | 1    | 
|calc_508    | (PCIN+((D'+A')'*B')')' | 16     | 0      | -      | 16     | 48     | 1    | 1    | -    | 1    | 1     | 1    | 1    | 
|calc_507    | (PCIN+((D'+A')'*B')')' | 16     | 5      | -      | 16     | 48     | 1    | 1    | -    | 1    | 1     | 1    | 1    | 
|calc_506    | (PCIN+((D'+A')'*B')')' | 16     | 0      | -      | 16     | 48     | 1    | 1    | -    | 1    | 1     | 1    | 1    | 
|calc_505    | (PCIN+((D'+A')'*B')')' | 16     | 6      | -      | 16     | 48     | 1    | 1    | -    | 1    | 1     | 1    | 1    | 
|calc_504    | (PCIN+((D'+A')'*B')')' | 16     | 0      | -      | 16     | 48     | 1    | 1    | -    | 1    | 1     | 1    | 1    | 
|calc_503    | (PCIN+((D'+A')'*B')')' | 16     | 6      | -      | 16     | 48     | 1    | 1    | -    | 1    | 1     | 1    | 1    | 
|calc_502    | (PCIN+((D'+A')'*B')')' | 16     | 0      | -      | 16     | 48     | 1    | 1    | -    | 1    | 1     | 1    | 1    | 
|calc_501    | (PCIN+((D'+A')'*B')')' | 16     | 0      | -      | 16     | 48     | 1    | 1    | -    | 1    | 1     | 1    | 1    | 
|calc_500    | (PCIN+((D'+A')'*B')')' | 16     | 7      | -      | 16     | 48     | 1    | 1    | -    | 1    | 1     | 1    | 1    | 
|calc_499    | (PCIN+((D'+A')'*B')')' | 16     | 0      | -      | 16     | 48     | 1    | 1    | -    | 1    | 1     | 1    | 1    | 
|calc_498    | (PCIN+((D'+A')'*B')')' | 16     | 8      | -      | 16     | 48     | 1    | 1    | -    | 1    | 1     | 1    | 1    | 
|calc_497    | (PCIN+((D'+A')'*B')')' | 16     | 0      | -      | 16     | 48     | 1    | 1    | -    | 1    | 1     | 1    | 1    | 
|calc_496    | (PCIN+((D'+A')'*B')')' | 16     | 9      | -      | 16     | 48     | 1    | 1    | -    | 1    | 1     | 1    | 1    | 
|calc_495    | (PCIN+((D'+A')'*B')')' | 16     | 0      | -      | 16     | 48     | 1    | 1    | -    | 1    | 1     | 1    | 1    | 
|calc_494    | (PCIN+((D'+A')'*B')')' | 16     | 10     | -      | 16     | 48     | 1    | 1    | -    | 1    | 1     | 1    | 1    | 
|calc_493    | (PCIN+((D'+A')'*B')')' | 16     | 0      | -      | 16     | 48     | 1    | 1    | -    | 1    | 1     | 1    | 1    | 
|calc_492    | (PCIN+((D'+A')'*B')')' | 16     | 13     | -      | 16     | 48     | 1    | 1    | -    | 1    | 1     | 1    | 1    | 
|calc_491    | (PCIN+((D'+A')'*B')')' | 16     | 0      | -      | 16     | 48     | 1    | 1    | -    | 1    | 1     | 1    | 1    | 
|calc_490    | (C'+((D'+B')')'        | -      | 15     | 0      | 16     | 48     | -    | 1    | 1    | 1    | 1     | 1    | 1    | 
|calc_489    | (PCIN+((D'+A')'*B')')' | 16     | 0      | -      | 16     | 48     | 1    | 1    | -    | 1    | 1     | 1    | 1    | 
|calc_488    | (PCIN+((D'+A')'*B')')' | 16     | 0      | -      | 16     | 48     | 1    | 1    | -    | 1    | 1     | 1    | 1    | 
|calc_487    | (PCIN+((D'+A')'*B')')' | 16     | 0      | -      | 16     | 48     | 1    | 1    | -    | 1    | 1     | 1    | 1    | 
|calc_486    | (PCIN+((D'+A')'*B')')' | 16     | 0      | -      | 16     | 48     | 1    | 1    | -    | 1    | 1     | 1    | 1    | 
|calc        | (PCIN+((D'+A')'*B')')' | 16     | 1      | -      | 16     | 48     | 1    | 1    | -    | 1    | 1     | 1    | 1    | 
|dsp         | ((A'*B')')'            | 16     | 18     | -      | -      | 32     | 1    | 1    | -    | -    | -     | 1    | 1    | 
|dsp         | (A'*B')'               | 30     | 18     | -      | -      | 32     | 1    | 1    | -    | -    | -     | 0    | 1    | 
+------------+------------------------+--------+--------+--------+--------+--------+------+------+------+------+-------+------+------+


Report BlackBoxes: 
+-+--------------+----------+
| |BlackBox name |Instances |
+-+--------------+----------+
+-+--------------+----------+

Report Cell Usage: 
+------+----------------+------+
|      |Cell            |Count |
+------+----------------+------+
|1     |BUFG            |     2|
|2     |BUFG_GT         |     2|
|3     |BUFG_PS         |     1|
|4     |CARRY4          |    63|
|5     |CARRY8          |    83|
|6     |CFGLUT5         |   177|
|7     |DSP_ALU         |    53|
|8     |DSP_A_B_DATA    |    53|
|9     |DSP_C_DATA      |    53|
|10    |DSP_MULTIPLIER  |    53|
|11    |DSP_M_DATA      |    53|
|12    |DSP_OUTPUT      |    53|
|13    |DSP_PREADD      |    53|
|14    |DSP_PREADD_DATA |    53|
|15    |HSADC           |     4|
|16    |HSDAC           |     2|
|17    |LUT1            |   661|
|18    |LUT2            |  1176|
|19    |LUT3            |  1889|
|20    |LUT4            |  1715|
|21    |LUT5            |  1973|
|22    |LUT6            |  3915|
|23    |MMCME4_ADV      |     1|
|24    |MUXCY           |    80|
|25    |MUXF7           |    81|
|26    |PS8             |     1|
|27    |RAM32M          |     1|
|28    |RAM32M16        |    42|
|29    |RAM32X1D        |     3|
|30    |RAMB18E2        |    10|
|31    |RAMB36E2        |    19|
|32    |SRL16           |     5|
|33    |SRL16E          |  1467|
|34    |SRLC16E         |     4|
|35    |SRLC32E         |   875|
|36    |FDCE            |   123|
|37    |FDE             |    76|
|38    |FDPE            |    33|
|39    |FDR             |    36|
|40    |FDRE            | 14361|
|41    |FDSE            |   442|
|42    |OBUF            |     1|
+------+----------------+------+
---------------------------------------------------------------------------------
Finished Writing Synthesis Report : Time (s): cpu = 00:06:22 ; elapsed = 00:06:43 . Memory (MB): peak = 4487.863 ; gain = 2628.359
---------------------------------------------------------------------------------
Synthesis finished with 0 errors, 0 critical warnings and 1821 warnings.
Synthesis Optimization Runtime : Time (s): cpu = 00:01:43 ; elapsed = 00:04:44 . Memory (MB): peak = 4488.402 ; gain = 2369.051
Synthesis Optimization Complete : Time (s): cpu = 00:06:22 ; elapsed = 00:06:52 . Memory (MB): peak = 4488.402 ; gain = 2628.898
INFO: [Project 1-571] Translating synthesized netlist
Netlist sorting complete. Time (s): cpu = 00:00:02 ; elapsed = 00:00:02 . Memory (MB): peak = 4488.402 ; gain = 0.000
INFO: [Netlist 29-17] Analyzing 703 Unisim elements for replacement
INFO: [Netlist 29-28] Unisim Transformation completed in 1 CPU seconds
INFO: [Project 1-570] Preparing netlist for logic optimization
INFO: [Chipscope 16-324] Core: PYNQ_Design_i/RX/system_ila_1/U0/ila_lib UUID: 4f880629-31ce-5c66-bb67-99a734a8a49d 
INFO: [Chipscope 16-324] Core: PYNQ_Design_i/TX/system_ila_0/U0/ila_lib UUID: 6f6b234f-556f-5949-b313-826bcb045b37 
INFO: [Opt 31-138] Pushed 0 inverter(s) to 0 load pin(s).
INFO: [Opt 31-441] Inserted BUFG_GT_SYNC PYNQ_Design_i/usp_rf_data_converter_0/inst/PYNQ_Design_usp_rf_data_converter_0_0_rf_wrapper_i/BUFG_GT_SYNC for BUFG_GT PYNQ_Design_i/usp_rf_data_converter_0/inst/i_PYNQ_Design_usp_rf_data_converter_0_0_bufg_gt_ctrl/adc0_bufg_gt
INFO: [Opt 31-441] Inserted BUFG_GT_SYNC PYNQ_Design_i/usp_rf_data_converter_0/inst/PYNQ_Design_usp_rf_data_converter_0_0_rf_wrapper_i/BUFG_GT_SYNC_1 for BUFG_GT PYNQ_Design_i/usp_rf_data_converter_0/inst/i_PYNQ_Design_usp_rf_data_converter_0_0_bufg_gt_ctrl/dac0_bufg_gt
INFO: [Opt 31-326] The CLKFBOUT to CLKFBIN net for instance PYNQ_Design_i/RX/clk_wiz_0/inst/mmcme4_adv_inst with COMPENSATION=INTERNAL is optimized away to aid design routability
Netlist sorting complete. Time (s): cpu = 00:00:00 ; elapsed = 00:00:00.018 . Memory (MB): peak = 4553.992 ; gain = 0.000
INFO: [Project 1-111] Unisim Transformation Summary:
  A total of 448 instances were transformed.
  (CARRY4) => CARRY8: 53 instances
  BUFG => BUFGCE: 2 instances
  CFGLUT5 => CFGLUT5 (SRL16E, SRLC32E): 152 instances
  CFGLUT5 => SRLC32E: 25 instances
  DSP48E2 => DSP48E2 (DSP_ALU, DSP_A_B_DATA, DSP_C_DATA, DSP_MULTIPLIER, DSP_M_DATA, DSP_OUTPUT, DSP_PREADD, DSP_PREADD_DATA): 53 instances
  FDE => FDRE: 76 instances
  FDR => FDRE: 36 instances
  RAM32M => RAM32M (RAMD32(x6), RAMS32(x2)): 1 instance 
  RAM32M16 => RAM32M16 (RAMD32(x14), RAMS32(x2)): 42 instances
  RAM32X1D => RAM32X1D (RAMD32(x2)): 3 instances
  SRL16 => SRL16E: 5 instances

Synth Design complete | Checksum: 45649061
INFO: [Common 17-83] Releasing license: Synthesis
1018 Infos, 599 Warnings, 0 Critical Warnings and 0 Errors encountered.
synth_design completed successfully
synth_design: Time (s): cpu = 00:07:07 ; elapsed = 00:07:52 . Memory (MB): peak = 4553.992 ; gain = 3801.195
Write ShapeDB Complete: Time (s): cpu = 00:00:00 ; elapsed = 00:00:00.108 . Memory (MB): peak = 4553.992 ; gain = 0.000
INFO: [Common 17-1381] The checkpoint 'C:/Users/clb20123/Documents/FO-RFSoC-4YP/2x2_files/PLEASE/PLEASE.runs/synth_1/PYNQ_Design_wrapper.dcp' has been generated.
write_checkpoint: Time (s): cpu = 00:00:18 ; elapsed = 00:00:18 . Memory (MB): peak = 4553.992 ; gain = 0.000
INFO: [Vivado 12-24828] Executing command : report_utilization -file PYNQ_Design_wrapper_utilization_synth.rpt -pb PYNQ_Design_wrapper_utilization_synth.pb
INFO: [Common 17-206] Exiting Vivado at Tue Mar 18 12:25:56 2025...
