Copyright 1986-2022 Xilinx, Inc. All Rights Reserved. Copyright 2022-2024 Advanced Micro Devices, Inc. All Rights Reserved.
--------------------------------------------------------------------------------------------------------------------------------------------------------------------------------------------------------------------------------------------------
| Tool Version      : Vivado v.2024.1 (win64) Build 5076996 Wed May 22 18:37:14 MDT 2024
| Date              : Wed Feb 26 09:02:20 2025
| Host              : EEE-R446-34 running 64-bit major release  (build 9200)
| Command           : report_timing_summary -max_paths 10 -report_unconstrained -file design_1_wrapper_timing_summary_routed.rpt -pb design_1_wrapper_timing_summary_routed.pb -rpx design_1_wrapper_timing_summary_routed.rpx -warn_on_violation
| Design            : design_1_wrapper
| Device            : xczu28dr-ffvg1517
| Speed File        : -2  PRODUCTION 1.30 05-03-2022
| Design State      : Routed
| Temperature Grade : E
--------------------------------------------------------------------------------------------------------------------------------------------------------------------------------------------------------------------------------------------------

Timing Summary Report

------------------------------------------------------------------------------------------------
| Timer Settings
| --------------
------------------------------------------------------------------------------------------------

  Enable Multi Corner Analysis               :  Yes
  Enable Pessimism Removal                   :  Yes
  Pessimism Removal Resolution               :  Nearest Common Node
  Enable Input Delay Default Clock           :  No
  Enable Preset / Clear Arcs                 :  No
  Disable Flight Delays                      :  No
  Ignore I/O Paths                           :  No
  Timing Early Launch at Borrowing Latches   :  No
  Borrow Time for Max Delay Exceptions       :  Yes
  Merge Timing Exceptions                    :  Yes
  Inter-SLR Compensation                     :  Conservative

  Corner  Analyze    Analyze    
  Name    Max Paths  Min Paths  
  ------  ---------  ---------  
  Slow    Yes        Yes        
  Fast    Yes        Yes        


------------------------------------------------------------------------------------------------
| Report Methodology
| ------------------
------------------------------------------------------------------------------------------------

No report available as report_methodology has not been run prior. Run report_methodology on the current design for the summary of methodology violations.



check_timing report

Table of Contents
-----------------
1. checking no_clock (2)
2. checking constant_clock (0)
3. checking pulse_width_clock (0)
4. checking unconstrained_internal_endpoints (0)
5. checking no_input_delay (0)
6. checking no_output_delay (0)
7. checking multiple_clock (0)
8. checking generated_clocks (0)
9. checking loops (0)
10. checking partial_input_delay (0)
11. checking partial_output_delay (0)
12. checking latch_loops (0)

1. checking no_clock (2)
------------------------
 There are 2 register/latch pins with no clock (HIGH)


2. checking constant_clock (0)
------------------------------
 There are 0 register/latch pins with constant_clock.


3. checking pulse_width_clock (0)
---------------------------------
 There are 0 register/latch pins which need pulse_width check


4. checking unconstrained_internal_endpoints (0)
------------------------------------------------
 There are 0 pins that are not constrained for maximum delay.

 There are 0 pins that are not constrained for maximum delay due to constant clock.


5. checking no_input_delay (0)
------------------------------
 There are 0 input ports with no input delay specified.

 There are 0 input ports with no input delay but user has a false path constraint.


6. checking no_output_delay (0)
-------------------------------
 There are 0 ports with no output delay specified.

 There are 0 ports with no output delay but user has a false path constraint

 There are 0 ports with no output delay but with a timing clock defined on it or propagating through it


7. checking multiple_clock (0)
------------------------------
 There are 0 register/latch pins with multiple clocks.


8. checking generated_clocks (0)
--------------------------------
 There are 0 generated clocks that are not connected to a clock source.


9. checking loops (0)
---------------------
 There are 0 combinational loops in the design.


10. checking partial_input_delay (0)
------------------------------------
 There are 0 input ports with partial input delay specified.


11. checking partial_output_delay (0)
-------------------------------------
 There are 0 ports with partial output delay specified.


12. checking latch_loops (0)
----------------------------
 There are 0 combinational latch loops in the design through latch input



------------------------------------------------------------------------------------------------
| Design Timing Summary
| ---------------------
------------------------------------------------------------------------------------------------

    WNS(ns)      TNS(ns)  TNS Failing Endpoints  TNS Total Endpoints      WHS(ns)      THS(ns)  THS Failing Endpoints  THS Total Endpoints     WPWS(ns)     TPWS(ns)  TPWS Failing Endpoints  TPWS Total Endpoints  
    -------      -------  ---------------------  -------------------      -------      -------  ---------------------  -------------------     --------     --------  ----------------------  --------------------  
      3.795        0.000                      0                21906        0.003        0.000                      0                21906        3.556        0.000                       0                  6786  


All user specified timing constraints are met.


------------------------------------------------------------------------------------------------
| Clock Summary
| -------------
------------------------------------------------------------------------------------------------

Clock             Waveform(ns)       Period(ns)      Frequency(MHz)
-----             ------------       ----------      --------------
RFADC0_CLK        {0.000 32.000}     64.000          15.625          
RFADC0_CLK_dummy  {0.000 32.000}     64.000          15.625          
RFADC1_CLK        {0.000 5.000}      10.000          100.000         
RFADC1_CLK_dummy  {0.000 5.000}      10.000          100.000         
RFADC1_FABCLK0    {0.000 5.000}      10.000          100.000         
RFADC1_FABCLK1    {0.000 5.000}      10.000          100.000         
RFADC1_FABCLK2    {0.000 5.000}      10.000          100.000         
RFADC1_FABCLK3    {0.000 5.000}      10.000          100.000         
RFADC2_CLK        {0.000 5.000}      10.000          100.000         
RFADC2_CLK_dummy  {0.000 5.000}      10.000          100.000         
RFADC2_FABCLK0    {0.000 5.000}      10.000          100.000         
RFADC2_FABCLK1    {0.000 5.000}      10.000          100.000         
RFADC2_FABCLK2    {0.000 5.000}      10.000          100.000         
RFADC2_FABCLK3    {0.000 5.000}      10.000          100.000         
RFADC3_CLK        {0.000 5.000}      10.000          100.000         
RFADC3_CLK_dummy  {0.000 5.000}      10.000          100.000         
RFADC3_FABCLK0    {0.000 5.000}      10.000          100.000         
RFADC3_FABCLK1    {0.000 5.000}      10.000          100.000         
RFADC3_FABCLK2    {0.000 5.000}      10.000          100.000         
RFADC3_FABCLK3    {0.000 5.000}      10.000          100.000         
RFDAC0_CLK        {0.000 10.000}     20.000          50.000          
RFDAC1_CLK        {0.000 5.000}      10.000          100.000         
RFDAC1_FABCLK0    {0.000 5.000}      10.000          100.000         
RFDAC1_FABCLK1    {0.000 5.000}      10.000          100.000         
RFDAC1_FABCLK2    {0.000 5.000}      10.000          100.000         
RFDAC1_FABCLK3    {0.000 5.000}      10.000          100.000         
clk_pl_0          {0.000 5.156}      10.312          96.974          


------------------------------------------------------------------------------------------------
| Intra Clock Table
| -----------------
------------------------------------------------------------------------------------------------

Clock             WNS(ns)      TNS(ns)  TNS Failing Endpoints  TNS Total Endpoints      WHS(ns)      THS(ns)  THS Failing Endpoints  THS Total Endpoints     WPWS(ns)     TPWS(ns)  TPWS Failing Endpoints  TPWS Total Endpoints  
-----             -------      -------  ---------------------  -------------------      -------      -------  ---------------------  -------------------     --------     --------  ----------------------  --------------------  
clk_pl_0            3.795        0.000                      0                21906        0.003        0.000                      0                21906        3.556        0.000                       0                  6786  


------------------------------------------------------------------------------------------------
| Inter Clock Table
| -----------------
------------------------------------------------------------------------------------------------

From Clock    To Clock          WNS(ns)      TNS(ns)  TNS Failing Endpoints  TNS Total Endpoints      WHS(ns)      THS(ns)  THS Failing Endpoints  THS Total Endpoints  
----------    --------          -------      -------  ---------------------  -------------------      -------      -------  ---------------------  -------------------  


------------------------------------------------------------------------------------------------
| Other Path Groups Table
| -----------------------
------------------------------------------------------------------------------------------------

Path Group    From Clock    To Clock          WNS(ns)      TNS(ns)  TNS Failing Endpoints  TNS Total Endpoints      WHS(ns)      THS(ns)  THS Failing Endpoints  THS Total Endpoints  
----------    ----------    --------          -------      -------  ---------------------  -------------------      -------      -------  ---------------------  -------------------  


------------------------------------------------------------------------------------------------
| User Ignored Path Table
| -----------------------
------------------------------------------------------------------------------------------------

Path Group    From Clock    To Clock    
----------    ----------    --------    
(none)                      clk_pl_0      
(none)        RFADC0_CLK    clk_pl_0      
(none)        RFADC1_CLK    clk_pl_0      
(none)        RFADC2_CLK    clk_pl_0      
(none)        RFADC3_CLK    clk_pl_0      
(none)        RFDAC0_CLK    clk_pl_0      
(none)        RFDAC1_CLK    clk_pl_0      
(none)        clk_pl_0      clk_pl_0      


------------------------------------------------------------------------------------------------
| Unconstrained Path Table
| ------------------------
------------------------------------------------------------------------------------------------

Path Group    From Clock    To Clock    
----------    ----------    --------    
(none)        clk_pl_0                    
(none)                      clk_pl_0      


------------------------------------------------------------------------------------------------
| Timing Details
| --------------
------------------------------------------------------------------------------------------------


---------------------------------------------------------------------------------------------------
From Clock:  clk_pl_0
  To Clock:  clk_pl_0

Setup :            0  Failing Endpoints,  Worst Slack        3.795ns,  Total Violation        0.000ns
Hold  :            0  Failing Endpoints,  Worst Slack        0.003ns,  Total Violation        0.000ns
PW    :            0  Failing Endpoints,  Worst Slack        3.556ns,  Total Violation        0.000ns
---------------------------------------------------------------------------------------------------


Max Delay Paths
--------------------------------------------------------------------------------------
Slack (MET) :             3.795ns  (required time - arrival time)
  Source:                 design_1_i/usp_rf_data_converter_0/inst/i_axi_lite_ipif/I_SLAVE_ATTACHMENT/bus2ip_addr_reg_reg[17]/C
                            (rising edge-triggered cell FDRE clocked by clk_pl_0  {rise@0.000ns fall@5.156ns period=10.312ns})
  Destination:            design_1_i/usp_rf_data_converter_0/inst/i_axi_lite_ipif/I_SLAVE_ATTACHMENT/DATA_PHASE_WDT.I_DPTO_COUNTER/icount_out_reg[12]/D
                            (rising edge-triggered cell FDRE clocked by clk_pl_0  {rise@0.000ns fall@5.156ns period=10.312ns})
  Path Group:             clk_pl_0
  Path Type:              Setup (Max at Slow Process Corner)
  Requirement:            10.312ns  (clk_pl_0 rise@10.312ns - clk_pl_0 rise@0.000ns)
  Data Path Delay:        6.336ns  (logic 0.978ns (15.436%)  route 5.358ns (84.564%))
  Logic Levels:           10  (CARRY8=2 LUT3=1 LUT6=7)
  Clock Path Skew:        -0.047ns (DCD - SCD + CPR)
    Destination Clock Delay (DCD):    1.648ns = ( 11.960 - 10.312 ) 
    Source Clock Delay      (SCD):    1.893ns
    Clock Pessimism Removal (CPR):    0.198ns
  Clock Uncertainty:      0.159ns  ((TSJ^2 + DJ^2)^1/2) / 2 + PE
    Total System Jitter     (TSJ):    0.071ns
    Discrete Jitter          (DJ):    0.310ns
    Phase Error              (PE):    0.000ns
  Clock Net Delay (Source):      1.667ns (routing 0.467ns, distribution 1.200ns)
  Clock Net Delay (Destination): 1.466ns (routing 0.423ns, distribution 1.043ns)

    Location             Delay type                Incr(ns)  Path(ns)    Netlist Resource(s)
  -------------------------------------------------------------------    -------------------
                         (clock clk_pl_0 rise edge)
                                                      0.000     0.000 r  
    PS8_X0Y0             PS8                          0.000     0.000 r  design_1_i/zynq_ultra_ps_e_0/U0/PS8_i/PLCLK[0]
                         net (fo=1, routed)           0.198     0.198    design_1_i/zynq_ultra_ps_e_0/U0/pl_clk_unbuffered[0]
    BUFG_PS_X0Y58        BUFG_PS (Prop_BUFG_PS_I_O)
                                                      0.028     0.226 r  design_1_i/zynq_ultra_ps_e_0/U0/buffer_pl_clk_0.PL_CLK_0_BUFG/O
    X2Y2 (CLOCK_ROOT)    net (fo=6912, routed)        1.667     1.893    design_1_i/usp_rf_data_converter_0/inst/i_axi_lite_ipif/I_SLAVE_ATTACHMENT/s_axi_aclk
    SLICE_X48Y127        FDRE                                         r  design_1_i/usp_rf_data_converter_0/inst/i_axi_lite_ipif/I_SLAVE_ATTACHMENT/bus2ip_addr_reg_reg[17]/C
  -------------------------------------------------------------------    -------------------
    SLICE_X48Y127        FDRE (Prop_CFF_SLICEM_C_Q)
                                                      0.078     1.971 f  design_1_i/usp_rf_data_converter_0/inst/i_axi_lite_ipif/I_SLAVE_ATTACHMENT/bus2ip_addr_reg_reg[17]/Q
                         net (fo=60, routed)          2.258     4.228    design_1_i/usp_rf_data_converter_0/inst/i_axi_lite_ipif/I_SLAVE_ATTACHMENT/I_DECODER/axi_RdAck_r_reg[14]
    SLICE_X109Y123       LUT3 (Prop_A6LUT_SLICEM_I0_O)
                                                      0.125     4.353 r  design_1_i/usp_rf_data_converter_0/inst/i_axi_lite_ipif/I_SLAVE_ATTACHMENT/I_DECODER/FSM_onehot_state[4]_i_6/O
                         net (fo=1, routed)           0.313     4.666    design_1_i/usp_rf_data_converter_0/inst/i_axi_lite_ipif/I_SLAVE_ATTACHMENT/I_DECODER/FSM_onehot_state[4]_i_6_n_0
    SLICE_X114Y127       LUT6 (Prop_G6LUT_SLICEL_I3_O)
                                                      0.149     4.815 r  design_1_i/usp_rf_data_converter_0/inst/i_axi_lite_ipif/I_SLAVE_ATTACHMENT/I_DECODER/FSM_onehot_state[4]_i_4/O
                         net (fo=8, routed)           0.210     5.025    design_1_i/usp_rf_data_converter_0/inst/i_axi_lite_ipif/I_SLAVE_ATTACHMENT/I_DECODER/dac_disable
    SLICE_X112Y127       LUT6 (Prop_C6LUT_SLICEM_I1_O)
                                                      0.051     5.076 r  design_1_i/usp_rf_data_converter_0/inst/i_axi_lite_ipif/I_SLAVE_ATTACHMENT/I_DECODER/s_axi_wready_reg_i_4/O
                         net (fo=1, routed)           0.359     5.435    design_1_i/usp_rf_data_converter_0/inst/i_axi_lite_ipif/I_SLAVE_ATTACHMENT/I_DECODER/drp_WrAck[1]
    SLICE_X114Y122       LUT6 (Prop_E6LUT_SLICEL_I0_O)
                                                      0.090     5.525 r  design_1_i/usp_rf_data_converter_0/inst/i_axi_lite_ipif/I_SLAVE_ATTACHMENT/I_DECODER/s_axi_wready_reg_i_3/O
                         net (fo=5, routed)           1.535     7.060    design_1_i/usp_rf_data_converter_0/inst/i_axi_lite_ipif/I_SLAVE_ATTACHMENT/I_DECODER/IP2Bus_WrAck0
    SLICE_X48Y123        LUT6 (Prop_F6LUT_SLICEM_I5_O)
                                                      0.037     7.097 r  design_1_i/usp_rf_data_converter_0/inst/i_axi_lite_ipif/I_SLAVE_ATTACHMENT/I_DECODER/icount_out0_carry_i_13/O
                         net (fo=1, routed)           0.088     7.185    design_1_i/usp_rf_data_converter_0/inst/i_axi_lite_ipif/I_SLAVE_ATTACHMENT/DATA_PHASE_WDT.I_DPTO_COUNTER/icount_out0_carry_0
    SLICE_X47Y123        LUT6 (Prop_H6LUT_SLICEL_I4_O)
                                                      0.036     7.221 r  design_1_i/usp_rf_data_converter_0/inst/i_axi_lite_ipif/I_SLAVE_ATTACHMENT/DATA_PHASE_WDT.I_DPTO_COUNTER/icount_out0_carry_i_9/O
                         net (fo=1, routed)           0.267     7.488    design_1_i/usp_rf_data_converter_0/inst/i_axi_lite_ipif/I_SLAVE_ATTACHMENT/DATA_PHASE_WDT.I_DPTO_COUNTER/icount_out0_carry_i_9_n_0
    SLICE_X46Y122        CARRY8 (Prop_CARRY8_SLICEM_S[0]_CO[7])
                                                      0.192     7.680 r  design_1_i/usp_rf_data_converter_0/inst/i_axi_lite_ipif/I_SLAVE_ATTACHMENT/DATA_PHASE_WDT.I_DPTO_COUNTER/icount_out0_carry/CO[7]
                         net (fo=1, routed)           0.026     7.706    design_1_i/usp_rf_data_converter_0/inst/i_axi_lite_ipif/I_SLAVE_ATTACHMENT/DATA_PHASE_WDT.I_DPTO_COUNTER/icount_out0_carry_n_0
    SLICE_X46Y123        CARRY8 (Prop_CARRY8_SLICEM_CI_O[3])
                                                      0.082     7.788 r  design_1_i/usp_rf_data_converter_0/inst/i_axi_lite_ipif/I_SLAVE_ATTACHMENT/DATA_PHASE_WDT.I_DPTO_COUNTER/icount_out0_carry__0/O[3]
                         net (fo=1, routed)           0.136     7.924    design_1_i/usp_rf_data_converter_0/inst/i_axi_lite_ipif/I_SLAVE_ATTACHMENT/DATA_PHASE_WDT.I_DPTO_COUNTER/icount_out0_carry__0_n_12
    SLICE_X48Y122        LUT6 (Prop_H6LUT_SLICEM_I5_O)
                                                      0.039     7.963 r  design_1_i/usp_rf_data_converter_0/inst/i_axi_lite_ipif/I_SLAVE_ATTACHMENT/DATA_PHASE_WDT.I_DPTO_COUNTER/icount_out[12]_i_3/O
                         net (fo=1, routed)           0.094     8.057    design_1_i/usp_rf_data_converter_0/inst/i_axi_lite_ipif/I_SLAVE_ATTACHMENT/DATA_PHASE_WDT.I_DPTO_COUNTER/p_1_in[12]
    SLICE_X48Y122        LUT6 (Prop_D6LUT_SLICEM_I4_O)
                                                      0.099     8.156 r  design_1_i/usp_rf_data_converter_0/inst/i_axi_lite_ipif/I_SLAVE_ATTACHMENT/DATA_PHASE_WDT.I_DPTO_COUNTER/icount_out[12]_i_1/O
                         net (fo=1, routed)           0.072     8.228    design_1_i/usp_rf_data_converter_0/inst/i_axi_lite_ipif/I_SLAVE_ATTACHMENT/DATA_PHASE_WDT.I_DPTO_COUNTER/icount_out[12]_i_1_n_0
    SLICE_X48Y122        FDRE                                         r  design_1_i/usp_rf_data_converter_0/inst/i_axi_lite_ipif/I_SLAVE_ATTACHMENT/DATA_PHASE_WDT.I_DPTO_COUNTER/icount_out_reg[12]/D
  -------------------------------------------------------------------    -------------------

                         (clock clk_pl_0 rise edge)
                                                     10.312    10.312 r  
    PS8_X0Y0             PS8                          0.000    10.312 r  design_1_i/zynq_ultra_ps_e_0/U0/PS8_i/PLCLK[0]
                         net (fo=1, routed)           0.157    10.469    design_1_i/zynq_ultra_ps_e_0/U0/pl_clk_unbuffered[0]
    BUFG_PS_X0Y58        BUFG_PS (Prop_BUFG_PS_I_O)
                                                      0.025    10.494 r  design_1_i/zynq_ultra_ps_e_0/U0/buffer_pl_clk_0.PL_CLK_0_BUFG/O
    X2Y2 (CLOCK_ROOT)    net (fo=6912, routed)        1.466    11.960    design_1_i/usp_rf_data_converter_0/inst/i_axi_lite_ipif/I_SLAVE_ATTACHMENT/DATA_PHASE_WDT.I_DPTO_COUNTER/s_axi_aclk
    SLICE_X48Y122        FDRE                                         r  design_1_i/usp_rf_data_converter_0/inst/i_axi_lite_ipif/I_SLAVE_ATTACHMENT/DATA_PHASE_WDT.I_DPTO_COUNTER/icount_out_reg[12]/C
                         clock pessimism              0.198    12.158    
                         clock uncertainty           -0.159    11.999    
    SLICE_X48Y122        FDRE (Setup_DFF_SLICEM_C_D)
                                                      0.025    12.024    design_1_i/usp_rf_data_converter_0/inst/i_axi_lite_ipif/I_SLAVE_ATTACHMENT/DATA_PHASE_WDT.I_DPTO_COUNTER/icount_out_reg[12]
  -------------------------------------------------------------------
                         required time                         12.024    
                         arrival time                          -8.228    
  -------------------------------------------------------------------
                         slack                                  3.795    

Slack (MET) :             3.889ns  (required time - arrival time)
  Source:                 design_1_i/usp_rf_data_converter_0/inst/i_axi_lite_ipif/I_SLAVE_ATTACHMENT/bus2ip_addr_reg_reg[17]/C
                            (rising edge-triggered cell FDRE clocked by clk_pl_0  {rise@0.000ns fall@5.156ns period=10.312ns})
  Destination:            design_1_i/usp_rf_data_converter_0/inst/i_axi_lite_ipif/I_SLAVE_ATTACHMENT/DATA_PHASE_WDT.I_DPTO_COUNTER/icount_out_reg[11]/D
                            (rising edge-triggered cell FDRE clocked by clk_pl_0  {rise@0.000ns fall@5.156ns period=10.312ns})
  Path Group:             clk_pl_0
  Path Type:              Setup (Max at Slow Process Corner)
  Requirement:            10.312ns  (clk_pl_0 rise@10.312ns - clk_pl_0 rise@0.000ns)
  Data Path Delay:        6.196ns  (logic 0.948ns (15.301%)  route 5.248ns (84.699%))
  Logic Levels:           9  (CARRY8=2 LUT3=1 LUT6=6)
  Clock Path Skew:        -0.093ns (DCD - SCD + CPR)
    Destination Clock Delay (DCD):    1.651ns = ( 11.963 - 10.312 ) 
    Source Clock Delay      (SCD):    1.893ns
    Clock Pessimism Removal (CPR):    0.149ns
  Clock Uncertainty:      0.159ns  ((TSJ^2 + DJ^2)^1/2) / 2 + PE
    Total System Jitter     (TSJ):    0.071ns
    Discrete Jitter          (DJ):    0.310ns
    Phase Error              (PE):    0.000ns
  Clock Net Delay (Source):      1.667ns (routing 0.467ns, distribution 1.200ns)
  Clock Net Delay (Destination): 1.469ns (routing 0.423ns, distribution 1.046ns)

    Location             Delay type                Incr(ns)  Path(ns)    Netlist Resource(s)
  -------------------------------------------------------------------    -------------------
                         (clock clk_pl_0 rise edge)
                                                      0.000     0.000 r  
    PS8_X0Y0             PS8                          0.000     0.000 r  design_1_i/zynq_ultra_ps_e_0/U0/PS8_i/PLCLK[0]
                         net (fo=1, routed)           0.198     0.198    design_1_i/zynq_ultra_ps_e_0/U0/pl_clk_unbuffered[0]
    BUFG_PS_X0Y58        BUFG_PS (Prop_BUFG_PS_I_O)
                                                      0.028     0.226 r  design_1_i/zynq_ultra_ps_e_0/U0/buffer_pl_clk_0.PL_CLK_0_BUFG/O
    X2Y2 (CLOCK_ROOT)    net (fo=6912, routed)        1.667     1.893    design_1_i/usp_rf_data_converter_0/inst/i_axi_lite_ipif/I_SLAVE_ATTACHMENT/s_axi_aclk
    SLICE_X48Y127        FDRE                                         r  design_1_i/usp_rf_data_converter_0/inst/i_axi_lite_ipif/I_SLAVE_ATTACHMENT/bus2ip_addr_reg_reg[17]/C
  -------------------------------------------------------------------    -------------------
    SLICE_X48Y127        FDRE (Prop_CFF_SLICEM_C_Q)
                                                      0.078     1.971 f  design_1_i/usp_rf_data_converter_0/inst/i_axi_lite_ipif/I_SLAVE_ATTACHMENT/bus2ip_addr_reg_reg[17]/Q
                         net (fo=60, routed)          2.258     4.228    design_1_i/usp_rf_data_converter_0/inst/i_axi_lite_ipif/I_SLAVE_ATTACHMENT/I_DECODER/axi_RdAck_r_reg[14]
    SLICE_X109Y123       LUT3 (Prop_A6LUT_SLICEM_I0_O)
                                                      0.125     4.353 r  design_1_i/usp_rf_data_converter_0/inst/i_axi_lite_ipif/I_SLAVE_ATTACHMENT/I_DECODER/FSM_onehot_state[4]_i_6/O
                         net (fo=1, routed)           0.313     4.666    design_1_i/usp_rf_data_converter_0/inst/i_axi_lite_ipif/I_SLAVE_ATTACHMENT/I_DECODER/FSM_onehot_state[4]_i_6_n_0
    SLICE_X114Y127       LUT6 (Prop_G6LUT_SLICEL_I3_O)
                                                      0.149     4.815 r  design_1_i/usp_rf_data_converter_0/inst/i_axi_lite_ipif/I_SLAVE_ATTACHMENT/I_DECODER/FSM_onehot_state[4]_i_4/O
                         net (fo=8, routed)           0.210     5.025    design_1_i/usp_rf_data_converter_0/inst/i_axi_lite_ipif/I_SLAVE_ATTACHMENT/I_DECODER/dac_disable
    SLICE_X112Y127       LUT6 (Prop_C6LUT_SLICEM_I1_O)
                                                      0.051     5.076 r  design_1_i/usp_rf_data_converter_0/inst/i_axi_lite_ipif/I_SLAVE_ATTACHMENT/I_DECODER/s_axi_wready_reg_i_4/O
                         net (fo=1, routed)           0.359     5.435    design_1_i/usp_rf_data_converter_0/inst/i_axi_lite_ipif/I_SLAVE_ATTACHMENT/I_DECODER/drp_WrAck[1]
    SLICE_X114Y122       LUT6 (Prop_E6LUT_SLICEL_I0_O)
                                                      0.090     5.525 r  design_1_i/usp_rf_data_converter_0/inst/i_axi_lite_ipif/I_SLAVE_ATTACHMENT/I_DECODER/s_axi_wready_reg_i_3/O
                         net (fo=5, routed)           1.535     7.060    design_1_i/usp_rf_data_converter_0/inst/i_axi_lite_ipif/I_SLAVE_ATTACHMENT/I_DECODER/IP2Bus_WrAck0
    SLICE_X48Y123        LUT6 (Prop_F6LUT_SLICEM_I5_O)
                                                      0.037     7.097 r  design_1_i/usp_rf_data_converter_0/inst/i_axi_lite_ipif/I_SLAVE_ATTACHMENT/I_DECODER/icount_out0_carry_i_13/O
                         net (fo=1, routed)           0.088     7.185    design_1_i/usp_rf_data_converter_0/inst/i_axi_lite_ipif/I_SLAVE_ATTACHMENT/DATA_PHASE_WDT.I_DPTO_COUNTER/icount_out0_carry_0
    SLICE_X47Y123        LUT6 (Prop_H6LUT_SLICEL_I4_O)
                                                      0.036     7.221 r  design_1_i/usp_rf_data_converter_0/inst/i_axi_lite_ipif/I_SLAVE_ATTACHMENT/DATA_PHASE_WDT.I_DPTO_COUNTER/icount_out0_carry_i_9/O
                         net (fo=1, routed)           0.267     7.488    design_1_i/usp_rf_data_converter_0/inst/i_axi_lite_ipif/I_SLAVE_ATTACHMENT/DATA_PHASE_WDT.I_DPTO_COUNTER/icount_out0_carry_i_9_n_0
    SLICE_X46Y122        CARRY8 (Prop_CARRY8_SLICEM_S[0]_CO[7])
                                                      0.192     7.680 r  design_1_i/usp_rf_data_converter_0/inst/i_axi_lite_ipif/I_SLAVE_ATTACHMENT/DATA_PHASE_WDT.I_DPTO_COUNTER/icount_out0_carry/CO[7]
                         net (fo=1, routed)           0.026     7.706    design_1_i/usp_rf_data_converter_0/inst/i_axi_lite_ipif/I_SLAVE_ATTACHMENT/DATA_PHASE_WDT.I_DPTO_COUNTER/icount_out0_carry_n_0
    SLICE_X46Y123        CARRY8 (Prop_CARRY8_SLICEM_CI_O[2])
                                                      0.067     7.773 r  design_1_i/usp_rf_data_converter_0/inst/i_axi_lite_ipif/I_SLAVE_ATTACHMENT/DATA_PHASE_WDT.I_DPTO_COUNTER/icount_out0_carry__0/O[2]
                         net (fo=1, routed)           0.133     7.906    design_1_i/usp_rf_data_converter_0/inst/i_axi_lite_ipif/I_SLAVE_ATTACHMENT/DATA_PHASE_WDT.I_DPTO_COUNTER/icount_out0_carry__0_n_13
    SLICE_X46Y124        LUT6 (Prop_G6LUT_SLICEM_I5_O)
                                                      0.123     8.029 r  design_1_i/usp_rf_data_converter_0/inst/i_axi_lite_ipif/I_SLAVE_ATTACHMENT/DATA_PHASE_WDT.I_DPTO_COUNTER/icount_out[11]_i_2/O
                         net (fo=1, routed)           0.059     8.088    design_1_i/usp_rf_data_converter_0/inst/i_axi_lite_ipif/I_SLAVE_ATTACHMENT/DATA_PHASE_WDT.I_DPTO_COUNTER/p_1_in[11]
    SLICE_X46Y124        FDRE                                         r  design_1_i/usp_rf_data_converter_0/inst/i_axi_lite_ipif/I_SLAVE_ATTACHMENT/DATA_PHASE_WDT.I_DPTO_COUNTER/icount_out_reg[11]/D
  -------------------------------------------------------------------    -------------------

                         (clock clk_pl_0 rise edge)
                                                     10.312    10.312 r  
    PS8_X0Y0             PS8                          0.000    10.312 r  design_1_i/zynq_ultra_ps_e_0/U0/PS8_i/PLCLK[0]
                         net (fo=1, routed)           0.157    10.469    design_1_i/zynq_ultra_ps_e_0/U0/pl_clk_unbuffered[0]
    BUFG_PS_X0Y58        BUFG_PS (Prop_BUFG_PS_I_O)
                                                      0.025    10.494 r  design_1_i/zynq_ultra_ps_e_0/U0/buffer_pl_clk_0.PL_CLK_0_BUFG/O
    X2Y2 (CLOCK_ROOT)    net (fo=6912, routed)        1.469    11.963    design_1_i/usp_rf_data_converter_0/inst/i_axi_lite_ipif/I_SLAVE_ATTACHMENT/DATA_PHASE_WDT.I_DPTO_COUNTER/s_axi_aclk
    SLICE_X46Y124        FDRE                                         r  design_1_i/usp_rf_data_converter_0/inst/i_axi_lite_ipif/I_SLAVE_ATTACHMENT/DATA_PHASE_WDT.I_DPTO_COUNTER/icount_out_reg[11]/C
                         clock pessimism              0.149    12.112    
                         clock uncertainty           -0.159    11.953    
    SLICE_X46Y124        FDRE (Setup_GFF_SLICEM_C_D)
                                                      0.025    11.978    design_1_i/usp_rf_data_converter_0/inst/i_axi_lite_ipif/I_SLAVE_ATTACHMENT/DATA_PHASE_WDT.I_DPTO_COUNTER/icount_out_reg[11]
  -------------------------------------------------------------------
                         required time                         11.978    
                         arrival time                          -8.088    
  -------------------------------------------------------------------
                         slack                                  3.889    

Slack (MET) :             3.921ns  (required time - arrival time)
  Source:                 design_1_i/usp_rf_data_converter_0/inst/i_axi_lite_ipif/I_SLAVE_ATTACHMENT/bus2ip_addr_reg_reg[17]/C
                            (rising edge-triggered cell FDRE clocked by clk_pl_0  {rise@0.000ns fall@5.156ns period=10.312ns})
  Destination:            design_1_i/usp_rf_data_converter_0/inst/i_axi_lite_ipif/I_SLAVE_ATTACHMENT/DATA_PHASE_WDT.I_DPTO_COUNTER/icount_out_reg[9]/D
                            (rising edge-triggered cell FDRE clocked by clk_pl_0  {rise@0.000ns fall@5.156ns period=10.312ns})
  Path Group:             clk_pl_0
  Path Type:              Setup (Max at Slow Process Corner)
  Requirement:            10.312ns  (clk_pl_0 rise@10.312ns - clk_pl_0 rise@0.000ns)
  Data Path Delay:        6.165ns  (logic 0.865ns (14.032%)  route 5.300ns (85.968%))
  Logic Levels:           9  (CARRY8=2 LUT3=1 LUT6=6)
  Clock Path Skew:        -0.092ns (DCD - SCD + CPR)
    Destination Clock Delay (DCD):    1.652ns = ( 11.964 - 10.312 ) 
    Source Clock Delay      (SCD):    1.893ns
    Clock Pessimism Removal (CPR):    0.149ns
  Clock Uncertainty:      0.159ns  ((TSJ^2 + DJ^2)^1/2) / 2 + PE
    Total System Jitter     (TSJ):    0.071ns
    Discrete Jitter          (DJ):    0.310ns
    Phase Error              (PE):    0.000ns
  Clock Net Delay (Source):      1.667ns (routing 0.467ns, distribution 1.200ns)
  Clock Net Delay (Destination): 1.470ns (routing 0.423ns, distribution 1.047ns)

    Location             Delay type                Incr(ns)  Path(ns)    Netlist Resource(s)
  -------------------------------------------------------------------    -------------------
                         (clock clk_pl_0 rise edge)
                                                      0.000     0.000 r  
    PS8_X0Y0             PS8                          0.000     0.000 r  design_1_i/zynq_ultra_ps_e_0/U0/PS8_i/PLCLK[0]
                         net (fo=1, routed)           0.198     0.198    design_1_i/zynq_ultra_ps_e_0/U0/pl_clk_unbuffered[0]
    BUFG_PS_X0Y58        BUFG_PS (Prop_BUFG_PS_I_O)
                                                      0.028     0.226 r  design_1_i/zynq_ultra_ps_e_0/U0/buffer_pl_clk_0.PL_CLK_0_BUFG/O
    X2Y2 (CLOCK_ROOT)    net (fo=6912, routed)        1.667     1.893    design_1_i/usp_rf_data_converter_0/inst/i_axi_lite_ipif/I_SLAVE_ATTACHMENT/s_axi_aclk
    SLICE_X48Y127        FDRE                                         r  design_1_i/usp_rf_data_converter_0/inst/i_axi_lite_ipif/I_SLAVE_ATTACHMENT/bus2ip_addr_reg_reg[17]/C
  -------------------------------------------------------------------    -------------------
    SLICE_X48Y127        FDRE (Prop_CFF_SLICEM_C_Q)
                                                      0.078     1.971 f  design_1_i/usp_rf_data_converter_0/inst/i_axi_lite_ipif/I_SLAVE_ATTACHMENT/bus2ip_addr_reg_reg[17]/Q
                         net (fo=60, routed)          2.258     4.228    design_1_i/usp_rf_data_converter_0/inst/i_axi_lite_ipif/I_SLAVE_ATTACHMENT/I_DECODER/axi_RdAck_r_reg[14]
    SLICE_X109Y123       LUT3 (Prop_A6LUT_SLICEM_I0_O)
                                                      0.125     4.353 r  design_1_i/usp_rf_data_converter_0/inst/i_axi_lite_ipif/I_SLAVE_ATTACHMENT/I_DECODER/FSM_onehot_state[4]_i_6/O
                         net (fo=1, routed)           0.313     4.666    design_1_i/usp_rf_data_converter_0/inst/i_axi_lite_ipif/I_SLAVE_ATTACHMENT/I_DECODER/FSM_onehot_state[4]_i_6_n_0
    SLICE_X114Y127       LUT6 (Prop_G6LUT_SLICEL_I3_O)
                                                      0.149     4.815 r  design_1_i/usp_rf_data_converter_0/inst/i_axi_lite_ipif/I_SLAVE_ATTACHMENT/I_DECODER/FSM_onehot_state[4]_i_4/O
                         net (fo=8, routed)           0.210     5.025    design_1_i/usp_rf_data_converter_0/inst/i_axi_lite_ipif/I_SLAVE_ATTACHMENT/I_DECODER/dac_disable
    SLICE_X112Y127       LUT6 (Prop_C6LUT_SLICEM_I1_O)
                                                      0.051     5.076 r  design_1_i/usp_rf_data_converter_0/inst/i_axi_lite_ipif/I_SLAVE_ATTACHMENT/I_DECODER/s_axi_wready_reg_i_4/O
                         net (fo=1, routed)           0.359     5.435    design_1_i/usp_rf_data_converter_0/inst/i_axi_lite_ipif/I_SLAVE_ATTACHMENT/I_DECODER/drp_WrAck[1]
    SLICE_X114Y122       LUT6 (Prop_E6LUT_SLICEL_I0_O)
                                                      0.090     5.525 r  design_1_i/usp_rf_data_converter_0/inst/i_axi_lite_ipif/I_SLAVE_ATTACHMENT/I_DECODER/s_axi_wready_reg_i_3/O
                         net (fo=5, routed)           1.535     7.060    design_1_i/usp_rf_data_converter_0/inst/i_axi_lite_ipif/I_SLAVE_ATTACHMENT/I_DECODER/IP2Bus_WrAck0
    SLICE_X48Y123        LUT6 (Prop_F6LUT_SLICEM_I5_O)
                                                      0.037     7.097 r  design_1_i/usp_rf_data_converter_0/inst/i_axi_lite_ipif/I_SLAVE_ATTACHMENT/I_DECODER/icount_out0_carry_i_13/O
                         net (fo=1, routed)           0.088     7.185    design_1_i/usp_rf_data_converter_0/inst/i_axi_lite_ipif/I_SLAVE_ATTACHMENT/DATA_PHASE_WDT.I_DPTO_COUNTER/icount_out0_carry_0
    SLICE_X47Y123        LUT6 (Prop_H6LUT_SLICEL_I4_O)
                                                      0.036     7.221 r  design_1_i/usp_rf_data_converter_0/inst/i_axi_lite_ipif/I_SLAVE_ATTACHMENT/DATA_PHASE_WDT.I_DPTO_COUNTER/icount_out0_carry_i_9/O
                         net (fo=1, routed)           0.267     7.488    design_1_i/usp_rf_data_converter_0/inst/i_axi_lite_ipif/I_SLAVE_ATTACHMENT/DATA_PHASE_WDT.I_DPTO_COUNTER/icount_out0_carry_i_9_n_0
    SLICE_X46Y122        CARRY8 (Prop_CARRY8_SLICEM_S[0]_CO[7])
                                                      0.192     7.680 r  design_1_i/usp_rf_data_converter_0/inst/i_axi_lite_ipif/I_SLAVE_ATTACHMENT/DATA_PHASE_WDT.I_DPTO_COUNTER/icount_out0_carry/CO[7]
                         net (fo=1, routed)           0.026     7.706    design_1_i/usp_rf_data_converter_0/inst/i_axi_lite_ipif/I_SLAVE_ATTACHMENT/DATA_PHASE_WDT.I_DPTO_COUNTER/icount_out0_carry_n_0
    SLICE_X46Y123        CARRY8 (Prop_CARRY8_SLICEM_CI_O[0])
                                                      0.056     7.762 r  design_1_i/usp_rf_data_converter_0/inst/i_axi_lite_ipif/I_SLAVE_ATTACHMENT/DATA_PHASE_WDT.I_DPTO_COUNTER/icount_out0_carry__0/O[0]
                         net (fo=1, routed)           0.172     7.934    design_1_i/usp_rf_data_converter_0/inst/i_axi_lite_ipif/I_SLAVE_ATTACHMENT/DATA_PHASE_WDT.I_DPTO_COUNTER/icount_out0_carry__0_n_15
    SLICE_X46Y124        LUT6 (Prop_D6LUT_SLICEM_I5_O)
                                                      0.051     7.985 r  design_1_i/usp_rf_data_converter_0/inst/i_axi_lite_ipif/I_SLAVE_ATTACHMENT/DATA_PHASE_WDT.I_DPTO_COUNTER/icount_out[9]_i_1/O
                         net (fo=1, routed)           0.072     8.057    design_1_i/usp_rf_data_converter_0/inst/i_axi_lite_ipif/I_SLAVE_ATTACHMENT/DATA_PHASE_WDT.I_DPTO_COUNTER/p_1_in[9]
    SLICE_X46Y124        FDRE                                         r  design_1_i/usp_rf_data_converter_0/inst/i_axi_lite_ipif/I_SLAVE_ATTACHMENT/DATA_PHASE_WDT.I_DPTO_COUNTER/icount_out_reg[9]/D
  -------------------------------------------------------------------    -------------------

                         (clock clk_pl_0 rise edge)
                                                     10.312    10.312 r  
    PS8_X0Y0             PS8                          0.000    10.312 r  design_1_i/zynq_ultra_ps_e_0/U0/PS8_i/PLCLK[0]
                         net (fo=1, routed)           0.157    10.469    design_1_i/zynq_ultra_ps_e_0/U0/pl_clk_unbuffered[0]
    BUFG_PS_X0Y58        BUFG_PS (Prop_BUFG_PS_I_O)
                                                      0.025    10.494 r  design_1_i/zynq_ultra_ps_e_0/U0/buffer_pl_clk_0.PL_CLK_0_BUFG/O
    X2Y2 (CLOCK_ROOT)    net (fo=6912, routed)        1.470    11.964    design_1_i/usp_rf_data_converter_0/inst/i_axi_lite_ipif/I_SLAVE_ATTACHMENT/DATA_PHASE_WDT.I_DPTO_COUNTER/s_axi_aclk
    SLICE_X46Y124        FDRE                                         r  design_1_i/usp_rf_data_converter_0/inst/i_axi_lite_ipif/I_SLAVE_ATTACHMENT/DATA_PHASE_WDT.I_DPTO_COUNTER/icount_out_reg[9]/C
                         clock pessimism              0.149    12.113    
                         clock uncertainty           -0.159    11.954    
    SLICE_X46Y124        FDRE (Setup_DFF_SLICEM_C_D)
                                                      0.025    11.979    design_1_i/usp_rf_data_converter_0/inst/i_axi_lite_ipif/I_SLAVE_ATTACHMENT/DATA_PHASE_WDT.I_DPTO_COUNTER/icount_out_reg[9]
  -------------------------------------------------------------------
                         required time                         11.979    
                         arrival time                          -8.057    
  -------------------------------------------------------------------
                         slack                                  3.921    

Slack (MET) :             3.921ns  (required time - arrival time)
  Source:                 design_1_i/usp_rf_data_converter_0/inst/i_axi_lite_ipif/I_SLAVE_ATTACHMENT/bus2ip_addr_reg_reg[17]/C
                            (rising edge-triggered cell FDRE clocked by clk_pl_0  {rise@0.000ns fall@5.156ns period=10.312ns})
  Destination:            design_1_i/usp_rf_data_converter_0/inst/i_axi_lite_ipif/I_SLAVE_ATTACHMENT/DATA_PHASE_WDT.I_DPTO_COUNTER/icount_out_reg[10]/D
                            (rising edge-triggered cell FDRE clocked by clk_pl_0  {rise@0.000ns fall@5.156ns period=10.312ns})
  Path Group:             clk_pl_0
  Path Type:              Setup (Max at Slow Process Corner)
  Requirement:            10.312ns  (clk_pl_0 rise@10.312ns - clk_pl_0 rise@0.000ns)
  Data Path Delay:        6.164ns  (logic 0.924ns (14.991%)  route 5.240ns (85.009%))
  Logic Levels:           9  (CARRY8=2 LUT3=1 LUT6=6)
  Clock Path Skew:        -0.093ns (DCD - SCD + CPR)
    Destination Clock Delay (DCD):    1.651ns = ( 11.963 - 10.312 ) 
    Source Clock Delay      (SCD):    1.893ns
    Clock Pessimism Removal (CPR):    0.149ns
  Clock Uncertainty:      0.159ns  ((TSJ^2 + DJ^2)^1/2) / 2 + PE
    Total System Jitter     (TSJ):    0.071ns
    Discrete Jitter          (DJ):    0.310ns
    Phase Error              (PE):    0.000ns
  Clock Net Delay (Source):      1.667ns (routing 0.467ns, distribution 1.200ns)
  Clock Net Delay (Destination): 1.469ns (routing 0.423ns, distribution 1.046ns)

    Location             Delay type                Incr(ns)  Path(ns)    Netlist Resource(s)
  -------------------------------------------------------------------    -------------------
                         (clock clk_pl_0 rise edge)
                                                      0.000     0.000 r  
    PS8_X0Y0             PS8                          0.000     0.000 r  design_1_i/zynq_ultra_ps_e_0/U0/PS8_i/PLCLK[0]
                         net (fo=1, routed)           0.198     0.198    design_1_i/zynq_ultra_ps_e_0/U0/pl_clk_unbuffered[0]
    BUFG_PS_X0Y58        BUFG_PS (Prop_BUFG_PS_I_O)
                                                      0.028     0.226 r  design_1_i/zynq_ultra_ps_e_0/U0/buffer_pl_clk_0.PL_CLK_0_BUFG/O
    X2Y2 (CLOCK_ROOT)    net (fo=6912, routed)        1.667     1.893    design_1_i/usp_rf_data_converter_0/inst/i_axi_lite_ipif/I_SLAVE_ATTACHMENT/s_axi_aclk
    SLICE_X48Y127        FDRE                                         r  design_1_i/usp_rf_data_converter_0/inst/i_axi_lite_ipif/I_SLAVE_ATTACHMENT/bus2ip_addr_reg_reg[17]/C
  -------------------------------------------------------------------    -------------------
    SLICE_X48Y127        FDRE (Prop_CFF_SLICEM_C_Q)
                                                      0.078     1.971 f  design_1_i/usp_rf_data_converter_0/inst/i_axi_lite_ipif/I_SLAVE_ATTACHMENT/bus2ip_addr_reg_reg[17]/Q
                         net (fo=60, routed)          2.258     4.228    design_1_i/usp_rf_data_converter_0/inst/i_axi_lite_ipif/I_SLAVE_ATTACHMENT/I_DECODER/axi_RdAck_r_reg[14]
    SLICE_X109Y123       LUT3 (Prop_A6LUT_SLICEM_I0_O)
                                                      0.125     4.353 r  design_1_i/usp_rf_data_converter_0/inst/i_axi_lite_ipif/I_SLAVE_ATTACHMENT/I_DECODER/FSM_onehot_state[4]_i_6/O
                         net (fo=1, routed)           0.313     4.666    design_1_i/usp_rf_data_converter_0/inst/i_axi_lite_ipif/I_SLAVE_ATTACHMENT/I_DECODER/FSM_onehot_state[4]_i_6_n_0
    SLICE_X114Y127       LUT6 (Prop_G6LUT_SLICEL_I3_O)
                                                      0.149     4.815 r  design_1_i/usp_rf_data_converter_0/inst/i_axi_lite_ipif/I_SLAVE_ATTACHMENT/I_DECODER/FSM_onehot_state[4]_i_4/O
                         net (fo=8, routed)           0.210     5.025    design_1_i/usp_rf_data_converter_0/inst/i_axi_lite_ipif/I_SLAVE_ATTACHMENT/I_DECODER/dac_disable
    SLICE_X112Y127       LUT6 (Prop_C6LUT_SLICEM_I1_O)
                                                      0.051     5.076 r  design_1_i/usp_rf_data_converter_0/inst/i_axi_lite_ipif/I_SLAVE_ATTACHMENT/I_DECODER/s_axi_wready_reg_i_4/O
                         net (fo=1, routed)           0.359     5.435    design_1_i/usp_rf_data_converter_0/inst/i_axi_lite_ipif/I_SLAVE_ATTACHMENT/I_DECODER/drp_WrAck[1]
    SLICE_X114Y122       LUT6 (Prop_E6LUT_SLICEL_I0_O)
                                                      0.090     5.525 r  design_1_i/usp_rf_data_converter_0/inst/i_axi_lite_ipif/I_SLAVE_ATTACHMENT/I_DECODER/s_axi_wready_reg_i_3/O
                         net (fo=5, routed)           1.535     7.060    design_1_i/usp_rf_data_converter_0/inst/i_axi_lite_ipif/I_SLAVE_ATTACHMENT/I_DECODER/IP2Bus_WrAck0
    SLICE_X48Y123        LUT6 (Prop_F6LUT_SLICEM_I5_O)
                                                      0.037     7.097 r  design_1_i/usp_rf_data_converter_0/inst/i_axi_lite_ipif/I_SLAVE_ATTACHMENT/I_DECODER/icount_out0_carry_i_13/O
                         net (fo=1, routed)           0.088     7.185    design_1_i/usp_rf_data_converter_0/inst/i_axi_lite_ipif/I_SLAVE_ATTACHMENT/DATA_PHASE_WDT.I_DPTO_COUNTER/icount_out0_carry_0
    SLICE_X47Y123        LUT6 (Prop_H6LUT_SLICEL_I4_O)
                                                      0.036     7.221 r  design_1_i/usp_rf_data_converter_0/inst/i_axi_lite_ipif/I_SLAVE_ATTACHMENT/DATA_PHASE_WDT.I_DPTO_COUNTER/icount_out0_carry_i_9/O
                         net (fo=1, routed)           0.267     7.488    design_1_i/usp_rf_data_converter_0/inst/i_axi_lite_ipif/I_SLAVE_ATTACHMENT/DATA_PHASE_WDT.I_DPTO_COUNTER/icount_out0_carry_i_9_n_0
    SLICE_X46Y122        CARRY8 (Prop_CARRY8_SLICEM_S[0]_CO[7])
                                                      0.192     7.680 r  design_1_i/usp_rf_data_converter_0/inst/i_axi_lite_ipif/I_SLAVE_ATTACHMENT/DATA_PHASE_WDT.I_DPTO_COUNTER/icount_out0_carry/CO[7]
                         net (fo=1, routed)           0.026     7.706    design_1_i/usp_rf_data_converter_0/inst/i_axi_lite_ipif/I_SLAVE_ATTACHMENT/DATA_PHASE_WDT.I_DPTO_COUNTER/icount_out0_carry_n_0
    SLICE_X46Y123        CARRY8 (Prop_CARRY8_SLICEM_CI_O[1])
                                                      0.076     7.782 r  design_1_i/usp_rf_data_converter_0/inst/i_axi_lite_ipif/I_SLAVE_ATTACHMENT/DATA_PHASE_WDT.I_DPTO_COUNTER/icount_out0_carry__0/O[1]
                         net (fo=1, routed)           0.126     7.908    design_1_i/usp_rf_data_converter_0/inst/i_axi_lite_ipif/I_SLAVE_ATTACHMENT/DATA_PHASE_WDT.I_DPTO_COUNTER/icount_out0_carry__0_n_14
    SLICE_X46Y124        LUT6 (Prop_H6LUT_SLICEM_I5_O)
                                                      0.090     7.998 r  design_1_i/usp_rf_data_converter_0/inst/i_axi_lite_ipif/I_SLAVE_ATTACHMENT/DATA_PHASE_WDT.I_DPTO_COUNTER/icount_out[10]_i_1/O
                         net (fo=1, routed)           0.058     8.056    design_1_i/usp_rf_data_converter_0/inst/i_axi_lite_ipif/I_SLAVE_ATTACHMENT/DATA_PHASE_WDT.I_DPTO_COUNTER/p_1_in[10]
    SLICE_X46Y124        FDRE                                         r  design_1_i/usp_rf_data_converter_0/inst/i_axi_lite_ipif/I_SLAVE_ATTACHMENT/DATA_PHASE_WDT.I_DPTO_COUNTER/icount_out_reg[10]/D
  -------------------------------------------------------------------    -------------------

                         (clock clk_pl_0 rise edge)
                                                     10.312    10.312 r  
    PS8_X0Y0             PS8                          0.000    10.312 r  design_1_i/zynq_ultra_ps_e_0/U0/PS8_i/PLCLK[0]
                         net (fo=1, routed)           0.157    10.469    design_1_i/zynq_ultra_ps_e_0/U0/pl_clk_unbuffered[0]
    BUFG_PS_X0Y58        BUFG_PS (Prop_BUFG_PS_I_O)
                                                      0.025    10.494 r  design_1_i/zynq_ultra_ps_e_0/U0/buffer_pl_clk_0.PL_CLK_0_BUFG/O
    X2Y2 (CLOCK_ROOT)    net (fo=6912, routed)        1.469    11.963    design_1_i/usp_rf_data_converter_0/inst/i_axi_lite_ipif/I_SLAVE_ATTACHMENT/DATA_PHASE_WDT.I_DPTO_COUNTER/s_axi_aclk
    SLICE_X46Y124        FDRE                                         r  design_1_i/usp_rf_data_converter_0/inst/i_axi_lite_ipif/I_SLAVE_ATTACHMENT/DATA_PHASE_WDT.I_DPTO_COUNTER/icount_out_reg[10]/C
                         clock pessimism              0.149    12.112    
                         clock uncertainty           -0.159    11.953    
    SLICE_X46Y124        FDRE (Setup_HFF_SLICEM_C_D)
                                                      0.025    11.978    design_1_i/usp_rf_data_converter_0/inst/i_axi_lite_ipif/I_SLAVE_ATTACHMENT/DATA_PHASE_WDT.I_DPTO_COUNTER/icount_out_reg[10]
  -------------------------------------------------------------------
                         required time                         11.978    
                         arrival time                          -8.056    
  -------------------------------------------------------------------
                         slack                                  3.921    

Slack (MET) :             3.994ns  (required time - arrival time)
  Source:                 design_1_i/usp_rf_data_converter_0/inst/i_axi_lite_ipif/I_SLAVE_ATTACHMENT/bus2ip_addr_reg_reg[17]/C
                            (rising edge-triggered cell FDRE clocked by clk_pl_0  {rise@0.000ns fall@5.156ns period=10.312ns})
  Destination:            design_1_i/usp_rf_data_converter_0/inst/i_axi_lite_ipif/I_SLAVE_ATTACHMENT/DATA_PHASE_WDT.I_DPTO_COUNTER/icount_out_reg[7]/D
                            (rising edge-triggered cell FDRE clocked by clk_pl_0  {rise@0.000ns fall@5.156ns period=10.312ns})
  Path Group:             clk_pl_0
  Path Type:              Setup (Max at Slow Process Corner)
  Requirement:            10.312ns  (clk_pl_0 rise@10.312ns - clk_pl_0 rise@0.000ns)
  Data Path Delay:        6.092ns  (logic 0.881ns (14.462%)  route 5.211ns (85.538%))
  Logic Levels:           8  (CARRY8=1 LUT3=1 LUT6=6)
  Clock Path Skew:        -0.092ns (DCD - SCD + CPR)
    Destination Clock Delay (DCD):    1.652ns = ( 11.964 - 10.312 ) 
    Source Clock Delay      (SCD):    1.893ns
    Clock Pessimism Removal (CPR):    0.149ns
  Clock Uncertainty:      0.159ns  ((TSJ^2 + DJ^2)^1/2) / 2 + PE
    Total System Jitter     (TSJ):    0.071ns
    Discrete Jitter          (DJ):    0.310ns
    Phase Error              (PE):    0.000ns
  Clock Net Delay (Source):      1.667ns (routing 0.467ns, distribution 1.200ns)
  Clock Net Delay (Destination): 1.470ns (routing 0.423ns, distribution 1.047ns)

    Location             Delay type                Incr(ns)  Path(ns)    Netlist Resource(s)
  -------------------------------------------------------------------    -------------------
                         (clock clk_pl_0 rise edge)
                                                      0.000     0.000 r  
    PS8_X0Y0             PS8                          0.000     0.000 r  design_1_i/zynq_ultra_ps_e_0/U0/PS8_i/PLCLK[0]
                         net (fo=1, routed)           0.198     0.198    design_1_i/zynq_ultra_ps_e_0/U0/pl_clk_unbuffered[0]
    BUFG_PS_X0Y58        BUFG_PS (Prop_BUFG_PS_I_O)
                                                      0.028     0.226 r  design_1_i/zynq_ultra_ps_e_0/U0/buffer_pl_clk_0.PL_CLK_0_BUFG/O
    X2Y2 (CLOCK_ROOT)    net (fo=6912, routed)        1.667     1.893    design_1_i/usp_rf_data_converter_0/inst/i_axi_lite_ipif/I_SLAVE_ATTACHMENT/s_axi_aclk
    SLICE_X48Y127        FDRE                                         r  design_1_i/usp_rf_data_converter_0/inst/i_axi_lite_ipif/I_SLAVE_ATTACHMENT/bus2ip_addr_reg_reg[17]/C
  -------------------------------------------------------------------    -------------------
    SLICE_X48Y127        FDRE (Prop_CFF_SLICEM_C_Q)
                                                      0.078     1.971 f  design_1_i/usp_rf_data_converter_0/inst/i_axi_lite_ipif/I_SLAVE_ATTACHMENT/bus2ip_addr_reg_reg[17]/Q
                         net (fo=60, routed)          2.258     4.228    design_1_i/usp_rf_data_converter_0/inst/i_axi_lite_ipif/I_SLAVE_ATTACHMENT/I_DECODER/axi_RdAck_r_reg[14]
    SLICE_X109Y123       LUT3 (Prop_A6LUT_SLICEM_I0_O)
                                                      0.125     4.353 r  design_1_i/usp_rf_data_converter_0/inst/i_axi_lite_ipif/I_SLAVE_ATTACHMENT/I_DECODER/FSM_onehot_state[4]_i_6/O
                         net (fo=1, routed)           0.313     4.666    design_1_i/usp_rf_data_converter_0/inst/i_axi_lite_ipif/I_SLAVE_ATTACHMENT/I_DECODER/FSM_onehot_state[4]_i_6_n_0
    SLICE_X114Y127       LUT6 (Prop_G6LUT_SLICEL_I3_O)
                                                      0.149     4.815 r  design_1_i/usp_rf_data_converter_0/inst/i_axi_lite_ipif/I_SLAVE_ATTACHMENT/I_DECODER/FSM_onehot_state[4]_i_4/O
                         net (fo=8, routed)           0.210     5.025    design_1_i/usp_rf_data_converter_0/inst/i_axi_lite_ipif/I_SLAVE_ATTACHMENT/I_DECODER/dac_disable
    SLICE_X112Y127       LUT6 (Prop_C6LUT_SLICEM_I1_O)
                                                      0.051     5.076 r  design_1_i/usp_rf_data_converter_0/inst/i_axi_lite_ipif/I_SLAVE_ATTACHMENT/I_DECODER/s_axi_wready_reg_i_4/O
                         net (fo=1, routed)           0.359     5.435    design_1_i/usp_rf_data_converter_0/inst/i_axi_lite_ipif/I_SLAVE_ATTACHMENT/I_DECODER/drp_WrAck[1]
    SLICE_X114Y122       LUT6 (Prop_E6LUT_SLICEL_I0_O)
                                                      0.090     5.525 r  design_1_i/usp_rf_data_converter_0/inst/i_axi_lite_ipif/I_SLAVE_ATTACHMENT/I_DECODER/s_axi_wready_reg_i_3/O
                         net (fo=5, routed)           1.535     7.060    design_1_i/usp_rf_data_converter_0/inst/i_axi_lite_ipif/I_SLAVE_ATTACHMENT/I_DECODER/IP2Bus_WrAck0
    SLICE_X48Y123        LUT6 (Prop_F6LUT_SLICEM_I5_O)
                                                      0.037     7.097 r  design_1_i/usp_rf_data_converter_0/inst/i_axi_lite_ipif/I_SLAVE_ATTACHMENT/I_DECODER/icount_out0_carry_i_13/O
                         net (fo=1, routed)           0.088     7.185    design_1_i/usp_rf_data_converter_0/inst/i_axi_lite_ipif/I_SLAVE_ATTACHMENT/DATA_PHASE_WDT.I_DPTO_COUNTER/icount_out0_carry_0
    SLICE_X47Y123        LUT6 (Prop_H6LUT_SLICEL_I4_O)
                                                      0.036     7.221 r  design_1_i/usp_rf_data_converter_0/inst/i_axi_lite_ipif/I_SLAVE_ATTACHMENT/DATA_PHASE_WDT.I_DPTO_COUNTER/icount_out0_carry_i_9/O
                         net (fo=1, routed)           0.267     7.488    design_1_i/usp_rf_data_converter_0/inst/i_axi_lite_ipif/I_SLAVE_ATTACHMENT/DATA_PHASE_WDT.I_DPTO_COUNTER/icount_out0_carry_i_9_n_0
    SLICE_X46Y122        CARRY8 (Prop_CARRY8_SLICEM_S[0]_O[6])
                                                      0.226     7.714 r  design_1_i/usp_rf_data_converter_0/inst/i_axi_lite_ipif/I_SLAVE_ATTACHMENT/DATA_PHASE_WDT.I_DPTO_COUNTER/icount_out0_carry/O[6]
                         net (fo=1, routed)           0.122     7.836    design_1_i/usp_rf_data_converter_0/inst/i_axi_lite_ipif/I_SLAVE_ATTACHMENT/DATA_PHASE_WDT.I_DPTO_COUNTER/icount_out0_carry_n_9
    SLICE_X46Y121        LUT6 (Prop_B6LUT_SLICEM_I5_O)
                                                      0.089     7.925 r  design_1_i/usp_rf_data_converter_0/inst/i_axi_lite_ipif/I_SLAVE_ATTACHMENT/DATA_PHASE_WDT.I_DPTO_COUNTER/icount_out[7]_i_1/O
                         net (fo=1, routed)           0.059     7.984    design_1_i/usp_rf_data_converter_0/inst/i_axi_lite_ipif/I_SLAVE_ATTACHMENT/DATA_PHASE_WDT.I_DPTO_COUNTER/p_1_in[7]
    SLICE_X46Y121        FDRE                                         r  design_1_i/usp_rf_data_converter_0/inst/i_axi_lite_ipif/I_SLAVE_ATTACHMENT/DATA_PHASE_WDT.I_DPTO_COUNTER/icount_out_reg[7]/D
  -------------------------------------------------------------------    -------------------

                         (clock clk_pl_0 rise edge)
                                                     10.312    10.312 r  
    PS8_X0Y0             PS8                          0.000    10.312 r  design_1_i/zynq_ultra_ps_e_0/U0/PS8_i/PLCLK[0]
                         net (fo=1, routed)           0.157    10.469    design_1_i/zynq_ultra_ps_e_0/U0/pl_clk_unbuffered[0]
    BUFG_PS_X0Y58        BUFG_PS (Prop_BUFG_PS_I_O)
                                                      0.025    10.494 r  design_1_i/zynq_ultra_ps_e_0/U0/buffer_pl_clk_0.PL_CLK_0_BUFG/O
    X2Y2 (CLOCK_ROOT)    net (fo=6912, routed)        1.470    11.964    design_1_i/usp_rf_data_converter_0/inst/i_axi_lite_ipif/I_SLAVE_ATTACHMENT/DATA_PHASE_WDT.I_DPTO_COUNTER/s_axi_aclk
    SLICE_X46Y121        FDRE                                         r  design_1_i/usp_rf_data_converter_0/inst/i_axi_lite_ipif/I_SLAVE_ATTACHMENT/DATA_PHASE_WDT.I_DPTO_COUNTER/icount_out_reg[7]/C
                         clock pessimism              0.149    12.113    
                         clock uncertainty           -0.159    11.954    
    SLICE_X46Y121        FDRE (Setup_BFF_SLICEM_C_D)
                                                      0.025    11.979    design_1_i/usp_rf_data_converter_0/inst/i_axi_lite_ipif/I_SLAVE_ATTACHMENT/DATA_PHASE_WDT.I_DPTO_COUNTER/icount_out_reg[7]
  -------------------------------------------------------------------
                         required time                         11.979    
                         arrival time                          -7.984    
  -------------------------------------------------------------------
                         slack                                  3.994    

Slack (MET) :             3.996ns  (required time - arrival time)
  Source:                 design_1_i/usp_rf_data_converter_0/inst/i_axi_lite_ipif/I_SLAVE_ATTACHMENT/bus2ip_addr_reg_reg[17]/C
                            (rising edge-triggered cell FDRE clocked by clk_pl_0  {rise@0.000ns fall@5.156ns period=10.312ns})
  Destination:            design_1_i/usp_rf_data_converter_0/inst/i_axi_lite_ipif/I_SLAVE_ATTACHMENT/DATA_PHASE_WDT.I_DPTO_COUNTER/icount_out_reg[5]/D
                            (rising edge-triggered cell FDRE clocked by clk_pl_0  {rise@0.000ns fall@5.156ns period=10.312ns})
  Path Group:             clk_pl_0
  Path Type:              Setup (Max at Slow Process Corner)
  Requirement:            10.312ns  (clk_pl_0 rise@10.312ns - clk_pl_0 rise@0.000ns)
  Data Path Delay:        6.090ns  (logic 0.823ns (13.515%)  route 5.267ns (86.485%))
  Logic Levels:           8  (CARRY8=1 LUT3=1 LUT6=6)
  Clock Path Skew:        -0.092ns (DCD - SCD + CPR)
    Destination Clock Delay (DCD):    1.652ns = ( 11.964 - 10.312 ) 
    Source Clock Delay      (SCD):    1.893ns
    Clock Pessimism Removal (CPR):    0.149ns
  Clock Uncertainty:      0.159ns  ((TSJ^2 + DJ^2)^1/2) / 2 + PE
    Total System Jitter     (TSJ):    0.071ns
    Discrete Jitter          (DJ):    0.310ns
    Phase Error              (PE):    0.000ns
  Clock Net Delay (Source):      1.667ns (routing 0.467ns, distribution 1.200ns)
  Clock Net Delay (Destination): 1.470ns (routing 0.423ns, distribution 1.047ns)

    Location             Delay type                Incr(ns)  Path(ns)    Netlist Resource(s)
  -------------------------------------------------------------------    -------------------
                         (clock clk_pl_0 rise edge)
                                                      0.000     0.000 r  
    PS8_X0Y0             PS8                          0.000     0.000 r  design_1_i/zynq_ultra_ps_e_0/U0/PS8_i/PLCLK[0]
                         net (fo=1, routed)           0.198     0.198    design_1_i/zynq_ultra_ps_e_0/U0/pl_clk_unbuffered[0]
    BUFG_PS_X0Y58        BUFG_PS (Prop_BUFG_PS_I_O)
                                                      0.028     0.226 r  design_1_i/zynq_ultra_ps_e_0/U0/buffer_pl_clk_0.PL_CLK_0_BUFG/O
    X2Y2 (CLOCK_ROOT)    net (fo=6912, routed)        1.667     1.893    design_1_i/usp_rf_data_converter_0/inst/i_axi_lite_ipif/I_SLAVE_ATTACHMENT/s_axi_aclk
    SLICE_X48Y127        FDRE                                         r  design_1_i/usp_rf_data_converter_0/inst/i_axi_lite_ipif/I_SLAVE_ATTACHMENT/bus2ip_addr_reg_reg[17]/C
  -------------------------------------------------------------------    -------------------
    SLICE_X48Y127        FDRE (Prop_CFF_SLICEM_C_Q)
                                                      0.078     1.971 f  design_1_i/usp_rf_data_converter_0/inst/i_axi_lite_ipif/I_SLAVE_ATTACHMENT/bus2ip_addr_reg_reg[17]/Q
                         net (fo=60, routed)          2.258     4.228    design_1_i/usp_rf_data_converter_0/inst/i_axi_lite_ipif/I_SLAVE_ATTACHMENT/I_DECODER/axi_RdAck_r_reg[14]
    SLICE_X109Y123       LUT3 (Prop_A6LUT_SLICEM_I0_O)
                                                      0.125     4.353 r  design_1_i/usp_rf_data_converter_0/inst/i_axi_lite_ipif/I_SLAVE_ATTACHMENT/I_DECODER/FSM_onehot_state[4]_i_6/O
                         net (fo=1, routed)           0.313     4.666    design_1_i/usp_rf_data_converter_0/inst/i_axi_lite_ipif/I_SLAVE_ATTACHMENT/I_DECODER/FSM_onehot_state[4]_i_6_n_0
    SLICE_X114Y127       LUT6 (Prop_G6LUT_SLICEL_I3_O)
                                                      0.149     4.815 r  design_1_i/usp_rf_data_converter_0/inst/i_axi_lite_ipif/I_SLAVE_ATTACHMENT/I_DECODER/FSM_onehot_state[4]_i_4/O
                         net (fo=8, routed)           0.210     5.025    design_1_i/usp_rf_data_converter_0/inst/i_axi_lite_ipif/I_SLAVE_ATTACHMENT/I_DECODER/dac_disable
    SLICE_X112Y127       LUT6 (Prop_C6LUT_SLICEM_I1_O)
                                                      0.051     5.076 r  design_1_i/usp_rf_data_converter_0/inst/i_axi_lite_ipif/I_SLAVE_ATTACHMENT/I_DECODER/s_axi_wready_reg_i_4/O
                         net (fo=1, routed)           0.359     5.435    design_1_i/usp_rf_data_converter_0/inst/i_axi_lite_ipif/I_SLAVE_ATTACHMENT/I_DECODER/drp_WrAck[1]
    SLICE_X114Y122       LUT6 (Prop_E6LUT_SLICEL_I0_O)
                                                      0.090     5.525 r  design_1_i/usp_rf_data_converter_0/inst/i_axi_lite_ipif/I_SLAVE_ATTACHMENT/I_DECODER/s_axi_wready_reg_i_3/O
                         net (fo=5, routed)           1.535     7.060    design_1_i/usp_rf_data_converter_0/inst/i_axi_lite_ipif/I_SLAVE_ATTACHMENT/I_DECODER/IP2Bus_WrAck0
    SLICE_X48Y123        LUT6 (Prop_F6LUT_SLICEM_I5_O)
                                                      0.037     7.097 r  design_1_i/usp_rf_data_converter_0/inst/i_axi_lite_ipif/I_SLAVE_ATTACHMENT/I_DECODER/icount_out0_carry_i_13/O
                         net (fo=1, routed)           0.088     7.185    design_1_i/usp_rf_data_converter_0/inst/i_axi_lite_ipif/I_SLAVE_ATTACHMENT/DATA_PHASE_WDT.I_DPTO_COUNTER/icount_out0_carry_0
    SLICE_X47Y123        LUT6 (Prop_H6LUT_SLICEL_I4_O)
                                                      0.036     7.221 r  design_1_i/usp_rf_data_converter_0/inst/i_axi_lite_ipif/I_SLAVE_ATTACHMENT/DATA_PHASE_WDT.I_DPTO_COUNTER/icount_out0_carry_i_9/O
                         net (fo=1, routed)           0.267     7.488    design_1_i/usp_rf_data_converter_0/inst/i_axi_lite_ipif/I_SLAVE_ATTACHMENT/DATA_PHASE_WDT.I_DPTO_COUNTER/icount_out0_carry_i_9_n_0
    SLICE_X46Y122        CARRY8 (Prop_CARRY8_SLICEM_S[0]_O[4])
                                                      0.206     7.694 r  design_1_i/usp_rf_data_converter_0/inst/i_axi_lite_ipif/I_SLAVE_ATTACHMENT/DATA_PHASE_WDT.I_DPTO_COUNTER/icount_out0_carry/O[4]
                         net (fo=1, routed)           0.165     7.859    design_1_i/usp_rf_data_converter_0/inst/i_axi_lite_ipif/I_SLAVE_ATTACHMENT/DATA_PHASE_WDT.I_DPTO_COUNTER/icount_out0_carry_n_11
    SLICE_X46Y121        LUT6 (Prop_D6LUT_SLICEM_I5_O)
                                                      0.051     7.910 r  design_1_i/usp_rf_data_converter_0/inst/i_axi_lite_ipif/I_SLAVE_ATTACHMENT/DATA_PHASE_WDT.I_DPTO_COUNTER/icount_out[5]_i_1/O
                         net (fo=1, routed)           0.072     7.982    design_1_i/usp_rf_data_converter_0/inst/i_axi_lite_ipif/I_SLAVE_ATTACHMENT/DATA_PHASE_WDT.I_DPTO_COUNTER/p_1_in[5]
    SLICE_X46Y121        FDRE                                         r  design_1_i/usp_rf_data_converter_0/inst/i_axi_lite_ipif/I_SLAVE_ATTACHMENT/DATA_PHASE_WDT.I_DPTO_COUNTER/icount_out_reg[5]/D
  -------------------------------------------------------------------    -------------------

                         (clock clk_pl_0 rise edge)
                                                     10.312    10.312 r  
    PS8_X0Y0             PS8                          0.000    10.312 r  design_1_i/zynq_ultra_ps_e_0/U0/PS8_i/PLCLK[0]
                         net (fo=1, routed)           0.157    10.469    design_1_i/zynq_ultra_ps_e_0/U0/pl_clk_unbuffered[0]
    BUFG_PS_X0Y58        BUFG_PS (Prop_BUFG_PS_I_O)
                                                      0.025    10.494 r  design_1_i/zynq_ultra_ps_e_0/U0/buffer_pl_clk_0.PL_CLK_0_BUFG/O
    X2Y2 (CLOCK_ROOT)    net (fo=6912, routed)        1.470    11.964    design_1_i/usp_rf_data_converter_0/inst/i_axi_lite_ipif/I_SLAVE_ATTACHMENT/DATA_PHASE_WDT.I_DPTO_COUNTER/s_axi_aclk
    SLICE_X46Y121        FDRE                                         r  design_1_i/usp_rf_data_converter_0/inst/i_axi_lite_ipif/I_SLAVE_ATTACHMENT/DATA_PHASE_WDT.I_DPTO_COUNTER/icount_out_reg[5]/C
                         clock pessimism              0.149    12.113    
                         clock uncertainty           -0.159    11.954    
    SLICE_X46Y121        FDRE (Setup_DFF_SLICEM_C_D)
                                                      0.025    11.979    design_1_i/usp_rf_data_converter_0/inst/i_axi_lite_ipif/I_SLAVE_ATTACHMENT/DATA_PHASE_WDT.I_DPTO_COUNTER/icount_out_reg[5]
  -------------------------------------------------------------------
                         required time                         11.979    
                         arrival time                          -7.982    
  -------------------------------------------------------------------
                         slack                                  3.996    

Slack (MET) :             3.999ns  (required time - arrival time)
  Source:                 design_1_i/usp_rf_data_converter_0/inst/i_axi_lite_ipif/I_SLAVE_ATTACHMENT/bus2ip_addr_reg_reg[17]/C
                            (rising edge-triggered cell FDRE clocked by clk_pl_0  {rise@0.000ns fall@5.156ns period=10.312ns})
  Destination:            design_1_i/usp_rf_data_converter_0/inst/i_axi_lite_ipif/I_SLAVE_ATTACHMENT/s_axi_wready_reg_reg/D
                            (rising edge-triggered cell FDRE clocked by clk_pl_0  {rise@0.000ns fall@5.156ns period=10.312ns})
  Path Group:             clk_pl_0
  Path Type:              Setup (Max at Slow Process Corner)
  Requirement:            10.312ns  (clk_pl_0 rise@10.312ns - clk_pl_0 rise@0.000ns)
  Data Path Delay:        6.081ns  (logic 0.758ns (12.465%)  route 5.323ns (87.535%))
  Logic Levels:           6  (LUT3=1 LUT5=2 LUT6=3)
  Clock Path Skew:        -0.098ns (DCD - SCD + CPR)
    Destination Clock Delay (DCD):    1.646ns = ( 11.958 - 10.312 ) 
    Source Clock Delay      (SCD):    1.893ns
    Clock Pessimism Removal (CPR):    0.149ns
  Clock Uncertainty:      0.159ns  ((TSJ^2 + DJ^2)^1/2) / 2 + PE
    Total System Jitter     (TSJ):    0.071ns
    Discrete Jitter          (DJ):    0.310ns
    Phase Error              (PE):    0.000ns
  Clock Net Delay (Source):      1.667ns (routing 0.467ns, distribution 1.200ns)
  Clock Net Delay (Destination): 1.464ns (routing 0.423ns, distribution 1.041ns)

    Location             Delay type                Incr(ns)  Path(ns)    Netlist Resource(s)
  -------------------------------------------------------------------    -------------------
                         (clock clk_pl_0 rise edge)
                                                      0.000     0.000 r  
    PS8_X0Y0             PS8                          0.000     0.000 r  design_1_i/zynq_ultra_ps_e_0/U0/PS8_i/PLCLK[0]
                         net (fo=1, routed)           0.198     0.198    design_1_i/zynq_ultra_ps_e_0/U0/pl_clk_unbuffered[0]
    BUFG_PS_X0Y58        BUFG_PS (Prop_BUFG_PS_I_O)
                                                      0.028     0.226 r  design_1_i/zynq_ultra_ps_e_0/U0/buffer_pl_clk_0.PL_CLK_0_BUFG/O
    X2Y2 (CLOCK_ROOT)    net (fo=6912, routed)        1.667     1.893    design_1_i/usp_rf_data_converter_0/inst/i_axi_lite_ipif/I_SLAVE_ATTACHMENT/s_axi_aclk
    SLICE_X48Y127        FDRE                                         r  design_1_i/usp_rf_data_converter_0/inst/i_axi_lite_ipif/I_SLAVE_ATTACHMENT/bus2ip_addr_reg_reg[17]/C
  -------------------------------------------------------------------    -------------------
    SLICE_X48Y127        FDRE (Prop_CFF_SLICEM_C_Q)
                                                      0.078     1.971 f  design_1_i/usp_rf_data_converter_0/inst/i_axi_lite_ipif/I_SLAVE_ATTACHMENT/bus2ip_addr_reg_reg[17]/Q
                         net (fo=60, routed)          2.258     4.228    design_1_i/usp_rf_data_converter_0/inst/i_axi_lite_ipif/I_SLAVE_ATTACHMENT/I_DECODER/axi_RdAck_r_reg[14]
    SLICE_X109Y123       LUT3 (Prop_A6LUT_SLICEM_I0_O)
                                                      0.125     4.353 r  design_1_i/usp_rf_data_converter_0/inst/i_axi_lite_ipif/I_SLAVE_ATTACHMENT/I_DECODER/FSM_onehot_state[4]_i_6/O
                         net (fo=1, routed)           0.313     4.666    design_1_i/usp_rf_data_converter_0/inst/i_axi_lite_ipif/I_SLAVE_ATTACHMENT/I_DECODER/FSM_onehot_state[4]_i_6_n_0
    SLICE_X114Y127       LUT6 (Prop_G6LUT_SLICEL_I3_O)
                                                      0.149     4.815 r  design_1_i/usp_rf_data_converter_0/inst/i_axi_lite_ipif/I_SLAVE_ATTACHMENT/I_DECODER/FSM_onehot_state[4]_i_4/O
                         net (fo=8, routed)           0.210     5.025    design_1_i/usp_rf_data_converter_0/inst/i_axi_lite_ipif/I_SLAVE_ATTACHMENT/I_DECODER/dac_disable
    SLICE_X112Y127       LUT6 (Prop_C6LUT_SLICEM_I1_O)
                                                      0.051     5.076 r  design_1_i/usp_rf_data_converter_0/inst/i_axi_lite_ipif/I_SLAVE_ATTACHMENT/I_DECODER/s_axi_wready_reg_i_4/O
                         net (fo=1, routed)           0.359     5.435    design_1_i/usp_rf_data_converter_0/inst/i_axi_lite_ipif/I_SLAVE_ATTACHMENT/I_DECODER/drp_WrAck[1]
    SLICE_X114Y122       LUT6 (Prop_E6LUT_SLICEL_I0_O)
                                                      0.090     5.525 r  design_1_i/usp_rf_data_converter_0/inst/i_axi_lite_ipif/I_SLAVE_ATTACHMENT/I_DECODER/s_axi_wready_reg_i_3/O
                         net (fo=5, routed)           0.405     5.930    design_1_i/usp_rf_data_converter_0/inst/i_axi_lite_ipif/I_SLAVE_ATTACHMENT/I_DECODER/IP2Bus_WrAck0
    SLICE_X109Y123       LUT5 (Prop_A5LUT_SLICEM_I4_O)
                                                      0.100     6.030 r  design_1_i/usp_rf_data_converter_0/inst/i_axi_lite_ipif/I_SLAVE_ATTACHMENT/I_DECODER/s_axi_wready_reg_i_2/O
                         net (fo=2, routed)           1.552     7.583    design_1_i/usp_rf_data_converter_0/inst/i_axi_lite_ipif/I_SLAVE_ATTACHMENT/I_DECODER/IP2Bus_WrAck
    SLICE_X47Y123        LUT5 (Prop_B5LUT_SLICEL_I1_O)
                                                      0.165     7.748 r  design_1_i/usp_rf_data_converter_0/inst/i_axi_lite_ipif/I_SLAVE_ATTACHMENT/I_DECODER/s_axi_wready_reg_i_1/O
                         net (fo=1, routed)           0.226     7.974    design_1_i/usp_rf_data_converter_0/inst/i_axi_lite_ipif/I_SLAVE_ATTACHMENT/s_axi_wready_i
    SLICE_X46Y123        FDRE                                         r  design_1_i/usp_rf_data_converter_0/inst/i_axi_lite_ipif/I_SLAVE_ATTACHMENT/s_axi_wready_reg_reg/D
  -------------------------------------------------------------------    -------------------

                         (clock clk_pl_0 rise edge)
                                                     10.312    10.312 r  
    PS8_X0Y0             PS8                          0.000    10.312 r  design_1_i/zynq_ultra_ps_e_0/U0/PS8_i/PLCLK[0]
                         net (fo=1, routed)           0.157    10.469    design_1_i/zynq_ultra_ps_e_0/U0/pl_clk_unbuffered[0]
    BUFG_PS_X0Y58        BUFG_PS (Prop_BUFG_PS_I_O)
                                                      0.025    10.494 r  design_1_i/zynq_ultra_ps_e_0/U0/buffer_pl_clk_0.PL_CLK_0_BUFG/O
    X2Y2 (CLOCK_ROOT)    net (fo=6912, routed)        1.464    11.958    design_1_i/usp_rf_data_converter_0/inst/i_axi_lite_ipif/I_SLAVE_ATTACHMENT/s_axi_aclk
    SLICE_X46Y123        FDRE                                         r  design_1_i/usp_rf_data_converter_0/inst/i_axi_lite_ipif/I_SLAVE_ATTACHMENT/s_axi_wready_reg_reg/C
                         clock pessimism              0.149    12.107    
                         clock uncertainty           -0.159    11.948    
    SLICE_X46Y123        FDRE (Setup_EFF_SLICEM_C_D)
                                                      0.025    11.973    design_1_i/usp_rf_data_converter_0/inst/i_axi_lite_ipif/I_SLAVE_ATTACHMENT/s_axi_wready_reg_reg
  -------------------------------------------------------------------
                         required time                         11.973    
                         arrival time                          -7.974    
  -------------------------------------------------------------------
                         slack                                  3.999    

Slack (MET) :             4.016ns  (required time - arrival time)
  Source:                 design_1_i/usp_rf_data_converter_0/inst/i_axi_lite_ipif/I_SLAVE_ATTACHMENT/bus2ip_addr_reg_reg[17]/C
                            (rising edge-triggered cell FDRE clocked by clk_pl_0  {rise@0.000ns fall@5.156ns period=10.312ns})
  Destination:            design_1_i/usp_rf_data_converter_0/inst/i_axi_lite_ipif/I_SLAVE_ATTACHMENT/DATA_PHASE_WDT.I_DPTO_COUNTER/icount_out_reg[8]/D
                            (rising edge-triggered cell FDRE clocked by clk_pl_0  {rise@0.000ns fall@5.156ns period=10.312ns})
  Path Group:             clk_pl_0
  Path Type:              Setup (Max at Slow Process Corner)
  Requirement:            10.312ns  (clk_pl_0 rise@10.312ns - clk_pl_0 rise@0.000ns)
  Data Path Delay:        6.070ns  (logic 0.860ns (14.169%)  route 5.210ns (85.831%))
  Logic Levels:           8  (CARRY8=1 LUT3=1 LUT6=6)
  Clock Path Skew:        -0.092ns (DCD - SCD + CPR)
    Destination Clock Delay (DCD):    1.652ns = ( 11.964 - 10.312 ) 
    Source Clock Delay      (SCD):    1.893ns
    Clock Pessimism Removal (CPR):    0.149ns
  Clock Uncertainty:      0.159ns  ((TSJ^2 + DJ^2)^1/2) / 2 + PE
    Total System Jitter     (TSJ):    0.071ns
    Discrete Jitter          (DJ):    0.310ns
    Phase Error              (PE):    0.000ns
  Clock Net Delay (Source):      1.667ns (routing 0.467ns, distribution 1.200ns)
  Clock Net Delay (Destination): 1.470ns (routing 0.423ns, distribution 1.047ns)

    Location             Delay type                Incr(ns)  Path(ns)    Netlist Resource(s)
  -------------------------------------------------------------------    -------------------
                         (clock clk_pl_0 rise edge)
                                                      0.000     0.000 r  
    PS8_X0Y0             PS8                          0.000     0.000 r  design_1_i/zynq_ultra_ps_e_0/U0/PS8_i/PLCLK[0]
                         net (fo=1, routed)           0.198     0.198    design_1_i/zynq_ultra_ps_e_0/U0/pl_clk_unbuffered[0]
    BUFG_PS_X0Y58        BUFG_PS (Prop_BUFG_PS_I_O)
                                                      0.028     0.226 r  design_1_i/zynq_ultra_ps_e_0/U0/buffer_pl_clk_0.PL_CLK_0_BUFG/O
    X2Y2 (CLOCK_ROOT)    net (fo=6912, routed)        1.667     1.893    design_1_i/usp_rf_data_converter_0/inst/i_axi_lite_ipif/I_SLAVE_ATTACHMENT/s_axi_aclk
    SLICE_X48Y127        FDRE                                         r  design_1_i/usp_rf_data_converter_0/inst/i_axi_lite_ipif/I_SLAVE_ATTACHMENT/bus2ip_addr_reg_reg[17]/C
  -------------------------------------------------------------------    -------------------
    SLICE_X48Y127        FDRE (Prop_CFF_SLICEM_C_Q)
                                                      0.078     1.971 f  design_1_i/usp_rf_data_converter_0/inst/i_axi_lite_ipif/I_SLAVE_ATTACHMENT/bus2ip_addr_reg_reg[17]/Q
                         net (fo=60, routed)          2.258     4.228    design_1_i/usp_rf_data_converter_0/inst/i_axi_lite_ipif/I_SLAVE_ATTACHMENT/I_DECODER/axi_RdAck_r_reg[14]
    SLICE_X109Y123       LUT3 (Prop_A6LUT_SLICEM_I0_O)
                                                      0.125     4.353 r  design_1_i/usp_rf_data_converter_0/inst/i_axi_lite_ipif/I_SLAVE_ATTACHMENT/I_DECODER/FSM_onehot_state[4]_i_6/O
                         net (fo=1, routed)           0.313     4.666    design_1_i/usp_rf_data_converter_0/inst/i_axi_lite_ipif/I_SLAVE_ATTACHMENT/I_DECODER/FSM_onehot_state[4]_i_6_n_0
    SLICE_X114Y127       LUT6 (Prop_G6LUT_SLICEL_I3_O)
                                                      0.149     4.815 r  design_1_i/usp_rf_data_converter_0/inst/i_axi_lite_ipif/I_SLAVE_ATTACHMENT/I_DECODER/FSM_onehot_state[4]_i_4/O
                         net (fo=8, routed)           0.210     5.025    design_1_i/usp_rf_data_converter_0/inst/i_axi_lite_ipif/I_SLAVE_ATTACHMENT/I_DECODER/dac_disable
    SLICE_X112Y127       LUT6 (Prop_C6LUT_SLICEM_I1_O)
                                                      0.051     5.076 r  design_1_i/usp_rf_data_converter_0/inst/i_axi_lite_ipif/I_SLAVE_ATTACHMENT/I_DECODER/s_axi_wready_reg_i_4/O
                         net (fo=1, routed)           0.359     5.435    design_1_i/usp_rf_data_converter_0/inst/i_axi_lite_ipif/I_SLAVE_ATTACHMENT/I_DECODER/drp_WrAck[1]
    SLICE_X114Y122       LUT6 (Prop_E6LUT_SLICEL_I0_O)
                                                      0.090     5.525 r  design_1_i/usp_rf_data_converter_0/inst/i_axi_lite_ipif/I_SLAVE_ATTACHMENT/I_DECODER/s_axi_wready_reg_i_3/O
                         net (fo=5, routed)           1.535     7.060    design_1_i/usp_rf_data_converter_0/inst/i_axi_lite_ipif/I_SLAVE_ATTACHMENT/I_DECODER/IP2Bus_WrAck0
    SLICE_X48Y123        LUT6 (Prop_F6LUT_SLICEM_I5_O)
                                                      0.037     7.097 r  design_1_i/usp_rf_data_converter_0/inst/i_axi_lite_ipif/I_SLAVE_ATTACHMENT/I_DECODER/icount_out0_carry_i_13/O
                         net (fo=1, routed)           0.088     7.185    design_1_i/usp_rf_data_converter_0/inst/i_axi_lite_ipif/I_SLAVE_ATTACHMENT/DATA_PHASE_WDT.I_DPTO_COUNTER/icount_out0_carry_0
    SLICE_X47Y123        LUT6 (Prop_H6LUT_SLICEL_I4_O)
                                                      0.036     7.221 r  design_1_i/usp_rf_data_converter_0/inst/i_axi_lite_ipif/I_SLAVE_ATTACHMENT/DATA_PHASE_WDT.I_DPTO_COUNTER/icount_out0_carry_i_9/O
                         net (fo=1, routed)           0.267     7.488    design_1_i/usp_rf_data_converter_0/inst/i_axi_lite_ipif/I_SLAVE_ATTACHMENT/DATA_PHASE_WDT.I_DPTO_COUNTER/icount_out0_carry_i_9_n_0
    SLICE_X46Y122        CARRY8 (Prop_CARRY8_SLICEM_S[0]_O[7])
                                                      0.241     7.729 r  design_1_i/usp_rf_data_converter_0/inst/i_axi_lite_ipif/I_SLAVE_ATTACHMENT/DATA_PHASE_WDT.I_DPTO_COUNTER/icount_out0_carry/O[7]
                         net (fo=1, routed)           0.127     7.856    design_1_i/usp_rf_data_converter_0/inst/i_axi_lite_ipif/I_SLAVE_ATTACHMENT/DATA_PHASE_WDT.I_DPTO_COUNTER/icount_out0_carry_n_8
    SLICE_X46Y121        LUT6 (Prop_A6LUT_SLICEM_I5_O)
                                                      0.053     7.909 r  design_1_i/usp_rf_data_converter_0/inst/i_axi_lite_ipif/I_SLAVE_ATTACHMENT/DATA_PHASE_WDT.I_DPTO_COUNTER/icount_out[8]_i_1/O
                         net (fo=1, routed)           0.053     7.962    design_1_i/usp_rf_data_converter_0/inst/i_axi_lite_ipif/I_SLAVE_ATTACHMENT/DATA_PHASE_WDT.I_DPTO_COUNTER/p_1_in[8]
    SLICE_X46Y121        FDRE                                         r  design_1_i/usp_rf_data_converter_0/inst/i_axi_lite_ipif/I_SLAVE_ATTACHMENT/DATA_PHASE_WDT.I_DPTO_COUNTER/icount_out_reg[8]/D
  -------------------------------------------------------------------    -------------------

                         (clock clk_pl_0 rise edge)
                                                     10.312    10.312 r  
    PS8_X0Y0             PS8                          0.000    10.312 r  design_1_i/zynq_ultra_ps_e_0/U0/PS8_i/PLCLK[0]
                         net (fo=1, routed)           0.157    10.469    design_1_i/zynq_ultra_ps_e_0/U0/pl_clk_unbuffered[0]
    BUFG_PS_X0Y58        BUFG_PS (Prop_BUFG_PS_I_O)
                                                      0.025    10.494 r  design_1_i/zynq_ultra_ps_e_0/U0/buffer_pl_clk_0.PL_CLK_0_BUFG/O
    X2Y2 (CLOCK_ROOT)    net (fo=6912, routed)        1.470    11.964    design_1_i/usp_rf_data_converter_0/inst/i_axi_lite_ipif/I_SLAVE_ATTACHMENT/DATA_PHASE_WDT.I_DPTO_COUNTER/s_axi_aclk
    SLICE_X46Y121        FDRE                                         r  design_1_i/usp_rf_data_converter_0/inst/i_axi_lite_ipif/I_SLAVE_ATTACHMENT/DATA_PHASE_WDT.I_DPTO_COUNTER/icount_out_reg[8]/C
                         clock pessimism              0.149    12.113    
                         clock uncertainty           -0.159    11.954    
    SLICE_X46Y121        FDRE (Setup_AFF_SLICEM_C_D)
                                                      0.025    11.979    design_1_i/usp_rf_data_converter_0/inst/i_axi_lite_ipif/I_SLAVE_ATTACHMENT/DATA_PHASE_WDT.I_DPTO_COUNTER/icount_out_reg[8]
  -------------------------------------------------------------------
                         required time                         11.979    
                         arrival time                          -7.962    
  -------------------------------------------------------------------
                         slack                                  4.016    

Slack (MET) :             4.016ns  (required time - arrival time)
  Source:                 design_1_i/usp_rf_data_converter_0/inst/i_axi_lite_ipif/I_SLAVE_ATTACHMENT/bus2ip_addr_reg_reg[17]/C
                            (rising edge-triggered cell FDRE clocked by clk_pl_0  {rise@0.000ns fall@5.156ns period=10.312ns})
  Destination:            design_1_i/usp_rf_data_converter_0/inst/i_axi_lite_ipif/I_SLAVE_ATTACHMENT/DATA_PHASE_WDT.I_DPTO_COUNTER/icount_out_reg[6]/D
                            (rising edge-triggered cell FDRE clocked by clk_pl_0  {rise@0.000ns fall@5.156ns period=10.312ns})
  Path Group:             clk_pl_0
  Path Type:              Setup (Max at Slow Process Corner)
  Requirement:            10.312ns  (clk_pl_0 rise@10.312ns - clk_pl_0 rise@0.000ns)
  Data Path Delay:        6.070ns  (logic 0.843ns (13.889%)  route 5.227ns (86.111%))
  Logic Levels:           8  (CARRY8=1 LUT3=1 LUT6=6)
  Clock Path Skew:        -0.092ns (DCD - SCD + CPR)
    Destination Clock Delay (DCD):    1.652ns = ( 11.964 - 10.312 ) 
    Source Clock Delay      (SCD):    1.893ns
    Clock Pessimism Removal (CPR):    0.149ns
  Clock Uncertainty:      0.159ns  ((TSJ^2 + DJ^2)^1/2) / 2 + PE
    Total System Jitter     (TSJ):    0.071ns
    Discrete Jitter          (DJ):    0.310ns
    Phase Error              (PE):    0.000ns
  Clock Net Delay (Source):      1.667ns (routing 0.467ns, distribution 1.200ns)
  Clock Net Delay (Destination): 1.470ns (routing 0.423ns, distribution 1.047ns)

    Location             Delay type                Incr(ns)  Path(ns)    Netlist Resource(s)
  -------------------------------------------------------------------    -------------------
                         (clock clk_pl_0 rise edge)
                                                      0.000     0.000 r  
    PS8_X0Y0             PS8                          0.000     0.000 r  design_1_i/zynq_ultra_ps_e_0/U0/PS8_i/PLCLK[0]
                         net (fo=1, routed)           0.198     0.198    design_1_i/zynq_ultra_ps_e_0/U0/pl_clk_unbuffered[0]
    BUFG_PS_X0Y58        BUFG_PS (Prop_BUFG_PS_I_O)
                                                      0.028     0.226 r  design_1_i/zynq_ultra_ps_e_0/U0/buffer_pl_clk_0.PL_CLK_0_BUFG/O
    X2Y2 (CLOCK_ROOT)    net (fo=6912, routed)        1.667     1.893    design_1_i/usp_rf_data_converter_0/inst/i_axi_lite_ipif/I_SLAVE_ATTACHMENT/s_axi_aclk
    SLICE_X48Y127        FDRE                                         r  design_1_i/usp_rf_data_converter_0/inst/i_axi_lite_ipif/I_SLAVE_ATTACHMENT/bus2ip_addr_reg_reg[17]/C
  -------------------------------------------------------------------    -------------------
    SLICE_X48Y127        FDRE (Prop_CFF_SLICEM_C_Q)
                                                      0.078     1.971 f  design_1_i/usp_rf_data_converter_0/inst/i_axi_lite_ipif/I_SLAVE_ATTACHMENT/bus2ip_addr_reg_reg[17]/Q
                         net (fo=60, routed)          2.258     4.228    design_1_i/usp_rf_data_converter_0/inst/i_axi_lite_ipif/I_SLAVE_ATTACHMENT/I_DECODER/axi_RdAck_r_reg[14]
    SLICE_X109Y123       LUT3 (Prop_A6LUT_SLICEM_I0_O)
                                                      0.125     4.353 r  design_1_i/usp_rf_data_converter_0/inst/i_axi_lite_ipif/I_SLAVE_ATTACHMENT/I_DECODER/FSM_onehot_state[4]_i_6/O
                         net (fo=1, routed)           0.313     4.666    design_1_i/usp_rf_data_converter_0/inst/i_axi_lite_ipif/I_SLAVE_ATTACHMENT/I_DECODER/FSM_onehot_state[4]_i_6_n_0
    SLICE_X114Y127       LUT6 (Prop_G6LUT_SLICEL_I3_O)
                                                      0.149     4.815 r  design_1_i/usp_rf_data_converter_0/inst/i_axi_lite_ipif/I_SLAVE_ATTACHMENT/I_DECODER/FSM_onehot_state[4]_i_4/O
                         net (fo=8, routed)           0.210     5.025    design_1_i/usp_rf_data_converter_0/inst/i_axi_lite_ipif/I_SLAVE_ATTACHMENT/I_DECODER/dac_disable
    SLICE_X112Y127       LUT6 (Prop_C6LUT_SLICEM_I1_O)
                                                      0.051     5.076 r  design_1_i/usp_rf_data_converter_0/inst/i_axi_lite_ipif/I_SLAVE_ATTACHMENT/I_DECODER/s_axi_wready_reg_i_4/O
                         net (fo=1, routed)           0.359     5.435    design_1_i/usp_rf_data_converter_0/inst/i_axi_lite_ipif/I_SLAVE_ATTACHMENT/I_DECODER/drp_WrAck[1]
    SLICE_X114Y122       LUT6 (Prop_E6LUT_SLICEL_I0_O)
                                                      0.090     5.525 r  design_1_i/usp_rf_data_converter_0/inst/i_axi_lite_ipif/I_SLAVE_ATTACHMENT/I_DECODER/s_axi_wready_reg_i_3/O
                         net (fo=5, routed)           1.535     7.060    design_1_i/usp_rf_data_converter_0/inst/i_axi_lite_ipif/I_SLAVE_ATTACHMENT/I_DECODER/IP2Bus_WrAck0
    SLICE_X48Y123        LUT6 (Prop_F6LUT_SLICEM_I5_O)
                                                      0.037     7.097 r  design_1_i/usp_rf_data_converter_0/inst/i_axi_lite_ipif/I_SLAVE_ATTACHMENT/I_DECODER/icount_out0_carry_i_13/O
                         net (fo=1, routed)           0.088     7.185    design_1_i/usp_rf_data_converter_0/inst/i_axi_lite_ipif/I_SLAVE_ATTACHMENT/DATA_PHASE_WDT.I_DPTO_COUNTER/icount_out0_carry_0
    SLICE_X47Y123        LUT6 (Prop_H6LUT_SLICEL_I4_O)
                                                      0.036     7.221 r  design_1_i/usp_rf_data_converter_0/inst/i_axi_lite_ipif/I_SLAVE_ATTACHMENT/DATA_PHASE_WDT.I_DPTO_COUNTER/icount_out0_carry_i_9/O
                         net (fo=1, routed)           0.267     7.488    design_1_i/usp_rf_data_converter_0/inst/i_axi_lite_ipif/I_SLAVE_ATTACHMENT/DATA_PHASE_WDT.I_DPTO_COUNTER/icount_out0_carry_i_9_n_0
    SLICE_X46Y122        CARRY8 (Prop_CARRY8_SLICEM_S[0]_O[5])
                                                      0.240     7.728 r  design_1_i/usp_rf_data_converter_0/inst/i_axi_lite_ipif/I_SLAVE_ATTACHMENT/DATA_PHASE_WDT.I_DPTO_COUNTER/icount_out0_carry/O[5]
                         net (fo=1, routed)           0.131     7.859    design_1_i/usp_rf_data_converter_0/inst/i_axi_lite_ipif/I_SLAVE_ATTACHMENT/DATA_PHASE_WDT.I_DPTO_COUNTER/icount_out0_carry_n_10
    SLICE_X46Y121        LUT6 (Prop_C6LUT_SLICEM_I5_O)
                                                      0.037     7.896 r  design_1_i/usp_rf_data_converter_0/inst/i_axi_lite_ipif/I_SLAVE_ATTACHMENT/DATA_PHASE_WDT.I_DPTO_COUNTER/icount_out[6]_i_1/O
                         net (fo=1, routed)           0.066     7.962    design_1_i/usp_rf_data_converter_0/inst/i_axi_lite_ipif/I_SLAVE_ATTACHMENT/DATA_PHASE_WDT.I_DPTO_COUNTER/p_1_in[6]
    SLICE_X46Y121        FDRE                                         r  design_1_i/usp_rf_data_converter_0/inst/i_axi_lite_ipif/I_SLAVE_ATTACHMENT/DATA_PHASE_WDT.I_DPTO_COUNTER/icount_out_reg[6]/D
  -------------------------------------------------------------------    -------------------

                         (clock clk_pl_0 rise edge)
                                                     10.312    10.312 r  
    PS8_X0Y0             PS8                          0.000    10.312 r  design_1_i/zynq_ultra_ps_e_0/U0/PS8_i/PLCLK[0]
                         net (fo=1, routed)           0.157    10.469    design_1_i/zynq_ultra_ps_e_0/U0/pl_clk_unbuffered[0]
    BUFG_PS_X0Y58        BUFG_PS (Prop_BUFG_PS_I_O)
                                                      0.025    10.494 r  design_1_i/zynq_ultra_ps_e_0/U0/buffer_pl_clk_0.PL_CLK_0_BUFG/O
    X2Y2 (CLOCK_ROOT)    net (fo=6912, routed)        1.470    11.964    design_1_i/usp_rf_data_converter_0/inst/i_axi_lite_ipif/I_SLAVE_ATTACHMENT/DATA_PHASE_WDT.I_DPTO_COUNTER/s_axi_aclk
    SLICE_X46Y121        FDRE                                         r  design_1_i/usp_rf_data_converter_0/inst/i_axi_lite_ipif/I_SLAVE_ATTACHMENT/DATA_PHASE_WDT.I_DPTO_COUNTER/icount_out_reg[6]/C
                         clock pessimism              0.149    12.113    
                         clock uncertainty           -0.159    11.954    
    SLICE_X46Y121        FDRE (Setup_CFF_SLICEM_C_D)
                                                      0.025    11.979    design_1_i/usp_rf_data_converter_0/inst/i_axi_lite_ipif/I_SLAVE_ATTACHMENT/DATA_PHASE_WDT.I_DPTO_COUNTER/icount_out_reg[6]
  -------------------------------------------------------------------
                         required time                         11.979    
                         arrival time                          -7.962    
  -------------------------------------------------------------------
                         slack                                  4.016    

Slack (MET) :             4.040ns  (required time - arrival time)
  Source:                 design_1_i/usp_rf_data_converter_0/inst/i_axi_lite_ipif/I_SLAVE_ATTACHMENT/bus2ip_addr_reg_reg[17]/C
                            (rising edge-triggered cell FDRE clocked by clk_pl_0  {rise@0.000ns fall@5.156ns period=10.312ns})
  Destination:            design_1_i/usp_rf_data_converter_0/inst/i_axi_lite_ipif/I_SLAVE_ATTACHMENT/I_DECODER/GEN_BKEND_CE_REGISTERS[0].rdce_out_i_reg[0]/R
                            (rising edge-triggered cell FDRE clocked by clk_pl_0  {rise@0.000ns fall@5.156ns period=10.312ns})
  Path Group:             clk_pl_0
  Path Type:              Setup (Max at Slow Process Corner)
  Requirement:            10.312ns  (clk_pl_0 rise@10.312ns - clk_pl_0 rise@0.000ns)
  Data Path Delay:        5.991ns  (logic 0.682ns (11.384%)  route 5.309ns (88.616%))
  Logic Levels:           6  (LUT3=1 LUT5=1 LUT6=4)
  Clock Path Skew:        -0.048ns (DCD - SCD + CPR)
    Destination Clock Delay (DCD):    1.647ns = ( 11.959 - 10.312 ) 
    Source Clock Delay      (SCD):    1.893ns
    Clock Pessimism Removal (CPR):    0.198ns
  Clock Uncertainty:      0.159ns  ((TSJ^2 + DJ^2)^1/2) / 2 + PE
    Total System Jitter     (TSJ):    0.071ns
    Discrete Jitter          (DJ):    0.310ns
    Phase Error              (PE):    0.000ns
  Clock Net Delay (Source):      1.667ns (routing 0.467ns, distribution 1.200ns)
  Clock Net Delay (Destination): 1.465ns (routing 0.423ns, distribution 1.042ns)

    Location             Delay type                Incr(ns)  Path(ns)    Netlist Resource(s)
  -------------------------------------------------------------------    -------------------
                         (clock clk_pl_0 rise edge)
                                                      0.000     0.000 r  
    PS8_X0Y0             PS8                          0.000     0.000 r  design_1_i/zynq_ultra_ps_e_0/U0/PS8_i/PLCLK[0]
                         net (fo=1, routed)           0.198     0.198    design_1_i/zynq_ultra_ps_e_0/U0/pl_clk_unbuffered[0]
    BUFG_PS_X0Y58        BUFG_PS (Prop_BUFG_PS_I_O)
                                                      0.028     0.226 r  design_1_i/zynq_ultra_ps_e_0/U0/buffer_pl_clk_0.PL_CLK_0_BUFG/O
    X2Y2 (CLOCK_ROOT)    net (fo=6912, routed)        1.667     1.893    design_1_i/usp_rf_data_converter_0/inst/i_axi_lite_ipif/I_SLAVE_ATTACHMENT/s_axi_aclk
    SLICE_X48Y127        FDRE                                         r  design_1_i/usp_rf_data_converter_0/inst/i_axi_lite_ipif/I_SLAVE_ATTACHMENT/bus2ip_addr_reg_reg[17]/C
  -------------------------------------------------------------------    -------------------
    SLICE_X48Y127        FDRE (Prop_CFF_SLICEM_C_Q)
                                                      0.078     1.971 f  design_1_i/usp_rf_data_converter_0/inst/i_axi_lite_ipif/I_SLAVE_ATTACHMENT/bus2ip_addr_reg_reg[17]/Q
                         net (fo=60, routed)          2.258     4.228    design_1_i/usp_rf_data_converter_0/inst/i_axi_lite_ipif/I_SLAVE_ATTACHMENT/I_DECODER/axi_RdAck_r_reg[14]
    SLICE_X109Y123       LUT3 (Prop_A6LUT_SLICEM_I0_O)
                                                      0.125     4.353 r  design_1_i/usp_rf_data_converter_0/inst/i_axi_lite_ipif/I_SLAVE_ATTACHMENT/I_DECODER/FSM_onehot_state[4]_i_6/O
                         net (fo=1, routed)           0.313     4.666    design_1_i/usp_rf_data_converter_0/inst/i_axi_lite_ipif/I_SLAVE_ATTACHMENT/I_DECODER/FSM_onehot_state[4]_i_6_n_0
    SLICE_X114Y127       LUT6 (Prop_G6LUT_SLICEL_I3_O)
                                                      0.149     4.815 r  design_1_i/usp_rf_data_converter_0/inst/i_axi_lite_ipif/I_SLAVE_ATTACHMENT/I_DECODER/FSM_onehot_state[4]_i_4/O
                         net (fo=8, routed)           0.210     5.025    design_1_i/usp_rf_data_converter_0/inst/i_axi_lite_ipif/I_SLAVE_ATTACHMENT/I_DECODER/dac_disable
    SLICE_X112Y127       LUT6 (Prop_C6LUT_SLICEM_I1_O)
                                                      0.051     5.076 r  design_1_i/usp_rf_data_converter_0/inst/i_axi_lite_ipif/I_SLAVE_ATTACHMENT/I_DECODER/s_axi_wready_reg_i_4/O
                         net (fo=1, routed)           0.359     5.435    design_1_i/usp_rf_data_converter_0/inst/i_axi_lite_ipif/I_SLAVE_ATTACHMENT/I_DECODER/drp_WrAck[1]
    SLICE_X114Y122       LUT6 (Prop_E6LUT_SLICEL_I0_O)
                                                      0.090     5.525 r  design_1_i/usp_rf_data_converter_0/inst/i_axi_lite_ipif/I_SLAVE_ATTACHMENT/I_DECODER/s_axi_wready_reg_i_3/O
                         net (fo=5, routed)           0.405     5.930    design_1_i/usp_rf_data_converter_0/inst/i_axi_lite_ipif/I_SLAVE_ATTACHMENT/I_DECODER/IP2Bus_WrAck0
    SLICE_X109Y123       LUT5 (Prop_A5LUT_SLICEM_I4_O)
                                                      0.100     6.030 r  design_1_i/usp_rf_data_converter_0/inst/i_axi_lite_ipif/I_SLAVE_ATTACHMENT/I_DECODER/s_axi_wready_reg_i_2/O
                         net (fo=2, routed)           1.535     7.566    design_1_i/usp_rf_data_converter_0/inst/i_axi_lite_ipif/I_SLAVE_ATTACHMENT/I_DECODER/IP2Bus_WrAck
    SLICE_X47Y123        LUT6 (Prop_G6LUT_SLICEL_I4_O)
                                                      0.089     7.655 r  design_1_i/usp_rf_data_converter_0/inst/i_axi_lite_ipif/I_SLAVE_ATTACHMENT/I_DECODER/GEN_BKEND_CE_REGISTERS[0].rdce_out_i[0]_i_1/O
                         net (fo=2, routed)           0.229     7.884    design_1_i/usp_rf_data_converter_0/inst/i_axi_lite_ipif/I_SLAVE_ATTACHMENT/I_DECODER/cs_ce_clr
    SLICE_X48Y123        FDRE                                         r  design_1_i/usp_rf_data_converter_0/inst/i_axi_lite_ipif/I_SLAVE_ATTACHMENT/I_DECODER/GEN_BKEND_CE_REGISTERS[0].rdce_out_i_reg[0]/R
  -------------------------------------------------------------------    -------------------

                         (clock clk_pl_0 rise edge)
                                                     10.312    10.312 r  
    PS8_X0Y0             PS8                          0.000    10.312 r  design_1_i/zynq_ultra_ps_e_0/U0/PS8_i/PLCLK[0]
                         net (fo=1, routed)           0.157    10.469    design_1_i/zynq_ultra_ps_e_0/U0/pl_clk_unbuffered[0]
    BUFG_PS_X0Y58        BUFG_PS (Prop_BUFG_PS_I_O)
                                                      0.025    10.494 r  design_1_i/zynq_ultra_ps_e_0/U0/buffer_pl_clk_0.PL_CLK_0_BUFG/O
    X2Y2 (CLOCK_ROOT)    net (fo=6912, routed)        1.465    11.959    design_1_i/usp_rf_data_converter_0/inst/i_axi_lite_ipif/I_SLAVE_ATTACHMENT/I_DECODER/s_axi_aclk
    SLICE_X48Y123        FDRE                                         r  design_1_i/usp_rf_data_converter_0/inst/i_axi_lite_ipif/I_SLAVE_ATTACHMENT/I_DECODER/GEN_BKEND_CE_REGISTERS[0].rdce_out_i_reg[0]/C
                         clock pessimism              0.198    12.157    
                         clock uncertainty           -0.159    11.998    
    SLICE_X48Y123        FDRE (Setup_HFF_SLICEM_C_R)
                                                     -0.074    11.924    design_1_i/usp_rf_data_converter_0/inst/i_axi_lite_ipif/I_SLAVE_ATTACHMENT/I_DECODER/GEN_BKEND_CE_REGISTERS[0].rdce_out_i_reg[0]
  -------------------------------------------------------------------
                         required time                         11.924    
                         arrival time                          -7.884    
  -------------------------------------------------------------------
                         slack                                  4.040    





Min Delay Paths
--------------------------------------------------------------------------------------
Slack (MET) :             0.003ns  (arrival time - required time)
  Source:                 design_1_i/usp_rf_data_converter_0/inst/design_1_usp_rf_data_converter_0_0_rf_wrapper_i/por_state_machine_i/mem_data_dac0_reg[4]/C
                            (rising edge-triggered cell FDRE clocked by clk_pl_0  {rise@0.000ns fall@5.156ns period=10.312ns})
  Destination:            design_1_i/usp_rf_data_converter_0/inst/design_1_usp_rf_data_converter_0_0_rf_wrapper_i/por_state_machine_i/por_fsm_dac0/fg_cal_en_reg/D
                            (rising edge-triggered cell FDRE clocked by clk_pl_0  {rise@0.000ns fall@5.156ns period=10.312ns})
  Path Group:             clk_pl_0
  Path Type:              Hold (Min at Slow Process Corner)
  Requirement:            0.000ns  (clk_pl_0 rise@0.000ns - clk_pl_0 rise@0.000ns)
  Data Path Delay:        0.230ns  (logic 0.122ns (53.147%)  route 0.108ns (46.853%))
  Logic Levels:           1  (LUT3=1)
  Clock Path Skew:        0.165ns (DCD - SCD - CPR)
    Destination Clock Delay (DCD):    2.262ns
    Source Clock Delay      (SCD):    2.005ns
    Clock Pessimism Removal (CPR):    0.092ns
  Clock Net Delay (Source):      1.823ns (routing 0.423ns, distribution 1.400ns)
  Clock Net Delay (Destination): 2.036ns (routing 0.467ns, distribution 1.569ns)

    Location             Delay type                Incr(ns)  Path(ns)    Netlist Resource(s)
  -------------------------------------------------------------------    -------------------
                         (clock clk_pl_0 rise edge)
                                                      0.000     0.000 r  
    PS8_X0Y0             PS8                          0.000     0.000 r  design_1_i/zynq_ultra_ps_e_0/U0/PS8_i/PLCLK[0]
                         net (fo=1, routed)           0.157     0.157    design_1_i/zynq_ultra_ps_e_0/U0/pl_clk_unbuffered[0]
    BUFG_PS_X0Y58        BUFG_PS (Prop_BUFG_PS_I_O)
                                                      0.025     0.182 r  design_1_i/zynq_ultra_ps_e_0/U0/buffer_pl_clk_0.PL_CLK_0_BUFG/O
    X2Y2 (CLOCK_ROOT)    net (fo=6912, routed)        1.823     2.005    design_1_i/usp_rf_data_converter_0/inst/design_1_usp_rf_data_converter_0_0_rf_wrapper_i/por_state_machine_i/aux_clk
    SLICE_X111Y119       FDRE                                         r  design_1_i/usp_rf_data_converter_0/inst/design_1_usp_rf_data_converter_0_0_rf_wrapper_i/por_state_machine_i/mem_data_dac0_reg[4]/C
  -------------------------------------------------------------------    -------------------
    SLICE_X111Y119       FDRE (Prop_CFF2_SLICEL_C_Q)
                                                      0.059     2.064 f  design_1_i/usp_rf_data_converter_0/inst/design_1_usp_rf_data_converter_0_0_rf_wrapper_i/por_state_machine_i/mem_data_dac0_reg[4]/Q
                         net (fo=6, routed)           0.099     2.162    design_1_i/usp_rf_data_converter_0/inst/design_1_usp_rf_data_converter_0_0_rf_wrapper_i/por_state_machine_i/por_fsm_dac0/mem_data[4]
    SLICE_X111Y121       LUT3 (Prop_D5LUT_SLICEL_I0_O)
                                                      0.063     2.225 r  design_1_i/usp_rf_data_converter_0/inst/design_1_usp_rf_data_converter_0_0_rf_wrapper_i/por_state_machine_i/por_fsm_dac0/fg_cal_en_i_2/O
                         net (fo=1, routed)           0.009     2.234    design_1_i/usp_rf_data_converter_0/inst/design_1_usp_rf_data_converter_0_0_rf_wrapper_i/por_state_machine_i/por_fsm_dac0/fg_cal_en
    SLICE_X111Y121       FDRE                                         r  design_1_i/usp_rf_data_converter_0/inst/design_1_usp_rf_data_converter_0_0_rf_wrapper_i/por_state_machine_i/por_fsm_dac0/fg_cal_en_reg/D
  -------------------------------------------------------------------    -------------------

                         (clock clk_pl_0 rise edge)
                                                      0.000     0.000 r  
    PS8_X0Y0             PS8                          0.000     0.000 r  design_1_i/zynq_ultra_ps_e_0/U0/PS8_i/PLCLK[0]
                         net (fo=1, routed)           0.198     0.198    design_1_i/zynq_ultra_ps_e_0/U0/pl_clk_unbuffered[0]
    BUFG_PS_X0Y58        BUFG_PS (Prop_BUFG_PS_I_O)
                                                      0.028     0.226 r  design_1_i/zynq_ultra_ps_e_0/U0/buffer_pl_clk_0.PL_CLK_0_BUFG/O
    X2Y2 (CLOCK_ROOT)    net (fo=6912, routed)        2.036     2.262    design_1_i/usp_rf_data_converter_0/inst/design_1_usp_rf_data_converter_0_0_rf_wrapper_i/por_state_machine_i/por_fsm_dac0/aux_clk
    SLICE_X111Y121       FDRE                                         r  design_1_i/usp_rf_data_converter_0/inst/design_1_usp_rf_data_converter_0_0_rf_wrapper_i/por_state_machine_i/por_fsm_dac0/fg_cal_en_reg/C
                         clock pessimism             -0.092     2.170    
    SLICE_X111Y121       FDRE (Hold_DFF2_SLICEL_C_D)
                                                      0.062     2.232    design_1_i/usp_rf_data_converter_0/inst/design_1_usp_rf_data_converter_0_0_rf_wrapper_i/por_state_machine_i/por_fsm_dac0/fg_cal_en_reg
  -------------------------------------------------------------------
                         required time                         -2.232    
                         arrival time                           2.234    
  -------------------------------------------------------------------
                         slack                                  0.003    

Slack (MET) :             0.005ns  (arrival time - required time)
  Source:                 design_1_i/usp_rf_data_converter_0/inst/design_1_usp_rf_data_converter_0_0_rf_wrapper_i/por_state_machine_i/bgt_fsm_dac/vbg_ctrl_reg[1]/C
                            (rising edge-triggered cell FDRE clocked by clk_pl_0  {rise@0.000ns fall@5.156ns period=10.312ns})
  Destination:            design_1_i/usp_rf_data_converter_0/inst/design_1_usp_rf_data_converter_0_0_rf_wrapper_i/por_state_machine_i/bgt_fsm_dac/trim_code_reg[0]/D
                            (rising edge-triggered cell FDRE clocked by clk_pl_0  {rise@0.000ns fall@5.156ns period=10.312ns})
  Path Group:             clk_pl_0
  Path Type:              Hold (Min at Slow Process Corner)
  Requirement:            0.000ns  (clk_pl_0 rise@0.000ns - clk_pl_0 rise@0.000ns)
  Data Path Delay:        0.152ns  (logic 0.059ns (38.833%)  route 0.093ns (61.167%))
  Logic Levels:           0  
  Clock Path Skew:        0.087ns (DCD - SCD - CPR)
    Destination Clock Delay (DCD):    2.260ns
    Source Clock Delay      (SCD):    1.995ns
    Clock Pessimism Removal (CPR):    0.178ns
  Clock Net Delay (Source):      1.813ns (routing 0.423ns, distribution 1.390ns)
  Clock Net Delay (Destination): 2.034ns (routing 0.467ns, distribution 1.567ns)

    Location             Delay type                Incr(ns)  Path(ns)    Netlist Resource(s)
  -------------------------------------------------------------------    -------------------
                         (clock clk_pl_0 rise edge)
                                                      0.000     0.000 r  
    PS8_X0Y0             PS8                          0.000     0.000 r  design_1_i/zynq_ultra_ps_e_0/U0/PS8_i/PLCLK[0]
                         net (fo=1, routed)           0.157     0.157    design_1_i/zynq_ultra_ps_e_0/U0/pl_clk_unbuffered[0]
    BUFG_PS_X0Y58        BUFG_PS (Prop_BUFG_PS_I_O)
                                                      0.025     0.182 r  design_1_i/zynq_ultra_ps_e_0/U0/buffer_pl_clk_0.PL_CLK_0_BUFG/O
    X2Y2 (CLOCK_ROOT)    net (fo=6912, routed)        1.813     1.995    design_1_i/usp_rf_data_converter_0/inst/design_1_usp_rf_data_converter_0_0_rf_wrapper_i/por_state_machine_i/bgt_fsm_dac/aux_clk
    SLICE_X111Y126       FDRE                                         r  design_1_i/usp_rf_data_converter_0/inst/design_1_usp_rf_data_converter_0_0_rf_wrapper_i/por_state_machine_i/bgt_fsm_dac/vbg_ctrl_reg[1]/C
  -------------------------------------------------------------------    -------------------
    SLICE_X111Y126       FDRE (Prop_DFF_SLICEL_C_Q)
                                                      0.059     2.054 r  design_1_i/usp_rf_data_converter_0/inst/design_1_usp_rf_data_converter_0_0_rf_wrapper_i/por_state_machine_i/bgt_fsm_dac/vbg_ctrl_reg[1]/Q
                         net (fo=7, routed)           0.093     2.147    design_1_i/usp_rf_data_converter_0/inst/design_1_usp_rf_data_converter_0_0_rf_wrapper_i/por_state_machine_i/bgt_fsm_dac/p_0_in[0]
    SLICE_X112Y126       FDRE                                         r  design_1_i/usp_rf_data_converter_0/inst/design_1_usp_rf_data_converter_0_0_rf_wrapper_i/por_state_machine_i/bgt_fsm_dac/trim_code_reg[0]/D
  -------------------------------------------------------------------    -------------------

                         (clock clk_pl_0 rise edge)
                                                      0.000     0.000 r  
    PS8_X0Y0             PS8                          0.000     0.000 r  design_1_i/zynq_ultra_ps_e_0/U0/PS8_i/PLCLK[0]
                         net (fo=1, routed)           0.198     0.198    design_1_i/zynq_ultra_ps_e_0/U0/pl_clk_unbuffered[0]
    BUFG_PS_X0Y58        BUFG_PS (Prop_BUFG_PS_I_O)
                                                      0.028     0.226 r  design_1_i/zynq_ultra_ps_e_0/U0/buffer_pl_clk_0.PL_CLK_0_BUFG/O
    X2Y2 (CLOCK_ROOT)    net (fo=6912, routed)        2.034     2.260    design_1_i/usp_rf_data_converter_0/inst/design_1_usp_rf_data_converter_0_0_rf_wrapper_i/por_state_machine_i/bgt_fsm_dac/aux_clk
    SLICE_X112Y126       FDRE                                         r  design_1_i/usp_rf_data_converter_0/inst/design_1_usp_rf_data_converter_0_0_rf_wrapper_i/por_state_machine_i/bgt_fsm_dac/trim_code_reg[0]/C
                         clock pessimism             -0.178     2.082    
    SLICE_X112Y126       FDRE (Hold_EFF_SLICEM_C_D)
                                                      0.060     2.142    design_1_i/usp_rf_data_converter_0/inst/design_1_usp_rf_data_converter_0_0_rf_wrapper_i/por_state_machine_i/bgt_fsm_dac/trim_code_reg[0]
  -------------------------------------------------------------------
                         required time                         -2.142    
                         arrival time                           2.147    
  -------------------------------------------------------------------
                         slack                                  0.005    

Slack (MET) :             0.015ns  (arrival time - required time)
  Source:                 design_1_i/usp_rf_data_converter_0/inst/design_1_usp_rf_data_converter_0_0_rf_wrapper_i/por_state_machine_i/mem_data_dac0_reg[3]/C
                            (rising edge-triggered cell FDRE clocked by clk_pl_0  {rise@0.000ns fall@5.156ns period=10.312ns})
  Destination:            design_1_i/usp_rf_data_converter_0/inst/design_1_usp_rf_data_converter_0_0_rf_wrapper_i/por_state_machine_i/por_fsm_dac0/cal_enables_reg[3]/D
                            (rising edge-triggered cell FDRE clocked by clk_pl_0  {rise@0.000ns fall@5.156ns period=10.312ns})
  Path Group:             clk_pl_0
  Path Type:              Hold (Min at Slow Process Corner)
  Requirement:            0.000ns  (clk_pl_0 rise@0.000ns - clk_pl_0 rise@0.000ns)
  Data Path Delay:        0.254ns  (logic 0.119ns (46.937%)  route 0.135ns (53.063%))
  Logic Levels:           1  (LUT2=1)
  Clock Path Skew:        0.176ns (DCD - SCD - CPR)
    Destination Clock Delay (DCD):    2.273ns
    Source Clock Delay      (SCD):    2.005ns
    Clock Pessimism Removal (CPR):    0.092ns
  Clock Net Delay (Source):      1.823ns (routing 0.423ns, distribution 1.400ns)
  Clock Net Delay (Destination): 2.047ns (routing 0.467ns, distribution 1.580ns)

    Location             Delay type                Incr(ns)  Path(ns)    Netlist Resource(s)
  -------------------------------------------------------------------    -------------------
                         (clock clk_pl_0 rise edge)
                                                      0.000     0.000 r  
    PS8_X0Y0             PS8                          0.000     0.000 r  design_1_i/zynq_ultra_ps_e_0/U0/PS8_i/PLCLK[0]
                         net (fo=1, routed)           0.157     0.157    design_1_i/zynq_ultra_ps_e_0/U0/pl_clk_unbuffered[0]
    BUFG_PS_X0Y58        BUFG_PS (Prop_BUFG_PS_I_O)
                                                      0.025     0.182 r  design_1_i/zynq_ultra_ps_e_0/U0/buffer_pl_clk_0.PL_CLK_0_BUFG/O
    X2Y2 (CLOCK_ROOT)    net (fo=6912, routed)        1.823     2.005    design_1_i/usp_rf_data_converter_0/inst/design_1_usp_rf_data_converter_0_0_rf_wrapper_i/por_state_machine_i/aux_clk
    SLICE_X111Y119       FDRE                                         r  design_1_i/usp_rf_data_converter_0/inst/design_1_usp_rf_data_converter_0_0_rf_wrapper_i/por_state_machine_i/mem_data_dac0_reg[3]/C
  -------------------------------------------------------------------    -------------------
    SLICE_X111Y119       FDRE (Prop_CFF_SLICEL_C_Q)
                                                      0.058     2.063 r  design_1_i/usp_rf_data_converter_0/inst/design_1_usp_rf_data_converter_0_0_rf_wrapper_i/por_state_machine_i/mem_data_dac0_reg[3]/Q
                         net (fo=5, routed)           0.125     2.187    design_1_i/usp_rf_data_converter_0/inst/design_1_usp_rf_data_converter_0_0_rf_wrapper_i/por_state_machine_i/por_fsm_dac0/mem_data[3]
    SLICE_X111Y120       LUT2 (Prop_A5LUT_SLICEL_I0_O)
                                                      0.061     2.248 r  design_1_i/usp_rf_data_converter_0/inst/design_1_usp_rf_data_converter_0_0_rf_wrapper_i/por_state_machine_i/por_fsm_dac0/cal_enables[3]_i_2/O
                         net (fo=1, routed)           0.010     2.258    design_1_i/usp_rf_data_converter_0/inst/design_1_usp_rf_data_converter_0_0_rf_wrapper_i/por_state_machine_i/por_fsm_dac0/cal_enables[3]
    SLICE_X111Y120       FDRE                                         r  design_1_i/usp_rf_data_converter_0/inst/design_1_usp_rf_data_converter_0_0_rf_wrapper_i/por_state_machine_i/por_fsm_dac0/cal_enables_reg[3]/D
  -------------------------------------------------------------------    -------------------

                         (clock clk_pl_0 rise edge)
                                                      0.000     0.000 r  
    PS8_X0Y0             PS8                          0.000     0.000 r  design_1_i/zynq_ultra_ps_e_0/U0/PS8_i/PLCLK[0]
                         net (fo=1, routed)           0.198     0.198    design_1_i/zynq_ultra_ps_e_0/U0/pl_clk_unbuffered[0]
    BUFG_PS_X0Y58        BUFG_PS (Prop_BUFG_PS_I_O)
                                                      0.028     0.226 r  design_1_i/zynq_ultra_ps_e_0/U0/buffer_pl_clk_0.PL_CLK_0_BUFG/O
    X2Y2 (CLOCK_ROOT)    net (fo=6912, routed)        2.047     2.273    design_1_i/usp_rf_data_converter_0/inst/design_1_usp_rf_data_converter_0_0_rf_wrapper_i/por_state_machine_i/por_fsm_dac0/aux_clk
    SLICE_X111Y120       FDRE                                         r  design_1_i/usp_rf_data_converter_0/inst/design_1_usp_rf_data_converter_0_0_rf_wrapper_i/por_state_machine_i/por_fsm_dac0/cal_enables_reg[3]/C
                         clock pessimism             -0.092     2.181    
    SLICE_X111Y120       FDRE (Hold_AFF2_SLICEL_C_D)
                                                      0.062     2.243    design_1_i/usp_rf_data_converter_0/inst/design_1_usp_rf_data_converter_0_0_rf_wrapper_i/por_state_machine_i/por_fsm_dac0/cal_enables_reg[3]
  -------------------------------------------------------------------
                         required time                         -2.243    
                         arrival time                           2.258    
  -------------------------------------------------------------------
                         slack                                  0.015    

Slack (MET) :             0.019ns  (arrival time - required time)
  Source:                 design_1_i/usp_rf_data_converter_0/inst/design_1_usp_rf_data_converter_0_0_rf_wrapper_i/por_state_machine_i/por_fsm_disabled_adc2/FSM_onehot_por_sm_state_reg[4]/C
                            (rising edge-triggered cell FDRE clocked by clk_pl_0  {rise@0.000ns fall@5.156ns period=10.312ns})
  Destination:            design_1_i/usp_rf_data_converter_0/inst/design_1_usp_rf_data_converter_0_0_rf_wrapper_i/por_state_machine_i/por_fsm_disabled_adc2/FSM_onehot_por_sm_state_reg[5]/D
                            (rising edge-triggered cell FDRE clocked by clk_pl_0  {rise@0.000ns fall@5.156ns period=10.312ns})
  Path Group:             clk_pl_0
  Path Type:              Hold (Min at Slow Process Corner)
  Requirement:            0.000ns  (clk_pl_0 rise@0.000ns - clk_pl_0 rise@0.000ns)
  Data Path Delay:        0.126ns  (logic 0.059ns (46.752%)  route 0.067ns (53.248%))
  Logic Levels:           0  
  Clock Path Skew:        0.045ns (DCD - SCD - CPR)
    Destination Clock Delay (DCD):    2.292ns
    Source Clock Delay      (SCD):    2.011ns
    Clock Pessimism Removal (CPR):    0.236ns
  Clock Net Delay (Source):      1.829ns (routing 0.423ns, distribution 1.406ns)
  Clock Net Delay (Destination): 2.066ns (routing 0.467ns, distribution 1.599ns)

    Location             Delay type                Incr(ns)  Path(ns)    Netlist Resource(s)
  -------------------------------------------------------------------    -------------------
                         (clock clk_pl_0 rise edge)
                                                      0.000     0.000 r  
    PS8_X0Y0             PS8                          0.000     0.000 r  design_1_i/zynq_ultra_ps_e_0/U0/PS8_i/PLCLK[0]
                         net (fo=1, routed)           0.157     0.157    design_1_i/zynq_ultra_ps_e_0/U0/pl_clk_unbuffered[0]
    BUFG_PS_X0Y58        BUFG_PS (Prop_BUFG_PS_I_O)
                                                      0.025     0.182 r  design_1_i/zynq_ultra_ps_e_0/U0/buffer_pl_clk_0.PL_CLK_0_BUFG/O
    X2Y2 (CLOCK_ROOT)    net (fo=6912, routed)        1.829     2.011    design_1_i/usp_rf_data_converter_0/inst/design_1_usp_rf_data_converter_0_0_rf_wrapper_i/por_state_machine_i/por_fsm_disabled_adc2/aux_clk
    SLICE_X116Y117       FDRE                                         r  design_1_i/usp_rf_data_converter_0/inst/design_1_usp_rf_data_converter_0_0_rf_wrapper_i/por_state_machine_i/por_fsm_disabled_adc2/FSM_onehot_por_sm_state_reg[4]/C
  -------------------------------------------------------------------    -------------------
    SLICE_X116Y117       FDRE (Prop_HFF2_SLICEL_C_Q)
                                                      0.059     2.070 r  design_1_i/usp_rf_data_converter_0/inst/design_1_usp_rf_data_converter_0_0_rf_wrapper_i/por_state_machine_i/por_fsm_disabled_adc2/FSM_onehot_por_sm_state_reg[4]/Q
                         net (fo=3, routed)           0.067     2.137    design_1_i/usp_rf_data_converter_0/inst/design_1_usp_rf_data_converter_0_0_rf_wrapper_i/por_state_machine_i/por_fsm_disabled_adc2/FSM_onehot_por_sm_state_reg_n_0_[4]
    SLICE_X116Y118       FDRE                                         r  design_1_i/usp_rf_data_converter_0/inst/design_1_usp_rf_data_converter_0_0_rf_wrapper_i/por_state_machine_i/por_fsm_disabled_adc2/FSM_onehot_por_sm_state_reg[5]/D
  -------------------------------------------------------------------    -------------------

                         (clock clk_pl_0 rise edge)
                                                      0.000     0.000 r  
    PS8_X0Y0             PS8                          0.000     0.000 r  design_1_i/zynq_ultra_ps_e_0/U0/PS8_i/PLCLK[0]
                         net (fo=1, routed)           0.198     0.198    design_1_i/zynq_ultra_ps_e_0/U0/pl_clk_unbuffered[0]
    BUFG_PS_X0Y58        BUFG_PS (Prop_BUFG_PS_I_O)
                                                      0.028     0.226 r  design_1_i/zynq_ultra_ps_e_0/U0/buffer_pl_clk_0.PL_CLK_0_BUFG/O
    X2Y2 (CLOCK_ROOT)    net (fo=6912, routed)        2.066     2.292    design_1_i/usp_rf_data_converter_0/inst/design_1_usp_rf_data_converter_0_0_rf_wrapper_i/por_state_machine_i/por_fsm_disabled_adc2/aux_clk
    SLICE_X116Y118       FDRE                                         r  design_1_i/usp_rf_data_converter_0/inst/design_1_usp_rf_data_converter_0_0_rf_wrapper_i/por_state_machine_i/por_fsm_disabled_adc2/FSM_onehot_por_sm_state_reg[5]/C
                         clock pessimism             -0.236     2.056    
    SLICE_X116Y118       FDRE (Hold_DFF2_SLICEL_C_D)
                                                      0.062     2.118    design_1_i/usp_rf_data_converter_0/inst/design_1_usp_rf_data_converter_0_0_rf_wrapper_i/por_state_machine_i/por_fsm_disabled_adc2/FSM_onehot_por_sm_state_reg[5]
  -------------------------------------------------------------------
                         required time                         -2.118    
                         arrival time                           2.137    
  -------------------------------------------------------------------
                         slack                                  0.019    

Slack (MET) :             0.020ns  (arrival time - required time)
  Source:                 design_1_i/usp_rf_data_converter_0/inst/design_1_usp_rf_data_converter_0_0_rf_wrapper_i/por_state_machine_i/tile_config/FSM_sequential_tc_sm_state_reg[2]/C
                            (rising edge-triggered cell FDRE clocked by clk_pl_0  {rise@0.000ns fall@5.156ns period=10.312ns})
  Destination:            design_1_i/usp_rf_data_converter_0/inst/design_1_usp_rf_data_converter_0_0_rf_wrapper_i/por_state_machine_i/tile_config/data_index_reg[2]/D
                            (rising edge-triggered cell FDRE clocked by clk_pl_0  {rise@0.000ns fall@5.156ns period=10.312ns})
  Path Group:             clk_pl_0
  Path Type:              Hold (Min at Slow Process Corner)
  Requirement:            0.000ns  (clk_pl_0 rise@0.000ns - clk_pl_0 rise@0.000ns)
  Data Path Delay:        0.240ns  (logic 0.095ns (39.552%)  route 0.145ns (60.448%))
  Logic Levels:           1  (LUT6=1)
  Clock Path Skew:        0.160ns (DCD - SCD - CPR)
    Destination Clock Delay (DCD):    2.264ns
    Source Clock Delay      (SCD):    2.012ns
    Clock Pessimism Removal (CPR):    0.092ns
  Clock Net Delay (Source):      1.830ns (routing 0.423ns, distribution 1.407ns)
  Clock Net Delay (Destination): 2.038ns (routing 0.467ns, distribution 1.571ns)

    Location             Delay type                Incr(ns)  Path(ns)    Netlist Resource(s)
  -------------------------------------------------------------------    -------------------
                         (clock clk_pl_0 rise edge)
                                                      0.000     0.000 r  
    PS8_X0Y0             PS8                          0.000     0.000 r  design_1_i/zynq_ultra_ps_e_0/U0/PS8_i/PLCLK[0]
                         net (fo=1, routed)           0.157     0.157    design_1_i/zynq_ultra_ps_e_0/U0/pl_clk_unbuffered[0]
    BUFG_PS_X0Y58        BUFG_PS (Prop_BUFG_PS_I_O)
                                                      0.025     0.182 r  design_1_i/zynq_ultra_ps_e_0/U0/buffer_pl_clk_0.PL_CLK_0_BUFG/O
    X2Y2 (CLOCK_ROOT)    net (fo=6912, routed)        1.830     2.012    design_1_i/usp_rf_data_converter_0/inst/design_1_usp_rf_data_converter_0_0_rf_wrapper_i/por_state_machine_i/tile_config/aux_clk
    SLICE_X115Y119       FDRE                                         r  design_1_i/usp_rf_data_converter_0/inst/design_1_usp_rf_data_converter_0_0_rf_wrapper_i/por_state_machine_i/tile_config/FSM_sequential_tc_sm_state_reg[2]/C
  -------------------------------------------------------------------    -------------------
    SLICE_X115Y119       FDRE (Prop_GFF_SLICEM_C_Q)
                                                      0.058     2.070 f  design_1_i/usp_rf_data_converter_0/inst/design_1_usp_rf_data_converter_0_0_rf_wrapper_i/por_state_machine_i/tile_config/FSM_sequential_tc_sm_state_reg[2]/Q
                         net (fo=32, routed)          0.115     2.185    design_1_i/usp_rf_data_converter_0/inst/design_1_usp_rf_data_converter_0_0_rf_wrapper_i/por_state_machine_i/tile_config/tc_sm_state[2]
    SLICE_X115Y122       LUT6 (Prop_H6LUT_SLICEM_I1_O)
                                                      0.037     2.222 r  design_1_i/usp_rf_data_converter_0/inst/design_1_usp_rf_data_converter_0_0_rf_wrapper_i/por_state_machine_i/tile_config/data_index[2]_i_1/O
                         net (fo=1, routed)           0.030     2.252    design_1_i/usp_rf_data_converter_0/inst/design_1_usp_rf_data_converter_0_0_rf_wrapper_i/por_state_machine_i/tile_config/data_index[2]
    SLICE_X115Y122       FDRE                                         r  design_1_i/usp_rf_data_converter_0/inst/design_1_usp_rf_data_converter_0_0_rf_wrapper_i/por_state_machine_i/tile_config/data_index_reg[2]/D
  -------------------------------------------------------------------    -------------------

                         (clock clk_pl_0 rise edge)
                                                      0.000     0.000 r  
    PS8_X0Y0             PS8                          0.000     0.000 r  design_1_i/zynq_ultra_ps_e_0/U0/PS8_i/PLCLK[0]
                         net (fo=1, routed)           0.198     0.198    design_1_i/zynq_ultra_ps_e_0/U0/pl_clk_unbuffered[0]
    BUFG_PS_X0Y58        BUFG_PS (Prop_BUFG_PS_I_O)
                                                      0.028     0.226 r  design_1_i/zynq_ultra_ps_e_0/U0/buffer_pl_clk_0.PL_CLK_0_BUFG/O
    X2Y2 (CLOCK_ROOT)    net (fo=6912, routed)        2.038     2.264    design_1_i/usp_rf_data_converter_0/inst/design_1_usp_rf_data_converter_0_0_rf_wrapper_i/por_state_machine_i/tile_config/aux_clk
    SLICE_X115Y122       FDRE                                         r  design_1_i/usp_rf_data_converter_0/inst/design_1_usp_rf_data_converter_0_0_rf_wrapper_i/por_state_machine_i/tile_config/data_index_reg[2]/C
                         clock pessimism             -0.092     2.172    
    SLICE_X115Y122       FDRE (Hold_HFF_SLICEM_C_D)
                                                      0.060     2.232    design_1_i/usp_rf_data_converter_0/inst/design_1_usp_rf_data_converter_0_0_rf_wrapper_i/por_state_machine_i/tile_config/data_index_reg[2]
  -------------------------------------------------------------------
                         required time                         -2.232    
                         arrival time                           2.252    
  -------------------------------------------------------------------
                         slack                                  0.020    

Slack (MET) :             0.021ns  (arrival time - required time)
  Source:                 design_1_i/usp_rf_data_converter_0/inst/design_1_usp_rf_data_converter_0_0_rf_wrapper_i/por_state_machine_i/mem_data_dac0_reg[4]/C
                            (rising edge-triggered cell FDRE clocked by clk_pl_0  {rise@0.000ns fall@5.156ns period=10.312ns})
  Destination:            design_1_i/usp_rf_data_converter_0/inst/design_1_usp_rf_data_converter_0_0_rf_wrapper_i/por_state_machine_i/por_fsm_dac0/bg_cal_en_reg/D
                            (rising edge-triggered cell FDRE clocked by clk_pl_0  {rise@0.000ns fall@5.156ns period=10.312ns})
  Path Group:             clk_pl_0
  Path Type:              Hold (Min at Slow Process Corner)
  Requirement:            0.000ns  (clk_pl_0 rise@0.000ns - clk_pl_0 rise@0.000ns)
  Data Path Delay:        0.246ns  (logic 0.125ns (50.906%)  route 0.121ns (49.094%))
  Logic Levels:           1  (LUT3=1)
  Clock Path Skew:        0.165ns (DCD - SCD - CPR)
    Destination Clock Delay (DCD):    2.262ns
    Source Clock Delay      (SCD):    2.005ns
    Clock Pessimism Removal (CPR):    0.092ns
  Clock Net Delay (Source):      1.823ns (routing 0.423ns, distribution 1.400ns)
  Clock Net Delay (Destination): 2.036ns (routing 0.467ns, distribution 1.569ns)

    Location             Delay type                Incr(ns)  Path(ns)    Netlist Resource(s)
  -------------------------------------------------------------------    -------------------
                         (clock clk_pl_0 rise edge)
                                                      0.000     0.000 r  
    PS8_X0Y0             PS8                          0.000     0.000 r  design_1_i/zynq_ultra_ps_e_0/U0/PS8_i/PLCLK[0]
                         net (fo=1, routed)           0.157     0.157    design_1_i/zynq_ultra_ps_e_0/U0/pl_clk_unbuffered[0]
    BUFG_PS_X0Y58        BUFG_PS (Prop_BUFG_PS_I_O)
                                                      0.025     0.182 r  design_1_i/zynq_ultra_ps_e_0/U0/buffer_pl_clk_0.PL_CLK_0_BUFG/O
    X2Y2 (CLOCK_ROOT)    net (fo=6912, routed)        1.823     2.005    design_1_i/usp_rf_data_converter_0/inst/design_1_usp_rf_data_converter_0_0_rf_wrapper_i/por_state_machine_i/aux_clk
    SLICE_X111Y119       FDRE                                         r  design_1_i/usp_rf_data_converter_0/inst/design_1_usp_rf_data_converter_0_0_rf_wrapper_i/por_state_machine_i/mem_data_dac0_reg[4]/C
  -------------------------------------------------------------------    -------------------
    SLICE_X111Y119       FDRE (Prop_CFF2_SLICEL_C_Q)
                                                      0.059     2.064 r  design_1_i/usp_rf_data_converter_0/inst/design_1_usp_rf_data_converter_0_0_rf_wrapper_i/por_state_machine_i/mem_data_dac0_reg[4]/Q
                         net (fo=6, routed)           0.099     2.162    design_1_i/usp_rf_data_converter_0/inst/design_1_usp_rf_data_converter_0_0_rf_wrapper_i/por_state_machine_i/por_fsm_dac0/mem_data[4]
    SLICE_X111Y121       LUT3 (Prop_D6LUT_SLICEL_I0_O)
                                                      0.066     2.228 r  design_1_i/usp_rf_data_converter_0/inst/design_1_usp_rf_data_converter_0_0_rf_wrapper_i/por_state_machine_i/por_fsm_dac0/bg_cal_en_i_1/O
                         net (fo=1, routed)           0.022     2.250    design_1_i/usp_rf_data_converter_0/inst/design_1_usp_rf_data_converter_0_0_rf_wrapper_i/por_state_machine_i/por_fsm_dac0/bg_cal_en
    SLICE_X111Y121       FDRE                                         r  design_1_i/usp_rf_data_converter_0/inst/design_1_usp_rf_data_converter_0_0_rf_wrapper_i/por_state_machine_i/por_fsm_dac0/bg_cal_en_reg/D
  -------------------------------------------------------------------    -------------------

                         (clock clk_pl_0 rise edge)
                                                      0.000     0.000 r  
    PS8_X0Y0             PS8                          0.000     0.000 r  design_1_i/zynq_ultra_ps_e_0/U0/PS8_i/PLCLK[0]
                         net (fo=1, routed)           0.198     0.198    design_1_i/zynq_ultra_ps_e_0/U0/pl_clk_unbuffered[0]
    BUFG_PS_X0Y58        BUFG_PS (Prop_BUFG_PS_I_O)
                                                      0.028     0.226 r  design_1_i/zynq_ultra_ps_e_0/U0/buffer_pl_clk_0.PL_CLK_0_BUFG/O
    X2Y2 (CLOCK_ROOT)    net (fo=6912, routed)        2.036     2.262    design_1_i/usp_rf_data_converter_0/inst/design_1_usp_rf_data_converter_0_0_rf_wrapper_i/por_state_machine_i/por_fsm_dac0/aux_clk
    SLICE_X111Y121       FDRE                                         r  design_1_i/usp_rf_data_converter_0/inst/design_1_usp_rf_data_converter_0_0_rf_wrapper_i/por_state_machine_i/por_fsm_dac0/bg_cal_en_reg/C
                         clock pessimism             -0.092     2.170    
    SLICE_X111Y121       FDRE (Hold_DFF_SLICEL_C_D)
                                                      0.060     2.230    design_1_i/usp_rf_data_converter_0/inst/design_1_usp_rf_data_converter_0_0_rf_wrapper_i/por_state_machine_i/por_fsm_dac0/bg_cal_en_reg
  -------------------------------------------------------------------
                         required time                         -2.230    
                         arrival time                           2.250    
  -------------------------------------------------------------------
                         slack                                  0.021    

Slack (MET) :             0.021ns  (arrival time - required time)
  Source:                 design_1_i/usp_rf_data_converter_0/inst/design_1_usp_rf_data_converter_0_0_rf_wrapper_i/por_state_machine_i/bgt_fsm_dac/vbg_ctrl_reg[2]/C
                            (rising edge-triggered cell FDRE clocked by clk_pl_0  {rise@0.000ns fall@5.156ns period=10.312ns})
  Destination:            design_1_i/usp_rf_data_converter_0/inst/design_1_usp_rf_data_converter_0_0_rf_wrapper_i/por_state_machine_i/bgt_fsm_dac/trim_code_reg[1]/D
                            (rising edge-triggered cell FDRE clocked by clk_pl_0  {rise@0.000ns fall@5.156ns period=10.312ns})
  Path Group:             clk_pl_0
  Path Type:              Hold (Min at Slow Process Corner)
  Requirement:            0.000ns  (clk_pl_0 rise@0.000ns - clk_pl_0 rise@0.000ns)
  Data Path Delay:        0.170ns  (logic 0.061ns (35.863%)  route 0.109ns (64.137%))
  Logic Levels:           0  
  Clock Path Skew:        0.087ns (DCD - SCD - CPR)
    Destination Clock Delay (DCD):    2.260ns
    Source Clock Delay      (SCD):    1.995ns
    Clock Pessimism Removal (CPR):    0.178ns
  Clock Net Delay (Source):      1.813ns (routing 0.423ns, distribution 1.390ns)
  Clock Net Delay (Destination): 2.034ns (routing 0.467ns, distribution 1.567ns)

    Location             Delay type                Incr(ns)  Path(ns)    Netlist Resource(s)
  -------------------------------------------------------------------    -------------------
                         (clock clk_pl_0 rise edge)
                                                      0.000     0.000 r  
    PS8_X0Y0             PS8                          0.000     0.000 r  design_1_i/zynq_ultra_ps_e_0/U0/PS8_i/PLCLK[0]
                         net (fo=1, routed)           0.157     0.157    design_1_i/zynq_ultra_ps_e_0/U0/pl_clk_unbuffered[0]
    BUFG_PS_X0Y58        BUFG_PS (Prop_BUFG_PS_I_O)
                                                      0.025     0.182 r  design_1_i/zynq_ultra_ps_e_0/U0/buffer_pl_clk_0.PL_CLK_0_BUFG/O
    X2Y2 (CLOCK_ROOT)    net (fo=6912, routed)        1.813     1.995    design_1_i/usp_rf_data_converter_0/inst/design_1_usp_rf_data_converter_0_0_rf_wrapper_i/por_state_machine_i/bgt_fsm_dac/aux_clk
    SLICE_X111Y126       FDRE                                         r  design_1_i/usp_rf_data_converter_0/inst/design_1_usp_rf_data_converter_0_0_rf_wrapper_i/por_state_machine_i/bgt_fsm_dac/vbg_ctrl_reg[2]/C
  -------------------------------------------------------------------    -------------------
    SLICE_X111Y126       FDRE (Prop_DFF2_SLICEL_C_Q)
                                                      0.061     2.056 r  design_1_i/usp_rf_data_converter_0/inst/design_1_usp_rf_data_converter_0_0_rf_wrapper_i/por_state_machine_i/bgt_fsm_dac/vbg_ctrl_reg[2]/Q
                         net (fo=6, routed)           0.109     2.165    design_1_i/usp_rf_data_converter_0/inst/design_1_usp_rf_data_converter_0_0_rf_wrapper_i/por_state_machine_i/bgt_fsm_dac/p_0_in[1]
    SLICE_X112Y126       FDRE                                         r  design_1_i/usp_rf_data_converter_0/inst/design_1_usp_rf_data_converter_0_0_rf_wrapper_i/por_state_machine_i/bgt_fsm_dac/trim_code_reg[1]/D
  -------------------------------------------------------------------    -------------------

                         (clock clk_pl_0 rise edge)
                                                      0.000     0.000 r  
    PS8_X0Y0             PS8                          0.000     0.000 r  design_1_i/zynq_ultra_ps_e_0/U0/PS8_i/PLCLK[0]
                         net (fo=1, routed)           0.198     0.198    design_1_i/zynq_ultra_ps_e_0/U0/pl_clk_unbuffered[0]
    BUFG_PS_X0Y58        BUFG_PS (Prop_BUFG_PS_I_O)
                                                      0.028     0.226 r  design_1_i/zynq_ultra_ps_e_0/U0/buffer_pl_clk_0.PL_CLK_0_BUFG/O
    X2Y2 (CLOCK_ROOT)    net (fo=6912, routed)        2.034     2.260    design_1_i/usp_rf_data_converter_0/inst/design_1_usp_rf_data_converter_0_0_rf_wrapper_i/por_state_machine_i/bgt_fsm_dac/aux_clk
    SLICE_X112Y126       FDRE                                         r  design_1_i/usp_rf_data_converter_0/inst/design_1_usp_rf_data_converter_0_0_rf_wrapper_i/por_state_machine_i/bgt_fsm_dac/trim_code_reg[1]/C
                         clock pessimism             -0.178     2.082    
    SLICE_X112Y126       FDRE (Hold_EFF2_SLICEM_C_D)
                                                      0.062     2.144    design_1_i/usp_rf_data_converter_0/inst/design_1_usp_rf_data_converter_0_0_rf_wrapper_i/por_state_machine_i/bgt_fsm_dac/trim_code_reg[1]
  -------------------------------------------------------------------
                         required time                         -2.144    
                         arrival time                           2.165    
  -------------------------------------------------------------------
                         slack                                  0.021    

Slack (MET) :             0.023ns  (arrival time - required time)
  Source:                 design_1_i/axi_dma/U0/I_PRMRY_DATAMOVER/GEN_MM2S_FULL.I_MM2S_FULL_WRAPPER/GEN_INCLUDE_MM2S_SF.I_RD_SF/I_DATA_FIFO/BLK_MEM.I_SYNC_FIFOGEN_FIFO/xpm_fifo_instance.xpm_fifo_sync_inst/xpm_fifo_base_inst/rdp_inst/count_value_i_reg[0]/C
                            (rising edge-triggered cell FDRE clocked by clk_pl_0  {rise@0.000ns fall@5.156ns period=10.312ns})
  Destination:            design_1_i/axi_dma/U0/I_PRMRY_DATAMOVER/GEN_MM2S_FULL.I_MM2S_FULL_WRAPPER/GEN_INCLUDE_MM2S_SF.I_RD_SF/I_DATA_FIFO/BLK_MEM.I_SYNC_FIFOGEN_FIFO/xpm_fifo_instance.xpm_fifo_sync_inst/xpm_fifo_base_inst/gen_sdpram.xpm_memory_base_inst/gen_wr_a.gen_word_narrow.mem_reg_bram_6/ADDRBWRADDR[5]
                            (rising edge-triggered cell RAMB36E2 clocked by clk_pl_0  {rise@0.000ns fall@5.156ns period=10.312ns})
  Path Group:             clk_pl_0
  Path Type:              Hold (Min at Fast Process Corner)
  Requirement:            0.000ns  (clk_pl_0 rise@0.000ns - clk_pl_0 rise@0.000ns)
  Data Path Delay:        0.140ns  (logic 0.039ns (27.816%)  route 0.101ns (72.184%))
  Logic Levels:           0  
  Clock Path Skew:        0.112ns (DCD - SCD - CPR)
    Destination Clock Delay (DCD):    1.337ns
    Source Clock Delay      (SCD):    1.090ns
    Clock Pessimism Removal (CPR):    0.135ns
  Clock Net Delay (Source):      0.970ns (routing 0.252ns, distribution 0.718ns)
  Clock Net Delay (Destination): 1.190ns (routing 0.282ns, distribution 0.908ns)

    Location             Delay type                Incr(ns)  Path(ns)    Netlist Resource(s)
  -------------------------------------------------------------------    -------------------
                         (clock clk_pl_0 rise edge)
                                                      0.000     0.000 r  
    PS8_X0Y0             PS8                          0.000     0.000 r  design_1_i/zynq_ultra_ps_e_0/U0/PS8_i/PLCLK[0]
                         net (fo=1, routed)           0.103     0.103    design_1_i/zynq_ultra_ps_e_0/U0/pl_clk_unbuffered[0]
    BUFG_PS_X0Y58        BUFG_PS (Prop_BUFG_PS_I_O)
                                                      0.017     0.120 r  design_1_i/zynq_ultra_ps_e_0/U0/buffer_pl_clk_0.PL_CLK_0_BUFG/O
    X2Y2 (CLOCK_ROOT)    net (fo=6912, routed)        0.970     1.090    design_1_i/axi_dma/U0/I_PRMRY_DATAMOVER/GEN_MM2S_FULL.I_MM2S_FULL_WRAPPER/GEN_INCLUDE_MM2S_SF.I_RD_SF/I_DATA_FIFO/BLK_MEM.I_SYNC_FIFOGEN_FIFO/xpm_fifo_instance.xpm_fifo_sync_inst/xpm_fifo_base_inst/rdp_inst/wr_clk
    SLICE_X26Y22         FDRE                                         r  design_1_i/axi_dma/U0/I_PRMRY_DATAMOVER/GEN_MM2S_FULL.I_MM2S_FULL_WRAPPER/GEN_INCLUDE_MM2S_SF.I_RD_SF/I_DATA_FIFO/BLK_MEM.I_SYNC_FIFOGEN_FIFO/xpm_fifo_instance.xpm_fifo_sync_inst/xpm_fifo_base_inst/rdp_inst/count_value_i_reg[0]/C
  -------------------------------------------------------------------    -------------------
    SLICE_X26Y22         FDRE (Prop_DFF_SLICEL_C_Q)
                                                      0.039     1.129 r  design_1_i/axi_dma/U0/I_PRMRY_DATAMOVER/GEN_MM2S_FULL.I_MM2S_FULL_WRAPPER/GEN_INCLUDE_MM2S_SF.I_RD_SF/I_DATA_FIFO/BLK_MEM.I_SYNC_FIFOGEN_FIFO/xpm_fifo_instance.xpm_fifo_sync_inst/xpm_fifo_base_inst/rdp_inst/count_value_i_reg[0]/Q
                         net (fo=20, routed)          0.101     1.230    design_1_i/axi_dma/U0/I_PRMRY_DATAMOVER/GEN_MM2S_FULL.I_MM2S_FULL_WRAPPER/GEN_INCLUDE_MM2S_SF.I_RD_SF/I_DATA_FIFO/BLK_MEM.I_SYNC_FIFOGEN_FIFO/xpm_fifo_instance.xpm_fifo_sync_inst/xpm_fifo_base_inst/gen_sdpram.xpm_memory_base_inst/addrb[0]
    RAMB36_X2Y4          RAMB36E2                                     r  design_1_i/axi_dma/U0/I_PRMRY_DATAMOVER/GEN_MM2S_FULL.I_MM2S_FULL_WRAPPER/GEN_INCLUDE_MM2S_SF.I_RD_SF/I_DATA_FIFO/BLK_MEM.I_SYNC_FIFOGEN_FIFO/xpm_fifo_instance.xpm_fifo_sync_inst/xpm_fifo_base_inst/gen_sdpram.xpm_memory_base_inst/gen_wr_a.gen_word_narrow.mem_reg_bram_6/ADDRBWRADDR[5]
  -------------------------------------------------------------------    -------------------

                         (clock clk_pl_0 rise edge)
                                                      0.000     0.000 r  
    PS8_X0Y0             PS8                          0.000     0.000 r  design_1_i/zynq_ultra_ps_e_0/U0/PS8_i/PLCLK[0]
                         net (fo=1, routed)           0.129     0.129    design_1_i/zynq_ultra_ps_e_0/U0/pl_clk_unbuffered[0]
    BUFG_PS_X0Y58        BUFG_PS (Prop_BUFG_PS_I_O)
                                                      0.018     0.147 r  design_1_i/zynq_ultra_ps_e_0/U0/buffer_pl_clk_0.PL_CLK_0_BUFG/O
    X2Y2 (CLOCK_ROOT)    net (fo=6912, routed)        1.190     1.337    design_1_i/axi_dma/U0/I_PRMRY_DATAMOVER/GEN_MM2S_FULL.I_MM2S_FULL_WRAPPER/GEN_INCLUDE_MM2S_SF.I_RD_SF/I_DATA_FIFO/BLK_MEM.I_SYNC_FIFOGEN_FIFO/xpm_fifo_instance.xpm_fifo_sync_inst/xpm_fifo_base_inst/gen_sdpram.xpm_memory_base_inst/clka
    RAMB36_X2Y4          RAMB36E2                                     r  design_1_i/axi_dma/U0/I_PRMRY_DATAMOVER/GEN_MM2S_FULL.I_MM2S_FULL_WRAPPER/GEN_INCLUDE_MM2S_SF.I_RD_SF/I_DATA_FIFO/BLK_MEM.I_SYNC_FIFOGEN_FIFO/xpm_fifo_instance.xpm_fifo_sync_inst/xpm_fifo_base_inst/gen_sdpram.xpm_memory_base_inst/gen_wr_a.gen_word_narrow.mem_reg_bram_6/CLKBWRCLK
                         clock pessimism             -0.135     1.202    
    RAMB36_X2Y4          RAMB36E2 (Hold_RAMB36E2_RAMB36_CLKBWRCLK_ADDRBWRADDR[5])
                                                      0.006     1.208    design_1_i/axi_dma/U0/I_PRMRY_DATAMOVER/GEN_MM2S_FULL.I_MM2S_FULL_WRAPPER/GEN_INCLUDE_MM2S_SF.I_RD_SF/I_DATA_FIFO/BLK_MEM.I_SYNC_FIFOGEN_FIFO/xpm_fifo_instance.xpm_fifo_sync_inst/xpm_fifo_base_inst/gen_sdpram.xpm_memory_base_inst/gen_wr_a.gen_word_narrow.mem_reg_bram_6
  -------------------------------------------------------------------
                         required time                         -1.208    
                         arrival time                           1.230    
  -------------------------------------------------------------------
                         slack                                  0.023    

Slack (MET) :             0.023ns  (arrival time - required time)
  Source:                 design_1_i/Receiver_0/U0/sin_wave_demodulate_struct/dut/algorithm/fir_compiler_7_2/sin_wave_demodulate_fir_compiler_v7_2_i0_instance/U0/i_synth/g_single_rate.i_single_rate/g_parallel.g_paths[0].g_symmetric.g_data_sym_array.g_data_sym[9].g_data_sym_casc_buff.i_data_sym_casc_buff/g_buff.i_buff/gen_dly.gen_shiftreg.gen_rtl_delay.delay_bus_reg[1][7]/C
                            (rising edge-triggered cell FDRE clocked by clk_pl_0  {rise@0.000ns fall@5.156ns period=10.312ns})
  Destination:            design_1_i/Receiver_0/U0/sin_wave_demodulate_struct/dut/algorithm/fir_compiler_7_2/sin_wave_demodulate_fir_compiler_v7_2_i0_instance/U0/i_synth/g_single_rate.i_single_rate/g_parallel.g_paths[0].g_symmetric.g_data_sym_array.g_data_sym[8].g_data_sym_casc_buff.i_data_sym_casc_buff/g_buff.i_buff/gen_dly.gen_shiftreg.gen_rtl_delay.delay_bus_reg[0][7]_srl1/D
                            (rising edge-triggered cell SRL16E clocked by clk_pl_0  {rise@0.000ns fall@5.156ns period=10.312ns})
  Path Group:             clk_pl_0
  Path Type:              Hold (Min at Slow Process Corner)
  Requirement:            0.000ns  (clk_pl_0 rise@0.000ns - clk_pl_0 rise@0.000ns)
  Data Path Delay:        0.138ns  (logic 0.057ns (41.184%)  route 0.081ns (58.816%))
  Logic Levels:           0  
  Clock Path Skew:        0.087ns (DCD - SCD - CPR)
    Destination Clock Delay (DCD):    1.946ns
    Source Clock Delay      (SCD):    1.661ns
    Clock Pessimism Removal (CPR):    0.199ns
  Clock Net Delay (Source):      1.479ns (routing 0.423ns, distribution 1.056ns)
  Clock Net Delay (Destination): 1.720ns (routing 0.467ns, distribution 1.253ns)

    Location             Delay type                Incr(ns)  Path(ns)    Netlist Resource(s)
  -------------------------------------------------------------------    -------------------
                         (clock clk_pl_0 rise edge)
                                                      0.000     0.000 r  
    PS8_X0Y0             PS8                          0.000     0.000 r  design_1_i/zynq_ultra_ps_e_0/U0/PS8_i/PLCLK[0]
                         net (fo=1, routed)           0.157     0.157    design_1_i/zynq_ultra_ps_e_0/U0/pl_clk_unbuffered[0]
    BUFG_PS_X0Y58        BUFG_PS (Prop_BUFG_PS_I_O)
                                                      0.025     0.182 r  design_1_i/zynq_ultra_ps_e_0/U0/buffer_pl_clk_0.PL_CLK_0_BUFG/O
    X2Y2 (CLOCK_ROOT)    net (fo=6912, routed)        1.479     1.661    design_1_i/Receiver_0/U0/sin_wave_demodulate_struct/dut/algorithm/fir_compiler_7_2/sin_wave_demodulate_fir_compiler_v7_2_i0_instance/U0/i_synth/g_single_rate.i_single_rate/g_parallel.g_paths[0].g_symmetric.g_data_sym_array.g_data_sym[9].g_data_sym_casc_buff.i_data_sym_casc_buff/g_buff.i_buff/aclk
    SLICE_X60Y125        FDRE                                         r  design_1_i/Receiver_0/U0/sin_wave_demodulate_struct/dut/algorithm/fir_compiler_7_2/sin_wave_demodulate_fir_compiler_v7_2_i0_instance/U0/i_synth/g_single_rate.i_single_rate/g_parallel.g_paths[0].g_symmetric.g_data_sym_array.g_data_sym[9].g_data_sym_casc_buff.i_data_sym_casc_buff/g_buff.i_buff/gen_dly.gen_shiftreg.gen_rtl_delay.delay_bus_reg[1][7]/C
  -------------------------------------------------------------------    -------------------
    SLICE_X60Y125        FDRE (Prop_FFF_SLICEM_C_Q)
                                                      0.057     1.718 r  design_1_i/Receiver_0/U0/sin_wave_demodulate_struct/dut/algorithm/fir_compiler_7_2/sin_wave_demodulate_fir_compiler_v7_2_i0_instance/U0/i_synth/g_single_rate.i_single_rate/g_parallel.g_paths[0].g_symmetric.g_data_sym_array.g_data_sym[9].g_data_sym_casc_buff.i_data_sym_casc_buff/g_buff.i_buff/gen_dly.gen_shiftreg.gen_rtl_delay.delay_bus_reg[1][7]/Q
                         net (fo=2, routed)           0.081     1.799    design_1_i/Receiver_0/U0/sin_wave_demodulate_struct/dut/algorithm/fir_compiler_7_2/sin_wave_demodulate_fir_compiler_v7_2_i0_instance/U0/i_synth/g_single_rate.i_single_rate/g_parallel.g_paths[0].g_symmetric.g_data_sym_array.g_data_sym[8].g_data_sym_casc_buff.i_data_sym_casc_buff/g_buff.i_buff/A[5]
    SLICE_X60Y126        SRL16E                                       r  design_1_i/Receiver_0/U0/sin_wave_demodulate_struct/dut/algorithm/fir_compiler_7_2/sin_wave_demodulate_fir_compiler_v7_2_i0_instance/U0/i_synth/g_single_rate.i_single_rate/g_parallel.g_paths[0].g_symmetric.g_data_sym_array.g_data_sym[8].g_data_sym_casc_buff.i_data_sym_casc_buff/g_buff.i_buff/gen_dly.gen_shiftreg.gen_rtl_delay.delay_bus_reg[0][7]_srl1/D
  -------------------------------------------------------------------    -------------------

                         (clock clk_pl_0 rise edge)
                                                      0.000     0.000 r  
    PS8_X0Y0             PS8                          0.000     0.000 r  design_1_i/zynq_ultra_ps_e_0/U0/PS8_i/PLCLK[0]
                         net (fo=1, routed)           0.198     0.198    design_1_i/zynq_ultra_ps_e_0/U0/pl_clk_unbuffered[0]
    BUFG_PS_X0Y58        BUFG_PS (Prop_BUFG_PS_I_O)
                                                      0.028     0.226 r  design_1_i/zynq_ultra_ps_e_0/U0/buffer_pl_clk_0.PL_CLK_0_BUFG/O
    X2Y2 (CLOCK_ROOT)    net (fo=6912, routed)        1.720     1.946    design_1_i/Receiver_0/U0/sin_wave_demodulate_struct/dut/algorithm/fir_compiler_7_2/sin_wave_demodulate_fir_compiler_v7_2_i0_instance/U0/i_synth/g_single_rate.i_single_rate/g_parallel.g_paths[0].g_symmetric.g_data_sym_array.g_data_sym[8].g_data_sym_casc_buff.i_data_sym_casc_buff/g_buff.i_buff/aclk
    SLICE_X60Y126        SRL16E                                       r  design_1_i/Receiver_0/U0/sin_wave_demodulate_struct/dut/algorithm/fir_compiler_7_2/sin_wave_demodulate_fir_compiler_v7_2_i0_instance/U0/i_synth/g_single_rate.i_single_rate/g_parallel.g_paths[0].g_symmetric.g_data_sym_array.g_data_sym[8].g_data_sym_casc_buff.i_data_sym_casc_buff/g_buff.i_buff/gen_dly.gen_shiftreg.gen_rtl_delay.delay_bus_reg[0][7]_srl1/CLK
                         clock pessimism             -0.199     1.747    
    SLICE_X60Y126        SRL16E (Hold_F6LUT_SLICEM_CLK_D)
                                                      0.029     1.776    design_1_i/Receiver_0/U0/sin_wave_demodulate_struct/dut/algorithm/fir_compiler_7_2/sin_wave_demodulate_fir_compiler_v7_2_i0_instance/U0/i_synth/g_single_rate.i_single_rate/g_parallel.g_paths[0].g_symmetric.g_data_sym_array.g_data_sym[8].g_data_sym_casc_buff.i_data_sym_casc_buff/g_buff.i_buff/gen_dly.gen_shiftreg.gen_rtl_delay.delay_bus_reg[0][7]_srl1
  -------------------------------------------------------------------
                         required time                         -1.776    
                         arrival time                           1.799    
  -------------------------------------------------------------------
                         slack                                  0.023    

Slack (MET) :             0.023ns  (arrival time - required time)
  Source:                 design_1_i/Receiver_0/U0/sin_wave_demodulate_struct/dut/algorithm/fir_compiler_7_2/sin_wave_demodulate_fir_compiler_v7_2_i0_instance/U0/i_synth/g_single_rate.i_single_rate/g_parallel.g_paths[0].g_symmetric.g_data_sym_array.g_data_sym[8].g_data_sym_casc_buff.i_data_sym_casc_buff/g_buff.i_buff/gen_dly.gen_shiftreg.gen_rtl_delay.delay_bus_reg[1][9]/C
                            (rising edge-triggered cell FDRE clocked by clk_pl_0  {rise@0.000ns fall@5.156ns period=10.312ns})
  Destination:            design_1_i/Receiver_0/U0/sin_wave_demodulate_struct/dut/algorithm/fir_compiler_7_2/sin_wave_demodulate_fir_compiler_v7_2_i0_instance/U0/i_synth/g_single_rate.i_single_rate/g_parallel.g_paths[0].g_symmetric.g_data_sym_array.g_data_sym[7].g_data_sym_casc_buff.i_data_sym_casc_buff/g_buff.i_buff/gen_dly.gen_shiftreg.gen_rtl_delay.delay_bus_reg[0][9]_srl1/D
                            (rising edge-triggered cell SRL16E clocked by clk_pl_0  {rise@0.000ns fall@5.156ns period=10.312ns})
  Path Group:             clk_pl_0
  Path Type:              Hold (Min at Slow Process Corner)
  Requirement:            0.000ns  (clk_pl_0 rise@0.000ns - clk_pl_0 rise@0.000ns)
  Data Path Delay:        0.136ns  (logic 0.058ns (42.717%)  route 0.078ns (57.283%))
  Logic Levels:           0  
  Clock Path Skew:        0.081ns (DCD - SCD - CPR)
    Destination Clock Delay (DCD):    1.945ns
    Source Clock Delay      (SCD):    1.665ns
    Clock Pessimism Removal (CPR):    0.199ns
  Clock Net Delay (Source):      1.483ns (routing 0.423ns, distribution 1.060ns)
  Clock Net Delay (Destination): 1.719ns (routing 0.467ns, distribution 1.252ns)

    Location             Delay type                Incr(ns)  Path(ns)    Netlist Resource(s)
  -------------------------------------------------------------------    -------------------
                         (clock clk_pl_0 rise edge)
                                                      0.000     0.000 r  
    PS8_X0Y0             PS8                          0.000     0.000 r  design_1_i/zynq_ultra_ps_e_0/U0/PS8_i/PLCLK[0]
                         net (fo=1, routed)           0.157     0.157    design_1_i/zynq_ultra_ps_e_0/U0/pl_clk_unbuffered[0]
    BUFG_PS_X0Y58        BUFG_PS (Prop_BUFG_PS_I_O)
                                                      0.025     0.182 r  design_1_i/zynq_ultra_ps_e_0/U0/buffer_pl_clk_0.PL_CLK_0_BUFG/O
    X2Y2 (CLOCK_ROOT)    net (fo=6912, routed)        1.483     1.665    design_1_i/Receiver_0/U0/sin_wave_demodulate_struct/dut/algorithm/fir_compiler_7_2/sin_wave_demodulate_fir_compiler_v7_2_i0_instance/U0/i_synth/g_single_rate.i_single_rate/g_parallel.g_paths[0].g_symmetric.g_data_sym_array.g_data_sym[8].g_data_sym_casc_buff.i_data_sym_casc_buff/g_buff.i_buff/aclk
    SLICE_X60Y126        FDRE                                         r  design_1_i/Receiver_0/U0/sin_wave_demodulate_struct/dut/algorithm/fir_compiler_7_2/sin_wave_demodulate_fir_compiler_v7_2_i0_instance/U0/i_synth/g_single_rate.i_single_rate/g_parallel.g_paths[0].g_symmetric.g_data_sym_array.g_data_sym[8].g_data_sym_casc_buff.i_data_sym_casc_buff/g_buff.i_buff/gen_dly.gen_shiftreg.gen_rtl_delay.delay_bus_reg[1][9]/C
  -------------------------------------------------------------------    -------------------
    SLICE_X60Y126        FDRE (Prop_HFF_SLICEM_C_Q)
                                                      0.058     1.723 r  design_1_i/Receiver_0/U0/sin_wave_demodulate_struct/dut/algorithm/fir_compiler_7_2/sin_wave_demodulate_fir_compiler_v7_2_i0_instance/U0/i_synth/g_single_rate.i_single_rate/g_parallel.g_paths[0].g_symmetric.g_data_sym_array.g_data_sym[8].g_data_sym_casc_buff.i_data_sym_casc_buff/g_buff.i_buff/gen_dly.gen_shiftreg.gen_rtl_delay.delay_bus_reg[1][9]/Q
                         net (fo=2, routed)           0.078     1.801    design_1_i/Receiver_0/U0/sin_wave_demodulate_struct/dut/algorithm/fir_compiler_7_2/sin_wave_demodulate_fir_compiler_v7_2_i0_instance/U0/i_synth/g_single_rate.i_single_rate/g_parallel.g_paths[0].g_symmetric.g_data_sym_array.g_data_sym[7].g_data_sym_casc_buff.i_data_sym_casc_buff/g_buff.i_buff/A[7]
    SLICE_X60Y128        SRL16E                                       r  design_1_i/Receiver_0/U0/sin_wave_demodulate_struct/dut/algorithm/fir_compiler_7_2/sin_wave_demodulate_fir_compiler_v7_2_i0_instance/U0/i_synth/g_single_rate.i_single_rate/g_parallel.g_paths[0].g_symmetric.g_data_sym_array.g_data_sym[7].g_data_sym_casc_buff.i_data_sym_casc_buff/g_buff.i_buff/gen_dly.gen_shiftreg.gen_rtl_delay.delay_bus_reg[0][9]_srl1/D
  -------------------------------------------------------------------    -------------------

                         (clock clk_pl_0 rise edge)
                                                      0.000     0.000 r  
    PS8_X0Y0             PS8                          0.000     0.000 r  design_1_i/zynq_ultra_ps_e_0/U0/PS8_i/PLCLK[0]
                         net (fo=1, routed)           0.198     0.198    design_1_i/zynq_ultra_ps_e_0/U0/pl_clk_unbuffered[0]
    BUFG_PS_X0Y58        BUFG_PS (Prop_BUFG_PS_I_O)
                                                      0.028     0.226 r  design_1_i/zynq_ultra_ps_e_0/U0/buffer_pl_clk_0.PL_CLK_0_BUFG/O
    X2Y2 (CLOCK_ROOT)    net (fo=6912, routed)        1.719     1.945    design_1_i/Receiver_0/U0/sin_wave_demodulate_struct/dut/algorithm/fir_compiler_7_2/sin_wave_demodulate_fir_compiler_v7_2_i0_instance/U0/i_synth/g_single_rate.i_single_rate/g_parallel.g_paths[0].g_symmetric.g_data_sym_array.g_data_sym[7].g_data_sym_casc_buff.i_data_sym_casc_buff/g_buff.i_buff/aclk
    SLICE_X60Y128        SRL16E                                       r  design_1_i/Receiver_0/U0/sin_wave_demodulate_struct/dut/algorithm/fir_compiler_7_2/sin_wave_demodulate_fir_compiler_v7_2_i0_instance/U0/i_synth/g_single_rate.i_single_rate/g_parallel.g_paths[0].g_symmetric.g_data_sym_array.g_data_sym[7].g_data_sym_casc_buff.i_data_sym_casc_buff/g_buff.i_buff/gen_dly.gen_shiftreg.gen_rtl_delay.delay_bus_reg[0][9]_srl1/CLK
                         clock pessimism             -0.199     1.746    
    SLICE_X60Y128        SRL16E (Hold_H6LUT_SLICEM_CLK_D)
                                                      0.032     1.778    design_1_i/Receiver_0/U0/sin_wave_demodulate_struct/dut/algorithm/fir_compiler_7_2/sin_wave_demodulate_fir_compiler_v7_2_i0_instance/U0/i_synth/g_single_rate.i_single_rate/g_parallel.g_paths[0].g_symmetric.g_data_sym_array.g_data_sym[7].g_data_sym_casc_buff.i_data_sym_casc_buff/g_buff.i_buff/gen_dly.gen_shiftreg.gen_rtl_delay.delay_bus_reg[0][9]_srl1
  -------------------------------------------------------------------
                         required time                         -1.778    
                         arrival time                           1.801    
  -------------------------------------------------------------------
                         slack                                  0.023    





Pulse Width Checks
--------------------------------------------------------------------------------------
Clock Name:         clk_pl_0
Waveform(ns):       { 0.000 5.156 }
Period(ns):         10.312
Sources:            { design_1_i/zynq_ultra_ps_e_0/U0/PS8_i/PLCLK[0] }

Check Type        Corner  Lib Pin           Reference Pin  Required(ns)  Actual(ns)  Slack(ns)  Location    Pin
Min Period        n/a     HSADC/DCLK        n/a            4.000         10.312      6.312      HSADC_X0Y0  design_1_i/usp_rf_data_converter_0/inst/design_1_usp_rf_data_converter_0_0_rf_wrapper_i/rx0_u_adc/DCLK
Min Period        n/a     HSADC/DCLK        n/a            4.000         10.312      6.312      HSADC_X0Y1  design_1_i/usp_rf_data_converter_0/inst/design_1_usp_rf_data_converter_0_0_rf_wrapper_i/rx1_u_adc/DCLK
Min Period        n/a     HSADC/DCLK        n/a            4.000         10.312      6.312      HSADC_X0Y2  design_1_i/usp_rf_data_converter_0/inst/design_1_usp_rf_data_converter_0_0_rf_wrapper_i/rx2_u_adc/DCLK
Min Period        n/a     HSADC/DCLK        n/a            4.000         10.312      6.312      HSADC_X0Y3  design_1_i/usp_rf_data_converter_0/inst/design_1_usp_rf_data_converter_0_0_rf_wrapper_i/rx3_u_adc/DCLK
Min Period        n/a     HSDAC/DCLK        n/a            4.000         10.312      6.312      HSDAC_X0Y0  design_1_i/usp_rf_data_converter_0/inst/design_1_usp_rf_data_converter_0_0_rf_wrapper_i/tx0_u_dac/DCLK
Min Period        n/a     HSDAC/DCLK        n/a            4.000         10.312      6.312      HSDAC_X0Y1  design_1_i/usp_rf_data_converter_0/inst/design_1_usp_rf_data_converter_0_0_rf_wrapper_i/tx1_u_dac/DCLK
Min Period        n/a     PS8/MAXIGP2ACLK   n/a            3.000         10.312      7.312      PS8_X0Y0    design_1_i/zynq_ultra_ps_e_0/U0/PS8_i/MAXIGP2ACLK
Min Period        n/a     PS8/SAXIGP0RCLK   n/a            3.000         10.312      7.312      PS8_X0Y0    design_1_i/zynq_ultra_ps_e_0/U0/PS8_i/SAXIGP0RCLK
Min Period        n/a     PS8/SAXIGP0WCLK   n/a            3.000         10.312      7.312      PS8_X0Y0    design_1_i/zynq_ultra_ps_e_0/U0/PS8_i/SAXIGP0WCLK
Min Period        n/a     HSADC/PLL_MONCLK  n/a            2.500         10.312      7.812      HSADC_X0Y0  design_1_i/usp_rf_data_converter_0/inst/design_1_usp_rf_data_converter_0_0_rf_wrapper_i/rx0_u_adc/PLL_MONCLK
Low Pulse Width   Slow    HSADC/DCLK        n/a            1.600         5.156       3.556      HSADC_X0Y0  design_1_i/usp_rf_data_converter_0/inst/design_1_usp_rf_data_converter_0_0_rf_wrapper_i/rx0_u_adc/DCLK
Low Pulse Width   Fast    HSADC/DCLK        n/a            1.600         5.156       3.556      HSADC_X0Y0  design_1_i/usp_rf_data_converter_0/inst/design_1_usp_rf_data_converter_0_0_rf_wrapper_i/rx0_u_adc/DCLK
Low Pulse Width   Slow    HSADC/DCLK        n/a            1.600         5.156       3.556      HSADC_X0Y1  design_1_i/usp_rf_data_converter_0/inst/design_1_usp_rf_data_converter_0_0_rf_wrapper_i/rx1_u_adc/DCLK
Low Pulse Width   Fast    HSADC/DCLK        n/a            1.600         5.156       3.556      HSADC_X0Y1  design_1_i/usp_rf_data_converter_0/inst/design_1_usp_rf_data_converter_0_0_rf_wrapper_i/rx1_u_adc/DCLK
Low Pulse Width   Slow    HSADC/DCLK        n/a            1.600         5.156       3.556      HSADC_X0Y2  design_1_i/usp_rf_data_converter_0/inst/design_1_usp_rf_data_converter_0_0_rf_wrapper_i/rx2_u_adc/DCLK
Low Pulse Width   Fast    HSADC/DCLK        n/a            1.600         5.156       3.556      HSADC_X0Y2  design_1_i/usp_rf_data_converter_0/inst/design_1_usp_rf_data_converter_0_0_rf_wrapper_i/rx2_u_adc/DCLK
Low Pulse Width   Slow    HSADC/DCLK        n/a            1.600         5.156       3.556      HSADC_X0Y3  design_1_i/usp_rf_data_converter_0/inst/design_1_usp_rf_data_converter_0_0_rf_wrapper_i/rx3_u_adc/DCLK
Low Pulse Width   Fast    HSADC/DCLK        n/a            1.600         5.156       3.556      HSADC_X0Y3  design_1_i/usp_rf_data_converter_0/inst/design_1_usp_rf_data_converter_0_0_rf_wrapper_i/rx3_u_adc/DCLK
Low Pulse Width   Slow    HSDAC/DCLK        n/a            1.600         5.156       3.556      HSDAC_X0Y0  design_1_i/usp_rf_data_converter_0/inst/design_1_usp_rf_data_converter_0_0_rf_wrapper_i/tx0_u_dac/DCLK
Low Pulse Width   Fast    HSDAC/DCLK        n/a            1.600         5.156       3.556      HSDAC_X0Y0  design_1_i/usp_rf_data_converter_0/inst/design_1_usp_rf_data_converter_0_0_rf_wrapper_i/tx0_u_dac/DCLK
High Pulse Width  Slow    HSADC/DCLK        n/a            1.600         5.156       3.556      HSADC_X0Y0  design_1_i/usp_rf_data_converter_0/inst/design_1_usp_rf_data_converter_0_0_rf_wrapper_i/rx0_u_adc/DCLK
High Pulse Width  Fast    HSADC/DCLK        n/a            1.600         5.156       3.556      HSADC_X0Y0  design_1_i/usp_rf_data_converter_0/inst/design_1_usp_rf_data_converter_0_0_rf_wrapper_i/rx0_u_adc/DCLK
High Pulse Width  Slow    HSADC/DCLK        n/a            1.600         5.156       3.556      HSADC_X0Y1  design_1_i/usp_rf_data_converter_0/inst/design_1_usp_rf_data_converter_0_0_rf_wrapper_i/rx1_u_adc/DCLK
High Pulse Width  Fast    HSADC/DCLK        n/a            1.600         5.156       3.556      HSADC_X0Y1  design_1_i/usp_rf_data_converter_0/inst/design_1_usp_rf_data_converter_0_0_rf_wrapper_i/rx1_u_adc/DCLK
High Pulse Width  Slow    HSADC/DCLK        n/a            1.600         5.156       3.556      HSADC_X0Y2  design_1_i/usp_rf_data_converter_0/inst/design_1_usp_rf_data_converter_0_0_rf_wrapper_i/rx2_u_adc/DCLK
High Pulse Width  Fast    HSADC/DCLK        n/a            1.600         5.156       3.556      HSADC_X0Y2  design_1_i/usp_rf_data_converter_0/inst/design_1_usp_rf_data_converter_0_0_rf_wrapper_i/rx2_u_adc/DCLK
High Pulse Width  Slow    HSADC/DCLK        n/a            1.600         5.156       3.556      HSADC_X0Y3  design_1_i/usp_rf_data_converter_0/inst/design_1_usp_rf_data_converter_0_0_rf_wrapper_i/rx3_u_adc/DCLK
High Pulse Width  Fast    HSADC/DCLK        n/a            1.600         5.156       3.556      HSADC_X0Y3  design_1_i/usp_rf_data_converter_0/inst/design_1_usp_rf_data_converter_0_0_rf_wrapper_i/rx3_u_adc/DCLK
High Pulse Width  Slow    HSDAC/DCLK        n/a            1.600         5.156       3.556      HSDAC_X0Y0  design_1_i/usp_rf_data_converter_0/inst/design_1_usp_rf_data_converter_0_0_rf_wrapper_i/tx0_u_dac/DCLK
High Pulse Width  Fast    HSDAC/DCLK        n/a            1.600         5.156       3.556      HSDAC_X0Y0  design_1_i/usp_rf_data_converter_0/inst/design_1_usp_rf_data_converter_0_0_rf_wrapper_i/tx0_u_dac/DCLK



--------------------------------------------------------------------------------------
Path Group:  (none)
From Clock:  
  To Clock:  clk_pl_0

Max Delay            95 Endpoints
Min Delay            95 Endpoints
--------------------------------------------------------------------------------------


Max Delay Paths
--------------------------------------------------------------------------------------
Slack:                    inf
  Source:                 design_1_i/usp_rf_data_converter_0/inst/design_1_usp_rf_data_converter_0_0_rf_wrapper_i/tx1_u_dac/STATUS_DAC3[14]
                            (internal pin)
  Destination:            design_1_i/usp_rf_data_converter_0/inst/i_design_1_usp_rf_data_converter_0_0_irq_sync/sync_dac13_data_irq/syncstages_ff_reg[0]/D
                            (rising edge-triggered cell FDRE clocked by clk_pl_0  {rise@0.000ns fall@5.156ns period=10.312ns})
  Path Group:             (none)
  Path Type:              Setup (Max at Slow Process Corner)
  Data Path Delay:        2.375ns  (logic 0.000ns (0.000%)  route 2.375ns (100.000%))
  Logic Levels:           0  
  Clock Uncertainty:      0.157ns  ((TSJ^2 + DJ^2)^1/2) / 2 + PE
    Total System Jitter     (TSJ):    0.050ns
    Discrete Jitter          (DJ):    0.310ns
    Phase Error              (PE):    0.000ns
  Clock Net Delay (Destination): 1.826ns (routing 0.423ns, distribution 1.403ns)
  Timing Exception:       False Path

    Location             Delay type                Incr(ns)  Path(ns)    Netlist Resource(s)
  -------------------------------------------------------------------    -------------------
    HSDAC_X0Y1           HSDAC                        0.000     0.000 r  design_1_i/usp_rf_data_converter_0/inst/design_1_usp_rf_data_converter_0_0_rf_wrapper_i/tx1_u_dac/STATUS_DAC3[14]
                         net (fo=1, routed)           2.375     2.375    design_1_i/usp_rf_data_converter_0/inst/i_design_1_usp_rf_data_converter_0_0_irq_sync/sync_dac13_data_irq/src_in
    SLICE_X110Y115       FDRE                                         r  design_1_i/usp_rf_data_converter_0/inst/i_design_1_usp_rf_data_converter_0_0_irq_sync/sync_dac13_data_irq/syncstages_ff_reg[0]/D
  -------------------------------------------------------------------    -------------------

                         (clock clk_pl_0 rise edge)
                                                      0.000     0.000 r  
    PS8_X0Y0             PS8                          0.000     0.000 r  design_1_i/zynq_ultra_ps_e_0/U0/PS8_i/PLCLK[0]
                         net (fo=1, routed)           0.157     0.157    design_1_i/zynq_ultra_ps_e_0/U0/pl_clk_unbuffered[0]
    BUFG_PS_X0Y58        BUFG_PS (Prop_BUFG_PS_I_O)
                                                      0.025     0.182 r  design_1_i/zynq_ultra_ps_e_0/U0/buffer_pl_clk_0.PL_CLK_0_BUFG/O
    X2Y2 (CLOCK_ROOT)    net (fo=6912, routed)        1.826     2.008    design_1_i/usp_rf_data_converter_0/inst/i_design_1_usp_rf_data_converter_0_0_irq_sync/sync_dac13_data_irq/dest_clk
    SLICE_X110Y115       FDRE                                         r  design_1_i/usp_rf_data_converter_0/inst/i_design_1_usp_rf_data_converter_0_0_irq_sync/sync_dac13_data_irq/syncstages_ff_reg[0]/C

Slack:                    inf
  Source:                 design_1_i/usp_rf_data_converter_0/inst/design_1_usp_rf_data_converter_0_0_rf_wrapper_i/tx1_u_dac/STATUS_DAC3[15]
                            (internal pin)
  Destination:            design_1_i/usp_rf_data_converter_0/inst/i_design_1_usp_rf_data_converter_0_0_irq_sync/sync_dac13_fifo_irq/syncstages_ff_reg[0]/D
                            (rising edge-triggered cell FDRE clocked by clk_pl_0  {rise@0.000ns fall@5.156ns period=10.312ns})
  Path Group:             (none)
  Path Type:              Setup (Max at Slow Process Corner)
  Data Path Delay:        2.302ns  (logic 0.000ns (0.000%)  route 2.302ns (100.000%))
  Logic Levels:           0  
  Clock Uncertainty:      0.157ns  ((TSJ^2 + DJ^2)^1/2) / 2 + PE
    Total System Jitter     (TSJ):    0.050ns
    Discrete Jitter          (DJ):    0.310ns
    Phase Error              (PE):    0.000ns
  Clock Net Delay (Destination): 1.828ns (routing 0.423ns, distribution 1.405ns)
  Timing Exception:       False Path

    Location             Delay type                Incr(ns)  Path(ns)    Netlist Resource(s)
  -------------------------------------------------------------------    -------------------
    HSDAC_X0Y1           HSDAC                        0.000     0.000 r  design_1_i/usp_rf_data_converter_0/inst/design_1_usp_rf_data_converter_0_0_rf_wrapper_i/tx1_u_dac/STATUS_DAC3[15]
                         net (fo=1, routed)           2.302     2.302    design_1_i/usp_rf_data_converter_0/inst/i_design_1_usp_rf_data_converter_0_0_irq_sync/sync_dac13_fifo_irq/src_in
    SLICE_X114Y116       FDRE                                         r  design_1_i/usp_rf_data_converter_0/inst/i_design_1_usp_rf_data_converter_0_0_irq_sync/sync_dac13_fifo_irq/syncstages_ff_reg[0]/D
  -------------------------------------------------------------------    -------------------

                         (clock clk_pl_0 rise edge)
                                                      0.000     0.000 r  
    PS8_X0Y0             PS8                          0.000     0.000 r  design_1_i/zynq_ultra_ps_e_0/U0/PS8_i/PLCLK[0]
                         net (fo=1, routed)           0.157     0.157    design_1_i/zynq_ultra_ps_e_0/U0/pl_clk_unbuffered[0]
    BUFG_PS_X0Y58        BUFG_PS (Prop_BUFG_PS_I_O)
                                                      0.025     0.182 r  design_1_i/zynq_ultra_ps_e_0/U0/buffer_pl_clk_0.PL_CLK_0_BUFG/O
    X2Y2 (CLOCK_ROOT)    net (fo=6912, routed)        1.828     2.010    design_1_i/usp_rf_data_converter_0/inst/i_design_1_usp_rf_data_converter_0_0_irq_sync/sync_dac13_fifo_irq/dest_clk
    SLICE_X114Y116       FDRE                                         r  design_1_i/usp_rf_data_converter_0/inst/i_design_1_usp_rf_data_converter_0_0_irq_sync/sync_dac13_fifo_irq/syncstages_ff_reg[0]/C

Slack:                    inf
  Source:                 design_1_i/usp_rf_data_converter_0/inst/design_1_usp_rf_data_converter_0_0_rf_wrapper_i/tx1_u_dac/STATUS_DAC1[14]
                            (internal pin)
  Destination:            design_1_i/usp_rf_data_converter_0/inst/i_design_1_usp_rf_data_converter_0_0_irq_sync/sync_dac11_data_irq/syncstages_ff_reg[0]/D
                            (rising edge-triggered cell FDRE clocked by clk_pl_0  {rise@0.000ns fall@5.156ns period=10.312ns})
  Path Group:             (none)
  Path Type:              Setup (Max at Slow Process Corner)
  Data Path Delay:        2.252ns  (logic 0.000ns (0.000%)  route 2.252ns (100.000%))
  Logic Levels:           0  
  Clock Uncertainty:      0.157ns  ((TSJ^2 + DJ^2)^1/2) / 2 + PE
    Total System Jitter     (TSJ):    0.050ns
    Discrete Jitter          (DJ):    0.310ns
    Phase Error              (PE):    0.000ns
  Clock Net Delay (Destination): 1.818ns (routing 0.423ns, distribution 1.395ns)
  Timing Exception:       False Path

    Location             Delay type                Incr(ns)  Path(ns)    Netlist Resource(s)
  -------------------------------------------------------------------    -------------------
    HSDAC_X0Y1           HSDAC                        0.000     0.000 r  design_1_i/usp_rf_data_converter_0/inst/design_1_usp_rf_data_converter_0_0_rf_wrapper_i/tx1_u_dac/STATUS_DAC1[14]
                         net (fo=1, routed)           2.252     2.252    design_1_i/usp_rf_data_converter_0/inst/i_design_1_usp_rf_data_converter_0_0_irq_sync/sync_dac11_data_irq/src_in
    SLICE_X114Y105       FDRE                                         r  design_1_i/usp_rf_data_converter_0/inst/i_design_1_usp_rf_data_converter_0_0_irq_sync/sync_dac11_data_irq/syncstages_ff_reg[0]/D
  -------------------------------------------------------------------    -------------------

                         (clock clk_pl_0 rise edge)
                                                      0.000     0.000 r  
    PS8_X0Y0             PS8                          0.000     0.000 r  design_1_i/zynq_ultra_ps_e_0/U0/PS8_i/PLCLK[0]
                         net (fo=1, routed)           0.157     0.157    design_1_i/zynq_ultra_ps_e_0/U0/pl_clk_unbuffered[0]
    BUFG_PS_X0Y58        BUFG_PS (Prop_BUFG_PS_I_O)
                                                      0.025     0.182 r  design_1_i/zynq_ultra_ps_e_0/U0/buffer_pl_clk_0.PL_CLK_0_BUFG/O
    X2Y2 (CLOCK_ROOT)    net (fo=6912, routed)        1.818     2.000    design_1_i/usp_rf_data_converter_0/inst/i_design_1_usp_rf_data_converter_0_0_irq_sync/sync_dac11_data_irq/dest_clk
    SLICE_X114Y105       FDRE                                         r  design_1_i/usp_rf_data_converter_0/inst/i_design_1_usp_rf_data_converter_0_0_irq_sync/sync_dac11_data_irq/syncstages_ff_reg[0]/C

Slack:                    inf
  Source:                 design_1_i/usp_rf_data_converter_0/inst/design_1_usp_rf_data_converter_0_0_rf_wrapper_i/tx1_u_dac/STATUS_DAC1[15]
                            (internal pin)
  Destination:            design_1_i/usp_rf_data_converter_0/inst/i_design_1_usp_rf_data_converter_0_0_irq_sync/sync_dac11_fifo_irq/syncstages_ff_reg[0]/D
                            (rising edge-triggered cell FDRE clocked by clk_pl_0  {rise@0.000ns fall@5.156ns period=10.312ns})
  Path Group:             (none)
  Path Type:              Setup (Max at Slow Process Corner)
  Data Path Delay:        2.247ns  (logic 0.000ns (0.000%)  route 2.247ns (100.000%))
  Logic Levels:           0  
  Clock Uncertainty:      0.157ns  ((TSJ^2 + DJ^2)^1/2) / 2 + PE
    Total System Jitter     (TSJ):    0.050ns
    Discrete Jitter          (DJ):    0.310ns
    Phase Error              (PE):    0.000ns
  Clock Net Delay (Destination): 1.825ns (routing 0.423ns, distribution 1.402ns)
  Timing Exception:       False Path

    Location             Delay type                Incr(ns)  Path(ns)    Netlist Resource(s)
  -------------------------------------------------------------------    -------------------
    HSDAC_X0Y1           HSDAC                        0.000     0.000 r  design_1_i/usp_rf_data_converter_0/inst/design_1_usp_rf_data_converter_0_0_rf_wrapper_i/tx1_u_dac/STATUS_DAC1[15]
                         net (fo=1, routed)           2.247     2.247    design_1_i/usp_rf_data_converter_0/inst/i_design_1_usp_rf_data_converter_0_0_irq_sync/sync_dac11_fifo_irq/src_in
    SLICE_X115Y105       FDRE                                         r  design_1_i/usp_rf_data_converter_0/inst/i_design_1_usp_rf_data_converter_0_0_irq_sync/sync_dac11_fifo_irq/syncstages_ff_reg[0]/D
  -------------------------------------------------------------------    -------------------

                         (clock clk_pl_0 rise edge)
                                                      0.000     0.000 r  
    PS8_X0Y0             PS8                          0.000     0.000 r  design_1_i/zynq_ultra_ps_e_0/U0/PS8_i/PLCLK[0]
                         net (fo=1, routed)           0.157     0.157    design_1_i/zynq_ultra_ps_e_0/U0/pl_clk_unbuffered[0]
    BUFG_PS_X0Y58        BUFG_PS (Prop_BUFG_PS_I_O)
                                                      0.025     0.182 r  design_1_i/zynq_ultra_ps_e_0/U0/buffer_pl_clk_0.PL_CLK_0_BUFG/O
    X2Y2 (CLOCK_ROOT)    net (fo=6912, routed)        1.825     2.007    design_1_i/usp_rf_data_converter_0/inst/i_design_1_usp_rf_data_converter_0_0_irq_sync/sync_dac11_fifo_irq/dest_clk
    SLICE_X115Y105       FDRE                                         r  design_1_i/usp_rf_data_converter_0/inst/i_design_1_usp_rf_data_converter_0_0_irq_sync/sync_dac11_fifo_irq/syncstages_ff_reg[0]/C

Slack:                    inf
  Source:                 design_1_i/usp_rf_data_converter_0/inst/design_1_usp_rf_data_converter_0_0_rf_wrapper_i/tx1_u_dac/STATUS_DAC0[14]
                            (internal pin)
  Destination:            design_1_i/usp_rf_data_converter_0/inst/i_design_1_usp_rf_data_converter_0_0_irq_sync/sync_dac10_data_irq/syncstages_ff_reg[0]/D
                            (rising edge-triggered cell FDRE clocked by clk_pl_0  {rise@0.000ns fall@5.156ns period=10.312ns})
  Path Group:             (none)
  Path Type:              Setup (Max at Slow Process Corner)
  Data Path Delay:        2.222ns  (logic 0.000ns (0.000%)  route 2.222ns (100.000%))
  Logic Levels:           0  
  Clock Uncertainty:      0.157ns  ((TSJ^2 + DJ^2)^1/2) / 2 + PE
    Total System Jitter     (TSJ):    0.050ns
    Discrete Jitter          (DJ):    0.310ns
    Phase Error              (PE):    0.000ns
  Clock Net Delay (Destination): 1.825ns (routing 0.423ns, distribution 1.402ns)
  Timing Exception:       False Path

    Location             Delay type                Incr(ns)  Path(ns)    Netlist Resource(s)
  -------------------------------------------------------------------    -------------------
    HSDAC_X0Y1           HSDAC                        0.000     0.000 r  design_1_i/usp_rf_data_converter_0/inst/design_1_usp_rf_data_converter_0_0_rf_wrapper_i/tx1_u_dac/STATUS_DAC0[14]
                         net (fo=1, routed)           2.222     2.222    design_1_i/usp_rf_data_converter_0/inst/i_design_1_usp_rf_data_converter_0_0_irq_sync/sync_dac10_data_irq/src_in
    SLICE_X111Y114       FDRE                                         r  design_1_i/usp_rf_data_converter_0/inst/i_design_1_usp_rf_data_converter_0_0_irq_sync/sync_dac10_data_irq/syncstages_ff_reg[0]/D
  -------------------------------------------------------------------    -------------------

                         (clock clk_pl_0 rise edge)
                                                      0.000     0.000 r  
    PS8_X0Y0             PS8                          0.000     0.000 r  design_1_i/zynq_ultra_ps_e_0/U0/PS8_i/PLCLK[0]
                         net (fo=1, routed)           0.157     0.157    design_1_i/zynq_ultra_ps_e_0/U0/pl_clk_unbuffered[0]
    BUFG_PS_X0Y58        BUFG_PS (Prop_BUFG_PS_I_O)
                                                      0.025     0.182 r  design_1_i/zynq_ultra_ps_e_0/U0/buffer_pl_clk_0.PL_CLK_0_BUFG/O
    X2Y2 (CLOCK_ROOT)    net (fo=6912, routed)        1.825     2.007    design_1_i/usp_rf_data_converter_0/inst/i_design_1_usp_rf_data_converter_0_0_irq_sync/sync_dac10_data_irq/dest_clk
    SLICE_X111Y114       FDRE                                         r  design_1_i/usp_rf_data_converter_0/inst/i_design_1_usp_rf_data_converter_0_0_irq_sync/sync_dac10_data_irq/syncstages_ff_reg[0]/C

Slack:                    inf
  Source:                 design_1_i/usp_rf_data_converter_0/inst/design_1_usp_rf_data_converter_0_0_rf_wrapper_i/tx1_u_dac/STATUS_DAC2[14]
                            (internal pin)
  Destination:            design_1_i/usp_rf_data_converter_0/inst/i_design_1_usp_rf_data_converter_0_0_irq_sync/sync_dac12_data_irq/syncstages_ff_reg[0]/D
                            (rising edge-triggered cell FDRE clocked by clk_pl_0  {rise@0.000ns fall@5.156ns period=10.312ns})
  Path Group:             (none)
  Path Type:              Setup (Max at Slow Process Corner)
  Data Path Delay:        2.146ns  (logic 0.000ns (0.000%)  route 2.146ns (100.000%))
  Logic Levels:           0  
  Clock Uncertainty:      0.157ns  ((TSJ^2 + DJ^2)^1/2) / 2 + PE
    Total System Jitter     (TSJ):    0.050ns
    Discrete Jitter          (DJ):    0.310ns
    Phase Error              (PE):    0.000ns
  Clock Net Delay (Destination): 1.828ns (routing 0.423ns, distribution 1.405ns)
  Timing Exception:       False Path

    Location             Delay type                Incr(ns)  Path(ns)    Netlist Resource(s)
  -------------------------------------------------------------------    -------------------
    HSDAC_X0Y1           HSDAC                        0.000     0.000 r  design_1_i/usp_rf_data_converter_0/inst/design_1_usp_rf_data_converter_0_0_rf_wrapper_i/tx1_u_dac/STATUS_DAC2[14]
                         net (fo=1, routed)           2.146     2.146    design_1_i/usp_rf_data_converter_0/inst/i_design_1_usp_rf_data_converter_0_0_irq_sync/sync_dac12_data_irq/src_in
    SLICE_X114Y115       FDRE                                         r  design_1_i/usp_rf_data_converter_0/inst/i_design_1_usp_rf_data_converter_0_0_irq_sync/sync_dac12_data_irq/syncstages_ff_reg[0]/D
  -------------------------------------------------------------------    -------------------

                         (clock clk_pl_0 rise edge)
                                                      0.000     0.000 r  
    PS8_X0Y0             PS8                          0.000     0.000 r  design_1_i/zynq_ultra_ps_e_0/U0/PS8_i/PLCLK[0]
                         net (fo=1, routed)           0.157     0.157    design_1_i/zynq_ultra_ps_e_0/U0/pl_clk_unbuffered[0]
    BUFG_PS_X0Y58        BUFG_PS (Prop_BUFG_PS_I_O)
                                                      0.025     0.182 r  design_1_i/zynq_ultra_ps_e_0/U0/buffer_pl_clk_0.PL_CLK_0_BUFG/O
    X2Y2 (CLOCK_ROOT)    net (fo=6912, routed)        1.828     2.010    design_1_i/usp_rf_data_converter_0/inst/i_design_1_usp_rf_data_converter_0_0_irq_sync/sync_dac12_data_irq/dest_clk
    SLICE_X114Y115       FDRE                                         r  design_1_i/usp_rf_data_converter_0/inst/i_design_1_usp_rf_data_converter_0_0_irq_sync/sync_dac12_data_irq/syncstages_ff_reg[0]/C

Slack:                    inf
  Source:                 design_1_i/usp_rf_data_converter_0/inst/design_1_usp_rf_data_converter_0_0_rf_wrapper_i/tx0_u_dac/STATUS_DAC3[14]
                            (internal pin)
  Destination:            design_1_i/usp_rf_data_converter_0/inst/i_design_1_usp_rf_data_converter_0_0_irq_sync/sync_dac03_data_irq/syncstages_ff_reg[0]/D
                            (rising edge-triggered cell FDRE clocked by clk_pl_0  {rise@0.000ns fall@5.156ns period=10.312ns})
  Path Group:             (none)
  Path Type:              Setup (Max at Slow Process Corner)
  Data Path Delay:        2.032ns  (logic 0.000ns (0.000%)  route 2.032ns (100.000%))
  Logic Levels:           0  
  Clock Uncertainty:      0.157ns  ((TSJ^2 + DJ^2)^1/2) / 2 + PE
    Total System Jitter     (TSJ):    0.050ns
    Discrete Jitter          (DJ):    0.310ns
    Phase Error              (PE):    0.000ns
  Clock Net Delay (Destination): 1.826ns (routing 0.423ns, distribution 1.403ns)
  Timing Exception:       False Path

    Location             Delay type                Incr(ns)  Path(ns)    Netlist Resource(s)
  -------------------------------------------------------------------    -------------------
    HSDAC_X0Y0           HSDAC                        0.000     0.000 r  design_1_i/usp_rf_data_converter_0/inst/design_1_usp_rf_data_converter_0_0_rf_wrapper_i/tx0_u_dac/STATUS_DAC3[14]
                         net (fo=1, routed)           2.032     2.032    design_1_i/usp_rf_data_converter_0/inst/i_design_1_usp_rf_data_converter_0_0_irq_sync/sync_dac03_data_irq/src_in
    SLICE_X113Y108       FDRE                                         r  design_1_i/usp_rf_data_converter_0/inst/i_design_1_usp_rf_data_converter_0_0_irq_sync/sync_dac03_data_irq/syncstages_ff_reg[0]/D
  -------------------------------------------------------------------    -------------------

                         (clock clk_pl_0 rise edge)
                                                      0.000     0.000 r  
    PS8_X0Y0             PS8                          0.000     0.000 r  design_1_i/zynq_ultra_ps_e_0/U0/PS8_i/PLCLK[0]
                         net (fo=1, routed)           0.157     0.157    design_1_i/zynq_ultra_ps_e_0/U0/pl_clk_unbuffered[0]
    BUFG_PS_X0Y58        BUFG_PS (Prop_BUFG_PS_I_O)
                                                      0.025     0.182 r  design_1_i/zynq_ultra_ps_e_0/U0/buffer_pl_clk_0.PL_CLK_0_BUFG/O
    X2Y2 (CLOCK_ROOT)    net (fo=6912, routed)        1.826     2.008    design_1_i/usp_rf_data_converter_0/inst/i_design_1_usp_rf_data_converter_0_0_irq_sync/sync_dac03_data_irq/dest_clk
    SLICE_X113Y108       FDRE                                         r  design_1_i/usp_rf_data_converter_0/inst/i_design_1_usp_rf_data_converter_0_0_irq_sync/sync_dac03_data_irq/syncstages_ff_reg[0]/C

Slack:                    inf
  Source:                 design_1_i/usp_rf_data_converter_0/inst/design_1_usp_rf_data_converter_0_0_rf_wrapper_i/tx0_u_dac/STATUS_DAC3[15]
                            (internal pin)
  Destination:            design_1_i/usp_rf_data_converter_0/inst/i_design_1_usp_rf_data_converter_0_0_irq_sync/sync_dac03_fifo_irq/syncstages_ff_reg[0]/D
                            (rising edge-triggered cell FDRE clocked by clk_pl_0  {rise@0.000ns fall@5.156ns period=10.312ns})
  Path Group:             (none)
  Path Type:              Setup (Max at Slow Process Corner)
  Data Path Delay:        2.002ns  (logic 0.000ns (0.000%)  route 2.002ns (100.000%))
  Logic Levels:           0  
  Clock Uncertainty:      0.157ns  ((TSJ^2 + DJ^2)^1/2) / 2 + PE
    Total System Jitter     (TSJ):    0.050ns
    Discrete Jitter          (DJ):    0.310ns
    Phase Error              (PE):    0.000ns
  Clock Net Delay (Destination): 1.821ns (routing 0.423ns, distribution 1.398ns)
  Timing Exception:       False Path

    Location             Delay type                Incr(ns)  Path(ns)    Netlist Resource(s)
  -------------------------------------------------------------------    -------------------
    HSDAC_X0Y0           HSDAC                        0.000     0.000 r  design_1_i/usp_rf_data_converter_0/inst/design_1_usp_rf_data_converter_0_0_rf_wrapper_i/tx0_u_dac/STATUS_DAC3[15]
                         net (fo=1, routed)           2.002     2.002    design_1_i/usp_rf_data_converter_0/inst/i_design_1_usp_rf_data_converter_0_0_irq_sync/sync_dac03_fifo_irq/src_in
    SLICE_X114Y109       FDRE                                         r  design_1_i/usp_rf_data_converter_0/inst/i_design_1_usp_rf_data_converter_0_0_irq_sync/sync_dac03_fifo_irq/syncstages_ff_reg[0]/D
  -------------------------------------------------------------------    -------------------

                         (clock clk_pl_0 rise edge)
                                                      0.000     0.000 r  
    PS8_X0Y0             PS8                          0.000     0.000 r  design_1_i/zynq_ultra_ps_e_0/U0/PS8_i/PLCLK[0]
                         net (fo=1, routed)           0.157     0.157    design_1_i/zynq_ultra_ps_e_0/U0/pl_clk_unbuffered[0]
    BUFG_PS_X0Y58        BUFG_PS (Prop_BUFG_PS_I_O)
                                                      0.025     0.182 r  design_1_i/zynq_ultra_ps_e_0/U0/buffer_pl_clk_0.PL_CLK_0_BUFG/O
    X2Y2 (CLOCK_ROOT)    net (fo=6912, routed)        1.821     2.003    design_1_i/usp_rf_data_converter_0/inst/i_design_1_usp_rf_data_converter_0_0_irq_sync/sync_dac03_fifo_irq/dest_clk
    SLICE_X114Y109       FDRE                                         r  design_1_i/usp_rf_data_converter_0/inst/i_design_1_usp_rf_data_converter_0_0_irq_sync/sync_dac03_fifo_irq/syncstages_ff_reg[0]/C

Slack:                    inf
  Source:                 design_1_i/usp_rf_data_converter_0/inst/design_1_usp_rf_data_converter_0_0_rf_wrapper_i/tx1_u_dac/STATUS_DAC0[15]
                            (internal pin)
  Destination:            design_1_i/usp_rf_data_converter_0/inst/i_design_1_usp_rf_data_converter_0_0_irq_sync/sync_dac10_fifo_irq/syncstages_ff_reg[0]/D
                            (rising edge-triggered cell FDRE clocked by clk_pl_0  {rise@0.000ns fall@5.156ns period=10.312ns})
  Path Group:             (none)
  Path Type:              Setup (Max at Slow Process Corner)
  Data Path Delay:        1.993ns  (logic 0.000ns (0.000%)  route 1.993ns (100.000%))
  Logic Levels:           0  
  Clock Uncertainty:      0.157ns  ((TSJ^2 + DJ^2)^1/2) / 2 + PE
    Total System Jitter     (TSJ):    0.050ns
    Discrete Jitter          (DJ):    0.310ns
    Phase Error              (PE):    0.000ns
  Clock Net Delay (Destination): 1.818ns (routing 0.423ns, distribution 1.395ns)
  Timing Exception:       False Path

    Location             Delay type                Incr(ns)  Path(ns)    Netlist Resource(s)
  -------------------------------------------------------------------    -------------------
    HSDAC_X0Y1           HSDAC                        0.000     0.000 r  design_1_i/usp_rf_data_converter_0/inst/design_1_usp_rf_data_converter_0_0_rf_wrapper_i/tx1_u_dac/STATUS_DAC0[15]
                         net (fo=1, routed)           1.993     1.993    design_1_i/usp_rf_data_converter_0/inst/i_design_1_usp_rf_data_converter_0_0_irq_sync/sync_dac10_fifo_irq/src_in
    SLICE_X112Y116       FDRE                                         r  design_1_i/usp_rf_data_converter_0/inst/i_design_1_usp_rf_data_converter_0_0_irq_sync/sync_dac10_fifo_irq/syncstages_ff_reg[0]/D
  -------------------------------------------------------------------    -------------------

                         (clock clk_pl_0 rise edge)
                                                      0.000     0.000 r  
    PS8_X0Y0             PS8                          0.000     0.000 r  design_1_i/zynq_ultra_ps_e_0/U0/PS8_i/PLCLK[0]
                         net (fo=1, routed)           0.157     0.157    design_1_i/zynq_ultra_ps_e_0/U0/pl_clk_unbuffered[0]
    BUFG_PS_X0Y58        BUFG_PS (Prop_BUFG_PS_I_O)
                                                      0.025     0.182 r  design_1_i/zynq_ultra_ps_e_0/U0/buffer_pl_clk_0.PL_CLK_0_BUFG/O
    X2Y2 (CLOCK_ROOT)    net (fo=6912, routed)        1.818     2.000    design_1_i/usp_rf_data_converter_0/inst/i_design_1_usp_rf_data_converter_0_0_irq_sync/sync_dac10_fifo_irq/dest_clk
    SLICE_X112Y116       FDRE                                         r  design_1_i/usp_rf_data_converter_0/inst/i_design_1_usp_rf_data_converter_0_0_irq_sync/sync_dac10_fifo_irq/syncstages_ff_reg[0]/C

Slack:                    inf
  Source:                 design_1_i/usp_rf_data_converter_0/inst/design_1_usp_rf_data_converter_0_0_rf_wrapper_i/tx1_u_dac/STATUS_COMMON[1]
                            (internal pin)
  Destination:            design_1_i/usp_rf_data_converter_0/inst/design_1_usp_rf_data_converter_0_0_rf_wrapper_i/cdc_dac1_supplies_up_i/syncstages_ff_reg[0]/D
                            (rising edge-triggered cell FDRE clocked by clk_pl_0  {rise@0.000ns fall@5.156ns period=10.312ns})
  Path Group:             (none)
  Path Type:              Setup (Max at Slow Process Corner)
  Data Path Delay:        1.968ns  (logic 0.000ns (0.000%)  route 1.968ns (100.000%))
  Logic Levels:           0  
  Clock Uncertainty:      0.157ns  ((TSJ^2 + DJ^2)^1/2) / 2 + PE
    Total System Jitter     (TSJ):    0.050ns
    Discrete Jitter          (DJ):    0.310ns
    Phase Error              (PE):    0.000ns
  Clock Net Delay (Destination): 1.806ns (routing 0.423ns, distribution 1.383ns)
  Timing Exception:       False Path

    Location             Delay type                Incr(ns)  Path(ns)    Netlist Resource(s)
  -------------------------------------------------------------------    -------------------
    HSDAC_X0Y1           HSDAC                        0.000     0.000 r  design_1_i/usp_rf_data_converter_0/inst/design_1_usp_rf_data_converter_0_0_rf_wrapper_i/tx1_u_dac/STATUS_COMMON[1]
                         net (fo=2, routed)           1.968     1.968    design_1_i/usp_rf_data_converter_0/inst/design_1_usp_rf_data_converter_0_0_rf_wrapper_i/cdc_dac1_supplies_up_i/src_in
    SLICE_X109Y131       FDRE                                         r  design_1_i/usp_rf_data_converter_0/inst/design_1_usp_rf_data_converter_0_0_rf_wrapper_i/cdc_dac1_supplies_up_i/syncstages_ff_reg[0]/D
  -------------------------------------------------------------------    -------------------

                         (clock clk_pl_0 rise edge)
                                                      0.000     0.000 r  
    PS8_X0Y0             PS8                          0.000     0.000 r  design_1_i/zynq_ultra_ps_e_0/U0/PS8_i/PLCLK[0]
                         net (fo=1, routed)           0.157     0.157    design_1_i/zynq_ultra_ps_e_0/U0/pl_clk_unbuffered[0]
    BUFG_PS_X0Y58        BUFG_PS (Prop_BUFG_PS_I_O)
                                                      0.025     0.182 r  design_1_i/zynq_ultra_ps_e_0/U0/buffer_pl_clk_0.PL_CLK_0_BUFG/O
    X2Y2 (CLOCK_ROOT)    net (fo=6912, routed)        1.806     1.988    design_1_i/usp_rf_data_converter_0/inst/design_1_usp_rf_data_converter_0_0_rf_wrapper_i/cdc_dac1_supplies_up_i/dest_clk
    SLICE_X109Y131       FDRE                                         r  design_1_i/usp_rf_data_converter_0/inst/design_1_usp_rf_data_converter_0_0_rf_wrapper_i/cdc_dac1_supplies_up_i/syncstages_ff_reg[0]/C





Min Delay Paths
--------------------------------------------------------------------------------------
Slack:                    inf
  Source:                 design_1_i/usp_rf_data_converter_0/inst/design_1_usp_rf_data_converter_0_0_rf_wrapper_i/rx1_u_adc/STATUS_ADC1[14]
                            (internal pin)
  Destination:            design_1_i/usp_rf_data_converter_0/inst/i_design_1_usp_rf_data_converter_0_0_irq_sync/sync_adc11_data_irq/syncstages_ff_reg[0]/D
                            (rising edge-triggered cell FDRE clocked by clk_pl_0  {rise@0.000ns fall@5.156ns period=10.312ns})
  Path Group:             (none)
  Path Type:              Hold (Min at Fast Process Corner)
  Data Path Delay:        0.136ns  (logic 0.000ns (0.000%)  route 0.136ns (100.000%))
  Logic Levels:           0  
  Clock Uncertainty:      0.157ns  ((TSJ^2 + DJ^2)^1/2) / 2 + PE
    Total System Jitter     (TSJ):    0.050ns
    Discrete Jitter          (DJ):    0.310ns
    Phase Error              (PE):    0.000ns
  Clock Net Delay (Destination): 1.266ns (routing 0.282ns, distribution 0.984ns)
  Timing Exception:       False Path

    Location             Delay type                Incr(ns)  Path(ns)    Netlist Resource(s)
  -------------------------------------------------------------------    -------------------
    HSADC_X0Y1           HSADC                        0.000     0.000 r  design_1_i/usp_rf_data_converter_0/inst/design_1_usp_rf_data_converter_0_0_rf_wrapper_i/rx1_u_adc/STATUS_ADC1[14]
                         net (fo=1, routed)           0.136     0.136    design_1_i/usp_rf_data_converter_0/inst/i_design_1_usp_rf_data_converter_0_0_irq_sync/sync_adc11_data_irq/src_in
    SLICE_X118Y79        FDRE                                         r  design_1_i/usp_rf_data_converter_0/inst/i_design_1_usp_rf_data_converter_0_0_irq_sync/sync_adc11_data_irq/syncstages_ff_reg[0]/D
  -------------------------------------------------------------------    -------------------

                         (clock clk_pl_0 rise edge)
                                                      0.000     0.000 r  
    PS8_X0Y0             PS8                          0.000     0.000 r  design_1_i/zynq_ultra_ps_e_0/U0/PS8_i/PLCLK[0]
                         net (fo=1, routed)           0.129     0.129    design_1_i/zynq_ultra_ps_e_0/U0/pl_clk_unbuffered[0]
    BUFG_PS_X0Y58        BUFG_PS (Prop_BUFG_PS_I_O)
                                                      0.018     0.147 r  design_1_i/zynq_ultra_ps_e_0/U0/buffer_pl_clk_0.PL_CLK_0_BUFG/O
    X2Y2 (CLOCK_ROOT)    net (fo=6912, routed)        1.266     1.413    design_1_i/usp_rf_data_converter_0/inst/i_design_1_usp_rf_data_converter_0_0_irq_sync/sync_adc11_data_irq/dest_clk
    SLICE_X118Y79        FDRE                                         r  design_1_i/usp_rf_data_converter_0/inst/i_design_1_usp_rf_data_converter_0_0_irq_sync/sync_adc11_data_irq/syncstages_ff_reg[0]/C

Slack:                    inf
  Source:                 design_1_i/usp_rf_data_converter_0/inst/design_1_usp_rf_data_converter_0_0_rf_wrapper_i/rx1_u_adc/STATUS_ADC1[2]
                            (internal pin)
  Destination:            design_1_i/usp_rf_data_converter_0/inst/i_design_1_usp_rf_data_converter_0_0_irq_sync/sync_adc11_over_vol/syncstages_ff_reg[0]/D
                            (rising edge-triggered cell FDRE clocked by clk_pl_0  {rise@0.000ns fall@5.156ns period=10.312ns})
  Path Group:             (none)
  Path Type:              Hold (Min at Fast Process Corner)
  Data Path Delay:        0.140ns  (logic 0.000ns (0.000%)  route 0.140ns (100.000%))
  Logic Levels:           0  
  Clock Uncertainty:      0.157ns  ((TSJ^2 + DJ^2)^1/2) / 2 + PE
    Total System Jitter     (TSJ):    0.050ns
    Discrete Jitter          (DJ):    0.310ns
    Phase Error              (PE):    0.000ns
  Clock Net Delay (Destination): 1.268ns (routing 0.282ns, distribution 0.986ns)
  Timing Exception:       False Path

    Location             Delay type                Incr(ns)  Path(ns)    Netlist Resource(s)
  -------------------------------------------------------------------    -------------------
    HSADC_X0Y1           HSADC                        0.000     0.000 r  design_1_i/usp_rf_data_converter_0/inst/design_1_usp_rf_data_converter_0_0_rf_wrapper_i/rx1_u_adc/STATUS_ADC1[2]
                         net (fo=1, routed)           0.140     0.140    design_1_i/usp_rf_data_converter_0/inst/i_design_1_usp_rf_data_converter_0_0_irq_sync/sync_adc11_over_vol/src_in
    SLICE_X118Y74        FDRE                                         r  design_1_i/usp_rf_data_converter_0/inst/i_design_1_usp_rf_data_converter_0_0_irq_sync/sync_adc11_over_vol/syncstages_ff_reg[0]/D
  -------------------------------------------------------------------    -------------------

                         (clock clk_pl_0 rise edge)
                                                      0.000     0.000 r  
    PS8_X0Y0             PS8                          0.000     0.000 r  design_1_i/zynq_ultra_ps_e_0/U0/PS8_i/PLCLK[0]
                         net (fo=1, routed)           0.129     0.129    design_1_i/zynq_ultra_ps_e_0/U0/pl_clk_unbuffered[0]
    BUFG_PS_X0Y58        BUFG_PS (Prop_BUFG_PS_I_O)
                                                      0.018     0.147 r  design_1_i/zynq_ultra_ps_e_0/U0/buffer_pl_clk_0.PL_CLK_0_BUFG/O
    X2Y2 (CLOCK_ROOT)    net (fo=6912, routed)        1.268     1.415    design_1_i/usp_rf_data_converter_0/inst/i_design_1_usp_rf_data_converter_0_0_irq_sync/sync_adc11_over_vol/dest_clk
    SLICE_X118Y74        FDRE                                         r  design_1_i/usp_rf_data_converter_0/inst/i_design_1_usp_rf_data_converter_0_0_irq_sync/sync_adc11_over_vol/syncstages_ff_reg[0]/C

Slack:                    inf
  Source:                 design_1_i/usp_rf_data_converter_0/inst/design_1_usp_rf_data_converter_0_0_rf_wrapper_i/rx1_u_adc/STATUS_ADC1[15]
                            (internal pin)
  Destination:            design_1_i/usp_rf_data_converter_0/inst/i_design_1_usp_rf_data_converter_0_0_irq_sync/sync_adc11_fifo_irq/syncstages_ff_reg[0]/D
                            (rising edge-triggered cell FDRE clocked by clk_pl_0  {rise@0.000ns fall@5.156ns period=10.312ns})
  Path Group:             (none)
  Path Type:              Hold (Min at Fast Process Corner)
  Data Path Delay:        0.161ns  (logic 0.000ns (0.000%)  route 0.161ns (100.000%))
  Logic Levels:           0  
  Clock Uncertainty:      0.157ns  ((TSJ^2 + DJ^2)^1/2) / 2 + PE
    Total System Jitter     (TSJ):    0.050ns
    Discrete Jitter          (DJ):    0.310ns
    Phase Error              (PE):    0.000ns
  Clock Net Delay (Destination): 1.263ns (routing 0.282ns, distribution 0.981ns)
  Timing Exception:       False Path

    Location             Delay type                Incr(ns)  Path(ns)    Netlist Resource(s)
  -------------------------------------------------------------------    -------------------
    HSADC_X0Y1           HSADC                        0.000     0.000 r  design_1_i/usp_rf_data_converter_0/inst/design_1_usp_rf_data_converter_0_0_rf_wrapper_i/rx1_u_adc/STATUS_ADC1[15]
                         net (fo=1, routed)           0.161     0.161    design_1_i/usp_rf_data_converter_0/inst/i_design_1_usp_rf_data_converter_0_0_irq_sync/sync_adc11_fifo_irq/src_in
    SLICE_X118Y83        FDRE                                         r  design_1_i/usp_rf_data_converter_0/inst/i_design_1_usp_rf_data_converter_0_0_irq_sync/sync_adc11_fifo_irq/syncstages_ff_reg[0]/D
  -------------------------------------------------------------------    -------------------

                         (clock clk_pl_0 rise edge)
                                                      0.000     0.000 r  
    PS8_X0Y0             PS8                          0.000     0.000 r  design_1_i/zynq_ultra_ps_e_0/U0/PS8_i/PLCLK[0]
                         net (fo=1, routed)           0.129     0.129    design_1_i/zynq_ultra_ps_e_0/U0/pl_clk_unbuffered[0]
    BUFG_PS_X0Y58        BUFG_PS (Prop_BUFG_PS_I_O)
                                                      0.018     0.147 r  design_1_i/zynq_ultra_ps_e_0/U0/buffer_pl_clk_0.PL_CLK_0_BUFG/O
    X2Y2 (CLOCK_ROOT)    net (fo=6912, routed)        1.263     1.410    design_1_i/usp_rf_data_converter_0/inst/i_design_1_usp_rf_data_converter_0_0_irq_sync/sync_adc11_fifo_irq/dest_clk
    SLICE_X118Y83        FDRE                                         r  design_1_i/usp_rf_data_converter_0/inst/i_design_1_usp_rf_data_converter_0_0_irq_sync/sync_adc11_fifo_irq/syncstages_ff_reg[0]/C

Slack:                    inf
  Source:                 design_1_i/usp_rf_data_converter_0/inst/design_1_usp_rf_data_converter_0_0_rf_wrapper_i/rx1_u_adc/STATUS_ADC1[3]
                            (internal pin)
  Destination:            design_1_i/usp_rf_data_converter_0/inst/i_design_1_usp_rf_data_converter_0_0_irq_sync/sync_adc11_over_range/syncstages_ff_reg[0]/D
                            (rising edge-triggered cell FDRE clocked by clk_pl_0  {rise@0.000ns fall@5.156ns period=10.312ns})
  Path Group:             (none)
  Path Type:              Hold (Min at Fast Process Corner)
  Data Path Delay:        0.171ns  (logic 0.000ns (0.000%)  route 0.171ns (100.000%))
  Logic Levels:           0  
  Clock Uncertainty:      0.157ns  ((TSJ^2 + DJ^2)^1/2) / 2 + PE
    Total System Jitter     (TSJ):    0.050ns
    Discrete Jitter          (DJ):    0.310ns
    Phase Error              (PE):    0.000ns
  Clock Net Delay (Destination): 1.263ns (routing 0.282ns, distribution 0.981ns)
  Timing Exception:       False Path

    Location             Delay type                Incr(ns)  Path(ns)    Netlist Resource(s)
  -------------------------------------------------------------------    -------------------
    HSADC_X0Y1           HSADC                        0.000     0.000 r  design_1_i/usp_rf_data_converter_0/inst/design_1_usp_rf_data_converter_0_0_rf_wrapper_i/rx1_u_adc/STATUS_ADC1[3]
                         net (fo=1, routed)           0.171     0.171    design_1_i/usp_rf_data_converter_0/inst/i_design_1_usp_rf_data_converter_0_0_irq_sync/sync_adc11_over_range/src_in
    SLICE_X117Y79        FDRE                                         r  design_1_i/usp_rf_data_converter_0/inst/i_design_1_usp_rf_data_converter_0_0_irq_sync/sync_adc11_over_range/syncstages_ff_reg[0]/D
  -------------------------------------------------------------------    -------------------

                         (clock clk_pl_0 rise edge)
                                                      0.000     0.000 r  
    PS8_X0Y0             PS8                          0.000     0.000 r  design_1_i/zynq_ultra_ps_e_0/U0/PS8_i/PLCLK[0]
                         net (fo=1, routed)           0.129     0.129    design_1_i/zynq_ultra_ps_e_0/U0/pl_clk_unbuffered[0]
    BUFG_PS_X0Y58        BUFG_PS (Prop_BUFG_PS_I_O)
                                                      0.018     0.147 r  design_1_i/zynq_ultra_ps_e_0/U0/buffer_pl_clk_0.PL_CLK_0_BUFG/O
    X2Y2 (CLOCK_ROOT)    net (fo=6912, routed)        1.263     1.410    design_1_i/usp_rf_data_converter_0/inst/i_design_1_usp_rf_data_converter_0_0_irq_sync/sync_adc11_over_range/dest_clk
    SLICE_X117Y79        FDRE                                         r  design_1_i/usp_rf_data_converter_0/inst/i_design_1_usp_rf_data_converter_0_0_irq_sync/sync_adc11_over_range/syncstages_ff_reg[0]/C

Slack:                    inf
  Source:                 design_1_i/usp_rf_data_converter_0/inst/design_1_usp_rf_data_converter_0_0_rf_wrapper_i/rx1_u_adc/STATUS_ADC0[2]
                            (internal pin)
  Destination:            design_1_i/usp_rf_data_converter_0/inst/i_design_1_usp_rf_data_converter_0_0_irq_sync/sync_adc10_over_vol/syncstages_ff_reg[0]/D
                            (rising edge-triggered cell FDRE clocked by clk_pl_0  {rise@0.000ns fall@5.156ns period=10.312ns})
  Path Group:             (none)
  Path Type:              Hold (Min at Fast Process Corner)
  Data Path Delay:        0.172ns  (logic 0.000ns (0.000%)  route 0.172ns (100.000%))
  Logic Levels:           0  
  Clock Uncertainty:      0.157ns  ((TSJ^2 + DJ^2)^1/2) / 2 + PE
    Total System Jitter     (TSJ):    0.050ns
    Discrete Jitter          (DJ):    0.310ns
    Phase Error              (PE):    0.000ns
  Clock Net Delay (Destination): 1.267ns (routing 0.282ns, distribution 0.985ns)
  Timing Exception:       False Path

    Location             Delay type                Incr(ns)  Path(ns)    Netlist Resource(s)
  -------------------------------------------------------------------    -------------------
    HSADC_X0Y1           HSADC                        0.000     0.000 r  design_1_i/usp_rf_data_converter_0/inst/design_1_usp_rf_data_converter_0_0_rf_wrapper_i/rx1_u_adc/STATUS_ADC0[2]
                         net (fo=1, routed)           0.172     0.172    design_1_i/usp_rf_data_converter_0/inst/i_design_1_usp_rf_data_converter_0_0_irq_sync/sync_adc10_over_vol/src_in
    SLICE_X117Y67        FDRE                                         r  design_1_i/usp_rf_data_converter_0/inst/i_design_1_usp_rf_data_converter_0_0_irq_sync/sync_adc10_over_vol/syncstages_ff_reg[0]/D
  -------------------------------------------------------------------    -------------------

                         (clock clk_pl_0 rise edge)
                                                      0.000     0.000 r  
    PS8_X0Y0             PS8                          0.000     0.000 r  design_1_i/zynq_ultra_ps_e_0/U0/PS8_i/PLCLK[0]
                         net (fo=1, routed)           0.129     0.129    design_1_i/zynq_ultra_ps_e_0/U0/pl_clk_unbuffered[0]
    BUFG_PS_X0Y58        BUFG_PS (Prop_BUFG_PS_I_O)
                                                      0.018     0.147 r  design_1_i/zynq_ultra_ps_e_0/U0/buffer_pl_clk_0.PL_CLK_0_BUFG/O
    X2Y2 (CLOCK_ROOT)    net (fo=6912, routed)        1.267     1.414    design_1_i/usp_rf_data_converter_0/inst/i_design_1_usp_rf_data_converter_0_0_irq_sync/sync_adc10_over_vol/dest_clk
    SLICE_X117Y67        FDRE                                         r  design_1_i/usp_rf_data_converter_0/inst/i_design_1_usp_rf_data_converter_0_0_irq_sync/sync_adc10_over_vol/syncstages_ff_reg[0]/C

Slack:                    inf
  Source:                 design_1_i/usp_rf_data_converter_0/inst/design_1_usp_rf_data_converter_0_0_rf_wrapper_i/rx1_u_adc/STATUS_ADC0[15]
                            (internal pin)
  Destination:            design_1_i/usp_rf_data_converter_0/inst/i_design_1_usp_rf_data_converter_0_0_irq_sync/sync_adc10_fifo_irq/syncstages_ff_reg[0]/D
                            (rising edge-triggered cell FDRE clocked by clk_pl_0  {rise@0.000ns fall@5.156ns period=10.312ns})
  Path Group:             (none)
  Path Type:              Hold (Min at Fast Process Corner)
  Data Path Delay:        0.175ns  (logic 0.000ns (0.000%)  route 0.175ns (100.000%))
  Logic Levels:           0  
  Clock Uncertainty:      0.157ns  ((TSJ^2 + DJ^2)^1/2) / 2 + PE
    Total System Jitter     (TSJ):    0.050ns
    Discrete Jitter          (DJ):    0.310ns
    Phase Error              (PE):    0.000ns
  Clock Net Delay (Destination): 1.278ns (routing 0.282ns, distribution 0.996ns)
  Timing Exception:       False Path

    Location             Delay type                Incr(ns)  Path(ns)    Netlist Resource(s)
  -------------------------------------------------------------------    -------------------
    HSADC_X0Y1           HSADC                        0.000     0.000 r  design_1_i/usp_rf_data_converter_0/inst/design_1_usp_rf_data_converter_0_0_rf_wrapper_i/rx1_u_adc/STATUS_ADC0[15]
                         net (fo=1, routed)           0.175     0.175    design_1_i/usp_rf_data_converter_0/inst/i_design_1_usp_rf_data_converter_0_0_irq_sync/sync_adc10_fifo_irq/src_in
    SLICE_X115Y69        FDRE                                         r  design_1_i/usp_rf_data_converter_0/inst/i_design_1_usp_rf_data_converter_0_0_irq_sync/sync_adc10_fifo_irq/syncstages_ff_reg[0]/D
  -------------------------------------------------------------------    -------------------

                         (clock clk_pl_0 rise edge)
                                                      0.000     0.000 r  
    PS8_X0Y0             PS8                          0.000     0.000 r  design_1_i/zynq_ultra_ps_e_0/U0/PS8_i/PLCLK[0]
                         net (fo=1, routed)           0.129     0.129    design_1_i/zynq_ultra_ps_e_0/U0/pl_clk_unbuffered[0]
    BUFG_PS_X0Y58        BUFG_PS (Prop_BUFG_PS_I_O)
                                                      0.018     0.147 r  design_1_i/zynq_ultra_ps_e_0/U0/buffer_pl_clk_0.PL_CLK_0_BUFG/O
    X2Y2 (CLOCK_ROOT)    net (fo=6912, routed)        1.278     1.425    design_1_i/usp_rf_data_converter_0/inst/i_design_1_usp_rf_data_converter_0_0_irq_sync/sync_adc10_fifo_irq/dest_clk
    SLICE_X115Y69        FDRE                                         r  design_1_i/usp_rf_data_converter_0/inst/i_design_1_usp_rf_data_converter_0_0_irq_sync/sync_adc10_fifo_irq/syncstages_ff_reg[0]/C

Slack:                    inf
  Source:                 design_1_i/usp_rf_data_converter_0/inst/design_1_usp_rf_data_converter_0_0_rf_wrapper_i/rx1_u_adc/STATUS_ADC2[2]
                            (internal pin)
  Destination:            design_1_i/usp_rf_data_converter_0/inst/i_design_1_usp_rf_data_converter_0_0_irq_sync/sync_adc12_over_vol/syncstages_ff_reg[0]/D
                            (rising edge-triggered cell FDRE clocked by clk_pl_0  {rise@0.000ns fall@5.156ns period=10.312ns})
  Path Group:             (none)
  Path Type:              Hold (Min at Fast Process Corner)
  Data Path Delay:        0.186ns  (logic 0.000ns (0.000%)  route 0.186ns (100.000%))
  Logic Levels:           0  
  Clock Uncertainty:      0.157ns  ((TSJ^2 + DJ^2)^1/2) / 2 + PE
    Total System Jitter     (TSJ):    0.050ns
    Discrete Jitter          (DJ):    0.310ns
    Phase Error              (PE):    0.000ns
  Clock Net Delay (Destination): 1.258ns (routing 0.282ns, distribution 0.976ns)
  Timing Exception:       False Path

    Location             Delay type                Incr(ns)  Path(ns)    Netlist Resource(s)
  -------------------------------------------------------------------    -------------------
    HSADC_X0Y1           HSADC                        0.000     0.000 r  design_1_i/usp_rf_data_converter_0/inst/design_1_usp_rf_data_converter_0_0_rf_wrapper_i/rx1_u_adc/STATUS_ADC2[2]
                         net (fo=1, routed)           0.186     0.186    design_1_i/usp_rf_data_converter_0/inst/i_design_1_usp_rf_data_converter_0_0_irq_sync/sync_adc12_over_vol/src_in
    SLICE_X118Y97        FDRE                                         r  design_1_i/usp_rf_data_converter_0/inst/i_design_1_usp_rf_data_converter_0_0_irq_sync/sync_adc12_over_vol/syncstages_ff_reg[0]/D
  -------------------------------------------------------------------    -------------------

                         (clock clk_pl_0 rise edge)
                                                      0.000     0.000 r  
    PS8_X0Y0             PS8                          0.000     0.000 r  design_1_i/zynq_ultra_ps_e_0/U0/PS8_i/PLCLK[0]
                         net (fo=1, routed)           0.129     0.129    design_1_i/zynq_ultra_ps_e_0/U0/pl_clk_unbuffered[0]
    BUFG_PS_X0Y58        BUFG_PS (Prop_BUFG_PS_I_O)
                                                      0.018     0.147 r  design_1_i/zynq_ultra_ps_e_0/U0/buffer_pl_clk_0.PL_CLK_0_BUFG/O
    X2Y2 (CLOCK_ROOT)    net (fo=6912, routed)        1.258     1.405    design_1_i/usp_rf_data_converter_0/inst/i_design_1_usp_rf_data_converter_0_0_irq_sync/sync_adc12_over_vol/dest_clk
    SLICE_X118Y97        FDRE                                         r  design_1_i/usp_rf_data_converter_0/inst/i_design_1_usp_rf_data_converter_0_0_irq_sync/sync_adc12_over_vol/syncstages_ff_reg[0]/C

Slack:                    inf
  Source:                 design_1_i/usp_rf_data_converter_0/inst/design_1_usp_rf_data_converter_0_0_rf_wrapper_i/rx1_u_adc/STATUS_ADC2[3]
                            (internal pin)
  Destination:            design_1_i/usp_rf_data_converter_0/inst/i_design_1_usp_rf_data_converter_0_0_irq_sync/sync_adc12_over_range/syncstages_ff_reg[0]/D
                            (rising edge-triggered cell FDRE clocked by clk_pl_0  {rise@0.000ns fall@5.156ns period=10.312ns})
  Path Group:             (none)
  Path Type:              Hold (Min at Fast Process Corner)
  Data Path Delay:        0.196ns  (logic 0.000ns (0.000%)  route 0.196ns (100.000%))
  Logic Levels:           0  
  Clock Uncertainty:      0.157ns  ((TSJ^2 + DJ^2)^1/2) / 2 + PE
    Total System Jitter     (TSJ):    0.050ns
    Discrete Jitter          (DJ):    0.310ns
    Phase Error              (PE):    0.000ns
  Clock Net Delay (Destination): 1.256ns (routing 0.282ns, distribution 0.974ns)
  Timing Exception:       False Path

    Location             Delay type                Incr(ns)  Path(ns)    Netlist Resource(s)
  -------------------------------------------------------------------    -------------------
    HSADC_X0Y1           HSADC                        0.000     0.000 r  design_1_i/usp_rf_data_converter_0/inst/design_1_usp_rf_data_converter_0_0_rf_wrapper_i/rx1_u_adc/STATUS_ADC2[3]
                         net (fo=1, routed)           0.196     0.196    design_1_i/usp_rf_data_converter_0/inst/i_design_1_usp_rf_data_converter_0_0_irq_sync/sync_adc12_over_range/src_in
    SLICE_X117Y94        FDRE                                         r  design_1_i/usp_rf_data_converter_0/inst/i_design_1_usp_rf_data_converter_0_0_irq_sync/sync_adc12_over_range/syncstages_ff_reg[0]/D
  -------------------------------------------------------------------    -------------------

                         (clock clk_pl_0 rise edge)
                                                      0.000     0.000 r  
    PS8_X0Y0             PS8                          0.000     0.000 r  design_1_i/zynq_ultra_ps_e_0/U0/PS8_i/PLCLK[0]
                         net (fo=1, routed)           0.129     0.129    design_1_i/zynq_ultra_ps_e_0/U0/pl_clk_unbuffered[0]
    BUFG_PS_X0Y58        BUFG_PS (Prop_BUFG_PS_I_O)
                                                      0.018     0.147 r  design_1_i/zynq_ultra_ps_e_0/U0/buffer_pl_clk_0.PL_CLK_0_BUFG/O
    X2Y2 (CLOCK_ROOT)    net (fo=6912, routed)        1.256     1.403    design_1_i/usp_rf_data_converter_0/inst/i_design_1_usp_rf_data_converter_0_0_irq_sync/sync_adc12_over_range/dest_clk
    SLICE_X117Y94        FDRE                                         r  design_1_i/usp_rf_data_converter_0/inst/i_design_1_usp_rf_data_converter_0_0_irq_sync/sync_adc12_over_range/syncstages_ff_reg[0]/C

Slack:                    inf
  Source:                 design_1_i/usp_rf_data_converter_0/inst/design_1_usp_rf_data_converter_0_0_rf_wrapper_i/rx1_u_adc/STATUS_ADC0[14]
                            (internal pin)
  Destination:            design_1_i/usp_rf_data_converter_0/inst/i_design_1_usp_rf_data_converter_0_0_irq_sync/sync_adc10_data_irq/syncstages_ff_reg[0]/D
                            (rising edge-triggered cell FDRE clocked by clk_pl_0  {rise@0.000ns fall@5.156ns period=10.312ns})
  Path Group:             (none)
  Path Type:              Hold (Min at Fast Process Corner)
  Data Path Delay:        0.199ns  (logic 0.000ns (0.000%)  route 0.199ns (100.000%))
  Logic Levels:           0  
  Clock Uncertainty:      0.157ns  ((TSJ^2 + DJ^2)^1/2) / 2 + PE
    Total System Jitter     (TSJ):    0.050ns
    Discrete Jitter          (DJ):    0.310ns
    Phase Error              (PE):    0.000ns
  Clock Net Delay (Destination): 1.275ns (routing 0.282ns, distribution 0.993ns)
  Timing Exception:       False Path

    Location             Delay type                Incr(ns)  Path(ns)    Netlist Resource(s)
  -------------------------------------------------------------------    -------------------
    HSADC_X0Y1           HSADC                        0.000     0.000 r  design_1_i/usp_rf_data_converter_0/inst/design_1_usp_rf_data_converter_0_0_rf_wrapper_i/rx1_u_adc/STATUS_ADC0[14]
                         net (fo=1, routed)           0.199     0.199    design_1_i/usp_rf_data_converter_0/inst/i_design_1_usp_rf_data_converter_0_0_irq_sync/sync_adc10_data_irq/src_in
    SLICE_X116Y69        FDRE                                         r  design_1_i/usp_rf_data_converter_0/inst/i_design_1_usp_rf_data_converter_0_0_irq_sync/sync_adc10_data_irq/syncstages_ff_reg[0]/D
  -------------------------------------------------------------------    -------------------

                         (clock clk_pl_0 rise edge)
                                                      0.000     0.000 r  
    PS8_X0Y0             PS8                          0.000     0.000 r  design_1_i/zynq_ultra_ps_e_0/U0/PS8_i/PLCLK[0]
                         net (fo=1, routed)           0.129     0.129    design_1_i/zynq_ultra_ps_e_0/U0/pl_clk_unbuffered[0]
    BUFG_PS_X0Y58        BUFG_PS (Prop_BUFG_PS_I_O)
                                                      0.018     0.147 r  design_1_i/zynq_ultra_ps_e_0/U0/buffer_pl_clk_0.PL_CLK_0_BUFG/O
    X2Y2 (CLOCK_ROOT)    net (fo=6912, routed)        1.275     1.422    design_1_i/usp_rf_data_converter_0/inst/i_design_1_usp_rf_data_converter_0_0_irq_sync/sync_adc10_data_irq/dest_clk
    SLICE_X116Y69        FDRE                                         r  design_1_i/usp_rf_data_converter_0/inst/i_design_1_usp_rf_data_converter_0_0_irq_sync/sync_adc10_data_irq/syncstages_ff_reg[0]/C

Slack:                    inf
  Source:                 design_1_i/usp_rf_data_converter_0/inst/design_1_usp_rf_data_converter_0_0_rf_wrapper_i/rx1_u_adc/STATUS_ADC2[14]
                            (internal pin)
  Destination:            design_1_i/usp_rf_data_converter_0/inst/i_design_1_usp_rf_data_converter_0_0_irq_sync/sync_adc12_data_irq/syncstages_ff_reg[0]/D
                            (rising edge-triggered cell FDRE clocked by clk_pl_0  {rise@0.000ns fall@5.156ns period=10.312ns})
  Path Group:             (none)
  Path Type:              Hold (Min at Fast Process Corner)
  Data Path Delay:        0.216ns  (logic 0.000ns (0.000%)  route 0.216ns (100.000%))
  Logic Levels:           0  
  Clock Uncertainty:      0.157ns  ((TSJ^2 + DJ^2)^1/2) / 2 + PE
    Total System Jitter     (TSJ):    0.050ns
    Discrete Jitter          (DJ):    0.310ns
    Phase Error              (PE):    0.000ns
  Clock Net Delay (Destination): 1.255ns (routing 0.282ns, distribution 0.973ns)
  Timing Exception:       False Path

    Location             Delay type                Incr(ns)  Path(ns)    Netlist Resource(s)
  -------------------------------------------------------------------    -------------------
    HSADC_X0Y1           HSADC                        0.000     0.000 r  design_1_i/usp_rf_data_converter_0/inst/design_1_usp_rf_data_converter_0_0_rf_wrapper_i/rx1_u_adc/STATUS_ADC2[14]
                         net (fo=1, routed)           0.216     0.216    design_1_i/usp_rf_data_converter_0/inst/i_design_1_usp_rf_data_converter_0_0_irq_sync/sync_adc12_data_irq/src_in
    SLICE_X118Y93        FDRE                                         r  design_1_i/usp_rf_data_converter_0/inst/i_design_1_usp_rf_data_converter_0_0_irq_sync/sync_adc12_data_irq/syncstages_ff_reg[0]/D
  -------------------------------------------------------------------    -------------------

                         (clock clk_pl_0 rise edge)
                                                      0.000     0.000 r  
    PS8_X0Y0             PS8                          0.000     0.000 r  design_1_i/zynq_ultra_ps_e_0/U0/PS8_i/PLCLK[0]
                         net (fo=1, routed)           0.129     0.129    design_1_i/zynq_ultra_ps_e_0/U0/pl_clk_unbuffered[0]
    BUFG_PS_X0Y58        BUFG_PS (Prop_BUFG_PS_I_O)
                                                      0.018     0.147 r  design_1_i/zynq_ultra_ps_e_0/U0/buffer_pl_clk_0.PL_CLK_0_BUFG/O
    X2Y2 (CLOCK_ROOT)    net (fo=6912, routed)        1.255     1.402    design_1_i/usp_rf_data_converter_0/inst/i_design_1_usp_rf_data_converter_0_0_irq_sync/sync_adc12_data_irq/dest_clk
    SLICE_X118Y93        FDRE                                         r  design_1_i/usp_rf_data_converter_0/inst/i_design_1_usp_rf_data_converter_0_0_irq_sync/sync_adc12_data_irq/syncstages_ff_reg[0]/C





--------------------------------------------------------------------------------------
Path Group:  (none)
From Clock:  RFADC0_CLK
  To Clock:  clk_pl_0

Max Delay             8 Endpoints
Min Delay             8 Endpoints
--------------------------------------------------------------------------------------


Max Delay Paths
--------------------------------------------------------------------------------------
Slack:                    inf
  Source:                 design_1_i/usp_rf_data_converter_0/inst/design_1_usp_rf_data_converter_0_0_rf_wrapper_i/rx0_u_adc/INTERNAL_FBRC_DIV2_MUX
                            (rising edge-triggered cell HSADC clocked by RFADC0_CLK  {rise@0.000ns fall@32.000ns period=64.000ns})
  Destination:            design_1_i/usp_rf_data_converter_0/inst/IP2Bus_Data_reg[8]/D
                            (rising edge-triggered cell FDRE clocked by clk_pl_0  {rise@0.000ns fall@5.156ns period=10.312ns})
  Path Group:             (none)
  Path Type:              Setup (Max at Slow Process Corner)
  Data Path Delay:        3.396ns  (logic 1.271ns (37.426%)  route 2.125ns (62.574%))
  Logic Levels:           5  (LUT5=1 LUT6=4)
  Clock Path Skew:        1.995ns (DCD - SCD + CPR)
    Destination Clock Delay (DCD):    1.995ns
    Source Clock Delay      (SCD):    0.000ns
    Clock Pessimism Removal (CPR):    0.000ns
  Clock Uncertainty:      0.159ns  ((TSJ^2 + DJ^2)^1/2) / 2 + PE
    Total System Jitter     (TSJ):    0.071ns
    Discrete Jitter          (DJ):    0.310ns
    Phase Error              (PE):    0.000ns
  Clock Net Delay (Destination): 1.813ns (routing 0.423ns, distribution 1.390ns)
  Timing Exception:       False Path

    Location             Delay type                Incr(ns)  Path(ns)    Netlist Resource(s)
  -------------------------------------------------------------------    -------------------
                         (clock RFADC0_CLK rise edge)
                                                      0.000     0.000 r  
    HSADC_X0Y0           HSADC                        0.000     0.000 r  design_1_i/usp_rf_data_converter_0/inst/design_1_usp_rf_data_converter_0_0_rf_wrapper_i/rx0_u_adc/INTERNAL_FBRC_DIV2_MUX
  -------------------------------------------------------------------    -------------------
    HSADC_X0Y0           HSADC (Prop_HSADC_INTERNAL_FBRC_DIV2_MUX_STATUS_COMMON[8])
                                                      0.788     0.788 r  design_1_i/usp_rf_data_converter_0/inst/design_1_usp_rf_data_converter_0_0_rf_wrapper_i/rx0_u_adc/STATUS_COMMON[8]
                         net (fo=1, routed)           1.000     1.788    design_1_i/usp_rf_data_converter_0/inst/i_axi_lite_ipif/I_SLAVE_ATTACHMENT/I_DECODER/adc0_common_stat[8]
    SLICE_X109Y93        LUT5 (Prop_C5LUT_SLICEM_I0_O)
                                                      0.159     1.947 r  design_1_i/usp_rf_data_converter_0/inst/i_axi_lite_ipif/I_SLAVE_ATTACHMENT/I_DECODER/IP2Bus_Data[8]_i_29/O
                         net (fo=1, routed)           0.183     2.130    design_1_i/usp_rf_data_converter_0/inst/i_axi_lite_ipif/I_SLAVE_ATTACHMENT/I_DECODER/IP2Bus_Data[8]_i_29_n_0
    SLICE_X109Y93        LUT6 (Prop_F6LUT_SLICEM_I4_O)
                                                      0.051     2.181 f  design_1_i/usp_rf_data_converter_0/inst/i_axi_lite_ipif/I_SLAVE_ATTACHMENT/I_DECODER/IP2Bus_Data[8]_i_18/O
                         net (fo=1, routed)           0.245     2.426    design_1_i/usp_rf_data_converter_0/inst/i_axi_lite_ipif/I_SLAVE_ATTACHMENT/I_DECODER/IP2Bus_Data[8]_i_18_n_0
    SLICE_X113Y95        LUT6 (Prop_C6LUT_SLICEM_I4_O)
                                                      0.123     2.549 f  design_1_i/usp_rf_data_converter_0/inst/i_axi_lite_ipif/I_SLAVE_ATTACHMENT/I_DECODER/IP2Bus_Data[8]_i_6/O
                         net (fo=1, routed)           0.320     2.869    design_1_i/usp_rf_data_converter_0/inst/i_axi_lite_ipif/I_SLAVE_ATTACHMENT/I_DECODER/IP2Bus_Data[8]_i_6_n_0
    SLICE_X114Y101       LUT6 (Prop_H6LUT_SLICEL_I0_O)
                                                      0.099     2.968 f  design_1_i/usp_rf_data_converter_0/inst/i_axi_lite_ipif/I_SLAVE_ATTACHMENT/I_DECODER/IP2Bus_Data[8]_i_2/O
                         net (fo=1, routed)           0.311     3.279    design_1_i/usp_rf_data_converter_0/inst/i_axi_lite_ipif/I_SLAVE_ATTACHMENT/I_DECODER/IP2Bus_Data[8]_i_2_n_0
    SLICE_X112Y113       LUT6 (Prop_C6LUT_SLICEM_I0_O)
                                                      0.051     3.330 r  design_1_i/usp_rf_data_converter_0/inst/i_axi_lite_ipif/I_SLAVE_ATTACHMENT/I_DECODER/IP2Bus_Data[8]_i_1/O
                         net (fo=1, routed)           0.066     3.396    design_1_i/usp_rf_data_converter_0/inst/i_axi_lite_ipif_n_76
    SLICE_X112Y113       FDRE                                         r  design_1_i/usp_rf_data_converter_0/inst/IP2Bus_Data_reg[8]/D
  -------------------------------------------------------------------    -------------------

                         (clock clk_pl_0 rise edge)
                                                      0.000     0.000 r  
    PS8_X0Y0             PS8                          0.000     0.000 r  design_1_i/zynq_ultra_ps_e_0/U0/PS8_i/PLCLK[0]
                         net (fo=1, routed)           0.157     0.157    design_1_i/zynq_ultra_ps_e_0/U0/pl_clk_unbuffered[0]
    BUFG_PS_X0Y58        BUFG_PS (Prop_BUFG_PS_I_O)
                                                      0.025     0.182 r  design_1_i/zynq_ultra_ps_e_0/U0/buffer_pl_clk_0.PL_CLK_0_BUFG/O
    X2Y2 (CLOCK_ROOT)    net (fo=6912, routed)        1.813     1.995    design_1_i/usp_rf_data_converter_0/inst/s_axi_aclk
    SLICE_X112Y113       FDRE                                         r  design_1_i/usp_rf_data_converter_0/inst/IP2Bus_Data_reg[8]/C

Slack:                    inf
  Source:                 design_1_i/usp_rf_data_converter_0/inst/design_1_usp_rf_data_converter_0_0_rf_wrapper_i/rx0_u_adc/INTERNAL_FBRC_DIV2_MUX
                            (rising edge-triggered cell HSADC clocked by RFADC0_CLK  {rise@0.000ns fall@32.000ns period=64.000ns})
  Destination:            design_1_i/usp_rf_data_converter_0/inst/IP2Bus_Data_reg[10]/D
                            (rising edge-triggered cell FDRE clocked by clk_pl_0  {rise@0.000ns fall@5.156ns period=10.312ns})
  Path Group:             (none)
  Path Type:              Setup (Max at Slow Process Corner)
  Data Path Delay:        2.896ns  (logic 0.899ns (31.043%)  route 1.997ns (68.957%))
  Logic Levels:           5  (LUT5=1 LUT6=4)
  Clock Path Skew:        2.003ns (DCD - SCD + CPR)
    Destination Clock Delay (DCD):    2.003ns
    Source Clock Delay      (SCD):    0.000ns
    Clock Pessimism Removal (CPR):    0.000ns
  Clock Uncertainty:      0.159ns  ((TSJ^2 + DJ^2)^1/2) / 2 + PE
    Total System Jitter     (TSJ):    0.071ns
    Discrete Jitter          (DJ):    0.310ns
    Phase Error              (PE):    0.000ns
  Clock Net Delay (Destination): 1.821ns (routing 0.423ns, distribution 1.398ns)
  Timing Exception:       False Path

    Location             Delay type                Incr(ns)  Path(ns)    Netlist Resource(s)
  -------------------------------------------------------------------    -------------------
                         (clock RFADC0_CLK rise edge)
                                                      0.000     0.000 r  
    HSADC_X0Y0           HSADC                        0.000     0.000 r  design_1_i/usp_rf_data_converter_0/inst/design_1_usp_rf_data_converter_0_0_rf_wrapper_i/rx0_u_adc/INTERNAL_FBRC_DIV2_MUX
  -------------------------------------------------------------------    -------------------
    HSADC_X0Y0           HSADC (Prop_HSADC_INTERNAL_FBRC_DIV2_MUX_STATUS_COMMON[10])
                                                      0.536     0.536 r  design_1_i/usp_rf_data_converter_0/inst/design_1_usp_rf_data_converter_0_0_rf_wrapper_i/rx0_u_adc/STATUS_COMMON[10]
                         net (fo=1, routed)           0.881     1.417    design_1_i/usp_rf_data_converter_0/inst/i_axi_lite_ipif/I_SLAVE_ATTACHMENT/I_DECODER/adc0_common_stat[10]
    SLICE_X109Y93        LUT5 (Prop_D6LUT_SLICEM_I0_O)
                                                      0.051     1.468 r  design_1_i/usp_rf_data_converter_0/inst/i_axi_lite_ipif/I_SLAVE_ATTACHMENT/I_DECODER/IP2Bus_Data[10]_i_29/O
                         net (fo=1, routed)           0.045     1.513    design_1_i/usp_rf_data_converter_0/inst/i_axi_lite_ipif/I_SLAVE_ATTACHMENT/I_DECODER/IP2Bus_Data[10]_i_29_n_0
    SLICE_X109Y93        LUT6 (Prop_H6LUT_SLICEM_I4_O)
                                                      0.101     1.614 f  design_1_i/usp_rf_data_converter_0/inst/i_axi_lite_ipif/I_SLAVE_ATTACHMENT/I_DECODER/IP2Bus_Data[10]_i_19/O
                         net (fo=1, routed)           0.248     1.862    design_1_i/usp_rf_data_converter_0/inst/i_axi_lite_ipif/I_SLAVE_ATTACHMENT/I_DECODER/IP2Bus_Data[10]_i_19_n_0
    SLICE_X112Y95        LUT6 (Prop_D6LUT_SLICEM_I4_O)
                                                      0.051     1.913 f  design_1_i/usp_rf_data_converter_0/inst/i_axi_lite_ipif/I_SLAVE_ATTACHMENT/I_DECODER/IP2Bus_Data[10]_i_11/O
                         net (fo=1, routed)           0.397     2.310    design_1_i/usp_rf_data_converter_0/inst/i_axi_lite_ipif/I_SLAVE_ATTACHMENT/I_DECODER/IP2Bus_Data[10]_i_11_n_0
    SLICE_X115Y103       LUT6 (Prop_C6LUT_SLICEM_I0_O)
                                                      0.123     2.433 f  design_1_i/usp_rf_data_converter_0/inst/i_axi_lite_ipif/I_SLAVE_ATTACHMENT/I_DECODER/IP2Bus_Data[10]_i_5/O
                         net (fo=1, routed)           0.354     2.787    design_1_i/usp_rf_data_converter_0/inst/i_axi_lite_ipif/I_SLAVE_ATTACHMENT/I_DECODER/IP2Bus_Data[10]_i_5_n_0
    SLICE_X110Y113       LUT6 (Prop_D6LUT_SLICEM_I4_O)
                                                      0.037     2.824 r  design_1_i/usp_rf_data_converter_0/inst/i_axi_lite_ipif/I_SLAVE_ATTACHMENT/I_DECODER/IP2Bus_Data[10]_i_1/O
                         net (fo=1, routed)           0.072     2.896    design_1_i/usp_rf_data_converter_0/inst/i_axi_lite_ipif_n_74
    SLICE_X110Y113       FDRE                                         r  design_1_i/usp_rf_data_converter_0/inst/IP2Bus_Data_reg[10]/D
  -------------------------------------------------------------------    -------------------

                         (clock clk_pl_0 rise edge)
                                                      0.000     0.000 r  
    PS8_X0Y0             PS8                          0.000     0.000 r  design_1_i/zynq_ultra_ps_e_0/U0/PS8_i/PLCLK[0]
                         net (fo=1, routed)           0.157     0.157    design_1_i/zynq_ultra_ps_e_0/U0/pl_clk_unbuffered[0]
    BUFG_PS_X0Y58        BUFG_PS (Prop_BUFG_PS_I_O)
                                                      0.025     0.182 r  design_1_i/zynq_ultra_ps_e_0/U0/buffer_pl_clk_0.PL_CLK_0_BUFG/O
    X2Y2 (CLOCK_ROOT)    net (fo=6912, routed)        1.821     2.003    design_1_i/usp_rf_data_converter_0/inst/s_axi_aclk
    SLICE_X110Y113       FDRE                                         r  design_1_i/usp_rf_data_converter_0/inst/IP2Bus_Data_reg[10]/C

Slack:                    inf
  Source:                 design_1_i/usp_rf_data_converter_0/inst/design_1_usp_rf_data_converter_0_0_rf_wrapper_i/rx0_u_adc/INTERNAL_FBRC_DIV2_MUX
                            (rising edge-triggered cell HSADC clocked by RFADC0_CLK  {rise@0.000ns fall@32.000ns period=64.000ns})
  Destination:            design_1_i/usp_rf_data_converter_0/inst/IP2Bus_Data_reg[11]/D
                            (rising edge-triggered cell FDRE clocked by clk_pl_0  {rise@0.000ns fall@5.156ns period=10.312ns})
  Path Group:             (none)
  Path Type:              Setup (Max at Slow Process Corner)
  Data Path Delay:        2.635ns  (logic 0.985ns (37.381%)  route 1.650ns (62.619%))
  Logic Levels:           4  (LUT4=1 LUT6=3)
  Clock Path Skew:        2.003ns (DCD - SCD + CPR)
    Destination Clock Delay (DCD):    2.003ns
    Source Clock Delay      (SCD):    0.000ns
    Clock Pessimism Removal (CPR):    0.000ns
  Clock Uncertainty:      0.159ns  ((TSJ^2 + DJ^2)^1/2) / 2 + PE
    Total System Jitter     (TSJ):    0.071ns
    Discrete Jitter          (DJ):    0.310ns
    Phase Error              (PE):    0.000ns
  Clock Net Delay (Destination): 1.821ns (routing 0.423ns, distribution 1.398ns)
  Timing Exception:       False Path

    Location             Delay type                Incr(ns)  Path(ns)    Netlist Resource(s)
  -------------------------------------------------------------------    -------------------
                         (clock RFADC0_CLK rise edge)
                                                      0.000     0.000 r  
    HSADC_X0Y0           HSADC                        0.000     0.000 r  design_1_i/usp_rf_data_converter_0/inst/design_1_usp_rf_data_converter_0_0_rf_wrapper_i/rx0_u_adc/INTERNAL_FBRC_DIV2_MUX
  -------------------------------------------------------------------    -------------------
    HSADC_X0Y0           HSADC (Prop_HSADC_INTERNAL_FBRC_DIV2_MUX_STATUS_COMMON[11])
                                                      0.588     0.588 r  design_1_i/usp_rf_data_converter_0/inst/design_1_usp_rf_data_converter_0_0_rf_wrapper_i/rx0_u_adc/STATUS_COMMON[11]
                         net (fo=1, routed)           0.961     1.549    design_1_i/usp_rf_data_converter_0/inst/i_axi_lite_ipif/I_SLAVE_ATTACHMENT/I_DECODER/adc0_common_stat[11]
    SLICE_X113Y94        LUT4 (Prop_F6LUT_SLICEM_I3_O)
                                                      0.148     1.697 r  design_1_i/usp_rf_data_converter_0/inst/i_axi_lite_ipif/I_SLAVE_ATTACHMENT/I_DECODER/IP2Bus_Data[11]_i_21/O
                         net (fo=1, routed)           0.042     1.739    design_1_i/usp_rf_data_converter_0/inst/i_axi_lite_ipif/I_SLAVE_ATTACHMENT/I_DECODER/IP2Bus_Data[11]_i_21_n_0
    SLICE_X113Y94        LUT6 (Prop_H6LUT_SLICEM_I3_O)
                                                      0.039     1.778 f  design_1_i/usp_rf_data_converter_0/inst/i_axi_lite_ipif/I_SLAVE_ATTACHMENT/I_DECODER/IP2Bus_Data[11]_i_6/O
                         net (fo=1, routed)           0.210     1.988    design_1_i/usp_rf_data_converter_0/inst/i_axi_lite_ipif/I_SLAVE_ATTACHMENT/I_DECODER/IP2Bus_Data[11]_i_6_n_0
    SLICE_X114Y100       LUT6 (Prop_D6LUT_SLICEL_I0_O)
                                                      0.122     2.110 f  design_1_i/usp_rf_data_converter_0/inst/i_axi_lite_ipif/I_SLAVE_ATTACHMENT/I_DECODER/IP2Bus_Data[11]_i_2/O
                         net (fo=1, routed)           0.371     2.481    design_1_i/usp_rf_data_converter_0/inst/i_axi_lite_ipif/I_SLAVE_ATTACHMENT/I_DECODER/IP2Bus_Data[11]_i_2_n_0
    SLICE_X110Y113       LUT6 (Prop_C6LUT_SLICEM_I0_O)
                                                      0.088     2.569 r  design_1_i/usp_rf_data_converter_0/inst/i_axi_lite_ipif/I_SLAVE_ATTACHMENT/I_DECODER/IP2Bus_Data[11]_i_1/O
                         net (fo=1, routed)           0.066     2.635    design_1_i/usp_rf_data_converter_0/inst/i_axi_lite_ipif_n_73
    SLICE_X110Y113       FDRE                                         r  design_1_i/usp_rf_data_converter_0/inst/IP2Bus_Data_reg[11]/D
  -------------------------------------------------------------------    -------------------

                         (clock clk_pl_0 rise edge)
                                                      0.000     0.000 r  
    PS8_X0Y0             PS8                          0.000     0.000 r  design_1_i/zynq_ultra_ps_e_0/U0/PS8_i/PLCLK[0]
                         net (fo=1, routed)           0.157     0.157    design_1_i/zynq_ultra_ps_e_0/U0/pl_clk_unbuffered[0]
    BUFG_PS_X0Y58        BUFG_PS (Prop_BUFG_PS_I_O)
                                                      0.025     0.182 r  design_1_i/zynq_ultra_ps_e_0/U0/buffer_pl_clk_0.PL_CLK_0_BUFG/O
    X2Y2 (CLOCK_ROOT)    net (fo=6912, routed)        1.821     2.003    design_1_i/usp_rf_data_converter_0/inst/s_axi_aclk
    SLICE_X110Y113       FDRE                                         r  design_1_i/usp_rf_data_converter_0/inst/IP2Bus_Data_reg[11]/C

Slack:                    inf
  Source:                 design_1_i/usp_rf_data_converter_0/inst/design_1_usp_rf_data_converter_0_0_rf_wrapper_i/rx0_u_adc/INTERNAL_FBRC_DIV2_MUX
                            (rising edge-triggered cell HSADC clocked by RFADC0_CLK  {rise@0.000ns fall@32.000ns period=64.000ns})
  Destination:            design_1_i/usp_rf_data_converter_0/inst/IP2Bus_Data_reg[13]/D
                            (rising edge-triggered cell FDRE clocked by clk_pl_0  {rise@0.000ns fall@5.156ns period=10.312ns})
  Path Group:             (none)
  Path Type:              Setup (Max at Slow Process Corner)
  Data Path Delay:        2.435ns  (logic 0.921ns (37.823%)  route 1.514ns (62.177%))
  Logic Levels:           2  (LUT6=2)
  Clock Path Skew:        1.998ns (DCD - SCD + CPR)
    Destination Clock Delay (DCD):    1.998ns
    Source Clock Delay      (SCD):    0.000ns
    Clock Pessimism Removal (CPR):    0.000ns
  Clock Uncertainty:      0.159ns  ((TSJ^2 + DJ^2)^1/2) / 2 + PE
    Total System Jitter     (TSJ):    0.071ns
    Discrete Jitter          (DJ):    0.310ns
    Phase Error              (PE):    0.000ns
  Clock Net Delay (Destination): 1.816ns (routing 0.423ns, distribution 1.393ns)
  Timing Exception:       False Path

    Location             Delay type                Incr(ns)  Path(ns)    Netlist Resource(s)
  -------------------------------------------------------------------    -------------------
                         (clock RFADC0_CLK rise edge)
                                                      0.000     0.000 r  
    HSADC_X0Y0           HSADC                        0.000     0.000 r  design_1_i/usp_rf_data_converter_0/inst/design_1_usp_rf_data_converter_0_0_rf_wrapper_i/rx0_u_adc/INTERNAL_FBRC_DIV2_MUX
  -------------------------------------------------------------------    -------------------
    HSADC_X0Y0           HSADC (Prop_HSADC_INTERNAL_FBRC_DIV2_MUX_STATUS_COMMON[13])
                                                      0.771     0.771 r  design_1_i/usp_rf_data_converter_0/inst/design_1_usp_rf_data_converter_0_0_rf_wrapper_i/rx0_u_adc/STATUS_COMMON[13]
                         net (fo=1, routed)           1.049     1.820    design_1_i/usp_rf_data_converter_0/inst/i_axi_lite_ipif/I_SLAVE_ATTACHMENT/I_DECODER/adc0_common_stat[13]
    SLICE_X110Y95        LUT6 (Prop_B6LUT_SLICEM_I4_O)
                                                      0.100     1.920 f  design_1_i/usp_rf_data_converter_0/inst/i_axi_lite_ipif/I_SLAVE_ATTACHMENT/I_DECODER/IP2Bus_Data[13]_i_4/O
                         net (fo=1, routed)           0.416     2.336    design_1_i/usp_rf_data_converter_0/inst/i_axi_lite_ipif/I_SLAVE_ATTACHMENT/I_DECODER/IP2Bus_Data[13]_i_4_n_0
    SLICE_X114Y105       LUT6 (Prop_D6LUT_SLICEL_I2_O)
                                                      0.050     2.386 r  design_1_i/usp_rf_data_converter_0/inst/i_axi_lite_ipif/I_SLAVE_ATTACHMENT/I_DECODER/IP2Bus_Data[13]_i_1/O
                         net (fo=1, routed)           0.049     2.435    design_1_i/usp_rf_data_converter_0/inst/i_axi_lite_ipif_n_71
    SLICE_X114Y105       FDRE                                         r  design_1_i/usp_rf_data_converter_0/inst/IP2Bus_Data_reg[13]/D
  -------------------------------------------------------------------    -------------------

                         (clock clk_pl_0 rise edge)
                                                      0.000     0.000 r  
    PS8_X0Y0             PS8                          0.000     0.000 r  design_1_i/zynq_ultra_ps_e_0/U0/PS8_i/PLCLK[0]
                         net (fo=1, routed)           0.157     0.157    design_1_i/zynq_ultra_ps_e_0/U0/pl_clk_unbuffered[0]
    BUFG_PS_X0Y58        BUFG_PS (Prop_BUFG_PS_I_O)
                                                      0.025     0.182 r  design_1_i/zynq_ultra_ps_e_0/U0/buffer_pl_clk_0.PL_CLK_0_BUFG/O
    X2Y2 (CLOCK_ROOT)    net (fo=6912, routed)        1.816     1.998    design_1_i/usp_rf_data_converter_0/inst/s_axi_aclk
    SLICE_X114Y105       FDRE                                         r  design_1_i/usp_rf_data_converter_0/inst/IP2Bus_Data_reg[13]/C

Slack:                    inf
  Source:                 design_1_i/usp_rf_data_converter_0/inst/design_1_usp_rf_data_converter_0_0_rf_wrapper_i/rx0_u_adc/INTERNAL_FBRC_DIV2_MUX
                            (rising edge-triggered cell HSADC clocked by RFADC0_CLK  {rise@0.000ns fall@32.000ns period=64.000ns})
  Destination:            design_1_i/usp_rf_data_converter_0/inst/IP2Bus_Data_reg[12]/D
                            (rising edge-triggered cell FDRE clocked by clk_pl_0  {rise@0.000ns fall@5.156ns period=10.312ns})
  Path Group:             (none)
  Path Type:              Setup (Max at Slow Process Corner)
  Data Path Delay:        2.425ns  (logic 0.886ns (36.536%)  route 1.539ns (63.464%))
  Logic Levels:           4  (LUT4=2 LUT6=2)
  Clock Path Skew:        2.003ns (DCD - SCD + CPR)
    Destination Clock Delay (DCD):    2.003ns
    Source Clock Delay      (SCD):    0.000ns
    Clock Pessimism Removal (CPR):    0.000ns
  Clock Uncertainty:      0.159ns  ((TSJ^2 + DJ^2)^1/2) / 2 + PE
    Total System Jitter     (TSJ):    0.071ns
    Discrete Jitter          (DJ):    0.310ns
    Phase Error              (PE):    0.000ns
  Clock Net Delay (Destination): 1.821ns (routing 0.423ns, distribution 1.398ns)
  Timing Exception:       False Path

    Location             Delay type                Incr(ns)  Path(ns)    Netlist Resource(s)
  -------------------------------------------------------------------    -------------------
                         (clock RFADC0_CLK rise edge)
                                                      0.000     0.000 r  
    HSADC_X0Y0           HSADC                        0.000     0.000 r  design_1_i/usp_rf_data_converter_0/inst/design_1_usp_rf_data_converter_0_0_rf_wrapper_i/rx0_u_adc/INTERNAL_FBRC_DIV2_MUX
  -------------------------------------------------------------------    -------------------
    HSADC_X0Y0           HSADC (Prop_HSADC_INTERNAL_FBRC_DIV2_MUX_STATUS_COMMON[12])
                                                      0.611     0.611 r  design_1_i/usp_rf_data_converter_0/inst/design_1_usp_rf_data_converter_0_0_rf_wrapper_i/rx0_u_adc/STATUS_COMMON[12]
                         net (fo=1, routed)           1.022     1.633    design_1_i/usp_rf_data_converter_0/inst/i_axi_lite_ipif/I_SLAVE_ATTACHMENT/I_DECODER/adc0_common_stat[12]
    SLICE_X113Y92        LUT4 (Prop_C6LUT_SLICEM_I3_O)
                                                      0.037     1.670 r  design_1_i/usp_rf_data_converter_0/inst/i_axi_lite_ipif/I_SLAVE_ATTACHMENT/I_DECODER/IP2Bus_Data[12]_i_22/O
                         net (fo=1, routed)           0.059     1.729    design_1_i/usp_rf_data_converter_0/inst/i_axi_lite_ipif/I_SLAVE_ATTACHMENT/I_DECODER/IP2Bus_Data[12]_i_22_n_0
    SLICE_X113Y92        LUT6 (Prop_F6LUT_SLICEM_I5_O)
                                                      0.148     1.877 f  design_1_i/usp_rf_data_converter_0/inst/i_axi_lite_ipif/I_SLAVE_ATTACHMENT/I_DECODER/IP2Bus_Data[12]_i_8/O
                         net (fo=1, routed)           0.136     2.013    design_1_i/usp_rf_data_converter_0/inst/i_axi_lite_ipif/I_SLAVE_ATTACHMENT/I_DECODER/IP2Bus_Data[12]_i_8_n_0
    SLICE_X113Y95        LUT4 (Prop_E6LUT_SLICEM_I2_O)
                                                      0.052     2.065 f  design_1_i/usp_rf_data_converter_0/inst/i_axi_lite_ipif/I_SLAVE_ATTACHMENT/I_DECODER/IP2Bus_Data[12]_i_2/O
                         net (fo=1, routed)           0.269     2.334    design_1_i/usp_rf_data_converter_0/inst/i_axi_lite_ipif/I_SLAVE_ATTACHMENT/I_DECODER/IP2Bus_Data[12]_i_2_n_0
    SLICE_X113Y106       LUT6 (Prop_A6LUT_SLICEM_I0_O)
                                                      0.038     2.372 r  design_1_i/usp_rf_data_converter_0/inst/i_axi_lite_ipif/I_SLAVE_ATTACHMENT/I_DECODER/IP2Bus_Data[12]_i_1/O
                         net (fo=1, routed)           0.053     2.425    design_1_i/usp_rf_data_converter_0/inst/i_axi_lite_ipif_n_72
    SLICE_X113Y106       FDRE                                         r  design_1_i/usp_rf_data_converter_0/inst/IP2Bus_Data_reg[12]/D
  -------------------------------------------------------------------    -------------------

                         (clock clk_pl_0 rise edge)
                                                      0.000     0.000 r  
    PS8_X0Y0             PS8                          0.000     0.000 r  design_1_i/zynq_ultra_ps_e_0/U0/PS8_i/PLCLK[0]
                         net (fo=1, routed)           0.157     0.157    design_1_i/zynq_ultra_ps_e_0/U0/pl_clk_unbuffered[0]
    BUFG_PS_X0Y58        BUFG_PS (Prop_BUFG_PS_I_O)
                                                      0.025     0.182 r  design_1_i/zynq_ultra_ps_e_0/U0/buffer_pl_clk_0.PL_CLK_0_BUFG/O
    X2Y2 (CLOCK_ROOT)    net (fo=6912, routed)        1.821     2.003    design_1_i/usp_rf_data_converter_0/inst/s_axi_aclk
    SLICE_X113Y106       FDRE                                         r  design_1_i/usp_rf_data_converter_0/inst/IP2Bus_Data_reg[12]/C

Slack:                    inf
  Source:                 design_1_i/usp_rf_data_converter_0/inst/design_1_usp_rf_data_converter_0_0_rf_wrapper_i/rx0_u_adc/INTERNAL_FBRC_DIV2_MUX
                            (rising edge-triggered cell HSADC clocked by RFADC0_CLK  {rise@0.000ns fall@32.000ns period=64.000ns})
  Destination:            design_1_i/usp_rf_data_converter_0/inst/IP2Bus_Data_reg[14]/D
                            (rising edge-triggered cell FDRE clocked by clk_pl_0  {rise@0.000ns fall@5.156ns period=10.312ns})
  Path Group:             (none)
  Path Type:              Setup (Max at Slow Process Corner)
  Data Path Delay:        2.362ns  (logic 0.924ns (39.119%)  route 1.438ns (60.881%))
  Logic Levels:           4  (LUT6=4)
  Clock Path Skew:        1.993ns (DCD - SCD + CPR)
    Destination Clock Delay (DCD):    1.993ns
    Source Clock Delay      (SCD):    0.000ns
    Clock Pessimism Removal (CPR):    0.000ns
  Clock Uncertainty:      0.159ns  ((TSJ^2 + DJ^2)^1/2) / 2 + PE
    Total System Jitter     (TSJ):    0.071ns
    Discrete Jitter          (DJ):    0.310ns
    Phase Error              (PE):    0.000ns
  Clock Net Delay (Destination): 1.811ns (routing 0.423ns, distribution 1.388ns)
  Timing Exception:       False Path

    Location             Delay type                Incr(ns)  Path(ns)    Netlist Resource(s)
  -------------------------------------------------------------------    -------------------
                         (clock RFADC0_CLK rise edge)
                                                      0.000     0.000 r  
    HSADC_X0Y0           HSADC                        0.000     0.000 r  design_1_i/usp_rf_data_converter_0/inst/design_1_usp_rf_data_converter_0_0_rf_wrapper_i/rx0_u_adc/INTERNAL_FBRC_DIV2_MUX
  -------------------------------------------------------------------    -------------------
    HSADC_X0Y0           HSADC (Prop_HSADC_INTERNAL_FBRC_DIV2_MUX_STATUS_COMMON[14])
                                                      0.698     0.698 r  design_1_i/usp_rf_data_converter_0/inst/design_1_usp_rf_data_converter_0_0_rf_wrapper_i/rx0_u_adc/STATUS_COMMON[14]
                         net (fo=1, routed)           0.900     1.598    design_1_i/usp_rf_data_converter_0/inst/i_axi_lite_ipif/I_SLAVE_ATTACHMENT/I_DECODER/adc0_common_stat[14]
    SLICE_X112Y92        LUT6 (Prop_D6LUT_SLICEM_I1_O)
                                                      0.088     1.686 f  design_1_i/usp_rf_data_converter_0/inst/i_axi_lite_ipif/I_SLAVE_ATTACHMENT/I_DECODER/IP2Bus_Data[14]_i_36/O
                         net (fo=1, routed)           0.092     1.778    design_1_i/usp_rf_data_converter_0/inst/i_axi_lite_ipif/I_SLAVE_ATTACHMENT/I_DECODER/IP2Bus_Data[14]_i_36_n_0
    SLICE_X112Y94        LUT6 (Prop_B6LUT_SLICEM_I5_O)
                                                      0.052     1.830 f  design_1_i/usp_rf_data_converter_0/inst/i_axi_lite_ipif/I_SLAVE_ATTACHMENT/I_DECODER/IP2Bus_Data[14]_i_17/O
                         net (fo=1, routed)           0.147     1.977    design_1_i/usp_rf_data_converter_0/inst/i_axi_lite_ipif/I_SLAVE_ATTACHMENT/I_DECODER/IP2Bus_Data[14]_i_17_n_0
    SLICE_X114Y94        LUT6 (Prop_C6LUT_SLICEL_I4_O)
                                                      0.050     2.027 f  design_1_i/usp_rf_data_converter_0/inst/i_axi_lite_ipif/I_SLAVE_ATTACHMENT/I_DECODER/IP2Bus_Data[14]_i_5/O
                         net (fo=1, routed)           0.250     2.277    design_1_i/usp_rf_data_converter_0/inst/i_axi_lite_ipif/I_SLAVE_ATTACHMENT/I_DECODER/IP2Bus_Data[14]_i_5_n_0
    SLICE_X114Y104       LUT6 (Prop_D6LUT_SLICEL_I3_O)
                                                      0.036     2.313 r  design_1_i/usp_rf_data_converter_0/inst/i_axi_lite_ipif/I_SLAVE_ATTACHMENT/I_DECODER/IP2Bus_Data[14]_i_1/O
                         net (fo=1, routed)           0.049     2.362    design_1_i/usp_rf_data_converter_0/inst/i_axi_lite_ipif_n_70
    SLICE_X114Y104       FDRE                                         r  design_1_i/usp_rf_data_converter_0/inst/IP2Bus_Data_reg[14]/D
  -------------------------------------------------------------------    -------------------

                         (clock clk_pl_0 rise edge)
                                                      0.000     0.000 r  
    PS8_X0Y0             PS8                          0.000     0.000 r  design_1_i/zynq_ultra_ps_e_0/U0/PS8_i/PLCLK[0]
                         net (fo=1, routed)           0.157     0.157    design_1_i/zynq_ultra_ps_e_0/U0/pl_clk_unbuffered[0]
    BUFG_PS_X0Y58        BUFG_PS (Prop_BUFG_PS_I_O)
                                                      0.025     0.182 r  design_1_i/zynq_ultra_ps_e_0/U0/buffer_pl_clk_0.PL_CLK_0_BUFG/O
    X2Y2 (CLOCK_ROOT)    net (fo=6912, routed)        1.811     1.993    design_1_i/usp_rf_data_converter_0/inst/s_axi_aclk
    SLICE_X114Y104       FDRE                                         r  design_1_i/usp_rf_data_converter_0/inst/IP2Bus_Data_reg[14]/C

Slack:                    inf
  Source:                 design_1_i/usp_rf_data_converter_0/inst/design_1_usp_rf_data_converter_0_0_rf_wrapper_i/rx0_u_adc/INTERNAL_FBRC_DIV2_MUX
                            (rising edge-triggered cell HSADC clocked by RFADC0_CLK  {rise@0.000ns fall@32.000ns period=64.000ns})
  Destination:            design_1_i/usp_rf_data_converter_0/inst/IP2Bus_Data_reg[9]/D
                            (rising edge-triggered cell FDRE clocked by clk_pl_0  {rise@0.000ns fall@5.156ns period=10.312ns})
  Path Group:             (none)
  Path Type:              Setup (Max at Slow Process Corner)
  Data Path Delay:        2.322ns  (logic 0.924ns (39.793%)  route 1.398ns (60.207%))
  Logic Levels:           4  (LUT4=1 LUT6=3)
  Clock Path Skew:        2.008ns (DCD - SCD + CPR)
    Destination Clock Delay (DCD):    2.008ns
    Source Clock Delay      (SCD):    0.000ns
    Clock Pessimism Removal (CPR):    0.000ns
  Clock Uncertainty:      0.159ns  ((TSJ^2 + DJ^2)^1/2) / 2 + PE
    Total System Jitter     (TSJ):    0.071ns
    Discrete Jitter          (DJ):    0.310ns
    Phase Error              (PE):    0.000ns
  Clock Net Delay (Destination): 1.826ns (routing 0.423ns, distribution 1.403ns)
  Timing Exception:       False Path

    Location             Delay type                Incr(ns)  Path(ns)    Netlist Resource(s)
  -------------------------------------------------------------------    -------------------
                         (clock RFADC0_CLK rise edge)
                                                      0.000     0.000 r  
    HSADC_X0Y0           HSADC                        0.000     0.000 r  design_1_i/usp_rf_data_converter_0/inst/design_1_usp_rf_data_converter_0_0_rf_wrapper_i/rx0_u_adc/INTERNAL_FBRC_DIV2_MUX
  -------------------------------------------------------------------    -------------------
    HSADC_X0Y0           HSADC (Prop_HSADC_INTERNAL_FBRC_DIV2_MUX_STATUS_COMMON[9])
                                                      0.532     0.532 r  design_1_i/usp_rf_data_converter_0/inst/design_1_usp_rf_data_converter_0_0_rf_wrapper_i/rx0_u_adc/STATUS_COMMON[9]
                         net (fo=1, routed)           0.920     1.452    design_1_i/usp_rf_data_converter_0/inst/i_axi_lite_ipif/I_SLAVE_ATTACHMENT/I_DECODER/adc0_common_stat[9]
    SLICE_X113Y95        LUT4 (Prop_B6LUT_SLICEM_I3_O)
                                                      0.149     1.601 r  design_1_i/usp_rf_data_converter_0/inst/i_axi_lite_ipif/I_SLAVE_ATTACHMENT/I_DECODER/IP2Bus_Data[9]_i_32/O
                         net (fo=1, routed)           0.048     1.649    design_1_i/usp_rf_data_converter_0/inst/i_axi_lite_ipif/I_SLAVE_ATTACHMENT/I_DECODER/IP2Bus_Data[9]_i_32_n_0
    SLICE_X113Y95        LUT6 (Prop_H6LUT_SLICEM_I5_O)
                                                      0.101     1.750 f  design_1_i/usp_rf_data_converter_0/inst/i_axi_lite_ipif/I_SLAVE_ATTACHMENT/I_DECODER/IP2Bus_Data[9]_i_12/O
                         net (fo=1, routed)           0.040     1.790    design_1_i/usp_rf_data_converter_0/inst/i_axi_lite_ipif/I_SLAVE_ATTACHMENT/I_DECODER/IP2Bus_Data[9]_i_12_n_0
    SLICE_X113Y95        LUT6 (Prop_G6LUT_SLICEM_I1_O)
                                                      0.052     1.842 r  design_1_i/usp_rf_data_converter_0/inst/i_axi_lite_ipif/I_SLAVE_ATTACHMENT/I_DECODER/IP2Bus_Data[9]_i_3/O
                         net (fo=1, routed)           0.332     2.174    design_1_i/usp_rf_data_converter_0/inst/i_axi_lite_ipif/I_SLAVE_ATTACHMENT/I_DECODER/IP2Bus_Data[9]_i_3_n_0
    SLICE_X113Y108       LUT6 (Prop_H6LUT_SLICEM_I1_O)
                                                      0.090     2.264 r  design_1_i/usp_rf_data_converter_0/inst/i_axi_lite_ipif/I_SLAVE_ATTACHMENT/I_DECODER/IP2Bus_Data[9]_i_1/O
                         net (fo=1, routed)           0.058     2.322    design_1_i/usp_rf_data_converter_0/inst/i_axi_lite_ipif_n_75
    SLICE_X113Y108       FDRE                                         r  design_1_i/usp_rf_data_converter_0/inst/IP2Bus_Data_reg[9]/D
  -------------------------------------------------------------------    -------------------

                         (clock clk_pl_0 rise edge)
                                                      0.000     0.000 r  
    PS8_X0Y0             PS8                          0.000     0.000 r  design_1_i/zynq_ultra_ps_e_0/U0/PS8_i/PLCLK[0]
                         net (fo=1, routed)           0.157     0.157    design_1_i/zynq_ultra_ps_e_0/U0/pl_clk_unbuffered[0]
    BUFG_PS_X0Y58        BUFG_PS (Prop_BUFG_PS_I_O)
                                                      0.025     0.182 r  design_1_i/zynq_ultra_ps_e_0/U0/buffer_pl_clk_0.PL_CLK_0_BUFG/O
    X2Y2 (CLOCK_ROOT)    net (fo=6912, routed)        1.826     2.008    design_1_i/usp_rf_data_converter_0/inst/s_axi_aclk
    SLICE_X113Y108       FDRE                                         r  design_1_i/usp_rf_data_converter_0/inst/IP2Bus_Data_reg[9]/C

Slack:                    inf
  Source:                 design_1_i/usp_rf_data_converter_0/inst/design_1_usp_rf_data_converter_0_0_rf_wrapper_i/rx0_u_adc/INTERNAL_FBRC_DIV2_MUX
                            (rising edge-triggered cell HSADC clocked by RFADC0_CLK  {rise@0.000ns fall@32.000ns period=64.000ns})
  Destination:            design_1_i/usp_rf_data_converter_0/inst/IP2Bus_Data_reg[15]/D
                            (rising edge-triggered cell FDRE clocked by clk_pl_0  {rise@0.000ns fall@5.156ns period=10.312ns})
  Path Group:             (none)
  Path Type:              Setup (Max at Slow Process Corner)
  Data Path Delay:        2.123ns  (logic 0.867ns (40.838%)  route 1.256ns (59.162%))
  Logic Levels:           3  (LUT6=3)
  Clock Path Skew:        1.998ns (DCD - SCD + CPR)
    Destination Clock Delay (DCD):    1.998ns
    Source Clock Delay      (SCD):    0.000ns
    Clock Pessimism Removal (CPR):    0.000ns
  Clock Uncertainty:      0.159ns  ((TSJ^2 + DJ^2)^1/2) / 2 + PE
    Total System Jitter     (TSJ):    0.071ns
    Discrete Jitter          (DJ):    0.310ns
    Phase Error              (PE):    0.000ns
  Clock Net Delay (Destination): 1.816ns (routing 0.423ns, distribution 1.393ns)
  Timing Exception:       False Path

    Location             Delay type                Incr(ns)  Path(ns)    Netlist Resource(s)
  -------------------------------------------------------------------    -------------------
                         (clock RFADC0_CLK rise edge)
                                                      0.000     0.000 r  
    HSADC_X0Y0           HSADC                        0.000     0.000 r  design_1_i/usp_rf_data_converter_0/inst/design_1_usp_rf_data_converter_0_0_rf_wrapper_i/rx0_u_adc/INTERNAL_FBRC_DIV2_MUX
  -------------------------------------------------------------------    -------------------
    HSADC_X0Y0           HSADC (Prop_HSADC_INTERNAL_FBRC_DIV2_MUX_STATUS_COMMON[15])
                                                      0.525     0.525 r  design_1_i/usp_rf_data_converter_0/inst/design_1_usp_rf_data_converter_0_0_rf_wrapper_i/rx0_u_adc/STATUS_COMMON[15]
                         net (fo=1, routed)           0.836     1.361    design_1_i/usp_rf_data_converter_0/inst/i_axi_lite_ipif/I_SLAVE_ATTACHMENT/I_DECODER/adc0_common_stat[15]
    SLICE_X114Y92        LUT6 (Prop_C6LUT_SLICEL_I1_O)
                                                      0.096     1.457 f  design_1_i/usp_rf_data_converter_0/inst/i_axi_lite_ipif/I_SLAVE_ATTACHMENT/I_DECODER/IP2Bus_Data[15]_i_14/O
                         net (fo=1, routed)           0.102     1.559    design_1_i/usp_rf_data_converter_0/inst/i_axi_lite_ipif/I_SLAVE_ATTACHMENT/I_DECODER/IP2Bus_Data[15]_i_14_n_0
    SLICE_X114Y93        LUT6 (Prop_H6LUT_SLICEL_I2_O)
                                                      0.150     1.709 r  design_1_i/usp_rf_data_converter_0/inst/i_axi_lite_ipif/I_SLAVE_ATTACHMENT/I_DECODER/IP2Bus_Data[15]_i_3/O
                         net (fo=1, routed)           0.268     1.977    design_1_i/usp_rf_data_converter_0/inst/i_axi_lite_ipif/I_SLAVE_ATTACHMENT/I_DECODER/IP2Bus_Data[15]_i_3_n_0
    SLICE_X114Y105       LUT6 (Prop_C6LUT_SLICEL_I1_O)
                                                      0.096     2.073 r  design_1_i/usp_rf_data_converter_0/inst/i_axi_lite_ipif/I_SLAVE_ATTACHMENT/I_DECODER/IP2Bus_Data[15]_i_1/O
                         net (fo=1, routed)           0.050     2.123    design_1_i/usp_rf_data_converter_0/inst/i_axi_lite_ipif_n_69
    SLICE_X114Y105       FDRE                                         r  design_1_i/usp_rf_data_converter_0/inst/IP2Bus_Data_reg[15]/D
  -------------------------------------------------------------------    -------------------

                         (clock clk_pl_0 rise edge)
                                                      0.000     0.000 r  
    PS8_X0Y0             PS8                          0.000     0.000 r  design_1_i/zynq_ultra_ps_e_0/U0/PS8_i/PLCLK[0]
                         net (fo=1, routed)           0.157     0.157    design_1_i/zynq_ultra_ps_e_0/U0/pl_clk_unbuffered[0]
    BUFG_PS_X0Y58        BUFG_PS (Prop_BUFG_PS_I_O)
                                                      0.025     0.182 r  design_1_i/zynq_ultra_ps_e_0/U0/buffer_pl_clk_0.PL_CLK_0_BUFG/O
    X2Y2 (CLOCK_ROOT)    net (fo=6912, routed)        1.816     1.998    design_1_i/usp_rf_data_converter_0/inst/s_axi_aclk
    SLICE_X114Y105       FDRE                                         r  design_1_i/usp_rf_data_converter_0/inst/IP2Bus_Data_reg[15]/C





Min Delay Paths
--------------------------------------------------------------------------------------
Slack:                    inf
  Source:                 design_1_i/usp_rf_data_converter_0/inst/design_1_usp_rf_data_converter_0_0_rf_wrapper_i/rx0_u_adc/INTERNAL_FBRC_DIV2_MUX
                            (rising edge-triggered cell HSADC clocked by RFADC0_CLK  {rise@0.000ns fall@32.000ns period=64.000ns})
  Destination:            design_1_i/usp_rf_data_converter_0/inst/IP2Bus_Data_reg[15]/D
                            (rising edge-triggered cell FDRE clocked by clk_pl_0  {rise@0.000ns fall@5.156ns period=10.312ns})
  Path Group:             (none)
  Path Type:              Hold (Min at Fast Process Corner)
  Data Path Delay:        1.013ns  (logic 0.390ns (38.500%)  route 0.623ns (61.501%))
  Logic Levels:           3  (LUT6=3)
  Clock Path Skew:        1.408ns (DCD - SCD - CPR)
    Destination Clock Delay (DCD):    1.408ns
    Source Clock Delay      (SCD):    0.000ns
    Clock Pessimism Removal (CPR):    -0.000ns
  Clock Uncertainty:      0.159ns  ((TSJ^2 + DJ^2)^1/2) / 2 + PE
    Total System Jitter     (TSJ):    0.071ns
    Discrete Jitter          (DJ):    0.310ns
    Phase Error              (PE):    0.000ns
  Clock Net Delay (Destination): 1.261ns (routing 0.282ns, distribution 0.979ns)
  Timing Exception:       False Path

    Location             Delay type                Incr(ns)  Path(ns)    Netlist Resource(s)
  -------------------------------------------------------------------    -------------------
                         (clock RFADC0_CLK rise edge)
                                                      0.000     0.000 r  
    HSADC_X0Y0           HSADC                        0.000     0.000 r  design_1_i/usp_rf_data_converter_0/inst/design_1_usp_rf_data_converter_0_0_rf_wrapper_i/rx0_u_adc/INTERNAL_FBRC_DIV2_MUX
  -------------------------------------------------------------------    -------------------
    HSADC_X0Y0           HSADC (Prop_HSADC_INTERNAL_FBRC_DIV2_MUX_STATUS_COMMON[15])
                                                      0.250     0.250 r  design_1_i/usp_rf_data_converter_0/inst/design_1_usp_rf_data_converter_0_0_rf_wrapper_i/rx0_u_adc/STATUS_COMMON[15]
                         net (fo=1, routed)           0.414     0.664    design_1_i/usp_rf_data_converter_0/inst/i_axi_lite_ipif/I_SLAVE_ATTACHMENT/I_DECODER/adc0_common_stat[15]
    SLICE_X114Y92        LUT6 (Prop_C6LUT_SLICEL_I1_O)
                                                      0.040     0.704 f  design_1_i/usp_rf_data_converter_0/inst/i_axi_lite_ipif/I_SLAVE_ATTACHMENT/I_DECODER/IP2Bus_Data[15]_i_14/O
                         net (fo=1, routed)           0.055     0.759    design_1_i/usp_rf_data_converter_0/inst/i_axi_lite_ipif/I_SLAVE_ATTACHMENT/I_DECODER/IP2Bus_Data[15]_i_14_n_0
    SLICE_X114Y93        LUT6 (Prop_H6LUT_SLICEL_I2_O)
                                                      0.060     0.819 r  design_1_i/usp_rf_data_converter_0/inst/i_axi_lite_ipif/I_SLAVE_ATTACHMENT/I_DECODER/IP2Bus_Data[15]_i_3/O
                         net (fo=1, routed)           0.137     0.956    design_1_i/usp_rf_data_converter_0/inst/i_axi_lite_ipif/I_SLAVE_ATTACHMENT/I_DECODER/IP2Bus_Data[15]_i_3_n_0
    SLICE_X114Y105       LUT6 (Prop_C6LUT_SLICEL_I1_O)
                                                      0.040     0.996 r  design_1_i/usp_rf_data_converter_0/inst/i_axi_lite_ipif/I_SLAVE_ATTACHMENT/I_DECODER/IP2Bus_Data[15]_i_1/O
                         net (fo=1, routed)           0.017     1.013    design_1_i/usp_rf_data_converter_0/inst/i_axi_lite_ipif_n_69
    SLICE_X114Y105       FDRE                                         r  design_1_i/usp_rf_data_converter_0/inst/IP2Bus_Data_reg[15]/D
  -------------------------------------------------------------------    -------------------

                         (clock clk_pl_0 rise edge)
                                                      0.000     0.000 r  
    PS8_X0Y0             PS8                          0.000     0.000 r  design_1_i/zynq_ultra_ps_e_0/U0/PS8_i/PLCLK[0]
                         net (fo=1, routed)           0.129     0.129    design_1_i/zynq_ultra_ps_e_0/U0/pl_clk_unbuffered[0]
    BUFG_PS_X0Y58        BUFG_PS (Prop_BUFG_PS_I_O)
                                                      0.018     0.147 r  design_1_i/zynq_ultra_ps_e_0/U0/buffer_pl_clk_0.PL_CLK_0_BUFG/O
    X2Y2 (CLOCK_ROOT)    net (fo=6912, routed)        1.261     1.408    design_1_i/usp_rf_data_converter_0/inst/s_axi_aclk
    SLICE_X114Y105       FDRE                                         r  design_1_i/usp_rf_data_converter_0/inst/IP2Bus_Data_reg[15]/C

Slack:                    inf
  Source:                 design_1_i/usp_rf_data_converter_0/inst/design_1_usp_rf_data_converter_0_0_rf_wrapper_i/rx0_u_adc/INTERNAL_FBRC_DIV2_MUX
                            (rising edge-triggered cell HSADC clocked by RFADC0_CLK  {rise@0.000ns fall@32.000ns period=64.000ns})
  Destination:            design_1_i/usp_rf_data_converter_0/inst/IP2Bus_Data_reg[13]/D
                            (rising edge-triggered cell FDRE clocked by clk_pl_0  {rise@0.000ns fall@5.156ns period=10.312ns})
  Path Group:             (none)
  Path Type:              Hold (Min at Fast Process Corner)
  Data Path Delay:        1.049ns  (logic 0.304ns (28.980%)  route 0.745ns (71.020%))
  Logic Levels:           2  (LUT6=2)
  Clock Path Skew:        1.408ns (DCD - SCD - CPR)
    Destination Clock Delay (DCD):    1.408ns
    Source Clock Delay      (SCD):    0.000ns
    Clock Pessimism Removal (CPR):    -0.000ns
  Clock Uncertainty:      0.159ns  ((TSJ^2 + DJ^2)^1/2) / 2 + PE
    Total System Jitter     (TSJ):    0.071ns
    Discrete Jitter          (DJ):    0.310ns
    Phase Error              (PE):    0.000ns
  Clock Net Delay (Destination): 1.261ns (routing 0.282ns, distribution 0.979ns)
  Timing Exception:       False Path

    Location             Delay type                Incr(ns)  Path(ns)    Netlist Resource(s)
  -------------------------------------------------------------------    -------------------
                         (clock RFADC0_CLK rise edge)
                                                      0.000     0.000 r  
    HSADC_X0Y0           HSADC                        0.000     0.000 r  design_1_i/usp_rf_data_converter_0/inst/design_1_usp_rf_data_converter_0_0_rf_wrapper_i/rx0_u_adc/INTERNAL_FBRC_DIV2_MUX
  -------------------------------------------------------------------    -------------------
    HSADC_X0Y0           HSADC (Prop_HSADC_INTERNAL_FBRC_DIV2_MUX_STATUS_COMMON[13])
                                                      0.241     0.241 r  design_1_i/usp_rf_data_converter_0/inst/design_1_usp_rf_data_converter_0_0_rf_wrapper_i/rx0_u_adc/STATUS_COMMON[13]
                         net (fo=1, routed)           0.518     0.759    design_1_i/usp_rf_data_converter_0/inst/i_axi_lite_ipif/I_SLAVE_ATTACHMENT/I_DECODER/adc0_common_stat[13]
    SLICE_X110Y95        LUT6 (Prop_B6LUT_SLICEM_I4_O)
                                                      0.041     0.800 f  design_1_i/usp_rf_data_converter_0/inst/i_axi_lite_ipif/I_SLAVE_ATTACHMENT/I_DECODER/IP2Bus_Data[13]_i_4/O
                         net (fo=1, routed)           0.211     1.011    design_1_i/usp_rf_data_converter_0/inst/i_axi_lite_ipif/I_SLAVE_ATTACHMENT/I_DECODER/IP2Bus_Data[13]_i_4_n_0
    SLICE_X114Y105       LUT6 (Prop_D6LUT_SLICEL_I2_O)
                                                      0.022     1.033 r  design_1_i/usp_rf_data_converter_0/inst/i_axi_lite_ipif/I_SLAVE_ATTACHMENT/I_DECODER/IP2Bus_Data[13]_i_1/O
                         net (fo=1, routed)           0.016     1.049    design_1_i/usp_rf_data_converter_0/inst/i_axi_lite_ipif_n_71
    SLICE_X114Y105       FDRE                                         r  design_1_i/usp_rf_data_converter_0/inst/IP2Bus_Data_reg[13]/D
  -------------------------------------------------------------------    -------------------

                         (clock clk_pl_0 rise edge)
                                                      0.000     0.000 r  
    PS8_X0Y0             PS8                          0.000     0.000 r  design_1_i/zynq_ultra_ps_e_0/U0/PS8_i/PLCLK[0]
                         net (fo=1, routed)           0.129     0.129    design_1_i/zynq_ultra_ps_e_0/U0/pl_clk_unbuffered[0]
    BUFG_PS_X0Y58        BUFG_PS (Prop_BUFG_PS_I_O)
                                                      0.018     0.147 r  design_1_i/zynq_ultra_ps_e_0/U0/buffer_pl_clk_0.PL_CLK_0_BUFG/O
    X2Y2 (CLOCK_ROOT)    net (fo=6912, routed)        1.261     1.408    design_1_i/usp_rf_data_converter_0/inst/s_axi_aclk
    SLICE_X114Y105       FDRE                                         r  design_1_i/usp_rf_data_converter_0/inst/IP2Bus_Data_reg[13]/C

Slack:                    inf
  Source:                 design_1_i/usp_rf_data_converter_0/inst/design_1_usp_rf_data_converter_0_0_rf_wrapper_i/rx0_u_adc/INTERNAL_FBRC_DIV2_MUX
                            (rising edge-triggered cell HSADC clocked by RFADC0_CLK  {rise@0.000ns fall@32.000ns period=64.000ns})
  Destination:            design_1_i/usp_rf_data_converter_0/inst/IP2Bus_Data_reg[9]/D
                            (rising edge-triggered cell FDRE clocked by clk_pl_0  {rise@0.000ns fall@5.156ns period=10.312ns})
  Path Group:             (none)
  Path Type:              Hold (Min at Fast Process Corner)
  Data Path Delay:        1.084ns  (logic 0.386ns (35.609%)  route 0.698ns (64.391%))
  Logic Levels:           4  (LUT4=1 LUT6=3)
  Clock Path Skew:        1.417ns (DCD - SCD - CPR)
    Destination Clock Delay (DCD):    1.417ns
    Source Clock Delay      (SCD):    0.000ns
    Clock Pessimism Removal (CPR):    -0.000ns
  Clock Uncertainty:      0.159ns  ((TSJ^2 + DJ^2)^1/2) / 2 + PE
    Total System Jitter     (TSJ):    0.071ns
    Discrete Jitter          (DJ):    0.310ns
    Phase Error              (PE):    0.000ns
  Clock Net Delay (Destination): 1.270ns (routing 0.282ns, distribution 0.988ns)
  Timing Exception:       False Path

    Location             Delay type                Incr(ns)  Path(ns)    Netlist Resource(s)
  -------------------------------------------------------------------    -------------------
                         (clock RFADC0_CLK rise edge)
                                                      0.000     0.000 r  
    HSADC_X0Y0           HSADC                        0.000     0.000 r  design_1_i/usp_rf_data_converter_0/inst/design_1_usp_rf_data_converter_0_0_rf_wrapper_i/rx0_u_adc/INTERNAL_FBRC_DIV2_MUX
  -------------------------------------------------------------------    -------------------
    HSADC_X0Y0           HSADC (Prop_HSADC_INTERNAL_FBRC_DIV2_MUX_STATUS_COMMON[9])
                                                      0.228     0.228 r  design_1_i/usp_rf_data_converter_0/inst/design_1_usp_rf_data_converter_0_0_rf_wrapper_i/rx0_u_adc/STATUS_COMMON[9]
                         net (fo=1, routed)           0.451     0.679    design_1_i/usp_rf_data_converter_0/inst/i_axi_lite_ipif/I_SLAVE_ATTACHMENT/I_DECODER/adc0_common_stat[9]
    SLICE_X113Y95        LUT4 (Prop_B6LUT_SLICEM_I3_O)
                                                      0.060     0.739 r  design_1_i/usp_rf_data_converter_0/inst/i_axi_lite_ipif/I_SLAVE_ATTACHMENT/I_DECODER/IP2Bus_Data[9]_i_32/O
                         net (fo=1, routed)           0.027     0.766    design_1_i/usp_rf_data_converter_0/inst/i_axi_lite_ipif/I_SLAVE_ATTACHMENT/I_DECODER/IP2Bus_Data[9]_i_32_n_0
    SLICE_X113Y95        LUT6 (Prop_H6LUT_SLICEM_I5_O)
                                                      0.041     0.807 f  design_1_i/usp_rf_data_converter_0/inst/i_axi_lite_ipif/I_SLAVE_ATTACHMENT/I_DECODER/IP2Bus_Data[9]_i_12/O
                         net (fo=1, routed)           0.024     0.831    design_1_i/usp_rf_data_converter_0/inst/i_axi_lite_ipif/I_SLAVE_ATTACHMENT/I_DECODER/IP2Bus_Data[9]_i_12_n_0
    SLICE_X113Y95        LUT6 (Prop_G6LUT_SLICEM_I1_O)
                                                      0.022     0.853 r  design_1_i/usp_rf_data_converter_0/inst/i_axi_lite_ipif/I_SLAVE_ATTACHMENT/I_DECODER/IP2Bus_Data[9]_i_3/O
                         net (fo=1, routed)           0.175     1.028    design_1_i/usp_rf_data_converter_0/inst/i_axi_lite_ipif/I_SLAVE_ATTACHMENT/I_DECODER/IP2Bus_Data[9]_i_3_n_0
    SLICE_X113Y108       LUT6 (Prop_H6LUT_SLICEM_I1_O)
                                                      0.035     1.063 r  design_1_i/usp_rf_data_converter_0/inst/i_axi_lite_ipif/I_SLAVE_ATTACHMENT/I_DECODER/IP2Bus_Data[9]_i_1/O
                         net (fo=1, routed)           0.021     1.084    design_1_i/usp_rf_data_converter_0/inst/i_axi_lite_ipif_n_75
    SLICE_X113Y108       FDRE                                         r  design_1_i/usp_rf_data_converter_0/inst/IP2Bus_Data_reg[9]/D
  -------------------------------------------------------------------    -------------------

                         (clock clk_pl_0 rise edge)
                                                      0.000     0.000 r  
    PS8_X0Y0             PS8                          0.000     0.000 r  design_1_i/zynq_ultra_ps_e_0/U0/PS8_i/PLCLK[0]
                         net (fo=1, routed)           0.129     0.129    design_1_i/zynq_ultra_ps_e_0/U0/pl_clk_unbuffered[0]
    BUFG_PS_X0Y58        BUFG_PS (Prop_BUFG_PS_I_O)
                                                      0.018     0.147 r  design_1_i/zynq_ultra_ps_e_0/U0/buffer_pl_clk_0.PL_CLK_0_BUFG/O
    X2Y2 (CLOCK_ROOT)    net (fo=6912, routed)        1.270     1.417    design_1_i/usp_rf_data_converter_0/inst/s_axi_aclk
    SLICE_X113Y108       FDRE                                         r  design_1_i/usp_rf_data_converter_0/inst/IP2Bus_Data_reg[9]/C

Slack:                    inf
  Source:                 design_1_i/usp_rf_data_converter_0/inst/design_1_usp_rf_data_converter_0_0_rf_wrapper_i/rx0_u_adc/INTERNAL_FBRC_DIV2_MUX
                            (rising edge-triggered cell HSADC clocked by RFADC0_CLK  {rise@0.000ns fall@32.000ns period=64.000ns})
  Destination:            design_1_i/usp_rf_data_converter_0/inst/IP2Bus_Data_reg[14]/D
                            (rising edge-triggered cell FDRE clocked by clk_pl_0  {rise@0.000ns fall@5.156ns period=10.312ns})
  Path Group:             (none)
  Path Type:              Hold (Min at Fast Process Corner)
  Data Path Delay:        1.097ns  (logic 0.378ns (34.458%)  route 0.719ns (65.542%))
  Logic Levels:           4  (LUT6=4)
  Clock Path Skew:        1.404ns (DCD - SCD - CPR)
    Destination Clock Delay (DCD):    1.404ns
    Source Clock Delay      (SCD):    0.000ns
    Clock Pessimism Removal (CPR):    -0.000ns
  Clock Uncertainty:      0.159ns  ((TSJ^2 + DJ^2)^1/2) / 2 + PE
    Total System Jitter     (TSJ):    0.071ns
    Discrete Jitter          (DJ):    0.310ns
    Phase Error              (PE):    0.000ns
  Clock Net Delay (Destination): 1.257ns (routing 0.282ns, distribution 0.975ns)
  Timing Exception:       False Path

    Location             Delay type                Incr(ns)  Path(ns)    Netlist Resource(s)
  -------------------------------------------------------------------    -------------------
                         (clock RFADC0_CLK rise edge)
                                                      0.000     0.000 r  
    HSADC_X0Y0           HSADC                        0.000     0.000 r  design_1_i/usp_rf_data_converter_0/inst/design_1_usp_rf_data_converter_0_0_rf_wrapper_i/rx0_u_adc/INTERNAL_FBRC_DIV2_MUX
  -------------------------------------------------------------------    -------------------
    HSADC_X0Y0           HSADC (Prop_HSADC_INTERNAL_FBRC_DIV2_MUX_STATUS_COMMON[14])
                                                      0.285     0.285 r  design_1_i/usp_rf_data_converter_0/inst/design_1_usp_rf_data_converter_0_0_rf_wrapper_i/rx0_u_adc/STATUS_COMMON[14]
                         net (fo=1, routed)           0.445     0.730    design_1_i/usp_rf_data_converter_0/inst/i_axi_lite_ipif/I_SLAVE_ATTACHMENT/I_DECODER/adc0_common_stat[14]
    SLICE_X112Y92        LUT6 (Prop_D6LUT_SLICEM_I1_O)
                                                      0.035     0.765 f  design_1_i/usp_rf_data_converter_0/inst/i_axi_lite_ipif/I_SLAVE_ATTACHMENT/I_DECODER/IP2Bus_Data[14]_i_36/O
                         net (fo=1, routed)           0.048     0.813    design_1_i/usp_rf_data_converter_0/inst/i_axi_lite_ipif/I_SLAVE_ATTACHMENT/I_DECODER/IP2Bus_Data[14]_i_36_n_0
    SLICE_X112Y94        LUT6 (Prop_B6LUT_SLICEM_I5_O)
                                                      0.022     0.835 f  design_1_i/usp_rf_data_converter_0/inst/i_axi_lite_ipif/I_SLAVE_ATTACHMENT/I_DECODER/IP2Bus_Data[14]_i_17/O
                         net (fo=1, routed)           0.076     0.911    design_1_i/usp_rf_data_converter_0/inst/i_axi_lite_ipif/I_SLAVE_ATTACHMENT/I_DECODER/IP2Bus_Data[14]_i_17_n_0
    SLICE_X114Y94        LUT6 (Prop_C6LUT_SLICEL_I4_O)
                                                      0.022     0.933 f  design_1_i/usp_rf_data_converter_0/inst/i_axi_lite_ipif/I_SLAVE_ATTACHMENT/I_DECODER/IP2Bus_Data[14]_i_5/O
                         net (fo=1, routed)           0.134     1.067    design_1_i/usp_rf_data_converter_0/inst/i_axi_lite_ipif/I_SLAVE_ATTACHMENT/I_DECODER/IP2Bus_Data[14]_i_5_n_0
    SLICE_X114Y104       LUT6 (Prop_D6LUT_SLICEL_I3_O)
                                                      0.014     1.081 r  design_1_i/usp_rf_data_converter_0/inst/i_axi_lite_ipif/I_SLAVE_ATTACHMENT/I_DECODER/IP2Bus_Data[14]_i_1/O
                         net (fo=1, routed)           0.016     1.097    design_1_i/usp_rf_data_converter_0/inst/i_axi_lite_ipif_n_70
    SLICE_X114Y104       FDRE                                         r  design_1_i/usp_rf_data_converter_0/inst/IP2Bus_Data_reg[14]/D
  -------------------------------------------------------------------    -------------------

                         (clock clk_pl_0 rise edge)
                                                      0.000     0.000 r  
    PS8_X0Y0             PS8                          0.000     0.000 r  design_1_i/zynq_ultra_ps_e_0/U0/PS8_i/PLCLK[0]
                         net (fo=1, routed)           0.129     0.129    design_1_i/zynq_ultra_ps_e_0/U0/pl_clk_unbuffered[0]
    BUFG_PS_X0Y58        BUFG_PS (Prop_BUFG_PS_I_O)
                                                      0.018     0.147 r  design_1_i/zynq_ultra_ps_e_0/U0/buffer_pl_clk_0.PL_CLK_0_BUFG/O
    X2Y2 (CLOCK_ROOT)    net (fo=6912, routed)        1.257     1.404    design_1_i/usp_rf_data_converter_0/inst/s_axi_aclk
    SLICE_X114Y104       FDRE                                         r  design_1_i/usp_rf_data_converter_0/inst/IP2Bus_Data_reg[14]/C

Slack:                    inf
  Source:                 design_1_i/usp_rf_data_converter_0/inst/design_1_usp_rf_data_converter_0_0_rf_wrapper_i/rx0_u_adc/INTERNAL_FBRC_DIV2_MUX
                            (rising edge-triggered cell HSADC clocked by RFADC0_CLK  {rise@0.000ns fall@32.000ns period=64.000ns})
  Destination:            design_1_i/usp_rf_data_converter_0/inst/IP2Bus_Data_reg[12]/D
                            (rising edge-triggered cell FDRE clocked by clk_pl_0  {rise@0.000ns fall@5.156ns period=10.312ns})
  Path Group:             (none)
  Path Type:              Hold (Min at Fast Process Corner)
  Data Path Delay:        1.156ns  (logic 0.383ns (33.131%)  route 0.773ns (66.869%))
  Logic Levels:           4  (LUT4=2 LUT6=2)
  Clock Path Skew:        1.414ns (DCD - SCD - CPR)
    Destination Clock Delay (DCD):    1.414ns
    Source Clock Delay      (SCD):    0.000ns
    Clock Pessimism Removal (CPR):    -0.000ns
  Clock Uncertainty:      0.159ns  ((TSJ^2 + DJ^2)^1/2) / 2 + PE
    Total System Jitter     (TSJ):    0.071ns
    Discrete Jitter          (DJ):    0.310ns
    Phase Error              (PE):    0.000ns
  Clock Net Delay (Destination): 1.267ns (routing 0.282ns, distribution 0.985ns)
  Timing Exception:       False Path

    Location             Delay type                Incr(ns)  Path(ns)    Netlist Resource(s)
  -------------------------------------------------------------------    -------------------
                         (clock RFADC0_CLK rise edge)
                                                      0.000     0.000 r  
    HSADC_X0Y0           HSADC                        0.000     0.000 r  design_1_i/usp_rf_data_converter_0/inst/design_1_usp_rf_data_converter_0_0_rf_wrapper_i/rx0_u_adc/INTERNAL_FBRC_DIV2_MUX
  -------------------------------------------------------------------    -------------------
    HSADC_X0Y0           HSADC (Prop_HSADC_INTERNAL_FBRC_DIV2_MUX_STATUS_COMMON[12])
                                                      0.274     0.274 r  design_1_i/usp_rf_data_converter_0/inst/design_1_usp_rf_data_converter_0_0_rf_wrapper_i/rx0_u_adc/STATUS_COMMON[12]
                         net (fo=1, routed)           0.510     0.784    design_1_i/usp_rf_data_converter_0/inst/i_axi_lite_ipif/I_SLAVE_ATTACHMENT/I_DECODER/adc0_common_stat[12]
    SLICE_X113Y92        LUT4 (Prop_C6LUT_SLICEM_I3_O)
                                                      0.014     0.798 r  design_1_i/usp_rf_data_converter_0/inst/i_axi_lite_ipif/I_SLAVE_ATTACHMENT/I_DECODER/IP2Bus_Data[12]_i_22/O
                         net (fo=1, routed)           0.031     0.829    design_1_i/usp_rf_data_converter_0/inst/i_axi_lite_ipif/I_SLAVE_ATTACHMENT/I_DECODER/IP2Bus_Data[12]_i_22_n_0
    SLICE_X113Y92        LUT6 (Prop_F6LUT_SLICEM_I5_O)
                                                      0.059     0.888 f  design_1_i/usp_rf_data_converter_0/inst/i_axi_lite_ipif/I_SLAVE_ATTACHMENT/I_DECODER/IP2Bus_Data[12]_i_8/O
                         net (fo=1, routed)           0.073     0.961    design_1_i/usp_rf_data_converter_0/inst/i_axi_lite_ipif/I_SLAVE_ATTACHMENT/I_DECODER/IP2Bus_Data[12]_i_8_n_0
    SLICE_X113Y95        LUT4 (Prop_E6LUT_SLICEM_I2_O)
                                                      0.022     0.983 f  design_1_i/usp_rf_data_converter_0/inst/i_axi_lite_ipif/I_SLAVE_ATTACHMENT/I_DECODER/IP2Bus_Data[12]_i_2/O
                         net (fo=1, routed)           0.141     1.124    design_1_i/usp_rf_data_converter_0/inst/i_axi_lite_ipif/I_SLAVE_ATTACHMENT/I_DECODER/IP2Bus_Data[12]_i_2_n_0
    SLICE_X113Y106       LUT6 (Prop_A6LUT_SLICEM_I0_O)
                                                      0.014     1.138 r  design_1_i/usp_rf_data_converter_0/inst/i_axi_lite_ipif/I_SLAVE_ATTACHMENT/I_DECODER/IP2Bus_Data[12]_i_1/O
                         net (fo=1, routed)           0.018     1.156    design_1_i/usp_rf_data_converter_0/inst/i_axi_lite_ipif_n_72
    SLICE_X113Y106       FDRE                                         r  design_1_i/usp_rf_data_converter_0/inst/IP2Bus_Data_reg[12]/D
  -------------------------------------------------------------------    -------------------

                         (clock clk_pl_0 rise edge)
                                                      0.000     0.000 r  
    PS8_X0Y0             PS8                          0.000     0.000 r  design_1_i/zynq_ultra_ps_e_0/U0/PS8_i/PLCLK[0]
                         net (fo=1, routed)           0.129     0.129    design_1_i/zynq_ultra_ps_e_0/U0/pl_clk_unbuffered[0]
    BUFG_PS_X0Y58        BUFG_PS (Prop_BUFG_PS_I_O)
                                                      0.018     0.147 r  design_1_i/zynq_ultra_ps_e_0/U0/buffer_pl_clk_0.PL_CLK_0_BUFG/O
    X2Y2 (CLOCK_ROOT)    net (fo=6912, routed)        1.267     1.414    design_1_i/usp_rf_data_converter_0/inst/s_axi_aclk
    SLICE_X113Y106       FDRE                                         r  design_1_i/usp_rf_data_converter_0/inst/IP2Bus_Data_reg[12]/C

Slack:                    inf
  Source:                 design_1_i/usp_rf_data_converter_0/inst/design_1_usp_rf_data_converter_0_0_rf_wrapper_i/rx0_u_adc/INTERNAL_FBRC_DIV2_MUX
                            (rising edge-triggered cell HSADC clocked by RFADC0_CLK  {rise@0.000ns fall@32.000ns period=64.000ns})
  Destination:            design_1_i/usp_rf_data_converter_0/inst/IP2Bus_Data_reg[11]/D
                            (rising edge-triggered cell FDRE clocked by clk_pl_0  {rise@0.000ns fall@5.156ns period=10.312ns})
  Path Group:             (none)
  Path Type:              Hold (Min at Fast Process Corner)
  Data Path Delay:        1.252ns  (logic 0.424ns (33.866%)  route 0.828ns (66.134%))
  Logic Levels:           4  (LUT4=1 LUT6=3)
  Clock Path Skew:        1.414ns (DCD - SCD - CPR)
    Destination Clock Delay (DCD):    1.414ns
    Source Clock Delay      (SCD):    0.000ns
    Clock Pessimism Removal (CPR):    -0.000ns
  Clock Uncertainty:      0.159ns  ((TSJ^2 + DJ^2)^1/2) / 2 + PE
    Total System Jitter     (TSJ):    0.071ns
    Discrete Jitter          (DJ):    0.310ns
    Phase Error              (PE):    0.000ns
  Clock Net Delay (Destination): 1.267ns (routing 0.282ns, distribution 0.985ns)
  Timing Exception:       False Path

    Location             Delay type                Incr(ns)  Path(ns)    Netlist Resource(s)
  -------------------------------------------------------------------    -------------------
                         (clock RFADC0_CLK rise edge)
                                                      0.000     0.000 r  
    HSADC_X0Y0           HSADC                        0.000     0.000 r  design_1_i/usp_rf_data_converter_0/inst/design_1_usp_rf_data_converter_0_0_rf_wrapper_i/rx0_u_adc/INTERNAL_FBRC_DIV2_MUX
  -------------------------------------------------------------------    -------------------
    HSADC_X0Y0           HSADC (Prop_HSADC_INTERNAL_FBRC_DIV2_MUX_STATUS_COMMON[11])
                                                      0.265     0.265 r  design_1_i/usp_rf_data_converter_0/inst/design_1_usp_rf_data_converter_0_0_rf_wrapper_i/rx0_u_adc/STATUS_COMMON[11]
                         net (fo=1, routed)           0.475     0.740    design_1_i/usp_rf_data_converter_0/inst/i_axi_lite_ipif/I_SLAVE_ATTACHMENT/I_DECODER/adc0_common_stat[11]
    SLICE_X113Y94        LUT4 (Prop_F6LUT_SLICEM_I3_O)
                                                      0.059     0.799 r  design_1_i/usp_rf_data_converter_0/inst/i_axi_lite_ipif/I_SLAVE_ATTACHMENT/I_DECODER/IP2Bus_Data[11]_i_21/O
                         net (fo=1, routed)           0.025     0.824    design_1_i/usp_rf_data_converter_0/inst/i_axi_lite_ipif/I_SLAVE_ATTACHMENT/I_DECODER/IP2Bus_Data[11]_i_21_n_0
    SLICE_X113Y94        LUT6 (Prop_H6LUT_SLICEM_I3_O)
                                                      0.015     0.839 f  design_1_i/usp_rf_data_converter_0/inst/i_axi_lite_ipif/I_SLAVE_ATTACHMENT/I_DECODER/IP2Bus_Data[11]_i_6/O
                         net (fo=1, routed)           0.108     0.947    design_1_i/usp_rf_data_converter_0/inst/i_axi_lite_ipif/I_SLAVE_ATTACHMENT/I_DECODER/IP2Bus_Data[11]_i_6_n_0
    SLICE_X114Y100       LUT6 (Prop_D6LUT_SLICEL_I0_O)
                                                      0.050     0.997 f  design_1_i/usp_rf_data_converter_0/inst/i_axi_lite_ipif/I_SLAVE_ATTACHMENT/I_DECODER/IP2Bus_Data[11]_i_2/O
                         net (fo=1, routed)           0.196     1.193    design_1_i/usp_rf_data_converter_0/inst/i_axi_lite_ipif/I_SLAVE_ATTACHMENT/I_DECODER/IP2Bus_Data[11]_i_2_n_0
    SLICE_X110Y113       LUT6 (Prop_C6LUT_SLICEM_I0_O)
                                                      0.035     1.228 r  design_1_i/usp_rf_data_converter_0/inst/i_axi_lite_ipif/I_SLAVE_ATTACHMENT/I_DECODER/IP2Bus_Data[11]_i_1/O
                         net (fo=1, routed)           0.024     1.252    design_1_i/usp_rf_data_converter_0/inst/i_axi_lite_ipif_n_73
    SLICE_X110Y113       FDRE                                         r  design_1_i/usp_rf_data_converter_0/inst/IP2Bus_Data_reg[11]/D
  -------------------------------------------------------------------    -------------------

                         (clock clk_pl_0 rise edge)
                                                      0.000     0.000 r  
    PS8_X0Y0             PS8                          0.000     0.000 r  design_1_i/zynq_ultra_ps_e_0/U0/PS8_i/PLCLK[0]
                         net (fo=1, routed)           0.129     0.129    design_1_i/zynq_ultra_ps_e_0/U0/pl_clk_unbuffered[0]
    BUFG_PS_X0Y58        BUFG_PS (Prop_BUFG_PS_I_O)
                                                      0.018     0.147 r  design_1_i/zynq_ultra_ps_e_0/U0/buffer_pl_clk_0.PL_CLK_0_BUFG/O
    X2Y2 (CLOCK_ROOT)    net (fo=6912, routed)        1.267     1.414    design_1_i/usp_rf_data_converter_0/inst/s_axi_aclk
    SLICE_X110Y113       FDRE                                         r  design_1_i/usp_rf_data_converter_0/inst/IP2Bus_Data_reg[11]/C

Slack:                    inf
  Source:                 design_1_i/usp_rf_data_converter_0/inst/design_1_usp_rf_data_converter_0_0_rf_wrapper_i/rx0_u_adc/INTERNAL_FBRC_DIV2_MUX
                            (rising edge-triggered cell HSADC clocked by RFADC0_CLK  {rise@0.000ns fall@32.000ns period=64.000ns})
  Destination:            design_1_i/usp_rf_data_converter_0/inst/IP2Bus_Data_reg[10]/D
                            (rising edge-triggered cell FDRE clocked by clk_pl_0  {rise@0.000ns fall@5.156ns period=10.312ns})
  Path Group:             (none)
  Path Type:              Hold (Min at Fast Process Corner)
  Data Path Delay:        1.383ns  (logic 0.376ns (27.187%)  route 1.007ns (72.813%))
  Logic Levels:           5  (LUT5=1 LUT6=4)
  Clock Path Skew:        1.414ns (DCD - SCD - CPR)
    Destination Clock Delay (DCD):    1.414ns
    Source Clock Delay      (SCD):    0.000ns
    Clock Pessimism Removal (CPR):    -0.000ns
  Clock Uncertainty:      0.159ns  ((TSJ^2 + DJ^2)^1/2) / 2 + PE
    Total System Jitter     (TSJ):    0.071ns
    Discrete Jitter          (DJ):    0.310ns
    Phase Error              (PE):    0.000ns
  Clock Net Delay (Destination): 1.267ns (routing 0.282ns, distribution 0.985ns)
  Timing Exception:       False Path

    Location             Delay type                Incr(ns)  Path(ns)    Netlist Resource(s)
  -------------------------------------------------------------------    -------------------
                         (clock RFADC0_CLK rise edge)
                                                      0.000     0.000 r  
    HSADC_X0Y0           HSADC                        0.000     0.000 r  design_1_i/usp_rf_data_converter_0/inst/design_1_usp_rf_data_converter_0_0_rf_wrapper_i/rx0_u_adc/INTERNAL_FBRC_DIV2_MUX
  -------------------------------------------------------------------    -------------------
    HSADC_X0Y0           HSADC (Prop_HSADC_INTERNAL_FBRC_DIV2_MUX_STATUS_COMMON[10])
                                                      0.227     0.227 r  design_1_i/usp_rf_data_converter_0/inst/design_1_usp_rf_data_converter_0_0_rf_wrapper_i/rx0_u_adc/STATUS_COMMON[10]
                         net (fo=1, routed)           0.437     0.664    design_1_i/usp_rf_data_converter_0/inst/i_axi_lite_ipif/I_SLAVE_ATTACHMENT/I_DECODER/adc0_common_stat[10]
    SLICE_X109Y93        LUT5 (Prop_D6LUT_SLICEM_I0_O)
                                                      0.022     0.686 r  design_1_i/usp_rf_data_converter_0/inst/i_axi_lite_ipif/I_SLAVE_ATTACHMENT/I_DECODER/IP2Bus_Data[10]_i_29/O
                         net (fo=1, routed)           0.025     0.711    design_1_i/usp_rf_data_converter_0/inst/i_axi_lite_ipif/I_SLAVE_ATTACHMENT/I_DECODER/IP2Bus_Data[10]_i_29_n_0
    SLICE_X109Y93        LUT6 (Prop_H6LUT_SLICEM_I4_O)
                                                      0.041     0.752 f  design_1_i/usp_rf_data_converter_0/inst/i_axi_lite_ipif/I_SLAVE_ATTACHMENT/I_DECODER/IP2Bus_Data[10]_i_19/O
                         net (fo=1, routed)           0.125     0.877    design_1_i/usp_rf_data_converter_0/inst/i_axi_lite_ipif/I_SLAVE_ATTACHMENT/I_DECODER/IP2Bus_Data[10]_i_19_n_0
    SLICE_X112Y95        LUT6 (Prop_D6LUT_SLICEM_I4_O)
                                                      0.022     0.899 f  design_1_i/usp_rf_data_converter_0/inst/i_axi_lite_ipif/I_SLAVE_ATTACHMENT/I_DECODER/IP2Bus_Data[10]_i_11/O
                         net (fo=1, routed)           0.208     1.107    design_1_i/usp_rf_data_converter_0/inst/i_axi_lite_ipif/I_SLAVE_ATTACHMENT/I_DECODER/IP2Bus_Data[10]_i_11_n_0
    SLICE_X115Y103       LUT6 (Prop_C6LUT_SLICEM_I0_O)
                                                      0.050     1.157 f  design_1_i/usp_rf_data_converter_0/inst/i_axi_lite_ipif/I_SLAVE_ATTACHMENT/I_DECODER/IP2Bus_Data[10]_i_5/O
                         net (fo=1, routed)           0.186     1.343    design_1_i/usp_rf_data_converter_0/inst/i_axi_lite_ipif/I_SLAVE_ATTACHMENT/I_DECODER/IP2Bus_Data[10]_i_5_n_0
    SLICE_X110Y113       LUT6 (Prop_D6LUT_SLICEM_I4_O)
                                                      0.014     1.357 r  design_1_i/usp_rf_data_converter_0/inst/i_axi_lite_ipif/I_SLAVE_ATTACHMENT/I_DECODER/IP2Bus_Data[10]_i_1/O
                         net (fo=1, routed)           0.026     1.383    design_1_i/usp_rf_data_converter_0/inst/i_axi_lite_ipif_n_74
    SLICE_X110Y113       FDRE                                         r  design_1_i/usp_rf_data_converter_0/inst/IP2Bus_Data_reg[10]/D
  -------------------------------------------------------------------    -------------------

                         (clock clk_pl_0 rise edge)
                                                      0.000     0.000 r  
    PS8_X0Y0             PS8                          0.000     0.000 r  design_1_i/zynq_ultra_ps_e_0/U0/PS8_i/PLCLK[0]
                         net (fo=1, routed)           0.129     0.129    design_1_i/zynq_ultra_ps_e_0/U0/pl_clk_unbuffered[0]
    BUFG_PS_X0Y58        BUFG_PS (Prop_BUFG_PS_I_O)
                                                      0.018     0.147 r  design_1_i/zynq_ultra_ps_e_0/U0/buffer_pl_clk_0.PL_CLK_0_BUFG/O
    X2Y2 (CLOCK_ROOT)    net (fo=6912, routed)        1.267     1.414    design_1_i/usp_rf_data_converter_0/inst/s_axi_aclk
    SLICE_X110Y113       FDRE                                         r  design_1_i/usp_rf_data_converter_0/inst/IP2Bus_Data_reg[10]/C

Slack:                    inf
  Source:                 design_1_i/usp_rf_data_converter_0/inst/design_1_usp_rf_data_converter_0_0_rf_wrapper_i/rx0_u_adc/INTERNAL_FBRC_DIV2_MUX
                            (rising edge-triggered cell HSADC clocked by RFADC0_CLK  {rise@0.000ns fall@32.000ns period=64.000ns})
  Destination:            design_1_i/usp_rf_data_converter_0/inst/IP2Bus_Data_reg[8]/D
                            (rising edge-triggered cell FDRE clocked by clk_pl_0  {rise@0.000ns fall@5.156ns period=10.312ns})
  Path Group:             (none)
  Path Type:              Hold (Min at Fast Process Corner)
  Data Path Delay:        1.495ns  (logic 0.432ns (28.896%)  route 1.063ns (71.104%))
  Logic Levels:           5  (LUT5=1 LUT6=4)
  Clock Path Skew:        1.407ns (DCD - SCD - CPR)
    Destination Clock Delay (DCD):    1.407ns
    Source Clock Delay      (SCD):    0.000ns
    Clock Pessimism Removal (CPR):    -0.000ns
  Clock Uncertainty:      0.159ns  ((TSJ^2 + DJ^2)^1/2) / 2 + PE
    Total System Jitter     (TSJ):    0.071ns
    Discrete Jitter          (DJ):    0.310ns
    Phase Error              (PE):    0.000ns
  Clock Net Delay (Destination): 1.260ns (routing 0.282ns, distribution 0.978ns)
  Timing Exception:       False Path

    Location             Delay type                Incr(ns)  Path(ns)    Netlist Resource(s)
  -------------------------------------------------------------------    -------------------
                         (clock RFADC0_CLK rise edge)
                                                      0.000     0.000 r  
    HSADC_X0Y0           HSADC                        0.000     0.000 r  design_1_i/usp_rf_data_converter_0/inst/design_1_usp_rf_data_converter_0_0_rf_wrapper_i/rx0_u_adc/INTERNAL_FBRC_DIV2_MUX
  -------------------------------------------------------------------    -------------------
    HSADC_X0Y0           HSADC (Prop_HSADC_INTERNAL_FBRC_DIV2_MUX_STATUS_COMMON[8])
                                                      0.237     0.237 r  design_1_i/usp_rf_data_converter_0/inst/design_1_usp_rf_data_converter_0_0_rf_wrapper_i/rx0_u_adc/STATUS_COMMON[8]
                         net (fo=1, routed)           0.492     0.729    design_1_i/usp_rf_data_converter_0/inst/i_axi_lite_ipif/I_SLAVE_ATTACHMENT/I_DECODER/adc0_common_stat[8]
    SLICE_X109Y93        LUT5 (Prop_C5LUT_SLICEM_I0_O)
                                                      0.060     0.789 r  design_1_i/usp_rf_data_converter_0/inst/i_axi_lite_ipif/I_SLAVE_ATTACHMENT/I_DECODER/IP2Bus_Data[8]_i_29/O
                         net (fo=1, routed)           0.096     0.885    design_1_i/usp_rf_data_converter_0/inst/i_axi_lite_ipif/I_SLAVE_ATTACHMENT/I_DECODER/IP2Bus_Data[8]_i_29_n_0
    SLICE_X109Y93        LUT6 (Prop_F6LUT_SLICEM_I4_O)
                                                      0.022     0.907 f  design_1_i/usp_rf_data_converter_0/inst/i_axi_lite_ipif/I_SLAVE_ATTACHMENT/I_DECODER/IP2Bus_Data[8]_i_18/O
                         net (fo=1, routed)           0.126     1.033    design_1_i/usp_rf_data_converter_0/inst/i_axi_lite_ipif/I_SLAVE_ATTACHMENT/I_DECODER/IP2Bus_Data[8]_i_18_n_0
    SLICE_X113Y95        LUT6 (Prop_C6LUT_SLICEM_I4_O)
                                                      0.050     1.083 f  design_1_i/usp_rf_data_converter_0/inst/i_axi_lite_ipif/I_SLAVE_ATTACHMENT/I_DECODER/IP2Bus_Data[8]_i_6/O
                         net (fo=1, routed)           0.161     1.244    design_1_i/usp_rf_data_converter_0/inst/i_axi_lite_ipif/I_SLAVE_ATTACHMENT/I_DECODER/IP2Bus_Data[8]_i_6_n_0
    SLICE_X114Y101       LUT6 (Prop_H6LUT_SLICEL_I0_O)
                                                      0.041     1.285 f  design_1_i/usp_rf_data_converter_0/inst/i_axi_lite_ipif/I_SLAVE_ATTACHMENT/I_DECODER/IP2Bus_Data[8]_i_2/O
                         net (fo=1, routed)           0.164     1.449    design_1_i/usp_rf_data_converter_0/inst/i_axi_lite_ipif/I_SLAVE_ATTACHMENT/I_DECODER/IP2Bus_Data[8]_i_2_n_0
    SLICE_X112Y113       LUT6 (Prop_C6LUT_SLICEM_I0_O)
                                                      0.022     1.471 r  design_1_i/usp_rf_data_converter_0/inst/i_axi_lite_ipif/I_SLAVE_ATTACHMENT/I_DECODER/IP2Bus_Data[8]_i_1/O
                         net (fo=1, routed)           0.024     1.495    design_1_i/usp_rf_data_converter_0/inst/i_axi_lite_ipif_n_76
    SLICE_X112Y113       FDRE                                         r  design_1_i/usp_rf_data_converter_0/inst/IP2Bus_Data_reg[8]/D
  -------------------------------------------------------------------    -------------------

                         (clock clk_pl_0 rise edge)
                                                      0.000     0.000 r  
    PS8_X0Y0             PS8                          0.000     0.000 r  design_1_i/zynq_ultra_ps_e_0/U0/PS8_i/PLCLK[0]
                         net (fo=1, routed)           0.129     0.129    design_1_i/zynq_ultra_ps_e_0/U0/pl_clk_unbuffered[0]
    BUFG_PS_X0Y58        BUFG_PS (Prop_BUFG_PS_I_O)
                                                      0.018     0.147 r  design_1_i/zynq_ultra_ps_e_0/U0/buffer_pl_clk_0.PL_CLK_0_BUFG/O
    X2Y2 (CLOCK_ROOT)    net (fo=6912, routed)        1.260     1.407    design_1_i/usp_rf_data_converter_0/inst/s_axi_aclk
    SLICE_X112Y113       FDRE                                         r  design_1_i/usp_rf_data_converter_0/inst/IP2Bus_Data_reg[8]/C





--------------------------------------------------------------------------------------
Path Group:  (none)
From Clock:  RFADC1_CLK
  To Clock:  clk_pl_0

Max Delay             8 Endpoints
Min Delay             8 Endpoints
--------------------------------------------------------------------------------------


Max Delay Paths
--------------------------------------------------------------------------------------
Slack:                    inf
  Source:                 design_1_i/usp_rf_data_converter_0/inst/design_1_usp_rf_data_converter_0_0_rf_wrapper_i/rx1_u_adc/INTERNAL_FBRC_DIV2_MUX
                            (rising edge-triggered cell HSADC clocked by RFADC1_CLK  {rise@0.000ns fall@5.000ns period=10.000ns})
  Destination:            design_1_i/usp_rf_data_converter_0/inst/IP2Bus_Data_reg[8]/D
                            (rising edge-triggered cell FDRE clocked by clk_pl_0  {rise@0.000ns fall@5.156ns period=10.312ns})
  Path Group:             (none)
  Path Type:              Setup (Max at Slow Process Corner)
  Data Path Delay:        2.522ns  (logic 1.112ns (44.092%)  route 1.410ns (55.908%))
  Logic Levels:           5  (LUT4=1 LUT5=2 LUT6=2)
  Clock Path Skew:        1.995ns (DCD - SCD + CPR)
    Destination Clock Delay (DCD):    1.995ns
    Source Clock Delay      (SCD):    0.000ns
    Clock Pessimism Removal (CPR):    0.000ns
  Clock Uncertainty:      0.159ns  ((TSJ^2 + DJ^2)^1/2) / 2 + PE
    Total System Jitter     (TSJ):    0.071ns
    Discrete Jitter          (DJ):    0.310ns
    Phase Error              (PE):    0.000ns
  Clock Net Delay (Destination): 1.813ns (routing 0.423ns, distribution 1.390ns)
  Timing Exception:       False Path

    Location             Delay type                Incr(ns)  Path(ns)    Netlist Resource(s)
  -------------------------------------------------------------------    -------------------
                         (clock RFADC1_CLK rise edge)
                                                      0.000     0.000 r  
    HSADC_X0Y1           HSADC                        0.000     0.000 r  design_1_i/usp_rf_data_converter_0/inst/design_1_usp_rf_data_converter_0_0_rf_wrapper_i/rx1_u_adc/INTERNAL_FBRC_DIV2_MUX
  -------------------------------------------------------------------    -------------------
    HSADC_X0Y1           HSADC (Prop_HSADC_INTERNAL_FBRC_DIV2_MUX_STATUS_COMMON[8])
                                                      0.788     0.788 r  design_1_i/usp_rf_data_converter_0/inst/design_1_usp_rf_data_converter_0_0_rf_wrapper_i/rx1_u_adc/STATUS_COMMON[8]
                         net (fo=1, routed)           0.543     1.331    design_1_i/usp_rf_data_converter_0/inst/i_axi_lite_ipif/I_SLAVE_ATTACHMENT/I_DECODER/adc1_common_stat[8]
    SLICE_X111Y97        LUT4 (Prop_B6LUT_SLICEL_I0_O)
                                                      0.098     1.429 f  design_1_i/usp_rf_data_converter_0/inst/i_axi_lite_ipif/I_SLAVE_ATTACHMENT/I_DECODER/IP2Bus_Data[8]_i_36/O
                         net (fo=1, routed)           0.085     1.514    design_1_i/usp_rf_data_converter_0/inst/i_axi_lite_ipif/I_SLAVE_ATTACHMENT/I_DECODER/IP2Bus_Data[8]_i_36_n_0
    SLICE_X110Y97        LUT5 (Prop_C6LUT_SLICEM_I3_O)
                                                      0.051     1.565 f  design_1_i/usp_rf_data_converter_0/inst/i_axi_lite_ipif/I_SLAVE_ATTACHMENT/I_DECODER/IP2Bus_Data[8]_i_25/O
                         net (fo=1, routed)           0.143     1.708    design_1_i/usp_rf_data_converter_0/inst/i_axi_lite_ipif/I_SLAVE_ATTACHMENT/I_DECODER/IP2Bus_Data[8]_i_25_n_0
    SLICE_X110Y98        LUT5 (Prop_F6LUT_SLICEM_I1_O)
                                                      0.088     1.796 f  design_1_i/usp_rf_data_converter_0/inst/i_axi_lite_ipif/I_SLAVE_ATTACHMENT/I_DECODER/IP2Bus_Data[8]_i_10/O
                         net (fo=1, routed)           0.262     2.058    design_1_i/usp_rf_data_converter_0/inst/i_axi_lite_ipif/I_SLAVE_ATTACHMENT/I_DECODER/IP2Bus_Data[8]_i_10_n_0
    SLICE_X114Y101       LUT6 (Prop_H6LUT_SLICEL_I5_O)
                                                      0.036     2.094 f  design_1_i/usp_rf_data_converter_0/inst/i_axi_lite_ipif/I_SLAVE_ATTACHMENT/I_DECODER/IP2Bus_Data[8]_i_2/O
                         net (fo=1, routed)           0.311     2.405    design_1_i/usp_rf_data_converter_0/inst/i_axi_lite_ipif/I_SLAVE_ATTACHMENT/I_DECODER/IP2Bus_Data[8]_i_2_n_0
    SLICE_X112Y113       LUT6 (Prop_C6LUT_SLICEM_I0_O)
                                                      0.051     2.456 r  design_1_i/usp_rf_data_converter_0/inst/i_axi_lite_ipif/I_SLAVE_ATTACHMENT/I_DECODER/IP2Bus_Data[8]_i_1/O
                         net (fo=1, routed)           0.066     2.522    design_1_i/usp_rf_data_converter_0/inst/i_axi_lite_ipif_n_76
    SLICE_X112Y113       FDRE                                         r  design_1_i/usp_rf_data_converter_0/inst/IP2Bus_Data_reg[8]/D
  -------------------------------------------------------------------    -------------------

                         (clock clk_pl_0 rise edge)
                                                      0.000     0.000 r  
    PS8_X0Y0             PS8                          0.000     0.000 r  design_1_i/zynq_ultra_ps_e_0/U0/PS8_i/PLCLK[0]
                         net (fo=1, routed)           0.157     0.157    design_1_i/zynq_ultra_ps_e_0/U0/pl_clk_unbuffered[0]
    BUFG_PS_X0Y58        BUFG_PS (Prop_BUFG_PS_I_O)
                                                      0.025     0.182 r  design_1_i/zynq_ultra_ps_e_0/U0/buffer_pl_clk_0.PL_CLK_0_BUFG/O
    X2Y2 (CLOCK_ROOT)    net (fo=6912, routed)        1.813     1.995    design_1_i/usp_rf_data_converter_0/inst/s_axi_aclk
    SLICE_X112Y113       FDRE                                         r  design_1_i/usp_rf_data_converter_0/inst/IP2Bus_Data_reg[8]/C

Slack:                    inf
  Source:                 design_1_i/usp_rf_data_converter_0/inst/design_1_usp_rf_data_converter_0_0_rf_wrapper_i/rx1_u_adc/INTERNAL_FBRC_DIV2_MUX
                            (rising edge-triggered cell HSADC clocked by RFADC1_CLK  {rise@0.000ns fall@5.000ns period=10.000ns})
  Destination:            design_1_i/usp_rf_data_converter_0/inst/IP2Bus_Data_reg[10]/D
                            (rising edge-triggered cell FDRE clocked by clk_pl_0  {rise@0.000ns fall@5.156ns period=10.312ns})
  Path Group:             (none)
  Path Type:              Setup (Max at Slow Process Corner)
  Data Path Delay:        2.331ns  (logic 0.889ns (38.138%)  route 1.442ns (61.862%))
  Logic Levels:           5  (LUT4=1 LUT5=2 LUT6=2)
  Clock Path Skew:        2.003ns (DCD - SCD + CPR)
    Destination Clock Delay (DCD):    2.003ns
    Source Clock Delay      (SCD):    0.000ns
    Clock Pessimism Removal (CPR):    0.000ns
  Clock Uncertainty:      0.159ns  ((TSJ^2 + DJ^2)^1/2) / 2 + PE
    Total System Jitter     (TSJ):    0.071ns
    Discrete Jitter          (DJ):    0.310ns
    Phase Error              (PE):    0.000ns
  Clock Net Delay (Destination): 1.821ns (routing 0.423ns, distribution 1.398ns)
  Timing Exception:       False Path

    Location             Delay type                Incr(ns)  Path(ns)    Netlist Resource(s)
  -------------------------------------------------------------------    -------------------
                         (clock RFADC1_CLK rise edge)
                                                      0.000     0.000 r  
    HSADC_X0Y1           HSADC                        0.000     0.000 r  design_1_i/usp_rf_data_converter_0/inst/design_1_usp_rf_data_converter_0_0_rf_wrapper_i/rx1_u_adc/INTERNAL_FBRC_DIV2_MUX
  -------------------------------------------------------------------    -------------------
    HSADC_X0Y1           HSADC (Prop_HSADC_INTERNAL_FBRC_DIV2_MUX_STATUS_COMMON[10])
                                                      0.536     0.536 r  design_1_i/usp_rf_data_converter_0/inst/design_1_usp_rf_data_converter_0_0_rf_wrapper_i/rx1_u_adc/STATUS_COMMON[10]
                         net (fo=1, routed)           0.498     1.034    design_1_i/usp_rf_data_converter_0/inst/i_axi_lite_ipif/I_SLAVE_ATTACHMENT/I_DECODER/adc1_common_stat[10]
    SLICE_X111Y96        LUT4 (Prop_B6LUT_SLICEL_I0_O)
                                                      0.098     1.132 f  design_1_i/usp_rf_data_converter_0/inst/i_axi_lite_ipif/I_SLAVE_ATTACHMENT/I_DECODER/IP2Bus_Data[10]_i_36/O
                         net (fo=1, routed)           0.090     1.222    design_1_i/usp_rf_data_converter_0/inst/i_axi_lite_ipif/I_SLAVE_ATTACHMENT/I_DECODER/IP2Bus_Data[10]_i_36_n_0
    SLICE_X111Y96        LUT5 (Prop_D6LUT_SLICEL_I3_O)
                                                      0.036     1.258 f  design_1_i/usp_rf_data_converter_0/inst/i_axi_lite_ipif/I_SLAVE_ATTACHMENT/I_DECODER/IP2Bus_Data[10]_i_26/O
                         net (fo=1, routed)           0.215     1.473    design_1_i/usp_rf_data_converter_0/inst/i_axi_lite_ipif/I_SLAVE_ATTACHMENT/I_DECODER/IP2Bus_Data[10]_i_26_n_0
    SLICE_X113Y97        LUT5 (Prop_C6LUT_SLICEM_I1_O)
                                                      0.145     1.618 f  design_1_i/usp_rf_data_converter_0/inst/i_axi_lite_ipif/I_SLAVE_ATTACHMENT/I_DECODER/IP2Bus_Data[10]_i_15/O
                         net (fo=1, routed)           0.213     1.831    design_1_i/usp_rf_data_converter_0/inst/i_axi_lite_ipif/I_SLAVE_ATTACHMENT/I_DECODER/IP2Bus_Data[10]_i_15_n_0
    SLICE_X115Y103       LUT6 (Prop_C6LUT_SLICEM_I5_O)
                                                      0.037     1.868 f  design_1_i/usp_rf_data_converter_0/inst/i_axi_lite_ipif/I_SLAVE_ATTACHMENT/I_DECODER/IP2Bus_Data[10]_i_5/O
                         net (fo=1, routed)           0.354     2.222    design_1_i/usp_rf_data_converter_0/inst/i_axi_lite_ipif/I_SLAVE_ATTACHMENT/I_DECODER/IP2Bus_Data[10]_i_5_n_0
    SLICE_X110Y113       LUT6 (Prop_D6LUT_SLICEM_I4_O)
                                                      0.037     2.259 r  design_1_i/usp_rf_data_converter_0/inst/i_axi_lite_ipif/I_SLAVE_ATTACHMENT/I_DECODER/IP2Bus_Data[10]_i_1/O
                         net (fo=1, routed)           0.072     2.331    design_1_i/usp_rf_data_converter_0/inst/i_axi_lite_ipif_n_74
    SLICE_X110Y113       FDRE                                         r  design_1_i/usp_rf_data_converter_0/inst/IP2Bus_Data_reg[10]/D
  -------------------------------------------------------------------    -------------------

                         (clock clk_pl_0 rise edge)
                                                      0.000     0.000 r  
    PS8_X0Y0             PS8                          0.000     0.000 r  design_1_i/zynq_ultra_ps_e_0/U0/PS8_i/PLCLK[0]
                         net (fo=1, routed)           0.157     0.157    design_1_i/zynq_ultra_ps_e_0/U0/pl_clk_unbuffered[0]
    BUFG_PS_X0Y58        BUFG_PS (Prop_BUFG_PS_I_O)
                                                      0.025     0.182 r  design_1_i/zynq_ultra_ps_e_0/U0/buffer_pl_clk_0.PL_CLK_0_BUFG/O
    X2Y2 (CLOCK_ROOT)    net (fo=6912, routed)        1.821     2.003    design_1_i/usp_rf_data_converter_0/inst/s_axi_aclk
    SLICE_X110Y113       FDRE                                         r  design_1_i/usp_rf_data_converter_0/inst/IP2Bus_Data_reg[10]/C

Slack:                    inf
  Source:                 design_1_i/usp_rf_data_converter_0/inst/design_1_usp_rf_data_converter_0_0_rf_wrapper_i/rx1_u_adc/INTERNAL_FBRC_DIV2_MUX
                            (rising edge-triggered cell HSADC clocked by RFADC1_CLK  {rise@0.000ns fall@5.000ns period=10.000ns})
  Destination:            design_1_i/usp_rf_data_converter_0/inst/IP2Bus_Data_reg[11]/D
                            (rising edge-triggered cell FDRE clocked by clk_pl_0  {rise@0.000ns fall@5.156ns period=10.312ns})
  Path Group:             (none)
  Path Type:              Setup (Max at Slow Process Corner)
  Data Path Delay:        2.101ns  (logic 0.905ns (43.075%)  route 1.196ns (56.925%))
  Logic Levels:           5  (LUT4=1 LUT5=2 LUT6=2)
  Clock Path Skew:        2.003ns (DCD - SCD + CPR)
    Destination Clock Delay (DCD):    2.003ns
    Source Clock Delay      (SCD):    0.000ns
    Clock Pessimism Removal (CPR):    0.000ns
  Clock Uncertainty:      0.159ns  ((TSJ^2 + DJ^2)^1/2) / 2 + PE
    Total System Jitter     (TSJ):    0.071ns
    Discrete Jitter          (DJ):    0.310ns
    Phase Error              (PE):    0.000ns
  Clock Net Delay (Destination): 1.821ns (routing 0.423ns, distribution 1.398ns)
  Timing Exception:       False Path

    Location             Delay type                Incr(ns)  Path(ns)    Netlist Resource(s)
  -------------------------------------------------------------------    -------------------
                         (clock RFADC1_CLK rise edge)
                                                      0.000     0.000 r  
    HSADC_X0Y1           HSADC                        0.000     0.000 r  design_1_i/usp_rf_data_converter_0/inst/design_1_usp_rf_data_converter_0_0_rf_wrapper_i/rx1_u_adc/INTERNAL_FBRC_DIV2_MUX
  -------------------------------------------------------------------    -------------------
    HSADC_X0Y1           HSADC (Prop_HSADC_INTERNAL_FBRC_DIV2_MUX_STATUS_COMMON[11])
                                                      0.588     0.588 r  design_1_i/usp_rf_data_converter_0/inst/design_1_usp_rf_data_converter_0_0_rf_wrapper_i/rx1_u_adc/STATUS_COMMON[11]
                         net (fo=1, routed)           0.458     1.046    design_1_i/usp_rf_data_converter_0/inst/i_axi_lite_ipif/I_SLAVE_ATTACHMENT/I_DECODER/adc1_common_stat[11]
    SLICE_X111Y96        LUT4 (Prop_A6LUT_SLICEL_I0_O)
                                                      0.035     1.081 f  design_1_i/usp_rf_data_converter_0/inst/i_axi_lite_ipif/I_SLAVE_ATTACHMENT/I_DECODER/IP2Bus_Data[11]_i_45/O
                         net (fo=1, routed)           0.040     1.121    design_1_i/usp_rf_data_converter_0/inst/i_axi_lite_ipif/I_SLAVE_ATTACHMENT/I_DECODER/IP2Bus_Data[11]_i_45_n_0
    SLICE_X111Y96        LUT5 (Prop_C6LUT_SLICEL_I3_O)
                                                      0.035     1.156 f  design_1_i/usp_rf_data_converter_0/inst/i_axi_lite_ipif/I_SLAVE_ATTACHMENT/I_DECODER/IP2Bus_Data[11]_i_29/O
                         net (fo=1, routed)           0.222     1.378    design_1_i/usp_rf_data_converter_0/inst/i_axi_lite_ipif/I_SLAVE_ATTACHMENT/I_DECODER/IP2Bus_Data[11]_i_29_n_0
    SLICE_X114Y100       LUT5 (Prop_E6LUT_SLICEL_I1_O)
                                                      0.123     1.501 f  design_1_i/usp_rf_data_converter_0/inst/i_axi_lite_ipif/I_SLAVE_ATTACHMENT/I_DECODER/IP2Bus_Data[11]_i_10/O
                         net (fo=1, routed)           0.039     1.540    design_1_i/usp_rf_data_converter_0/inst/i_axi_lite_ipif/I_SLAVE_ATTACHMENT/I_DECODER/IP2Bus_Data[11]_i_10_n_0
    SLICE_X114Y100       LUT6 (Prop_D6LUT_SLICEL_I5_O)
                                                      0.036     1.576 f  design_1_i/usp_rf_data_converter_0/inst/i_axi_lite_ipif/I_SLAVE_ATTACHMENT/I_DECODER/IP2Bus_Data[11]_i_2/O
                         net (fo=1, routed)           0.371     1.947    design_1_i/usp_rf_data_converter_0/inst/i_axi_lite_ipif/I_SLAVE_ATTACHMENT/I_DECODER/IP2Bus_Data[11]_i_2_n_0
    SLICE_X110Y113       LUT6 (Prop_C6LUT_SLICEM_I0_O)
                                                      0.088     2.035 r  design_1_i/usp_rf_data_converter_0/inst/i_axi_lite_ipif/I_SLAVE_ATTACHMENT/I_DECODER/IP2Bus_Data[11]_i_1/O
                         net (fo=1, routed)           0.066     2.101    design_1_i/usp_rf_data_converter_0/inst/i_axi_lite_ipif_n_73
    SLICE_X110Y113       FDRE                                         r  design_1_i/usp_rf_data_converter_0/inst/IP2Bus_Data_reg[11]/D
  -------------------------------------------------------------------    -------------------

                         (clock clk_pl_0 rise edge)
                                                      0.000     0.000 r  
    PS8_X0Y0             PS8                          0.000     0.000 r  design_1_i/zynq_ultra_ps_e_0/U0/PS8_i/PLCLK[0]
                         net (fo=1, routed)           0.157     0.157    design_1_i/zynq_ultra_ps_e_0/U0/pl_clk_unbuffered[0]
    BUFG_PS_X0Y58        BUFG_PS (Prop_BUFG_PS_I_O)
                                                      0.025     0.182 r  design_1_i/zynq_ultra_ps_e_0/U0/buffer_pl_clk_0.PL_CLK_0_BUFG/O
    X2Y2 (CLOCK_ROOT)    net (fo=6912, routed)        1.821     2.003    design_1_i/usp_rf_data_converter_0/inst/s_axi_aclk
    SLICE_X110Y113       FDRE                                         r  design_1_i/usp_rf_data_converter_0/inst/IP2Bus_Data_reg[11]/C

Slack:                    inf
  Source:                 design_1_i/usp_rf_data_converter_0/inst/design_1_usp_rf_data_converter_0_0_rf_wrapper_i/rx1_u_adc/INTERNAL_FBRC_DIV2_MUX
                            (rising edge-triggered cell HSADC clocked by RFADC1_CLK  {rise@0.000ns fall@5.000ns period=10.000ns})
  Destination:            design_1_i/usp_rf_data_converter_0/inst/IP2Bus_Data_reg[9]/D
                            (rising edge-triggered cell FDRE clocked by clk_pl_0  {rise@0.000ns fall@5.156ns period=10.312ns})
  Path Group:             (none)
  Path Type:              Setup (Max at Slow Process Corner)
  Data Path Delay:        2.066ns  (logic 0.922ns (44.627%)  route 1.144ns (55.373%))
  Logic Levels:           4  (LUT5=2 LUT6=2)
  Clock Path Skew:        2.008ns (DCD - SCD + CPR)
    Destination Clock Delay (DCD):    2.008ns
    Source Clock Delay      (SCD):    0.000ns
    Clock Pessimism Removal (CPR):    0.000ns
  Clock Uncertainty:      0.159ns  ((TSJ^2 + DJ^2)^1/2) / 2 + PE
    Total System Jitter     (TSJ):    0.071ns
    Discrete Jitter          (DJ):    0.310ns
    Phase Error              (PE):    0.000ns
  Clock Net Delay (Destination): 1.826ns (routing 0.423ns, distribution 1.403ns)
  Timing Exception:       False Path

    Location             Delay type                Incr(ns)  Path(ns)    Netlist Resource(s)
  -------------------------------------------------------------------    -------------------
                         (clock RFADC1_CLK rise edge)
                                                      0.000     0.000 r  
    HSADC_X0Y1           HSADC                        0.000     0.000 r  design_1_i/usp_rf_data_converter_0/inst/design_1_usp_rf_data_converter_0_0_rf_wrapper_i/rx1_u_adc/INTERNAL_FBRC_DIV2_MUX
  -------------------------------------------------------------------    -------------------
    HSADC_X0Y1           HSADC (Prop_HSADC_INTERNAL_FBRC_DIV2_MUX_STATUS_COMMON[9])
                                                      0.532     0.532 r  design_1_i/usp_rf_data_converter_0/inst/design_1_usp_rf_data_converter_0_0_rf_wrapper_i/rx1_u_adc/STATUS_COMMON[9]
                         net (fo=1, routed)           0.529     1.061    design_1_i/usp_rf_data_converter_0/inst/i_axi_lite_ipif/I_SLAVE_ATTACHMENT/I_DECODER/adc1_common_stat[9]
    SLICE_X113Y96        LUT5 (Prop_B6LUT_SLICEM_I4_O)
                                                      0.089     1.150 r  design_1_i/usp_rf_data_converter_0/inst/i_axi_lite_ipif/I_SLAVE_ATTACHMENT/I_DECODER/IP2Bus_Data[9]_i_41/O
                         net (fo=1, routed)           0.048     1.198    design_1_i/usp_rf_data_converter_0/inst/i_axi_lite_ipif/I_SLAVE_ATTACHMENT/I_DECODER/IP2Bus_Data[9]_i_41_n_0
    SLICE_X113Y96        LUT5 (Prop_H6LUT_SLICEM_I3_O)
                                                      0.101     1.299 r  design_1_i/usp_rf_data_converter_0/inst/i_axi_lite_ipif/I_SLAVE_ATTACHMENT/I_DECODER/IP2Bus_Data[9]_i_20/O
                         net (fo=1, routed)           0.248     1.547    design_1_i/usp_rf_data_converter_0/inst/i_axi_lite_ipif/I_SLAVE_ATTACHMENT/I_DECODER/IP2Bus_Data[9]_i_20_n_0
    SLICE_X114Y102       LUT6 (Prop_E6LUT_SLICEL_I4_O)
                                                      0.147     1.694 r  design_1_i/usp_rf_data_converter_0/inst/i_axi_lite_ipif/I_SLAVE_ATTACHMENT/I_DECODER/IP2Bus_Data[9]_i_6/O
                         net (fo=1, routed)           0.261     1.955    design_1_i/usp_rf_data_converter_0/inst/i_axi_lite_ipif/I_SLAVE_ATTACHMENT/I_DECODER/IP2Bus_Data[9]_i_6_n_0
    SLICE_X113Y108       LUT6 (Prop_H6LUT_SLICEM_I4_O)
                                                      0.053     2.008 r  design_1_i/usp_rf_data_converter_0/inst/i_axi_lite_ipif/I_SLAVE_ATTACHMENT/I_DECODER/IP2Bus_Data[9]_i_1/O
                         net (fo=1, routed)           0.058     2.066    design_1_i/usp_rf_data_converter_0/inst/i_axi_lite_ipif_n_75
    SLICE_X113Y108       FDRE                                         r  design_1_i/usp_rf_data_converter_0/inst/IP2Bus_Data_reg[9]/D
  -------------------------------------------------------------------    -------------------

                         (clock clk_pl_0 rise edge)
                                                      0.000     0.000 r  
    PS8_X0Y0             PS8                          0.000     0.000 r  design_1_i/zynq_ultra_ps_e_0/U0/PS8_i/PLCLK[0]
                         net (fo=1, routed)           0.157     0.157    design_1_i/zynq_ultra_ps_e_0/U0/pl_clk_unbuffered[0]
    BUFG_PS_X0Y58        BUFG_PS (Prop_BUFG_PS_I_O)
                                                      0.025     0.182 r  design_1_i/zynq_ultra_ps_e_0/U0/buffer_pl_clk_0.PL_CLK_0_BUFG/O
    X2Y2 (CLOCK_ROOT)    net (fo=6912, routed)        1.826     2.008    design_1_i/usp_rf_data_converter_0/inst/s_axi_aclk
    SLICE_X113Y108       FDRE                                         r  design_1_i/usp_rf_data_converter_0/inst/IP2Bus_Data_reg[9]/C

Slack:                    inf
  Source:                 design_1_i/usp_rf_data_converter_0/inst/design_1_usp_rf_data_converter_0_0_rf_wrapper_i/rx1_u_adc/INTERNAL_FBRC_DIV2_MUX
                            (rising edge-triggered cell HSADC clocked by RFADC1_CLK  {rise@0.000ns fall@5.000ns period=10.000ns})
  Destination:            design_1_i/usp_rf_data_converter_0/inst/IP2Bus_Data_reg[12]/D
                            (rising edge-triggered cell FDRE clocked by clk_pl_0  {rise@0.000ns fall@5.156ns period=10.312ns})
  Path Group:             (none)
  Path Type:              Setup (Max at Slow Process Corner)
  Data Path Delay:        2.047ns  (logic 0.963ns (47.044%)  route 1.084ns (52.956%))
  Logic Levels:           4  (LUT5=1 LUT6=3)
  Clock Path Skew:        2.003ns (DCD - SCD + CPR)
    Destination Clock Delay (DCD):    2.003ns
    Source Clock Delay      (SCD):    0.000ns
    Clock Pessimism Removal (CPR):    0.000ns
  Clock Uncertainty:      0.159ns  ((TSJ^2 + DJ^2)^1/2) / 2 + PE
    Total System Jitter     (TSJ):    0.071ns
    Discrete Jitter          (DJ):    0.310ns
    Phase Error              (PE):    0.000ns
  Clock Net Delay (Destination): 1.821ns (routing 0.423ns, distribution 1.398ns)
  Timing Exception:       False Path

    Location             Delay type                Incr(ns)  Path(ns)    Netlist Resource(s)
  -------------------------------------------------------------------    -------------------
                         (clock RFADC1_CLK rise edge)
                                                      0.000     0.000 r  
    HSADC_X0Y1           HSADC                        0.000     0.000 r  design_1_i/usp_rf_data_converter_0/inst/design_1_usp_rf_data_converter_0_0_rf_wrapper_i/rx1_u_adc/INTERNAL_FBRC_DIV2_MUX
  -------------------------------------------------------------------    -------------------
    HSADC_X0Y1           HSADC (Prop_HSADC_INTERNAL_FBRC_DIV2_MUX_STATUS_COMMON[12])
                                                      0.611     0.611 r  design_1_i/usp_rf_data_converter_0/inst/design_1_usp_rf_data_converter_0_0_rf_wrapper_i/rx1_u_adc/STATUS_COMMON[12]
                         net (fo=1, routed)           0.503     1.114    design_1_i/usp_rf_data_converter_0/inst/i_axi_lite_ipif/I_SLAVE_ATTACHMENT/I_DECODER/adc1_common_stat[12]
    SLICE_X111Y96        LUT5 (Prop_H6LUT_SLICEL_I3_O)
                                                      0.090     1.204 f  design_1_i/usp_rf_data_converter_0/inst/i_axi_lite_ipif/I_SLAVE_ATTACHMENT/I_DECODER/IP2Bus_Data[12]_i_31/O
                         net (fo=1, routed)           0.087     1.291    design_1_i/usp_rf_data_converter_0/inst/i_axi_lite_ipif/I_SLAVE_ATTACHMENT/I_DECODER/IP2Bus_Data[12]_i_31_n_0
    SLICE_X110Y96        LUT6 (Prop_H6LUT_SLICEM_I5_O)
                                                      0.039     1.330 r  design_1_i/usp_rf_data_converter_0/inst/i_axi_lite_ipif/I_SLAVE_ATTACHMENT/I_DECODER/IP2Bus_Data[12]_i_13/O
                         net (fo=1, routed)           0.237     1.567    design_1_i/usp_rf_data_converter_0/inst/i_axi_lite_ipif/I_SLAVE_ATTACHMENT/I_DECODER/IP2Bus_Data[12]_i_13_n_0
    SLICE_X114Y100       LUT6 (Prop_C6LUT_SLICEL_I5_O)
                                                      0.123     1.690 r  design_1_i/usp_rf_data_converter_0/inst/i_axi_lite_ipif/I_SLAVE_ATTACHMENT/I_DECODER/IP2Bus_Data[12]_i_3/O
                         net (fo=1, routed)           0.204     1.894    design_1_i/usp_rf_data_converter_0/inst/i_axi_lite_ipif/I_SLAVE_ATTACHMENT/I_DECODER/IP2Bus_Data[12]_i_3_n_0
    SLICE_X113Y106       LUT6 (Prop_A6LUT_SLICEM_I1_O)
                                                      0.100     1.994 r  design_1_i/usp_rf_data_converter_0/inst/i_axi_lite_ipif/I_SLAVE_ATTACHMENT/I_DECODER/IP2Bus_Data[12]_i_1/O
                         net (fo=1, routed)           0.053     2.047    design_1_i/usp_rf_data_converter_0/inst/i_axi_lite_ipif_n_72
    SLICE_X113Y106       FDRE                                         r  design_1_i/usp_rf_data_converter_0/inst/IP2Bus_Data_reg[12]/D
  -------------------------------------------------------------------    -------------------

                         (clock clk_pl_0 rise edge)
                                                      0.000     0.000 r  
    PS8_X0Y0             PS8                          0.000     0.000 r  design_1_i/zynq_ultra_ps_e_0/U0/PS8_i/PLCLK[0]
                         net (fo=1, routed)           0.157     0.157    design_1_i/zynq_ultra_ps_e_0/U0/pl_clk_unbuffered[0]
    BUFG_PS_X0Y58        BUFG_PS (Prop_BUFG_PS_I_O)
                                                      0.025     0.182 r  design_1_i/zynq_ultra_ps_e_0/U0/buffer_pl_clk_0.PL_CLK_0_BUFG/O
    X2Y2 (CLOCK_ROOT)    net (fo=6912, routed)        1.821     2.003    design_1_i/usp_rf_data_converter_0/inst/s_axi_aclk
    SLICE_X113Y106       FDRE                                         r  design_1_i/usp_rf_data_converter_0/inst/IP2Bus_Data_reg[12]/C

Slack:                    inf
  Source:                 design_1_i/usp_rf_data_converter_0/inst/design_1_usp_rf_data_converter_0_0_rf_wrapper_i/rx1_u_adc/INTERNAL_FBRC_DIV2_MUX
                            (rising edge-triggered cell HSADC clocked by RFADC1_CLK  {rise@0.000ns fall@5.000ns period=10.000ns})
  Destination:            design_1_i/usp_rf_data_converter_0/inst/IP2Bus_Data_reg[13]/D
                            (rising edge-triggered cell FDRE clocked by clk_pl_0  {rise@0.000ns fall@5.156ns period=10.312ns})
  Path Group:             (none)
  Path Type:              Setup (Max at Slow Process Corner)
  Data Path Delay:        1.976ns  (logic 1.070ns (54.150%)  route 0.906ns (45.850%))
  Logic Levels:           4  (LUT5=2 LUT6=2)
  Clock Path Skew:        1.998ns (DCD - SCD + CPR)
    Destination Clock Delay (DCD):    1.998ns
    Source Clock Delay      (SCD):    0.000ns
    Clock Pessimism Removal (CPR):    0.000ns
  Clock Uncertainty:      0.159ns  ((TSJ^2 + DJ^2)^1/2) / 2 + PE
    Total System Jitter     (TSJ):    0.071ns
    Discrete Jitter          (DJ):    0.310ns
    Phase Error              (PE):    0.000ns
  Clock Net Delay (Destination): 1.816ns (routing 0.423ns, distribution 1.393ns)
  Timing Exception:       False Path

    Location             Delay type                Incr(ns)  Path(ns)    Netlist Resource(s)
  -------------------------------------------------------------------    -------------------
                         (clock RFADC1_CLK rise edge)
                                                      0.000     0.000 r  
    HSADC_X0Y1           HSADC                        0.000     0.000 r  design_1_i/usp_rf_data_converter_0/inst/design_1_usp_rf_data_converter_0_0_rf_wrapper_i/rx1_u_adc/INTERNAL_FBRC_DIV2_MUX
  -------------------------------------------------------------------    -------------------
    HSADC_X0Y1           HSADC (Prop_HSADC_INTERNAL_FBRC_DIV2_MUX_STATUS_COMMON[13])
                                                      0.771     0.771 r  design_1_i/usp_rf_data_converter_0/inst/design_1_usp_rf_data_converter_0_0_rf_wrapper_i/rx1_u_adc/STATUS_COMMON[13]
                         net (fo=1, routed)           0.425     1.196    design_1_i/usp_rf_data_converter_0/inst/i_axi_lite_ipif/I_SLAVE_ATTACHMENT/I_DECODER/adc1_common_stat[13]
    SLICE_X113Y96        LUT5 (Prop_C6LUT_SLICEM_I4_O)
                                                      0.123     1.319 r  design_1_i/usp_rf_data_converter_0/inst/i_axi_lite_ipif/I_SLAVE_ATTACHMENT/I_DECODER/IP2Bus_Data[13]_i_28/O
                         net (fo=1, routed)           0.087     1.406    design_1_i/usp_rf_data_converter_0/inst/i_axi_lite_ipif/I_SLAVE_ATTACHMENT/I_DECODER/IP2Bus_Data[13]_i_28_n_0
    SLICE_X113Y97        LUT5 (Prop_B6LUT_SLICEM_I4_O)
                                                      0.037     1.443 r  design_1_i/usp_rf_data_converter_0/inst/i_axi_lite_ipif/I_SLAVE_ATTACHMENT/I_DECODER/IP2Bus_Data[13]_i_14/O
                         net (fo=1, routed)           0.213     1.656    design_1_i/usp_rf_data_converter_0/inst/i_axi_lite_ipif/I_SLAVE_ATTACHMENT/I_DECODER/IP2Bus_Data[13]_i_14_n_0
    SLICE_X114Y101       LUT6 (Prop_C6LUT_SLICEL_I0_O)
                                                      0.050     1.706 f  design_1_i/usp_rf_data_converter_0/inst/i_axi_lite_ipif/I_SLAVE_ATTACHMENT/I_DECODER/IP2Bus_Data[13]_i_5/O
                         net (fo=1, routed)           0.132     1.838    design_1_i/usp_rf_data_converter_0/inst/i_axi_lite_ipif/I_SLAVE_ATTACHMENT/I_DECODER/IP2Bus_Data[13]_i_5_n_0
    SLICE_X114Y105       LUT6 (Prop_D6LUT_SLICEL_I3_O)
                                                      0.089     1.927 r  design_1_i/usp_rf_data_converter_0/inst/i_axi_lite_ipif/I_SLAVE_ATTACHMENT/I_DECODER/IP2Bus_Data[13]_i_1/O
                         net (fo=1, routed)           0.049     1.976    design_1_i/usp_rf_data_converter_0/inst/i_axi_lite_ipif_n_71
    SLICE_X114Y105       FDRE                                         r  design_1_i/usp_rf_data_converter_0/inst/IP2Bus_Data_reg[13]/D
  -------------------------------------------------------------------    -------------------

                         (clock clk_pl_0 rise edge)
                                                      0.000     0.000 r  
    PS8_X0Y0             PS8                          0.000     0.000 r  design_1_i/zynq_ultra_ps_e_0/U0/PS8_i/PLCLK[0]
                         net (fo=1, routed)           0.157     0.157    design_1_i/zynq_ultra_ps_e_0/U0/pl_clk_unbuffered[0]
    BUFG_PS_X0Y58        BUFG_PS (Prop_BUFG_PS_I_O)
                                                      0.025     0.182 r  design_1_i/zynq_ultra_ps_e_0/U0/buffer_pl_clk_0.PL_CLK_0_BUFG/O
    X2Y2 (CLOCK_ROOT)    net (fo=6912, routed)        1.816     1.998    design_1_i/usp_rf_data_converter_0/inst/s_axi_aclk
    SLICE_X114Y105       FDRE                                         r  design_1_i/usp_rf_data_converter_0/inst/IP2Bus_Data_reg[13]/C

Slack:                    inf
  Source:                 design_1_i/usp_rf_data_converter_0/inst/design_1_usp_rf_data_converter_0_0_rf_wrapper_i/rx1_u_adc/INTERNAL_FBRC_DIV2_MUX
                            (rising edge-triggered cell HSADC clocked by RFADC1_CLK  {rise@0.000ns fall@5.000ns period=10.000ns})
  Destination:            design_1_i/usp_rf_data_converter_0/inst/IP2Bus_Data_reg[14]/D
                            (rising edge-triggered cell FDRE clocked by clk_pl_0  {rise@0.000ns fall@5.156ns period=10.312ns})
  Path Group:             (none)
  Path Type:              Setup (Max at Slow Process Corner)
  Data Path Delay:        1.898ns  (logic 0.963ns (50.738%)  route 0.935ns (49.262%))
  Logic Levels:           3  (LUT6=3)
  Clock Path Skew:        1.993ns (DCD - SCD + CPR)
    Destination Clock Delay (DCD):    1.993ns
    Source Clock Delay      (SCD):    0.000ns
    Clock Pessimism Removal (CPR):    0.000ns
  Clock Uncertainty:      0.159ns  ((TSJ^2 + DJ^2)^1/2) / 2 + PE
    Total System Jitter     (TSJ):    0.071ns
    Discrete Jitter          (DJ):    0.310ns
    Phase Error              (PE):    0.000ns
  Clock Net Delay (Destination): 1.811ns (routing 0.423ns, distribution 1.388ns)
  Timing Exception:       False Path

    Location             Delay type                Incr(ns)  Path(ns)    Netlist Resource(s)
  -------------------------------------------------------------------    -------------------
                         (clock RFADC1_CLK rise edge)
                                                      0.000     0.000 r  
    HSADC_X0Y1           HSADC                        0.000     0.000 r  design_1_i/usp_rf_data_converter_0/inst/design_1_usp_rf_data_converter_0_0_rf_wrapper_i/rx1_u_adc/INTERNAL_FBRC_DIV2_MUX
  -------------------------------------------------------------------    -------------------
    HSADC_X0Y1           HSADC (Prop_HSADC_INTERNAL_FBRC_DIV2_MUX_STATUS_COMMON[14])
                                                      0.698     0.698 r  design_1_i/usp_rf_data_converter_0/inst/design_1_usp_rf_data_converter_0_0_rf_wrapper_i/rx1_u_adc/STATUS_COMMON[14]
                         net (fo=1, routed)           0.589     1.287    design_1_i/usp_rf_data_converter_0/inst/i_axi_lite_ipif/I_SLAVE_ATTACHMENT/I_DECODER/adc1_common_stat[14]
    SLICE_X115Y97        LUT6 (Prop_H6LUT_SLICEM_I0_O)
                                                      0.125     1.412 r  design_1_i/usp_rf_data_converter_0/inst/i_axi_lite_ipif/I_SLAVE_ATTACHMENT/I_DECODER/IP2Bus_Data[14]_i_24/O
                         net (fo=1, routed)           0.091     1.503    design_1_i/usp_rf_data_converter_0/inst/i_axi_lite_ipif/I_SLAVE_ATTACHMENT/I_DECODER/IP2Bus_Data[14]_i_24_n_0
    SLICE_X114Y97        LUT6 (Prop_H6LUT_SLICEL_I3_O)
                                                      0.051     1.554 r  design_1_i/usp_rf_data_converter_0/inst/i_axi_lite_ipif/I_SLAVE_ATTACHMENT/I_DECODER/IP2Bus_Data[14]_i_7/O
                         net (fo=1, routed)           0.206     1.760    design_1_i/usp_rf_data_converter_0/inst/i_axi_lite_ipif/I_SLAVE_ATTACHMENT/I_DECODER/IP2Bus_Data[14]_i_7_n_0
    SLICE_X114Y104       LUT6 (Prop_D6LUT_SLICEL_I5_O)
                                                      0.089     1.849 r  design_1_i/usp_rf_data_converter_0/inst/i_axi_lite_ipif/I_SLAVE_ATTACHMENT/I_DECODER/IP2Bus_Data[14]_i_1/O
                         net (fo=1, routed)           0.049     1.898    design_1_i/usp_rf_data_converter_0/inst/i_axi_lite_ipif_n_70
    SLICE_X114Y104       FDRE                                         r  design_1_i/usp_rf_data_converter_0/inst/IP2Bus_Data_reg[14]/D
  -------------------------------------------------------------------    -------------------

                         (clock clk_pl_0 rise edge)
                                                      0.000     0.000 r  
    PS8_X0Y0             PS8                          0.000     0.000 r  design_1_i/zynq_ultra_ps_e_0/U0/PS8_i/PLCLK[0]
                         net (fo=1, routed)           0.157     0.157    design_1_i/zynq_ultra_ps_e_0/U0/pl_clk_unbuffered[0]
    BUFG_PS_X0Y58        BUFG_PS (Prop_BUFG_PS_I_O)
                                                      0.025     0.182 r  design_1_i/zynq_ultra_ps_e_0/U0/buffer_pl_clk_0.PL_CLK_0_BUFG/O
    X2Y2 (CLOCK_ROOT)    net (fo=6912, routed)        1.811     1.993    design_1_i/usp_rf_data_converter_0/inst/s_axi_aclk
    SLICE_X114Y104       FDRE                                         r  design_1_i/usp_rf_data_converter_0/inst/IP2Bus_Data_reg[14]/C

Slack:                    inf
  Source:                 design_1_i/usp_rf_data_converter_0/inst/design_1_usp_rf_data_converter_0_0_rf_wrapper_i/rx1_u_adc/INTERNAL_FBRC_DIV2_MUX
                            (rising edge-triggered cell HSADC clocked by RFADC1_CLK  {rise@0.000ns fall@5.000ns period=10.000ns})
  Destination:            design_1_i/usp_rf_data_converter_0/inst/IP2Bus_Data_reg[15]/D
                            (rising edge-triggered cell FDRE clocked by clk_pl_0  {rise@0.000ns fall@5.156ns period=10.312ns})
  Path Group:             (none)
  Path Type:              Setup (Max at Slow Process Corner)
  Data Path Delay:        1.611ns  (logic 0.683ns (42.396%)  route 0.928ns (57.604%))
  Logic Levels:           4  (LUT5=1 LUT6=3)
  Clock Path Skew:        1.998ns (DCD - SCD + CPR)
    Destination Clock Delay (DCD):    1.998ns
    Source Clock Delay      (SCD):    0.000ns
    Clock Pessimism Removal (CPR):    0.000ns
  Clock Uncertainty:      0.159ns  ((TSJ^2 + DJ^2)^1/2) / 2 + PE
    Total System Jitter     (TSJ):    0.071ns
    Discrete Jitter          (DJ):    0.310ns
    Phase Error              (PE):    0.000ns
  Clock Net Delay (Destination): 1.816ns (routing 0.423ns, distribution 1.393ns)
  Timing Exception:       False Path

    Location             Delay type                Incr(ns)  Path(ns)    Netlist Resource(s)
  -------------------------------------------------------------------    -------------------
                         (clock RFADC1_CLK rise edge)
                                                      0.000     0.000 r  
    HSADC_X0Y1           HSADC                        0.000     0.000 r  design_1_i/usp_rf_data_converter_0/inst/design_1_usp_rf_data_converter_0_0_rf_wrapper_i/rx1_u_adc/INTERNAL_FBRC_DIV2_MUX
  -------------------------------------------------------------------    -------------------
    HSADC_X0Y1           HSADC (Prop_HSADC_INTERNAL_FBRC_DIV2_MUX_STATUS_COMMON[15])
                                                      0.525     0.525 r  design_1_i/usp_rf_data_converter_0/inst/design_1_usp_rf_data_converter_0_0_rf_wrapper_i/rx1_u_adc/STATUS_COMMON[15]
                         net (fo=1, routed)           0.363     0.888    design_1_i/usp_rf_data_converter_0/inst/i_axi_lite_ipif/I_SLAVE_ATTACHMENT/I_DECODER/adc1_common_stat[15]
    SLICE_X116Y96        LUT5 (Prop_E6LUT_SLICEL_I4_O)
                                                      0.035     0.923 r  design_1_i/usp_rf_data_converter_0/inst/i_axi_lite_ipif/I_SLAVE_ATTACHMENT/I_DECODER/IP2Bus_Data[15]_i_53/O
                         net (fo=1, routed)           0.038     0.961    design_1_i/usp_rf_data_converter_0/inst/i_axi_lite_ipif/I_SLAVE_ATTACHMENT/I_DECODER/IP2Bus_Data[15]_i_53_n_0
    SLICE_X116Y96        LUT6 (Prop_C6LUT_SLICEL_I3_O)
                                                      0.035     0.996 r  design_1_i/usp_rf_data_converter_0/inst/i_axi_lite_ipif/I_SLAVE_ATTACHMENT/I_DECODER/IP2Bus_Data[15]_i_22/O
                         net (fo=1, routed)           0.322     1.318    design_1_i/usp_rf_data_converter_0/inst/i_axi_lite_ipif/I_SLAVE_ATTACHMENT/I_DECODER/IP2Bus_Data[15]_i_22_n_0
    SLICE_X115Y105       LUT6 (Prop_H6LUT_SLICEM_I5_O)
                                                      0.053     1.371 f  design_1_i/usp_rf_data_converter_0/inst/i_axi_lite_ipif/I_SLAVE_ATTACHMENT/I_DECODER/IP2Bus_Data[15]_i_5/O
                         net (fo=1, routed)           0.155     1.526    design_1_i/usp_rf_data_converter_0/inst/i_axi_lite_ipif/I_SLAVE_ATTACHMENT/I_DECODER/IP2Bus_Data[15]_i_5_n_0
    SLICE_X114Y105       LUT6 (Prop_C6LUT_SLICEL_I3_O)
                                                      0.035     1.561 r  design_1_i/usp_rf_data_converter_0/inst/i_axi_lite_ipif/I_SLAVE_ATTACHMENT/I_DECODER/IP2Bus_Data[15]_i_1/O
                         net (fo=1, routed)           0.050     1.611    design_1_i/usp_rf_data_converter_0/inst/i_axi_lite_ipif_n_69
    SLICE_X114Y105       FDRE                                         r  design_1_i/usp_rf_data_converter_0/inst/IP2Bus_Data_reg[15]/D
  -------------------------------------------------------------------    -------------------

                         (clock clk_pl_0 rise edge)
                                                      0.000     0.000 r  
    PS8_X0Y0             PS8                          0.000     0.000 r  design_1_i/zynq_ultra_ps_e_0/U0/PS8_i/PLCLK[0]
                         net (fo=1, routed)           0.157     0.157    design_1_i/zynq_ultra_ps_e_0/U0/pl_clk_unbuffered[0]
    BUFG_PS_X0Y58        BUFG_PS (Prop_BUFG_PS_I_O)
                                                      0.025     0.182 r  design_1_i/zynq_ultra_ps_e_0/U0/buffer_pl_clk_0.PL_CLK_0_BUFG/O
    X2Y2 (CLOCK_ROOT)    net (fo=6912, routed)        1.816     1.998    design_1_i/usp_rf_data_converter_0/inst/s_axi_aclk
    SLICE_X114Y105       FDRE                                         r  design_1_i/usp_rf_data_converter_0/inst/IP2Bus_Data_reg[15]/C





Min Delay Paths
--------------------------------------------------------------------------------------
Slack:                    inf
  Source:                 design_1_i/usp_rf_data_converter_0/inst/design_1_usp_rf_data_converter_0_0_rf_wrapper_i/rx1_u_adc/INTERNAL_FBRC_DIV2_MUX
                            (rising edge-triggered cell HSADC clocked by RFADC1_CLK  {rise@0.000ns fall@5.000ns period=10.000ns})
  Destination:            design_1_i/usp_rf_data_converter_0/inst/IP2Bus_Data_reg[15]/D
                            (rising edge-triggered cell FDRE clocked by clk_pl_0  {rise@0.000ns fall@5.156ns period=10.312ns})
  Path Group:             (none)
  Path Type:              Hold (Min at Fast Process Corner)
  Data Path Delay:        0.762ns  (logic 0.315ns (41.339%)  route 0.447ns (58.661%))
  Logic Levels:           4  (LUT5=1 LUT6=3)
  Clock Path Skew:        1.408ns (DCD - SCD - CPR)
    Destination Clock Delay (DCD):    1.408ns
    Source Clock Delay      (SCD):    0.000ns
    Clock Pessimism Removal (CPR):    -0.000ns
  Clock Uncertainty:      0.159ns  ((TSJ^2 + DJ^2)^1/2) / 2 + PE
    Total System Jitter     (TSJ):    0.071ns
    Discrete Jitter          (DJ):    0.310ns
    Phase Error              (PE):    0.000ns
  Clock Net Delay (Destination): 1.261ns (routing 0.282ns, distribution 0.979ns)
  Timing Exception:       False Path

    Location             Delay type                Incr(ns)  Path(ns)    Netlist Resource(s)
  -------------------------------------------------------------------    -------------------
                         (clock RFADC1_CLK rise edge)
                                                      0.000     0.000 r  
    HSADC_X0Y1           HSADC                        0.000     0.000 r  design_1_i/usp_rf_data_converter_0/inst/design_1_usp_rf_data_converter_0_0_rf_wrapper_i/rx1_u_adc/INTERNAL_FBRC_DIV2_MUX
  -------------------------------------------------------------------    -------------------
    HSADC_X0Y1           HSADC (Prop_HSADC_INTERNAL_FBRC_DIV2_MUX_STATUS_COMMON[15])
                                                      0.250     0.250 r  design_1_i/usp_rf_data_converter_0/inst/design_1_usp_rf_data_converter_0_0_rf_wrapper_i/rx1_u_adc/STATUS_COMMON[15]
                         net (fo=1, routed)           0.166     0.416    design_1_i/usp_rf_data_converter_0/inst/i_axi_lite_ipif/I_SLAVE_ATTACHMENT/I_DECODER/adc1_common_stat[15]
    SLICE_X116Y96        LUT5 (Prop_E6LUT_SLICEL_I4_O)
                                                      0.014     0.430 r  design_1_i/usp_rf_data_converter_0/inst/i_axi_lite_ipif/I_SLAVE_ATTACHMENT/I_DECODER/IP2Bus_Data[15]_i_53/O
                         net (fo=1, routed)           0.022     0.452    design_1_i/usp_rf_data_converter_0/inst/i_axi_lite_ipif/I_SLAVE_ATTACHMENT/I_DECODER/IP2Bus_Data[15]_i_53_n_0
    SLICE_X116Y96        LUT6 (Prop_C6LUT_SLICEL_I3_O)
                                                      0.014     0.466 r  design_1_i/usp_rf_data_converter_0/inst/i_axi_lite_ipif/I_SLAVE_ATTACHMENT/I_DECODER/IP2Bus_Data[15]_i_22/O
                         net (fo=1, routed)           0.163     0.629    design_1_i/usp_rf_data_converter_0/inst/i_axi_lite_ipif/I_SLAVE_ATTACHMENT/I_DECODER/IP2Bus_Data[15]_i_22_n_0
    SLICE_X115Y105       LUT6 (Prop_H6LUT_SLICEM_I5_O)
                                                      0.023     0.652 f  design_1_i/usp_rf_data_converter_0/inst/i_axi_lite_ipif/I_SLAVE_ATTACHMENT/I_DECODER/IP2Bus_Data[15]_i_5/O
                         net (fo=1, routed)           0.079     0.731    design_1_i/usp_rf_data_converter_0/inst/i_axi_lite_ipif/I_SLAVE_ATTACHMENT/I_DECODER/IP2Bus_Data[15]_i_5_n_0
    SLICE_X114Y105       LUT6 (Prop_C6LUT_SLICEL_I3_O)
                                                      0.014     0.745 r  design_1_i/usp_rf_data_converter_0/inst/i_axi_lite_ipif/I_SLAVE_ATTACHMENT/I_DECODER/IP2Bus_Data[15]_i_1/O
                         net (fo=1, routed)           0.017     0.762    design_1_i/usp_rf_data_converter_0/inst/i_axi_lite_ipif_n_69
    SLICE_X114Y105       FDRE                                         r  design_1_i/usp_rf_data_converter_0/inst/IP2Bus_Data_reg[15]/D
  -------------------------------------------------------------------    -------------------

                         (clock clk_pl_0 rise edge)
                                                      0.000     0.000 r  
    PS8_X0Y0             PS8                          0.000     0.000 r  design_1_i/zynq_ultra_ps_e_0/U0/PS8_i/PLCLK[0]
                         net (fo=1, routed)           0.129     0.129    design_1_i/zynq_ultra_ps_e_0/U0/pl_clk_unbuffered[0]
    BUFG_PS_X0Y58        BUFG_PS (Prop_BUFG_PS_I_O)
                                                      0.018     0.147 r  design_1_i/zynq_ultra_ps_e_0/U0/buffer_pl_clk_0.PL_CLK_0_BUFG/O
    X2Y2 (CLOCK_ROOT)    net (fo=6912, routed)        1.261     1.408    design_1_i/usp_rf_data_converter_0/inst/s_axi_aclk
    SLICE_X114Y105       FDRE                                         r  design_1_i/usp_rf_data_converter_0/inst/IP2Bus_Data_reg[15]/C

Slack:                    inf
  Source:                 design_1_i/usp_rf_data_converter_0/inst/design_1_usp_rf_data_converter_0_0_rf_wrapper_i/rx1_u_adc/INTERNAL_FBRC_DIV2_MUX
                            (rising edge-triggered cell HSADC clocked by RFADC1_CLK  {rise@0.000ns fall@5.000ns period=10.000ns})
  Destination:            design_1_i/usp_rf_data_converter_0/inst/IP2Bus_Data_reg[13]/D
                            (rising edge-triggered cell FDRE clocked by clk_pl_0  {rise@0.000ns fall@5.156ns period=10.312ns})
  Path Group:             (none)
  Path Type:              Hold (Min at Fast Process Corner)
  Data Path Delay:        0.806ns  (logic 0.362ns (44.913%)  route 0.444ns (55.087%))
  Logic Levels:           4  (LUT5=2 LUT6=2)
  Clock Path Skew:        1.408ns (DCD - SCD - CPR)
    Destination Clock Delay (DCD):    1.408ns
    Source Clock Delay      (SCD):    0.000ns
    Clock Pessimism Removal (CPR):    -0.000ns
  Clock Uncertainty:      0.159ns  ((TSJ^2 + DJ^2)^1/2) / 2 + PE
    Total System Jitter     (TSJ):    0.071ns
    Discrete Jitter          (DJ):    0.310ns
    Phase Error              (PE):    0.000ns
  Clock Net Delay (Destination): 1.261ns (routing 0.282ns, distribution 0.979ns)
  Timing Exception:       False Path

    Location             Delay type                Incr(ns)  Path(ns)    Netlist Resource(s)
  -------------------------------------------------------------------    -------------------
                         (clock RFADC1_CLK rise edge)
                                                      0.000     0.000 r  
    HSADC_X0Y1           HSADC                        0.000     0.000 r  design_1_i/usp_rf_data_converter_0/inst/design_1_usp_rf_data_converter_0_0_rf_wrapper_i/rx1_u_adc/INTERNAL_FBRC_DIV2_MUX
  -------------------------------------------------------------------    -------------------
    HSADC_X0Y1           HSADC (Prop_HSADC_INTERNAL_FBRC_DIV2_MUX_STATUS_COMMON[13])
                                                      0.241     0.241 r  design_1_i/usp_rf_data_converter_0/inst/design_1_usp_rf_data_converter_0_0_rf_wrapper_i/rx1_u_adc/STATUS_COMMON[13]
                         net (fo=1, routed)           0.195     0.436    design_1_i/usp_rf_data_converter_0/inst/i_axi_lite_ipif/I_SLAVE_ATTACHMENT/I_DECODER/adc1_common_stat[13]
    SLICE_X113Y96        LUT5 (Prop_C6LUT_SLICEM_I4_O)
                                                      0.050     0.486 r  design_1_i/usp_rf_data_converter_0/inst/i_axi_lite_ipif/I_SLAVE_ATTACHMENT/I_DECODER/IP2Bus_Data[13]_i_28/O
                         net (fo=1, routed)           0.047     0.533    design_1_i/usp_rf_data_converter_0/inst/i_axi_lite_ipif/I_SLAVE_ATTACHMENT/I_DECODER/IP2Bus_Data[13]_i_28_n_0
    SLICE_X113Y97        LUT5 (Prop_B6LUT_SLICEM_I4_O)
                                                      0.014     0.547 r  design_1_i/usp_rf_data_converter_0/inst/i_axi_lite_ipif/I_SLAVE_ATTACHMENT/I_DECODER/IP2Bus_Data[13]_i_14/O
                         net (fo=1, routed)           0.110     0.657    design_1_i/usp_rf_data_converter_0/inst/i_axi_lite_ipif/I_SLAVE_ATTACHMENT/I_DECODER/IP2Bus_Data[13]_i_14_n_0
    SLICE_X114Y101       LUT6 (Prop_C6LUT_SLICEL_I0_O)
                                                      0.022     0.679 f  design_1_i/usp_rf_data_converter_0/inst/i_axi_lite_ipif/I_SLAVE_ATTACHMENT/I_DECODER/IP2Bus_Data[13]_i_5/O
                         net (fo=1, routed)           0.076     0.755    design_1_i/usp_rf_data_converter_0/inst/i_axi_lite_ipif/I_SLAVE_ATTACHMENT/I_DECODER/IP2Bus_Data[13]_i_5_n_0
    SLICE_X114Y105       LUT6 (Prop_D6LUT_SLICEL_I3_O)
                                                      0.035     0.790 r  design_1_i/usp_rf_data_converter_0/inst/i_axi_lite_ipif/I_SLAVE_ATTACHMENT/I_DECODER/IP2Bus_Data[13]_i_1/O
                         net (fo=1, routed)           0.016     0.806    design_1_i/usp_rf_data_converter_0/inst/i_axi_lite_ipif_n_71
    SLICE_X114Y105       FDRE                                         r  design_1_i/usp_rf_data_converter_0/inst/IP2Bus_Data_reg[13]/D
  -------------------------------------------------------------------    -------------------

                         (clock clk_pl_0 rise edge)
                                                      0.000     0.000 r  
    PS8_X0Y0             PS8                          0.000     0.000 r  design_1_i/zynq_ultra_ps_e_0/U0/PS8_i/PLCLK[0]
                         net (fo=1, routed)           0.129     0.129    design_1_i/zynq_ultra_ps_e_0/U0/pl_clk_unbuffered[0]
    BUFG_PS_X0Y58        BUFG_PS (Prop_BUFG_PS_I_O)
                                                      0.018     0.147 r  design_1_i/zynq_ultra_ps_e_0/U0/buffer_pl_clk_0.PL_CLK_0_BUFG/O
    X2Y2 (CLOCK_ROOT)    net (fo=6912, routed)        1.261     1.408    design_1_i/usp_rf_data_converter_0/inst/s_axi_aclk
    SLICE_X114Y105       FDRE                                         r  design_1_i/usp_rf_data_converter_0/inst/IP2Bus_Data_reg[13]/C

Slack:                    inf
  Source:                 design_1_i/usp_rf_data_converter_0/inst/design_1_usp_rf_data_converter_0_0_rf_wrapper_i/rx1_u_adc/INTERNAL_FBRC_DIV2_MUX
                            (rising edge-triggered cell HSADC clocked by RFADC1_CLK  {rise@0.000ns fall@5.000ns period=10.000ns})
  Destination:            design_1_i/usp_rf_data_converter_0/inst/IP2Bus_Data_reg[14]/D
                            (rising edge-triggered cell FDRE clocked by clk_pl_0  {rise@0.000ns fall@5.156ns period=10.312ns})
  Path Group:             (none)
  Path Type:              Hold (Min at Fast Process Corner)
  Data Path Delay:        0.841ns  (logic 0.394ns (46.849%)  route 0.447ns (53.151%))
  Logic Levels:           3  (LUT6=3)
  Clock Path Skew:        1.404ns (DCD - SCD - CPR)
    Destination Clock Delay (DCD):    1.404ns
    Source Clock Delay      (SCD):    0.000ns
    Clock Pessimism Removal (CPR):    -0.000ns
  Clock Uncertainty:      0.159ns  ((TSJ^2 + DJ^2)^1/2) / 2 + PE
    Total System Jitter     (TSJ):    0.071ns
    Discrete Jitter          (DJ):    0.310ns
    Phase Error              (PE):    0.000ns
  Clock Net Delay (Destination): 1.257ns (routing 0.282ns, distribution 0.975ns)
  Timing Exception:       False Path

    Location             Delay type                Incr(ns)  Path(ns)    Netlist Resource(s)
  -------------------------------------------------------------------    -------------------
                         (clock RFADC1_CLK rise edge)
                                                      0.000     0.000 r  
    HSADC_X0Y1           HSADC                        0.000     0.000 r  design_1_i/usp_rf_data_converter_0/inst/design_1_usp_rf_data_converter_0_0_rf_wrapper_i/rx1_u_adc/INTERNAL_FBRC_DIV2_MUX
  -------------------------------------------------------------------    -------------------
    HSADC_X0Y1           HSADC (Prop_HSADC_INTERNAL_FBRC_DIV2_MUX_STATUS_COMMON[14])
                                                      0.285     0.285 r  design_1_i/usp_rf_data_converter_0/inst/design_1_usp_rf_data_converter_0_0_rf_wrapper_i/rx1_u_adc/STATUS_COMMON[14]
                         net (fo=1, routed)           0.278     0.563    design_1_i/usp_rf_data_converter_0/inst/i_axi_lite_ipif/I_SLAVE_ATTACHMENT/I_DECODER/adc1_common_stat[14]
    SLICE_X115Y97        LUT6 (Prop_H6LUT_SLICEM_I0_O)
                                                      0.051     0.614 r  design_1_i/usp_rf_data_converter_0/inst/i_axi_lite_ipif/I_SLAVE_ATTACHMENT/I_DECODER/IP2Bus_Data[14]_i_24/O
                         net (fo=1, routed)           0.048     0.662    design_1_i/usp_rf_data_converter_0/inst/i_axi_lite_ipif/I_SLAVE_ATTACHMENT/I_DECODER/IP2Bus_Data[14]_i_24_n_0
    SLICE_X114Y97        LUT6 (Prop_H6LUT_SLICEL_I3_O)
                                                      0.023     0.685 r  design_1_i/usp_rf_data_converter_0/inst/i_axi_lite_ipif/I_SLAVE_ATTACHMENT/I_DECODER/IP2Bus_Data[14]_i_7/O
                         net (fo=1, routed)           0.105     0.790    design_1_i/usp_rf_data_converter_0/inst/i_axi_lite_ipif/I_SLAVE_ATTACHMENT/I_DECODER/IP2Bus_Data[14]_i_7_n_0
    SLICE_X114Y104       LUT6 (Prop_D6LUT_SLICEL_I5_O)
                                                      0.035     0.825 r  design_1_i/usp_rf_data_converter_0/inst/i_axi_lite_ipif/I_SLAVE_ATTACHMENT/I_DECODER/IP2Bus_Data[14]_i_1/O
                         net (fo=1, routed)           0.016     0.841    design_1_i/usp_rf_data_converter_0/inst/i_axi_lite_ipif_n_70
    SLICE_X114Y104       FDRE                                         r  design_1_i/usp_rf_data_converter_0/inst/IP2Bus_Data_reg[14]/D
  -------------------------------------------------------------------    -------------------

                         (clock clk_pl_0 rise edge)
                                                      0.000     0.000 r  
    PS8_X0Y0             PS8                          0.000     0.000 r  design_1_i/zynq_ultra_ps_e_0/U0/PS8_i/PLCLK[0]
                         net (fo=1, routed)           0.129     0.129    design_1_i/zynq_ultra_ps_e_0/U0/pl_clk_unbuffered[0]
    BUFG_PS_X0Y58        BUFG_PS (Prop_BUFG_PS_I_O)
                                                      0.018     0.147 r  design_1_i/zynq_ultra_ps_e_0/U0/buffer_pl_clk_0.PL_CLK_0_BUFG/O
    X2Y2 (CLOCK_ROOT)    net (fo=6912, routed)        1.257     1.404    design_1_i/usp_rf_data_converter_0/inst/s_axi_aclk
    SLICE_X114Y104       FDRE                                         r  design_1_i/usp_rf_data_converter_0/inst/IP2Bus_Data_reg[14]/C

Slack:                    inf
  Source:                 design_1_i/usp_rf_data_converter_0/inst/design_1_usp_rf_data_converter_0_0_rf_wrapper_i/rx1_u_adc/INTERNAL_FBRC_DIV2_MUX
                            (rising edge-triggered cell HSADC clocked by RFADC1_CLK  {rise@0.000ns fall@5.000ns period=10.000ns})
  Destination:            design_1_i/usp_rf_data_converter_0/inst/IP2Bus_Data_reg[9]/D
                            (rising edge-triggered cell FDRE clocked by clk_pl_0  {rise@0.000ns fall@5.156ns period=10.312ns})
  Path Group:             (none)
  Path Type:              Hold (Min at Fast Process Corner)
  Data Path Delay:        0.916ns  (logic 0.386ns (42.140%)  route 0.530ns (57.860%))
  Logic Levels:           4  (LUT5=2 LUT6=2)
  Clock Path Skew:        1.417ns (DCD - SCD - CPR)
    Destination Clock Delay (DCD):    1.417ns
    Source Clock Delay      (SCD):    0.000ns
    Clock Pessimism Removal (CPR):    -0.000ns
  Clock Uncertainty:      0.159ns  ((TSJ^2 + DJ^2)^1/2) / 2 + PE
    Total System Jitter     (TSJ):    0.071ns
    Discrete Jitter          (DJ):    0.310ns
    Phase Error              (PE):    0.000ns
  Clock Net Delay (Destination): 1.270ns (routing 0.282ns, distribution 0.988ns)
  Timing Exception:       False Path

    Location             Delay type                Incr(ns)  Path(ns)    Netlist Resource(s)
  -------------------------------------------------------------------    -------------------
                         (clock RFADC1_CLK rise edge)
                                                      0.000     0.000 r  
    HSADC_X0Y1           HSADC                        0.000     0.000 r  design_1_i/usp_rf_data_converter_0/inst/design_1_usp_rf_data_converter_0_0_rf_wrapper_i/rx1_u_adc/INTERNAL_FBRC_DIV2_MUX
  -------------------------------------------------------------------    -------------------
    HSADC_X0Y1           HSADC (Prop_HSADC_INTERNAL_FBRC_DIV2_MUX_STATUS_COMMON[9])
                                                      0.228     0.228 r  design_1_i/usp_rf_data_converter_0/inst/design_1_usp_rf_data_converter_0_0_rf_wrapper_i/rx1_u_adc/STATUS_COMMON[9]
                         net (fo=1, routed)           0.223     0.451    design_1_i/usp_rf_data_converter_0/inst/i_axi_lite_ipif/I_SLAVE_ATTACHMENT/I_DECODER/adc1_common_stat[9]
    SLICE_X113Y96        LUT5 (Prop_B6LUT_SLICEM_I4_O)
                                                      0.035     0.486 r  design_1_i/usp_rf_data_converter_0/inst/i_axi_lite_ipif/I_SLAVE_ATTACHMENT/I_DECODER/IP2Bus_Data[9]_i_41/O
                         net (fo=1, routed)           0.027     0.513    design_1_i/usp_rf_data_converter_0/inst/i_axi_lite_ipif/I_SLAVE_ATTACHMENT/I_DECODER/IP2Bus_Data[9]_i_41_n_0
    SLICE_X113Y96        LUT5 (Prop_H6LUT_SLICEM_I3_O)
                                                      0.041     0.554 r  design_1_i/usp_rf_data_converter_0/inst/i_axi_lite_ipif/I_SLAVE_ATTACHMENT/I_DECODER/IP2Bus_Data[9]_i_20/O
                         net (fo=1, routed)           0.127     0.681    design_1_i/usp_rf_data_converter_0/inst/i_axi_lite_ipif/I_SLAVE_ATTACHMENT/I_DECODER/IP2Bus_Data[9]_i_20_n_0
    SLICE_X114Y102       LUT6 (Prop_E6LUT_SLICEL_I4_O)
                                                      0.059     0.740 r  design_1_i/usp_rf_data_converter_0/inst/i_axi_lite_ipif/I_SLAVE_ATTACHMENT/I_DECODER/IP2Bus_Data[9]_i_6/O
                         net (fo=1, routed)           0.132     0.872    design_1_i/usp_rf_data_converter_0/inst/i_axi_lite_ipif/I_SLAVE_ATTACHMENT/I_DECODER/IP2Bus_Data[9]_i_6_n_0
    SLICE_X113Y108       LUT6 (Prop_H6LUT_SLICEM_I4_O)
                                                      0.023     0.895 r  design_1_i/usp_rf_data_converter_0/inst/i_axi_lite_ipif/I_SLAVE_ATTACHMENT/I_DECODER/IP2Bus_Data[9]_i_1/O
                         net (fo=1, routed)           0.021     0.916    design_1_i/usp_rf_data_converter_0/inst/i_axi_lite_ipif_n_75
    SLICE_X113Y108       FDRE                                         r  design_1_i/usp_rf_data_converter_0/inst/IP2Bus_Data_reg[9]/D
  -------------------------------------------------------------------    -------------------

                         (clock clk_pl_0 rise edge)
                                                      0.000     0.000 r  
    PS8_X0Y0             PS8                          0.000     0.000 r  design_1_i/zynq_ultra_ps_e_0/U0/PS8_i/PLCLK[0]
                         net (fo=1, routed)           0.129     0.129    design_1_i/zynq_ultra_ps_e_0/U0/pl_clk_unbuffered[0]
    BUFG_PS_X0Y58        BUFG_PS (Prop_BUFG_PS_I_O)
                                                      0.018     0.147 r  design_1_i/zynq_ultra_ps_e_0/U0/buffer_pl_clk_0.PL_CLK_0_BUFG/O
    X2Y2 (CLOCK_ROOT)    net (fo=6912, routed)        1.270     1.417    design_1_i/usp_rf_data_converter_0/inst/s_axi_aclk
    SLICE_X113Y108       FDRE                                         r  design_1_i/usp_rf_data_converter_0/inst/IP2Bus_Data_reg[9]/C

Slack:                    inf
  Source:                 design_1_i/usp_rf_data_converter_0/inst/design_1_usp_rf_data_converter_0_0_rf_wrapper_i/rx1_u_adc/INTERNAL_FBRC_DIV2_MUX
                            (rising edge-triggered cell HSADC clocked by RFADC1_CLK  {rise@0.000ns fall@5.000ns period=10.000ns})
  Destination:            design_1_i/usp_rf_data_converter_0/inst/IP2Bus_Data_reg[12]/D
                            (rising edge-triggered cell FDRE clocked by clk_pl_0  {rise@0.000ns fall@5.156ns period=10.312ns})
  Path Group:             (none)
  Path Type:              Hold (Min at Fast Process Corner)
  Data Path Delay:        0.941ns  (logic 0.415ns (44.102%)  route 0.526ns (55.898%))
  Logic Levels:           4  (LUT5=1 LUT6=3)
  Clock Path Skew:        1.414ns (DCD - SCD - CPR)
    Destination Clock Delay (DCD):    1.414ns
    Source Clock Delay      (SCD):    0.000ns
    Clock Pessimism Removal (CPR):    -0.000ns
  Clock Uncertainty:      0.159ns  ((TSJ^2 + DJ^2)^1/2) / 2 + PE
    Total System Jitter     (TSJ):    0.071ns
    Discrete Jitter          (DJ):    0.310ns
    Phase Error              (PE):    0.000ns
  Clock Net Delay (Destination): 1.267ns (routing 0.282ns, distribution 0.985ns)
  Timing Exception:       False Path

    Location             Delay type                Incr(ns)  Path(ns)    Netlist Resource(s)
  -------------------------------------------------------------------    -------------------
                         (clock RFADC1_CLK rise edge)
                                                      0.000     0.000 r  
    HSADC_X0Y1           HSADC                        0.000     0.000 r  design_1_i/usp_rf_data_converter_0/inst/design_1_usp_rf_data_converter_0_0_rf_wrapper_i/rx1_u_adc/INTERNAL_FBRC_DIV2_MUX
  -------------------------------------------------------------------    -------------------
    HSADC_X0Y1           HSADC (Prop_HSADC_INTERNAL_FBRC_DIV2_MUX_STATUS_COMMON[12])
                                                      0.274     0.274 r  design_1_i/usp_rf_data_converter_0/inst/design_1_usp_rf_data_converter_0_0_rf_wrapper_i/rx1_u_adc/STATUS_COMMON[12]
                         net (fo=1, routed)           0.233     0.507    design_1_i/usp_rf_data_converter_0/inst/i_axi_lite_ipif/I_SLAVE_ATTACHMENT/I_DECODER/adc1_common_stat[12]
    SLICE_X111Y96        LUT5 (Prop_H6LUT_SLICEL_I3_O)
                                                      0.035     0.542 f  design_1_i/usp_rf_data_converter_0/inst/i_axi_lite_ipif/I_SLAVE_ATTACHMENT/I_DECODER/IP2Bus_Data[12]_i_31/O
                         net (fo=1, routed)           0.046     0.588    design_1_i/usp_rf_data_converter_0/inst/i_axi_lite_ipif/I_SLAVE_ATTACHMENT/I_DECODER/IP2Bus_Data[12]_i_31_n_0
    SLICE_X110Y96        LUT6 (Prop_H6LUT_SLICEM_I5_O)
                                                      0.015     0.603 r  design_1_i/usp_rf_data_converter_0/inst/i_axi_lite_ipif/I_SLAVE_ATTACHMENT/I_DECODER/IP2Bus_Data[12]_i_13/O
                         net (fo=1, routed)           0.122     0.725    design_1_i/usp_rf_data_converter_0/inst/i_axi_lite_ipif/I_SLAVE_ATTACHMENT/I_DECODER/IP2Bus_Data[12]_i_13_n_0
    SLICE_X114Y100       LUT6 (Prop_C6LUT_SLICEL_I5_O)
                                                      0.050     0.775 r  design_1_i/usp_rf_data_converter_0/inst/i_axi_lite_ipif/I_SLAVE_ATTACHMENT/I_DECODER/IP2Bus_Data[12]_i_3/O
                         net (fo=1, routed)           0.107     0.882    design_1_i/usp_rf_data_converter_0/inst/i_axi_lite_ipif/I_SLAVE_ATTACHMENT/I_DECODER/IP2Bus_Data[12]_i_3_n_0
    SLICE_X113Y106       LUT6 (Prop_A6LUT_SLICEM_I1_O)
                                                      0.041     0.923 r  design_1_i/usp_rf_data_converter_0/inst/i_axi_lite_ipif/I_SLAVE_ATTACHMENT/I_DECODER/IP2Bus_Data[12]_i_1/O
                         net (fo=1, routed)           0.018     0.941    design_1_i/usp_rf_data_converter_0/inst/i_axi_lite_ipif_n_72
    SLICE_X113Y106       FDRE                                         r  design_1_i/usp_rf_data_converter_0/inst/IP2Bus_Data_reg[12]/D
  -------------------------------------------------------------------    -------------------

                         (clock clk_pl_0 rise edge)
                                                      0.000     0.000 r  
    PS8_X0Y0             PS8                          0.000     0.000 r  design_1_i/zynq_ultra_ps_e_0/U0/PS8_i/PLCLK[0]
                         net (fo=1, routed)           0.129     0.129    design_1_i/zynq_ultra_ps_e_0/U0/pl_clk_unbuffered[0]
    BUFG_PS_X0Y58        BUFG_PS (Prop_BUFG_PS_I_O)
                                                      0.018     0.147 r  design_1_i/zynq_ultra_ps_e_0/U0/buffer_pl_clk_0.PL_CLK_0_BUFG/O
    X2Y2 (CLOCK_ROOT)    net (fo=6912, routed)        1.267     1.414    design_1_i/usp_rf_data_converter_0/inst/s_axi_aclk
    SLICE_X113Y106       FDRE                                         r  design_1_i/usp_rf_data_converter_0/inst/IP2Bus_Data_reg[12]/C

Slack:                    inf
  Source:                 design_1_i/usp_rf_data_converter_0/inst/design_1_usp_rf_data_converter_0_0_rf_wrapper_i/rx1_u_adc/INTERNAL_FBRC_DIV2_MUX
                            (rising edge-triggered cell HSADC clocked by RFADC1_CLK  {rise@0.000ns fall@5.000ns period=10.000ns})
  Destination:            design_1_i/usp_rf_data_converter_0/inst/IP2Bus_Data_reg[11]/D
                            (rising edge-triggered cell FDRE clocked by clk_pl_0  {rise@0.000ns fall@5.156ns period=10.312ns})
  Path Group:             (none)
  Path Type:              Hold (Min at Fast Process Corner)
  Data Path Delay:        0.988ns  (logic 0.392ns (39.676%)  route 0.596ns (60.324%))
  Logic Levels:           5  (LUT4=1 LUT5=2 LUT6=2)
  Clock Path Skew:        1.414ns (DCD - SCD - CPR)
    Destination Clock Delay (DCD):    1.414ns
    Source Clock Delay      (SCD):    0.000ns
    Clock Pessimism Removal (CPR):    -0.000ns
  Clock Uncertainty:      0.159ns  ((TSJ^2 + DJ^2)^1/2) / 2 + PE
    Total System Jitter     (TSJ):    0.071ns
    Discrete Jitter          (DJ):    0.310ns
    Phase Error              (PE):    0.000ns
  Clock Net Delay (Destination): 1.267ns (routing 0.282ns, distribution 0.985ns)
  Timing Exception:       False Path

    Location             Delay type                Incr(ns)  Path(ns)    Netlist Resource(s)
  -------------------------------------------------------------------    -------------------
                         (clock RFADC1_CLK rise edge)
                                                      0.000     0.000 r  
    HSADC_X0Y1           HSADC                        0.000     0.000 r  design_1_i/usp_rf_data_converter_0/inst/design_1_usp_rf_data_converter_0_0_rf_wrapper_i/rx1_u_adc/INTERNAL_FBRC_DIV2_MUX
  -------------------------------------------------------------------    -------------------
    HSADC_X0Y1           HSADC (Prop_HSADC_INTERNAL_FBRC_DIV2_MUX_STATUS_COMMON[11])
                                                      0.265     0.265 r  design_1_i/usp_rf_data_converter_0/inst/design_1_usp_rf_data_converter_0_0_rf_wrapper_i/rx1_u_adc/STATUS_COMMON[11]
                         net (fo=1, routed)           0.214     0.479    design_1_i/usp_rf_data_converter_0/inst/i_axi_lite_ipif/I_SLAVE_ATTACHMENT/I_DECODER/adc1_common_stat[11]
    SLICE_X111Y96        LUT4 (Prop_A6LUT_SLICEL_I0_O)
                                                      0.014     0.493 f  design_1_i/usp_rf_data_converter_0/inst/i_axi_lite_ipif/I_SLAVE_ATTACHMENT/I_DECODER/IP2Bus_Data[11]_i_45/O
                         net (fo=1, routed)           0.024     0.517    design_1_i/usp_rf_data_converter_0/inst/i_axi_lite_ipif/I_SLAVE_ATTACHMENT/I_DECODER/IP2Bus_Data[11]_i_45_n_0
    SLICE_X111Y96        LUT5 (Prop_C6LUT_SLICEL_I3_O)
                                                      0.014     0.531 f  design_1_i/usp_rf_data_converter_0/inst/i_axi_lite_ipif/I_SLAVE_ATTACHMENT/I_DECODER/IP2Bus_Data[11]_i_29/O
                         net (fo=1, routed)           0.116     0.647    design_1_i/usp_rf_data_converter_0/inst/i_axi_lite_ipif/I_SLAVE_ATTACHMENT/I_DECODER/IP2Bus_Data[11]_i_29_n_0
    SLICE_X114Y100       LUT5 (Prop_E6LUT_SLICEL_I1_O)
                                                      0.050     0.697 f  design_1_i/usp_rf_data_converter_0/inst/i_axi_lite_ipif/I_SLAVE_ATTACHMENT/I_DECODER/IP2Bus_Data[11]_i_10/O
                         net (fo=1, routed)           0.022     0.719    design_1_i/usp_rf_data_converter_0/inst/i_axi_lite_ipif/I_SLAVE_ATTACHMENT/I_DECODER/IP2Bus_Data[11]_i_10_n_0
    SLICE_X114Y100       LUT6 (Prop_D6LUT_SLICEL_I5_O)
                                                      0.014     0.733 f  design_1_i/usp_rf_data_converter_0/inst/i_axi_lite_ipif/I_SLAVE_ATTACHMENT/I_DECODER/IP2Bus_Data[11]_i_2/O
                         net (fo=1, routed)           0.196     0.929    design_1_i/usp_rf_data_converter_0/inst/i_axi_lite_ipif/I_SLAVE_ATTACHMENT/I_DECODER/IP2Bus_Data[11]_i_2_n_0
    SLICE_X110Y113       LUT6 (Prop_C6LUT_SLICEM_I0_O)
                                                      0.035     0.964 r  design_1_i/usp_rf_data_converter_0/inst/i_axi_lite_ipif/I_SLAVE_ATTACHMENT/I_DECODER/IP2Bus_Data[11]_i_1/O
                         net (fo=1, routed)           0.024     0.988    design_1_i/usp_rf_data_converter_0/inst/i_axi_lite_ipif_n_73
    SLICE_X110Y113       FDRE                                         r  design_1_i/usp_rf_data_converter_0/inst/IP2Bus_Data_reg[11]/D
  -------------------------------------------------------------------    -------------------

                         (clock clk_pl_0 rise edge)
                                                      0.000     0.000 r  
    PS8_X0Y0             PS8                          0.000     0.000 r  design_1_i/zynq_ultra_ps_e_0/U0/PS8_i/PLCLK[0]
                         net (fo=1, routed)           0.129     0.129    design_1_i/zynq_ultra_ps_e_0/U0/pl_clk_unbuffered[0]
    BUFG_PS_X0Y58        BUFG_PS (Prop_BUFG_PS_I_O)
                                                      0.018     0.147 r  design_1_i/zynq_ultra_ps_e_0/U0/buffer_pl_clk_0.PL_CLK_0_BUFG/O
    X2Y2 (CLOCK_ROOT)    net (fo=6912, routed)        1.267     1.414    design_1_i/usp_rf_data_converter_0/inst/s_axi_aclk
    SLICE_X110Y113       FDRE                                         r  design_1_i/usp_rf_data_converter_0/inst/IP2Bus_Data_reg[11]/C

Slack:                    inf
  Source:                 design_1_i/usp_rf_data_converter_0/inst/design_1_usp_rf_data_converter_0_0_rf_wrapper_i/rx1_u_adc/INTERNAL_FBRC_DIV2_MUX
                            (rising edge-triggered cell HSADC clocked by RFADC1_CLK  {rise@0.000ns fall@5.000ns period=10.000ns})
  Destination:            design_1_i/usp_rf_data_converter_0/inst/IP2Bus_Data_reg[8]/D
                            (rising edge-triggered cell FDRE clocked by clk_pl_0  {rise@0.000ns fall@5.156ns period=10.312ns})
  Path Group:             (none)
  Path Type:              Hold (Min at Fast Process Corner)
  Data Path Delay:        1.066ns  (logic 0.372ns (34.897%)  route 0.694ns (65.103%))
  Logic Levels:           5  (LUT4=1 LUT5=2 LUT6=2)
  Clock Path Skew:        1.407ns (DCD - SCD - CPR)
    Destination Clock Delay (DCD):    1.407ns
    Source Clock Delay      (SCD):    0.000ns
    Clock Pessimism Removal (CPR):    -0.000ns
  Clock Uncertainty:      0.159ns  ((TSJ^2 + DJ^2)^1/2) / 2 + PE
    Total System Jitter     (TSJ):    0.071ns
    Discrete Jitter          (DJ):    0.310ns
    Phase Error              (PE):    0.000ns
  Clock Net Delay (Destination): 1.260ns (routing 0.282ns, distribution 0.978ns)
  Timing Exception:       False Path

    Location             Delay type                Incr(ns)  Path(ns)    Netlist Resource(s)
  -------------------------------------------------------------------    -------------------
                         (clock RFADC1_CLK rise edge)
                                                      0.000     0.000 r  
    HSADC_X0Y1           HSADC                        0.000     0.000 r  design_1_i/usp_rf_data_converter_0/inst/design_1_usp_rf_data_converter_0_0_rf_wrapper_i/rx1_u_adc/INTERNAL_FBRC_DIV2_MUX
  -------------------------------------------------------------------    -------------------
    HSADC_X0Y1           HSADC (Prop_HSADC_INTERNAL_FBRC_DIV2_MUX_STATUS_COMMON[8])
                                                      0.237     0.237 r  design_1_i/usp_rf_data_converter_0/inst/design_1_usp_rf_data_converter_0_0_rf_wrapper_i/rx1_u_adc/STATUS_COMMON[8]
                         net (fo=1, routed)           0.259     0.496    design_1_i/usp_rf_data_converter_0/inst/i_axi_lite_ipif/I_SLAVE_ATTACHMENT/I_DECODER/adc1_common_stat[8]
    SLICE_X111Y97        LUT4 (Prop_B6LUT_SLICEL_I0_O)
                                                      0.041     0.537 f  design_1_i/usp_rf_data_converter_0/inst/i_axi_lite_ipif/I_SLAVE_ATTACHMENT/I_DECODER/IP2Bus_Data[8]_i_36/O
                         net (fo=1, routed)           0.044     0.581    design_1_i/usp_rf_data_converter_0/inst/i_axi_lite_ipif/I_SLAVE_ATTACHMENT/I_DECODER/IP2Bus_Data[8]_i_36_n_0
    SLICE_X110Y97        LUT5 (Prop_C6LUT_SLICEM_I3_O)
                                                      0.022     0.603 f  design_1_i/usp_rf_data_converter_0/inst/i_axi_lite_ipif/I_SLAVE_ATTACHMENT/I_DECODER/IP2Bus_Data[8]_i_25/O
                         net (fo=1, routed)           0.072     0.675    design_1_i/usp_rf_data_converter_0/inst/i_axi_lite_ipif/I_SLAVE_ATTACHMENT/I_DECODER/IP2Bus_Data[8]_i_25_n_0
    SLICE_X110Y98        LUT5 (Prop_F6LUT_SLICEM_I1_O)
                                                      0.035     0.710 f  design_1_i/usp_rf_data_converter_0/inst/i_axi_lite_ipif/I_SLAVE_ATTACHMENT/I_DECODER/IP2Bus_Data[8]_i_10/O
                         net (fo=1, routed)           0.131     0.841    design_1_i/usp_rf_data_converter_0/inst/i_axi_lite_ipif/I_SLAVE_ATTACHMENT/I_DECODER/IP2Bus_Data[8]_i_10_n_0
    SLICE_X114Y101       LUT6 (Prop_H6LUT_SLICEL_I5_O)
                                                      0.015     0.856 f  design_1_i/usp_rf_data_converter_0/inst/i_axi_lite_ipif/I_SLAVE_ATTACHMENT/I_DECODER/IP2Bus_Data[8]_i_2/O
                         net (fo=1, routed)           0.164     1.020    design_1_i/usp_rf_data_converter_0/inst/i_axi_lite_ipif/I_SLAVE_ATTACHMENT/I_DECODER/IP2Bus_Data[8]_i_2_n_0
    SLICE_X112Y113       LUT6 (Prop_C6LUT_SLICEM_I0_O)
                                                      0.022     1.042 r  design_1_i/usp_rf_data_converter_0/inst/i_axi_lite_ipif/I_SLAVE_ATTACHMENT/I_DECODER/IP2Bus_Data[8]_i_1/O
                         net (fo=1, routed)           0.024     1.066    design_1_i/usp_rf_data_converter_0/inst/i_axi_lite_ipif_n_76
    SLICE_X112Y113       FDRE                                         r  design_1_i/usp_rf_data_converter_0/inst/IP2Bus_Data_reg[8]/D
  -------------------------------------------------------------------    -------------------

                         (clock clk_pl_0 rise edge)
                                                      0.000     0.000 r  
    PS8_X0Y0             PS8                          0.000     0.000 r  design_1_i/zynq_ultra_ps_e_0/U0/PS8_i/PLCLK[0]
                         net (fo=1, routed)           0.129     0.129    design_1_i/zynq_ultra_ps_e_0/U0/pl_clk_unbuffered[0]
    BUFG_PS_X0Y58        BUFG_PS (Prop_BUFG_PS_I_O)
                                                      0.018     0.147 r  design_1_i/zynq_ultra_ps_e_0/U0/buffer_pl_clk_0.PL_CLK_0_BUFG/O
    X2Y2 (CLOCK_ROOT)    net (fo=6912, routed)        1.260     1.407    design_1_i/usp_rf_data_converter_0/inst/s_axi_aclk
    SLICE_X112Y113       FDRE                                         r  design_1_i/usp_rf_data_converter_0/inst/IP2Bus_Data_reg[8]/C

Slack:                    inf
  Source:                 design_1_i/usp_rf_data_converter_0/inst/design_1_usp_rf_data_converter_0_0_rf_wrapper_i/rx1_u_adc/INTERNAL_FBRC_DIV2_MUX
                            (rising edge-triggered cell HSADC clocked by RFADC1_CLK  {rise@0.000ns fall@5.000ns period=10.000ns})
  Destination:            design_1_i/usp_rf_data_converter_0/inst/IP2Bus_Data_reg[10]/D
                            (rising edge-triggered cell FDRE clocked by clk_pl_0  {rise@0.000ns fall@5.156ns period=10.312ns})
  Path Group:             (none)
  Path Type:              Hold (Min at Fast Process Corner)
  Data Path Delay:        1.078ns  (logic 0.369ns (34.230%)  route 0.709ns (65.770%))
  Logic Levels:           5  (LUT4=1 LUT5=2 LUT6=2)
  Clock Path Skew:        1.414ns (DCD - SCD - CPR)
    Destination Clock Delay (DCD):    1.414ns
    Source Clock Delay      (SCD):    0.000ns
    Clock Pessimism Removal (CPR):    -0.000ns
  Clock Uncertainty:      0.159ns  ((TSJ^2 + DJ^2)^1/2) / 2 + PE
    Total System Jitter     (TSJ):    0.071ns
    Discrete Jitter          (DJ):    0.310ns
    Phase Error              (PE):    0.000ns
  Clock Net Delay (Destination): 1.267ns (routing 0.282ns, distribution 0.985ns)
  Timing Exception:       False Path

    Location             Delay type                Incr(ns)  Path(ns)    Netlist Resource(s)
  -------------------------------------------------------------------    -------------------
                         (clock RFADC1_CLK rise edge)
                                                      0.000     0.000 r  
    HSADC_X0Y1           HSADC                        0.000     0.000 r  design_1_i/usp_rf_data_converter_0/inst/design_1_usp_rf_data_converter_0_0_rf_wrapper_i/rx1_u_adc/INTERNAL_FBRC_DIV2_MUX
  -------------------------------------------------------------------    -------------------
    HSADC_X0Y1           HSADC (Prop_HSADC_INTERNAL_FBRC_DIV2_MUX_STATUS_COMMON[10])
                                                      0.227     0.227 r  design_1_i/usp_rf_data_converter_0/inst/design_1_usp_rf_data_converter_0_0_rf_wrapper_i/rx1_u_adc/STATUS_COMMON[10]
                         net (fo=1, routed)           0.233     0.460    design_1_i/usp_rf_data_converter_0/inst/i_axi_lite_ipif/I_SLAVE_ATTACHMENT/I_DECODER/adc1_common_stat[10]
    SLICE_X111Y96        LUT4 (Prop_B6LUT_SLICEL_I0_O)
                                                      0.041     0.501 f  design_1_i/usp_rf_data_converter_0/inst/i_axi_lite_ipif/I_SLAVE_ATTACHMENT/I_DECODER/IP2Bus_Data[10]_i_36/O
                         net (fo=1, routed)           0.044     0.545    design_1_i/usp_rf_data_converter_0/inst/i_axi_lite_ipif/I_SLAVE_ATTACHMENT/I_DECODER/IP2Bus_Data[10]_i_36_n_0
    SLICE_X111Y96        LUT5 (Prop_D6LUT_SLICEL_I3_O)
                                                      0.014     0.559 f  design_1_i/usp_rf_data_converter_0/inst/i_axi_lite_ipif/I_SLAVE_ATTACHMENT/I_DECODER/IP2Bus_Data[10]_i_26/O
                         net (fo=1, routed)           0.112     0.671    design_1_i/usp_rf_data_converter_0/inst/i_axi_lite_ipif/I_SLAVE_ATTACHMENT/I_DECODER/IP2Bus_Data[10]_i_26_n_0
    SLICE_X113Y97        LUT5 (Prop_C6LUT_SLICEM_I1_O)
                                                      0.059     0.730 f  design_1_i/usp_rf_data_converter_0/inst/i_axi_lite_ipif/I_SLAVE_ATTACHMENT/I_DECODER/IP2Bus_Data[10]_i_15/O
                         net (fo=1, routed)           0.108     0.838    design_1_i/usp_rf_data_converter_0/inst/i_axi_lite_ipif/I_SLAVE_ATTACHMENT/I_DECODER/IP2Bus_Data[10]_i_15_n_0
    SLICE_X115Y103       LUT6 (Prop_C6LUT_SLICEM_I5_O)
                                                      0.014     0.852 f  design_1_i/usp_rf_data_converter_0/inst/i_axi_lite_ipif/I_SLAVE_ATTACHMENT/I_DECODER/IP2Bus_Data[10]_i_5/O
                         net (fo=1, routed)           0.186     1.038    design_1_i/usp_rf_data_converter_0/inst/i_axi_lite_ipif/I_SLAVE_ATTACHMENT/I_DECODER/IP2Bus_Data[10]_i_5_n_0
    SLICE_X110Y113       LUT6 (Prop_D6LUT_SLICEM_I4_O)
                                                      0.014     1.052 r  design_1_i/usp_rf_data_converter_0/inst/i_axi_lite_ipif/I_SLAVE_ATTACHMENT/I_DECODER/IP2Bus_Data[10]_i_1/O
                         net (fo=1, routed)           0.026     1.078    design_1_i/usp_rf_data_converter_0/inst/i_axi_lite_ipif_n_74
    SLICE_X110Y113       FDRE                                         r  design_1_i/usp_rf_data_converter_0/inst/IP2Bus_Data_reg[10]/D
  -------------------------------------------------------------------    -------------------

                         (clock clk_pl_0 rise edge)
                                                      0.000     0.000 r  
    PS8_X0Y0             PS8                          0.000     0.000 r  design_1_i/zynq_ultra_ps_e_0/U0/PS8_i/PLCLK[0]
                         net (fo=1, routed)           0.129     0.129    design_1_i/zynq_ultra_ps_e_0/U0/pl_clk_unbuffered[0]
    BUFG_PS_X0Y58        BUFG_PS (Prop_BUFG_PS_I_O)
                                                      0.018     0.147 r  design_1_i/zynq_ultra_ps_e_0/U0/buffer_pl_clk_0.PL_CLK_0_BUFG/O
    X2Y2 (CLOCK_ROOT)    net (fo=6912, routed)        1.267     1.414    design_1_i/usp_rf_data_converter_0/inst/s_axi_aclk
    SLICE_X110Y113       FDRE                                         r  design_1_i/usp_rf_data_converter_0/inst/IP2Bus_Data_reg[10]/C





--------------------------------------------------------------------------------------
Path Group:  (none)
From Clock:  RFADC2_CLK
  To Clock:  clk_pl_0

Max Delay             8 Endpoints
Min Delay             8 Endpoints
--------------------------------------------------------------------------------------


Max Delay Paths
--------------------------------------------------------------------------------------
Slack:                    inf
  Source:                 design_1_i/usp_rf_data_converter_0/inst/design_1_usp_rf_data_converter_0_0_rf_wrapper_i/rx2_u_adc/INTERNAL_FBRC_DIV2_MUX
                            (rising edge-triggered cell HSADC clocked by RFADC2_CLK  {rise@0.000ns fall@5.000ns period=10.000ns})
  Destination:            design_1_i/usp_rf_data_converter_0/inst/IP2Bus_Data_reg[11]/D
                            (rising edge-triggered cell FDRE clocked by clk_pl_0  {rise@0.000ns fall@5.156ns period=10.312ns})
  Path Group:             (none)
  Path Type:              Setup (Max at Slow Process Corner)
  Data Path Delay:        2.705ns  (logic 1.123ns (41.516%)  route 1.582ns (58.484%))
  Logic Levels:           5  (LUT4=2 LUT6=3)
  Clock Path Skew:        2.003ns (DCD - SCD + CPR)
    Destination Clock Delay (DCD):    2.003ns
    Source Clock Delay      (SCD):    0.000ns
    Clock Pessimism Removal (CPR):    0.000ns
  Clock Uncertainty:      0.159ns  ((TSJ^2 + DJ^2)^1/2) / 2 + PE
    Total System Jitter     (TSJ):    0.071ns
    Discrete Jitter          (DJ):    0.310ns
    Phase Error              (PE):    0.000ns
  Clock Net Delay (Destination): 1.821ns (routing 0.423ns, distribution 1.398ns)
  Timing Exception:       False Path

    Location             Delay type                Incr(ns)  Path(ns)    Netlist Resource(s)
  -------------------------------------------------------------------    -------------------
                         (clock RFADC2_CLK rise edge)
                                                      0.000     0.000 r  
    HSADC_X0Y2           HSADC                        0.000     0.000 r  design_1_i/usp_rf_data_converter_0/inst/design_1_usp_rf_data_converter_0_0_rf_wrapper_i/rx2_u_adc/INTERNAL_FBRC_DIV2_MUX
  -------------------------------------------------------------------    -------------------
    HSADC_X0Y2           HSADC (Prop_HSADC_INTERNAL_FBRC_DIV2_MUX_STATUS_COMMON[11])
                                                      0.588     0.588 r  design_1_i/usp_rf_data_converter_0/inst/design_1_usp_rf_data_converter_0_0_rf_wrapper_i/rx2_u_adc/STATUS_COMMON[11]
                         net (fo=1, routed)           0.841     1.429    design_1_i/usp_rf_data_converter_0/inst/i_axi_lite_ipif/I_SLAVE_ATTACHMENT/I_DECODER/adc2_common_stat[11]
    SLICE_X115Y103       LUT4 (Prop_E6LUT_SLICEM_I0_O)
                                                      0.100     1.529 r  design_1_i/usp_rf_data_converter_0/inst/i_axi_lite_ipif/I_SLAVE_ATTACHMENT/I_DECODER/IP2Bus_Data[11]_i_40/O
                         net (fo=1, routed)           0.059     1.588    design_1_i/usp_rf_data_converter_0/inst/i_axi_lite_ipif/I_SLAVE_ATTACHMENT/I_DECODER/IP2Bus_Data[11]_i_40_n_0
    SLICE_X115Y103       LUT4 (Prop_F6LUT_SLICEM_I0_O)
                                                      0.148     1.736 f  design_1_i/usp_rf_data_converter_0/inst/i_axi_lite_ipif/I_SLAVE_ATTACHMENT/I_DECODER/IP2Bus_Data[11]_i_27/O
                         net (fo=1, routed)           0.062     1.798    design_1_i/usp_rf_data_converter_0/inst/i_axi_lite_ipif/I_SLAVE_ATTACHMENT/I_DECODER/IP2Bus_Data[11]_i_27_n_0
    SLICE_X115Y103       LUT6 (Prop_B6LUT_SLICEM_I2_O)
                                                      0.149     1.947 r  design_1_i/usp_rf_data_converter_0/inst/i_axi_lite_ipif/I_SLAVE_ATTACHMENT/I_DECODER/IP2Bus_Data[11]_i_9/O
                         net (fo=1, routed)           0.183     2.130    design_1_i/usp_rf_data_converter_0/inst/i_axi_lite_ipif/I_SLAVE_ATTACHMENT/I_DECODER/IP2Bus_Data[11]_i_9_n_0
    SLICE_X114Y100       LUT6 (Prop_D6LUT_SLICEL_I4_O)
                                                      0.050     2.180 f  design_1_i/usp_rf_data_converter_0/inst/i_axi_lite_ipif/I_SLAVE_ATTACHMENT/I_DECODER/IP2Bus_Data[11]_i_2/O
                         net (fo=1, routed)           0.371     2.551    design_1_i/usp_rf_data_converter_0/inst/i_axi_lite_ipif/I_SLAVE_ATTACHMENT/I_DECODER/IP2Bus_Data[11]_i_2_n_0
    SLICE_X110Y113       LUT6 (Prop_C6LUT_SLICEM_I0_O)
                                                      0.088     2.639 r  design_1_i/usp_rf_data_converter_0/inst/i_axi_lite_ipif/I_SLAVE_ATTACHMENT/I_DECODER/IP2Bus_Data[11]_i_1/O
                         net (fo=1, routed)           0.066     2.705    design_1_i/usp_rf_data_converter_0/inst/i_axi_lite_ipif_n_73
    SLICE_X110Y113       FDRE                                         r  design_1_i/usp_rf_data_converter_0/inst/IP2Bus_Data_reg[11]/D
  -------------------------------------------------------------------    -------------------

                         (clock clk_pl_0 rise edge)
                                                      0.000     0.000 r  
    PS8_X0Y0             PS8                          0.000     0.000 r  design_1_i/zynq_ultra_ps_e_0/U0/PS8_i/PLCLK[0]
                         net (fo=1, routed)           0.157     0.157    design_1_i/zynq_ultra_ps_e_0/U0/pl_clk_unbuffered[0]
    BUFG_PS_X0Y58        BUFG_PS (Prop_BUFG_PS_I_O)
                                                      0.025     0.182 r  design_1_i/zynq_ultra_ps_e_0/U0/buffer_pl_clk_0.PL_CLK_0_BUFG/O
    X2Y2 (CLOCK_ROOT)    net (fo=6912, routed)        1.821     2.003    design_1_i/usp_rf_data_converter_0/inst/s_axi_aclk
    SLICE_X110Y113       FDRE                                         r  design_1_i/usp_rf_data_converter_0/inst/IP2Bus_Data_reg[11]/C

Slack:                    inf
  Source:                 design_1_i/usp_rf_data_converter_0/inst/design_1_usp_rf_data_converter_0_0_rf_wrapper_i/rx2_u_adc/INTERNAL_FBRC_DIV2_MUX
                            (rising edge-triggered cell HSADC clocked by RFADC2_CLK  {rise@0.000ns fall@5.000ns period=10.000ns})
  Destination:            design_1_i/usp_rf_data_converter_0/inst/IP2Bus_Data_reg[8]/D
                            (rising edge-triggered cell FDRE clocked by clk_pl_0  {rise@0.000ns fall@5.156ns period=10.312ns})
  Path Group:             (none)
  Path Type:              Setup (Max at Slow Process Corner)
  Data Path Delay:        2.660ns  (logic 1.104ns (41.504%)  route 1.556ns (58.496%))
  Logic Levels:           5  (LUT4=2 LUT6=3)
  Clock Path Skew:        1.995ns (DCD - SCD + CPR)
    Destination Clock Delay (DCD):    1.995ns
    Source Clock Delay      (SCD):    0.000ns
    Clock Pessimism Removal (CPR):    0.000ns
  Clock Uncertainty:      0.159ns  ((TSJ^2 + DJ^2)^1/2) / 2 + PE
    Total System Jitter     (TSJ):    0.071ns
    Discrete Jitter          (DJ):    0.310ns
    Phase Error              (PE):    0.000ns
  Clock Net Delay (Destination): 1.813ns (routing 0.423ns, distribution 1.390ns)
  Timing Exception:       False Path

    Location             Delay type                Incr(ns)  Path(ns)    Netlist Resource(s)
  -------------------------------------------------------------------    -------------------
                         (clock RFADC2_CLK rise edge)
                                                      0.000     0.000 r  
    HSADC_X0Y2           HSADC                        0.000     0.000 r  design_1_i/usp_rf_data_converter_0/inst/design_1_usp_rf_data_converter_0_0_rf_wrapper_i/rx2_u_adc/INTERNAL_FBRC_DIV2_MUX
  -------------------------------------------------------------------    -------------------
    HSADC_X0Y2           HSADC (Prop_HSADC_INTERNAL_FBRC_DIV2_MUX_STATUS_COMMON[8])
                                                      0.788     0.788 r  design_1_i/usp_rf_data_converter_0/inst/design_1_usp_rf_data_converter_0_0_rf_wrapper_i/rx2_u_adc/STATUS_COMMON[8]
                         net (fo=1, routed)           0.833     1.621    design_1_i/usp_rf_data_converter_0/inst/i_axi_lite_ipif/I_SLAVE_ATTACHMENT/I_DECODER/adc2_common_stat[8]
    SLICE_X116Y103       LUT4 (Prop_G6LUT_SLICEL_I0_O)
                                                      0.089     1.710 r  design_1_i/usp_rf_data_converter_0/inst/i_axi_lite_ipif/I_SLAVE_ATTACHMENT/I_DECODER/IP2Bus_Data[8]_i_33/O
                         net (fo=1, routed)           0.155     1.865    design_1_i/usp_rf_data_converter_0/inst/i_axi_lite_ipif/I_SLAVE_ATTACHMENT/I_DECODER/IP2Bus_Data[8]_i_33_n_0
    SLICE_X114Y103       LUT4 (Prop_A6LUT_SLICEL_I0_O)
                                                      0.090     1.955 f  design_1_i/usp_rf_data_converter_0/inst/i_axi_lite_ipif/I_SLAVE_ATTACHMENT/I_DECODER/IP2Bus_Data[8]_i_23/O
                         net (fo=1, routed)           0.040     1.995    design_1_i/usp_rf_data_converter_0/inst/i_axi_lite_ipif/I_SLAVE_ATTACHMENT/I_DECODER/IP2Bus_Data[8]_i_23_n_0
    SLICE_X114Y103       LUT6 (Prop_C6LUT_SLICEL_I2_O)
                                                      0.035     2.030 r  design_1_i/usp_rf_data_converter_0/inst/i_axi_lite_ipif/I_SLAVE_ATTACHMENT/I_DECODER/IP2Bus_Data[8]_i_9/O
                         net (fo=1, routed)           0.151     2.181    design_1_i/usp_rf_data_converter_0/inst/i_axi_lite_ipif/I_SLAVE_ATTACHMENT/I_DECODER/IP2Bus_Data[8]_i_9_n_0
    SLICE_X114Y101       LUT6 (Prop_H6LUT_SLICEL_I4_O)
                                                      0.051     2.232 f  design_1_i/usp_rf_data_converter_0/inst/i_axi_lite_ipif/I_SLAVE_ATTACHMENT/I_DECODER/IP2Bus_Data[8]_i_2/O
                         net (fo=1, routed)           0.311     2.543    design_1_i/usp_rf_data_converter_0/inst/i_axi_lite_ipif/I_SLAVE_ATTACHMENT/I_DECODER/IP2Bus_Data[8]_i_2_n_0
    SLICE_X112Y113       LUT6 (Prop_C6LUT_SLICEM_I0_O)
                                                      0.051     2.594 r  design_1_i/usp_rf_data_converter_0/inst/i_axi_lite_ipif/I_SLAVE_ATTACHMENT/I_DECODER/IP2Bus_Data[8]_i_1/O
                         net (fo=1, routed)           0.066     2.660    design_1_i/usp_rf_data_converter_0/inst/i_axi_lite_ipif_n_76
    SLICE_X112Y113       FDRE                                         r  design_1_i/usp_rf_data_converter_0/inst/IP2Bus_Data_reg[8]/D
  -------------------------------------------------------------------    -------------------

                         (clock clk_pl_0 rise edge)
                                                      0.000     0.000 r  
    PS8_X0Y0             PS8                          0.000     0.000 r  design_1_i/zynq_ultra_ps_e_0/U0/PS8_i/PLCLK[0]
                         net (fo=1, routed)           0.157     0.157    design_1_i/zynq_ultra_ps_e_0/U0/pl_clk_unbuffered[0]
    BUFG_PS_X0Y58        BUFG_PS (Prop_BUFG_PS_I_O)
                                                      0.025     0.182 r  design_1_i/zynq_ultra_ps_e_0/U0/buffer_pl_clk_0.PL_CLK_0_BUFG/O
    X2Y2 (CLOCK_ROOT)    net (fo=6912, routed)        1.813     1.995    design_1_i/usp_rf_data_converter_0/inst/s_axi_aclk
    SLICE_X112Y113       FDRE                                         r  design_1_i/usp_rf_data_converter_0/inst/IP2Bus_Data_reg[8]/C

Slack:                    inf
  Source:                 design_1_i/usp_rf_data_converter_0/inst/design_1_usp_rf_data_converter_0_0_rf_wrapper_i/rx2_u_adc/INTERNAL_FBRC_DIV2_MUX
                            (rising edge-triggered cell HSADC clocked by RFADC2_CLK  {rise@0.000ns fall@5.000ns period=10.000ns})
  Destination:            design_1_i/usp_rf_data_converter_0/inst/IP2Bus_Data_reg[13]/D
                            (rising edge-triggered cell FDRE clocked by clk_pl_0  {rise@0.000ns fall@5.156ns period=10.312ns})
  Path Group:             (none)
  Path Type:              Setup (Max at Slow Process Corner)
  Data Path Delay:        2.484ns  (logic 1.179ns (47.464%)  route 1.305ns (52.536%))
  Logic Levels:           4  (LUT5=1 LUT6=3)
  Clock Path Skew:        1.998ns (DCD - SCD + CPR)
    Destination Clock Delay (DCD):    1.998ns
    Source Clock Delay      (SCD):    0.000ns
    Clock Pessimism Removal (CPR):    0.000ns
  Clock Uncertainty:      0.159ns  ((TSJ^2 + DJ^2)^1/2) / 2 + PE
    Total System Jitter     (TSJ):    0.071ns
    Discrete Jitter          (DJ):    0.310ns
    Phase Error              (PE):    0.000ns
  Clock Net Delay (Destination): 1.816ns (routing 0.423ns, distribution 1.393ns)
  Timing Exception:       False Path

    Location             Delay type                Incr(ns)  Path(ns)    Netlist Resource(s)
  -------------------------------------------------------------------    -------------------
                         (clock RFADC2_CLK rise edge)
                                                      0.000     0.000 r  
    HSADC_X0Y2           HSADC                        0.000     0.000 r  design_1_i/usp_rf_data_converter_0/inst/design_1_usp_rf_data_converter_0_0_rf_wrapper_i/rx2_u_adc/INTERNAL_FBRC_DIV2_MUX
  -------------------------------------------------------------------    -------------------
    HSADC_X0Y2           HSADC (Prop_HSADC_INTERNAL_FBRC_DIV2_MUX_STATUS_COMMON[13])
                                                      0.771     0.771 r  design_1_i/usp_rf_data_converter_0/inst/design_1_usp_rf_data_converter_0_0_rf_wrapper_i/rx2_u_adc/STATUS_COMMON[13]
                         net (fo=1, routed)           0.985     1.756    design_1_i/usp_rf_data_converter_0/inst/i_axi_lite_ipif/I_SLAVE_ATTACHMENT/I_DECODER/adc2_common_stat[13]
    SLICE_X114Y101       LUT5 (Prop_G6LUT_SLICEL_I4_O)
                                                      0.123     1.879 r  design_1_i/usp_rf_data_converter_0/inst/i_axi_lite_ipif/I_SLAVE_ATTACHMENT/I_DECODER/IP2Bus_Data[13]_i_30/O
                         net (fo=1, routed)           0.088     1.967    design_1_i/usp_rf_data_converter_0/inst/i_axi_lite_ipif/I_SLAVE_ATTACHMENT/I_DECODER/IP2Bus_Data[13]_i_30_n_0
    SLICE_X114Y101       LUT6 (Prop_D6LUT_SLICEL_I2_O)
                                                      0.050     2.017 r  design_1_i/usp_rf_data_converter_0/inst/i_axi_lite_ipif/I_SLAVE_ATTACHMENT/I_DECODER/IP2Bus_Data[13]_i_15/O
                         net (fo=1, routed)           0.051     2.068    design_1_i/usp_rf_data_converter_0/inst/i_axi_lite_ipif/I_SLAVE_ATTACHMENT/I_DECODER/IP2Bus_Data[13]_i_15_n_0
    SLICE_X114Y101       LUT6 (Prop_C6LUT_SLICEL_I2_O)
                                                      0.146     2.214 f  design_1_i/usp_rf_data_converter_0/inst/i_axi_lite_ipif/I_SLAVE_ATTACHMENT/I_DECODER/IP2Bus_Data[13]_i_5/O
                         net (fo=1, routed)           0.132     2.346    design_1_i/usp_rf_data_converter_0/inst/i_axi_lite_ipif/I_SLAVE_ATTACHMENT/I_DECODER/IP2Bus_Data[13]_i_5_n_0
    SLICE_X114Y105       LUT6 (Prop_D6LUT_SLICEL_I3_O)
                                                      0.089     2.435 r  design_1_i/usp_rf_data_converter_0/inst/i_axi_lite_ipif/I_SLAVE_ATTACHMENT/I_DECODER/IP2Bus_Data[13]_i_1/O
                         net (fo=1, routed)           0.049     2.484    design_1_i/usp_rf_data_converter_0/inst/i_axi_lite_ipif_n_71
    SLICE_X114Y105       FDRE                                         r  design_1_i/usp_rf_data_converter_0/inst/IP2Bus_Data_reg[13]/D
  -------------------------------------------------------------------    -------------------

                         (clock clk_pl_0 rise edge)
                                                      0.000     0.000 r  
    PS8_X0Y0             PS8                          0.000     0.000 r  design_1_i/zynq_ultra_ps_e_0/U0/PS8_i/PLCLK[0]
                         net (fo=1, routed)           0.157     0.157    design_1_i/zynq_ultra_ps_e_0/U0/pl_clk_unbuffered[0]
    BUFG_PS_X0Y58        BUFG_PS (Prop_BUFG_PS_I_O)
                                                      0.025     0.182 r  design_1_i/zynq_ultra_ps_e_0/U0/buffer_pl_clk_0.PL_CLK_0_BUFG/O
    X2Y2 (CLOCK_ROOT)    net (fo=6912, routed)        1.816     1.998    design_1_i/usp_rf_data_converter_0/inst/s_axi_aclk
    SLICE_X114Y105       FDRE                                         r  design_1_i/usp_rf_data_converter_0/inst/IP2Bus_Data_reg[13]/C

Slack:                    inf
  Source:                 design_1_i/usp_rf_data_converter_0/inst/design_1_usp_rf_data_converter_0_0_rf_wrapper_i/rx2_u_adc/INTERNAL_FBRC_DIV2_MUX
                            (rising edge-triggered cell HSADC clocked by RFADC2_CLK  {rise@0.000ns fall@5.000ns period=10.000ns})
  Destination:            design_1_i/usp_rf_data_converter_0/inst/IP2Bus_Data_reg[14]/D
                            (rising edge-triggered cell FDRE clocked by clk_pl_0  {rise@0.000ns fall@5.156ns period=10.312ns})
  Path Group:             (none)
  Path Type:              Setup (Max at Slow Process Corner)
  Data Path Delay:        2.364ns  (logic 1.008ns (42.640%)  route 1.356ns (57.360%))
  Logic Levels:           5  (LUT4=1 LUT5=1 LUT6=3)
  Clock Path Skew:        1.993ns (DCD - SCD + CPR)
    Destination Clock Delay (DCD):    1.993ns
    Source Clock Delay      (SCD):    0.000ns
    Clock Pessimism Removal (CPR):    0.000ns
  Clock Uncertainty:      0.159ns  ((TSJ^2 + DJ^2)^1/2) / 2 + PE
    Total System Jitter     (TSJ):    0.071ns
    Discrete Jitter          (DJ):    0.310ns
    Phase Error              (PE):    0.000ns
  Clock Net Delay (Destination): 1.811ns (routing 0.423ns, distribution 1.388ns)
  Timing Exception:       False Path

    Location             Delay type                Incr(ns)  Path(ns)    Netlist Resource(s)
  -------------------------------------------------------------------    -------------------
                         (clock RFADC2_CLK rise edge)
                                                      0.000     0.000 r  
    HSADC_X0Y2           HSADC                        0.000     0.000 r  design_1_i/usp_rf_data_converter_0/inst/design_1_usp_rf_data_converter_0_0_rf_wrapper_i/rx2_u_adc/INTERNAL_FBRC_DIV2_MUX
  -------------------------------------------------------------------    -------------------
    HSADC_X0Y2           HSADC (Prop_HSADC_INTERNAL_FBRC_DIV2_MUX_STATUS_COMMON[14])
                                                      0.698     0.698 r  design_1_i/usp_rf_data_converter_0/inst/design_1_usp_rf_data_converter_0_0_rf_wrapper_i/rx2_u_adc/STATUS_COMMON[14]
                         net (fo=1, routed)           0.785     1.483    design_1_i/usp_rf_data_converter_0/inst/i_axi_lite_ipif/I_SLAVE_ATTACHMENT/I_DECODER/adc2_common_stat[14]
    SLICE_X117Y99        LUT4 (Prop_B6LUT_SLICEL_I2_O)
                                                      0.036     1.519 f  design_1_i/usp_rf_data_converter_0/inst/i_axi_lite_ipif/I_SLAVE_ATTACHMENT/I_DECODER/IP2Bus_Data[14]_i_66/O
                         net (fo=1, routed)           0.187     1.706    design_1_i/usp_rf_data_converter_0/inst/i_axi_lite_ipif/I_SLAVE_ATTACHMENT/I_DECODER/IP2Bus_Data[14]_i_66_n_0
    SLICE_X116Y99        LUT5 (Prop_D6LUT_SLICEL_I2_O)
                                                      0.089     1.795 r  design_1_i/usp_rf_data_converter_0/inst/i_axi_lite_ipif/I_SLAVE_ATTACHMENT/I_DECODER/IP2Bus_Data[14]_i_45/O
                         net (fo=1, routed)           0.088     1.883    design_1_i/usp_rf_data_converter_0/inst/i_axi_lite_ipif/I_SLAVE_ATTACHMENT/I_DECODER/IP2Bus_Data[14]_i_45_n_0
    SLICE_X116Y99        LUT6 (Prop_G6LUT_SLICEL_I2_O)
                                                      0.035     1.918 r  design_1_i/usp_rf_data_converter_0/inst/i_axi_lite_ipif/I_SLAVE_ATTACHMENT/I_DECODER/IP2Bus_Data[14]_i_21/O
                         net (fo=1, routed)           0.145     2.063    design_1_i/usp_rf_data_converter_0/inst/i_axi_lite_ipif/I_SLAVE_ATTACHMENT/I_DECODER/IP2Bus_Data[14]_i_21_n_0
    SLICE_X116Y103       LUT6 (Prop_H6LUT_SLICEL_I5_O)
                                                      0.051     2.114 r  design_1_i/usp_rf_data_converter_0/inst/i_axi_lite_ipif/I_SLAVE_ATTACHMENT/I_DECODER/IP2Bus_Data[14]_i_6/O
                         net (fo=1, routed)           0.102     2.216    design_1_i/usp_rf_data_converter_0/inst/i_axi_lite_ipif/I_SLAVE_ATTACHMENT/I_DECODER/IP2Bus_Data[14]_i_6_n_0
    SLICE_X114Y104       LUT6 (Prop_D6LUT_SLICEL_I4_O)
                                                      0.099     2.315 r  design_1_i/usp_rf_data_converter_0/inst/i_axi_lite_ipif/I_SLAVE_ATTACHMENT/I_DECODER/IP2Bus_Data[14]_i_1/O
                         net (fo=1, routed)           0.049     2.364    design_1_i/usp_rf_data_converter_0/inst/i_axi_lite_ipif_n_70
    SLICE_X114Y104       FDRE                                         r  design_1_i/usp_rf_data_converter_0/inst/IP2Bus_Data_reg[14]/D
  -------------------------------------------------------------------    -------------------

                         (clock clk_pl_0 rise edge)
                                                      0.000     0.000 r  
    PS8_X0Y0             PS8                          0.000     0.000 r  design_1_i/zynq_ultra_ps_e_0/U0/PS8_i/PLCLK[0]
                         net (fo=1, routed)           0.157     0.157    design_1_i/zynq_ultra_ps_e_0/U0/pl_clk_unbuffered[0]
    BUFG_PS_X0Y58        BUFG_PS (Prop_BUFG_PS_I_O)
                                                      0.025     0.182 r  design_1_i/zynq_ultra_ps_e_0/U0/buffer_pl_clk_0.PL_CLK_0_BUFG/O
    X2Y2 (CLOCK_ROOT)    net (fo=6912, routed)        1.811     1.993    design_1_i/usp_rf_data_converter_0/inst/s_axi_aclk
    SLICE_X114Y104       FDRE                                         r  design_1_i/usp_rf_data_converter_0/inst/IP2Bus_Data_reg[14]/C

Slack:                    inf
  Source:                 design_1_i/usp_rf_data_converter_0/inst/design_1_usp_rf_data_converter_0_0_rf_wrapper_i/rx2_u_adc/INTERNAL_FBRC_DIV2_MUX
                            (rising edge-triggered cell HSADC clocked by RFADC2_CLK  {rise@0.000ns fall@5.000ns period=10.000ns})
  Destination:            design_1_i/usp_rf_data_converter_0/inst/IP2Bus_Data_reg[10]/D
                            (rising edge-triggered cell FDRE clocked by clk_pl_0  {rise@0.000ns fall@5.156ns period=10.312ns})
  Path Group:             (none)
  Path Type:              Setup (Max at Slow Process Corner)
  Data Path Delay:        2.324ns  (logic 0.945ns (40.663%)  route 1.379ns (59.337%))
  Logic Levels:           5  (LUT4=2 LUT6=3)
  Clock Path Skew:        2.003ns (DCD - SCD + CPR)
    Destination Clock Delay (DCD):    2.003ns
    Source Clock Delay      (SCD):    0.000ns
    Clock Pessimism Removal (CPR):    0.000ns
  Clock Uncertainty:      0.159ns  ((TSJ^2 + DJ^2)^1/2) / 2 + PE
    Total System Jitter     (TSJ):    0.071ns
    Discrete Jitter          (DJ):    0.310ns
    Phase Error              (PE):    0.000ns
  Clock Net Delay (Destination): 1.821ns (routing 0.423ns, distribution 1.398ns)
  Timing Exception:       False Path

    Location             Delay type                Incr(ns)  Path(ns)    Netlist Resource(s)
  -------------------------------------------------------------------    -------------------
                         (clock RFADC2_CLK rise edge)
                                                      0.000     0.000 r  
    HSADC_X0Y2           HSADC                        0.000     0.000 r  design_1_i/usp_rf_data_converter_0/inst/design_1_usp_rf_data_converter_0_0_rf_wrapper_i/rx2_u_adc/INTERNAL_FBRC_DIV2_MUX
  -------------------------------------------------------------------    -------------------
    HSADC_X0Y2           HSADC (Prop_HSADC_INTERNAL_FBRC_DIV2_MUX_STATUS_COMMON[10])
                                                      0.536     0.536 r  design_1_i/usp_rf_data_converter_0/inst/design_1_usp_rf_data_converter_0_0_rf_wrapper_i/rx2_u_adc/STATUS_COMMON[10]
                         net (fo=1, routed)           0.765     1.301    design_1_i/usp_rf_data_converter_0/inst/i_axi_lite_ipif/I_SLAVE_ATTACHMENT/I_DECODER/adc2_common_stat[10]
    SLICE_X115Y103       LUT4 (Prop_G6LUT_SLICEM_I0_O)
                                                      0.090     1.391 r  design_1_i/usp_rf_data_converter_0/inst/i_axi_lite_ipif/I_SLAVE_ATTACHMENT/I_DECODER/IP2Bus_Data[10]_i_33/O
                         net (fo=1, routed)           0.094     1.485    design_1_i/usp_rf_data_converter_0/inst/i_axi_lite_ipif/I_SLAVE_ATTACHMENT/I_DECODER/IP2Bus_Data[10]_i_33_n_0
    SLICE_X115Y103       LUT4 (Prop_A6LUT_SLICEM_I0_O)
                                                      0.100     1.585 f  design_1_i/usp_rf_data_converter_0/inst/i_axi_lite_ipif/I_SLAVE_ATTACHMENT/I_DECODER/IP2Bus_Data[10]_i_24/O
                         net (fo=1, routed)           0.042     1.627    design_1_i/usp_rf_data_converter_0/inst/i_axi_lite_ipif/I_SLAVE_ATTACHMENT/I_DECODER/IP2Bus_Data[10]_i_24_n_0
    SLICE_X115Y103       LUT6 (Prop_D6LUT_SLICEM_I2_O)
                                                      0.037     1.664 r  design_1_i/usp_rf_data_converter_0/inst/i_axi_lite_ipif/I_SLAVE_ATTACHMENT/I_DECODER/IP2Bus_Data[10]_i_14/O
                         net (fo=1, routed)           0.052     1.716    design_1_i/usp_rf_data_converter_0/inst/i_axi_lite_ipif/I_SLAVE_ATTACHMENT/I_DECODER/IP2Bus_Data[10]_i_14_n_0
    SLICE_X115Y103       LUT6 (Prop_C6LUT_SLICEM_I4_O)
                                                      0.145     1.861 f  design_1_i/usp_rf_data_converter_0/inst/i_axi_lite_ipif/I_SLAVE_ATTACHMENT/I_DECODER/IP2Bus_Data[10]_i_5/O
                         net (fo=1, routed)           0.354     2.215    design_1_i/usp_rf_data_converter_0/inst/i_axi_lite_ipif/I_SLAVE_ATTACHMENT/I_DECODER/IP2Bus_Data[10]_i_5_n_0
    SLICE_X110Y113       LUT6 (Prop_D6LUT_SLICEM_I4_O)
                                                      0.037     2.252 r  design_1_i/usp_rf_data_converter_0/inst/i_axi_lite_ipif/I_SLAVE_ATTACHMENT/I_DECODER/IP2Bus_Data[10]_i_1/O
                         net (fo=1, routed)           0.072     2.324    design_1_i/usp_rf_data_converter_0/inst/i_axi_lite_ipif_n_74
    SLICE_X110Y113       FDRE                                         r  design_1_i/usp_rf_data_converter_0/inst/IP2Bus_Data_reg[10]/D
  -------------------------------------------------------------------    -------------------

                         (clock clk_pl_0 rise edge)
                                                      0.000     0.000 r  
    PS8_X0Y0             PS8                          0.000     0.000 r  design_1_i/zynq_ultra_ps_e_0/U0/PS8_i/PLCLK[0]
                         net (fo=1, routed)           0.157     0.157    design_1_i/zynq_ultra_ps_e_0/U0/pl_clk_unbuffered[0]
    BUFG_PS_X0Y58        BUFG_PS (Prop_BUFG_PS_I_O)
                                                      0.025     0.182 r  design_1_i/zynq_ultra_ps_e_0/U0/buffer_pl_clk_0.PL_CLK_0_BUFG/O
    X2Y2 (CLOCK_ROOT)    net (fo=6912, routed)        1.821     2.003    design_1_i/usp_rf_data_converter_0/inst/s_axi_aclk
    SLICE_X110Y113       FDRE                                         r  design_1_i/usp_rf_data_converter_0/inst/IP2Bus_Data_reg[10]/C

Slack:                    inf
  Source:                 design_1_i/usp_rf_data_converter_0/inst/design_1_usp_rf_data_converter_0_0_rf_wrapper_i/rx2_u_adc/INTERNAL_FBRC_DIV2_MUX
                            (rising edge-triggered cell HSADC clocked by RFADC2_CLK  {rise@0.000ns fall@5.000ns period=10.000ns})
  Destination:            design_1_i/usp_rf_data_converter_0/inst/IP2Bus_Data_reg[15]/D
                            (rising edge-triggered cell FDRE clocked by clk_pl_0  {rise@0.000ns fall@5.156ns period=10.312ns})
  Path Group:             (none)
  Path Type:              Setup (Max at Slow Process Corner)
  Data Path Delay:        2.252ns  (logic 0.892ns (39.609%)  route 1.360ns (60.391%))
  Logic Levels:           5  (LUT4=1 LUT5=1 LUT6=3)
  Clock Path Skew:        1.998ns (DCD - SCD + CPR)
    Destination Clock Delay (DCD):    1.998ns
    Source Clock Delay      (SCD):    0.000ns
    Clock Pessimism Removal (CPR):    0.000ns
  Clock Uncertainty:      0.159ns  ((TSJ^2 + DJ^2)^1/2) / 2 + PE
    Total System Jitter     (TSJ):    0.071ns
    Discrete Jitter          (DJ):    0.310ns
    Phase Error              (PE):    0.000ns
  Clock Net Delay (Destination): 1.816ns (routing 0.423ns, distribution 1.393ns)
  Timing Exception:       False Path

    Location             Delay type                Incr(ns)  Path(ns)    Netlist Resource(s)
  -------------------------------------------------------------------    -------------------
                         (clock RFADC2_CLK rise edge)
                                                      0.000     0.000 r  
    HSADC_X0Y2           HSADC                        0.000     0.000 r  design_1_i/usp_rf_data_converter_0/inst/design_1_usp_rf_data_converter_0_0_rf_wrapper_i/rx2_u_adc/INTERNAL_FBRC_DIV2_MUX
  -------------------------------------------------------------------    -------------------
    HSADC_X0Y2           HSADC (Prop_HSADC_INTERNAL_FBRC_DIV2_MUX_STATUS_COMMON[15])
                                                      0.525     0.525 r  design_1_i/usp_rf_data_converter_0/inst/design_1_usp_rf_data_converter_0_0_rf_wrapper_i/rx2_u_adc/STATUS_COMMON[15]
                         net (fo=1, routed)           0.791     1.316    design_1_i/usp_rf_data_converter_0/inst/i_axi_lite_ipif/I_SLAVE_ATTACHMENT/I_DECODER/adc2_common_stat[15]
    SLICE_X117Y99        LUT4 (Prop_E6LUT_SLICEL_I2_O)
                                                      0.051     1.367 f  design_1_i/usp_rf_data_converter_0/inst/i_axi_lite_ipif/I_SLAVE_ATTACHMENT/I_DECODER/IP2Bus_Data[15]_i_82/O
                         net (fo=1, routed)           0.038     1.405    design_1_i/usp_rf_data_converter_0/inst/i_axi_lite_ipif/I_SLAVE_ATTACHMENT/I_DECODER/IP2Bus_Data[15]_i_82_n_0
    SLICE_X117Y99        LUT5 (Prop_C6LUT_SLICEL_I2_O)
                                                      0.035     1.440 r  design_1_i/usp_rf_data_converter_0/inst/i_axi_lite_ipif/I_SLAVE_ATTACHMENT/I_DECODER/IP2Bus_Data[15]_i_56/O
                         net (fo=1, routed)           0.137     1.577    design_1_i/usp_rf_data_converter_0/inst/i_axi_lite_ipif/I_SLAVE_ATTACHMENT/I_DECODER/IP2Bus_Data[15]_i_56_n_0
    SLICE_X116Y99        LUT6 (Prop_F6LUT_SLICEL_I2_O)
                                                      0.123     1.700 r  design_1_i/usp_rf_data_converter_0/inst/i_axi_lite_ipif/I_SLAVE_ATTACHMENT/I_DECODER/IP2Bus_Data[15]_i_24/O
                         net (fo=1, routed)           0.132     1.832    design_1_i/usp_rf_data_converter_0/inst/i_axi_lite_ipif/I_SLAVE_ATTACHMENT/I_DECODER/IP2Bus_Data[15]_i_24_n_0
    SLICE_X116Y102       LUT6 (Prop_G6LUT_SLICEL_I3_O)
                                                      0.035     1.867 r  design_1_i/usp_rf_data_converter_0/inst/i_axi_lite_ipif/I_SLAVE_ATTACHMENT/I_DECODER/IP2Bus_Data[15]_i_6/O
                         net (fo=1, routed)           0.212     2.079    design_1_i/usp_rf_data_converter_0/inst/i_axi_lite_ipif/I_SLAVE_ATTACHMENT/I_DECODER/IP2Bus_Data[15]_i_6_n_0
    SLICE_X114Y105       LUT6 (Prop_C6LUT_SLICEL_I4_O)
                                                      0.123     2.202 r  design_1_i/usp_rf_data_converter_0/inst/i_axi_lite_ipif/I_SLAVE_ATTACHMENT/I_DECODER/IP2Bus_Data[15]_i_1/O
                         net (fo=1, routed)           0.050     2.252    design_1_i/usp_rf_data_converter_0/inst/i_axi_lite_ipif_n_69
    SLICE_X114Y105       FDRE                                         r  design_1_i/usp_rf_data_converter_0/inst/IP2Bus_Data_reg[15]/D
  -------------------------------------------------------------------    -------------------

                         (clock clk_pl_0 rise edge)
                                                      0.000     0.000 r  
    PS8_X0Y0             PS8                          0.000     0.000 r  design_1_i/zynq_ultra_ps_e_0/U0/PS8_i/PLCLK[0]
                         net (fo=1, routed)           0.157     0.157    design_1_i/zynq_ultra_ps_e_0/U0/pl_clk_unbuffered[0]
    BUFG_PS_X0Y58        BUFG_PS (Prop_BUFG_PS_I_O)
                                                      0.025     0.182 r  design_1_i/zynq_ultra_ps_e_0/U0/buffer_pl_clk_0.PL_CLK_0_BUFG/O
    X2Y2 (CLOCK_ROOT)    net (fo=6912, routed)        1.816     1.998    design_1_i/usp_rf_data_converter_0/inst/s_axi_aclk
    SLICE_X114Y105       FDRE                                         r  design_1_i/usp_rf_data_converter_0/inst/IP2Bus_Data_reg[15]/C

Slack:                    inf
  Source:                 design_1_i/usp_rf_data_converter_0/inst/design_1_usp_rf_data_converter_0_0_rf_wrapper_i/rx2_u_adc/INTERNAL_FBRC_DIV2_MUX
                            (rising edge-triggered cell HSADC clocked by RFADC2_CLK  {rise@0.000ns fall@5.000ns period=10.000ns})
  Destination:            design_1_i/usp_rf_data_converter_0/inst/IP2Bus_Data_reg[9]/D
                            (rising edge-triggered cell FDRE clocked by clk_pl_0  {rise@0.000ns fall@5.156ns period=10.312ns})
  Path Group:             (none)
  Path Type:              Setup (Max at Slow Process Corner)
  Data Path Delay:        2.224ns  (logic 0.796ns (35.791%)  route 1.428ns (64.209%))
  Logic Levels:           4  (LUT5=1 LUT6=3)
  Clock Path Skew:        2.008ns (DCD - SCD + CPR)
    Destination Clock Delay (DCD):    2.008ns
    Source Clock Delay      (SCD):    0.000ns
    Clock Pessimism Removal (CPR):    0.000ns
  Clock Uncertainty:      0.159ns  ((TSJ^2 + DJ^2)^1/2) / 2 + PE
    Total System Jitter     (TSJ):    0.071ns
    Discrete Jitter          (DJ):    0.310ns
    Phase Error              (PE):    0.000ns
  Clock Net Delay (Destination): 1.826ns (routing 0.423ns, distribution 1.403ns)
  Timing Exception:       False Path

    Location             Delay type                Incr(ns)  Path(ns)    Netlist Resource(s)
  -------------------------------------------------------------------    -------------------
                         (clock RFADC2_CLK rise edge)
                                                      0.000     0.000 r  
    HSADC_X0Y2           HSADC                        0.000     0.000 r  design_1_i/usp_rf_data_converter_0/inst/design_1_usp_rf_data_converter_0_0_rf_wrapper_i/rx2_u_adc/INTERNAL_FBRC_DIV2_MUX
  -------------------------------------------------------------------    -------------------
    HSADC_X0Y2           HSADC (Prop_HSADC_INTERNAL_FBRC_DIV2_MUX_STATUS_COMMON[9])
                                                      0.532     0.532 r  design_1_i/usp_rf_data_converter_0/inst/design_1_usp_rf_data_converter_0_0_rf_wrapper_i/rx2_u_adc/STATUS_COMMON[9]
                         net (fo=1, routed)           0.866     1.398    design_1_i/usp_rf_data_converter_0/inst/i_axi_lite_ipif/I_SLAVE_ATTACHMENT/I_DECODER/adc2_common_stat[9]
    SLICE_X115Y103       LUT5 (Prop_H6LUT_SLICEM_I4_O)
                                                      0.125     1.523 f  design_1_i/usp_rf_data_converter_0/inst/i_axi_lite_ipif/I_SLAVE_ATTACHMENT/I_DECODER/IP2Bus_Data[9]_i_38/O
                         net (fo=1, routed)           0.158     1.681    design_1_i/usp_rf_data_converter_0/inst/i_axi_lite_ipif/I_SLAVE_ATTACHMENT/I_DECODER/IP2Bus_Data[9]_i_38_n_0
    SLICE_X114Y103       LUT6 (Prop_B6LUT_SLICEL_I3_O)
                                                      0.051     1.732 f  design_1_i/usp_rf_data_converter_0/inst/i_axi_lite_ipif/I_SLAVE_ATTACHMENT/I_DECODER/IP2Bus_Data[9]_i_19/O
                         net (fo=1, routed)           0.085     1.817    design_1_i/usp_rf_data_converter_0/inst/i_axi_lite_ipif/I_SLAVE_ATTACHMENT/I_DECODER/IP2Bus_Data[9]_i_19_n_0
    SLICE_X114Y102       LUT6 (Prop_E6LUT_SLICEL_I2_O)
                                                      0.035     1.852 r  design_1_i/usp_rf_data_converter_0/inst/i_axi_lite_ipif/I_SLAVE_ATTACHMENT/I_DECODER/IP2Bus_Data[9]_i_6/O
                         net (fo=1, routed)           0.261     2.113    design_1_i/usp_rf_data_converter_0/inst/i_axi_lite_ipif/I_SLAVE_ATTACHMENT/I_DECODER/IP2Bus_Data[9]_i_6_n_0
    SLICE_X113Y108       LUT6 (Prop_H6LUT_SLICEM_I4_O)
                                                      0.053     2.166 r  design_1_i/usp_rf_data_converter_0/inst/i_axi_lite_ipif/I_SLAVE_ATTACHMENT/I_DECODER/IP2Bus_Data[9]_i_1/O
                         net (fo=1, routed)           0.058     2.224    design_1_i/usp_rf_data_converter_0/inst/i_axi_lite_ipif_n_75
    SLICE_X113Y108       FDRE                                         r  design_1_i/usp_rf_data_converter_0/inst/IP2Bus_Data_reg[9]/D
  -------------------------------------------------------------------    -------------------

                         (clock clk_pl_0 rise edge)
                                                      0.000     0.000 r  
    PS8_X0Y0             PS8                          0.000     0.000 r  design_1_i/zynq_ultra_ps_e_0/U0/PS8_i/PLCLK[0]
                         net (fo=1, routed)           0.157     0.157    design_1_i/zynq_ultra_ps_e_0/U0/pl_clk_unbuffered[0]
    BUFG_PS_X0Y58        BUFG_PS (Prop_BUFG_PS_I_O)
                                                      0.025     0.182 r  design_1_i/zynq_ultra_ps_e_0/U0/buffer_pl_clk_0.PL_CLK_0_BUFG/O
    X2Y2 (CLOCK_ROOT)    net (fo=6912, routed)        1.826     2.008    design_1_i/usp_rf_data_converter_0/inst/s_axi_aclk
    SLICE_X113Y108       FDRE                                         r  design_1_i/usp_rf_data_converter_0/inst/IP2Bus_Data_reg[9]/C

Slack:                    inf
  Source:                 design_1_i/usp_rf_data_converter_0/inst/design_1_usp_rf_data_converter_0_0_rf_wrapper_i/rx2_u_adc/INTERNAL_FBRC_DIV2_MUX
                            (rising edge-triggered cell HSADC clocked by RFADC2_CLK  {rise@0.000ns fall@5.000ns period=10.000ns})
  Destination:            design_1_i/usp_rf_data_converter_0/inst/IP2Bus_Data_reg[12]/D
                            (rising edge-triggered cell FDRE clocked by clk_pl_0  {rise@0.000ns fall@5.156ns period=10.312ns})
  Path Group:             (none)
  Path Type:              Setup (Max at Slow Process Corner)
  Data Path Delay:        2.182ns  (logic 0.910ns (41.705%)  route 1.272ns (58.295%))
  Logic Levels:           3  (LUT6=3)
  Clock Path Skew:        2.003ns (DCD - SCD + CPR)
    Destination Clock Delay (DCD):    2.003ns
    Source Clock Delay      (SCD):    0.000ns
    Clock Pessimism Removal (CPR):    0.000ns
  Clock Uncertainty:      0.159ns  ((TSJ^2 + DJ^2)^1/2) / 2 + PE
    Total System Jitter     (TSJ):    0.071ns
    Discrete Jitter          (DJ):    0.310ns
    Phase Error              (PE):    0.000ns
  Clock Net Delay (Destination): 1.821ns (routing 0.423ns, distribution 1.398ns)
  Timing Exception:       False Path

    Location             Delay type                Incr(ns)  Path(ns)    Netlist Resource(s)
  -------------------------------------------------------------------    -------------------
                         (clock RFADC2_CLK rise edge)
                                                      0.000     0.000 r  
    HSADC_X0Y2           HSADC                        0.000     0.000 r  design_1_i/usp_rf_data_converter_0/inst/design_1_usp_rf_data_converter_0_0_rf_wrapper_i/rx2_u_adc/INTERNAL_FBRC_DIV2_MUX
  -------------------------------------------------------------------    -------------------
    HSADC_X0Y2           HSADC (Prop_HSADC_INTERNAL_FBRC_DIV2_MUX_STATUS_COMMON[12])
                                                      0.611     0.611 r  design_1_i/usp_rf_data_converter_0/inst/design_1_usp_rf_data_converter_0_0_rf_wrapper_i/rx2_u_adc/STATUS_COMMON[12]
                         net (fo=1, routed)           0.863     1.474    design_1_i/usp_rf_data_converter_0/inst/i_axi_lite_ipif/I_SLAVE_ATTACHMENT/I_DECODER/adc2_common_stat[12]
    SLICE_X116Y100       LUT6 (Prop_G6LUT_SLICEL_I1_O)
                                                      0.149     1.623 f  design_1_i/usp_rf_data_converter_0/inst/i_axi_lite_ipif/I_SLAVE_ATTACHMENT/I_DECODER/IP2Bus_Data[12]_i_10/O
                         net (fo=1, routed)           0.152     1.775    design_1_i/usp_rf_data_converter_0/inst/i_axi_lite_ipif/I_SLAVE_ATTACHMENT/I_DECODER/IP2Bus_Data[12]_i_10_n_0
    SLICE_X114Y100       LUT6 (Prop_C6LUT_SLICEL_I2_O)
                                                      0.050     1.825 r  design_1_i/usp_rf_data_converter_0/inst/i_axi_lite_ipif/I_SLAVE_ATTACHMENT/I_DECODER/IP2Bus_Data[12]_i_3/O
                         net (fo=1, routed)           0.204     2.029    design_1_i/usp_rf_data_converter_0/inst/i_axi_lite_ipif/I_SLAVE_ATTACHMENT/I_DECODER/IP2Bus_Data[12]_i_3_n_0
    SLICE_X113Y106       LUT6 (Prop_A6LUT_SLICEM_I1_O)
                                                      0.100     2.129 r  design_1_i/usp_rf_data_converter_0/inst/i_axi_lite_ipif/I_SLAVE_ATTACHMENT/I_DECODER/IP2Bus_Data[12]_i_1/O
                         net (fo=1, routed)           0.053     2.182    design_1_i/usp_rf_data_converter_0/inst/i_axi_lite_ipif_n_72
    SLICE_X113Y106       FDRE                                         r  design_1_i/usp_rf_data_converter_0/inst/IP2Bus_Data_reg[12]/D
  -------------------------------------------------------------------    -------------------

                         (clock clk_pl_0 rise edge)
                                                      0.000     0.000 r  
    PS8_X0Y0             PS8                          0.000     0.000 r  design_1_i/zynq_ultra_ps_e_0/U0/PS8_i/PLCLK[0]
                         net (fo=1, routed)           0.157     0.157    design_1_i/zynq_ultra_ps_e_0/U0/pl_clk_unbuffered[0]
    BUFG_PS_X0Y58        BUFG_PS (Prop_BUFG_PS_I_O)
                                                      0.025     0.182 r  design_1_i/zynq_ultra_ps_e_0/U0/buffer_pl_clk_0.PL_CLK_0_BUFG/O
    X2Y2 (CLOCK_ROOT)    net (fo=6912, routed)        1.821     2.003    design_1_i/usp_rf_data_converter_0/inst/s_axi_aclk
    SLICE_X113Y106       FDRE                                         r  design_1_i/usp_rf_data_converter_0/inst/IP2Bus_Data_reg[12]/C





Min Delay Paths
--------------------------------------------------------------------------------------
Slack:                    inf
  Source:                 design_1_i/usp_rf_data_converter_0/inst/design_1_usp_rf_data_converter_0_0_rf_wrapper_i/rx2_u_adc/INTERNAL_FBRC_DIV2_MUX
                            (rising edge-triggered cell HSADC clocked by RFADC2_CLK  {rise@0.000ns fall@5.000ns period=10.000ns})
  Destination:            design_1_i/usp_rf_data_converter_0/inst/IP2Bus_Data_reg[12]/D
                            (rising edge-triggered cell FDRE clocked by clk_pl_0  {rise@0.000ns fall@5.156ns period=10.312ns})
  Path Group:             (none)
  Path Type:              Hold (Min at Fast Process Corner)
  Data Path Delay:        1.019ns  (logic 0.397ns (38.960%)  route 0.622ns (61.040%))
  Logic Levels:           3  (LUT6=3)
  Clock Path Skew:        1.414ns (DCD - SCD - CPR)
    Destination Clock Delay (DCD):    1.414ns
    Source Clock Delay      (SCD):    0.000ns
    Clock Pessimism Removal (CPR):    -0.000ns
  Clock Uncertainty:      0.159ns  ((TSJ^2 + DJ^2)^1/2) / 2 + PE
    Total System Jitter     (TSJ):    0.071ns
    Discrete Jitter          (DJ):    0.310ns
    Phase Error              (PE):    0.000ns
  Clock Net Delay (Destination): 1.267ns (routing 0.282ns, distribution 0.985ns)
  Timing Exception:       False Path

    Location             Delay type                Incr(ns)  Path(ns)    Netlist Resource(s)
  -------------------------------------------------------------------    -------------------
                         (clock RFADC2_CLK rise edge)
                                                      0.000     0.000 r  
    HSADC_X0Y2           HSADC                        0.000     0.000 r  design_1_i/usp_rf_data_converter_0/inst/design_1_usp_rf_data_converter_0_0_rf_wrapper_i/rx2_u_adc/INTERNAL_FBRC_DIV2_MUX
  -------------------------------------------------------------------    -------------------
    HSADC_X0Y2           HSADC (Prop_HSADC_INTERNAL_FBRC_DIV2_MUX_STATUS_COMMON[12])
                                                      0.274     0.274 r  design_1_i/usp_rf_data_converter_0/inst/design_1_usp_rf_data_converter_0_0_rf_wrapper_i/rx2_u_adc/STATUS_COMMON[12]
                         net (fo=1, routed)           0.422     0.696    design_1_i/usp_rf_data_converter_0/inst/i_axi_lite_ipif/I_SLAVE_ATTACHMENT/I_DECODER/adc2_common_stat[12]
    SLICE_X116Y100       LUT6 (Prop_G6LUT_SLICEL_I1_O)
                                                      0.060     0.756 f  design_1_i/usp_rf_data_converter_0/inst/i_axi_lite_ipif/I_SLAVE_ATTACHMENT/I_DECODER/IP2Bus_Data[12]_i_10/O
                         net (fo=1, routed)           0.075     0.831    design_1_i/usp_rf_data_converter_0/inst/i_axi_lite_ipif/I_SLAVE_ATTACHMENT/I_DECODER/IP2Bus_Data[12]_i_10_n_0
    SLICE_X114Y100       LUT6 (Prop_C6LUT_SLICEL_I2_O)
                                                      0.022     0.853 r  design_1_i/usp_rf_data_converter_0/inst/i_axi_lite_ipif/I_SLAVE_ATTACHMENT/I_DECODER/IP2Bus_Data[12]_i_3/O
                         net (fo=1, routed)           0.107     0.960    design_1_i/usp_rf_data_converter_0/inst/i_axi_lite_ipif/I_SLAVE_ATTACHMENT/I_DECODER/IP2Bus_Data[12]_i_3_n_0
    SLICE_X113Y106       LUT6 (Prop_A6LUT_SLICEM_I1_O)
                                                      0.041     1.001 r  design_1_i/usp_rf_data_converter_0/inst/i_axi_lite_ipif/I_SLAVE_ATTACHMENT/I_DECODER/IP2Bus_Data[12]_i_1/O
                         net (fo=1, routed)           0.018     1.019    design_1_i/usp_rf_data_converter_0/inst/i_axi_lite_ipif_n_72
    SLICE_X113Y106       FDRE                                         r  design_1_i/usp_rf_data_converter_0/inst/IP2Bus_Data_reg[12]/D
  -------------------------------------------------------------------    -------------------

                         (clock clk_pl_0 rise edge)
                                                      0.000     0.000 r  
    PS8_X0Y0             PS8                          0.000     0.000 r  design_1_i/zynq_ultra_ps_e_0/U0/PS8_i/PLCLK[0]
                         net (fo=1, routed)           0.129     0.129    design_1_i/zynq_ultra_ps_e_0/U0/pl_clk_unbuffered[0]
    BUFG_PS_X0Y58        BUFG_PS (Prop_BUFG_PS_I_O)
                                                      0.018     0.147 r  design_1_i/zynq_ultra_ps_e_0/U0/buffer_pl_clk_0.PL_CLK_0_BUFG/O
    X2Y2 (CLOCK_ROOT)    net (fo=6912, routed)        1.267     1.414    design_1_i/usp_rf_data_converter_0/inst/s_axi_aclk
    SLICE_X113Y106       FDRE                                         r  design_1_i/usp_rf_data_converter_0/inst/IP2Bus_Data_reg[12]/C

Slack:                    inf
  Source:                 design_1_i/usp_rf_data_converter_0/inst/design_1_usp_rf_data_converter_0_0_rf_wrapper_i/rx2_u_adc/INTERNAL_FBRC_DIV2_MUX
                            (rising edge-triggered cell HSADC clocked by RFADC2_CLK  {rise@0.000ns fall@5.000ns period=10.000ns})
  Destination:            design_1_i/usp_rf_data_converter_0/inst/IP2Bus_Data_reg[9]/D
                            (rising edge-triggered cell FDRE clocked by clk_pl_0  {rise@0.000ns fall@5.156ns period=10.312ns})
  Path Group:             (none)
  Path Type:              Hold (Min at Fast Process Corner)
  Data Path Delay:        1.043ns  (logic 0.339ns (32.502%)  route 0.704ns (67.498%))
  Logic Levels:           4  (LUT5=1 LUT6=3)
  Clock Path Skew:        1.417ns (DCD - SCD - CPR)
    Destination Clock Delay (DCD):    1.417ns
    Source Clock Delay      (SCD):    0.000ns
    Clock Pessimism Removal (CPR):    -0.000ns
  Clock Uncertainty:      0.159ns  ((TSJ^2 + DJ^2)^1/2) / 2 + PE
    Total System Jitter     (TSJ):    0.071ns
    Discrete Jitter          (DJ):    0.310ns
    Phase Error              (PE):    0.000ns
  Clock Net Delay (Destination): 1.270ns (routing 0.282ns, distribution 0.988ns)
  Timing Exception:       False Path

    Location             Delay type                Incr(ns)  Path(ns)    Netlist Resource(s)
  -------------------------------------------------------------------    -------------------
                         (clock RFADC2_CLK rise edge)
                                                      0.000     0.000 r  
    HSADC_X0Y2           HSADC                        0.000     0.000 r  design_1_i/usp_rf_data_converter_0/inst/design_1_usp_rf_data_converter_0_0_rf_wrapper_i/rx2_u_adc/INTERNAL_FBRC_DIV2_MUX
  -------------------------------------------------------------------    -------------------
    HSADC_X0Y2           HSADC (Prop_HSADC_INTERNAL_FBRC_DIV2_MUX_STATUS_COMMON[9])
                                                      0.228     0.228 r  design_1_i/usp_rf_data_converter_0/inst/design_1_usp_rf_data_converter_0_0_rf_wrapper_i/rx2_u_adc/STATUS_COMMON[9]
                         net (fo=1, routed)           0.426     0.654    design_1_i/usp_rf_data_converter_0/inst/i_axi_lite_ipif/I_SLAVE_ATTACHMENT/I_DECODER/adc2_common_stat[9]
    SLICE_X115Y103       LUT5 (Prop_H6LUT_SLICEM_I4_O)
                                                      0.051     0.705 f  design_1_i/usp_rf_data_converter_0/inst/i_axi_lite_ipif/I_SLAVE_ATTACHMENT/I_DECODER/IP2Bus_Data[9]_i_38/O
                         net (fo=1, routed)           0.079     0.784    design_1_i/usp_rf_data_converter_0/inst/i_axi_lite_ipif/I_SLAVE_ATTACHMENT/I_DECODER/IP2Bus_Data[9]_i_38_n_0
    SLICE_X114Y103       LUT6 (Prop_B6LUT_SLICEL_I3_O)
                                                      0.023     0.807 f  design_1_i/usp_rf_data_converter_0/inst/i_axi_lite_ipif/I_SLAVE_ATTACHMENT/I_DECODER/IP2Bus_Data[9]_i_19/O
                         net (fo=1, routed)           0.046     0.853    design_1_i/usp_rf_data_converter_0/inst/i_axi_lite_ipif/I_SLAVE_ATTACHMENT/I_DECODER/IP2Bus_Data[9]_i_19_n_0
    SLICE_X114Y102       LUT6 (Prop_E6LUT_SLICEL_I2_O)
                                                      0.014     0.867 r  design_1_i/usp_rf_data_converter_0/inst/i_axi_lite_ipif/I_SLAVE_ATTACHMENT/I_DECODER/IP2Bus_Data[9]_i_6/O
                         net (fo=1, routed)           0.132     0.999    design_1_i/usp_rf_data_converter_0/inst/i_axi_lite_ipif/I_SLAVE_ATTACHMENT/I_DECODER/IP2Bus_Data[9]_i_6_n_0
    SLICE_X113Y108       LUT6 (Prop_H6LUT_SLICEM_I4_O)
                                                      0.023     1.022 r  design_1_i/usp_rf_data_converter_0/inst/i_axi_lite_ipif/I_SLAVE_ATTACHMENT/I_DECODER/IP2Bus_Data[9]_i_1/O
                         net (fo=1, routed)           0.021     1.043    design_1_i/usp_rf_data_converter_0/inst/i_axi_lite_ipif_n_75
    SLICE_X113Y108       FDRE                                         r  design_1_i/usp_rf_data_converter_0/inst/IP2Bus_Data_reg[9]/D
  -------------------------------------------------------------------    -------------------

                         (clock clk_pl_0 rise edge)
                                                      0.000     0.000 r  
    PS8_X0Y0             PS8                          0.000     0.000 r  design_1_i/zynq_ultra_ps_e_0/U0/PS8_i/PLCLK[0]
                         net (fo=1, routed)           0.129     0.129    design_1_i/zynq_ultra_ps_e_0/U0/pl_clk_unbuffered[0]
    BUFG_PS_X0Y58        BUFG_PS (Prop_BUFG_PS_I_O)
                                                      0.018     0.147 r  design_1_i/zynq_ultra_ps_e_0/U0/buffer_pl_clk_0.PL_CLK_0_BUFG/O
    X2Y2 (CLOCK_ROOT)    net (fo=6912, routed)        1.270     1.417    design_1_i/usp_rf_data_converter_0/inst/s_axi_aclk
    SLICE_X113Y108       FDRE                                         r  design_1_i/usp_rf_data_converter_0/inst/IP2Bus_Data_reg[9]/C

Slack:                    inf
  Source:                 design_1_i/usp_rf_data_converter_0/inst/design_1_usp_rf_data_converter_0_0_rf_wrapper_i/rx2_u_adc/INTERNAL_FBRC_DIV2_MUX
                            (rising edge-triggered cell HSADC clocked by RFADC2_CLK  {rise@0.000ns fall@5.000ns period=10.000ns})
  Destination:            design_1_i/usp_rf_data_converter_0/inst/IP2Bus_Data_reg[13]/D
                            (rising edge-triggered cell FDRE clocked by clk_pl_0  {rise@0.000ns fall@5.156ns period=10.312ns})
  Path Group:             (none)
  Path Type:              Hold (Min at Fast Process Corner)
  Data Path Delay:        1.063ns  (logic 0.407ns (38.288%)  route 0.656ns (61.712%))
  Logic Levels:           4  (LUT5=1 LUT6=3)
  Clock Path Skew:        1.408ns (DCD - SCD - CPR)
    Destination Clock Delay (DCD):    1.408ns
    Source Clock Delay      (SCD):    0.000ns
    Clock Pessimism Removal (CPR):    -0.000ns
  Clock Uncertainty:      0.159ns  ((TSJ^2 + DJ^2)^1/2) / 2 + PE
    Total System Jitter     (TSJ):    0.071ns
    Discrete Jitter          (DJ):    0.310ns
    Phase Error              (PE):    0.000ns
  Clock Net Delay (Destination): 1.261ns (routing 0.282ns, distribution 0.979ns)
  Timing Exception:       False Path

    Location             Delay type                Incr(ns)  Path(ns)    Netlist Resource(s)
  -------------------------------------------------------------------    -------------------
                         (clock RFADC2_CLK rise edge)
                                                      0.000     0.000 r  
    HSADC_X0Y2           HSADC                        0.000     0.000 r  design_1_i/usp_rf_data_converter_0/inst/design_1_usp_rf_data_converter_0_0_rf_wrapper_i/rx2_u_adc/INTERNAL_FBRC_DIV2_MUX
  -------------------------------------------------------------------    -------------------
    HSADC_X0Y2           HSADC (Prop_HSADC_INTERNAL_FBRC_DIV2_MUX_STATUS_COMMON[13])
                                                      0.241     0.241 r  design_1_i/usp_rf_data_converter_0/inst/design_1_usp_rf_data_converter_0_0_rf_wrapper_i/rx2_u_adc/STATUS_COMMON[13]
                         net (fo=1, routed)           0.492     0.733    design_1_i/usp_rf_data_converter_0/inst/i_axi_lite_ipif/I_SLAVE_ATTACHMENT/I_DECODER/adc2_common_stat[13]
    SLICE_X114Y101       LUT5 (Prop_G6LUT_SLICEL_I4_O)
                                                      0.050     0.783 r  design_1_i/usp_rf_data_converter_0/inst/i_axi_lite_ipif/I_SLAVE_ATTACHMENT/I_DECODER/IP2Bus_Data[13]_i_30/O
                         net (fo=1, routed)           0.043     0.826    design_1_i/usp_rf_data_converter_0/inst/i_axi_lite_ipif/I_SLAVE_ATTACHMENT/I_DECODER/IP2Bus_Data[13]_i_30_n_0
    SLICE_X114Y101       LUT6 (Prop_D6LUT_SLICEL_I2_O)
                                                      0.022     0.848 r  design_1_i/usp_rf_data_converter_0/inst/i_axi_lite_ipif/I_SLAVE_ATTACHMENT/I_DECODER/IP2Bus_Data[13]_i_15/O
                         net (fo=1, routed)           0.029     0.877    design_1_i/usp_rf_data_converter_0/inst/i_axi_lite_ipif/I_SLAVE_ATTACHMENT/I_DECODER/IP2Bus_Data[13]_i_15_n_0
    SLICE_X114Y101       LUT6 (Prop_C6LUT_SLICEL_I2_O)
                                                      0.059     0.936 f  design_1_i/usp_rf_data_converter_0/inst/i_axi_lite_ipif/I_SLAVE_ATTACHMENT/I_DECODER/IP2Bus_Data[13]_i_5/O
                         net (fo=1, routed)           0.076     1.012    design_1_i/usp_rf_data_converter_0/inst/i_axi_lite_ipif/I_SLAVE_ATTACHMENT/I_DECODER/IP2Bus_Data[13]_i_5_n_0
    SLICE_X114Y105       LUT6 (Prop_D6LUT_SLICEL_I3_O)
                                                      0.035     1.047 r  design_1_i/usp_rf_data_converter_0/inst/i_axi_lite_ipif/I_SLAVE_ATTACHMENT/I_DECODER/IP2Bus_Data[13]_i_1/O
                         net (fo=1, routed)           0.016     1.063    design_1_i/usp_rf_data_converter_0/inst/i_axi_lite_ipif_n_71
    SLICE_X114Y105       FDRE                                         r  design_1_i/usp_rf_data_converter_0/inst/IP2Bus_Data_reg[13]/D
  -------------------------------------------------------------------    -------------------

                         (clock clk_pl_0 rise edge)
                                                      0.000     0.000 r  
    PS8_X0Y0             PS8                          0.000     0.000 r  design_1_i/zynq_ultra_ps_e_0/U0/PS8_i/PLCLK[0]
                         net (fo=1, routed)           0.129     0.129    design_1_i/zynq_ultra_ps_e_0/U0/pl_clk_unbuffered[0]
    BUFG_PS_X0Y58        BUFG_PS (Prop_BUFG_PS_I_O)
                                                      0.018     0.147 r  design_1_i/zynq_ultra_ps_e_0/U0/buffer_pl_clk_0.PL_CLK_0_BUFG/O
    X2Y2 (CLOCK_ROOT)    net (fo=6912, routed)        1.261     1.408    design_1_i/usp_rf_data_converter_0/inst/s_axi_aclk
    SLICE_X114Y105       FDRE                                         r  design_1_i/usp_rf_data_converter_0/inst/IP2Bus_Data_reg[13]/C

Slack:                    inf
  Source:                 design_1_i/usp_rf_data_converter_0/inst/design_1_usp_rf_data_converter_0_0_rf_wrapper_i/rx2_u_adc/INTERNAL_FBRC_DIV2_MUX
                            (rising edge-triggered cell HSADC clocked by RFADC2_CLK  {rise@0.000ns fall@5.000ns period=10.000ns})
  Destination:            design_1_i/usp_rf_data_converter_0/inst/IP2Bus_Data_reg[15]/D
                            (rising edge-triggered cell FDRE clocked by clk_pl_0  {rise@0.000ns fall@5.156ns period=10.312ns})
  Path Group:             (none)
  Path Type:              Hold (Min at Fast Process Corner)
  Data Path Delay:        1.072ns  (logic 0.400ns (37.313%)  route 0.672ns (62.687%))
  Logic Levels:           5  (LUT4=1 LUT5=1 LUT6=3)
  Clock Path Skew:        1.408ns (DCD - SCD - CPR)
    Destination Clock Delay (DCD):    1.408ns
    Source Clock Delay      (SCD):    0.000ns
    Clock Pessimism Removal (CPR):    -0.000ns
  Clock Uncertainty:      0.159ns  ((TSJ^2 + DJ^2)^1/2) / 2 + PE
    Total System Jitter     (TSJ):    0.071ns
    Discrete Jitter          (DJ):    0.310ns
    Phase Error              (PE):    0.000ns
  Clock Net Delay (Destination): 1.261ns (routing 0.282ns, distribution 0.979ns)
  Timing Exception:       False Path

    Location             Delay type                Incr(ns)  Path(ns)    Netlist Resource(s)
  -------------------------------------------------------------------    -------------------
                         (clock RFADC2_CLK rise edge)
                                                      0.000     0.000 r  
    HSADC_X0Y2           HSADC                        0.000     0.000 r  design_1_i/usp_rf_data_converter_0/inst/design_1_usp_rf_data_converter_0_0_rf_wrapper_i/rx2_u_adc/INTERNAL_FBRC_DIV2_MUX
  -------------------------------------------------------------------    -------------------
    HSADC_X0Y2           HSADC (Prop_HSADC_INTERNAL_FBRC_DIV2_MUX_STATUS_COMMON[15])
                                                      0.250     0.250 r  design_1_i/usp_rf_data_converter_0/inst/design_1_usp_rf_data_converter_0_0_rf_wrapper_i/rx2_u_adc/STATUS_COMMON[15]
                         net (fo=1, routed)           0.385     0.635    design_1_i/usp_rf_data_converter_0/inst/i_axi_lite_ipif/I_SLAVE_ATTACHMENT/I_DECODER/adc2_common_stat[15]
    SLICE_X117Y99        LUT4 (Prop_E6LUT_SLICEL_I2_O)
                                                      0.022     0.657 f  design_1_i/usp_rf_data_converter_0/inst/i_axi_lite_ipif/I_SLAVE_ATTACHMENT/I_DECODER/IP2Bus_Data[15]_i_82/O
                         net (fo=1, routed)           0.022     0.679    design_1_i/usp_rf_data_converter_0/inst/i_axi_lite_ipif/I_SLAVE_ATTACHMENT/I_DECODER/IP2Bus_Data[15]_i_82_n_0
    SLICE_X117Y99        LUT5 (Prop_C6LUT_SLICEL_I2_O)
                                                      0.014     0.693 r  design_1_i/usp_rf_data_converter_0/inst/i_axi_lite_ipif/I_SLAVE_ATTACHMENT/I_DECODER/IP2Bus_Data[15]_i_56/O
                         net (fo=1, routed)           0.073     0.766    design_1_i/usp_rf_data_converter_0/inst/i_axi_lite_ipif/I_SLAVE_ATTACHMENT/I_DECODER/IP2Bus_Data[15]_i_56_n_0
    SLICE_X116Y99        LUT6 (Prop_F6LUT_SLICEL_I2_O)
                                                      0.050     0.816 r  design_1_i/usp_rf_data_converter_0/inst/i_axi_lite_ipif/I_SLAVE_ATTACHMENT/I_DECODER/IP2Bus_Data[15]_i_24/O
                         net (fo=1, routed)           0.071     0.887    design_1_i/usp_rf_data_converter_0/inst/i_axi_lite_ipif/I_SLAVE_ATTACHMENT/I_DECODER/IP2Bus_Data[15]_i_24_n_0
    SLICE_X116Y102       LUT6 (Prop_G6LUT_SLICEL_I3_O)
                                                      0.014     0.901 r  design_1_i/usp_rf_data_converter_0/inst/i_axi_lite_ipif/I_SLAVE_ATTACHMENT/I_DECODER/IP2Bus_Data[15]_i_6/O
                         net (fo=1, routed)           0.104     1.005    design_1_i/usp_rf_data_converter_0/inst/i_axi_lite_ipif/I_SLAVE_ATTACHMENT/I_DECODER/IP2Bus_Data[15]_i_6_n_0
    SLICE_X114Y105       LUT6 (Prop_C6LUT_SLICEL_I4_O)
                                                      0.050     1.055 r  design_1_i/usp_rf_data_converter_0/inst/i_axi_lite_ipif/I_SLAVE_ATTACHMENT/I_DECODER/IP2Bus_Data[15]_i_1/O
                         net (fo=1, routed)           0.017     1.072    design_1_i/usp_rf_data_converter_0/inst/i_axi_lite_ipif_n_69
    SLICE_X114Y105       FDRE                                         r  design_1_i/usp_rf_data_converter_0/inst/IP2Bus_Data_reg[15]/D
  -------------------------------------------------------------------    -------------------

                         (clock clk_pl_0 rise edge)
                                                      0.000     0.000 r  
    PS8_X0Y0             PS8                          0.000     0.000 r  design_1_i/zynq_ultra_ps_e_0/U0/PS8_i/PLCLK[0]
                         net (fo=1, routed)           0.129     0.129    design_1_i/zynq_ultra_ps_e_0/U0/pl_clk_unbuffered[0]
    BUFG_PS_X0Y58        BUFG_PS (Prop_BUFG_PS_I_O)
                                                      0.018     0.147 r  design_1_i/zynq_ultra_ps_e_0/U0/buffer_pl_clk_0.PL_CLK_0_BUFG/O
    X2Y2 (CLOCK_ROOT)    net (fo=6912, routed)        1.261     1.408    design_1_i/usp_rf_data_converter_0/inst/s_axi_aclk
    SLICE_X114Y105       FDRE                                         r  design_1_i/usp_rf_data_converter_0/inst/IP2Bus_Data_reg[15]/C

Slack:                    inf
  Source:                 design_1_i/usp_rf_data_converter_0/inst/design_1_usp_rf_data_converter_0_0_rf_wrapper_i/rx2_u_adc/INTERNAL_FBRC_DIV2_MUX
                            (rising edge-triggered cell HSADC clocked by RFADC2_CLK  {rise@0.000ns fall@5.000ns period=10.000ns})
  Destination:            design_1_i/usp_rf_data_converter_0/inst/IP2Bus_Data_reg[10]/D
                            (rising edge-triggered cell FDRE clocked by clk_pl_0  {rise@0.000ns fall@5.156ns period=10.312ns})
  Path Group:             (none)
  Path Type:              Hold (Min at Fast Process Corner)
  Data Path Delay:        1.074ns  (logic 0.390ns (36.313%)  route 0.684ns (63.687%))
  Logic Levels:           5  (LUT4=2 LUT6=3)
  Clock Path Skew:        1.414ns (DCD - SCD - CPR)
    Destination Clock Delay (DCD):    1.414ns
    Source Clock Delay      (SCD):    0.000ns
    Clock Pessimism Removal (CPR):    -0.000ns
  Clock Uncertainty:      0.159ns  ((TSJ^2 + DJ^2)^1/2) / 2 + PE
    Total System Jitter     (TSJ):    0.071ns
    Discrete Jitter          (DJ):    0.310ns
    Phase Error              (PE):    0.000ns
  Clock Net Delay (Destination): 1.267ns (routing 0.282ns, distribution 0.985ns)
  Timing Exception:       False Path

    Location             Delay type                Incr(ns)  Path(ns)    Netlist Resource(s)
  -------------------------------------------------------------------    -------------------
                         (clock RFADC2_CLK rise edge)
                                                      0.000     0.000 r  
    HSADC_X0Y2           HSADC                        0.000     0.000 r  design_1_i/usp_rf_data_converter_0/inst/design_1_usp_rf_data_converter_0_0_rf_wrapper_i/rx2_u_adc/INTERNAL_FBRC_DIV2_MUX
  -------------------------------------------------------------------    -------------------
    HSADC_X0Y2           HSADC (Prop_HSADC_INTERNAL_FBRC_DIV2_MUX_STATUS_COMMON[10])
                                                      0.227     0.227 r  design_1_i/usp_rf_data_converter_0/inst/design_1_usp_rf_data_converter_0_0_rf_wrapper_i/rx2_u_adc/STATUS_COMMON[10]
                         net (fo=1, routed)           0.375     0.602    design_1_i/usp_rf_data_converter_0/inst/i_axi_lite_ipif/I_SLAVE_ATTACHMENT/I_DECODER/adc2_common_stat[10]
    SLICE_X115Y103       LUT4 (Prop_G6LUT_SLICEM_I0_O)
                                                      0.035     0.637 r  design_1_i/usp_rf_data_converter_0/inst/i_axi_lite_ipif/I_SLAVE_ATTACHMENT/I_DECODER/IP2Bus_Data[10]_i_33/O
                         net (fo=1, routed)           0.045     0.682    design_1_i/usp_rf_data_converter_0/inst/i_axi_lite_ipif/I_SLAVE_ATTACHMENT/I_DECODER/IP2Bus_Data[10]_i_33_n_0
    SLICE_X115Y103       LUT4 (Prop_A6LUT_SLICEM_I0_O)
                                                      0.041     0.723 f  design_1_i/usp_rf_data_converter_0/inst/i_axi_lite_ipif/I_SLAVE_ATTACHMENT/I_DECODER/IP2Bus_Data[10]_i_24/O
                         net (fo=1, routed)           0.023     0.746    design_1_i/usp_rf_data_converter_0/inst/i_axi_lite_ipif/I_SLAVE_ATTACHMENT/I_DECODER/IP2Bus_Data[10]_i_24_n_0
    SLICE_X115Y103       LUT6 (Prop_D6LUT_SLICEM_I2_O)
                                                      0.014     0.760 r  design_1_i/usp_rf_data_converter_0/inst/i_axi_lite_ipif/I_SLAVE_ATTACHMENT/I_DECODER/IP2Bus_Data[10]_i_14/O
                         net (fo=1, routed)           0.029     0.789    design_1_i/usp_rf_data_converter_0/inst/i_axi_lite_ipif/I_SLAVE_ATTACHMENT/I_DECODER/IP2Bus_Data[10]_i_14_n_0
    SLICE_X115Y103       LUT6 (Prop_C6LUT_SLICEM_I4_O)
                                                      0.059     0.848 f  design_1_i/usp_rf_data_converter_0/inst/i_axi_lite_ipif/I_SLAVE_ATTACHMENT/I_DECODER/IP2Bus_Data[10]_i_5/O
                         net (fo=1, routed)           0.186     1.034    design_1_i/usp_rf_data_converter_0/inst/i_axi_lite_ipif/I_SLAVE_ATTACHMENT/I_DECODER/IP2Bus_Data[10]_i_5_n_0
    SLICE_X110Y113       LUT6 (Prop_D6LUT_SLICEM_I4_O)
                                                      0.014     1.048 r  design_1_i/usp_rf_data_converter_0/inst/i_axi_lite_ipif/I_SLAVE_ATTACHMENT/I_DECODER/IP2Bus_Data[10]_i_1/O
                         net (fo=1, routed)           0.026     1.074    design_1_i/usp_rf_data_converter_0/inst/i_axi_lite_ipif_n_74
    SLICE_X110Y113       FDRE                                         r  design_1_i/usp_rf_data_converter_0/inst/IP2Bus_Data_reg[10]/D
  -------------------------------------------------------------------    -------------------

                         (clock clk_pl_0 rise edge)
                                                      0.000     0.000 r  
    PS8_X0Y0             PS8                          0.000     0.000 r  design_1_i/zynq_ultra_ps_e_0/U0/PS8_i/PLCLK[0]
                         net (fo=1, routed)           0.129     0.129    design_1_i/zynq_ultra_ps_e_0/U0/pl_clk_unbuffered[0]
    BUFG_PS_X0Y58        BUFG_PS (Prop_BUFG_PS_I_O)
                                                      0.018     0.147 r  design_1_i/zynq_ultra_ps_e_0/U0/buffer_pl_clk_0.PL_CLK_0_BUFG/O
    X2Y2 (CLOCK_ROOT)    net (fo=6912, routed)        1.267     1.414    design_1_i/usp_rf_data_converter_0/inst/s_axi_aclk
    SLICE_X110Y113       FDRE                                         r  design_1_i/usp_rf_data_converter_0/inst/IP2Bus_Data_reg[10]/C

Slack:                    inf
  Source:                 design_1_i/usp_rf_data_converter_0/inst/design_1_usp_rf_data_converter_0_0_rf_wrapper_i/rx2_u_adc/INTERNAL_FBRC_DIV2_MUX
                            (rising edge-triggered cell HSADC clocked by RFADC2_CLK  {rise@0.000ns fall@5.000ns period=10.000ns})
  Destination:            design_1_i/usp_rf_data_converter_0/inst/IP2Bus_Data_reg[14]/D
                            (rising edge-triggered cell FDRE clocked by clk_pl_0  {rise@0.000ns fall@5.156ns period=10.312ns})
  Path Group:             (none)
  Path Type:              Hold (Min at Fast Process Corner)
  Data Path Delay:        1.078ns  (logic 0.413ns (38.312%)  route 0.665ns (61.688%))
  Logic Levels:           5  (LUT4=1 LUT5=1 LUT6=3)
  Clock Path Skew:        1.404ns (DCD - SCD - CPR)
    Destination Clock Delay (DCD):    1.404ns
    Source Clock Delay      (SCD):    0.000ns
    Clock Pessimism Removal (CPR):    -0.000ns
  Clock Uncertainty:      0.159ns  ((TSJ^2 + DJ^2)^1/2) / 2 + PE
    Total System Jitter     (TSJ):    0.071ns
    Discrete Jitter          (DJ):    0.310ns
    Phase Error              (PE):    0.000ns
  Clock Net Delay (Destination): 1.257ns (routing 0.282ns, distribution 0.975ns)
  Timing Exception:       False Path

    Location             Delay type                Incr(ns)  Path(ns)    Netlist Resource(s)
  -------------------------------------------------------------------    -------------------
                         (clock RFADC2_CLK rise edge)
                                                      0.000     0.000 r  
    HSADC_X0Y2           HSADC                        0.000     0.000 r  design_1_i/usp_rf_data_converter_0/inst/design_1_usp_rf_data_converter_0_0_rf_wrapper_i/rx2_u_adc/INTERNAL_FBRC_DIV2_MUX
  -------------------------------------------------------------------    -------------------
    HSADC_X0Y2           HSADC (Prop_HSADC_INTERNAL_FBRC_DIV2_MUX_STATUS_COMMON[14])
                                                      0.285     0.285 r  design_1_i/usp_rf_data_converter_0/inst/design_1_usp_rf_data_converter_0_0_rf_wrapper_i/rx2_u_adc/STATUS_COMMON[14]
                         net (fo=1, routed)           0.385     0.670    design_1_i/usp_rf_data_converter_0/inst/i_axi_lite_ipif/I_SLAVE_ATTACHMENT/I_DECODER/adc2_common_stat[14]
    SLICE_X117Y99        LUT4 (Prop_B6LUT_SLICEL_I2_O)
                                                      0.015     0.685 f  design_1_i/usp_rf_data_converter_0/inst/i_axi_lite_ipif/I_SLAVE_ATTACHMENT/I_DECODER/IP2Bus_Data[14]_i_66/O
                         net (fo=1, routed)           0.093     0.778    design_1_i/usp_rf_data_converter_0/inst/i_axi_lite_ipif/I_SLAVE_ATTACHMENT/I_DECODER/IP2Bus_Data[14]_i_66_n_0
    SLICE_X116Y99        LUT5 (Prop_D6LUT_SLICEL_I2_O)
                                                      0.035     0.813 r  design_1_i/usp_rf_data_converter_0/inst/i_axi_lite_ipif/I_SLAVE_ATTACHMENT/I_DECODER/IP2Bus_Data[14]_i_45/O
                         net (fo=1, routed)           0.042     0.855    design_1_i/usp_rf_data_converter_0/inst/i_axi_lite_ipif/I_SLAVE_ATTACHMENT/I_DECODER/IP2Bus_Data[14]_i_45_n_0
    SLICE_X116Y99        LUT6 (Prop_G6LUT_SLICEL_I2_O)
                                                      0.014     0.869 r  design_1_i/usp_rf_data_converter_0/inst/i_axi_lite_ipif/I_SLAVE_ATTACHMENT/I_DECODER/IP2Bus_Data[14]_i_21/O
                         net (fo=1, routed)           0.076     0.945    design_1_i/usp_rf_data_converter_0/inst/i_axi_lite_ipif/I_SLAVE_ATTACHMENT/I_DECODER/IP2Bus_Data[14]_i_21_n_0
    SLICE_X116Y103       LUT6 (Prop_H6LUT_SLICEL_I5_O)
                                                      0.023     0.968 r  design_1_i/usp_rf_data_converter_0/inst/i_axi_lite_ipif/I_SLAVE_ATTACHMENT/I_DECODER/IP2Bus_Data[14]_i_6/O
                         net (fo=1, routed)           0.053     1.021    design_1_i/usp_rf_data_converter_0/inst/i_axi_lite_ipif/I_SLAVE_ATTACHMENT/I_DECODER/IP2Bus_Data[14]_i_6_n_0
    SLICE_X114Y104       LUT6 (Prop_D6LUT_SLICEL_I4_O)
                                                      0.041     1.062 r  design_1_i/usp_rf_data_converter_0/inst/i_axi_lite_ipif/I_SLAVE_ATTACHMENT/I_DECODER/IP2Bus_Data[14]_i_1/O
                         net (fo=1, routed)           0.016     1.078    design_1_i/usp_rf_data_converter_0/inst/i_axi_lite_ipif_n_70
    SLICE_X114Y104       FDRE                                         r  design_1_i/usp_rf_data_converter_0/inst/IP2Bus_Data_reg[14]/D
  -------------------------------------------------------------------    -------------------

                         (clock clk_pl_0 rise edge)
                                                      0.000     0.000 r  
    PS8_X0Y0             PS8                          0.000     0.000 r  design_1_i/zynq_ultra_ps_e_0/U0/PS8_i/PLCLK[0]
                         net (fo=1, routed)           0.129     0.129    design_1_i/zynq_ultra_ps_e_0/U0/pl_clk_unbuffered[0]
    BUFG_PS_X0Y58        BUFG_PS (Prop_BUFG_PS_I_O)
                                                      0.018     0.147 r  design_1_i/zynq_ultra_ps_e_0/U0/buffer_pl_clk_0.PL_CLK_0_BUFG/O
    X2Y2 (CLOCK_ROOT)    net (fo=6912, routed)        1.257     1.404    design_1_i/usp_rf_data_converter_0/inst/s_axi_aclk
    SLICE_X114Y104       FDRE                                         r  design_1_i/usp_rf_data_converter_0/inst/IP2Bus_Data_reg[14]/C

Slack:                    inf
  Source:                 design_1_i/usp_rf_data_converter_0/inst/design_1_usp_rf_data_converter_0_0_rf_wrapper_i/rx2_u_adc/INTERNAL_FBRC_DIV2_MUX
                            (rising edge-triggered cell HSADC clocked by RFADC2_CLK  {rise@0.000ns fall@5.000ns period=10.000ns})
  Destination:            design_1_i/usp_rf_data_converter_0/inst/IP2Bus_Data_reg[8]/D
                            (rising edge-triggered cell FDRE clocked by clk_pl_0  {rise@0.000ns fall@5.156ns period=10.312ns})
  Path Group:             (none)
  Path Type:              Hold (Min at Fast Process Corner)
  Data Path Delay:        1.133ns  (logic 0.366ns (32.304%)  route 0.767ns (67.696%))
  Logic Levels:           5  (LUT4=2 LUT6=3)
  Clock Path Skew:        1.407ns (DCD - SCD - CPR)
    Destination Clock Delay (DCD):    1.407ns
    Source Clock Delay      (SCD):    0.000ns
    Clock Pessimism Removal (CPR):    -0.000ns
  Clock Uncertainty:      0.159ns  ((TSJ^2 + DJ^2)^1/2) / 2 + PE
    Total System Jitter     (TSJ):    0.071ns
    Discrete Jitter          (DJ):    0.310ns
    Phase Error              (PE):    0.000ns
  Clock Net Delay (Destination): 1.260ns (routing 0.282ns, distribution 0.978ns)
  Timing Exception:       False Path

    Location             Delay type                Incr(ns)  Path(ns)    Netlist Resource(s)
  -------------------------------------------------------------------    -------------------
                         (clock RFADC2_CLK rise edge)
                                                      0.000     0.000 r  
    HSADC_X0Y2           HSADC                        0.000     0.000 r  design_1_i/usp_rf_data_converter_0/inst/design_1_usp_rf_data_converter_0_0_rf_wrapper_i/rx2_u_adc/INTERNAL_FBRC_DIV2_MUX
  -------------------------------------------------------------------    -------------------
    HSADC_X0Y2           HSADC (Prop_HSADC_INTERNAL_FBRC_DIV2_MUX_STATUS_COMMON[8])
                                                      0.237     0.237 r  design_1_i/usp_rf_data_converter_0/inst/design_1_usp_rf_data_converter_0_0_rf_wrapper_i/rx2_u_adc/STATUS_COMMON[8]
                         net (fo=1, routed)           0.405     0.642    design_1_i/usp_rf_data_converter_0/inst/i_axi_lite_ipif/I_SLAVE_ATTACHMENT/I_DECODER/adc2_common_stat[8]
    SLICE_X116Y103       LUT4 (Prop_G6LUT_SLICEL_I0_O)
                                                      0.035     0.677 r  design_1_i/usp_rf_data_converter_0/inst/i_axi_lite_ipif/I_SLAVE_ATTACHMENT/I_DECODER/IP2Bus_Data[8]_i_33/O
                         net (fo=1, routed)           0.075     0.752    design_1_i/usp_rf_data_converter_0/inst/i_axi_lite_ipif/I_SLAVE_ATTACHMENT/I_DECODER/IP2Bus_Data[8]_i_33_n_0
    SLICE_X114Y103       LUT4 (Prop_A6LUT_SLICEL_I0_O)
                                                      0.035     0.787 f  design_1_i/usp_rf_data_converter_0/inst/i_axi_lite_ipif/I_SLAVE_ATTACHMENT/I_DECODER/IP2Bus_Data[8]_i_23/O
                         net (fo=1, routed)           0.024     0.811    design_1_i/usp_rf_data_converter_0/inst/i_axi_lite_ipif/I_SLAVE_ATTACHMENT/I_DECODER/IP2Bus_Data[8]_i_23_n_0
    SLICE_X114Y103       LUT6 (Prop_C6LUT_SLICEL_I2_O)
                                                      0.014     0.825 r  design_1_i/usp_rf_data_converter_0/inst/i_axi_lite_ipif/I_SLAVE_ATTACHMENT/I_DECODER/IP2Bus_Data[8]_i_9/O
                         net (fo=1, routed)           0.075     0.900    design_1_i/usp_rf_data_converter_0/inst/i_axi_lite_ipif/I_SLAVE_ATTACHMENT/I_DECODER/IP2Bus_Data[8]_i_9_n_0
    SLICE_X114Y101       LUT6 (Prop_H6LUT_SLICEL_I4_O)
                                                      0.023     0.923 f  design_1_i/usp_rf_data_converter_0/inst/i_axi_lite_ipif/I_SLAVE_ATTACHMENT/I_DECODER/IP2Bus_Data[8]_i_2/O
                         net (fo=1, routed)           0.164     1.087    design_1_i/usp_rf_data_converter_0/inst/i_axi_lite_ipif/I_SLAVE_ATTACHMENT/I_DECODER/IP2Bus_Data[8]_i_2_n_0
    SLICE_X112Y113       LUT6 (Prop_C6LUT_SLICEM_I0_O)
                                                      0.022     1.109 r  design_1_i/usp_rf_data_converter_0/inst/i_axi_lite_ipif/I_SLAVE_ATTACHMENT/I_DECODER/IP2Bus_Data[8]_i_1/O
                         net (fo=1, routed)           0.024     1.133    design_1_i/usp_rf_data_converter_0/inst/i_axi_lite_ipif_n_76
    SLICE_X112Y113       FDRE                                         r  design_1_i/usp_rf_data_converter_0/inst/IP2Bus_Data_reg[8]/D
  -------------------------------------------------------------------    -------------------

                         (clock clk_pl_0 rise edge)
                                                      0.000     0.000 r  
    PS8_X0Y0             PS8                          0.000     0.000 r  design_1_i/zynq_ultra_ps_e_0/U0/PS8_i/PLCLK[0]
                         net (fo=1, routed)           0.129     0.129    design_1_i/zynq_ultra_ps_e_0/U0/pl_clk_unbuffered[0]
    BUFG_PS_X0Y58        BUFG_PS (Prop_BUFG_PS_I_O)
                                                      0.018     0.147 r  design_1_i/zynq_ultra_ps_e_0/U0/buffer_pl_clk_0.PL_CLK_0_BUFG/O
    X2Y2 (CLOCK_ROOT)    net (fo=6912, routed)        1.260     1.407    design_1_i/usp_rf_data_converter_0/inst/s_axi_aclk
    SLICE_X112Y113       FDRE                                         r  design_1_i/usp_rf_data_converter_0/inst/IP2Bus_Data_reg[8]/C

Slack:                    inf
  Source:                 design_1_i/usp_rf_data_converter_0/inst/design_1_usp_rf_data_converter_0_0_rf_wrapper_i/rx2_u_adc/INTERNAL_FBRC_DIV2_MUX
                            (rising edge-triggered cell HSADC clocked by RFADC2_CLK  {rise@0.000ns fall@5.000ns period=10.000ns})
  Destination:            design_1_i/usp_rf_data_converter_0/inst/IP2Bus_Data_reg[11]/D
                            (rising edge-triggered cell FDRE clocked by clk_pl_0  {rise@0.000ns fall@5.156ns period=10.312ns})
  Path Group:             (none)
  Path Type:              Hold (Min at Fast Process Corner)
  Data Path Delay:        1.253ns  (logic 0.481ns (38.388%)  route 0.772ns (61.612%))
  Logic Levels:           5  (LUT4=2 LUT6=3)
  Clock Path Skew:        1.414ns (DCD - SCD - CPR)
    Destination Clock Delay (DCD):    1.414ns
    Source Clock Delay      (SCD):    0.000ns
    Clock Pessimism Removal (CPR):    -0.000ns
  Clock Uncertainty:      0.159ns  ((TSJ^2 + DJ^2)^1/2) / 2 + PE
    Total System Jitter     (TSJ):    0.071ns
    Discrete Jitter          (DJ):    0.310ns
    Phase Error              (PE):    0.000ns
  Clock Net Delay (Destination): 1.267ns (routing 0.282ns, distribution 0.985ns)
  Timing Exception:       False Path

    Location             Delay type                Incr(ns)  Path(ns)    Netlist Resource(s)
  -------------------------------------------------------------------    -------------------
                         (clock RFADC2_CLK rise edge)
                                                      0.000     0.000 r  
    HSADC_X0Y2           HSADC                        0.000     0.000 r  design_1_i/usp_rf_data_converter_0/inst/design_1_usp_rf_data_converter_0_0_rf_wrapper_i/rx2_u_adc/INTERNAL_FBRC_DIV2_MUX
  -------------------------------------------------------------------    -------------------
    HSADC_X0Y2           HSADC (Prop_HSADC_INTERNAL_FBRC_DIV2_MUX_STATUS_COMMON[11])
                                                      0.265     0.265 r  design_1_i/usp_rf_data_converter_0/inst/design_1_usp_rf_data_converter_0_0_rf_wrapper_i/rx2_u_adc/STATUS_COMMON[11]
                         net (fo=1, routed)           0.388     0.653    design_1_i/usp_rf_data_converter_0/inst/i_axi_lite_ipif/I_SLAVE_ATTACHMENT/I_DECODER/adc2_common_stat[11]
    SLICE_X115Y103       LUT4 (Prop_E6LUT_SLICEM_I0_O)
                                                      0.040     0.693 r  design_1_i/usp_rf_data_converter_0/inst/i_axi_lite_ipif/I_SLAVE_ATTACHMENT/I_DECODER/IP2Bus_Data[11]_i_40/O
                         net (fo=1, routed)           0.033     0.726    design_1_i/usp_rf_data_converter_0/inst/i_axi_lite_ipif/I_SLAVE_ATTACHMENT/I_DECODER/IP2Bus_Data[11]_i_40_n_0
    SLICE_X115Y103       LUT4 (Prop_F6LUT_SLICEM_I0_O)
                                                      0.059     0.785 f  design_1_i/usp_rf_data_converter_0/inst/i_axi_lite_ipif/I_SLAVE_ATTACHMENT/I_DECODER/IP2Bus_Data[11]_i_27/O
                         net (fo=1, routed)           0.032     0.817    design_1_i/usp_rf_data_converter_0/inst/i_axi_lite_ipif/I_SLAVE_ATTACHMENT/I_DECODER/IP2Bus_Data[11]_i_27_n_0
    SLICE_X115Y103       LUT6 (Prop_B6LUT_SLICEM_I2_O)
                                                      0.060     0.877 r  design_1_i/usp_rf_data_converter_0/inst/i_axi_lite_ipif/I_SLAVE_ATTACHMENT/I_DECODER/IP2Bus_Data[11]_i_9/O
                         net (fo=1, routed)           0.099     0.976    design_1_i/usp_rf_data_converter_0/inst/i_axi_lite_ipif/I_SLAVE_ATTACHMENT/I_DECODER/IP2Bus_Data[11]_i_9_n_0
    SLICE_X114Y100       LUT6 (Prop_D6LUT_SLICEL_I4_O)
                                                      0.022     0.998 f  design_1_i/usp_rf_data_converter_0/inst/i_axi_lite_ipif/I_SLAVE_ATTACHMENT/I_DECODER/IP2Bus_Data[11]_i_2/O
                         net (fo=1, routed)           0.196     1.194    design_1_i/usp_rf_data_converter_0/inst/i_axi_lite_ipif/I_SLAVE_ATTACHMENT/I_DECODER/IP2Bus_Data[11]_i_2_n_0
    SLICE_X110Y113       LUT6 (Prop_C6LUT_SLICEM_I0_O)
                                                      0.035     1.229 r  design_1_i/usp_rf_data_converter_0/inst/i_axi_lite_ipif/I_SLAVE_ATTACHMENT/I_DECODER/IP2Bus_Data[11]_i_1/O
                         net (fo=1, routed)           0.024     1.253    design_1_i/usp_rf_data_converter_0/inst/i_axi_lite_ipif_n_73
    SLICE_X110Y113       FDRE                                         r  design_1_i/usp_rf_data_converter_0/inst/IP2Bus_Data_reg[11]/D
  -------------------------------------------------------------------    -------------------

                         (clock clk_pl_0 rise edge)
                                                      0.000     0.000 r  
    PS8_X0Y0             PS8                          0.000     0.000 r  design_1_i/zynq_ultra_ps_e_0/U0/PS8_i/PLCLK[0]
                         net (fo=1, routed)           0.129     0.129    design_1_i/zynq_ultra_ps_e_0/U0/pl_clk_unbuffered[0]
    BUFG_PS_X0Y58        BUFG_PS (Prop_BUFG_PS_I_O)
                                                      0.018     0.147 r  design_1_i/zynq_ultra_ps_e_0/U0/buffer_pl_clk_0.PL_CLK_0_BUFG/O
    X2Y2 (CLOCK_ROOT)    net (fo=6912, routed)        1.267     1.414    design_1_i/usp_rf_data_converter_0/inst/s_axi_aclk
    SLICE_X110Y113       FDRE                                         r  design_1_i/usp_rf_data_converter_0/inst/IP2Bus_Data_reg[11]/C





--------------------------------------------------------------------------------------
Path Group:  (none)
From Clock:  RFADC3_CLK
  To Clock:  clk_pl_0

Max Delay             8 Endpoints
Min Delay             8 Endpoints
--------------------------------------------------------------------------------------


Max Delay Paths
--------------------------------------------------------------------------------------
Slack:                    inf
  Source:                 design_1_i/usp_rf_data_converter_0/inst/design_1_usp_rf_data_converter_0_0_rf_wrapper_i/rx3_u_adc/INTERNAL_FBRC_DIV2_MUX
                            (rising edge-triggered cell HSADC clocked by RFADC3_CLK  {rise@0.000ns fall@5.000ns period=10.000ns})
  Destination:            design_1_i/usp_rf_data_converter_0/inst/IP2Bus_Data_reg[8]/D
                            (rising edge-triggered cell FDRE clocked by clk_pl_0  {rise@0.000ns fall@5.156ns period=10.312ns})
  Path Group:             (none)
  Path Type:              Setup (Max at Slow Process Corner)
  Data Path Delay:        3.266ns  (logic 1.233ns (37.753%)  route 2.033ns (62.247%))
  Logic Levels:           5  (LUT4=1 LUT5=1 LUT6=3)
  Clock Path Skew:        1.995ns (DCD - SCD + CPR)
    Destination Clock Delay (DCD):    1.995ns
    Source Clock Delay      (SCD):    0.000ns
    Clock Pessimism Removal (CPR):    0.000ns
  Clock Uncertainty:      0.159ns  ((TSJ^2 + DJ^2)^1/2) / 2 + PE
    Total System Jitter     (TSJ):    0.071ns
    Discrete Jitter          (DJ):    0.310ns
    Phase Error              (PE):    0.000ns
  Clock Net Delay (Destination): 1.813ns (routing 0.423ns, distribution 1.390ns)
  Timing Exception:       False Path

    Location             Delay type                Incr(ns)  Path(ns)    Netlist Resource(s)
  -------------------------------------------------------------------    -------------------
                         (clock RFADC3_CLK rise edge)
                                                      0.000     0.000 r  
    HSADC_X0Y3           HSADC                        0.000     0.000 r  design_1_i/usp_rf_data_converter_0/inst/design_1_usp_rf_data_converter_0_0_rf_wrapper_i/rx3_u_adc/INTERNAL_FBRC_DIV2_MUX
  -------------------------------------------------------------------    -------------------
    HSADC_X0Y3           HSADC (Prop_HSADC_INTERNAL_FBRC_DIV2_MUX_STATUS_COMMON[8])
                                                      0.788     0.788 r  design_1_i/usp_rf_data_converter_0/inst/design_1_usp_rf_data_converter_0_0_rf_wrapper_i/rx3_u_adc/STATUS_COMMON[8]
                         net (fo=1, routed)           1.142     1.930    design_1_i/usp_rf_data_converter_0/inst/i_axi_lite_ipif/I_SLAVE_ATTACHMENT/I_DECODER/adc3_common_stat[8]
    SLICE_X115Y112       LUT4 (Prop_E6LUT_SLICEM_I0_O)
                                                      0.124     2.054 f  design_1_i/usp_rf_data_converter_0/inst/i_axi_lite_ipif/I_SLAVE_ATTACHMENT/I_DECODER/IP2Bus_Data[8]_i_31/O
                         net (fo=1, routed)           0.153     2.207    design_1_i/usp_rf_data_converter_0/inst/i_axi_lite_ipif/I_SLAVE_ATTACHMENT/I_DECODER/IP2Bus_Data[8]_i_31_n_0
    SLICE_X115Y111       LUT5 (Prop_E6LUT_SLICEM_I0_O)
                                                      0.091     2.298 f  design_1_i/usp_rf_data_converter_0/inst/i_axi_lite_ipif/I_SLAVE_ATTACHMENT/I_DECODER/IP2Bus_Data[8]_i_21/O
                         net (fo=1, routed)           0.139     2.437    design_1_i/usp_rf_data_converter_0/inst/i_axi_lite_ipif/I_SLAVE_ATTACHMENT/I_DECODER/IP2Bus_Data[8]_i_21_n_0
    SLICE_X114Y111       LUT6 (Prop_G6LUT_SLICEL_I2_O)
                                                      0.089     2.526 f  design_1_i/usp_rf_data_converter_0/inst/i_axi_lite_ipif/I_SLAVE_ATTACHMENT/I_DECODER/IP2Bus_Data[8]_i_7/O
                         net (fo=1, routed)           0.222     2.748    design_1_i/usp_rf_data_converter_0/inst/i_axi_lite_ipif/I_SLAVE_ATTACHMENT/I_DECODER/IP2Bus_Data[8]_i_7_n_0
    SLICE_X114Y101       LUT6 (Prop_H6LUT_SLICEL_I2_O)
                                                      0.090     2.838 f  design_1_i/usp_rf_data_converter_0/inst/i_axi_lite_ipif/I_SLAVE_ATTACHMENT/I_DECODER/IP2Bus_Data[8]_i_2/O
                         net (fo=1, routed)           0.311     3.149    design_1_i/usp_rf_data_converter_0/inst/i_axi_lite_ipif/I_SLAVE_ATTACHMENT/I_DECODER/IP2Bus_Data[8]_i_2_n_0
    SLICE_X112Y113       LUT6 (Prop_C6LUT_SLICEM_I0_O)
                                                      0.051     3.200 r  design_1_i/usp_rf_data_converter_0/inst/i_axi_lite_ipif/I_SLAVE_ATTACHMENT/I_DECODER/IP2Bus_Data[8]_i_1/O
                         net (fo=1, routed)           0.066     3.266    design_1_i/usp_rf_data_converter_0/inst/i_axi_lite_ipif_n_76
    SLICE_X112Y113       FDRE                                         r  design_1_i/usp_rf_data_converter_0/inst/IP2Bus_Data_reg[8]/D
  -------------------------------------------------------------------    -------------------

                         (clock clk_pl_0 rise edge)
                                                      0.000     0.000 r  
    PS8_X0Y0             PS8                          0.000     0.000 r  design_1_i/zynq_ultra_ps_e_0/U0/PS8_i/PLCLK[0]
                         net (fo=1, routed)           0.157     0.157    design_1_i/zynq_ultra_ps_e_0/U0/pl_clk_unbuffered[0]
    BUFG_PS_X0Y58        BUFG_PS (Prop_BUFG_PS_I_O)
                                                      0.025     0.182 r  design_1_i/zynq_ultra_ps_e_0/U0/buffer_pl_clk_0.PL_CLK_0_BUFG/O
    X2Y2 (CLOCK_ROOT)    net (fo=6912, routed)        1.813     1.995    design_1_i/usp_rf_data_converter_0/inst/s_axi_aclk
    SLICE_X112Y113       FDRE                                         r  design_1_i/usp_rf_data_converter_0/inst/IP2Bus_Data_reg[8]/C

Slack:                    inf
  Source:                 design_1_i/usp_rf_data_converter_0/inst/design_1_usp_rf_data_converter_0_0_rf_wrapper_i/rx3_u_adc/INTERNAL_FBRC_DIV2_MUX
                            (rising edge-triggered cell HSADC clocked by RFADC3_CLK  {rise@0.000ns fall@5.000ns period=10.000ns})
  Destination:            design_1_i/usp_rf_data_converter_0/inst/IP2Bus_Data_reg[11]/D
                            (rising edge-triggered cell FDRE clocked by clk_pl_0  {rise@0.000ns fall@5.156ns period=10.312ns})
  Path Group:             (none)
  Path Type:              Setup (Max at Slow Process Corner)
  Data Path Delay:        3.180ns  (logic 0.991ns (31.164%)  route 2.189ns (68.836%))
  Logic Levels:           5  (LUT4=1 LUT5=1 LUT6=3)
  Clock Path Skew:        2.003ns (DCD - SCD + CPR)
    Destination Clock Delay (DCD):    2.003ns
    Source Clock Delay      (SCD):    0.000ns
    Clock Pessimism Removal (CPR):    0.000ns
  Clock Uncertainty:      0.159ns  ((TSJ^2 + DJ^2)^1/2) / 2 + PE
    Total System Jitter     (TSJ):    0.071ns
    Discrete Jitter          (DJ):    0.310ns
    Phase Error              (PE):    0.000ns
  Clock Net Delay (Destination): 1.821ns (routing 0.423ns, distribution 1.398ns)
  Timing Exception:       False Path

    Location             Delay type                Incr(ns)  Path(ns)    Netlist Resource(s)
  -------------------------------------------------------------------    -------------------
                         (clock RFADC3_CLK rise edge)
                                                      0.000     0.000 r  
    HSADC_X0Y3           HSADC                        0.000     0.000 r  design_1_i/usp_rf_data_converter_0/inst/design_1_usp_rf_data_converter_0_0_rf_wrapper_i/rx3_u_adc/INTERNAL_FBRC_DIV2_MUX
  -------------------------------------------------------------------    -------------------
    HSADC_X0Y3           HSADC (Prop_HSADC_INTERNAL_FBRC_DIV2_MUX_STATUS_COMMON[11])
                                                      0.588     0.588 r  design_1_i/usp_rf_data_converter_0/inst/design_1_usp_rf_data_converter_0_0_rf_wrapper_i/rx3_u_adc/STATUS_COMMON[11]
                         net (fo=1, routed)           1.334     1.922    design_1_i/usp_rf_data_converter_0/inst/i_axi_lite_ipif/I_SLAVE_ATTACHMENT/I_DECODER/adc3_common_stat[11]
    SLICE_X114Y111       LUT4 (Prop_B6LUT_SLICEL_I0_O)
                                                      0.098     2.020 f  design_1_i/usp_rf_data_converter_0/inst/i_axi_lite_ipif/I_SLAVE_ATTACHMENT/I_DECODER/IP2Bus_Data[11]_i_39/O
                         net (fo=1, routed)           0.040     2.060    design_1_i/usp_rf_data_converter_0/inst/i_axi_lite_ipif/I_SLAVE_ATTACHMENT/I_DECODER/IP2Bus_Data[11]_i_39_n_0
    SLICE_X114Y111       LUT5 (Prop_F6LUT_SLICEL_I3_O)
                                                      0.035     2.095 f  design_1_i/usp_rf_data_converter_0/inst/i_axi_lite_ipif/I_SLAVE_ATTACHMENT/I_DECODER/IP2Bus_Data[11]_i_25/O
                         net (fo=1, routed)           0.039     2.134    design_1_i/usp_rf_data_converter_0/inst/i_axi_lite_ipif/I_SLAVE_ATTACHMENT/I_DECODER/IP2Bus_Data[11]_i_25_n_0
    SLICE_X114Y111       LUT6 (Prop_H6LUT_SLICEL_I2_O)
                                                      0.036     2.170 f  design_1_i/usp_rf_data_converter_0/inst/i_axi_lite_ipif/I_SLAVE_ATTACHMENT/I_DECODER/IP2Bus_Data[11]_i_7/O
                         net (fo=1, routed)           0.339     2.509    design_1_i/usp_rf_data_converter_0/inst/i_axi_lite_ipif/I_SLAVE_ATTACHMENT/I_DECODER/IP2Bus_Data[11]_i_7_n_0
    SLICE_X114Y100       LUT6 (Prop_D6LUT_SLICEL_I2_O)
                                                      0.146     2.655 f  design_1_i/usp_rf_data_converter_0/inst/i_axi_lite_ipif/I_SLAVE_ATTACHMENT/I_DECODER/IP2Bus_Data[11]_i_2/O
                         net (fo=1, routed)           0.371     3.026    design_1_i/usp_rf_data_converter_0/inst/i_axi_lite_ipif/I_SLAVE_ATTACHMENT/I_DECODER/IP2Bus_Data[11]_i_2_n_0
    SLICE_X110Y113       LUT6 (Prop_C6LUT_SLICEM_I0_O)
                                                      0.088     3.114 r  design_1_i/usp_rf_data_converter_0/inst/i_axi_lite_ipif/I_SLAVE_ATTACHMENT/I_DECODER/IP2Bus_Data[11]_i_1/O
                         net (fo=1, routed)           0.066     3.180    design_1_i/usp_rf_data_converter_0/inst/i_axi_lite_ipif_n_73
    SLICE_X110Y113       FDRE                                         r  design_1_i/usp_rf_data_converter_0/inst/IP2Bus_Data_reg[11]/D
  -------------------------------------------------------------------    -------------------

                         (clock clk_pl_0 rise edge)
                                                      0.000     0.000 r  
    PS8_X0Y0             PS8                          0.000     0.000 r  design_1_i/zynq_ultra_ps_e_0/U0/PS8_i/PLCLK[0]
                         net (fo=1, routed)           0.157     0.157    design_1_i/zynq_ultra_ps_e_0/U0/pl_clk_unbuffered[0]
    BUFG_PS_X0Y58        BUFG_PS (Prop_BUFG_PS_I_O)
                                                      0.025     0.182 r  design_1_i/zynq_ultra_ps_e_0/U0/buffer_pl_clk_0.PL_CLK_0_BUFG/O
    X2Y2 (CLOCK_ROOT)    net (fo=6912, routed)        1.821     2.003    design_1_i/usp_rf_data_converter_0/inst/s_axi_aclk
    SLICE_X110Y113       FDRE                                         r  design_1_i/usp_rf_data_converter_0/inst/IP2Bus_Data_reg[11]/C

Slack:                    inf
  Source:                 design_1_i/usp_rf_data_converter_0/inst/design_1_usp_rf_data_converter_0_0_rf_wrapper_i/rx3_u_adc/INTERNAL_FBRC_DIV2_MUX
                            (rising edge-triggered cell HSADC clocked by RFADC3_CLK  {rise@0.000ns fall@5.000ns period=10.000ns})
  Destination:            design_1_i/usp_rf_data_converter_0/inst/IP2Bus_Data_reg[10]/D
                            (rising edge-triggered cell FDRE clocked by clk_pl_0  {rise@0.000ns fall@5.156ns period=10.312ns})
  Path Group:             (none)
  Path Type:              Setup (Max at Slow Process Corner)
  Data Path Delay:        2.885ns  (logic 0.898ns (31.127%)  route 1.987ns (68.873%))
  Logic Levels:           5  (LUT4=1 LUT5=1 LUT6=3)
  Clock Path Skew:        2.003ns (DCD - SCD + CPR)
    Destination Clock Delay (DCD):    2.003ns
    Source Clock Delay      (SCD):    0.000ns
    Clock Pessimism Removal (CPR):    0.000ns
  Clock Uncertainty:      0.159ns  ((TSJ^2 + DJ^2)^1/2) / 2 + PE
    Total System Jitter     (TSJ):    0.071ns
    Discrete Jitter          (DJ):    0.310ns
    Phase Error              (PE):    0.000ns
  Clock Net Delay (Destination): 1.821ns (routing 0.423ns, distribution 1.398ns)
  Timing Exception:       False Path

    Location             Delay type                Incr(ns)  Path(ns)    Netlist Resource(s)
  -------------------------------------------------------------------    -------------------
                         (clock RFADC3_CLK rise edge)
                                                      0.000     0.000 r  
    HSADC_X0Y3           HSADC                        0.000     0.000 r  design_1_i/usp_rf_data_converter_0/inst/design_1_usp_rf_data_converter_0_0_rf_wrapper_i/rx3_u_adc/INTERNAL_FBRC_DIV2_MUX
  -------------------------------------------------------------------    -------------------
    HSADC_X0Y3           HSADC (Prop_HSADC_INTERNAL_FBRC_DIV2_MUX_STATUS_COMMON[10])
                                                      0.536     0.536 r  design_1_i/usp_rf_data_converter_0/inst/design_1_usp_rf_data_converter_0_0_rf_wrapper_i/rx3_u_adc/STATUS_COMMON[10]
                         net (fo=1, routed)           1.229     1.765    design_1_i/usp_rf_data_converter_0/inst/i_axi_lite_ipif/I_SLAVE_ATTACHMENT/I_DECODER/adc3_common_stat[10]
    SLICE_X116Y111       LUT4 (Prop_E6LUT_SLICEL_I0_O)
                                                      0.123     1.888 f  design_1_i/usp_rf_data_converter_0/inst/i_axi_lite_ipif/I_SLAVE_ATTACHMENT/I_DECODER/IP2Bus_Data[10]_i_32/O
                         net (fo=1, routed)           0.083     1.971    design_1_i/usp_rf_data_converter_0/inst/i_axi_lite_ipif/I_SLAVE_ATTACHMENT/I_DECODER/IP2Bus_Data[10]_i_32_n_0
    SLICE_X115Y111       LUT5 (Prop_D6LUT_SLICEM_I3_O)
                                                      0.051     2.022 f  design_1_i/usp_rf_data_converter_0/inst/i_axi_lite_ipif/I_SLAVE_ATTACHMENT/I_DECODER/IP2Bus_Data[10]_i_22/O
                         net (fo=1, routed)           0.042     2.064    design_1_i/usp_rf_data_converter_0/inst/i_axi_lite_ipif/I_SLAVE_ATTACHMENT/I_DECODER/IP2Bus_Data[10]_i_22_n_0
    SLICE_X115Y111       LUT6 (Prop_G6LUT_SLICEM_I2_O)
                                                      0.100     2.164 f  design_1_i/usp_rf_data_converter_0/inst/i_axi_lite_ipif/I_SLAVE_ATTACHMENT/I_DECODER/IP2Bus_Data[10]_i_12/O
                         net (fo=1, routed)           0.207     2.371    design_1_i/usp_rf_data_converter_0/inst/i_axi_lite_ipif/I_SLAVE_ATTACHMENT/I_DECODER/IP2Bus_Data[10]_i_12_n_0
    SLICE_X115Y103       LUT6 (Prop_C6LUT_SLICEM_I2_O)
                                                      0.051     2.422 f  design_1_i/usp_rf_data_converter_0/inst/i_axi_lite_ipif/I_SLAVE_ATTACHMENT/I_DECODER/IP2Bus_Data[10]_i_5/O
                         net (fo=1, routed)           0.354     2.776    design_1_i/usp_rf_data_converter_0/inst/i_axi_lite_ipif/I_SLAVE_ATTACHMENT/I_DECODER/IP2Bus_Data[10]_i_5_n_0
    SLICE_X110Y113       LUT6 (Prop_D6LUT_SLICEM_I4_O)
                                                      0.037     2.813 r  design_1_i/usp_rf_data_converter_0/inst/i_axi_lite_ipif/I_SLAVE_ATTACHMENT/I_DECODER/IP2Bus_Data[10]_i_1/O
                         net (fo=1, routed)           0.072     2.885    design_1_i/usp_rf_data_converter_0/inst/i_axi_lite_ipif_n_74
    SLICE_X110Y113       FDRE                                         r  design_1_i/usp_rf_data_converter_0/inst/IP2Bus_Data_reg[10]/D
  -------------------------------------------------------------------    -------------------

                         (clock clk_pl_0 rise edge)
                                                      0.000     0.000 r  
    PS8_X0Y0             PS8                          0.000     0.000 r  design_1_i/zynq_ultra_ps_e_0/U0/PS8_i/PLCLK[0]
                         net (fo=1, routed)           0.157     0.157    design_1_i/zynq_ultra_ps_e_0/U0/pl_clk_unbuffered[0]
    BUFG_PS_X0Y58        BUFG_PS (Prop_BUFG_PS_I_O)
                                                      0.025     0.182 r  design_1_i/zynq_ultra_ps_e_0/U0/buffer_pl_clk_0.PL_CLK_0_BUFG/O
    X2Y2 (CLOCK_ROOT)    net (fo=6912, routed)        1.821     2.003    design_1_i/usp_rf_data_converter_0/inst/s_axi_aclk
    SLICE_X110Y113       FDRE                                         r  design_1_i/usp_rf_data_converter_0/inst/IP2Bus_Data_reg[10]/C

Slack:                    inf
  Source:                 design_1_i/usp_rf_data_converter_0/inst/design_1_usp_rf_data_converter_0_0_rf_wrapper_i/rx3_u_adc/INTERNAL_FBRC_DIV2_MUX
                            (rising edge-triggered cell HSADC clocked by RFADC3_CLK  {rise@0.000ns fall@5.000ns period=10.000ns})
  Destination:            design_1_i/usp_rf_data_converter_0/inst/IP2Bus_Data_reg[13]/D
                            (rising edge-triggered cell FDRE clocked by clk_pl_0  {rise@0.000ns fall@5.156ns period=10.312ns})
  Path Group:             (none)
  Path Type:              Setup (Max at Slow Process Corner)
  Data Path Delay:        2.733ns  (logic 1.060ns (38.785%)  route 1.673ns (61.215%))
  Logic Levels:           4  (LUT5=1 LUT6=3)
  Clock Path Skew:        1.998ns (DCD - SCD + CPR)
    Destination Clock Delay (DCD):    1.998ns
    Source Clock Delay      (SCD):    0.000ns
    Clock Pessimism Removal (CPR):    0.000ns
  Clock Uncertainty:      0.159ns  ((TSJ^2 + DJ^2)^1/2) / 2 + PE
    Total System Jitter     (TSJ):    0.071ns
    Discrete Jitter          (DJ):    0.310ns
    Phase Error              (PE):    0.000ns
  Clock Net Delay (Destination): 1.816ns (routing 0.423ns, distribution 1.393ns)
  Timing Exception:       False Path

    Location             Delay type                Incr(ns)  Path(ns)    Netlist Resource(s)
  -------------------------------------------------------------------    -------------------
                         (clock RFADC3_CLK rise edge)
                                                      0.000     0.000 r  
    HSADC_X0Y3           HSADC                        0.000     0.000 r  design_1_i/usp_rf_data_converter_0/inst/design_1_usp_rf_data_converter_0_0_rf_wrapper_i/rx3_u_adc/INTERNAL_FBRC_DIV2_MUX
  -------------------------------------------------------------------    -------------------
    HSADC_X0Y3           HSADC (Prop_HSADC_INTERNAL_FBRC_DIV2_MUX_STATUS_COMMON[13])
                                                      0.771     0.771 r  design_1_i/usp_rf_data_converter_0/inst/design_1_usp_rf_data_converter_0_0_rf_wrapper_i/rx3_u_adc/STATUS_COMMON[13]
                         net (fo=1, routed)           1.168     1.939    design_1_i/usp_rf_data_converter_0/inst/i_axi_lite_ipif/I_SLAVE_ATTACHMENT/I_DECODER/adc3_common_stat[13]
    SLICE_X116Y114       LUT5 (Prop_C6LUT_SLICEL_I4_O)
                                                      0.035     1.974 r  design_1_i/usp_rf_data_converter_0/inst/i_axi_lite_ipif/I_SLAVE_ATTACHMENT/I_DECODER/IP2Bus_Data[13]_i_32/O
                         net (fo=1, routed)           0.134     2.108    design_1_i/usp_rf_data_converter_0/inst/i_axi_lite_ipif/I_SLAVE_ATTACHMENT/I_DECODER/IP2Bus_Data[13]_i_32_n_0
    SLICE_X116Y114       LUT6 (Prop_G6LUT_SLICEL_I0_O)
                                                      0.035     2.143 r  design_1_i/usp_rf_data_converter_0/inst/i_axi_lite_ipif/I_SLAVE_ATTACHMENT/I_DECODER/IP2Bus_Data[13]_i_19/O
                         net (fo=1, routed)           0.044     2.187    design_1_i/usp_rf_data_converter_0/inst/i_axi_lite_ipif/I_SLAVE_ATTACHMENT/I_DECODER/IP2Bus_Data[13]_i_19_n_0
    SLICE_X116Y114       LUT6 (Prop_F6LUT_SLICEL_I3_O)
                                                      0.097     2.284 r  design_1_i/usp_rf_data_converter_0/inst/i_axi_lite_ipif/I_SLAVE_ATTACHMENT/I_DECODER/IP2Bus_Data[13]_i_6/O
                         net (fo=1, routed)           0.278     2.562    design_1_i/usp_rf_data_converter_0/inst/i_axi_lite_ipif/I_SLAVE_ATTACHMENT/I_DECODER/IP2Bus_Data[13]_i_6_n_0
    SLICE_X114Y105       LUT6 (Prop_D6LUT_SLICEL_I4_O)
                                                      0.122     2.684 r  design_1_i/usp_rf_data_converter_0/inst/i_axi_lite_ipif/I_SLAVE_ATTACHMENT/I_DECODER/IP2Bus_Data[13]_i_1/O
                         net (fo=1, routed)           0.049     2.733    design_1_i/usp_rf_data_converter_0/inst/i_axi_lite_ipif_n_71
    SLICE_X114Y105       FDRE                                         r  design_1_i/usp_rf_data_converter_0/inst/IP2Bus_Data_reg[13]/D
  -------------------------------------------------------------------    -------------------

                         (clock clk_pl_0 rise edge)
                                                      0.000     0.000 r  
    PS8_X0Y0             PS8                          0.000     0.000 r  design_1_i/zynq_ultra_ps_e_0/U0/PS8_i/PLCLK[0]
                         net (fo=1, routed)           0.157     0.157    design_1_i/zynq_ultra_ps_e_0/U0/pl_clk_unbuffered[0]
    BUFG_PS_X0Y58        BUFG_PS (Prop_BUFG_PS_I_O)
                                                      0.025     0.182 r  design_1_i/zynq_ultra_ps_e_0/U0/buffer_pl_clk_0.PL_CLK_0_BUFG/O
    X2Y2 (CLOCK_ROOT)    net (fo=6912, routed)        1.816     1.998    design_1_i/usp_rf_data_converter_0/inst/s_axi_aclk
    SLICE_X114Y105       FDRE                                         r  design_1_i/usp_rf_data_converter_0/inst/IP2Bus_Data_reg[13]/C

Slack:                    inf
  Source:                 design_1_i/usp_rf_data_converter_0/inst/design_1_usp_rf_data_converter_0_0_rf_wrapper_i/rx3_u_adc/INTERNAL_FBRC_DIV2_MUX
                            (rising edge-triggered cell HSADC clocked by RFADC3_CLK  {rise@0.000ns fall@5.000ns period=10.000ns})
  Destination:            design_1_i/usp_rf_data_converter_0/inst/IP2Bus_Data_reg[14]/D
                            (rising edge-triggered cell FDRE clocked by clk_pl_0  {rise@0.000ns fall@5.156ns period=10.312ns})
  Path Group:             (none)
  Path Type:              Setup (Max at Slow Process Corner)
  Data Path Delay:        2.728ns  (logic 1.086ns (39.809%)  route 1.642ns (60.191%))
  Logic Levels:           4  (LUT5=2 LUT6=2)
  Clock Path Skew:        1.993ns (DCD - SCD + CPR)
    Destination Clock Delay (DCD):    1.993ns
    Source Clock Delay      (SCD):    0.000ns
    Clock Pessimism Removal (CPR):    0.000ns
  Clock Uncertainty:      0.159ns  ((TSJ^2 + DJ^2)^1/2) / 2 + PE
    Total System Jitter     (TSJ):    0.071ns
    Discrete Jitter          (DJ):    0.310ns
    Phase Error              (PE):    0.000ns
  Clock Net Delay (Destination): 1.811ns (routing 0.423ns, distribution 1.388ns)
  Timing Exception:       False Path

    Location             Delay type                Incr(ns)  Path(ns)    Netlist Resource(s)
  -------------------------------------------------------------------    -------------------
                         (clock RFADC3_CLK rise edge)
                                                      0.000     0.000 r  
    HSADC_X0Y3           HSADC                        0.000     0.000 r  design_1_i/usp_rf_data_converter_0/inst/design_1_usp_rf_data_converter_0_0_rf_wrapper_i/rx3_u_adc/INTERNAL_FBRC_DIV2_MUX
  -------------------------------------------------------------------    -------------------
    HSADC_X0Y3           HSADC (Prop_HSADC_INTERNAL_FBRC_DIV2_MUX_STATUS_COMMON[14])
                                                      0.698     0.698 r  design_1_i/usp_rf_data_converter_0/inst/design_1_usp_rf_data_converter_0_0_rf_wrapper_i/rx3_u_adc/STATUS_COMMON[14]
                         net (fo=1, routed)           1.277     1.975    design_1_i/usp_rf_data_converter_0/inst/i_axi_lite_ipif/I_SLAVE_ATTACHMENT/I_DECODER/adc3_common_stat[14]
    SLICE_X116Y108       LUT5 (Prop_C6LUT_SLICEL_I4_O)
                                                      0.050     2.025 r  design_1_i/usp_rf_data_converter_0/inst/i_axi_lite_ipif/I_SLAVE_ATTACHMENT/I_DECODER/IP2Bus_Data[14]_i_37/O
                         net (fo=1, routed)           0.064     2.089    design_1_i/usp_rf_data_converter_0/inst/i_axi_lite_ipif/I_SLAVE_ATTACHMENT/I_DECODER/IP2Bus_Data[14]_i_37_n_0
    SLICE_X116Y108       LUT5 (Prop_G6LUT_SLICEL_I1_O)
                                                      0.149     2.238 r  design_1_i/usp_rf_data_converter_0/inst/i_axi_lite_ipif/I_SLAVE_ATTACHMENT/I_DECODER/IP2Bus_Data[14]_i_18/O
                         net (fo=1, routed)           0.150     2.388    design_1_i/usp_rf_data_converter_0/inst/i_axi_lite_ipif/I_SLAVE_ATTACHMENT/I_DECODER/IP2Bus_Data[14]_i_18_n_0
    SLICE_X116Y103       LUT6 (Prop_H6LUT_SLICEL_I0_O)
                                                      0.090     2.478 r  design_1_i/usp_rf_data_converter_0/inst/i_axi_lite_ipif/I_SLAVE_ATTACHMENT/I_DECODER/IP2Bus_Data[14]_i_6/O
                         net (fo=1, routed)           0.102     2.580    design_1_i/usp_rf_data_converter_0/inst/i_axi_lite_ipif/I_SLAVE_ATTACHMENT/I_DECODER/IP2Bus_Data[14]_i_6_n_0
    SLICE_X114Y104       LUT6 (Prop_D6LUT_SLICEL_I4_O)
                                                      0.099     2.679 r  design_1_i/usp_rf_data_converter_0/inst/i_axi_lite_ipif/I_SLAVE_ATTACHMENT/I_DECODER/IP2Bus_Data[14]_i_1/O
                         net (fo=1, routed)           0.049     2.728    design_1_i/usp_rf_data_converter_0/inst/i_axi_lite_ipif_n_70
    SLICE_X114Y104       FDRE                                         r  design_1_i/usp_rf_data_converter_0/inst/IP2Bus_Data_reg[14]/D
  -------------------------------------------------------------------    -------------------

                         (clock clk_pl_0 rise edge)
                                                      0.000     0.000 r  
    PS8_X0Y0             PS8                          0.000     0.000 r  design_1_i/zynq_ultra_ps_e_0/U0/PS8_i/PLCLK[0]
                         net (fo=1, routed)           0.157     0.157    design_1_i/zynq_ultra_ps_e_0/U0/pl_clk_unbuffered[0]
    BUFG_PS_X0Y58        BUFG_PS (Prop_BUFG_PS_I_O)
                                                      0.025     0.182 r  design_1_i/zynq_ultra_ps_e_0/U0/buffer_pl_clk_0.PL_CLK_0_BUFG/O
    X2Y2 (CLOCK_ROOT)    net (fo=6912, routed)        1.811     1.993    design_1_i/usp_rf_data_converter_0/inst/s_axi_aclk
    SLICE_X114Y104       FDRE                                         r  design_1_i/usp_rf_data_converter_0/inst/IP2Bus_Data_reg[14]/C

Slack:                    inf
  Source:                 design_1_i/usp_rf_data_converter_0/inst/design_1_usp_rf_data_converter_0_0_rf_wrapper_i/rx3_u_adc/INTERNAL_FBRC_DIV2_MUX
                            (rising edge-triggered cell HSADC clocked by RFADC3_CLK  {rise@0.000ns fall@5.000ns period=10.000ns})
  Destination:            design_1_i/usp_rf_data_converter_0/inst/IP2Bus_Data_reg[12]/D
                            (rising edge-triggered cell FDRE clocked by clk_pl_0  {rise@0.000ns fall@5.156ns period=10.312ns})
  Path Group:             (none)
  Path Type:              Setup (Max at Slow Process Corner)
  Data Path Delay:        2.560ns  (logic 0.989ns (38.633%)  route 1.571ns (61.367%))
  Logic Levels:           4  (LUT5=2 LUT6=2)
  Clock Path Skew:        2.003ns (DCD - SCD + CPR)
    Destination Clock Delay (DCD):    2.003ns
    Source Clock Delay      (SCD):    0.000ns
    Clock Pessimism Removal (CPR):    0.000ns
  Clock Uncertainty:      0.159ns  ((TSJ^2 + DJ^2)^1/2) / 2 + PE
    Total System Jitter     (TSJ):    0.071ns
    Discrete Jitter          (DJ):    0.310ns
    Phase Error              (PE):    0.000ns
  Clock Net Delay (Destination): 1.821ns (routing 0.423ns, distribution 1.398ns)
  Timing Exception:       False Path

    Location             Delay type                Incr(ns)  Path(ns)    Netlist Resource(s)
  -------------------------------------------------------------------    -------------------
                         (clock RFADC3_CLK rise edge)
                                                      0.000     0.000 r  
    HSADC_X0Y3           HSADC                        0.000     0.000 r  design_1_i/usp_rf_data_converter_0/inst/design_1_usp_rf_data_converter_0_0_rf_wrapper_i/rx3_u_adc/INTERNAL_FBRC_DIV2_MUX
  -------------------------------------------------------------------    -------------------
    HSADC_X0Y3           HSADC (Prop_HSADC_INTERNAL_FBRC_DIV2_MUX_STATUS_COMMON[12])
                                                      0.611     0.611 r  design_1_i/usp_rf_data_converter_0/inst/design_1_usp_rf_data_converter_0_0_rf_wrapper_i/rx3_u_adc/STATUS_COMMON[12]
                         net (fo=1, routed)           1.129     1.740    design_1_i/usp_rf_data_converter_0/inst/i_axi_lite_ipif/I_SLAVE_ATTACHMENT/I_DECODER/adc3_common_stat[12]
    SLICE_X116Y114       LUT5 (Prop_D6LUT_SLICEL_I4_O)
                                                      0.099     1.839 f  design_1_i/usp_rf_data_converter_0/inst/i_axi_lite_ipif/I_SLAVE_ATTACHMENT/I_DECODER/IP2Bus_Data[12]_i_32/O
                         net (fo=1, routed)           0.043     1.882    design_1_i/usp_rf_data_converter_0/inst/i_axi_lite_ipif/I_SLAVE_ATTACHMENT/I_DECODER/IP2Bus_Data[12]_i_32_n_0
    SLICE_X116Y114       LUT6 (Prop_H6LUT_SLICEL_I5_O)
                                                      0.099     1.981 r  design_1_i/usp_rf_data_converter_0/inst/i_axi_lite_ipif/I_SLAVE_ATTACHMENT/I_DECODER/IP2Bus_Data[12]_i_16/O
                         net (fo=1, routed)           0.040     2.021    design_1_i/usp_rf_data_converter_0/inst/i_axi_lite_ipif/I_SLAVE_ATTACHMENT/I_DECODER/IP2Bus_Data[12]_i_16_n_0
    SLICE_X116Y114       LUT5 (Prop_E6LUT_SLICEL_I2_O)
                                                      0.090     2.111 r  design_1_i/usp_rf_data_converter_0/inst/i_axi_lite_ipif/I_SLAVE_ATTACHMENT/I_DECODER/IP2Bus_Data[12]_i_4/O
                         net (fo=1, routed)           0.306     2.417    design_1_i/usp_rf_data_converter_0/inst/i_axi_lite_ipif/I_SLAVE_ATTACHMENT/I_DECODER/IP2Bus_Data[12]_i_4_n_0
    SLICE_X113Y106       LUT6 (Prop_A6LUT_SLICEM_I2_O)
                                                      0.090     2.507 r  design_1_i/usp_rf_data_converter_0/inst/i_axi_lite_ipif/I_SLAVE_ATTACHMENT/I_DECODER/IP2Bus_Data[12]_i_1/O
                         net (fo=1, routed)           0.053     2.560    design_1_i/usp_rf_data_converter_0/inst/i_axi_lite_ipif_n_72
    SLICE_X113Y106       FDRE                                         r  design_1_i/usp_rf_data_converter_0/inst/IP2Bus_Data_reg[12]/D
  -------------------------------------------------------------------    -------------------

                         (clock clk_pl_0 rise edge)
                                                      0.000     0.000 r  
    PS8_X0Y0             PS8                          0.000     0.000 r  design_1_i/zynq_ultra_ps_e_0/U0/PS8_i/PLCLK[0]
                         net (fo=1, routed)           0.157     0.157    design_1_i/zynq_ultra_ps_e_0/U0/pl_clk_unbuffered[0]
    BUFG_PS_X0Y58        BUFG_PS (Prop_BUFG_PS_I_O)
                                                      0.025     0.182 r  design_1_i/zynq_ultra_ps_e_0/U0/buffer_pl_clk_0.PL_CLK_0_BUFG/O
    X2Y2 (CLOCK_ROOT)    net (fo=6912, routed)        1.821     2.003    design_1_i/usp_rf_data_converter_0/inst/s_axi_aclk
    SLICE_X113Y106       FDRE                                         r  design_1_i/usp_rf_data_converter_0/inst/IP2Bus_Data_reg[12]/C

Slack:                    inf
  Source:                 design_1_i/usp_rf_data_converter_0/inst/design_1_usp_rf_data_converter_0_0_rf_wrapper_i/rx3_u_adc/INTERNAL_FBRC_DIV2_MUX
                            (rising edge-triggered cell HSADC clocked by RFADC3_CLK  {rise@0.000ns fall@5.000ns period=10.000ns})
  Destination:            design_1_i/usp_rf_data_converter_0/inst/IP2Bus_Data_reg[15]/D
                            (rising edge-triggered cell FDRE clocked by clk_pl_0  {rise@0.000ns fall@5.156ns period=10.312ns})
  Path Group:             (none)
  Path Type:              Setup (Max at Slow Process Corner)
  Data Path Delay:        2.469ns  (logic 0.802ns (32.483%)  route 1.667ns (67.517%))
  Logic Levels:           4  (LUT5=2 LUT6=2)
  Clock Path Skew:        1.998ns (DCD - SCD + CPR)
    Destination Clock Delay (DCD):    1.998ns
    Source Clock Delay      (SCD):    0.000ns
    Clock Pessimism Removal (CPR):    0.000ns
  Clock Uncertainty:      0.159ns  ((TSJ^2 + DJ^2)^1/2) / 2 + PE
    Total System Jitter     (TSJ):    0.071ns
    Discrete Jitter          (DJ):    0.310ns
    Phase Error              (PE):    0.000ns
  Clock Net Delay (Destination): 1.816ns (routing 0.423ns, distribution 1.393ns)
  Timing Exception:       False Path

    Location             Delay type                Incr(ns)  Path(ns)    Netlist Resource(s)
  -------------------------------------------------------------------    -------------------
                         (clock RFADC3_CLK rise edge)
                                                      0.000     0.000 r  
    HSADC_X0Y3           HSADC                        0.000     0.000 r  design_1_i/usp_rf_data_converter_0/inst/design_1_usp_rf_data_converter_0_0_rf_wrapper_i/rx3_u_adc/INTERNAL_FBRC_DIV2_MUX
  -------------------------------------------------------------------    -------------------
    HSADC_X0Y3           HSADC (Prop_HSADC_INTERNAL_FBRC_DIV2_MUX_STATUS_COMMON[15])
                                                      0.525     0.525 r  design_1_i/usp_rf_data_converter_0/inst/design_1_usp_rf_data_converter_0_0_rf_wrapper_i/rx3_u_adc/STATUS_COMMON[15]
                         net (fo=1, routed)           1.281     1.806    design_1_i/usp_rf_data_converter_0/inst/i_axi_lite_ipif/I_SLAVE_ATTACHMENT/I_DECODER/adc3_common_stat[15]
    SLICE_X115Y108       LUT5 (Prop_H6LUT_SLICEM_I4_O)
                                                      0.152     1.958 r  design_1_i/usp_rf_data_converter_0/inst/i_axi_lite_ipif/I_SLAVE_ATTACHMENT/I_DECODER/IP2Bus_Data[15]_i_47/O
                         net (fo=1, routed)           0.085     2.043    design_1_i/usp_rf_data_converter_0/inst/i_axi_lite_ipif/I_SLAVE_ATTACHMENT/I_DECODER/IP2Bus_Data[15]_i_47_n_0
    SLICE_X115Y108       LUT5 (Prop_C6LUT_SLICEM_I2_O)
                                                      0.051     2.094 r  design_1_i/usp_rf_data_converter_0/inst/i_axi_lite_ipif/I_SLAVE_ATTACHMENT/I_DECODER/IP2Bus_Data[15]_i_20/O
                         net (fo=1, routed)           0.096     2.190    design_1_i/usp_rf_data_converter_0/inst/i_axi_lite_ipif/I_SLAVE_ATTACHMENT/I_DECODER/IP2Bus_Data[15]_i_20_n_0
    SLICE_X115Y105       LUT6 (Prop_H6LUT_SLICEM_I0_O)
                                                      0.039     2.229 f  design_1_i/usp_rf_data_converter_0/inst/i_axi_lite_ipif/I_SLAVE_ATTACHMENT/I_DECODER/IP2Bus_Data[15]_i_5/O
                         net (fo=1, routed)           0.155     2.384    design_1_i/usp_rf_data_converter_0/inst/i_axi_lite_ipif/I_SLAVE_ATTACHMENT/I_DECODER/IP2Bus_Data[15]_i_5_n_0
    SLICE_X114Y105       LUT6 (Prop_C6LUT_SLICEL_I3_O)
                                                      0.035     2.419 r  design_1_i/usp_rf_data_converter_0/inst/i_axi_lite_ipif/I_SLAVE_ATTACHMENT/I_DECODER/IP2Bus_Data[15]_i_1/O
                         net (fo=1, routed)           0.050     2.469    design_1_i/usp_rf_data_converter_0/inst/i_axi_lite_ipif_n_69
    SLICE_X114Y105       FDRE                                         r  design_1_i/usp_rf_data_converter_0/inst/IP2Bus_Data_reg[15]/D
  -------------------------------------------------------------------    -------------------

                         (clock clk_pl_0 rise edge)
                                                      0.000     0.000 r  
    PS8_X0Y0             PS8                          0.000     0.000 r  design_1_i/zynq_ultra_ps_e_0/U0/PS8_i/PLCLK[0]
                         net (fo=1, routed)           0.157     0.157    design_1_i/zynq_ultra_ps_e_0/U0/pl_clk_unbuffered[0]
    BUFG_PS_X0Y58        BUFG_PS (Prop_BUFG_PS_I_O)
                                                      0.025     0.182 r  design_1_i/zynq_ultra_ps_e_0/U0/buffer_pl_clk_0.PL_CLK_0_BUFG/O
    X2Y2 (CLOCK_ROOT)    net (fo=6912, routed)        1.816     1.998    design_1_i/usp_rf_data_converter_0/inst/s_axi_aclk
    SLICE_X114Y105       FDRE                                         r  design_1_i/usp_rf_data_converter_0/inst/IP2Bus_Data_reg[15]/C

Slack:                    inf
  Source:                 design_1_i/usp_rf_data_converter_0/inst/design_1_usp_rf_data_converter_0_0_rf_wrapper_i/rx3_u_adc/INTERNAL_FBRC_DIV2_MUX
                            (rising edge-triggered cell HSADC clocked by RFADC3_CLK  {rise@0.000ns fall@5.000ns period=10.000ns})
  Destination:            design_1_i/usp_rf_data_converter_0/inst/IP2Bus_Data_reg[9]/D
                            (rising edge-triggered cell FDRE clocked by clk_pl_0  {rise@0.000ns fall@5.156ns period=10.312ns})
  Path Group:             (none)
  Path Type:              Setup (Max at Slow Process Corner)
  Data Path Delay:        2.268ns  (logic 0.749ns (33.025%)  route 1.519ns (66.975%))
  Logic Levels:           4  (LUT5=2 LUT6=2)
  Clock Path Skew:        2.008ns (DCD - SCD + CPR)
    Destination Clock Delay (DCD):    2.008ns
    Source Clock Delay      (SCD):    0.000ns
    Clock Pessimism Removal (CPR):    0.000ns
  Clock Uncertainty:      0.159ns  ((TSJ^2 + DJ^2)^1/2) / 2 + PE
    Total System Jitter     (TSJ):    0.071ns
    Discrete Jitter          (DJ):    0.310ns
    Phase Error              (PE):    0.000ns
  Clock Net Delay (Destination): 1.826ns (routing 0.423ns, distribution 1.403ns)
  Timing Exception:       False Path

    Location             Delay type                Incr(ns)  Path(ns)    Netlist Resource(s)
  -------------------------------------------------------------------    -------------------
                         (clock RFADC3_CLK rise edge)
                                                      0.000     0.000 r  
    HSADC_X0Y3           HSADC                        0.000     0.000 r  design_1_i/usp_rf_data_converter_0/inst/design_1_usp_rf_data_converter_0_0_rf_wrapper_i/rx3_u_adc/INTERNAL_FBRC_DIV2_MUX
  -------------------------------------------------------------------    -------------------
    HSADC_X0Y3           HSADC (Prop_HSADC_INTERNAL_FBRC_DIV2_MUX_STATUS_COMMON[9])
                                                      0.532     0.532 r  design_1_i/usp_rf_data_converter_0/inst/design_1_usp_rf_data_converter_0_0_rf_wrapper_i/rx3_u_adc/STATUS_COMMON[9]
                         net (fo=1, routed)           1.208     1.740    design_1_i/usp_rf_data_converter_0/inst/i_axi_lite_ipif/I_SLAVE_ATTACHMENT/I_DECODER/adc3_common_stat[9]
    SLICE_X115Y112       LUT5 (Prop_G6LUT_SLICEM_I4_O)
                                                      0.037     1.777 r  design_1_i/usp_rf_data_converter_0/inst/i_axi_lite_ipif/I_SLAVE_ATTACHMENT/I_DECODER/IP2Bus_Data[9]_i_36/O
                         net (fo=1, routed)           0.048     1.825    design_1_i/usp_rf_data_converter_0/inst/i_axi_lite_ipif/I_SLAVE_ATTACHMENT/I_DECODER/IP2Bus_Data[9]_i_36_n_0
    SLICE_X115Y112       LUT6 (Prop_H6LUT_SLICEM_I4_O)
                                                      0.053     1.878 f  design_1_i/usp_rf_data_converter_0/inst/i_axi_lite_ipif/I_SLAVE_ATTACHMENT/I_DECODER/IP2Bus_Data[9]_i_16/O
                         net (fo=1, routed)           0.041     1.919    design_1_i/usp_rf_data_converter_0/inst/i_axi_lite_ipif/I_SLAVE_ATTACHMENT/I_DECODER/IP2Bus_Data[9]_i_16_n_0
    SLICE_X115Y112       LUT5 (Prop_F6LUT_SLICEM_I3_O)
                                                      0.088     2.007 r  design_1_i/usp_rf_data_converter_0/inst/i_axi_lite_ipif/I_SLAVE_ATTACHMENT/I_DECODER/IP2Bus_Data[9]_i_5/O
                         net (fo=1, routed)           0.164     2.171    design_1_i/usp_rf_data_converter_0/inst/i_axi_lite_ipif/I_SLAVE_ATTACHMENT/I_DECODER/IP2Bus_Data[9]_i_5_n_0
    SLICE_X113Y108       LUT6 (Prop_H6LUT_SLICEM_I3_O)
                                                      0.039     2.210 r  design_1_i/usp_rf_data_converter_0/inst/i_axi_lite_ipif/I_SLAVE_ATTACHMENT/I_DECODER/IP2Bus_Data[9]_i_1/O
                         net (fo=1, routed)           0.058     2.268    design_1_i/usp_rf_data_converter_0/inst/i_axi_lite_ipif_n_75
    SLICE_X113Y108       FDRE                                         r  design_1_i/usp_rf_data_converter_0/inst/IP2Bus_Data_reg[9]/D
  -------------------------------------------------------------------    -------------------

                         (clock clk_pl_0 rise edge)
                                                      0.000     0.000 r  
    PS8_X0Y0             PS8                          0.000     0.000 r  design_1_i/zynq_ultra_ps_e_0/U0/PS8_i/PLCLK[0]
                         net (fo=1, routed)           0.157     0.157    design_1_i/zynq_ultra_ps_e_0/U0/pl_clk_unbuffered[0]
    BUFG_PS_X0Y58        BUFG_PS (Prop_BUFG_PS_I_O)
                                                      0.025     0.182 r  design_1_i/zynq_ultra_ps_e_0/U0/buffer_pl_clk_0.PL_CLK_0_BUFG/O
    X2Y2 (CLOCK_ROOT)    net (fo=6912, routed)        1.826     2.008    design_1_i/usp_rf_data_converter_0/inst/s_axi_aclk
    SLICE_X113Y108       FDRE                                         r  design_1_i/usp_rf_data_converter_0/inst/IP2Bus_Data_reg[9]/C





Min Delay Paths
--------------------------------------------------------------------------------------
Slack:                    inf
  Source:                 design_1_i/usp_rf_data_converter_0/inst/design_1_usp_rf_data_converter_0_0_rf_wrapper_i/rx3_u_adc/INTERNAL_FBRC_DIV2_MUX
                            (rising edge-triggered cell HSADC clocked by RFADC3_CLK  {rise@0.000ns fall@5.000ns period=10.000ns})
  Destination:            design_1_i/usp_rf_data_converter_0/inst/IP2Bus_Data_reg[9]/D
                            (rising edge-triggered cell FDRE clocked by clk_pl_0  {rise@0.000ns fall@5.156ns period=10.312ns})
  Path Group:             (none)
  Path Type:              Hold (Min at Fast Process Corner)
  Data Path Delay:        1.079ns  (logic 0.315ns (29.194%)  route 0.764ns (70.806%))
  Logic Levels:           4  (LUT5=2 LUT6=2)
  Clock Path Skew:        1.417ns (DCD - SCD - CPR)
    Destination Clock Delay (DCD):    1.417ns
    Source Clock Delay      (SCD):    0.000ns
    Clock Pessimism Removal (CPR):    -0.000ns
  Clock Uncertainty:      0.159ns  ((TSJ^2 + DJ^2)^1/2) / 2 + PE
    Total System Jitter     (TSJ):    0.071ns
    Discrete Jitter          (DJ):    0.310ns
    Phase Error              (PE):    0.000ns
  Clock Net Delay (Destination): 1.270ns (routing 0.282ns, distribution 0.988ns)
  Timing Exception:       False Path

    Location             Delay type                Incr(ns)  Path(ns)    Netlist Resource(s)
  -------------------------------------------------------------------    -------------------
                         (clock RFADC3_CLK rise edge)
                                                      0.000     0.000 r  
    HSADC_X0Y3           HSADC                        0.000     0.000 r  design_1_i/usp_rf_data_converter_0/inst/design_1_usp_rf_data_converter_0_0_rf_wrapper_i/rx3_u_adc/INTERNAL_FBRC_DIV2_MUX
  -------------------------------------------------------------------    -------------------
    HSADC_X0Y3           HSADC (Prop_HSADC_INTERNAL_FBRC_DIV2_MUX_STATUS_COMMON[9])
                                                      0.228     0.228 r  design_1_i/usp_rf_data_converter_0/inst/design_1_usp_rf_data_converter_0_0_rf_wrapper_i/rx3_u_adc/STATUS_COMMON[9]
                         net (fo=1, routed)           0.605     0.833    design_1_i/usp_rf_data_converter_0/inst/i_axi_lite_ipif/I_SLAVE_ATTACHMENT/I_DECODER/adc3_common_stat[9]
    SLICE_X115Y112       LUT5 (Prop_G6LUT_SLICEM_I4_O)
                                                      0.014     0.847 r  design_1_i/usp_rf_data_converter_0/inst/i_axi_lite_ipif/I_SLAVE_ATTACHMENT/I_DECODER/IP2Bus_Data[9]_i_36/O
                         net (fo=1, routed)           0.027     0.874    design_1_i/usp_rf_data_converter_0/inst/i_axi_lite_ipif/I_SLAVE_ATTACHMENT/I_DECODER/IP2Bus_Data[9]_i_36_n_0
    SLICE_X115Y112       LUT6 (Prop_H6LUT_SLICEM_I4_O)
                                                      0.023     0.897 f  design_1_i/usp_rf_data_converter_0/inst/i_axi_lite_ipif/I_SLAVE_ATTACHMENT/I_DECODER/IP2Bus_Data[9]_i_16/O
                         net (fo=1, routed)           0.024     0.921    design_1_i/usp_rf_data_converter_0/inst/i_axi_lite_ipif/I_SLAVE_ATTACHMENT/I_DECODER/IP2Bus_Data[9]_i_16_n_0
    SLICE_X115Y112       LUT5 (Prop_F6LUT_SLICEM_I3_O)
                                                      0.035     0.956 r  design_1_i/usp_rf_data_converter_0/inst/i_axi_lite_ipif/I_SLAVE_ATTACHMENT/I_DECODER/IP2Bus_Data[9]_i_5/O
                         net (fo=1, routed)           0.087     1.043    design_1_i/usp_rf_data_converter_0/inst/i_axi_lite_ipif/I_SLAVE_ATTACHMENT/I_DECODER/IP2Bus_Data[9]_i_5_n_0
    SLICE_X113Y108       LUT6 (Prop_H6LUT_SLICEM_I3_O)
                                                      0.015     1.058 r  design_1_i/usp_rf_data_converter_0/inst/i_axi_lite_ipif/I_SLAVE_ATTACHMENT/I_DECODER/IP2Bus_Data[9]_i_1/O
                         net (fo=1, routed)           0.021     1.079    design_1_i/usp_rf_data_converter_0/inst/i_axi_lite_ipif_n_75
    SLICE_X113Y108       FDRE                                         r  design_1_i/usp_rf_data_converter_0/inst/IP2Bus_Data_reg[9]/D
  -------------------------------------------------------------------    -------------------

                         (clock clk_pl_0 rise edge)
                                                      0.000     0.000 r  
    PS8_X0Y0             PS8                          0.000     0.000 r  design_1_i/zynq_ultra_ps_e_0/U0/PS8_i/PLCLK[0]
                         net (fo=1, routed)           0.129     0.129    design_1_i/zynq_ultra_ps_e_0/U0/pl_clk_unbuffered[0]
    BUFG_PS_X0Y58        BUFG_PS (Prop_BUFG_PS_I_O)
                                                      0.018     0.147 r  design_1_i/zynq_ultra_ps_e_0/U0/buffer_pl_clk_0.PL_CLK_0_BUFG/O
    X2Y2 (CLOCK_ROOT)    net (fo=6912, routed)        1.270     1.417    design_1_i/usp_rf_data_converter_0/inst/s_axi_aclk
    SLICE_X113Y108       FDRE                                         r  design_1_i/usp_rf_data_converter_0/inst/IP2Bus_Data_reg[9]/C

Slack:                    inf
  Source:                 design_1_i/usp_rf_data_converter_0/inst/design_1_usp_rf_data_converter_0_0_rf_wrapper_i/rx3_u_adc/INTERNAL_FBRC_DIV2_MUX
                            (rising edge-triggered cell HSADC clocked by RFADC3_CLK  {rise@0.000ns fall@5.000ns period=10.000ns})
  Destination:            design_1_i/usp_rf_data_converter_0/inst/IP2Bus_Data_reg[15]/D
                            (rising edge-triggered cell FDRE clocked by clk_pl_0  {rise@0.000ns fall@5.156ns period=10.312ns})
  Path Group:             (none)
  Path Type:              Hold (Min at Fast Process Corner)
  Data Path Delay:        1.190ns  (logic 0.362ns (30.420%)  route 0.828ns (69.580%))
  Logic Levels:           4  (LUT5=2 LUT6=2)
  Clock Path Skew:        1.408ns (DCD - SCD - CPR)
    Destination Clock Delay (DCD):    1.408ns
    Source Clock Delay      (SCD):    0.000ns
    Clock Pessimism Removal (CPR):    -0.000ns
  Clock Uncertainty:      0.159ns  ((TSJ^2 + DJ^2)^1/2) / 2 + PE
    Total System Jitter     (TSJ):    0.071ns
    Discrete Jitter          (DJ):    0.310ns
    Phase Error              (PE):    0.000ns
  Clock Net Delay (Destination): 1.261ns (routing 0.282ns, distribution 0.979ns)
  Timing Exception:       False Path

    Location             Delay type                Incr(ns)  Path(ns)    Netlist Resource(s)
  -------------------------------------------------------------------    -------------------
                         (clock RFADC3_CLK rise edge)
                                                      0.000     0.000 r  
    HSADC_X0Y3           HSADC                        0.000     0.000 r  design_1_i/usp_rf_data_converter_0/inst/design_1_usp_rf_data_converter_0_0_rf_wrapper_i/rx3_u_adc/INTERNAL_FBRC_DIV2_MUX
  -------------------------------------------------------------------    -------------------
    HSADC_X0Y3           HSADC (Prop_HSADC_INTERNAL_FBRC_DIV2_MUX_STATUS_COMMON[15])
                                                      0.250     0.250 r  design_1_i/usp_rf_data_converter_0/inst/design_1_usp_rf_data_converter_0_0_rf_wrapper_i/rx3_u_adc/STATUS_COMMON[15]
                         net (fo=1, routed)           0.639     0.889    design_1_i/usp_rf_data_converter_0/inst/i_axi_lite_ipif/I_SLAVE_ATTACHMENT/I_DECODER/adc3_common_stat[15]
    SLICE_X115Y108       LUT5 (Prop_H6LUT_SLICEM_I4_O)
                                                      0.061     0.950 r  design_1_i/usp_rf_data_converter_0/inst/i_axi_lite_ipif/I_SLAVE_ATTACHMENT/I_DECODER/IP2Bus_Data[15]_i_47/O
                         net (fo=1, routed)           0.042     0.992    design_1_i/usp_rf_data_converter_0/inst/i_axi_lite_ipif/I_SLAVE_ATTACHMENT/I_DECODER/IP2Bus_Data[15]_i_47_n_0
    SLICE_X115Y108       LUT5 (Prop_C6LUT_SLICEM_I2_O)
                                                      0.022     1.014 r  design_1_i/usp_rf_data_converter_0/inst/i_axi_lite_ipif/I_SLAVE_ATTACHMENT/I_DECODER/IP2Bus_Data[15]_i_20/O
                         net (fo=1, routed)           0.051     1.065    design_1_i/usp_rf_data_converter_0/inst/i_axi_lite_ipif/I_SLAVE_ATTACHMENT/I_DECODER/IP2Bus_Data[15]_i_20_n_0
    SLICE_X115Y105       LUT6 (Prop_H6LUT_SLICEM_I0_O)
                                                      0.015     1.080 f  design_1_i/usp_rf_data_converter_0/inst/i_axi_lite_ipif/I_SLAVE_ATTACHMENT/I_DECODER/IP2Bus_Data[15]_i_5/O
                         net (fo=1, routed)           0.079     1.159    design_1_i/usp_rf_data_converter_0/inst/i_axi_lite_ipif/I_SLAVE_ATTACHMENT/I_DECODER/IP2Bus_Data[15]_i_5_n_0
    SLICE_X114Y105       LUT6 (Prop_C6LUT_SLICEL_I3_O)
                                                      0.014     1.173 r  design_1_i/usp_rf_data_converter_0/inst/i_axi_lite_ipif/I_SLAVE_ATTACHMENT/I_DECODER/IP2Bus_Data[15]_i_1/O
                         net (fo=1, routed)           0.017     1.190    design_1_i/usp_rf_data_converter_0/inst/i_axi_lite_ipif_n_69
    SLICE_X114Y105       FDRE                                         r  design_1_i/usp_rf_data_converter_0/inst/IP2Bus_Data_reg[15]/D
  -------------------------------------------------------------------    -------------------

                         (clock clk_pl_0 rise edge)
                                                      0.000     0.000 r  
    PS8_X0Y0             PS8                          0.000     0.000 r  design_1_i/zynq_ultra_ps_e_0/U0/PS8_i/PLCLK[0]
                         net (fo=1, routed)           0.129     0.129    design_1_i/zynq_ultra_ps_e_0/U0/pl_clk_unbuffered[0]
    BUFG_PS_X0Y58        BUFG_PS (Prop_BUFG_PS_I_O)
                                                      0.018     0.147 r  design_1_i/zynq_ultra_ps_e_0/U0/buffer_pl_clk_0.PL_CLK_0_BUFG/O
    X2Y2 (CLOCK_ROOT)    net (fo=6912, routed)        1.261     1.408    design_1_i/usp_rf_data_converter_0/inst/s_axi_aclk
    SLICE_X114Y105       FDRE                                         r  design_1_i/usp_rf_data_converter_0/inst/IP2Bus_Data_reg[15]/C

Slack:                    inf
  Source:                 design_1_i/usp_rf_data_converter_0/inst/design_1_usp_rf_data_converter_0_0_rf_wrapper_i/rx3_u_adc/INTERNAL_FBRC_DIV2_MUX
                            (rising edge-triggered cell HSADC clocked by RFADC3_CLK  {rise@0.000ns fall@5.000ns period=10.000ns})
  Destination:            design_1_i/usp_rf_data_converter_0/inst/IP2Bus_Data_reg[13]/D
                            (rising edge-triggered cell FDRE clocked by clk_pl_0  {rise@0.000ns fall@5.156ns period=10.312ns})
  Path Group:             (none)
  Path Type:              Hold (Min at Fast Process Corner)
  Data Path Delay:        1.199ns  (logic 0.359ns (29.942%)  route 0.840ns (70.058%))
  Logic Levels:           4  (LUT5=1 LUT6=3)
  Clock Path Skew:        1.408ns (DCD - SCD - CPR)
    Destination Clock Delay (DCD):    1.408ns
    Source Clock Delay      (SCD):    0.000ns
    Clock Pessimism Removal (CPR):    -0.000ns
  Clock Uncertainty:      0.159ns  ((TSJ^2 + DJ^2)^1/2) / 2 + PE
    Total System Jitter     (TSJ):    0.071ns
    Discrete Jitter          (DJ):    0.310ns
    Phase Error              (PE):    0.000ns
  Clock Net Delay (Destination): 1.261ns (routing 0.282ns, distribution 0.979ns)
  Timing Exception:       False Path

    Location             Delay type                Incr(ns)  Path(ns)    Netlist Resource(s)
  -------------------------------------------------------------------    -------------------
                         (clock RFADC3_CLK rise edge)
                                                      0.000     0.000 r  
    HSADC_X0Y3           HSADC                        0.000     0.000 r  design_1_i/usp_rf_data_converter_0/inst/design_1_usp_rf_data_converter_0_0_rf_wrapper_i/rx3_u_adc/INTERNAL_FBRC_DIV2_MUX
  -------------------------------------------------------------------    -------------------
    HSADC_X0Y3           HSADC (Prop_HSADC_INTERNAL_FBRC_DIV2_MUX_STATUS_COMMON[13])
                                                      0.241     0.241 r  design_1_i/usp_rf_data_converter_0/inst/design_1_usp_rf_data_converter_0_0_rf_wrapper_i/rx3_u_adc/STATUS_COMMON[13]
                         net (fo=1, routed)           0.588     0.829    design_1_i/usp_rf_data_converter_0/inst/i_axi_lite_ipif/I_SLAVE_ATTACHMENT/I_DECODER/adc3_common_stat[13]
    SLICE_X116Y114       LUT5 (Prop_C6LUT_SLICEL_I4_O)
                                                      0.014     0.843 r  design_1_i/usp_rf_data_converter_0/inst/i_axi_lite_ipif/I_SLAVE_ATTACHMENT/I_DECODER/IP2Bus_Data[13]_i_32/O
                         net (fo=1, routed)           0.069     0.912    design_1_i/usp_rf_data_converter_0/inst/i_axi_lite_ipif/I_SLAVE_ATTACHMENT/I_DECODER/IP2Bus_Data[13]_i_32_n_0
    SLICE_X116Y114       LUT6 (Prop_G6LUT_SLICEL_I0_O)
                                                      0.014     0.926 r  design_1_i/usp_rf_data_converter_0/inst/i_axi_lite_ipif/I_SLAVE_ATTACHMENT/I_DECODER/IP2Bus_Data[13]_i_19/O
                         net (fo=1, routed)           0.025     0.951    design_1_i/usp_rf_data_converter_0/inst/i_axi_lite_ipif/I_SLAVE_ATTACHMENT/I_DECODER/IP2Bus_Data[13]_i_19_n_0
    SLICE_X116Y114       LUT6 (Prop_F6LUT_SLICEL_I3_O)
                                                      0.040     0.991 r  design_1_i/usp_rf_data_converter_0/inst/i_axi_lite_ipif/I_SLAVE_ATTACHMENT/I_DECODER/IP2Bus_Data[13]_i_6/O
                         net (fo=1, routed)           0.142     1.133    design_1_i/usp_rf_data_converter_0/inst/i_axi_lite_ipif/I_SLAVE_ATTACHMENT/I_DECODER/IP2Bus_Data[13]_i_6_n_0
    SLICE_X114Y105       LUT6 (Prop_D6LUT_SLICEL_I4_O)
                                                      0.050     1.183 r  design_1_i/usp_rf_data_converter_0/inst/i_axi_lite_ipif/I_SLAVE_ATTACHMENT/I_DECODER/IP2Bus_Data[13]_i_1/O
                         net (fo=1, routed)           0.016     1.199    design_1_i/usp_rf_data_converter_0/inst/i_axi_lite_ipif_n_71
    SLICE_X114Y105       FDRE                                         r  design_1_i/usp_rf_data_converter_0/inst/IP2Bus_Data_reg[13]/D
  -------------------------------------------------------------------    -------------------

                         (clock clk_pl_0 rise edge)
                                                      0.000     0.000 r  
    PS8_X0Y0             PS8                          0.000     0.000 r  design_1_i/zynq_ultra_ps_e_0/U0/PS8_i/PLCLK[0]
                         net (fo=1, routed)           0.129     0.129    design_1_i/zynq_ultra_ps_e_0/U0/pl_clk_unbuffered[0]
    BUFG_PS_X0Y58        BUFG_PS (Prop_BUFG_PS_I_O)
                                                      0.018     0.147 r  design_1_i/zynq_ultra_ps_e_0/U0/buffer_pl_clk_0.PL_CLK_0_BUFG/O
    X2Y2 (CLOCK_ROOT)    net (fo=6912, routed)        1.261     1.408    design_1_i/usp_rf_data_converter_0/inst/s_axi_aclk
    SLICE_X114Y105       FDRE                                         r  design_1_i/usp_rf_data_converter_0/inst/IP2Bus_Data_reg[13]/C

Slack:                    inf
  Source:                 design_1_i/usp_rf_data_converter_0/inst/design_1_usp_rf_data_converter_0_0_rf_wrapper_i/rx3_u_adc/INTERNAL_FBRC_DIV2_MUX
                            (rising edge-triggered cell HSADC clocked by RFADC3_CLK  {rise@0.000ns fall@5.000ns period=10.000ns})
  Destination:            design_1_i/usp_rf_data_converter_0/inst/IP2Bus_Data_reg[12]/D
                            (rising edge-triggered cell FDRE clocked by clk_pl_0  {rise@0.000ns fall@5.156ns period=10.312ns})
  Path Group:             (none)
  Path Type:              Hold (Min at Fast Process Corner)
  Data Path Delay:        1.209ns  (logic 0.426ns (35.236%)  route 0.783ns (64.764%))
  Logic Levels:           4  (LUT5=2 LUT6=2)
  Clock Path Skew:        1.414ns (DCD - SCD - CPR)
    Destination Clock Delay (DCD):    1.414ns
    Source Clock Delay      (SCD):    0.000ns
    Clock Pessimism Removal (CPR):    -0.000ns
  Clock Uncertainty:      0.159ns  ((TSJ^2 + DJ^2)^1/2) / 2 + PE
    Total System Jitter     (TSJ):    0.071ns
    Discrete Jitter          (DJ):    0.310ns
    Phase Error              (PE):    0.000ns
  Clock Net Delay (Destination): 1.267ns (routing 0.282ns, distribution 0.985ns)
  Timing Exception:       False Path

    Location             Delay type                Incr(ns)  Path(ns)    Netlist Resource(s)
  -------------------------------------------------------------------    -------------------
                         (clock RFADC3_CLK rise edge)
                                                      0.000     0.000 r  
    HSADC_X0Y3           HSADC                        0.000     0.000 r  design_1_i/usp_rf_data_converter_0/inst/design_1_usp_rf_data_converter_0_0_rf_wrapper_i/rx3_u_adc/INTERNAL_FBRC_DIV2_MUX
  -------------------------------------------------------------------    -------------------
    HSADC_X0Y3           HSADC (Prop_HSADC_INTERNAL_FBRC_DIV2_MUX_STATUS_COMMON[12])
                                                      0.274     0.274 r  design_1_i/usp_rf_data_converter_0/inst/design_1_usp_rf_data_converter_0_0_rf_wrapper_i/rx3_u_adc/STATUS_COMMON[12]
                         net (fo=1, routed)           0.562     0.836    design_1_i/usp_rf_data_converter_0/inst/i_axi_lite_ipif/I_SLAVE_ATTACHMENT/I_DECODER/adc3_common_stat[12]
    SLICE_X116Y114       LUT5 (Prop_D6LUT_SLICEL_I4_O)
                                                      0.041     0.877 f  design_1_i/usp_rf_data_converter_0/inst/i_axi_lite_ipif/I_SLAVE_ATTACHMENT/I_DECODER/IP2Bus_Data[12]_i_32/O
                         net (fo=1, routed)           0.023     0.900    design_1_i/usp_rf_data_converter_0/inst/i_axi_lite_ipif/I_SLAVE_ATTACHMENT/I_DECODER/IP2Bus_Data[12]_i_32_n_0
    SLICE_X116Y114       LUT6 (Prop_H6LUT_SLICEL_I5_O)
                                                      0.041     0.941 r  design_1_i/usp_rf_data_converter_0/inst/i_axi_lite_ipif/I_SLAVE_ATTACHMENT/I_DECODER/IP2Bus_Data[12]_i_16/O
                         net (fo=1, routed)           0.023     0.964    design_1_i/usp_rf_data_converter_0/inst/i_axi_lite_ipif/I_SLAVE_ATTACHMENT/I_DECODER/IP2Bus_Data[12]_i_16_n_0
    SLICE_X116Y114       LUT5 (Prop_E6LUT_SLICEL_I2_O)
                                                      0.035     0.999 r  design_1_i/usp_rf_data_converter_0/inst/i_axi_lite_ipif/I_SLAVE_ATTACHMENT/I_DECODER/IP2Bus_Data[12]_i_4/O
                         net (fo=1, routed)           0.157     1.156    design_1_i/usp_rf_data_converter_0/inst/i_axi_lite_ipif/I_SLAVE_ATTACHMENT/I_DECODER/IP2Bus_Data[12]_i_4_n_0
    SLICE_X113Y106       LUT6 (Prop_A6LUT_SLICEM_I2_O)
                                                      0.035     1.191 r  design_1_i/usp_rf_data_converter_0/inst/i_axi_lite_ipif/I_SLAVE_ATTACHMENT/I_DECODER/IP2Bus_Data[12]_i_1/O
                         net (fo=1, routed)           0.018     1.209    design_1_i/usp_rf_data_converter_0/inst/i_axi_lite_ipif_n_72
    SLICE_X113Y106       FDRE                                         r  design_1_i/usp_rf_data_converter_0/inst/IP2Bus_Data_reg[12]/D
  -------------------------------------------------------------------    -------------------

                         (clock clk_pl_0 rise edge)
                                                      0.000     0.000 r  
    PS8_X0Y0             PS8                          0.000     0.000 r  design_1_i/zynq_ultra_ps_e_0/U0/PS8_i/PLCLK[0]
                         net (fo=1, routed)           0.129     0.129    design_1_i/zynq_ultra_ps_e_0/U0/pl_clk_unbuffered[0]
    BUFG_PS_X0Y58        BUFG_PS (Prop_BUFG_PS_I_O)
                                                      0.018     0.147 r  design_1_i/zynq_ultra_ps_e_0/U0/buffer_pl_clk_0.PL_CLK_0_BUFG/O
    X2Y2 (CLOCK_ROOT)    net (fo=6912, routed)        1.267     1.414    design_1_i/usp_rf_data_converter_0/inst/s_axi_aclk
    SLICE_X113Y106       FDRE                                         r  design_1_i/usp_rf_data_converter_0/inst/IP2Bus_Data_reg[12]/C

Slack:                    inf
  Source:                 design_1_i/usp_rf_data_converter_0/inst/design_1_usp_rf_data_converter_0_0_rf_wrapper_i/rx3_u_adc/INTERNAL_FBRC_DIV2_MUX
                            (rising edge-triggered cell HSADC clocked by RFADC3_CLK  {rise@0.000ns fall@5.000ns period=10.000ns})
  Destination:            design_1_i/usp_rf_data_converter_0/inst/IP2Bus_Data_reg[14]/D
                            (rising edge-triggered cell FDRE clocked by clk_pl_0  {rise@0.000ns fall@5.156ns period=10.312ns})
  Path Group:             (none)
  Path Type:              Hold (Min at Fast Process Corner)
  Data Path Delay:        1.263ns  (logic 0.443ns (35.075%)  route 0.820ns (64.925%))
  Logic Levels:           4  (LUT5=2 LUT6=2)
  Clock Path Skew:        1.404ns (DCD - SCD - CPR)
    Destination Clock Delay (DCD):    1.404ns
    Source Clock Delay      (SCD):    0.000ns
    Clock Pessimism Removal (CPR):    -0.000ns
  Clock Uncertainty:      0.159ns  ((TSJ^2 + DJ^2)^1/2) / 2 + PE
    Total System Jitter     (TSJ):    0.071ns
    Discrete Jitter          (DJ):    0.310ns
    Phase Error              (PE):    0.000ns
  Clock Net Delay (Destination): 1.257ns (routing 0.282ns, distribution 0.975ns)
  Timing Exception:       False Path

    Location             Delay type                Incr(ns)  Path(ns)    Netlist Resource(s)
  -------------------------------------------------------------------    -------------------
                         (clock RFADC3_CLK rise edge)
                                                      0.000     0.000 r  
    HSADC_X0Y3           HSADC                        0.000     0.000 r  design_1_i/usp_rf_data_converter_0/inst/design_1_usp_rf_data_converter_0_0_rf_wrapper_i/rx3_u_adc/INTERNAL_FBRC_DIV2_MUX
  -------------------------------------------------------------------    -------------------
    HSADC_X0Y3           HSADC (Prop_HSADC_INTERNAL_FBRC_DIV2_MUX_STATUS_COMMON[14])
                                                      0.285     0.285 r  design_1_i/usp_rf_data_converter_0/inst/design_1_usp_rf_data_converter_0_0_rf_wrapper_i/rx3_u_adc/STATUS_COMMON[14]
                         net (fo=1, routed)           0.640     0.925    design_1_i/usp_rf_data_converter_0/inst/i_axi_lite_ipif/I_SLAVE_ATTACHMENT/I_DECODER/adc3_common_stat[14]
    SLICE_X116Y108       LUT5 (Prop_C6LUT_SLICEL_I4_O)
                                                      0.022     0.947 r  design_1_i/usp_rf_data_converter_0/inst/i_axi_lite_ipif/I_SLAVE_ATTACHMENT/I_DECODER/IP2Bus_Data[14]_i_37/O
                         net (fo=1, routed)           0.031     0.978    design_1_i/usp_rf_data_converter_0/inst/i_axi_lite_ipif/I_SLAVE_ATTACHMENT/I_DECODER/IP2Bus_Data[14]_i_37_n_0
    SLICE_X116Y108       LUT5 (Prop_G6LUT_SLICEL_I1_O)
                                                      0.060     1.038 r  design_1_i/usp_rf_data_converter_0/inst/i_axi_lite_ipif/I_SLAVE_ATTACHMENT/I_DECODER/IP2Bus_Data[14]_i_18/O
                         net (fo=1, routed)           0.080     1.118    design_1_i/usp_rf_data_converter_0/inst/i_axi_lite_ipif/I_SLAVE_ATTACHMENT/I_DECODER/IP2Bus_Data[14]_i_18_n_0
    SLICE_X116Y103       LUT6 (Prop_H6LUT_SLICEL_I0_O)
                                                      0.035     1.153 r  design_1_i/usp_rf_data_converter_0/inst/i_axi_lite_ipif/I_SLAVE_ATTACHMENT/I_DECODER/IP2Bus_Data[14]_i_6/O
                         net (fo=1, routed)           0.053     1.206    design_1_i/usp_rf_data_converter_0/inst/i_axi_lite_ipif/I_SLAVE_ATTACHMENT/I_DECODER/IP2Bus_Data[14]_i_6_n_0
    SLICE_X114Y104       LUT6 (Prop_D6LUT_SLICEL_I4_O)
                                                      0.041     1.247 r  design_1_i/usp_rf_data_converter_0/inst/i_axi_lite_ipif/I_SLAVE_ATTACHMENT/I_DECODER/IP2Bus_Data[14]_i_1/O
                         net (fo=1, routed)           0.016     1.263    design_1_i/usp_rf_data_converter_0/inst/i_axi_lite_ipif_n_70
    SLICE_X114Y104       FDRE                                         r  design_1_i/usp_rf_data_converter_0/inst/IP2Bus_Data_reg[14]/D
  -------------------------------------------------------------------    -------------------

                         (clock clk_pl_0 rise edge)
                                                      0.000     0.000 r  
    PS8_X0Y0             PS8                          0.000     0.000 r  design_1_i/zynq_ultra_ps_e_0/U0/PS8_i/PLCLK[0]
                         net (fo=1, routed)           0.129     0.129    design_1_i/zynq_ultra_ps_e_0/U0/pl_clk_unbuffered[0]
    BUFG_PS_X0Y58        BUFG_PS (Prop_BUFG_PS_I_O)
                                                      0.018     0.147 r  design_1_i/zynq_ultra_ps_e_0/U0/buffer_pl_clk_0.PL_CLK_0_BUFG/O
    X2Y2 (CLOCK_ROOT)    net (fo=6912, routed)        1.257     1.404    design_1_i/usp_rf_data_converter_0/inst/s_axi_aclk
    SLICE_X114Y104       FDRE                                         r  design_1_i/usp_rf_data_converter_0/inst/IP2Bus_Data_reg[14]/C

Slack:                    inf
  Source:                 design_1_i/usp_rf_data_converter_0/inst/design_1_usp_rf_data_converter_0_0_rf_wrapper_i/rx3_u_adc/INTERNAL_FBRC_DIV2_MUX
                            (rising edge-triggered cell HSADC clocked by RFADC3_CLK  {rise@0.000ns fall@5.000ns period=10.000ns})
  Destination:            design_1_i/usp_rf_data_converter_0/inst/IP2Bus_Data_reg[10]/D
                            (rising edge-triggered cell FDRE clocked by clk_pl_0  {rise@0.000ns fall@5.156ns period=10.312ns})
  Path Group:             (none)
  Path Type:              Hold (Min at Fast Process Corner)
  Data Path Delay:        1.375ns  (logic 0.375ns (27.273%)  route 1.000ns (72.727%))
  Logic Levels:           5  (LUT4=1 LUT5=1 LUT6=3)
  Clock Path Skew:        1.414ns (DCD - SCD - CPR)
    Destination Clock Delay (DCD):    1.414ns
    Source Clock Delay      (SCD):    0.000ns
    Clock Pessimism Removal (CPR):    -0.000ns
  Clock Uncertainty:      0.159ns  ((TSJ^2 + DJ^2)^1/2) / 2 + PE
    Total System Jitter     (TSJ):    0.071ns
    Discrete Jitter          (DJ):    0.310ns
    Phase Error              (PE):    0.000ns
  Clock Net Delay (Destination): 1.267ns (routing 0.282ns, distribution 0.985ns)
  Timing Exception:       False Path

    Location             Delay type                Incr(ns)  Path(ns)    Netlist Resource(s)
  -------------------------------------------------------------------    -------------------
                         (clock RFADC3_CLK rise edge)
                                                      0.000     0.000 r  
    HSADC_X0Y3           HSADC                        0.000     0.000 r  design_1_i/usp_rf_data_converter_0/inst/design_1_usp_rf_data_converter_0_0_rf_wrapper_i/rx3_u_adc/INTERNAL_FBRC_DIV2_MUX
  -------------------------------------------------------------------    -------------------
    HSADC_X0Y3           HSADC (Prop_HSADC_INTERNAL_FBRC_DIV2_MUX_STATUS_COMMON[10])
                                                      0.227     0.227 r  design_1_i/usp_rf_data_converter_0/inst/design_1_usp_rf_data_converter_0_0_rf_wrapper_i/rx3_u_adc/STATUS_COMMON[10]
                         net (fo=1, routed)           0.612     0.839    design_1_i/usp_rf_data_converter_0/inst/i_axi_lite_ipif/I_SLAVE_ATTACHMENT/I_DECODER/adc3_common_stat[10]
    SLICE_X116Y111       LUT4 (Prop_E6LUT_SLICEL_I0_O)
                                                      0.050     0.889 f  design_1_i/usp_rf_data_converter_0/inst/i_axi_lite_ipif/I_SLAVE_ATTACHMENT/I_DECODER/IP2Bus_Data[10]_i_32/O
                         net (fo=1, routed)           0.044     0.933    design_1_i/usp_rf_data_converter_0/inst/i_axi_lite_ipif/I_SLAVE_ATTACHMENT/I_DECODER/IP2Bus_Data[10]_i_32_n_0
    SLICE_X115Y111       LUT5 (Prop_D6LUT_SLICEM_I3_O)
                                                      0.022     0.955 f  design_1_i/usp_rf_data_converter_0/inst/i_axi_lite_ipif/I_SLAVE_ATTACHMENT/I_DECODER/IP2Bus_Data[10]_i_22/O
                         net (fo=1, routed)           0.023     0.978    design_1_i/usp_rf_data_converter_0/inst/i_axi_lite_ipif/I_SLAVE_ATTACHMENT/I_DECODER/IP2Bus_Data[10]_i_22_n_0
    SLICE_X115Y111       LUT6 (Prop_G6LUT_SLICEM_I2_O)
                                                      0.040     1.018 f  design_1_i/usp_rf_data_converter_0/inst/i_axi_lite_ipif/I_SLAVE_ATTACHMENT/I_DECODER/IP2Bus_Data[10]_i_12/O
                         net (fo=1, routed)           0.109     1.127    design_1_i/usp_rf_data_converter_0/inst/i_axi_lite_ipif/I_SLAVE_ATTACHMENT/I_DECODER/IP2Bus_Data[10]_i_12_n_0
    SLICE_X115Y103       LUT6 (Prop_C6LUT_SLICEM_I2_O)
                                                      0.022     1.149 f  design_1_i/usp_rf_data_converter_0/inst/i_axi_lite_ipif/I_SLAVE_ATTACHMENT/I_DECODER/IP2Bus_Data[10]_i_5/O
                         net (fo=1, routed)           0.186     1.335    design_1_i/usp_rf_data_converter_0/inst/i_axi_lite_ipif/I_SLAVE_ATTACHMENT/I_DECODER/IP2Bus_Data[10]_i_5_n_0
    SLICE_X110Y113       LUT6 (Prop_D6LUT_SLICEM_I4_O)
                                                      0.014     1.349 r  design_1_i/usp_rf_data_converter_0/inst/i_axi_lite_ipif/I_SLAVE_ATTACHMENT/I_DECODER/IP2Bus_Data[10]_i_1/O
                         net (fo=1, routed)           0.026     1.375    design_1_i/usp_rf_data_converter_0/inst/i_axi_lite_ipif_n_74
    SLICE_X110Y113       FDRE                                         r  design_1_i/usp_rf_data_converter_0/inst/IP2Bus_Data_reg[10]/D
  -------------------------------------------------------------------    -------------------

                         (clock clk_pl_0 rise edge)
                                                      0.000     0.000 r  
    PS8_X0Y0             PS8                          0.000     0.000 r  design_1_i/zynq_ultra_ps_e_0/U0/PS8_i/PLCLK[0]
                         net (fo=1, routed)           0.129     0.129    design_1_i/zynq_ultra_ps_e_0/U0/pl_clk_unbuffered[0]
    BUFG_PS_X0Y58        BUFG_PS (Prop_BUFG_PS_I_O)
                                                      0.018     0.147 r  design_1_i/zynq_ultra_ps_e_0/U0/buffer_pl_clk_0.PL_CLK_0_BUFG/O
    X2Y2 (CLOCK_ROOT)    net (fo=6912, routed)        1.267     1.414    design_1_i/usp_rf_data_converter_0/inst/s_axi_aclk
    SLICE_X110Y113       FDRE                                         r  design_1_i/usp_rf_data_converter_0/inst/IP2Bus_Data_reg[10]/C

Slack:                    inf
  Source:                 design_1_i/usp_rf_data_converter_0/inst/design_1_usp_rf_data_converter_0_0_rf_wrapper_i/rx3_u_adc/INTERNAL_FBRC_DIV2_MUX
                            (rising edge-triggered cell HSADC clocked by RFADC3_CLK  {rise@0.000ns fall@5.000ns period=10.000ns})
  Destination:            design_1_i/usp_rf_data_converter_0/inst/IP2Bus_Data_reg[8]/D
                            (rising edge-triggered cell FDRE clocked by clk_pl_0  {rise@0.000ns fall@5.156ns period=10.312ns})
  Path Group:             (none)
  Path Type:              Hold (Min at Fast Process Corner)
  Data Path Delay:        1.437ns  (logic 0.413ns (28.740%)  route 1.024ns (71.260%))
  Logic Levels:           5  (LUT4=1 LUT5=1 LUT6=3)
  Clock Path Skew:        1.407ns (DCD - SCD - CPR)
    Destination Clock Delay (DCD):    1.407ns
    Source Clock Delay      (SCD):    0.000ns
    Clock Pessimism Removal (CPR):    -0.000ns
  Clock Uncertainty:      0.159ns  ((TSJ^2 + DJ^2)^1/2) / 2 + PE
    Total System Jitter     (TSJ):    0.071ns
    Discrete Jitter          (DJ):    0.310ns
    Phase Error              (PE):    0.000ns
  Clock Net Delay (Destination): 1.260ns (routing 0.282ns, distribution 0.978ns)
  Timing Exception:       False Path

    Location             Delay type                Incr(ns)  Path(ns)    Netlist Resource(s)
  -------------------------------------------------------------------    -------------------
                         (clock RFADC3_CLK rise edge)
                                                      0.000     0.000 r  
    HSADC_X0Y3           HSADC                        0.000     0.000 r  design_1_i/usp_rf_data_converter_0/inst/design_1_usp_rf_data_converter_0_0_rf_wrapper_i/rx3_u_adc/INTERNAL_FBRC_DIV2_MUX
  -------------------------------------------------------------------    -------------------
    HSADC_X0Y3           HSADC (Prop_HSADC_INTERNAL_FBRC_DIV2_MUX_STATUS_COMMON[8])
                                                      0.237     0.237 r  design_1_i/usp_rf_data_converter_0/inst/design_1_usp_rf_data_converter_0_0_rf_wrapper_i/rx3_u_adc/STATUS_COMMON[8]
                         net (fo=1, routed)           0.572     0.809    design_1_i/usp_rf_data_converter_0/inst/i_axi_lite_ipif/I_SLAVE_ATTACHMENT/I_DECODER/adc3_common_stat[8]
    SLICE_X115Y112       LUT4 (Prop_E6LUT_SLICEM_I0_O)
                                                      0.049     0.858 f  design_1_i/usp_rf_data_converter_0/inst/i_axi_lite_ipif/I_SLAVE_ATTACHMENT/I_DECODER/IP2Bus_Data[8]_i_31/O
                         net (fo=1, routed)           0.077     0.935    design_1_i/usp_rf_data_converter_0/inst/i_axi_lite_ipif/I_SLAVE_ATTACHMENT/I_DECODER/IP2Bus_Data[8]_i_31_n_0
    SLICE_X115Y111       LUT5 (Prop_E6LUT_SLICEM_I0_O)
                                                      0.035     0.970 f  design_1_i/usp_rf_data_converter_0/inst/i_axi_lite_ipif/I_SLAVE_ATTACHMENT/I_DECODER/IP2Bus_Data[8]_i_21/O
                         net (fo=1, routed)           0.071     1.041    design_1_i/usp_rf_data_converter_0/inst/i_axi_lite_ipif/I_SLAVE_ATTACHMENT/I_DECODER/IP2Bus_Data[8]_i_21_n_0
    SLICE_X114Y111       LUT6 (Prop_G6LUT_SLICEL_I2_O)
                                                      0.035     1.076 f  design_1_i/usp_rf_data_converter_0/inst/i_axi_lite_ipif/I_SLAVE_ATTACHMENT/I_DECODER/IP2Bus_Data[8]_i_7/O
                         net (fo=1, routed)           0.116     1.192    design_1_i/usp_rf_data_converter_0/inst/i_axi_lite_ipif/I_SLAVE_ATTACHMENT/I_DECODER/IP2Bus_Data[8]_i_7_n_0
    SLICE_X114Y101       LUT6 (Prop_H6LUT_SLICEL_I2_O)
                                                      0.035     1.227 f  design_1_i/usp_rf_data_converter_0/inst/i_axi_lite_ipif/I_SLAVE_ATTACHMENT/I_DECODER/IP2Bus_Data[8]_i_2/O
                         net (fo=1, routed)           0.164     1.391    design_1_i/usp_rf_data_converter_0/inst/i_axi_lite_ipif/I_SLAVE_ATTACHMENT/I_DECODER/IP2Bus_Data[8]_i_2_n_0
    SLICE_X112Y113       LUT6 (Prop_C6LUT_SLICEM_I0_O)
                                                      0.022     1.413 r  design_1_i/usp_rf_data_converter_0/inst/i_axi_lite_ipif/I_SLAVE_ATTACHMENT/I_DECODER/IP2Bus_Data[8]_i_1/O
                         net (fo=1, routed)           0.024     1.437    design_1_i/usp_rf_data_converter_0/inst/i_axi_lite_ipif_n_76
    SLICE_X112Y113       FDRE                                         r  design_1_i/usp_rf_data_converter_0/inst/IP2Bus_Data_reg[8]/D
  -------------------------------------------------------------------    -------------------

                         (clock clk_pl_0 rise edge)
                                                      0.000     0.000 r  
    PS8_X0Y0             PS8                          0.000     0.000 r  design_1_i/zynq_ultra_ps_e_0/U0/PS8_i/PLCLK[0]
                         net (fo=1, routed)           0.129     0.129    design_1_i/zynq_ultra_ps_e_0/U0/pl_clk_unbuffered[0]
    BUFG_PS_X0Y58        BUFG_PS (Prop_BUFG_PS_I_O)
                                                      0.018     0.147 r  design_1_i/zynq_ultra_ps_e_0/U0/buffer_pl_clk_0.PL_CLK_0_BUFG/O
    X2Y2 (CLOCK_ROOT)    net (fo=6912, routed)        1.260     1.407    design_1_i/usp_rf_data_converter_0/inst/s_axi_aclk
    SLICE_X112Y113       FDRE                                         r  design_1_i/usp_rf_data_converter_0/inst/IP2Bus_Data_reg[8]/C

Slack:                    inf
  Source:                 design_1_i/usp_rf_data_converter_0/inst/design_1_usp_rf_data_converter_0_0_rf_wrapper_i/rx3_u_adc/INTERNAL_FBRC_DIV2_MUX
                            (rising edge-triggered cell HSADC clocked by RFADC3_CLK  {rise@0.000ns fall@5.000ns period=10.000ns})
  Destination:            design_1_i/usp_rf_data_converter_0/inst/IP2Bus_Data_reg[11]/D
                            (rising edge-triggered cell FDRE clocked by clk_pl_0  {rise@0.000ns fall@5.156ns period=10.312ns})
  Path Group:             (none)
  Path Type:              Hold (Min at Fast Process Corner)
  Data Path Delay:        1.509ns  (logic 0.429ns (28.429%)  route 1.080ns (71.571%))
  Logic Levels:           5  (LUT4=1 LUT5=1 LUT6=3)
  Clock Path Skew:        1.414ns (DCD - SCD - CPR)
    Destination Clock Delay (DCD):    1.414ns
    Source Clock Delay      (SCD):    0.000ns
    Clock Pessimism Removal (CPR):    -0.000ns
  Clock Uncertainty:      0.159ns  ((TSJ^2 + DJ^2)^1/2) / 2 + PE
    Total System Jitter     (TSJ):    0.071ns
    Discrete Jitter          (DJ):    0.310ns
    Phase Error              (PE):    0.000ns
  Clock Net Delay (Destination): 1.267ns (routing 0.282ns, distribution 0.985ns)
  Timing Exception:       False Path

    Location             Delay type                Incr(ns)  Path(ns)    Netlist Resource(s)
  -------------------------------------------------------------------    -------------------
                         (clock RFADC3_CLK rise edge)
                                                      0.000     0.000 r  
    HSADC_X0Y3           HSADC                        0.000     0.000 r  design_1_i/usp_rf_data_converter_0/inst/design_1_usp_rf_data_converter_0_0_rf_wrapper_i/rx3_u_adc/INTERNAL_FBRC_DIV2_MUX
  -------------------------------------------------------------------    -------------------
    HSADC_X0Y3           HSADC (Prop_HSADC_INTERNAL_FBRC_DIV2_MUX_STATUS_COMMON[11])
                                                      0.265     0.265 r  design_1_i/usp_rf_data_converter_0/inst/design_1_usp_rf_data_converter_0_0_rf_wrapper_i/rx3_u_adc/STATUS_COMMON[11]
                         net (fo=1, routed)           0.644     0.909    design_1_i/usp_rf_data_converter_0/inst/i_axi_lite_ipif/I_SLAVE_ATTACHMENT/I_DECODER/adc3_common_stat[11]
    SLICE_X114Y111       LUT4 (Prop_B6LUT_SLICEL_I0_O)
                                                      0.041     0.950 f  design_1_i/usp_rf_data_converter_0/inst/i_axi_lite_ipif/I_SLAVE_ATTACHMENT/I_DECODER/IP2Bus_Data[11]_i_39/O
                         net (fo=1, routed)           0.023     0.973    design_1_i/usp_rf_data_converter_0/inst/i_axi_lite_ipif/I_SLAVE_ATTACHMENT/I_DECODER/IP2Bus_Data[11]_i_39_n_0
    SLICE_X114Y111       LUT5 (Prop_F6LUT_SLICEL_I3_O)
                                                      0.014     0.987 f  design_1_i/usp_rf_data_converter_0/inst/i_axi_lite_ipif/I_SLAVE_ATTACHMENT/I_DECODER/IP2Bus_Data[11]_i_25/O
                         net (fo=1, routed)           0.021     1.008    design_1_i/usp_rf_data_converter_0/inst/i_axi_lite_ipif/I_SLAVE_ATTACHMENT/I_DECODER/IP2Bus_Data[11]_i_25_n_0
    SLICE_X114Y111       LUT6 (Prop_H6LUT_SLICEL_I2_O)
                                                      0.015     1.023 f  design_1_i/usp_rf_data_converter_0/inst/i_axi_lite_ipif/I_SLAVE_ATTACHMENT/I_DECODER/IP2Bus_Data[11]_i_7/O
                         net (fo=1, routed)           0.172     1.195    design_1_i/usp_rf_data_converter_0/inst/i_axi_lite_ipif/I_SLAVE_ATTACHMENT/I_DECODER/IP2Bus_Data[11]_i_7_n_0
    SLICE_X114Y100       LUT6 (Prop_D6LUT_SLICEL_I2_O)
                                                      0.059     1.254 f  design_1_i/usp_rf_data_converter_0/inst/i_axi_lite_ipif/I_SLAVE_ATTACHMENT/I_DECODER/IP2Bus_Data[11]_i_2/O
                         net (fo=1, routed)           0.196     1.450    design_1_i/usp_rf_data_converter_0/inst/i_axi_lite_ipif/I_SLAVE_ATTACHMENT/I_DECODER/IP2Bus_Data[11]_i_2_n_0
    SLICE_X110Y113       LUT6 (Prop_C6LUT_SLICEM_I0_O)
                                                      0.035     1.485 r  design_1_i/usp_rf_data_converter_0/inst/i_axi_lite_ipif/I_SLAVE_ATTACHMENT/I_DECODER/IP2Bus_Data[11]_i_1/O
                         net (fo=1, routed)           0.024     1.509    design_1_i/usp_rf_data_converter_0/inst/i_axi_lite_ipif_n_73
    SLICE_X110Y113       FDRE                                         r  design_1_i/usp_rf_data_converter_0/inst/IP2Bus_Data_reg[11]/D
  -------------------------------------------------------------------    -------------------

                         (clock clk_pl_0 rise edge)
                                                      0.000     0.000 r  
    PS8_X0Y0             PS8                          0.000     0.000 r  design_1_i/zynq_ultra_ps_e_0/U0/PS8_i/PLCLK[0]
                         net (fo=1, routed)           0.129     0.129    design_1_i/zynq_ultra_ps_e_0/U0/pl_clk_unbuffered[0]
    BUFG_PS_X0Y58        BUFG_PS (Prop_BUFG_PS_I_O)
                                                      0.018     0.147 r  design_1_i/zynq_ultra_ps_e_0/U0/buffer_pl_clk_0.PL_CLK_0_BUFG/O
    X2Y2 (CLOCK_ROOT)    net (fo=6912, routed)        1.267     1.414    design_1_i/usp_rf_data_converter_0/inst/s_axi_aclk
    SLICE_X110Y113       FDRE                                         r  design_1_i/usp_rf_data_converter_0/inst/IP2Bus_Data_reg[11]/C





--------------------------------------------------------------------------------------
Path Group:  (none)
From Clock:  RFDAC0_CLK
  To Clock:  clk_pl_0

Max Delay             8 Endpoints
Min Delay             8 Endpoints
--------------------------------------------------------------------------------------


Max Delay Paths
--------------------------------------------------------------------------------------
Slack:                    inf
  Source:                 design_1_i/usp_rf_data_converter_0/inst/design_1_usp_rf_data_converter_0_0_rf_wrapper_i/tx0_u_dac/INTERNAL_FBRC_MUX
                            (rising edge-triggered cell HSDAC clocked by RFDAC0_CLK  {rise@0.000ns fall@10.000ns period=20.000ns})
  Destination:            design_1_i/usp_rf_data_converter_0/inst/IP2Bus_Data_reg[14]/D
                            (rising edge-triggered cell FDRE clocked by clk_pl_0  {rise@0.000ns fall@5.156ns period=10.312ns})
  Path Group:             (none)
  Path Type:              Setup (Max at Slow Process Corner)
  Data Path Delay:        3.715ns  (logic 1.131ns (30.444%)  route 2.584ns (69.556%))
  Logic Levels:           5  (LUT4=1 LUT6=4)
  Clock Path Skew:        1.993ns (DCD - SCD + CPR)
    Destination Clock Delay (DCD):    1.993ns
    Source Clock Delay      (SCD):    0.000ns
    Clock Pessimism Removal (CPR):    0.000ns
  Clock Uncertainty:      0.159ns  ((TSJ^2 + DJ^2)^1/2) / 2 + PE
    Total System Jitter     (TSJ):    0.071ns
    Discrete Jitter          (DJ):    0.310ns
    Phase Error              (PE):    0.000ns
  Clock Net Delay (Destination): 1.811ns (routing 0.423ns, distribution 1.388ns)
  Timing Exception:       False Path

    Location             Delay type                Incr(ns)  Path(ns)    Netlist Resource(s)
  -------------------------------------------------------------------    -------------------
                         (clock RFDAC0_CLK rise edge)
                                                      0.000     0.000 r  
    HSDAC_X0Y0           HSDAC                        0.000     0.000 r  design_1_i/usp_rf_data_converter_0/inst/design_1_usp_rf_data_converter_0_0_rf_wrapper_i/tx0_u_dac/INTERNAL_FBRC_MUX
  -------------------------------------------------------------------    -------------------
    HSDAC_X0Y0           HSDAC (Prop_HSDAC_INTERNAL_FBRC_MUX_STATUS_COMMON[14])
                                                      0.779     0.779 r  design_1_i/usp_rf_data_converter_0/inst/design_1_usp_rf_data_converter_0_0_rf_wrapper_i/tx0_u_dac/STATUS_COMMON[14]
                         net (fo=1, routed)           1.713     2.492    design_1_i/usp_rf_data_converter_0/inst/i_axi_lite_ipif/I_SLAVE_ATTACHMENT/I_DECODER/dac0_common_stat[14]
    SLICE_X112Y109       LUT4 (Prop_E6LUT_SLICEM_I0_O)
                                                      0.124     2.616 f  design_1_i/usp_rf_data_converter_0/inst/i_axi_lite_ipif/I_SLAVE_ATTACHMENT/I_DECODER/IP2Bus_Data[14]_i_56/O
                         net (fo=1, routed)           0.224     2.840    design_1_i/usp_rf_data_converter_0/inst/i_axi_lite_ipif/I_SLAVE_ATTACHMENT/I_DECODER/IP2Bus_Data[14]_i_56_n_0
    SLICE_X112Y109       LUT6 (Prop_H6LUT_SLICEM_I0_O)
                                                      0.090     2.930 r  design_1_i/usp_rf_data_converter_0/inst/i_axi_lite_ipif/I_SLAVE_ATTACHMENT/I_DECODER/IP2Bus_Data[14]_i_27/O
                         net (fo=1, routed)           0.217     3.147    design_1_i/usp_rf_data_converter_0/inst/i_axi_lite_ipif/I_SLAVE_ATTACHMENT/I_DECODER/IP2Bus_Data[14]_i_27_n_0
    SLICE_X110Y108       LUT6 (Prop_C6LUT_SLICEM_I1_O)
                                                      0.051     3.198 r  design_1_i/usp_rf_data_converter_0/inst/i_axi_lite_ipif/I_SLAVE_ATTACHMENT/I_DECODER/IP2Bus_Data[14]_i_8/O
                         net (fo=1, routed)           0.040     3.238    design_1_i/usp_rf_data_converter_0/inst/i_axi_lite_ipif/I_SLAVE_ATTACHMENT/I_DECODER/IP2Bus_Data[14]_i_8_n_0
    SLICE_X110Y108       LUT6 (Prop_D6LUT_SLICEM_I0_O)
                                                      0.037     3.275 r  design_1_i/usp_rf_data_converter_0/inst/i_axi_lite_ipif/I_SLAVE_ATTACHMENT/I_DECODER/IP2Bus_Data[14]_i_2/O
                         net (fo=1, routed)           0.341     3.616    design_1_i/usp_rf_data_converter_0/inst/i_axi_lite_ipif/I_SLAVE_ATTACHMENT/I_DECODER/IP2Bus_Data[14]_i_2_n_0
    SLICE_X114Y104       LUT6 (Prop_D6LUT_SLICEL_I0_O)
                                                      0.050     3.666 r  design_1_i/usp_rf_data_converter_0/inst/i_axi_lite_ipif/I_SLAVE_ATTACHMENT/I_DECODER/IP2Bus_Data[14]_i_1/O
                         net (fo=1, routed)           0.049     3.715    design_1_i/usp_rf_data_converter_0/inst/i_axi_lite_ipif_n_70
    SLICE_X114Y104       FDRE                                         r  design_1_i/usp_rf_data_converter_0/inst/IP2Bus_Data_reg[14]/D
  -------------------------------------------------------------------    -------------------

                         (clock clk_pl_0 rise edge)
                                                      0.000     0.000 r  
    PS8_X0Y0             PS8                          0.000     0.000 r  design_1_i/zynq_ultra_ps_e_0/U0/PS8_i/PLCLK[0]
                         net (fo=1, routed)           0.157     0.157    design_1_i/zynq_ultra_ps_e_0/U0/pl_clk_unbuffered[0]
    BUFG_PS_X0Y58        BUFG_PS (Prop_BUFG_PS_I_O)
                                                      0.025     0.182 r  design_1_i/zynq_ultra_ps_e_0/U0/buffer_pl_clk_0.PL_CLK_0_BUFG/O
    X2Y2 (CLOCK_ROOT)    net (fo=6912, routed)        1.811     1.993    design_1_i/usp_rf_data_converter_0/inst/s_axi_aclk
    SLICE_X114Y104       FDRE                                         r  design_1_i/usp_rf_data_converter_0/inst/IP2Bus_Data_reg[14]/C

Slack:                    inf
  Source:                 design_1_i/usp_rf_data_converter_0/inst/design_1_usp_rf_data_converter_0_0_rf_wrapper_i/tx0_u_dac/INTERNAL_FBRC_MUX
                            (rising edge-triggered cell HSDAC clocked by RFDAC0_CLK  {rise@0.000ns fall@10.000ns period=20.000ns})
  Destination:            design_1_i/usp_rf_data_converter_0/inst/IP2Bus_Data_reg[13]/D
                            (rising edge-triggered cell FDRE clocked by clk_pl_0  {rise@0.000ns fall@5.156ns period=10.312ns})
  Path Group:             (none)
  Path Type:              Setup (Max at Slow Process Corner)
  Data Path Delay:        3.693ns  (logic 1.380ns (37.368%)  route 2.313ns (62.632%))
  Logic Levels:           4  (LUT4=2 LUT5=1 LUT6=1)
  Clock Path Skew:        1.998ns (DCD - SCD + CPR)
    Destination Clock Delay (DCD):    1.998ns
    Source Clock Delay      (SCD):    0.000ns
    Clock Pessimism Removal (CPR):    0.000ns
  Clock Uncertainty:      0.159ns  ((TSJ^2 + DJ^2)^1/2) / 2 + PE
    Total System Jitter     (TSJ):    0.071ns
    Discrete Jitter          (DJ):    0.310ns
    Phase Error              (PE):    0.000ns
  Clock Net Delay (Destination): 1.816ns (routing 0.423ns, distribution 1.393ns)
  Timing Exception:       False Path

    Location             Delay type                Incr(ns)  Path(ns)    Netlist Resource(s)
  -------------------------------------------------------------------    -------------------
                         (clock RFDAC0_CLK rise edge)
                                                      0.000     0.000 r  
    HSDAC_X0Y0           HSDAC                        0.000     0.000 r  design_1_i/usp_rf_data_converter_0/inst/design_1_usp_rf_data_converter_0_0_rf_wrapper_i/tx0_u_dac/INTERNAL_FBRC_MUX
  -------------------------------------------------------------------    -------------------
    HSDAC_X0Y0           HSDAC (Prop_HSDAC_INTERNAL_FBRC_MUX_STATUS_COMMON[13])
                                                      1.059     1.059 r  design_1_i/usp_rf_data_converter_0/inst/design_1_usp_rf_data_converter_0_0_rf_wrapper_i/tx0_u_dac/STATUS_COMMON[13]
                         net (fo=1, routed)           1.678     2.737    design_1_i/usp_rf_data_converter_0/inst/i_axi_lite_ipif/I_SLAVE_ATTACHMENT/I_DECODER/dac0_common_stat[13]
    SLICE_X109Y114       LUT5 (Prop_D6LUT_SLICEM_I4_O)
                                                      0.037     2.774 f  design_1_i/usp_rf_data_converter_0/inst/i_axi_lite_ipif/I_SLAVE_ATTACHMENT/I_DECODER/IP2Bus_Data[13]_i_23/O
                         net (fo=1, routed)           0.039     2.813    design_1_i/usp_rf_data_converter_0/inst/i_axi_lite_ipif/I_SLAVE_ATTACHMENT/I_DECODER/IP2Bus_Data[13]_i_23_n_0
    SLICE_X109Y114       LUT4 (Prop_E6LUT_SLICEM_I3_O)
                                                      0.037     2.850 r  design_1_i/usp_rf_data_converter_0/inst/i_axi_lite_ipif/I_SLAVE_ATTACHMENT/I_DECODER/IP2Bus_Data[13]_i_9/O
                         net (fo=1, routed)           0.261     3.111    design_1_i/usp_rf_data_converter_0/inst/i_axi_lite_ipif/I_SLAVE_ATTACHMENT/I_DECODER/IP2Bus_Data[13]_i_9_n_0
    SLICE_X112Y108       LUT4 (Prop_E6LUT_SLICEM_I3_O)
                                                      0.148     3.259 r  design_1_i/usp_rf_data_converter_0/inst/i_axi_lite_ipif/I_SLAVE_ATTACHMENT/I_DECODER/IP2Bus_Data[13]_i_2/O
                         net (fo=1, routed)           0.286     3.545    design_1_i/usp_rf_data_converter_0/inst/i_axi_lite_ipif/I_SLAVE_ATTACHMENT/I_DECODER/IP2Bus_Data[13]_i_2_n_0
    SLICE_X114Y105       LUT6 (Prop_D6LUT_SLICEL_I0_O)
                                                      0.099     3.644 r  design_1_i/usp_rf_data_converter_0/inst/i_axi_lite_ipif/I_SLAVE_ATTACHMENT/I_DECODER/IP2Bus_Data[13]_i_1/O
                         net (fo=1, routed)           0.049     3.693    design_1_i/usp_rf_data_converter_0/inst/i_axi_lite_ipif_n_71
    SLICE_X114Y105       FDRE                                         r  design_1_i/usp_rf_data_converter_0/inst/IP2Bus_Data_reg[13]/D
  -------------------------------------------------------------------    -------------------

                         (clock clk_pl_0 rise edge)
                                                      0.000     0.000 r  
    PS8_X0Y0             PS8                          0.000     0.000 r  design_1_i/zynq_ultra_ps_e_0/U0/PS8_i/PLCLK[0]
                         net (fo=1, routed)           0.157     0.157    design_1_i/zynq_ultra_ps_e_0/U0/pl_clk_unbuffered[0]
    BUFG_PS_X0Y58        BUFG_PS (Prop_BUFG_PS_I_O)
                                                      0.025     0.182 r  design_1_i/zynq_ultra_ps_e_0/U0/buffer_pl_clk_0.PL_CLK_0_BUFG/O
    X2Y2 (CLOCK_ROOT)    net (fo=6912, routed)        1.816     1.998    design_1_i/usp_rf_data_converter_0/inst/s_axi_aclk
    SLICE_X114Y105       FDRE                                         r  design_1_i/usp_rf_data_converter_0/inst/IP2Bus_Data_reg[13]/C

Slack:                    inf
  Source:                 design_1_i/usp_rf_data_converter_0/inst/design_1_usp_rf_data_converter_0_0_rf_wrapper_i/tx0_u_dac/INTERNAL_FBRC_MUX
                            (rising edge-triggered cell HSDAC clocked by RFDAC0_CLK  {rise@0.000ns fall@10.000ns period=20.000ns})
  Destination:            design_1_i/usp_rf_data_converter_0/inst/IP2Bus_Data_reg[15]/D
                            (rising edge-triggered cell FDRE clocked by clk_pl_0  {rise@0.000ns fall@5.156ns period=10.312ns})
  Path Group:             (none)
  Path Type:              Setup (Max at Slow Process Corner)
  Data Path Delay:        3.287ns  (logic 1.140ns (34.682%)  route 2.147ns (65.318%))
  Logic Levels:           4  (LUT5=1 LUT6=3)
  Clock Path Skew:        1.998ns (DCD - SCD + CPR)
    Destination Clock Delay (DCD):    1.998ns
    Source Clock Delay      (SCD):    0.000ns
    Clock Pessimism Removal (CPR):    0.000ns
  Clock Uncertainty:      0.159ns  ((TSJ^2 + DJ^2)^1/2) / 2 + PE
    Total System Jitter     (TSJ):    0.071ns
    Discrete Jitter          (DJ):    0.310ns
    Phase Error              (PE):    0.000ns
  Clock Net Delay (Destination): 1.816ns (routing 0.423ns, distribution 1.393ns)
  Timing Exception:       False Path

    Location             Delay type                Incr(ns)  Path(ns)    Netlist Resource(s)
  -------------------------------------------------------------------    -------------------
                         (clock RFDAC0_CLK rise edge)
                                                      0.000     0.000 r  
    HSDAC_X0Y0           HSDAC                        0.000     0.000 r  design_1_i/usp_rf_data_converter_0/inst/design_1_usp_rf_data_converter_0_0_rf_wrapper_i/tx0_u_dac/INTERNAL_FBRC_MUX
  -------------------------------------------------------------------    -------------------
    HSDAC_X0Y0           HSDAC (Prop_HSDAC_INTERNAL_FBRC_MUX_STATUS_COMMON[15])
                                                      0.840     0.840 r  design_1_i/usp_rf_data_converter_0/inst/design_1_usp_rf_data_converter_0_0_rf_wrapper_i/tx0_u_dac/STATUS_COMMON[15]
                         net (fo=1, routed)           1.603     2.443    design_1_i/usp_rf_data_converter_0/inst/i_axi_lite_ipif/I_SLAVE_ATTACHMENT/I_DECODER/dac0_common_stat[15]
    SLICE_X110Y114       LUT5 (Prop_C6LUT_SLICEM_I4_O)
                                                      0.123     2.566 r  design_1_i/usp_rf_data_converter_0/inst/i_axi_lite_ipif/I_SLAVE_ATTACHMENT/I_DECODER/IP2Bus_Data[15]_i_30/O
                         net (fo=1, routed)           0.156     2.722    design_1_i/usp_rf_data_converter_0/inst/i_axi_lite_ipif/I_SLAVE_ATTACHMENT/I_DECODER/IP2Bus_Data[15]_i_30_n_0
    SLICE_X110Y108       LUT6 (Prop_H6LUT_SLICEM_I4_O)
                                                      0.039     2.761 r  design_1_i/usp_rf_data_converter_0/inst/i_axi_lite_ipif/I_SLAVE_ATTACHMENT/I_DECODER/IP2Bus_Data[15]_i_9/O
                         net (fo=1, routed)           0.099     2.860    design_1_i/usp_rf_data_converter_0/inst/i_axi_lite_ipif/I_SLAVE_ATTACHMENT/I_DECODER/IP2Bus_Data[15]_i_9_n_0
    SLICE_X112Y108       LUT6 (Prop_F6LUT_SLICEM_I3_O)
                                                      0.088     2.948 r  design_1_i/usp_rf_data_converter_0/inst/i_axi_lite_ipif/I_SLAVE_ATTACHMENT/I_DECODER/IP2Bus_Data[15]_i_2/O
                         net (fo=1, routed)           0.239     3.187    design_1_i/usp_rf_data_converter_0/inst/i_axi_lite_ipif/I_SLAVE_ATTACHMENT/I_DECODER/IP2Bus_Data[15]_i_2_n_0
    SLICE_X114Y105       LUT6 (Prop_C6LUT_SLICEL_I0_O)
                                                      0.050     3.237 r  design_1_i/usp_rf_data_converter_0/inst/i_axi_lite_ipif/I_SLAVE_ATTACHMENT/I_DECODER/IP2Bus_Data[15]_i_1/O
                         net (fo=1, routed)           0.050     3.287    design_1_i/usp_rf_data_converter_0/inst/i_axi_lite_ipif_n_69
    SLICE_X114Y105       FDRE                                         r  design_1_i/usp_rf_data_converter_0/inst/IP2Bus_Data_reg[15]/D
  -------------------------------------------------------------------    -------------------

                         (clock clk_pl_0 rise edge)
                                                      0.000     0.000 r  
    PS8_X0Y0             PS8                          0.000     0.000 r  design_1_i/zynq_ultra_ps_e_0/U0/PS8_i/PLCLK[0]
                         net (fo=1, routed)           0.157     0.157    design_1_i/zynq_ultra_ps_e_0/U0/pl_clk_unbuffered[0]
    BUFG_PS_X0Y58        BUFG_PS (Prop_BUFG_PS_I_O)
                                                      0.025     0.182 r  design_1_i/zynq_ultra_ps_e_0/U0/buffer_pl_clk_0.PL_CLK_0_BUFG/O
    X2Y2 (CLOCK_ROOT)    net (fo=6912, routed)        1.816     1.998    design_1_i/usp_rf_data_converter_0/inst/s_axi_aclk
    SLICE_X114Y105       FDRE                                         r  design_1_i/usp_rf_data_converter_0/inst/IP2Bus_Data_reg[15]/C

Slack:                    inf
  Source:                 design_1_i/usp_rf_data_converter_0/inst/design_1_usp_rf_data_converter_0_0_rf_wrapper_i/tx0_u_dac/INTERNAL_FBRC_MUX
                            (rising edge-triggered cell HSDAC clocked by RFDAC0_CLK  {rise@0.000ns fall@10.000ns period=20.000ns})
  Destination:            design_1_i/usp_rf_data_converter_0/inst/IP2Bus_Data_reg[12]/D
                            (rising edge-triggered cell FDRE clocked by clk_pl_0  {rise@0.000ns fall@5.156ns period=10.312ns})
  Path Group:             (none)
  Path Type:              Setup (Max at Slow Process Corner)
  Data Path Delay:        3.164ns  (logic 1.054ns (33.312%)  route 2.110ns (66.688%))
  Logic Levels:           4  (LUT5=1 LUT6=3)
  Clock Path Skew:        2.003ns (DCD - SCD + CPR)
    Destination Clock Delay (DCD):    2.003ns
    Source Clock Delay      (SCD):    0.000ns
    Clock Pessimism Removal (CPR):    0.000ns
  Clock Uncertainty:      0.159ns  ((TSJ^2 + DJ^2)^1/2) / 2 + PE
    Total System Jitter     (TSJ):    0.071ns
    Discrete Jitter          (DJ):    0.310ns
    Phase Error              (PE):    0.000ns
  Clock Net Delay (Destination): 1.821ns (routing 0.423ns, distribution 1.398ns)
  Timing Exception:       False Path

    Location             Delay type                Incr(ns)  Path(ns)    Netlist Resource(s)
  -------------------------------------------------------------------    -------------------
                         (clock RFDAC0_CLK rise edge)
                                                      0.000     0.000 r  
    HSDAC_X0Y0           HSDAC                        0.000     0.000 r  design_1_i/usp_rf_data_converter_0/inst/design_1_usp_rf_data_converter_0_0_rf_wrapper_i/tx0_u_dac/INTERNAL_FBRC_MUX
  -------------------------------------------------------------------    -------------------
    HSDAC_X0Y0           HSDAC (Prop_HSDAC_INTERNAL_FBRC_MUX_STATUS_COMMON[12])
                                                      0.759     0.759 r  design_1_i/usp_rf_data_converter_0/inst/design_1_usp_rf_data_converter_0_0_rf_wrapper_i/tx0_u_dac/STATUS_COMMON[12]
                         net (fo=1, routed)           1.579     2.338    design_1_i/usp_rf_data_converter_0/inst/i_axi_lite_ipif/I_SLAVE_ATTACHMENT/I_DECODER/dac0_common_stat[12]
    SLICE_X112Y115       LUT5 (Prop_D6LUT_SLICEM_I4_O)
                                                      0.088     2.426 r  design_1_i/usp_rf_data_converter_0/inst/i_axi_lite_ipif/I_SLAVE_ATTACHMENT/I_DECODER/IP2Bus_Data[12]_i_41/O
                         net (fo=1, routed)           0.045     2.471    design_1_i/usp_rf_data_converter_0/inst/i_axi_lite_ipif/I_SLAVE_ATTACHMENT/I_DECODER/IP2Bus_Data[12]_i_41_n_0
    SLICE_X112Y115       LUT6 (Prop_H6LUT_SLICEM_I5_O)
                                                      0.101     2.572 f  design_1_i/usp_rf_data_converter_0/inst/i_axi_lite_ipif/I_SLAVE_ATTACHMENT/I_DECODER/IP2Bus_Data[12]_i_20/O
                         net (fo=1, routed)           0.143     2.715    design_1_i/usp_rf_data_converter_0/inst/i_axi_lite_ipif/I_SLAVE_ATTACHMENT/I_DECODER/IP2Bus_Data[12]_i_20_n_0
    SLICE_X112Y112       LUT6 (Prop_H6LUT_SLICEM_I4_O)
                                                      0.053     2.768 r  design_1_i/usp_rf_data_converter_0/inst/i_axi_lite_ipif/I_SLAVE_ATTACHMENT/I_DECODER/IP2Bus_Data[12]_i_5/O
                         net (fo=1, routed)           0.290     3.058    design_1_i/usp_rf_data_converter_0/inst/i_axi_lite_ipif/I_SLAVE_ATTACHMENT/I_DECODER/IP2Bus_Data[12]_i_5_n_0
    SLICE_X113Y106       LUT6 (Prop_A6LUT_SLICEM_I3_O)
                                                      0.053     3.111 r  design_1_i/usp_rf_data_converter_0/inst/i_axi_lite_ipif/I_SLAVE_ATTACHMENT/I_DECODER/IP2Bus_Data[12]_i_1/O
                         net (fo=1, routed)           0.053     3.164    design_1_i/usp_rf_data_converter_0/inst/i_axi_lite_ipif_n_72
    SLICE_X113Y106       FDRE                                         r  design_1_i/usp_rf_data_converter_0/inst/IP2Bus_Data_reg[12]/D
  -------------------------------------------------------------------    -------------------

                         (clock clk_pl_0 rise edge)
                                                      0.000     0.000 r  
    PS8_X0Y0             PS8                          0.000     0.000 r  design_1_i/zynq_ultra_ps_e_0/U0/PS8_i/PLCLK[0]
                         net (fo=1, routed)           0.157     0.157    design_1_i/zynq_ultra_ps_e_0/U0/pl_clk_unbuffered[0]
    BUFG_PS_X0Y58        BUFG_PS (Prop_BUFG_PS_I_O)
                                                      0.025     0.182 r  design_1_i/zynq_ultra_ps_e_0/U0/buffer_pl_clk_0.PL_CLK_0_BUFG/O
    X2Y2 (CLOCK_ROOT)    net (fo=6912, routed)        1.821     2.003    design_1_i/usp_rf_data_converter_0/inst/s_axi_aclk
    SLICE_X113Y106       FDRE                                         r  design_1_i/usp_rf_data_converter_0/inst/IP2Bus_Data_reg[12]/C

Slack:                    inf
  Source:                 design_1_i/usp_rf_data_converter_0/inst/design_1_usp_rf_data_converter_0_0_rf_wrapper_i/tx0_u_dac/INTERNAL_FBRC_MUX
                            (rising edge-triggered cell HSDAC clocked by RFDAC0_CLK  {rise@0.000ns fall@10.000ns period=20.000ns})
  Destination:            design_1_i/usp_rf_data_converter_0/inst/IP2Bus_Data_reg[9]/D
                            (rising edge-triggered cell FDRE clocked by clk_pl_0  {rise@0.000ns fall@5.156ns period=10.312ns})
  Path Group:             (none)
  Path Type:              Setup (Max at Slow Process Corner)
  Data Path Delay:        3.156ns  (logic 1.037ns (32.858%)  route 2.119ns (67.142%))
  Logic Levels:           4  (LUT5=1 LUT6=3)
  Clock Path Skew:        2.008ns (DCD - SCD + CPR)
    Destination Clock Delay (DCD):    2.008ns
    Source Clock Delay      (SCD):    0.000ns
    Clock Pessimism Removal (CPR):    0.000ns
  Clock Uncertainty:      0.159ns  ((TSJ^2 + DJ^2)^1/2) / 2 + PE
    Total System Jitter     (TSJ):    0.071ns
    Discrete Jitter          (DJ):    0.310ns
    Phase Error              (PE):    0.000ns
  Clock Net Delay (Destination): 1.826ns (routing 0.423ns, distribution 1.403ns)
  Timing Exception:       False Path

    Location             Delay type                Incr(ns)  Path(ns)    Netlist Resource(s)
  -------------------------------------------------------------------    -------------------
                         (clock RFDAC0_CLK rise edge)
                                                      0.000     0.000 r  
    HSDAC_X0Y0           HSDAC                        0.000     0.000 r  design_1_i/usp_rf_data_converter_0/inst/design_1_usp_rf_data_converter_0_0_rf_wrapper_i/tx0_u_dac/INTERNAL_FBRC_MUX
  -------------------------------------------------------------------    -------------------
    HSDAC_X0Y0           HSDAC (Prop_HSDAC_INTERNAL_FBRC_MUX_STATUS_COMMON[9])
                                                      0.674     0.674 r  design_1_i/usp_rf_data_converter_0/inst/design_1_usp_rf_data_converter_0_0_rf_wrapper_i/tx0_u_dac/STATUS_COMMON[9]
                         net (fo=1, routed)           1.653     2.327    design_1_i/usp_rf_data_converter_0/inst/i_axi_lite_ipif/I_SLAVE_ATTACHMENT/I_DECODER/dac0_common_stat[9]
    SLICE_X112Y112       LUT5 (Prop_B6LUT_SLICEM_I4_O)
                                                      0.100     2.427 r  design_1_i/usp_rf_data_converter_0/inst/i_axi_lite_ipif/I_SLAVE_ATTACHMENT/I_DECODER/IP2Bus_Data[9]_i_27/O
                         net (fo=1, routed)           0.041     2.468    design_1_i/usp_rf_data_converter_0/inst/i_axi_lite_ipif/I_SLAVE_ATTACHMENT/I_DECODER/IP2Bus_Data[9]_i_27_n_0
    SLICE_X112Y112       LUT6 (Prop_F6LUT_SLICEM_I2_O)
                                                      0.037     2.505 r  design_1_i/usp_rf_data_converter_0/inst/i_axi_lite_ipif/I_SLAVE_ATTACHMENT/I_DECODER/IP2Bus_Data[9]_i_9/O
                         net (fo=1, routed)           0.261     2.766    design_1_i/usp_rf_data_converter_0/inst/i_axi_lite_ipif/I_SLAVE_ATTACHMENT/I_DECODER/IP2Bus_Data[9]_i_9_n_0
    SLICE_X112Y108       LUT6 (Prop_B6LUT_SLICEM_I4_O)
                                                      0.125     2.891 r  design_1_i/usp_rf_data_converter_0/inst/i_axi_lite_ipif/I_SLAVE_ATTACHMENT/I_DECODER/IP2Bus_Data[9]_i_2/O
                         net (fo=1, routed)           0.106     2.997    design_1_i/usp_rf_data_converter_0/inst/i_axi_lite_ipif/I_SLAVE_ATTACHMENT/I_DECODER/IP2Bus_Data[9]_i_2_n_0
    SLICE_X113Y108       LUT6 (Prop_H6LUT_SLICEM_I0_O)
                                                      0.101     3.098 r  design_1_i/usp_rf_data_converter_0/inst/i_axi_lite_ipif/I_SLAVE_ATTACHMENT/I_DECODER/IP2Bus_Data[9]_i_1/O
                         net (fo=1, routed)           0.058     3.156    design_1_i/usp_rf_data_converter_0/inst/i_axi_lite_ipif_n_75
    SLICE_X113Y108       FDRE                                         r  design_1_i/usp_rf_data_converter_0/inst/IP2Bus_Data_reg[9]/D
  -------------------------------------------------------------------    -------------------

                         (clock clk_pl_0 rise edge)
                                                      0.000     0.000 r  
    PS8_X0Y0             PS8                          0.000     0.000 r  design_1_i/zynq_ultra_ps_e_0/U0/PS8_i/PLCLK[0]
                         net (fo=1, routed)           0.157     0.157    design_1_i/zynq_ultra_ps_e_0/U0/pl_clk_unbuffered[0]
    BUFG_PS_X0Y58        BUFG_PS (Prop_BUFG_PS_I_O)
                                                      0.025     0.182 r  design_1_i/zynq_ultra_ps_e_0/U0/buffer_pl_clk_0.PL_CLK_0_BUFG/O
    X2Y2 (CLOCK_ROOT)    net (fo=6912, routed)        1.826     2.008    design_1_i/usp_rf_data_converter_0/inst/s_axi_aclk
    SLICE_X113Y108       FDRE                                         r  design_1_i/usp_rf_data_converter_0/inst/IP2Bus_Data_reg[9]/C

Slack:                    inf
  Source:                 design_1_i/usp_rf_data_converter_0/inst/design_1_usp_rf_data_converter_0_0_rf_wrapper_i/tx0_u_dac/INTERNAL_FBRC_MUX
                            (rising edge-triggered cell HSDAC clocked by RFDAC0_CLK  {rise@0.000ns fall@10.000ns period=20.000ns})
  Destination:            design_1_i/usp_rf_data_converter_0/inst/IP2Bus_Data_reg[11]/D
                            (rising edge-triggered cell FDRE clocked by clk_pl_0  {rise@0.000ns fall@5.156ns period=10.312ns})
  Path Group:             (none)
  Path Type:              Setup (Max at Slow Process Corner)
  Data Path Delay:        3.030ns  (logic 0.942ns (31.089%)  route 2.088ns (68.911%))
  Logic Levels:           3  (LUT5=1 LUT6=2)
  Clock Path Skew:        2.003ns (DCD - SCD + CPR)
    Destination Clock Delay (DCD):    2.003ns
    Source Clock Delay      (SCD):    0.000ns
    Clock Pessimism Removal (CPR):    0.000ns
  Clock Uncertainty:      0.159ns  ((TSJ^2 + DJ^2)^1/2) / 2 + PE
    Total System Jitter     (TSJ):    0.071ns
    Discrete Jitter          (DJ):    0.310ns
    Phase Error              (PE):    0.000ns
  Clock Net Delay (Destination): 1.821ns (routing 0.423ns, distribution 1.398ns)
  Timing Exception:       False Path

    Location             Delay type                Incr(ns)  Path(ns)    Netlist Resource(s)
  -------------------------------------------------------------------    -------------------
                         (clock RFDAC0_CLK rise edge)
                                                      0.000     0.000 r  
    HSDAC_X0Y0           HSDAC                        0.000     0.000 r  design_1_i/usp_rf_data_converter_0/inst/design_1_usp_rf_data_converter_0_0_rf_wrapper_i/tx0_u_dac/INTERNAL_FBRC_MUX
  -------------------------------------------------------------------    -------------------
    HSDAC_X0Y0           HSDAC (Prop_HSDAC_INTERNAL_FBRC_MUX_STATUS_COMMON[11])
                                                      0.753     0.753 r  design_1_i/usp_rf_data_converter_0/inst/design_1_usp_rf_data_converter_0_0_rf_wrapper_i/tx0_u_dac/STATUS_COMMON[11]
                         net (fo=1, routed)           1.762     2.515    design_1_i/usp_rf_data_converter_0/inst/i_axi_lite_ipif/I_SLAVE_ATTACHMENT/I_DECODER/dac0_common_stat[11]
    SLICE_X112Y114       LUT5 (Prop_D6LUT_SLICEM_I4_O)
                                                      0.051     2.566 r  design_1_i/usp_rf_data_converter_0/inst/i_axi_lite_ipif/I_SLAVE_ATTACHMENT/I_DECODER/IP2Bus_Data[11]_i_14/O
                         net (fo=1, routed)           0.045     2.611    design_1_i/usp_rf_data_converter_0/inst/i_axi_lite_ipif/I_SLAVE_ATTACHMENT/I_DECODER/IP2Bus_Data[11]_i_14_n_0
    SLICE_X112Y114       LUT6 (Prop_H6LUT_SLICEM_I4_O)
                                                      0.101     2.712 r  design_1_i/usp_rf_data_converter_0/inst/i_axi_lite_ipif/I_SLAVE_ATTACHMENT/I_DECODER/IP2Bus_Data[11]_i_3/O
                         net (fo=1, routed)           0.215     2.927    design_1_i/usp_rf_data_converter_0/inst/i_axi_lite_ipif/I_SLAVE_ATTACHMENT/I_DECODER/IP2Bus_Data[11]_i_3_n_0
    SLICE_X110Y113       LUT6 (Prop_C6LUT_SLICEM_I2_O)
                                                      0.037     2.964 r  design_1_i/usp_rf_data_converter_0/inst/i_axi_lite_ipif/I_SLAVE_ATTACHMENT/I_DECODER/IP2Bus_Data[11]_i_1/O
                         net (fo=1, routed)           0.066     3.030    design_1_i/usp_rf_data_converter_0/inst/i_axi_lite_ipif_n_73
    SLICE_X110Y113       FDRE                                         r  design_1_i/usp_rf_data_converter_0/inst/IP2Bus_Data_reg[11]/D
  -------------------------------------------------------------------    -------------------

                         (clock clk_pl_0 rise edge)
                                                      0.000     0.000 r  
    PS8_X0Y0             PS8                          0.000     0.000 r  design_1_i/zynq_ultra_ps_e_0/U0/PS8_i/PLCLK[0]
                         net (fo=1, routed)           0.157     0.157    design_1_i/zynq_ultra_ps_e_0/U0/pl_clk_unbuffered[0]
    BUFG_PS_X0Y58        BUFG_PS (Prop_BUFG_PS_I_O)
                                                      0.025     0.182 r  design_1_i/zynq_ultra_ps_e_0/U0/buffer_pl_clk_0.PL_CLK_0_BUFG/O
    X2Y2 (CLOCK_ROOT)    net (fo=6912, routed)        1.821     2.003    design_1_i/usp_rf_data_converter_0/inst/s_axi_aclk
    SLICE_X110Y113       FDRE                                         r  design_1_i/usp_rf_data_converter_0/inst/IP2Bus_Data_reg[11]/C

Slack:                    inf
  Source:                 design_1_i/usp_rf_data_converter_0/inst/design_1_usp_rf_data_converter_0_0_rf_wrapper_i/tx0_u_dac/INTERNAL_FBRC_MUX
                            (rising edge-triggered cell HSDAC clocked by RFDAC0_CLK  {rise@0.000ns fall@10.000ns period=20.000ns})
  Destination:            design_1_i/usp_rf_data_converter_0/inst/IP2Bus_Data_reg[10]/D
                            (rising edge-triggered cell FDRE clocked by clk_pl_0  {rise@0.000ns fall@5.156ns period=10.312ns})
  Path Group:             (none)
  Path Type:              Setup (Max at Slow Process Corner)
  Data Path Delay:        2.967ns  (logic 1.066ns (35.929%)  route 1.901ns (64.071%))
  Logic Levels:           3  (LUT5=1 LUT6=2)
  Clock Path Skew:        2.003ns (DCD - SCD + CPR)
    Destination Clock Delay (DCD):    2.003ns
    Source Clock Delay      (SCD):    0.000ns
    Clock Pessimism Removal (CPR):    0.000ns
  Clock Uncertainty:      0.159ns  ((TSJ^2 + DJ^2)^1/2) / 2 + PE
    Total System Jitter     (TSJ):    0.071ns
    Discrete Jitter          (DJ):    0.310ns
    Phase Error              (PE):    0.000ns
  Clock Net Delay (Destination): 1.821ns (routing 0.423ns, distribution 1.398ns)
  Timing Exception:       False Path

    Location             Delay type                Incr(ns)  Path(ns)    Netlist Resource(s)
  -------------------------------------------------------------------    -------------------
                         (clock RFDAC0_CLK rise edge)
                                                      0.000     0.000 r  
    HSDAC_X0Y0           HSDAC                        0.000     0.000 r  design_1_i/usp_rf_data_converter_0/inst/design_1_usp_rf_data_converter_0_0_rf_wrapper_i/tx0_u_dac/INTERNAL_FBRC_MUX
  -------------------------------------------------------------------    -------------------
    HSDAC_X0Y0           HSDAC (Prop_HSDAC_INTERNAL_FBRC_MUX_STATUS_COMMON[10])
                                                      0.753     0.753 r  design_1_i/usp_rf_data_converter_0/inst/design_1_usp_rf_data_converter_0_0_rf_wrapper_i/tx0_u_dac/STATUS_COMMON[10]
                         net (fo=1, routed)           1.684     2.437    design_1_i/usp_rf_data_converter_0/inst/i_axi_lite_ipif/I_SLAVE_ATTACHMENT/I_DECODER/dac0_common_stat[10]
    SLICE_X110Y114       LUT5 (Prop_G6LUT_SLICEM_I4_O)
                                                      0.090     2.527 f  design_1_i/usp_rf_data_converter_0/inst/i_axi_lite_ipif/I_SLAVE_ATTACHMENT/I_DECODER/IP2Bus_Data[10]_i_6/O
                         net (fo=1, routed)           0.047     2.574    design_1_i/usp_rf_data_converter_0/inst/i_axi_lite_ipif/I_SLAVE_ATTACHMENT/I_DECODER/IP2Bus_Data[10]_i_6_n_0
    SLICE_X110Y114       LUT6 (Prop_H6LUT_SLICEM_I2_O)
                                                      0.101     2.675 r  design_1_i/usp_rf_data_converter_0/inst/i_axi_lite_ipif/I_SLAVE_ATTACHMENT/I_DECODER/IP2Bus_Data[10]_i_2/O
                         net (fo=1, routed)           0.098     2.773    design_1_i/usp_rf_data_converter_0/inst/i_axi_lite_ipif/I_SLAVE_ATTACHMENT/I_DECODER/IP2Bus_Data[10]_i_2_n_0
    SLICE_X110Y113       LUT6 (Prop_D6LUT_SLICEM_I0_O)
                                                      0.122     2.895 r  design_1_i/usp_rf_data_converter_0/inst/i_axi_lite_ipif/I_SLAVE_ATTACHMENT/I_DECODER/IP2Bus_Data[10]_i_1/O
                         net (fo=1, routed)           0.072     2.967    design_1_i/usp_rf_data_converter_0/inst/i_axi_lite_ipif_n_74
    SLICE_X110Y113       FDRE                                         r  design_1_i/usp_rf_data_converter_0/inst/IP2Bus_Data_reg[10]/D
  -------------------------------------------------------------------    -------------------

                         (clock clk_pl_0 rise edge)
                                                      0.000     0.000 r  
    PS8_X0Y0             PS8                          0.000     0.000 r  design_1_i/zynq_ultra_ps_e_0/U0/PS8_i/PLCLK[0]
                         net (fo=1, routed)           0.157     0.157    design_1_i/zynq_ultra_ps_e_0/U0/pl_clk_unbuffered[0]
    BUFG_PS_X0Y58        BUFG_PS (Prop_BUFG_PS_I_O)
                                                      0.025     0.182 r  design_1_i/zynq_ultra_ps_e_0/U0/buffer_pl_clk_0.PL_CLK_0_BUFG/O
    X2Y2 (CLOCK_ROOT)    net (fo=6912, routed)        1.821     2.003    design_1_i/usp_rf_data_converter_0/inst/s_axi_aclk
    SLICE_X110Y113       FDRE                                         r  design_1_i/usp_rf_data_converter_0/inst/IP2Bus_Data_reg[10]/C

Slack:                    inf
  Source:                 design_1_i/usp_rf_data_converter_0/inst/design_1_usp_rf_data_converter_0_0_rf_wrapper_i/tx0_u_dac/INTERNAL_FBRC_MUX
                            (rising edge-triggered cell HSDAC clocked by RFDAC0_CLK  {rise@0.000ns fall@10.000ns period=20.000ns})
  Destination:            design_1_i/usp_rf_data_converter_0/inst/IP2Bus_Data_reg[8]/D
                            (rising edge-triggered cell FDRE clocked by clk_pl_0  {rise@0.000ns fall@5.156ns period=10.312ns})
  Path Group:             (none)
  Path Type:              Setup (Max at Slow Process Corner)
  Data Path Delay:        2.864ns  (logic 1.067ns (37.256%)  route 1.797ns (62.744%))
  Logic Levels:           3  (LUT5=1 LUT6=2)
  Clock Path Skew:        1.995ns (DCD - SCD + CPR)
    Destination Clock Delay (DCD):    1.995ns
    Source Clock Delay      (SCD):    0.000ns
    Clock Pessimism Removal (CPR):    0.000ns
  Clock Uncertainty:      0.159ns  ((TSJ^2 + DJ^2)^1/2) / 2 + PE
    Total System Jitter     (TSJ):    0.071ns
    Discrete Jitter          (DJ):    0.310ns
    Phase Error              (PE):    0.000ns
  Clock Net Delay (Destination): 1.813ns (routing 0.423ns, distribution 1.390ns)
  Timing Exception:       False Path

    Location             Delay type                Incr(ns)  Path(ns)    Netlist Resource(s)
  -------------------------------------------------------------------    -------------------
                         (clock RFDAC0_CLK rise edge)
                                                      0.000     0.000 r  
    HSDAC_X0Y0           HSDAC                        0.000     0.000 r  design_1_i/usp_rf_data_converter_0/inst/design_1_usp_rf_data_converter_0_0_rf_wrapper_i/tx0_u_dac/INTERNAL_FBRC_MUX
  -------------------------------------------------------------------    -------------------
    HSDAC_X0Y0           HSDAC (Prop_HSDAC_INTERNAL_FBRC_MUX_STATUS_COMMON[8])
                                                      0.731     0.731 r  design_1_i/usp_rf_data_converter_0/inst/design_1_usp_rf_data_converter_0_0_rf_wrapper_i/tx0_u_dac/STATUS_COMMON[8]
                         net (fo=1, routed)           1.574     2.305    design_1_i/usp_rf_data_converter_0/inst/i_axi_lite_ipif/I_SLAVE_ATTACHMENT/I_DECODER/dac0_common_stat[8]
    SLICE_X112Y114       LUT5 (Prop_C6LUT_SLICEM_I4_O)
                                                      0.098     2.403 r  design_1_i/usp_rf_data_converter_0/inst/i_axi_lite_ipif/I_SLAVE_ATTACHMENT/I_DECODER/IP2Bus_Data[8]_i_12/O
                         net (fo=1, routed)           0.071     2.474    design_1_i/usp_rf_data_converter_0/inst/i_axi_lite_ipif/I_SLAVE_ATTACHMENT/I_DECODER/IP2Bus_Data[8]_i_12_n_0
    SLICE_X112Y114       LUT6 (Prop_G6LUT_SLICEM_I4_O)
                                                      0.150     2.624 r  design_1_i/usp_rf_data_converter_0/inst/i_axi_lite_ipif/I_SLAVE_ATTACHMENT/I_DECODER/IP2Bus_Data[8]_i_3/O
                         net (fo=1, routed)           0.086     2.710    design_1_i/usp_rf_data_converter_0/inst/i_axi_lite_ipif/I_SLAVE_ATTACHMENT/I_DECODER/IP2Bus_Data[8]_i_3_n_0
    SLICE_X112Y113       LUT6 (Prop_C6LUT_SLICEM_I2_O)
                                                      0.088     2.798 r  design_1_i/usp_rf_data_converter_0/inst/i_axi_lite_ipif/I_SLAVE_ATTACHMENT/I_DECODER/IP2Bus_Data[8]_i_1/O
                         net (fo=1, routed)           0.066     2.864    design_1_i/usp_rf_data_converter_0/inst/i_axi_lite_ipif_n_76
    SLICE_X112Y113       FDRE                                         r  design_1_i/usp_rf_data_converter_0/inst/IP2Bus_Data_reg[8]/D
  -------------------------------------------------------------------    -------------------

                         (clock clk_pl_0 rise edge)
                                                      0.000     0.000 r  
    PS8_X0Y0             PS8                          0.000     0.000 r  design_1_i/zynq_ultra_ps_e_0/U0/PS8_i/PLCLK[0]
                         net (fo=1, routed)           0.157     0.157    design_1_i/zynq_ultra_ps_e_0/U0/pl_clk_unbuffered[0]
    BUFG_PS_X0Y58        BUFG_PS (Prop_BUFG_PS_I_O)
                                                      0.025     0.182 r  design_1_i/zynq_ultra_ps_e_0/U0/buffer_pl_clk_0.PL_CLK_0_BUFG/O
    X2Y2 (CLOCK_ROOT)    net (fo=6912, routed)        1.813     1.995    design_1_i/usp_rf_data_converter_0/inst/s_axi_aclk
    SLICE_X112Y113       FDRE                                         r  design_1_i/usp_rf_data_converter_0/inst/IP2Bus_Data_reg[8]/C





Min Delay Paths
--------------------------------------------------------------------------------------
Slack:                    inf
  Source:                 design_1_i/usp_rf_data_converter_0/inst/design_1_usp_rf_data_converter_0_0_rf_wrapper_i/tx0_u_dac/INTERNAL_FBRC_MUX
                            (rising edge-triggered cell HSDAC clocked by RFDAC0_CLK  {rise@0.000ns fall@10.000ns period=20.000ns})
  Destination:            design_1_i/usp_rf_data_converter_0/inst/IP2Bus_Data_reg[8]/D
                            (rising edge-triggered cell FDRE clocked by clk_pl_0  {rise@0.000ns fall@5.156ns period=10.312ns})
  Path Group:             (none)
  Path Type:              Hold (Min at Fast Process Corner)
  Data Path Delay:        1.422ns  (logic 0.517ns (36.357%)  route 0.905ns (63.643%))
  Logic Levels:           3  (LUT5=1 LUT6=2)
  Clock Path Skew:        1.407ns (DCD - SCD - CPR)
    Destination Clock Delay (DCD):    1.407ns
    Source Clock Delay      (SCD):    0.000ns
    Clock Pessimism Removal (CPR):    -0.000ns
  Clock Uncertainty:      0.159ns  ((TSJ^2 + DJ^2)^1/2) / 2 + PE
    Total System Jitter     (TSJ):    0.071ns
    Discrete Jitter          (DJ):    0.310ns
    Phase Error              (PE):    0.000ns
  Clock Net Delay (Destination): 1.260ns (routing 0.282ns, distribution 0.978ns)
  Timing Exception:       False Path

    Location             Delay type                Incr(ns)  Path(ns)    Netlist Resource(s)
  -------------------------------------------------------------------    -------------------
                         (clock RFDAC0_CLK rise edge)
                                                      0.000     0.000 r  
    HSDAC_X0Y0           HSDAC                        0.000     0.000 r  design_1_i/usp_rf_data_converter_0/inst/design_1_usp_rf_data_converter_0_0_rf_wrapper_i/tx0_u_dac/INTERNAL_FBRC_MUX
  -------------------------------------------------------------------    -------------------
    HSDAC_X0Y0           HSDAC (Prop_HSDAC_INTERNAL_FBRC_MUX_STATUS_COMMON[8])
                                                      0.382     0.382 r  design_1_i/usp_rf_data_converter_0/inst/design_1_usp_rf_data_converter_0_0_rf_wrapper_i/tx0_u_dac/STATUS_COMMON[8]
                         net (fo=1, routed)           0.796     1.178    design_1_i/usp_rf_data_converter_0/inst/i_axi_lite_ipif/I_SLAVE_ATTACHMENT/I_DECODER/dac0_common_stat[8]
    SLICE_X112Y114       LUT5 (Prop_C6LUT_SLICEM_I4_O)
                                                      0.040     1.218 r  design_1_i/usp_rf_data_converter_0/inst/i_axi_lite_ipif/I_SLAVE_ATTACHMENT/I_DECODER/IP2Bus_Data[8]_i_12/O
                         net (fo=1, routed)           0.037     1.255    design_1_i/usp_rf_data_converter_0/inst/i_axi_lite_ipif/I_SLAVE_ATTACHMENT/I_DECODER/IP2Bus_Data[8]_i_12_n_0
    SLICE_X112Y114       LUT6 (Prop_G6LUT_SLICEM_I4_O)
                                                      0.060     1.315 r  design_1_i/usp_rf_data_converter_0/inst/i_axi_lite_ipif/I_SLAVE_ATTACHMENT/I_DECODER/IP2Bus_Data[8]_i_3/O
                         net (fo=1, routed)           0.048     1.363    design_1_i/usp_rf_data_converter_0/inst/i_axi_lite_ipif/I_SLAVE_ATTACHMENT/I_DECODER/IP2Bus_Data[8]_i_3_n_0
    SLICE_X112Y113       LUT6 (Prop_C6LUT_SLICEM_I2_O)
                                                      0.035     1.398 r  design_1_i/usp_rf_data_converter_0/inst/i_axi_lite_ipif/I_SLAVE_ATTACHMENT/I_DECODER/IP2Bus_Data[8]_i_1/O
                         net (fo=1, routed)           0.024     1.422    design_1_i/usp_rf_data_converter_0/inst/i_axi_lite_ipif_n_76
    SLICE_X112Y113       FDRE                                         r  design_1_i/usp_rf_data_converter_0/inst/IP2Bus_Data_reg[8]/D
  -------------------------------------------------------------------    -------------------

                         (clock clk_pl_0 rise edge)
                                                      0.000     0.000 r  
    PS8_X0Y0             PS8                          0.000     0.000 r  design_1_i/zynq_ultra_ps_e_0/U0/PS8_i/PLCLK[0]
                         net (fo=1, routed)           0.129     0.129    design_1_i/zynq_ultra_ps_e_0/U0/pl_clk_unbuffered[0]
    BUFG_PS_X0Y58        BUFG_PS (Prop_BUFG_PS_I_O)
                                                      0.018     0.147 r  design_1_i/zynq_ultra_ps_e_0/U0/buffer_pl_clk_0.PL_CLK_0_BUFG/O
    X2Y2 (CLOCK_ROOT)    net (fo=6912, routed)        1.260     1.407    design_1_i/usp_rf_data_converter_0/inst/s_axi_aclk
    SLICE_X112Y113       FDRE                                         r  design_1_i/usp_rf_data_converter_0/inst/IP2Bus_Data_reg[8]/C

Slack:                    inf
  Source:                 design_1_i/usp_rf_data_converter_0/inst/design_1_usp_rf_data_converter_0_0_rf_wrapper_i/tx0_u_dac/INTERNAL_FBRC_MUX
                            (rising edge-triggered cell HSDAC clocked by RFDAC0_CLK  {rise@0.000ns fall@10.000ns period=20.000ns})
  Destination:            design_1_i/usp_rf_data_converter_0/inst/IP2Bus_Data_reg[10]/D
                            (rising edge-triggered cell FDRE clocked by clk_pl_0  {rise@0.000ns fall@5.156ns period=10.312ns})
  Path Group:             (none)
  Path Type:              Hold (Min at Fast Process Corner)
  Data Path Delay:        1.447ns  (logic 0.501ns (34.623%)  route 0.946ns (65.377%))
  Logic Levels:           3  (LUT5=1 LUT6=2)
  Clock Path Skew:        1.414ns (DCD - SCD - CPR)
    Destination Clock Delay (DCD):    1.414ns
    Source Clock Delay      (SCD):    0.000ns
    Clock Pessimism Removal (CPR):    -0.000ns
  Clock Uncertainty:      0.159ns  ((TSJ^2 + DJ^2)^1/2) / 2 + PE
    Total System Jitter     (TSJ):    0.071ns
    Discrete Jitter          (DJ):    0.310ns
    Phase Error              (PE):    0.000ns
  Clock Net Delay (Destination): 1.267ns (routing 0.282ns, distribution 0.985ns)
  Timing Exception:       False Path

    Location             Delay type                Incr(ns)  Path(ns)    Netlist Resource(s)
  -------------------------------------------------------------------    -------------------
                         (clock RFDAC0_CLK rise edge)
                                                      0.000     0.000 r  
    HSDAC_X0Y0           HSDAC                        0.000     0.000 r  design_1_i/usp_rf_data_converter_0/inst/design_1_usp_rf_data_converter_0_0_rf_wrapper_i/tx0_u_dac/INTERNAL_FBRC_MUX
  -------------------------------------------------------------------    -------------------
    HSDAC_X0Y0           HSDAC (Prop_HSDAC_INTERNAL_FBRC_MUX_STATUS_COMMON[10])
                                                      0.375     0.375 r  design_1_i/usp_rf_data_converter_0/inst/design_1_usp_rf_data_converter_0_0_rf_wrapper_i/tx0_u_dac/STATUS_COMMON[10]
                         net (fo=1, routed)           0.843     1.218    design_1_i/usp_rf_data_converter_0/inst/i_axi_lite_ipif/I_SLAVE_ATTACHMENT/I_DECODER/dac0_common_stat[10]
    SLICE_X110Y114       LUT5 (Prop_G6LUT_SLICEM_I4_O)
                                                      0.035     1.253 f  design_1_i/usp_rf_data_converter_0/inst/i_axi_lite_ipif/I_SLAVE_ATTACHMENT/I_DECODER/IP2Bus_Data[10]_i_6/O
                         net (fo=1, routed)           0.026     1.279    design_1_i/usp_rf_data_converter_0/inst/i_axi_lite_ipif/I_SLAVE_ATTACHMENT/I_DECODER/IP2Bus_Data[10]_i_6_n_0
    SLICE_X110Y114       LUT6 (Prop_H6LUT_SLICEM_I2_O)
                                                      0.041     1.320 r  design_1_i/usp_rf_data_converter_0/inst/i_axi_lite_ipif/I_SLAVE_ATTACHMENT/I_DECODER/IP2Bus_Data[10]_i_2/O
                         net (fo=1, routed)           0.051     1.371    design_1_i/usp_rf_data_converter_0/inst/i_axi_lite_ipif/I_SLAVE_ATTACHMENT/I_DECODER/IP2Bus_Data[10]_i_2_n_0
    SLICE_X110Y113       LUT6 (Prop_D6LUT_SLICEM_I0_O)
                                                      0.050     1.421 r  design_1_i/usp_rf_data_converter_0/inst/i_axi_lite_ipif/I_SLAVE_ATTACHMENT/I_DECODER/IP2Bus_Data[10]_i_1/O
                         net (fo=1, routed)           0.026     1.447    design_1_i/usp_rf_data_converter_0/inst/i_axi_lite_ipif_n_74
    SLICE_X110Y113       FDRE                                         r  design_1_i/usp_rf_data_converter_0/inst/IP2Bus_Data_reg[10]/D
  -------------------------------------------------------------------    -------------------

                         (clock clk_pl_0 rise edge)
                                                      0.000     0.000 r  
    PS8_X0Y0             PS8                          0.000     0.000 r  design_1_i/zynq_ultra_ps_e_0/U0/PS8_i/PLCLK[0]
                         net (fo=1, routed)           0.129     0.129    design_1_i/zynq_ultra_ps_e_0/U0/pl_clk_unbuffered[0]
    BUFG_PS_X0Y58        BUFG_PS (Prop_BUFG_PS_I_O)
                                                      0.018     0.147 r  design_1_i/zynq_ultra_ps_e_0/U0/buffer_pl_clk_0.PL_CLK_0_BUFG/O
    X2Y2 (CLOCK_ROOT)    net (fo=6912, routed)        1.267     1.414    design_1_i/usp_rf_data_converter_0/inst/s_axi_aclk
    SLICE_X110Y113       FDRE                                         r  design_1_i/usp_rf_data_converter_0/inst/IP2Bus_Data_reg[10]/C

Slack:                    inf
  Source:                 design_1_i/usp_rf_data_converter_0/inst/design_1_usp_rf_data_converter_0_0_rf_wrapper_i/tx0_u_dac/INTERNAL_FBRC_MUX
                            (rising edge-triggered cell HSDAC clocked by RFDAC0_CLK  {rise@0.000ns fall@10.000ns period=20.000ns})
  Destination:            design_1_i/usp_rf_data_converter_0/inst/IP2Bus_Data_reg[11]/D
                            (rising edge-triggered cell FDRE clocked by clk_pl_0  {rise@0.000ns fall@5.156ns period=10.312ns})
  Path Group:             (none)
  Path Type:              Hold (Min at Fast Process Corner)
  Data Path Delay:        1.484ns  (logic 0.444ns (29.919%)  route 1.040ns (70.081%))
  Logic Levels:           3  (LUT5=1 LUT6=2)
  Clock Path Skew:        1.414ns (DCD - SCD - CPR)
    Destination Clock Delay (DCD):    1.414ns
    Source Clock Delay      (SCD):    0.000ns
    Clock Pessimism Removal (CPR):    -0.000ns
  Clock Uncertainty:      0.159ns  ((TSJ^2 + DJ^2)^1/2) / 2 + PE
    Total System Jitter     (TSJ):    0.071ns
    Discrete Jitter          (DJ):    0.310ns
    Phase Error              (PE):    0.000ns
  Clock Net Delay (Destination): 1.267ns (routing 0.282ns, distribution 0.985ns)
  Timing Exception:       False Path

    Location             Delay type                Incr(ns)  Path(ns)    Netlist Resource(s)
  -------------------------------------------------------------------    -------------------
                         (clock RFDAC0_CLK rise edge)
                                                      0.000     0.000 r  
    HSDAC_X0Y0           HSDAC                        0.000     0.000 r  design_1_i/usp_rf_data_converter_0/inst/design_1_usp_rf_data_converter_0_0_rf_wrapper_i/tx0_u_dac/INTERNAL_FBRC_MUX
  -------------------------------------------------------------------    -------------------
    HSDAC_X0Y0           HSDAC (Prop_HSDAC_INTERNAL_FBRC_MUX_STATUS_COMMON[11])
                                                      0.367     0.367 r  design_1_i/usp_rf_data_converter_0/inst/design_1_usp_rf_data_converter_0_0_rf_wrapper_i/tx0_u_dac/STATUS_COMMON[11]
                         net (fo=1, routed)           0.887     1.254    design_1_i/usp_rf_data_converter_0/inst/i_axi_lite_ipif/I_SLAVE_ATTACHMENT/I_DECODER/dac0_common_stat[11]
    SLICE_X112Y114       LUT5 (Prop_D6LUT_SLICEM_I4_O)
                                                      0.022     1.276 r  design_1_i/usp_rf_data_converter_0/inst/i_axi_lite_ipif/I_SLAVE_ATTACHMENT/I_DECODER/IP2Bus_Data[11]_i_14/O
                         net (fo=1, routed)           0.025     1.301    design_1_i/usp_rf_data_converter_0/inst/i_axi_lite_ipif/I_SLAVE_ATTACHMENT/I_DECODER/IP2Bus_Data[11]_i_14_n_0
    SLICE_X112Y114       LUT6 (Prop_H6LUT_SLICEM_I4_O)
                                                      0.041     1.342 r  design_1_i/usp_rf_data_converter_0/inst/i_axi_lite_ipif/I_SLAVE_ATTACHMENT/I_DECODER/IP2Bus_Data[11]_i_3/O
                         net (fo=1, routed)           0.104     1.446    design_1_i/usp_rf_data_converter_0/inst/i_axi_lite_ipif/I_SLAVE_ATTACHMENT/I_DECODER/IP2Bus_Data[11]_i_3_n_0
    SLICE_X110Y113       LUT6 (Prop_C6LUT_SLICEM_I2_O)
                                                      0.014     1.460 r  design_1_i/usp_rf_data_converter_0/inst/i_axi_lite_ipif/I_SLAVE_ATTACHMENT/I_DECODER/IP2Bus_Data[11]_i_1/O
                         net (fo=1, routed)           0.024     1.484    design_1_i/usp_rf_data_converter_0/inst/i_axi_lite_ipif_n_73
    SLICE_X110Y113       FDRE                                         r  design_1_i/usp_rf_data_converter_0/inst/IP2Bus_Data_reg[11]/D
  -------------------------------------------------------------------    -------------------

                         (clock clk_pl_0 rise edge)
                                                      0.000     0.000 r  
    PS8_X0Y0             PS8                          0.000     0.000 r  design_1_i/zynq_ultra_ps_e_0/U0/PS8_i/PLCLK[0]
                         net (fo=1, routed)           0.129     0.129    design_1_i/zynq_ultra_ps_e_0/U0/pl_clk_unbuffered[0]
    BUFG_PS_X0Y58        BUFG_PS (Prop_BUFG_PS_I_O)
                                                      0.018     0.147 r  design_1_i/zynq_ultra_ps_e_0/U0/buffer_pl_clk_0.PL_CLK_0_BUFG/O
    X2Y2 (CLOCK_ROOT)    net (fo=6912, routed)        1.267     1.414    design_1_i/usp_rf_data_converter_0/inst/s_axi_aclk
    SLICE_X110Y113       FDRE                                         r  design_1_i/usp_rf_data_converter_0/inst/IP2Bus_Data_reg[11]/C

Slack:                    inf
  Source:                 design_1_i/usp_rf_data_converter_0/inst/design_1_usp_rf_data_converter_0_0_rf_wrapper_i/tx0_u_dac/INTERNAL_FBRC_MUX
                            (rising edge-triggered cell HSDAC clocked by RFDAC0_CLK  {rise@0.000ns fall@10.000ns period=20.000ns})
  Destination:            design_1_i/usp_rf_data_converter_0/inst/IP2Bus_Data_reg[9]/D
                            (rising edge-triggered cell FDRE clocked by clk_pl_0  {rise@0.000ns fall@5.156ns period=10.312ns})
  Path Group:             (none)
  Path Type:              Hold (Min at Fast Process Corner)
  Data Path Delay:        1.544ns  (logic 0.484ns (31.347%)  route 1.060ns (68.653%))
  Logic Levels:           4  (LUT5=1 LUT6=3)
  Clock Path Skew:        1.417ns (DCD - SCD - CPR)
    Destination Clock Delay (DCD):    1.417ns
    Source Clock Delay      (SCD):    0.000ns
    Clock Pessimism Removal (CPR):    -0.000ns
  Clock Uncertainty:      0.159ns  ((TSJ^2 + DJ^2)^1/2) / 2 + PE
    Total System Jitter     (TSJ):    0.071ns
    Discrete Jitter          (DJ):    0.310ns
    Phase Error              (PE):    0.000ns
  Clock Net Delay (Destination): 1.270ns (routing 0.282ns, distribution 0.988ns)
  Timing Exception:       False Path

    Location             Delay type                Incr(ns)  Path(ns)    Netlist Resource(s)
  -------------------------------------------------------------------    -------------------
                         (clock RFDAC0_CLK rise edge)
                                                      0.000     0.000 r  
    HSDAC_X0Y0           HSDAC                        0.000     0.000 r  design_1_i/usp_rf_data_converter_0/inst/design_1_usp_rf_data_converter_0_0_rf_wrapper_i/tx0_u_dac/INTERNAL_FBRC_MUX
  -------------------------------------------------------------------    -------------------
    HSDAC_X0Y0           HSDAC (Prop_HSDAC_INTERNAL_FBRC_MUX_STATUS_COMMON[9])
                                                      0.338     0.338 r  design_1_i/usp_rf_data_converter_0/inst/design_1_usp_rf_data_converter_0_0_rf_wrapper_i/tx0_u_dac/STATUS_COMMON[9]
                         net (fo=1, routed)           0.824     1.162    design_1_i/usp_rf_data_converter_0/inst/i_axi_lite_ipif/I_SLAVE_ATTACHMENT/I_DECODER/dac0_common_stat[9]
    SLICE_X112Y112       LUT5 (Prop_B6LUT_SLICEM_I4_O)
                                                      0.041     1.203 r  design_1_i/usp_rf_data_converter_0/inst/i_axi_lite_ipif/I_SLAVE_ATTACHMENT/I_DECODER/IP2Bus_Data[9]_i_27/O
                         net (fo=1, routed)           0.023     1.226    design_1_i/usp_rf_data_converter_0/inst/i_axi_lite_ipif/I_SLAVE_ATTACHMENT/I_DECODER/IP2Bus_Data[9]_i_27_n_0
    SLICE_X112Y112       LUT6 (Prop_F6LUT_SLICEM_I2_O)
                                                      0.014     1.240 r  design_1_i/usp_rf_data_converter_0/inst/i_axi_lite_ipif/I_SLAVE_ATTACHMENT/I_DECODER/IP2Bus_Data[9]_i_9/O
                         net (fo=1, routed)           0.135     1.375    design_1_i/usp_rf_data_converter_0/inst/i_axi_lite_ipif/I_SLAVE_ATTACHMENT/I_DECODER/IP2Bus_Data[9]_i_9_n_0
    SLICE_X112Y108       LUT6 (Prop_B6LUT_SLICEM_I4_O)
                                                      0.050     1.425 r  design_1_i/usp_rf_data_converter_0/inst/i_axi_lite_ipif/I_SLAVE_ATTACHMENT/I_DECODER/IP2Bus_Data[9]_i_2/O
                         net (fo=1, routed)           0.057     1.482    design_1_i/usp_rf_data_converter_0/inst/i_axi_lite_ipif/I_SLAVE_ATTACHMENT/I_DECODER/IP2Bus_Data[9]_i_2_n_0
    SLICE_X113Y108       LUT6 (Prop_H6LUT_SLICEM_I0_O)
                                                      0.041     1.523 r  design_1_i/usp_rf_data_converter_0/inst/i_axi_lite_ipif/I_SLAVE_ATTACHMENT/I_DECODER/IP2Bus_Data[9]_i_1/O
                         net (fo=1, routed)           0.021     1.544    design_1_i/usp_rf_data_converter_0/inst/i_axi_lite_ipif_n_75
    SLICE_X113Y108       FDRE                                         r  design_1_i/usp_rf_data_converter_0/inst/IP2Bus_Data_reg[9]/D
  -------------------------------------------------------------------    -------------------

                         (clock clk_pl_0 rise edge)
                                                      0.000     0.000 r  
    PS8_X0Y0             PS8                          0.000     0.000 r  design_1_i/zynq_ultra_ps_e_0/U0/PS8_i/PLCLK[0]
                         net (fo=1, routed)           0.129     0.129    design_1_i/zynq_ultra_ps_e_0/U0/pl_clk_unbuffered[0]
    BUFG_PS_X0Y58        BUFG_PS (Prop_BUFG_PS_I_O)
                                                      0.018     0.147 r  design_1_i/zynq_ultra_ps_e_0/U0/buffer_pl_clk_0.PL_CLK_0_BUFG/O
    X2Y2 (CLOCK_ROOT)    net (fo=6912, routed)        1.270     1.417    design_1_i/usp_rf_data_converter_0/inst/s_axi_aclk
    SLICE_X113Y108       FDRE                                         r  design_1_i/usp_rf_data_converter_0/inst/IP2Bus_Data_reg[9]/C

Slack:                    inf
  Source:                 design_1_i/usp_rf_data_converter_0/inst/design_1_usp_rf_data_converter_0_0_rf_wrapper_i/tx0_u_dac/INTERNAL_FBRC_MUX
                            (rising edge-triggered cell HSDAC clocked by RFDAC0_CLK  {rise@0.000ns fall@10.000ns period=20.000ns})
  Destination:            design_1_i/usp_rf_data_converter_0/inst/IP2Bus_Data_reg[12]/D
                            (rising edge-triggered cell FDRE clocked by clk_pl_0  {rise@0.000ns fall@5.156ns period=10.312ns})
  Path Group:             (none)
  Path Type:              Hold (Min at Fast Process Corner)
  Data Path Delay:        1.573ns  (logic 0.508ns (32.295%)  route 1.065ns (67.705%))
  Logic Levels:           4  (LUT5=1 LUT6=3)
  Clock Path Skew:        1.414ns (DCD - SCD - CPR)
    Destination Clock Delay (DCD):    1.414ns
    Source Clock Delay      (SCD):    0.000ns
    Clock Pessimism Removal (CPR):    -0.000ns
  Clock Uncertainty:      0.159ns  ((TSJ^2 + DJ^2)^1/2) / 2 + PE
    Total System Jitter     (TSJ):    0.071ns
    Discrete Jitter          (DJ):    0.310ns
    Phase Error              (PE):    0.000ns
  Clock Net Delay (Destination): 1.267ns (routing 0.282ns, distribution 0.985ns)
  Timing Exception:       False Path

    Location             Delay type                Incr(ns)  Path(ns)    Netlist Resource(s)
  -------------------------------------------------------------------    -------------------
                         (clock RFDAC0_CLK rise edge)
                                                      0.000     0.000 r  
    HSDAC_X0Y0           HSDAC                        0.000     0.000 r  design_1_i/usp_rf_data_converter_0/inst/design_1_usp_rf_data_converter_0_0_rf_wrapper_i/tx0_u_dac/INTERNAL_FBRC_MUX
  -------------------------------------------------------------------    -------------------
    HSDAC_X0Y0           HSDAC (Prop_HSDAC_INTERNAL_FBRC_MUX_STATUS_COMMON[12])
                                                      0.386     0.386 r  design_1_i/usp_rf_data_converter_0/inst/design_1_usp_rf_data_converter_0_0_rf_wrapper_i/tx0_u_dac/STATUS_COMMON[12]
                         net (fo=1, routed)           0.797     1.183    design_1_i/usp_rf_data_converter_0/inst/i_axi_lite_ipif/I_SLAVE_ATTACHMENT/I_DECODER/dac0_common_stat[12]
    SLICE_X112Y115       LUT5 (Prop_D6LUT_SLICEM_I4_O)
                                                      0.035     1.218 r  design_1_i/usp_rf_data_converter_0/inst/i_axi_lite_ipif/I_SLAVE_ATTACHMENT/I_DECODER/IP2Bus_Data[12]_i_41/O
                         net (fo=1, routed)           0.025     1.243    design_1_i/usp_rf_data_converter_0/inst/i_axi_lite_ipif/I_SLAVE_ATTACHMENT/I_DECODER/IP2Bus_Data[12]_i_41_n_0
    SLICE_X112Y115       LUT6 (Prop_H6LUT_SLICEM_I5_O)
                                                      0.041     1.284 f  design_1_i/usp_rf_data_converter_0/inst/i_axi_lite_ipif/I_SLAVE_ATTACHMENT/I_DECODER/IP2Bus_Data[12]_i_20/O
                         net (fo=1, routed)           0.076     1.360    design_1_i/usp_rf_data_converter_0/inst/i_axi_lite_ipif/I_SLAVE_ATTACHMENT/I_DECODER/IP2Bus_Data[12]_i_20_n_0
    SLICE_X112Y112       LUT6 (Prop_H6LUT_SLICEM_I4_O)
                                                      0.023     1.383 r  design_1_i/usp_rf_data_converter_0/inst/i_axi_lite_ipif/I_SLAVE_ATTACHMENT/I_DECODER/IP2Bus_Data[12]_i_5/O
                         net (fo=1, routed)           0.149     1.532    design_1_i/usp_rf_data_converter_0/inst/i_axi_lite_ipif/I_SLAVE_ATTACHMENT/I_DECODER/IP2Bus_Data[12]_i_5_n_0
    SLICE_X113Y106       LUT6 (Prop_A6LUT_SLICEM_I3_O)
                                                      0.023     1.555 r  design_1_i/usp_rf_data_converter_0/inst/i_axi_lite_ipif/I_SLAVE_ATTACHMENT/I_DECODER/IP2Bus_Data[12]_i_1/O
                         net (fo=1, routed)           0.018     1.573    design_1_i/usp_rf_data_converter_0/inst/i_axi_lite_ipif_n_72
    SLICE_X113Y106       FDRE                                         r  design_1_i/usp_rf_data_converter_0/inst/IP2Bus_Data_reg[12]/D
  -------------------------------------------------------------------    -------------------

                         (clock clk_pl_0 rise edge)
                                                      0.000     0.000 r  
    PS8_X0Y0             PS8                          0.000     0.000 r  design_1_i/zynq_ultra_ps_e_0/U0/PS8_i/PLCLK[0]
                         net (fo=1, routed)           0.129     0.129    design_1_i/zynq_ultra_ps_e_0/U0/pl_clk_unbuffered[0]
    BUFG_PS_X0Y58        BUFG_PS (Prop_BUFG_PS_I_O)
                                                      0.018     0.147 r  design_1_i/zynq_ultra_ps_e_0/U0/buffer_pl_clk_0.PL_CLK_0_BUFG/O
    X2Y2 (CLOCK_ROOT)    net (fo=6912, routed)        1.267     1.414    design_1_i/usp_rf_data_converter_0/inst/s_axi_aclk
    SLICE_X113Y106       FDRE                                         r  design_1_i/usp_rf_data_converter_0/inst/IP2Bus_Data_reg[12]/C

Slack:                    inf
  Source:                 design_1_i/usp_rf_data_converter_0/inst/design_1_usp_rf_data_converter_0_0_rf_wrapper_i/tx0_u_dac/INTERNAL_FBRC_MUX
                            (rising edge-triggered cell HSDAC clocked by RFDAC0_CLK  {rise@0.000ns fall@10.000ns period=20.000ns})
  Destination:            design_1_i/usp_rf_data_converter_0/inst/IP2Bus_Data_reg[15]/D
                            (rising edge-triggered cell FDRE clocked by clk_pl_0  {rise@0.000ns fall@5.156ns period=10.312ns})
  Path Group:             (none)
  Path Type:              Hold (Min at Fast Process Corner)
  Data Path Delay:        1.613ns  (logic 0.535ns (33.168%)  route 1.078ns (66.832%))
  Logic Levels:           4  (LUT5=1 LUT6=3)
  Clock Path Skew:        1.408ns (DCD - SCD - CPR)
    Destination Clock Delay (DCD):    1.408ns
    Source Clock Delay      (SCD):    0.000ns
    Clock Pessimism Removal (CPR):    -0.000ns
  Clock Uncertainty:      0.159ns  ((TSJ^2 + DJ^2)^1/2) / 2 + PE
    Total System Jitter     (TSJ):    0.071ns
    Discrete Jitter          (DJ):    0.310ns
    Phase Error              (PE):    0.000ns
  Clock Net Delay (Destination): 1.261ns (routing 0.282ns, distribution 0.979ns)
  Timing Exception:       False Path

    Location             Delay type                Incr(ns)  Path(ns)    Netlist Resource(s)
  -------------------------------------------------------------------    -------------------
                         (clock RFDAC0_CLK rise edge)
                                                      0.000     0.000 r  
    HSDAC_X0Y0           HSDAC                        0.000     0.000 r  design_1_i/usp_rf_data_converter_0/inst/design_1_usp_rf_data_converter_0_0_rf_wrapper_i/tx0_u_dac/INTERNAL_FBRC_MUX
  -------------------------------------------------------------------    -------------------
    HSDAC_X0Y0           HSDAC (Prop_HSDAC_INTERNAL_FBRC_MUX_STATUS_COMMON[15])
                                                      0.413     0.413 r  design_1_i/usp_rf_data_converter_0/inst/design_1_usp_rf_data_converter_0_0_rf_wrapper_i/tx0_u_dac/STATUS_COMMON[15]
                         net (fo=1, routed)           0.805     1.218    design_1_i/usp_rf_data_converter_0/inst/i_axi_lite_ipif/I_SLAVE_ATTACHMENT/I_DECODER/dac0_common_stat[15]
    SLICE_X110Y114       LUT5 (Prop_C6LUT_SLICEM_I4_O)
                                                      0.050     1.268 r  design_1_i/usp_rf_data_converter_0/inst/i_axi_lite_ipif/I_SLAVE_ATTACHMENT/I_DECODER/IP2Bus_Data[15]_i_30/O
                         net (fo=1, routed)           0.082     1.350    design_1_i/usp_rf_data_converter_0/inst/i_axi_lite_ipif/I_SLAVE_ATTACHMENT/I_DECODER/IP2Bus_Data[15]_i_30_n_0
    SLICE_X110Y108       LUT6 (Prop_H6LUT_SLICEM_I4_O)
                                                      0.015     1.365 r  design_1_i/usp_rf_data_converter_0/inst/i_axi_lite_ipif/I_SLAVE_ATTACHMENT/I_DECODER/IP2Bus_Data[15]_i_9/O
                         net (fo=1, routed)           0.052     1.417    design_1_i/usp_rf_data_converter_0/inst/i_axi_lite_ipif/I_SLAVE_ATTACHMENT/I_DECODER/IP2Bus_Data[15]_i_9_n_0
    SLICE_X112Y108       LUT6 (Prop_F6LUT_SLICEM_I3_O)
                                                      0.035     1.452 r  design_1_i/usp_rf_data_converter_0/inst/i_axi_lite_ipif/I_SLAVE_ATTACHMENT/I_DECODER/IP2Bus_Data[15]_i_2/O
                         net (fo=1, routed)           0.122     1.574    design_1_i/usp_rf_data_converter_0/inst/i_axi_lite_ipif/I_SLAVE_ATTACHMENT/I_DECODER/IP2Bus_Data[15]_i_2_n_0
    SLICE_X114Y105       LUT6 (Prop_C6LUT_SLICEL_I0_O)
                                                      0.022     1.596 r  design_1_i/usp_rf_data_converter_0/inst/i_axi_lite_ipif/I_SLAVE_ATTACHMENT/I_DECODER/IP2Bus_Data[15]_i_1/O
                         net (fo=1, routed)           0.017     1.613    design_1_i/usp_rf_data_converter_0/inst/i_axi_lite_ipif_n_69
    SLICE_X114Y105       FDRE                                         r  design_1_i/usp_rf_data_converter_0/inst/IP2Bus_Data_reg[15]/D
  -------------------------------------------------------------------    -------------------

                         (clock clk_pl_0 rise edge)
                                                      0.000     0.000 r  
    PS8_X0Y0             PS8                          0.000     0.000 r  design_1_i/zynq_ultra_ps_e_0/U0/PS8_i/PLCLK[0]
                         net (fo=1, routed)           0.129     0.129    design_1_i/zynq_ultra_ps_e_0/U0/pl_clk_unbuffered[0]
    BUFG_PS_X0Y58        BUFG_PS (Prop_BUFG_PS_I_O)
                                                      0.018     0.147 r  design_1_i/zynq_ultra_ps_e_0/U0/buffer_pl_clk_0.PL_CLK_0_BUFG/O
    X2Y2 (CLOCK_ROOT)    net (fo=6912, routed)        1.261     1.408    design_1_i/usp_rf_data_converter_0/inst/s_axi_aclk
    SLICE_X114Y105       FDRE                                         r  design_1_i/usp_rf_data_converter_0/inst/IP2Bus_Data_reg[15]/C

Slack:                    inf
  Source:                 design_1_i/usp_rf_data_converter_0/inst/design_1_usp_rf_data_converter_0_0_rf_wrapper_i/tx0_u_dac/INTERNAL_FBRC_MUX
                            (rising edge-triggered cell HSDAC clocked by RFDAC0_CLK  {rise@0.000ns fall@10.000ns period=20.000ns})
  Destination:            design_1_i/usp_rf_data_converter_0/inst/IP2Bus_Data_reg[14]/D
                            (rising edge-triggered cell FDRE clocked by clk_pl_0  {rise@0.000ns fall@5.156ns period=10.312ns})
  Path Group:             (none)
  Path Type:              Hold (Min at Fast Process Corner)
  Data Path Delay:        1.795ns  (logic 0.540ns (30.084%)  route 1.255ns (69.916%))
  Logic Levels:           5  (LUT4=1 LUT6=4)
  Clock Path Skew:        1.404ns (DCD - SCD - CPR)
    Destination Clock Delay (DCD):    1.404ns
    Source Clock Delay      (SCD):    0.000ns
    Clock Pessimism Removal (CPR):    -0.000ns
  Clock Uncertainty:      0.159ns  ((TSJ^2 + DJ^2)^1/2) / 2 + PE
    Total System Jitter     (TSJ):    0.071ns
    Discrete Jitter          (DJ):    0.310ns
    Phase Error              (PE):    0.000ns
  Clock Net Delay (Destination): 1.257ns (routing 0.282ns, distribution 0.975ns)
  Timing Exception:       False Path

    Location             Delay type                Incr(ns)  Path(ns)    Netlist Resource(s)
  -------------------------------------------------------------------    -------------------
                         (clock RFDAC0_CLK rise edge)
                                                      0.000     0.000 r  
    HSDAC_X0Y0           HSDAC                        0.000     0.000 r  design_1_i/usp_rf_data_converter_0/inst/design_1_usp_rf_data_converter_0_0_rf_wrapper_i/tx0_u_dac/INTERNAL_FBRC_MUX
  -------------------------------------------------------------------    -------------------
    HSDAC_X0Y0           HSDAC (Prop_HSDAC_INTERNAL_FBRC_MUX_STATUS_COMMON[14])
                                                      0.398     0.398 r  design_1_i/usp_rf_data_converter_0/inst/design_1_usp_rf_data_converter_0_0_rf_wrapper_i/tx0_u_dac/STATUS_COMMON[14]
                         net (fo=1, routed)           0.865     1.263    design_1_i/usp_rf_data_converter_0/inst/i_axi_lite_ipif/I_SLAVE_ATTACHMENT/I_DECODER/dac0_common_stat[14]
    SLICE_X112Y109       LUT4 (Prop_E6LUT_SLICEM_I0_O)
                                                      0.049     1.312 f  design_1_i/usp_rf_data_converter_0/inst/i_axi_lite_ipif/I_SLAVE_ATTACHMENT/I_DECODER/IP2Bus_Data[14]_i_56/O
                         net (fo=1, routed)           0.097     1.409    design_1_i/usp_rf_data_converter_0/inst/i_axi_lite_ipif/I_SLAVE_ATTACHMENT/I_DECODER/IP2Bus_Data[14]_i_56_n_0
    SLICE_X112Y109       LUT6 (Prop_H6LUT_SLICEM_I0_O)
                                                      0.035     1.444 r  design_1_i/usp_rf_data_converter_0/inst/i_axi_lite_ipif/I_SLAVE_ATTACHMENT/I_DECODER/IP2Bus_Data[14]_i_27/O
                         net (fo=1, routed)           0.107     1.551    design_1_i/usp_rf_data_converter_0/inst/i_axi_lite_ipif/I_SLAVE_ATTACHMENT/I_DECODER/IP2Bus_Data[14]_i_27_n_0
    SLICE_X110Y108       LUT6 (Prop_C6LUT_SLICEM_I1_O)
                                                      0.022     1.573 r  design_1_i/usp_rf_data_converter_0/inst/i_axi_lite_ipif/I_SLAVE_ATTACHMENT/I_DECODER/IP2Bus_Data[14]_i_8/O
                         net (fo=1, routed)           0.022     1.595    design_1_i/usp_rf_data_converter_0/inst/i_axi_lite_ipif/I_SLAVE_ATTACHMENT/I_DECODER/IP2Bus_Data[14]_i_8_n_0
    SLICE_X110Y108       LUT6 (Prop_D6LUT_SLICEM_I0_O)
                                                      0.014     1.609 r  design_1_i/usp_rf_data_converter_0/inst/i_axi_lite_ipif/I_SLAVE_ATTACHMENT/I_DECODER/IP2Bus_Data[14]_i_2/O
                         net (fo=1, routed)           0.148     1.757    design_1_i/usp_rf_data_converter_0/inst/i_axi_lite_ipif/I_SLAVE_ATTACHMENT/I_DECODER/IP2Bus_Data[14]_i_2_n_0
    SLICE_X114Y104       LUT6 (Prop_D6LUT_SLICEL_I0_O)
                                                      0.022     1.779 r  design_1_i/usp_rf_data_converter_0/inst/i_axi_lite_ipif/I_SLAVE_ATTACHMENT/I_DECODER/IP2Bus_Data[14]_i_1/O
                         net (fo=1, routed)           0.016     1.795    design_1_i/usp_rf_data_converter_0/inst/i_axi_lite_ipif_n_70
    SLICE_X114Y104       FDRE                                         r  design_1_i/usp_rf_data_converter_0/inst/IP2Bus_Data_reg[14]/D
  -------------------------------------------------------------------    -------------------

                         (clock clk_pl_0 rise edge)
                                                      0.000     0.000 r  
    PS8_X0Y0             PS8                          0.000     0.000 r  design_1_i/zynq_ultra_ps_e_0/U0/PS8_i/PLCLK[0]
                         net (fo=1, routed)           0.129     0.129    design_1_i/zynq_ultra_ps_e_0/U0/pl_clk_unbuffered[0]
    BUFG_PS_X0Y58        BUFG_PS (Prop_BUFG_PS_I_O)
                                                      0.018     0.147 r  design_1_i/zynq_ultra_ps_e_0/U0/buffer_pl_clk_0.PL_CLK_0_BUFG/O
    X2Y2 (CLOCK_ROOT)    net (fo=6912, routed)        1.257     1.404    design_1_i/usp_rf_data_converter_0/inst/s_axi_aclk
    SLICE_X114Y104       FDRE                                         r  design_1_i/usp_rf_data_converter_0/inst/IP2Bus_Data_reg[14]/C

Slack:                    inf
  Source:                 design_1_i/usp_rf_data_converter_0/inst/design_1_usp_rf_data_converter_0_0_rf_wrapper_i/tx0_u_dac/INTERNAL_FBRC_MUX
                            (rising edge-triggered cell HSDAC clocked by RFDAC0_CLK  {rise@0.000ns fall@10.000ns period=20.000ns})
  Destination:            design_1_i/usp_rf_data_converter_0/inst/IP2Bus_Data_reg[13]/D
                            (rising edge-triggered cell FDRE clocked by clk_pl_0  {rise@0.000ns fall@5.156ns period=10.312ns})
  Path Group:             (none)
  Path Type:              Hold (Min at Fast Process Corner)
  Data Path Delay:        1.810ns  (logic 0.652ns (36.022%)  route 1.158ns (63.978%))
  Logic Levels:           4  (LUT4=2 LUT5=1 LUT6=1)
  Clock Path Skew:        1.408ns (DCD - SCD - CPR)
    Destination Clock Delay (DCD):    1.408ns
    Source Clock Delay      (SCD):    0.000ns
    Clock Pessimism Removal (CPR):    -0.000ns
  Clock Uncertainty:      0.159ns  ((TSJ^2 + DJ^2)^1/2) / 2 + PE
    Total System Jitter     (TSJ):    0.071ns
    Discrete Jitter          (DJ):    0.310ns
    Phase Error              (PE):    0.000ns
  Clock Net Delay (Destination): 1.261ns (routing 0.282ns, distribution 0.979ns)
  Timing Exception:       False Path

    Location             Delay type                Incr(ns)  Path(ns)    Netlist Resource(s)
  -------------------------------------------------------------------    -------------------
                         (clock RFDAC0_CLK rise edge)
                                                      0.000     0.000 r  
    HSDAC_X0Y0           HSDAC                        0.000     0.000 r  design_1_i/usp_rf_data_converter_0/inst/design_1_usp_rf_data_converter_0_0_rf_wrapper_i/tx0_u_dac/INTERNAL_FBRC_MUX
  -------------------------------------------------------------------    -------------------
    HSDAC_X0Y0           HSDAC (Prop_HSDAC_INTERNAL_FBRC_MUX_STATUS_COMMON[13])
                                                      0.524     0.524 r  design_1_i/usp_rf_data_converter_0/inst/design_1_usp_rf_data_converter_0_0_rf_wrapper_i/tx0_u_dac/STATUS_COMMON[13]
                         net (fo=1, routed)           0.837     1.361    design_1_i/usp_rf_data_converter_0/inst/i_axi_lite_ipif/I_SLAVE_ATTACHMENT/I_DECODER/dac0_common_stat[13]
    SLICE_X109Y114       LUT5 (Prop_D6LUT_SLICEM_I4_O)
                                                      0.014     1.375 f  design_1_i/usp_rf_data_converter_0/inst/i_axi_lite_ipif/I_SLAVE_ATTACHMENT/I_DECODER/IP2Bus_Data[13]_i_23/O
                         net (fo=1, routed)           0.022     1.397    design_1_i/usp_rf_data_converter_0/inst/i_axi_lite_ipif/I_SLAVE_ATTACHMENT/I_DECODER/IP2Bus_Data[13]_i_23_n_0
    SLICE_X109Y114       LUT4 (Prop_E6LUT_SLICEM_I3_O)
                                                      0.014     1.411 r  design_1_i/usp_rf_data_converter_0/inst/i_axi_lite_ipif/I_SLAVE_ATTACHMENT/I_DECODER/IP2Bus_Data[13]_i_9/O
                         net (fo=1, routed)           0.135     1.546    design_1_i/usp_rf_data_converter_0/inst/i_axi_lite_ipif/I_SLAVE_ATTACHMENT/I_DECODER/IP2Bus_Data[13]_i_9_n_0
    SLICE_X112Y108       LUT4 (Prop_E6LUT_SLICEM_I3_O)
                                                      0.059     1.605 r  design_1_i/usp_rf_data_converter_0/inst/i_axi_lite_ipif/I_SLAVE_ATTACHMENT/I_DECODER/IP2Bus_Data[13]_i_2/O
                         net (fo=1, routed)           0.148     1.753    design_1_i/usp_rf_data_converter_0/inst/i_axi_lite_ipif/I_SLAVE_ATTACHMENT/I_DECODER/IP2Bus_Data[13]_i_2_n_0
    SLICE_X114Y105       LUT6 (Prop_D6LUT_SLICEL_I0_O)
                                                      0.041     1.794 r  design_1_i/usp_rf_data_converter_0/inst/i_axi_lite_ipif/I_SLAVE_ATTACHMENT/I_DECODER/IP2Bus_Data[13]_i_1/O
                         net (fo=1, routed)           0.016     1.810    design_1_i/usp_rf_data_converter_0/inst/i_axi_lite_ipif_n_71
    SLICE_X114Y105       FDRE                                         r  design_1_i/usp_rf_data_converter_0/inst/IP2Bus_Data_reg[13]/D
  -------------------------------------------------------------------    -------------------

                         (clock clk_pl_0 rise edge)
                                                      0.000     0.000 r  
    PS8_X0Y0             PS8                          0.000     0.000 r  design_1_i/zynq_ultra_ps_e_0/U0/PS8_i/PLCLK[0]
                         net (fo=1, routed)           0.129     0.129    design_1_i/zynq_ultra_ps_e_0/U0/pl_clk_unbuffered[0]
    BUFG_PS_X0Y58        BUFG_PS (Prop_BUFG_PS_I_O)
                                                      0.018     0.147 r  design_1_i/zynq_ultra_ps_e_0/U0/buffer_pl_clk_0.PL_CLK_0_BUFG/O
    X2Y2 (CLOCK_ROOT)    net (fo=6912, routed)        1.261     1.408    design_1_i/usp_rf_data_converter_0/inst/s_axi_aclk
    SLICE_X114Y105       FDRE                                         r  design_1_i/usp_rf_data_converter_0/inst/IP2Bus_Data_reg[13]/C





--------------------------------------------------------------------------------------
Path Group:  (none)
From Clock:  RFDAC1_CLK
  To Clock:  clk_pl_0

Max Delay             8 Endpoints
Min Delay             8 Endpoints
--------------------------------------------------------------------------------------


Max Delay Paths
--------------------------------------------------------------------------------------
Slack:                    inf
  Source:                 design_1_i/usp_rf_data_converter_0/inst/design_1_usp_rf_data_converter_0_0_rf_wrapper_i/tx1_u_dac/INTERNAL_FBRC_MUX
                            (rising edge-triggered cell HSDAC clocked by RFDAC1_CLK  {rise@0.000ns fall@5.000ns period=10.000ns})
  Destination:            design_1_i/usp_rf_data_converter_0/inst/IP2Bus_Data_reg[13]/D
                            (rising edge-triggered cell FDRE clocked by clk_pl_0  {rise@0.000ns fall@5.156ns period=10.312ns})
  Path Group:             (none)
  Path Type:              Setup (Max at Slow Process Corner)
  Data Path Delay:        4.437ns  (logic 1.357ns (30.584%)  route 3.080ns (69.416%))
  Logic Levels:           5  (LUT4=1 LUT6=4)
  Clock Path Skew:        1.998ns (DCD - SCD + CPR)
    Destination Clock Delay (DCD):    1.998ns
    Source Clock Delay      (SCD):    0.000ns
    Clock Pessimism Removal (CPR):    0.000ns
  Clock Uncertainty:      0.159ns  ((TSJ^2 + DJ^2)^1/2) / 2 + PE
    Total System Jitter     (TSJ):    0.071ns
    Discrete Jitter          (DJ):    0.310ns
    Phase Error              (PE):    0.000ns
  Clock Net Delay (Destination): 1.816ns (routing 0.423ns, distribution 1.393ns)
  Timing Exception:       False Path

    Location             Delay type                Incr(ns)  Path(ns)    Netlist Resource(s)
  -------------------------------------------------------------------    -------------------
                         (clock RFDAC1_CLK rise edge)
                                                      0.000     0.000 r  
    HSDAC_X0Y1           HSDAC                        0.000     0.000 r  design_1_i/usp_rf_data_converter_0/inst/design_1_usp_rf_data_converter_0_0_rf_wrapper_i/tx1_u_dac/INTERNAL_FBRC_MUX
  -------------------------------------------------------------------    -------------------
    HSDAC_X0Y1           HSDAC (Prop_HSDAC_INTERNAL_FBRC_MUX_STATUS_COMMON[13])
                                                      1.059     1.059 r  design_1_i/usp_rf_data_converter_0/inst/design_1_usp_rf_data_converter_0_0_rf_wrapper_i/tx1_u_dac/STATUS_COMMON[13]
                         net (fo=1, routed)           2.339     3.398    design_1_i/usp_rf_data_converter_0/inst/i_axi_lite_ipif/I_SLAVE_ATTACHMENT/I_DECODER/dac1_common_stat[13]
    SLICE_X111Y112       LUT6 (Prop_C6LUT_SLICEL_I5_O)
                                                      0.035     3.433 r  design_1_i/usp_rf_data_converter_0/inst/i_axi_lite_ipif/I_SLAVE_ATTACHMENT/I_DECODER/IP2Bus_Data[13]_i_37/O
                         net (fo=1, routed)           0.041     3.474    design_1_i/usp_rf_data_converter_0/inst/i_axi_lite_ipif/I_SLAVE_ATTACHMENT/I_DECODER/IP2Bus_Data[13]_i_37_n_0
    SLICE_X111Y112       LUT6 (Prop_D6LUT_SLICEL_I5_O)
                                                      0.036     3.510 f  design_1_i/usp_rf_data_converter_0/inst/i_axi_lite_ipif/I_SLAVE_ATTACHMENT/I_DECODER/IP2Bus_Data[13]_i_21/O
                         net (fo=1, routed)           0.147     3.657    design_1_i/usp_rf_data_converter_0/inst/i_axi_lite_ipif/I_SLAVE_ATTACHMENT/I_DECODER/IP2Bus_Data[13]_i_21_n_0
    SLICE_X112Y112       LUT6 (Prop_D6LUT_SLICEM_I1_O)
                                                      0.037     3.694 r  design_1_i/usp_rf_data_converter_0/inst/i_axi_lite_ipif/I_SLAVE_ATTACHMENT/I_DECODER/IP2Bus_Data[13]_i_8/O
                         net (fo=1, routed)           0.218     3.912    design_1_i/usp_rf_data_converter_0/inst/i_axi_lite_ipif/I_SLAVE_ATTACHMENT/I_DECODER/IP2Bus_Data[13]_i_8_n_0
    SLICE_X112Y108       LUT4 (Prop_E6LUT_SLICEM_I2_O)
                                                      0.091     4.003 r  design_1_i/usp_rf_data_converter_0/inst/i_axi_lite_ipif/I_SLAVE_ATTACHMENT/I_DECODER/IP2Bus_Data[13]_i_2/O
                         net (fo=1, routed)           0.286     4.289    design_1_i/usp_rf_data_converter_0/inst/i_axi_lite_ipif/I_SLAVE_ATTACHMENT/I_DECODER/IP2Bus_Data[13]_i_2_n_0
    SLICE_X114Y105       LUT6 (Prop_D6LUT_SLICEL_I0_O)
                                                      0.099     4.388 r  design_1_i/usp_rf_data_converter_0/inst/i_axi_lite_ipif/I_SLAVE_ATTACHMENT/I_DECODER/IP2Bus_Data[13]_i_1/O
                         net (fo=1, routed)           0.049     4.437    design_1_i/usp_rf_data_converter_0/inst/i_axi_lite_ipif_n_71
    SLICE_X114Y105       FDRE                                         r  design_1_i/usp_rf_data_converter_0/inst/IP2Bus_Data_reg[13]/D
  -------------------------------------------------------------------    -------------------

                         (clock clk_pl_0 rise edge)
                                                      0.000     0.000 r  
    PS8_X0Y0             PS8                          0.000     0.000 r  design_1_i/zynq_ultra_ps_e_0/U0/PS8_i/PLCLK[0]
                         net (fo=1, routed)           0.157     0.157    design_1_i/zynq_ultra_ps_e_0/U0/pl_clk_unbuffered[0]
    BUFG_PS_X0Y58        BUFG_PS (Prop_BUFG_PS_I_O)
                                                      0.025     0.182 r  design_1_i/zynq_ultra_ps_e_0/U0/buffer_pl_clk_0.PL_CLK_0_BUFG/O
    X2Y2 (CLOCK_ROOT)    net (fo=6912, routed)        1.816     1.998    design_1_i/usp_rf_data_converter_0/inst/s_axi_aclk
    SLICE_X114Y105       FDRE                                         r  design_1_i/usp_rf_data_converter_0/inst/IP2Bus_Data_reg[13]/C

Slack:                    inf
  Source:                 design_1_i/usp_rf_data_converter_0/inst/design_1_usp_rf_data_converter_0_0_rf_wrapper_i/tx1_u_dac/INTERNAL_FBRC_MUX
                            (rising edge-triggered cell HSDAC clocked by RFDAC1_CLK  {rise@0.000ns fall@5.000ns period=10.000ns})
  Destination:            design_1_i/usp_rf_data_converter_0/inst/IP2Bus_Data_reg[14]/D
                            (rising edge-triggered cell FDRE clocked by clk_pl_0  {rise@0.000ns fall@5.156ns period=10.312ns})
  Path Group:             (none)
  Path Type:              Setup (Max at Slow Process Corner)
  Data Path Delay:        3.973ns  (logic 1.121ns (28.215%)  route 2.852ns (71.785%))
  Logic Levels:           4  (LUT5=1 LUT6=3)
  Clock Path Skew:        1.993ns (DCD - SCD + CPR)
    Destination Clock Delay (DCD):    1.993ns
    Source Clock Delay      (SCD):    0.000ns
    Clock Pessimism Removal (CPR):    0.000ns
  Clock Uncertainty:      0.159ns  ((TSJ^2 + DJ^2)^1/2) / 2 + PE
    Total System Jitter     (TSJ):    0.071ns
    Discrete Jitter          (DJ):    0.310ns
    Phase Error              (PE):    0.000ns
  Clock Net Delay (Destination): 1.811ns (routing 0.423ns, distribution 1.388ns)
  Timing Exception:       False Path

    Location             Delay type                Incr(ns)  Path(ns)    Netlist Resource(s)
  -------------------------------------------------------------------    -------------------
                         (clock RFDAC1_CLK rise edge)
                                                      0.000     0.000 r  
    HSDAC_X0Y1           HSDAC                        0.000     0.000 r  design_1_i/usp_rf_data_converter_0/inst/design_1_usp_rf_data_converter_0_0_rf_wrapper_i/tx1_u_dac/INTERNAL_FBRC_MUX
  -------------------------------------------------------------------    -------------------
    HSDAC_X0Y1           HSDAC (Prop_HSDAC_INTERNAL_FBRC_MUX_STATUS_COMMON[14])
                                                      0.779     0.779 r  design_1_i/usp_rf_data_converter_0/inst/design_1_usp_rf_data_converter_0_0_rf_wrapper_i/tx1_u_dac/STATUS_COMMON[14]
                         net (fo=1, routed)           2.140     2.919    design_1_i/usp_rf_data_converter_0/inst/i_axi_lite_ipif/I_SLAVE_ATTACHMENT/I_DECODER/dac1_common_stat[14]
    SLICE_X109Y106       LUT6 (Prop_H6LUT_SLICEM_I0_O)
                                                      0.152     3.071 r  design_1_i/usp_rf_data_converter_0/inst/i_axi_lite_ipif/I_SLAVE_ATTACHMENT/I_DECODER/IP2Bus_Data[14]_i_30/O
                         net (fo=1, routed)           0.184     3.255    design_1_i/usp_rf_data_converter_0/inst/i_axi_lite_ipif/I_SLAVE_ATTACHMENT/I_DECODER/IP2Bus_Data[14]_i_30_n_0
    SLICE_X110Y105       LUT5 (Prop_G6LUT_SLICEM_I1_O)
                                                      0.052     3.307 r  design_1_i/usp_rf_data_converter_0/inst/i_axi_lite_ipif/I_SLAVE_ATTACHMENT/I_DECODER/IP2Bus_Data[14]_i_10/O
                         net (fo=1, routed)           0.138     3.445    design_1_i/usp_rf_data_converter_0/inst/i_axi_lite_ipif/I_SLAVE_ATTACHMENT/I_DECODER/IP2Bus_Data[14]_i_10_n_0
    SLICE_X110Y108       LUT6 (Prop_D6LUT_SLICEM_I5_O)
                                                      0.088     3.533 r  design_1_i/usp_rf_data_converter_0/inst/i_axi_lite_ipif/I_SLAVE_ATTACHMENT/I_DECODER/IP2Bus_Data[14]_i_2/O
                         net (fo=1, routed)           0.341     3.874    design_1_i/usp_rf_data_converter_0/inst/i_axi_lite_ipif/I_SLAVE_ATTACHMENT/I_DECODER/IP2Bus_Data[14]_i_2_n_0
    SLICE_X114Y104       LUT6 (Prop_D6LUT_SLICEL_I0_O)
                                                      0.050     3.924 r  design_1_i/usp_rf_data_converter_0/inst/i_axi_lite_ipif/I_SLAVE_ATTACHMENT/I_DECODER/IP2Bus_Data[14]_i_1/O
                         net (fo=1, routed)           0.049     3.973    design_1_i/usp_rf_data_converter_0/inst/i_axi_lite_ipif_n_70
    SLICE_X114Y104       FDRE                                         r  design_1_i/usp_rf_data_converter_0/inst/IP2Bus_Data_reg[14]/D
  -------------------------------------------------------------------    -------------------

                         (clock clk_pl_0 rise edge)
                                                      0.000     0.000 r  
    PS8_X0Y0             PS8                          0.000     0.000 r  design_1_i/zynq_ultra_ps_e_0/U0/PS8_i/PLCLK[0]
                         net (fo=1, routed)           0.157     0.157    design_1_i/zynq_ultra_ps_e_0/U0/pl_clk_unbuffered[0]
    BUFG_PS_X0Y58        BUFG_PS (Prop_BUFG_PS_I_O)
                                                      0.025     0.182 r  design_1_i/zynq_ultra_ps_e_0/U0/buffer_pl_clk_0.PL_CLK_0_BUFG/O
    X2Y2 (CLOCK_ROOT)    net (fo=6912, routed)        1.811     1.993    design_1_i/usp_rf_data_converter_0/inst/s_axi_aclk
    SLICE_X114Y104       FDRE                                         r  design_1_i/usp_rf_data_converter_0/inst/IP2Bus_Data_reg[14]/C

Slack:                    inf
  Source:                 design_1_i/usp_rf_data_converter_0/inst/design_1_usp_rf_data_converter_0_0_rf_wrapper_i/tx1_u_dac/INTERNAL_FBRC_MUX
                            (rising edge-triggered cell HSDAC clocked by RFDAC1_CLK  {rise@0.000ns fall@5.000ns period=10.000ns})
  Destination:            design_1_i/usp_rf_data_converter_0/inst/IP2Bus_Data_reg[15]/D
                            (rising edge-triggered cell FDRE clocked by clk_pl_0  {rise@0.000ns fall@5.156ns period=10.312ns})
  Path Group:             (none)
  Path Type:              Setup (Max at Slow Process Corner)
  Data Path Delay:        3.905ns  (logic 1.190ns (30.474%)  route 2.715ns (69.526%))
  Logic Levels:           5  (LUT4=1 LUT5=1 LUT6=3)
  Clock Path Skew:        1.998ns (DCD - SCD + CPR)
    Destination Clock Delay (DCD):    1.998ns
    Source Clock Delay      (SCD):    0.000ns
    Clock Pessimism Removal (CPR):    0.000ns
  Clock Uncertainty:      0.159ns  ((TSJ^2 + DJ^2)^1/2) / 2 + PE
    Total System Jitter     (TSJ):    0.071ns
    Discrete Jitter          (DJ):    0.310ns
    Phase Error              (PE):    0.000ns
  Clock Net Delay (Destination): 1.816ns (routing 0.423ns, distribution 1.393ns)
  Timing Exception:       False Path

    Location             Delay type                Incr(ns)  Path(ns)    Netlist Resource(s)
  -------------------------------------------------------------------    -------------------
                         (clock RFDAC1_CLK rise edge)
                                                      0.000     0.000 r  
    HSDAC_X0Y1           HSDAC                        0.000     0.000 r  design_1_i/usp_rf_data_converter_0/inst/design_1_usp_rf_data_converter_0_0_rf_wrapper_i/tx1_u_dac/INTERNAL_FBRC_MUX
  -------------------------------------------------------------------    -------------------
    HSDAC_X0Y1           HSDAC (Prop_HSDAC_INTERNAL_FBRC_MUX_STATUS_COMMON[15])
                                                      0.840     0.840 r  design_1_i/usp_rf_data_converter_0/inst/design_1_usp_rf_data_converter_0_0_rf_wrapper_i/tx1_u_dac/STATUS_COMMON[15]
                         net (fo=1, routed)           2.163     3.003    design_1_i/usp_rf_data_converter_0/inst/i_axi_lite_ipif/I_SLAVE_ATTACHMENT/I_DECODER/dac1_common_stat[15]
    SLICE_X109Y107       LUT4 (Prop_F6LUT_SLICEM_I0_O)
                                                      0.098     3.101 f  design_1_i/usp_rf_data_converter_0/inst/i_axi_lite_ipif/I_SLAVE_ATTACHMENT/I_DECODER/IP2Bus_Data[15]_i_68/O
                         net (fo=1, routed)           0.041     3.142    design_1_i/usp_rf_data_converter_0/inst/i_axi_lite_ipif/I_SLAVE_ATTACHMENT/I_DECODER/IP2Bus_Data[15]_i_68_n_0
    SLICE_X109Y107       LUT5 (Prop_G6LUT_SLICEM_I3_O)
                                                      0.052     3.194 r  design_1_i/usp_rf_data_converter_0/inst/i_axi_lite_ipif/I_SLAVE_ATTACHMENT/I_DECODER/IP2Bus_Data[15]_i_33/O
                         net (fo=1, routed)           0.177     3.371    design_1_i/usp_rf_data_converter_0/inst/i_axi_lite_ipif/I_SLAVE_ATTACHMENT/I_DECODER/IP2Bus_Data[15]_i_33_n_0
    SLICE_X112Y108       LUT6 (Prop_G6LUT_SLICEM_I5_O)
                                                      0.052     3.423 r  design_1_i/usp_rf_data_converter_0/inst/i_axi_lite_ipif/I_SLAVE_ATTACHMENT/I_DECODER/IP2Bus_Data[15]_i_11/O
                         net (fo=1, routed)           0.045     3.468    design_1_i/usp_rf_data_converter_0/inst/i_axi_lite_ipif/I_SLAVE_ATTACHMENT/I_DECODER/IP2Bus_Data[15]_i_11_n_0
    SLICE_X112Y108       LUT6 (Prop_F6LUT_SLICEM_I5_O)
                                                      0.098     3.566 r  design_1_i/usp_rf_data_converter_0/inst/i_axi_lite_ipif/I_SLAVE_ATTACHMENT/I_DECODER/IP2Bus_Data[15]_i_2/O
                         net (fo=1, routed)           0.239     3.805    design_1_i/usp_rf_data_converter_0/inst/i_axi_lite_ipif/I_SLAVE_ATTACHMENT/I_DECODER/IP2Bus_Data[15]_i_2_n_0
    SLICE_X114Y105       LUT6 (Prop_C6LUT_SLICEL_I0_O)
                                                      0.050     3.855 r  design_1_i/usp_rf_data_converter_0/inst/i_axi_lite_ipif/I_SLAVE_ATTACHMENT/I_DECODER/IP2Bus_Data[15]_i_1/O
                         net (fo=1, routed)           0.050     3.905    design_1_i/usp_rf_data_converter_0/inst/i_axi_lite_ipif_n_69
    SLICE_X114Y105       FDRE                                         r  design_1_i/usp_rf_data_converter_0/inst/IP2Bus_Data_reg[15]/D
  -------------------------------------------------------------------    -------------------

                         (clock clk_pl_0 rise edge)
                                                      0.000     0.000 r  
    PS8_X0Y0             PS8                          0.000     0.000 r  design_1_i/zynq_ultra_ps_e_0/U0/PS8_i/PLCLK[0]
                         net (fo=1, routed)           0.157     0.157    design_1_i/zynq_ultra_ps_e_0/U0/pl_clk_unbuffered[0]
    BUFG_PS_X0Y58        BUFG_PS (Prop_BUFG_PS_I_O)
                                                      0.025     0.182 r  design_1_i/zynq_ultra_ps_e_0/U0/buffer_pl_clk_0.PL_CLK_0_BUFG/O
    X2Y2 (CLOCK_ROOT)    net (fo=6912, routed)        1.816     1.998    design_1_i/usp_rf_data_converter_0/inst/s_axi_aclk
    SLICE_X114Y105       FDRE                                         r  design_1_i/usp_rf_data_converter_0/inst/IP2Bus_Data_reg[15]/C

Slack:                    inf
  Source:                 design_1_i/usp_rf_data_converter_0/inst/design_1_usp_rf_data_converter_0_0_rf_wrapper_i/tx1_u_dac/INTERNAL_FBRC_MUX
                            (rising edge-triggered cell HSDAC clocked by RFDAC1_CLK  {rise@0.000ns fall@5.000ns period=10.000ns})
  Destination:            design_1_i/usp_rf_data_converter_0/inst/IP2Bus_Data_reg[9]/D
                            (rising edge-triggered cell FDRE clocked by clk_pl_0  {rise@0.000ns fall@5.156ns period=10.312ns})
  Path Group:             (none)
  Path Type:              Setup (Max at Slow Process Corner)
  Data Path Delay:        3.894ns  (logic 1.038ns (26.656%)  route 2.856ns (73.344%))
  Logic Levels:           5  (LUT4=1 LUT6=4)
  Clock Path Skew:        2.008ns (DCD - SCD + CPR)
    Destination Clock Delay (DCD):    2.008ns
    Source Clock Delay      (SCD):    0.000ns
    Clock Pessimism Removal (CPR):    0.000ns
  Clock Uncertainty:      0.159ns  ((TSJ^2 + DJ^2)^1/2) / 2 + PE
    Total System Jitter     (TSJ):    0.071ns
    Discrete Jitter          (DJ):    0.310ns
    Phase Error              (PE):    0.000ns
  Clock Net Delay (Destination): 1.826ns (routing 0.423ns, distribution 1.403ns)
  Timing Exception:       False Path

    Location             Delay type                Incr(ns)  Path(ns)    Netlist Resource(s)
  -------------------------------------------------------------------    -------------------
                         (clock RFDAC1_CLK rise edge)
                                                      0.000     0.000 r  
    HSDAC_X0Y1           HSDAC                        0.000     0.000 r  design_1_i/usp_rf_data_converter_0/inst/design_1_usp_rf_data_converter_0_0_rf_wrapper_i/tx1_u_dac/INTERNAL_FBRC_MUX
  -------------------------------------------------------------------    -------------------
    HSDAC_X0Y1           HSDAC (Prop_HSDAC_INTERNAL_FBRC_MUX_STATUS_COMMON[9])
                                                      0.674     0.674 r  design_1_i/usp_rf_data_converter_0/inst/design_1_usp_rf_data_converter_0_0_rf_wrapper_i/tx1_u_dac/STATUS_COMMON[9]
                         net (fo=1, routed)           2.249     2.923    design_1_i/usp_rf_data_converter_0/inst/i_axi_lite_ipif/I_SLAVE_ATTACHMENT/I_DECODER/dac1_common_stat[9]
    SLICE_X109Y108       LUT4 (Prop_A6LUT_SLICEM_I0_O)
                                                      0.100     3.023 f  design_1_i/usp_rf_data_converter_0/inst/i_axi_lite_ipif/I_SLAVE_ATTACHMENT/I_DECODER/IP2Bus_Data[9]_i_44/O
                         net (fo=1, routed)           0.042     3.065    design_1_i/usp_rf_data_converter_0/inst/i_axi_lite_ipif/I_SLAVE_ATTACHMENT/I_DECODER/IP2Bus_Data[9]_i_44_n_0
    SLICE_X109Y108       LUT6 (Prop_D6LUT_SLICEM_I2_O)
                                                      0.037     3.102 r  design_1_i/usp_rf_data_converter_0/inst/i_axi_lite_ipif/I_SLAVE_ATTACHMENT/I_DECODER/IP2Bus_Data[9]_i_30/O
                         net (fo=1, routed)           0.262     3.364    design_1_i/usp_rf_data_converter_0/inst/i_axi_lite_ipif/I_SLAVE_ATTACHMENT/I_DECODER/IP2Bus_Data[9]_i_30_n_0
    SLICE_X112Y111       LUT6 (Prop_E6LUT_SLICEM_I2_O)
                                                      0.037     3.401 f  design_1_i/usp_rf_data_converter_0/inst/i_axi_lite_ipif/I_SLAVE_ATTACHMENT/I_DECODER/IP2Bus_Data[9]_i_10/O
                         net (fo=1, routed)           0.139     3.540    design_1_i/usp_rf_data_converter_0/inst/i_axi_lite_ipif/I_SLAVE_ATTACHMENT/I_DECODER/IP2Bus_Data[9]_i_10_n_0
    SLICE_X112Y108       LUT6 (Prop_B6LUT_SLICEM_I5_O)
                                                      0.089     3.629 r  design_1_i/usp_rf_data_converter_0/inst/i_axi_lite_ipif/I_SLAVE_ATTACHMENT/I_DECODER/IP2Bus_Data[9]_i_2/O
                         net (fo=1, routed)           0.106     3.735    design_1_i/usp_rf_data_converter_0/inst/i_axi_lite_ipif/I_SLAVE_ATTACHMENT/I_DECODER/IP2Bus_Data[9]_i_2_n_0
    SLICE_X113Y108       LUT6 (Prop_H6LUT_SLICEM_I0_O)
                                                      0.101     3.836 r  design_1_i/usp_rf_data_converter_0/inst/i_axi_lite_ipif/I_SLAVE_ATTACHMENT/I_DECODER/IP2Bus_Data[9]_i_1/O
                         net (fo=1, routed)           0.058     3.894    design_1_i/usp_rf_data_converter_0/inst/i_axi_lite_ipif_n_75
    SLICE_X113Y108       FDRE                                         r  design_1_i/usp_rf_data_converter_0/inst/IP2Bus_Data_reg[9]/D
  -------------------------------------------------------------------    -------------------

                         (clock clk_pl_0 rise edge)
                                                      0.000     0.000 r  
    PS8_X0Y0             PS8                          0.000     0.000 r  design_1_i/zynq_ultra_ps_e_0/U0/PS8_i/PLCLK[0]
                         net (fo=1, routed)           0.157     0.157    design_1_i/zynq_ultra_ps_e_0/U0/pl_clk_unbuffered[0]
    BUFG_PS_X0Y58        BUFG_PS (Prop_BUFG_PS_I_O)
                                                      0.025     0.182 r  design_1_i/zynq_ultra_ps_e_0/U0/buffer_pl_clk_0.PL_CLK_0_BUFG/O
    X2Y2 (CLOCK_ROOT)    net (fo=6912, routed)        1.826     2.008    design_1_i/usp_rf_data_converter_0/inst/s_axi_aclk
    SLICE_X113Y108       FDRE                                         r  design_1_i/usp_rf_data_converter_0/inst/IP2Bus_Data_reg[9]/C

Slack:                    inf
  Source:                 design_1_i/usp_rf_data_converter_0/inst/design_1_usp_rf_data_converter_0_0_rf_wrapper_i/tx1_u_dac/INTERNAL_FBRC_MUX
                            (rising edge-triggered cell HSDAC clocked by RFDAC1_CLK  {rise@0.000ns fall@5.000ns period=10.000ns})
  Destination:            design_1_i/usp_rf_data_converter_0/inst/IP2Bus_Data_reg[12]/D
                            (rising edge-triggered cell FDRE clocked by clk_pl_0  {rise@0.000ns fall@5.156ns period=10.312ns})
  Path Group:             (none)
  Path Type:              Setup (Max at Slow Process Corner)
  Data Path Delay:        3.669ns  (logic 1.091ns (29.736%)  route 2.578ns (70.264%))
  Logic Levels:           4  (LUT5=1 LUT6=3)
  Clock Path Skew:        2.003ns (DCD - SCD + CPR)
    Destination Clock Delay (DCD):    2.003ns
    Source Clock Delay      (SCD):    0.000ns
    Clock Pessimism Removal (CPR):    0.000ns
  Clock Uncertainty:      0.159ns  ((TSJ^2 + DJ^2)^1/2) / 2 + PE
    Total System Jitter     (TSJ):    0.071ns
    Discrete Jitter          (DJ):    0.310ns
    Phase Error              (PE):    0.000ns
  Clock Net Delay (Destination): 1.821ns (routing 0.423ns, distribution 1.398ns)
  Timing Exception:       False Path

    Location             Delay type                Incr(ns)  Path(ns)    Netlist Resource(s)
  -------------------------------------------------------------------    -------------------
                         (clock RFDAC1_CLK rise edge)
                                                      0.000     0.000 r  
    HSDAC_X0Y1           HSDAC                        0.000     0.000 r  design_1_i/usp_rf_data_converter_0/inst/design_1_usp_rf_data_converter_0_0_rf_wrapper_i/tx1_u_dac/INTERNAL_FBRC_MUX
  -------------------------------------------------------------------    -------------------
    HSDAC_X0Y1           HSDAC (Prop_HSDAC_INTERNAL_FBRC_MUX_STATUS_COMMON[12])
                                                      0.759     0.759 r  design_1_i/usp_rf_data_converter_0/inst/design_1_usp_rf_data_converter_0_0_rf_wrapper_i/tx1_u_dac/STATUS_COMMON[12]
                         net (fo=1, routed)           2.065     2.824    design_1_i/usp_rf_data_converter_0/inst/i_axi_lite_ipif/I_SLAVE_ATTACHMENT/I_DECODER/dac1_common_stat[12]
    SLICE_X110Y112       LUT5 (Prop_A6LUT_SLICEM_I4_O)
                                                      0.090     2.914 r  design_1_i/usp_rf_data_converter_0/inst/i_axi_lite_ipif/I_SLAVE_ATTACHMENT/I_DECODER/IP2Bus_Data[12]_i_34/O
                         net (fo=1, routed)           0.043     2.957    design_1_i/usp_rf_data_converter_0/inst/i_axi_lite_ipif/I_SLAVE_ATTACHMENT/I_DECODER/IP2Bus_Data[12]_i_34_n_0
    SLICE_X110Y112       LUT6 (Prop_C6LUT_SLICEM_I5_O)
                                                      0.037     2.994 f  design_1_i/usp_rf_data_converter_0/inst/i_axi_lite_ipif/I_SLAVE_ATTACHMENT/I_DECODER/IP2Bus_Data[12]_i_18/O
                         net (fo=1, routed)           0.127     3.121    design_1_i/usp_rf_data_converter_0/inst/i_axi_lite_ipif/I_SLAVE_ATTACHMENT/I_DECODER/IP2Bus_Data[12]_i_18_n_0
    SLICE_X112Y112       LUT6 (Prop_H6LUT_SLICEM_I2_O)
                                                      0.152     3.273 r  design_1_i/usp_rf_data_converter_0/inst/i_axi_lite_ipif/I_SLAVE_ATTACHMENT/I_DECODER/IP2Bus_Data[12]_i_5/O
                         net (fo=1, routed)           0.290     3.563    design_1_i/usp_rf_data_converter_0/inst/i_axi_lite_ipif/I_SLAVE_ATTACHMENT/I_DECODER/IP2Bus_Data[12]_i_5_n_0
    SLICE_X113Y106       LUT6 (Prop_A6LUT_SLICEM_I3_O)
                                                      0.053     3.616 r  design_1_i/usp_rf_data_converter_0/inst/i_axi_lite_ipif/I_SLAVE_ATTACHMENT/I_DECODER/IP2Bus_Data[12]_i_1/O
                         net (fo=1, routed)           0.053     3.669    design_1_i/usp_rf_data_converter_0/inst/i_axi_lite_ipif_n_72
    SLICE_X113Y106       FDRE                                         r  design_1_i/usp_rf_data_converter_0/inst/IP2Bus_Data_reg[12]/D
  -------------------------------------------------------------------    -------------------

                         (clock clk_pl_0 rise edge)
                                                      0.000     0.000 r  
    PS8_X0Y0             PS8                          0.000     0.000 r  design_1_i/zynq_ultra_ps_e_0/U0/PS8_i/PLCLK[0]
                         net (fo=1, routed)           0.157     0.157    design_1_i/zynq_ultra_ps_e_0/U0/pl_clk_unbuffered[0]
    BUFG_PS_X0Y58        BUFG_PS (Prop_BUFG_PS_I_O)
                                                      0.025     0.182 r  design_1_i/zynq_ultra_ps_e_0/U0/buffer_pl_clk_0.PL_CLK_0_BUFG/O
    X2Y2 (CLOCK_ROOT)    net (fo=6912, routed)        1.821     2.003    design_1_i/usp_rf_data_converter_0/inst/s_axi_aclk
    SLICE_X113Y106       FDRE                                         r  design_1_i/usp_rf_data_converter_0/inst/IP2Bus_Data_reg[12]/C

Slack:                    inf
  Source:                 design_1_i/usp_rf_data_converter_0/inst/design_1_usp_rf_data_converter_0_0_rf_wrapper_i/tx1_u_dac/INTERNAL_FBRC_MUX
                            (rising edge-triggered cell HSDAC clocked by RFDAC1_CLK  {rise@0.000ns fall@5.000ns period=10.000ns})
  Destination:            design_1_i/usp_rf_data_converter_0/inst/IP2Bus_Data_reg[10]/D
                            (rising edge-triggered cell FDRE clocked by clk_pl_0  {rise@0.000ns fall@5.156ns period=10.312ns})
  Path Group:             (none)
  Path Type:              Setup (Max at Slow Process Corner)
  Data Path Delay:        3.643ns  (logic 1.157ns (31.760%)  route 2.486ns (68.240%))
  Logic Levels:           4  (LUT5=1 LUT6=3)
  Clock Path Skew:        2.003ns (DCD - SCD + CPR)
    Destination Clock Delay (DCD):    2.003ns
    Source Clock Delay      (SCD):    0.000ns
    Clock Pessimism Removal (CPR):    0.000ns
  Clock Uncertainty:      0.159ns  ((TSJ^2 + DJ^2)^1/2) / 2 + PE
    Total System Jitter     (TSJ):    0.071ns
    Discrete Jitter          (DJ):    0.310ns
    Phase Error              (PE):    0.000ns
  Clock Net Delay (Destination): 1.821ns (routing 0.423ns, distribution 1.398ns)
  Timing Exception:       False Path

    Location             Delay type                Incr(ns)  Path(ns)    Netlist Resource(s)
  -------------------------------------------------------------------    -------------------
                         (clock RFDAC1_CLK rise edge)
                                                      0.000     0.000 r  
    HSDAC_X0Y1           HSDAC                        0.000     0.000 r  design_1_i/usp_rf_data_converter_0/inst/design_1_usp_rf_data_converter_0_0_rf_wrapper_i/tx1_u_dac/INTERNAL_FBRC_MUX
  -------------------------------------------------------------------    -------------------
    HSDAC_X0Y1           HSDAC (Prop_HSDAC_INTERNAL_FBRC_MUX_STATUS_COMMON[10])
                                                      0.753     0.753 r  design_1_i/usp_rf_data_converter_0/inst/design_1_usp_rf_data_converter_0_0_rf_wrapper_i/tx1_u_dac/STATUS_COMMON[10]
                         net (fo=1, routed)           2.090     2.843    design_1_i/usp_rf_data_converter_0/inst/i_axi_lite_ipif/I_SLAVE_ATTACHMENT/I_DECODER/dac1_common_stat[10]
    SLICE_X110Y112       LUT5 (Prop_B6LUT_SLICEM_I4_O)
                                                      0.052     2.895 r  design_1_i/usp_rf_data_converter_0/inst/i_axi_lite_ipif/I_SLAVE_ATTACHMENT/I_DECODER/IP2Bus_Data[10]_i_16/O
                         net (fo=1, routed)           0.048     2.943    design_1_i/usp_rf_data_converter_0/inst/i_axi_lite_ipif/I_SLAVE_ATTACHMENT/I_DECODER/IP2Bus_Data[10]_i_16_n_0
    SLICE_X110Y112       LUT6 (Prop_H6LUT_SLICEM_I5_O)
                                                      0.101     3.044 f  design_1_i/usp_rf_data_converter_0/inst/i_axi_lite_ipif/I_SLAVE_ATTACHMENT/I_DECODER/IP2Bus_Data[10]_i_9/O
                         net (fo=1, routed)           0.182     3.226    design_1_i/usp_rf_data_converter_0/inst/i_axi_lite_ipif/I_SLAVE_ATTACHMENT/I_DECODER/IP2Bus_Data[10]_i_9_n_0
    SLICE_X110Y113       LUT6 (Prop_H6LUT_SLICEM_I4_O)
                                                      0.152     3.378 r  design_1_i/usp_rf_data_converter_0/inst/i_axi_lite_ipif/I_SLAVE_ATTACHMENT/I_DECODER/IP2Bus_Data[10]_i_3/O
                         net (fo=1, routed)           0.094     3.472    design_1_i/usp_rf_data_converter_0/inst/i_axi_lite_ipif/I_SLAVE_ATTACHMENT/I_DECODER/IP2Bus_Data[10]_i_3_n_0
    SLICE_X110Y113       LUT6 (Prop_D6LUT_SLICEM_I1_O)
                                                      0.099     3.571 r  design_1_i/usp_rf_data_converter_0/inst/i_axi_lite_ipif/I_SLAVE_ATTACHMENT/I_DECODER/IP2Bus_Data[10]_i_1/O
                         net (fo=1, routed)           0.072     3.643    design_1_i/usp_rf_data_converter_0/inst/i_axi_lite_ipif_n_74
    SLICE_X110Y113       FDRE                                         r  design_1_i/usp_rf_data_converter_0/inst/IP2Bus_Data_reg[10]/D
  -------------------------------------------------------------------    -------------------

                         (clock clk_pl_0 rise edge)
                                                      0.000     0.000 r  
    PS8_X0Y0             PS8                          0.000     0.000 r  design_1_i/zynq_ultra_ps_e_0/U0/PS8_i/PLCLK[0]
                         net (fo=1, routed)           0.157     0.157    design_1_i/zynq_ultra_ps_e_0/U0/pl_clk_unbuffered[0]
    BUFG_PS_X0Y58        BUFG_PS (Prop_BUFG_PS_I_O)
                                                      0.025     0.182 r  design_1_i/zynq_ultra_ps_e_0/U0/buffer_pl_clk_0.PL_CLK_0_BUFG/O
    X2Y2 (CLOCK_ROOT)    net (fo=6912, routed)        1.821     2.003    design_1_i/usp_rf_data_converter_0/inst/s_axi_aclk
    SLICE_X110Y113       FDRE                                         r  design_1_i/usp_rf_data_converter_0/inst/IP2Bus_Data_reg[10]/C

Slack:                    inf
  Source:                 design_1_i/usp_rf_data_converter_0/inst/design_1_usp_rf_data_converter_0_0_rf_wrapper_i/tx1_u_dac/INTERNAL_FBRC_MUX
                            (rising edge-triggered cell HSDAC clocked by RFDAC1_CLK  {rise@0.000ns fall@5.000ns period=10.000ns})
  Destination:            design_1_i/usp_rf_data_converter_0/inst/IP2Bus_Data_reg[8]/D
                            (rising edge-triggered cell FDRE clocked by clk_pl_0  {rise@0.000ns fall@5.156ns period=10.312ns})
  Path Group:             (none)
  Path Type:              Setup (Max at Slow Process Corner)
  Data Path Delay:        3.509ns  (logic 0.984ns (28.042%)  route 2.525ns (71.958%))
  Logic Levels:           4  (LUT5=1 LUT6=3)
  Clock Path Skew:        1.995ns (DCD - SCD + CPR)
    Destination Clock Delay (DCD):    1.995ns
    Source Clock Delay      (SCD):    0.000ns
    Clock Pessimism Removal (CPR):    0.000ns
  Clock Uncertainty:      0.159ns  ((TSJ^2 + DJ^2)^1/2) / 2 + PE
    Total System Jitter     (TSJ):    0.071ns
    Discrete Jitter          (DJ):    0.310ns
    Phase Error              (PE):    0.000ns
  Clock Net Delay (Destination): 1.813ns (routing 0.423ns, distribution 1.390ns)
  Timing Exception:       False Path

    Location             Delay type                Incr(ns)  Path(ns)    Netlist Resource(s)
  -------------------------------------------------------------------    -------------------
                         (clock RFDAC1_CLK rise edge)
                                                      0.000     0.000 r  
    HSDAC_X0Y1           HSDAC                        0.000     0.000 r  design_1_i/usp_rf_data_converter_0/inst/design_1_usp_rf_data_converter_0_0_rf_wrapper_i/tx1_u_dac/INTERNAL_FBRC_MUX
  -------------------------------------------------------------------    -------------------
    HSDAC_X0Y1           HSDAC (Prop_HSDAC_INTERNAL_FBRC_MUX_STATUS_COMMON[8])
                                                      0.731     0.731 r  design_1_i/usp_rf_data_converter_0/inst/design_1_usp_rf_data_converter_0_0_rf_wrapper_i/tx1_u_dac/STATUS_COMMON[8]
                         net (fo=1, routed)           2.060     2.791    design_1_i/usp_rf_data_converter_0/inst/i_axi_lite_ipif/I_SLAVE_ATTACHMENT/I_DECODER/dac1_common_stat[8]
    SLICE_X112Y112       LUT5 (Prop_C6LUT_SLICEM_I4_O)
                                                      0.037     2.828 r  design_1_i/usp_rf_data_converter_0/inst/i_axi_lite_ipif/I_SLAVE_ATTACHMENT/I_DECODER/IP2Bus_Data[8]_i_27/O
                         net (fo=1, routed)           0.165     2.993    design_1_i/usp_rf_data_converter_0/inst/i_axi_lite_ipif/I_SLAVE_ATTACHMENT/I_DECODER/IP2Bus_Data[8]_i_27_n_0
    SLICE_X111Y112       LUT6 (Prop_G6LUT_SLICEL_I5_O)
                                                      0.089     3.082 f  design_1_i/usp_rf_data_converter_0/inst/i_axi_lite_ipif/I_SLAVE_ATTACHMENT/I_DECODER/IP2Bus_Data[8]_i_14/O
                         net (fo=1, routed)           0.191     3.273    design_1_i/usp_rf_data_converter_0/inst/i_axi_lite_ipif/I_SLAVE_ATTACHMENT/I_DECODER/IP2Bus_Data[8]_i_14_n_0
    SLICE_X112Y113       LUT6 (Prop_A6LUT_SLICEM_I4_O)
                                                      0.090     3.363 r  design_1_i/usp_rf_data_converter_0/inst/i_axi_lite_ipif/I_SLAVE_ATTACHMENT/I_DECODER/IP2Bus_Data[8]_i_4/O
                         net (fo=1, routed)           0.043     3.406    design_1_i/usp_rf_data_converter_0/inst/i_axi_lite_ipif/I_SLAVE_ATTACHMENT/I_DECODER/IP2Bus_Data[8]_i_4_n_0
    SLICE_X112Y113       LUT6 (Prop_C6LUT_SLICEM_I3_O)
                                                      0.037     3.443 r  design_1_i/usp_rf_data_converter_0/inst/i_axi_lite_ipif/I_SLAVE_ATTACHMENT/I_DECODER/IP2Bus_Data[8]_i_1/O
                         net (fo=1, routed)           0.066     3.509    design_1_i/usp_rf_data_converter_0/inst/i_axi_lite_ipif_n_76
    SLICE_X112Y113       FDRE                                         r  design_1_i/usp_rf_data_converter_0/inst/IP2Bus_Data_reg[8]/D
  -------------------------------------------------------------------    -------------------

                         (clock clk_pl_0 rise edge)
                                                      0.000     0.000 r  
    PS8_X0Y0             PS8                          0.000     0.000 r  design_1_i/zynq_ultra_ps_e_0/U0/PS8_i/PLCLK[0]
                         net (fo=1, routed)           0.157     0.157    design_1_i/zynq_ultra_ps_e_0/U0/pl_clk_unbuffered[0]
    BUFG_PS_X0Y58        BUFG_PS (Prop_BUFG_PS_I_O)
                                                      0.025     0.182 r  design_1_i/zynq_ultra_ps_e_0/U0/buffer_pl_clk_0.PL_CLK_0_BUFG/O
    X2Y2 (CLOCK_ROOT)    net (fo=6912, routed)        1.813     1.995    design_1_i/usp_rf_data_converter_0/inst/s_axi_aclk
    SLICE_X112Y113       FDRE                                         r  design_1_i/usp_rf_data_converter_0/inst/IP2Bus_Data_reg[8]/C

Slack:                    inf
  Source:                 design_1_i/usp_rf_data_converter_0/inst/design_1_usp_rf_data_converter_0_0_rf_wrapper_i/tx1_u_dac/INTERNAL_FBRC_MUX
                            (rising edge-triggered cell HSDAC clocked by RFDAC1_CLK  {rise@0.000ns fall@5.000ns period=10.000ns})
  Destination:            design_1_i/usp_rf_data_converter_0/inst/IP2Bus_Data_reg[11]/D
                            (rising edge-triggered cell FDRE clocked by clk_pl_0  {rise@0.000ns fall@5.156ns period=10.312ns})
  Path Group:             (none)
  Path Type:              Setup (Max at Slow Process Corner)
  Data Path Delay:        3.404ns  (logic 1.098ns (32.256%)  route 2.306ns (67.744%))
  Logic Levels:           3  (LUT6=3)
  Clock Path Skew:        2.003ns (DCD - SCD + CPR)
    Destination Clock Delay (DCD):    2.003ns
    Source Clock Delay      (SCD):    0.000ns
    Clock Pessimism Removal (CPR):    0.000ns
  Clock Uncertainty:      0.159ns  ((TSJ^2 + DJ^2)^1/2) / 2 + PE
    Total System Jitter     (TSJ):    0.071ns
    Discrete Jitter          (DJ):    0.310ns
    Phase Error              (PE):    0.000ns
  Clock Net Delay (Destination): 1.821ns (routing 0.423ns, distribution 1.398ns)
  Timing Exception:       False Path

    Location             Delay type                Incr(ns)  Path(ns)    Netlist Resource(s)
  -------------------------------------------------------------------    -------------------
                         (clock RFDAC1_CLK rise edge)
                                                      0.000     0.000 r  
    HSDAC_X0Y1           HSDAC                        0.000     0.000 r  design_1_i/usp_rf_data_converter_0/inst/design_1_usp_rf_data_converter_0_0_rf_wrapper_i/tx1_u_dac/INTERNAL_FBRC_MUX
  -------------------------------------------------------------------    -------------------
    HSDAC_X0Y1           HSDAC (Prop_HSDAC_INTERNAL_FBRC_MUX_STATUS_COMMON[11])
                                                      0.753     0.753 r  design_1_i/usp_rf_data_converter_0/inst/design_1_usp_rf_data_converter_0_0_rf_wrapper_i/tx1_u_dac/STATUS_COMMON[11]
                         net (fo=1, routed)           2.100     2.853    design_1_i/usp_rf_data_converter_0/inst/i_axi_lite_ipif/I_SLAVE_ATTACHMENT/I_DECODER/dac1_common_stat[11]
    SLICE_X110Y112       LUT6 (Prop_D6LUT_SLICEM_I0_O)
                                                      0.122     2.975 r  design_1_i/usp_rf_data_converter_0/inst/i_axi_lite_ipif/I_SLAVE_ATTACHMENT/I_DECODER/IP2Bus_Data[11]_i_17/O
                         net (fo=1, routed)           0.087     3.062    design_1_i/usp_rf_data_converter_0/inst/i_axi_lite_ipif/I_SLAVE_ATTACHMENT/I_DECODER/IP2Bus_Data[11]_i_17_n_0
    SLICE_X110Y113       LUT6 (Prop_G6LUT_SLICEM_I4_O)
                                                      0.100     3.162 r  design_1_i/usp_rf_data_converter_0/inst/i_axi_lite_ipif/I_SLAVE_ATTACHMENT/I_DECODER/IP2Bus_Data[11]_i_4/O
                         net (fo=1, routed)           0.053     3.215    design_1_i/usp_rf_data_converter_0/inst/i_axi_lite_ipif/I_SLAVE_ATTACHMENT/I_DECODER/IP2Bus_Data[11]_i_4_n_0
    SLICE_X110Y113       LUT6 (Prop_C6LUT_SLICEM_I3_O)
                                                      0.123     3.338 r  design_1_i/usp_rf_data_converter_0/inst/i_axi_lite_ipif/I_SLAVE_ATTACHMENT/I_DECODER/IP2Bus_Data[11]_i_1/O
                         net (fo=1, routed)           0.066     3.404    design_1_i/usp_rf_data_converter_0/inst/i_axi_lite_ipif_n_73
    SLICE_X110Y113       FDRE                                         r  design_1_i/usp_rf_data_converter_0/inst/IP2Bus_Data_reg[11]/D
  -------------------------------------------------------------------    -------------------

                         (clock clk_pl_0 rise edge)
                                                      0.000     0.000 r  
    PS8_X0Y0             PS8                          0.000     0.000 r  design_1_i/zynq_ultra_ps_e_0/U0/PS8_i/PLCLK[0]
                         net (fo=1, routed)           0.157     0.157    design_1_i/zynq_ultra_ps_e_0/U0/pl_clk_unbuffered[0]
    BUFG_PS_X0Y58        BUFG_PS (Prop_BUFG_PS_I_O)
                                                      0.025     0.182 r  design_1_i/zynq_ultra_ps_e_0/U0/buffer_pl_clk_0.PL_CLK_0_BUFG/O
    X2Y2 (CLOCK_ROOT)    net (fo=6912, routed)        1.821     2.003    design_1_i/usp_rf_data_converter_0/inst/s_axi_aclk
    SLICE_X110Y113       FDRE                                         r  design_1_i/usp_rf_data_converter_0/inst/IP2Bus_Data_reg[11]/C





Min Delay Paths
--------------------------------------------------------------------------------------
Slack:                    inf
  Source:                 design_1_i/usp_rf_data_converter_0/inst/design_1_usp_rf_data_converter_0_0_rf_wrapper_i/tx1_u_dac/INTERNAL_FBRC_MUX
                            (rising edge-triggered cell HSDAC clocked by RFDAC1_CLK  {rise@0.000ns fall@5.000ns period=10.000ns})
  Destination:            design_1_i/usp_rf_data_converter_0/inst/IP2Bus_Data_reg[11]/D
                            (rising edge-triggered cell FDRE clocked by clk_pl_0  {rise@0.000ns fall@5.156ns period=10.312ns})
  Path Group:             (none)
  Path Type:              Hold (Min at Fast Process Corner)
  Data Path Delay:        1.669ns  (logic 0.507ns (30.377%)  route 1.162ns (69.623%))
  Logic Levels:           3  (LUT6=3)
  Clock Path Skew:        1.414ns (DCD - SCD - CPR)
    Destination Clock Delay (DCD):    1.414ns
    Source Clock Delay      (SCD):    0.000ns
    Clock Pessimism Removal (CPR):    -0.000ns
  Clock Uncertainty:      0.159ns  ((TSJ^2 + DJ^2)^1/2) / 2 + PE
    Total System Jitter     (TSJ):    0.071ns
    Discrete Jitter          (DJ):    0.310ns
    Phase Error              (PE):    0.000ns
  Clock Net Delay (Destination): 1.267ns (routing 0.282ns, distribution 0.985ns)
  Timing Exception:       False Path

    Location             Delay type                Incr(ns)  Path(ns)    Netlist Resource(s)
  -------------------------------------------------------------------    -------------------
                         (clock RFDAC1_CLK rise edge)
                                                      0.000     0.000 r  
    HSDAC_X0Y1           HSDAC                        0.000     0.000 r  design_1_i/usp_rf_data_converter_0/inst/design_1_usp_rf_data_converter_0_0_rf_wrapper_i/tx1_u_dac/INTERNAL_FBRC_MUX
  -------------------------------------------------------------------    -------------------
    HSDAC_X0Y1           HSDAC (Prop_HSDAC_INTERNAL_FBRC_MUX_STATUS_COMMON[11])
                                                      0.367     0.367 r  design_1_i/usp_rf_data_converter_0/inst/design_1_usp_rf_data_converter_0_0_rf_wrapper_i/tx1_u_dac/STATUS_COMMON[11]
                         net (fo=1, routed)           1.061     1.428    design_1_i/usp_rf_data_converter_0/inst/i_axi_lite_ipif/I_SLAVE_ATTACHMENT/I_DECODER/dac1_common_stat[11]
    SLICE_X110Y112       LUT6 (Prop_D6LUT_SLICEM_I0_O)
                                                      0.050     1.478 r  design_1_i/usp_rf_data_converter_0/inst/i_axi_lite_ipif/I_SLAVE_ATTACHMENT/I_DECODER/IP2Bus_Data[11]_i_17/O
                         net (fo=1, routed)           0.048     1.526    design_1_i/usp_rf_data_converter_0/inst/i_axi_lite_ipif/I_SLAVE_ATTACHMENT/I_DECODER/IP2Bus_Data[11]_i_17_n_0
    SLICE_X110Y113       LUT6 (Prop_G6LUT_SLICEM_I4_O)
                                                      0.040     1.566 r  design_1_i/usp_rf_data_converter_0/inst/i_axi_lite_ipif/I_SLAVE_ATTACHMENT/I_DECODER/IP2Bus_Data[11]_i_4/O
                         net (fo=1, routed)           0.029     1.595    design_1_i/usp_rf_data_converter_0/inst/i_axi_lite_ipif/I_SLAVE_ATTACHMENT/I_DECODER/IP2Bus_Data[11]_i_4_n_0
    SLICE_X110Y113       LUT6 (Prop_C6LUT_SLICEM_I3_O)
                                                      0.050     1.645 r  design_1_i/usp_rf_data_converter_0/inst/i_axi_lite_ipif/I_SLAVE_ATTACHMENT/I_DECODER/IP2Bus_Data[11]_i_1/O
                         net (fo=1, routed)           0.024     1.669    design_1_i/usp_rf_data_converter_0/inst/i_axi_lite_ipif_n_73
    SLICE_X110Y113       FDRE                                         r  design_1_i/usp_rf_data_converter_0/inst/IP2Bus_Data_reg[11]/D
  -------------------------------------------------------------------    -------------------

                         (clock clk_pl_0 rise edge)
                                                      0.000     0.000 r  
    PS8_X0Y0             PS8                          0.000     0.000 r  design_1_i/zynq_ultra_ps_e_0/U0/PS8_i/PLCLK[0]
                         net (fo=1, routed)           0.129     0.129    design_1_i/zynq_ultra_ps_e_0/U0/pl_clk_unbuffered[0]
    BUFG_PS_X0Y58        BUFG_PS (Prop_BUFG_PS_I_O)
                                                      0.018     0.147 r  design_1_i/zynq_ultra_ps_e_0/U0/buffer_pl_clk_0.PL_CLK_0_BUFG/O
    X2Y2 (CLOCK_ROOT)    net (fo=6912, routed)        1.267     1.414    design_1_i/usp_rf_data_converter_0/inst/s_axi_aclk
    SLICE_X110Y113       FDRE                                         r  design_1_i/usp_rf_data_converter_0/inst/IP2Bus_Data_reg[11]/C

Slack:                    inf
  Source:                 design_1_i/usp_rf_data_converter_0/inst/design_1_usp_rf_data_converter_0_0_rf_wrapper_i/tx1_u_dac/INTERNAL_FBRC_MUX
                            (rising edge-triggered cell HSDAC clocked by RFDAC1_CLK  {rise@0.000ns fall@5.000ns period=10.000ns})
  Destination:            design_1_i/usp_rf_data_converter_0/inst/IP2Bus_Data_reg[8]/D
                            (rising edge-triggered cell FDRE clocked by clk_pl_0  {rise@0.000ns fall@5.156ns period=10.312ns})
  Path Group:             (none)
  Path Type:              Hold (Min at Fast Process Corner)
  Data Path Delay:        1.750ns  (logic 0.480ns (27.429%)  route 1.270ns (72.571%))
  Logic Levels:           4  (LUT5=1 LUT6=3)
  Clock Path Skew:        1.407ns (DCD - SCD - CPR)
    Destination Clock Delay (DCD):    1.407ns
    Source Clock Delay      (SCD):    0.000ns
    Clock Pessimism Removal (CPR):    -0.000ns
  Clock Uncertainty:      0.159ns  ((TSJ^2 + DJ^2)^1/2) / 2 + PE
    Total System Jitter     (TSJ):    0.071ns
    Discrete Jitter          (DJ):    0.310ns
    Phase Error              (PE):    0.000ns
  Clock Net Delay (Destination): 1.260ns (routing 0.282ns, distribution 0.978ns)
  Timing Exception:       False Path

    Location             Delay type                Incr(ns)  Path(ns)    Netlist Resource(s)
  -------------------------------------------------------------------    -------------------
                         (clock RFDAC1_CLK rise edge)
                                                      0.000     0.000 r  
    HSDAC_X0Y1           HSDAC                        0.000     0.000 r  design_1_i/usp_rf_data_converter_0/inst/design_1_usp_rf_data_converter_0_0_rf_wrapper_i/tx1_u_dac/INTERNAL_FBRC_MUX
  -------------------------------------------------------------------    -------------------
    HSDAC_X0Y1           HSDAC (Prop_HSDAC_INTERNAL_FBRC_MUX_STATUS_COMMON[8])
                                                      0.382     0.382 r  design_1_i/usp_rf_data_converter_0/inst/design_1_usp_rf_data_converter_0_0_rf_wrapper_i/tx1_u_dac/STATUS_COMMON[8]
                         net (fo=1, routed)           1.043     1.425    design_1_i/usp_rf_data_converter_0/inst/i_axi_lite_ipif/I_SLAVE_ATTACHMENT/I_DECODER/dac1_common_stat[8]
    SLICE_X112Y112       LUT5 (Prop_C6LUT_SLICEM_I4_O)
                                                      0.014     1.439 r  design_1_i/usp_rf_data_converter_0/inst/i_axi_lite_ipif/I_SLAVE_ATTACHMENT/I_DECODER/IP2Bus_Data[8]_i_27/O
                         net (fo=1, routed)           0.083     1.522    design_1_i/usp_rf_data_converter_0/inst/i_axi_lite_ipif/I_SLAVE_ATTACHMENT/I_DECODER/IP2Bus_Data[8]_i_27_n_0
    SLICE_X111Y112       LUT6 (Prop_G6LUT_SLICEL_I5_O)
                                                      0.035     1.557 f  design_1_i/usp_rf_data_converter_0/inst/i_axi_lite_ipif/I_SLAVE_ATTACHMENT/I_DECODER/IP2Bus_Data[8]_i_14/O
                         net (fo=1, routed)           0.096     1.653    design_1_i/usp_rf_data_converter_0/inst/i_axi_lite_ipif/I_SLAVE_ATTACHMENT/I_DECODER/IP2Bus_Data[8]_i_14_n_0
    SLICE_X112Y113       LUT6 (Prop_A6LUT_SLICEM_I4_O)
                                                      0.035     1.688 r  design_1_i/usp_rf_data_converter_0/inst/i_axi_lite_ipif/I_SLAVE_ATTACHMENT/I_DECODER/IP2Bus_Data[8]_i_4/O
                         net (fo=1, routed)           0.024     1.712    design_1_i/usp_rf_data_converter_0/inst/i_axi_lite_ipif/I_SLAVE_ATTACHMENT/I_DECODER/IP2Bus_Data[8]_i_4_n_0
    SLICE_X112Y113       LUT6 (Prop_C6LUT_SLICEM_I3_O)
                                                      0.014     1.726 r  design_1_i/usp_rf_data_converter_0/inst/i_axi_lite_ipif/I_SLAVE_ATTACHMENT/I_DECODER/IP2Bus_Data[8]_i_1/O
                         net (fo=1, routed)           0.024     1.750    design_1_i/usp_rf_data_converter_0/inst/i_axi_lite_ipif_n_76
    SLICE_X112Y113       FDRE                                         r  design_1_i/usp_rf_data_converter_0/inst/IP2Bus_Data_reg[8]/D
  -------------------------------------------------------------------    -------------------

                         (clock clk_pl_0 rise edge)
                                                      0.000     0.000 r  
    PS8_X0Y0             PS8                          0.000     0.000 r  design_1_i/zynq_ultra_ps_e_0/U0/PS8_i/PLCLK[0]
                         net (fo=1, routed)           0.129     0.129    design_1_i/zynq_ultra_ps_e_0/U0/pl_clk_unbuffered[0]
    BUFG_PS_X0Y58        BUFG_PS (Prop_BUFG_PS_I_O)
                                                      0.018     0.147 r  design_1_i/zynq_ultra_ps_e_0/U0/buffer_pl_clk_0.PL_CLK_0_BUFG/O
    X2Y2 (CLOCK_ROOT)    net (fo=6912, routed)        1.260     1.407    design_1_i/usp_rf_data_converter_0/inst/s_axi_aclk
    SLICE_X112Y113       FDRE                                         r  design_1_i/usp_rf_data_converter_0/inst/IP2Bus_Data_reg[8]/C

Slack:                    inf
  Source:                 design_1_i/usp_rf_data_converter_0/inst/design_1_usp_rf_data_converter_0_0_rf_wrapper_i/tx1_u_dac/INTERNAL_FBRC_MUX
                            (rising edge-triggered cell HSDAC clocked by RFDAC1_CLK  {rise@0.000ns fall@5.000ns period=10.000ns})
  Destination:            design_1_i/usp_rf_data_converter_0/inst/IP2Bus_Data_reg[10]/D
                            (rising edge-triggered cell FDRE clocked by clk_pl_0  {rise@0.000ns fall@5.156ns period=10.312ns})
  Path Group:             (none)
  Path Type:              Hold (Min at Fast Process Corner)
  Data Path Delay:        1.788ns  (logic 0.540ns (30.201%)  route 1.248ns (69.799%))
  Logic Levels:           4  (LUT5=1 LUT6=3)
  Clock Path Skew:        1.414ns (DCD - SCD - CPR)
    Destination Clock Delay (DCD):    1.414ns
    Source Clock Delay      (SCD):    0.000ns
    Clock Pessimism Removal (CPR):    -0.000ns
  Clock Uncertainty:      0.159ns  ((TSJ^2 + DJ^2)^1/2) / 2 + PE
    Total System Jitter     (TSJ):    0.071ns
    Discrete Jitter          (DJ):    0.310ns
    Phase Error              (PE):    0.000ns
  Clock Net Delay (Destination): 1.267ns (routing 0.282ns, distribution 0.985ns)
  Timing Exception:       False Path

    Location             Delay type                Incr(ns)  Path(ns)    Netlist Resource(s)
  -------------------------------------------------------------------    -------------------
                         (clock RFDAC1_CLK rise edge)
                                                      0.000     0.000 r  
    HSDAC_X0Y1           HSDAC                        0.000     0.000 r  design_1_i/usp_rf_data_converter_0/inst/design_1_usp_rf_data_converter_0_0_rf_wrapper_i/tx1_u_dac/INTERNAL_FBRC_MUX
  -------------------------------------------------------------------    -------------------
    HSDAC_X0Y1           HSDAC (Prop_HSDAC_INTERNAL_FBRC_MUX_STATUS_COMMON[10])
                                                      0.375     0.375 r  design_1_i/usp_rf_data_converter_0/inst/design_1_usp_rf_data_converter_0_0_rf_wrapper_i/tx1_u_dac/STATUS_COMMON[10]
                         net (fo=1, routed)           1.052     1.427    design_1_i/usp_rf_data_converter_0/inst/i_axi_lite_ipif/I_SLAVE_ATTACHMENT/I_DECODER/dac1_common_stat[10]
    SLICE_X110Y112       LUT5 (Prop_B6LUT_SLICEM_I4_O)
                                                      0.022     1.449 r  design_1_i/usp_rf_data_converter_0/inst/i_axi_lite_ipif/I_SLAVE_ATTACHMENT/I_DECODER/IP2Bus_Data[10]_i_16/O
                         net (fo=1, routed)           0.027     1.476    design_1_i/usp_rf_data_converter_0/inst/i_axi_lite_ipif/I_SLAVE_ATTACHMENT/I_DECODER/IP2Bus_Data[10]_i_16_n_0
    SLICE_X110Y112       LUT6 (Prop_H6LUT_SLICEM_I5_O)
                                                      0.041     1.517 f  design_1_i/usp_rf_data_converter_0/inst/i_axi_lite_ipif/I_SLAVE_ATTACHMENT/I_DECODER/IP2Bus_Data[10]_i_9/O
                         net (fo=1, routed)           0.094     1.611    design_1_i/usp_rf_data_converter_0/inst/i_axi_lite_ipif/I_SLAVE_ATTACHMENT/I_DECODER/IP2Bus_Data[10]_i_9_n_0
    SLICE_X110Y113       LUT6 (Prop_H6LUT_SLICEM_I4_O)
                                                      0.061     1.672 r  design_1_i/usp_rf_data_converter_0/inst/i_axi_lite_ipif/I_SLAVE_ATTACHMENT/I_DECODER/IP2Bus_Data[10]_i_3/O
                         net (fo=1, routed)           0.049     1.721    design_1_i/usp_rf_data_converter_0/inst/i_axi_lite_ipif/I_SLAVE_ATTACHMENT/I_DECODER/IP2Bus_Data[10]_i_3_n_0
    SLICE_X110Y113       LUT6 (Prop_D6LUT_SLICEM_I1_O)
                                                      0.041     1.762 r  design_1_i/usp_rf_data_converter_0/inst/i_axi_lite_ipif/I_SLAVE_ATTACHMENT/I_DECODER/IP2Bus_Data[10]_i_1/O
                         net (fo=1, routed)           0.026     1.788    design_1_i/usp_rf_data_converter_0/inst/i_axi_lite_ipif_n_74
    SLICE_X110Y113       FDRE                                         r  design_1_i/usp_rf_data_converter_0/inst/IP2Bus_Data_reg[10]/D
  -------------------------------------------------------------------    -------------------

                         (clock clk_pl_0 rise edge)
                                                      0.000     0.000 r  
    PS8_X0Y0             PS8                          0.000     0.000 r  design_1_i/zynq_ultra_ps_e_0/U0/PS8_i/PLCLK[0]
                         net (fo=1, routed)           0.129     0.129    design_1_i/zynq_ultra_ps_e_0/U0/pl_clk_unbuffered[0]
    BUFG_PS_X0Y58        BUFG_PS (Prop_BUFG_PS_I_O)
                                                      0.018     0.147 r  design_1_i/zynq_ultra_ps_e_0/U0/buffer_pl_clk_0.PL_CLK_0_BUFG/O
    X2Y2 (CLOCK_ROOT)    net (fo=6912, routed)        1.267     1.414    design_1_i/usp_rf_data_converter_0/inst/s_axi_aclk
    SLICE_X110Y113       FDRE                                         r  design_1_i/usp_rf_data_converter_0/inst/IP2Bus_Data_reg[10]/C

Slack:                    inf
  Source:                 design_1_i/usp_rf_data_converter_0/inst/design_1_usp_rf_data_converter_0_0_rf_wrapper_i/tx1_u_dac/INTERNAL_FBRC_MUX
                            (rising edge-triggered cell HSDAC clocked by RFDAC1_CLK  {rise@0.000ns fall@5.000ns period=10.000ns})
  Destination:            design_1_i/usp_rf_data_converter_0/inst/IP2Bus_Data_reg[12]/D
                            (rising edge-triggered cell FDRE clocked by clk_pl_0  {rise@0.000ns fall@5.156ns period=10.312ns})
  Path Group:             (none)
  Path Type:              Hold (Min at Fast Process Corner)
  Data Path Delay:        1.818ns  (logic 0.519ns (28.548%)  route 1.299ns (71.452%))
  Logic Levels:           4  (LUT5=1 LUT6=3)
  Clock Path Skew:        1.414ns (DCD - SCD - CPR)
    Destination Clock Delay (DCD):    1.414ns
    Source Clock Delay      (SCD):    0.000ns
    Clock Pessimism Removal (CPR):    -0.000ns
  Clock Uncertainty:      0.159ns  ((TSJ^2 + DJ^2)^1/2) / 2 + PE
    Total System Jitter     (TSJ):    0.071ns
    Discrete Jitter          (DJ):    0.310ns
    Phase Error              (PE):    0.000ns
  Clock Net Delay (Destination): 1.267ns (routing 0.282ns, distribution 0.985ns)
  Timing Exception:       False Path

    Location             Delay type                Incr(ns)  Path(ns)    Netlist Resource(s)
  -------------------------------------------------------------------    -------------------
                         (clock RFDAC1_CLK rise edge)
                                                      0.000     0.000 r  
    HSDAC_X0Y1           HSDAC                        0.000     0.000 r  design_1_i/usp_rf_data_converter_0/inst/design_1_usp_rf_data_converter_0_0_rf_wrapper_i/tx1_u_dac/INTERNAL_FBRC_MUX
  -------------------------------------------------------------------    -------------------
    HSDAC_X0Y1           HSDAC (Prop_HSDAC_INTERNAL_FBRC_MUX_STATUS_COMMON[12])
                                                      0.386     0.386 r  design_1_i/usp_rf_data_converter_0/inst/design_1_usp_rf_data_converter_0_0_rf_wrapper_i/tx1_u_dac/STATUS_COMMON[12]
                         net (fo=1, routed)           1.044     1.430    design_1_i/usp_rf_data_converter_0/inst/i_axi_lite_ipif/I_SLAVE_ATTACHMENT/I_DECODER/dac1_common_stat[12]
    SLICE_X110Y112       LUT5 (Prop_A6LUT_SLICEM_I4_O)
                                                      0.035     1.465 r  design_1_i/usp_rf_data_converter_0/inst/i_axi_lite_ipif/I_SLAVE_ATTACHMENT/I_DECODER/IP2Bus_Data[12]_i_34/O
                         net (fo=1, routed)           0.024     1.489    design_1_i/usp_rf_data_converter_0/inst/i_axi_lite_ipif/I_SLAVE_ATTACHMENT/I_DECODER/IP2Bus_Data[12]_i_34_n_0
    SLICE_X110Y112       LUT6 (Prop_C6LUT_SLICEM_I5_O)
                                                      0.014     1.503 f  design_1_i/usp_rf_data_converter_0/inst/i_axi_lite_ipif/I_SLAVE_ATTACHMENT/I_DECODER/IP2Bus_Data[12]_i_18/O
                         net (fo=1, routed)           0.064     1.567    design_1_i/usp_rf_data_converter_0/inst/i_axi_lite_ipif/I_SLAVE_ATTACHMENT/I_DECODER/IP2Bus_Data[12]_i_18_n_0
    SLICE_X112Y112       LUT6 (Prop_H6LUT_SLICEM_I2_O)
                                                      0.061     1.628 r  design_1_i/usp_rf_data_converter_0/inst/i_axi_lite_ipif/I_SLAVE_ATTACHMENT/I_DECODER/IP2Bus_Data[12]_i_5/O
                         net (fo=1, routed)           0.149     1.777    design_1_i/usp_rf_data_converter_0/inst/i_axi_lite_ipif/I_SLAVE_ATTACHMENT/I_DECODER/IP2Bus_Data[12]_i_5_n_0
    SLICE_X113Y106       LUT6 (Prop_A6LUT_SLICEM_I3_O)
                                                      0.023     1.800 r  design_1_i/usp_rf_data_converter_0/inst/i_axi_lite_ipif/I_SLAVE_ATTACHMENT/I_DECODER/IP2Bus_Data[12]_i_1/O
                         net (fo=1, routed)           0.018     1.818    design_1_i/usp_rf_data_converter_0/inst/i_axi_lite_ipif_n_72
    SLICE_X113Y106       FDRE                                         r  design_1_i/usp_rf_data_converter_0/inst/IP2Bus_Data_reg[12]/D
  -------------------------------------------------------------------    -------------------

                         (clock clk_pl_0 rise edge)
                                                      0.000     0.000 r  
    PS8_X0Y0             PS8                          0.000     0.000 r  design_1_i/zynq_ultra_ps_e_0/U0/PS8_i/PLCLK[0]
                         net (fo=1, routed)           0.129     0.129    design_1_i/zynq_ultra_ps_e_0/U0/pl_clk_unbuffered[0]
    BUFG_PS_X0Y58        BUFG_PS (Prop_BUFG_PS_I_O)
                                                      0.018     0.147 r  design_1_i/zynq_ultra_ps_e_0/U0/buffer_pl_clk_0.PL_CLK_0_BUFG/O
    X2Y2 (CLOCK_ROOT)    net (fo=6912, routed)        1.267     1.414    design_1_i/usp_rf_data_converter_0/inst/s_axi_aclk
    SLICE_X113Y106       FDRE                                         r  design_1_i/usp_rf_data_converter_0/inst/IP2Bus_Data_reg[12]/C

Slack:                    inf
  Source:                 design_1_i/usp_rf_data_converter_0/inst/design_1_usp_rf_data_converter_0_0_rf_wrapper_i/tx1_u_dac/INTERNAL_FBRC_MUX
                            (rising edge-triggered cell HSDAC clocked by RFDAC1_CLK  {rise@0.000ns fall@5.000ns period=10.000ns})
  Destination:            design_1_i/usp_rf_data_converter_0/inst/IP2Bus_Data_reg[9]/D
                            (rising edge-triggered cell FDRE clocked by clk_pl_0  {rise@0.000ns fall@5.156ns period=10.312ns})
  Path Group:             (none)
  Path Type:              Hold (Min at Fast Process Corner)
  Data Path Delay:        1.906ns  (logic 0.483ns (25.341%)  route 1.423ns (74.659%))
  Logic Levels:           5  (LUT4=1 LUT6=4)
  Clock Path Skew:        1.417ns (DCD - SCD - CPR)
    Destination Clock Delay (DCD):    1.417ns
    Source Clock Delay      (SCD):    0.000ns
    Clock Pessimism Removal (CPR):    -0.000ns
  Clock Uncertainty:      0.159ns  ((TSJ^2 + DJ^2)^1/2) / 2 + PE
    Total System Jitter     (TSJ):    0.071ns
    Discrete Jitter          (DJ):    0.310ns
    Phase Error              (PE):    0.000ns
  Clock Net Delay (Destination): 1.270ns (routing 0.282ns, distribution 0.988ns)
  Timing Exception:       False Path

    Location             Delay type                Incr(ns)  Path(ns)    Netlist Resource(s)
  -------------------------------------------------------------------    -------------------
                         (clock RFDAC1_CLK rise edge)
                                                      0.000     0.000 r  
    HSDAC_X0Y1           HSDAC                        0.000     0.000 r  design_1_i/usp_rf_data_converter_0/inst/design_1_usp_rf_data_converter_0_0_rf_wrapper_i/tx1_u_dac/INTERNAL_FBRC_MUX
  -------------------------------------------------------------------    -------------------
    HSDAC_X0Y1           HSDAC (Prop_HSDAC_INTERNAL_FBRC_MUX_STATUS_COMMON[9])
                                                      0.338     0.338 r  design_1_i/usp_rf_data_converter_0/inst/design_1_usp_rf_data_converter_0_0_rf_wrapper_i/tx1_u_dac/STATUS_COMMON[9]
                         net (fo=1, routed)           1.114     1.452    design_1_i/usp_rf_data_converter_0/inst/i_axi_lite_ipif/I_SLAVE_ATTACHMENT/I_DECODER/dac1_common_stat[9]
    SLICE_X109Y108       LUT4 (Prop_A6LUT_SLICEM_I0_O)
                                                      0.041     1.493 f  design_1_i/usp_rf_data_converter_0/inst/i_axi_lite_ipif/I_SLAVE_ATTACHMENT/I_DECODER/IP2Bus_Data[9]_i_44/O
                         net (fo=1, routed)           0.023     1.516    design_1_i/usp_rf_data_converter_0/inst/i_axi_lite_ipif/I_SLAVE_ATTACHMENT/I_DECODER/IP2Bus_Data[9]_i_44_n_0
    SLICE_X109Y108       LUT6 (Prop_D6LUT_SLICEM_I2_O)
                                                      0.014     1.530 r  design_1_i/usp_rf_data_converter_0/inst/i_axi_lite_ipif/I_SLAVE_ATTACHMENT/I_DECODER/IP2Bus_Data[9]_i_30/O
                         net (fo=1, routed)           0.134     1.664    design_1_i/usp_rf_data_converter_0/inst/i_axi_lite_ipif/I_SLAVE_ATTACHMENT/I_DECODER/IP2Bus_Data[9]_i_30_n_0
    SLICE_X112Y111       LUT6 (Prop_E6LUT_SLICEM_I2_O)
                                                      0.014     1.678 f  design_1_i/usp_rf_data_converter_0/inst/i_axi_lite_ipif/I_SLAVE_ATTACHMENT/I_DECODER/IP2Bus_Data[9]_i_10/O
                         net (fo=1, routed)           0.074     1.752    design_1_i/usp_rf_data_converter_0/inst/i_axi_lite_ipif/I_SLAVE_ATTACHMENT/I_DECODER/IP2Bus_Data[9]_i_10_n_0
    SLICE_X112Y108       LUT6 (Prop_B6LUT_SLICEM_I5_O)
                                                      0.035     1.787 r  design_1_i/usp_rf_data_converter_0/inst/i_axi_lite_ipif/I_SLAVE_ATTACHMENT/I_DECODER/IP2Bus_Data[9]_i_2/O
                         net (fo=1, routed)           0.057     1.844    design_1_i/usp_rf_data_converter_0/inst/i_axi_lite_ipif/I_SLAVE_ATTACHMENT/I_DECODER/IP2Bus_Data[9]_i_2_n_0
    SLICE_X113Y108       LUT6 (Prop_H6LUT_SLICEM_I0_O)
                                                      0.041     1.885 r  design_1_i/usp_rf_data_converter_0/inst/i_axi_lite_ipif/I_SLAVE_ATTACHMENT/I_DECODER/IP2Bus_Data[9]_i_1/O
                         net (fo=1, routed)           0.021     1.906    design_1_i/usp_rf_data_converter_0/inst/i_axi_lite_ipif_n_75
    SLICE_X113Y108       FDRE                                         r  design_1_i/usp_rf_data_converter_0/inst/IP2Bus_Data_reg[9]/D
  -------------------------------------------------------------------    -------------------

                         (clock clk_pl_0 rise edge)
                                                      0.000     0.000 r  
    PS8_X0Y0             PS8                          0.000     0.000 r  design_1_i/zynq_ultra_ps_e_0/U0/PS8_i/PLCLK[0]
                         net (fo=1, routed)           0.129     0.129    design_1_i/zynq_ultra_ps_e_0/U0/pl_clk_unbuffered[0]
    BUFG_PS_X0Y58        BUFG_PS (Prop_BUFG_PS_I_O)
                                                      0.018     0.147 r  design_1_i/zynq_ultra_ps_e_0/U0/buffer_pl_clk_0.PL_CLK_0_BUFG/O
    X2Y2 (CLOCK_ROOT)    net (fo=6912, routed)        1.270     1.417    design_1_i/usp_rf_data_converter_0/inst/s_axi_aclk
    SLICE_X113Y108       FDRE                                         r  design_1_i/usp_rf_data_converter_0/inst/IP2Bus_Data_reg[9]/C

Slack:                    inf
  Source:                 design_1_i/usp_rf_data_converter_0/inst/design_1_usp_rf_data_converter_0_0_rf_wrapper_i/tx1_u_dac/INTERNAL_FBRC_MUX
                            (rising edge-triggered cell HSDAC clocked by RFDAC1_CLK  {rise@0.000ns fall@5.000ns period=10.000ns})
  Destination:            design_1_i/usp_rf_data_converter_0/inst/IP2Bus_Data_reg[15]/D
                            (rising edge-triggered cell FDRE clocked by clk_pl_0  {rise@0.000ns fall@5.156ns period=10.312ns})
  Path Group:             (none)
  Path Type:              Hold (Min at Fast Process Corner)
  Data Path Delay:        1.929ns  (logic 0.559ns (28.979%)  route 1.370ns (71.021%))
  Logic Levels:           5  (LUT4=1 LUT5=1 LUT6=3)
  Clock Path Skew:        1.408ns (DCD - SCD - CPR)
    Destination Clock Delay (DCD):    1.408ns
    Source Clock Delay      (SCD):    0.000ns
    Clock Pessimism Removal (CPR):    -0.000ns
  Clock Uncertainty:      0.159ns  ((TSJ^2 + DJ^2)^1/2) / 2 + PE
    Total System Jitter     (TSJ):    0.071ns
    Discrete Jitter          (DJ):    0.310ns
    Phase Error              (PE):    0.000ns
  Clock Net Delay (Destination): 1.261ns (routing 0.282ns, distribution 0.979ns)
  Timing Exception:       False Path

    Location             Delay type                Incr(ns)  Path(ns)    Netlist Resource(s)
  -------------------------------------------------------------------    -------------------
                         (clock RFDAC1_CLK rise edge)
                                                      0.000     0.000 r  
    HSDAC_X0Y1           HSDAC                        0.000     0.000 r  design_1_i/usp_rf_data_converter_0/inst/design_1_usp_rf_data_converter_0_0_rf_wrapper_i/tx1_u_dac/INTERNAL_FBRC_MUX
  -------------------------------------------------------------------    -------------------
    HSDAC_X0Y1           HSDAC (Prop_HSDAC_INTERNAL_FBRC_MUX_STATUS_COMMON[15])
                                                      0.413     0.413 r  design_1_i/usp_rf_data_converter_0/inst/design_1_usp_rf_data_converter_0_0_rf_wrapper_i/tx1_u_dac/STATUS_COMMON[15]
                         net (fo=1, routed)           1.091     1.504    design_1_i/usp_rf_data_converter_0/inst/i_axi_lite_ipif/I_SLAVE_ATTACHMENT/I_DECODER/dac1_common_stat[15]
    SLICE_X109Y107       LUT4 (Prop_F6LUT_SLICEM_I0_O)
                                                      0.040     1.544 f  design_1_i/usp_rf_data_converter_0/inst/i_axi_lite_ipif/I_SLAVE_ATTACHMENT/I_DECODER/IP2Bus_Data[15]_i_68/O
                         net (fo=1, routed)           0.023     1.567    design_1_i/usp_rf_data_converter_0/inst/i_axi_lite_ipif/I_SLAVE_ATTACHMENT/I_DECODER/IP2Bus_Data[15]_i_68_n_0
    SLICE_X109Y107       LUT5 (Prop_G6LUT_SLICEM_I3_O)
                                                      0.022     1.589 r  design_1_i/usp_rf_data_converter_0/inst/i_axi_lite_ipif/I_SLAVE_ATTACHMENT/I_DECODER/IP2Bus_Data[15]_i_33/O
                         net (fo=1, routed)           0.092     1.681    design_1_i/usp_rf_data_converter_0/inst/i_axi_lite_ipif/I_SLAVE_ATTACHMENT/I_DECODER/IP2Bus_Data[15]_i_33_n_0
    SLICE_X112Y108       LUT6 (Prop_G6LUT_SLICEM_I5_O)
                                                      0.022     1.703 r  design_1_i/usp_rf_data_converter_0/inst/i_axi_lite_ipif/I_SLAVE_ATTACHMENT/I_DECODER/IP2Bus_Data[15]_i_11/O
                         net (fo=1, routed)           0.025     1.728    design_1_i/usp_rf_data_converter_0/inst/i_axi_lite_ipif/I_SLAVE_ATTACHMENT/I_DECODER/IP2Bus_Data[15]_i_11_n_0
    SLICE_X112Y108       LUT6 (Prop_F6LUT_SLICEM_I5_O)
                                                      0.040     1.768 r  design_1_i/usp_rf_data_converter_0/inst/i_axi_lite_ipif/I_SLAVE_ATTACHMENT/I_DECODER/IP2Bus_Data[15]_i_2/O
                         net (fo=1, routed)           0.122     1.890    design_1_i/usp_rf_data_converter_0/inst/i_axi_lite_ipif/I_SLAVE_ATTACHMENT/I_DECODER/IP2Bus_Data[15]_i_2_n_0
    SLICE_X114Y105       LUT6 (Prop_C6LUT_SLICEL_I0_O)
                                                      0.022     1.912 r  design_1_i/usp_rf_data_converter_0/inst/i_axi_lite_ipif/I_SLAVE_ATTACHMENT/I_DECODER/IP2Bus_Data[15]_i_1/O
                         net (fo=1, routed)           0.017     1.929    design_1_i/usp_rf_data_converter_0/inst/i_axi_lite_ipif_n_69
    SLICE_X114Y105       FDRE                                         r  design_1_i/usp_rf_data_converter_0/inst/IP2Bus_Data_reg[15]/D
  -------------------------------------------------------------------    -------------------

                         (clock clk_pl_0 rise edge)
                                                      0.000     0.000 r  
    PS8_X0Y0             PS8                          0.000     0.000 r  design_1_i/zynq_ultra_ps_e_0/U0/PS8_i/PLCLK[0]
                         net (fo=1, routed)           0.129     0.129    design_1_i/zynq_ultra_ps_e_0/U0/pl_clk_unbuffered[0]
    BUFG_PS_X0Y58        BUFG_PS (Prop_BUFG_PS_I_O)
                                                      0.018     0.147 r  design_1_i/zynq_ultra_ps_e_0/U0/buffer_pl_clk_0.PL_CLK_0_BUFG/O
    X2Y2 (CLOCK_ROOT)    net (fo=6912, routed)        1.261     1.408    design_1_i/usp_rf_data_converter_0/inst/s_axi_aclk
    SLICE_X114Y105       FDRE                                         r  design_1_i/usp_rf_data_converter_0/inst/IP2Bus_Data_reg[15]/C

Slack:                    inf
  Source:                 design_1_i/usp_rf_data_converter_0/inst/design_1_usp_rf_data_converter_0_0_rf_wrapper_i/tx1_u_dac/INTERNAL_FBRC_MUX
                            (rising edge-triggered cell HSDAC clocked by RFDAC1_CLK  {rise@0.000ns fall@5.000ns period=10.000ns})
  Destination:            design_1_i/usp_rf_data_converter_0/inst/IP2Bus_Data_reg[14]/D
                            (rising edge-triggered cell FDRE clocked by clk_pl_0  {rise@0.000ns fall@5.156ns period=10.312ns})
  Path Group:             (none)
  Path Type:              Hold (Min at Fast Process Corner)
  Data Path Delay:        1.952ns  (logic 0.538ns (27.561%)  route 1.414ns (72.439%))
  Logic Levels:           4  (LUT5=1 LUT6=3)
  Clock Path Skew:        1.404ns (DCD - SCD - CPR)
    Destination Clock Delay (DCD):    1.404ns
    Source Clock Delay      (SCD):    0.000ns
    Clock Pessimism Removal (CPR):    -0.000ns
  Clock Uncertainty:      0.159ns  ((TSJ^2 + DJ^2)^1/2) / 2 + PE
    Total System Jitter     (TSJ):    0.071ns
    Discrete Jitter          (DJ):    0.310ns
    Phase Error              (PE):    0.000ns
  Clock Net Delay (Destination): 1.257ns (routing 0.282ns, distribution 0.975ns)
  Timing Exception:       False Path

    Location             Delay type                Incr(ns)  Path(ns)    Netlist Resource(s)
  -------------------------------------------------------------------    -------------------
                         (clock RFDAC1_CLK rise edge)
                                                      0.000     0.000 r  
    HSDAC_X0Y1           HSDAC                        0.000     0.000 r  design_1_i/usp_rf_data_converter_0/inst/design_1_usp_rf_data_converter_0_0_rf_wrapper_i/tx1_u_dac/INTERNAL_FBRC_MUX
  -------------------------------------------------------------------    -------------------
    HSDAC_X0Y1           HSDAC (Prop_HSDAC_INTERNAL_FBRC_MUX_STATUS_COMMON[14])
                                                      0.398     0.398 r  design_1_i/usp_rf_data_converter_0/inst/design_1_usp_rf_data_converter_0_0_rf_wrapper_i/tx1_u_dac/STATUS_COMMON[14]
                         net (fo=1, routed)           1.081     1.479    design_1_i/usp_rf_data_converter_0/inst/i_axi_lite_ipif/I_SLAVE_ATTACHMENT/I_DECODER/dac1_common_stat[14]
    SLICE_X109Y106       LUT6 (Prop_H6LUT_SLICEM_I0_O)
                                                      0.061     1.540 r  design_1_i/usp_rf_data_converter_0/inst/i_axi_lite_ipif/I_SLAVE_ATTACHMENT/I_DECODER/IP2Bus_Data[14]_i_30/O
                         net (fo=1, routed)           0.095     1.635    design_1_i/usp_rf_data_converter_0/inst/i_axi_lite_ipif/I_SLAVE_ATTACHMENT/I_DECODER/IP2Bus_Data[14]_i_30_n_0
    SLICE_X110Y105       LUT5 (Prop_G6LUT_SLICEM_I1_O)
                                                      0.022     1.657 r  design_1_i/usp_rf_data_converter_0/inst/i_axi_lite_ipif/I_SLAVE_ATTACHMENT/I_DECODER/IP2Bus_Data[14]_i_10/O
                         net (fo=1, routed)           0.074     1.731    design_1_i/usp_rf_data_converter_0/inst/i_axi_lite_ipif/I_SLAVE_ATTACHMENT/I_DECODER/IP2Bus_Data[14]_i_10_n_0
    SLICE_X110Y108       LUT6 (Prop_D6LUT_SLICEM_I5_O)
                                                      0.035     1.766 r  design_1_i/usp_rf_data_converter_0/inst/i_axi_lite_ipif/I_SLAVE_ATTACHMENT/I_DECODER/IP2Bus_Data[14]_i_2/O
                         net (fo=1, routed)           0.148     1.914    design_1_i/usp_rf_data_converter_0/inst/i_axi_lite_ipif/I_SLAVE_ATTACHMENT/I_DECODER/IP2Bus_Data[14]_i_2_n_0
    SLICE_X114Y104       LUT6 (Prop_D6LUT_SLICEL_I0_O)
                                                      0.022     1.936 r  design_1_i/usp_rf_data_converter_0/inst/i_axi_lite_ipif/I_SLAVE_ATTACHMENT/I_DECODER/IP2Bus_Data[14]_i_1/O
                         net (fo=1, routed)           0.016     1.952    design_1_i/usp_rf_data_converter_0/inst/i_axi_lite_ipif_n_70
    SLICE_X114Y104       FDRE                                         r  design_1_i/usp_rf_data_converter_0/inst/IP2Bus_Data_reg[14]/D
  -------------------------------------------------------------------    -------------------

                         (clock clk_pl_0 rise edge)
                                                      0.000     0.000 r  
    PS8_X0Y0             PS8                          0.000     0.000 r  design_1_i/zynq_ultra_ps_e_0/U0/PS8_i/PLCLK[0]
                         net (fo=1, routed)           0.129     0.129    design_1_i/zynq_ultra_ps_e_0/U0/pl_clk_unbuffered[0]
    BUFG_PS_X0Y58        BUFG_PS (Prop_BUFG_PS_I_O)
                                                      0.018     0.147 r  design_1_i/zynq_ultra_ps_e_0/U0/buffer_pl_clk_0.PL_CLK_0_BUFG/O
    X2Y2 (CLOCK_ROOT)    net (fo=6912, routed)        1.257     1.404    design_1_i/usp_rf_data_converter_0/inst/s_axi_aclk
    SLICE_X114Y104       FDRE                                         r  design_1_i/usp_rf_data_converter_0/inst/IP2Bus_Data_reg[14]/C

Slack:                    inf
  Source:                 design_1_i/usp_rf_data_converter_0/inst/design_1_usp_rf_data_converter_0_0_rf_wrapper_i/tx1_u_dac/INTERNAL_FBRC_MUX
                            (rising edge-triggered cell HSDAC clocked by RFDAC1_CLK  {rise@0.000ns fall@5.000ns period=10.000ns})
  Destination:            design_1_i/usp_rf_data_converter_0/inst/IP2Bus_Data_reg[13]/D
                            (rising edge-triggered cell FDRE clocked by clk_pl_0  {rise@0.000ns fall@5.156ns period=10.312ns})
  Path Group:             (none)
  Path Type:              Hold (Min at Fast Process Corner)
  Data Path Delay:        2.196ns  (logic 0.642ns (29.235%)  route 1.554ns (70.765%))
  Logic Levels:           5  (LUT4=1 LUT6=4)
  Clock Path Skew:        1.408ns (DCD - SCD - CPR)
    Destination Clock Delay (DCD):    1.408ns
    Source Clock Delay      (SCD):    0.000ns
    Clock Pessimism Removal (CPR):    -0.000ns
  Clock Uncertainty:      0.159ns  ((TSJ^2 + DJ^2)^1/2) / 2 + PE
    Total System Jitter     (TSJ):    0.071ns
    Discrete Jitter          (DJ):    0.310ns
    Phase Error              (PE):    0.000ns
  Clock Net Delay (Destination): 1.261ns (routing 0.282ns, distribution 0.979ns)
  Timing Exception:       False Path

    Location             Delay type                Incr(ns)  Path(ns)    Netlist Resource(s)
  -------------------------------------------------------------------    -------------------
                         (clock RFDAC1_CLK rise edge)
                                                      0.000     0.000 r  
    HSDAC_X0Y1           HSDAC                        0.000     0.000 r  design_1_i/usp_rf_data_converter_0/inst/design_1_usp_rf_data_converter_0_0_rf_wrapper_i/tx1_u_dac/INTERNAL_FBRC_MUX
  -------------------------------------------------------------------    -------------------
    HSDAC_X0Y1           HSDAC (Prop_HSDAC_INTERNAL_FBRC_MUX_STATUS_COMMON[13])
                                                      0.524     0.524 r  design_1_i/usp_rf_data_converter_0/inst/design_1_usp_rf_data_converter_0_0_rf_wrapper_i/tx1_u_dac/STATUS_COMMON[13]
                         net (fo=1, routed)           1.185     1.709    design_1_i/usp_rf_data_converter_0/inst/i_axi_lite_ipif/I_SLAVE_ATTACHMENT/I_DECODER/dac1_common_stat[13]
    SLICE_X111Y112       LUT6 (Prop_C6LUT_SLICEL_I5_O)
                                                      0.014     1.723 r  design_1_i/usp_rf_data_converter_0/inst/i_axi_lite_ipif/I_SLAVE_ATTACHMENT/I_DECODER/IP2Bus_Data[13]_i_37/O
                         net (fo=1, routed)           0.022     1.745    design_1_i/usp_rf_data_converter_0/inst/i_axi_lite_ipif/I_SLAVE_ATTACHMENT/I_DECODER/IP2Bus_Data[13]_i_37_n_0
    SLICE_X111Y112       LUT6 (Prop_D6LUT_SLICEL_I5_O)
                                                      0.014     1.759 f  design_1_i/usp_rf_data_converter_0/inst/i_axi_lite_ipif/I_SLAVE_ATTACHMENT/I_DECODER/IP2Bus_Data[13]_i_21/O
                         net (fo=1, routed)           0.073     1.832    design_1_i/usp_rf_data_converter_0/inst/i_axi_lite_ipif/I_SLAVE_ATTACHMENT/I_DECODER/IP2Bus_Data[13]_i_21_n_0
    SLICE_X112Y112       LUT6 (Prop_D6LUT_SLICEM_I1_O)
                                                      0.014     1.846 r  design_1_i/usp_rf_data_converter_0/inst/i_axi_lite_ipif/I_SLAVE_ATTACHMENT/I_DECODER/IP2Bus_Data[13]_i_8/O
                         net (fo=1, routed)           0.110     1.956    design_1_i/usp_rf_data_converter_0/inst/i_axi_lite_ipif/I_SLAVE_ATTACHMENT/I_DECODER/IP2Bus_Data[13]_i_8_n_0
    SLICE_X112Y108       LUT4 (Prop_E6LUT_SLICEM_I2_O)
                                                      0.035     1.991 r  design_1_i/usp_rf_data_converter_0/inst/i_axi_lite_ipif/I_SLAVE_ATTACHMENT/I_DECODER/IP2Bus_Data[13]_i_2/O
                         net (fo=1, routed)           0.148     2.139    design_1_i/usp_rf_data_converter_0/inst/i_axi_lite_ipif/I_SLAVE_ATTACHMENT/I_DECODER/IP2Bus_Data[13]_i_2_n_0
    SLICE_X114Y105       LUT6 (Prop_D6LUT_SLICEL_I0_O)
                                                      0.041     2.180 r  design_1_i/usp_rf_data_converter_0/inst/i_axi_lite_ipif/I_SLAVE_ATTACHMENT/I_DECODER/IP2Bus_Data[13]_i_1/O
                         net (fo=1, routed)           0.016     2.196    design_1_i/usp_rf_data_converter_0/inst/i_axi_lite_ipif_n_71
    SLICE_X114Y105       FDRE                                         r  design_1_i/usp_rf_data_converter_0/inst/IP2Bus_Data_reg[13]/D
  -------------------------------------------------------------------    -------------------

                         (clock clk_pl_0 rise edge)
                                                      0.000     0.000 r  
    PS8_X0Y0             PS8                          0.000     0.000 r  design_1_i/zynq_ultra_ps_e_0/U0/PS8_i/PLCLK[0]
                         net (fo=1, routed)           0.129     0.129    design_1_i/zynq_ultra_ps_e_0/U0/pl_clk_unbuffered[0]
    BUFG_PS_X0Y58        BUFG_PS (Prop_BUFG_PS_I_O)
                                                      0.018     0.147 r  design_1_i/zynq_ultra_ps_e_0/U0/buffer_pl_clk_0.PL_CLK_0_BUFG/O
    X2Y2 (CLOCK_ROOT)    net (fo=6912, routed)        1.261     1.408    design_1_i/usp_rf_data_converter_0/inst/s_axi_aclk
    SLICE_X114Y105       FDRE                                         r  design_1_i/usp_rf_data_converter_0/inst/IP2Bus_Data_reg[13]/C





--------------------------------------------------------------------------------------
Path Group:  (none)
From Clock:  clk_pl_0
  To Clock:  clk_pl_0

Max Delay            88 Endpoints
Min Delay            88 Endpoints
--------------------------------------------------------------------------------------


Max Delay Paths
--------------------------------------------------------------------------------------
Slack:                    inf
  Source:                 design_1_i/rst_ps8_0_96M/U0/ACTIVE_LOW_PR_OUT_DFF[0].FDRE_PER_N/C
                            (rising edge-triggered cell FDRE clocked by clk_pl_0  {rise@0.000ns fall@5.156ns period=10.312ns})
  Destination:            design_1_i/usp_rf_data_converter_0/inst/cdc_adc0_clk_valid_i/syncstages_ff_reg[0]/D
                            (rising edge-triggered cell FDRE clocked by clk_pl_0  {rise@0.000ns fall@5.156ns period=10.312ns})
  Path Group:             (none)
  Path Type:              Setup (Max at Slow Process Corner)
  Data Path Delay:        4.060ns  (logic 0.079ns (1.946%)  route 3.981ns (98.054%))
  Logic Levels:           0  
  Clock Path Skew:        0.018ns (DCD - SCD + CPR)
    Destination Clock Delay (DCD):    1.987ns
    Source Clock Delay      (SCD):    1.969ns
    Clock Pessimism Removal (CPR):    0.000ns
  Clock Uncertainty:      0.159ns  ((TSJ^2 + DJ^2)^1/2) / 2 + PE
    Total System Jitter     (TSJ):    0.071ns
    Discrete Jitter          (DJ):    0.310ns
    Phase Error              (PE):    0.000ns
  Clock Net Delay (Source):      1.743ns (routing 0.467ns, distribution 1.276ns)
  Clock Net Delay (Destination): 1.805ns (routing 0.423ns, distribution 1.382ns)
  Timing Exception:       False Path

    Location             Delay type                Incr(ns)  Path(ns)    Netlist Resource(s)
  -------------------------------------------------------------------    -------------------
                         (clock clk_pl_0 rise edge)
                                                      0.000     0.000 r  
    PS8_X0Y0             PS8                          0.000     0.000 r  design_1_i/zynq_ultra_ps_e_0/U0/PS8_i/PLCLK[0]
                         net (fo=1, routed)           0.198     0.198    design_1_i/zynq_ultra_ps_e_0/U0/pl_clk_unbuffered[0]
    BUFG_PS_X0Y58        BUFG_PS (Prop_BUFG_PS_I_O)
                                                      0.028     0.226 r  design_1_i/zynq_ultra_ps_e_0/U0/buffer_pl_clk_0.PL_CLK_0_BUFG/O
    X2Y2 (CLOCK_ROOT)    net (fo=6912, routed)        1.743     1.969    design_1_i/rst_ps8_0_96M/U0/slowest_sync_clk
    SLICE_X27Y135        FDRE                                         r  design_1_i/rst_ps8_0_96M/U0/ACTIVE_LOW_PR_OUT_DFF[0].FDRE_PER_N/C
  -------------------------------------------------------------------    -------------------
    SLICE_X27Y135        FDRE (Prop_EFF2_SLICEM_C_Q)
                                                      0.079     2.048 r  design_1_i/rst_ps8_0_96M/U0/ACTIVE_LOW_PR_OUT_DFF[0].FDRE_PER_N/Q
                         net (fo=945, routed)         3.981     6.029    design_1_i/usp_rf_data_converter_0/inst/cdc_adc0_clk_valid_i/src_in
    SLICE_X111Y91        FDRE                                         r  design_1_i/usp_rf_data_converter_0/inst/cdc_adc0_clk_valid_i/syncstages_ff_reg[0]/D
  -------------------------------------------------------------------    -------------------

                         (clock clk_pl_0 rise edge)
                                                      0.000     0.000 r  
    PS8_X0Y0             PS8                          0.000     0.000 r  design_1_i/zynq_ultra_ps_e_0/U0/PS8_i/PLCLK[0]
                         net (fo=1, routed)           0.157     0.157    design_1_i/zynq_ultra_ps_e_0/U0/pl_clk_unbuffered[0]
    BUFG_PS_X0Y58        BUFG_PS (Prop_BUFG_PS_I_O)
                                                      0.025     0.182 r  design_1_i/zynq_ultra_ps_e_0/U0/buffer_pl_clk_0.PL_CLK_0_BUFG/O
    X2Y2 (CLOCK_ROOT)    net (fo=6912, routed)        1.805     1.987    design_1_i/usp_rf_data_converter_0/inst/cdc_adc0_clk_valid_i/dest_clk
    SLICE_X111Y91        FDRE                                         r  design_1_i/usp_rf_data_converter_0/inst/cdc_adc0_clk_valid_i/syncstages_ff_reg[0]/C

Slack:                    inf
  Source:                 design_1_i/rst_ps8_0_96M/U0/ACTIVE_LOW_PR_OUT_DFF[0].FDRE_PER_N/C
                            (rising edge-triggered cell FDRE clocked by clk_pl_0  {rise@0.000ns fall@5.156ns period=10.312ns})
  Destination:            design_1_i/usp_rf_data_converter_0/inst/cdc_dac0_clk_valid_i/syncstages_ff_reg[0]/D
                            (rising edge-triggered cell FDRE clocked by clk_pl_0  {rise@0.000ns fall@5.156ns period=10.312ns})
  Path Group:             (none)
  Path Type:              Setup (Max at Slow Process Corner)
  Data Path Delay:        3.515ns  (logic 0.079ns (2.248%)  route 3.436ns (97.752%))
  Logic Levels:           0  
  Clock Path Skew:        0.018ns (DCD - SCD + CPR)
    Destination Clock Delay (DCD):    1.987ns
    Source Clock Delay      (SCD):    1.969ns
    Clock Pessimism Removal (CPR):    0.000ns
  Clock Uncertainty:      0.159ns  ((TSJ^2 + DJ^2)^1/2) / 2 + PE
    Total System Jitter     (TSJ):    0.071ns
    Discrete Jitter          (DJ):    0.310ns
    Phase Error              (PE):    0.000ns
  Clock Net Delay (Source):      1.743ns (routing 0.467ns, distribution 1.276ns)
  Clock Net Delay (Destination): 1.805ns (routing 0.423ns, distribution 1.382ns)
  Timing Exception:       False Path

    Location             Delay type                Incr(ns)  Path(ns)    Netlist Resource(s)
  -------------------------------------------------------------------    -------------------
                         (clock clk_pl_0 rise edge)
                                                      0.000     0.000 r  
    PS8_X0Y0             PS8                          0.000     0.000 r  design_1_i/zynq_ultra_ps_e_0/U0/PS8_i/PLCLK[0]
                         net (fo=1, routed)           0.198     0.198    design_1_i/zynq_ultra_ps_e_0/U0/pl_clk_unbuffered[0]
    BUFG_PS_X0Y58        BUFG_PS (Prop_BUFG_PS_I_O)
                                                      0.028     0.226 r  design_1_i/zynq_ultra_ps_e_0/U0/buffer_pl_clk_0.PL_CLK_0_BUFG/O
    X2Y2 (CLOCK_ROOT)    net (fo=6912, routed)        1.743     1.969    design_1_i/rst_ps8_0_96M/U0/slowest_sync_clk
    SLICE_X27Y135        FDRE                                         r  design_1_i/rst_ps8_0_96M/U0/ACTIVE_LOW_PR_OUT_DFF[0].FDRE_PER_N/C
  -------------------------------------------------------------------    -------------------
    SLICE_X27Y135        FDRE (Prop_EFF2_SLICEM_C_Q)
                                                      0.079     2.048 r  design_1_i/rst_ps8_0_96M/U0/ACTIVE_LOW_PR_OUT_DFF[0].FDRE_PER_N/Q
                         net (fo=945, routed)         3.436     5.484    design_1_i/usp_rf_data_converter_0/inst/cdc_dac0_clk_valid_i/src_in
    SLICE_X108Y114       FDRE                                         r  design_1_i/usp_rf_data_converter_0/inst/cdc_dac0_clk_valid_i/syncstages_ff_reg[0]/D
  -------------------------------------------------------------------    -------------------

                         (clock clk_pl_0 rise edge)
                                                      0.000     0.000 r  
    PS8_X0Y0             PS8                          0.000     0.000 r  design_1_i/zynq_ultra_ps_e_0/U0/PS8_i/PLCLK[0]
                         net (fo=1, routed)           0.157     0.157    design_1_i/zynq_ultra_ps_e_0/U0/pl_clk_unbuffered[0]
    BUFG_PS_X0Y58        BUFG_PS (Prop_BUFG_PS_I_O)
                                                      0.025     0.182 r  design_1_i/zynq_ultra_ps_e_0/U0/buffer_pl_clk_0.PL_CLK_0_BUFG/O
    X2Y2 (CLOCK_ROOT)    net (fo=6912, routed)        1.805     1.987    design_1_i/usp_rf_data_converter_0/inst/cdc_dac0_clk_valid_i/dest_clk
    SLICE_X108Y114       FDRE                                         r  design_1_i/usp_rf_data_converter_0/inst/cdc_dac0_clk_valid_i/syncstages_ff_reg[0]/C

Slack:                    inf
  Source:                 design_1_i/usp_rf_data_converter_0/inst/design_1_usp_rf_data_converter_0_0_rf_wrapper_i/rx0_u_adc/FABRIC_CLK
                            (rising edge-triggered cell HSADC clocked by clk_pl_0  {rise@0.000ns fall@5.156ns period=10.312ns})
  Destination:            design_1_i/usp_rf_data_converter_0/inst/IP2Bus_Data_reg[5]/D
                            (rising edge-triggered cell FDRE clocked by clk_pl_0  {rise@0.000ns fall@5.156ns period=10.312ns})
  Path Group:             (none)
  Path Type:              Setup (Max at Slow Process Corner)
  Data Path Delay:        2.386ns  (logic 0.761ns (31.894%)  route 1.625ns (68.106%))
  Logic Levels:           4  (LUT4=2 LUT6=2)
  Clock Path Skew:        -0.329ns (DCD - SCD + CPR)
    Destination Clock Delay (DCD):    2.009ns
    Source Clock Delay      (SCD):    2.338ns
    Clock Pessimism Removal (CPR):    0.000ns
  Clock Uncertainty:      0.159ns  ((TSJ^2 + DJ^2)^1/2) / 2 + PE
    Total System Jitter     (TSJ):    0.071ns
    Discrete Jitter          (DJ):    0.310ns
    Phase Error              (PE):    0.000ns
  Clock Net Delay (Source):      2.112ns (routing 0.467ns, distribution 1.645ns)
  Clock Net Delay (Destination): 1.827ns (routing 0.423ns, distribution 1.404ns)
  Timing Exception:       False Path

    Location             Delay type                Incr(ns)  Path(ns)    Netlist Resource(s)
  -------------------------------------------------------------------    -------------------
                         (clock clk_pl_0 rise edge)
                                                      0.000     0.000 r  
    PS8_X0Y0             PS8                          0.000     0.000 r  design_1_i/zynq_ultra_ps_e_0/U0/PS8_i/PLCLK[0]
                         net (fo=1, routed)           0.198     0.198    design_1_i/zynq_ultra_ps_e_0/U0/pl_clk_unbuffered[0]
    BUFG_PS_X0Y58        BUFG_PS (Prop_BUFG_PS_I_O)
                                                      0.028     0.226 r  design_1_i/zynq_ultra_ps_e_0/U0/buffer_pl_clk_0.PL_CLK_0_BUFG/O
    X2Y2 (CLOCK_ROOT)    net (fo=6912, routed)        2.112     2.338    design_1_i/usp_rf_data_converter_0/inst/design_1_usp_rf_data_converter_0_0_rf_wrapper_i/m0_axis_aclk
    HSADC_X0Y0           HSADC                                        r  design_1_i/usp_rf_data_converter_0/inst/design_1_usp_rf_data_converter_0_0_rf_wrapper_i/rx0_u_adc/FABRIC_CLK
  -------------------------------------------------------------------    -------------------
    HSADC_X0Y0           HSADC (Prop_HSADC_FABRIC_CLK_STATUS_COMMON[5])
                                                      0.450     2.788 r  design_1_i/usp_rf_data_converter_0/inst/design_1_usp_rf_data_converter_0_0_rf_wrapper_i/rx0_u_adc/STATUS_COMMON[5]
                         net (fo=1, routed)           1.010     3.798    design_1_i/usp_rf_data_converter_0/inst/i_axi_lite_ipif/I_SLAVE_ATTACHMENT/I_DECODER/adc0_common_stat[5]
    SLICE_X110Y94        LUT4 (Prop_B6LUT_SLICEM_I3_O)
                                                      0.125     3.923 r  design_1_i/usp_rf_data_converter_0/inst/i_axi_lite_ipif/I_SLAVE_ATTACHMENT/I_DECODER/IP2Bus_Data[5]_i_22/O
                         net (fo=1, routed)           0.093     4.016    design_1_i/usp_rf_data_converter_0/inst/i_axi_lite_ipif/I_SLAVE_ATTACHMENT/I_DECODER/IP2Bus_Data[5]_i_22_n_0
    SLICE_X110Y94        LUT6 (Prop_D6LUT_SLICEM_I4_O)
                                                      0.037     4.053 f  design_1_i/usp_rf_data_converter_0/inst/i_axi_lite_ipif/I_SLAVE_ATTACHMENT/I_DECODER/IP2Bus_Data[5]_i_12/O
                         net (fo=1, routed)           0.176     4.229    design_1_i/usp_rf_data_converter_0/inst/i_axi_lite_ipif/I_SLAVE_ATTACHMENT/I_DECODER/IP2Bus_Data[5]_i_12_n_0
    SLICE_X113Y96        LUT4 (Prop_F6LUT_SLICEM_I1_O)
                                                      0.098     4.327 f  design_1_i/usp_rf_data_converter_0/inst/i_axi_lite_ipif/I_SLAVE_ATTACHMENT/I_DECODER/IP2Bus_Data[5]_i_4/O
                         net (fo=1, routed)           0.274     4.601    design_1_i/usp_rf_data_converter_0/inst/i_axi_lite_ipif/I_SLAVE_ATTACHMENT/I_DECODER/IP2Bus_Data[5]_i_4_n_0
    SLICE_X113Y108       LUT6 (Prop_D6LUT_SLICEM_I3_O)
                                                      0.051     4.652 r  design_1_i/usp_rf_data_converter_0/inst/i_axi_lite_ipif/I_SLAVE_ATTACHMENT/I_DECODER/IP2Bus_Data[5]_i_1/O
                         net (fo=1, routed)           0.072     4.724    design_1_i/usp_rf_data_converter_0/inst/i_axi_lite_ipif_n_79
    SLICE_X113Y108       FDRE                                         r  design_1_i/usp_rf_data_converter_0/inst/IP2Bus_Data_reg[5]/D
  -------------------------------------------------------------------    -------------------

                         (clock clk_pl_0 rise edge)
                                                      0.000     0.000 r  
    PS8_X0Y0             PS8                          0.000     0.000 r  design_1_i/zynq_ultra_ps_e_0/U0/PS8_i/PLCLK[0]
                         net (fo=1, routed)           0.157     0.157    design_1_i/zynq_ultra_ps_e_0/U0/pl_clk_unbuffered[0]
    BUFG_PS_X0Y58        BUFG_PS (Prop_BUFG_PS_I_O)
                                                      0.025     0.182 r  design_1_i/zynq_ultra_ps_e_0/U0/buffer_pl_clk_0.PL_CLK_0_BUFG/O
    X2Y2 (CLOCK_ROOT)    net (fo=6912, routed)        1.827     2.009    design_1_i/usp_rf_data_converter_0/inst/s_axi_aclk
    SLICE_X113Y108       FDRE                                         r  design_1_i/usp_rf_data_converter_0/inst/IP2Bus_Data_reg[5]/C

Slack:                    inf
  Source:                 design_1_i/usp_rf_data_converter_0/inst/design_1_usp_rf_data_converter_0_0_rf_wrapper_i/rx0_u_adc/INTERNAL_FABRIC_CLK0
                            (rising edge-triggered cell HSADC clocked by clk_pl_0  {rise@0.000ns fall@5.156ns period=10.312ns})
  Destination:            design_1_i/Receiver_0/U0/sin_wave_demodulate_struct/dut/slave_fifo/fifo/comp1.core_instance1/U0/inst_fifo_gen/gconvfifo.rf/grf.rf/gntv_or_sync_fifo.mem/gbm.gbmg.gbmga.ngecc.bmg/inst_blk_mem_gen/gnbram.gnativebmg.native_blk_mem_gen/valid.cstr/ramloop[0].ram.r/prim_noinit.ram/DEVICE_8SERIES.NO_BMM_INFO.SDP.SIMPLE_PRIM36.ram/DINADIN[27]
                            (rising edge-triggered cell RAMB36E2 clocked by clk_pl_0  {rise@0.000ns fall@5.156ns period=10.312ns})
  Path Group:             (none)
  Path Type:              Setup (Max at Slow Process Corner)
  Data Path Delay:        2.085ns  (logic 0.367ns (17.602%)  route 1.718ns (82.398%))
  Logic Levels:           0  
  Clock Path Skew:        -0.509ns (DCD - SCD + CPR)
    Destination Clock Delay (DCD):    1.905ns
    Source Clock Delay      (SCD):    2.414ns
    Clock Pessimism Removal (CPR):    0.000ns
  Clock Uncertainty:      0.159ns  ((TSJ^2 + DJ^2)^1/2) / 2 + PE
    Total System Jitter     (TSJ):    0.071ns
    Discrete Jitter          (DJ):    0.310ns
    Phase Error              (PE):    0.000ns
  Clock Net Delay (Source):      2.112ns (routing 0.467ns, distribution 1.645ns)
  Clock Net Delay (Destination): 1.723ns (routing 0.423ns, distribution 1.300ns)
  Timing Exception:       False Path

    Location             Delay type                Incr(ns)  Path(ns)    Netlist Resource(s)
  -------------------------------------------------------------------    -------------------
                         (clock clk_pl_0 rise edge)
                                                      0.000     0.000 r  
    PS8_X0Y0             PS8                          0.000     0.000 r  design_1_i/zynq_ultra_ps_e_0/U0/PS8_i/PLCLK[0]
                         net (fo=1, routed)           0.198     0.198    design_1_i/zynq_ultra_ps_e_0/U0/pl_clk_unbuffered[0]
    BUFG_PS_X0Y58        BUFG_PS (Prop_BUFG_PS_I_O)
                                                      0.028     0.226 r  design_1_i/zynq_ultra_ps_e_0/U0/buffer_pl_clk_0.PL_CLK_0_BUFG/O
    X2Y2 (CLOCK_ROOT)    net (fo=6912, routed)        2.112     2.338    design_1_i/usp_rf_data_converter_0/inst/design_1_usp_rf_data_converter_0_0_rf_wrapper_i/m0_axis_aclk
    HSADC_X0Y0           HSADC (Prop_HSADC_FABRIC_CLK_INTERNAL_FABRIC_CLK0)
                                                      0.076     2.414 r  design_1_i/usp_rf_data_converter_0/inst/design_1_usp_rf_data_converter_0_0_rf_wrapper_i/rx0_u_adc/INTERNAL_FABRIC_CLK0
  -------------------------------------------------------------------    -------------------
    HSADC_X0Y0           HSADC (Prop_HSADC_INTERNAL_FABRIC_CLK0_DATA_ADC0[27])
                                                      0.367     2.781 r  design_1_i/usp_rf_data_converter_0/inst/design_1_usp_rf_data_converter_0_0_rf_wrapper_i/rx0_u_adc/DATA_ADC0[27]
                         net (fo=1, routed)           1.718     4.499    design_1_i/Receiver_0/U0/sin_wave_demodulate_struct/dut/slave_fifo/fifo/comp1.core_instance1/U0/inst_fifo_gen/gconvfifo.rf/grf.rf/gntv_or_sync_fifo.mem/gbm.gbmg.gbmga.ngecc.bmg/inst_blk_mem_gen/gnbram.gnativebmg.native_blk_mem_gen/valid.cstr/ramloop[0].ram.r/prim_noinit.ram/din[28]
    RAMB36_X9Y19         RAMB36E2                                     r  design_1_i/Receiver_0/U0/sin_wave_demodulate_struct/dut/slave_fifo/fifo/comp1.core_instance1/U0/inst_fifo_gen/gconvfifo.rf/grf.rf/gntv_or_sync_fifo.mem/gbm.gbmg.gbmga.ngecc.bmg/inst_blk_mem_gen/gnbram.gnativebmg.native_blk_mem_gen/valid.cstr/ramloop[0].ram.r/prim_noinit.ram/DEVICE_8SERIES.NO_BMM_INFO.SDP.SIMPLE_PRIM36.ram/DINADIN[27]
  -------------------------------------------------------------------    -------------------

                         (clock clk_pl_0 rise edge)
                                                      0.000     0.000 r  
    PS8_X0Y0             PS8                          0.000     0.000 r  design_1_i/zynq_ultra_ps_e_0/U0/PS8_i/PLCLK[0]
                         net (fo=1, routed)           0.157     0.157    design_1_i/zynq_ultra_ps_e_0/U0/pl_clk_unbuffered[0]
    BUFG_PS_X0Y58        BUFG_PS (Prop_BUFG_PS_I_O)
                                                      0.025     0.182 r  design_1_i/zynq_ultra_ps_e_0/U0/buffer_pl_clk_0.PL_CLK_0_BUFG/O
    X2Y2 (CLOCK_ROOT)    net (fo=6912, routed)        1.723     1.905    design_1_i/Receiver_0/U0/sin_wave_demodulate_struct/dut/slave_fifo/fifo/comp1.core_instance1/U0/inst_fifo_gen/gconvfifo.rf/grf.rf/gntv_or_sync_fifo.mem/gbm.gbmg.gbmga.ngecc.bmg/inst_blk_mem_gen/gnbram.gnativebmg.native_blk_mem_gen/valid.cstr/ramloop[0].ram.r/prim_noinit.ram/clk
    RAMB36_X9Y19         RAMB36E2                                     r  design_1_i/Receiver_0/U0/sin_wave_demodulate_struct/dut/slave_fifo/fifo/comp1.core_instance1/U0/inst_fifo_gen/gconvfifo.rf/grf.rf/gntv_or_sync_fifo.mem/gbm.gbmg.gbmga.ngecc.bmg/inst_blk_mem_gen/gnbram.gnativebmg.native_blk_mem_gen/valid.cstr/ramloop[0].ram.r/prim_noinit.ram/DEVICE_8SERIES.NO_BMM_INFO.SDP.SIMPLE_PRIM36.ram/CLKARDCLK

Slack:                    inf
  Source:                 design_1_i/usp_rf_data_converter_0/inst/design_1_usp_rf_data_converter_0_0_rf_wrapper_i/rx0_u_adc/INTERNAL_FABRIC_CLK0
                            (rising edge-triggered cell HSADC clocked by clk_pl_0  {rise@0.000ns fall@5.156ns period=10.312ns})
  Destination:            design_1_i/Receiver_0/U0/sin_wave_demodulate_struct/dut/slave_fifo/fifo/comp1.core_instance1/U0/inst_fifo_gen/gconvfifo.rf/grf.rf/gntv_or_sync_fifo.mem/gbm.gbmg.gbmga.ngecc.bmg/inst_blk_mem_gen/gnbram.gnativebmg.native_blk_mem_gen/valid.cstr/ramloop[0].ram.r/prim_noinit.ram/DEVICE_8SERIES.NO_BMM_INFO.SDP.SIMPLE_PRIM36.ram/DINADIN[25]
                            (rising edge-triggered cell RAMB36E2 clocked by clk_pl_0  {rise@0.000ns fall@5.156ns period=10.312ns})
  Path Group:             (none)
  Path Type:              Setup (Max at Slow Process Corner)
  Data Path Delay:        2.084ns  (logic 0.369ns (17.706%)  route 1.715ns (82.294%))
  Logic Levels:           0  
  Clock Path Skew:        -0.509ns (DCD - SCD + CPR)
    Destination Clock Delay (DCD):    1.905ns
    Source Clock Delay      (SCD):    2.414ns
    Clock Pessimism Removal (CPR):    0.000ns
  Clock Uncertainty:      0.159ns  ((TSJ^2 + DJ^2)^1/2) / 2 + PE
    Total System Jitter     (TSJ):    0.071ns
    Discrete Jitter          (DJ):    0.310ns
    Phase Error              (PE):    0.000ns
  Clock Net Delay (Source):      2.112ns (routing 0.467ns, distribution 1.645ns)
  Clock Net Delay (Destination): 1.723ns (routing 0.423ns, distribution 1.300ns)
  Timing Exception:       False Path

    Location             Delay type                Incr(ns)  Path(ns)    Netlist Resource(s)
  -------------------------------------------------------------------    -------------------
                         (clock clk_pl_0 rise edge)
                                                      0.000     0.000 r  
    PS8_X0Y0             PS8                          0.000     0.000 r  design_1_i/zynq_ultra_ps_e_0/U0/PS8_i/PLCLK[0]
                         net (fo=1, routed)           0.198     0.198    design_1_i/zynq_ultra_ps_e_0/U0/pl_clk_unbuffered[0]
    BUFG_PS_X0Y58        BUFG_PS (Prop_BUFG_PS_I_O)
                                                      0.028     0.226 r  design_1_i/zynq_ultra_ps_e_0/U0/buffer_pl_clk_0.PL_CLK_0_BUFG/O
    X2Y2 (CLOCK_ROOT)    net (fo=6912, routed)        2.112     2.338    design_1_i/usp_rf_data_converter_0/inst/design_1_usp_rf_data_converter_0_0_rf_wrapper_i/m0_axis_aclk
    HSADC_X0Y0           HSADC (Prop_HSADC_FABRIC_CLK_INTERNAL_FABRIC_CLK0)
                                                      0.076     2.414 r  design_1_i/usp_rf_data_converter_0/inst/design_1_usp_rf_data_converter_0_0_rf_wrapper_i/rx0_u_adc/INTERNAL_FABRIC_CLK0
  -------------------------------------------------------------------    -------------------
    HSADC_X0Y0           HSADC (Prop_HSADC_INTERNAL_FABRIC_CLK0_DATA_ADC0[25])
                                                      0.369     2.783 r  design_1_i/usp_rf_data_converter_0/inst/design_1_usp_rf_data_converter_0_0_rf_wrapper_i/rx0_u_adc/DATA_ADC0[25]
                         net (fo=1, routed)           1.715     4.498    design_1_i/Receiver_0/U0/sin_wave_demodulate_struct/dut/slave_fifo/fifo/comp1.core_instance1/U0/inst_fifo_gen/gconvfifo.rf/grf.rf/gntv_or_sync_fifo.mem/gbm.gbmg.gbmga.ngecc.bmg/inst_blk_mem_gen/gnbram.gnativebmg.native_blk_mem_gen/valid.cstr/ramloop[0].ram.r/prim_noinit.ram/din[26]
    RAMB36_X9Y19         RAMB36E2                                     r  design_1_i/Receiver_0/U0/sin_wave_demodulate_struct/dut/slave_fifo/fifo/comp1.core_instance1/U0/inst_fifo_gen/gconvfifo.rf/grf.rf/gntv_or_sync_fifo.mem/gbm.gbmg.gbmga.ngecc.bmg/inst_blk_mem_gen/gnbram.gnativebmg.native_blk_mem_gen/valid.cstr/ramloop[0].ram.r/prim_noinit.ram/DEVICE_8SERIES.NO_BMM_INFO.SDP.SIMPLE_PRIM36.ram/DINADIN[25]
  -------------------------------------------------------------------    -------------------

                         (clock clk_pl_0 rise edge)
                                                      0.000     0.000 r  
    PS8_X0Y0             PS8                          0.000     0.000 r  design_1_i/zynq_ultra_ps_e_0/U0/PS8_i/PLCLK[0]
                         net (fo=1, routed)           0.157     0.157    design_1_i/zynq_ultra_ps_e_0/U0/pl_clk_unbuffered[0]
    BUFG_PS_X0Y58        BUFG_PS (Prop_BUFG_PS_I_O)
                                                      0.025     0.182 r  design_1_i/zynq_ultra_ps_e_0/U0/buffer_pl_clk_0.PL_CLK_0_BUFG/O
    X2Y2 (CLOCK_ROOT)    net (fo=6912, routed)        1.723     1.905    design_1_i/Receiver_0/U0/sin_wave_demodulate_struct/dut/slave_fifo/fifo/comp1.core_instance1/U0/inst_fifo_gen/gconvfifo.rf/grf.rf/gntv_or_sync_fifo.mem/gbm.gbmg.gbmga.ngecc.bmg/inst_blk_mem_gen/gnbram.gnativebmg.native_blk_mem_gen/valid.cstr/ramloop[0].ram.r/prim_noinit.ram/clk
    RAMB36_X9Y19         RAMB36E2                                     r  design_1_i/Receiver_0/U0/sin_wave_demodulate_struct/dut/slave_fifo/fifo/comp1.core_instance1/U0/inst_fifo_gen/gconvfifo.rf/grf.rf/gntv_or_sync_fifo.mem/gbm.gbmg.gbmga.ngecc.bmg/inst_blk_mem_gen/gnbram.gnativebmg.native_blk_mem_gen/valid.cstr/ramloop[0].ram.r/prim_noinit.ram/DEVICE_8SERIES.NO_BMM_INFO.SDP.SIMPLE_PRIM36.ram/CLKARDCLK

Slack:                    inf
  Source:                 design_1_i/usp_rf_data_converter_0/inst/design_1_usp_rf_data_converter_0_0_rf_wrapper_i/rx0_u_adc/INTERNAL_FABRIC_CLK0
                            (rising edge-triggered cell HSADC clocked by clk_pl_0  {rise@0.000ns fall@5.156ns period=10.312ns})
  Destination:            design_1_i/Receiver_0/U0/sin_wave_demodulate_struct/dut/slave_fifo/fifo/comp1.core_instance1/U0/inst_fifo_gen/gconvfifo.rf/grf.rf/gntv_or_sync_fifo.mem/gbm.gbmg.gbmga.ngecc.bmg/inst_blk_mem_gen/gnbram.gnativebmg.native_blk_mem_gen/valid.cstr/ramloop[0].ram.r/prim_noinit.ram/DEVICE_8SERIES.NO_BMM_INFO.SDP.SIMPLE_PRIM36.ram/DINADIN[12]
                            (rising edge-triggered cell RAMB36E2 clocked by clk_pl_0  {rise@0.000ns fall@5.156ns period=10.312ns})
  Path Group:             (none)
  Path Type:              Setup (Max at Slow Process Corner)
  Data Path Delay:        2.034ns  (logic 0.364ns (17.896%)  route 1.670ns (82.104%))
  Logic Levels:           0  
  Clock Path Skew:        -0.509ns (DCD - SCD + CPR)
    Destination Clock Delay (DCD):    1.905ns
    Source Clock Delay      (SCD):    2.414ns
    Clock Pessimism Removal (CPR):    0.000ns
  Clock Uncertainty:      0.159ns  ((TSJ^2 + DJ^2)^1/2) / 2 + PE
    Total System Jitter     (TSJ):    0.071ns
    Discrete Jitter          (DJ):    0.310ns
    Phase Error              (PE):    0.000ns
  Clock Net Delay (Source):      2.112ns (routing 0.467ns, distribution 1.645ns)
  Clock Net Delay (Destination): 1.723ns (routing 0.423ns, distribution 1.300ns)
  Timing Exception:       False Path

    Location             Delay type                Incr(ns)  Path(ns)    Netlist Resource(s)
  -------------------------------------------------------------------    -------------------
                         (clock clk_pl_0 rise edge)
                                                      0.000     0.000 r  
    PS8_X0Y0             PS8                          0.000     0.000 r  design_1_i/zynq_ultra_ps_e_0/U0/PS8_i/PLCLK[0]
                         net (fo=1, routed)           0.198     0.198    design_1_i/zynq_ultra_ps_e_0/U0/pl_clk_unbuffered[0]
    BUFG_PS_X0Y58        BUFG_PS (Prop_BUFG_PS_I_O)
                                                      0.028     0.226 r  design_1_i/zynq_ultra_ps_e_0/U0/buffer_pl_clk_0.PL_CLK_0_BUFG/O
    X2Y2 (CLOCK_ROOT)    net (fo=6912, routed)        2.112     2.338    design_1_i/usp_rf_data_converter_0/inst/design_1_usp_rf_data_converter_0_0_rf_wrapper_i/m0_axis_aclk
    HSADC_X0Y0           HSADC (Prop_HSADC_FABRIC_CLK_INTERNAL_FABRIC_CLK0)
                                                      0.076     2.414 r  design_1_i/usp_rf_data_converter_0/inst/design_1_usp_rf_data_converter_0_0_rf_wrapper_i/rx0_u_adc/INTERNAL_FABRIC_CLK0
  -------------------------------------------------------------------    -------------------
    HSADC_X0Y0           HSADC (Prop_HSADC_INTERNAL_FABRIC_CLK0_DATA_ADC0[12])
                                                      0.364     2.778 r  design_1_i/usp_rf_data_converter_0/inst/design_1_usp_rf_data_converter_0_0_rf_wrapper_i/rx0_u_adc/DATA_ADC0[12]
                         net (fo=1, routed)           1.670     4.448    design_1_i/Receiver_0/U0/sin_wave_demodulate_struct/dut/slave_fifo/fifo/comp1.core_instance1/U0/inst_fifo_gen/gconvfifo.rf/grf.rf/gntv_or_sync_fifo.mem/gbm.gbmg.gbmga.ngecc.bmg/inst_blk_mem_gen/gnbram.gnativebmg.native_blk_mem_gen/valid.cstr/ramloop[0].ram.r/prim_noinit.ram/din[13]
    RAMB36_X9Y19         RAMB36E2                                     r  design_1_i/Receiver_0/U0/sin_wave_demodulate_struct/dut/slave_fifo/fifo/comp1.core_instance1/U0/inst_fifo_gen/gconvfifo.rf/grf.rf/gntv_or_sync_fifo.mem/gbm.gbmg.gbmga.ngecc.bmg/inst_blk_mem_gen/gnbram.gnativebmg.native_blk_mem_gen/valid.cstr/ramloop[0].ram.r/prim_noinit.ram/DEVICE_8SERIES.NO_BMM_INFO.SDP.SIMPLE_PRIM36.ram/DINADIN[12]
  -------------------------------------------------------------------    -------------------

                         (clock clk_pl_0 rise edge)
                                                      0.000     0.000 r  
    PS8_X0Y0             PS8                          0.000     0.000 r  design_1_i/zynq_ultra_ps_e_0/U0/PS8_i/PLCLK[0]
                         net (fo=1, routed)           0.157     0.157    design_1_i/zynq_ultra_ps_e_0/U0/pl_clk_unbuffered[0]
    BUFG_PS_X0Y58        BUFG_PS (Prop_BUFG_PS_I_O)
                                                      0.025     0.182 r  design_1_i/zynq_ultra_ps_e_0/U0/buffer_pl_clk_0.PL_CLK_0_BUFG/O
    X2Y2 (CLOCK_ROOT)    net (fo=6912, routed)        1.723     1.905    design_1_i/Receiver_0/U0/sin_wave_demodulate_struct/dut/slave_fifo/fifo/comp1.core_instance1/U0/inst_fifo_gen/gconvfifo.rf/grf.rf/gntv_or_sync_fifo.mem/gbm.gbmg.gbmga.ngecc.bmg/inst_blk_mem_gen/gnbram.gnativebmg.native_blk_mem_gen/valid.cstr/ramloop[0].ram.r/prim_noinit.ram/clk
    RAMB36_X9Y19         RAMB36E2                                     r  design_1_i/Receiver_0/U0/sin_wave_demodulate_struct/dut/slave_fifo/fifo/comp1.core_instance1/U0/inst_fifo_gen/gconvfifo.rf/grf.rf/gntv_or_sync_fifo.mem/gbm.gbmg.gbmga.ngecc.bmg/inst_blk_mem_gen/gnbram.gnativebmg.native_blk_mem_gen/valid.cstr/ramloop[0].ram.r/prim_noinit.ram/DEVICE_8SERIES.NO_BMM_INFO.SDP.SIMPLE_PRIM36.ram/CLKARDCLK

Slack:                    inf
  Source:                 design_1_i/usp_rf_data_converter_0/inst/design_1_usp_rf_data_converter_0_0_rf_wrapper_i/rx0_u_adc/INTERNAL_FABRIC_CLK0
                            (rising edge-triggered cell HSADC clocked by clk_pl_0  {rise@0.000ns fall@5.156ns period=10.312ns})
  Destination:            design_1_i/Receiver_0/U0/sin_wave_demodulate_struct/dut/slave_fifo/fifo/comp1.core_instance1/U0/inst_fifo_gen/gconvfifo.rf/grf.rf/gntv_or_sync_fifo.mem/gbm.gbmg.gbmga.ngecc.bmg/inst_blk_mem_gen/gnbram.gnativebmg.native_blk_mem_gen/valid.cstr/ramloop[0].ram.r/prim_noinit.ram/DEVICE_8SERIES.NO_BMM_INFO.SDP.SIMPLE_PRIM36.ram/DINADIN[1]
                            (rising edge-triggered cell RAMB36E2 clocked by clk_pl_0  {rise@0.000ns fall@5.156ns period=10.312ns})
  Path Group:             (none)
  Path Type:              Setup (Max at Slow Process Corner)
  Data Path Delay:        2.027ns  (logic 0.360ns (17.760%)  route 1.667ns (82.240%))
  Logic Levels:           0  
  Clock Path Skew:        -0.509ns (DCD - SCD + CPR)
    Destination Clock Delay (DCD):    1.905ns
    Source Clock Delay      (SCD):    2.414ns
    Clock Pessimism Removal (CPR):    0.000ns
  Clock Uncertainty:      0.159ns  ((TSJ^2 + DJ^2)^1/2) / 2 + PE
    Total System Jitter     (TSJ):    0.071ns
    Discrete Jitter          (DJ):    0.310ns
    Phase Error              (PE):    0.000ns
  Clock Net Delay (Source):      2.112ns (routing 0.467ns, distribution 1.645ns)
  Clock Net Delay (Destination): 1.723ns (routing 0.423ns, distribution 1.300ns)
  Timing Exception:       False Path

    Location             Delay type                Incr(ns)  Path(ns)    Netlist Resource(s)
  -------------------------------------------------------------------    -------------------
                         (clock clk_pl_0 rise edge)
                                                      0.000     0.000 r  
    PS8_X0Y0             PS8                          0.000     0.000 r  design_1_i/zynq_ultra_ps_e_0/U0/PS8_i/PLCLK[0]
                         net (fo=1, routed)           0.198     0.198    design_1_i/zynq_ultra_ps_e_0/U0/pl_clk_unbuffered[0]
    BUFG_PS_X0Y58        BUFG_PS (Prop_BUFG_PS_I_O)
                                                      0.028     0.226 r  design_1_i/zynq_ultra_ps_e_0/U0/buffer_pl_clk_0.PL_CLK_0_BUFG/O
    X2Y2 (CLOCK_ROOT)    net (fo=6912, routed)        2.112     2.338    design_1_i/usp_rf_data_converter_0/inst/design_1_usp_rf_data_converter_0_0_rf_wrapper_i/m0_axis_aclk
    HSADC_X0Y0           HSADC (Prop_HSADC_FABRIC_CLK_INTERNAL_FABRIC_CLK0)
                                                      0.076     2.414 r  design_1_i/usp_rf_data_converter_0/inst/design_1_usp_rf_data_converter_0_0_rf_wrapper_i/rx0_u_adc/INTERNAL_FABRIC_CLK0
  -------------------------------------------------------------------    -------------------
    HSADC_X0Y0           HSADC (Prop_HSADC_INTERNAL_FABRIC_CLK0_DATA_ADC0[0])
                                                      0.360     2.774 r  design_1_i/usp_rf_data_converter_0/inst/design_1_usp_rf_data_converter_0_0_rf_wrapper_i/rx0_u_adc/DATA_ADC0[0]
                         net (fo=1, routed)           1.667     4.441    design_1_i/Receiver_0/U0/sin_wave_demodulate_struct/dut/slave_fifo/fifo/comp1.core_instance1/U0/inst_fifo_gen/gconvfifo.rf/grf.rf/gntv_or_sync_fifo.mem/gbm.gbmg.gbmga.ngecc.bmg/inst_blk_mem_gen/gnbram.gnativebmg.native_blk_mem_gen/valid.cstr/ramloop[0].ram.r/prim_noinit.ram/din[1]
    RAMB36_X9Y19         RAMB36E2                                     r  design_1_i/Receiver_0/U0/sin_wave_demodulate_struct/dut/slave_fifo/fifo/comp1.core_instance1/U0/inst_fifo_gen/gconvfifo.rf/grf.rf/gntv_or_sync_fifo.mem/gbm.gbmg.gbmga.ngecc.bmg/inst_blk_mem_gen/gnbram.gnativebmg.native_blk_mem_gen/valid.cstr/ramloop[0].ram.r/prim_noinit.ram/DEVICE_8SERIES.NO_BMM_INFO.SDP.SIMPLE_PRIM36.ram/DINADIN[1]
  -------------------------------------------------------------------    -------------------

                         (clock clk_pl_0 rise edge)
                                                      0.000     0.000 r  
    PS8_X0Y0             PS8                          0.000     0.000 r  design_1_i/zynq_ultra_ps_e_0/U0/PS8_i/PLCLK[0]
                         net (fo=1, routed)           0.157     0.157    design_1_i/zynq_ultra_ps_e_0/U0/pl_clk_unbuffered[0]
    BUFG_PS_X0Y58        BUFG_PS (Prop_BUFG_PS_I_O)
                                                      0.025     0.182 r  design_1_i/zynq_ultra_ps_e_0/U0/buffer_pl_clk_0.PL_CLK_0_BUFG/O
    X2Y2 (CLOCK_ROOT)    net (fo=6912, routed)        1.723     1.905    design_1_i/Receiver_0/U0/sin_wave_demodulate_struct/dut/slave_fifo/fifo/comp1.core_instance1/U0/inst_fifo_gen/gconvfifo.rf/grf.rf/gntv_or_sync_fifo.mem/gbm.gbmg.gbmga.ngecc.bmg/inst_blk_mem_gen/gnbram.gnativebmg.native_blk_mem_gen/valid.cstr/ramloop[0].ram.r/prim_noinit.ram/clk
    RAMB36_X9Y19         RAMB36E2                                     r  design_1_i/Receiver_0/U0/sin_wave_demodulate_struct/dut/slave_fifo/fifo/comp1.core_instance1/U0/inst_fifo_gen/gconvfifo.rf/grf.rf/gntv_or_sync_fifo.mem/gbm.gbmg.gbmga.ngecc.bmg/inst_blk_mem_gen/gnbram.gnativebmg.native_blk_mem_gen/valid.cstr/ramloop[0].ram.r/prim_noinit.ram/DEVICE_8SERIES.NO_BMM_INFO.SDP.SIMPLE_PRIM36.ram/CLKARDCLK

Slack:                    inf
  Source:                 design_1_i/usp_rf_data_converter_0/inst/design_1_usp_rf_data_converter_0_0_rf_wrapper_i/rx0_u_adc/INTERNAL_FABRIC_CLK0
                            (rising edge-triggered cell HSADC clocked by clk_pl_0  {rise@0.000ns fall@5.156ns period=10.312ns})
  Destination:            design_1_i/Receiver_0/U0/sin_wave_demodulate_struct/dut/slave_fifo/fifo/comp1.core_instance1/U0/inst_fifo_gen/gconvfifo.rf/grf.rf/gntv_or_sync_fifo.mem/gbm.gbmg.gbmga.ngecc.bmg/inst_blk_mem_gen/gnbram.gnativebmg.native_blk_mem_gen/valid.cstr/ramloop[0].ram.r/prim_noinit.ram/DEVICE_8SERIES.NO_BMM_INFO.SDP.SIMPLE_PRIM36.ram/DINADIN[10]
                            (rising edge-triggered cell RAMB36E2 clocked by clk_pl_0  {rise@0.000ns fall@5.156ns period=10.312ns})
  Path Group:             (none)
  Path Type:              Setup (Max at Slow Process Corner)
  Data Path Delay:        2.023ns  (logic 0.361ns (17.845%)  route 1.662ns (82.155%))
  Logic Levels:           0  
  Clock Path Skew:        -0.509ns (DCD - SCD + CPR)
    Destination Clock Delay (DCD):    1.905ns
    Source Clock Delay      (SCD):    2.414ns
    Clock Pessimism Removal (CPR):    0.000ns
  Clock Uncertainty:      0.159ns  ((TSJ^2 + DJ^2)^1/2) / 2 + PE
    Total System Jitter     (TSJ):    0.071ns
    Discrete Jitter          (DJ):    0.310ns
    Phase Error              (PE):    0.000ns
  Clock Net Delay (Source):      2.112ns (routing 0.467ns, distribution 1.645ns)
  Clock Net Delay (Destination): 1.723ns (routing 0.423ns, distribution 1.300ns)
  Timing Exception:       False Path

    Location             Delay type                Incr(ns)  Path(ns)    Netlist Resource(s)
  -------------------------------------------------------------------    -------------------
                         (clock clk_pl_0 rise edge)
                                                      0.000     0.000 r  
    PS8_X0Y0             PS8                          0.000     0.000 r  design_1_i/zynq_ultra_ps_e_0/U0/PS8_i/PLCLK[0]
                         net (fo=1, routed)           0.198     0.198    design_1_i/zynq_ultra_ps_e_0/U0/pl_clk_unbuffered[0]
    BUFG_PS_X0Y58        BUFG_PS (Prop_BUFG_PS_I_O)
                                                      0.028     0.226 r  design_1_i/zynq_ultra_ps_e_0/U0/buffer_pl_clk_0.PL_CLK_0_BUFG/O
    X2Y2 (CLOCK_ROOT)    net (fo=6912, routed)        2.112     2.338    design_1_i/usp_rf_data_converter_0/inst/design_1_usp_rf_data_converter_0_0_rf_wrapper_i/m0_axis_aclk
    HSADC_X0Y0           HSADC (Prop_HSADC_FABRIC_CLK_INTERNAL_FABRIC_CLK0)
                                                      0.076     2.414 r  design_1_i/usp_rf_data_converter_0/inst/design_1_usp_rf_data_converter_0_0_rf_wrapper_i/rx0_u_adc/INTERNAL_FABRIC_CLK0
  -------------------------------------------------------------------    -------------------
    HSADC_X0Y0           HSADC (Prop_HSADC_INTERNAL_FABRIC_CLK0_DATA_ADC0[10])
                                                      0.361     2.775 r  design_1_i/usp_rf_data_converter_0/inst/design_1_usp_rf_data_converter_0_0_rf_wrapper_i/rx0_u_adc/DATA_ADC0[10]
                         net (fo=1, routed)           1.662     4.437    design_1_i/Receiver_0/U0/sin_wave_demodulate_struct/dut/slave_fifo/fifo/comp1.core_instance1/U0/inst_fifo_gen/gconvfifo.rf/grf.rf/gntv_or_sync_fifo.mem/gbm.gbmg.gbmga.ngecc.bmg/inst_blk_mem_gen/gnbram.gnativebmg.native_blk_mem_gen/valid.cstr/ramloop[0].ram.r/prim_noinit.ram/din[11]
    RAMB36_X9Y19         RAMB36E2                                     r  design_1_i/Receiver_0/U0/sin_wave_demodulate_struct/dut/slave_fifo/fifo/comp1.core_instance1/U0/inst_fifo_gen/gconvfifo.rf/grf.rf/gntv_or_sync_fifo.mem/gbm.gbmg.gbmga.ngecc.bmg/inst_blk_mem_gen/gnbram.gnativebmg.native_blk_mem_gen/valid.cstr/ramloop[0].ram.r/prim_noinit.ram/DEVICE_8SERIES.NO_BMM_INFO.SDP.SIMPLE_PRIM36.ram/DINADIN[10]
  -------------------------------------------------------------------    -------------------

                         (clock clk_pl_0 rise edge)
                                                      0.000     0.000 r  
    PS8_X0Y0             PS8                          0.000     0.000 r  design_1_i/zynq_ultra_ps_e_0/U0/PS8_i/PLCLK[0]
                         net (fo=1, routed)           0.157     0.157    design_1_i/zynq_ultra_ps_e_0/U0/pl_clk_unbuffered[0]
    BUFG_PS_X0Y58        BUFG_PS (Prop_BUFG_PS_I_O)
                                                      0.025     0.182 r  design_1_i/zynq_ultra_ps_e_0/U0/buffer_pl_clk_0.PL_CLK_0_BUFG/O
    X2Y2 (CLOCK_ROOT)    net (fo=6912, routed)        1.723     1.905    design_1_i/Receiver_0/U0/sin_wave_demodulate_struct/dut/slave_fifo/fifo/comp1.core_instance1/U0/inst_fifo_gen/gconvfifo.rf/grf.rf/gntv_or_sync_fifo.mem/gbm.gbmg.gbmga.ngecc.bmg/inst_blk_mem_gen/gnbram.gnativebmg.native_blk_mem_gen/valid.cstr/ramloop[0].ram.r/prim_noinit.ram/clk
    RAMB36_X9Y19         RAMB36E2                                     r  design_1_i/Receiver_0/U0/sin_wave_demodulate_struct/dut/slave_fifo/fifo/comp1.core_instance1/U0/inst_fifo_gen/gconvfifo.rf/grf.rf/gntv_or_sync_fifo.mem/gbm.gbmg.gbmga.ngecc.bmg/inst_blk_mem_gen/gnbram.gnativebmg.native_blk_mem_gen/valid.cstr/ramloop[0].ram.r/prim_noinit.ram/DEVICE_8SERIES.NO_BMM_INFO.SDP.SIMPLE_PRIM36.ram/CLKARDCLK

Slack:                    inf
  Source:                 design_1_i/usp_rf_data_converter_0/inst/design_1_usp_rf_data_converter_0_0_rf_wrapper_i/rx0_u_adc/INTERNAL_FABRIC_CLK0
                            (rising edge-triggered cell HSADC clocked by clk_pl_0  {rise@0.000ns fall@5.156ns period=10.312ns})
  Destination:            design_1_i/Receiver_0/U0/sin_wave_demodulate_struct/dut/slave_fifo/fifo/comp1.core_instance1/U0/inst_fifo_gen/gconvfifo.rf/grf.rf/gntv_or_sync_fifo.mem/gbm.gbmg.gbmga.ngecc.bmg/inst_blk_mem_gen/gnbram.gnativebmg.native_blk_mem_gen/valid.cstr/ramloop[0].ram.r/prim_noinit.ram/DEVICE_8SERIES.NO_BMM_INFO.SDP.SIMPLE_PRIM36.ram/DINADIN[6]
                            (rising edge-triggered cell RAMB36E2 clocked by clk_pl_0  {rise@0.000ns fall@5.156ns period=10.312ns})
  Path Group:             (none)
  Path Type:              Setup (Max at Slow Process Corner)
  Data Path Delay:        1.999ns  (logic 0.359ns (17.959%)  route 1.640ns (82.041%))
  Logic Levels:           0  
  Clock Path Skew:        -0.509ns (DCD - SCD + CPR)
    Destination Clock Delay (DCD):    1.905ns
    Source Clock Delay      (SCD):    2.414ns
    Clock Pessimism Removal (CPR):    0.000ns
  Clock Uncertainty:      0.159ns  ((TSJ^2 + DJ^2)^1/2) / 2 + PE
    Total System Jitter     (TSJ):    0.071ns
    Discrete Jitter          (DJ):    0.310ns
    Phase Error              (PE):    0.000ns
  Clock Net Delay (Source):      2.112ns (routing 0.467ns, distribution 1.645ns)
  Clock Net Delay (Destination): 1.723ns (routing 0.423ns, distribution 1.300ns)
  Timing Exception:       False Path

    Location             Delay type                Incr(ns)  Path(ns)    Netlist Resource(s)
  -------------------------------------------------------------------    -------------------
                         (clock clk_pl_0 rise edge)
                                                      0.000     0.000 r  
    PS8_X0Y0             PS8                          0.000     0.000 r  design_1_i/zynq_ultra_ps_e_0/U0/PS8_i/PLCLK[0]
                         net (fo=1, routed)           0.198     0.198    design_1_i/zynq_ultra_ps_e_0/U0/pl_clk_unbuffered[0]
    BUFG_PS_X0Y58        BUFG_PS (Prop_BUFG_PS_I_O)
                                                      0.028     0.226 r  design_1_i/zynq_ultra_ps_e_0/U0/buffer_pl_clk_0.PL_CLK_0_BUFG/O
    X2Y2 (CLOCK_ROOT)    net (fo=6912, routed)        2.112     2.338    design_1_i/usp_rf_data_converter_0/inst/design_1_usp_rf_data_converter_0_0_rf_wrapper_i/m0_axis_aclk
    HSADC_X0Y0           HSADC (Prop_HSADC_FABRIC_CLK_INTERNAL_FABRIC_CLK0)
                                                      0.076     2.414 r  design_1_i/usp_rf_data_converter_0/inst/design_1_usp_rf_data_converter_0_0_rf_wrapper_i/rx0_u_adc/INTERNAL_FABRIC_CLK0
  -------------------------------------------------------------------    -------------------
    HSADC_X0Y0           HSADC (Prop_HSADC_INTERNAL_FABRIC_CLK0_DATA_ADC0[5])
                                                      0.359     2.773 r  design_1_i/usp_rf_data_converter_0/inst/design_1_usp_rf_data_converter_0_0_rf_wrapper_i/rx0_u_adc/DATA_ADC0[5]
                         net (fo=1, routed)           1.640     4.413    design_1_i/Receiver_0/U0/sin_wave_demodulate_struct/dut/slave_fifo/fifo/comp1.core_instance1/U0/inst_fifo_gen/gconvfifo.rf/grf.rf/gntv_or_sync_fifo.mem/gbm.gbmg.gbmga.ngecc.bmg/inst_blk_mem_gen/gnbram.gnativebmg.native_blk_mem_gen/valid.cstr/ramloop[0].ram.r/prim_noinit.ram/din[6]
    RAMB36_X9Y19         RAMB36E2                                     r  design_1_i/Receiver_0/U0/sin_wave_demodulate_struct/dut/slave_fifo/fifo/comp1.core_instance1/U0/inst_fifo_gen/gconvfifo.rf/grf.rf/gntv_or_sync_fifo.mem/gbm.gbmg.gbmga.ngecc.bmg/inst_blk_mem_gen/gnbram.gnativebmg.native_blk_mem_gen/valid.cstr/ramloop[0].ram.r/prim_noinit.ram/DEVICE_8SERIES.NO_BMM_INFO.SDP.SIMPLE_PRIM36.ram/DINADIN[6]
  -------------------------------------------------------------------    -------------------

                         (clock clk_pl_0 rise edge)
                                                      0.000     0.000 r  
    PS8_X0Y0             PS8                          0.000     0.000 r  design_1_i/zynq_ultra_ps_e_0/U0/PS8_i/PLCLK[0]
                         net (fo=1, routed)           0.157     0.157    design_1_i/zynq_ultra_ps_e_0/U0/pl_clk_unbuffered[0]
    BUFG_PS_X0Y58        BUFG_PS (Prop_BUFG_PS_I_O)
                                                      0.025     0.182 r  design_1_i/zynq_ultra_ps_e_0/U0/buffer_pl_clk_0.PL_CLK_0_BUFG/O
    X2Y2 (CLOCK_ROOT)    net (fo=6912, routed)        1.723     1.905    design_1_i/Receiver_0/U0/sin_wave_demodulate_struct/dut/slave_fifo/fifo/comp1.core_instance1/U0/inst_fifo_gen/gconvfifo.rf/grf.rf/gntv_or_sync_fifo.mem/gbm.gbmg.gbmga.ngecc.bmg/inst_blk_mem_gen/gnbram.gnativebmg.native_blk_mem_gen/valid.cstr/ramloop[0].ram.r/prim_noinit.ram/clk
    RAMB36_X9Y19         RAMB36E2                                     r  design_1_i/Receiver_0/U0/sin_wave_demodulate_struct/dut/slave_fifo/fifo/comp1.core_instance1/U0/inst_fifo_gen/gconvfifo.rf/grf.rf/gntv_or_sync_fifo.mem/gbm.gbmg.gbmga.ngecc.bmg/inst_blk_mem_gen/gnbram.gnativebmg.native_blk_mem_gen/valid.cstr/ramloop[0].ram.r/prim_noinit.ram/DEVICE_8SERIES.NO_BMM_INFO.SDP.SIMPLE_PRIM36.ram/CLKARDCLK

Slack:                    inf
  Source:                 design_1_i/usp_rf_data_converter_0/inst/design_1_usp_rf_data_converter_0_0_rf_wrapper_i/rx0_u_adc/INTERNAL_FABRIC_CLK0
                            (rising edge-triggered cell HSADC clocked by clk_pl_0  {rise@0.000ns fall@5.156ns period=10.312ns})
  Destination:            design_1_i/Receiver_0/U0/sin_wave_demodulate_struct/dut/slave_fifo/fifo/comp1.core_instance1/U0/inst_fifo_gen/gconvfifo.rf/grf.rf/gntv_or_sync_fifo.mem/gbm.gbmg.gbmga.ngecc.bmg/inst_blk_mem_gen/gnbram.gnativebmg.native_blk_mem_gen/valid.cstr/ramloop[0].ram.r/prim_noinit.ram/DEVICE_8SERIES.NO_BMM_INFO.SDP.SIMPLE_PRIM36.ram/DINADIN[29]
                            (rising edge-triggered cell RAMB36E2 clocked by clk_pl_0  {rise@0.000ns fall@5.156ns period=10.312ns})
  Path Group:             (none)
  Path Type:              Setup (Max at Slow Process Corner)
  Data Path Delay:        1.994ns  (logic 0.367ns (18.405%)  route 1.627ns (81.595%))
  Logic Levels:           0  
  Clock Path Skew:        -0.509ns (DCD - SCD + CPR)
    Destination Clock Delay (DCD):    1.905ns
    Source Clock Delay      (SCD):    2.414ns
    Clock Pessimism Removal (CPR):    0.000ns
  Clock Uncertainty:      0.159ns  ((TSJ^2 + DJ^2)^1/2) / 2 + PE
    Total System Jitter     (TSJ):    0.071ns
    Discrete Jitter          (DJ):    0.310ns
    Phase Error              (PE):    0.000ns
  Clock Net Delay (Source):      2.112ns (routing 0.467ns, distribution 1.645ns)
  Clock Net Delay (Destination): 1.723ns (routing 0.423ns, distribution 1.300ns)
  Timing Exception:       False Path

    Location             Delay type                Incr(ns)  Path(ns)    Netlist Resource(s)
  -------------------------------------------------------------------    -------------------
                         (clock clk_pl_0 rise edge)
                                                      0.000     0.000 r  
    PS8_X0Y0             PS8                          0.000     0.000 r  design_1_i/zynq_ultra_ps_e_0/U0/PS8_i/PLCLK[0]
                         net (fo=1, routed)           0.198     0.198    design_1_i/zynq_ultra_ps_e_0/U0/pl_clk_unbuffered[0]
    BUFG_PS_X0Y58        BUFG_PS (Prop_BUFG_PS_I_O)
                                                      0.028     0.226 r  design_1_i/zynq_ultra_ps_e_0/U0/buffer_pl_clk_0.PL_CLK_0_BUFG/O
    X2Y2 (CLOCK_ROOT)    net (fo=6912, routed)        2.112     2.338    design_1_i/usp_rf_data_converter_0/inst/design_1_usp_rf_data_converter_0_0_rf_wrapper_i/m0_axis_aclk
    HSADC_X0Y0           HSADC (Prop_HSADC_FABRIC_CLK_INTERNAL_FABRIC_CLK0)
                                                      0.076     2.414 r  design_1_i/usp_rf_data_converter_0/inst/design_1_usp_rf_data_converter_0_0_rf_wrapper_i/rx0_u_adc/INTERNAL_FABRIC_CLK0
  -------------------------------------------------------------------    -------------------
    HSADC_X0Y0           HSADC (Prop_HSADC_INTERNAL_FABRIC_CLK0_DATA_ADC0[29])
                                                      0.367     2.781 r  design_1_i/usp_rf_data_converter_0/inst/design_1_usp_rf_data_converter_0_0_rf_wrapper_i/rx0_u_adc/DATA_ADC0[29]
                         net (fo=1, routed)           1.627     4.408    design_1_i/Receiver_0/U0/sin_wave_demodulate_struct/dut/slave_fifo/fifo/comp1.core_instance1/U0/inst_fifo_gen/gconvfifo.rf/grf.rf/gntv_or_sync_fifo.mem/gbm.gbmg.gbmga.ngecc.bmg/inst_blk_mem_gen/gnbram.gnativebmg.native_blk_mem_gen/valid.cstr/ramloop[0].ram.r/prim_noinit.ram/din[30]
    RAMB36_X9Y19         RAMB36E2                                     r  design_1_i/Receiver_0/U0/sin_wave_demodulate_struct/dut/slave_fifo/fifo/comp1.core_instance1/U0/inst_fifo_gen/gconvfifo.rf/grf.rf/gntv_or_sync_fifo.mem/gbm.gbmg.gbmga.ngecc.bmg/inst_blk_mem_gen/gnbram.gnativebmg.native_blk_mem_gen/valid.cstr/ramloop[0].ram.r/prim_noinit.ram/DEVICE_8SERIES.NO_BMM_INFO.SDP.SIMPLE_PRIM36.ram/DINADIN[29]
  -------------------------------------------------------------------    -------------------

                         (clock clk_pl_0 rise edge)
                                                      0.000     0.000 r  
    PS8_X0Y0             PS8                          0.000     0.000 r  design_1_i/zynq_ultra_ps_e_0/U0/PS8_i/PLCLK[0]
                         net (fo=1, routed)           0.157     0.157    design_1_i/zynq_ultra_ps_e_0/U0/pl_clk_unbuffered[0]
    BUFG_PS_X0Y58        BUFG_PS (Prop_BUFG_PS_I_O)
                                                      0.025     0.182 r  design_1_i/zynq_ultra_ps_e_0/U0/buffer_pl_clk_0.PL_CLK_0_BUFG/O
    X2Y2 (CLOCK_ROOT)    net (fo=6912, routed)        1.723     1.905    design_1_i/Receiver_0/U0/sin_wave_demodulate_struct/dut/slave_fifo/fifo/comp1.core_instance1/U0/inst_fifo_gen/gconvfifo.rf/grf.rf/gntv_or_sync_fifo.mem/gbm.gbmg.gbmga.ngecc.bmg/inst_blk_mem_gen/gnbram.gnativebmg.native_blk_mem_gen/valid.cstr/ramloop[0].ram.r/prim_noinit.ram/clk
    RAMB36_X9Y19         RAMB36E2                                     r  design_1_i/Receiver_0/U0/sin_wave_demodulate_struct/dut/slave_fifo/fifo/comp1.core_instance1/U0/inst_fifo_gen/gconvfifo.rf/grf.rf/gntv_or_sync_fifo.mem/gbm.gbmg.gbmga.ngecc.bmg/inst_blk_mem_gen/gnbram.gnativebmg.native_blk_mem_gen/valid.cstr/ramloop[0].ram.r/prim_noinit.ram/DEVICE_8SERIES.NO_BMM_INFO.SDP.SIMPLE_PRIM36.ram/CLKARDCLK





Min Delay Paths
--------------------------------------------------------------------------------------
Slack:                    inf
  Source:                 design_1_i/axi_fifo_mm_s/U0/COMP_IPIC2AXI_S/sig_str_rst_reg/C
                            (rising edge-triggered cell FDSE clocked by clk_pl_0  {rise@0.000ns fall@5.156ns period=10.312ns})
  Destination:            design_1_i/axi_fifo_mm_s/U0/COMP_IPIC2AXI_S/grxd.COMP_RX_FIFO/gfifo_gen.COMP_AXIS_FG_FIFO/COMP_FIFO/gaxis_rst_sync.xpm_cdc_sync_rst_inst/syncstages_ff_reg[0]/D
                            (rising edge-triggered cell FDRE clocked by clk_pl_0  {rise@0.000ns fall@5.156ns period=10.312ns})
  Path Group:             (none)
  Path Type:              Hold (Min at Fast Process Corner)
  Data Path Delay:        0.168ns  (logic 0.059ns (35.201%)  route 0.109ns (64.799%))
  Logic Levels:           1  (LUT3=1)
  Clock Path Skew:        0.146ns (DCD - SCD - CPR)
    Destination Clock Delay (DCD):    1.222ns
    Source Clock Delay      (SCD):    1.077ns
    Clock Pessimism Removal (CPR):    -0.000ns
  Clock Uncertainty:      0.159ns  ((TSJ^2 + DJ^2)^1/2) / 2 + PE
    Total System Jitter     (TSJ):    0.071ns
    Discrete Jitter          (DJ):    0.310ns
    Phase Error              (PE):    0.000ns
  Clock Net Delay (Source):      0.957ns (routing 0.252ns, distribution 0.705ns)
  Clock Net Delay (Destination): 1.075ns (routing 0.282ns, distribution 0.793ns)
  Timing Exception:       False Path

    Location             Delay type                Incr(ns)  Path(ns)    Netlist Resource(s)
  -------------------------------------------------------------------    -------------------
                         (clock clk_pl_0 rise edge)
                                                      0.000     0.000 r  
    PS8_X0Y0             PS8                          0.000     0.000 r  design_1_i/zynq_ultra_ps_e_0/U0/PS8_i/PLCLK[0]
                         net (fo=1, routed)           0.103     0.103    design_1_i/zynq_ultra_ps_e_0/U0/pl_clk_unbuffered[0]
    BUFG_PS_X0Y58        BUFG_PS (Prop_BUFG_PS_I_O)
                                                      0.017     0.120 r  design_1_i/zynq_ultra_ps_e_0/U0/buffer_pl_clk_0.PL_CLK_0_BUFG/O
    X2Y2 (CLOCK_ROOT)    net (fo=6912, routed)        0.957     1.077    design_1_i/axi_fifo_mm_s/U0/COMP_IPIC2AXI_S/s_axi_aclk
    SLICE_X27Y130        FDSE                                         r  design_1_i/axi_fifo_mm_s/U0/COMP_IPIC2AXI_S/sig_str_rst_reg/C
  -------------------------------------------------------------------    -------------------
    SLICE_X27Y130        FDSE (Prop_HFF_SLICEM_C_Q)
                                                      0.039     1.116 r  design_1_i/axi_fifo_mm_s/U0/COMP_IPIC2AXI_S/sig_str_rst_reg/Q
                         net (fo=4, routed)           0.103     1.218    design_1_i/axi_fifo_mm_s/U0/COMP_IPIC2AXI_S/grxd.COMP_RX_FIFO/gfifo_gen.COMP_AXIS_FG_FIFO/Axi_Str_TxD_AReset
    SLICE_X29Y129        LUT3 (Prop_H5LUT_SLICEL_I1_O)
                                                      0.020     1.238 r  design_1_i/axi_fifo_mm_s/U0/COMP_IPIC2AXI_S/grxd.COMP_RX_FIFO/gfifo_gen.COMP_AXIS_FG_FIFO/s2mm_prmry_reset_out_n_INST_0/O
                         net (fo=1, routed)           0.006     1.244    design_1_i/axi_fifo_mm_s/U0/COMP_IPIC2AXI_S/grxd.COMP_RX_FIFO/gfifo_gen.COMP_AXIS_FG_FIFO/COMP_FIFO/gaxis_rst_sync.xpm_cdc_sync_rst_inst/src_rst
    SLICE_X29Y129        FDRE                                         r  design_1_i/axi_fifo_mm_s/U0/COMP_IPIC2AXI_S/grxd.COMP_RX_FIFO/gfifo_gen.COMP_AXIS_FG_FIFO/COMP_FIFO/gaxis_rst_sync.xpm_cdc_sync_rst_inst/syncstages_ff_reg[0]/D
  -------------------------------------------------------------------    -------------------

                         (clock clk_pl_0 rise edge)
                                                      0.000     0.000 r  
    PS8_X0Y0             PS8                          0.000     0.000 r  design_1_i/zynq_ultra_ps_e_0/U0/PS8_i/PLCLK[0]
                         net (fo=1, routed)           0.129     0.129    design_1_i/zynq_ultra_ps_e_0/U0/pl_clk_unbuffered[0]
    BUFG_PS_X0Y58        BUFG_PS (Prop_BUFG_PS_I_O)
                                                      0.018     0.147 r  design_1_i/zynq_ultra_ps_e_0/U0/buffer_pl_clk_0.PL_CLK_0_BUFG/O
    X2Y2 (CLOCK_ROOT)    net (fo=6912, routed)        1.075     1.222    design_1_i/axi_fifo_mm_s/U0/COMP_IPIC2AXI_S/grxd.COMP_RX_FIFO/gfifo_gen.COMP_AXIS_FG_FIFO/COMP_FIFO/gaxis_rst_sync.xpm_cdc_sync_rst_inst/dest_clk
    SLICE_X29Y129        FDRE                                         r  design_1_i/axi_fifo_mm_s/U0/COMP_IPIC2AXI_S/grxd.COMP_RX_FIFO/gfifo_gen.COMP_AXIS_FG_FIFO/COMP_FIFO/gaxis_rst_sync.xpm_cdc_sync_rst_inst/syncstages_ff_reg[0]/C

Slack:                    inf
  Source:                 design_1_i/axi_smc/inst/clk_map/psr_aclk/U0/ACTIVE_LOW_BSR_OUT_DFF[0].FDRE_BSR_N/C
                            (rising edge-triggered cell FDRE clocked by clk_pl_0  {rise@0.000ns fall@5.156ns period=10.312ns})
  Destination:            design_1_i/axi_smc/inst/m00_exit_pipeline/m00_exit/inst/xpm_cdc_async_rst_inst/arststages_ff_reg[0]/CLR
                            (removal check against rising-edge clock clk_pl_0  {rise@0.000ns fall@5.156ns period=10.312ns})
  Path Group:             (none)
  Path Type:              Removal (Min at Fast Process Corner)
  Data Path Delay:        0.168ns  (logic 0.039ns (23.200%)  route 0.129ns (76.800%))
  Logic Levels:           0  
  Clock Path Skew:        0.150ns (DCD - SCD - CPR)
    Destination Clock Delay (DCD):    1.235ns
    Source Clock Delay      (SCD):    1.086ns
    Clock Pessimism Removal (CPR):    -0.000ns
  Clock Uncertainty:      0.159ns  ((TSJ^2 + DJ^2)^1/2) / 2 + PE
    Total System Jitter     (TSJ):    0.071ns
    Discrete Jitter          (DJ):    0.310ns
    Phase Error              (PE):    0.000ns
  Clock Net Delay (Source):      0.966ns (routing 0.252ns, distribution 0.714ns)
  Clock Net Delay (Destination): 1.088ns (routing 0.282ns, distribution 0.806ns)
  Timing Exception:       False Path

    Location             Delay type                Incr(ns)  Path(ns)    Netlist Resource(s)
  -------------------------------------------------------------------    -------------------
                         (clock clk_pl_0 rise edge)
                                                      0.000     0.000 r  
    PS8_X0Y0             PS8                          0.000     0.000 r  design_1_i/zynq_ultra_ps_e_0/U0/PS8_i/PLCLK[0]
                         net (fo=1, routed)           0.103     0.103    design_1_i/zynq_ultra_ps_e_0/U0/pl_clk_unbuffered[0]
    BUFG_PS_X0Y58        BUFG_PS (Prop_BUFG_PS_I_O)
                                                      0.017     0.120 r  design_1_i/zynq_ultra_ps_e_0/U0/buffer_pl_clk_0.PL_CLK_0_BUFG/O
    X2Y2 (CLOCK_ROOT)    net (fo=6912, routed)        0.966     1.086    design_1_i/axi_smc/inst/clk_map/psr_aclk/U0/aclk
    SLICE_X24Y108        FDRE                                         r  design_1_i/axi_smc/inst/clk_map/psr_aclk/U0/ACTIVE_LOW_BSR_OUT_DFF[0].FDRE_BSR_N/C
  -------------------------------------------------------------------    -------------------
    SLICE_X24Y108        FDRE (Prop_DFF_SLICEM_C_Q)
                                                      0.039     1.125 r  design_1_i/axi_smc/inst/clk_map/psr_aclk/U0/ACTIVE_LOW_BSR_OUT_DFF[0].FDRE_BSR_N/Q
                         net (fo=15, routed)          0.129     1.254    design_1_i/axi_smc/inst/m00_exit_pipeline/m00_exit/inst/xpm_cdc_async_rst_inst/src_arst
    SLICE_X25Y103        FDCE                                         f  design_1_i/axi_smc/inst/m00_exit_pipeline/m00_exit/inst/xpm_cdc_async_rst_inst/arststages_ff_reg[0]/CLR  (IS_INVERTED)
  -------------------------------------------------------------------    -------------------

                         (clock clk_pl_0 rise edge)
                                                      0.000     0.000 r  
    PS8_X0Y0             PS8                          0.000     0.000 r  design_1_i/zynq_ultra_ps_e_0/U0/PS8_i/PLCLK[0]
                         net (fo=1, routed)           0.129     0.129    design_1_i/zynq_ultra_ps_e_0/U0/pl_clk_unbuffered[0]
    BUFG_PS_X0Y58        BUFG_PS (Prop_BUFG_PS_I_O)
                                                      0.018     0.147 r  design_1_i/zynq_ultra_ps_e_0/U0/buffer_pl_clk_0.PL_CLK_0_BUFG/O
    X2Y2 (CLOCK_ROOT)    net (fo=6912, routed)        1.088     1.235    design_1_i/axi_smc/inst/m00_exit_pipeline/m00_exit/inst/xpm_cdc_async_rst_inst/dest_clk
    SLICE_X25Y103        FDCE                                         r  design_1_i/axi_smc/inst/m00_exit_pipeline/m00_exit/inst/xpm_cdc_async_rst_inst/arststages_ff_reg[0]/C

Slack:                    inf
  Source:                 design_1_i/axi_smc/inst/clk_map/psr_aclk/U0/ACTIVE_LOW_BSR_OUT_DFF[0].FDRE_BSR_N/C
                            (rising edge-triggered cell FDRE clocked by clk_pl_0  {rise@0.000ns fall@5.156ns period=10.312ns})
  Destination:            design_1_i/axi_smc/inst/m00_exit_pipeline/m00_exit/inst/xpm_cdc_async_rst_inst/arststages_ff_reg[1]/CLR
                            (removal check against rising-edge clock clk_pl_0  {rise@0.000ns fall@5.156ns period=10.312ns})
  Path Group:             (none)
  Path Type:              Removal (Min at Fast Process Corner)
  Data Path Delay:        0.168ns  (logic 0.039ns (23.200%)  route 0.129ns (76.800%))
  Logic Levels:           0  
  Clock Path Skew:        0.150ns (DCD - SCD - CPR)
    Destination Clock Delay (DCD):    1.235ns
    Source Clock Delay      (SCD):    1.086ns
    Clock Pessimism Removal (CPR):    -0.000ns
  Clock Uncertainty:      0.159ns  ((TSJ^2 + DJ^2)^1/2) / 2 + PE
    Total System Jitter     (TSJ):    0.071ns
    Discrete Jitter          (DJ):    0.310ns
    Phase Error              (PE):    0.000ns
  Clock Net Delay (Source):      0.966ns (routing 0.252ns, distribution 0.714ns)
  Clock Net Delay (Destination): 1.088ns (routing 0.282ns, distribution 0.806ns)
  Timing Exception:       False Path

    Location             Delay type                Incr(ns)  Path(ns)    Netlist Resource(s)
  -------------------------------------------------------------------    -------------------
                         (clock clk_pl_0 rise edge)
                                                      0.000     0.000 r  
    PS8_X0Y0             PS8                          0.000     0.000 r  design_1_i/zynq_ultra_ps_e_0/U0/PS8_i/PLCLK[0]
                         net (fo=1, routed)           0.103     0.103    design_1_i/zynq_ultra_ps_e_0/U0/pl_clk_unbuffered[0]
    BUFG_PS_X0Y58        BUFG_PS (Prop_BUFG_PS_I_O)
                                                      0.017     0.120 r  design_1_i/zynq_ultra_ps_e_0/U0/buffer_pl_clk_0.PL_CLK_0_BUFG/O
    X2Y2 (CLOCK_ROOT)    net (fo=6912, routed)        0.966     1.086    design_1_i/axi_smc/inst/clk_map/psr_aclk/U0/aclk
    SLICE_X24Y108        FDRE                                         r  design_1_i/axi_smc/inst/clk_map/psr_aclk/U0/ACTIVE_LOW_BSR_OUT_DFF[0].FDRE_BSR_N/C
  -------------------------------------------------------------------    -------------------
    SLICE_X24Y108        FDRE (Prop_DFF_SLICEM_C_Q)
                                                      0.039     1.125 r  design_1_i/axi_smc/inst/clk_map/psr_aclk/U0/ACTIVE_LOW_BSR_OUT_DFF[0].FDRE_BSR_N/Q
                         net (fo=15, routed)          0.129     1.254    design_1_i/axi_smc/inst/m00_exit_pipeline/m00_exit/inst/xpm_cdc_async_rst_inst/src_arst
    SLICE_X25Y103        FDCE                                         f  design_1_i/axi_smc/inst/m00_exit_pipeline/m00_exit/inst/xpm_cdc_async_rst_inst/arststages_ff_reg[1]/CLR  (IS_INVERTED)
  -------------------------------------------------------------------    -------------------

                         (clock clk_pl_0 rise edge)
                                                      0.000     0.000 r  
    PS8_X0Y0             PS8                          0.000     0.000 r  design_1_i/zynq_ultra_ps_e_0/U0/PS8_i/PLCLK[0]
                         net (fo=1, routed)           0.129     0.129    design_1_i/zynq_ultra_ps_e_0/U0/pl_clk_unbuffered[0]
    BUFG_PS_X0Y58        BUFG_PS (Prop_BUFG_PS_I_O)
                                                      0.018     0.147 r  design_1_i/zynq_ultra_ps_e_0/U0/buffer_pl_clk_0.PL_CLK_0_BUFG/O
    X2Y2 (CLOCK_ROOT)    net (fo=6912, routed)        1.088     1.235    design_1_i/axi_smc/inst/m00_exit_pipeline/m00_exit/inst/xpm_cdc_async_rst_inst/dest_clk
    SLICE_X25Y103        FDCE                                         r  design_1_i/axi_smc/inst/m00_exit_pipeline/m00_exit/inst/xpm_cdc_async_rst_inst/arststages_ff_reg[1]/C

Slack:                    inf
  Source:                 design_1_i/axi_smc/inst/clk_map/psr_aclk/U0/ACTIVE_LOW_BSR_OUT_DFF[0].FDRE_BSR_N/C
                            (rising edge-triggered cell FDRE clocked by clk_pl_0  {rise@0.000ns fall@5.156ns period=10.312ns})
  Destination:            design_1_i/axi_smc/inst/m00_exit_pipeline/m00_exit/inst/xpm_cdc_async_rst_inst/arststages_ff_reg[2]/CLR
                            (removal check against rising-edge clock clk_pl_0  {rise@0.000ns fall@5.156ns period=10.312ns})
  Path Group:             (none)
  Path Type:              Removal (Min at Fast Process Corner)
  Data Path Delay:        0.168ns  (logic 0.039ns (23.200%)  route 0.129ns (76.800%))
  Logic Levels:           0  
  Clock Path Skew:        0.150ns (DCD - SCD - CPR)
    Destination Clock Delay (DCD):    1.235ns
    Source Clock Delay      (SCD):    1.086ns
    Clock Pessimism Removal (CPR):    -0.000ns
  Clock Uncertainty:      0.159ns  ((TSJ^2 + DJ^2)^1/2) / 2 + PE
    Total System Jitter     (TSJ):    0.071ns
    Discrete Jitter          (DJ):    0.310ns
    Phase Error              (PE):    0.000ns
  Clock Net Delay (Source):      0.966ns (routing 0.252ns, distribution 0.714ns)
  Clock Net Delay (Destination): 1.088ns (routing 0.282ns, distribution 0.806ns)
  Timing Exception:       False Path

    Location             Delay type                Incr(ns)  Path(ns)    Netlist Resource(s)
  -------------------------------------------------------------------    -------------------
                         (clock clk_pl_0 rise edge)
                                                      0.000     0.000 r  
    PS8_X0Y0             PS8                          0.000     0.000 r  design_1_i/zynq_ultra_ps_e_0/U0/PS8_i/PLCLK[0]
                         net (fo=1, routed)           0.103     0.103    design_1_i/zynq_ultra_ps_e_0/U0/pl_clk_unbuffered[0]
    BUFG_PS_X0Y58        BUFG_PS (Prop_BUFG_PS_I_O)
                                                      0.017     0.120 r  design_1_i/zynq_ultra_ps_e_0/U0/buffer_pl_clk_0.PL_CLK_0_BUFG/O
    X2Y2 (CLOCK_ROOT)    net (fo=6912, routed)        0.966     1.086    design_1_i/axi_smc/inst/clk_map/psr_aclk/U0/aclk
    SLICE_X24Y108        FDRE                                         r  design_1_i/axi_smc/inst/clk_map/psr_aclk/U0/ACTIVE_LOW_BSR_OUT_DFF[0].FDRE_BSR_N/C
  -------------------------------------------------------------------    -------------------
    SLICE_X24Y108        FDRE (Prop_DFF_SLICEM_C_Q)
                                                      0.039     1.125 r  design_1_i/axi_smc/inst/clk_map/psr_aclk/U0/ACTIVE_LOW_BSR_OUT_DFF[0].FDRE_BSR_N/Q
                         net (fo=15, routed)          0.129     1.254    design_1_i/axi_smc/inst/m00_exit_pipeline/m00_exit/inst/xpm_cdc_async_rst_inst/src_arst
    SLICE_X25Y103        FDCE                                         f  design_1_i/axi_smc/inst/m00_exit_pipeline/m00_exit/inst/xpm_cdc_async_rst_inst/arststages_ff_reg[2]/CLR  (IS_INVERTED)
  -------------------------------------------------------------------    -------------------

                         (clock clk_pl_0 rise edge)
                                                      0.000     0.000 r  
    PS8_X0Y0             PS8                          0.000     0.000 r  design_1_i/zynq_ultra_ps_e_0/U0/PS8_i/PLCLK[0]
                         net (fo=1, routed)           0.129     0.129    design_1_i/zynq_ultra_ps_e_0/U0/pl_clk_unbuffered[0]
    BUFG_PS_X0Y58        BUFG_PS (Prop_BUFG_PS_I_O)
                                                      0.018     0.147 r  design_1_i/zynq_ultra_ps_e_0/U0/buffer_pl_clk_0.PL_CLK_0_BUFG/O
    X2Y2 (CLOCK_ROOT)    net (fo=6912, routed)        1.088     1.235    design_1_i/axi_smc/inst/m00_exit_pipeline/m00_exit/inst/xpm_cdc_async_rst_inst/dest_clk
    SLICE_X25Y103        FDCE                                         r  design_1_i/axi_smc/inst/m00_exit_pipeline/m00_exit/inst/xpm_cdc_async_rst_inst/arststages_ff_reg[2]/C

Slack:                    inf
  Source:                 design_1_i/usp_rf_data_converter_0/inst/design_1_usp_rf_data_converter_0_0_rf_wrapper_i/adc0_done_i_reg/C
                            (rising edge-triggered cell FDRE clocked by clk_pl_0  {rise@0.000ns fall@5.156ns period=10.312ns})
  Destination:            design_1_i/usp_rf_data_converter_0/inst/design_1_usp_rf_data_converter_0_0_rf_wrapper_i/cdc_adc0_done_i/syncstages_ff_reg[0]/D
                            (rising edge-triggered cell FDRE clocked by clk_pl_0  {rise@0.000ns fall@5.156ns period=10.312ns})
  Path Group:             (none)
  Path Type:              Hold (Min at Fast Process Corner)
  Data Path Delay:        0.103ns  (logic 0.039ns (37.864%)  route 0.064ns (62.136%))
  Logic Levels:           0  
  Clock Path Skew:        0.168ns (DCD - SCD - CPR)
    Destination Clock Delay (DCD):    1.407ns
    Source Clock Delay      (SCD):    1.239ns
    Clock Pessimism Removal (CPR):    -0.000ns
  Clock Uncertainty:      0.159ns  ((TSJ^2 + DJ^2)^1/2) / 2 + PE
    Total System Jitter     (TSJ):    0.071ns
    Discrete Jitter          (DJ):    0.310ns
    Phase Error              (PE):    0.000ns
  Clock Net Delay (Source):      1.119ns (routing 0.252ns, distribution 0.867ns)
  Clock Net Delay (Destination): 1.260ns (routing 0.282ns, distribution 0.978ns)
  Timing Exception:       False Path

    Location             Delay type                Incr(ns)  Path(ns)    Netlist Resource(s)
  -------------------------------------------------------------------    -------------------
                         (clock clk_pl_0 rise edge)
                                                      0.000     0.000 r  
    PS8_X0Y0             PS8                          0.000     0.000 r  design_1_i/zynq_ultra_ps_e_0/U0/PS8_i/PLCLK[0]
                         net (fo=1, routed)           0.103     0.103    design_1_i/zynq_ultra_ps_e_0/U0/pl_clk_unbuffered[0]
    BUFG_PS_X0Y58        BUFG_PS (Prop_BUFG_PS_I_O)
                                                      0.017     0.120 r  design_1_i/zynq_ultra_ps_e_0/U0/buffer_pl_clk_0.PL_CLK_0_BUFG/O
    X2Y2 (CLOCK_ROOT)    net (fo=6912, routed)        1.119     1.239    design_1_i/usp_rf_data_converter_0/inst/design_1_usp_rf_data_converter_0_0_rf_wrapper_i/s_axi_aclk
    SLICE_X110Y91        FDRE                                         r  design_1_i/usp_rf_data_converter_0/inst/design_1_usp_rf_data_converter_0_0_rf_wrapper_i/adc0_done_i_reg/C
  -------------------------------------------------------------------    -------------------
    SLICE_X110Y91        FDRE (Prop_DFF_SLICEM_C_Q)
                                                      0.039     1.278 r  design_1_i/usp_rf_data_converter_0/inst/design_1_usp_rf_data_converter_0_0_rf_wrapper_i/adc0_done_i_reg/Q
                         net (fo=1, routed)           0.064     1.342    design_1_i/usp_rf_data_converter_0/inst/design_1_usp_rf_data_converter_0_0_rf_wrapper_i/cdc_adc0_done_i/src_in
    SLICE_X110Y91        FDRE                                         r  design_1_i/usp_rf_data_converter_0/inst/design_1_usp_rf_data_converter_0_0_rf_wrapper_i/cdc_adc0_done_i/syncstages_ff_reg[0]/D
  -------------------------------------------------------------------    -------------------

                         (clock clk_pl_0 rise edge)
                                                      0.000     0.000 r  
    PS8_X0Y0             PS8                          0.000     0.000 r  design_1_i/zynq_ultra_ps_e_0/U0/PS8_i/PLCLK[0]
                         net (fo=1, routed)           0.129     0.129    design_1_i/zynq_ultra_ps_e_0/U0/pl_clk_unbuffered[0]
    BUFG_PS_X0Y58        BUFG_PS (Prop_BUFG_PS_I_O)
                                                      0.018     0.147 r  design_1_i/zynq_ultra_ps_e_0/U0/buffer_pl_clk_0.PL_CLK_0_BUFG/O
    X2Y2 (CLOCK_ROOT)    net (fo=6912, routed)        1.260     1.407    design_1_i/usp_rf_data_converter_0/inst/design_1_usp_rf_data_converter_0_0_rf_wrapper_i/cdc_adc0_done_i/dest_clk
    SLICE_X110Y91        FDRE                                         r  design_1_i/usp_rf_data_converter_0/inst/design_1_usp_rf_data_converter_0_0_rf_wrapper_i/cdc_adc0_done_i/syncstages_ff_reg[0]/C

Slack:                    inf
  Source:                 design_1_i/rst_ps8_0_96M/U0/ACTIVE_LOW_PR_OUT_DFF[0].FDRE_PER_N/C
                            (rising edge-triggered cell FDRE clocked by clk_pl_0  {rise@0.000ns fall@5.156ns period=10.312ns})
  Destination:            design_1_i/axi_dma/U0/I_RST_MODULE/REG_HRD_RST/GENERATE_LEVEL_P_S_CDC.SINGLE_BIT.CROSS_PLEVEL_IN2SCNDRY_IN_cdc_to/D
                            (rising edge-triggered cell FDRE clocked by clk_pl_0  {rise@0.000ns fall@5.156ns period=10.312ns})
  Path Group:             (none)
  Path Type:              Hold (Min at Fast Process Corner)
  Data Path Delay:        0.438ns  (logic 0.039ns (8.899%)  route 0.399ns (91.101%))
  Logic Levels:           0  
  Clock Path Skew:        0.170ns (DCD - SCD - CPR)
    Destination Clock Delay (DCD):    1.245ns
    Source Clock Delay      (SCD):    1.075ns
    Clock Pessimism Removal (CPR):    -0.000ns
  Clock Uncertainty:      0.159ns  ((TSJ^2 + DJ^2)^1/2) / 2 + PE
    Total System Jitter     (TSJ):    0.071ns
    Discrete Jitter          (DJ):    0.310ns
    Phase Error              (PE):    0.000ns
  Clock Net Delay (Source):      0.955ns (routing 0.252ns, distribution 0.703ns)
  Clock Net Delay (Destination): 1.098ns (routing 0.282ns, distribution 0.816ns)
  Timing Exception:       False Path

    Location             Delay type                Incr(ns)  Path(ns)    Netlist Resource(s)
  -------------------------------------------------------------------    -------------------
                         (clock clk_pl_0 rise edge)
                                                      0.000     0.000 r  
    PS8_X0Y0             PS8                          0.000     0.000 r  design_1_i/zynq_ultra_ps_e_0/U0/PS8_i/PLCLK[0]
                         net (fo=1, routed)           0.103     0.103    design_1_i/zynq_ultra_ps_e_0/U0/pl_clk_unbuffered[0]
    BUFG_PS_X0Y58        BUFG_PS (Prop_BUFG_PS_I_O)
                                                      0.017     0.120 r  design_1_i/zynq_ultra_ps_e_0/U0/buffer_pl_clk_0.PL_CLK_0_BUFG/O
    X2Y2 (CLOCK_ROOT)    net (fo=6912, routed)        0.955     1.075    design_1_i/rst_ps8_0_96M/U0/slowest_sync_clk
    SLICE_X27Y135        FDRE                                         r  design_1_i/rst_ps8_0_96M/U0/ACTIVE_LOW_PR_OUT_DFF[0].FDRE_PER_N/C
  -------------------------------------------------------------------    -------------------
    SLICE_X27Y135        FDRE (Prop_EFF2_SLICEM_C_Q)
                                                      0.039     1.114 r  design_1_i/rst_ps8_0_96M/U0/ACTIVE_LOW_PR_OUT_DFF[0].FDRE_PER_N/Q
                         net (fo=945, routed)         0.399     1.513    design_1_i/axi_dma/U0/I_RST_MODULE/REG_HRD_RST/axi_resetn
    SLICE_X24Y102        FDRE                                         r  design_1_i/axi_dma/U0/I_RST_MODULE/REG_HRD_RST/GENERATE_LEVEL_P_S_CDC.SINGLE_BIT.CROSS_PLEVEL_IN2SCNDRY_IN_cdc_to/D
  -------------------------------------------------------------------    -------------------

                         (clock clk_pl_0 rise edge)
                                                      0.000     0.000 r  
    PS8_X0Y0             PS8                          0.000     0.000 r  design_1_i/zynq_ultra_ps_e_0/U0/PS8_i/PLCLK[0]
                         net (fo=1, routed)           0.129     0.129    design_1_i/zynq_ultra_ps_e_0/U0/pl_clk_unbuffered[0]
    BUFG_PS_X0Y58        BUFG_PS (Prop_BUFG_PS_I_O)
                                                      0.018     0.147 r  design_1_i/zynq_ultra_ps_e_0/U0/buffer_pl_clk_0.PL_CLK_0_BUFG/O
    X2Y2 (CLOCK_ROOT)    net (fo=6912, routed)        1.098     1.245    design_1_i/axi_dma/U0/I_RST_MODULE/REG_HRD_RST/s_axi_lite_aclk
    SLICE_X24Y102        FDRE                                         r  design_1_i/axi_dma/U0/I_RST_MODULE/REG_HRD_RST/GENERATE_LEVEL_P_S_CDC.SINGLE_BIT.CROSS_PLEVEL_IN2SCNDRY_IN_cdc_to/C

Slack:                    inf
  Source:                 design_1_i/rst_ps8_0_96M/U0/ACTIVE_LOW_PR_OUT_DFF[0].FDRE_PER_N/C
                            (rising edge-triggered cell FDRE clocked by clk_pl_0  {rise@0.000ns fall@5.156ns period=10.312ns})
  Destination:            design_1_i/axi_dma/U0/I_RST_MODULE/REG_HRD_RST_OUT/GENERATE_LEVEL_P_S_CDC.SINGLE_BIT.CROSS_PLEVEL_IN2SCNDRY_IN_cdc_to/D
                            (rising edge-triggered cell FDRE clocked by clk_pl_0  {rise@0.000ns fall@5.156ns period=10.312ns})
  Path Group:             (none)
  Path Type:              Hold (Min at Fast Process Corner)
  Data Path Delay:        0.465ns  (logic 0.039ns (8.389%)  route 0.426ns (91.611%))
  Logic Levels:           0  
  Clock Path Skew:        0.154ns (DCD - SCD - CPR)
    Destination Clock Delay (DCD):    1.228ns
    Source Clock Delay      (SCD):    1.075ns
    Clock Pessimism Removal (CPR):    -0.000ns
  Clock Uncertainty:      0.159ns  ((TSJ^2 + DJ^2)^1/2) / 2 + PE
    Total System Jitter     (TSJ):    0.071ns
    Discrete Jitter          (DJ):    0.310ns
    Phase Error              (PE):    0.000ns
  Clock Net Delay (Source):      0.955ns (routing 0.252ns, distribution 0.703ns)
  Clock Net Delay (Destination): 1.081ns (routing 0.282ns, distribution 0.799ns)
  Timing Exception:       False Path

    Location             Delay type                Incr(ns)  Path(ns)    Netlist Resource(s)
  -------------------------------------------------------------------    -------------------
                         (clock clk_pl_0 rise edge)
                                                      0.000     0.000 r  
    PS8_X0Y0             PS8                          0.000     0.000 r  design_1_i/zynq_ultra_ps_e_0/U0/PS8_i/PLCLK[0]
                         net (fo=1, routed)           0.103     0.103    design_1_i/zynq_ultra_ps_e_0/U0/pl_clk_unbuffered[0]
    BUFG_PS_X0Y58        BUFG_PS (Prop_BUFG_PS_I_O)
                                                      0.017     0.120 r  design_1_i/zynq_ultra_ps_e_0/U0/buffer_pl_clk_0.PL_CLK_0_BUFG/O
    X2Y2 (CLOCK_ROOT)    net (fo=6912, routed)        0.955     1.075    design_1_i/rst_ps8_0_96M/U0/slowest_sync_clk
    SLICE_X27Y135        FDRE                                         r  design_1_i/rst_ps8_0_96M/U0/ACTIVE_LOW_PR_OUT_DFF[0].FDRE_PER_N/C
  -------------------------------------------------------------------    -------------------
    SLICE_X27Y135        FDRE (Prop_EFF2_SLICEM_C_Q)
                                                      0.039     1.114 r  design_1_i/rst_ps8_0_96M/U0/ACTIVE_LOW_PR_OUT_DFF[0].FDRE_PER_N/Q
                         net (fo=945, routed)         0.426     1.539    design_1_i/axi_dma/U0/I_RST_MODULE/REG_HRD_RST_OUT/axi_resetn
    SLICE_X27Y122        FDRE                                         r  design_1_i/axi_dma/U0/I_RST_MODULE/REG_HRD_RST_OUT/GENERATE_LEVEL_P_S_CDC.SINGLE_BIT.CROSS_PLEVEL_IN2SCNDRY_IN_cdc_to/D
  -------------------------------------------------------------------    -------------------

                         (clock clk_pl_0 rise edge)
                                                      0.000     0.000 r  
    PS8_X0Y0             PS8                          0.000     0.000 r  design_1_i/zynq_ultra_ps_e_0/U0/PS8_i/PLCLK[0]
                         net (fo=1, routed)           0.129     0.129    design_1_i/zynq_ultra_ps_e_0/U0/pl_clk_unbuffered[0]
    BUFG_PS_X0Y58        BUFG_PS (Prop_BUFG_PS_I_O)
                                                      0.018     0.147 r  design_1_i/zynq_ultra_ps_e_0/U0/buffer_pl_clk_0.PL_CLK_0_BUFG/O
    X2Y2 (CLOCK_ROOT)    net (fo=6912, routed)        1.081     1.228    design_1_i/axi_dma/U0/I_RST_MODULE/REG_HRD_RST_OUT/s_axi_lite_aclk
    SLICE_X27Y122        FDRE                                         r  design_1_i/axi_dma/U0/I_RST_MODULE/REG_HRD_RST_OUT/GENERATE_LEVEL_P_S_CDC.SINGLE_BIT.CROSS_PLEVEL_IN2SCNDRY_IN_cdc_to/C

Slack:                    inf
  Source:                 design_1_i/usp_rf_data_converter_0/inst/design_1_usp_rf_data_converter_0_0_rf_wrapper_i/dac0_done_i_reg/C
                            (rising edge-triggered cell FDRE clocked by clk_pl_0  {rise@0.000ns fall@5.156ns period=10.312ns})
  Destination:            design_1_i/usp_rf_data_converter_0/inst/design_1_usp_rf_data_converter_0_0_rf_wrapper_i/cdc_dac0_done_i/syncstages_ff_reg[0]/D
                            (rising edge-triggered cell FDRE clocked by clk_pl_0  {rise@0.000ns fall@5.156ns period=10.312ns})
  Path Group:             (none)
  Path Type:              Hold (Min at Fast Process Corner)
  Data Path Delay:        0.297ns  (logic 0.039ns (13.131%)  route 0.258ns (86.869%))
  Logic Levels:           0  
  Clock Path Skew:        0.129ns (DCD - SCD - CPR)
    Destination Clock Delay (DCD):    1.376ns
    Source Clock Delay      (SCD):    1.247ns
    Clock Pessimism Removal (CPR):    -0.000ns
  Clock Uncertainty:      0.159ns  ((TSJ^2 + DJ^2)^1/2) / 2 + PE
    Total System Jitter     (TSJ):    0.071ns
    Discrete Jitter          (DJ):    0.310ns
    Phase Error              (PE):    0.000ns
  Clock Net Delay (Source):      1.127ns (routing 0.252ns, distribution 0.875ns)
  Clock Net Delay (Destination): 1.229ns (routing 0.282ns, distribution 0.947ns)
  Timing Exception:       False Path

    Location             Delay type                Incr(ns)  Path(ns)    Netlist Resource(s)
  -------------------------------------------------------------------    -------------------
                         (clock clk_pl_0 rise edge)
                                                      0.000     0.000 r  
    PS8_X0Y0             PS8                          0.000     0.000 r  design_1_i/zynq_ultra_ps_e_0/U0/PS8_i/PLCLK[0]
                         net (fo=1, routed)           0.103     0.103    design_1_i/zynq_ultra_ps_e_0/U0/pl_clk_unbuffered[0]
    BUFG_PS_X0Y58        BUFG_PS (Prop_BUFG_PS_I_O)
                                                      0.017     0.120 r  design_1_i/zynq_ultra_ps_e_0/U0/buffer_pl_clk_0.PL_CLK_0_BUFG/O
    X2Y2 (CLOCK_ROOT)    net (fo=6912, routed)        1.127     1.247    design_1_i/usp_rf_data_converter_0/inst/design_1_usp_rf_data_converter_0_0_rf_wrapper_i/s_axi_aclk
    SLICE_X111Y114       FDRE                                         r  design_1_i/usp_rf_data_converter_0/inst/design_1_usp_rf_data_converter_0_0_rf_wrapper_i/dac0_done_i_reg/C
  -------------------------------------------------------------------    -------------------
    SLICE_X111Y114       FDRE (Prop_DFF_SLICEL_C_Q)
                                                      0.039     1.286 r  design_1_i/usp_rf_data_converter_0/inst/design_1_usp_rf_data_converter_0_0_rf_wrapper_i/dac0_done_i_reg/Q
                         net (fo=1, routed)           0.258     1.544    design_1_i/usp_rf_data_converter_0/inst/design_1_usp_rf_data_converter_0_0_rf_wrapper_i/cdc_dac0_done_i/src_in
    SLICE_X114Y151       FDRE                                         r  design_1_i/usp_rf_data_converter_0/inst/design_1_usp_rf_data_converter_0_0_rf_wrapper_i/cdc_dac0_done_i/syncstages_ff_reg[0]/D
  -------------------------------------------------------------------    -------------------

                         (clock clk_pl_0 rise edge)
                                                      0.000     0.000 r  
    PS8_X0Y0             PS8                          0.000     0.000 r  design_1_i/zynq_ultra_ps_e_0/U0/PS8_i/PLCLK[0]
                         net (fo=1, routed)           0.129     0.129    design_1_i/zynq_ultra_ps_e_0/U0/pl_clk_unbuffered[0]
    BUFG_PS_X0Y58        BUFG_PS (Prop_BUFG_PS_I_O)
                                                      0.018     0.147 r  design_1_i/zynq_ultra_ps_e_0/U0/buffer_pl_clk_0.PL_CLK_0_BUFG/O
    X2Y2 (CLOCK_ROOT)    net (fo=6912, routed)        1.229     1.376    design_1_i/usp_rf_data_converter_0/inst/design_1_usp_rf_data_converter_0_0_rf_wrapper_i/cdc_dac0_done_i/dest_clk
    SLICE_X114Y151       FDRE                                         r  design_1_i/usp_rf_data_converter_0/inst/design_1_usp_rf_data_converter_0_0_rf_wrapper_i/cdc_dac0_done_i/syncstages_ff_reg[0]/C

Slack:                    inf
  Source:                 design_1_i/rst_ps8_0_96M/U0/ACTIVE_LOW_PR_OUT_DFF[0].FDRE_PER_N/C
                            (rising edge-triggered cell FDRE clocked by clk_pl_0  {rise@0.000ns fall@5.156ns period=10.312ns})
  Destination:            design_1_i/axi_smc/inst/clk_map/psr_aclk/U0/EXT_LPF/ACTIVE_LOW_AUX.ACT_LO_AUX/GENERATE_LEVEL_P_S_CDC.SINGLE_BIT.CROSS_PLEVEL_IN2SCNDRY_IN_cdc_to/D
                            (rising edge-triggered cell FDRE clocked by clk_pl_0  {rise@0.000ns fall@5.156ns period=10.312ns})
  Path Group:             (none)
  Path Type:              Hold (Min at Fast Process Corner)
  Data Path Delay:        0.560ns  (logic 0.099ns (17.670%)  route 0.461ns (82.330%))
  Logic Levels:           1  (LUT1=1)
  Clock Path Skew:        0.165ns (DCD - SCD - CPR)
    Destination Clock Delay (DCD):    1.239ns
    Source Clock Delay      (SCD):    1.075ns
    Clock Pessimism Removal (CPR):    -0.000ns
  Clock Uncertainty:      0.159ns  ((TSJ^2 + DJ^2)^1/2) / 2 + PE
    Total System Jitter     (TSJ):    0.071ns
    Discrete Jitter          (DJ):    0.310ns
    Phase Error              (PE):    0.000ns
  Clock Net Delay (Source):      0.955ns (routing 0.252ns, distribution 0.703ns)
  Clock Net Delay (Destination): 1.092ns (routing 0.282ns, distribution 0.810ns)
  Timing Exception:       False Path

    Location             Delay type                Incr(ns)  Path(ns)    Netlist Resource(s)
  -------------------------------------------------------------------    -------------------
                         (clock clk_pl_0 rise edge)
                                                      0.000     0.000 r  
    PS8_X0Y0             PS8                          0.000     0.000 r  design_1_i/zynq_ultra_ps_e_0/U0/PS8_i/PLCLK[0]
                         net (fo=1, routed)           0.103     0.103    design_1_i/zynq_ultra_ps_e_0/U0/pl_clk_unbuffered[0]
    BUFG_PS_X0Y58        BUFG_PS (Prop_BUFG_PS_I_O)
                                                      0.017     0.120 r  design_1_i/zynq_ultra_ps_e_0/U0/buffer_pl_clk_0.PL_CLK_0_BUFG/O
    X2Y2 (CLOCK_ROOT)    net (fo=6912, routed)        0.955     1.075    design_1_i/rst_ps8_0_96M/U0/slowest_sync_clk
    SLICE_X27Y135        FDRE                                         r  design_1_i/rst_ps8_0_96M/U0/ACTIVE_LOW_PR_OUT_DFF[0].FDRE_PER_N/C
  -------------------------------------------------------------------    -------------------
    SLICE_X27Y135        FDRE (Prop_EFF2_SLICEM_C_Q)
                                                      0.039     1.114 f  design_1_i/rst_ps8_0_96M/U0/ACTIVE_LOW_PR_OUT_DFF[0].FDRE_PER_N/Q
                         net (fo=945, routed)         0.346     1.460    design_1_i/axi_smc/inst/clk_map/psr_aclk/U0/EXT_LPF/ACTIVE_LOW_AUX.ACT_LO_AUX/aresetn
    SLICE_X24Y111        LUT1 (Prop_G6LUT_SLICEM_I0_O)
                                                      0.060     1.520 r  design_1_i/axi_smc/inst/clk_map/psr_aclk/U0/EXT_LPF/ACTIVE_LOW_AUX.ACT_LO_AUX/GENERATE_LEVEL_P_S_CDC.SINGLE_BIT.CROSS_PLEVEL_IN2SCNDRY_IN_cdc_to_i_1/O
                         net (fo=1, routed)           0.115     1.635    design_1_i/axi_smc/inst/clk_map/psr_aclk/U0/EXT_LPF/ACTIVE_LOW_AUX.ACT_LO_AUX/asr_d1
    SLICE_X24Y111        FDRE                                         r  design_1_i/axi_smc/inst/clk_map/psr_aclk/U0/EXT_LPF/ACTIVE_LOW_AUX.ACT_LO_AUX/GENERATE_LEVEL_P_S_CDC.SINGLE_BIT.CROSS_PLEVEL_IN2SCNDRY_IN_cdc_to/D
  -------------------------------------------------------------------    -------------------

                         (clock clk_pl_0 rise edge)
                                                      0.000     0.000 r  
    PS8_X0Y0             PS8                          0.000     0.000 r  design_1_i/zynq_ultra_ps_e_0/U0/PS8_i/PLCLK[0]
                         net (fo=1, routed)           0.129     0.129    design_1_i/zynq_ultra_ps_e_0/U0/pl_clk_unbuffered[0]
    BUFG_PS_X0Y58        BUFG_PS (Prop_BUFG_PS_I_O)
                                                      0.018     0.147 r  design_1_i/zynq_ultra_ps_e_0/U0/buffer_pl_clk_0.PL_CLK_0_BUFG/O
    X2Y2 (CLOCK_ROOT)    net (fo=6912, routed)        1.092     1.239    design_1_i/axi_smc/inst/clk_map/psr_aclk/U0/EXT_LPF/ACTIVE_LOW_AUX.ACT_LO_AUX/aclk
    SLICE_X24Y111        FDRE                                         r  design_1_i/axi_smc/inst/clk_map/psr_aclk/U0/EXT_LPF/ACTIVE_LOW_AUX.ACT_LO_AUX/GENERATE_LEVEL_P_S_CDC.SINGLE_BIT.CROSS_PLEVEL_IN2SCNDRY_IN_cdc_to/C

Slack:                    inf
  Source:                 design_1_i/Data_generation_0/U0/sin_wave_modulate_struct/dut/master_fifo/fifo/comp0.core_instance0/U0/inst_fifo_gen/gconvfifo.rf/grf.rf/gntv_or_sync_fifo.mem/goreg_bm.dout_i_reg[14]/C
                            (rising edge-triggered cell FDRE clocked by clk_pl_0  {rise@0.000ns fall@5.156ns period=10.312ns})
  Destination:            design_1_i/usp_rf_data_converter_0/inst/design_1_usp_rf_data_converter_0_0_rf_wrapper_i/tx0_u_dac/DATA_DAC0[13]
                            (rising edge-triggered cell HSDAC clocked by clk_pl_0  {rise@0.000ns fall@5.156ns period=10.312ns})
  Path Group:             (none)
  Path Type:              Hold (Min at Fast Process Corner)
  Data Path Delay:        0.377ns  (logic 0.039ns (10.345%)  route 0.338ns (89.655%))
  Logic Levels:           0  
  Clock Path Skew:        0.313ns (DCD - SCD - CPR)
    Destination Clock Delay (DCD):    1.571ns
    Source Clock Delay      (SCD):    1.258ns
    Clock Pessimism Removal (CPR):    -0.000ns
  Clock Uncertainty:      0.159ns  ((TSJ^2 + DJ^2)^1/2) / 2 + PE
    Total System Jitter     (TSJ):    0.071ns
    Discrete Jitter          (DJ):    0.310ns
    Phase Error              (PE):    0.000ns
  Clock Net Delay (Source):      1.138ns (routing 0.252ns, distribution 0.886ns)
  Clock Net Delay (Destination): 1.320ns (routing 0.282ns, distribution 1.038ns)
  Timing Exception:       False Path

    Location             Delay type                Incr(ns)  Path(ns)    Netlist Resource(s)
  -------------------------------------------------------------------    -------------------
                         (clock clk_pl_0 rise edge)
                                                      0.000     0.000 r  
    PS8_X0Y0             PS8                          0.000     0.000 r  design_1_i/zynq_ultra_ps_e_0/U0/PS8_i/PLCLK[0]
                         net (fo=1, routed)           0.103     0.103    design_1_i/zynq_ultra_ps_e_0/U0/pl_clk_unbuffered[0]
    BUFG_PS_X0Y58        BUFG_PS (Prop_BUFG_PS_I_O)
                                                      0.017     0.120 r  design_1_i/zynq_ultra_ps_e_0/U0/buffer_pl_clk_0.PL_CLK_0_BUFG/O
    X2Y2 (CLOCK_ROOT)    net (fo=6912, routed)        1.138     1.258    design_1_i/Data_generation_0/U0/sin_wave_modulate_struct/dut/master_fifo/fifo/comp0.core_instance0/U0/inst_fifo_gen/gconvfifo.rf/grf.rf/gntv_or_sync_fifo.mem/clk
    SLICE_X117Y184       FDRE                                         r  design_1_i/Data_generation_0/U0/sin_wave_modulate_struct/dut/master_fifo/fifo/comp0.core_instance0/U0/inst_fifo_gen/gconvfifo.rf/grf.rf/gntv_or_sync_fifo.mem/goreg_bm.dout_i_reg[14]/C
  -------------------------------------------------------------------    -------------------
    SLICE_X117Y184       FDRE (Prop_FFF_SLICEL_C_Q)
                                                      0.039     1.297 r  design_1_i/Data_generation_0/U0/sin_wave_modulate_struct/dut/master_fifo/fifo/comp0.core_instance0/U0/inst_fifo_gen/gconvfifo.rf/grf.rf/gntv_or_sync_fifo.mem/goreg_bm.dout_i_reg[14]/Q
                         net (fo=1, routed)           0.338     1.635    design_1_i/usp_rf_data_converter_0/inst/design_1_usp_rf_data_converter_0_0_rf_wrapper_i/s00_axis_tdata[13]
    HSDAC_X0Y0           HSDAC                                        r  design_1_i/usp_rf_data_converter_0/inst/design_1_usp_rf_data_converter_0_0_rf_wrapper_i/tx0_u_dac/DATA_DAC0[13]
  -------------------------------------------------------------------    -------------------

                         (clock clk_pl_0 rise edge)
                                                      0.000     0.000 r  
    PS8_X0Y0             PS8                          0.000     0.000 r  design_1_i/zynq_ultra_ps_e_0/U0/PS8_i/PLCLK[0]
                         net (fo=1, routed)           0.129     0.129    design_1_i/zynq_ultra_ps_e_0/U0/pl_clk_unbuffered[0]
    BUFG_PS_X0Y58        BUFG_PS (Prop_BUFG_PS_I_O)
                                                      0.018     0.147 r  design_1_i/zynq_ultra_ps_e_0/U0/buffer_pl_clk_0.PL_CLK_0_BUFG/O
    X2Y2 (CLOCK_ROOT)    net (fo=6912, routed)        1.320     1.467    design_1_i/usp_rf_data_converter_0/inst/design_1_usp_rf_data_converter_0_0_rf_wrapper_i/s0_axis_aclk
    HSDAC_X0Y0           HSDAC (Prop_HSDAC_FABRIC_CLK_INTERNAL_FABRIC_CLK0)
                                                      0.104     1.571 r  design_1_i/usp_rf_data_converter_0/inst/design_1_usp_rf_data_converter_0_0_rf_wrapper_i/tx0_u_dac/INTERNAL_FABRIC_CLK0





--------------------------------------------------------------------------------------
Path Group:  (none)
From Clock:  clk_pl_0
  To Clock:  

Max Delay             6 Endpoints
Min Delay             6 Endpoints
--------------------------------------------------------------------------------------


Max Delay Paths
--------------------------------------------------------------------------------------
Slack:                    inf
  Source:                 design_1_i/zynq_ultra_ps_e_0/U0/PS8_i/PLCLK[0]
                            (clock source 'clk_pl_0'  {rise@0.000ns fall@5.156ns period=10.312ns})
  Destination:            design_1_i/usp_rf_data_converter_0/inst/design_1_usp_rf_data_converter_0_0_rf_wrapper_i/tx1_u_dac/PLL_MONCLK
  Path Group:             (none)
  Path Type:              Max at Slow Process Corner
  Data Path Delay:        2.375ns  (logic 0.028ns (1.179%)  route 2.347ns (98.821%))
  Logic Levels:           1  (BUFG_PS=1)
  Clock Uncertainty:      0.157ns  ((TSJ^2 + DJ^2)^1/2) / 2 + PE
    Total System Jitter     (TSJ):    0.050ns
    Discrete Jitter          (DJ):    0.310ns
    Phase Error              (PE):    0.000ns

    Location             Delay type                Incr(ns)  Path(ns)    Netlist Resource(s)
  -------------------------------------------------------------------    -------------------
                         (clock clk_pl_0 fall edge)
                                                      5.156     5.156 f  
    PS8_X0Y0             PS8                          0.000     5.156 f  design_1_i/zynq_ultra_ps_e_0/U0/PS8_i/PLCLK[0]
                         net (fo=1, routed)           0.198     5.354    design_1_i/zynq_ultra_ps_e_0/U0/pl_clk_unbuffered[0]
    BUFG_PS_X0Y58        BUFG_PS (Prop_BUFG_PS_I_O)
                                                      0.028     5.382 f  design_1_i/zynq_ultra_ps_e_0/U0/buffer_pl_clk_0.PL_CLK_0_BUFG/O
                         net (fo=6912, routed)        2.149     7.531    design_1_i/usp_rf_data_converter_0/inst/design_1_usp_rf_data_converter_0_0_rf_wrapper_i/s_axi_aclk
    HSDAC_X0Y1           HSDAC                                        f  design_1_i/usp_rf_data_converter_0/inst/design_1_usp_rf_data_converter_0_0_rf_wrapper_i/tx1_u_dac/PLL_MONCLK
  -------------------------------------------------------------------    -------------------

Slack:                    inf
  Source:                 design_1_i/zynq_ultra_ps_e_0/U0/PS8_i/PLCLK[0]
                            (clock source 'clk_pl_0'  {rise@0.000ns fall@5.156ns period=10.312ns})
  Destination:            design_1_i/usp_rf_data_converter_0/inst/design_1_usp_rf_data_converter_0_0_rf_wrapper_i/tx0_u_dac/PLL_MONCLK
  Path Group:             (none)
  Path Type:              Max at Slow Process Corner
  Data Path Delay:        2.355ns  (logic 0.028ns (1.189%)  route 2.327ns (98.811%))
  Logic Levels:           1  (BUFG_PS=1)
  Clock Uncertainty:      0.157ns  ((TSJ^2 + DJ^2)^1/2) / 2 + PE
    Total System Jitter     (TSJ):    0.050ns
    Discrete Jitter          (DJ):    0.310ns
    Phase Error              (PE):    0.000ns

    Location             Delay type                Incr(ns)  Path(ns)    Netlist Resource(s)
  -------------------------------------------------------------------    -------------------
                         (clock clk_pl_0 fall edge)
                                                      5.156     5.156 f  
    PS8_X0Y0             PS8                          0.000     5.156 f  design_1_i/zynq_ultra_ps_e_0/U0/PS8_i/PLCLK[0]
                         net (fo=1, routed)           0.198     5.354    design_1_i/zynq_ultra_ps_e_0/U0/pl_clk_unbuffered[0]
    BUFG_PS_X0Y58        BUFG_PS (Prop_BUFG_PS_I_O)
                                                      0.028     5.382 f  design_1_i/zynq_ultra_ps_e_0/U0/buffer_pl_clk_0.PL_CLK_0_BUFG/O
                         net (fo=6912, routed)        2.129     7.511    design_1_i/usp_rf_data_converter_0/inst/design_1_usp_rf_data_converter_0_0_rf_wrapper_i/s_axi_aclk
    HSDAC_X0Y0           HSDAC                                        f  design_1_i/usp_rf_data_converter_0/inst/design_1_usp_rf_data_converter_0_0_rf_wrapper_i/tx0_u_dac/PLL_MONCLK
  -------------------------------------------------------------------    -------------------

Slack:                    inf
  Source:                 design_1_i/zynq_ultra_ps_e_0/U0/PS8_i/PLCLK[0]
                            (clock source 'clk_pl_0'  {rise@0.000ns fall@5.156ns period=10.312ns})
  Destination:            design_1_i/usp_rf_data_converter_0/inst/design_1_usp_rf_data_converter_0_0_rf_wrapper_i/rx3_u_adc/PLL_MONCLK
  Path Group:             (none)
  Path Type:              Max at Slow Process Corner
  Data Path Delay:        2.332ns  (logic 0.028ns (1.201%)  route 2.304ns (98.799%))
  Logic Levels:           1  (BUFG_PS=1)
  Clock Uncertainty:      0.157ns  ((TSJ^2 + DJ^2)^1/2) / 2 + PE
    Total System Jitter     (TSJ):    0.050ns
    Discrete Jitter          (DJ):    0.310ns
    Phase Error              (PE):    0.000ns

    Location             Delay type                Incr(ns)  Path(ns)    Netlist Resource(s)
  -------------------------------------------------------------------    -------------------
                         (clock clk_pl_0 fall edge)
                                                      5.156     5.156 f  
    PS8_X0Y0             PS8                          0.000     5.156 f  design_1_i/zynq_ultra_ps_e_0/U0/PS8_i/PLCLK[0]
                         net (fo=1, routed)           0.198     5.354    design_1_i/zynq_ultra_ps_e_0/U0/pl_clk_unbuffered[0]
    BUFG_PS_X0Y58        BUFG_PS (Prop_BUFG_PS_I_O)
                                                      0.028     5.382 f  design_1_i/zynq_ultra_ps_e_0/U0/buffer_pl_clk_0.PL_CLK_0_BUFG/O
                         net (fo=6912, routed)        2.106     7.488    design_1_i/usp_rf_data_converter_0/inst/design_1_usp_rf_data_converter_0_0_rf_wrapper_i/s_axi_aclk
    HSADC_X0Y3           HSADC                                        f  design_1_i/usp_rf_data_converter_0/inst/design_1_usp_rf_data_converter_0_0_rf_wrapper_i/rx3_u_adc/PLL_MONCLK
  -------------------------------------------------------------------    -------------------

Slack:                    inf
  Source:                 design_1_i/zynq_ultra_ps_e_0/U0/PS8_i/PLCLK[0]
                            (clock source 'clk_pl_0'  {rise@0.000ns fall@5.156ns period=10.312ns})
  Destination:            design_1_i/usp_rf_data_converter_0/inst/design_1_usp_rf_data_converter_0_0_rf_wrapper_i/rx0_u_adc/PLL_MONCLK
  Path Group:             (none)
  Path Type:              Max at Slow Process Corner
  Data Path Delay:        2.327ns  (logic 0.028ns (1.203%)  route 2.299ns (98.797%))
  Logic Levels:           1  (BUFG_PS=1)
  Clock Uncertainty:      0.157ns  ((TSJ^2 + DJ^2)^1/2) / 2 + PE
    Total System Jitter     (TSJ):    0.050ns
    Discrete Jitter          (DJ):    0.310ns
    Phase Error              (PE):    0.000ns

    Location             Delay type                Incr(ns)  Path(ns)    Netlist Resource(s)
  -------------------------------------------------------------------    -------------------
                         (clock clk_pl_0 fall edge)
                                                      5.156     5.156 f  
    PS8_X0Y0             PS8                          0.000     5.156 f  design_1_i/zynq_ultra_ps_e_0/U0/PS8_i/PLCLK[0]
                         net (fo=1, routed)           0.198     5.354    design_1_i/zynq_ultra_ps_e_0/U0/pl_clk_unbuffered[0]
    BUFG_PS_X0Y58        BUFG_PS (Prop_BUFG_PS_I_O)
                                                      0.028     5.382 f  design_1_i/zynq_ultra_ps_e_0/U0/buffer_pl_clk_0.PL_CLK_0_BUFG/O
                         net (fo=6912, routed)        2.101     7.483    design_1_i/usp_rf_data_converter_0/inst/design_1_usp_rf_data_converter_0_0_rf_wrapper_i/s_axi_aclk
    HSADC_X0Y0           HSADC                                        f  design_1_i/usp_rf_data_converter_0/inst/design_1_usp_rf_data_converter_0_0_rf_wrapper_i/rx0_u_adc/PLL_MONCLK
  -------------------------------------------------------------------    -------------------

Slack:                    inf
  Source:                 design_1_i/zynq_ultra_ps_e_0/U0/PS8_i/PLCLK[0]
                            (clock source 'clk_pl_0'  {rise@0.000ns fall@5.156ns period=10.312ns})
  Destination:            design_1_i/usp_rf_data_converter_0/inst/design_1_usp_rf_data_converter_0_0_rf_wrapper_i/rx1_u_adc/PLL_MONCLK
  Path Group:             (none)
  Path Type:              Max at Slow Process Corner
  Data Path Delay:        2.326ns  (logic 0.028ns (1.204%)  route 2.298ns (98.796%))
  Logic Levels:           1  (BUFG_PS=1)
  Clock Uncertainty:      0.157ns  ((TSJ^2 + DJ^2)^1/2) / 2 + PE
    Total System Jitter     (TSJ):    0.050ns
    Discrete Jitter          (DJ):    0.310ns
    Phase Error              (PE):    0.000ns

    Location             Delay type                Incr(ns)  Path(ns)    Netlist Resource(s)
  -------------------------------------------------------------------    -------------------
                         (clock clk_pl_0 fall edge)
                                                      5.156     5.156 f  
    PS8_X0Y0             PS8                          0.000     5.156 f  design_1_i/zynq_ultra_ps_e_0/U0/PS8_i/PLCLK[0]
                         net (fo=1, routed)           0.198     5.354    design_1_i/zynq_ultra_ps_e_0/U0/pl_clk_unbuffered[0]
    BUFG_PS_X0Y58        BUFG_PS (Prop_BUFG_PS_I_O)
                                                      0.028     5.382 f  design_1_i/zynq_ultra_ps_e_0/U0/buffer_pl_clk_0.PL_CLK_0_BUFG/O
                         net (fo=6912, routed)        2.100     7.482    design_1_i/usp_rf_data_converter_0/inst/design_1_usp_rf_data_converter_0_0_rf_wrapper_i/s_axi_aclk
    HSADC_X0Y1           HSADC                                        f  design_1_i/usp_rf_data_converter_0/inst/design_1_usp_rf_data_converter_0_0_rf_wrapper_i/rx1_u_adc/PLL_MONCLK
  -------------------------------------------------------------------    -------------------

Slack:                    inf
  Source:                 design_1_i/zynq_ultra_ps_e_0/U0/PS8_i/PLCLK[0]
                            (clock source 'clk_pl_0'  {rise@0.000ns fall@5.156ns period=10.312ns})
  Destination:            design_1_i/usp_rf_data_converter_0/inst/design_1_usp_rf_data_converter_0_0_rf_wrapper_i/rx2_u_adc/PLL_MONCLK
  Path Group:             (none)
  Path Type:              Max at Slow Process Corner
  Data Path Delay:        2.284ns  (logic 0.028ns (1.226%)  route 2.256ns (98.774%))
  Logic Levels:           1  (BUFG_PS=1)
  Clock Uncertainty:      0.157ns  ((TSJ^2 + DJ^2)^1/2) / 2 + PE
    Total System Jitter     (TSJ):    0.050ns
    Discrete Jitter          (DJ):    0.310ns
    Phase Error              (PE):    0.000ns

    Location             Delay type                Incr(ns)  Path(ns)    Netlist Resource(s)
  -------------------------------------------------------------------    -------------------
                         (clock clk_pl_0 fall edge)
                                                      5.156     5.156 f  
    PS8_X0Y0             PS8                          0.000     5.156 f  design_1_i/zynq_ultra_ps_e_0/U0/PS8_i/PLCLK[0]
                         net (fo=1, routed)           0.198     5.354    design_1_i/zynq_ultra_ps_e_0/U0/pl_clk_unbuffered[0]
    BUFG_PS_X0Y58        BUFG_PS (Prop_BUFG_PS_I_O)
                                                      0.028     5.382 f  design_1_i/zynq_ultra_ps_e_0/U0/buffer_pl_clk_0.PL_CLK_0_BUFG/O
                         net (fo=6912, routed)        2.058     7.440    design_1_i/usp_rf_data_converter_0/inst/design_1_usp_rf_data_converter_0_0_rf_wrapper_i/s_axi_aclk
    HSADC_X0Y2           HSADC                                        f  design_1_i/usp_rf_data_converter_0/inst/design_1_usp_rf_data_converter_0_0_rf_wrapper_i/rx2_u_adc/PLL_MONCLK
  -------------------------------------------------------------------    -------------------





Min Delay Paths
--------------------------------------------------------------------------------------
Slack:                    inf
  Source:                 design_1_i/zynq_ultra_ps_e_0/U0/PS8_i/PLCLK[0]
                            (clock source 'clk_pl_0'  {rise@0.000ns fall@5.156ns period=10.312ns})
  Destination:            design_1_i/usp_rf_data_converter_0/inst/design_1_usp_rf_data_converter_0_0_rf_wrapper_i/rx2_u_adc/PLL_MONCLK
  Path Group:             (none)
  Path Type:              Min at Fast Process Corner
  Data Path Delay:        1.233ns  (logic 0.017ns (1.379%)  route 1.216ns (98.621%))
  Logic Levels:           1  (BUFG_PS=1)
  Clock Uncertainty:      0.157ns  ((TSJ^2 + DJ^2)^1/2) / 2 + PE
    Total System Jitter     (TSJ):    0.050ns
    Discrete Jitter          (DJ):    0.310ns
    Phase Error              (PE):    0.000ns

    Location             Delay type                Incr(ns)  Path(ns)    Netlist Resource(s)
  -------------------------------------------------------------------    -------------------
                         (clock clk_pl_0 rise edge)
                                                      0.000     0.000 r  
    PS8_X0Y0             PS8                          0.000     0.000 r  design_1_i/zynq_ultra_ps_e_0/U0/PS8_i/PLCLK[0]
                         net (fo=1, routed)           0.103     0.103    design_1_i/zynq_ultra_ps_e_0/U0/pl_clk_unbuffered[0]
    BUFG_PS_X0Y58        BUFG_PS (Prop_BUFG_PS_I_O)
                                                      0.017     0.120 r  design_1_i/zynq_ultra_ps_e_0/U0/buffer_pl_clk_0.PL_CLK_0_BUFG/O
                         net (fo=6912, routed)        1.113     1.233    design_1_i/usp_rf_data_converter_0/inst/design_1_usp_rf_data_converter_0_0_rf_wrapper_i/s_axi_aclk
    HSADC_X0Y2           HSADC                                        r  design_1_i/usp_rf_data_converter_0/inst/design_1_usp_rf_data_converter_0_0_rf_wrapper_i/rx2_u_adc/PLL_MONCLK
  -------------------------------------------------------------------    -------------------

Slack:                    inf
  Source:                 design_1_i/zynq_ultra_ps_e_0/U0/PS8_i/PLCLK[0]
                            (clock source 'clk_pl_0'  {rise@0.000ns fall@5.156ns period=10.312ns})
  Destination:            design_1_i/usp_rf_data_converter_0/inst/design_1_usp_rf_data_converter_0_0_rf_wrapper_i/rx1_u_adc/PLL_MONCLK
  Path Group:             (none)
  Path Type:              Min at Fast Process Corner
  Data Path Delay:        1.252ns  (logic 0.017ns (1.358%)  route 1.235ns (98.642%))
  Logic Levels:           1  (BUFG_PS=1)
  Clock Uncertainty:      0.157ns  ((TSJ^2 + DJ^2)^1/2) / 2 + PE
    Total System Jitter     (TSJ):    0.050ns
    Discrete Jitter          (DJ):    0.310ns
    Phase Error              (PE):    0.000ns

    Location             Delay type                Incr(ns)  Path(ns)    Netlist Resource(s)
  -------------------------------------------------------------------    -------------------
                         (clock clk_pl_0 rise edge)
                                                      0.000     0.000 r  
    PS8_X0Y0             PS8                          0.000     0.000 r  design_1_i/zynq_ultra_ps_e_0/U0/PS8_i/PLCLK[0]
                         net (fo=1, routed)           0.103     0.103    design_1_i/zynq_ultra_ps_e_0/U0/pl_clk_unbuffered[0]
    BUFG_PS_X0Y58        BUFG_PS (Prop_BUFG_PS_I_O)
                                                      0.017     0.120 r  design_1_i/zynq_ultra_ps_e_0/U0/buffer_pl_clk_0.PL_CLK_0_BUFG/O
                         net (fo=6912, routed)        1.132     1.252    design_1_i/usp_rf_data_converter_0/inst/design_1_usp_rf_data_converter_0_0_rf_wrapper_i/s_axi_aclk
    HSADC_X0Y1           HSADC                                        r  design_1_i/usp_rf_data_converter_0/inst/design_1_usp_rf_data_converter_0_0_rf_wrapper_i/rx1_u_adc/PLL_MONCLK
  -------------------------------------------------------------------    -------------------

Slack:                    inf
  Source:                 design_1_i/zynq_ultra_ps_e_0/U0/PS8_i/PLCLK[0]
                            (clock source 'clk_pl_0'  {rise@0.000ns fall@5.156ns period=10.312ns})
  Destination:            design_1_i/usp_rf_data_converter_0/inst/design_1_usp_rf_data_converter_0_0_rf_wrapper_i/rx3_u_adc/PLL_MONCLK
  Path Group:             (none)
  Path Type:              Min at Fast Process Corner
  Data Path Delay:        1.259ns  (logic 0.017ns (1.350%)  route 1.242ns (98.650%))
  Logic Levels:           1  (BUFG_PS=1)
  Clock Uncertainty:      0.157ns  ((TSJ^2 + DJ^2)^1/2) / 2 + PE
    Total System Jitter     (TSJ):    0.050ns
    Discrete Jitter          (DJ):    0.310ns
    Phase Error              (PE):    0.000ns

    Location             Delay type                Incr(ns)  Path(ns)    Netlist Resource(s)
  -------------------------------------------------------------------    -------------------
                         (clock clk_pl_0 rise edge)
                                                      0.000     0.000 r  
    PS8_X0Y0             PS8                          0.000     0.000 r  design_1_i/zynq_ultra_ps_e_0/U0/PS8_i/PLCLK[0]
                         net (fo=1, routed)           0.103     0.103    design_1_i/zynq_ultra_ps_e_0/U0/pl_clk_unbuffered[0]
    BUFG_PS_X0Y58        BUFG_PS (Prop_BUFG_PS_I_O)
                                                      0.017     0.120 r  design_1_i/zynq_ultra_ps_e_0/U0/buffer_pl_clk_0.PL_CLK_0_BUFG/O
                         net (fo=6912, routed)        1.139     1.259    design_1_i/usp_rf_data_converter_0/inst/design_1_usp_rf_data_converter_0_0_rf_wrapper_i/s_axi_aclk
    HSADC_X0Y3           HSADC                                        r  design_1_i/usp_rf_data_converter_0/inst/design_1_usp_rf_data_converter_0_0_rf_wrapper_i/rx3_u_adc/PLL_MONCLK
  -------------------------------------------------------------------    -------------------

Slack:                    inf
  Source:                 design_1_i/zynq_ultra_ps_e_0/U0/PS8_i/PLCLK[0]
                            (clock source 'clk_pl_0'  {rise@0.000ns fall@5.156ns period=10.312ns})
  Destination:            design_1_i/usp_rf_data_converter_0/inst/design_1_usp_rf_data_converter_0_0_rf_wrapper_i/rx0_u_adc/PLL_MONCLK
  Path Group:             (none)
  Path Type:              Min at Fast Process Corner
  Data Path Delay:        1.262ns  (logic 0.017ns (1.347%)  route 1.245ns (98.653%))
  Logic Levels:           1  (BUFG_PS=1)
  Clock Uncertainty:      0.157ns  ((TSJ^2 + DJ^2)^1/2) / 2 + PE
    Total System Jitter     (TSJ):    0.050ns
    Discrete Jitter          (DJ):    0.310ns
    Phase Error              (PE):    0.000ns

    Location             Delay type                Incr(ns)  Path(ns)    Netlist Resource(s)
  -------------------------------------------------------------------    -------------------
                         (clock clk_pl_0 rise edge)
                                                      0.000     0.000 r  
    PS8_X0Y0             PS8                          0.000     0.000 r  design_1_i/zynq_ultra_ps_e_0/U0/PS8_i/PLCLK[0]
                         net (fo=1, routed)           0.103     0.103    design_1_i/zynq_ultra_ps_e_0/U0/pl_clk_unbuffered[0]
    BUFG_PS_X0Y58        BUFG_PS (Prop_BUFG_PS_I_O)
                                                      0.017     0.120 r  design_1_i/zynq_ultra_ps_e_0/U0/buffer_pl_clk_0.PL_CLK_0_BUFG/O
                         net (fo=6912, routed)        1.142     1.262    design_1_i/usp_rf_data_converter_0/inst/design_1_usp_rf_data_converter_0_0_rf_wrapper_i/s_axi_aclk
    HSADC_X0Y0           HSADC                                        r  design_1_i/usp_rf_data_converter_0/inst/design_1_usp_rf_data_converter_0_0_rf_wrapper_i/rx0_u_adc/PLL_MONCLK
  -------------------------------------------------------------------    -------------------

Slack:                    inf
  Source:                 design_1_i/zynq_ultra_ps_e_0/U0/PS8_i/PLCLK[0]
                            (clock source 'clk_pl_0'  {rise@0.000ns fall@5.156ns period=10.312ns})
  Destination:            design_1_i/usp_rf_data_converter_0/inst/design_1_usp_rf_data_converter_0_0_rf_wrapper_i/tx0_u_dac/PLL_MONCLK
  Path Group:             (none)
  Path Type:              Min at Fast Process Corner
  Data Path Delay:        1.272ns  (logic 0.017ns (1.336%)  route 1.255ns (98.664%))
  Logic Levels:           1  (BUFG_PS=1)
  Clock Uncertainty:      0.157ns  ((TSJ^2 + DJ^2)^1/2) / 2 + PE
    Total System Jitter     (TSJ):    0.050ns
    Discrete Jitter          (DJ):    0.310ns
    Phase Error              (PE):    0.000ns

    Location             Delay type                Incr(ns)  Path(ns)    Netlist Resource(s)
  -------------------------------------------------------------------    -------------------
                         (clock clk_pl_0 rise edge)
                                                      0.000     0.000 r  
    PS8_X0Y0             PS8                          0.000     0.000 r  design_1_i/zynq_ultra_ps_e_0/U0/PS8_i/PLCLK[0]
                         net (fo=1, routed)           0.103     0.103    design_1_i/zynq_ultra_ps_e_0/U0/pl_clk_unbuffered[0]
    BUFG_PS_X0Y58        BUFG_PS (Prop_BUFG_PS_I_O)
                                                      0.017     0.120 r  design_1_i/zynq_ultra_ps_e_0/U0/buffer_pl_clk_0.PL_CLK_0_BUFG/O
                         net (fo=6912, routed)        1.152     1.272    design_1_i/usp_rf_data_converter_0/inst/design_1_usp_rf_data_converter_0_0_rf_wrapper_i/s_axi_aclk
    HSDAC_X0Y0           HSDAC                                        r  design_1_i/usp_rf_data_converter_0/inst/design_1_usp_rf_data_converter_0_0_rf_wrapper_i/tx0_u_dac/PLL_MONCLK
  -------------------------------------------------------------------    -------------------

Slack:                    inf
  Source:                 design_1_i/zynq_ultra_ps_e_0/U0/PS8_i/PLCLK[0]
                            (clock source 'clk_pl_0'  {rise@0.000ns fall@5.156ns period=10.312ns})
  Destination:            design_1_i/usp_rf_data_converter_0/inst/design_1_usp_rf_data_converter_0_0_rf_wrapper_i/tx1_u_dac/PLL_MONCLK
  Path Group:             (none)
  Path Type:              Min at Fast Process Corner
  Data Path Delay:        1.287ns  (logic 0.017ns (1.321%)  route 1.270ns (98.679%))
  Logic Levels:           1  (BUFG_PS=1)
  Clock Uncertainty:      0.157ns  ((TSJ^2 + DJ^2)^1/2) / 2 + PE
    Total System Jitter     (TSJ):    0.050ns
    Discrete Jitter          (DJ):    0.310ns
    Phase Error              (PE):    0.000ns

    Location             Delay type                Incr(ns)  Path(ns)    Netlist Resource(s)
  -------------------------------------------------------------------    -------------------
                         (clock clk_pl_0 rise edge)
                                                      0.000     0.000 r  
    PS8_X0Y0             PS8                          0.000     0.000 r  design_1_i/zynq_ultra_ps_e_0/U0/PS8_i/PLCLK[0]
                         net (fo=1, routed)           0.103     0.103    design_1_i/zynq_ultra_ps_e_0/U0/pl_clk_unbuffered[0]
    BUFG_PS_X0Y58        BUFG_PS (Prop_BUFG_PS_I_O)
                                                      0.017     0.120 r  design_1_i/zynq_ultra_ps_e_0/U0/buffer_pl_clk_0.PL_CLK_0_BUFG/O
                         net (fo=6912, routed)        1.167     1.287    design_1_i/usp_rf_data_converter_0/inst/design_1_usp_rf_data_converter_0_0_rf_wrapper_i/s_axi_aclk
    HSDAC_X0Y1           HSDAC                                        r  design_1_i/usp_rf_data_converter_0/inst/design_1_usp_rf_data_converter_0_0_rf_wrapper_i/tx1_u_dac/PLL_MONCLK
  -------------------------------------------------------------------    -------------------





--------------------------------------------------------------------------------------
Path Group:  (none)
From Clock:  
  To Clock:  clk_pl_0

Max Delay            23 Endpoints
Min Delay            23 Endpoints
--------------------------------------------------------------------------------------


Max Delay Paths
--------------------------------------------------------------------------------------
Slack:                    inf
  Source:                 design_1_i/usp_rf_data_converter_0/inst/design_1_usp_rf_data_converter_0_0_rf_wrapper_i/tx1_u_dac/STATUS_COMMON[1]
                            (internal pin)
  Destination:            design_1_i/usp_rf_data_converter_0/inst/IP2Bus_Data_reg[1]/D
                            (rising edge-triggered cell FDRE clocked by clk_pl_0  {rise@0.000ns fall@5.156ns period=10.312ns})
  Path Group:             (none)
  Path Type:              Setup (Max at Slow Process Corner)
  Data Path Delay:        3.338ns  (logic 0.584ns (17.494%)  route 2.754ns (82.506%))
  Logic Levels:           5  (LUT4=1 LUT5=1 LUT6=3)
  Clock Uncertainty:      0.157ns  ((TSJ^2 + DJ^2)^1/2) / 2 + PE
    Total System Jitter     (TSJ):    0.050ns
    Discrete Jitter          (DJ):    0.310ns
    Phase Error              (PE):    0.000ns
  Clock Net Delay (Destination): 1.806ns (routing 0.423ns, distribution 1.383ns)

    Location             Delay type                Incr(ns)  Path(ns)    Netlist Resource(s)
  -------------------------------------------------------------------    -------------------
    HSDAC_X0Y1           HSDAC                        0.000     0.000 r  design_1_i/usp_rf_data_converter_0/inst/design_1_usp_rf_data_converter_0_0_rf_wrapper_i/tx1_u_dac/STATUS_COMMON[1]
                         net (fo=2, routed)           2.029     2.029    design_1_i/usp_rf_data_converter_0/inst/i_axi_lite_ipif/I_SLAVE_ATTACHMENT/I_DECODER/dac1_common_stat[1]
    SLICE_X109Y108       LUT4 (Prop_B6LUT_SLICEM_I0_O)
                                                      0.100     2.129 r  design_1_i/usp_rf_data_converter_0/inst/i_axi_lite_ipif/I_SLAVE_ATTACHMENT/I_DECODER/IP2Bus_Data[1]_i_62/O
                         net (fo=1, routed)           0.106     2.235    design_1_i/usp_rf_data_converter_0/inst/i_axi_lite_ipif/I_SLAVE_ATTACHMENT/I_DECODER/IP2Bus_Data[1]_i_62_n_0
    SLICE_X109Y108       LUT5 (Prop_C6LUT_SLICEM_I4_O)
                                                      0.123     2.358 r  design_1_i/usp_rf_data_converter_0/inst/i_axi_lite_ipif/I_SLAVE_ATTACHMENT/I_DECODER/IP2Bus_Data[1]_i_32/O
                         net (fo=1, routed)           0.226     2.584    design_1_i/usp_rf_data_converter_0/inst/i_axi_lite_ipif/I_SLAVE_ATTACHMENT/I_DECODER/IP2Bus_Data[1]_i_32_n_0
    SLICE_X111Y110       LUT6 (Prop_F6LUT_SLICEL_I2_O)
                                                      0.123     2.707 r  design_1_i/usp_rf_data_converter_0/inst/i_axi_lite_ipif/I_SLAVE_ATTACHMENT/I_DECODER/IP2Bus_Data[1]_i_10/O
                         net (fo=1, routed)           0.058     2.765    design_1_i/usp_rf_data_converter_0/inst/i_axi_lite_ipif/I_SLAVE_ATTACHMENT/I_DECODER/IP2Bus_Data[1]_i_10_n_0
    SLICE_X111Y110       LUT6 (Prop_B6LUT_SLICEL_I4_O)
                                                      0.148     2.913 r  design_1_i/usp_rf_data_converter_0/inst/i_axi_lite_ipif/I_SLAVE_ATTACHMENT/I_DECODER/IP2Bus_Data[1]_i_2/O
                         net (fo=1, routed)           0.277     3.190    design_1_i/usp_rf_data_converter_0/inst/i_axi_lite_ipif/I_SLAVE_ATTACHMENT/I_DECODER/IP2Bus_Data[1]_i_2_n_0
    SLICE_X112Y102       LUT6 (Prop_H6LUT_SLICEM_I0_O)
                                                      0.090     3.280 r  design_1_i/usp_rf_data_converter_0/inst/i_axi_lite_ipif/I_SLAVE_ATTACHMENT/I_DECODER/IP2Bus_Data[1]_i_1/O
                         net (fo=1, routed)           0.058     3.338    design_1_i/usp_rf_data_converter_0/inst/i_axi_lite_ipif_n_83
    SLICE_X112Y102       FDRE                                         r  design_1_i/usp_rf_data_converter_0/inst/IP2Bus_Data_reg[1]/D
  -------------------------------------------------------------------    -------------------

                         (clock clk_pl_0 rise edge)
                                                      0.000     0.000 r  
    PS8_X0Y0             PS8                          0.000     0.000 r  design_1_i/zynq_ultra_ps_e_0/U0/PS8_i/PLCLK[0]
                         net (fo=1, routed)           0.157     0.157    design_1_i/zynq_ultra_ps_e_0/U0/pl_clk_unbuffered[0]
    BUFG_PS_X0Y58        BUFG_PS (Prop_BUFG_PS_I_O)
                                                      0.025     0.182 r  design_1_i/zynq_ultra_ps_e_0/U0/buffer_pl_clk_0.PL_CLK_0_BUFG/O
    X2Y2 (CLOCK_ROOT)    net (fo=6912, routed)        1.806     1.988    design_1_i/usp_rf_data_converter_0/inst/s_axi_aclk
    SLICE_X112Y102       FDRE                                         r  design_1_i/usp_rf_data_converter_0/inst/IP2Bus_Data_reg[1]/C

Slack:                    inf
  Source:                 design_1_i/usp_rf_data_converter_0/inst/design_1_usp_rf_data_converter_0_0_rf_wrapper_i/tx1_u_dac/STATUS_COMMON[7]
                            (internal pin)
  Destination:            design_1_i/usp_rf_data_converter_0/inst/IP2Bus_Data_reg[7]/D
                            (rising edge-triggered cell FDRE clocked by clk_pl_0  {rise@0.000ns fall@5.156ns period=10.312ns})
  Path Group:             (none)
  Path Type:              Setup (Max at Slow Process Corner)
  Data Path Delay:        3.042ns  (logic 0.347ns (11.407%)  route 2.695ns (88.593%))
  Logic Levels:           4  (LUT4=1 LUT5=1 LUT6=2)
  Clock Uncertainty:      0.157ns  ((TSJ^2 + DJ^2)^1/2) / 2 + PE
    Total System Jitter     (TSJ):    0.050ns
    Discrete Jitter          (DJ):    0.310ns
    Phase Error              (PE):    0.000ns
  Clock Net Delay (Destination): 1.808ns (routing 0.423ns, distribution 1.385ns)

    Location             Delay type                Incr(ns)  Path(ns)    Netlist Resource(s)
  -------------------------------------------------------------------    -------------------
    HSDAC_X0Y1           HSDAC                        0.000     0.000 r  design_1_i/usp_rf_data_converter_0/inst/design_1_usp_rf_data_converter_0_0_rf_wrapper_i/tx1_u_dac/STATUS_COMMON[7]
                         net (fo=1, routed)           2.066     2.066    design_1_i/usp_rf_data_converter_0/inst/i_axi_lite_ipif/I_SLAVE_ATTACHMENT/I_DECODER/dac1_common_stat[7]
    SLICE_X109Y112       LUT5 (Prop_H6LUT_SLICEM_I4_O)
                                                      0.125     2.191 r  design_1_i/usp_rf_data_converter_0/inst/i_axi_lite_ipif/I_SLAVE_ATTACHMENT/I_DECODER/IP2Bus_Data[7]_i_26/O
                         net (fo=1, routed)           0.041     2.232    design_1_i/usp_rf_data_converter_0/inst/i_axi_lite_ipif/I_SLAVE_ATTACHMENT/I_DECODER/IP2Bus_Data[7]_i_26_n_0
    SLICE_X109Y112       LUT4 (Prop_F6LUT_SLICEM_I2_O)
                                                      0.088     2.320 r  design_1_i/usp_rf_data_converter_0/inst/i_axi_lite_ipif/I_SLAVE_ATTACHMENT/I_DECODER/IP2Bus_Data[7]_i_13/O
                         net (fo=1, routed)           0.222     2.542    design_1_i/usp_rf_data_converter_0/inst/i_axi_lite_ipif/I_SLAVE_ATTACHMENT/I_DECODER/IP2Bus_Data[7]_i_13_n_0
    SLICE_X110Y111       LUT6 (Prop_C6LUT_SLICEM_I5_O)
                                                      0.098     2.640 f  design_1_i/usp_rf_data_converter_0/inst/i_axi_lite_ipif/I_SLAVE_ATTACHMENT/I_DECODER/IP2Bus_Data[7]_i_3/O
                         net (fo=1, routed)           0.317     2.957    design_1_i/usp_rf_data_converter_0/inst/i_axi_lite_ipif/I_SLAVE_ATTACHMENT/I_DECODER/IP2Bus_Data[7]_i_3_n_0
    SLICE_X111Y104       LUT6 (Prop_D6LUT_SLICEL_I2_O)
                                                      0.036     2.993 r  design_1_i/usp_rf_data_converter_0/inst/i_axi_lite_ipif/I_SLAVE_ATTACHMENT/I_DECODER/IP2Bus_Data[7]_i_1/O
                         net (fo=1, routed)           0.049     3.042    design_1_i/usp_rf_data_converter_0/inst/i_axi_lite_ipif_n_77
    SLICE_X111Y104       FDRE                                         r  design_1_i/usp_rf_data_converter_0/inst/IP2Bus_Data_reg[7]/D
  -------------------------------------------------------------------    -------------------

                         (clock clk_pl_0 rise edge)
                                                      0.000     0.000 r  
    PS8_X0Y0             PS8                          0.000     0.000 r  design_1_i/zynq_ultra_ps_e_0/U0/PS8_i/PLCLK[0]
                         net (fo=1, routed)           0.157     0.157    design_1_i/zynq_ultra_ps_e_0/U0/pl_clk_unbuffered[0]
    BUFG_PS_X0Y58        BUFG_PS (Prop_BUFG_PS_I_O)
                                                      0.025     0.182 r  design_1_i/zynq_ultra_ps_e_0/U0/buffer_pl_clk_0.PL_CLK_0_BUFG/O
    X2Y2 (CLOCK_ROOT)    net (fo=6912, routed)        1.808     1.990    design_1_i/usp_rf_data_converter_0/inst/s_axi_aclk
    SLICE_X111Y104       FDRE                                         r  design_1_i/usp_rf_data_converter_0/inst/IP2Bus_Data_reg[7]/C

Slack:                    inf
  Source:                 design_1_i/usp_rf_data_converter_0/inst/design_1_usp_rf_data_converter_0_0_rf_wrapper_i/tx1_u_dac/STATUS_COMMON[4]
                            (internal pin)
  Destination:            design_1_i/usp_rf_data_converter_0/inst/IP2Bus_Data_reg[4]/D
                            (rising edge-triggered cell FDRE clocked by clk_pl_0  {rise@0.000ns fall@5.156ns period=10.312ns})
  Path Group:             (none)
  Path Type:              Setup (Max at Slow Process Corner)
  Data Path Delay:        3.039ns  (logic 0.459ns (15.104%)  route 2.580ns (84.896%))
  Logic Levels:           5  (LUT6=5)
  Clock Uncertainty:      0.157ns  ((TSJ^2 + DJ^2)^1/2) / 2 + PE
    Total System Jitter     (TSJ):    0.050ns
    Discrete Jitter          (DJ):    0.310ns
    Phase Error              (PE):    0.000ns
  Clock Net Delay (Destination): 1.823ns (routing 0.423ns, distribution 1.400ns)

    Location             Delay type                Incr(ns)  Path(ns)    Netlist Resource(s)
  -------------------------------------------------------------------    -------------------
    HSDAC_X0Y1           HSDAC                        0.000     0.000 r  design_1_i/usp_rf_data_converter_0/inst/design_1_usp_rf_data_converter_0_0_rf_wrapper_i/tx1_u_dac/STATUS_COMMON[4]
                         net (fo=1, routed)           2.039     2.039    design_1_i/usp_rf_data_converter_0/inst/i_axi_lite_ipif/I_SLAVE_ATTACHMENT/I_DECODER/dac1_common_stat[4]
    SLICE_X111Y107       LUT6 (Prop_G6LUT_SLICEL_I5_O)
                                                      0.123     2.162 r  design_1_i/usp_rf_data_converter_0/inst/i_axi_lite_ipif/I_SLAVE_ATTACHMENT/I_DECODER/IP2Bus_Data[4]_i_43/O
                         net (fo=1, routed)           0.043     2.205    design_1_i/usp_rf_data_converter_0/inst/i_axi_lite_ipif/I_SLAVE_ATTACHMENT/I_DECODER/IP2Bus_Data[4]_i_43_n_0
    SLICE_X111Y107       LUT6 (Prop_H6LUT_SLICEL_I5_O)
                                                      0.099     2.304 r  design_1_i/usp_rf_data_converter_0/inst/i_axi_lite_ipif/I_SLAVE_ATTACHMENT/I_DECODER/IP2Bus_Data[4]_i_29/O
                         net (fo=1, routed)           0.083     2.387    design_1_i/usp_rf_data_converter_0/inst/i_axi_lite_ipif/I_SLAVE_ATTACHMENT/I_DECODER/IP2Bus_Data[4]_i_29_n_0
    SLICE_X111Y107       LUT6 (Prop_D6LUT_SLICEL_I0_O)
                                                      0.050     2.437 r  design_1_i/usp_rf_data_converter_0/inst/i_axi_lite_ipif/I_SLAVE_ATTACHMENT/I_DECODER/IP2Bus_Data[4]_i_12/O
                         net (fo=1, routed)           0.084     2.521    design_1_i/usp_rf_data_converter_0/inst/i_axi_lite_ipif/I_SLAVE_ATTACHMENT/I_DECODER/IP2Bus_Data[4]_i_12_n_0
    SLICE_X111Y108       LUT6 (Prop_G6LUT_SLICEL_I5_O)
                                                      0.089     2.610 f  design_1_i/usp_rf_data_converter_0/inst/i_axi_lite_ipif/I_SLAVE_ATTACHMENT/I_DECODER/IP2Bus_Data[4]_i_3/O
                         net (fo=1, routed)           0.282     2.892    design_1_i/usp_rf_data_converter_0/inst/i_axi_lite_ipif/I_SLAVE_ATTACHMENT/I_DECODER/IP2Bus_Data[4]_i_3_n_0
    SLICE_X114Y108       LUT6 (Prop_B6LUT_SLICEL_I2_O)
                                                      0.098     2.990 r  design_1_i/usp_rf_data_converter_0/inst/i_axi_lite_ipif/I_SLAVE_ATTACHMENT/I_DECODER/IP2Bus_Data[4]_i_1/O
                         net (fo=1, routed)           0.049     3.039    design_1_i/usp_rf_data_converter_0/inst/i_axi_lite_ipif_n_80
    SLICE_X114Y108       FDRE                                         r  design_1_i/usp_rf_data_converter_0/inst/IP2Bus_Data_reg[4]/D
  -------------------------------------------------------------------    -------------------

                         (clock clk_pl_0 rise edge)
                                                      0.000     0.000 r  
    PS8_X0Y0             PS8                          0.000     0.000 r  design_1_i/zynq_ultra_ps_e_0/U0/PS8_i/PLCLK[0]
                         net (fo=1, routed)           0.157     0.157    design_1_i/zynq_ultra_ps_e_0/U0/pl_clk_unbuffered[0]
    BUFG_PS_X0Y58        BUFG_PS (Prop_BUFG_PS_I_O)
                                                      0.025     0.182 r  design_1_i/zynq_ultra_ps_e_0/U0/buffer_pl_clk_0.PL_CLK_0_BUFG/O
    X2Y2 (CLOCK_ROOT)    net (fo=6912, routed)        1.823     2.005    design_1_i/usp_rf_data_converter_0/inst/s_axi_aclk
    SLICE_X114Y108       FDRE                                         r  design_1_i/usp_rf_data_converter_0/inst/IP2Bus_Data_reg[4]/C

Slack:                    inf
  Source:                 design_1_i/usp_rf_data_converter_0/inst/design_1_usp_rf_data_converter_0_0_rf_wrapper_i/tx1_u_dac/STATUS_COMMON[2]
                            (internal pin)
  Destination:            design_1_i/usp_rf_data_converter_0/inst/IP2Bus_Data_reg[2]/D
                            (rising edge-triggered cell FDRE clocked by clk_pl_0  {rise@0.000ns fall@5.156ns period=10.312ns})
  Path Group:             (none)
  Path Type:              Setup (Max at Slow Process Corner)
  Data Path Delay:        2.992ns  (logic 0.281ns (9.392%)  route 2.711ns (90.608%))
  Logic Levels:           5  (LUT4=1 LUT6=4)
  Clock Uncertainty:      0.157ns  ((TSJ^2 + DJ^2)^1/2) / 2 + PE
    Total System Jitter     (TSJ):    0.050ns
    Discrete Jitter          (DJ):    0.310ns
    Phase Error              (PE):    0.000ns
  Clock Net Delay (Destination): 1.824ns (routing 0.423ns, distribution 1.401ns)

    Location             Delay type                Incr(ns)  Path(ns)    Netlist Resource(s)
  -------------------------------------------------------------------    -------------------
    HSDAC_X0Y1           HSDAC                        0.000     0.000 r  design_1_i/usp_rf_data_converter_0/inst/design_1_usp_rf_data_converter_0_0_rf_wrapper_i/tx1_u_dac/STATUS_COMMON[2]
                         net (fo=1, routed)           1.999     1.999    design_1_i/usp_rf_data_converter_0/inst/i_axi_lite_ipif/I_SLAVE_ATTACHMENT/I_DECODER/dac1_common_stat[2]
    SLICE_X109Y112       LUT4 (Prop_G6LUT_SLICEM_I0_O)
                                                      0.037     2.036 r  design_1_i/usp_rf_data_converter_0/inst/i_axi_lite_ipif/I_SLAVE_ATTACHMENT/I_DECODER/IP2Bus_Data[2]_i_70/O
                         net (fo=1, routed)           0.157     2.193    design_1_i/usp_rf_data_converter_0/inst/i_axi_lite_ipif/I_SLAVE_ATTACHMENT/I_DECODER/IP2Bus_Data[2]_i_70_n_0
    SLICE_X109Y106       LUT6 (Prop_C6LUT_SLICEM_I0_O)
                                                      0.051     2.244 r  design_1_i/usp_rf_data_converter_0/inst/i_axi_lite_ipif/I_SLAVE_ATTACHMENT/I_DECODER/IP2Bus_Data[2]_i_51/O
                         net (fo=1, routed)           0.179     2.423    design_1_i/usp_rf_data_converter_0/inst/i_axi_lite_ipif/I_SLAVE_ATTACHMENT/I_DECODER/IP2Bus_Data[2]_i_51_n_0
    SLICE_X110Y106       LUT6 (Prop_G6LUT_SLICEM_I4_O)
                                                      0.052     2.475 r  design_1_i/usp_rf_data_converter_0/inst/i_axi_lite_ipif/I_SLAVE_ATTACHMENT/I_DECODER/IP2Bus_Data[2]_i_21/O
                         net (fo=1, routed)           0.152     2.627    design_1_i/usp_rf_data_converter_0/inst/i_axi_lite_ipif/I_SLAVE_ATTACHMENT/I_DECODER/IP2Bus_Data[2]_i_21_n_0
    SLICE_X110Y111       LUT6 (Prop_G6LUT_SLICEM_I3_O)
                                                      0.090     2.717 r  design_1_i/usp_rf_data_converter_0/inst/i_axi_lite_ipif/I_SLAVE_ATTACHMENT/I_DECODER/IP2Bus_Data[2]_i_6/O
                         net (fo=1, routed)           0.152     2.869    design_1_i/usp_rf_data_converter_0/inst/i_axi_lite_ipif/I_SLAVE_ATTACHMENT/I_DECODER/IP2Bus_Data[2]_i_6_n_0
    SLICE_X113Y111       LUT6 (Prop_D6LUT_SLICEM_I5_O)
                                                      0.051     2.920 r  design_1_i/usp_rf_data_converter_0/inst/i_axi_lite_ipif/I_SLAVE_ATTACHMENT/I_DECODER/IP2Bus_Data[2]_i_1/O
                         net (fo=1, routed)           0.072     2.992    design_1_i/usp_rf_data_converter_0/inst/i_axi_lite_ipif_n_82
    SLICE_X113Y111       FDRE                                         r  design_1_i/usp_rf_data_converter_0/inst/IP2Bus_Data_reg[2]/D
  -------------------------------------------------------------------    -------------------

                         (clock clk_pl_0 rise edge)
                                                      0.000     0.000 r  
    PS8_X0Y0             PS8                          0.000     0.000 r  design_1_i/zynq_ultra_ps_e_0/U0/PS8_i/PLCLK[0]
                         net (fo=1, routed)           0.157     0.157    design_1_i/zynq_ultra_ps_e_0/U0/pl_clk_unbuffered[0]
    BUFG_PS_X0Y58        BUFG_PS (Prop_BUFG_PS_I_O)
                                                      0.025     0.182 r  design_1_i/zynq_ultra_ps_e_0/U0/buffer_pl_clk_0.PL_CLK_0_BUFG/O
    X2Y2 (CLOCK_ROOT)    net (fo=6912, routed)        1.824     2.006    design_1_i/usp_rf_data_converter_0/inst/s_axi_aclk
    SLICE_X113Y111       FDRE                                         r  design_1_i/usp_rf_data_converter_0/inst/IP2Bus_Data_reg[2]/C

Slack:                    inf
  Source:                 design_1_i/usp_rf_data_converter_0/inst/design_1_usp_rf_data_converter_0_0_rf_wrapper_i/tx0_u_dac/STATUS_COMMON[0]
                            (internal pin)
  Destination:            design_1_i/usp_rf_data_converter_0/inst/IP2Bus_Data_reg[0]/D
                            (rising edge-triggered cell FDRE clocked by clk_pl_0  {rise@0.000ns fall@5.156ns period=10.312ns})
  Path Group:             (none)
  Path Type:              Setup (Max at Slow Process Corner)
  Data Path Delay:        2.894ns  (logic 0.336ns (11.608%)  route 2.558ns (88.392%))
  Logic Levels:           4  (LUT6=4)
  Clock Uncertainty:      0.157ns  ((TSJ^2 + DJ^2)^1/2) / 2 + PE
    Total System Jitter     (TSJ):    0.050ns
    Discrete Jitter          (DJ):    0.310ns
    Phase Error              (PE):    0.000ns
  Clock Net Delay (Destination): 1.821ns (routing 0.423ns, distribution 1.398ns)

    Location             Delay type                Incr(ns)  Path(ns)    Netlist Resource(s)
  -------------------------------------------------------------------    -------------------
    HSDAC_X0Y0           HSDAC                        0.000     0.000 r  design_1_i/usp_rf_data_converter_0/inst/design_1_usp_rf_data_converter_0_0_rf_wrapper_i/tx0_u_dac/STATUS_COMMON[0]
                         net (fo=2, routed)           1.983     1.983    design_1_i/usp_rf_data_converter_0/inst/i_axi_lite_ipif/I_SLAVE_ATTACHMENT/I_DECODER/dac0_common_stat[0]
    SLICE_X108Y110       LUT6 (Prop_H6LUT_SLICEL_I4_O)
                                                      0.124     2.107 f  design_1_i/usp_rf_data_converter_0/inst/i_axi_lite_ipif/I_SLAVE_ATTACHMENT/I_DECODER/IP2Bus_Data[0]_i_43/O
                         net (fo=1, routed)           0.153     2.260    design_1_i/usp_rf_data_converter_0/inst/i_axi_lite_ipif/I_SLAVE_ATTACHMENT/I_DECODER/IP2Bus_Data[0]_i_43_n_0
    SLICE_X110Y110       LUT6 (Prop_H6LUT_SLICEM_I3_O)
                                                      0.039     2.299 f  design_1_i/usp_rf_data_converter_0/inst/i_axi_lite_ipif/I_SLAVE_ATTACHMENT/I_DECODER/IP2Bus_Data[0]_i_15/O
                         net (fo=1, routed)           0.085     2.384    design_1_i/usp_rf_data_converter_0/inst/i_axi_lite_ipif/I_SLAVE_ATTACHMENT/I_DECODER/IP2Bus_Data[0]_i_15_n_0
    SLICE_X111Y110       LUT6 (Prop_H6LUT_SLICEL_I0_O)
                                                      0.051     2.435 r  design_1_i/usp_rf_data_converter_0/inst/i_axi_lite_ipif/I_SLAVE_ATTACHMENT/I_DECODER/IP2Bus_Data[0]_i_5/O
                         net (fo=1, routed)           0.265     2.700    design_1_i/usp_rf_data_converter_0/inst/i_axi_lite_ipif/I_SLAVE_ATTACHMENT/I_DECODER/IP2Bus_Data[0]_i_5_n_0
    SLICE_X113Y106       LUT6 (Prop_D6LUT_SLICEM_I3_O)
                                                      0.122     2.822 r  design_1_i/usp_rf_data_converter_0/inst/i_axi_lite_ipif/I_SLAVE_ATTACHMENT/I_DECODER/IP2Bus_Data[0]_i_1/O
                         net (fo=1, routed)           0.072     2.894    design_1_i/usp_rf_data_converter_0/inst/i_axi_lite_ipif_n_84
    SLICE_X113Y106       FDRE                                         r  design_1_i/usp_rf_data_converter_0/inst/IP2Bus_Data_reg[0]/D
  -------------------------------------------------------------------    -------------------

                         (clock clk_pl_0 rise edge)
                                                      0.000     0.000 r  
    PS8_X0Y0             PS8                          0.000     0.000 r  design_1_i/zynq_ultra_ps_e_0/U0/PS8_i/PLCLK[0]
                         net (fo=1, routed)           0.157     0.157    design_1_i/zynq_ultra_ps_e_0/U0/pl_clk_unbuffered[0]
    BUFG_PS_X0Y58        BUFG_PS (Prop_BUFG_PS_I_O)
                                                      0.025     0.182 r  design_1_i/zynq_ultra_ps_e_0/U0/buffer_pl_clk_0.PL_CLK_0_BUFG/O
    X2Y2 (CLOCK_ROOT)    net (fo=6912, routed)        1.821     2.003    design_1_i/usp_rf_data_converter_0/inst/s_axi_aclk
    SLICE_X113Y106       FDRE                                         r  design_1_i/usp_rf_data_converter_0/inst/IP2Bus_Data_reg[0]/C

Slack:                    inf
  Source:                 design_1_i/usp_rf_data_converter_0/inst/design_1_usp_rf_data_converter_0_0_rf_wrapper_i/tx1_u_dac/STATUS_COMMON[3]
                            (internal pin)
  Destination:            design_1_i/usp_rf_data_converter_0/inst/IP2Bus_Data_reg[3]/D
                            (rising edge-triggered cell FDRE clocked by clk_pl_0  {rise@0.000ns fall@5.156ns period=10.312ns})
  Path Group:             (none)
  Path Type:              Setup (Max at Slow Process Corner)
  Data Path Delay:        2.861ns  (logic 0.354ns (12.373%)  route 2.507ns (87.627%))
  Logic Levels:           4  (LUT5=1 LUT6=3)
  Clock Uncertainty:      0.157ns  ((TSJ^2 + DJ^2)^1/2) / 2 + PE
    Total System Jitter     (TSJ):    0.050ns
    Discrete Jitter          (DJ):    0.310ns
    Phase Error              (PE):    0.000ns
  Clock Net Delay (Destination): 1.823ns (routing 0.423ns, distribution 1.400ns)

    Location             Delay type                Incr(ns)  Path(ns)    Netlist Resource(s)
  -------------------------------------------------------------------    -------------------
    HSDAC_X0Y1           HSDAC                        0.000     0.000 r  design_1_i/usp_rf_data_converter_0/inst/design_1_usp_rf_data_converter_0_0_rf_wrapper_i/tx1_u_dac/STATUS_COMMON[3]
                         net (fo=1, routed)           2.113     2.113    design_1_i/usp_rf_data_converter_0/inst/i_axi_lite_ipif/I_SLAVE_ATTACHMENT/I_DECODER/dac1_common_stat[3]
    SLICE_X111Y109       LUT5 (Prop_A6LUT_SLICEL_I4_O)
                                                      0.090     2.203 r  design_1_i/usp_rf_data_converter_0/inst/i_axi_lite_ipif/I_SLAVE_ATTACHMENT/I_DECODER/IP2Bus_Data[3]_i_32/O
                         net (fo=1, routed)           0.041     2.244    design_1_i/usp_rf_data_converter_0/inst/i_axi_lite_ipif/I_SLAVE_ATTACHMENT/I_DECODER/IP2Bus_Data[3]_i_32_n_0
    SLICE_X111Y109       LUT6 (Prop_B6LUT_SLICEL_I3_O)
                                                      0.090     2.334 r  design_1_i/usp_rf_data_converter_0/inst/i_axi_lite_ipif/I_SLAVE_ATTACHMENT/I_DECODER/IP2Bus_Data[3]_i_10/O
                         net (fo=1, routed)           0.144     2.478    design_1_i/usp_rf_data_converter_0/inst/i_axi_lite_ipif/I_SLAVE_ATTACHMENT/I_DECODER/IP2Bus_Data[3]_i_10_n_0
    SLICE_X111Y108       LUT6 (Prop_H6LUT_SLICEL_I5_O)
                                                      0.051     2.529 r  design_1_i/usp_rf_data_converter_0/inst/i_axi_lite_ipif/I_SLAVE_ATTACHMENT/I_DECODER/IP2Bus_Data[3]_i_2/O
                         net (fo=1, routed)           0.159     2.688    design_1_i/usp_rf_data_converter_0/inst/i_axi_lite_ipif/I_SLAVE_ATTACHMENT/I_DECODER/IP2Bus_Data[3]_i_2_n_0
    SLICE_X114Y108       LUT6 (Prop_C6LUT_SLICEL_I0_O)
                                                      0.123     2.811 r  design_1_i/usp_rf_data_converter_0/inst/i_axi_lite_ipif/I_SLAVE_ATTACHMENT/I_DECODER/IP2Bus_Data[3]_i_1/O
                         net (fo=1, routed)           0.050     2.861    design_1_i/usp_rf_data_converter_0/inst/i_axi_lite_ipif_n_81
    SLICE_X114Y108       FDRE                                         r  design_1_i/usp_rf_data_converter_0/inst/IP2Bus_Data_reg[3]/D
  -------------------------------------------------------------------    -------------------

                         (clock clk_pl_0 rise edge)
                                                      0.000     0.000 r  
    PS8_X0Y0             PS8                          0.000     0.000 r  design_1_i/zynq_ultra_ps_e_0/U0/PS8_i/PLCLK[0]
                         net (fo=1, routed)           0.157     0.157    design_1_i/zynq_ultra_ps_e_0/U0/pl_clk_unbuffered[0]
    BUFG_PS_X0Y58        BUFG_PS (Prop_BUFG_PS_I_O)
                                                      0.025     0.182 r  design_1_i/zynq_ultra_ps_e_0/U0/buffer_pl_clk_0.PL_CLK_0_BUFG/O
    X2Y2 (CLOCK_ROOT)    net (fo=6912, routed)        1.823     2.005    design_1_i/usp_rf_data_converter_0/inst/s_axi_aclk
    SLICE_X114Y108       FDRE                                         r  design_1_i/usp_rf_data_converter_0/inst/IP2Bus_Data_reg[3]/C

Slack:                    inf
  Source:                 design_1_i/usp_rf_data_converter_0/inst/design_1_usp_rf_data_converter_0_0_rf_wrapper_i/tx1_u_dac/STATUS_COMMON[5]
                            (internal pin)
  Destination:            design_1_i/usp_rf_data_converter_0/inst/IP2Bus_Data_reg[5]/D
                            (rising edge-triggered cell FDRE clocked by clk_pl_0  {rise@0.000ns fall@5.156ns period=10.312ns})
  Path Group:             (none)
  Path Type:              Setup (Max at Slow Process Corner)
  Data Path Delay:        2.859ns  (logic 0.226ns (7.905%)  route 2.633ns (92.095%))
  Logic Levels:           4  (LUT4=1 LUT5=1 LUT6=2)
  Clock Uncertainty:      0.157ns  ((TSJ^2 + DJ^2)^1/2) / 2 + PE
    Total System Jitter     (TSJ):    0.050ns
    Discrete Jitter          (DJ):    0.310ns
    Phase Error              (PE):    0.000ns
  Clock Net Delay (Destination): 1.827ns (routing 0.423ns, distribution 1.404ns)

    Location             Delay type                Incr(ns)  Path(ns)    Netlist Resource(s)
  -------------------------------------------------------------------    -------------------
    HSDAC_X0Y1           HSDAC                        0.000     0.000 r  design_1_i/usp_rf_data_converter_0/inst/design_1_usp_rf_data_converter_0_0_rf_wrapper_i/tx1_u_dac/STATUS_COMMON[5]
                         net (fo=1, routed)           2.050     2.050    design_1_i/usp_rf_data_converter_0/inst/i_axi_lite_ipif/I_SLAVE_ATTACHMENT/I_DECODER/dac1_common_stat[5]
    SLICE_X109Y112       LUT5 (Prop_B6LUT_SLICEM_I4_O)
                                                      0.037     2.087 r  design_1_i/usp_rf_data_converter_0/inst/i_axi_lite_ipif/I_SLAVE_ATTACHMENT/I_DECODER/IP2Bus_Data[5]_i_20/O
                         net (fo=1, routed)           0.046     2.133    design_1_i/usp_rf_data_converter_0/inst/i_axi_lite_ipif/I_SLAVE_ATTACHMENT/I_DECODER/IP2Bus_Data[5]_i_20_n_0
    SLICE_X109Y112       LUT4 (Prop_A6LUT_SLICEM_I2_O)
                                                      0.053     2.186 r  design_1_i/usp_rf_data_converter_0/inst/i_axi_lite_ipif/I_SLAVE_ATTACHMENT/I_DECODER/IP2Bus_Data[5]_i_10/O
                         net (fo=1, routed)           0.089     2.275    design_1_i/usp_rf_data_converter_0/inst/i_axi_lite_ipif/I_SLAVE_ATTACHMENT/I_DECODER/IP2Bus_Data[5]_i_10_n_0
    SLICE_X109Y111       LUT6 (Prop_D6LUT_SLICEM_I5_O)
                                                      0.037     2.312 f  design_1_i/usp_rf_data_converter_0/inst/i_axi_lite_ipif/I_SLAVE_ATTACHMENT/I_DECODER/IP2Bus_Data[5]_i_3/O
                         net (fo=1, routed)           0.376     2.688    design_1_i/usp_rf_data_converter_0/inst/i_axi_lite_ipif/I_SLAVE_ATTACHMENT/I_DECODER/IP2Bus_Data[5]_i_3_n_0
    SLICE_X113Y108       LUT6 (Prop_D6LUT_SLICEM_I2_O)
                                                      0.099     2.787 r  design_1_i/usp_rf_data_converter_0/inst/i_axi_lite_ipif/I_SLAVE_ATTACHMENT/I_DECODER/IP2Bus_Data[5]_i_1/O
                         net (fo=1, routed)           0.072     2.859    design_1_i/usp_rf_data_converter_0/inst/i_axi_lite_ipif_n_79
    SLICE_X113Y108       FDRE                                         r  design_1_i/usp_rf_data_converter_0/inst/IP2Bus_Data_reg[5]/D
  -------------------------------------------------------------------    -------------------

                         (clock clk_pl_0 rise edge)
                                                      0.000     0.000 r  
    PS8_X0Y0             PS8                          0.000     0.000 r  design_1_i/zynq_ultra_ps_e_0/U0/PS8_i/PLCLK[0]
                         net (fo=1, routed)           0.157     0.157    design_1_i/zynq_ultra_ps_e_0/U0/pl_clk_unbuffered[0]
    BUFG_PS_X0Y58        BUFG_PS (Prop_BUFG_PS_I_O)
                                                      0.025     0.182 r  design_1_i/zynq_ultra_ps_e_0/U0/buffer_pl_clk_0.PL_CLK_0_BUFG/O
    X2Y2 (CLOCK_ROOT)    net (fo=6912, routed)        1.827     2.009    design_1_i/usp_rf_data_converter_0/inst/s_axi_aclk
    SLICE_X113Y108       FDRE                                         r  design_1_i/usp_rf_data_converter_0/inst/IP2Bus_Data_reg[5]/C

Slack:                    inf
  Source:                 design_1_i/Receiver_0/U0/sin_wave_demodulate_struct/dut/algorithm/mult/comp0.core_instance0/U0/i_mult/gDSP.gDSP_only.iDSP/use_prim.appDSP[0].bppDSP[0].use_dsp.use_dsp48e2.iDSP48E2/DSP_C_DATA_INST/C_DATA[16]
                            (internal pin)
  Destination:            design_1_i/Receiver_0/U0/sin_wave_demodulate_struct/dut/algorithm/mult/comp0.core_instance0/U0/i_mult/gDSP.gDSP_only.iDSP/use_prim.appDSP[0].bppDSP[0].need_output_delay.output_delay/d1.dout_i_reg[16]/D
                            (rising edge-triggered cell FDRE clocked by clk_pl_0  {rise@0.000ns fall@5.156ns period=10.312ns})
  Path Group:             (none)
  Path Type:              Setup (Max at Slow Process Corner)
  Data Path Delay:        1.210ns  (logic 0.694ns (57.355%)  route 0.516ns (42.645%))
  Logic Levels:           2  (DSP_ALU=1 DSP_OUTPUT=1)
  Clock Uncertainty:      0.157ns  ((TSJ^2 + DJ^2)^1/2) / 2 + PE
    Total System Jitter     (TSJ):    0.050ns
    Discrete Jitter          (DJ):    0.310ns
    Phase Error              (PE):    0.000ns
  Clock Net Delay (Destination): 1.695ns (routing 0.423ns, distribution 1.272ns)

    Location             Delay type                Incr(ns)  Path(ns)    Netlist Resource(s)
  -------------------------------------------------------------------    -------------------
    DSP48E2_X17Y42       DSP_C_DATA                   0.000     0.000 r  design_1_i/Receiver_0/U0/sin_wave_demodulate_struct/dut/algorithm/mult/comp0.core_instance0/U0/i_mult/gDSP.gDSP_only.iDSP/use_prim.appDSP[0].bppDSP[0].use_dsp.use_dsp48e2.iDSP48E2/DSP_C_DATA_INST/C_DATA[16]
                         net (fo=2, routed)           0.000     0.000    design_1_i/Receiver_0/U0/sin_wave_demodulate_struct/dut/algorithm/mult/comp0.core_instance0/U0/i_mult/gDSP.gDSP_only.iDSP/use_prim.appDSP[0].bppDSP[0].use_dsp.use_dsp48e2.iDSP48E2/DSP_C_DATA.C_DATA<16>
    DSP48E2_X17Y42       DSP_ALU (Prop_DSP_ALU_DSP48E2_C_DATA[16]_ALU_OUT[16])
                                                      0.585     0.585 f  design_1_i/Receiver_0/U0/sin_wave_demodulate_struct/dut/algorithm/mult/comp0.core_instance0/U0/i_mult/gDSP.gDSP_only.iDSP/use_prim.appDSP[0].bppDSP[0].use_dsp.use_dsp48e2.iDSP48E2/DSP_ALU_INST/ALU_OUT[16]
                         net (fo=1, routed)           0.000     0.585    design_1_i/Receiver_0/U0/sin_wave_demodulate_struct/dut/algorithm/mult/comp0.core_instance0/U0/i_mult/gDSP.gDSP_only.iDSP/use_prim.appDSP[0].bppDSP[0].use_dsp.use_dsp48e2.iDSP48E2/DSP_ALU.ALU_OUT<16>
    DSP48E2_X17Y42       DSP_OUTPUT (Prop_DSP_OUTPUT_DSP48E2_ALU_OUT[16]_P[16])
                                                      0.109     0.694 r  design_1_i/Receiver_0/U0/sin_wave_demodulate_struct/dut/algorithm/mult/comp0.core_instance0/U0/i_mult/gDSP.gDSP_only.iDSP/use_prim.appDSP[0].bppDSP[0].use_dsp.use_dsp48e2.iDSP48E2/DSP_OUTPUT_INST/P[16]
                         net (fo=1, routed)           0.516     1.210    design_1_i/Receiver_0/U0/sin_wave_demodulate_struct/dut/algorithm/mult/comp0.core_instance0/U0/i_mult/gDSP.gDSP_only.iDSP/use_prim.appDSP[0].bppDSP[0].need_output_delay.output_delay/d1.dout_i_reg[16]_0[15]
    SLICE_X85Y110        FDRE                                         r  design_1_i/Receiver_0/U0/sin_wave_demodulate_struct/dut/algorithm/mult/comp0.core_instance0/U0/i_mult/gDSP.gDSP_only.iDSP/use_prim.appDSP[0].bppDSP[0].need_output_delay.output_delay/d1.dout_i_reg[16]/D
  -------------------------------------------------------------------    -------------------

                         (clock clk_pl_0 rise edge)
                                                      0.000     0.000 r  
    PS8_X0Y0             PS8                          0.000     0.000 r  design_1_i/zynq_ultra_ps_e_0/U0/PS8_i/PLCLK[0]
                         net (fo=1, routed)           0.157     0.157    design_1_i/zynq_ultra_ps_e_0/U0/pl_clk_unbuffered[0]
    BUFG_PS_X0Y58        BUFG_PS (Prop_BUFG_PS_I_O)
                                                      0.025     0.182 r  design_1_i/zynq_ultra_ps_e_0/U0/buffer_pl_clk_0.PL_CLK_0_BUFG/O
    X2Y2 (CLOCK_ROOT)    net (fo=6912, routed)        1.695     1.877    design_1_i/Receiver_0/U0/sin_wave_demodulate_struct/dut/algorithm/mult/comp0.core_instance0/U0/i_mult/gDSP.gDSP_only.iDSP/use_prim.appDSP[0].bppDSP[0].need_output_delay.output_delay/CLK
    SLICE_X85Y110        FDRE                                         r  design_1_i/Receiver_0/U0/sin_wave_demodulate_struct/dut/algorithm/mult/comp0.core_instance0/U0/i_mult/gDSP.gDSP_only.iDSP/use_prim.appDSP[0].bppDSP[0].need_output_delay.output_delay/d1.dout_i_reg[16]/C

Slack:                    inf
  Source:                 design_1_i/Receiver_0/U0/sin_wave_demodulate_struct/dut/algorithm/mult/comp0.core_instance0/U0/i_mult/gDSP.gDSP_only.iDSP/use_prim.appDSP[0].bppDSP[0].use_dsp.use_dsp48e2.iDSP48E2/DSP_C_DATA_INST/C_DATA[10]
                            (internal pin)
  Destination:            design_1_i/Receiver_0/U0/sin_wave_demodulate_struct/dut/algorithm/mult/comp0.core_instance0/U0/i_mult/gDSP.gDSP_only.iDSP/use_prim.appDSP[0].bppDSP[0].need_output_delay.output_delay/d1.dout_i_reg[10]/D
                            (rising edge-triggered cell FDRE clocked by clk_pl_0  {rise@0.000ns fall@5.156ns period=10.312ns})
  Path Group:             (none)
  Path Type:              Setup (Max at Slow Process Corner)
  Data Path Delay:        1.176ns  (logic 0.694ns (59.014%)  route 0.482ns (40.986%))
  Logic Levels:           2  (DSP_ALU=1 DSP_OUTPUT=1)
  Clock Uncertainty:      0.157ns  ((TSJ^2 + DJ^2)^1/2) / 2 + PE
    Total System Jitter     (TSJ):    0.050ns
    Discrete Jitter          (DJ):    0.310ns
    Phase Error              (PE):    0.000ns
  Clock Net Delay (Destination): 1.693ns (routing 0.423ns, distribution 1.270ns)

    Location             Delay type                Incr(ns)  Path(ns)    Netlist Resource(s)
  -------------------------------------------------------------------    -------------------
    DSP48E2_X17Y42       DSP_C_DATA                   0.000     0.000 r  design_1_i/Receiver_0/U0/sin_wave_demodulate_struct/dut/algorithm/mult/comp0.core_instance0/U0/i_mult/gDSP.gDSP_only.iDSP/use_prim.appDSP[0].bppDSP[0].use_dsp.use_dsp48e2.iDSP48E2/DSP_C_DATA_INST/C_DATA[10]
                         net (fo=2, routed)           0.000     0.000    design_1_i/Receiver_0/U0/sin_wave_demodulate_struct/dut/algorithm/mult/comp0.core_instance0/U0/i_mult/gDSP.gDSP_only.iDSP/use_prim.appDSP[0].bppDSP[0].use_dsp.use_dsp48e2.iDSP48E2/DSP_C_DATA.C_DATA<10>
    DSP48E2_X17Y42       DSP_ALU (Prop_DSP_ALU_DSP48E2_C_DATA[10]_ALU_OUT[10])
                                                      0.585     0.585 f  design_1_i/Receiver_0/U0/sin_wave_demodulate_struct/dut/algorithm/mult/comp0.core_instance0/U0/i_mult/gDSP.gDSP_only.iDSP/use_prim.appDSP[0].bppDSP[0].use_dsp.use_dsp48e2.iDSP48E2/DSP_ALU_INST/ALU_OUT[10]
                         net (fo=1, routed)           0.000     0.585    design_1_i/Receiver_0/U0/sin_wave_demodulate_struct/dut/algorithm/mult/comp0.core_instance0/U0/i_mult/gDSP.gDSP_only.iDSP/use_prim.appDSP[0].bppDSP[0].use_dsp.use_dsp48e2.iDSP48E2/DSP_ALU.ALU_OUT<10>
    DSP48E2_X17Y42       DSP_OUTPUT (Prop_DSP_OUTPUT_DSP48E2_ALU_OUT[10]_P[10])
                                                      0.109     0.694 r  design_1_i/Receiver_0/U0/sin_wave_demodulate_struct/dut/algorithm/mult/comp0.core_instance0/U0/i_mult/gDSP.gDSP_only.iDSP/use_prim.appDSP[0].bppDSP[0].use_dsp.use_dsp48e2.iDSP48E2/DSP_OUTPUT_INST/P[10]
                         net (fo=1, routed)           0.482     1.176    design_1_i/Receiver_0/U0/sin_wave_demodulate_struct/dut/algorithm/mult/comp0.core_instance0/U0/i_mult/gDSP.gDSP_only.iDSP/use_prim.appDSP[0].bppDSP[0].need_output_delay.output_delay/d1.dout_i_reg[16]_0[9]
    SLICE_X85Y110        FDRE                                         r  design_1_i/Receiver_0/U0/sin_wave_demodulate_struct/dut/algorithm/mult/comp0.core_instance0/U0/i_mult/gDSP.gDSP_only.iDSP/use_prim.appDSP[0].bppDSP[0].need_output_delay.output_delay/d1.dout_i_reg[10]/D
  -------------------------------------------------------------------    -------------------

                         (clock clk_pl_0 rise edge)
                                                      0.000     0.000 r  
    PS8_X0Y0             PS8                          0.000     0.000 r  design_1_i/zynq_ultra_ps_e_0/U0/PS8_i/PLCLK[0]
                         net (fo=1, routed)           0.157     0.157    design_1_i/zynq_ultra_ps_e_0/U0/pl_clk_unbuffered[0]
    BUFG_PS_X0Y58        BUFG_PS (Prop_BUFG_PS_I_O)
                                                      0.025     0.182 r  design_1_i/zynq_ultra_ps_e_0/U0/buffer_pl_clk_0.PL_CLK_0_BUFG/O
    X2Y2 (CLOCK_ROOT)    net (fo=6912, routed)        1.693     1.875    design_1_i/Receiver_0/U0/sin_wave_demodulate_struct/dut/algorithm/mult/comp0.core_instance0/U0/i_mult/gDSP.gDSP_only.iDSP/use_prim.appDSP[0].bppDSP[0].need_output_delay.output_delay/CLK
    SLICE_X85Y110        FDRE                                         r  design_1_i/Receiver_0/U0/sin_wave_demodulate_struct/dut/algorithm/mult/comp0.core_instance0/U0/i_mult/gDSP.gDSP_only.iDSP/use_prim.appDSP[0].bppDSP[0].need_output_delay.output_delay/d1.dout_i_reg[10]/C

Slack:                    inf
  Source:                 design_1_i/Receiver_0/U0/sin_wave_demodulate_struct/dut/algorithm/mult/comp0.core_instance0/U0/i_mult/gDSP.gDSP_only.iDSP/use_prim.appDSP[0].bppDSP[0].use_dsp.use_dsp48e2.iDSP48E2/DSP_C_DATA_INST/C_DATA[12]
                            (internal pin)
  Destination:            design_1_i/Receiver_0/U0/sin_wave_demodulate_struct/dut/algorithm/mult/comp0.core_instance0/U0/i_mult/gDSP.gDSP_only.iDSP/use_prim.appDSP[0].bppDSP[0].need_output_delay.output_delay/d1.dout_i_reg[12]/D
                            (rising edge-triggered cell FDRE clocked by clk_pl_0  {rise@0.000ns fall@5.156ns period=10.312ns})
  Path Group:             (none)
  Path Type:              Setup (Max at Slow Process Corner)
  Data Path Delay:        1.175ns  (logic 0.694ns (59.064%)  route 0.481ns (40.936%))
  Logic Levels:           2  (DSP_ALU=1 DSP_OUTPUT=1)
  Clock Uncertainty:      0.157ns  ((TSJ^2 + DJ^2)^1/2) / 2 + PE
    Total System Jitter     (TSJ):    0.050ns
    Discrete Jitter          (DJ):    0.310ns
    Phase Error              (PE):    0.000ns
  Clock Net Delay (Destination): 1.693ns (routing 0.423ns, distribution 1.270ns)

    Location             Delay type                Incr(ns)  Path(ns)    Netlist Resource(s)
  -------------------------------------------------------------------    -------------------
    DSP48E2_X17Y42       DSP_C_DATA                   0.000     0.000 r  design_1_i/Receiver_0/U0/sin_wave_demodulate_struct/dut/algorithm/mult/comp0.core_instance0/U0/i_mult/gDSP.gDSP_only.iDSP/use_prim.appDSP[0].bppDSP[0].use_dsp.use_dsp48e2.iDSP48E2/DSP_C_DATA_INST/C_DATA[12]
                         net (fo=2, routed)           0.000     0.000    design_1_i/Receiver_0/U0/sin_wave_demodulate_struct/dut/algorithm/mult/comp0.core_instance0/U0/i_mult/gDSP.gDSP_only.iDSP/use_prim.appDSP[0].bppDSP[0].use_dsp.use_dsp48e2.iDSP48E2/DSP_C_DATA.C_DATA<12>
    DSP48E2_X17Y42       DSP_ALU (Prop_DSP_ALU_DSP48E2_C_DATA[12]_ALU_OUT[12])
                                                      0.585     0.585 f  design_1_i/Receiver_0/U0/sin_wave_demodulate_struct/dut/algorithm/mult/comp0.core_instance0/U0/i_mult/gDSP.gDSP_only.iDSP/use_prim.appDSP[0].bppDSP[0].use_dsp.use_dsp48e2.iDSP48E2/DSP_ALU_INST/ALU_OUT[12]
                         net (fo=1, routed)           0.000     0.585    design_1_i/Receiver_0/U0/sin_wave_demodulate_struct/dut/algorithm/mult/comp0.core_instance0/U0/i_mult/gDSP.gDSP_only.iDSP/use_prim.appDSP[0].bppDSP[0].use_dsp.use_dsp48e2.iDSP48E2/DSP_ALU.ALU_OUT<12>
    DSP48E2_X17Y42       DSP_OUTPUT (Prop_DSP_OUTPUT_DSP48E2_ALU_OUT[12]_P[12])
                                                      0.109     0.694 r  design_1_i/Receiver_0/U0/sin_wave_demodulate_struct/dut/algorithm/mult/comp0.core_instance0/U0/i_mult/gDSP.gDSP_only.iDSP/use_prim.appDSP[0].bppDSP[0].use_dsp.use_dsp48e2.iDSP48E2/DSP_OUTPUT_INST/P[12]
                         net (fo=1, routed)           0.481     1.175    design_1_i/Receiver_0/U0/sin_wave_demodulate_struct/dut/algorithm/mult/comp0.core_instance0/U0/i_mult/gDSP.gDSP_only.iDSP/use_prim.appDSP[0].bppDSP[0].need_output_delay.output_delay/d1.dout_i_reg[16]_0[11]
    SLICE_X85Y110        FDRE                                         r  design_1_i/Receiver_0/U0/sin_wave_demodulate_struct/dut/algorithm/mult/comp0.core_instance0/U0/i_mult/gDSP.gDSP_only.iDSP/use_prim.appDSP[0].bppDSP[0].need_output_delay.output_delay/d1.dout_i_reg[12]/D
  -------------------------------------------------------------------    -------------------

                         (clock clk_pl_0 rise edge)
                                                      0.000     0.000 r  
    PS8_X0Y0             PS8                          0.000     0.000 r  design_1_i/zynq_ultra_ps_e_0/U0/PS8_i/PLCLK[0]
                         net (fo=1, routed)           0.157     0.157    design_1_i/zynq_ultra_ps_e_0/U0/pl_clk_unbuffered[0]
    BUFG_PS_X0Y58        BUFG_PS (Prop_BUFG_PS_I_O)
                                                      0.025     0.182 r  design_1_i/zynq_ultra_ps_e_0/U0/buffer_pl_clk_0.PL_CLK_0_BUFG/O
    X2Y2 (CLOCK_ROOT)    net (fo=6912, routed)        1.693     1.875    design_1_i/Receiver_0/U0/sin_wave_demodulate_struct/dut/algorithm/mult/comp0.core_instance0/U0/i_mult/gDSP.gDSP_only.iDSP/use_prim.appDSP[0].bppDSP[0].need_output_delay.output_delay/CLK
    SLICE_X85Y110        FDRE                                         r  design_1_i/Receiver_0/U0/sin_wave_demodulate_struct/dut/algorithm/mult/comp0.core_instance0/U0/i_mult/gDSP.gDSP_only.iDSP/use_prim.appDSP[0].bppDSP[0].need_output_delay.output_delay/d1.dout_i_reg[12]/C





Min Delay Paths
--------------------------------------------------------------------------------------
Slack:                    inf
  Source:                 design_1_i/Receiver_0/U0/sin_wave_demodulate_struct/dut/algorithm/mult/comp0.core_instance0/U0/i_mult/gDSP.gDSP_only.iDSP/use_prim.appDSP[0].bppDSP[0].use_dsp.use_dsp48e2.iDSP48E2/DSP_C_DATA_INST/C_DATA[11]
                            (internal pin)
  Destination:            design_1_i/Receiver_0/U0/sin_wave_demodulate_struct/dut/algorithm/mult/comp0.core_instance0/U0/i_mult/gDSP.gDSP_only.iDSP/use_prim.appDSP[0].bppDSP[0].need_output_delay.output_delay/d1.dout_i_reg[11]/D
                            (rising edge-triggered cell FDRE clocked by clk_pl_0  {rise@0.000ns fall@5.156ns period=10.312ns})
  Path Group:             (none)
  Path Type:              Hold (Min at Fast Process Corner)
  Data Path Delay:        0.277ns  (logic 0.132ns (47.653%)  route 0.145ns (52.347%))
  Logic Levels:           2  (DSP_ALU=1 DSP_OUTPUT=1)
  Clock Uncertainty:      0.157ns  ((TSJ^2 + DJ^2)^1/2) / 2 + PE
    Total System Jitter     (TSJ):    0.050ns
    Discrete Jitter          (DJ):    0.310ns
    Phase Error              (PE):    0.000ns
  Clock Net Delay (Destination): 1.178ns (routing 0.282ns, distribution 0.896ns)

    Location             Delay type                Incr(ns)  Path(ns)    Netlist Resource(s)
  -------------------------------------------------------------------    -------------------
    DSP48E2_X17Y42       DSP_C_DATA                   0.000     0.000 r  design_1_i/Receiver_0/U0/sin_wave_demodulate_struct/dut/algorithm/mult/comp0.core_instance0/U0/i_mult/gDSP.gDSP_only.iDSP/use_prim.appDSP[0].bppDSP[0].use_dsp.use_dsp48e2.iDSP48E2/DSP_C_DATA_INST/C_DATA[11]
                         net (fo=2, routed)           0.000     0.000    design_1_i/Receiver_0/U0/sin_wave_demodulate_struct/dut/algorithm/mult/comp0.core_instance0/U0/i_mult/gDSP.gDSP_only.iDSP/use_prim.appDSP[0].bppDSP[0].use_dsp.use_dsp48e2.iDSP48E2/DSP_C_DATA.C_DATA<11>
    DSP48E2_X17Y42       DSP_ALU (Prop_DSP_ALU_DSP48E2_C_DATA[11]_ALU_OUT[11])
                                                      0.102     0.102 f  design_1_i/Receiver_0/U0/sin_wave_demodulate_struct/dut/algorithm/mult/comp0.core_instance0/U0/i_mult/gDSP.gDSP_only.iDSP/use_prim.appDSP[0].bppDSP[0].use_dsp.use_dsp48e2.iDSP48E2/DSP_ALU_INST/ALU_OUT[11]
                         net (fo=1, routed)           0.000     0.102    design_1_i/Receiver_0/U0/sin_wave_demodulate_struct/dut/algorithm/mult/comp0.core_instance0/U0/i_mult/gDSP.gDSP_only.iDSP/use_prim.appDSP[0].bppDSP[0].use_dsp.use_dsp48e2.iDSP48E2/DSP_ALU.ALU_OUT<11>
    DSP48E2_X17Y42       DSP_OUTPUT (Prop_DSP_OUTPUT_DSP48E2_ALU_OUT[11]_P[11])
                                                      0.030     0.132 r  design_1_i/Receiver_0/U0/sin_wave_demodulate_struct/dut/algorithm/mult/comp0.core_instance0/U0/i_mult/gDSP.gDSP_only.iDSP/use_prim.appDSP[0].bppDSP[0].use_dsp.use_dsp48e2.iDSP48E2/DSP_OUTPUT_INST/P[11]
                         net (fo=1, routed)           0.145     0.277    design_1_i/Receiver_0/U0/sin_wave_demodulate_struct/dut/algorithm/mult/comp0.core_instance0/U0/i_mult/gDSP.gDSP_only.iDSP/use_prim.appDSP[0].bppDSP[0].need_output_delay.output_delay/d1.dout_i_reg[16]_0[10]
    SLICE_X85Y110        FDRE                                         r  design_1_i/Receiver_0/U0/sin_wave_demodulate_struct/dut/algorithm/mult/comp0.core_instance0/U0/i_mult/gDSP.gDSP_only.iDSP/use_prim.appDSP[0].bppDSP[0].need_output_delay.output_delay/d1.dout_i_reg[11]/D
  -------------------------------------------------------------------    -------------------

                         (clock clk_pl_0 rise edge)
                                                      0.000     0.000 r  
    PS8_X0Y0             PS8                          0.000     0.000 r  design_1_i/zynq_ultra_ps_e_0/U0/PS8_i/PLCLK[0]
                         net (fo=1, routed)           0.129     0.129    design_1_i/zynq_ultra_ps_e_0/U0/pl_clk_unbuffered[0]
    BUFG_PS_X0Y58        BUFG_PS (Prop_BUFG_PS_I_O)
                                                      0.018     0.147 r  design_1_i/zynq_ultra_ps_e_0/U0/buffer_pl_clk_0.PL_CLK_0_BUFG/O
    X2Y2 (CLOCK_ROOT)    net (fo=6912, routed)        1.178     1.325    design_1_i/Receiver_0/U0/sin_wave_demodulate_struct/dut/algorithm/mult/comp0.core_instance0/U0/i_mult/gDSP.gDSP_only.iDSP/use_prim.appDSP[0].bppDSP[0].need_output_delay.output_delay/CLK
    SLICE_X85Y110        FDRE                                         r  design_1_i/Receiver_0/U0/sin_wave_demodulate_struct/dut/algorithm/mult/comp0.core_instance0/U0/i_mult/gDSP.gDSP_only.iDSP/use_prim.appDSP[0].bppDSP[0].need_output_delay.output_delay/d1.dout_i_reg[11]/C

Slack:                    inf
  Source:                 design_1_i/Receiver_0/U0/sin_wave_demodulate_struct/dut/algorithm/mult/comp0.core_instance0/U0/i_mult/gDSP.gDSP_only.iDSP/use_prim.appDSP[0].bppDSP[0].use_dsp.use_dsp48e2.iDSP48E2/DSP_C_DATA_INST/C_DATA[15]
                            (internal pin)
  Destination:            design_1_i/Receiver_0/U0/sin_wave_demodulate_struct/dut/algorithm/mult/comp0.core_instance0/U0/i_mult/gDSP.gDSP_only.iDSP/use_prim.appDSP[0].bppDSP[0].need_output_delay.output_delay/d1.dout_i_reg[15]/D
                            (rising edge-triggered cell FDRE clocked by clk_pl_0  {rise@0.000ns fall@5.156ns period=10.312ns})
  Path Group:             (none)
  Path Type:              Hold (Min at Fast Process Corner)
  Data Path Delay:        0.280ns  (logic 0.132ns (47.143%)  route 0.148ns (52.857%))
  Logic Levels:           2  (DSP_ALU=1 DSP_OUTPUT=1)
  Clock Uncertainty:      0.157ns  ((TSJ^2 + DJ^2)^1/2) / 2 + PE
    Total System Jitter     (TSJ):    0.050ns
    Discrete Jitter          (DJ):    0.310ns
    Phase Error              (PE):    0.000ns
  Clock Net Delay (Destination): 1.182ns (routing 0.282ns, distribution 0.900ns)

    Location             Delay type                Incr(ns)  Path(ns)    Netlist Resource(s)
  -------------------------------------------------------------------    -------------------
    DSP48E2_X17Y42       DSP_C_DATA                   0.000     0.000 r  design_1_i/Receiver_0/U0/sin_wave_demodulate_struct/dut/algorithm/mult/comp0.core_instance0/U0/i_mult/gDSP.gDSP_only.iDSP/use_prim.appDSP[0].bppDSP[0].use_dsp.use_dsp48e2.iDSP48E2/DSP_C_DATA_INST/C_DATA[15]
                         net (fo=2, routed)           0.000     0.000    design_1_i/Receiver_0/U0/sin_wave_demodulate_struct/dut/algorithm/mult/comp0.core_instance0/U0/i_mult/gDSP.gDSP_only.iDSP/use_prim.appDSP[0].bppDSP[0].use_dsp.use_dsp48e2.iDSP48E2/DSP_C_DATA.C_DATA<15>
    DSP48E2_X17Y42       DSP_ALU (Prop_DSP_ALU_DSP48E2_C_DATA[15]_ALU_OUT[15])
                                                      0.102     0.102 f  design_1_i/Receiver_0/U0/sin_wave_demodulate_struct/dut/algorithm/mult/comp0.core_instance0/U0/i_mult/gDSP.gDSP_only.iDSP/use_prim.appDSP[0].bppDSP[0].use_dsp.use_dsp48e2.iDSP48E2/DSP_ALU_INST/ALU_OUT[15]
                         net (fo=1, routed)           0.000     0.102    design_1_i/Receiver_0/U0/sin_wave_demodulate_struct/dut/algorithm/mult/comp0.core_instance0/U0/i_mult/gDSP.gDSP_only.iDSP/use_prim.appDSP[0].bppDSP[0].use_dsp.use_dsp48e2.iDSP48E2/DSP_ALU.ALU_OUT<15>
    DSP48E2_X17Y42       DSP_OUTPUT (Prop_DSP_OUTPUT_DSP48E2_ALU_OUT[15]_P[15])
                                                      0.030     0.132 r  design_1_i/Receiver_0/U0/sin_wave_demodulate_struct/dut/algorithm/mult/comp0.core_instance0/U0/i_mult/gDSP.gDSP_only.iDSP/use_prim.appDSP[0].bppDSP[0].use_dsp.use_dsp48e2.iDSP48E2/DSP_OUTPUT_INST/P[15]
                         net (fo=1, routed)           0.148     0.280    design_1_i/Receiver_0/U0/sin_wave_demodulate_struct/dut/algorithm/mult/comp0.core_instance0/U0/i_mult/gDSP.gDSP_only.iDSP/use_prim.appDSP[0].bppDSP[0].need_output_delay.output_delay/d1.dout_i_reg[16]_0[14]
    SLICE_X85Y110        FDRE                                         r  design_1_i/Receiver_0/U0/sin_wave_demodulate_struct/dut/algorithm/mult/comp0.core_instance0/U0/i_mult/gDSP.gDSP_only.iDSP/use_prim.appDSP[0].bppDSP[0].need_output_delay.output_delay/d1.dout_i_reg[15]/D
  -------------------------------------------------------------------    -------------------

                         (clock clk_pl_0 rise edge)
                                                      0.000     0.000 r  
    PS8_X0Y0             PS8                          0.000     0.000 r  design_1_i/zynq_ultra_ps_e_0/U0/PS8_i/PLCLK[0]
                         net (fo=1, routed)           0.129     0.129    design_1_i/zynq_ultra_ps_e_0/U0/pl_clk_unbuffered[0]
    BUFG_PS_X0Y58        BUFG_PS (Prop_BUFG_PS_I_O)
                                                      0.018     0.147 r  design_1_i/zynq_ultra_ps_e_0/U0/buffer_pl_clk_0.PL_CLK_0_BUFG/O
    X2Y2 (CLOCK_ROOT)    net (fo=6912, routed)        1.182     1.329    design_1_i/Receiver_0/U0/sin_wave_demodulate_struct/dut/algorithm/mult/comp0.core_instance0/U0/i_mult/gDSP.gDSP_only.iDSP/use_prim.appDSP[0].bppDSP[0].need_output_delay.output_delay/CLK
    SLICE_X85Y110        FDRE                                         r  design_1_i/Receiver_0/U0/sin_wave_demodulate_struct/dut/algorithm/mult/comp0.core_instance0/U0/i_mult/gDSP.gDSP_only.iDSP/use_prim.appDSP[0].bppDSP[0].need_output_delay.output_delay/d1.dout_i_reg[15]/C

Slack:                    inf
  Source:                 design_1_i/Receiver_0/U0/sin_wave_demodulate_struct/dut/algorithm/mult/comp0.core_instance0/U0/i_mult/gDSP.gDSP_only.iDSP/use_prim.appDSP[0].bppDSP[0].use_dsp.use_dsp48e2.iDSP48E2/DSP_C_DATA_INST/C_DATA[5]
                            (internal pin)
  Destination:            design_1_i/Receiver_0/U0/sin_wave_demodulate_struct/dut/algorithm/mult/comp0.core_instance0/U0/i_mult/gDSP.gDSP_only.iDSP/use_prim.appDSP[0].bppDSP[0].need_output_delay.output_delay/d1.dout_i_reg[5]/D
                            (rising edge-triggered cell FDRE clocked by clk_pl_0  {rise@0.000ns fall@5.156ns period=10.312ns})
  Path Group:             (none)
  Path Type:              Hold (Min at Fast Process Corner)
  Data Path Delay:        0.302ns  (logic 0.132ns (43.709%)  route 0.170ns (56.291%))
  Logic Levels:           2  (DSP_ALU=1 DSP_OUTPUT=1)
  Clock Uncertainty:      0.157ns  ((TSJ^2 + DJ^2)^1/2) / 2 + PE
    Total System Jitter     (TSJ):    0.050ns
    Discrete Jitter          (DJ):    0.310ns
    Phase Error              (PE):    0.000ns
  Clock Net Delay (Destination): 1.182ns (routing 0.282ns, distribution 0.900ns)

    Location             Delay type                Incr(ns)  Path(ns)    Netlist Resource(s)
  -------------------------------------------------------------------    -------------------
    DSP48E2_X17Y42       DSP_C_DATA                   0.000     0.000 r  design_1_i/Receiver_0/U0/sin_wave_demodulate_struct/dut/algorithm/mult/comp0.core_instance0/U0/i_mult/gDSP.gDSP_only.iDSP/use_prim.appDSP[0].bppDSP[0].use_dsp.use_dsp48e2.iDSP48E2/DSP_C_DATA_INST/C_DATA[5]
                         net (fo=2, routed)           0.000     0.000    design_1_i/Receiver_0/U0/sin_wave_demodulate_struct/dut/algorithm/mult/comp0.core_instance0/U0/i_mult/gDSP.gDSP_only.iDSP/use_prim.appDSP[0].bppDSP[0].use_dsp.use_dsp48e2.iDSP48E2/DSP_C_DATA.C_DATA<5>
    DSP48E2_X17Y42       DSP_ALU (Prop_DSP_ALU_DSP48E2_C_DATA[5]_ALU_OUT[5])
                                                      0.102     0.102 f  design_1_i/Receiver_0/U0/sin_wave_demodulate_struct/dut/algorithm/mult/comp0.core_instance0/U0/i_mult/gDSP.gDSP_only.iDSP/use_prim.appDSP[0].bppDSP[0].use_dsp.use_dsp48e2.iDSP48E2/DSP_ALU_INST/ALU_OUT[5]
                         net (fo=1, routed)           0.000     0.102    design_1_i/Receiver_0/U0/sin_wave_demodulate_struct/dut/algorithm/mult/comp0.core_instance0/U0/i_mult/gDSP.gDSP_only.iDSP/use_prim.appDSP[0].bppDSP[0].use_dsp.use_dsp48e2.iDSP48E2/DSP_ALU.ALU_OUT<5>
    DSP48E2_X17Y42       DSP_OUTPUT (Prop_DSP_OUTPUT_DSP48E2_ALU_OUT[5]_P[5])
                                                      0.030     0.132 r  design_1_i/Receiver_0/U0/sin_wave_demodulate_struct/dut/algorithm/mult/comp0.core_instance0/U0/i_mult/gDSP.gDSP_only.iDSP/use_prim.appDSP[0].bppDSP[0].use_dsp.use_dsp48e2.iDSP48E2/DSP_OUTPUT_INST/P[5]
                         net (fo=1, routed)           0.170     0.302    design_1_i/Receiver_0/U0/sin_wave_demodulate_struct/dut/algorithm/mult/comp0.core_instance0/U0/i_mult/gDSP.gDSP_only.iDSP/use_prim.appDSP[0].bppDSP[0].need_output_delay.output_delay/d1.dout_i_reg[16]_0[4]
    SLICE_X85Y110        FDRE                                         r  design_1_i/Receiver_0/U0/sin_wave_demodulate_struct/dut/algorithm/mult/comp0.core_instance0/U0/i_mult/gDSP.gDSP_only.iDSP/use_prim.appDSP[0].bppDSP[0].need_output_delay.output_delay/d1.dout_i_reg[5]/D
  -------------------------------------------------------------------    -------------------

                         (clock clk_pl_0 rise edge)
                                                      0.000     0.000 r  
    PS8_X0Y0             PS8                          0.000     0.000 r  design_1_i/zynq_ultra_ps_e_0/U0/PS8_i/PLCLK[0]
                         net (fo=1, routed)           0.129     0.129    design_1_i/zynq_ultra_ps_e_0/U0/pl_clk_unbuffered[0]
    BUFG_PS_X0Y58        BUFG_PS (Prop_BUFG_PS_I_O)
                                                      0.018     0.147 r  design_1_i/zynq_ultra_ps_e_0/U0/buffer_pl_clk_0.PL_CLK_0_BUFG/O
    X2Y2 (CLOCK_ROOT)    net (fo=6912, routed)        1.182     1.329    design_1_i/Receiver_0/U0/sin_wave_demodulate_struct/dut/algorithm/mult/comp0.core_instance0/U0/i_mult/gDSP.gDSP_only.iDSP/use_prim.appDSP[0].bppDSP[0].need_output_delay.output_delay/CLK
    SLICE_X85Y110        FDRE                                         r  design_1_i/Receiver_0/U0/sin_wave_demodulate_struct/dut/algorithm/mult/comp0.core_instance0/U0/i_mult/gDSP.gDSP_only.iDSP/use_prim.appDSP[0].bppDSP[0].need_output_delay.output_delay/d1.dout_i_reg[5]/C

Slack:                    inf
  Source:                 design_1_i/Receiver_0/U0/sin_wave_demodulate_struct/dut/algorithm/mult/comp0.core_instance0/U0/i_mult/gDSP.gDSP_only.iDSP/use_prim.appDSP[0].bppDSP[0].use_dsp.use_dsp48e2.iDSP48E2/DSP_C_DATA_INST/C_DATA[9]
                            (internal pin)
  Destination:            design_1_i/Receiver_0/U0/sin_wave_demodulate_struct/dut/algorithm/mult/comp0.core_instance0/U0/i_mult/gDSP.gDSP_only.iDSP/use_prim.appDSP[0].bppDSP[0].need_output_delay.output_delay/d1.dout_i_reg[9]/D
                            (rising edge-triggered cell FDRE clocked by clk_pl_0  {rise@0.000ns fall@5.156ns period=10.312ns})
  Path Group:             (none)
  Path Type:              Hold (Min at Fast Process Corner)
  Data Path Delay:        0.302ns  (logic 0.132ns (43.709%)  route 0.170ns (56.291%))
  Logic Levels:           2  (DSP_ALU=1 DSP_OUTPUT=1)
  Clock Uncertainty:      0.157ns  ((TSJ^2 + DJ^2)^1/2) / 2 + PE
    Total System Jitter     (TSJ):    0.050ns
    Discrete Jitter          (DJ):    0.310ns
    Phase Error              (PE):    0.000ns
  Clock Net Delay (Destination): 1.182ns (routing 0.282ns, distribution 0.900ns)

    Location             Delay type                Incr(ns)  Path(ns)    Netlist Resource(s)
  -------------------------------------------------------------------    -------------------
    DSP48E2_X17Y42       DSP_C_DATA                   0.000     0.000 r  design_1_i/Receiver_0/U0/sin_wave_demodulate_struct/dut/algorithm/mult/comp0.core_instance0/U0/i_mult/gDSP.gDSP_only.iDSP/use_prim.appDSP[0].bppDSP[0].use_dsp.use_dsp48e2.iDSP48E2/DSP_C_DATA_INST/C_DATA[9]
                         net (fo=2, routed)           0.000     0.000    design_1_i/Receiver_0/U0/sin_wave_demodulate_struct/dut/algorithm/mult/comp0.core_instance0/U0/i_mult/gDSP.gDSP_only.iDSP/use_prim.appDSP[0].bppDSP[0].use_dsp.use_dsp48e2.iDSP48E2/DSP_C_DATA.C_DATA<9>
    DSP48E2_X17Y42       DSP_ALU (Prop_DSP_ALU_DSP48E2_C_DATA[9]_ALU_OUT[9])
                                                      0.102     0.102 f  design_1_i/Receiver_0/U0/sin_wave_demodulate_struct/dut/algorithm/mult/comp0.core_instance0/U0/i_mult/gDSP.gDSP_only.iDSP/use_prim.appDSP[0].bppDSP[0].use_dsp.use_dsp48e2.iDSP48E2/DSP_ALU_INST/ALU_OUT[9]
                         net (fo=1, routed)           0.000     0.102    design_1_i/Receiver_0/U0/sin_wave_demodulate_struct/dut/algorithm/mult/comp0.core_instance0/U0/i_mult/gDSP.gDSP_only.iDSP/use_prim.appDSP[0].bppDSP[0].use_dsp.use_dsp48e2.iDSP48E2/DSP_ALU.ALU_OUT<9>
    DSP48E2_X17Y42       DSP_OUTPUT (Prop_DSP_OUTPUT_DSP48E2_ALU_OUT[9]_P[9])
                                                      0.030     0.132 r  design_1_i/Receiver_0/U0/sin_wave_demodulate_struct/dut/algorithm/mult/comp0.core_instance0/U0/i_mult/gDSP.gDSP_only.iDSP/use_prim.appDSP[0].bppDSP[0].use_dsp.use_dsp48e2.iDSP48E2/DSP_OUTPUT_INST/P[9]
                         net (fo=1, routed)           0.170     0.302    design_1_i/Receiver_0/U0/sin_wave_demodulate_struct/dut/algorithm/mult/comp0.core_instance0/U0/i_mult/gDSP.gDSP_only.iDSP/use_prim.appDSP[0].bppDSP[0].need_output_delay.output_delay/d1.dout_i_reg[16]_0[8]
    SLICE_X85Y110        FDRE                                         r  design_1_i/Receiver_0/U0/sin_wave_demodulate_struct/dut/algorithm/mult/comp0.core_instance0/U0/i_mult/gDSP.gDSP_only.iDSP/use_prim.appDSP[0].bppDSP[0].need_output_delay.output_delay/d1.dout_i_reg[9]/D
  -------------------------------------------------------------------    -------------------

                         (clock clk_pl_0 rise edge)
                                                      0.000     0.000 r  
    PS8_X0Y0             PS8                          0.000     0.000 r  design_1_i/zynq_ultra_ps_e_0/U0/PS8_i/PLCLK[0]
                         net (fo=1, routed)           0.129     0.129    design_1_i/zynq_ultra_ps_e_0/U0/pl_clk_unbuffered[0]
    BUFG_PS_X0Y58        BUFG_PS (Prop_BUFG_PS_I_O)
                                                      0.018     0.147 r  design_1_i/zynq_ultra_ps_e_0/U0/buffer_pl_clk_0.PL_CLK_0_BUFG/O
    X2Y2 (CLOCK_ROOT)    net (fo=6912, routed)        1.182     1.329    design_1_i/Receiver_0/U0/sin_wave_demodulate_struct/dut/algorithm/mult/comp0.core_instance0/U0/i_mult/gDSP.gDSP_only.iDSP/use_prim.appDSP[0].bppDSP[0].need_output_delay.output_delay/CLK
    SLICE_X85Y110        FDRE                                         r  design_1_i/Receiver_0/U0/sin_wave_demodulate_struct/dut/algorithm/mult/comp0.core_instance0/U0/i_mult/gDSP.gDSP_only.iDSP/use_prim.appDSP[0].bppDSP[0].need_output_delay.output_delay/d1.dout_i_reg[9]/C

Slack:                    inf
  Source:                 design_1_i/Receiver_0/U0/sin_wave_demodulate_struct/dut/algorithm/mult/comp0.core_instance0/U0/i_mult/gDSP.gDSP_only.iDSP/use_prim.appDSP[0].bppDSP[0].use_dsp.use_dsp48e2.iDSP48E2/DSP_C_DATA_INST/C_DATA[6]
                            (internal pin)
  Destination:            design_1_i/Receiver_0/U0/sin_wave_demodulate_struct/dut/algorithm/mult/comp0.core_instance0/U0/i_mult/gDSP.gDSP_only.iDSP/use_prim.appDSP[0].bppDSP[0].need_output_delay.output_delay/d1.dout_i_reg[6]/D
                            (rising edge-triggered cell FDRE clocked by clk_pl_0  {rise@0.000ns fall@5.156ns period=10.312ns})
  Path Group:             (none)
  Path Type:              Hold (Min at Fast Process Corner)
  Data Path Delay:        0.306ns  (logic 0.132ns (43.137%)  route 0.174ns (56.863%))
  Logic Levels:           2  (DSP_ALU=1 DSP_OUTPUT=1)
  Clock Uncertainty:      0.157ns  ((TSJ^2 + DJ^2)^1/2) / 2 + PE
    Total System Jitter     (TSJ):    0.050ns
    Discrete Jitter          (DJ):    0.310ns
    Phase Error              (PE):    0.000ns
  Clock Net Delay (Destination): 1.182ns (routing 0.282ns, distribution 0.900ns)

    Location             Delay type                Incr(ns)  Path(ns)    Netlist Resource(s)
  -------------------------------------------------------------------    -------------------
    DSP48E2_X17Y42       DSP_C_DATA                   0.000     0.000 r  design_1_i/Receiver_0/U0/sin_wave_demodulate_struct/dut/algorithm/mult/comp0.core_instance0/U0/i_mult/gDSP.gDSP_only.iDSP/use_prim.appDSP[0].bppDSP[0].use_dsp.use_dsp48e2.iDSP48E2/DSP_C_DATA_INST/C_DATA[6]
                         net (fo=2, routed)           0.000     0.000    design_1_i/Receiver_0/U0/sin_wave_demodulate_struct/dut/algorithm/mult/comp0.core_instance0/U0/i_mult/gDSP.gDSP_only.iDSP/use_prim.appDSP[0].bppDSP[0].use_dsp.use_dsp48e2.iDSP48E2/DSP_C_DATA.C_DATA<6>
    DSP48E2_X17Y42       DSP_ALU (Prop_DSP_ALU_DSP48E2_C_DATA[6]_ALU_OUT[6])
                                                      0.102     0.102 f  design_1_i/Receiver_0/U0/sin_wave_demodulate_struct/dut/algorithm/mult/comp0.core_instance0/U0/i_mult/gDSP.gDSP_only.iDSP/use_prim.appDSP[0].bppDSP[0].use_dsp.use_dsp48e2.iDSP48E2/DSP_ALU_INST/ALU_OUT[6]
                         net (fo=1, routed)           0.000     0.102    design_1_i/Receiver_0/U0/sin_wave_demodulate_struct/dut/algorithm/mult/comp0.core_instance0/U0/i_mult/gDSP.gDSP_only.iDSP/use_prim.appDSP[0].bppDSP[0].use_dsp.use_dsp48e2.iDSP48E2/DSP_ALU.ALU_OUT<6>
    DSP48E2_X17Y42       DSP_OUTPUT (Prop_DSP_OUTPUT_DSP48E2_ALU_OUT[6]_P[6])
                                                      0.030     0.132 r  design_1_i/Receiver_0/U0/sin_wave_demodulate_struct/dut/algorithm/mult/comp0.core_instance0/U0/i_mult/gDSP.gDSP_only.iDSP/use_prim.appDSP[0].bppDSP[0].use_dsp.use_dsp48e2.iDSP48E2/DSP_OUTPUT_INST/P[6]
                         net (fo=1, routed)           0.174     0.306    design_1_i/Receiver_0/U0/sin_wave_demodulate_struct/dut/algorithm/mult/comp0.core_instance0/U0/i_mult/gDSP.gDSP_only.iDSP/use_prim.appDSP[0].bppDSP[0].need_output_delay.output_delay/d1.dout_i_reg[16]_0[5]
    SLICE_X85Y110        FDRE                                         r  design_1_i/Receiver_0/U0/sin_wave_demodulate_struct/dut/algorithm/mult/comp0.core_instance0/U0/i_mult/gDSP.gDSP_only.iDSP/use_prim.appDSP[0].bppDSP[0].need_output_delay.output_delay/d1.dout_i_reg[6]/D
  -------------------------------------------------------------------    -------------------

                         (clock clk_pl_0 rise edge)
                                                      0.000     0.000 r  
    PS8_X0Y0             PS8                          0.000     0.000 r  design_1_i/zynq_ultra_ps_e_0/U0/PS8_i/PLCLK[0]
                         net (fo=1, routed)           0.129     0.129    design_1_i/zynq_ultra_ps_e_0/U0/pl_clk_unbuffered[0]
    BUFG_PS_X0Y58        BUFG_PS (Prop_BUFG_PS_I_O)
                                                      0.018     0.147 r  design_1_i/zynq_ultra_ps_e_0/U0/buffer_pl_clk_0.PL_CLK_0_BUFG/O
    X2Y2 (CLOCK_ROOT)    net (fo=6912, routed)        1.182     1.329    design_1_i/Receiver_0/U0/sin_wave_demodulate_struct/dut/algorithm/mult/comp0.core_instance0/U0/i_mult/gDSP.gDSP_only.iDSP/use_prim.appDSP[0].bppDSP[0].need_output_delay.output_delay/CLK
    SLICE_X85Y110        FDRE                                         r  design_1_i/Receiver_0/U0/sin_wave_demodulate_struct/dut/algorithm/mult/comp0.core_instance0/U0/i_mult/gDSP.gDSP_only.iDSP/use_prim.appDSP[0].bppDSP[0].need_output_delay.output_delay/d1.dout_i_reg[6]/C

Slack:                    inf
  Source:                 design_1_i/Receiver_0/U0/sin_wave_demodulate_struct/dut/algorithm/mult/comp0.core_instance0/U0/i_mult/gDSP.gDSP_only.iDSP/use_prim.appDSP[0].bppDSP[0].use_dsp.use_dsp48e2.iDSP48E2/DSP_C_DATA_INST/C_DATA[8]
                            (internal pin)
  Destination:            design_1_i/Receiver_0/U0/sin_wave_demodulate_struct/dut/algorithm/mult/comp0.core_instance0/U0/i_mult/gDSP.gDSP_only.iDSP/use_prim.appDSP[0].bppDSP[0].need_output_delay.output_delay/d1.dout_i_reg[8]/D
                            (rising edge-triggered cell FDRE clocked by clk_pl_0  {rise@0.000ns fall@5.156ns period=10.312ns})
  Path Group:             (none)
  Path Type:              Hold (Min at Fast Process Corner)
  Data Path Delay:        0.308ns  (logic 0.132ns (42.857%)  route 0.176ns (57.143%))
  Logic Levels:           2  (DSP_ALU=1 DSP_OUTPUT=1)
  Clock Uncertainty:      0.157ns  ((TSJ^2 + DJ^2)^1/2) / 2 + PE
    Total System Jitter     (TSJ):    0.050ns
    Discrete Jitter          (DJ):    0.310ns
    Phase Error              (PE):    0.000ns
  Clock Net Delay (Destination): 1.178ns (routing 0.282ns, distribution 0.896ns)

    Location             Delay type                Incr(ns)  Path(ns)    Netlist Resource(s)
  -------------------------------------------------------------------    -------------------
    DSP48E2_X17Y42       DSP_C_DATA                   0.000     0.000 r  design_1_i/Receiver_0/U0/sin_wave_demodulate_struct/dut/algorithm/mult/comp0.core_instance0/U0/i_mult/gDSP.gDSP_only.iDSP/use_prim.appDSP[0].bppDSP[0].use_dsp.use_dsp48e2.iDSP48E2/DSP_C_DATA_INST/C_DATA[8]
                         net (fo=2, routed)           0.000     0.000    design_1_i/Receiver_0/U0/sin_wave_demodulate_struct/dut/algorithm/mult/comp0.core_instance0/U0/i_mult/gDSP.gDSP_only.iDSP/use_prim.appDSP[0].bppDSP[0].use_dsp.use_dsp48e2.iDSP48E2/DSP_C_DATA.C_DATA<8>
    DSP48E2_X17Y42       DSP_ALU (Prop_DSP_ALU_DSP48E2_C_DATA[8]_ALU_OUT[8])
                                                      0.102     0.102 f  design_1_i/Receiver_0/U0/sin_wave_demodulate_struct/dut/algorithm/mult/comp0.core_instance0/U0/i_mult/gDSP.gDSP_only.iDSP/use_prim.appDSP[0].bppDSP[0].use_dsp.use_dsp48e2.iDSP48E2/DSP_ALU_INST/ALU_OUT[8]
                         net (fo=1, routed)           0.000     0.102    design_1_i/Receiver_0/U0/sin_wave_demodulate_struct/dut/algorithm/mult/comp0.core_instance0/U0/i_mult/gDSP.gDSP_only.iDSP/use_prim.appDSP[0].bppDSP[0].use_dsp.use_dsp48e2.iDSP48E2/DSP_ALU.ALU_OUT<8>
    DSP48E2_X17Y42       DSP_OUTPUT (Prop_DSP_OUTPUT_DSP48E2_ALU_OUT[8]_P[8])
                                                      0.030     0.132 r  design_1_i/Receiver_0/U0/sin_wave_demodulate_struct/dut/algorithm/mult/comp0.core_instance0/U0/i_mult/gDSP.gDSP_only.iDSP/use_prim.appDSP[0].bppDSP[0].use_dsp.use_dsp48e2.iDSP48E2/DSP_OUTPUT_INST/P[8]
                         net (fo=1, routed)           0.176     0.308    design_1_i/Receiver_0/U0/sin_wave_demodulate_struct/dut/algorithm/mult/comp0.core_instance0/U0/i_mult/gDSP.gDSP_only.iDSP/use_prim.appDSP[0].bppDSP[0].need_output_delay.output_delay/d1.dout_i_reg[16]_0[7]
    SLICE_X85Y110        FDRE                                         r  design_1_i/Receiver_0/U0/sin_wave_demodulate_struct/dut/algorithm/mult/comp0.core_instance0/U0/i_mult/gDSP.gDSP_only.iDSP/use_prim.appDSP[0].bppDSP[0].need_output_delay.output_delay/d1.dout_i_reg[8]/D
  -------------------------------------------------------------------    -------------------

                         (clock clk_pl_0 rise edge)
                                                      0.000     0.000 r  
    PS8_X0Y0             PS8                          0.000     0.000 r  design_1_i/zynq_ultra_ps_e_0/U0/PS8_i/PLCLK[0]
                         net (fo=1, routed)           0.129     0.129    design_1_i/zynq_ultra_ps_e_0/U0/pl_clk_unbuffered[0]
    BUFG_PS_X0Y58        BUFG_PS (Prop_BUFG_PS_I_O)
                                                      0.018     0.147 r  design_1_i/zynq_ultra_ps_e_0/U0/buffer_pl_clk_0.PL_CLK_0_BUFG/O
    X2Y2 (CLOCK_ROOT)    net (fo=6912, routed)        1.178     1.325    design_1_i/Receiver_0/U0/sin_wave_demodulate_struct/dut/algorithm/mult/comp0.core_instance0/U0/i_mult/gDSP.gDSP_only.iDSP/use_prim.appDSP[0].bppDSP[0].need_output_delay.output_delay/CLK
    SLICE_X85Y110        FDRE                                         r  design_1_i/Receiver_0/U0/sin_wave_demodulate_struct/dut/algorithm/mult/comp0.core_instance0/U0/i_mult/gDSP.gDSP_only.iDSP/use_prim.appDSP[0].bppDSP[0].need_output_delay.output_delay/d1.dout_i_reg[8]/C

Slack:                    inf
  Source:                 design_1_i/Receiver_0/U0/sin_wave_demodulate_struct/dut/algorithm/mult/comp0.core_instance0/U0/i_mult/gDSP.gDSP_only.iDSP/use_prim.appDSP[0].bppDSP[0].use_dsp.use_dsp48e2.iDSP48E2/DSP_C_DATA_INST/C_DATA[13]
                            (internal pin)
  Destination:            design_1_i/Receiver_0/U0/sin_wave_demodulate_struct/dut/algorithm/mult/comp0.core_instance0/U0/i_mult/gDSP.gDSP_only.iDSP/use_prim.appDSP[0].bppDSP[0].need_output_delay.output_delay/d1.dout_i_reg[13]/D
                            (rising edge-triggered cell FDRE clocked by clk_pl_0  {rise@0.000ns fall@5.156ns period=10.312ns})
  Path Group:             (none)
  Path Type:              Hold (Min at Fast Process Corner)
  Data Path Delay:        0.309ns  (logic 0.132ns (42.718%)  route 0.177ns (57.282%))
  Logic Levels:           2  (DSP_ALU=1 DSP_OUTPUT=1)
  Clock Uncertainty:      0.157ns  ((TSJ^2 + DJ^2)^1/2) / 2 + PE
    Total System Jitter     (TSJ):    0.050ns
    Discrete Jitter          (DJ):    0.310ns
    Phase Error              (PE):    0.000ns
  Clock Net Delay (Destination): 1.182ns (routing 0.282ns, distribution 0.900ns)

    Location             Delay type                Incr(ns)  Path(ns)    Netlist Resource(s)
  -------------------------------------------------------------------    -------------------
    DSP48E2_X17Y42       DSP_C_DATA                   0.000     0.000 r  design_1_i/Receiver_0/U0/sin_wave_demodulate_struct/dut/algorithm/mult/comp0.core_instance0/U0/i_mult/gDSP.gDSP_only.iDSP/use_prim.appDSP[0].bppDSP[0].use_dsp.use_dsp48e2.iDSP48E2/DSP_C_DATA_INST/C_DATA[13]
                         net (fo=2, routed)           0.000     0.000    design_1_i/Receiver_0/U0/sin_wave_demodulate_struct/dut/algorithm/mult/comp0.core_instance0/U0/i_mult/gDSP.gDSP_only.iDSP/use_prim.appDSP[0].bppDSP[0].use_dsp.use_dsp48e2.iDSP48E2/DSP_C_DATA.C_DATA<13>
    DSP48E2_X17Y42       DSP_ALU (Prop_DSP_ALU_DSP48E2_C_DATA[13]_ALU_OUT[13])
                                                      0.102     0.102 f  design_1_i/Receiver_0/U0/sin_wave_demodulate_struct/dut/algorithm/mult/comp0.core_instance0/U0/i_mult/gDSP.gDSP_only.iDSP/use_prim.appDSP[0].bppDSP[0].use_dsp.use_dsp48e2.iDSP48E2/DSP_ALU_INST/ALU_OUT[13]
                         net (fo=1, routed)           0.000     0.102    design_1_i/Receiver_0/U0/sin_wave_demodulate_struct/dut/algorithm/mult/comp0.core_instance0/U0/i_mult/gDSP.gDSP_only.iDSP/use_prim.appDSP[0].bppDSP[0].use_dsp.use_dsp48e2.iDSP48E2/DSP_ALU.ALU_OUT<13>
    DSP48E2_X17Y42       DSP_OUTPUT (Prop_DSP_OUTPUT_DSP48E2_ALU_OUT[13]_P[13])
                                                      0.030     0.132 r  design_1_i/Receiver_0/U0/sin_wave_demodulate_struct/dut/algorithm/mult/comp0.core_instance0/U0/i_mult/gDSP.gDSP_only.iDSP/use_prim.appDSP[0].bppDSP[0].use_dsp.use_dsp48e2.iDSP48E2/DSP_OUTPUT_INST/P[13]
                         net (fo=1, routed)           0.177     0.309    design_1_i/Receiver_0/U0/sin_wave_demodulate_struct/dut/algorithm/mult/comp0.core_instance0/U0/i_mult/gDSP.gDSP_only.iDSP/use_prim.appDSP[0].bppDSP[0].need_output_delay.output_delay/d1.dout_i_reg[16]_0[12]
    SLICE_X85Y110        FDRE                                         r  design_1_i/Receiver_0/U0/sin_wave_demodulate_struct/dut/algorithm/mult/comp0.core_instance0/U0/i_mult/gDSP.gDSP_only.iDSP/use_prim.appDSP[0].bppDSP[0].need_output_delay.output_delay/d1.dout_i_reg[13]/D
  -------------------------------------------------------------------    -------------------

                         (clock clk_pl_0 rise edge)
                                                      0.000     0.000 r  
    PS8_X0Y0             PS8                          0.000     0.000 r  design_1_i/zynq_ultra_ps_e_0/U0/PS8_i/PLCLK[0]
                         net (fo=1, routed)           0.129     0.129    design_1_i/zynq_ultra_ps_e_0/U0/pl_clk_unbuffered[0]
    BUFG_PS_X0Y58        BUFG_PS (Prop_BUFG_PS_I_O)
                                                      0.018     0.147 r  design_1_i/zynq_ultra_ps_e_0/U0/buffer_pl_clk_0.PL_CLK_0_BUFG/O
    X2Y2 (CLOCK_ROOT)    net (fo=6912, routed)        1.182     1.329    design_1_i/Receiver_0/U0/sin_wave_demodulate_struct/dut/algorithm/mult/comp0.core_instance0/U0/i_mult/gDSP.gDSP_only.iDSP/use_prim.appDSP[0].bppDSP[0].need_output_delay.output_delay/CLK
    SLICE_X85Y110        FDRE                                         r  design_1_i/Receiver_0/U0/sin_wave_demodulate_struct/dut/algorithm/mult/comp0.core_instance0/U0/i_mult/gDSP.gDSP_only.iDSP/use_prim.appDSP[0].bppDSP[0].need_output_delay.output_delay/d1.dout_i_reg[13]/C

Slack:                    inf
  Source:                 design_1_i/Receiver_0/U0/sin_wave_demodulate_struct/dut/algorithm/mult/comp0.core_instance0/U0/i_mult/gDSP.gDSP_only.iDSP/use_prim.appDSP[0].bppDSP[0].use_dsp.use_dsp48e2.iDSP48E2/DSP_C_DATA_INST/C_DATA[2]
                            (internal pin)
  Destination:            design_1_i/Receiver_0/U0/sin_wave_demodulate_struct/dut/algorithm/mult/comp0.core_instance0/U0/i_mult/gDSP.gDSP_only.iDSP/use_prim.appDSP[0].bppDSP[0].need_output_delay.output_delay/d1.dout_i_reg[2]/D
                            (rising edge-triggered cell FDRE clocked by clk_pl_0  {rise@0.000ns fall@5.156ns period=10.312ns})
  Path Group:             (none)
  Path Type:              Hold (Min at Fast Process Corner)
  Data Path Delay:        0.309ns  (logic 0.132ns (42.718%)  route 0.177ns (57.282%))
  Logic Levels:           2  (DSP_ALU=1 DSP_OUTPUT=1)
  Clock Uncertainty:      0.157ns  ((TSJ^2 + DJ^2)^1/2) / 2 + PE
    Total System Jitter     (TSJ):    0.050ns
    Discrete Jitter          (DJ):    0.310ns
    Phase Error              (PE):    0.000ns
  Clock Net Delay (Destination): 1.178ns (routing 0.282ns, distribution 0.896ns)

    Location             Delay type                Incr(ns)  Path(ns)    Netlist Resource(s)
  -------------------------------------------------------------------    -------------------
    DSP48E2_X17Y42       DSP_C_DATA                   0.000     0.000 r  design_1_i/Receiver_0/U0/sin_wave_demodulate_struct/dut/algorithm/mult/comp0.core_instance0/U0/i_mult/gDSP.gDSP_only.iDSP/use_prim.appDSP[0].bppDSP[0].use_dsp.use_dsp48e2.iDSP48E2/DSP_C_DATA_INST/C_DATA[2]
                         net (fo=2, routed)           0.000     0.000    design_1_i/Receiver_0/U0/sin_wave_demodulate_struct/dut/algorithm/mult/comp0.core_instance0/U0/i_mult/gDSP.gDSP_only.iDSP/use_prim.appDSP[0].bppDSP[0].use_dsp.use_dsp48e2.iDSP48E2/DSP_C_DATA.C_DATA<2>
    DSP48E2_X17Y42       DSP_ALU (Prop_DSP_ALU_DSP48E2_C_DATA[2]_ALU_OUT[2])
                                                      0.102     0.102 f  design_1_i/Receiver_0/U0/sin_wave_demodulate_struct/dut/algorithm/mult/comp0.core_instance0/U0/i_mult/gDSP.gDSP_only.iDSP/use_prim.appDSP[0].bppDSP[0].use_dsp.use_dsp48e2.iDSP48E2/DSP_ALU_INST/ALU_OUT[2]
                         net (fo=1, routed)           0.000     0.102    design_1_i/Receiver_0/U0/sin_wave_demodulate_struct/dut/algorithm/mult/comp0.core_instance0/U0/i_mult/gDSP.gDSP_only.iDSP/use_prim.appDSP[0].bppDSP[0].use_dsp.use_dsp48e2.iDSP48E2/DSP_ALU.ALU_OUT<2>
    DSP48E2_X17Y42       DSP_OUTPUT (Prop_DSP_OUTPUT_DSP48E2_ALU_OUT[2]_P[2])
                                                      0.030     0.132 r  design_1_i/Receiver_0/U0/sin_wave_demodulate_struct/dut/algorithm/mult/comp0.core_instance0/U0/i_mult/gDSP.gDSP_only.iDSP/use_prim.appDSP[0].bppDSP[0].use_dsp.use_dsp48e2.iDSP48E2/DSP_OUTPUT_INST/P[2]
                         net (fo=1, routed)           0.177     0.309    design_1_i/Receiver_0/U0/sin_wave_demodulate_struct/dut/algorithm/mult/comp0.core_instance0/U0/i_mult/gDSP.gDSP_only.iDSP/use_prim.appDSP[0].bppDSP[0].need_output_delay.output_delay/d1.dout_i_reg[16]_0[1]
    SLICE_X85Y110        FDRE                                         r  design_1_i/Receiver_0/U0/sin_wave_demodulate_struct/dut/algorithm/mult/comp0.core_instance0/U0/i_mult/gDSP.gDSP_only.iDSP/use_prim.appDSP[0].bppDSP[0].need_output_delay.output_delay/d1.dout_i_reg[2]/D
  -------------------------------------------------------------------    -------------------

                         (clock clk_pl_0 rise edge)
                                                      0.000     0.000 r  
    PS8_X0Y0             PS8                          0.000     0.000 r  design_1_i/zynq_ultra_ps_e_0/U0/PS8_i/PLCLK[0]
                         net (fo=1, routed)           0.129     0.129    design_1_i/zynq_ultra_ps_e_0/U0/pl_clk_unbuffered[0]
    BUFG_PS_X0Y58        BUFG_PS (Prop_BUFG_PS_I_O)
                                                      0.018     0.147 r  design_1_i/zynq_ultra_ps_e_0/U0/buffer_pl_clk_0.PL_CLK_0_BUFG/O
    X2Y2 (CLOCK_ROOT)    net (fo=6912, routed)        1.178     1.325    design_1_i/Receiver_0/U0/sin_wave_demodulate_struct/dut/algorithm/mult/comp0.core_instance0/U0/i_mult/gDSP.gDSP_only.iDSP/use_prim.appDSP[0].bppDSP[0].need_output_delay.output_delay/CLK
    SLICE_X85Y110        FDRE                                         r  design_1_i/Receiver_0/U0/sin_wave_demodulate_struct/dut/algorithm/mult/comp0.core_instance0/U0/i_mult/gDSP.gDSP_only.iDSP/use_prim.appDSP[0].bppDSP[0].need_output_delay.output_delay/d1.dout_i_reg[2]/C

Slack:                    inf
  Source:                 design_1_i/Receiver_0/U0/sin_wave_demodulate_struct/dut/algorithm/mult/comp0.core_instance0/U0/i_mult/gDSP.gDSP_only.iDSP/use_prim.appDSP[0].bppDSP[0].use_dsp.use_dsp48e2.iDSP48E2/DSP_C_DATA_INST/C_DATA[4]
                            (internal pin)
  Destination:            design_1_i/Receiver_0/U0/sin_wave_demodulate_struct/dut/algorithm/mult/comp0.core_instance0/U0/i_mult/gDSP.gDSP_only.iDSP/use_prim.appDSP[0].bppDSP[0].need_output_delay.output_delay/d1.dout_i_reg[4]/D
                            (rising edge-triggered cell FDRE clocked by clk_pl_0  {rise@0.000ns fall@5.156ns period=10.312ns})
  Path Group:             (none)
  Path Type:              Hold (Min at Fast Process Corner)
  Data Path Delay:        0.309ns  (logic 0.132ns (42.718%)  route 0.177ns (57.282%))
  Logic Levels:           2  (DSP_ALU=1 DSP_OUTPUT=1)
  Clock Uncertainty:      0.157ns  ((TSJ^2 + DJ^2)^1/2) / 2 + PE
    Total System Jitter     (TSJ):    0.050ns
    Discrete Jitter          (DJ):    0.310ns
    Phase Error              (PE):    0.000ns
  Clock Net Delay (Destination): 1.182ns (routing 0.282ns, distribution 0.900ns)

    Location             Delay type                Incr(ns)  Path(ns)    Netlist Resource(s)
  -------------------------------------------------------------------    -------------------
    DSP48E2_X17Y42       DSP_C_DATA                   0.000     0.000 r  design_1_i/Receiver_0/U0/sin_wave_demodulate_struct/dut/algorithm/mult/comp0.core_instance0/U0/i_mult/gDSP.gDSP_only.iDSP/use_prim.appDSP[0].bppDSP[0].use_dsp.use_dsp48e2.iDSP48E2/DSP_C_DATA_INST/C_DATA[4]
                         net (fo=2, routed)           0.000     0.000    design_1_i/Receiver_0/U0/sin_wave_demodulate_struct/dut/algorithm/mult/comp0.core_instance0/U0/i_mult/gDSP.gDSP_only.iDSP/use_prim.appDSP[0].bppDSP[0].use_dsp.use_dsp48e2.iDSP48E2/DSP_C_DATA.C_DATA<4>
    DSP48E2_X17Y42       DSP_ALU (Prop_DSP_ALU_DSP48E2_C_DATA[4]_ALU_OUT[4])
                                                      0.102     0.102 f  design_1_i/Receiver_0/U0/sin_wave_demodulate_struct/dut/algorithm/mult/comp0.core_instance0/U0/i_mult/gDSP.gDSP_only.iDSP/use_prim.appDSP[0].bppDSP[0].use_dsp.use_dsp48e2.iDSP48E2/DSP_ALU_INST/ALU_OUT[4]
                         net (fo=1, routed)           0.000     0.102    design_1_i/Receiver_0/U0/sin_wave_demodulate_struct/dut/algorithm/mult/comp0.core_instance0/U0/i_mult/gDSP.gDSP_only.iDSP/use_prim.appDSP[0].bppDSP[0].use_dsp.use_dsp48e2.iDSP48E2/DSP_ALU.ALU_OUT<4>
    DSP48E2_X17Y42       DSP_OUTPUT (Prop_DSP_OUTPUT_DSP48E2_ALU_OUT[4]_P[4])
                                                      0.030     0.132 r  design_1_i/Receiver_0/U0/sin_wave_demodulate_struct/dut/algorithm/mult/comp0.core_instance0/U0/i_mult/gDSP.gDSP_only.iDSP/use_prim.appDSP[0].bppDSP[0].use_dsp.use_dsp48e2.iDSP48E2/DSP_OUTPUT_INST/P[4]
                         net (fo=1, routed)           0.177     0.309    design_1_i/Receiver_0/U0/sin_wave_demodulate_struct/dut/algorithm/mult/comp0.core_instance0/U0/i_mult/gDSP.gDSP_only.iDSP/use_prim.appDSP[0].bppDSP[0].need_output_delay.output_delay/d1.dout_i_reg[16]_0[3]
    SLICE_X85Y110        FDRE                                         r  design_1_i/Receiver_0/U0/sin_wave_demodulate_struct/dut/algorithm/mult/comp0.core_instance0/U0/i_mult/gDSP.gDSP_only.iDSP/use_prim.appDSP[0].bppDSP[0].need_output_delay.output_delay/d1.dout_i_reg[4]/D
  -------------------------------------------------------------------    -------------------

                         (clock clk_pl_0 rise edge)
                                                      0.000     0.000 r  
    PS8_X0Y0             PS8                          0.000     0.000 r  design_1_i/zynq_ultra_ps_e_0/U0/PS8_i/PLCLK[0]
                         net (fo=1, routed)           0.129     0.129    design_1_i/zynq_ultra_ps_e_0/U0/pl_clk_unbuffered[0]
    BUFG_PS_X0Y58        BUFG_PS (Prop_BUFG_PS_I_O)
                                                      0.018     0.147 r  design_1_i/zynq_ultra_ps_e_0/U0/buffer_pl_clk_0.PL_CLK_0_BUFG/O
    X2Y2 (CLOCK_ROOT)    net (fo=6912, routed)        1.182     1.329    design_1_i/Receiver_0/U0/sin_wave_demodulate_struct/dut/algorithm/mult/comp0.core_instance0/U0/i_mult/gDSP.gDSP_only.iDSP/use_prim.appDSP[0].bppDSP[0].need_output_delay.output_delay/CLK
    SLICE_X85Y110        FDRE                                         r  design_1_i/Receiver_0/U0/sin_wave_demodulate_struct/dut/algorithm/mult/comp0.core_instance0/U0/i_mult/gDSP.gDSP_only.iDSP/use_prim.appDSP[0].bppDSP[0].need_output_delay.output_delay/d1.dout_i_reg[4]/C

Slack:                    inf
  Source:                 design_1_i/Receiver_0/U0/sin_wave_demodulate_struct/dut/algorithm/mult/comp0.core_instance0/U0/i_mult/gDSP.gDSP_only.iDSP/use_prim.appDSP[0].bppDSP[0].use_dsp.use_dsp48e2.iDSP48E2/DSP_C_DATA_INST/C_DATA[7]
                            (internal pin)
  Destination:            design_1_i/Receiver_0/U0/sin_wave_demodulate_struct/dut/algorithm/mult/comp0.core_instance0/U0/i_mult/gDSP.gDSP_only.iDSP/use_prim.appDSP[0].bppDSP[0].need_output_delay.output_delay/d1.dout_i_reg[7]/D
                            (rising edge-triggered cell FDRE clocked by clk_pl_0  {rise@0.000ns fall@5.156ns period=10.312ns})
  Path Group:             (none)
  Path Type:              Hold (Min at Fast Process Corner)
  Data Path Delay:        0.309ns  (logic 0.132ns (42.718%)  route 0.177ns (57.282%))
  Logic Levels:           2  (DSP_ALU=1 DSP_OUTPUT=1)
  Clock Uncertainty:      0.157ns  ((TSJ^2 + DJ^2)^1/2) / 2 + PE
    Total System Jitter     (TSJ):    0.050ns
    Discrete Jitter          (DJ):    0.310ns
    Phase Error              (PE):    0.000ns
  Clock Net Delay (Destination): 1.178ns (routing 0.282ns, distribution 0.896ns)

    Location             Delay type                Incr(ns)  Path(ns)    Netlist Resource(s)
  -------------------------------------------------------------------    -------------------
    DSP48E2_X17Y42       DSP_C_DATA                   0.000     0.000 r  design_1_i/Receiver_0/U0/sin_wave_demodulate_struct/dut/algorithm/mult/comp0.core_instance0/U0/i_mult/gDSP.gDSP_only.iDSP/use_prim.appDSP[0].bppDSP[0].use_dsp.use_dsp48e2.iDSP48E2/DSP_C_DATA_INST/C_DATA[7]
                         net (fo=2, routed)           0.000     0.000    design_1_i/Receiver_0/U0/sin_wave_demodulate_struct/dut/algorithm/mult/comp0.core_instance0/U0/i_mult/gDSP.gDSP_only.iDSP/use_prim.appDSP[0].bppDSP[0].use_dsp.use_dsp48e2.iDSP48E2/DSP_C_DATA.C_DATA<7>
    DSP48E2_X17Y42       DSP_ALU (Prop_DSP_ALU_DSP48E2_C_DATA[7]_ALU_OUT[7])
                                                      0.102     0.102 f  design_1_i/Receiver_0/U0/sin_wave_demodulate_struct/dut/algorithm/mult/comp0.core_instance0/U0/i_mult/gDSP.gDSP_only.iDSP/use_prim.appDSP[0].bppDSP[0].use_dsp.use_dsp48e2.iDSP48E2/DSP_ALU_INST/ALU_OUT[7]
                         net (fo=1, routed)           0.000     0.102    design_1_i/Receiver_0/U0/sin_wave_demodulate_struct/dut/algorithm/mult/comp0.core_instance0/U0/i_mult/gDSP.gDSP_only.iDSP/use_prim.appDSP[0].bppDSP[0].use_dsp.use_dsp48e2.iDSP48E2/DSP_ALU.ALU_OUT<7>
    DSP48E2_X17Y42       DSP_OUTPUT (Prop_DSP_OUTPUT_DSP48E2_ALU_OUT[7]_P[7])
                                                      0.030     0.132 r  design_1_i/Receiver_0/U0/sin_wave_demodulate_struct/dut/algorithm/mult/comp0.core_instance0/U0/i_mult/gDSP.gDSP_only.iDSP/use_prim.appDSP[0].bppDSP[0].use_dsp.use_dsp48e2.iDSP48E2/DSP_OUTPUT_INST/P[7]
                         net (fo=1, routed)           0.177     0.309    design_1_i/Receiver_0/U0/sin_wave_demodulate_struct/dut/algorithm/mult/comp0.core_instance0/U0/i_mult/gDSP.gDSP_only.iDSP/use_prim.appDSP[0].bppDSP[0].need_output_delay.output_delay/d1.dout_i_reg[16]_0[6]
    SLICE_X85Y110        FDRE                                         r  design_1_i/Receiver_0/U0/sin_wave_demodulate_struct/dut/algorithm/mult/comp0.core_instance0/U0/i_mult/gDSP.gDSP_only.iDSP/use_prim.appDSP[0].bppDSP[0].need_output_delay.output_delay/d1.dout_i_reg[7]/D
  -------------------------------------------------------------------    -------------------

                         (clock clk_pl_0 rise edge)
                                                      0.000     0.000 r  
    PS8_X0Y0             PS8                          0.000     0.000 r  design_1_i/zynq_ultra_ps_e_0/U0/PS8_i/PLCLK[0]
                         net (fo=1, routed)           0.129     0.129    design_1_i/zynq_ultra_ps_e_0/U0/pl_clk_unbuffered[0]
    BUFG_PS_X0Y58        BUFG_PS (Prop_BUFG_PS_I_O)
                                                      0.018     0.147 r  design_1_i/zynq_ultra_ps_e_0/U0/buffer_pl_clk_0.PL_CLK_0_BUFG/O
    X2Y2 (CLOCK_ROOT)    net (fo=6912, routed)        1.178     1.325    design_1_i/Receiver_0/U0/sin_wave_demodulate_struct/dut/algorithm/mult/comp0.core_instance0/U0/i_mult/gDSP.gDSP_only.iDSP/use_prim.appDSP[0].bppDSP[0].need_output_delay.output_delay/CLK
    SLICE_X85Y110        FDRE                                         r  design_1_i/Receiver_0/U0/sin_wave_demodulate_struct/dut/algorithm/mult/comp0.core_instance0/U0/i_mult/gDSP.gDSP_only.iDSP/use_prim.appDSP[0].bppDSP[0].need_output_delay.output_delay/d1.dout_i_reg[7]/C





