Sample in Buffer,Sample in Window,TRIGGER,PYNQ_Design_i/RX/system_ila_1/U0/net_slot_0_axis_tdata[15:0],PYNQ_Design_i/RX/system_ila_1/U0/net_slot_0_axis_tvalid,PYNQ_Design_i/RX/system_ila_1/U0/net_slot_0_axis_tready,PYNQ_Design_i/RX/system_ila_1/U0/net_slot_0_axis_tlast,PYNQ_Design_i/RX/system_ila_1/U0/net_slot_1_axis_tdata[15:0],PYNQ_Design_i/RX/system_ila_1/U0/net_slot_1_axis_tvalid,PYNQ_Design_i/RX/system_ila_1/U0/net_slot_1_axis_tready,PYNQ_Design_i/RX/system_ila_1/U0/net_slot_1_axis_tlast,PYNQ_Design_i/RX/system_ila_1/U0/net_slot_2_axi_ar_cnt[1:0],PYNQ_Design_i/RX/system_ila_1/U0/net_slot_2_axi_araddr[48:0],PYNQ_Design_i/RX/system_ila_1/U0/net_slot_2_axi_arburst[1:0],PYNQ_Design_i/RX/system_ila_1/U0/net_slot_2_axi_arcache[3:0],PYNQ_Design_i/RX/system_ila_1/U0/net_slot_2_axi_arlen[7:0],PYNQ_Design_i/RX/system_ila_1/U0/net_slot_2_axi_arlock,PYNQ_Design_i/RX/system_ila_1/U0/net_slot_2_axi_arprot[2:0],PYNQ_Design_i/RX/system_ila_1/U0/net_slot_2_axi_arqos[3:0],PYNQ_Design_i/RX/system_ila_1/U0/net_slot_2_axi_arsize[2:0],PYNQ_Design_i/RX/system_ila_1/U0/net_slot_2_axi_aw_cnt[1:0],PYNQ_Design_i/RX/system_ila_1/U0/net_slot_2_axi_awaddr[48:0],PYNQ_Design_i/RX/system_ila_1/U0/net_slot_2_axi_awburst[1:0],PYNQ_Design_i/RX/system_ila_1/U0/net_slot_2_axi_awcache[3:0],PYNQ_Design_i/RX/system_ila_1/U0/net_slot_2_axi_awlen[7:0],PYNQ_Design_i/RX/system_ila_1/U0/net_slot_2_axi_awlock,PYNQ_Design_i/RX/system_ila_1/U0/net_slot_2_axi_awprot[2:0],PYNQ_Design_i/RX/system_ila_1/U0/net_slot_2_axi_awqos[3:0],PYNQ_Design_i/RX/system_ila_1/U0/net_slot_2_axi_awsize[2:0],PYNQ_Design_i/RX/system_ila_1/U0/net_slot_2_axi_b_cnt[1:0],PYNQ_Design_i/RX/system_ila_1/U0/net_slot_2_axi_bresp[1:0],PYNQ_Design_i/RX/system_ila_1/U0/net_slot_2_axi_r_cnt[1:0],PYNQ_Design_i/RX/system_ila_1/U0/net_slot_2_axi_rdata[127:0],PYNQ_Design_i/RX/system_ila_1/U0/net_slot_2_axi_wdata[127:0],PYNQ_Design_i/RX/system_ila_1/U0/net_slot_2_axi_wstrb[15:0],PYNQ_Design_i/RX/system_ila_1/U0/net_slot_2_axi_aw_ctrl[1:0],PYNQ_Design_i/RX/system_ila_1/U0/net_slot_2_axi_awvalid,PYNQ_Design_i/RX/system_ila_1/U0/net_slot_2_axi_awready,PYNQ_Design_i/RX/system_ila_1/U0/net_slot_2_axi_wvalid,PYNQ_Design_i/RX/system_ila_1/U0/net_slot_2_axi_w_ctrl[2:0],PYNQ_Design_i/RX/system_ila_1/U0/net_slot_2_axi_wready,PYNQ_Design_i/RX/system_ila_1/U0/net_slot_2_axi_wlast,PYNQ_Design_i/RX/system_ila_1/U0/net_slot_2_axi_b_ctrl[1:0],PYNQ_Design_i/RX/system_ila_1/U0/net_slot_2_axi_bvalid,PYNQ_Design_i/RX/system_ila_1/U0/net_slot_2_axi_bready,PYNQ_Design_i/RX/system_ila_1/U0/net_slot_2_axi_ar_ctrl[1:0],PYNQ_Design_i/RX/system_ila_1/U0/net_slot_2_axi_arvalid,PYNQ_Design_i/RX/system_ila_1/U0/net_slot_2_axi_arready,PYNQ_Design_i/RX/system_ila_1/U0/net_slot_2_axi_r_ctrl[2:0],PYNQ_Design_i/RX/system_ila_1/U0/net_slot_2_axi_rvalid,PYNQ_Design_i/RX/system_ila_1/U0/net_slot_2_axi_rready,PYNQ_Design_i/RX/system_ila_1/U0/net_slot_2_axi_rlast,AR_Channel_(i1:s2)_(axi_smc_M00_AXI)[2:0],AW_Channel_(i1:s2)_(axi_smc_M00_AXI)[2:0],B_Channel_(i1:s2)_(axi_smc_M00_AXI)[2:0],Interface_(i1:s0)_(DUT_rec_0_m_axis1)[2:0],Interface_(i1:s1)_(usp_rf_data_converter_0_m00_axis)[2:0],Interface_(i1:s2)_(axi_smc_M00_AXI)[2:0],R_Channel_(i1:s2)_(axi_smc_M00_AXI)[2:0],T_Channel_(i1:s0)_(DUT_rec_0_m_axis1)[2:0],T_Channel_(i1:s1)_(usp_rf_data_converter_0_m00_axis)[2:0],W_Channel_(i1:s2)_(axi_smc_M00_AXI)[2:0]
Radix - UNSIGNED,UNSIGNED,UNSIGNED,HEX,HEX,HEX,HEX,UNSIGNED,HEX,HEX,HEX,HEX,HEX,HEX,HEX,HEX,HEX,HEX,HEX,HEX,HEX,HEX,HEX,HEX,HEX,HEX,HEX,HEX,HEX,HEX,HEX,HEX,HEX,HEX,HEX,HEX,HEX,HEX,HEX,HEX,HEX,HEX,HEX,HEX,HEX,HEX,HEX,HEX,HEX,HEX,HEX,HEX,HEX,HEX,HEX,HEX,HEX,HEX,HEX,HEX,HEX,HEX
0,0,0,0000,1,0,0,22,1,0,0,0,0000000000000,"INCR",3,00,0,"Data Secure Unprivileged",0,"16 bytes",0,0000000000000,"INCR",0,00,0,"Data Secure Unprivileged",0,"1 byte",0,"EXOKAY",0,00010800000140000050810400010800,00000000000000000000000000000000,0000,2,0,1,0,2,1,0,2,0,1,2,0,1,0,0,0,0,"No Read Addr Cmds","No Write Addr Cmds","No Write Responses","_","_","Inactive","No Read Data Beats","_","_","No Write Data Beats"
1,1,0,0000,1,0,0,65512,1,0,0,0,0000000000000,"INCR",3,00,0,"Data Secure Unprivileged",0,"16 bytes",0,0000000000000,"INCR",0,00,0,"Data Secure Unprivileged",0,"1 byte",0,"EXOKAY",0,00010800000140000050810400010800,00000000000000000000000000000000,0000,2,0,1,0,2,1,0,2,0,1,2,0,1,0,0,0,0,"No Read Addr Cmds","No Write Addr Cmds","No Write Responses","_","_","Inactive","No Read Data Beats","_","_","No Write Data Beats"
2,2,0,0000,1,0,0,8,1,0,0,0,0000000000000,"INCR",3,00,0,"Data Secure Unprivileged",0,"16 bytes",0,0000000000000,"INCR",0,00,0,"Data Secure Unprivileged",0,"1 byte",0,"EXOKAY",0,00010800000140000050810400010800,00000000000000000000000000000000,0000,2,0,1,0,2,1,0,2,0,1,2,0,1,0,0,0,0,"No Read Addr Cmds","No Write Addr Cmds","No Write Responses","_","_","Inactive","No Read Data Beats","_","_","No Write Data Beats"
3,3,0,0000,1,0,0,65530,1,0,0,0,0000000000000,"INCR",3,00,0,"Data Secure Unprivileged",0,"16 bytes",0,0000000000000,"INCR",0,00,0,"Data Secure Unprivileged",0,"1 byte",0,"EXOKAY",0,00010800000140000050810400010800,00000000000000000000000000000000,0000,2,0,1,0,2,1,0,2,0,1,2,0,1,0,0,0,0,"No Read Addr Cmds","No Write Addr Cmds","No Write Responses","_","_","Inactive","No Read Data Beats","_","_","No Write Data Beats"
4,4,0,0000,1,0,0,65493,1,0,0,0,0000000000000,"INCR",3,00,0,"Data Secure Unprivileged",0,"16 bytes",0,0000000000000,"INCR",0,00,0,"Data Secure Unprivileged",0,"1 byte",0,"EXOKAY",0,00010800000140000050810400010800,00000000000000000000000000000000,0000,2,0,1,0,2,1,0,2,0,1,2,0,1,0,0,0,0,"No Read Addr Cmds","No Write Addr Cmds","No Write Responses","_","_","Inactive","No Read Data Beats","_","_","No Write Data Beats"
5,5,0,0000,1,0,0,36,1,0,0,0,0000000000000,"INCR",3,00,0,"Data Secure Unprivileged",0,"16 bytes",0,0000000000000,"INCR",0,00,0,"Data Secure Unprivileged",0,"1 byte",0,"EXOKAY",0,00010800000140000050810400010800,00000000000000000000000000000000,0000,2,0,1,0,2,1,0,2,0,1,2,0,1,0,0,0,0,"No Read Addr Cmds","No Write Addr Cmds","No Write Responses","_","_","Inactive","No Read Data Beats","_","_","No Write Data Beats"
6,6,0,0000,1,0,0,65513,1,0,0,0,0000000000000,"INCR",3,00,0,"Data Secure Unprivileged",0,"16 bytes",0,0000000000000,"INCR",0,00,0,"Data Secure Unprivileged",0,"1 byte",0,"EXOKAY",0,00010800000140000050810400010800,00000000000000000000000000000000,0000,2,0,1,0,2,1,0,2,0,1,2,0,1,0,0,0,0,"No Read Addr Cmds","No Write Addr Cmds","No Write Responses","_","_","Inactive","No Read Data Beats","_","_","No Write Data Beats"
7,7,0,0000,1,0,0,65475,1,0,0,0,0000000000000,"INCR",3,00,0,"Data Secure Unprivileged",0,"16 bytes",0,0000000000000,"INCR",0,00,0,"Data Secure Unprivileged",0,"1 byte",0,"EXOKAY",0,00010800000140000050810400010800,00000000000000000000000000000000,0000,2,0,1,0,2,1,0,2,0,1,2,0,1,0,0,0,0,"No Read Addr Cmds","No Write Addr Cmds","No Write Responses","_","_","Inactive","No Read Data Beats","_","_","No Write Data Beats"
8,8,0,0000,1,0,0,31,1,0,0,0,0000000000000,"INCR",3,00,0,"Data Secure Unprivileged",0,"16 bytes",0,0000000000000,"INCR",0,00,0,"Data Secure Unprivileged",0,"1 byte",0,"EXOKAY",0,00010800000140000050810400010800,00000000000000000000000000000000,0000,2,0,1,0,2,1,0,2,0,1,2,0,1,0,0,0,0,"No Read Addr Cmds","No Write Addr Cmds","No Write Responses","_","_","Inactive","No Read Data Beats","_","_","No Write Data Beats"
9,9,0,0000,1,0,0,65530,1,0,0,0,0000000000000,"INCR",3,00,0,"Data Secure Unprivileged",0,"16 bytes",0,0000000000000,"INCR",0,00,0,"Data Secure Unprivileged",0,"1 byte",0,"EXOKAY",0,00010800000140000050810400010800,00000000000000000000000000000000,0000,2,0,1,0,2,1,0,2,0,1,2,0,1,0,0,0,0,"No Read Addr Cmds","No Write Addr Cmds","No Write Responses","_","_","Inactive","No Read Data Beats","_","_","No Write Data Beats"
10,10,0,0000,1,0,0,65522,1,0,0,0,0000000000000,"INCR",3,00,0,"Data Secure Unprivileged",0,"16 bytes",0,0000000000000,"INCR",0,00,0,"Data Secure Unprivileged",0,"1 byte",0,"EXOKAY",0,00010800000140000050810400010800,00000000000000000000000000000000,0000,2,0,1,0,2,1,0,2,0,1,2,0,1,0,0,0,0,"No Read Addr Cmds","No Write Addr Cmds","No Write Responses","_","_","Inactive","No Read Data Beats","_","_","No Write Data Beats"
11,11,0,0000,1,0,0,4,1,0,0,0,0000000000000,"INCR",3,00,0,"Data Secure Unprivileged",0,"16 bytes",0,0000000000000,"INCR",0,00,0,"Data Secure Unprivileged",0,"1 byte",0,"EXOKAY",0,00010800000140000050810400010800,00000000000000000000000000000000,0000,2,0,1,0,2,1,0,2,0,1,2,0,1,0,0,0,0,"No Read Addr Cmds","No Write Addr Cmds","No Write Responses","_","_","Inactive","No Read Data Beats","_","_","No Write Data Beats"
12,12,0,0000,1,0,0,42,1,0,0,0,0000000000000,"INCR",3,00,0,"Data Secure Unprivileged",0,"16 bytes",0,0000000000000,"INCR",0,00,0,"Data Secure Unprivileged",0,"1 byte",0,"EXOKAY",0,00010800000140000050810400010800,00000000000000000000000000000000,0000,2,0,1,0,2,1,0,2,0,1,2,0,1,0,0,0,0,"No Read Addr Cmds","No Write Addr Cmds","No Write Responses","_","_","Inactive","No Read Data Beats","_","_","No Write Data Beats"
13,13,0,0000,1,0,0,65534,1,0,0,0,0000000000000,"INCR",3,00,0,"Data Secure Unprivileged",0,"16 bytes",0,0000000000000,"INCR",0,00,0,"Data Secure Unprivileged",0,"1 byte",0,"EXOKAY",0,00010800000140000050810400010800,00000000000000000000000000000000,0000,2,0,1,0,2,1,0,2,0,1,2,0,1,0,0,0,0,"No Read Addr Cmds","No Write Addr Cmds","No Write Responses","_","_","Inactive","No Read Data Beats","_","_","No Write Data Beats"
14,14,0,0000,1,0,0,65496,1,0,0,0,0000000000000,"INCR",3,00,0,"Data Secure Unprivileged",0,"16 bytes",0,0000000000000,"INCR",0,00,0,"Data Secure Unprivileged",0,"1 byte",0,"EXOKAY",0,00010800000140000050810400010800,00000000000000000000000000000000,0000,2,0,1,0,2,1,0,2,0,1,2,0,1,0,0,0,0,"No Read Addr Cmds","No Write Addr Cmds","No Write Responses","_","_","Inactive","No Read Data Beats","_","_","No Write Data Beats"
15,15,0,0000,1,0,0,10,1,0,0,0,0000000000000,"INCR",3,00,0,"Data Secure Unprivileged",0,"16 bytes",0,0000000000000,"INCR",0,00,0,"Data Secure Unprivileged",0,"1 byte",0,"EXOKAY",0,00010800000140000050810400010800,00000000000000000000000000000000,0000,2,0,1,0,2,1,0,2,0,1,2,0,1,0,0,0,0,"No Read Addr Cmds","No Write Addr Cmds","No Write Responses","_","_","Inactive","No Read Data Beats","_","_","No Write Data Beats"
16,16,0,0000,1,0,0,65471,1,0,0,0,0000000000000,"INCR",3,00,0,"Data Secure Unprivileged",0,"16 bytes",0,0000000000000,"INCR",0,00,0,"Data Secure Unprivileged",0,"1 byte",0,"EXOKAY",0,00010800000140000050810400010800,00000000000000000000000000000000,0000,2,0,1,0,2,1,0,2,0,1,2,0,1,0,0,0,0,"No Read Addr Cmds","No Write Addr Cmds","No Write Responses","_","_","Inactive","No Read Data Beats","_","_","No Write Data Beats"
17,17,0,0000,1,0,0,65532,1,0,0,0,0000000000000,"INCR",3,00,0,"Data Secure Unprivileged",0,"16 bytes",0,0000000000000,"INCR",0,00,0,"Data Secure Unprivileged",0,"1 byte",0,"EXOKAY",0,00010800000140000050810400010800,00000000000000000000000000000000,0000,2,0,1,0,2,1,0,2,0,1,2,0,1,0,0,0,0,"No Read Addr Cmds","No Write Addr Cmds","No Write Responses","_","_","Inactive","No Read Data Beats","_","_","No Write Data Beats"
18,18,0,0000,1,0,0,13,1,0,0,0,0000000000000,"INCR",3,00,0,"Data Secure Unprivileged",0,"16 bytes",0,0000000000000,"INCR",0,00,0,"Data Secure Unprivileged",0,"1 byte",0,"EXOKAY",0,00010800000140000050810400010800,00000000000000000000000000000000,0000,2,0,1,0,2,1,0,2,0,1,2,0,1,0,0,0,0,"No Read Addr Cmds","No Write Addr Cmds","No Write Responses","_","_","Inactive","No Read Data Beats","_","_","No Write Data Beats"
19,19,0,0000,1,0,0,14,1,0,0,0,0000000000000,"INCR",3,00,0,"Data Secure Unprivileged",0,"16 bytes",0,0000000000000,"INCR",0,00,0,"Data Secure Unprivileged",0,"1 byte",0,"EXOKAY",0,00010800000140000050810400010800,00000000000000000000000000000000,0000,2,0,1,0,2,1,0,2,0,1,2,0,1,0,0,0,0,"No Read Addr Cmds","No Write Addr Cmds","No Write Responses","_","_","Inactive","No Read Data Beats","_","_","No Write Data Beats"
20,20,0,0000,1,0,0,65517,1,0,0,0,0000000000000,"INCR",3,00,0,"Data Secure Unprivileged",0,"16 bytes",0,0000000000000,"INCR",0,00,0,"Data Secure Unprivileged",0,"1 byte",0,"EXOKAY",0,00010800000140000050810400010800,00000000000000000000000000000000,0000,2,0,1,0,2,1,0,2,0,1,2,0,1,0,0,0,0,"No Read Addr Cmds","No Write Addr Cmds","No Write Responses","_","_","Inactive","No Read Data Beats","_","_","No Write Data Beats"
21,21,0,0000,1,0,0,4,1,0,0,0,0000000000000,"INCR",3,00,0,"Data Secure Unprivileged",0,"16 bytes",0,0000000000000,"INCR",0,00,0,"Data Secure Unprivileged",0,"1 byte",0,"EXOKAY",0,00010800000140000050810400010800,00000000000000000000000000000000,0000,2,0,1,0,2,1,0,2,0,1,2,0,1,0,0,0,0,"No Read Addr Cmds","No Write Addr Cmds","No Write Responses","_","_","Inactive","No Read Data Beats","_","_","No Write Data Beats"
22,22,0,0000,1,0,0,65514,1,0,0,0,0000000000000,"INCR",3,00,0,"Data Secure Unprivileged",0,"16 bytes",0,0000000000000,"INCR",0,00,0,"Data Secure Unprivileged",0,"1 byte",0,"EXOKAY",0,00010800000140000050810400010800,00000000000000000000000000000000,0000,2,0,1,0,2,1,0,2,0,1,2,0,1,0,0,0,0,"No Read Addr Cmds","No Write Addr Cmds","No Write Responses","_","_","Inactive","No Read Data Beats","_","_","No Write Data Beats"
23,23,0,0000,1,0,0,26,1,0,0,0,0000000000000,"INCR",3,00,0,"Data Secure Unprivileged",0,"16 bytes",0,0000000000000,"INCR",0,00,0,"Data Secure Unprivileged",0,"1 byte",0,"EXOKAY",0,00010800000140000050810400010800,00000000000000000000000000000000,0000,2,0,1,0,2,1,0,2,0,1,2,0,1,0,0,0,0,"No Read Addr Cmds","No Write Addr Cmds","No Write Responses","_","_","Inactive","No Read Data Beats","_","_","No Write Data Beats"
24,24,0,0000,1,0,0,23,1,0,0,0,0000000000000,"INCR",3,00,0,"Data Secure Unprivileged",0,"16 bytes",0,0000000000000,"INCR",0,00,0,"Data Secure Unprivileged",0,"1 byte",0,"EXOKAY",0,00010800000140000050810400010800,00000000000000000000000000000000,0000,2,0,1,0,2,1,0,2,0,1,2,0,1,0,0,0,0,"No Read Addr Cmds","No Write Addr Cmds","No Write Responses","_","_","Inactive","No Read Data Beats","_","_","No Write Data Beats"
25,25,0,0000,1,0,0,1,1,0,0,0,0000000000000,"INCR",3,00,0,"Data Secure Unprivileged",0,"16 bytes",0,0000000000000,"INCR",0,00,0,"Data Secure Unprivileged",0,"1 byte",0,"EXOKAY",0,00010800000140000050810400010800,00000000000000000000000000000000,0000,2,0,1,0,2,1,0,2,0,1,2,0,1,0,0,0,0,"No Read Addr Cmds","No Write Addr Cmds","No Write Responses","_","_","Inactive","No Read Data Beats","_","_","No Write Data Beats"
26,26,0,0000,1,0,0,65510,1,0,0,0,0000000000000,"INCR",3,00,0,"Data Secure Unprivileged",0,"16 bytes",0,0000000000000,"INCR",0,00,0,"Data Secure Unprivileged",0,"1 byte",0,"EXOKAY",0,00010800000140000050810400010800,00000000000000000000000000000000,0000,2,0,1,0,2,1,0,2,0,1,2,0,1,0,0,0,0,"No Read Addr Cmds","No Write Addr Cmds","No Write Responses","_","_","Inactive","No Read Data Beats","_","_","No Write Data Beats"
27,27,0,0000,1,0,0,14,1,0,0,0,0000000000000,"INCR",3,00,0,"Data Secure Unprivileged",0,"16 bytes",0,0000000000000,"INCR",0,00,0,"Data Secure Unprivileged",0,"1 byte",0,"EXOKAY",0,00010800000140000050810400010800,00000000000000000000000000000000,0000,2,0,1,0,2,1,0,2,0,1,2,0,1,0,0,0,0,"No Read Addr Cmds","No Write Addr Cmds","No Write Responses","_","_","Inactive","No Read Data Beats","_","_","No Write Data Beats"
28,28,0,0000,1,0,0,65508,1,0,0,0,0000000000000,"INCR",3,00,0,"Data Secure Unprivileged",0,"16 bytes",0,0000000000000,"INCR",0,00,0,"Data Secure Unprivileged",0,"1 byte",0,"EXOKAY",0,00010800000140000050810400010800,00000000000000000000000000000000,0000,2,0,1,0,2,1,0,2,0,1,2,0,1,0,0,0,0,"No Read Addr Cmds","No Write Addr Cmds","No Write Responses","_","_","Inactive","No Read Data Beats","_","_","No Write Data Beats"
29,29,0,0000,1,0,0,65523,1,0,0,0,0000000000000,"INCR",3,00,0,"Data Secure Unprivileged",0,"16 bytes",0,0000000000000,"INCR",0,00,0,"Data Secure Unprivileged",0,"1 byte",0,"EXOKAY",0,00010800000140000050810400010800,00000000000000000000000000000000,0000,2,0,1,0,2,1,0,2,0,1,2,0,1,0,0,0,0,"No Read Addr Cmds","No Write Addr Cmds","No Write Responses","_","_","Inactive","No Read Data Beats","_","_","No Write Data Beats"
30,30,0,0000,1,0,0,65513,1,0,0,0,0000000000000,"INCR",3,00,0,"Data Secure Unprivileged",0,"16 bytes",0,0000000000000,"INCR",0,00,0,"Data Secure Unprivileged",0,"1 byte",0,"EXOKAY",0,00010800000140000050810400010800,00000000000000000000000000000000,0000,2,0,1,0,2,1,0,2,0,1,2,0,1,0,0,0,0,"No Read Addr Cmds","No Write Addr Cmds","No Write Responses","_","_","Inactive","No Read Data Beats","_","_","No Write Data Beats"
31,31,0,0000,1,0,0,65483,1,0,0,0,0000000000000,"INCR",3,00,0,"Data Secure Unprivileged",0,"16 bytes",0,0000000000000,"INCR",0,00,0,"Data Secure Unprivileged",0,"1 byte",0,"EXOKAY",0,00010800000140000050810400010800,00000000000000000000000000000000,0000,2,0,1,0,2,1,0,2,0,1,2,0,1,0,0,0,0,"No Read Addr Cmds","No Write Addr Cmds","No Write Responses","_","_","Inactive","No Read Data Beats","_","_","No Write Data Beats"
32,32,0,0000,1,0,0,76,1,0,0,0,0000000000000,"INCR",3,00,0,"Data Secure Unprivileged",0,"16 bytes",0,0000000000000,"INCR",0,00,0,"Data Secure Unprivileged",0,"1 byte",0,"EXOKAY",0,00010800000140000050810400010800,00000000000000000000000000000000,0000,2,0,1,0,2,1,0,2,0,1,2,0,1,0,0,0,0,"No Read Addr Cmds","No Write Addr Cmds","No Write Responses","_","_","Inactive","No Read Data Beats","_","_","No Write Data Beats"
33,33,0,0000,1,0,0,44,1,0,0,0,0000000000000,"INCR",3,00,0,"Data Secure Unprivileged",0,"16 bytes",0,0000000000000,"INCR",0,00,0,"Data Secure Unprivileged",0,"1 byte",0,"EXOKAY",0,00010800000140000050810400010800,00000000000000000000000000000000,0000,2,0,1,0,2,1,0,2,0,1,2,0,1,0,0,0,0,"No Read Addr Cmds","No Write Addr Cmds","No Write Responses","_","_","Inactive","No Read Data Beats","_","_","No Write Data Beats"
34,34,0,0000,1,0,0,65517,1,0,0,0,0000000000000,"INCR",3,00,0,"Data Secure Unprivileged",0,"16 bytes",0,0000000000000,"INCR",0,00,0,"Data Secure Unprivileged",0,"1 byte",0,"EXOKAY",0,00010800000140000050810400010800,00000000000000000000000000000000,0000,2,0,1,0,2,1,0,2,0,1,2,0,1,0,0,0,0,"No Read Addr Cmds","No Write Addr Cmds","No Write Responses","_","_","Inactive","No Read Data Beats","_","_","No Write Data Beats"
35,35,0,0000,1,0,0,24,1,0,0,0,0000000000000,"INCR",3,00,0,"Data Secure Unprivileged",0,"16 bytes",0,0000000000000,"INCR",0,00,0,"Data Secure Unprivileged",0,"1 byte",0,"EXOKAY",0,00010800000140000050810400010800,00000000000000000000000000000000,0000,2,0,1,0,2,1,0,2,0,1,2,0,1,0,0,0,0,"No Read Addr Cmds","No Write Addr Cmds","No Write Responses","_","_","Inactive","No Read Data Beats","_","_","No Write Data Beats"
36,36,0,0000,1,0,0,29,1,0,0,0,0000000000000,"INCR",3,00,0,"Data Secure Unprivileged",0,"16 bytes",0,0000000000000,"INCR",0,00,0,"Data Secure Unprivileged",0,"1 byte",0,"EXOKAY",0,00010800000140000050810400010800,00000000000000000000000000000000,0000,2,0,1,0,2,1,0,2,0,1,2,0,1,0,0,0,0,"No Read Addr Cmds","No Write Addr Cmds","No Write Responses","_","_","Inactive","No Read Data Beats","_","_","No Write Data Beats"
37,37,0,0000,1,0,0,65530,1,0,0,0,0000000000000,"INCR",3,00,0,"Data Secure Unprivileged",0,"16 bytes",0,0000000000000,"INCR",0,00,0,"Data Secure Unprivileged",0,"1 byte",0,"EXOKAY",0,00010800000140000050810400010800,00000000000000000000000000000000,0000,2,0,1,0,2,1,0,2,0,1,2,0,1,0,0,0,0,"No Read Addr Cmds","No Write Addr Cmds","No Write Responses","_","_","Inactive","No Read Data Beats","_","_","No Write Data Beats"
38,38,0,0000,1,0,0,65494,1,0,0,0,0000000000000,"INCR",3,00,0,"Data Secure Unprivileged",0,"16 bytes",0,0000000000000,"INCR",0,00,0,"Data Secure Unprivileged",0,"1 byte",0,"EXOKAY",0,00010800000140000050810400010800,00000000000000000000000000000000,0000,2,0,1,0,2,1,0,2,0,1,2,0,1,0,0,0,0,"No Read Addr Cmds","No Write Addr Cmds","No Write Responses","_","_","Inactive","No Read Data Beats","_","_","No Write Data Beats"
39,39,0,0000,1,0,0,65533,1,0,0,0,0000000000000,"INCR",3,00,0,"Data Secure Unprivileged",0,"16 bytes",0,0000000000000,"INCR",0,00,0,"Data Secure Unprivileged",0,"1 byte",0,"EXOKAY",0,00010800000140000050810400010800,00000000000000000000000000000000,0000,2,0,1,0,2,1,0,2,0,1,2,0,1,0,0,0,0,"No Read Addr Cmds","No Write Addr Cmds","No Write Responses","_","_","Inactive","No Read Data Beats","_","_","No Write Data Beats"
40,40,0,0000,1,0,0,14,1,0,0,0,0000000000000,"INCR",3,00,0,"Data Secure Unprivileged",0,"16 bytes",0,0000000000000,"INCR",0,00,0,"Data Secure Unprivileged",0,"1 byte",0,"EXOKAY",0,00010800000140000050810400010800,00000000000000000000000000000000,0000,2,0,1,0,2,1,0,2,0,1,2,0,1,0,0,0,0,"No Read Addr Cmds","No Write Addr Cmds","No Write Responses","_","_","Inactive","No Read Data Beats","_","_","No Write Data Beats"
41,41,0,0000,1,0,0,30,1,0,0,0,0000000000000,"INCR",3,00,0,"Data Secure Unprivileged",0,"16 bytes",0,0000000000000,"INCR",0,00,0,"Data Secure Unprivileged",0,"1 byte",0,"EXOKAY",0,00010800000140000050810400010800,00000000000000000000000000000000,0000,2,0,1,0,2,1,0,2,0,1,2,0,1,0,0,0,0,"No Read Addr Cmds","No Write Addr Cmds","No Write Responses","_","_","Inactive","No Read Data Beats","_","_","No Write Data Beats"
42,42,0,0000,1,0,0,36,1,0,0,0,0000000000000,"INCR",3,00,0,"Data Secure Unprivileged",0,"16 bytes",0,0000000000000,"INCR",0,00,0,"Data Secure Unprivileged",0,"1 byte",0,"EXOKAY",0,00010800000140000050810400010800,00000000000000000000000000000000,0000,2,0,1,0,2,1,0,2,0,1,2,0,1,0,0,0,0,"No Read Addr Cmds","No Write Addr Cmds","No Write Responses","_","_","Inactive","No Read Data Beats","_","_","No Write Data Beats"
43,43,0,0000,1,0,0,44,1,0,0,0,0000000000000,"INCR",3,00,0,"Data Secure Unprivileged",0,"16 bytes",0,0000000000000,"INCR",0,00,0,"Data Secure Unprivileged",0,"1 byte",0,"EXOKAY",0,00010800000140000050810400010800,00000000000000000000000000000000,0000,2,0,1,0,2,1,0,2,0,1,2,0,1,0,0,0,0,"No Read Addr Cmds","No Write Addr Cmds","No Write Responses","_","_","Inactive","No Read Data Beats","_","_","No Write Data Beats"
44,44,0,0000,1,0,0,65529,1,0,0,0,0000000000000,"INCR",3,00,0,"Data Secure Unprivileged",0,"16 bytes",0,0000000000000,"INCR",0,00,0,"Data Secure Unprivileged",0,"1 byte",0,"EXOKAY",0,00010800000140000050810400010800,00000000000000000000000000000000,0000,2,0,1,0,2,1,0,2,0,1,2,0,1,0,0,0,0,"No Read Addr Cmds","No Write Addr Cmds","No Write Responses","_","_","Inactive","No Read Data Beats","_","_","No Write Data Beats"
45,45,0,0000,1,0,0,11,1,0,0,0,0000000000000,"INCR",3,00,0,"Data Secure Unprivileged",0,"16 bytes",0,0000000000000,"INCR",0,00,0,"Data Secure Unprivileged",0,"1 byte",0,"EXOKAY",0,00010800000140000050810400010800,00000000000000000000000000000000,0000,2,0,1,0,2,1,0,2,0,1,2,0,1,0,0,0,0,"No Read Addr Cmds","No Write Addr Cmds","No Write Responses","_","_","Inactive","No Read Data Beats","_","_","No Write Data Beats"
46,46,0,0000,1,0,0,28,1,0,0,0,0000000000000,"INCR",3,00,0,"Data Secure Unprivileged",0,"16 bytes",0,0000000000000,"INCR",0,00,0,"Data Secure Unprivileged",0,"1 byte",0,"EXOKAY",0,00010800000140000050810400010800,00000000000000000000000000000000,0000,2,0,1,0,2,1,0,2,0,1,2,0,1,0,0,0,0,"No Read Addr Cmds","No Write Addr Cmds","No Write Responses","_","_","Inactive","No Read Data Beats","_","_","No Write Data Beats"
47,47,0,0000,1,0,0,21,1,0,0,0,0000000000000,"INCR",3,00,0,"Data Secure Unprivileged",0,"16 bytes",0,0000000000000,"INCR",0,00,0,"Data Secure Unprivileged",0,"1 byte",0,"EXOKAY",0,00010800000140000050810400010800,00000000000000000000000000000000,0000,2,0,1,0,2,1,0,2,0,1,2,0,1,0,0,0,0,"No Read Addr Cmds","No Write Addr Cmds","No Write Responses","_","_","Inactive","No Read Data Beats","_","_","No Write Data Beats"
48,48,0,0000,1,0,0,65532,1,0,0,0,0000000000000,"INCR",3,00,0,"Data Secure Unprivileged",0,"16 bytes",0,0000000000000,"INCR",0,00,0,"Data Secure Unprivileged",0,"1 byte",0,"EXOKAY",0,00010800000140000050810400010800,00000000000000000000000000000000,0000,2,0,1,0,2,1,0,2,0,1,2,0,1,0,0,0,0,"No Read Addr Cmds","No Write Addr Cmds","No Write Responses","_","_","Inactive","No Read Data Beats","_","_","No Write Data Beats"
49,49,0,0000,1,0,0,38,1,0,0,0,0000000000000,"INCR",3,00,0,"Data Secure Unprivileged",0,"16 bytes",0,0000000000000,"INCR",0,00,0,"Data Secure Unprivileged",0,"1 byte",0,"EXOKAY",0,00010800000140000050810400010800,00000000000000000000000000000000,0000,2,0,1,0,2,1,0,2,0,1,2,0,1,0,0,0,0,"No Read Addr Cmds","No Write Addr Cmds","No Write Responses","_","_","Inactive","No Read Data Beats","_","_","No Write Data Beats"
50,50,0,0000,1,0,0,65483,1,0,0,0,0000000000000,"INCR",3,00,0,"Data Secure Unprivileged",0,"16 bytes",0,0000000000000,"INCR",0,00,0,"Data Secure Unprivileged",0,"1 byte",0,"EXOKAY",0,00010800000140000050810400010800,00000000000000000000000000000000,0000,2,0,1,0,2,1,0,2,0,1,2,0,1,0,0,0,0,"No Read Addr Cmds","No Write Addr Cmds","No Write Responses","_","_","Inactive","No Read Data Beats","_","_","No Write Data Beats"
51,51,0,0000,1,0,0,25,1,0,0,0,0000000000000,"INCR",3,00,0,"Data Secure Unprivileged",0,"16 bytes",0,0000000000000,"INCR",0,00,0,"Data Secure Unprivileged",0,"1 byte",0,"EXOKAY",0,00010800000140000050810400010800,00000000000000000000000000000000,0000,2,0,1,0,2,1,0,2,0,1,2,0,1,0,0,0,0,"No Read Addr Cmds","No Write Addr Cmds","No Write Responses","_","_","Inactive","No Read Data Beats","_","_","No Write Data Beats"
52,52,0,0000,1,0,0,65498,1,0,0,0,0000000000000,"INCR",3,00,0,"Data Secure Unprivileged",0,"16 bytes",0,0000000000000,"INCR",0,00,0,"Data Secure Unprivileged",0,"1 byte",0,"EXOKAY",0,00010800000140000050810400010800,00000000000000000000000000000000,0000,2,0,1,0,2,1,0,2,0,1,2,0,1,0,0,0,0,"No Read Addr Cmds","No Write Addr Cmds","No Write Responses","_","_","Inactive","No Read Data Beats","_","_","No Write Data Beats"
53,53,0,0000,1,0,0,65524,1,0,0,0,0000000000000,"INCR",3,00,0,"Data Secure Unprivileged",0,"16 bytes",0,0000000000000,"INCR",0,00,0,"Data Secure Unprivileged",0,"1 byte",0,"EXOKAY",0,00010800000140000050810400010800,00000000000000000000000000000000,0000,2,0,1,0,2,1,0,2,0,1,2,0,1,0,0,0,0,"No Read Addr Cmds","No Write Addr Cmds","No Write Responses","_","_","Inactive","No Read Data Beats","_","_","No Write Data Beats"
54,54,0,0000,1,0,0,3,1,0,0,0,0000000000000,"INCR",3,00,0,"Data Secure Unprivileged",0,"16 bytes",0,0000000000000,"INCR",0,00,0,"Data Secure Unprivileged",0,"1 byte",0,"EXOKAY",0,00010800000140000050810400010800,00000000000000000000000000000000,0000,2,0,1,0,2,1,0,2,0,1,2,0,1,0,0,0,0,"No Read Addr Cmds","No Write Addr Cmds","No Write Responses","_","_","Inactive","No Read Data Beats","_","_","No Write Data Beats"
55,55,0,0000,1,0,0,65507,1,0,0,0,0000000000000,"INCR",3,00,0,"Data Secure Unprivileged",0,"16 bytes",0,0000000000000,"INCR",0,00,0,"Data Secure Unprivileged",0,"1 byte",0,"EXOKAY",0,00010800000140000050810400010800,00000000000000000000000000000000,0000,2,0,1,0,2,1,0,2,0,1,2,0,1,0,0,0,0,"No Read Addr Cmds","No Write Addr Cmds","No Write Responses","_","_","Inactive","No Read Data Beats","_","_","No Write Data Beats"
56,56,0,0000,1,0,0,65534,1,0,0,0,0000000000000,"INCR",3,00,0,"Data Secure Unprivileged",0,"16 bytes",0,0000000000000,"INCR",0,00,0,"Data Secure Unprivileged",0,"1 byte",0,"EXOKAY",0,00010800000140000050810400010800,00000000000000000000000000000000,0000,2,0,1,0,2,1,0,2,0,1,2,0,1,0,0,0,0,"No Read Addr Cmds","No Write Addr Cmds","No Write Responses","_","_","Inactive","No Read Data Beats","_","_","No Write Data Beats"
57,57,0,0000,1,0,0,65484,1,0,0,0,0000000000000,"INCR",3,00,0,"Data Secure Unprivileged",0,"16 bytes",0,0000000000000,"INCR",0,00,0,"Data Secure Unprivileged",0,"1 byte",0,"EXOKAY",0,00010800000140000050810400010800,00000000000000000000000000000000,0000,2,0,1,0,2,1,0,2,0,1,2,0,1,0,0,0,0,"No Read Addr Cmds","No Write Addr Cmds","No Write Responses","_","_","Inactive","No Read Data Beats","_","_","No Write Data Beats"
58,58,0,0000,1,0,0,44,1,0,0,0,0000000000000,"INCR",3,00,0,"Data Secure Unprivileged",0,"16 bytes",0,0000000000000,"INCR",0,00,0,"Data Secure Unprivileged",0,"1 byte",0,"EXOKAY",0,00010800000140000050810400010800,00000000000000000000000000000000,0000,2,0,1,0,2,1,0,2,0,1,2,0,1,0,0,0,0,"No Read Addr Cmds","No Write Addr Cmds","No Write Responses","_","_","Inactive","No Read Data Beats","_","_","No Write Data Beats"
59,59,0,0000,1,0,0,65525,1,0,0,0,0000000000000,"INCR",3,00,0,"Data Secure Unprivileged",0,"16 bytes",0,0000000000000,"INCR",0,00,0,"Data Secure Unprivileged",0,"1 byte",0,"EXOKAY",0,00010800000140000050810400010800,00000000000000000000000000000000,0000,2,0,1,0,2,1,0,2,0,1,2,0,1,0,0,0,0,"No Read Addr Cmds","No Write Addr Cmds","No Write Responses","_","_","Inactive","No Read Data Beats","_","_","No Write Data Beats"
60,60,0,0000,1,0,0,65512,1,0,0,0,0000000000000,"INCR",3,00,0,"Data Secure Unprivileged",0,"16 bytes",0,0000000000000,"INCR",0,00,0,"Data Secure Unprivileged",0,"1 byte",0,"EXOKAY",0,00010800000140000050810400010800,00000000000000000000000000000000,0000,2,0,1,0,2,1,0,2,0,1,2,0,1,0,0,0,0,"No Read Addr Cmds","No Write Addr Cmds","No Write Responses","_","_","Inactive","No Read Data Beats","_","_","No Write Data Beats"
61,61,0,0000,1,0,0,35,1,0,0,0,0000000000000,"INCR",3,00,0,"Data Secure Unprivileged",0,"16 bytes",0,0000000000000,"INCR",0,00,0,"Data Secure Unprivileged",0,"1 byte",0,"EXOKAY",0,00010800000140000050810400010800,00000000000000000000000000000000,0000,2,0,1,0,2,1,0,2,0,1,2,0,1,0,0,0,0,"No Read Addr Cmds","No Write Addr Cmds","No Write Responses","_","_","Inactive","No Read Data Beats","_","_","No Write Data Beats"
62,62,0,0000,1,0,0,65508,1,0,0,0,0000000000000,"INCR",3,00,0,"Data Secure Unprivileged",0,"16 bytes",0,0000000000000,"INCR",0,00,0,"Data Secure Unprivileged",0,"1 byte",0,"EXOKAY",0,00010800000140000050810400010800,00000000000000000000000000000000,0000,2,0,1,0,2,1,0,2,0,1,2,0,1,0,0,0,0,"No Read Addr Cmds","No Write Addr Cmds","No Write Responses","_","_","Inactive","No Read Data Beats","_","_","No Write Data Beats"
63,63,0,0000,1,0,0,10,1,0,0,0,0000000000000,"INCR",3,00,0,"Data Secure Unprivileged",0,"16 bytes",0,0000000000000,"INCR",0,00,0,"Data Secure Unprivileged",0,"1 byte",0,"EXOKAY",0,00010800000140000050810400010800,00000000000000000000000000000000,0000,2,0,1,0,2,1,0,2,0,1,2,0,1,0,0,0,0,"No Read Addr Cmds","No Write Addr Cmds","No Write Responses","_","_","Inactive","No Read Data Beats","_","_","No Write Data Beats"
64,64,0,0000,1,0,0,65499,1,0,0,0,0000000000000,"INCR",3,00,0,"Data Secure Unprivileged",0,"16 bytes",0,0000000000000,"INCR",0,00,0,"Data Secure Unprivileged",0,"1 byte",0,"EXOKAY",0,00010800000140000050810400010800,00000000000000000000000000000000,0000,2,0,1,0,2,1,0,2,0,1,2,0,1,0,0,0,0,"No Read Addr Cmds","No Write Addr Cmds","No Write Responses","_","_","Inactive","No Read Data Beats","_","_","No Write Data Beats"
65,65,0,0000,1,0,0,65521,1,0,0,0,0000000000000,"INCR",3,00,0,"Data Secure Unprivileged",0,"16 bytes",0,0000000000000,"INCR",0,00,0,"Data Secure Unprivileged",0,"1 byte",0,"EXOKAY",0,00010800000140000050810400010800,00000000000000000000000000000000,0000,2,0,1,0,2,1,0,2,0,1,2,0,1,0,0,0,0,"No Read Addr Cmds","No Write Addr Cmds","No Write Responses","_","_","Inactive","No Read Data Beats","_","_","No Write Data Beats"
66,66,0,0000,1,0,0,65517,1,0,0,0,0000000000000,"INCR",3,00,0,"Data Secure Unprivileged",0,"16 bytes",0,0000000000000,"INCR",0,00,0,"Data Secure Unprivileged",0,"1 byte",0,"EXOKAY",0,00010800000140000050810400010800,00000000000000000000000000000000,0000,2,0,1,0,2,1,0,2,0,1,2,0,1,0,0,0,0,"No Read Addr Cmds","No Write Addr Cmds","No Write Responses","_","_","Inactive","No Read Data Beats","_","_","No Write Data Beats"
67,67,0,0000,1,0,0,65509,1,0,0,0,0000000000000,"INCR",3,00,0,"Data Secure Unprivileged",0,"16 bytes",0,0000000000000,"INCR",0,00,0,"Data Secure Unprivileged",0,"1 byte",0,"EXOKAY",0,00010800000140000050810400010800,00000000000000000000000000000000,0000,2,0,1,0,2,1,0,2,0,1,2,0,1,0,0,0,0,"No Read Addr Cmds","No Write Addr Cmds","No Write Responses","_","_","Inactive","No Read Data Beats","_","_","No Write Data Beats"
68,68,0,0000,1,0,0,65491,1,0,0,0,0000000000000,"INCR",3,00,0,"Data Secure Unprivileged",0,"16 bytes",0,0000000000000,"INCR",0,00,0,"Data Secure Unprivileged",0,"1 byte",0,"EXOKAY",0,00010800000140000050810400010800,00000000000000000000000000000000,0000,2,0,1,0,2,1,0,2,0,1,2,0,1,0,0,0,0,"No Read Addr Cmds","No Write Addr Cmds","No Write Responses","_","_","Inactive","No Read Data Beats","_","_","No Write Data Beats"
69,69,0,0000,1,0,0,11,1,0,0,0,0000000000000,"INCR",3,00,0,"Data Secure Unprivileged",0,"16 bytes",0,0000000000000,"INCR",0,00,0,"Data Secure Unprivileged",0,"1 byte",0,"EXOKAY",0,00010800000140000050810400010800,00000000000000000000000000000000,0000,2,0,1,0,2,1,0,2,0,1,2,0,1,0,0,0,0,"No Read Addr Cmds","No Write Addr Cmds","No Write Responses","_","_","Inactive","No Read Data Beats","_","_","No Write Data Beats"
70,70,0,0000,1,0,0,65532,1,0,0,0,0000000000000,"INCR",3,00,0,"Data Secure Unprivileged",0,"16 bytes",0,0000000000000,"INCR",0,00,0,"Data Secure Unprivileged",0,"1 byte",0,"EXOKAY",0,00010800000140000050810400010800,00000000000000000000000000000000,0000,2,0,1,0,2,1,0,2,0,1,2,0,1,0,0,0,0,"No Read Addr Cmds","No Write Addr Cmds","No Write Responses","_","_","Inactive","No Read Data Beats","_","_","No Write Data Beats"
71,71,0,0000,1,0,0,65535,1,0,0,0,0000000000000,"INCR",3,00,0,"Data Secure Unprivileged",0,"16 bytes",0,0000000000000,"INCR",0,00,0,"Data Secure Unprivileged",0,"1 byte",0,"EXOKAY",0,00010800000140000050810400010800,00000000000000000000000000000000,0000,2,0,1,0,2,1,0,2,0,1,2,0,1,0,0,0,0,"No Read Addr Cmds","No Write Addr Cmds","No Write Responses","_","_","Inactive","No Read Data Beats","_","_","No Write Data Beats"
72,72,0,0000,1,0,0,49,1,0,0,0,0000000000000,"INCR",3,00,0,"Data Secure Unprivileged",0,"16 bytes",0,0000000000000,"INCR",0,00,0,"Data Secure Unprivileged",0,"1 byte",0,"EXOKAY",0,00010800000140000050810400010800,00000000000000000000000000000000,0000,2,0,1,0,2,1,0,2,0,1,2,0,1,0,0,0,0,"No Read Addr Cmds","No Write Addr Cmds","No Write Responses","_","_","Inactive","No Read Data Beats","_","_","No Write Data Beats"
73,73,0,0000,1,0,0,15,1,0,0,0,0000000000000,"INCR",3,00,0,"Data Secure Unprivileged",0,"16 bytes",0,0000000000000,"INCR",0,00,0,"Data Secure Unprivileged",0,"1 byte",0,"EXOKAY",0,00010800000140000050810400010800,00000000000000000000000000000000,0000,2,0,1,0,2,1,0,2,0,1,2,0,1,0,0,0,0,"No Read Addr Cmds","No Write Addr Cmds","No Write Responses","_","_","Inactive","No Read Data Beats","_","_","No Write Data Beats"
74,74,0,0000,1,0,0,15,1,0,0,0,0000000000000,"INCR",3,00,0,"Data Secure Unprivileged",0,"16 bytes",0,0000000000000,"INCR",0,00,0,"Data Secure Unprivileged",0,"1 byte",0,"EXOKAY",0,00010800000140000050810400010800,00000000000000000000000000000000,0000,2,0,1,0,2,1,0,2,0,1,2,0,1,0,0,0,0,"No Read Addr Cmds","No Write Addr Cmds","No Write Responses","_","_","Inactive","No Read Data Beats","_","_","No Write Data Beats"
75,75,0,0000,1,0,0,65507,1,0,0,0,0000000000000,"INCR",3,00,0,"Data Secure Unprivileged",0,"16 bytes",0,0000000000000,"INCR",0,00,0,"Data Secure Unprivileged",0,"1 byte",0,"EXOKAY",0,00010800000140000050810400010800,00000000000000000000000000000000,0000,2,0,1,0,2,1,0,2,0,1,2,0,1,0,0,0,0,"No Read Addr Cmds","No Write Addr Cmds","No Write Responses","_","_","Inactive","No Read Data Beats","_","_","No Write Data Beats"
76,76,0,0000,1,0,0,65507,1,0,0,0,0000000000000,"INCR",3,00,0,"Data Secure Unprivileged",0,"16 bytes",0,0000000000000,"INCR",0,00,0,"Data Secure Unprivileged",0,"1 byte",0,"EXOKAY",0,00010800000140000050810400010800,00000000000000000000000000000000,0000,2,0,1,0,2,1,0,2,0,1,2,0,1,0,0,0,0,"No Read Addr Cmds","No Write Addr Cmds","No Write Responses","_","_","Inactive","No Read Data Beats","_","_","No Write Data Beats"
77,77,0,0000,1,0,0,8,1,0,0,0,0000000000000,"INCR",3,00,0,"Data Secure Unprivileged",0,"16 bytes",0,0000000000000,"INCR",0,00,0,"Data Secure Unprivileged",0,"1 byte",0,"EXOKAY",0,00010800000140000050810400010800,00000000000000000000000000000000,0000,2,0,1,0,2,1,0,2,0,1,2,0,1,0,0,0,0,"No Read Addr Cmds","No Write Addr Cmds","No Write Responses","_","_","Inactive","No Read Data Beats","_","_","No Write Data Beats"
78,78,0,0000,1,0,0,65531,1,0,0,0,0000000000000,"INCR",3,00,0,"Data Secure Unprivileged",0,"16 bytes",0,0000000000000,"INCR",0,00,0,"Data Secure Unprivileged",0,"1 byte",0,"EXOKAY",0,00010800000140000050810400010800,00000000000000000000000000000000,0000,2,0,1,0,2,1,0,2,0,1,2,0,1,0,0,0,0,"No Read Addr Cmds","No Write Addr Cmds","No Write Responses","_","_","Inactive","No Read Data Beats","_","_","No Write Data Beats"
79,79,0,0000,1,0,0,65530,1,0,0,0,0000000000000,"INCR",3,00,0,"Data Secure Unprivileged",0,"16 bytes",0,0000000000000,"INCR",0,00,0,"Data Secure Unprivileged",0,"1 byte",0,"EXOKAY",0,00010800000140000050810400010800,00000000000000000000000000000000,0000,2,0,1,0,2,1,0,2,0,1,2,0,1,0,0,0,0,"No Read Addr Cmds","No Write Addr Cmds","No Write Responses","_","_","Inactive","No Read Data Beats","_","_","No Write Data Beats"
80,80,0,0000,1,0,0,0,1,0,0,0,0000000000000,"INCR",3,00,0,"Data Secure Unprivileged",0,"16 bytes",0,0000000000000,"INCR",0,00,0,"Data Secure Unprivileged",0,"1 byte",0,"EXOKAY",0,00010800000140000050810400010800,00000000000000000000000000000000,0000,2,0,1,0,2,1,0,2,0,1,2,0,1,0,0,0,0,"No Read Addr Cmds","No Write Addr Cmds","No Write Responses","_","_","Inactive","No Read Data Beats","_","_","No Write Data Beats"
81,81,0,0000,1,0,0,21,1,0,0,0,0000000000000,"INCR",3,00,0,"Data Secure Unprivileged",0,"16 bytes",0,0000000000000,"INCR",0,00,0,"Data Secure Unprivileged",0,"1 byte",0,"EXOKAY",0,00010800000140000050810400010800,00000000000000000000000000000000,0000,2,0,1,0,2,1,0,2,0,1,2,0,1,0,0,0,0,"No Read Addr Cmds","No Write Addr Cmds","No Write Responses","_","_","Inactive","No Read Data Beats","_","_","No Write Data Beats"
82,82,0,0000,1,0,0,45,1,0,0,0,0000000000000,"INCR",3,00,0,"Data Secure Unprivileged",0,"16 bytes",0,0000000000000,"INCR",0,00,0,"Data Secure Unprivileged",0,"1 byte",0,"EXOKAY",0,00010800000140000050810400010800,00000000000000000000000000000000,0000,2,0,1,0,2,1,0,2,0,1,2,0,1,0,0,0,0,"No Read Addr Cmds","No Write Addr Cmds","No Write Responses","_","_","Inactive","No Read Data Beats","_","_","No Write Data Beats"
83,83,0,0000,1,0,0,65494,1,0,0,0,0000000000000,"INCR",3,00,0,"Data Secure Unprivileged",0,"16 bytes",0,0000000000000,"INCR",0,00,0,"Data Secure Unprivileged",0,"1 byte",0,"EXOKAY",0,00010800000140000050810400010800,00000000000000000000000000000000,0000,2,0,1,0,2,1,0,2,0,1,2,0,1,0,0,0,0,"No Read Addr Cmds","No Write Addr Cmds","No Write Responses","_","_","Inactive","No Read Data Beats","_","_","No Write Data Beats"
84,84,0,0000,1,0,0,65526,1,0,0,0,0000000000000,"INCR",3,00,0,"Data Secure Unprivileged",0,"16 bytes",0,0000000000000,"INCR",0,00,0,"Data Secure Unprivileged",0,"1 byte",0,"EXOKAY",0,00010800000140000050810400010800,00000000000000000000000000000000,0000,2,0,1,0,2,1,0,2,0,1,2,0,1,0,0,0,0,"No Read Addr Cmds","No Write Addr Cmds","No Write Responses","_","_","Inactive","No Read Data Beats","_","_","No Write Data Beats"
85,85,0,0000,1,0,0,24,1,0,0,0,0000000000000,"INCR",3,00,0,"Data Secure Unprivileged",0,"16 bytes",0,0000000000000,"INCR",0,00,0,"Data Secure Unprivileged",0,"1 byte",0,"EXOKAY",0,00010800000140000050810400010800,00000000000000000000000000000000,0000,2,0,1,0,2,1,0,2,0,1,2,0,1,0,0,0,0,"No Read Addr Cmds","No Write Addr Cmds","No Write Responses","_","_","Inactive","No Read Data Beats","_","_","No Write Data Beats"
86,86,0,0000,1,0,0,17,1,0,0,0,0000000000000,"INCR",3,00,0,"Data Secure Unprivileged",0,"16 bytes",0,0000000000000,"INCR",0,00,0,"Data Secure Unprivileged",0,"1 byte",0,"EXOKAY",0,00010800000140000050810400010800,00000000000000000000000000000000,0000,2,0,1,0,2,1,0,2,0,1,2,0,1,0,0,0,0,"No Read Addr Cmds","No Write Addr Cmds","No Write Responses","_","_","Inactive","No Read Data Beats","_","_","No Write Data Beats"
87,87,0,0000,1,0,0,40,1,0,0,0,0000000000000,"INCR",3,00,0,"Data Secure Unprivileged",0,"16 bytes",0,0000000000000,"INCR",0,00,0,"Data Secure Unprivileged",0,"1 byte",0,"EXOKAY",0,00010800000140000050810400010800,00000000000000000000000000000000,0000,2,0,1,0,2,1,0,2,0,1,2,0,1,0,0,0,0,"No Read Addr Cmds","No Write Addr Cmds","No Write Responses","_","_","Inactive","No Read Data Beats","_","_","No Write Data Beats"
88,88,0,0000,1,0,0,65519,1,0,0,0,0000000000000,"INCR",3,00,0,"Data Secure Unprivileged",0,"16 bytes",0,0000000000000,"INCR",0,00,0,"Data Secure Unprivileged",0,"1 byte",0,"EXOKAY",0,00010800000140000050810400010800,00000000000000000000000000000000,0000,2,0,1,0,2,1,0,2,0,1,2,0,1,0,0,0,0,"No Read Addr Cmds","No Write Addr Cmds","No Write Responses","_","_","Inactive","No Read Data Beats","_","_","No Write Data Beats"
89,89,0,0000,1,0,0,6,1,0,0,0,0000000000000,"INCR",3,00,0,"Data Secure Unprivileged",0,"16 bytes",0,0000000000000,"INCR",0,00,0,"Data Secure Unprivileged",0,"1 byte",0,"EXOKAY",0,00010800000140000050810400010800,00000000000000000000000000000000,0000,2,0,1,0,2,1,0,2,0,1,2,0,1,0,0,0,0,"No Read Addr Cmds","No Write Addr Cmds","No Write Responses","_","_","Inactive","No Read Data Beats","_","_","No Write Data Beats"
90,90,0,0000,1,0,0,43,1,0,0,0,0000000000000,"INCR",3,00,0,"Data Secure Unprivileged",0,"16 bytes",0,0000000000000,"INCR",0,00,0,"Data Secure Unprivileged",0,"1 byte",0,"EXOKAY",0,00010800000140000050810400010800,00000000000000000000000000000000,0000,2,0,1,0,2,1,0,2,0,1,2,0,1,0,0,0,0,"No Read Addr Cmds","No Write Addr Cmds","No Write Responses","_","_","Inactive","No Read Data Beats","_","_","No Write Data Beats"
91,91,0,0000,1,0,0,65522,1,0,0,0,0000000000000,"INCR",3,00,0,"Data Secure Unprivileged",0,"16 bytes",0,0000000000000,"INCR",0,00,0,"Data Secure Unprivileged",0,"1 byte",0,"EXOKAY",0,00010800000140000050810400010800,00000000000000000000000000000000,0000,2,0,1,0,2,1,0,2,0,1,2,0,1,0,0,0,0,"No Read Addr Cmds","No Write Addr Cmds","No Write Responses","_","_","Inactive","No Read Data Beats","_","_","No Write Data Beats"
92,92,0,0000,1,0,0,65503,1,0,0,0,0000000000000,"INCR",3,00,0,"Data Secure Unprivileged",0,"16 bytes",0,0000000000000,"INCR",0,00,0,"Data Secure Unprivileged",0,"1 byte",0,"EXOKAY",0,00010800000140000050810400010800,00000000000000000000000000000000,0000,2,0,1,0,2,1,0,2,0,1,2,0,1,0,0,0,0,"No Read Addr Cmds","No Write Addr Cmds","No Write Responses","_","_","Inactive","No Read Data Beats","_","_","No Write Data Beats"
93,93,0,0000,1,0,0,65535,1,0,0,0,0000000000000,"INCR",3,00,0,"Data Secure Unprivileged",0,"16 bytes",0,0000000000000,"INCR",0,00,0,"Data Secure Unprivileged",0,"1 byte",0,"EXOKAY",0,00010800000140000050810400010800,00000000000000000000000000000000,0000,2,0,1,0,2,1,0,2,0,1,2,0,1,0,0,0,0,"No Read Addr Cmds","No Write Addr Cmds","No Write Responses","_","_","Inactive","No Read Data Beats","_","_","No Write Data Beats"
94,94,0,0000,1,0,0,21,1,0,0,0,0000000000000,"INCR",3,00,0,"Data Secure Unprivileged",0,"16 bytes",0,0000000000000,"INCR",0,00,0,"Data Secure Unprivileged",0,"1 byte",0,"EXOKAY",0,00010800000140000050810400010800,00000000000000000000000000000000,0000,2,0,1,0,2,1,0,2,0,1,2,0,1,0,0,0,0,"No Read Addr Cmds","No Write Addr Cmds","No Write Responses","_","_","Inactive","No Read Data Beats","_","_","No Write Data Beats"
95,95,0,0000,1,0,0,65511,1,0,0,0,0000000000000,"INCR",3,00,0,"Data Secure Unprivileged",0,"16 bytes",0,0000000000000,"INCR",0,00,0,"Data Secure Unprivileged",0,"1 byte",0,"EXOKAY",0,00010800000140000050810400010800,00000000000000000000000000000000,0000,2,0,1,0,2,1,0,2,0,1,2,0,1,0,0,0,0,"No Read Addr Cmds","No Write Addr Cmds","No Write Responses","_","_","Inactive","No Read Data Beats","_","_","No Write Data Beats"
96,96,0,0000,1,0,0,24,1,0,0,0,0000000000000,"INCR",3,00,0,"Data Secure Unprivileged",0,"16 bytes",0,0000000000000,"INCR",0,00,0,"Data Secure Unprivileged",0,"1 byte",0,"EXOKAY",0,00010800000140000050810400010800,00000000000000000000000000000000,0000,2,0,1,0,2,1,0,2,0,1,2,0,1,0,0,0,0,"No Read Addr Cmds","No Write Addr Cmds","No Write Responses","_","_","Inactive","No Read Data Beats","_","_","No Write Data Beats"
97,97,0,0000,1,0,0,65527,1,0,0,0,0000000000000,"INCR",3,00,0,"Data Secure Unprivileged",0,"16 bytes",0,0000000000000,"INCR",0,00,0,"Data Secure Unprivileged",0,"1 byte",0,"EXOKAY",0,00010800000140000050810400010800,00000000000000000000000000000000,0000,2,0,1,0,2,1,0,2,0,1,2,0,1,0,0,0,0,"No Read Addr Cmds","No Write Addr Cmds","No Write Responses","_","_","Inactive","No Read Data Beats","_","_","No Write Data Beats"
98,98,0,0000,1,0,0,18,1,0,0,0,0000000000000,"INCR",3,00,0,"Data Secure Unprivileged",0,"16 bytes",0,0000000000000,"INCR",0,00,0,"Data Secure Unprivileged",0,"1 byte",0,"EXOKAY",0,00010800000140000050810400010800,00000000000000000000000000000000,0000,2,0,1,0,2,1,0,2,0,1,2,0,1,0,0,0,0,"No Read Addr Cmds","No Write Addr Cmds","No Write Responses","_","_","Inactive","No Read Data Beats","_","_","No Write Data Beats"
99,99,0,0000,1,0,0,77,1,0,0,0,0000000000000,"INCR",3,00,0,"Data Secure Unprivileged",0,"16 bytes",0,0000000000000,"INCR",0,00,0,"Data Secure Unprivileged",0,"1 byte",0,"EXOKAY",0,00010800000140000050810400010800,00000000000000000000000000000000,0000,2,0,1,0,2,1,0,2,0,1,2,0,1,0,0,0,0,"No Read Addr Cmds","No Write Addr Cmds","No Write Responses","_","_","Inactive","No Read Data Beats","_","_","No Write Data Beats"
100,100,0,0000,1,0,0,27,1,0,0,0,0000000000000,"INCR",3,00,0,"Data Secure Unprivileged",0,"16 bytes",0,0000000000000,"INCR",0,00,0,"Data Secure Unprivileged",0,"1 byte",0,"EXOKAY",0,00010800000140000050810400010800,00000000000000000000000000000000,0000,2,0,1,0,2,1,0,2,0,1,2,0,1,0,0,0,0,"No Read Addr Cmds","No Write Addr Cmds","No Write Responses","_","_","Inactive","No Read Data Beats","_","_","No Write Data Beats"
101,101,0,0000,1,0,0,65497,1,0,0,0,0000000000000,"INCR",3,00,0,"Data Secure Unprivileged",0,"16 bytes",0,0000000000000,"INCR",0,00,0,"Data Secure Unprivileged",0,"1 byte",0,"EXOKAY",0,00010800000140000050810400010800,00000000000000000000000000000000,0000,2,0,1,0,2,1,0,2,0,1,2,0,1,0,0,0,0,"No Read Addr Cmds","No Write Addr Cmds","No Write Responses","_","_","Inactive","No Read Data Beats","_","_","No Write Data Beats"
102,102,0,0000,1,0,0,37,1,0,0,0,0000000000000,"INCR",3,00,0,"Data Secure Unprivileged",0,"16 bytes",0,0000000000000,"INCR",0,00,0,"Data Secure Unprivileged",0,"1 byte",0,"EXOKAY",0,00010800000140000050810400010800,00000000000000000000000000000000,0000,2,0,1,0,2,1,0,2,0,1,2,0,1,0,0,0,0,"No Read Addr Cmds","No Write Addr Cmds","No Write Responses","_","_","Inactive","No Read Data Beats","_","_","No Write Data Beats"
103,103,0,0000,1,0,0,65492,1,0,0,0,0000000000000,"INCR",3,00,0,"Data Secure Unprivileged",0,"16 bytes",0,0000000000000,"INCR",0,00,0,"Data Secure Unprivileged",0,"1 byte",0,"EXOKAY",0,00010800000140000050810400010800,00000000000000000000000000000000,0000,2,0,1,0,2,1,0,2,0,1,2,0,1,0,0,0,0,"No Read Addr Cmds","No Write Addr Cmds","No Write Responses","_","_","Inactive","No Read Data Beats","_","_","No Write Data Beats"
104,104,0,0000,1,0,0,16,1,0,0,0,0000000000000,"INCR",3,00,0,"Data Secure Unprivileged",0,"16 bytes",0,0000000000000,"INCR",0,00,0,"Data Secure Unprivileged",0,"1 byte",0,"EXOKAY",0,00010800000140000050810400010800,00000000000000000000000000000000,0000,2,0,1,0,2,1,0,2,0,1,2,0,1,0,0,0,0,"No Read Addr Cmds","No Write Addr Cmds","No Write Responses","_","_","Inactive","No Read Data Beats","_","_","No Write Data Beats"
105,105,0,0000,1,0,0,65497,1,0,0,0,0000000000000,"INCR",3,00,0,"Data Secure Unprivileged",0,"16 bytes",0,0000000000000,"INCR",0,00,0,"Data Secure Unprivileged",0,"1 byte",0,"EXOKAY",0,00010800000140000050810400010800,00000000000000000000000000000000,0000,2,0,1,0,2,1,0,2,0,1,2,0,1,0,0,0,0,"No Read Addr Cmds","No Write Addr Cmds","No Write Responses","_","_","Inactive","No Read Data Beats","_","_","No Write Data Beats"
106,106,0,0000,1,0,0,65499,1,0,0,0,0000000000000,"INCR",3,00,0,"Data Secure Unprivileged",0,"16 bytes",0,0000000000000,"INCR",0,00,0,"Data Secure Unprivileged",0,"1 byte",0,"EXOKAY",0,00010800000140000050810400010800,00000000000000000000000000000000,0000,2,0,1,0,2,1,0,2,0,1,2,0,1,0,0,0,0,"No Read Addr Cmds","No Write Addr Cmds","No Write Responses","_","_","Inactive","No Read Data Beats","_","_","No Write Data Beats"
107,107,0,0000,1,0,0,65525,1,0,0,0,0000000000000,"INCR",3,00,0,"Data Secure Unprivileged",0,"16 bytes",0,0000000000000,"INCR",0,00,0,"Data Secure Unprivileged",0,"1 byte",0,"EXOKAY",0,00010800000140000050810400010800,00000000000000000000000000000000,0000,2,0,1,0,2,1,0,2,0,1,2,0,1,0,0,0,0,"No Read Addr Cmds","No Write Addr Cmds","No Write Responses","_","_","Inactive","No Read Data Beats","_","_","No Write Data Beats"
108,108,0,0000,1,0,0,65532,1,0,0,0,0000000000000,"INCR",3,00,0,"Data Secure Unprivileged",0,"16 bytes",0,0000000000000,"INCR",0,00,0,"Data Secure Unprivileged",0,"1 byte",0,"EXOKAY",0,00010800000140000050810400010800,00000000000000000000000000000000,0000,2,0,1,0,2,1,0,2,0,1,2,0,1,0,0,0,0,"No Read Addr Cmds","No Write Addr Cmds","No Write Responses","_","_","Inactive","No Read Data Beats","_","_","No Write Data Beats"
109,109,0,0000,1,0,0,37,1,0,0,0,0000000000000,"INCR",3,00,0,"Data Secure Unprivileged",0,"16 bytes",0,0000000000000,"INCR",0,00,0,"Data Secure Unprivileged",0,"1 byte",0,"EXOKAY",0,00010800000140000050810400010800,00000000000000000000000000000000,0000,2,0,1,0,2,1,0,2,0,1,2,0,1,0,0,0,0,"No Read Addr Cmds","No Write Addr Cmds","No Write Responses","_","_","Inactive","No Read Data Beats","_","_","No Write Data Beats"
110,110,0,0000,1,0,0,0,1,0,0,0,0000000000000,"INCR",3,00,0,"Data Secure Unprivileged",0,"16 bytes",0,0000000000000,"INCR",0,00,0,"Data Secure Unprivileged",0,"1 byte",0,"EXOKAY",0,00010800000140000050810400010800,00000000000000000000000000000000,0000,2,0,1,0,2,1,0,2,0,1,2,0,1,0,0,0,0,"No Read Addr Cmds","No Write Addr Cmds","No Write Responses","_","_","Inactive","No Read Data Beats","_","_","No Write Data Beats"
111,111,0,0000,1,0,0,65510,1,0,0,0,0000000000000,"INCR",3,00,0,"Data Secure Unprivileged",0,"16 bytes",0,0000000000000,"INCR",0,00,0,"Data Secure Unprivileged",0,"1 byte",0,"EXOKAY",0,00010800000140000050810400010800,00000000000000000000000000000000,0000,2,0,1,0,2,1,0,2,0,1,2,0,1,0,0,0,0,"No Read Addr Cmds","No Write Addr Cmds","No Write Responses","_","_","Inactive","No Read Data Beats","_","_","No Write Data Beats"
112,112,0,0000,1,0,0,65533,1,0,0,0,0000000000000,"INCR",3,00,0,"Data Secure Unprivileged",0,"16 bytes",0,0000000000000,"INCR",0,00,0,"Data Secure Unprivileged",0,"1 byte",0,"EXOKAY",0,00010800000140000050810400010800,00000000000000000000000000000000,0000,2,0,1,0,2,1,0,2,0,1,2,0,1,0,0,0,0,"No Read Addr Cmds","No Write Addr Cmds","No Write Responses","_","_","Inactive","No Read Data Beats","_","_","No Write Data Beats"
113,113,0,0000,1,0,0,65535,1,0,0,0,0000000000000,"INCR",3,00,0,"Data Secure Unprivileged",0,"16 bytes",0,0000000000000,"INCR",0,00,0,"Data Secure Unprivileged",0,"1 byte",0,"EXOKAY",0,00010800000140000050810400010800,00000000000000000000000000000000,0000,2,0,1,0,2,1,0,2,0,1,2,0,1,0,0,0,0,"No Read Addr Cmds","No Write Addr Cmds","No Write Responses","_","_","Inactive","No Read Data Beats","_","_","No Write Data Beats"
114,114,0,0000,1,0,0,65527,1,0,0,0,0000000000000,"INCR",3,00,0,"Data Secure Unprivileged",0,"16 bytes",0,0000000000000,"INCR",0,00,0,"Data Secure Unprivileged",0,"1 byte",0,"EXOKAY",0,00010800000140000050810400010800,00000000000000000000000000000000,0000,2,0,1,0,2,1,0,2,0,1,2,0,1,0,0,0,0,"No Read Addr Cmds","No Write Addr Cmds","No Write Responses","_","_","Inactive","No Read Data Beats","_","_","No Write Data Beats"
115,115,0,0000,1,0,0,65530,1,0,0,0,0000000000000,"INCR",3,00,0,"Data Secure Unprivileged",0,"16 bytes",0,0000000000000,"INCR",0,00,0,"Data Secure Unprivileged",0,"1 byte",0,"EXOKAY",0,00010800000140000050810400010800,00000000000000000000000000000000,0000,2,0,1,0,2,1,0,2,0,1,2,0,1,0,0,0,0,"No Read Addr Cmds","No Write Addr Cmds","No Write Responses","_","_","Inactive","No Read Data Beats","_","_","No Write Data Beats"
116,116,0,0000,1,0,0,65528,1,0,0,0,0000000000000,"INCR",3,00,0,"Data Secure Unprivileged",0,"16 bytes",0,0000000000000,"INCR",0,00,0,"Data Secure Unprivileged",0,"1 byte",0,"EXOKAY",0,00010800000140000050810400010800,00000000000000000000000000000000,0000,2,0,1,0,2,1,0,2,0,1,2,0,1,0,0,0,0,"No Read Addr Cmds","No Write Addr Cmds","No Write Responses","_","_","Inactive","No Read Data Beats","_","_","No Write Data Beats"
117,117,0,0000,1,0,0,27,1,0,0,0,0000000000000,"INCR",3,00,0,"Data Secure Unprivileged",0,"16 bytes",0,0000000000000,"INCR",0,00,0,"Data Secure Unprivileged",0,"1 byte",0,"EXOKAY",0,00010800000140000050810400010800,00000000000000000000000000000000,0000,2,0,1,0,2,1,0,2,0,1,2,0,1,0,0,0,0,"No Read Addr Cmds","No Write Addr Cmds","No Write Responses","_","_","Inactive","No Read Data Beats","_","_","No Write Data Beats"
118,118,0,0000,1,0,0,65520,1,0,0,0,0000000000000,"INCR",3,00,0,"Data Secure Unprivileged",0,"16 bytes",0,0000000000000,"INCR",0,00,0,"Data Secure Unprivileged",0,"1 byte",0,"EXOKAY",0,00010800000140000050810400010800,00000000000000000000000000000000,0000,2,0,1,0,2,1,0,2,0,1,2,0,1,0,0,0,0,"No Read Addr Cmds","No Write Addr Cmds","No Write Responses","_","_","Inactive","No Read Data Beats","_","_","No Write Data Beats"
119,119,0,0000,1,0,0,29,1,0,0,0,0000000000000,"INCR",3,00,0,"Data Secure Unprivileged",0,"16 bytes",0,0000000000000,"INCR",0,00,0,"Data Secure Unprivileged",0,"1 byte",0,"EXOKAY",0,00010800000140000050810400010800,00000000000000000000000000000000,0000,2,0,1,0,2,1,0,2,0,1,2,0,1,0,0,0,0,"No Read Addr Cmds","No Write Addr Cmds","No Write Responses","_","_","Inactive","No Read Data Beats","_","_","No Write Data Beats"
120,120,0,0000,1,0,0,29,1,0,0,0,0000000000000,"INCR",3,00,0,"Data Secure Unprivileged",0,"16 bytes",0,0000000000000,"INCR",0,00,0,"Data Secure Unprivileged",0,"1 byte",0,"EXOKAY",0,00010800000140000050810400010800,00000000000000000000000000000000,0000,2,0,1,0,2,1,0,2,0,1,2,0,1,0,0,0,0,"No Read Addr Cmds","No Write Addr Cmds","No Write Responses","_","_","Inactive","No Read Data Beats","_","_","No Write Data Beats"
121,121,0,0000,1,0,0,9,1,0,0,0,0000000000000,"INCR",3,00,0,"Data Secure Unprivileged",0,"16 bytes",0,0000000000000,"INCR",0,00,0,"Data Secure Unprivileged",0,"1 byte",0,"EXOKAY",0,00010800000140000050810400010800,00000000000000000000000000000000,0000,2,0,1,0,2,1,0,2,0,1,2,0,1,0,0,0,0,"No Read Addr Cmds","No Write Addr Cmds","No Write Responses","_","_","Inactive","No Read Data Beats","_","_","No Write Data Beats"
122,122,0,0000,1,0,0,67,1,0,0,0,0000000000000,"INCR",3,00,0,"Data Secure Unprivileged",0,"16 bytes",0,0000000000000,"INCR",0,00,0,"Data Secure Unprivileged",0,"1 byte",0,"EXOKAY",0,00010800000140000050810400010800,00000000000000000000000000000000,0000,2,0,1,0,2,1,0,2,0,1,2,0,1,0,0,0,0,"No Read Addr Cmds","No Write Addr Cmds","No Write Responses","_","_","Inactive","No Read Data Beats","_","_","No Write Data Beats"
123,123,0,0000,1,0,0,65494,1,0,0,0,0000000000000,"INCR",3,00,0,"Data Secure Unprivileged",0,"16 bytes",0,0000000000000,"INCR",0,00,0,"Data Secure Unprivileged",0,"1 byte",0,"EXOKAY",0,00010800000140000050810400010800,00000000000000000000000000000000,0000,2,0,1,0,2,1,0,2,0,1,2,0,1,0,0,0,0,"No Read Addr Cmds","No Write Addr Cmds","No Write Responses","_","_","Inactive","No Read Data Beats","_","_","No Write Data Beats"
124,124,0,0000,1,0,0,5,1,0,0,0,0000000000000,"INCR",3,00,0,"Data Secure Unprivileged",0,"16 bytes",0,0000000000000,"INCR",0,00,0,"Data Secure Unprivileged",0,"1 byte",0,"EXOKAY",0,00010800000140000050810400010800,00000000000000000000000000000000,0000,2,0,1,0,2,1,0,2,0,1,2,0,1,0,0,0,0,"No Read Addr Cmds","No Write Addr Cmds","No Write Responses","_","_","Inactive","No Read Data Beats","_","_","No Write Data Beats"
125,125,0,0000,1,0,0,65516,1,0,0,0,0000000000000,"INCR",3,00,0,"Data Secure Unprivileged",0,"16 bytes",0,0000000000000,"INCR",0,00,0,"Data Secure Unprivileged",0,"1 byte",0,"EXOKAY",0,00010800000140000050810400010800,00000000000000000000000000000000,0000,2,0,1,0,2,1,0,2,0,1,2,0,1,0,0,0,0,"No Read Addr Cmds","No Write Addr Cmds","No Write Responses","_","_","Inactive","No Read Data Beats","_","_","No Write Data Beats"
126,126,0,0000,1,0,0,25,1,0,0,0,0000000000000,"INCR",3,00,0,"Data Secure Unprivileged",0,"16 bytes",0,0000000000000,"INCR",0,00,0,"Data Secure Unprivileged",0,"1 byte",0,"EXOKAY",0,00010800000140000050810400010800,00000000000000000000000000000000,0000,2,0,1,0,2,1,0,2,0,1,2,0,1,0,0,0,0,"No Read Addr Cmds","No Write Addr Cmds","No Write Responses","_","_","Inactive","No Read Data Beats","_","_","No Write Data Beats"
127,127,0,0000,1,0,0,13,1,0,0,0,0000000000000,"INCR",3,00,0,"Data Secure Unprivileged",0,"16 bytes",0,0000000000000,"INCR",0,00,0,"Data Secure Unprivileged",0,"1 byte",0,"EXOKAY",0,00010800000140000050810400010800,00000000000000000000000000000000,0000,2,0,1,0,2,1,0,2,0,1,2,0,1,0,0,0,0,"No Read Addr Cmds","No Write Addr Cmds","No Write Responses","_","_","Inactive","No Read Data Beats","_","_","No Write Data Beats"
128,128,0,0000,1,0,0,20,1,0,0,0,0000000000000,"INCR",3,00,0,"Data Secure Unprivileged",0,"16 bytes",0,0000000000000,"INCR",0,00,0,"Data Secure Unprivileged",0,"1 byte",0,"EXOKAY",0,00010800000140000050810400010800,00000000000000000000000000000000,0000,2,0,1,0,2,1,0,2,0,1,2,0,1,0,0,0,0,"No Read Addr Cmds","No Write Addr Cmds","No Write Responses","_","_","Inactive","No Read Data Beats","_","_","No Write Data Beats"
129,129,0,0000,1,0,0,65516,1,0,0,0,0000000000000,"INCR",3,00,0,"Data Secure Unprivileged",0,"16 bytes",0,0000000000000,"INCR",0,00,0,"Data Secure Unprivileged",0,"1 byte",0,"EXOKAY",0,00010800000140000050810400010800,00000000000000000000000000000000,0000,2,0,1,0,2,1,0,2,0,1,2,0,1,0,0,0,0,"No Read Addr Cmds","No Write Addr Cmds","No Write Responses","_","_","Inactive","No Read Data Beats","_","_","No Write Data Beats"
130,130,0,0000,1,0,0,65512,1,0,0,0,0000000000000,"INCR",3,00,0,"Data Secure Unprivileged",0,"16 bytes",0,0000000000000,"INCR",0,00,0,"Data Secure Unprivileged",0,"1 byte",0,"EXOKAY",0,00010800000140000050810400010800,00000000000000000000000000000000,0000,2,0,1,0,2,1,0,2,0,1,2,0,1,0,0,0,0,"No Read Addr Cmds","No Write Addr Cmds","No Write Responses","_","_","Inactive","No Read Data Beats","_","_","No Write Data Beats"
131,131,0,0000,1,0,0,65532,1,0,0,0,0000000000000,"INCR",3,00,0,"Data Secure Unprivileged",0,"16 bytes",0,0000000000000,"INCR",0,00,0,"Data Secure Unprivileged",0,"1 byte",0,"EXOKAY",0,00010800000140000050810400010800,00000000000000000000000000000000,0000,2,0,1,0,2,1,0,2,0,1,2,0,1,0,0,0,0,"No Read Addr Cmds","No Write Addr Cmds","No Write Responses","_","_","Inactive","No Read Data Beats","_","_","No Write Data Beats"
132,132,0,0000,1,0,0,16,1,0,0,0,0000000000000,"INCR",3,00,0,"Data Secure Unprivileged",0,"16 bytes",0,0000000000000,"INCR",0,00,0,"Data Secure Unprivileged",0,"1 byte",0,"EXOKAY",0,00010800000140000050810400010800,00000000000000000000000000000000,0000,2,0,1,0,2,1,0,2,0,1,2,0,1,0,0,0,0,"No Read Addr Cmds","No Write Addr Cmds","No Write Responses","_","_","Inactive","No Read Data Beats","_","_","No Write Data Beats"
133,133,0,0000,1,0,0,65517,1,0,0,0,0000000000000,"INCR",3,00,0,"Data Secure Unprivileged",0,"16 bytes",0,0000000000000,"INCR",0,00,0,"Data Secure Unprivileged",0,"1 byte",0,"EXOKAY",0,00010800000140000050810400010800,00000000000000000000000000000000,0000,2,0,1,0,2,1,0,2,0,1,2,0,1,0,0,0,0,"No Read Addr Cmds","No Write Addr Cmds","No Write Responses","_","_","Inactive","No Read Data Beats","_","_","No Write Data Beats"
134,134,0,0000,1,0,0,19,1,0,0,0,0000000000000,"INCR",3,00,0,"Data Secure Unprivileged",0,"16 bytes",0,0000000000000,"INCR",0,00,0,"Data Secure Unprivileged",0,"1 byte",0,"EXOKAY",0,00010800000140000050810400010800,00000000000000000000000000000000,0000,2,0,1,0,2,1,0,2,0,1,2,0,1,0,0,0,0,"No Read Addr Cmds","No Write Addr Cmds","No Write Responses","_","_","Inactive","No Read Data Beats","_","_","No Write Data Beats"
135,135,0,0000,1,0,0,24,1,0,0,0,0000000000000,"INCR",3,00,0,"Data Secure Unprivileged",0,"16 bytes",0,0000000000000,"INCR",0,00,0,"Data Secure Unprivileged",0,"1 byte",0,"EXOKAY",0,00010800000140000050810400010800,00000000000000000000000000000000,0000,2,0,1,0,2,1,0,2,0,1,2,0,1,0,0,0,0,"No Read Addr Cmds","No Write Addr Cmds","No Write Responses","_","_","Inactive","No Read Data Beats","_","_","No Write Data Beats"
136,136,0,0000,1,0,0,65535,1,0,0,0,0000000000000,"INCR",3,00,0,"Data Secure Unprivileged",0,"16 bytes",0,0000000000000,"INCR",0,00,0,"Data Secure Unprivileged",0,"1 byte",0,"EXOKAY",0,00010800000140000050810400010800,00000000000000000000000000000000,0000,2,0,1,0,2,1,0,2,0,1,2,0,1,0,0,0,0,"No Read Addr Cmds","No Write Addr Cmds","No Write Responses","_","_","Inactive","No Read Data Beats","_","_","No Write Data Beats"
137,137,0,0000,1,0,0,6,1,0,0,0,0000000000000,"INCR",3,00,0,"Data Secure Unprivileged",0,"16 bytes",0,0000000000000,"INCR",0,00,0,"Data Secure Unprivileged",0,"1 byte",0,"EXOKAY",0,00010800000140000050810400010800,00000000000000000000000000000000,0000,2,0,1,0,2,1,0,2,0,1,2,0,1,0,0,0,0,"No Read Addr Cmds","No Write Addr Cmds","No Write Responses","_","_","Inactive","No Read Data Beats","_","_","No Write Data Beats"
138,138,0,0000,1,0,0,65522,1,0,0,0,0000000000000,"INCR",3,00,0,"Data Secure Unprivileged",0,"16 bytes",0,0000000000000,"INCR",0,00,0,"Data Secure Unprivileged",0,"1 byte",0,"EXOKAY",0,00010800000140000050810400010800,00000000000000000000000000000000,0000,2,0,1,0,2,1,0,2,0,1,2,0,1,0,0,0,0,"No Read Addr Cmds","No Write Addr Cmds","No Write Responses","_","_","Inactive","No Read Data Beats","_","_","No Write Data Beats"
139,139,0,0000,1,0,0,8,1,0,0,0,0000000000000,"INCR",3,00,0,"Data Secure Unprivileged",0,"16 bytes",0,0000000000000,"INCR",0,00,0,"Data Secure Unprivileged",0,"1 byte",0,"EXOKAY",0,00010800000140000050810400010800,00000000000000000000000000000000,0000,2,0,1,0,2,1,0,2,0,1,2,0,1,0,0,0,0,"No Read Addr Cmds","No Write Addr Cmds","No Write Responses","_","_","Inactive","No Read Data Beats","_","_","No Write Data Beats"
140,140,0,0000,1,0,0,65465,1,0,0,0,0000000000000,"INCR",3,00,0,"Data Secure Unprivileged",0,"16 bytes",0,0000000000000,"INCR",0,00,0,"Data Secure Unprivileged",0,"1 byte",0,"EXOKAY",0,00010800000140000050810400010800,00000000000000000000000000000000,0000,2,0,1,0,2,1,0,2,0,1,2,0,1,0,0,0,0,"No Read Addr Cmds","No Write Addr Cmds","No Write Responses","_","_","Inactive","No Read Data Beats","_","_","No Write Data Beats"
141,141,0,0000,1,0,0,51,1,0,0,0,0000000000000,"INCR",3,00,0,"Data Secure Unprivileged",0,"16 bytes",0,0000000000000,"INCR",0,00,0,"Data Secure Unprivileged",0,"1 byte",0,"EXOKAY",0,00010800000140000050810400010800,00000000000000000000000000000000,0000,2,0,1,0,2,1,0,2,0,1,2,0,1,0,0,0,0,"No Read Addr Cmds","No Write Addr Cmds","No Write Responses","_","_","Inactive","No Read Data Beats","_","_","No Write Data Beats"
142,142,0,0000,1,0,0,13,1,0,0,0,0000000000000,"INCR",3,00,0,"Data Secure Unprivileged",0,"16 bytes",0,0000000000000,"INCR",0,00,0,"Data Secure Unprivileged",0,"1 byte",0,"EXOKAY",0,00010800000140000050810400010800,00000000000000000000000000000000,0000,2,0,1,0,2,1,0,2,0,1,2,0,1,0,0,0,0,"No Read Addr Cmds","No Write Addr Cmds","No Write Responses","_","_","Inactive","No Read Data Beats","_","_","No Write Data Beats"
143,143,0,0000,1,0,0,65522,1,0,0,0,0000000000000,"INCR",3,00,0,"Data Secure Unprivileged",0,"16 bytes",0,0000000000000,"INCR",0,00,0,"Data Secure Unprivileged",0,"1 byte",0,"EXOKAY",0,00010800000140000050810400010800,00000000000000000000000000000000,0000,2,0,1,0,2,1,0,2,0,1,2,0,1,0,0,0,0,"No Read Addr Cmds","No Write Addr Cmds","No Write Responses","_","_","Inactive","No Read Data Beats","_","_","No Write Data Beats"
144,144,0,0000,1,0,0,65487,1,0,0,0,0000000000000,"INCR",3,00,0,"Data Secure Unprivileged",0,"16 bytes",0,0000000000000,"INCR",0,00,0,"Data Secure Unprivileged",0,"1 byte",0,"EXOKAY",0,00010800000140000050810400010800,00000000000000000000000000000000,0000,2,0,1,0,2,1,0,2,0,1,2,0,1,0,0,0,0,"No Read Addr Cmds","No Write Addr Cmds","No Write Responses","_","_","Inactive","No Read Data Beats","_","_","No Write Data Beats"
145,145,0,0000,1,0,0,65498,1,0,0,0,0000000000000,"INCR",3,00,0,"Data Secure Unprivileged",0,"16 bytes",0,0000000000000,"INCR",0,00,0,"Data Secure Unprivileged",0,"1 byte",0,"EXOKAY",0,00010800000140000050810400010800,00000000000000000000000000000000,0000,2,0,1,0,2,1,0,2,0,1,2,0,1,0,0,0,0,"No Read Addr Cmds","No Write Addr Cmds","No Write Responses","_","_","Inactive","No Read Data Beats","_","_","No Write Data Beats"
146,146,0,0000,1,0,0,33,1,0,0,0,0000000000000,"INCR",3,00,0,"Data Secure Unprivileged",0,"16 bytes",0,0000000000000,"INCR",0,00,0,"Data Secure Unprivileged",0,"1 byte",0,"EXOKAY",0,00010800000140000050810400010800,00000000000000000000000000000000,0000,2,0,1,0,2,1,0,2,0,1,2,0,1,0,0,0,0,"No Read Addr Cmds","No Write Addr Cmds","No Write Responses","_","_","Inactive","No Read Data Beats","_","_","No Write Data Beats"
147,147,0,0000,1,0,0,18,1,0,0,0,0000000000000,"INCR",3,00,0,"Data Secure Unprivileged",0,"16 bytes",0,0000000000000,"INCR",0,00,0,"Data Secure Unprivileged",0,"1 byte",0,"EXOKAY",0,00010800000140000050810400010800,00000000000000000000000000000000,0000,2,0,1,0,2,1,0,2,0,1,2,0,1,0,0,0,0,"No Read Addr Cmds","No Write Addr Cmds","No Write Responses","_","_","Inactive","No Read Data Beats","_","_","No Write Data Beats"
148,148,0,0000,1,0,0,11,1,0,0,0,0000000000000,"INCR",3,00,0,"Data Secure Unprivileged",0,"16 bytes",0,0000000000000,"INCR",0,00,0,"Data Secure Unprivileged",0,"1 byte",0,"EXOKAY",0,00010800000140000050810400010800,00000000000000000000000000000000,0000,2,0,1,0,2,1,0,2,0,1,2,0,1,0,0,0,0,"No Read Addr Cmds","No Write Addr Cmds","No Write Responses","_","_","Inactive","No Read Data Beats","_","_","No Write Data Beats"
149,149,0,0000,1,0,0,65470,1,0,0,0,0000000000000,"INCR",3,00,0,"Data Secure Unprivileged",0,"16 bytes",0,0000000000000,"INCR",0,00,0,"Data Secure Unprivileged",0,"1 byte",0,"EXOKAY",0,00010800000140000050810400010800,00000000000000000000000000000000,0000,2,0,1,0,2,1,0,2,0,1,2,0,1,0,0,0,0,"No Read Addr Cmds","No Write Addr Cmds","No Write Responses","_","_","Inactive","No Read Data Beats","_","_","No Write Data Beats"
150,150,0,0000,1,0,0,44,1,0,0,0,0000000000000,"INCR",3,00,0,"Data Secure Unprivileged",0,"16 bytes",0,0000000000000,"INCR",0,00,0,"Data Secure Unprivileged",0,"1 byte",0,"EXOKAY",0,00010800000140000050810400010800,00000000000000000000000000000000,0000,2,0,1,0,2,1,0,2,0,1,2,0,1,0,0,0,0,"No Read Addr Cmds","No Write Addr Cmds","No Write Responses","_","_","Inactive","No Read Data Beats","_","_","No Write Data Beats"
151,151,0,0000,1,0,0,65525,1,0,0,0,0000000000000,"INCR",3,00,0,"Data Secure Unprivileged",0,"16 bytes",0,0000000000000,"INCR",0,00,0,"Data Secure Unprivileged",0,"1 byte",0,"EXOKAY",0,00010800000140000050810400010800,00000000000000000000000000000000,0000,2,0,1,0,2,1,0,2,0,1,2,0,1,0,0,0,0,"No Read Addr Cmds","No Write Addr Cmds","No Write Responses","_","_","Inactive","No Read Data Beats","_","_","No Write Data Beats"
152,152,0,0000,1,0,0,65490,1,0,0,0,0000000000000,"INCR",3,00,0,"Data Secure Unprivileged",0,"16 bytes",0,0000000000000,"INCR",0,00,0,"Data Secure Unprivileged",0,"1 byte",0,"EXOKAY",0,00010800000140000050810400010800,00000000000000000000000000000000,0000,2,0,1,0,2,1,0,2,0,1,2,0,1,0,0,0,0,"No Read Addr Cmds","No Write Addr Cmds","No Write Responses","_","_","Inactive","No Read Data Beats","_","_","No Write Data Beats"
153,153,0,0000,1,0,0,65499,1,0,0,0,0000000000000,"INCR",3,00,0,"Data Secure Unprivileged",0,"16 bytes",0,0000000000000,"INCR",0,00,0,"Data Secure Unprivileged",0,"1 byte",0,"EXOKAY",0,00010800000140000050810400010800,00000000000000000000000000000000,0000,2,0,1,0,2,1,0,2,0,1,2,0,1,0,0,0,0,"No Read Addr Cmds","No Write Addr Cmds","No Write Responses","_","_","Inactive","No Read Data Beats","_","_","No Write Data Beats"
154,154,0,0000,1,0,0,22,1,0,0,0,0000000000000,"INCR",3,00,0,"Data Secure Unprivileged",0,"16 bytes",0,0000000000000,"INCR",0,00,0,"Data Secure Unprivileged",0,"1 byte",0,"EXOKAY",0,00010800000140000050810400010800,00000000000000000000000000000000,0000,2,0,1,0,2,1,0,2,0,1,2,0,1,0,0,0,0,"No Read Addr Cmds","No Write Addr Cmds","No Write Responses","_","_","Inactive","No Read Data Beats","_","_","No Write Data Beats"
155,155,0,0000,1,0,0,16,1,0,0,0,0000000000000,"INCR",3,00,0,"Data Secure Unprivileged",0,"16 bytes",0,0000000000000,"INCR",0,00,0,"Data Secure Unprivileged",0,"1 byte",0,"EXOKAY",0,00010800000140000050810400010800,00000000000000000000000000000000,0000,2,0,1,0,2,1,0,2,0,1,2,0,1,0,0,0,0,"No Read Addr Cmds","No Write Addr Cmds","No Write Responses","_","_","Inactive","No Read Data Beats","_","_","No Write Data Beats"
156,156,0,0000,1,0,0,65527,1,0,0,0,0000000000000,"INCR",3,00,0,"Data Secure Unprivileged",0,"16 bytes",0,0000000000000,"INCR",0,00,0,"Data Secure Unprivileged",0,"1 byte",0,"EXOKAY",0,00010800000140000050810400010800,00000000000000000000000000000000,0000,2,0,1,0,2,1,0,2,0,1,2,0,1,0,0,0,0,"No Read Addr Cmds","No Write Addr Cmds","No Write Responses","_","_","Inactive","No Read Data Beats","_","_","No Write Data Beats"
157,157,0,0000,1,0,0,65483,1,0,0,0,0000000000000,"INCR",3,00,0,"Data Secure Unprivileged",0,"16 bytes",0,0000000000000,"INCR",0,00,0,"Data Secure Unprivileged",0,"1 byte",0,"EXOKAY",0,00010800000140000050810400010800,00000000000000000000000000000000,0000,2,0,1,0,2,1,0,2,0,1,2,0,1,0,0,0,0,"No Read Addr Cmds","No Write Addr Cmds","No Write Responses","_","_","Inactive","No Read Data Beats","_","_","No Write Data Beats"
158,158,0,0000,1,0,0,36,1,0,0,0,0000000000000,"INCR",3,00,0,"Data Secure Unprivileged",0,"16 bytes",0,0000000000000,"INCR",0,00,0,"Data Secure Unprivileged",0,"1 byte",0,"EXOKAY",0,00010800000140000050810400010800,00000000000000000000000000000000,0000,2,0,1,0,2,1,0,2,0,1,2,0,1,0,0,0,0,"No Read Addr Cmds","No Write Addr Cmds","No Write Responses","_","_","Inactive","No Read Data Beats","_","_","No Write Data Beats"
159,159,0,0000,1,0,0,33,1,0,0,0,0000000000000,"INCR",3,00,0,"Data Secure Unprivileged",0,"16 bytes",0,0000000000000,"INCR",0,00,0,"Data Secure Unprivileged",0,"1 byte",0,"EXOKAY",0,00010800000140000050810400010800,00000000000000000000000000000000,0000,2,0,1,0,2,1,0,2,0,1,2,0,1,0,0,0,0,"No Read Addr Cmds","No Write Addr Cmds","No Write Responses","_","_","Inactive","No Read Data Beats","_","_","No Write Data Beats"
160,160,0,0000,1,0,0,33,1,0,0,0,0000000000000,"INCR",3,00,0,"Data Secure Unprivileged",0,"16 bytes",0,0000000000000,"INCR",0,00,0,"Data Secure Unprivileged",0,"1 byte",0,"EXOKAY",0,00010800000140000050810400010800,00000000000000000000000000000000,0000,2,0,1,0,2,1,0,2,0,1,2,0,1,0,0,0,0,"No Read Addr Cmds","No Write Addr Cmds","No Write Responses","_","_","Inactive","No Read Data Beats","_","_","No Write Data Beats"
161,161,0,0000,1,0,0,65505,1,0,0,0,0000000000000,"INCR",3,00,0,"Data Secure Unprivileged",0,"16 bytes",0,0000000000000,"INCR",0,00,0,"Data Secure Unprivileged",0,"1 byte",0,"EXOKAY",0,00010800000140000050810400010800,00000000000000000000000000000000,0000,2,0,1,0,2,1,0,2,0,1,2,0,1,0,0,0,0,"No Read Addr Cmds","No Write Addr Cmds","No Write Responses","_","_","Inactive","No Read Data Beats","_","_","No Write Data Beats"
162,162,0,0000,1,0,0,4,1,0,0,0,0000000000000,"INCR",3,00,0,"Data Secure Unprivileged",0,"16 bytes",0,0000000000000,"INCR",0,00,0,"Data Secure Unprivileged",0,"1 byte",0,"EXOKAY",0,00010800000140000050810400010800,00000000000000000000000000000000,0000,2,0,1,0,2,1,0,2,0,1,2,0,1,0,0,0,0,"No Read Addr Cmds","No Write Addr Cmds","No Write Responses","_","_","Inactive","No Read Data Beats","_","_","No Write Data Beats"
163,163,0,0000,1,0,0,35,1,0,0,0,0000000000000,"INCR",3,00,0,"Data Secure Unprivileged",0,"16 bytes",0,0000000000000,"INCR",0,00,0,"Data Secure Unprivileged",0,"1 byte",0,"EXOKAY",0,00010800000140000050810400010800,00000000000000000000000000000000,0000,2,0,1,0,2,1,0,2,0,1,2,0,1,0,0,0,0,"No Read Addr Cmds","No Write Addr Cmds","No Write Responses","_","_","Inactive","No Read Data Beats","_","_","No Write Data Beats"
164,164,0,0000,1,0,0,65485,1,0,0,0,0000000000000,"INCR",3,00,0,"Data Secure Unprivileged",0,"16 bytes",0,0000000000000,"INCR",0,00,0,"Data Secure Unprivileged",0,"1 byte",0,"EXOKAY",0,00010800000140000050810400010800,00000000000000000000000000000000,0000,2,0,1,0,2,1,0,2,0,1,2,0,1,0,0,0,0,"No Read Addr Cmds","No Write Addr Cmds","No Write Responses","_","_","Inactive","No Read Data Beats","_","_","No Write Data Beats"
165,165,0,0000,1,0,0,26,1,0,0,0,0000000000000,"INCR",3,00,0,"Data Secure Unprivileged",0,"16 bytes",0,0000000000000,"INCR",0,00,0,"Data Secure Unprivileged",0,"1 byte",0,"EXOKAY",0,00010800000140000050810400010800,00000000000000000000000000000000,0000,2,0,1,0,2,1,0,2,0,1,2,0,1,0,0,0,0,"No Read Addr Cmds","No Write Addr Cmds","No Write Responses","_","_","Inactive","No Read Data Beats","_","_","No Write Data Beats"
166,166,0,0000,1,0,0,65490,1,0,0,0,0000000000000,"INCR",3,00,0,"Data Secure Unprivileged",0,"16 bytes",0,0000000000000,"INCR",0,00,0,"Data Secure Unprivileged",0,"1 byte",0,"EXOKAY",0,00010800000140000050810400010800,00000000000000000000000000000000,0000,2,0,1,0,2,1,0,2,0,1,2,0,1,0,0,0,0,"No Read Addr Cmds","No Write Addr Cmds","No Write Responses","_","_","Inactive","No Read Data Beats","_","_","No Write Data Beats"
167,167,0,0000,1,0,0,65528,1,0,0,0,0000000000000,"INCR",3,00,0,"Data Secure Unprivileged",0,"16 bytes",0,0000000000000,"INCR",0,00,0,"Data Secure Unprivileged",0,"1 byte",0,"EXOKAY",0,00010800000140000050810400010800,00000000000000000000000000000000,0000,2,0,1,0,2,1,0,2,0,1,2,0,1,0,0,0,0,"No Read Addr Cmds","No Write Addr Cmds","No Write Responses","_","_","Inactive","No Read Data Beats","_","_","No Write Data Beats"
168,168,0,0000,1,0,0,65490,1,0,0,0,0000000000000,"INCR",3,00,0,"Data Secure Unprivileged",0,"16 bytes",0,0000000000000,"INCR",0,00,0,"Data Secure Unprivileged",0,"1 byte",0,"EXOKAY",0,00010800000140000050810400010800,00000000000000000000000000000000,0000,2,0,1,0,2,1,0,2,0,1,2,0,1,0,0,0,0,"No Read Addr Cmds","No Write Addr Cmds","No Write Responses","_","_","Inactive","No Read Data Beats","_","_","No Write Data Beats"
169,169,0,0000,1,0,0,13,1,0,0,0,0000000000000,"INCR",3,00,0,"Data Secure Unprivileged",0,"16 bytes",0,0000000000000,"INCR",0,00,0,"Data Secure Unprivileged",0,"1 byte",0,"EXOKAY",0,00010800000140000050810400010800,00000000000000000000000000000000,0000,2,0,1,0,2,1,0,2,0,1,2,0,1,0,0,0,0,"No Read Addr Cmds","No Write Addr Cmds","No Write Responses","_","_","Inactive","No Read Data Beats","_","_","No Write Data Beats"
170,170,0,0000,1,0,0,6,1,0,0,0,0000000000000,"INCR",3,00,0,"Data Secure Unprivileged",0,"16 bytes",0,0000000000000,"INCR",0,00,0,"Data Secure Unprivileged",0,"1 byte",0,"EXOKAY",0,00010800000140000050810400010800,00000000000000000000000000000000,0000,2,0,1,0,2,1,0,2,0,1,2,0,1,0,0,0,0,"No Read Addr Cmds","No Write Addr Cmds","No Write Responses","_","_","Inactive","No Read Data Beats","_","_","No Write Data Beats"
171,171,0,0000,1,0,0,65509,1,0,0,0,0000000000000,"INCR",3,00,0,"Data Secure Unprivileged",0,"16 bytes",0,0000000000000,"INCR",0,00,0,"Data Secure Unprivileged",0,"1 byte",0,"EXOKAY",0,00010800000140000050810400010800,00000000000000000000000000000000,0000,2,0,1,0,2,1,0,2,0,1,2,0,1,0,0,0,0,"No Read Addr Cmds","No Write Addr Cmds","No Write Responses","_","_","Inactive","No Read Data Beats","_","_","No Write Data Beats"
172,172,0,0000,1,0,0,65531,1,0,0,0,0000000000000,"INCR",3,00,0,"Data Secure Unprivileged",0,"16 bytes",0,0000000000000,"INCR",0,00,0,"Data Secure Unprivileged",0,"1 byte",0,"EXOKAY",0,00010800000140000050810400010800,00000000000000000000000000000000,0000,2,0,1,0,2,1,0,2,0,1,2,0,1,0,0,0,0,"No Read Addr Cmds","No Write Addr Cmds","No Write Responses","_","_","Inactive","No Read Data Beats","_","_","No Write Data Beats"
173,173,0,0000,1,0,0,65531,1,0,0,0,0000000000000,"INCR",3,00,0,"Data Secure Unprivileged",0,"16 bytes",0,0000000000000,"INCR",0,00,0,"Data Secure Unprivileged",0,"1 byte",0,"EXOKAY",0,00010800000140000050810400010800,00000000000000000000000000000000,0000,2,0,1,0,2,1,0,2,0,1,2,0,1,0,0,0,0,"No Read Addr Cmds","No Write Addr Cmds","No Write Responses","_","_","Inactive","No Read Data Beats","_","_","No Write Data Beats"
174,174,0,0000,1,0,0,14,1,0,0,0,0000000000000,"INCR",3,00,0,"Data Secure Unprivileged",0,"16 bytes",0,0000000000000,"INCR",0,00,0,"Data Secure Unprivileged",0,"1 byte",0,"EXOKAY",0,00010800000140000050810400010800,00000000000000000000000000000000,0000,2,0,1,0,2,1,0,2,0,1,2,0,1,0,0,0,0,"No Read Addr Cmds","No Write Addr Cmds","No Write Responses","_","_","Inactive","No Read Data Beats","_","_","No Write Data Beats"
175,175,0,0000,1,0,0,65509,1,0,0,0,0000000000000,"INCR",3,00,0,"Data Secure Unprivileged",0,"16 bytes",0,0000000000000,"INCR",0,00,0,"Data Secure Unprivileged",0,"1 byte",0,"EXOKAY",0,00010800000140000050810400010800,00000000000000000000000000000000,0000,2,0,1,0,2,1,0,2,0,1,2,0,1,0,0,0,0,"No Read Addr Cmds","No Write Addr Cmds","No Write Responses","_","_","Inactive","No Read Data Beats","_","_","No Write Data Beats"
176,176,0,0000,1,0,0,65523,1,0,0,0,0000000000000,"INCR",3,00,0,"Data Secure Unprivileged",0,"16 bytes",0,0000000000000,"INCR",0,00,0,"Data Secure Unprivileged",0,"1 byte",0,"EXOKAY",0,00010800000140000050810400010800,00000000000000000000000000000000,0000,2,0,1,0,2,1,0,2,0,1,2,0,1,0,0,0,0,"No Read Addr Cmds","No Write Addr Cmds","No Write Responses","_","_","Inactive","No Read Data Beats","_","_","No Write Data Beats"
177,177,0,0000,1,0,0,65528,1,0,0,0,0000000000000,"INCR",3,00,0,"Data Secure Unprivileged",0,"16 bytes",0,0000000000000,"INCR",0,00,0,"Data Secure Unprivileged",0,"1 byte",0,"EXOKAY",0,00010800000140000050810400010800,00000000000000000000000000000000,0000,2,0,1,0,2,1,0,2,0,1,2,0,1,0,0,0,0,"No Read Addr Cmds","No Write Addr Cmds","No Write Responses","_","_","Inactive","No Read Data Beats","_","_","No Write Data Beats"
178,178,0,0000,1,0,0,1,1,0,0,0,0000000000000,"INCR",3,00,0,"Data Secure Unprivileged",0,"16 bytes",0,0000000000000,"INCR",0,00,0,"Data Secure Unprivileged",0,"1 byte",0,"EXOKAY",0,00010800000140000050810400010800,00000000000000000000000000000000,0000,2,0,1,0,2,1,0,2,0,1,2,0,1,0,0,0,0,"No Read Addr Cmds","No Write Addr Cmds","No Write Responses","_","_","Inactive","No Read Data Beats","_","_","No Write Data Beats"
179,179,0,0000,1,0,0,0,1,0,0,0,0000000000000,"INCR",3,00,0,"Data Secure Unprivileged",0,"16 bytes",0,0000000000000,"INCR",0,00,0,"Data Secure Unprivileged",0,"1 byte",0,"EXOKAY",0,00010800000140000050810400010800,00000000000000000000000000000000,0000,2,0,1,0,2,1,0,2,0,1,2,0,1,0,0,0,0,"No Read Addr Cmds","No Write Addr Cmds","No Write Responses","_","_","Inactive","No Read Data Beats","_","_","No Write Data Beats"
180,180,0,0000,1,0,0,65514,1,0,0,0,0000000000000,"INCR",3,00,0,"Data Secure Unprivileged",0,"16 bytes",0,0000000000000,"INCR",0,00,0,"Data Secure Unprivileged",0,"1 byte",0,"EXOKAY",0,00010800000140000050810400010800,00000000000000000000000000000000,0000,2,0,1,0,2,1,0,2,0,1,2,0,1,0,0,0,0,"No Read Addr Cmds","No Write Addr Cmds","No Write Responses","_","_","Inactive","No Read Data Beats","_","_","No Write Data Beats"
181,181,0,0000,1,0,0,65535,1,0,0,0,0000000000000,"INCR",3,00,0,"Data Secure Unprivileged",0,"16 bytes",0,0000000000000,"INCR",0,00,0,"Data Secure Unprivileged",0,"1 byte",0,"EXOKAY",0,00010800000140000050810400010800,00000000000000000000000000000000,0000,2,0,1,0,2,1,0,2,0,1,2,0,1,0,0,0,0,"No Read Addr Cmds","No Write Addr Cmds","No Write Responses","_","_","Inactive","No Read Data Beats","_","_","No Write Data Beats"
182,182,0,0000,1,0,0,65526,1,0,0,0,0000000000000,"INCR",3,00,0,"Data Secure Unprivileged",0,"16 bytes",0,0000000000000,"INCR",0,00,0,"Data Secure Unprivileged",0,"1 byte",0,"EXOKAY",0,00010800000140000050810400010800,00000000000000000000000000000000,0000,2,0,1,0,2,1,0,2,0,1,2,0,1,0,0,0,0,"No Read Addr Cmds","No Write Addr Cmds","No Write Responses","_","_","Inactive","No Read Data Beats","_","_","No Write Data Beats"
183,183,0,0000,1,0,0,1,1,0,0,0,0000000000000,"INCR",3,00,0,"Data Secure Unprivileged",0,"16 bytes",0,0000000000000,"INCR",0,00,0,"Data Secure Unprivileged",0,"1 byte",0,"EXOKAY",0,00010800000140000050810400010800,00000000000000000000000000000000,0000,2,0,1,0,2,1,0,2,0,1,2,0,1,0,0,0,0,"No Read Addr Cmds","No Write Addr Cmds","No Write Responses","_","_","Inactive","No Read Data Beats","_","_","No Write Data Beats"
184,184,0,0000,1,0,0,65495,1,0,0,0,0000000000000,"INCR",3,00,0,"Data Secure Unprivileged",0,"16 bytes",0,0000000000000,"INCR",0,00,0,"Data Secure Unprivileged",0,"1 byte",0,"EXOKAY",0,00010800000140000050810400010800,00000000000000000000000000000000,0000,2,0,1,0,2,1,0,2,0,1,2,0,1,0,0,0,0,"No Read Addr Cmds","No Write Addr Cmds","No Write Responses","_","_","Inactive","No Read Data Beats","_","_","No Write Data Beats"
185,185,0,0000,1,0,0,11,1,0,0,0,0000000000000,"INCR",3,00,0,"Data Secure Unprivileged",0,"16 bytes",0,0000000000000,"INCR",0,00,0,"Data Secure Unprivileged",0,"1 byte",0,"EXOKAY",0,00010800000140000050810400010800,00000000000000000000000000000000,0000,2,0,1,0,2,1,0,2,0,1,2,0,1,0,0,0,0,"No Read Addr Cmds","No Write Addr Cmds","No Write Responses","_","_","Inactive","No Read Data Beats","_","_","No Write Data Beats"
186,186,0,0000,1,0,0,12,1,0,0,0,0000000000000,"INCR",3,00,0,"Data Secure Unprivileged",0,"16 bytes",0,0000000000000,"INCR",0,00,0,"Data Secure Unprivileged",0,"1 byte",0,"EXOKAY",0,00010800000140000050810400010800,00000000000000000000000000000000,0000,2,0,1,0,2,1,0,2,0,1,2,0,1,0,0,0,0,"No Read Addr Cmds","No Write Addr Cmds","No Write Responses","_","_","Inactive","No Read Data Beats","_","_","No Write Data Beats"
187,187,0,0000,1,0,0,65520,1,0,0,0,0000000000000,"INCR",3,00,0,"Data Secure Unprivileged",0,"16 bytes",0,0000000000000,"INCR",0,00,0,"Data Secure Unprivileged",0,"1 byte",0,"EXOKAY",0,00010800000140000050810400010800,00000000000000000000000000000000,0000,2,0,1,0,2,1,0,2,0,1,2,0,1,0,0,0,0,"No Read Addr Cmds","No Write Addr Cmds","No Write Responses","_","_","Inactive","No Read Data Beats","_","_","No Write Data Beats"
188,188,0,0000,1,0,0,65529,1,0,0,0,0000000000000,"INCR",3,00,0,"Data Secure Unprivileged",0,"16 bytes",0,0000000000000,"INCR",0,00,0,"Data Secure Unprivileged",0,"1 byte",0,"EXOKAY",0,00010800000140000050810400010800,00000000000000000000000000000000,0000,2,0,1,0,2,1,0,2,0,1,2,0,1,0,0,0,0,"No Read Addr Cmds","No Write Addr Cmds","No Write Responses","_","_","Inactive","No Read Data Beats","_","_","No Write Data Beats"
189,189,0,0000,1,0,0,21,1,0,0,0,0000000000000,"INCR",3,00,0,"Data Secure Unprivileged",0,"16 bytes",0,0000000000000,"INCR",0,00,0,"Data Secure Unprivileged",0,"1 byte",0,"EXOKAY",0,00010800000140000050810400010800,00000000000000000000000000000000,0000,2,0,1,0,2,1,0,2,0,1,2,0,1,0,0,0,0,"No Read Addr Cmds","No Write Addr Cmds","No Write Responses","_","_","Inactive","No Read Data Beats","_","_","No Write Data Beats"
190,190,0,0000,1,0,0,28,1,0,0,0,0000000000000,"INCR",3,00,0,"Data Secure Unprivileged",0,"16 bytes",0,0000000000000,"INCR",0,00,0,"Data Secure Unprivileged",0,"1 byte",0,"EXOKAY",0,00010800000140000050810400010800,00000000000000000000000000000000,0000,2,0,1,0,2,1,0,2,0,1,2,0,1,0,0,0,0,"No Read Addr Cmds","No Write Addr Cmds","No Write Responses","_","_","Inactive","No Read Data Beats","_","_","No Write Data Beats"
191,191,0,0000,1,0,0,27,1,0,0,0,0000000000000,"INCR",3,00,0,"Data Secure Unprivileged",0,"16 bytes",0,0000000000000,"INCR",0,00,0,"Data Secure Unprivileged",0,"1 byte",0,"EXOKAY",0,00010800000140000050810400010800,00000000000000000000000000000000,0000,2,0,1,0,2,1,0,2,0,1,2,0,1,0,0,0,0,"No Read Addr Cmds","No Write Addr Cmds","No Write Responses","_","_","Inactive","No Read Data Beats","_","_","No Write Data Beats"
192,192,0,0000,1,0,0,14,1,0,0,0,0000000000000,"INCR",3,00,0,"Data Secure Unprivileged",0,"16 bytes",0,0000000000000,"INCR",0,00,0,"Data Secure Unprivileged",0,"1 byte",0,"EXOKAY",0,00010800000140000050810400010800,00000000000000000000000000000000,0000,2,0,1,0,2,1,0,2,0,1,2,0,1,0,0,0,0,"No Read Addr Cmds","No Write Addr Cmds","No Write Responses","_","_","Inactive","No Read Data Beats","_","_","No Write Data Beats"
193,193,0,0000,1,0,0,29,1,0,0,0,0000000000000,"INCR",3,00,0,"Data Secure Unprivileged",0,"16 bytes",0,0000000000000,"INCR",0,00,0,"Data Secure Unprivileged",0,"1 byte",0,"EXOKAY",0,00010800000140000050810400010800,00000000000000000000000000000000,0000,2,0,1,0,2,1,0,2,0,1,2,0,1,0,0,0,0,"No Read Addr Cmds","No Write Addr Cmds","No Write Responses","_","_","Inactive","No Read Data Beats","_","_","No Write Data Beats"
194,194,0,0000,1,0,0,65507,1,0,0,0,0000000000000,"INCR",3,00,0,"Data Secure Unprivileged",0,"16 bytes",0,0000000000000,"INCR",0,00,0,"Data Secure Unprivileged",0,"1 byte",0,"EXOKAY",0,00010800000140000050810400010800,00000000000000000000000000000000,0000,2,0,1,0,2,1,0,2,0,1,2,0,1,0,0,0,0,"No Read Addr Cmds","No Write Addr Cmds","No Write Responses","_","_","Inactive","No Read Data Beats","_","_","No Write Data Beats"
195,195,0,0000,1,0,0,65505,1,0,0,0,0000000000000,"INCR",3,00,0,"Data Secure Unprivileged",0,"16 bytes",0,0000000000000,"INCR",0,00,0,"Data Secure Unprivileged",0,"1 byte",0,"EXOKAY",0,00010800000140000050810400010800,00000000000000000000000000000000,0000,2,0,1,0,2,1,0,2,0,1,2,0,1,0,0,0,0,"No Read Addr Cmds","No Write Addr Cmds","No Write Responses","_","_","Inactive","No Read Data Beats","_","_","No Write Data Beats"
196,196,0,0000,1,0,0,3,1,0,0,0,0000000000000,"INCR",3,00,0,"Data Secure Unprivileged",0,"16 bytes",0,0000000000000,"INCR",0,00,0,"Data Secure Unprivileged",0,"1 byte",0,"EXOKAY",0,00010800000140000050810400010800,00000000000000000000000000000000,0000,2,0,1,0,2,1,0,2,0,1,2,0,1,0,0,0,0,"No Read Addr Cmds","No Write Addr Cmds","No Write Responses","_","_","Inactive","No Read Data Beats","_","_","No Write Data Beats"
197,197,0,0000,1,0,0,65529,1,0,0,0,0000000000000,"INCR",3,00,0,"Data Secure Unprivileged",0,"16 bytes",0,0000000000000,"INCR",0,00,0,"Data Secure Unprivileged",0,"1 byte",0,"EXOKAY",0,00010800000140000050810400010800,00000000000000000000000000000000,0000,2,0,1,0,2,1,0,2,0,1,2,0,1,0,0,0,0,"No Read Addr Cmds","No Write Addr Cmds","No Write Responses","_","_","Inactive","No Read Data Beats","_","_","No Write Data Beats"
198,198,0,0000,1,0,0,17,1,0,0,0,0000000000000,"INCR",3,00,0,"Data Secure Unprivileged",0,"16 bytes",0,0000000000000,"INCR",0,00,0,"Data Secure Unprivileged",0,"1 byte",0,"EXOKAY",0,00010800000140000050810400010800,00000000000000000000000000000000,0000,2,0,1,0,2,1,0,2,0,1,2,0,1,0,0,0,0,"No Read Addr Cmds","No Write Addr Cmds","No Write Responses","_","_","Inactive","No Read Data Beats","_","_","No Write Data Beats"
199,199,0,0000,1,0,0,65485,1,0,0,0,0000000000000,"INCR",3,00,0,"Data Secure Unprivileged",0,"16 bytes",0,0000000000000,"INCR",0,00,0,"Data Secure Unprivileged",0,"1 byte",0,"EXOKAY",0,00010800000140000050810400010800,00000000000000000000000000000000,0000,2,0,1,0,2,1,0,2,0,1,2,0,1,0,0,0,0,"No Read Addr Cmds","No Write Addr Cmds","No Write Responses","_","_","Inactive","No Read Data Beats","_","_","No Write Data Beats"
200,200,0,0000,1,0,0,65483,1,0,0,0,0000000000000,"INCR",3,00,0,"Data Secure Unprivileged",0,"16 bytes",0,0000000000000,"INCR",0,00,0,"Data Secure Unprivileged",0,"1 byte",0,"EXOKAY",0,00010800000140000050810400010800,00000000000000000000000000000000,0000,2,0,1,0,2,1,0,2,0,1,2,0,1,0,0,0,0,"No Read Addr Cmds","No Write Addr Cmds","No Write Responses","_","_","Inactive","No Read Data Beats","_","_","No Write Data Beats"
201,201,0,0000,1,0,0,65483,1,0,0,0,0000000000000,"INCR",3,00,0,"Data Secure Unprivileged",0,"16 bytes",0,0000000000000,"INCR",0,00,0,"Data Secure Unprivileged",0,"1 byte",0,"EXOKAY",0,00010800000140000050810400010800,00000000000000000000000000000000,0000,2,0,1,0,2,1,0,2,0,1,2,0,1,0,0,0,0,"No Read Addr Cmds","No Write Addr Cmds","No Write Responses","_","_","Inactive","No Read Data Beats","_","_","No Write Data Beats"
202,202,0,0000,1,0,0,25,1,0,0,0,0000000000000,"INCR",3,00,0,"Data Secure Unprivileged",0,"16 bytes",0,0000000000000,"INCR",0,00,0,"Data Secure Unprivileged",0,"1 byte",0,"EXOKAY",0,00010800000140000050810400010800,00000000000000000000000000000000,0000,2,0,1,0,2,1,0,2,0,1,2,0,1,0,0,0,0,"No Read Addr Cmds","No Write Addr Cmds","No Write Responses","_","_","Inactive","No Read Data Beats","_","_","No Write Data Beats"
203,203,0,0000,1,0,0,24,1,0,0,0,0000000000000,"INCR",3,00,0,"Data Secure Unprivileged",0,"16 bytes",0,0000000000000,"INCR",0,00,0,"Data Secure Unprivileged",0,"1 byte",0,"EXOKAY",0,00010800000140000050810400010800,00000000000000000000000000000000,0000,2,0,1,0,2,1,0,2,0,1,2,0,1,0,0,0,0,"No Read Addr Cmds","No Write Addr Cmds","No Write Responses","_","_","Inactive","No Read Data Beats","_","_","No Write Data Beats"
204,204,0,0000,1,0,0,65469,1,0,0,0,0000000000000,"INCR",3,00,0,"Data Secure Unprivileged",0,"16 bytes",0,0000000000000,"INCR",0,00,0,"Data Secure Unprivileged",0,"1 byte",0,"EXOKAY",0,00010800000140000050810400010800,00000000000000000000000000000000,0000,2,0,1,0,2,1,0,2,0,1,2,0,1,0,0,0,0,"No Read Addr Cmds","No Write Addr Cmds","No Write Responses","_","_","Inactive","No Read Data Beats","_","_","No Write Data Beats"
205,205,0,0000,1,0,0,13,1,0,0,0,0000000000000,"INCR",3,00,0,"Data Secure Unprivileged",0,"16 bytes",0,0000000000000,"INCR",0,00,0,"Data Secure Unprivileged",0,"1 byte",0,"EXOKAY",0,00010800000140000050810400010800,00000000000000000000000000000000,0000,2,0,1,0,2,1,0,2,0,1,2,0,1,0,0,0,0,"No Read Addr Cmds","No Write Addr Cmds","No Write Responses","_","_","Inactive","No Read Data Beats","_","_","No Write Data Beats"
206,206,0,0000,1,0,0,65532,1,0,0,0,0000000000000,"INCR",3,00,0,"Data Secure Unprivileged",0,"16 bytes",0,0000000000000,"INCR",0,00,0,"Data Secure Unprivileged",0,"1 byte",0,"EXOKAY",0,00010800000140000050810400010800,00000000000000000000000000000000,0000,2,0,1,0,2,1,0,2,0,1,2,0,1,0,0,0,0,"No Read Addr Cmds","No Write Addr Cmds","No Write Responses","_","_","Inactive","No Read Data Beats","_","_","No Write Data Beats"
207,207,0,0000,1,0,0,65488,1,0,0,0,0000000000000,"INCR",3,00,0,"Data Secure Unprivileged",0,"16 bytes",0,0000000000000,"INCR",0,00,0,"Data Secure Unprivileged",0,"1 byte",0,"EXOKAY",0,00010800000140000050810400010800,00000000000000000000000000000000,0000,2,0,1,0,2,1,0,2,0,1,2,0,1,0,0,0,0,"No Read Addr Cmds","No Write Addr Cmds","No Write Responses","_","_","Inactive","No Read Data Beats","_","_","No Write Data Beats"
208,208,0,0000,1,0,0,65519,1,0,0,0,0000000000000,"INCR",3,00,0,"Data Secure Unprivileged",0,"16 bytes",0,0000000000000,"INCR",0,00,0,"Data Secure Unprivileged",0,"1 byte",0,"EXOKAY",0,00010800000140000050810400010800,00000000000000000000000000000000,0000,2,0,1,0,2,1,0,2,0,1,2,0,1,0,0,0,0,"No Read Addr Cmds","No Write Addr Cmds","No Write Responses","_","_","Inactive","No Read Data Beats","_","_","No Write Data Beats"
209,209,0,0000,1,0,0,65531,1,0,0,0,0000000000000,"INCR",3,00,0,"Data Secure Unprivileged",0,"16 bytes",0,0000000000000,"INCR",0,00,0,"Data Secure Unprivileged",0,"1 byte",0,"EXOKAY",0,00010800000140000050810400010800,00000000000000000000000000000000,0000,2,0,1,0,2,1,0,2,0,1,2,0,1,0,0,0,0,"No Read Addr Cmds","No Write Addr Cmds","No Write Responses","_","_","Inactive","No Read Data Beats","_","_","No Write Data Beats"
210,210,0,0000,1,0,0,65509,1,0,0,0,0000000000000,"INCR",3,00,0,"Data Secure Unprivileged",0,"16 bytes",0,0000000000000,"INCR",0,00,0,"Data Secure Unprivileged",0,"1 byte",0,"EXOKAY",0,00010800000140000050810400010800,00000000000000000000000000000000,0000,2,0,1,0,2,1,0,2,0,1,2,0,1,0,0,0,0,"No Read Addr Cmds","No Write Addr Cmds","No Write Responses","_","_","Inactive","No Read Data Beats","_","_","No Write Data Beats"
211,211,0,0000,1,0,0,65505,1,0,0,0,0000000000000,"INCR",3,00,0,"Data Secure Unprivileged",0,"16 bytes",0,0000000000000,"INCR",0,00,0,"Data Secure Unprivileged",0,"1 byte",0,"EXOKAY",0,00010800000140000050810400010800,00000000000000000000000000000000,0000,2,0,1,0,2,1,0,2,0,1,2,0,1,0,0,0,0,"No Read Addr Cmds","No Write Addr Cmds","No Write Responses","_","_","Inactive","No Read Data Beats","_","_","No Write Data Beats"
212,212,0,0000,1,0,0,65518,1,0,0,0,0000000000000,"INCR",3,00,0,"Data Secure Unprivileged",0,"16 bytes",0,0000000000000,"INCR",0,00,0,"Data Secure Unprivileged",0,"1 byte",0,"EXOKAY",0,00010800000140000050810400010800,00000000000000000000000000000000,0000,2,0,1,0,2,1,0,2,0,1,2,0,1,0,0,0,0,"No Read Addr Cmds","No Write Addr Cmds","No Write Responses","_","_","Inactive","No Read Data Beats","_","_","No Write Data Beats"
213,213,0,0000,1,0,0,65509,1,0,0,0,0000000000000,"INCR",3,00,0,"Data Secure Unprivileged",0,"16 bytes",0,0000000000000,"INCR",0,00,0,"Data Secure Unprivileged",0,"1 byte",0,"EXOKAY",0,00010800000140000050810400010800,00000000000000000000000000000000,0000,2,0,1,0,2,1,0,2,0,1,2,0,1,0,0,0,0,"No Read Addr Cmds","No Write Addr Cmds","No Write Responses","_","_","Inactive","No Read Data Beats","_","_","No Write Data Beats"
214,214,0,0000,1,0,0,65530,1,0,0,0,0000000000000,"INCR",3,00,0,"Data Secure Unprivileged",0,"16 bytes",0,0000000000000,"INCR",0,00,0,"Data Secure Unprivileged",0,"1 byte",0,"EXOKAY",0,00010800000140000050810400010800,00000000000000000000000000000000,0000,2,0,1,0,2,1,0,2,0,1,2,0,1,0,0,0,0,"No Read Addr Cmds","No Write Addr Cmds","No Write Responses","_","_","Inactive","No Read Data Beats","_","_","No Write Data Beats"
215,215,0,0000,1,0,0,65534,1,0,0,0,0000000000000,"INCR",3,00,0,"Data Secure Unprivileged",0,"16 bytes",0,0000000000000,"INCR",0,00,0,"Data Secure Unprivileged",0,"1 byte",0,"EXOKAY",0,00010800000140000050810400010800,00000000000000000000000000000000,0000,2,0,1,0,2,1,0,2,0,1,2,0,1,0,0,0,0,"No Read Addr Cmds","No Write Addr Cmds","No Write Responses","_","_","Inactive","No Read Data Beats","_","_","No Write Data Beats"
216,216,0,0000,1,0,0,28,1,0,0,0,0000000000000,"INCR",3,00,0,"Data Secure Unprivileged",0,"16 bytes",0,0000000000000,"INCR",0,00,0,"Data Secure Unprivileged",0,"1 byte",0,"EXOKAY",0,00010800000140000050810400010800,00000000000000000000000000000000,0000,2,0,1,0,2,1,0,2,0,1,2,0,1,0,0,0,0,"No Read Addr Cmds","No Write Addr Cmds","No Write Responses","_","_","Inactive","No Read Data Beats","_","_","No Write Data Beats"
217,217,0,0000,1,0,0,33,1,0,0,0,0000000000000,"INCR",3,00,0,"Data Secure Unprivileged",0,"16 bytes",0,0000000000000,"INCR",0,00,0,"Data Secure Unprivileged",0,"1 byte",0,"EXOKAY",0,00010800000140000050810400010800,00000000000000000000000000000000,0000,2,0,1,0,2,1,0,2,0,1,2,0,1,0,0,0,0,"No Read Addr Cmds","No Write Addr Cmds","No Write Responses","_","_","Inactive","No Read Data Beats","_","_","No Write Data Beats"
218,218,0,0000,1,0,0,65532,1,0,0,0,0000000000000,"INCR",3,00,0,"Data Secure Unprivileged",0,"16 bytes",0,0000000000000,"INCR",0,00,0,"Data Secure Unprivileged",0,"1 byte",0,"EXOKAY",0,00010800000140000050810400010800,00000000000000000000000000000000,0000,2,0,1,0,2,1,0,2,0,1,2,0,1,0,0,0,0,"No Read Addr Cmds","No Write Addr Cmds","No Write Responses","_","_","Inactive","No Read Data Beats","_","_","No Write Data Beats"
219,219,0,0000,1,0,0,30,1,0,0,0,0000000000000,"INCR",3,00,0,"Data Secure Unprivileged",0,"16 bytes",0,0000000000000,"INCR",0,00,0,"Data Secure Unprivileged",0,"1 byte",0,"EXOKAY",0,00010800000140000050810400010800,00000000000000000000000000000000,0000,2,0,1,0,2,1,0,2,0,1,2,0,1,0,0,0,0,"No Read Addr Cmds","No Write Addr Cmds","No Write Responses","_","_","Inactive","No Read Data Beats","_","_","No Write Data Beats"
220,220,0,0000,1,0,0,65494,1,0,0,0,0000000000000,"INCR",3,00,0,"Data Secure Unprivileged",0,"16 bytes",0,0000000000000,"INCR",0,00,0,"Data Secure Unprivileged",0,"1 byte",0,"EXOKAY",0,00010800000140000050810400010800,00000000000000000000000000000000,0000,2,0,1,0,2,1,0,2,0,1,2,0,1,0,0,0,0,"No Read Addr Cmds","No Write Addr Cmds","No Write Responses","_","_","Inactive","No Read Data Beats","_","_","No Write Data Beats"
221,221,0,0000,1,0,0,65522,1,0,0,0,0000000000000,"INCR",3,00,0,"Data Secure Unprivileged",0,"16 bytes",0,0000000000000,"INCR",0,00,0,"Data Secure Unprivileged",0,"1 byte",0,"EXOKAY",0,00010800000140000050810400010800,00000000000000000000000000000000,0000,2,0,1,0,2,1,0,2,0,1,2,0,1,0,0,0,0,"No Read Addr Cmds","No Write Addr Cmds","No Write Responses","_","_","Inactive","No Read Data Beats","_","_","No Write Data Beats"
222,222,0,0000,1,0,0,65523,1,0,0,0,0000000000000,"INCR",3,00,0,"Data Secure Unprivileged",0,"16 bytes",0,0000000000000,"INCR",0,00,0,"Data Secure Unprivileged",0,"1 byte",0,"EXOKAY",0,00010800000140000050810400010800,00000000000000000000000000000000,0000,2,0,1,0,2,1,0,2,0,1,2,0,1,0,0,0,0,"No Read Addr Cmds","No Write Addr Cmds","No Write Responses","_","_","Inactive","No Read Data Beats","_","_","No Write Data Beats"
223,223,0,0000,1,0,0,11,1,0,0,0,0000000000000,"INCR",3,00,0,"Data Secure Unprivileged",0,"16 bytes",0,0000000000000,"INCR",0,00,0,"Data Secure Unprivileged",0,"1 byte",0,"EXOKAY",0,00010800000140000050810400010800,00000000000000000000000000000000,0000,2,0,1,0,2,1,0,2,0,1,2,0,1,0,0,0,0,"No Read Addr Cmds","No Write Addr Cmds","No Write Responses","_","_","Inactive","No Read Data Beats","_","_","No Write Data Beats"
224,224,0,0000,1,0,0,65513,1,0,0,0,0000000000000,"INCR",3,00,0,"Data Secure Unprivileged",0,"16 bytes",0,0000000000000,"INCR",0,00,0,"Data Secure Unprivileged",0,"1 byte",0,"EXOKAY",0,00010800000140000050810400010800,00000000000000000000000000000000,0000,2,0,1,0,2,1,0,2,0,1,2,0,1,0,0,0,0,"No Read Addr Cmds","No Write Addr Cmds","No Write Responses","_","_","Inactive","No Read Data Beats","_","_","No Write Data Beats"
225,225,0,0000,1,0,0,6,1,0,0,0,0000000000000,"INCR",3,00,0,"Data Secure Unprivileged",0,"16 bytes",0,0000000000000,"INCR",0,00,0,"Data Secure Unprivileged",0,"1 byte",0,"EXOKAY",0,00010800000140000050810400010800,00000000000000000000000000000000,0000,2,0,1,0,2,1,0,2,0,1,2,0,1,0,0,0,0,"No Read Addr Cmds","No Write Addr Cmds","No Write Responses","_","_","Inactive","No Read Data Beats","_","_","No Write Data Beats"
226,226,0,0000,1,0,0,65522,1,0,0,0,0000000000000,"INCR",3,00,0,"Data Secure Unprivileged",0,"16 bytes",0,0000000000000,"INCR",0,00,0,"Data Secure Unprivileged",0,"1 byte",0,"EXOKAY",0,00010800000140000050810400010800,00000000000000000000000000000000,0000,2,0,1,0,2,1,0,2,0,1,2,0,1,0,0,0,0,"No Read Addr Cmds","No Write Addr Cmds","No Write Responses","_","_","Inactive","No Read Data Beats","_","_","No Write Data Beats"
227,227,0,0000,1,0,0,27,1,0,0,0,0000000000000,"INCR",3,00,0,"Data Secure Unprivileged",0,"16 bytes",0,0000000000000,"INCR",0,00,0,"Data Secure Unprivileged",0,"1 byte",0,"EXOKAY",0,00010800000140000050810400010800,00000000000000000000000000000000,0000,2,0,1,0,2,1,0,2,0,1,2,0,1,0,0,0,0,"No Read Addr Cmds","No Write Addr Cmds","No Write Responses","_","_","Inactive","No Read Data Beats","_","_","No Write Data Beats"
228,228,0,0000,1,0,0,65515,1,0,0,0,0000000000000,"INCR",3,00,0,"Data Secure Unprivileged",0,"16 bytes",0,0000000000000,"INCR",0,00,0,"Data Secure Unprivileged",0,"1 byte",0,"EXOKAY",0,00010800000140000050810400010800,00000000000000000000000000000000,0000,2,0,1,0,2,1,0,2,0,1,2,0,1,0,0,0,0,"No Read Addr Cmds","No Write Addr Cmds","No Write Responses","_","_","Inactive","No Read Data Beats","_","_","No Write Data Beats"
229,229,0,0000,1,0,0,65465,1,0,0,0,0000000000000,"INCR",3,00,0,"Data Secure Unprivileged",0,"16 bytes",0,0000000000000,"INCR",0,00,0,"Data Secure Unprivileged",0,"1 byte",0,"EXOKAY",0,00010800000140000050810400010800,00000000000000000000000000000000,0000,2,0,1,0,2,1,0,2,0,1,2,0,1,0,0,0,0,"No Read Addr Cmds","No Write Addr Cmds","No Write Responses","_","_","Inactive","No Read Data Beats","_","_","No Write Data Beats"
230,230,0,0000,1,0,0,65505,1,0,0,0,0000000000000,"INCR",3,00,0,"Data Secure Unprivileged",0,"16 bytes",0,0000000000000,"INCR",0,00,0,"Data Secure Unprivileged",0,"1 byte",0,"EXOKAY",0,00010800000140000050810400010800,00000000000000000000000000000000,0000,2,0,1,0,2,1,0,2,0,1,2,0,1,0,0,0,0,"No Read Addr Cmds","No Write Addr Cmds","No Write Responses","_","_","Inactive","No Read Data Beats","_","_","No Write Data Beats"
231,231,0,0000,1,0,0,34,1,0,0,0,0000000000000,"INCR",3,00,0,"Data Secure Unprivileged",0,"16 bytes",0,0000000000000,"INCR",0,00,0,"Data Secure Unprivileged",0,"1 byte",0,"EXOKAY",0,00010800000140000050810400010800,00000000000000000000000000000000,0000,2,0,1,0,2,1,0,2,0,1,2,0,1,0,0,0,0,"No Read Addr Cmds","No Write Addr Cmds","No Write Responses","_","_","Inactive","No Read Data Beats","_","_","No Write Data Beats"
232,232,0,0000,1,0,0,65532,1,0,0,0,0000000000000,"INCR",3,00,0,"Data Secure Unprivileged",0,"16 bytes",0,0000000000000,"INCR",0,00,0,"Data Secure Unprivileged",0,"1 byte",0,"EXOKAY",0,00010800000140000050810400010800,00000000000000000000000000000000,0000,2,0,1,0,2,1,0,2,0,1,2,0,1,0,0,0,0,"No Read Addr Cmds","No Write Addr Cmds","No Write Responses","_","_","Inactive","No Read Data Beats","_","_","No Write Data Beats"
233,233,0,0000,1,0,0,65528,1,0,0,0,0000000000000,"INCR",3,00,0,"Data Secure Unprivileged",0,"16 bytes",0,0000000000000,"INCR",0,00,0,"Data Secure Unprivileged",0,"1 byte",0,"EXOKAY",0,00010800000140000050810400010800,00000000000000000000000000000000,0000,2,0,1,0,2,1,0,2,0,1,2,0,1,0,0,0,0,"No Read Addr Cmds","No Write Addr Cmds","No Write Responses","_","_","Inactive","No Read Data Beats","_","_","No Write Data Beats"
234,234,0,0000,1,0,0,22,1,0,0,0,0000000000000,"INCR",3,00,0,"Data Secure Unprivileged",0,"16 bytes",0,0000000000000,"INCR",0,00,0,"Data Secure Unprivileged",0,"1 byte",0,"EXOKAY",0,00010800000140000050810400010800,00000000000000000000000000000000,0000,2,0,1,0,2,1,0,2,0,1,2,0,1,0,0,0,0,"No Read Addr Cmds","No Write Addr Cmds","No Write Responses","_","_","Inactive","No Read Data Beats","_","_","No Write Data Beats"
235,235,0,0000,1,0,0,27,1,0,0,0,0000000000000,"INCR",3,00,0,"Data Secure Unprivileged",0,"16 bytes",0,0000000000000,"INCR",0,00,0,"Data Secure Unprivileged",0,"1 byte",0,"EXOKAY",0,00010800000140000050810400010800,00000000000000000000000000000000,0000,2,0,1,0,2,1,0,2,0,1,2,0,1,0,0,0,0,"No Read Addr Cmds","No Write Addr Cmds","No Write Responses","_","_","Inactive","No Read Data Beats","_","_","No Write Data Beats"
236,236,0,0000,1,0,0,50,1,0,0,0,0000000000000,"INCR",3,00,0,"Data Secure Unprivileged",0,"16 bytes",0,0000000000000,"INCR",0,00,0,"Data Secure Unprivileged",0,"1 byte",0,"EXOKAY",0,00010800000140000050810400010800,00000000000000000000000000000000,0000,2,0,1,0,2,1,0,2,0,1,2,0,1,0,0,0,0,"No Read Addr Cmds","No Write Addr Cmds","No Write Responses","_","_","Inactive","No Read Data Beats","_","_","No Write Data Beats"
237,237,0,0000,1,0,0,24,1,0,0,0,0000000000000,"INCR",3,00,0,"Data Secure Unprivileged",0,"16 bytes",0,0000000000000,"INCR",0,00,0,"Data Secure Unprivileged",0,"1 byte",0,"EXOKAY",0,00010800000140000050810400010800,00000000000000000000000000000000,0000,2,0,1,0,2,1,0,2,0,1,2,0,1,0,0,0,0,"No Read Addr Cmds","No Write Addr Cmds","No Write Responses","_","_","Inactive","No Read Data Beats","_","_","No Write Data Beats"
238,238,0,0000,1,0,0,17,1,0,0,0,0000000000000,"INCR",3,00,0,"Data Secure Unprivileged",0,"16 bytes",0,0000000000000,"INCR",0,00,0,"Data Secure Unprivileged",0,"1 byte",0,"EXOKAY",0,00010800000140000050810400010800,00000000000000000000000000000000,0000,2,0,1,0,2,1,0,2,0,1,2,0,1,0,0,0,0,"No Read Addr Cmds","No Write Addr Cmds","No Write Responses","_","_","Inactive","No Read Data Beats","_","_","No Write Data Beats"
239,239,0,0000,1,0,0,65497,1,0,0,0,0000000000000,"INCR",3,00,0,"Data Secure Unprivileged",0,"16 bytes",0,0000000000000,"INCR",0,00,0,"Data Secure Unprivileged",0,"1 byte",0,"EXOKAY",0,00010800000140000050810400010800,00000000000000000000000000000000,0000,2,0,1,0,2,1,0,2,0,1,2,0,1,0,0,0,0,"No Read Addr Cmds","No Write Addr Cmds","No Write Responses","_","_","Inactive","No Read Data Beats","_","_","No Write Data Beats"
240,240,0,0000,1,0,0,65521,1,0,0,0,0000000000000,"INCR",3,00,0,"Data Secure Unprivileged",0,"16 bytes",0,0000000000000,"INCR",0,00,0,"Data Secure Unprivileged",0,"1 byte",0,"EXOKAY",0,00010800000140000050810400010800,00000000000000000000000000000000,0000,2,0,1,0,2,1,0,2,0,1,2,0,1,0,0,0,0,"No Read Addr Cmds","No Write Addr Cmds","No Write Responses","_","_","Inactive","No Read Data Beats","_","_","No Write Data Beats"
241,241,0,0000,1,0,0,65527,1,0,0,0,0000000000000,"INCR",3,00,0,"Data Secure Unprivileged",0,"16 bytes",0,0000000000000,"INCR",0,00,0,"Data Secure Unprivileged",0,"1 byte",0,"EXOKAY",0,00010800000140000050810400010800,00000000000000000000000000000000,0000,2,0,1,0,2,1,0,2,0,1,2,0,1,0,0,0,0,"No Read Addr Cmds","No Write Addr Cmds","No Write Responses","_","_","Inactive","No Read Data Beats","_","_","No Write Data Beats"
242,242,0,0000,1,0,0,20,1,0,0,0,0000000000000,"INCR",3,00,0,"Data Secure Unprivileged",0,"16 bytes",0,0000000000000,"INCR",0,00,0,"Data Secure Unprivileged",0,"1 byte",0,"EXOKAY",0,00010800000140000050810400010800,00000000000000000000000000000000,0000,2,0,1,0,2,1,0,2,0,1,2,0,1,0,0,0,0,"No Read Addr Cmds","No Write Addr Cmds","No Write Responses","_","_","Inactive","No Read Data Beats","_","_","No Write Data Beats"
243,243,0,0000,1,0,0,65533,1,0,0,0,0000000000000,"INCR",3,00,0,"Data Secure Unprivileged",0,"16 bytes",0,0000000000000,"INCR",0,00,0,"Data Secure Unprivileged",0,"1 byte",0,"EXOKAY",0,00010800000140000050810400010800,00000000000000000000000000000000,0000,2,0,1,0,2,1,0,2,0,1,2,0,1,0,0,0,0,"No Read Addr Cmds","No Write Addr Cmds","No Write Responses","_","_","Inactive","No Read Data Beats","_","_","No Write Data Beats"
244,244,0,0000,1,0,0,57,1,0,0,0,0000000000000,"INCR",3,00,0,"Data Secure Unprivileged",0,"16 bytes",0,0000000000000,"INCR",0,00,0,"Data Secure Unprivileged",0,"1 byte",0,"EXOKAY",0,00010800000140000050810400010800,00000000000000000000000000000000,0000,2,0,1,0,2,1,0,2,0,1,2,0,1,0,0,0,0,"No Read Addr Cmds","No Write Addr Cmds","No Write Responses","_","_","Inactive","No Read Data Beats","_","_","No Write Data Beats"
245,245,0,0000,1,0,0,43,1,0,0,0,0000000000000,"INCR",3,00,0,"Data Secure Unprivileged",0,"16 bytes",0,0000000000000,"INCR",0,00,0,"Data Secure Unprivileged",0,"1 byte",0,"EXOKAY",0,00010800000140000050810400010800,00000000000000000000000000000000,0000,2,0,1,0,2,1,0,2,0,1,2,0,1,0,0,0,0,"No Read Addr Cmds","No Write Addr Cmds","No Write Responses","_","_","Inactive","No Read Data Beats","_","_","No Write Data Beats"
246,246,0,0000,1,0,0,18,1,0,0,0,0000000000000,"INCR",3,00,0,"Data Secure Unprivileged",0,"16 bytes",0,0000000000000,"INCR",0,00,0,"Data Secure Unprivileged",0,"1 byte",0,"EXOKAY",0,00010800000140000050810400010800,00000000000000000000000000000000,0000,2,0,1,0,2,1,0,2,0,1,2,0,1,0,0,0,0,"No Read Addr Cmds","No Write Addr Cmds","No Write Responses","_","_","Inactive","No Read Data Beats","_","_","No Write Data Beats"
247,247,0,0000,1,0,0,65509,1,0,0,0,0000000000000,"INCR",3,00,0,"Data Secure Unprivileged",0,"16 bytes",0,0000000000000,"INCR",0,00,0,"Data Secure Unprivileged",0,"1 byte",0,"EXOKAY",0,00010800000140000050810400010800,00000000000000000000000000000000,0000,2,0,1,0,2,1,0,2,0,1,2,0,1,0,0,0,0,"No Read Addr Cmds","No Write Addr Cmds","No Write Responses","_","_","Inactive","No Read Data Beats","_","_","No Write Data Beats"
248,248,0,0000,1,0,0,65497,1,0,0,0,0000000000000,"INCR",3,00,0,"Data Secure Unprivileged",0,"16 bytes",0,0000000000000,"INCR",0,00,0,"Data Secure Unprivileged",0,"1 byte",0,"EXOKAY",0,00010800000140000050810400010800,00000000000000000000000000000000,0000,2,0,1,0,2,1,0,2,0,1,2,0,1,0,0,0,0,"No Read Addr Cmds","No Write Addr Cmds","No Write Responses","_","_","Inactive","No Read Data Beats","_","_","No Write Data Beats"
249,249,0,0000,1,0,0,9,1,0,0,0,0000000000000,"INCR",3,00,0,"Data Secure Unprivileged",0,"16 bytes",0,0000000000000,"INCR",0,00,0,"Data Secure Unprivileged",0,"1 byte",0,"EXOKAY",0,00010800000140000050810400010800,00000000000000000000000000000000,0000,2,0,1,0,2,1,0,2,0,1,2,0,1,0,0,0,0,"No Read Addr Cmds","No Write Addr Cmds","No Write Responses","_","_","Inactive","No Read Data Beats","_","_","No Write Data Beats"
250,250,0,0000,1,0,0,17,1,0,0,0,0000000000000,"INCR",3,00,0,"Data Secure Unprivileged",0,"16 bytes",0,0000000000000,"INCR",0,00,0,"Data Secure Unprivileged",0,"1 byte",0,"EXOKAY",0,00010800000140000050810400010800,00000000000000000000000000000000,0000,2,0,1,0,2,1,0,2,0,1,2,0,1,0,0,0,0,"No Read Addr Cmds","No Write Addr Cmds","No Write Responses","_","_","Inactive","No Read Data Beats","_","_","No Write Data Beats"
251,251,0,0000,1,0,0,65491,1,0,0,0,0000000000000,"INCR",3,00,0,"Data Secure Unprivileged",0,"16 bytes",0,0000000000000,"INCR",0,00,0,"Data Secure Unprivileged",0,"1 byte",0,"EXOKAY",0,00010800000140000050810400010800,00000000000000000000000000000000,0000,2,0,1,0,2,1,0,2,0,1,2,0,1,0,0,0,0,"No Read Addr Cmds","No Write Addr Cmds","No Write Responses","_","_","Inactive","No Read Data Beats","_","_","No Write Data Beats"
252,252,0,0000,1,0,0,39,1,0,0,0,0000000000000,"INCR",3,00,0,"Data Secure Unprivileged",0,"16 bytes",0,0000000000000,"INCR",0,00,0,"Data Secure Unprivileged",0,"1 byte",0,"EXOKAY",0,00010800000140000050810400010800,00000000000000000000000000000000,0000,2,0,1,0,2,1,0,2,0,1,2,0,1,0,0,0,0,"No Read Addr Cmds","No Write Addr Cmds","No Write Responses","_","_","Inactive","No Read Data Beats","_","_","No Write Data Beats"
253,253,0,0000,1,0,0,28,1,0,0,0,0000000000000,"INCR",3,00,0,"Data Secure Unprivileged",0,"16 bytes",0,0000000000000,"INCR",0,00,0,"Data Secure Unprivileged",0,"1 byte",0,"EXOKAY",0,00010800000140000050810400010800,00000000000000000000000000000000,0000,2,0,1,0,2,1,0,2,0,1,2,0,1,0,0,0,0,"No Read Addr Cmds","No Write Addr Cmds","No Write Responses","_","_","Inactive","No Read Data Beats","_","_","No Write Data Beats"
254,254,0,0000,1,0,0,3,1,0,0,0,0000000000000,"INCR",3,00,0,"Data Secure Unprivileged",0,"16 bytes",0,0000000000000,"INCR",0,00,0,"Data Secure Unprivileged",0,"1 byte",0,"EXOKAY",0,00010800000140000050810400010800,00000000000000000000000000000000,0000,2,0,1,0,2,1,0,2,0,1,2,0,1,0,0,0,0,"No Read Addr Cmds","No Write Addr Cmds","No Write Responses","_","_","Inactive","No Read Data Beats","_","_","No Write Data Beats"
255,255,0,0000,1,0,0,65494,1,0,0,0,0000000000000,"INCR",3,00,0,"Data Secure Unprivileged",0,"16 bytes",0,0000000000000,"INCR",0,00,0,"Data Secure Unprivileged",0,"1 byte",0,"EXOKAY",0,00010800000140000050810400010800,00000000000000000000000000000000,0000,2,0,1,0,2,1,0,2,0,1,2,0,1,0,0,0,0,"No Read Addr Cmds","No Write Addr Cmds","No Write Responses","_","_","Inactive","No Read Data Beats","_","_","No Write Data Beats"
256,256,0,0000,1,0,0,3,1,0,0,0,0000000000000,"INCR",3,00,0,"Data Secure Unprivileged",0,"16 bytes",0,0000000000000,"INCR",0,00,0,"Data Secure Unprivileged",0,"1 byte",0,"EXOKAY",0,00010800000140000050810400010800,00000000000000000000000000000000,0000,2,0,1,0,2,1,0,2,0,1,2,0,1,0,0,0,0,"No Read Addr Cmds","No Write Addr Cmds","No Write Responses","_","_","Inactive","No Read Data Beats","_","_","No Write Data Beats"
257,257,0,0000,1,0,0,65530,1,0,0,0,0000000000000,"INCR",3,00,0,"Data Secure Unprivileged",0,"16 bytes",0,0000000000000,"INCR",0,00,0,"Data Secure Unprivileged",0,"1 byte",0,"EXOKAY",0,00010800000140000050810400010800,00000000000000000000000000000000,0000,2,0,1,0,2,1,0,2,0,1,2,0,1,0,0,0,0,"No Read Addr Cmds","No Write Addr Cmds","No Write Responses","_","_","Inactive","No Read Data Beats","_","_","No Write Data Beats"
258,258,0,0000,1,0,0,26,1,0,0,0,0000000000000,"INCR",3,00,0,"Data Secure Unprivileged",0,"16 bytes",0,0000000000000,"INCR",0,00,0,"Data Secure Unprivileged",0,"1 byte",0,"EXOKAY",0,00010800000140000050810400010800,00000000000000000000000000000000,0000,2,0,1,0,2,1,0,2,0,1,2,0,1,0,0,0,0,"No Read Addr Cmds","No Write Addr Cmds","No Write Responses","_","_","Inactive","No Read Data Beats","_","_","No Write Data Beats"
259,259,0,0000,1,0,0,24,1,0,0,0,0000000000000,"INCR",3,00,0,"Data Secure Unprivileged",0,"16 bytes",0,0000000000000,"INCR",0,00,0,"Data Secure Unprivileged",0,"1 byte",0,"EXOKAY",0,00010800000140000050810400010800,00000000000000000000000000000000,0000,2,0,1,0,2,1,0,2,0,1,2,0,1,0,0,0,0,"No Read Addr Cmds","No Write Addr Cmds","No Write Responses","_","_","Inactive","No Read Data Beats","_","_","No Write Data Beats"
260,260,0,0000,1,0,0,65489,1,0,0,0,0000000000000,"INCR",3,00,0,"Data Secure Unprivileged",0,"16 bytes",0,0000000000000,"INCR",0,00,0,"Data Secure Unprivileged",0,"1 byte",0,"EXOKAY",0,00010800000140000050810400010800,00000000000000000000000000000000,0000,2,0,1,0,2,1,0,2,0,1,2,0,1,0,0,0,0,"No Read Addr Cmds","No Write Addr Cmds","No Write Responses","_","_","Inactive","No Read Data Beats","_","_","No Write Data Beats"
261,261,0,0000,1,0,0,65490,1,0,0,0,0000000000000,"INCR",3,00,0,"Data Secure Unprivileged",0,"16 bytes",0,0000000000000,"INCR",0,00,0,"Data Secure Unprivileged",0,"1 byte",0,"EXOKAY",0,00010800000140000050810400010800,00000000000000000000000000000000,0000,2,0,1,0,2,1,0,2,0,1,2,0,1,0,0,0,0,"No Read Addr Cmds","No Write Addr Cmds","No Write Responses","_","_","Inactive","No Read Data Beats","_","_","No Write Data Beats"
262,262,0,0000,1,0,0,65535,1,0,0,0,0000000000000,"INCR",3,00,0,"Data Secure Unprivileged",0,"16 bytes",0,0000000000000,"INCR",0,00,0,"Data Secure Unprivileged",0,"1 byte",0,"EXOKAY",0,00010800000140000050810400010800,00000000000000000000000000000000,0000,2,0,1,0,2,1,0,2,0,1,2,0,1,0,0,0,0,"No Read Addr Cmds","No Write Addr Cmds","No Write Responses","_","_","Inactive","No Read Data Beats","_","_","No Write Data Beats"
263,263,0,0000,1,0,0,8,1,0,0,0,0000000000000,"INCR",3,00,0,"Data Secure Unprivileged",0,"16 bytes",0,0000000000000,"INCR",0,00,0,"Data Secure Unprivileged",0,"1 byte",0,"EXOKAY",0,00010800000140000050810400010800,00000000000000000000000000000000,0000,2,0,1,0,2,1,0,2,0,1,2,0,1,0,0,0,0,"No Read Addr Cmds","No Write Addr Cmds","No Write Responses","_","_","Inactive","No Read Data Beats","_","_","No Write Data Beats"
264,264,0,0000,1,0,0,65493,1,0,0,0,0000000000000,"INCR",3,00,0,"Data Secure Unprivileged",0,"16 bytes",0,0000000000000,"INCR",0,00,0,"Data Secure Unprivileged",0,"1 byte",0,"EXOKAY",0,00010800000140000050810400010800,00000000000000000000000000000000,0000,2,0,1,0,2,1,0,2,0,1,2,0,1,0,0,0,0,"No Read Addr Cmds","No Write Addr Cmds","No Write Responses","_","_","Inactive","No Read Data Beats","_","_","No Write Data Beats"
265,265,0,0000,1,0,0,65500,1,0,0,0,0000000000000,"INCR",3,00,0,"Data Secure Unprivileged",0,"16 bytes",0,0000000000000,"INCR",0,00,0,"Data Secure Unprivileged",0,"1 byte",0,"EXOKAY",0,00010800000140000050810400010800,00000000000000000000000000000000,0000,2,0,1,0,2,1,0,2,0,1,2,0,1,0,0,0,0,"No Read Addr Cmds","No Write Addr Cmds","No Write Responses","_","_","Inactive","No Read Data Beats","_","_","No Write Data Beats"
266,266,0,0000,1,0,0,65531,1,0,0,0,0000000000000,"INCR",3,00,0,"Data Secure Unprivileged",0,"16 bytes",0,0000000000000,"INCR",0,00,0,"Data Secure Unprivileged",0,"1 byte",0,"EXOKAY",0,00010800000140000050810400010800,00000000000000000000000000000000,0000,2,0,1,0,2,1,0,2,0,1,2,0,1,0,0,0,0,"No Read Addr Cmds","No Write Addr Cmds","No Write Responses","_","_","Inactive","No Read Data Beats","_","_","No Write Data Beats"
267,267,0,0000,1,0,0,15,1,0,0,0,0000000000000,"INCR",3,00,0,"Data Secure Unprivileged",0,"16 bytes",0,0000000000000,"INCR",0,00,0,"Data Secure Unprivileged",0,"1 byte",0,"EXOKAY",0,00010800000140000050810400010800,00000000000000000000000000000000,0000,2,0,1,0,2,1,0,2,0,1,2,0,1,0,0,0,0,"No Read Addr Cmds","No Write Addr Cmds","No Write Responses","_","_","Inactive","No Read Data Beats","_","_","No Write Data Beats"
268,268,0,0000,1,0,0,51,1,0,0,0,0000000000000,"INCR",3,00,0,"Data Secure Unprivileged",0,"16 bytes",0,0000000000000,"INCR",0,00,0,"Data Secure Unprivileged",0,"1 byte",0,"EXOKAY",0,00010800000140000050810400010800,00000000000000000000000000000000,0000,2,0,1,0,2,1,0,2,0,1,2,0,1,0,0,0,0,"No Read Addr Cmds","No Write Addr Cmds","No Write Responses","_","_","Inactive","No Read Data Beats","_","_","No Write Data Beats"
269,269,0,0000,1,0,0,63,1,0,0,0,0000000000000,"INCR",3,00,0,"Data Secure Unprivileged",0,"16 bytes",0,0000000000000,"INCR",0,00,0,"Data Secure Unprivileged",0,"1 byte",0,"EXOKAY",0,00010800000140000050810400010800,00000000000000000000000000000000,0000,2,0,1,0,2,1,0,2,0,1,2,0,1,0,0,0,0,"No Read Addr Cmds","No Write Addr Cmds","No Write Responses","_","_","Inactive","No Read Data Beats","_","_","No Write Data Beats"
270,270,0,0000,1,0,0,65503,1,0,0,0,0000000000000,"INCR",3,00,0,"Data Secure Unprivileged",0,"16 bytes",0,0000000000000,"INCR",0,00,0,"Data Secure Unprivileged",0,"1 byte",0,"EXOKAY",0,00010800000140000050810400010800,00000000000000000000000000000000,0000,2,0,1,0,2,1,0,2,0,1,2,0,1,0,0,0,0,"No Read Addr Cmds","No Write Addr Cmds","No Write Responses","_","_","Inactive","No Read Data Beats","_","_","No Write Data Beats"
271,271,0,0000,1,0,0,65524,1,0,0,0,0000000000000,"INCR",3,00,0,"Data Secure Unprivileged",0,"16 bytes",0,0000000000000,"INCR",0,00,0,"Data Secure Unprivileged",0,"1 byte",0,"EXOKAY",0,00010800000140000050810400010800,00000000000000000000000000000000,0000,2,0,1,0,2,1,0,2,0,1,2,0,1,0,0,0,0,"No Read Addr Cmds","No Write Addr Cmds","No Write Responses","_","_","Inactive","No Read Data Beats","_","_","No Write Data Beats"
272,272,0,0000,1,0,0,65524,1,0,0,0,0000000000000,"INCR",3,00,0,"Data Secure Unprivileged",0,"16 bytes",0,0000000000000,"INCR",0,00,0,"Data Secure Unprivileged",0,"1 byte",0,"EXOKAY",0,00010800000140000050810400010800,00000000000000000000000000000000,0000,2,0,1,0,2,1,0,2,0,1,2,0,1,0,0,0,0,"No Read Addr Cmds","No Write Addr Cmds","No Write Responses","_","_","Inactive","No Read Data Beats","_","_","No Write Data Beats"
273,273,0,0000,1,0,0,45,1,0,0,0,0000000000000,"INCR",3,00,0,"Data Secure Unprivileged",0,"16 bytes",0,0000000000000,"INCR",0,00,0,"Data Secure Unprivileged",0,"1 byte",0,"EXOKAY",0,00010800000140000050810400010800,00000000000000000000000000000000,0000,2,0,1,0,2,1,0,2,0,1,2,0,1,0,0,0,0,"No Read Addr Cmds","No Write Addr Cmds","No Write Responses","_","_","Inactive","No Read Data Beats","_","_","No Write Data Beats"
274,274,0,0000,1,0,0,49,1,0,0,0,0000000000000,"INCR",3,00,0,"Data Secure Unprivileged",0,"16 bytes",0,0000000000000,"INCR",0,00,0,"Data Secure Unprivileged",0,"1 byte",0,"EXOKAY",0,00010800000140000050810400010800,00000000000000000000000000000000,0000,2,0,1,0,2,1,0,2,0,1,2,0,1,0,0,0,0,"No Read Addr Cmds","No Write Addr Cmds","No Write Responses","_","_","Inactive","No Read Data Beats","_","_","No Write Data Beats"
275,275,0,0000,1,0,0,53,1,0,0,0,0000000000000,"INCR",3,00,0,"Data Secure Unprivileged",0,"16 bytes",0,0000000000000,"INCR",0,00,0,"Data Secure Unprivileged",0,"1 byte",0,"EXOKAY",0,00010800000140000050810400010800,00000000000000000000000000000000,0000,2,0,1,0,2,1,0,2,0,1,2,0,1,0,0,0,0,"No Read Addr Cmds","No Write Addr Cmds","No Write Responses","_","_","Inactive","No Read Data Beats","_","_","No Write Data Beats"
276,276,0,0000,1,0,0,24,1,0,0,0,0000000000000,"INCR",3,00,0,"Data Secure Unprivileged",0,"16 bytes",0,0000000000000,"INCR",0,00,0,"Data Secure Unprivileged",0,"1 byte",0,"EXOKAY",0,00010800000140000050810400010800,00000000000000000000000000000000,0000,2,0,1,0,2,1,0,2,0,1,2,0,1,0,0,0,0,"No Read Addr Cmds","No Write Addr Cmds","No Write Responses","_","_","Inactive","No Read Data Beats","_","_","No Write Data Beats"
277,277,0,0000,1,0,0,6,1,0,0,0,0000000000000,"INCR",3,00,0,"Data Secure Unprivileged",0,"16 bytes",0,0000000000000,"INCR",0,00,0,"Data Secure Unprivileged",0,"1 byte",0,"EXOKAY",0,00010800000140000050810400010800,00000000000000000000000000000000,0000,2,0,1,0,2,1,0,2,0,1,2,0,1,0,0,0,0,"No Read Addr Cmds","No Write Addr Cmds","No Write Responses","_","_","Inactive","No Read Data Beats","_","_","No Write Data Beats"
278,278,0,0000,1,0,0,49,1,0,0,0,0000000000000,"INCR",3,00,0,"Data Secure Unprivileged",0,"16 bytes",0,0000000000000,"INCR",0,00,0,"Data Secure Unprivileged",0,"1 byte",0,"EXOKAY",0,00010800000140000050810400010800,00000000000000000000000000000000,0000,2,0,1,0,2,1,0,2,0,1,2,0,1,0,0,0,0,"No Read Addr Cmds","No Write Addr Cmds","No Write Responses","_","_","Inactive","No Read Data Beats","_","_","No Write Data Beats"
279,279,0,0000,1,0,0,27,1,0,0,0,0000000000000,"INCR",3,00,0,"Data Secure Unprivileged",0,"16 bytes",0,0000000000000,"INCR",0,00,0,"Data Secure Unprivileged",0,"1 byte",0,"EXOKAY",0,00010800000140000050810400010800,00000000000000000000000000000000,0000,2,0,1,0,2,1,0,2,0,1,2,0,1,0,0,0,0,"No Read Addr Cmds","No Write Addr Cmds","No Write Responses","_","_","Inactive","No Read Data Beats","_","_","No Write Data Beats"
280,280,0,0000,1,0,0,65510,1,0,0,0,0000000000000,"INCR",3,00,0,"Data Secure Unprivileged",0,"16 bytes",0,0000000000000,"INCR",0,00,0,"Data Secure Unprivileged",0,"1 byte",0,"EXOKAY",0,00010800000140000050810400010800,00000000000000000000000000000000,0000,2,0,1,0,2,1,0,2,0,1,2,0,1,0,0,0,0,"No Read Addr Cmds","No Write Addr Cmds","No Write Responses","_","_","Inactive","No Read Data Beats","_","_","No Write Data Beats"
281,281,0,0000,1,0,0,65527,1,0,0,0,0000000000000,"INCR",3,00,0,"Data Secure Unprivileged",0,"16 bytes",0,0000000000000,"INCR",0,00,0,"Data Secure Unprivileged",0,"1 byte",0,"EXOKAY",0,00010800000140000050810400010800,00000000000000000000000000000000,0000,2,0,1,0,2,1,0,2,0,1,2,0,1,0,0,0,0,"No Read Addr Cmds","No Write Addr Cmds","No Write Responses","_","_","Inactive","No Read Data Beats","_","_","No Write Data Beats"
282,282,0,0000,1,0,0,24,1,0,0,0,0000000000000,"INCR",3,00,0,"Data Secure Unprivileged",0,"16 bytes",0,0000000000000,"INCR",0,00,0,"Data Secure Unprivileged",0,"1 byte",0,"EXOKAY",0,00010800000140000050810400010800,00000000000000000000000000000000,0000,2,0,1,0,2,1,0,2,0,1,2,0,1,0,0,0,0,"No Read Addr Cmds","No Write Addr Cmds","No Write Responses","_","_","Inactive","No Read Data Beats","_","_","No Write Data Beats"
283,283,0,0000,1,0,0,65479,1,0,0,0,0000000000000,"INCR",3,00,0,"Data Secure Unprivileged",0,"16 bytes",0,0000000000000,"INCR",0,00,0,"Data Secure Unprivileged",0,"1 byte",0,"EXOKAY",0,00010800000140000050810400010800,00000000000000000000000000000000,0000,2,0,1,0,2,1,0,2,0,1,2,0,1,0,0,0,0,"No Read Addr Cmds","No Write Addr Cmds","No Write Responses","_","_","Inactive","No Read Data Beats","_","_","No Write Data Beats"
284,284,0,0000,1,0,0,17,1,0,0,0,0000000000000,"INCR",3,00,0,"Data Secure Unprivileged",0,"16 bytes",0,0000000000000,"INCR",0,00,0,"Data Secure Unprivileged",0,"1 byte",0,"EXOKAY",0,00010800000140000050810400010800,00000000000000000000000000000000,0000,2,0,1,0,2,1,0,2,0,1,2,0,1,0,0,0,0,"No Read Addr Cmds","No Write Addr Cmds","No Write Responses","_","_","Inactive","No Read Data Beats","_","_","No Write Data Beats"
285,285,0,0000,1,0,0,65530,1,0,0,0,0000000000000,"INCR",3,00,0,"Data Secure Unprivileged",0,"16 bytes",0,0000000000000,"INCR",0,00,0,"Data Secure Unprivileged",0,"1 byte",0,"EXOKAY",0,00010800000140000050810400010800,00000000000000000000000000000000,0000,2,0,1,0,2,1,0,2,0,1,2,0,1,0,0,0,0,"No Read Addr Cmds","No Write Addr Cmds","No Write Responses","_","_","Inactive","No Read Data Beats","_","_","No Write Data Beats"
286,286,0,0000,1,0,0,40,1,0,0,0,0000000000000,"INCR",3,00,0,"Data Secure Unprivileged",0,"16 bytes",0,0000000000000,"INCR",0,00,0,"Data Secure Unprivileged",0,"1 byte",0,"EXOKAY",0,00010800000140000050810400010800,00000000000000000000000000000000,0000,2,0,1,0,2,1,0,2,0,1,2,0,1,0,0,0,0,"No Read Addr Cmds","No Write Addr Cmds","No Write Responses","_","_","Inactive","No Read Data Beats","_","_","No Write Data Beats"
287,287,0,0000,1,0,0,31,1,0,0,0,0000000000000,"INCR",3,00,0,"Data Secure Unprivileged",0,"16 bytes",0,0000000000000,"INCR",0,00,0,"Data Secure Unprivileged",0,"1 byte",0,"EXOKAY",0,00010800000140000050810400010800,00000000000000000000000000000000,0000,2,0,1,0,2,1,0,2,0,1,2,0,1,0,0,0,0,"No Read Addr Cmds","No Write Addr Cmds","No Write Responses","_","_","Inactive","No Read Data Beats","_","_","No Write Data Beats"
288,288,0,0000,1,0,0,6,1,0,0,0,0000000000000,"INCR",3,00,0,"Data Secure Unprivileged",0,"16 bytes",0,0000000000000,"INCR",0,00,0,"Data Secure Unprivileged",0,"1 byte",0,"EXOKAY",0,00010800000140000050810400010800,00000000000000000000000000000000,0000,2,0,1,0,2,1,0,2,0,1,2,0,1,0,0,0,0,"No Read Addr Cmds","No Write Addr Cmds","No Write Responses","_","_","Inactive","No Read Data Beats","_","_","No Write Data Beats"
289,289,0,0000,1,0,0,65474,1,0,0,0,0000000000000,"INCR",3,00,0,"Data Secure Unprivileged",0,"16 bytes",0,0000000000000,"INCR",0,00,0,"Data Secure Unprivileged",0,"1 byte",0,"EXOKAY",0,00010800000140000050810400010800,00000000000000000000000000000000,0000,2,0,1,0,2,1,0,2,0,1,2,0,1,0,0,0,0,"No Read Addr Cmds","No Write Addr Cmds","No Write Responses","_","_","Inactive","No Read Data Beats","_","_","No Write Data Beats"
290,290,0,0000,1,0,0,53,1,0,0,0,0000000000000,"INCR",3,00,0,"Data Secure Unprivileged",0,"16 bytes",0,0000000000000,"INCR",0,00,0,"Data Secure Unprivileged",0,"1 byte",0,"EXOKAY",0,00010800000140000050810400010800,00000000000000000000000000000000,0000,2,0,1,0,2,1,0,2,0,1,2,0,1,0,0,0,0,"No Read Addr Cmds","No Write Addr Cmds","No Write Responses","_","_","Inactive","No Read Data Beats","_","_","No Write Data Beats"
291,291,0,0000,1,0,0,65516,1,0,0,0,0000000000000,"INCR",3,00,0,"Data Secure Unprivileged",0,"16 bytes",0,0000000000000,"INCR",0,00,0,"Data Secure Unprivileged",0,"1 byte",0,"EXOKAY",0,00010800000140000050810400010800,00000000000000000000000000000000,0000,2,0,1,0,2,1,0,2,0,1,2,0,1,0,0,0,0,"No Read Addr Cmds","No Write Addr Cmds","No Write Responses","_","_","Inactive","No Read Data Beats","_","_","No Write Data Beats"
292,292,0,0000,1,0,0,35,1,0,0,0,0000000000000,"INCR",3,00,0,"Data Secure Unprivileged",0,"16 bytes",0,0000000000000,"INCR",0,00,0,"Data Secure Unprivileged",0,"1 byte",0,"EXOKAY",0,00010800000140000050810400010800,00000000000000000000000000000000,0000,2,0,1,0,2,1,0,2,0,1,2,0,1,0,0,0,0,"No Read Addr Cmds","No Write Addr Cmds","No Write Responses","_","_","Inactive","No Read Data Beats","_","_","No Write Data Beats"
293,293,0,0000,1,0,0,65527,1,0,0,0,0000000000000,"INCR",3,00,0,"Data Secure Unprivileged",0,"16 bytes",0,0000000000000,"INCR",0,00,0,"Data Secure Unprivileged",0,"1 byte",0,"EXOKAY",0,00010800000140000050810400010800,00000000000000000000000000000000,0000,2,0,1,0,2,1,0,2,0,1,2,0,1,0,0,0,0,"No Read Addr Cmds","No Write Addr Cmds","No Write Responses","_","_","Inactive","No Read Data Beats","_","_","No Write Data Beats"
294,294,0,0000,1,0,0,65532,1,0,0,0,0000000000000,"INCR",3,00,0,"Data Secure Unprivileged",0,"16 bytes",0,0000000000000,"INCR",0,00,0,"Data Secure Unprivileged",0,"1 byte",0,"EXOKAY",0,00010800000140000050810400010800,00000000000000000000000000000000,0000,2,0,1,0,2,1,0,2,0,1,2,0,1,0,0,0,0,"No Read Addr Cmds","No Write Addr Cmds","No Write Responses","_","_","Inactive","No Read Data Beats","_","_","No Write Data Beats"
295,295,0,0000,1,0,0,65495,1,0,0,0,0000000000000,"INCR",3,00,0,"Data Secure Unprivileged",0,"16 bytes",0,0000000000000,"INCR",0,00,0,"Data Secure Unprivileged",0,"1 byte",0,"EXOKAY",0,00010800000140000050810400010800,00000000000000000000000000000000,0000,2,0,1,0,2,1,0,2,0,1,2,0,1,0,0,0,0,"No Read Addr Cmds","No Write Addr Cmds","No Write Responses","_","_","Inactive","No Read Data Beats","_","_","No Write Data Beats"
296,296,0,0000,1,0,0,59,1,0,0,0,0000000000000,"INCR",3,00,0,"Data Secure Unprivileged",0,"16 bytes",0,0000000000000,"INCR",0,00,0,"Data Secure Unprivileged",0,"1 byte",0,"EXOKAY",0,00010800000140000050810400010800,00000000000000000000000000000000,0000,2,0,1,0,2,1,0,2,0,1,2,0,1,0,0,0,0,"No Read Addr Cmds","No Write Addr Cmds","No Write Responses","_","_","Inactive","No Read Data Beats","_","_","No Write Data Beats"
297,297,0,0000,1,0,0,19,1,0,0,0,0000000000000,"INCR",3,00,0,"Data Secure Unprivileged",0,"16 bytes",0,0000000000000,"INCR",0,00,0,"Data Secure Unprivileged",0,"1 byte",0,"EXOKAY",0,00010800000140000050810400010800,00000000000000000000000000000000,0000,2,0,1,0,2,1,0,2,0,1,2,0,1,0,0,0,0,"No Read Addr Cmds","No Write Addr Cmds","No Write Responses","_","_","Inactive","No Read Data Beats","_","_","No Write Data Beats"
298,298,0,0000,1,0,0,65528,1,0,0,0,0000000000000,"INCR",3,00,0,"Data Secure Unprivileged",0,"16 bytes",0,0000000000000,"INCR",0,00,0,"Data Secure Unprivileged",0,"1 byte",0,"EXOKAY",0,00010800000140000050810400010800,00000000000000000000000000000000,0000,2,0,1,0,2,1,0,2,0,1,2,0,1,0,0,0,0,"No Read Addr Cmds","No Write Addr Cmds","No Write Responses","_","_","Inactive","No Read Data Beats","_","_","No Write Data Beats"
299,299,0,0000,1,0,0,30,1,0,0,0,0000000000000,"INCR",3,00,0,"Data Secure Unprivileged",0,"16 bytes",0,0000000000000,"INCR",0,00,0,"Data Secure Unprivileged",0,"1 byte",0,"EXOKAY",0,00010800000140000050810400010800,00000000000000000000000000000000,0000,2,0,1,0,2,1,0,2,0,1,2,0,1,0,0,0,0,"No Read Addr Cmds","No Write Addr Cmds","No Write Responses","_","_","Inactive","No Read Data Beats","_","_","No Write Data Beats"
300,300,0,0000,1,0,0,2,1,0,0,0,0000000000000,"INCR",3,00,0,"Data Secure Unprivileged",0,"16 bytes",0,0000000000000,"INCR",0,00,0,"Data Secure Unprivileged",0,"1 byte",0,"EXOKAY",0,00010800000140000050810400010800,00000000000000000000000000000000,0000,2,0,1,0,2,1,0,2,0,1,2,0,1,0,0,0,0,"No Read Addr Cmds","No Write Addr Cmds","No Write Responses","_","_","Inactive","No Read Data Beats","_","_","No Write Data Beats"
301,301,0,0000,1,0,0,65526,1,0,0,0,0000000000000,"INCR",3,00,0,"Data Secure Unprivileged",0,"16 bytes",0,0000000000000,"INCR",0,00,0,"Data Secure Unprivileged",0,"1 byte",0,"EXOKAY",0,00010800000140000050810400010800,00000000000000000000000000000000,0000,2,0,1,0,2,1,0,2,0,1,2,0,1,0,0,0,0,"No Read Addr Cmds","No Write Addr Cmds","No Write Responses","_","_","Inactive","No Read Data Beats","_","_","No Write Data Beats"
302,302,0,0000,1,0,0,65508,1,0,0,0,0000000000000,"INCR",3,00,0,"Data Secure Unprivileged",0,"16 bytes",0,0000000000000,"INCR",0,00,0,"Data Secure Unprivileged",0,"1 byte",0,"EXOKAY",0,00010800000140000050810400010800,00000000000000000000000000000000,0000,2,0,1,0,2,1,0,2,0,1,2,0,1,0,0,0,0,"No Read Addr Cmds","No Write Addr Cmds","No Write Responses","_","_","Inactive","No Read Data Beats","_","_","No Write Data Beats"
303,303,0,0000,1,0,0,65480,1,0,0,0,0000000000000,"INCR",3,00,0,"Data Secure Unprivileged",0,"16 bytes",0,0000000000000,"INCR",0,00,0,"Data Secure Unprivileged",0,"1 byte",0,"EXOKAY",0,00010800000140000050810400010800,00000000000000000000000000000000,0000,2,0,1,0,2,1,0,2,0,1,2,0,1,0,0,0,0,"No Read Addr Cmds","No Write Addr Cmds","No Write Responses","_","_","Inactive","No Read Data Beats","_","_","No Write Data Beats"
304,304,0,0000,1,0,0,65515,1,0,0,0,0000000000000,"INCR",3,00,0,"Data Secure Unprivileged",0,"16 bytes",0,0000000000000,"INCR",0,00,0,"Data Secure Unprivileged",0,"1 byte",0,"EXOKAY",0,00010800000140000050810400010800,00000000000000000000000000000000,0000,2,0,1,0,2,1,0,2,0,1,2,0,1,0,0,0,0,"No Read Addr Cmds","No Write Addr Cmds","No Write Responses","_","_","Inactive","No Read Data Beats","_","_","No Write Data Beats"
305,305,0,0000,1,0,0,29,1,0,0,0,0000000000000,"INCR",3,00,0,"Data Secure Unprivileged",0,"16 bytes",0,0000000000000,"INCR",0,00,0,"Data Secure Unprivileged",0,"1 byte",0,"EXOKAY",0,00010800000140000050810400010800,00000000000000000000000000000000,0000,2,0,1,0,2,1,0,2,0,1,2,0,1,0,0,0,0,"No Read Addr Cmds","No Write Addr Cmds","No Write Responses","_","_","Inactive","No Read Data Beats","_","_","No Write Data Beats"
306,306,0,0000,1,0,0,9,1,0,0,0,0000000000000,"INCR",3,00,0,"Data Secure Unprivileged",0,"16 bytes",0,0000000000000,"INCR",0,00,0,"Data Secure Unprivileged",0,"1 byte",0,"EXOKAY",0,00010800000140000050810400010800,00000000000000000000000000000000,0000,2,0,1,0,2,1,0,2,0,1,2,0,1,0,0,0,0,"No Read Addr Cmds","No Write Addr Cmds","No Write Responses","_","_","Inactive","No Read Data Beats","_","_","No Write Data Beats"
307,307,0,0000,1,0,0,25,1,0,0,0,0000000000000,"INCR",3,00,0,"Data Secure Unprivileged",0,"16 bytes",0,0000000000000,"INCR",0,00,0,"Data Secure Unprivileged",0,"1 byte",0,"EXOKAY",0,00010800000140000050810400010800,00000000000000000000000000000000,0000,2,0,1,0,2,1,0,2,0,1,2,0,1,0,0,0,0,"No Read Addr Cmds","No Write Addr Cmds","No Write Responses","_","_","Inactive","No Read Data Beats","_","_","No Write Data Beats"
308,308,0,0000,1,0,0,65469,1,0,0,0,0000000000000,"INCR",3,00,0,"Data Secure Unprivileged",0,"16 bytes",0,0000000000000,"INCR",0,00,0,"Data Secure Unprivileged",0,"1 byte",0,"EXOKAY",0,00010800000140000050810400010800,00000000000000000000000000000000,0000,2,0,1,0,2,1,0,2,0,1,2,0,1,0,0,0,0,"No Read Addr Cmds","No Write Addr Cmds","No Write Responses","_","_","Inactive","No Read Data Beats","_","_","No Write Data Beats"
309,309,0,0000,1,0,0,8,1,0,0,0,0000000000000,"INCR",3,00,0,"Data Secure Unprivileged",0,"16 bytes",0,0000000000000,"INCR",0,00,0,"Data Secure Unprivileged",0,"1 byte",0,"EXOKAY",0,00010800000140000050810400010800,00000000000000000000000000000000,0000,2,0,1,0,2,1,0,2,0,1,2,0,1,0,0,0,0,"No Read Addr Cmds","No Write Addr Cmds","No Write Responses","_","_","Inactive","No Read Data Beats","_","_","No Write Data Beats"
310,310,0,0000,1,0,0,65509,1,0,0,0,0000000000000,"INCR",3,00,0,"Data Secure Unprivileged",0,"16 bytes",0,0000000000000,"INCR",0,00,0,"Data Secure Unprivileged",0,"1 byte",0,"EXOKAY",0,00010800000140000050810400010800,00000000000000000000000000000000,0000,2,0,1,0,2,1,0,2,0,1,2,0,1,0,0,0,0,"No Read Addr Cmds","No Write Addr Cmds","No Write Responses","_","_","Inactive","No Read Data Beats","_","_","No Write Data Beats"
311,311,0,0000,1,0,0,68,1,0,0,0,0000000000000,"INCR",3,00,0,"Data Secure Unprivileged",0,"16 bytes",0,0000000000000,"INCR",0,00,0,"Data Secure Unprivileged",0,"1 byte",0,"EXOKAY",0,00010800000140000050810400010800,00000000000000000000000000000000,0000,2,0,1,0,2,1,0,2,0,1,2,0,1,0,0,0,0,"No Read Addr Cmds","No Write Addr Cmds","No Write Responses","_","_","Inactive","No Read Data Beats","_","_","No Write Data Beats"
312,312,0,0000,1,0,0,33,1,0,0,0,0000000000000,"INCR",3,00,0,"Data Secure Unprivileged",0,"16 bytes",0,0000000000000,"INCR",0,00,0,"Data Secure Unprivileged",0,"1 byte",0,"EXOKAY",0,00010800000140000050810400010800,00000000000000000000000000000000,0000,2,0,1,0,2,1,0,2,0,1,2,0,1,0,0,0,0,"No Read Addr Cmds","No Write Addr Cmds","No Write Responses","_","_","Inactive","No Read Data Beats","_","_","No Write Data Beats"
313,313,0,0000,1,0,0,43,1,0,0,0,0000000000000,"INCR",3,00,0,"Data Secure Unprivileged",0,"16 bytes",0,0000000000000,"INCR",0,00,0,"Data Secure Unprivileged",0,"1 byte",0,"EXOKAY",0,00010800000140000050810400010800,00000000000000000000000000000000,0000,2,0,1,0,2,1,0,2,0,1,2,0,1,0,0,0,0,"No Read Addr Cmds","No Write Addr Cmds","No Write Responses","_","_","Inactive","No Read Data Beats","_","_","No Write Data Beats"
314,314,0,0000,1,0,0,65504,1,0,0,0,0000000000000,"INCR",3,00,0,"Data Secure Unprivileged",0,"16 bytes",0,0000000000000,"INCR",0,00,0,"Data Secure Unprivileged",0,"1 byte",0,"EXOKAY",0,00010800000140000050810400010800,00000000000000000000000000000000,0000,2,0,1,0,2,1,0,2,0,1,2,0,1,0,0,0,0,"No Read Addr Cmds","No Write Addr Cmds","No Write Responses","_","_","Inactive","No Read Data Beats","_","_","No Write Data Beats"
315,315,0,0000,1,0,0,21,1,0,0,0,0000000000000,"INCR",3,00,0,"Data Secure Unprivileged",0,"16 bytes",0,0000000000000,"INCR",0,00,0,"Data Secure Unprivileged",0,"1 byte",0,"EXOKAY",0,00010800000140000050810400010800,00000000000000000000000000000000,0000,2,0,1,0,2,1,0,2,0,1,2,0,1,0,0,0,0,"No Read Addr Cmds","No Write Addr Cmds","No Write Responses","_","_","Inactive","No Read Data Beats","_","_","No Write Data Beats"
316,316,0,0000,1,0,0,65464,1,0,0,0,0000000000000,"INCR",3,00,0,"Data Secure Unprivileged",0,"16 bytes",0,0000000000000,"INCR",0,00,0,"Data Secure Unprivileged",0,"1 byte",0,"EXOKAY",0,00010800000140000050810400010800,00000000000000000000000000000000,0000,2,0,1,0,2,1,0,2,0,1,2,0,1,0,0,0,0,"No Read Addr Cmds","No Write Addr Cmds","No Write Responses","_","_","Inactive","No Read Data Beats","_","_","No Write Data Beats"
317,317,0,0000,1,0,0,65487,1,0,0,0,0000000000000,"INCR",3,00,0,"Data Secure Unprivileged",0,"16 bytes",0,0000000000000,"INCR",0,00,0,"Data Secure Unprivileged",0,"1 byte",0,"EXOKAY",0,00010800000140000050810400010800,00000000000000000000000000000000,0000,2,0,1,0,2,1,0,2,0,1,2,0,1,0,0,0,0,"No Read Addr Cmds","No Write Addr Cmds","No Write Responses","_","_","Inactive","No Read Data Beats","_","_","No Write Data Beats"
318,318,0,0000,1,0,0,65505,1,0,0,0,0000000000000,"INCR",3,00,0,"Data Secure Unprivileged",0,"16 bytes",0,0000000000000,"INCR",0,00,0,"Data Secure Unprivileged",0,"1 byte",0,"EXOKAY",0,00010800000140000050810400010800,00000000000000000000000000000000,0000,2,0,1,0,2,1,0,2,0,1,2,0,1,0,0,0,0,"No Read Addr Cmds","No Write Addr Cmds","No Write Responses","_","_","Inactive","No Read Data Beats","_","_","No Write Data Beats"
319,319,0,0000,1,0,0,10,1,0,0,0,0000000000000,"INCR",3,00,0,"Data Secure Unprivileged",0,"16 bytes",0,0000000000000,"INCR",0,00,0,"Data Secure Unprivileged",0,"1 byte",0,"EXOKAY",0,00010800000140000050810400010800,00000000000000000000000000000000,0000,2,0,1,0,2,1,0,2,0,1,2,0,1,0,0,0,0,"No Read Addr Cmds","No Write Addr Cmds","No Write Responses","_","_","Inactive","No Read Data Beats","_","_","No Write Data Beats"
320,320,0,0000,1,0,0,65492,1,0,0,0,0000000000000,"INCR",3,00,0,"Data Secure Unprivileged",0,"16 bytes",0,0000000000000,"INCR",0,00,0,"Data Secure Unprivileged",0,"1 byte",0,"EXOKAY",0,00010800000140000050810400010800,00000000000000000000000000000000,0000,2,0,1,0,2,1,0,2,0,1,2,0,1,0,0,0,0,"No Read Addr Cmds","No Write Addr Cmds","No Write Responses","_","_","Inactive","No Read Data Beats","_","_","No Write Data Beats"
321,321,0,0000,1,0,0,13,1,0,0,0,0000000000000,"INCR",3,00,0,"Data Secure Unprivileged",0,"16 bytes",0,0000000000000,"INCR",0,00,0,"Data Secure Unprivileged",0,"1 byte",0,"EXOKAY",0,00010800000140000050810400010800,00000000000000000000000000000000,0000,2,0,1,0,2,1,0,2,0,1,2,0,1,0,0,0,0,"No Read Addr Cmds","No Write Addr Cmds","No Write Responses","_","_","Inactive","No Read Data Beats","_","_","No Write Data Beats"
322,322,0,0000,1,0,0,41,1,0,0,0,0000000000000,"INCR",3,00,0,"Data Secure Unprivileged",0,"16 bytes",0,0000000000000,"INCR",0,00,0,"Data Secure Unprivileged",0,"1 byte",0,"EXOKAY",0,00010800000140000050810400010800,00000000000000000000000000000000,0000,2,0,1,0,2,1,0,2,0,1,2,0,1,0,0,0,0,"No Read Addr Cmds","No Write Addr Cmds","No Write Responses","_","_","Inactive","No Read Data Beats","_","_","No Write Data Beats"
323,323,0,0000,1,0,0,16,1,0,0,0,0000000000000,"INCR",3,00,0,"Data Secure Unprivileged",0,"16 bytes",0,0000000000000,"INCR",0,00,0,"Data Secure Unprivileged",0,"1 byte",0,"EXOKAY",0,00010800000140000050810400010800,00000000000000000000000000000000,0000,2,0,1,0,2,1,0,2,0,1,2,0,1,0,0,0,0,"No Read Addr Cmds","No Write Addr Cmds","No Write Responses","_","_","Inactive","No Read Data Beats","_","_","No Write Data Beats"
324,324,0,0000,1,0,0,65513,1,0,0,0,0000000000000,"INCR",3,00,0,"Data Secure Unprivileged",0,"16 bytes",0,0000000000000,"INCR",0,00,0,"Data Secure Unprivileged",0,"1 byte",0,"EXOKAY",0,00010800000140000050810400010800,00000000000000000000000000000000,0000,2,0,1,0,2,1,0,2,0,1,2,0,1,0,0,0,0,"No Read Addr Cmds","No Write Addr Cmds","No Write Responses","_","_","Inactive","No Read Data Beats","_","_","No Write Data Beats"
325,325,0,0000,1,0,0,65528,1,0,0,0,0000000000000,"INCR",3,00,0,"Data Secure Unprivileged",0,"16 bytes",0,0000000000000,"INCR",0,00,0,"Data Secure Unprivileged",0,"1 byte",0,"EXOKAY",0,00010800000140000050810400010800,00000000000000000000000000000000,0000,2,0,1,0,2,1,0,2,0,1,2,0,1,0,0,0,0,"No Read Addr Cmds","No Write Addr Cmds","No Write Responses","_","_","Inactive","No Read Data Beats","_","_","No Write Data Beats"
326,326,0,0000,1,0,0,49,1,0,0,0,0000000000000,"INCR",3,00,0,"Data Secure Unprivileged",0,"16 bytes",0,0000000000000,"INCR",0,00,0,"Data Secure Unprivileged",0,"1 byte",0,"EXOKAY",0,00010800000140000050810400010800,00000000000000000000000000000000,0000,2,0,1,0,2,1,0,2,0,1,2,0,1,0,0,0,0,"No Read Addr Cmds","No Write Addr Cmds","No Write Responses","_","_","Inactive","No Read Data Beats","_","_","No Write Data Beats"
327,327,0,0000,1,0,0,2,1,0,0,0,0000000000000,"INCR",3,00,0,"Data Secure Unprivileged",0,"16 bytes",0,0000000000000,"INCR",0,00,0,"Data Secure Unprivileged",0,"1 byte",0,"EXOKAY",0,00010800000140000050810400010800,00000000000000000000000000000000,0000,2,0,1,0,2,1,0,2,0,1,2,0,1,0,0,0,0,"No Read Addr Cmds","No Write Addr Cmds","No Write Responses","_","_","Inactive","No Read Data Beats","_","_","No Write Data Beats"
328,328,0,0000,1,0,0,65533,1,0,0,0,0000000000000,"INCR",3,00,0,"Data Secure Unprivileged",0,"16 bytes",0,0000000000000,"INCR",0,00,0,"Data Secure Unprivileged",0,"1 byte",0,"EXOKAY",0,00010800000140000050810400010800,00000000000000000000000000000000,0000,2,0,1,0,2,1,0,2,0,1,2,0,1,0,0,0,0,"No Read Addr Cmds","No Write Addr Cmds","No Write Responses","_","_","Inactive","No Read Data Beats","_","_","No Write Data Beats"
329,329,0,0000,1,0,0,65507,1,0,0,0,0000000000000,"INCR",3,00,0,"Data Secure Unprivileged",0,"16 bytes",0,0000000000000,"INCR",0,00,0,"Data Secure Unprivileged",0,"1 byte",0,"EXOKAY",0,00010800000140000050810400010800,00000000000000000000000000000000,0000,2,0,1,0,2,1,0,2,0,1,2,0,1,0,0,0,0,"No Read Addr Cmds","No Write Addr Cmds","No Write Responses","_","_","Inactive","No Read Data Beats","_","_","No Write Data Beats"
330,330,0,0000,1,0,0,65496,1,0,0,0,0000000000000,"INCR",3,00,0,"Data Secure Unprivileged",0,"16 bytes",0,0000000000000,"INCR",0,00,0,"Data Secure Unprivileged",0,"1 byte",0,"EXOKAY",0,00010800000140000050810400010800,00000000000000000000000000000000,0000,2,0,1,0,2,1,0,2,0,1,2,0,1,0,0,0,0,"No Read Addr Cmds","No Write Addr Cmds","No Write Responses","_","_","Inactive","No Read Data Beats","_","_","No Write Data Beats"
331,331,0,0000,1,0,0,0,1,0,0,0,0000000000000,"INCR",3,00,0,"Data Secure Unprivileged",0,"16 bytes",0,0000000000000,"INCR",0,00,0,"Data Secure Unprivileged",0,"1 byte",0,"EXOKAY",0,00010800000140000050810400010800,00000000000000000000000000000000,0000,2,0,1,0,2,1,0,2,0,1,2,0,1,0,0,0,0,"No Read Addr Cmds","No Write Addr Cmds","No Write Responses","_","_","Inactive","No Read Data Beats","_","_","No Write Data Beats"
332,332,0,0000,1,0,0,33,1,0,0,0,0000000000000,"INCR",3,00,0,"Data Secure Unprivileged",0,"16 bytes",0,0000000000000,"INCR",0,00,0,"Data Secure Unprivileged",0,"1 byte",0,"EXOKAY",0,00010800000140000050810400010800,00000000000000000000000000000000,0000,2,0,1,0,2,1,0,2,0,1,2,0,1,0,0,0,0,"No Read Addr Cmds","No Write Addr Cmds","No Write Responses","_","_","Inactive","No Read Data Beats","_","_","No Write Data Beats"
333,333,0,0000,1,0,0,46,1,0,0,0,0000000000000,"INCR",3,00,0,"Data Secure Unprivileged",0,"16 bytes",0,0000000000000,"INCR",0,00,0,"Data Secure Unprivileged",0,"1 byte",0,"EXOKAY",0,00010800000140000050810400010800,00000000000000000000000000000000,0000,2,0,1,0,2,1,0,2,0,1,2,0,1,0,0,0,0,"No Read Addr Cmds","No Write Addr Cmds","No Write Responses","_","_","Inactive","No Read Data Beats","_","_","No Write Data Beats"
334,334,0,0000,1,0,0,15,1,0,0,0,0000000000000,"INCR",3,00,0,"Data Secure Unprivileged",0,"16 bytes",0,0000000000000,"INCR",0,00,0,"Data Secure Unprivileged",0,"1 byte",0,"EXOKAY",0,00010800000140000050810400010800,00000000000000000000000000000000,0000,2,0,1,0,2,1,0,2,0,1,2,0,1,0,0,0,0,"No Read Addr Cmds","No Write Addr Cmds","No Write Responses","_","_","Inactive","No Read Data Beats","_","_","No Write Data Beats"
335,335,0,0000,1,0,0,4,1,0,0,0,0000000000000,"INCR",3,00,0,"Data Secure Unprivileged",0,"16 bytes",0,0000000000000,"INCR",0,00,0,"Data Secure Unprivileged",0,"1 byte",0,"EXOKAY",0,00010800000140000050810400010800,00000000000000000000000000000000,0000,2,0,1,0,2,1,0,2,0,1,2,0,1,0,0,0,0,"No Read Addr Cmds","No Write Addr Cmds","No Write Responses","_","_","Inactive","No Read Data Beats","_","_","No Write Data Beats"
336,336,0,0000,1,0,0,65513,1,0,0,0,0000000000000,"INCR",3,00,0,"Data Secure Unprivileged",0,"16 bytes",0,0000000000000,"INCR",0,00,0,"Data Secure Unprivileged",0,"1 byte",0,"EXOKAY",0,00010800000140000050810400010800,00000000000000000000000000000000,0000,2,0,1,0,2,1,0,2,0,1,2,0,1,0,0,0,0,"No Read Addr Cmds","No Write Addr Cmds","No Write Responses","_","_","Inactive","No Read Data Beats","_","_","No Write Data Beats"
337,337,0,0000,1,0,0,46,1,0,0,0,0000000000000,"INCR",3,00,0,"Data Secure Unprivileged",0,"16 bytes",0,0000000000000,"INCR",0,00,0,"Data Secure Unprivileged",0,"1 byte",0,"EXOKAY",0,00010800000140000050810400010800,00000000000000000000000000000000,0000,2,0,1,0,2,1,0,2,0,1,2,0,1,0,0,0,0,"No Read Addr Cmds","No Write Addr Cmds","No Write Responses","_","_","Inactive","No Read Data Beats","_","_","No Write Data Beats"
338,338,0,0000,1,0,0,65526,1,0,0,0,0000000000000,"INCR",3,00,0,"Data Secure Unprivileged",0,"16 bytes",0,0000000000000,"INCR",0,00,0,"Data Secure Unprivileged",0,"1 byte",0,"EXOKAY",0,00010800000140000050810400010800,00000000000000000000000000000000,0000,2,0,1,0,2,1,0,2,0,1,2,0,1,0,0,0,0,"No Read Addr Cmds","No Write Addr Cmds","No Write Responses","_","_","Inactive","No Read Data Beats","_","_","No Write Data Beats"
339,339,0,0000,1,0,0,65504,1,0,0,0,0000000000000,"INCR",3,00,0,"Data Secure Unprivileged",0,"16 bytes",0,0000000000000,"INCR",0,00,0,"Data Secure Unprivileged",0,"1 byte",0,"EXOKAY",0,00010800000140000050810400010800,00000000000000000000000000000000,0000,2,0,1,0,2,1,0,2,0,1,2,0,1,0,0,0,0,"No Read Addr Cmds","No Write Addr Cmds","No Write Responses","_","_","Inactive","No Read Data Beats","_","_","No Write Data Beats"
340,340,0,0000,1,0,0,24,1,0,0,0,0000000000000,"INCR",3,00,0,"Data Secure Unprivileged",0,"16 bytes",0,0000000000000,"INCR",0,00,0,"Data Secure Unprivileged",0,"1 byte",0,"EXOKAY",0,00010800000140000050810400010800,00000000000000000000000000000000,0000,2,0,1,0,2,1,0,2,0,1,2,0,1,0,0,0,0,"No Read Addr Cmds","No Write Addr Cmds","No Write Responses","_","_","Inactive","No Read Data Beats","_","_","No Write Data Beats"
341,341,0,0000,1,0,0,65533,1,0,0,0,0000000000000,"INCR",3,00,0,"Data Secure Unprivileged",0,"16 bytes",0,0000000000000,"INCR",0,00,0,"Data Secure Unprivileged",0,"1 byte",0,"EXOKAY",0,00010800000140000050810400010800,00000000000000000000000000000000,0000,2,0,1,0,2,1,0,2,0,1,2,0,1,0,0,0,0,"No Read Addr Cmds","No Write Addr Cmds","No Write Responses","_","_","Inactive","No Read Data Beats","_","_","No Write Data Beats"
342,342,0,0000,1,0,0,65493,1,0,0,0,0000000000000,"INCR",3,00,0,"Data Secure Unprivileged",0,"16 bytes",0,0000000000000,"INCR",0,00,0,"Data Secure Unprivileged",0,"1 byte",0,"EXOKAY",0,00010800000140000050810400010800,00000000000000000000000000000000,0000,2,0,1,0,2,1,0,2,0,1,2,0,1,0,0,0,0,"No Read Addr Cmds","No Write Addr Cmds","No Write Responses","_","_","Inactive","No Read Data Beats","_","_","No Write Data Beats"
343,343,0,0000,1,0,0,21,1,0,0,0,0000000000000,"INCR",3,00,0,"Data Secure Unprivileged",0,"16 bytes",0,0000000000000,"INCR",0,00,0,"Data Secure Unprivileged",0,"1 byte",0,"EXOKAY",0,00010800000140000050810400010800,00000000000000000000000000000000,0000,2,0,1,0,2,1,0,2,0,1,2,0,1,0,0,0,0,"No Read Addr Cmds","No Write Addr Cmds","No Write Responses","_","_","Inactive","No Read Data Beats","_","_","No Write Data Beats"
344,344,0,0000,1,0,0,42,1,0,0,0,0000000000000,"INCR",3,00,0,"Data Secure Unprivileged",0,"16 bytes",0,0000000000000,"INCR",0,00,0,"Data Secure Unprivileged",0,"1 byte",0,"EXOKAY",0,00010800000140000050810400010800,00000000000000000000000000000000,0000,2,0,1,0,2,1,0,2,0,1,2,0,1,0,0,0,0,"No Read Addr Cmds","No Write Addr Cmds","No Write Responses","_","_","Inactive","No Read Data Beats","_","_","No Write Data Beats"
345,345,0,0000,1,0,0,8,1,0,0,0,0000000000000,"INCR",3,00,0,"Data Secure Unprivileged",0,"16 bytes",0,0000000000000,"INCR",0,00,0,"Data Secure Unprivileged",0,"1 byte",0,"EXOKAY",0,00010800000140000050810400010800,00000000000000000000000000000000,0000,2,0,1,0,2,1,0,2,0,1,2,0,1,0,0,0,0,"No Read Addr Cmds","No Write Addr Cmds","No Write Responses","_","_","Inactive","No Read Data Beats","_","_","No Write Data Beats"
346,346,0,0000,1,0,0,8,1,0,0,0,0000000000000,"INCR",3,00,0,"Data Secure Unprivileged",0,"16 bytes",0,0000000000000,"INCR",0,00,0,"Data Secure Unprivileged",0,"1 byte",0,"EXOKAY",0,00010800000140000050810400010800,00000000000000000000000000000000,0000,2,0,1,0,2,1,0,2,0,1,2,0,1,0,0,0,0,"No Read Addr Cmds","No Write Addr Cmds","No Write Responses","_","_","Inactive","No Read Data Beats","_","_","No Write Data Beats"
347,347,0,0000,1,0,0,10,1,0,0,0,0000000000000,"INCR",3,00,0,"Data Secure Unprivileged",0,"16 bytes",0,0000000000000,"INCR",0,00,0,"Data Secure Unprivileged",0,"1 byte",0,"EXOKAY",0,00010800000140000050810400010800,00000000000000000000000000000000,0000,2,0,1,0,2,1,0,2,0,1,2,0,1,0,0,0,0,"No Read Addr Cmds","No Write Addr Cmds","No Write Responses","_","_","Inactive","No Read Data Beats","_","_","No Write Data Beats"
348,348,0,0000,1,0,0,3,1,0,0,0,0000000000000,"INCR",3,00,0,"Data Secure Unprivileged",0,"16 bytes",0,0000000000000,"INCR",0,00,0,"Data Secure Unprivileged",0,"1 byte",0,"EXOKAY",0,00010800000140000050810400010800,00000000000000000000000000000000,0000,2,0,1,0,2,1,0,2,0,1,2,0,1,0,0,0,0,"No Read Addr Cmds","No Write Addr Cmds","No Write Responses","_","_","Inactive","No Read Data Beats","_","_","No Write Data Beats"
349,349,0,0000,1,0,0,26,1,0,0,0,0000000000000,"INCR",3,00,0,"Data Secure Unprivileged",0,"16 bytes",0,0000000000000,"INCR",0,00,0,"Data Secure Unprivileged",0,"1 byte",0,"EXOKAY",0,00010800000140000050810400010800,00000000000000000000000000000000,0000,2,0,1,0,2,1,0,2,0,1,2,0,1,0,0,0,0,"No Read Addr Cmds","No Write Addr Cmds","No Write Responses","_","_","Inactive","No Read Data Beats","_","_","No Write Data Beats"
350,350,0,0000,1,0,0,16,1,0,0,0,0000000000000,"INCR",3,00,0,"Data Secure Unprivileged",0,"16 bytes",0,0000000000000,"INCR",0,00,0,"Data Secure Unprivileged",0,"1 byte",0,"EXOKAY",0,00010800000140000050810400010800,00000000000000000000000000000000,0000,2,0,1,0,2,1,0,2,0,1,2,0,1,0,0,0,0,"No Read Addr Cmds","No Write Addr Cmds","No Write Responses","_","_","Inactive","No Read Data Beats","_","_","No Write Data Beats"
351,351,0,0000,1,0,0,65534,1,0,0,0,0000000000000,"INCR",3,00,0,"Data Secure Unprivileged",0,"16 bytes",0,0000000000000,"INCR",0,00,0,"Data Secure Unprivileged",0,"1 byte",0,"EXOKAY",0,00010800000140000050810400010800,00000000000000000000000000000000,0000,2,0,1,0,2,1,0,2,0,1,2,0,1,0,0,0,0,"No Read Addr Cmds","No Write Addr Cmds","No Write Responses","_","_","Inactive","No Read Data Beats","_","_","No Write Data Beats"
352,352,0,0000,1,0,0,5,1,0,0,0,0000000000000,"INCR",3,00,0,"Data Secure Unprivileged",0,"16 bytes",0,0000000000000,"INCR",0,00,0,"Data Secure Unprivileged",0,"1 byte",0,"EXOKAY",0,00010800000140000050810400010800,00000000000000000000000000000000,0000,2,0,1,0,2,1,0,2,0,1,2,0,1,0,0,0,0,"No Read Addr Cmds","No Write Addr Cmds","No Write Responses","_","_","Inactive","No Read Data Beats","_","_","No Write Data Beats"
353,353,0,0000,1,0,0,10,1,0,0,0,0000000000000,"INCR",3,00,0,"Data Secure Unprivileged",0,"16 bytes",0,0000000000000,"INCR",0,00,0,"Data Secure Unprivileged",0,"1 byte",0,"EXOKAY",0,00010800000140000050810400010800,00000000000000000000000000000000,0000,2,0,1,0,2,1,0,2,0,1,2,0,1,0,0,0,0,"No Read Addr Cmds","No Write Addr Cmds","No Write Responses","_","_","Inactive","No Read Data Beats","_","_","No Write Data Beats"
354,354,0,0000,1,0,0,65521,1,0,0,0,0000000000000,"INCR",3,00,0,"Data Secure Unprivileged",0,"16 bytes",0,0000000000000,"INCR",0,00,0,"Data Secure Unprivileged",0,"1 byte",0,"EXOKAY",0,00010800000140000050810400010800,00000000000000000000000000000000,0000,2,0,1,0,2,1,0,2,0,1,2,0,1,0,0,0,0,"No Read Addr Cmds","No Write Addr Cmds","No Write Responses","_","_","Inactive","No Read Data Beats","_","_","No Write Data Beats"
355,355,0,0000,1,0,0,38,1,0,0,0,0000000000000,"INCR",3,00,0,"Data Secure Unprivileged",0,"16 bytes",0,0000000000000,"INCR",0,00,0,"Data Secure Unprivileged",0,"1 byte",0,"EXOKAY",0,00010800000140000050810400010800,00000000000000000000000000000000,0000,2,0,1,0,2,1,0,2,0,1,2,0,1,0,0,0,0,"No Read Addr Cmds","No Write Addr Cmds","No Write Responses","_","_","Inactive","No Read Data Beats","_","_","No Write Data Beats"
356,356,0,0000,1,0,0,1,1,0,0,0,0000000000000,"INCR",3,00,0,"Data Secure Unprivileged",0,"16 bytes",0,0000000000000,"INCR",0,00,0,"Data Secure Unprivileged",0,"1 byte",0,"EXOKAY",0,00010800000140000050810400010800,00000000000000000000000000000000,0000,2,0,1,0,2,1,0,2,0,1,2,0,1,0,0,0,0,"No Read Addr Cmds","No Write Addr Cmds","No Write Responses","_","_","Inactive","No Read Data Beats","_","_","No Write Data Beats"
357,357,0,0000,1,0,0,65488,1,0,0,0,0000000000000,"INCR",3,00,0,"Data Secure Unprivileged",0,"16 bytes",0,0000000000000,"INCR",0,00,0,"Data Secure Unprivileged",0,"1 byte",0,"EXOKAY",0,00010800000140000050810400010800,00000000000000000000000000000000,0000,2,0,1,0,2,1,0,2,0,1,2,0,1,0,0,0,0,"No Read Addr Cmds","No Write Addr Cmds","No Write Responses","_","_","Inactive","No Read Data Beats","_","_","No Write Data Beats"
358,358,0,0000,1,0,0,65521,1,0,0,0,0000000000000,"INCR",3,00,0,"Data Secure Unprivileged",0,"16 bytes",0,0000000000000,"INCR",0,00,0,"Data Secure Unprivileged",0,"1 byte",0,"EXOKAY",0,00010800000140000050810400010800,00000000000000000000000000000000,0000,2,0,1,0,2,1,0,2,0,1,2,0,1,0,0,0,0,"No Read Addr Cmds","No Write Addr Cmds","No Write Responses","_","_","Inactive","No Read Data Beats","_","_","No Write Data Beats"
359,359,0,0000,1,0,0,65506,1,0,0,0,0000000000000,"INCR",3,00,0,"Data Secure Unprivileged",0,"16 bytes",0,0000000000000,"INCR",0,00,0,"Data Secure Unprivileged",0,"1 byte",0,"EXOKAY",0,00010800000140000050810400010800,00000000000000000000000000000000,0000,2,0,1,0,2,1,0,2,0,1,2,0,1,0,0,0,0,"No Read Addr Cmds","No Write Addr Cmds","No Write Responses","_","_","Inactive","No Read Data Beats","_","_","No Write Data Beats"
360,360,0,0000,1,0,0,65518,1,0,0,0,0000000000000,"INCR",3,00,0,"Data Secure Unprivileged",0,"16 bytes",0,0000000000000,"INCR",0,00,0,"Data Secure Unprivileged",0,"1 byte",0,"EXOKAY",0,00010800000140000050810400010800,00000000000000000000000000000000,0000,2,0,1,0,2,1,0,2,0,1,2,0,1,0,0,0,0,"No Read Addr Cmds","No Write Addr Cmds","No Write Responses","_","_","Inactive","No Read Data Beats","_","_","No Write Data Beats"
361,361,0,0000,1,0,0,65494,1,0,0,0,0000000000000,"INCR",3,00,0,"Data Secure Unprivileged",0,"16 bytes",0,0000000000000,"INCR",0,00,0,"Data Secure Unprivileged",0,"1 byte",0,"EXOKAY",0,00010800000140000050810400010800,00000000000000000000000000000000,0000,2,0,1,0,2,1,0,2,0,1,2,0,1,0,0,0,0,"No Read Addr Cmds","No Write Addr Cmds","No Write Responses","_","_","Inactive","No Read Data Beats","_","_","No Write Data Beats"
362,362,0,0000,1,0,0,46,1,0,0,0,0000000000000,"INCR",3,00,0,"Data Secure Unprivileged",0,"16 bytes",0,0000000000000,"INCR",0,00,0,"Data Secure Unprivileged",0,"1 byte",0,"EXOKAY",0,00010800000140000050810400010800,00000000000000000000000000000000,0000,2,0,1,0,2,1,0,2,0,1,2,0,1,0,0,0,0,"No Read Addr Cmds","No Write Addr Cmds","No Write Responses","_","_","Inactive","No Read Data Beats","_","_","No Write Data Beats"
363,363,0,0000,1,0,0,27,1,0,0,0,0000000000000,"INCR",3,00,0,"Data Secure Unprivileged",0,"16 bytes",0,0000000000000,"INCR",0,00,0,"Data Secure Unprivileged",0,"1 byte",0,"EXOKAY",0,00010800000140000050810400010800,00000000000000000000000000000000,0000,2,0,1,0,2,1,0,2,0,1,2,0,1,0,0,0,0,"No Read Addr Cmds","No Write Addr Cmds","No Write Responses","_","_","Inactive","No Read Data Beats","_","_","No Write Data Beats"
364,364,0,0000,1,0,0,23,1,0,0,0,0000000000000,"INCR",3,00,0,"Data Secure Unprivileged",0,"16 bytes",0,0000000000000,"INCR",0,00,0,"Data Secure Unprivileged",0,"1 byte",0,"EXOKAY",0,00010800000140000050810400010800,00000000000000000000000000000000,0000,2,0,1,0,2,1,0,2,0,1,2,0,1,0,0,0,0,"No Read Addr Cmds","No Write Addr Cmds","No Write Responses","_","_","Inactive","No Read Data Beats","_","_","No Write Data Beats"
365,365,0,0000,1,0,0,65516,1,0,0,0,0000000000000,"INCR",3,00,0,"Data Secure Unprivileged",0,"16 bytes",0,0000000000000,"INCR",0,00,0,"Data Secure Unprivileged",0,"1 byte",0,"EXOKAY",0,00010800000140000050810400010800,00000000000000000000000000000000,0000,2,0,1,0,2,1,0,2,0,1,2,0,1,0,0,0,0,"No Read Addr Cmds","No Write Addr Cmds","No Write Responses","_","_","Inactive","No Read Data Beats","_","_","No Write Data Beats"
366,366,0,0000,1,0,0,65535,1,0,0,0,0000000000000,"INCR",3,00,0,"Data Secure Unprivileged",0,"16 bytes",0,0000000000000,"INCR",0,00,0,"Data Secure Unprivileged",0,"1 byte",0,"EXOKAY",0,00010800000140000050810400010800,00000000000000000000000000000000,0000,2,0,1,0,2,1,0,2,0,1,2,0,1,0,0,0,0,"No Read Addr Cmds","No Write Addr Cmds","No Write Responses","_","_","Inactive","No Read Data Beats","_","_","No Write Data Beats"
367,367,0,0000,1,0,0,43,1,0,0,0,0000000000000,"INCR",3,00,0,"Data Secure Unprivileged",0,"16 bytes",0,0000000000000,"INCR",0,00,0,"Data Secure Unprivileged",0,"1 byte",0,"EXOKAY",0,00010800000140000050810400010800,00000000000000000000000000000000,0000,2,0,1,0,2,1,0,2,0,1,2,0,1,0,0,0,0,"No Read Addr Cmds","No Write Addr Cmds","No Write Responses","_","_","Inactive","No Read Data Beats","_","_","No Write Data Beats"
368,368,0,0000,1,0,0,65531,1,0,0,0,0000000000000,"INCR",3,00,0,"Data Secure Unprivileged",0,"16 bytes",0,0000000000000,"INCR",0,00,0,"Data Secure Unprivileged",0,"1 byte",0,"EXOKAY",0,00010800000140000050810400010800,00000000000000000000000000000000,0000,2,0,1,0,2,1,0,2,0,1,2,0,1,0,0,0,0,"No Read Addr Cmds","No Write Addr Cmds","No Write Responses","_","_","Inactive","No Read Data Beats","_","_","No Write Data Beats"
369,369,0,0000,1,0,0,65485,1,0,0,0,0000000000000,"INCR",3,00,0,"Data Secure Unprivileged",0,"16 bytes",0,0000000000000,"INCR",0,00,0,"Data Secure Unprivileged",0,"1 byte",0,"EXOKAY",0,00010800000140000050810400010800,00000000000000000000000000000000,0000,2,0,1,0,2,1,0,2,0,1,2,0,1,0,0,0,0,"No Read Addr Cmds","No Write Addr Cmds","No Write Responses","_","_","Inactive","No Read Data Beats","_","_","No Write Data Beats"
370,370,0,0000,1,0,0,41,1,0,0,0,0000000000000,"INCR",3,00,0,"Data Secure Unprivileged",0,"16 bytes",0,0000000000000,"INCR",0,00,0,"Data Secure Unprivileged",0,"1 byte",0,"EXOKAY",0,00010800000140000050810400010800,00000000000000000000000000000000,0000,2,0,1,0,2,1,0,2,0,1,2,0,1,0,0,0,0,"No Read Addr Cmds","No Write Addr Cmds","No Write Responses","_","_","Inactive","No Read Data Beats","_","_","No Write Data Beats"
371,371,0,0000,1,0,0,65530,1,0,0,0,0000000000000,"INCR",3,00,0,"Data Secure Unprivileged",0,"16 bytes",0,0000000000000,"INCR",0,00,0,"Data Secure Unprivileged",0,"1 byte",0,"EXOKAY",0,00010800000140000050810400010800,00000000000000000000000000000000,0000,2,0,1,0,2,1,0,2,0,1,2,0,1,0,0,0,0,"No Read Addr Cmds","No Write Addr Cmds","No Write Responses","_","_","Inactive","No Read Data Beats","_","_","No Write Data Beats"
372,372,0,0000,1,0,0,65486,1,0,0,0,0000000000000,"INCR",3,00,0,"Data Secure Unprivileged",0,"16 bytes",0,0000000000000,"INCR",0,00,0,"Data Secure Unprivileged",0,"1 byte",0,"EXOKAY",0,00010800000140000050810400010800,00000000000000000000000000000000,0000,2,0,1,0,2,1,0,2,0,1,2,0,1,0,0,0,0,"No Read Addr Cmds","No Write Addr Cmds","No Write Responses","_","_","Inactive","No Read Data Beats","_","_","No Write Data Beats"
373,373,0,0000,1,0,0,65501,1,0,0,0,0000000000000,"INCR",3,00,0,"Data Secure Unprivileged",0,"16 bytes",0,0000000000000,"INCR",0,00,0,"Data Secure Unprivileged",0,"1 byte",0,"EXOKAY",0,00010800000140000050810400010800,00000000000000000000000000000000,0000,2,0,1,0,2,1,0,2,0,1,2,0,1,0,0,0,0,"No Read Addr Cmds","No Write Addr Cmds","No Write Responses","_","_","Inactive","No Read Data Beats","_","_","No Write Data Beats"
374,374,0,0000,1,0,0,14,1,0,0,0,0000000000000,"INCR",3,00,0,"Data Secure Unprivileged",0,"16 bytes",0,0000000000000,"INCR",0,00,0,"Data Secure Unprivileged",0,"1 byte",0,"EXOKAY",0,00010800000140000050810400010800,00000000000000000000000000000000,0000,2,0,1,0,2,1,0,2,0,1,2,0,1,0,0,0,0,"No Read Addr Cmds","No Write Addr Cmds","No Write Responses","_","_","Inactive","No Read Data Beats","_","_","No Write Data Beats"
375,375,0,0000,1,0,0,65502,1,0,0,0,0000000000000,"INCR",3,00,0,"Data Secure Unprivileged",0,"16 bytes",0,0000000000000,"INCR",0,00,0,"Data Secure Unprivileged",0,"1 byte",0,"EXOKAY",0,00010800000140000050810400010800,00000000000000000000000000000000,0000,2,0,1,0,2,1,0,2,0,1,2,0,1,0,0,0,0,"No Read Addr Cmds","No Write Addr Cmds","No Write Responses","_","_","Inactive","No Read Data Beats","_","_","No Write Data Beats"
376,376,0,0000,1,0,0,44,1,0,0,0,0000000000000,"INCR",3,00,0,"Data Secure Unprivileged",0,"16 bytes",0,0000000000000,"INCR",0,00,0,"Data Secure Unprivileged",0,"1 byte",0,"EXOKAY",0,00010800000140000050810400010800,00000000000000000000000000000000,0000,2,0,1,0,2,1,0,2,0,1,2,0,1,0,0,0,0,"No Read Addr Cmds","No Write Addr Cmds","No Write Responses","_","_","Inactive","No Read Data Beats","_","_","No Write Data Beats"
377,377,0,0000,1,0,0,65497,1,0,0,0,0000000000000,"INCR",3,00,0,"Data Secure Unprivileged",0,"16 bytes",0,0000000000000,"INCR",0,00,0,"Data Secure Unprivileged",0,"1 byte",0,"EXOKAY",0,00010800000140000050810400010800,00000000000000000000000000000000,0000,2,0,1,0,2,1,0,2,0,1,2,0,1,0,0,0,0,"No Read Addr Cmds","No Write Addr Cmds","No Write Responses","_","_","Inactive","No Read Data Beats","_","_","No Write Data Beats"
378,378,0,0000,1,0,0,65527,1,0,0,0,0000000000000,"INCR",3,00,0,"Data Secure Unprivileged",0,"16 bytes",0,0000000000000,"INCR",0,00,0,"Data Secure Unprivileged",0,"1 byte",0,"EXOKAY",0,00010800000140000050810400010800,00000000000000000000000000000000,0000,2,0,1,0,2,1,0,2,0,1,2,0,1,0,0,0,0,"No Read Addr Cmds","No Write Addr Cmds","No Write Responses","_","_","Inactive","No Read Data Beats","_","_","No Write Data Beats"
379,379,0,0000,1,0,0,39,1,0,0,0,0000000000000,"INCR",3,00,0,"Data Secure Unprivileged",0,"16 bytes",0,0000000000000,"INCR",0,00,0,"Data Secure Unprivileged",0,"1 byte",0,"EXOKAY",0,00010800000140000050810400010800,00000000000000000000000000000000,0000,2,0,1,0,2,1,0,2,0,1,2,0,1,0,0,0,0,"No Read Addr Cmds","No Write Addr Cmds","No Write Responses","_","_","Inactive","No Read Data Beats","_","_","No Write Data Beats"
380,380,0,0000,1,0,0,65463,1,0,0,0,0000000000000,"INCR",3,00,0,"Data Secure Unprivileged",0,"16 bytes",0,0000000000000,"INCR",0,00,0,"Data Secure Unprivileged",0,"1 byte",0,"EXOKAY",0,00010800000140000050810400010800,00000000000000000000000000000000,0000,2,0,1,0,2,1,0,2,0,1,2,0,1,0,0,0,0,"No Read Addr Cmds","No Write Addr Cmds","No Write Responses","_","_","Inactive","No Read Data Beats","_","_","No Write Data Beats"
381,381,0,0000,1,0,0,33,1,0,0,0,0000000000000,"INCR",3,00,0,"Data Secure Unprivileged",0,"16 bytes",0,0000000000000,"INCR",0,00,0,"Data Secure Unprivileged",0,"1 byte",0,"EXOKAY",0,00010800000140000050810400010800,00000000000000000000000000000000,0000,2,0,1,0,2,1,0,2,0,1,2,0,1,0,0,0,0,"No Read Addr Cmds","No Write Addr Cmds","No Write Responses","_","_","Inactive","No Read Data Beats","_","_","No Write Data Beats"
382,382,0,0000,1,0,0,3,1,0,0,0,0000000000000,"INCR",3,00,0,"Data Secure Unprivileged",0,"16 bytes",0,0000000000000,"INCR",0,00,0,"Data Secure Unprivileged",0,"1 byte",0,"EXOKAY",0,00010800000140000050810400010800,00000000000000000000000000000000,0000,2,0,1,0,2,1,0,2,0,1,2,0,1,0,0,0,0,"No Read Addr Cmds","No Write Addr Cmds","No Write Responses","_","_","Inactive","No Read Data Beats","_","_","No Write Data Beats"
383,383,0,0000,1,0,0,48,1,0,0,0,0000000000000,"INCR",3,00,0,"Data Secure Unprivileged",0,"16 bytes",0,0000000000000,"INCR",0,00,0,"Data Secure Unprivileged",0,"1 byte",0,"EXOKAY",0,00010800000140000050810400010800,00000000000000000000000000000000,0000,2,0,1,0,2,1,0,2,0,1,2,0,1,0,0,0,0,"No Read Addr Cmds","No Write Addr Cmds","No Write Responses","_","_","Inactive","No Read Data Beats","_","_","No Write Data Beats"
384,384,0,0000,1,0,0,65517,1,0,0,0,0000000000000,"INCR",3,00,0,"Data Secure Unprivileged",0,"16 bytes",0,0000000000000,"INCR",0,00,0,"Data Secure Unprivileged",0,"1 byte",0,"EXOKAY",0,00010800000140000050810400010800,00000000000000000000000000000000,0000,2,0,1,0,2,1,0,2,0,1,2,0,1,0,0,0,0,"No Read Addr Cmds","No Write Addr Cmds","No Write Responses","_","_","Inactive","No Read Data Beats","_","_","No Write Data Beats"
385,385,0,0000,1,0,0,65502,1,0,0,0,0000000000000,"INCR",3,00,0,"Data Secure Unprivileged",0,"16 bytes",0,0000000000000,"INCR",0,00,0,"Data Secure Unprivileged",0,"1 byte",0,"EXOKAY",0,00010800000140000050810400010800,00000000000000000000000000000000,0000,2,0,1,0,2,1,0,2,0,1,2,0,1,0,0,0,0,"No Read Addr Cmds","No Write Addr Cmds","No Write Responses","_","_","Inactive","No Read Data Beats","_","_","No Write Data Beats"
386,386,0,0000,1,0,0,13,1,0,0,0,0000000000000,"INCR",3,00,0,"Data Secure Unprivileged",0,"16 bytes",0,0000000000000,"INCR",0,00,0,"Data Secure Unprivileged",0,"1 byte",0,"EXOKAY",0,00010800000140000050810400010800,00000000000000000000000000000000,0000,2,0,1,0,2,1,0,2,0,1,2,0,1,0,0,0,0,"No Read Addr Cmds","No Write Addr Cmds","No Write Responses","_","_","Inactive","No Read Data Beats","_","_","No Write Data Beats"
387,387,0,0000,1,0,0,65527,1,0,0,0,0000000000000,"INCR",3,00,0,"Data Secure Unprivileged",0,"16 bytes",0,0000000000000,"INCR",0,00,0,"Data Secure Unprivileged",0,"1 byte",0,"EXOKAY",0,00010800000140000050810400010800,00000000000000000000000000000000,0000,2,0,1,0,2,1,0,2,0,1,2,0,1,0,0,0,0,"No Read Addr Cmds","No Write Addr Cmds","No Write Responses","_","_","Inactive","No Read Data Beats","_","_","No Write Data Beats"
388,388,0,0000,1,0,0,65533,1,0,0,0,0000000000000,"INCR",3,00,0,"Data Secure Unprivileged",0,"16 bytes",0,0000000000000,"INCR",0,00,0,"Data Secure Unprivileged",0,"1 byte",0,"EXOKAY",0,00010800000140000050810400010800,00000000000000000000000000000000,0000,2,0,1,0,2,1,0,2,0,1,2,0,1,0,0,0,0,"No Read Addr Cmds","No Write Addr Cmds","No Write Responses","_","_","Inactive","No Read Data Beats","_","_","No Write Data Beats"
389,389,0,0000,1,0,0,65530,1,0,0,0,0000000000000,"INCR",3,00,0,"Data Secure Unprivileged",0,"16 bytes",0,0000000000000,"INCR",0,00,0,"Data Secure Unprivileged",0,"1 byte",0,"EXOKAY",0,00010800000140000050810400010800,00000000000000000000000000000000,0000,2,0,1,0,2,1,0,2,0,1,2,0,1,0,0,0,0,"No Read Addr Cmds","No Write Addr Cmds","No Write Responses","_","_","Inactive","No Read Data Beats","_","_","No Write Data Beats"
390,390,0,0000,1,0,0,65527,1,0,0,0,0000000000000,"INCR",3,00,0,"Data Secure Unprivileged",0,"16 bytes",0,0000000000000,"INCR",0,00,0,"Data Secure Unprivileged",0,"1 byte",0,"EXOKAY",0,00010800000140000050810400010800,00000000000000000000000000000000,0000,2,0,1,0,2,1,0,2,0,1,2,0,1,0,0,0,0,"No Read Addr Cmds","No Write Addr Cmds","No Write Responses","_","_","Inactive","No Read Data Beats","_","_","No Write Data Beats"
391,391,0,0000,1,0,0,65531,1,0,0,0,0000000000000,"INCR",3,00,0,"Data Secure Unprivileged",0,"16 bytes",0,0000000000000,"INCR",0,00,0,"Data Secure Unprivileged",0,"1 byte",0,"EXOKAY",0,00010800000140000050810400010800,00000000000000000000000000000000,0000,2,0,1,0,2,1,0,2,0,1,2,0,1,0,0,0,0,"No Read Addr Cmds","No Write Addr Cmds","No Write Responses","_","_","Inactive","No Read Data Beats","_","_","No Write Data Beats"
392,392,0,0000,1,0,0,65507,1,0,0,0,0000000000000,"INCR",3,00,0,"Data Secure Unprivileged",0,"16 bytes",0,0000000000000,"INCR",0,00,0,"Data Secure Unprivileged",0,"1 byte",0,"EXOKAY",0,00010800000140000050810400010800,00000000000000000000000000000000,0000,2,0,1,0,2,1,0,2,0,1,2,0,1,0,0,0,0,"No Read Addr Cmds","No Write Addr Cmds","No Write Responses","_","_","Inactive","No Read Data Beats","_","_","No Write Data Beats"
393,393,0,0000,1,0,0,65531,1,0,0,0,0000000000000,"INCR",3,00,0,"Data Secure Unprivileged",0,"16 bytes",0,0000000000000,"INCR",0,00,0,"Data Secure Unprivileged",0,"1 byte",0,"EXOKAY",0,00010800000140000050810400010800,00000000000000000000000000000000,0000,2,0,1,0,2,1,0,2,0,1,2,0,1,0,0,0,0,"No Read Addr Cmds","No Write Addr Cmds","No Write Responses","_","_","Inactive","No Read Data Beats","_","_","No Write Data Beats"
394,394,0,0000,1,0,0,37,1,0,0,0,0000000000000,"INCR",3,00,0,"Data Secure Unprivileged",0,"16 bytes",0,0000000000000,"INCR",0,00,0,"Data Secure Unprivileged",0,"1 byte",0,"EXOKAY",0,00010800000140000050810400010800,00000000000000000000000000000000,0000,2,0,1,0,2,1,0,2,0,1,2,0,1,0,0,0,0,"No Read Addr Cmds","No Write Addr Cmds","No Write Responses","_","_","Inactive","No Read Data Beats","_","_","No Write Data Beats"
395,395,0,0000,1,0,0,35,1,0,0,0,0000000000000,"INCR",3,00,0,"Data Secure Unprivileged",0,"16 bytes",0,0000000000000,"INCR",0,00,0,"Data Secure Unprivileged",0,"1 byte",0,"EXOKAY",0,00010800000140000050810400010800,00000000000000000000000000000000,0000,2,0,1,0,2,1,0,2,0,1,2,0,1,0,0,0,0,"No Read Addr Cmds","No Write Addr Cmds","No Write Responses","_","_","Inactive","No Read Data Beats","_","_","No Write Data Beats"
396,396,0,0000,1,0,0,65477,1,0,0,0,0000000000000,"INCR",3,00,0,"Data Secure Unprivileged",0,"16 bytes",0,0000000000000,"INCR",0,00,0,"Data Secure Unprivileged",0,"1 byte",0,"EXOKAY",0,00010800000140000050810400010800,00000000000000000000000000000000,0000,2,0,1,0,2,1,0,2,0,1,2,0,1,0,0,0,0,"No Read Addr Cmds","No Write Addr Cmds","No Write Responses","_","_","Inactive","No Read Data Beats","_","_","No Write Data Beats"
397,397,0,0000,1,0,0,65515,1,0,0,0,0000000000000,"INCR",3,00,0,"Data Secure Unprivileged",0,"16 bytes",0,0000000000000,"INCR",0,00,0,"Data Secure Unprivileged",0,"1 byte",0,"EXOKAY",0,00010800000140000050810400010800,00000000000000000000000000000000,0000,2,0,1,0,2,1,0,2,0,1,2,0,1,0,0,0,0,"No Read Addr Cmds","No Write Addr Cmds","No Write Responses","_","_","Inactive","No Read Data Beats","_","_","No Write Data Beats"
398,398,0,0000,1,0,0,50,1,0,0,0,0000000000000,"INCR",3,00,0,"Data Secure Unprivileged",0,"16 bytes",0,0000000000000,"INCR",0,00,0,"Data Secure Unprivileged",0,"1 byte",0,"EXOKAY",0,00010800000140000050810400010800,00000000000000000000000000000000,0000,2,0,1,0,2,1,0,2,0,1,2,0,1,0,0,0,0,"No Read Addr Cmds","No Write Addr Cmds","No Write Responses","_","_","Inactive","No Read Data Beats","_","_","No Write Data Beats"
399,399,0,0000,1,0,0,65495,1,0,0,0,0000000000000,"INCR",3,00,0,"Data Secure Unprivileged",0,"16 bytes",0,0000000000000,"INCR",0,00,0,"Data Secure Unprivileged",0,"1 byte",0,"EXOKAY",0,00010800000140000050810400010800,00000000000000000000000000000000,0000,2,0,1,0,2,1,0,2,0,1,2,0,1,0,0,0,0,"No Read Addr Cmds","No Write Addr Cmds","No Write Responses","_","_","Inactive","No Read Data Beats","_","_","No Write Data Beats"
400,400,0,0000,1,0,0,7,1,0,0,0,0000000000000,"INCR",3,00,0,"Data Secure Unprivileged",0,"16 bytes",0,0000000000000,"INCR",0,00,0,"Data Secure Unprivileged",0,"1 byte",0,"EXOKAY",0,00010800000140000050810400010800,00000000000000000000000000000000,0000,2,0,1,0,2,1,0,2,0,1,2,0,1,0,0,0,0,"No Read Addr Cmds","No Write Addr Cmds","No Write Responses","_","_","Inactive","No Read Data Beats","_","_","No Write Data Beats"
401,401,0,0000,1,0,0,24,1,0,0,0,0000000000000,"INCR",3,00,0,"Data Secure Unprivileged",0,"16 bytes",0,0000000000000,"INCR",0,00,0,"Data Secure Unprivileged",0,"1 byte",0,"EXOKAY",0,00010800000140000050810400010800,00000000000000000000000000000000,0000,2,0,1,0,2,1,0,2,0,1,2,0,1,0,0,0,0,"No Read Addr Cmds","No Write Addr Cmds","No Write Responses","_","_","Inactive","No Read Data Beats","_","_","No Write Data Beats"
402,402,0,0000,1,0,0,44,1,0,0,0,0000000000000,"INCR",3,00,0,"Data Secure Unprivileged",0,"16 bytes",0,0000000000000,"INCR",0,00,0,"Data Secure Unprivileged",0,"1 byte",0,"EXOKAY",0,00010800000140000050810400010800,00000000000000000000000000000000,0000,2,0,1,0,2,1,0,2,0,1,2,0,1,0,0,0,0,"No Read Addr Cmds","No Write Addr Cmds","No Write Responses","_","_","Inactive","No Read Data Beats","_","_","No Write Data Beats"
403,403,0,0000,1,0,0,32,1,0,0,0,0000000000000,"INCR",3,00,0,"Data Secure Unprivileged",0,"16 bytes",0,0000000000000,"INCR",0,00,0,"Data Secure Unprivileged",0,"1 byte",0,"EXOKAY",0,00010800000140000050810400010800,00000000000000000000000000000000,0000,2,0,1,0,2,1,0,2,0,1,2,0,1,0,0,0,0,"No Read Addr Cmds","No Write Addr Cmds","No Write Responses","_","_","Inactive","No Read Data Beats","_","_","No Write Data Beats"
404,404,0,0000,1,0,0,3,1,0,0,0,0000000000000,"INCR",3,00,0,"Data Secure Unprivileged",0,"16 bytes",0,0000000000000,"INCR",0,00,0,"Data Secure Unprivileged",0,"1 byte",0,"EXOKAY",0,00010800000140000050810400010800,00000000000000000000000000000000,0000,2,0,1,0,2,1,0,2,0,1,2,0,1,0,0,0,0,"No Read Addr Cmds","No Write Addr Cmds","No Write Responses","_","_","Inactive","No Read Data Beats","_","_","No Write Data Beats"
405,405,0,0000,1,0,0,54,1,0,0,0,0000000000000,"INCR",3,00,0,"Data Secure Unprivileged",0,"16 bytes",0,0000000000000,"INCR",0,00,0,"Data Secure Unprivileged",0,"1 byte",0,"EXOKAY",0,00010800000140000050810400010800,00000000000000000000000000000000,0000,2,0,1,0,2,1,0,2,0,1,2,0,1,0,0,0,0,"No Read Addr Cmds","No Write Addr Cmds","No Write Responses","_","_","Inactive","No Read Data Beats","_","_","No Write Data Beats"
406,406,0,0000,1,0,0,7,1,0,0,0,0000000000000,"INCR",3,00,0,"Data Secure Unprivileged",0,"16 bytes",0,0000000000000,"INCR",0,00,0,"Data Secure Unprivileged",0,"1 byte",0,"EXOKAY",0,00010800000140000050810400010800,00000000000000000000000000000000,0000,2,0,1,0,2,1,0,2,0,1,2,0,1,0,0,0,0,"No Read Addr Cmds","No Write Addr Cmds","No Write Responses","_","_","Inactive","No Read Data Beats","_","_","No Write Data Beats"
407,407,0,0000,1,0,0,22,1,0,0,0,0000000000000,"INCR",3,00,0,"Data Secure Unprivileged",0,"16 bytes",0,0000000000000,"INCR",0,00,0,"Data Secure Unprivileged",0,"1 byte",0,"EXOKAY",0,00010800000140000050810400010800,00000000000000000000000000000000,0000,2,0,1,0,2,1,0,2,0,1,2,0,1,0,0,0,0,"No Read Addr Cmds","No Write Addr Cmds","No Write Responses","_","_","Inactive","No Read Data Beats","_","_","No Write Data Beats"
408,408,0,0000,1,0,0,65512,1,0,0,0,0000000000000,"INCR",3,00,0,"Data Secure Unprivileged",0,"16 bytes",0,0000000000000,"INCR",0,00,0,"Data Secure Unprivileged",0,"1 byte",0,"EXOKAY",0,00010800000140000050810400010800,00000000000000000000000000000000,0000,2,0,1,0,2,1,0,2,0,1,2,0,1,0,0,0,0,"No Read Addr Cmds","No Write Addr Cmds","No Write Responses","_","_","Inactive","No Read Data Beats","_","_","No Write Data Beats"
409,409,0,0000,1,0,0,65530,1,0,0,0,0000000000000,"INCR",3,00,0,"Data Secure Unprivileged",0,"16 bytes",0,0000000000000,"INCR",0,00,0,"Data Secure Unprivileged",0,"1 byte",0,"EXOKAY",0,00010800000140000050810400010800,00000000000000000000000000000000,0000,2,0,1,0,2,1,0,2,0,1,2,0,1,0,0,0,0,"No Read Addr Cmds","No Write Addr Cmds","No Write Responses","_","_","Inactive","No Read Data Beats","_","_","No Write Data Beats"
410,410,0,0000,1,0,0,65521,1,0,0,0,0000000000000,"INCR",3,00,0,"Data Secure Unprivileged",0,"16 bytes",0,0000000000000,"INCR",0,00,0,"Data Secure Unprivileged",0,"1 byte",0,"EXOKAY",0,00010800000140000050810400010800,00000000000000000000000000000000,0000,2,0,1,0,2,1,0,2,0,1,2,0,1,0,0,0,0,"No Read Addr Cmds","No Write Addr Cmds","No Write Responses","_","_","Inactive","No Read Data Beats","_","_","No Write Data Beats"
411,411,0,0000,1,0,0,28,1,0,0,0,0000000000000,"INCR",3,00,0,"Data Secure Unprivileged",0,"16 bytes",0,0000000000000,"INCR",0,00,0,"Data Secure Unprivileged",0,"1 byte",0,"EXOKAY",0,00010800000140000050810400010800,00000000000000000000000000000000,0000,2,0,1,0,2,1,0,2,0,1,2,0,1,0,0,0,0,"No Read Addr Cmds","No Write Addr Cmds","No Write Responses","_","_","Inactive","No Read Data Beats","_","_","No Write Data Beats"
412,412,0,0000,1,0,0,2,1,0,0,0,0000000000000,"INCR",3,00,0,"Data Secure Unprivileged",0,"16 bytes",0,0000000000000,"INCR",0,00,0,"Data Secure Unprivileged",0,"1 byte",0,"EXOKAY",0,00010800000140000050810400010800,00000000000000000000000000000000,0000,2,0,1,0,2,1,0,2,0,1,2,0,1,0,0,0,0,"No Read Addr Cmds","No Write Addr Cmds","No Write Responses","_","_","Inactive","No Read Data Beats","_","_","No Write Data Beats"
413,413,0,0000,1,0,0,65525,1,0,0,0,0000000000000,"INCR",3,00,0,"Data Secure Unprivileged",0,"16 bytes",0,0000000000000,"INCR",0,00,0,"Data Secure Unprivileged",0,"1 byte",0,"EXOKAY",0,00010800000140000050810400010800,00000000000000000000000000000000,0000,2,0,1,0,2,1,0,2,0,1,2,0,1,0,0,0,0,"No Read Addr Cmds","No Write Addr Cmds","No Write Responses","_","_","Inactive","No Read Data Beats","_","_","No Write Data Beats"
414,414,0,0000,1,0,0,65522,1,0,0,0,0000000000000,"INCR",3,00,0,"Data Secure Unprivileged",0,"16 bytes",0,0000000000000,"INCR",0,00,0,"Data Secure Unprivileged",0,"1 byte",0,"EXOKAY",0,00010800000140000050810400010800,00000000000000000000000000000000,0000,2,0,1,0,2,1,0,2,0,1,2,0,1,0,0,0,0,"No Read Addr Cmds","No Write Addr Cmds","No Write Responses","_","_","Inactive","No Read Data Beats","_","_","No Write Data Beats"
415,415,0,0000,1,0,0,8,1,0,0,0,0000000000000,"INCR",3,00,0,"Data Secure Unprivileged",0,"16 bytes",0,0000000000000,"INCR",0,00,0,"Data Secure Unprivileged",0,"1 byte",0,"EXOKAY",0,00010800000140000050810400010800,00000000000000000000000000000000,0000,2,0,1,0,2,1,0,2,0,1,2,0,1,0,0,0,0,"No Read Addr Cmds","No Write Addr Cmds","No Write Responses","_","_","Inactive","No Read Data Beats","_","_","No Write Data Beats"
416,416,0,0000,1,0,0,43,1,0,0,0,0000000000000,"INCR",3,00,0,"Data Secure Unprivileged",0,"16 bytes",0,0000000000000,"INCR",0,00,0,"Data Secure Unprivileged",0,"1 byte",0,"EXOKAY",0,00010800000140000050810400010800,00000000000000000000000000000000,0000,2,0,1,0,2,1,0,2,0,1,2,0,1,0,0,0,0,"No Read Addr Cmds","No Write Addr Cmds","No Write Responses","_","_","Inactive","No Read Data Beats","_","_","No Write Data Beats"
417,417,0,0000,1,0,0,65526,1,0,0,0,0000000000000,"INCR",3,00,0,"Data Secure Unprivileged",0,"16 bytes",0,0000000000000,"INCR",0,00,0,"Data Secure Unprivileged",0,"1 byte",0,"EXOKAY",0,00010800000140000050810400010800,00000000000000000000000000000000,0000,2,0,1,0,2,1,0,2,0,1,2,0,1,0,0,0,0,"No Read Addr Cmds","No Write Addr Cmds","No Write Responses","_","_","Inactive","No Read Data Beats","_","_","No Write Data Beats"
418,418,0,0000,1,0,0,39,1,0,0,0,0000000000000,"INCR",3,00,0,"Data Secure Unprivileged",0,"16 bytes",0,0000000000000,"INCR",0,00,0,"Data Secure Unprivileged",0,"1 byte",0,"EXOKAY",0,00010800000140000050810400010800,00000000000000000000000000000000,0000,2,0,1,0,2,1,0,2,0,1,2,0,1,0,0,0,0,"No Read Addr Cmds","No Write Addr Cmds","No Write Responses","_","_","Inactive","No Read Data Beats","_","_","No Write Data Beats"
419,419,0,0000,1,0,0,42,1,0,0,0,0000000000000,"INCR",3,00,0,"Data Secure Unprivileged",0,"16 bytes",0,0000000000000,"INCR",0,00,0,"Data Secure Unprivileged",0,"1 byte",0,"EXOKAY",0,00010800000140000050810400010800,00000000000000000000000000000000,0000,2,0,1,0,2,1,0,2,0,1,2,0,1,0,0,0,0,"No Read Addr Cmds","No Write Addr Cmds","No Write Responses","_","_","Inactive","No Read Data Beats","_","_","No Write Data Beats"
420,420,0,0000,1,0,0,23,1,0,0,0,0000000000000,"INCR",3,00,0,"Data Secure Unprivileged",0,"16 bytes",0,0000000000000,"INCR",0,00,0,"Data Secure Unprivileged",0,"1 byte",0,"EXOKAY",0,00010800000140000050810400010800,00000000000000000000000000000000,0000,2,0,1,0,2,1,0,2,0,1,2,0,1,0,0,0,0,"No Read Addr Cmds","No Write Addr Cmds","No Write Responses","_","_","Inactive","No Read Data Beats","_","_","No Write Data Beats"
421,421,0,0000,1,0,0,8,1,0,0,0,0000000000000,"INCR",3,00,0,"Data Secure Unprivileged",0,"16 bytes",0,0000000000000,"INCR",0,00,0,"Data Secure Unprivileged",0,"1 byte",0,"EXOKAY",0,00010800000140000050810400010800,00000000000000000000000000000000,0000,2,0,1,0,2,1,0,2,0,1,2,0,1,0,0,0,0,"No Read Addr Cmds","No Write Addr Cmds","No Write Responses","_","_","Inactive","No Read Data Beats","_","_","No Write Data Beats"
422,422,0,0000,1,0,0,11,1,0,0,0,0000000000000,"INCR",3,00,0,"Data Secure Unprivileged",0,"16 bytes",0,0000000000000,"INCR",0,00,0,"Data Secure Unprivileged",0,"1 byte",0,"EXOKAY",0,00010800000140000050810400010800,00000000000000000000000000000000,0000,2,0,1,0,2,1,0,2,0,1,2,0,1,0,0,0,0,"No Read Addr Cmds","No Write Addr Cmds","No Write Responses","_","_","Inactive","No Read Data Beats","_","_","No Write Data Beats"
423,423,0,0000,1,0,0,65496,1,0,0,0,0000000000000,"INCR",3,00,0,"Data Secure Unprivileged",0,"16 bytes",0,0000000000000,"INCR",0,00,0,"Data Secure Unprivileged",0,"1 byte",0,"EXOKAY",0,00010800000140000050810400010800,00000000000000000000000000000000,0000,2,0,1,0,2,1,0,2,0,1,2,0,1,0,0,0,0,"No Read Addr Cmds","No Write Addr Cmds","No Write Responses","_","_","Inactive","No Read Data Beats","_","_","No Write Data Beats"
424,424,0,0000,1,0,0,28,1,0,0,0,0000000000000,"INCR",3,00,0,"Data Secure Unprivileged",0,"16 bytes",0,0000000000000,"INCR",0,00,0,"Data Secure Unprivileged",0,"1 byte",0,"EXOKAY",0,00010800000140000050810400010800,00000000000000000000000000000000,0000,2,0,1,0,2,1,0,2,0,1,2,0,1,0,0,0,0,"No Read Addr Cmds","No Write Addr Cmds","No Write Responses","_","_","Inactive","No Read Data Beats","_","_","No Write Data Beats"
425,425,0,0000,1,0,0,6,1,0,0,0,0000000000000,"INCR",3,00,0,"Data Secure Unprivileged",0,"16 bytes",0,0000000000000,"INCR",0,00,0,"Data Secure Unprivileged",0,"1 byte",0,"EXOKAY",0,00010800000140000050810400010800,00000000000000000000000000000000,0000,2,0,1,0,2,1,0,2,0,1,2,0,1,0,0,0,0,"No Read Addr Cmds","No Write Addr Cmds","No Write Responses","_","_","Inactive","No Read Data Beats","_","_","No Write Data Beats"
426,426,0,0000,1,0,0,65514,1,0,0,0,0000000000000,"INCR",3,00,0,"Data Secure Unprivileged",0,"16 bytes",0,0000000000000,"INCR",0,00,0,"Data Secure Unprivileged",0,"1 byte",0,"EXOKAY",0,00010800000140000050810400010800,00000000000000000000000000000000,0000,2,0,1,0,2,1,0,2,0,1,2,0,1,0,0,0,0,"No Read Addr Cmds","No Write Addr Cmds","No Write Responses","_","_","Inactive","No Read Data Beats","_","_","No Write Data Beats"
427,427,0,0000,1,0,0,65518,1,0,0,0,0000000000000,"INCR",3,00,0,"Data Secure Unprivileged",0,"16 bytes",0,0000000000000,"INCR",0,00,0,"Data Secure Unprivileged",0,"1 byte",0,"EXOKAY",0,00010800000140000050810400010800,00000000000000000000000000000000,0000,2,0,1,0,2,1,0,2,0,1,2,0,1,0,0,0,0,"No Read Addr Cmds","No Write Addr Cmds","No Write Responses","_","_","Inactive","No Read Data Beats","_","_","No Write Data Beats"
428,428,0,0000,1,0,0,34,1,0,0,0,0000000000000,"INCR",3,00,0,"Data Secure Unprivileged",0,"16 bytes",0,0000000000000,"INCR",0,00,0,"Data Secure Unprivileged",0,"1 byte",0,"EXOKAY",0,00010800000140000050810400010800,00000000000000000000000000000000,0000,2,0,1,0,2,1,0,2,0,1,2,0,1,0,0,0,0,"No Read Addr Cmds","No Write Addr Cmds","No Write Responses","_","_","Inactive","No Read Data Beats","_","_","No Write Data Beats"
429,429,0,0000,1,0,0,53,1,0,0,0,0000000000000,"INCR",3,00,0,"Data Secure Unprivileged",0,"16 bytes",0,0000000000000,"INCR",0,00,0,"Data Secure Unprivileged",0,"1 byte",0,"EXOKAY",0,00010800000140000050810400010800,00000000000000000000000000000000,0000,2,0,1,0,2,1,0,2,0,1,2,0,1,0,0,0,0,"No Read Addr Cmds","No Write Addr Cmds","No Write Responses","_","_","Inactive","No Read Data Beats","_","_","No Write Data Beats"
430,430,0,0000,1,0,0,43,1,0,0,0,0000000000000,"INCR",3,00,0,"Data Secure Unprivileged",0,"16 bytes",0,0000000000000,"INCR",0,00,0,"Data Secure Unprivileged",0,"1 byte",0,"EXOKAY",0,00010800000140000050810400010800,00000000000000000000000000000000,0000,2,0,1,0,2,1,0,2,0,1,2,0,1,0,0,0,0,"No Read Addr Cmds","No Write Addr Cmds","No Write Responses","_","_","Inactive","No Read Data Beats","_","_","No Write Data Beats"
431,431,0,0000,1,0,0,65496,1,0,0,0,0000000000000,"INCR",3,00,0,"Data Secure Unprivileged",0,"16 bytes",0,0000000000000,"INCR",0,00,0,"Data Secure Unprivileged",0,"1 byte",0,"EXOKAY",0,00010800000140000050810400010800,00000000000000000000000000000000,0000,2,0,1,0,2,1,0,2,0,1,2,0,1,0,0,0,0,"No Read Addr Cmds","No Write Addr Cmds","No Write Responses","_","_","Inactive","No Read Data Beats","_","_","No Write Data Beats"
432,432,0,0000,1,0,0,7,1,0,0,0,0000000000000,"INCR",3,00,0,"Data Secure Unprivileged",0,"16 bytes",0,0000000000000,"INCR",0,00,0,"Data Secure Unprivileged",0,"1 byte",0,"EXOKAY",0,00010800000140000050810400010800,00000000000000000000000000000000,0000,2,0,1,0,2,1,0,2,0,1,2,0,1,0,0,0,0,"No Read Addr Cmds","No Write Addr Cmds","No Write Responses","_","_","Inactive","No Read Data Beats","_","_","No Write Data Beats"
433,433,0,0000,1,0,0,11,1,0,0,0,0000000000000,"INCR",3,00,0,"Data Secure Unprivileged",0,"16 bytes",0,0000000000000,"INCR",0,00,0,"Data Secure Unprivileged",0,"1 byte",0,"EXOKAY",0,00010800000140000050810400010800,00000000000000000000000000000000,0000,2,0,1,0,2,1,0,2,0,1,2,0,1,0,0,0,0,"No Read Addr Cmds","No Write Addr Cmds","No Write Responses","_","_","Inactive","No Read Data Beats","_","_","No Write Data Beats"
434,434,0,0000,1,0,0,65494,1,0,0,0,0000000000000,"INCR",3,00,0,"Data Secure Unprivileged",0,"16 bytes",0,0000000000000,"INCR",0,00,0,"Data Secure Unprivileged",0,"1 byte",0,"EXOKAY",0,00010800000140000050810400010800,00000000000000000000000000000000,0000,2,0,1,0,2,1,0,2,0,1,2,0,1,0,0,0,0,"No Read Addr Cmds","No Write Addr Cmds","No Write Responses","_","_","Inactive","No Read Data Beats","_","_","No Write Data Beats"
435,435,0,0000,1,0,0,65516,1,0,0,0,0000000000000,"INCR",3,00,0,"Data Secure Unprivileged",0,"16 bytes",0,0000000000000,"INCR",0,00,0,"Data Secure Unprivileged",0,"1 byte",0,"EXOKAY",0,00010800000140000050810400010800,00000000000000000000000000000000,0000,2,0,1,0,2,1,0,2,0,1,2,0,1,0,0,0,0,"No Read Addr Cmds","No Write Addr Cmds","No Write Responses","_","_","Inactive","No Read Data Beats","_","_","No Write Data Beats"
436,436,0,0000,1,0,0,65529,1,0,0,0,0000000000000,"INCR",3,00,0,"Data Secure Unprivileged",0,"16 bytes",0,0000000000000,"INCR",0,00,0,"Data Secure Unprivileged",0,"1 byte",0,"EXOKAY",0,00010800000140000050810400010800,00000000000000000000000000000000,0000,2,0,1,0,2,1,0,2,0,1,2,0,1,0,0,0,0,"No Read Addr Cmds","No Write Addr Cmds","No Write Responses","_","_","Inactive","No Read Data Beats","_","_","No Write Data Beats"
437,437,0,0000,1,0,0,65530,1,0,0,0,0000000000000,"INCR",3,00,0,"Data Secure Unprivileged",0,"16 bytes",0,0000000000000,"INCR",0,00,0,"Data Secure Unprivileged",0,"1 byte",0,"EXOKAY",0,00010800000140000050810400010800,00000000000000000000000000000000,0000,2,0,1,0,2,1,0,2,0,1,2,0,1,0,0,0,0,"No Read Addr Cmds","No Write Addr Cmds","No Write Responses","_","_","Inactive","No Read Data Beats","_","_","No Write Data Beats"
438,438,0,0000,1,0,0,48,1,0,0,0,0000000000000,"INCR",3,00,0,"Data Secure Unprivileged",0,"16 bytes",0,0000000000000,"INCR",0,00,0,"Data Secure Unprivileged",0,"1 byte",0,"EXOKAY",0,00010800000140000050810400010800,00000000000000000000000000000000,0000,2,0,1,0,2,1,0,2,0,1,2,0,1,0,0,0,0,"No Read Addr Cmds","No Write Addr Cmds","No Write Responses","_","_","Inactive","No Read Data Beats","_","_","No Write Data Beats"
439,439,0,0000,1,0,0,65531,1,0,0,0,0000000000000,"INCR",3,00,0,"Data Secure Unprivileged",0,"16 bytes",0,0000000000000,"INCR",0,00,0,"Data Secure Unprivileged",0,"1 byte",0,"EXOKAY",0,00010800000140000050810400010800,00000000000000000000000000000000,0000,2,0,1,0,2,1,0,2,0,1,2,0,1,0,0,0,0,"No Read Addr Cmds","No Write Addr Cmds","No Write Responses","_","_","Inactive","No Read Data Beats","_","_","No Write Data Beats"
440,440,0,0000,1,0,0,65493,1,0,0,0,0000000000000,"INCR",3,00,0,"Data Secure Unprivileged",0,"16 bytes",0,0000000000000,"INCR",0,00,0,"Data Secure Unprivileged",0,"1 byte",0,"EXOKAY",0,00010800000140000050810400010800,00000000000000000000000000000000,0000,2,0,1,0,2,1,0,2,0,1,2,0,1,0,0,0,0,"No Read Addr Cmds","No Write Addr Cmds","No Write Responses","_","_","Inactive","No Read Data Beats","_","_","No Write Data Beats"
441,441,0,0000,1,0,0,19,1,0,0,0,0000000000000,"INCR",3,00,0,"Data Secure Unprivileged",0,"16 bytes",0,0000000000000,"INCR",0,00,0,"Data Secure Unprivileged",0,"1 byte",0,"EXOKAY",0,00010800000140000050810400010800,00000000000000000000000000000000,0000,2,0,1,0,2,1,0,2,0,1,2,0,1,0,0,0,0,"No Read Addr Cmds","No Write Addr Cmds","No Write Responses","_","_","Inactive","No Read Data Beats","_","_","No Write Data Beats"
442,442,0,0000,1,0,0,65507,1,0,0,0,0000000000000,"INCR",3,00,0,"Data Secure Unprivileged",0,"16 bytes",0,0000000000000,"INCR",0,00,0,"Data Secure Unprivileged",0,"1 byte",0,"EXOKAY",0,00010800000140000050810400010800,00000000000000000000000000000000,0000,2,0,1,0,2,1,0,2,0,1,2,0,1,0,0,0,0,"No Read Addr Cmds","No Write Addr Cmds","No Write Responses","_","_","Inactive","No Read Data Beats","_","_","No Write Data Beats"
443,443,0,0000,1,0,0,10,1,0,0,0,0000000000000,"INCR",3,00,0,"Data Secure Unprivileged",0,"16 bytes",0,0000000000000,"INCR",0,00,0,"Data Secure Unprivileged",0,"1 byte",0,"EXOKAY",0,00010800000140000050810400010800,00000000000000000000000000000000,0000,2,0,1,0,2,1,0,2,0,1,2,0,1,0,0,0,0,"No Read Addr Cmds","No Write Addr Cmds","No Write Responses","_","_","Inactive","No Read Data Beats","_","_","No Write Data Beats"
444,444,0,0000,1,0,0,65511,1,0,0,0,0000000000000,"INCR",3,00,0,"Data Secure Unprivileged",0,"16 bytes",0,0000000000000,"INCR",0,00,0,"Data Secure Unprivileged",0,"1 byte",0,"EXOKAY",0,00010800000140000050810400010800,00000000000000000000000000000000,0000,2,0,1,0,2,1,0,2,0,1,2,0,1,0,0,0,0,"No Read Addr Cmds","No Write Addr Cmds","No Write Responses","_","_","Inactive","No Read Data Beats","_","_","No Write Data Beats"
445,445,0,0000,1,0,0,62,1,0,0,0,0000000000000,"INCR",3,00,0,"Data Secure Unprivileged",0,"16 bytes",0,0000000000000,"INCR",0,00,0,"Data Secure Unprivileged",0,"1 byte",0,"EXOKAY",0,00010800000140000050810400010800,00000000000000000000000000000000,0000,2,0,1,0,2,1,0,2,0,1,2,0,1,0,0,0,0,"No Read Addr Cmds","No Write Addr Cmds","No Write Responses","_","_","Inactive","No Read Data Beats","_","_","No Write Data Beats"
446,446,0,0000,1,0,0,47,1,0,0,0,0000000000000,"INCR",3,00,0,"Data Secure Unprivileged",0,"16 bytes",0,0000000000000,"INCR",0,00,0,"Data Secure Unprivileged",0,"1 byte",0,"EXOKAY",0,00010800000140000050810400010800,00000000000000000000000000000000,0000,2,0,1,0,2,1,0,2,0,1,2,0,1,0,0,0,0,"No Read Addr Cmds","No Write Addr Cmds","No Write Responses","_","_","Inactive","No Read Data Beats","_","_","No Write Data Beats"
447,447,0,0000,1,0,0,14,1,0,0,0,0000000000000,"INCR",3,00,0,"Data Secure Unprivileged",0,"16 bytes",0,0000000000000,"INCR",0,00,0,"Data Secure Unprivileged",0,"1 byte",0,"EXOKAY",0,00010800000140000050810400010800,00000000000000000000000000000000,0000,2,0,1,0,2,1,0,2,0,1,2,0,1,0,0,0,0,"No Read Addr Cmds","No Write Addr Cmds","No Write Responses","_","_","Inactive","No Read Data Beats","_","_","No Write Data Beats"
448,448,0,0000,1,0,0,65534,1,0,0,0,0000000000000,"INCR",3,00,0,"Data Secure Unprivileged",0,"16 bytes",0,0000000000000,"INCR",0,00,0,"Data Secure Unprivileged",0,"1 byte",0,"EXOKAY",0,00010800000140000050810400010800,00000000000000000000000000000000,0000,2,0,1,0,2,1,0,2,0,1,2,0,1,0,0,0,0,"No Read Addr Cmds","No Write Addr Cmds","No Write Responses","_","_","Inactive","No Read Data Beats","_","_","No Write Data Beats"
449,449,0,0000,1,0,0,18,1,0,0,0,0000000000000,"INCR",3,00,0,"Data Secure Unprivileged",0,"16 bytes",0,0000000000000,"INCR",0,00,0,"Data Secure Unprivileged",0,"1 byte",0,"EXOKAY",0,00010800000140000050810400010800,00000000000000000000000000000000,0000,2,0,1,0,2,1,0,2,0,1,2,0,1,0,0,0,0,"No Read Addr Cmds","No Write Addr Cmds","No Write Responses","_","_","Inactive","No Read Data Beats","_","_","No Write Data Beats"
450,450,0,0000,1,0,0,65475,1,0,0,0,0000000000000,"INCR",3,00,0,"Data Secure Unprivileged",0,"16 bytes",0,0000000000000,"INCR",0,00,0,"Data Secure Unprivileged",0,"1 byte",0,"EXOKAY",0,00010800000140000050810400010800,00000000000000000000000000000000,0000,2,0,1,0,2,1,0,2,0,1,2,0,1,0,0,0,0,"No Read Addr Cmds","No Write Addr Cmds","No Write Responses","_","_","Inactive","No Read Data Beats","_","_","No Write Data Beats"
451,451,0,0000,1,0,0,65526,1,0,0,0,0000000000000,"INCR",3,00,0,"Data Secure Unprivileged",0,"16 bytes",0,0000000000000,"INCR",0,00,0,"Data Secure Unprivileged",0,"1 byte",0,"EXOKAY",0,00010800000140000050810400010800,00000000000000000000000000000000,0000,2,0,1,0,2,1,0,2,0,1,2,0,1,0,0,0,0,"No Read Addr Cmds","No Write Addr Cmds","No Write Responses","_","_","Inactive","No Read Data Beats","_","_","No Write Data Beats"
452,452,0,0000,1,0,0,12,1,0,0,0,0000000000000,"INCR",3,00,0,"Data Secure Unprivileged",0,"16 bytes",0,0000000000000,"INCR",0,00,0,"Data Secure Unprivileged",0,"1 byte",0,"EXOKAY",0,00010800000140000050810400010800,00000000000000000000000000000000,0000,2,0,1,0,2,1,0,2,0,1,2,0,1,0,0,0,0,"No Read Addr Cmds","No Write Addr Cmds","No Write Responses","_","_","Inactive","No Read Data Beats","_","_","No Write Data Beats"
453,453,0,0000,1,0,0,65527,1,0,0,0,0000000000000,"INCR",3,00,0,"Data Secure Unprivileged",0,"16 bytes",0,0000000000000,"INCR",0,00,0,"Data Secure Unprivileged",0,"1 byte",0,"EXOKAY",0,00010800000140000050810400010800,00000000000000000000000000000000,0000,2,0,1,0,2,1,0,2,0,1,2,0,1,0,0,0,0,"No Read Addr Cmds","No Write Addr Cmds","No Write Responses","_","_","Inactive","No Read Data Beats","_","_","No Write Data Beats"
454,454,0,0000,1,0,0,6,1,0,0,0,0000000000000,"INCR",3,00,0,"Data Secure Unprivileged",0,"16 bytes",0,0000000000000,"INCR",0,00,0,"Data Secure Unprivileged",0,"1 byte",0,"EXOKAY",0,00010800000140000050810400010800,00000000000000000000000000000000,0000,2,0,1,0,2,1,0,2,0,1,2,0,1,0,0,0,0,"No Read Addr Cmds","No Write Addr Cmds","No Write Responses","_","_","Inactive","No Read Data Beats","_","_","No Write Data Beats"
455,455,0,0000,1,0,0,65522,1,0,0,0,0000000000000,"INCR",3,00,0,"Data Secure Unprivileged",0,"16 bytes",0,0000000000000,"INCR",0,00,0,"Data Secure Unprivileged",0,"1 byte",0,"EXOKAY",0,00010800000140000050810400010800,00000000000000000000000000000000,0000,2,0,1,0,2,1,0,2,0,1,2,0,1,0,0,0,0,"No Read Addr Cmds","No Write Addr Cmds","No Write Responses","_","_","Inactive","No Read Data Beats","_","_","No Write Data Beats"
456,456,0,0000,1,0,0,65511,1,0,0,0,0000000000000,"INCR",3,00,0,"Data Secure Unprivileged",0,"16 bytes",0,0000000000000,"INCR",0,00,0,"Data Secure Unprivileged",0,"1 byte",0,"EXOKAY",0,00010800000140000050810400010800,00000000000000000000000000000000,0000,2,0,1,0,2,1,0,2,0,1,2,0,1,0,0,0,0,"No Read Addr Cmds","No Write Addr Cmds","No Write Responses","_","_","Inactive","No Read Data Beats","_","_","No Write Data Beats"
457,457,0,0000,1,0,0,30,1,0,0,0,0000000000000,"INCR",3,00,0,"Data Secure Unprivileged",0,"16 bytes",0,0000000000000,"INCR",0,00,0,"Data Secure Unprivileged",0,"1 byte",0,"EXOKAY",0,00010800000140000050810400010800,00000000000000000000000000000000,0000,2,0,1,0,2,1,0,2,0,1,2,0,1,0,0,0,0,"No Read Addr Cmds","No Write Addr Cmds","No Write Responses","_","_","Inactive","No Read Data Beats","_","_","No Write Data Beats"
458,458,0,0000,1,0,0,44,1,0,0,0,0000000000000,"INCR",3,00,0,"Data Secure Unprivileged",0,"16 bytes",0,0000000000000,"INCR",0,00,0,"Data Secure Unprivileged",0,"1 byte",0,"EXOKAY",0,00010800000140000050810400010800,00000000000000000000000000000000,0000,2,0,1,0,2,1,0,2,0,1,2,0,1,0,0,0,0,"No Read Addr Cmds","No Write Addr Cmds","No Write Responses","_","_","Inactive","No Read Data Beats","_","_","No Write Data Beats"
459,459,0,0000,1,0,0,65513,1,0,0,0,0000000000000,"INCR",3,00,0,"Data Secure Unprivileged",0,"16 bytes",0,0000000000000,"INCR",0,00,0,"Data Secure Unprivileged",0,"1 byte",0,"EXOKAY",0,00010800000140000050810400010800,00000000000000000000000000000000,0000,2,0,1,0,2,1,0,2,0,1,2,0,1,0,0,0,0,"No Read Addr Cmds","No Write Addr Cmds","No Write Responses","_","_","Inactive","No Read Data Beats","_","_","No Write Data Beats"
460,460,0,0000,1,0,0,65504,1,0,0,0,0000000000000,"INCR",3,00,0,"Data Secure Unprivileged",0,"16 bytes",0,0000000000000,"INCR",0,00,0,"Data Secure Unprivileged",0,"1 byte",0,"EXOKAY",0,00010800000140000050810400010800,00000000000000000000000000000000,0000,2,0,1,0,2,1,0,2,0,1,2,0,1,0,0,0,0,"No Read Addr Cmds","No Write Addr Cmds","No Write Responses","_","_","Inactive","No Read Data Beats","_","_","No Write Data Beats"
461,461,0,0000,1,0,0,62,1,0,0,0,0000000000000,"INCR",3,00,0,"Data Secure Unprivileged",0,"16 bytes",0,0000000000000,"INCR",0,00,0,"Data Secure Unprivileged",0,"1 byte",0,"EXOKAY",0,00010800000140000050810400010800,00000000000000000000000000000000,0000,2,0,1,0,2,1,0,2,0,1,2,0,1,0,0,0,0,"No Read Addr Cmds","No Write Addr Cmds","No Write Responses","_","_","Inactive","No Read Data Beats","_","_","No Write Data Beats"
462,462,0,0000,1,0,0,65477,1,0,0,0,0000000000000,"INCR",3,00,0,"Data Secure Unprivileged",0,"16 bytes",0,0000000000000,"INCR",0,00,0,"Data Secure Unprivileged",0,"1 byte",0,"EXOKAY",0,00010800000140000050810400010800,00000000000000000000000000000000,0000,2,0,1,0,2,1,0,2,0,1,2,0,1,0,0,0,0,"No Read Addr Cmds","No Write Addr Cmds","No Write Responses","_","_","Inactive","No Read Data Beats","_","_","No Write Data Beats"
463,463,0,0000,1,0,0,65519,1,0,0,0,0000000000000,"INCR",3,00,0,"Data Secure Unprivileged",0,"16 bytes",0,0000000000000,"INCR",0,00,0,"Data Secure Unprivileged",0,"1 byte",0,"EXOKAY",0,00010800000140000050810400010800,00000000000000000000000000000000,0000,2,0,1,0,2,1,0,2,0,1,2,0,1,0,0,0,0,"No Read Addr Cmds","No Write Addr Cmds","No Write Responses","_","_","Inactive","No Read Data Beats","_","_","No Write Data Beats"
464,464,0,0000,1,0,0,65489,1,0,0,0,0000000000000,"INCR",3,00,0,"Data Secure Unprivileged",0,"16 bytes",0,0000000000000,"INCR",0,00,0,"Data Secure Unprivileged",0,"1 byte",0,"EXOKAY",0,00010800000140000050810400010800,00000000000000000000000000000000,0000,2,0,1,0,2,1,0,2,0,1,2,0,1,0,0,0,0,"No Read Addr Cmds","No Write Addr Cmds","No Write Responses","_","_","Inactive","No Read Data Beats","_","_","No Write Data Beats"
465,465,0,0000,1,0,0,65500,1,0,0,0,0000000000000,"INCR",3,00,0,"Data Secure Unprivileged",0,"16 bytes",0,0000000000000,"INCR",0,00,0,"Data Secure Unprivileged",0,"1 byte",0,"EXOKAY",0,00010800000140000050810400010800,00000000000000000000000000000000,0000,2,0,1,0,2,1,0,2,0,1,2,0,1,0,0,0,0,"No Read Addr Cmds","No Write Addr Cmds","No Write Responses","_","_","Inactive","No Read Data Beats","_","_","No Write Data Beats"
466,466,0,0000,1,0,0,65526,1,0,0,0,0000000000000,"INCR",3,00,0,"Data Secure Unprivileged",0,"16 bytes",0,0000000000000,"INCR",0,00,0,"Data Secure Unprivileged",0,"1 byte",0,"EXOKAY",0,00010800000140000050810400010800,00000000000000000000000000000000,0000,2,0,1,0,2,1,0,2,0,1,2,0,1,0,0,0,0,"No Read Addr Cmds","No Write Addr Cmds","No Write Responses","_","_","Inactive","No Read Data Beats","_","_","No Write Data Beats"
467,467,0,0000,1,0,0,65490,1,0,0,0,0000000000000,"INCR",3,00,0,"Data Secure Unprivileged",0,"16 bytes",0,0000000000000,"INCR",0,00,0,"Data Secure Unprivileged",0,"1 byte",0,"EXOKAY",0,00010800000140000050810400010800,00000000000000000000000000000000,0000,2,0,1,0,2,1,0,2,0,1,2,0,1,0,0,0,0,"No Read Addr Cmds","No Write Addr Cmds","No Write Responses","_","_","Inactive","No Read Data Beats","_","_","No Write Data Beats"
468,468,0,0000,1,0,0,65501,1,0,0,0,0000000000000,"INCR",3,00,0,"Data Secure Unprivileged",0,"16 bytes",0,0000000000000,"INCR",0,00,0,"Data Secure Unprivileged",0,"1 byte",0,"EXOKAY",0,00010800000140000050810400010800,00000000000000000000000000000000,0000,2,0,1,0,2,1,0,2,0,1,2,0,1,0,0,0,0,"No Read Addr Cmds","No Write Addr Cmds","No Write Responses","_","_","Inactive","No Read Data Beats","_","_","No Write Data Beats"
469,469,0,0000,1,0,0,65524,1,0,0,0,0000000000000,"INCR",3,00,0,"Data Secure Unprivileged",0,"16 bytes",0,0000000000000,"INCR",0,00,0,"Data Secure Unprivileged",0,"1 byte",0,"EXOKAY",0,00010800000140000050810400010800,00000000000000000000000000000000,0000,2,0,1,0,2,1,0,2,0,1,2,0,1,0,0,0,0,"No Read Addr Cmds","No Write Addr Cmds","No Write Responses","_","_","Inactive","No Read Data Beats","_","_","No Write Data Beats"
470,470,0,0000,1,0,0,38,1,0,0,0,0000000000000,"INCR",3,00,0,"Data Secure Unprivileged",0,"16 bytes",0,0000000000000,"INCR",0,00,0,"Data Secure Unprivileged",0,"1 byte",0,"EXOKAY",0,00010800000140000050810400010800,00000000000000000000000000000000,0000,2,0,1,0,2,1,0,2,0,1,2,0,1,0,0,0,0,"No Read Addr Cmds","No Write Addr Cmds","No Write Responses","_","_","Inactive","No Read Data Beats","_","_","No Write Data Beats"
471,471,0,0000,1,0,0,29,1,0,0,0,0000000000000,"INCR",3,00,0,"Data Secure Unprivileged",0,"16 bytes",0,0000000000000,"INCR",0,00,0,"Data Secure Unprivileged",0,"1 byte",0,"EXOKAY",0,00010800000140000050810400010800,00000000000000000000000000000000,0000,2,0,1,0,2,1,0,2,0,1,2,0,1,0,0,0,0,"No Read Addr Cmds","No Write Addr Cmds","No Write Responses","_","_","Inactive","No Read Data Beats","_","_","No Write Data Beats"
472,472,0,0000,1,0,0,65516,1,0,0,0,0000000000000,"INCR",3,00,0,"Data Secure Unprivileged",0,"16 bytes",0,0000000000000,"INCR",0,00,0,"Data Secure Unprivileged",0,"1 byte",0,"EXOKAY",0,00010800000140000050810400010800,00000000000000000000000000000000,0000,2,0,1,0,2,1,0,2,0,1,2,0,1,0,0,0,0,"No Read Addr Cmds","No Write Addr Cmds","No Write Responses","_","_","Inactive","No Read Data Beats","_","_","No Write Data Beats"
473,473,0,0000,1,0,0,17,1,0,0,0,0000000000000,"INCR",3,00,0,"Data Secure Unprivileged",0,"16 bytes",0,0000000000000,"INCR",0,00,0,"Data Secure Unprivileged",0,"1 byte",0,"EXOKAY",0,00010800000140000050810400010800,00000000000000000000000000000000,0000,2,0,1,0,2,1,0,2,0,1,2,0,1,0,0,0,0,"No Read Addr Cmds","No Write Addr Cmds","No Write Responses","_","_","Inactive","No Read Data Beats","_","_","No Write Data Beats"
474,474,0,0000,1,0,0,6,1,0,0,0,0000000000000,"INCR",3,00,0,"Data Secure Unprivileged",0,"16 bytes",0,0000000000000,"INCR",0,00,0,"Data Secure Unprivileged",0,"1 byte",0,"EXOKAY",0,00010800000140000050810400010800,00000000000000000000000000000000,0000,2,0,1,0,2,1,0,2,0,1,2,0,1,0,0,0,0,"No Read Addr Cmds","No Write Addr Cmds","No Write Responses","_","_","Inactive","No Read Data Beats","_","_","No Write Data Beats"
475,475,0,0000,1,0,0,65534,1,0,0,0,0000000000000,"INCR",3,00,0,"Data Secure Unprivileged",0,"16 bytes",0,0000000000000,"INCR",0,00,0,"Data Secure Unprivileged",0,"1 byte",0,"EXOKAY",0,00010800000140000050810400010800,00000000000000000000000000000000,0000,2,0,1,0,2,1,0,2,0,1,2,0,1,0,0,0,0,"No Read Addr Cmds","No Write Addr Cmds","No Write Responses","_","_","Inactive","No Read Data Beats","_","_","No Write Data Beats"
476,476,0,0000,1,0,0,65518,1,0,0,0,0000000000000,"INCR",3,00,0,"Data Secure Unprivileged",0,"16 bytes",0,0000000000000,"INCR",0,00,0,"Data Secure Unprivileged",0,"1 byte",0,"EXOKAY",0,00010800000140000050810400010800,00000000000000000000000000000000,0000,2,0,1,0,2,1,0,2,0,1,2,0,1,0,0,0,0,"No Read Addr Cmds","No Write Addr Cmds","No Write Responses","_","_","Inactive","No Read Data Beats","_","_","No Write Data Beats"
477,477,0,0000,1,0,0,0,1,0,0,0,0000000000000,"INCR",3,00,0,"Data Secure Unprivileged",0,"16 bytes",0,0000000000000,"INCR",0,00,0,"Data Secure Unprivileged",0,"1 byte",0,"EXOKAY",0,00010800000140000050810400010800,00000000000000000000000000000000,0000,2,0,1,0,2,1,0,2,0,1,2,0,1,0,0,0,0,"No Read Addr Cmds","No Write Addr Cmds","No Write Responses","_","_","Inactive","No Read Data Beats","_","_","No Write Data Beats"
478,478,0,0000,1,0,0,22,1,0,0,0,0000000000000,"INCR",3,00,0,"Data Secure Unprivileged",0,"16 bytes",0,0000000000000,"INCR",0,00,0,"Data Secure Unprivileged",0,"1 byte",0,"EXOKAY",0,00010800000140000050810400010800,00000000000000000000000000000000,0000,2,0,1,0,2,1,0,2,0,1,2,0,1,0,0,0,0,"No Read Addr Cmds","No Write Addr Cmds","No Write Responses","_","_","Inactive","No Read Data Beats","_","_","No Write Data Beats"
479,479,0,0000,1,0,0,65481,1,0,0,0,0000000000000,"INCR",3,00,0,"Data Secure Unprivileged",0,"16 bytes",0,0000000000000,"INCR",0,00,0,"Data Secure Unprivileged",0,"1 byte",0,"EXOKAY",0,00010800000140000050810400010800,00000000000000000000000000000000,0000,2,0,1,0,2,1,0,2,0,1,2,0,1,0,0,0,0,"No Read Addr Cmds","No Write Addr Cmds","No Write Responses","_","_","Inactive","No Read Data Beats","_","_","No Write Data Beats"
480,480,0,0000,1,0,0,65486,1,0,0,0,0000000000000,"INCR",3,00,0,"Data Secure Unprivileged",0,"16 bytes",0,0000000000000,"INCR",0,00,0,"Data Secure Unprivileged",0,"1 byte",0,"EXOKAY",0,00010800000140000050810400010800,00000000000000000000000000000000,0000,2,0,1,0,2,1,0,2,0,1,2,0,1,0,0,0,0,"No Read Addr Cmds","No Write Addr Cmds","No Write Responses","_","_","Inactive","No Read Data Beats","_","_","No Write Data Beats"
481,481,0,0000,1,0,0,65529,1,0,0,0,0000000000000,"INCR",3,00,0,"Data Secure Unprivileged",0,"16 bytes",0,0000000000000,"INCR",0,00,0,"Data Secure Unprivileged",0,"1 byte",0,"EXOKAY",0,00010800000140000050810400010800,00000000000000000000000000000000,0000,2,0,1,0,2,1,0,2,0,1,2,0,1,0,0,0,0,"No Read Addr Cmds","No Write Addr Cmds","No Write Responses","_","_","Inactive","No Read Data Beats","_","_","No Write Data Beats"
482,482,0,0000,1,0,0,65526,1,0,0,0,0000000000000,"INCR",3,00,0,"Data Secure Unprivileged",0,"16 bytes",0,0000000000000,"INCR",0,00,0,"Data Secure Unprivileged",0,"1 byte",0,"EXOKAY",0,00010800000140000050810400010800,00000000000000000000000000000000,0000,2,0,1,0,2,1,0,2,0,1,2,0,1,0,0,0,0,"No Read Addr Cmds","No Write Addr Cmds","No Write Responses","_","_","Inactive","No Read Data Beats","_","_","No Write Data Beats"
483,483,0,0000,1,0,0,65500,1,0,0,0,0000000000000,"INCR",3,00,0,"Data Secure Unprivileged",0,"16 bytes",0,0000000000000,"INCR",0,00,0,"Data Secure Unprivileged",0,"1 byte",0,"EXOKAY",0,00010800000140000050810400010800,00000000000000000000000000000000,0000,2,0,1,0,2,1,0,2,0,1,2,0,1,0,0,0,0,"No Read Addr Cmds","No Write Addr Cmds","No Write Responses","_","_","Inactive","No Read Data Beats","_","_","No Write Data Beats"
484,484,0,0000,1,0,0,3,1,0,0,0,0000000000000,"INCR",3,00,0,"Data Secure Unprivileged",0,"16 bytes",0,0000000000000,"INCR",0,00,0,"Data Secure Unprivileged",0,"1 byte",0,"EXOKAY",0,00010800000140000050810400010800,00000000000000000000000000000000,0000,2,0,1,0,2,1,0,2,0,1,2,0,1,0,0,0,0,"No Read Addr Cmds","No Write Addr Cmds","No Write Responses","_","_","Inactive","No Read Data Beats","_","_","No Write Data Beats"
485,485,0,0000,1,0,0,5,1,0,0,0,0000000000000,"INCR",3,00,0,"Data Secure Unprivileged",0,"16 bytes",0,0000000000000,"INCR",0,00,0,"Data Secure Unprivileged",0,"1 byte",0,"EXOKAY",0,00010800000140000050810400010800,00000000000000000000000000000000,0000,2,0,1,0,2,1,0,2,0,1,2,0,1,0,0,0,0,"No Read Addr Cmds","No Write Addr Cmds","No Write Responses","_","_","Inactive","No Read Data Beats","_","_","No Write Data Beats"
486,486,0,0000,1,0,0,65489,1,0,0,0,0000000000000,"INCR",3,00,0,"Data Secure Unprivileged",0,"16 bytes",0,0000000000000,"INCR",0,00,0,"Data Secure Unprivileged",0,"1 byte",0,"EXOKAY",0,00010800000140000050810400010800,00000000000000000000000000000000,0000,2,0,1,0,2,1,0,2,0,1,2,0,1,0,0,0,0,"No Read Addr Cmds","No Write Addr Cmds","No Write Responses","_","_","Inactive","No Read Data Beats","_","_","No Write Data Beats"
487,487,0,0000,1,0,0,13,1,0,0,0,0000000000000,"INCR",3,00,0,"Data Secure Unprivileged",0,"16 bytes",0,0000000000000,"INCR",0,00,0,"Data Secure Unprivileged",0,"1 byte",0,"EXOKAY",0,00010800000140000050810400010800,00000000000000000000000000000000,0000,2,0,1,0,2,1,0,2,0,1,2,0,1,0,0,0,0,"No Read Addr Cmds","No Write Addr Cmds","No Write Responses","_","_","Inactive","No Read Data Beats","_","_","No Write Data Beats"
488,488,0,0000,1,0,0,65512,1,0,0,0,0000000000000,"INCR",3,00,0,"Data Secure Unprivileged",0,"16 bytes",0,0000000000000,"INCR",0,00,0,"Data Secure Unprivileged",0,"1 byte",0,"EXOKAY",0,00010800000140000050810400010800,00000000000000000000000000000000,0000,2,0,1,0,2,1,0,2,0,1,2,0,1,0,0,0,0,"No Read Addr Cmds","No Write Addr Cmds","No Write Responses","_","_","Inactive","No Read Data Beats","_","_","No Write Data Beats"
489,489,0,0000,1,0,0,65508,1,0,0,0,0000000000000,"INCR",3,00,0,"Data Secure Unprivileged",0,"16 bytes",0,0000000000000,"INCR",0,00,0,"Data Secure Unprivileged",0,"1 byte",0,"EXOKAY",0,00010800000140000050810400010800,00000000000000000000000000000000,0000,2,0,1,0,2,1,0,2,0,1,2,0,1,0,0,0,0,"No Read Addr Cmds","No Write Addr Cmds","No Write Responses","_","_","Inactive","No Read Data Beats","_","_","No Write Data Beats"
490,490,0,0000,1,0,0,3,1,0,0,0,0000000000000,"INCR",3,00,0,"Data Secure Unprivileged",0,"16 bytes",0,0000000000000,"INCR",0,00,0,"Data Secure Unprivileged",0,"1 byte",0,"EXOKAY",0,00010800000140000050810400010800,00000000000000000000000000000000,0000,2,0,1,0,2,1,0,2,0,1,2,0,1,0,0,0,0,"No Read Addr Cmds","No Write Addr Cmds","No Write Responses","_","_","Inactive","No Read Data Beats","_","_","No Write Data Beats"
491,491,0,0000,1,0,0,11,1,0,0,0,0000000000000,"INCR",3,00,0,"Data Secure Unprivileged",0,"16 bytes",0,0000000000000,"INCR",0,00,0,"Data Secure Unprivileged",0,"1 byte",0,"EXOKAY",0,00010800000140000050810400010800,00000000000000000000000000000000,0000,2,0,1,0,2,1,0,2,0,1,2,0,1,0,0,0,0,"No Read Addr Cmds","No Write Addr Cmds","No Write Responses","_","_","Inactive","No Read Data Beats","_","_","No Write Data Beats"
492,492,0,0000,1,0,0,51,1,0,0,0,0000000000000,"INCR",3,00,0,"Data Secure Unprivileged",0,"16 bytes",0,0000000000000,"INCR",0,00,0,"Data Secure Unprivileged",0,"1 byte",0,"EXOKAY",0,00010800000140000050810400010800,00000000000000000000000000000000,0000,2,0,1,0,2,1,0,2,0,1,2,0,1,0,0,0,0,"No Read Addr Cmds","No Write Addr Cmds","No Write Responses","_","_","Inactive","No Read Data Beats","_","_","No Write Data Beats"
493,493,0,0000,1,0,0,65501,1,0,0,0,0000000000000,"INCR",3,00,0,"Data Secure Unprivileged",0,"16 bytes",0,0000000000000,"INCR",0,00,0,"Data Secure Unprivileged",0,"1 byte",0,"EXOKAY",0,00010800000140000050810400010800,00000000000000000000000000000000,0000,2,0,1,0,2,1,0,2,0,1,2,0,1,0,0,0,0,"No Read Addr Cmds","No Write Addr Cmds","No Write Responses","_","_","Inactive","No Read Data Beats","_","_","No Write Data Beats"
494,494,0,0000,1,0,0,65493,1,0,0,0,0000000000000,"INCR",3,00,0,"Data Secure Unprivileged",0,"16 bytes",0,0000000000000,"INCR",0,00,0,"Data Secure Unprivileged",0,"1 byte",0,"EXOKAY",0,00010800000140000050810400010800,00000000000000000000000000000000,0000,2,0,1,0,2,1,0,2,0,1,2,0,1,0,0,0,0,"No Read Addr Cmds","No Write Addr Cmds","No Write Responses","_","_","Inactive","No Read Data Beats","_","_","No Write Data Beats"
495,495,0,0000,1,0,0,65529,1,0,0,0,0000000000000,"INCR",3,00,0,"Data Secure Unprivileged",0,"16 bytes",0,0000000000000,"INCR",0,00,0,"Data Secure Unprivileged",0,"1 byte",0,"EXOKAY",0,00010800000140000050810400010800,00000000000000000000000000000000,0000,2,0,1,0,2,1,0,2,0,1,2,0,1,0,0,0,0,"No Read Addr Cmds","No Write Addr Cmds","No Write Responses","_","_","Inactive","No Read Data Beats","_","_","No Write Data Beats"
496,496,0,0000,1,0,0,65525,1,0,0,0,0000000000000,"INCR",3,00,0,"Data Secure Unprivileged",0,"16 bytes",0,0000000000000,"INCR",0,00,0,"Data Secure Unprivileged",0,"1 byte",0,"EXOKAY",0,00010800000140000050810400010800,00000000000000000000000000000000,0000,2,0,1,0,2,1,0,2,0,1,2,0,1,0,0,0,0,"No Read Addr Cmds","No Write Addr Cmds","No Write Responses","_","_","Inactive","No Read Data Beats","_","_","No Write Data Beats"
497,497,0,0000,1,0,0,65519,1,0,0,0,0000000000000,"INCR",3,00,0,"Data Secure Unprivileged",0,"16 bytes",0,0000000000000,"INCR",0,00,0,"Data Secure Unprivileged",0,"1 byte",0,"EXOKAY",0,00010800000140000050810400010800,00000000000000000000000000000000,0000,2,0,1,0,2,1,0,2,0,1,2,0,1,0,0,0,0,"No Read Addr Cmds","No Write Addr Cmds","No Write Responses","_","_","Inactive","No Read Data Beats","_","_","No Write Data Beats"
498,498,0,0000,1,0,0,65,1,0,0,0,0000000000000,"INCR",3,00,0,"Data Secure Unprivileged",0,"16 bytes",0,0000000000000,"INCR",0,00,0,"Data Secure Unprivileged",0,"1 byte",0,"EXOKAY",0,00010800000140000050810400010800,00000000000000000000000000000000,0000,2,0,1,0,2,1,0,2,0,1,2,0,1,0,0,0,0,"No Read Addr Cmds","No Write Addr Cmds","No Write Responses","_","_","Inactive","No Read Data Beats","_","_","No Write Data Beats"
499,499,0,0000,1,0,0,2,1,0,0,0,0000000000000,"INCR",3,00,0,"Data Secure Unprivileged",0,"16 bytes",0,0000000000000,"INCR",0,00,0,"Data Secure Unprivileged",0,"1 byte",0,"EXOKAY",0,00010800000140000050810400010800,00000000000000000000000000000000,0000,2,0,1,0,2,1,0,2,0,1,2,0,1,0,0,0,0,"No Read Addr Cmds","No Write Addr Cmds","No Write Responses","_","_","Inactive","No Read Data Beats","_","_","No Write Data Beats"
500,500,0,0000,1,0,0,65516,1,0,0,0,0000000000000,"INCR",3,00,0,"Data Secure Unprivileged",0,"16 bytes",0,0000000000000,"INCR",0,00,0,"Data Secure Unprivileged",0,"1 byte",0,"EXOKAY",0,00010800000140000050810400010800,00000000000000000000000000000000,0000,2,0,1,0,2,1,0,2,0,1,2,0,1,0,0,0,0,"No Read Addr Cmds","No Write Addr Cmds","No Write Responses","_","_","Inactive","No Read Data Beats","_","_","No Write Data Beats"
501,501,0,0000,1,0,0,32,1,0,0,0,0000000000000,"INCR",3,00,0,"Data Secure Unprivileged",0,"16 bytes",0,0000000000000,"INCR",0,00,0,"Data Secure Unprivileged",0,"1 byte",0,"EXOKAY",0,00010800000140000050810400010800,00000000000000000000000000000000,0000,2,0,1,0,2,1,0,2,0,1,2,0,1,0,0,0,0,"No Read Addr Cmds","No Write Addr Cmds","No Write Responses","_","_","Inactive","No Read Data Beats","_","_","No Write Data Beats"
502,502,0,0000,1,0,0,40,1,0,0,0,0000000000000,"INCR",3,00,0,"Data Secure Unprivileged",0,"16 bytes",0,0000000000000,"INCR",0,00,0,"Data Secure Unprivileged",0,"1 byte",0,"EXOKAY",0,00010800000140000050810400010800,00000000000000000000000000000000,0000,2,0,1,0,2,1,0,2,0,1,2,0,1,0,0,0,0,"No Read Addr Cmds","No Write Addr Cmds","No Write Responses","_","_","Inactive","No Read Data Beats","_","_","No Write Data Beats"
503,503,0,0000,1,0,0,26,1,0,0,0,0000000000000,"INCR",3,00,0,"Data Secure Unprivileged",0,"16 bytes",0,0000000000000,"INCR",0,00,0,"Data Secure Unprivileged",0,"1 byte",0,"EXOKAY",0,00010800000140000050810400010800,00000000000000000000000000000000,0000,2,0,1,0,2,1,0,2,0,1,2,0,1,0,0,0,0,"No Read Addr Cmds","No Write Addr Cmds","No Write Responses","_","_","Inactive","No Read Data Beats","_","_","No Write Data Beats"
504,504,0,0000,1,0,0,65533,1,0,0,0,0000000000000,"INCR",3,00,0,"Data Secure Unprivileged",0,"16 bytes",0,0000000000000,"INCR",0,00,0,"Data Secure Unprivileged",0,"1 byte",0,"EXOKAY",0,00010800000140000050810400010800,00000000000000000000000000000000,0000,2,0,1,0,2,1,0,2,0,1,2,0,1,0,0,0,0,"No Read Addr Cmds","No Write Addr Cmds","No Write Responses","_","_","Inactive","No Read Data Beats","_","_","No Write Data Beats"
505,505,0,0000,1,0,0,65502,1,0,0,0,0000000000000,"INCR",3,00,0,"Data Secure Unprivileged",0,"16 bytes",0,0000000000000,"INCR",0,00,0,"Data Secure Unprivileged",0,"1 byte",0,"EXOKAY",0,00010800000140000050810400010800,00000000000000000000000000000000,0000,2,0,1,0,2,1,0,2,0,1,2,0,1,0,0,0,0,"No Read Addr Cmds","No Write Addr Cmds","No Write Responses","_","_","Inactive","No Read Data Beats","_","_","No Write Data Beats"
506,506,0,0000,1,0,0,39,1,0,0,0,0000000000000,"INCR",3,00,0,"Data Secure Unprivileged",0,"16 bytes",0,0000000000000,"INCR",0,00,0,"Data Secure Unprivileged",0,"1 byte",0,"EXOKAY",0,00010800000140000050810400010800,00000000000000000000000000000000,0000,2,0,1,0,2,1,0,2,0,1,2,0,1,0,0,0,0,"No Read Addr Cmds","No Write Addr Cmds","No Write Responses","_","_","Inactive","No Read Data Beats","_","_","No Write Data Beats"
507,507,0,0000,1,0,0,47,1,0,0,0,0000000000000,"INCR",3,00,0,"Data Secure Unprivileged",0,"16 bytes",0,0000000000000,"INCR",0,00,0,"Data Secure Unprivileged",0,"1 byte",0,"EXOKAY",0,00010800000140000050810400010800,00000000000000000000000000000000,0000,2,0,1,0,2,1,0,2,0,1,2,0,1,0,0,0,0,"No Read Addr Cmds","No Write Addr Cmds","No Write Responses","_","_","Inactive","No Read Data Beats","_","_","No Write Data Beats"
508,508,0,0000,1,0,0,65532,1,0,0,0,0000000000000,"INCR",3,00,0,"Data Secure Unprivileged",0,"16 bytes",0,0000000000000,"INCR",0,00,0,"Data Secure Unprivileged",0,"1 byte",0,"EXOKAY",0,00010800000140000050810400010800,00000000000000000000000000000000,0000,2,0,1,0,2,1,0,2,0,1,2,0,1,0,0,0,0,"No Read Addr Cmds","No Write Addr Cmds","No Write Responses","_","_","Inactive","No Read Data Beats","_","_","No Write Data Beats"
509,509,0,0000,1,0,0,65524,1,0,0,0,0000000000000,"INCR",3,00,0,"Data Secure Unprivileged",0,"16 bytes",0,0000000000000,"INCR",0,00,0,"Data Secure Unprivileged",0,"1 byte",0,"EXOKAY",0,00010800000140000050810400010800,00000000000000000000000000000000,0000,2,0,1,0,2,1,0,2,0,1,2,0,1,0,0,0,0,"No Read Addr Cmds","No Write Addr Cmds","No Write Responses","_","_","Inactive","No Read Data Beats","_","_","No Write Data Beats"
510,510,0,0000,1,0,0,6,1,0,0,0,0000000000000,"INCR",3,00,0,"Data Secure Unprivileged",0,"16 bytes",0,0000000000000,"INCR",0,00,0,"Data Secure Unprivileged",0,"1 byte",0,"EXOKAY",0,00010800000140000050810400010800,00000000000000000000000000000000,0000,2,0,1,0,2,1,0,2,0,1,2,0,1,0,0,0,0,"No Read Addr Cmds","No Write Addr Cmds","No Write Responses","_","_","Inactive","No Read Data Beats","_","_","No Write Data Beats"
511,511,0,0000,1,0,0,65521,1,0,0,0,0000000000000,"INCR",3,00,0,"Data Secure Unprivileged",0,"16 bytes",0,0000000000000,"INCR",0,00,0,"Data Secure Unprivileged",0,"1 byte",0,"EXOKAY",0,00010800000140000050810400010800,00000000000000000000000000000000,0000,2,0,1,0,2,1,0,2,0,1,2,0,1,0,0,0,0,"No Read Addr Cmds","No Write Addr Cmds","No Write Responses","_","_","Inactive","No Read Data Beats","_","_","No Write Data Beats"
512,512,1,0000,1,1,0,50,1,0,0,0,0000000000000,"INCR",3,00,0,"Data Secure Unprivileged",0,"16 bytes",0,0000000000000,"INCR",0,00,0,"Data Secure Unprivileged",0,"1 byte",0,"EXOKAY",0,00010800000140000050810400010800,00000000000000000000000000000000,0000,2,0,1,0,2,1,0,2,0,1,2,0,1,0,0,0,0,"No Read Addr Cmds","No Write Addr Cmds","No Write Responses","Active","_","Inactive","No Read Data Beats","Stream Beat","_","No Write Data Beats"
513,513,0,0000,1,1,0,7,1,0,0,0,0000000000000,"INCR",3,00,0,"Data Secure Unprivileged",0,"16 bytes",0,0000000000000,"INCR",0,00,0,"Data Secure Unprivileged",0,"1 byte",0,"EXOKAY",0,00010800000140000050810400010800,00000000000000000000000000000000,0000,2,0,1,0,2,1,0,2,0,1,2,0,1,0,0,0,0,"No Read Addr Cmds","No Write Addr Cmds","No Write Responses","Active","_","Inactive","No Read Data Beats","Stream Beat","_","No Write Data Beats"
514,514,0,0000,1,1,0,9,1,0,0,0,0000000000000,"INCR",3,00,0,"Data Secure Unprivileged",0,"16 bytes",0,0000000000000,"INCR",0,00,0,"Data Secure Unprivileged",0,"1 byte",0,"EXOKAY",0,00010800000140000050810400010800,00000000000000000000000000000000,0000,2,0,1,0,2,1,0,2,0,1,2,0,1,0,0,0,0,"No Read Addr Cmds","No Write Addr Cmds","No Write Responses","Active","_","Inactive","No Read Data Beats","Stream Beat","_","No Write Data Beats"
515,515,0,0000,1,1,0,19,1,0,0,0,0000000000000,"INCR",3,00,0,"Data Secure Unprivileged",0,"16 bytes",0,0000000000000,"INCR",0,00,0,"Data Secure Unprivileged",0,"1 byte",0,"EXOKAY",0,00010800000140000050810400010800,00000000000000000000000000000000,0000,2,0,1,0,2,1,0,2,0,1,2,0,1,0,0,0,0,"No Read Addr Cmds","No Write Addr Cmds","No Write Responses","Active","_","Inactive","No Read Data Beats","Stream Beat","_","No Write Data Beats"
516,516,0,0000,1,1,0,65516,1,0,0,0,0000000000000,"INCR",3,00,0,"Data Secure Unprivileged",0,"16 bytes",0,0000000000000,"INCR",0,00,0,"Data Secure Unprivileged",0,"1 byte",0,"EXOKAY",0,00010800000140000050810400010800,00000000000000000000000000000000,0000,2,0,1,0,2,1,0,2,0,1,2,0,1,0,0,0,0,"No Read Addr Cmds","No Write Addr Cmds","No Write Responses","Active","_","Inactive","No Read Data Beats","Stream Beat","_","No Write Data Beats"
517,517,0,0000,1,1,0,0,1,1,0,0,0000000000000,"INCR",3,00,0,"Data Secure Unprivileged",0,"16 bytes",0,0000000000000,"INCR",0,00,0,"Data Secure Unprivileged",0,"1 byte",0,"EXOKAY",0,00010800000140000050810400010800,00000000000000000000000000000000,0000,2,0,1,0,2,1,0,2,0,1,2,0,1,0,0,0,0,"No Read Addr Cmds","No Write Addr Cmds","No Write Responses","Active","Active","Inactive","No Read Data Beats","Stream Beat","Stream Beat","No Write Data Beats"
518,518,0,0000,1,1,0,65530,1,1,0,0,0000000000000,"INCR",3,00,0,"Data Secure Unprivileged",0,"16 bytes",0,0000000000000,"INCR",0,00,0,"Data Secure Unprivileged",0,"1 byte",0,"EXOKAY",0,00010800000140000050810400010800,00000000000000000000000000000000,0000,2,0,1,0,2,1,0,2,0,1,2,0,1,0,0,0,0,"No Read Addr Cmds","No Write Addr Cmds","No Write Responses","Active","Active","Inactive","No Read Data Beats","Stream Beat","Stream Beat","No Write Data Beats"
519,519,0,0000,1,1,0,22,1,1,0,0,0000000000000,"INCR",3,00,0,"Data Secure Unprivileged",0,"16 bytes",0,0000000000000,"INCR",0,00,0,"Data Secure Unprivileged",0,"1 byte",0,"EXOKAY",0,00010800000140000050810400010800,00000000000000000000000000000000,0000,2,0,1,0,2,1,0,2,0,1,2,0,1,0,0,0,0,"No Read Addr Cmds","No Write Addr Cmds","No Write Responses","Active","Active","Inactive","No Read Data Beats","Stream Beat","Stream Beat","No Write Data Beats"
520,520,0,0000,1,1,0,31,1,1,0,0,0000000000000,"INCR",3,00,0,"Data Secure Unprivileged",0,"16 bytes",0,0000000000000,"INCR",0,00,0,"Data Secure Unprivileged",0,"1 byte",0,"EXOKAY",0,00010800000140000050810400010800,00000000000000000000000000000000,0000,2,0,1,0,2,1,0,2,0,1,2,0,1,0,0,0,0,"No Read Addr Cmds","No Write Addr Cmds","No Write Responses","Active","Active","Inactive","No Read Data Beats","Stream Beat","Stream Beat","No Write Data Beats"
521,521,0,0000,1,1,0,65532,1,1,0,0,0000000000000,"INCR",3,00,0,"Data Secure Unprivileged",0,"16 bytes",0,0000000000000,"INCR",0,00,0,"Data Secure Unprivileged",0,"1 byte",0,"EXOKAY",0,00010800000140000050810400010800,00000000000000000000000000000000,0000,2,0,1,0,2,1,0,2,0,1,2,0,1,0,0,0,0,"No Read Addr Cmds","No Write Addr Cmds","No Write Responses","Active","Active","Inactive","No Read Data Beats","Stream Beat","Stream Beat","No Write Data Beats"
522,522,0,0000,1,1,0,18,1,1,0,0,0000000000000,"INCR",3,00,0,"Data Secure Unprivileged",0,"16 bytes",0,0000000000000,"INCR",0,00,0,"Data Secure Unprivileged",0,"1 byte",0,"EXOKAY",0,00010800000140000050810400010800,00000000000000000000000000000000,0000,2,0,1,0,2,1,0,2,0,1,2,0,1,0,0,0,0,"No Read Addr Cmds","No Write Addr Cmds","No Write Responses","Active","Active","Inactive","No Read Data Beats","Stream Beat","Stream Beat","No Write Data Beats"
523,523,0,0000,1,1,0,26,1,1,0,0,0000000000000,"INCR",3,00,0,"Data Secure Unprivileged",0,"16 bytes",0,0000000000000,"INCR",0,00,0,"Data Secure Unprivileged",0,"1 byte",0,"EXOKAY",0,00010800000140000050810400010800,00000000000000000000000000000000,0000,2,0,1,0,2,1,0,2,0,1,2,0,1,0,0,0,0,"No Read Addr Cmds","No Write Addr Cmds","No Write Responses","Active","Active","Inactive","No Read Data Beats","Stream Beat","Stream Beat","No Write Data Beats"
524,524,0,0000,1,1,0,65529,1,1,0,0,0000000000000,"INCR",3,00,0,"Data Secure Unprivileged",0,"16 bytes",0,0000000000000,"INCR",0,00,0,"Data Secure Unprivileged",0,"1 byte",0,"EXOKAY",0,00010800000140000050810400010800,00000000000000000000000000000000,0000,2,0,1,0,2,1,0,2,0,1,2,0,1,0,0,0,0,"No Read Addr Cmds","No Write Addr Cmds","No Write Responses","Active","Active","Inactive","No Read Data Beats","Stream Beat","Stream Beat","No Write Data Beats"
525,525,0,0000,1,1,0,65524,1,1,0,0,0000000000000,"INCR",3,00,0,"Data Secure Unprivileged",0,"16 bytes",0,0000000000000,"INCR",0,00,0,"Data Secure Unprivileged",0,"1 byte",0,"EXOKAY",0,00010800000140000050810400010800,00000000000000000000000000000000,0000,2,0,1,0,2,1,0,2,0,1,2,0,1,0,0,0,0,"No Read Addr Cmds","No Write Addr Cmds","No Write Responses","Active","Active","Inactive","No Read Data Beats","Stream Beat","Stream Beat","No Write Data Beats"
526,526,0,0000,1,1,0,80,1,1,0,0,0000000000000,"INCR",3,00,0,"Data Secure Unprivileged",0,"16 bytes",0,0000000000000,"INCR",0,00,0,"Data Secure Unprivileged",0,"1 byte",0,"EXOKAY",0,00010800000140000050810400010800,00000000000000000000000000000000,0000,2,0,1,0,2,1,0,2,0,1,2,0,1,0,0,0,0,"No Read Addr Cmds","No Write Addr Cmds","No Write Responses","Active","Active","Inactive","No Read Data Beats","Stream Beat","Stream Beat","No Write Data Beats"
527,527,0,0000,1,1,0,26,1,1,0,0,0000000000000,"INCR",3,00,0,"Data Secure Unprivileged",0,"16 bytes",0,0000000000000,"INCR",0,00,0,"Data Secure Unprivileged",0,"1 byte",0,"EXOKAY",0,00010800000140000050810400010800,00000000000000000000000000000000,0000,2,0,1,0,2,1,0,2,0,1,2,0,1,0,0,0,0,"No Read Addr Cmds","No Write Addr Cmds","No Write Responses","Active","Active","Inactive","No Read Data Beats","Stream Beat","Stream Beat","No Write Data Beats"
528,528,0,0000,1,1,0,0,1,1,0,0,0000000000000,"INCR",3,00,0,"Data Secure Unprivileged",0,"16 bytes",0,0000000000000,"INCR",0,00,0,"Data Secure Unprivileged",0,"1 byte",0,"EXOKAY",0,00010800000140000050810400010800,00000000000000000000000000000000,0000,2,0,1,0,2,1,0,2,0,1,2,0,1,0,0,0,0,"No Read Addr Cmds","No Write Addr Cmds","No Write Responses","Active","Active","Inactive","No Read Data Beats","Stream Beat","Stream Beat","No Write Data Beats"
529,529,0,0000,1,1,0,33,1,1,0,0,0000000000000,"INCR",3,00,0,"Data Secure Unprivileged",0,"16 bytes",0,0000000000000,"INCR",0,00,0,"Data Secure Unprivileged",0,"1 byte",0,"EXOKAY",0,00010800000140000050810400010800,00000000000000000000000000000000,0000,2,0,1,0,2,1,0,2,0,1,2,0,1,0,0,0,0,"No Read Addr Cmds","No Write Addr Cmds","No Write Responses","Active","Active","Inactive","No Read Data Beats","Stream Beat","Stream Beat","No Write Data Beats"
530,530,0,0000,1,1,0,45,1,1,0,0,0000000000000,"INCR",3,00,0,"Data Secure Unprivileged",0,"16 bytes",0,0000000000000,"INCR",0,00,0,"Data Secure Unprivileged",0,"1 byte",0,"EXOKAY",0,00010800000140000050810400010800,00000000000000000000000000000000,0000,2,0,1,0,2,1,0,2,0,1,2,0,1,0,0,0,0,"No Read Addr Cmds","No Write Addr Cmds","No Write Responses","Active","Active","Inactive","No Read Data Beats","Stream Beat","Stream Beat","No Write Data Beats"
531,531,0,0000,1,1,0,10,1,1,0,0,0000000000000,"INCR",3,00,0,"Data Secure Unprivileged",0,"16 bytes",0,0000000000000,"INCR",0,00,0,"Data Secure Unprivileged",0,"1 byte",0,"EXOKAY",0,00010800000140000050810400010800,00000000000000000000000000000000,0000,2,0,1,0,2,1,0,2,0,1,2,0,1,0,0,0,0,"No Read Addr Cmds","No Write Addr Cmds","No Write Responses","Active","Active","Inactive","No Read Data Beats","Stream Beat","Stream Beat","No Write Data Beats"
532,532,0,0000,1,1,0,32,1,1,0,0,0000000000000,"INCR",3,00,0,"Data Secure Unprivileged",0,"16 bytes",0,0000000000000,"INCR",0,00,0,"Data Secure Unprivileged",0,"1 byte",0,"EXOKAY",0,00010800000140000050810400010800,00000000000000000000000000000000,0000,2,0,1,0,2,1,0,2,0,1,2,0,1,0,0,0,0,"No Read Addr Cmds","No Write Addr Cmds","No Write Responses","Active","Active","Inactive","No Read Data Beats","Stream Beat","Stream Beat","No Write Data Beats"
533,533,0,0000,1,1,0,65512,1,1,0,0,0000000000000,"INCR",3,00,0,"Data Secure Unprivileged",0,"16 bytes",0,0000000000000,"INCR",0,00,0,"Data Secure Unprivileged",0,"1 byte",0,"EXOKAY",0,00010800000140000050810400010800,00000000000000000000000000000000,0000,2,0,1,0,2,1,0,2,0,1,2,0,1,0,0,0,0,"No Read Addr Cmds","No Write Addr Cmds","No Write Responses","Active","Active","Inactive","No Read Data Beats","Stream Beat","Stream Beat","No Write Data Beats"
534,534,0,0000,1,1,0,42,1,1,0,0,0000000000000,"INCR",3,00,0,"Data Secure Unprivileged",0,"16 bytes",0,0000000000000,"INCR",0,00,0,"Data Secure Unprivileged",0,"1 byte",0,"EXOKAY",0,00010800000140000050810400010800,00000000000000000000000000000000,0000,2,0,1,0,2,1,0,2,0,1,2,0,1,0,0,0,0,"No Read Addr Cmds","No Write Addr Cmds","No Write Responses","Active","Active","Inactive","No Read Data Beats","Stream Beat","Stream Beat","No Write Data Beats"
535,535,0,0000,1,1,0,65512,1,1,0,0,0000000000000,"INCR",3,00,0,"Data Secure Unprivileged",0,"16 bytes",0,0000000000000,"INCR",0,00,0,"Data Secure Unprivileged",0,"1 byte",0,"EXOKAY",0,00010800000140000050810400010800,00000000000000000000000000000000,0000,2,0,1,0,2,1,0,2,0,1,2,0,1,0,0,0,0,"No Read Addr Cmds","No Write Addr Cmds","No Write Responses","Active","Active","Inactive","No Read Data Beats","Stream Beat","Stream Beat","No Write Data Beats"
536,536,0,0000,1,1,0,11,1,1,0,0,0000000000000,"INCR",3,00,0,"Data Secure Unprivileged",0,"16 bytes",0,0000000000000,"INCR",0,00,0,"Data Secure Unprivileged",0,"1 byte",0,"EXOKAY",0,00010800000140000050810400010800,00000000000000000000000000000000,0000,2,0,1,0,2,1,0,2,0,1,2,0,1,0,0,0,0,"No Read Addr Cmds","No Write Addr Cmds","No Write Responses","Active","Active","Inactive","No Read Data Beats","Stream Beat","Stream Beat","No Write Data Beats"
537,537,0,0000,1,1,0,65531,1,1,0,0,0000000000000,"INCR",3,00,0,"Data Secure Unprivileged",0,"16 bytes",0,0000000000000,"INCR",0,00,0,"Data Secure Unprivileged",0,"1 byte",0,"EXOKAY",0,00010800000140000050810400010800,00000000000000000000000000000000,0000,2,0,1,0,2,1,0,2,0,1,2,0,1,0,0,0,0,"No Read Addr Cmds","No Write Addr Cmds","No Write Responses","Active","Active","Inactive","No Read Data Beats","Stream Beat","Stream Beat","No Write Data Beats"
538,538,0,0000,1,1,0,40,1,1,0,0,0000000000000,"INCR",3,00,0,"Data Secure Unprivileged",0,"16 bytes",0,0000000000000,"INCR",0,00,0,"Data Secure Unprivileged",0,"1 byte",0,"EXOKAY",0,00010800000140000050810400010800,00000000000000000000000000000000,0000,2,0,1,0,2,1,0,2,0,1,2,0,1,0,0,0,0,"No Read Addr Cmds","No Write Addr Cmds","No Write Responses","Active","Active","Inactive","No Read Data Beats","Stream Beat","Stream Beat","No Write Data Beats"
539,539,0,0000,1,1,0,65518,1,1,0,0,0000000000000,"INCR",3,00,0,"Data Secure Unprivileged",0,"16 bytes",0,0000000000000,"INCR",0,00,0,"Data Secure Unprivileged",0,"1 byte",0,"EXOKAY",0,00010800000140000050810400010800,00000000000000000000000000000000,0000,2,0,1,0,2,1,0,2,0,1,2,0,1,0,0,0,0,"No Read Addr Cmds","No Write Addr Cmds","No Write Responses","Active","Active","Inactive","No Read Data Beats","Stream Beat","Stream Beat","No Write Data Beats"
540,540,0,0000,1,1,0,4,1,1,0,0,0000000000000,"INCR",3,00,0,"Data Secure Unprivileged",0,"16 bytes",0,0000000000000,"INCR",0,00,0,"Data Secure Unprivileged",0,"1 byte",0,"EXOKAY",0,00010800000140000050810400010800,00000000000000000000000000000000,0000,2,0,1,0,2,1,0,2,0,1,2,0,1,0,0,0,0,"No Read Addr Cmds","No Write Addr Cmds","No Write Responses","Active","Active","Inactive","No Read Data Beats","Stream Beat","Stream Beat","No Write Data Beats"
541,541,0,0000,1,1,0,65497,1,1,0,0,0000000000000,"INCR",3,00,0,"Data Secure Unprivileged",0,"16 bytes",0,0000000000000,"INCR",0,00,0,"Data Secure Unprivileged",0,"1 byte",0,"EXOKAY",0,00010800000140000050810400010800,00000000000000000000000000000000,0000,2,0,1,0,2,1,0,2,0,1,2,0,1,0,0,0,0,"No Read Addr Cmds","No Write Addr Cmds","No Write Responses","Active","Active","Inactive","No Read Data Beats","Stream Beat","Stream Beat","No Write Data Beats"
542,542,0,0000,1,1,0,65492,1,1,0,0,0000000000000,"INCR",3,00,0,"Data Secure Unprivileged",0,"16 bytes",0,0000000000000,"INCR",0,00,0,"Data Secure Unprivileged",0,"1 byte",0,"EXOKAY",0,00010800000140000050810400010800,00000000000000000000000000000000,0000,2,0,1,0,2,1,0,2,0,1,2,0,1,0,0,0,0,"No Read Addr Cmds","No Write Addr Cmds","No Write Responses","Active","Active","Inactive","No Read Data Beats","Stream Beat","Stream Beat","No Write Data Beats"
543,543,0,0000,1,1,0,0,1,1,0,0,0000000000000,"INCR",3,00,0,"Data Secure Unprivileged",0,"16 bytes",0,0000000000000,"INCR",0,00,0,"Data Secure Unprivileged",0,"1 byte",0,"EXOKAY",0,00010800000140000050810400010800,00000000000000000000000000000000,0000,2,0,1,0,2,1,0,2,0,1,2,0,1,0,0,0,0,"No Read Addr Cmds","No Write Addr Cmds","No Write Responses","Active","Active","Inactive","No Read Data Beats","Stream Beat","Stream Beat","No Write Data Beats"
544,544,0,0000,1,1,0,1,1,1,0,0,0000000000000,"INCR",3,00,0,"Data Secure Unprivileged",0,"16 bytes",0,0000000000000,"INCR",0,00,0,"Data Secure Unprivileged",0,"1 byte",0,"EXOKAY",0,00010800000140000050810400010800,00000000000000000000000000000000,0000,2,0,1,0,2,1,0,2,0,1,2,0,1,0,0,0,0,"No Read Addr Cmds","No Write Addr Cmds","No Write Responses","Active","Active","Inactive","No Read Data Beats","Stream Beat","Stream Beat","No Write Data Beats"
545,545,0,0000,1,1,0,65525,1,1,0,0,0000000000000,"INCR",3,00,0,"Data Secure Unprivileged",0,"16 bytes",0,0000000000000,"INCR",0,00,0,"Data Secure Unprivileged",0,"1 byte",0,"EXOKAY",0,00010800000140000050810400010800,00000000000000000000000000000000,0000,2,0,1,0,2,1,0,2,0,1,2,0,1,0,0,0,0,"No Read Addr Cmds","No Write Addr Cmds","No Write Responses","Active","Active","Inactive","No Read Data Beats","Stream Beat","Stream Beat","No Write Data Beats"
546,546,0,0000,1,1,0,26,1,1,0,0,0000000000000,"INCR",3,00,0,"Data Secure Unprivileged",0,"16 bytes",0,0000000000000,"INCR",0,00,0,"Data Secure Unprivileged",0,"1 byte",0,"EXOKAY",0,00010800000140000050810400010800,00000000000000000000000000000000,0000,2,0,1,0,2,1,0,2,0,1,2,0,1,0,0,0,0,"No Read Addr Cmds","No Write Addr Cmds","No Write Responses","Active","Active","Inactive","No Read Data Beats","Stream Beat","Stream Beat","No Write Data Beats"
547,547,0,0000,1,1,0,65503,1,1,0,0,0000000000000,"INCR",3,00,0,"Data Secure Unprivileged",0,"16 bytes",0,0000000000000,"INCR",0,00,0,"Data Secure Unprivileged",0,"1 byte",0,"EXOKAY",0,00010800000140000050810400010800,00000000000000000000000000000000,0000,2,0,1,0,2,1,0,2,0,1,2,0,1,0,0,0,0,"No Read Addr Cmds","No Write Addr Cmds","No Write Responses","Active","Active","Inactive","No Read Data Beats","Stream Beat","Stream Beat","No Write Data Beats"
548,548,0,0000,1,1,0,18,1,1,0,0,0000000000000,"INCR",3,00,0,"Data Secure Unprivileged",0,"16 bytes",0,0000000000000,"INCR",0,00,0,"Data Secure Unprivileged",0,"1 byte",0,"EXOKAY",0,00010800000140000050810400010800,00000000000000000000000000000000,0000,2,0,1,0,2,1,0,2,0,1,2,0,1,0,0,0,0,"No Read Addr Cmds","No Write Addr Cmds","No Write Responses","Active","Active","Inactive","No Read Data Beats","Stream Beat","Stream Beat","No Write Data Beats"
549,549,0,0000,1,1,0,44,1,1,0,0,0000000000000,"INCR",3,00,0,"Data Secure Unprivileged",0,"16 bytes",0,0000000000000,"INCR",0,00,0,"Data Secure Unprivileged",0,"1 byte",0,"EXOKAY",0,00010800000140000050810400010800,00000000000000000000000000000000,0000,2,0,1,0,2,1,0,2,0,1,2,0,1,0,0,0,0,"No Read Addr Cmds","No Write Addr Cmds","No Write Responses","Active","Active","Inactive","No Read Data Beats","Stream Beat","Stream Beat","No Write Data Beats"
550,550,0,0000,1,1,0,60,1,1,0,0,0000000000000,"INCR",3,00,0,"Data Secure Unprivileged",0,"16 bytes",0,0000000000000,"INCR",0,00,0,"Data Secure Unprivileged",0,"1 byte",0,"EXOKAY",0,00010800000140000050810400010800,00000000000000000000000000000000,0000,2,0,1,0,2,1,0,2,0,1,2,0,1,0,0,0,0,"No Read Addr Cmds","No Write Addr Cmds","No Write Responses","Active","Active","Inactive","No Read Data Beats","Stream Beat","Stream Beat","No Write Data Beats"
551,551,0,0000,1,1,0,65503,1,1,0,0,0000000000000,"INCR",3,00,0,"Data Secure Unprivileged",0,"16 bytes",0,0000000000000,"INCR",0,00,0,"Data Secure Unprivileged",0,"1 byte",0,"EXOKAY",0,00010800000140000050810400010800,00000000000000000000000000000000,0000,2,0,1,0,2,1,0,2,0,1,2,0,1,0,0,0,0,"No Read Addr Cmds","No Write Addr Cmds","No Write Responses","Active","Active","Inactive","No Read Data Beats","Stream Beat","Stream Beat","No Write Data Beats"
552,552,0,0000,1,1,0,65520,1,1,0,0,0000000000000,"INCR",3,00,0,"Data Secure Unprivileged",0,"16 bytes",0,0000000000000,"INCR",0,00,0,"Data Secure Unprivileged",0,"1 byte",0,"EXOKAY",0,00010800000140000050810400010800,00000000000000000000000000000000,0000,2,0,1,0,2,1,0,2,0,1,2,0,1,0,0,0,0,"No Read Addr Cmds","No Write Addr Cmds","No Write Responses","Active","Active","Inactive","No Read Data Beats","Stream Beat","Stream Beat","No Write Data Beats"
553,553,0,0000,1,1,0,19,1,1,0,0,0000000000000,"INCR",3,00,0,"Data Secure Unprivileged",0,"16 bytes",0,0000000000000,"INCR",0,00,0,"Data Secure Unprivileged",0,"1 byte",0,"EXOKAY",0,00010800000140000050810400010800,00000000000000000000000000000000,0000,2,0,1,0,2,1,0,2,0,1,2,0,1,0,0,0,0,"No Read Addr Cmds","No Write Addr Cmds","No Write Responses","Active","Active","Inactive","No Read Data Beats","Stream Beat","Stream Beat","No Write Data Beats"
554,554,0,0000,1,1,0,65519,1,1,0,0,0000000000000,"INCR",3,00,0,"Data Secure Unprivileged",0,"16 bytes",0,0000000000000,"INCR",0,00,0,"Data Secure Unprivileged",0,"1 byte",0,"EXOKAY",0,00010800000140000050810400010800,00000000000000000000000000000000,0000,2,0,1,0,2,1,0,2,0,1,2,0,1,0,0,0,0,"No Read Addr Cmds","No Write Addr Cmds","No Write Responses","Active","Active","Inactive","No Read Data Beats","Stream Beat","Stream Beat","No Write Data Beats"
555,555,0,0000,1,1,0,60,1,1,0,0,0000000000000,"INCR",3,00,0,"Data Secure Unprivileged",0,"16 bytes",0,0000000000000,"INCR",0,00,0,"Data Secure Unprivileged",0,"1 byte",0,"EXOKAY",0,00010800000140000050810400010800,00000000000000000000000000000000,0000,2,0,1,0,2,1,0,2,0,1,2,0,1,0,0,0,0,"No Read Addr Cmds","No Write Addr Cmds","No Write Responses","Active","Active","Inactive","No Read Data Beats","Stream Beat","Stream Beat","No Write Data Beats"
556,556,0,0000,1,1,0,40,1,1,0,0,0000000000000,"INCR",3,00,0,"Data Secure Unprivileged",0,"16 bytes",0,0000000000000,"INCR",0,00,0,"Data Secure Unprivileged",0,"1 byte",0,"EXOKAY",0,00010800000140000050810400010800,00000000000000000000000000000000,0000,2,0,1,0,2,1,0,2,0,1,2,0,1,0,0,0,0,"No Read Addr Cmds","No Write Addr Cmds","No Write Responses","Active","Active","Inactive","No Read Data Beats","Stream Beat","Stream Beat","No Write Data Beats"
557,557,0,0000,1,1,0,34,1,1,0,0,0000000000000,"INCR",3,00,0,"Data Secure Unprivileged",0,"16 bytes",0,0000000000000,"INCR",0,00,0,"Data Secure Unprivileged",0,"1 byte",0,"EXOKAY",0,00010800000140000050810400010800,00000000000000000000000000000000,0000,2,0,1,0,2,1,0,2,0,1,2,0,1,0,0,0,0,"No Read Addr Cmds","No Write Addr Cmds","No Write Responses","Active","Active","Inactive","No Read Data Beats","Stream Beat","Stream Beat","No Write Data Beats"
558,558,0,0000,1,1,0,65488,1,1,0,0,0000000000000,"INCR",3,00,0,"Data Secure Unprivileged",0,"16 bytes",0,0000000000000,"INCR",0,00,0,"Data Secure Unprivileged",0,"1 byte",0,"EXOKAY",0,00010800000140000050810400010800,00000000000000000000000000000000,0000,2,0,1,0,2,1,0,2,0,1,2,0,1,0,0,0,0,"No Read Addr Cmds","No Write Addr Cmds","No Write Responses","Active","Active","Inactive","No Read Data Beats","Stream Beat","Stream Beat","No Write Data Beats"
559,559,0,0000,1,1,0,32,1,1,0,0,0000000000000,"INCR",3,00,0,"Data Secure Unprivileged",0,"16 bytes",0,0000000000000,"INCR",0,00,0,"Data Secure Unprivileged",0,"1 byte",0,"EXOKAY",0,00010800000140000050810400010800,00000000000000000000000000000000,0000,2,0,1,0,2,1,0,2,0,1,2,0,1,0,0,0,0,"No Read Addr Cmds","No Write Addr Cmds","No Write Responses","Active","Active","Inactive","No Read Data Beats","Stream Beat","Stream Beat","No Write Data Beats"
560,560,0,0000,1,1,0,11,1,1,0,0,0000000000000,"INCR",3,00,0,"Data Secure Unprivileged",0,"16 bytes",0,0000000000000,"INCR",0,00,0,"Data Secure Unprivileged",0,"1 byte",0,"EXOKAY",0,00010800000140000050810400010800,00000000000000000000000000000000,0000,2,0,1,0,2,1,0,2,0,1,2,0,1,0,0,0,0,"No Read Addr Cmds","No Write Addr Cmds","No Write Responses","Active","Active","Inactive","No Read Data Beats","Stream Beat","Stream Beat","No Write Data Beats"
561,561,0,0000,1,1,0,65531,1,1,0,0,0000000000000,"INCR",3,00,0,"Data Secure Unprivileged",0,"16 bytes",0,0000000000000,"INCR",0,00,0,"Data Secure Unprivileged",0,"1 byte",0,"EXOKAY",0,00010800000140000050810400010800,00000000000000000000000000000000,0000,2,0,1,0,2,1,0,2,0,1,2,0,1,0,0,0,0,"No Read Addr Cmds","No Write Addr Cmds","No Write Responses","Active","Active","Inactive","No Read Data Beats","Stream Beat","Stream Beat","No Write Data Beats"
562,562,0,0000,1,1,0,65531,1,1,0,0,0000000000000,"INCR",3,00,0,"Data Secure Unprivileged",0,"16 bytes",0,0000000000000,"INCR",0,00,0,"Data Secure Unprivileged",0,"1 byte",0,"EXOKAY",0,00010800000140000050810400010800,00000000000000000000000000000000,0000,2,0,1,0,2,1,0,2,0,1,2,0,1,0,0,0,0,"No Read Addr Cmds","No Write Addr Cmds","No Write Responses","Active","Active","Inactive","No Read Data Beats","Stream Beat","Stream Beat","No Write Data Beats"
563,563,0,0000,1,1,0,48,1,1,0,0,0000000000000,"INCR",3,00,0,"Data Secure Unprivileged",0,"16 bytes",0,0000000000000,"INCR",0,00,0,"Data Secure Unprivileged",0,"1 byte",0,"EXOKAY",0,00010800000140000050810400010800,00000000000000000000000000000000,0000,2,0,1,0,2,1,0,2,0,1,2,0,1,0,0,0,0,"No Read Addr Cmds","No Write Addr Cmds","No Write Responses","Active","Active","Inactive","No Read Data Beats","Stream Beat","Stream Beat","No Write Data Beats"
564,564,0,0000,1,1,0,43,1,1,0,0,0000000000000,"INCR",3,00,0,"Data Secure Unprivileged",0,"16 bytes",0,0000000000000,"INCR",0,00,0,"Data Secure Unprivileged",0,"1 byte",0,"EXOKAY",0,00010800000140000050810400010800,00000000000000000000000000000000,0000,2,0,1,0,2,1,0,2,0,1,2,0,1,0,0,0,0,"No Read Addr Cmds","No Write Addr Cmds","No Write Responses","Active","Active","Inactive","No Read Data Beats","Stream Beat","Stream Beat","No Write Data Beats"
565,565,0,0000,1,1,0,23,1,1,0,0,0000000000000,"INCR",3,00,0,"Data Secure Unprivileged",0,"16 bytes",0,0000000000000,"INCR",0,00,0,"Data Secure Unprivileged",0,"1 byte",0,"EXOKAY",0,00010800000140000050810400010800,00000000000000000000000000000000,0000,2,0,1,0,2,1,0,2,0,1,2,0,1,0,0,0,0,"No Read Addr Cmds","No Write Addr Cmds","No Write Responses","Active","Active","Inactive","No Read Data Beats","Stream Beat","Stream Beat","No Write Data Beats"
566,566,0,0000,1,1,0,65503,1,1,0,0,0000000000000,"INCR",3,00,0,"Data Secure Unprivileged",0,"16 bytes",0,0000000000000,"INCR",0,00,0,"Data Secure Unprivileged",0,"1 byte",0,"EXOKAY",0,00010800000140000050810400010800,00000000000000000000000000000000,0000,2,0,1,0,2,1,0,2,0,1,2,0,1,0,0,0,0,"No Read Addr Cmds","No Write Addr Cmds","No Write Responses","Active","Active","Inactive","No Read Data Beats","Stream Beat","Stream Beat","No Write Data Beats"
567,567,0,0000,1,1,0,18,1,1,0,0,0000000000000,"INCR",3,00,0,"Data Secure Unprivileged",0,"16 bytes",0,0000000000000,"INCR",0,00,0,"Data Secure Unprivileged",0,"1 byte",0,"EXOKAY",0,00010800000140000050810400010800,00000000000000000000000000000000,0000,2,0,1,0,2,1,0,2,0,1,2,0,1,0,0,0,0,"No Read Addr Cmds","No Write Addr Cmds","No Write Responses","Active","Active","Inactive","No Read Data Beats","Stream Beat","Stream Beat","No Write Data Beats"
568,568,0,0000,1,1,0,17,1,1,0,0,0000000000000,"INCR",3,00,0,"Data Secure Unprivileged",0,"16 bytes",0,0000000000000,"INCR",0,00,0,"Data Secure Unprivileged",0,"1 byte",0,"EXOKAY",0,00010800000140000050810400010800,00000000000000000000000000000000,0000,2,0,1,0,2,1,0,2,0,1,2,0,1,0,0,0,0,"No Read Addr Cmds","No Write Addr Cmds","No Write Responses","Active","Active","Inactive","No Read Data Beats","Stream Beat","Stream Beat","No Write Data Beats"
569,569,0,8043,1,1,0,65517,1,1,0,0,0000000000000,"INCR",3,00,0,"Data Secure Unprivileged",0,"16 bytes",0,0000000000000,"INCR",0,00,0,"Data Secure Unprivileged",0,"1 byte",0,"EXOKAY",0,00010800000140000050810400010800,00000000000000000000000000000000,0000,2,0,1,0,2,1,0,2,0,1,2,0,1,0,0,0,0,"No Read Addr Cmds","No Write Addr Cmds","No Write Responses","Active","Active","Inactive","No Read Data Beats","Stream Beat","Stream Beat","No Write Data Beats"
570,570,0,8043,1,1,0,65521,1,1,0,0,0000000000000,"INCR",3,00,0,"Data Secure Unprivileged",0,"16 bytes",0,0000000000000,"INCR",0,00,0,"Data Secure Unprivileged",0,"1 byte",0,"EXOKAY",0,00010800000140000050810400010800,00000000000000000000000000000000,0000,2,0,1,0,2,1,0,2,0,1,2,0,1,0,0,0,0,"No Read Addr Cmds","No Write Addr Cmds","No Write Responses","Active","Active","Inactive","No Read Data Beats","Stream Beat","Stream Beat","No Write Data Beats"
571,571,0,860f,1,1,0,65515,1,1,0,0,0000000000000,"INCR",3,00,0,"Data Secure Unprivileged",0,"16 bytes",0,0000000000000,"INCR",0,00,0,"Data Secure Unprivileged",0,"1 byte",0,"EXOKAY",0,00010800000140000050810400010800,00000000000000000000000000000000,0000,2,0,1,0,2,1,0,2,0,1,2,0,1,0,0,0,0,"No Read Addr Cmds","No Write Addr Cmds","No Write Responses","Active","Active","Inactive","No Read Data Beats","Stream Beat","Stream Beat","No Write Data Beats"
572,572,0,0086,1,1,0,65499,1,1,0,0,0000000000000,"INCR",3,00,0,"Data Secure Unprivileged",0,"16 bytes",0,0000000000000,"INCR",0,00,0,"Data Secure Unprivileged",0,"1 byte",0,"EXOKAY",0,00010800000140000050810400010800,00000000000000000000000000000000,0000,2,0,1,0,2,1,0,2,0,1,2,0,1,0,0,0,0,"No Read Addr Cmds","No Write Addr Cmds","No Write Responses","Active","Active","Inactive","No Read Data Beats","Stream Beat","Stream Beat","No Write Data Beats"
573,573,0,0652,1,1,0,65478,1,1,0,0,0000000000000,"INCR",3,00,0,"Data Secure Unprivileged",0,"16 bytes",0,0000000000000,"INCR",0,00,0,"Data Secure Unprivileged",0,"1 byte",0,"EXOKAY",0,00010800000140000050810400010800,00000000000000000000000000000000,0000,2,0,1,0,2,1,0,2,0,1,2,0,1,0,0,0,0,"No Read Addr Cmds","No Write Addr Cmds","No Write Responses","Active","Active","Inactive","No Read Data Beats","Stream Beat","Stream Beat","No Write Data Beats"
574,574,0,a535,1,1,0,65521,1,1,0,0,0000000000000,"INCR",3,00,0,"Data Secure Unprivileged",0,"16 bytes",0,0000000000000,"INCR",0,00,0,"Data Secure Unprivileged",0,"1 byte",0,"EXOKAY",0,00010800000140000050810400010800,00000000000000000000000000000000,0000,2,0,1,0,2,1,0,2,0,1,2,0,1,0,0,0,0,"No Read Addr Cmds","No Write Addr Cmds","No Write Responses","Active","Active","Inactive","No Read Data Beats","Stream Beat","Stream Beat","No Write Data Beats"
575,575,0,2e0a,1,1,0,65524,1,1,0,0,0000000000000,"INCR",3,00,0,"Data Secure Unprivileged",0,"16 bytes",0,0000000000000,"INCR",0,00,0,"Data Secure Unprivileged",0,"1 byte",0,"EXOKAY",0,00010800000140000050810400010800,00000000000000000000000000000000,0000,2,0,1,0,2,1,0,2,0,1,2,0,1,0,0,0,0,"No Read Addr Cmds","No Write Addr Cmds","No Write Responses","Active","Active","Inactive","No Read Data Beats","Stream Beat","Stream Beat","No Write Data Beats"
576,576,0,526f,1,1,0,41,1,1,0,0,0000000000000,"INCR",3,00,0,"Data Secure Unprivileged",0,"16 bytes",0,0000000000000,"INCR",0,00,0,"Data Secure Unprivileged",0,"1 byte",0,"EXOKAY",0,00010800000140000050810400010800,00000000000000000000000000000000,0000,2,0,1,0,2,1,0,2,0,1,2,0,1,0,0,0,0,"No Read Addr Cmds","No Write Addr Cmds","No Write Responses","Active","Active","Inactive","No Read Data Beats","Stream Beat","Stream Beat","No Write Data Beats"
577,577,0,e45f,1,1,0,43,1,1,0,0,0000000000000,"INCR",3,00,0,"Data Secure Unprivileged",0,"16 bytes",0,0000000000000,"INCR",0,00,0,"Data Secure Unprivileged",0,"1 byte",0,"EXOKAY",0,00010800000140000050810400010800,00000000000000000000000000000000,0000,2,0,1,0,2,1,0,2,0,1,2,0,1,0,0,0,0,"No Read Addr Cmds","No Write Addr Cmds","No Write Responses","Active","Active","Inactive","No Read Data Beats","Stream Beat","Stream Beat","No Write Data Beats"
578,578,0,d2b2,1,1,0,65516,1,1,0,0,0000000000000,"INCR",3,00,0,"Data Secure Unprivileged",0,"16 bytes",0,0000000000000,"INCR",0,00,0,"Data Secure Unprivileged",0,"1 byte",0,"EXOKAY",0,00010800000140000050810400010800,00000000000000000000000000000000,0000,2,0,1,0,2,1,0,2,0,1,2,0,1,0,0,0,0,"No Read Addr Cmds","No Write Addr Cmds","No Write Responses","Active","Active","Inactive","No Read Data Beats","Stream Beat","Stream Beat","No Write Data Beats"
579,579,0,0ca4,1,1,0,23,1,1,0,0,0000000000000,"INCR",3,00,0,"Data Secure Unprivileged",0,"16 bytes",0,0000000000000,"INCR",0,00,0,"Data Secure Unprivileged",0,"1 byte",0,"EXOKAY",0,00010800000140000050810400010800,00000000000000000000000000000000,0000,2,0,1,0,2,1,0,2,0,1,2,0,1,0,0,0,0,"No Read Addr Cmds","No Write Addr Cmds","No Write Responses","Active","Active","Inactive","No Read Data Beats","Stream Beat","Stream Beat","No Write Data Beats"
580,580,0,fe5c,1,1,0,65534,1,1,0,0,0000000000000,"INCR",3,00,0,"Data Secure Unprivileged",0,"16 bytes",0,0000000000000,"INCR",0,00,0,"Data Secure Unprivileged",0,"1 byte",0,"EXOKAY",0,00010800000140000050810400010800,00000000000000000000000000000000,0000,2,0,1,0,2,1,0,2,0,1,2,0,1,0,0,0,0,"No Read Addr Cmds","No Write Addr Cmds","No Write Responses","Active","Active","Inactive","No Read Data Beats","Stream Beat","Stream Beat","No Write Data Beats"
581,581,0,bdd7,1,1,0,18,1,1,0,0,0000000000000,"INCR",3,00,0,"Data Secure Unprivileged",0,"16 bytes",0,0000000000000,"INCR",0,00,0,"Data Secure Unprivileged",0,"1 byte",0,"EXOKAY",0,00010800000140000050810400010800,00000000000000000000000000000000,0000,2,0,1,0,2,1,0,2,0,1,2,0,1,0,0,0,0,"No Read Addr Cmds","No Write Addr Cmds","No Write Responses","Active","Active","Inactive","No Read Data Beats","Stream Beat","Stream Beat","No Write Data Beats"
582,582,0,193b,1,1,0,23,1,1,0,0,0000000000000,"INCR",3,00,0,"Data Secure Unprivileged",0,"16 bytes",0,0000000000000,"INCR",0,00,0,"Data Secure Unprivileged",0,"1 byte",0,"EXOKAY",0,00010800000140000050810400010800,00000000000000000000000000000000,0000,2,0,1,0,2,1,0,2,0,1,2,0,1,0,0,0,0,"No Read Addr Cmds","No Write Addr Cmds","No Write Responses","Active","Active","Inactive","No Read Data Beats","Stream Beat","Stream Beat","No Write Data Beats"
583,583,0,3763,1,1,0,65516,1,1,0,0,0000000000000,"INCR",3,00,0,"Data Secure Unprivileged",0,"16 bytes",0,0000000000000,"INCR",0,00,0,"Data Secure Unprivileged",0,"1 byte",0,"EXOKAY",0,00010800000140000050810400010800,00000000000000000000000000000000,0000,2,0,1,0,2,1,0,2,0,1,2,0,1,0,0,0,0,"No Read Addr Cmds","No Write Addr Cmds","No Write Responses","Active","Active","Inactive","No Read Data Beats","Stream Beat","Stream Beat","No Write Data Beats"
584,584,0,13a4,1,1,0,58,1,1,0,0,0000000000000,"INCR",3,00,0,"Data Secure Unprivileged",0,"16 bytes",0,0000000000000,"INCR",0,00,0,"Data Secure Unprivileged",0,"1 byte",0,"EXOKAY",0,00010800000140000050810400010800,00000000000000000000000000000000,0000,2,0,1,0,2,1,0,2,0,1,2,0,1,0,0,0,0,"No Read Addr Cmds","No Write Addr Cmds","No Write Responses","Active","Active","Inactive","No Read Data Beats","Stream Beat","Stream Beat","No Write Data Beats"
585,585,0,8426,1,1,0,51,1,1,0,0,0000000000000,"INCR",3,00,0,"Data Secure Unprivileged",0,"16 bytes",0,0000000000000,"INCR",0,00,0,"Data Secure Unprivileged",0,"1 byte",0,"EXOKAY",0,00010800000140000050810400010800,00000000000000000000000000000000,0000,2,0,1,0,2,1,0,2,0,1,2,0,1,0,0,0,0,"No Read Addr Cmds","No Write Addr Cmds","No Write Responses","Active","Active","Inactive","No Read Data Beats","Stream Beat","Stream Beat","No Write Data Beats"
586,586,0,42af,1,1,0,30,1,1,0,0,0000000000000,"INCR",3,00,0,"Data Secure Unprivileged",0,"16 bytes",0,0000000000000,"INCR",0,00,0,"Data Secure Unprivileged",0,"1 byte",0,"EXOKAY",0,00010800000140000050810400010800,00000000000000000000000000000000,0000,2,0,1,0,2,1,0,2,0,1,2,0,1,0,0,0,0,"No Read Addr Cmds","No Write Addr Cmds","No Write Responses","Active","Active","Inactive","No Read Data Beats","Stream Beat","Stream Beat","No Write Data Beats"
587,587,0,1d3f,1,1,0,65500,1,1,0,0,0000000000000,"INCR",3,00,0,"Data Secure Unprivileged",0,"16 bytes",0,0000000000000,"INCR",0,00,0,"Data Secure Unprivileged",0,"1 byte",0,"EXOKAY",0,00010800000140000050810400010800,00000000000000000000000000000000,0000,2,0,1,0,2,1,0,2,0,1,2,0,1,0,0,0,0,"No Read Addr Cmds","No Write Addr Cmds","No Write Responses","Active","Active","Inactive","No Read Data Beats","Stream Beat","Stream Beat","No Write Data Beats"
588,588,0,aece,1,1,0,43,1,1,0,0,0000000000000,"INCR",3,00,0,"Data Secure Unprivileged",0,"16 bytes",0,0000000000000,"INCR",0,00,0,"Data Secure Unprivileged",0,"1 byte",0,"EXOKAY",0,00010800000140000050810400010800,00000000000000000000000000000000,0000,2,0,1,0,2,1,0,2,0,1,2,0,1,0,0,0,0,"No Read Addr Cmds","No Write Addr Cmds","No Write Responses","Active","Active","Inactive","No Read Data Beats","Stream Beat","Stream Beat","No Write Data Beats"
589,589,0,eb8d,1,1,0,39,1,1,0,0,0000000000000,"INCR",3,00,0,"Data Secure Unprivileged",0,"16 bytes",0,0000000000000,"INCR",0,00,0,"Data Secure Unprivileged",0,"1 byte",0,"EXOKAY",0,00010800000140000050810400010800,00000000000000000000000000000000,0000,2,0,1,0,2,1,0,2,0,1,2,0,1,0,0,0,0,"No Read Addr Cmds","No Write Addr Cmds","No Write Responses","Active","Active","Inactive","No Read Data Beats","Stream Beat","Stream Beat","No Write Data Beats"
590,590,0,63cb,1,1,0,30,1,1,0,0,0000000000000,"INCR",3,00,0,"Data Secure Unprivileged",0,"16 bytes",0,0000000000000,"INCR",0,00,0,"Data Secure Unprivileged",0,"1 byte",0,"EXOKAY",0,00010800000140000050810400010800,00000000000000000000000000000000,0000,2,0,1,0,2,1,0,2,0,1,2,0,1,0,0,0,0,"No Read Addr Cmds","No Write Addr Cmds","No Write Responses","Active","Active","Inactive","No Read Data Beats","Stream Beat","Stream Beat","No Write Data Beats"
591,591,0,7c78,1,1,0,7,1,1,0,0,0000000000000,"INCR",3,00,0,"Data Secure Unprivileged",0,"16 bytes",0,0000000000000,"INCR",0,00,0,"Data Secure Unprivileged",0,"1 byte",0,"EXOKAY",0,00010800000140000050810400010800,00000000000000000000000000000000,0000,2,0,1,0,2,1,0,2,0,1,2,0,1,0,0,0,0,"No Read Addr Cmds","No Write Addr Cmds","No Write Responses","Active","Active","Inactive","No Read Data Beats","Stream Beat","Stream Beat","No Write Data Beats"
592,592,0,45e6,1,1,0,65507,1,1,0,0,0000000000000,"INCR",3,00,0,"Data Secure Unprivileged",0,"16 bytes",0,0000000000000,"INCR",0,00,0,"Data Secure Unprivileged",0,"1 byte",0,"EXOKAY",0,00010800000140000050810400010800,00000000000000000000000000000000,0000,2,0,1,0,2,1,0,2,0,1,2,0,1,0,0,0,0,"No Read Addr Cmds","No Write Addr Cmds","No Write Responses","Active","Active","Inactive","No Read Data Beats","Stream Beat","Stream Beat","No Write Data Beats"
593,593,0,4640,1,1,0,63,1,1,0,0,0000000000000,"INCR",3,00,0,"Data Secure Unprivileged",0,"16 bytes",0,0000000000000,"INCR",0,00,0,"Data Secure Unprivileged",0,"1 byte",0,"EXOKAY",0,00010800000140000050810400010800,00000000000000000000000000000000,0000,2,0,1,0,2,1,0,2,0,1,2,0,1,0,0,0,0,"No Read Addr Cmds","No Write Addr Cmds","No Write Responses","Active","Active","Inactive","No Read Data Beats","Stream Beat","Stream Beat","No Write Data Beats"
594,594,0,db50,1,1,0,23,1,1,0,0,0000000000000,"INCR",3,00,0,"Data Secure Unprivileged",0,"16 bytes",0,0000000000000,"INCR",0,00,0,"Data Secure Unprivileged",0,"1 byte",0,"EXOKAY",0,00010800000140000050810400010800,00000000000000000000000000000000,0000,2,0,1,0,2,1,0,2,0,1,2,0,1,0,0,0,0,"No Read Addr Cmds","No Write Addr Cmds","No Write Responses","Active","Active","Inactive","No Read Data Beats","Stream Beat","Stream Beat","No Write Data Beats"
595,595,0,0f01,1,1,0,65533,1,1,0,0,0000000000000,"INCR",3,00,0,"Data Secure Unprivileged",0,"16 bytes",0,0000000000000,"INCR",0,00,0,"Data Secure Unprivileged",0,"1 byte",0,"EXOKAY",0,00010800000140000050810400010800,00000000000000000000000000000000,0000,2,0,1,0,2,1,0,2,0,1,2,0,1,0,0,0,0,"No Read Addr Cmds","No Write Addr Cmds","No Write Responses","Active","Active","Inactive","No Read Data Beats","Stream Beat","Stream Beat","No Write Data Beats"
596,596,0,239a,1,1,0,18,1,1,0,0,0000000000000,"INCR",3,00,0,"Data Secure Unprivileged",0,"16 bytes",0,0000000000000,"INCR",0,00,0,"Data Secure Unprivileged",0,"1 byte",0,"EXOKAY",0,00010800000140000050810400010800,00000000000000000000000000000000,0000,2,0,1,0,2,1,0,2,0,1,2,0,1,0,0,0,0,"No Read Addr Cmds","No Write Addr Cmds","No Write Responses","Active","Active","Inactive","No Read Data Beats","Stream Beat","Stream Beat","No Write Data Beats"
597,597,0,09bc,1,1,0,65510,1,1,0,0,0000000000000,"INCR",3,00,0,"Data Secure Unprivileged",0,"16 bytes",0,0000000000000,"INCR",0,00,0,"Data Secure Unprivileged",0,"1 byte",0,"EXOKAY",0,00010800000140000050810400010800,00000000000000000000000000000000,0000,2,0,1,0,2,1,0,2,0,1,2,0,1,0,0,0,0,"No Read Addr Cmds","No Write Addr Cmds","No Write Responses","Active","Active","Inactive","No Read Data Beats","Stream Beat","Stream Beat","No Write Data Beats"
598,598,0,3940,1,1,0,45,1,1,0,0,0000000000000,"INCR",3,00,0,"Data Secure Unprivileged",0,"16 bytes",0,0000000000000,"INCR",0,00,0,"Data Secure Unprivileged",0,"1 byte",0,"EXOKAY",0,00010800000140000050810400010800,00000000000000000000000000000000,0000,2,0,1,0,2,1,0,2,0,1,2,0,1,0,0,0,0,"No Read Addr Cmds","No Write Addr Cmds","No Write Responses","Active","Active","Inactive","No Read Data Beats","Stream Beat","Stream Beat","No Write Data Beats"
599,599,0,066d,1,1,0,41,1,1,0,0,0000000000000,"INCR",3,00,0,"Data Secure Unprivileged",0,"16 bytes",0,0000000000000,"INCR",0,00,0,"Data Secure Unprivileged",0,"1 byte",0,"EXOKAY",0,00010800000140000050810400010800,00000000000000000000000000000000,0000,2,0,1,0,2,1,0,2,0,1,2,0,1,0,0,0,0,"No Read Addr Cmds","No Write Addr Cmds","No Write Responses","Active","Active","Inactive","No Read Data Beats","Stream Beat","Stream Beat","No Write Data Beats"
600,600,0,da75,1,1,0,65486,1,1,0,0,0000000000000,"INCR",3,00,0,"Data Secure Unprivileged",0,"16 bytes",0,0000000000000,"INCR",0,00,0,"Data Secure Unprivileged",0,"1 byte",0,"EXOKAY",0,00010800000140000050810400010800,00000000000000000000000000000000,0000,2,0,1,0,2,1,0,2,0,1,2,0,1,0,0,0,0,"No Read Addr Cmds","No Write Addr Cmds","No Write Responses","Active","Active","Inactive","No Read Data Beats","Stream Beat","Stream Beat","No Write Data Beats"
601,601,0,8542,1,1,0,42,1,1,0,0,0000000000000,"INCR",3,00,0,"Data Secure Unprivileged",0,"16 bytes",0,0000000000000,"INCR",0,00,0,"Data Secure Unprivileged",0,"1 byte",0,"EXOKAY",0,00010800000140000050810400010800,00000000000000000000000000000000,0000,2,0,1,0,2,1,0,2,0,1,2,0,1,0,0,0,0,"No Read Addr Cmds","No Write Addr Cmds","No Write Responses","Active","Active","Inactive","No Read Data Beats","Stream Beat","Stream Beat","No Write Data Beats"
602,602,0,1b60,1,1,0,20,1,1,0,0,0000000000000,"INCR",3,00,0,"Data Secure Unprivileged",0,"16 bytes",0,0000000000000,"INCR",0,00,0,"Data Secure Unprivileged",0,"1 byte",0,"EXOKAY",0,00010800000140000050810400010800,00000000000000000000000000000000,0000,2,0,1,0,2,1,0,2,0,1,2,0,1,0,0,0,0,"No Read Addr Cmds","No Write Addr Cmds","No Write Responses","Active","Active","Inactive","No Read Data Beats","Stream Beat","Stream Beat","No Write Data Beats"
603,603,0,c9ea,1,1,0,65526,1,1,0,0,0000000000000,"INCR",3,00,0,"Data Secure Unprivileged",0,"16 bytes",0,0000000000000,"INCR",0,00,0,"Data Secure Unprivileged",0,"1 byte",0,"EXOKAY",0,00010800000140000050810400010800,00000000000000000000000000000000,0000,2,0,1,0,2,1,0,2,0,1,2,0,1,0,0,0,0,"No Read Addr Cmds","No Write Addr Cmds","No Write Responses","Active","Active","Inactive","No Read Data Beats","Stream Beat","Stream Beat","No Write Data Beats"
604,604,0,0ce2,1,1,0,25,1,1,0,0,0000000000000,"INCR",3,00,0,"Data Secure Unprivileged",0,"16 bytes",0,0000000000000,"INCR",0,00,0,"Data Secure Unprivileged",0,"1 byte",0,"EXOKAY",0,00010800000140000050810400010800,00000000000000000000000000000000,0000,2,0,1,0,2,1,0,2,0,1,2,0,1,0,0,0,0,"No Read Addr Cmds","No Write Addr Cmds","No Write Responses","Active","Active","Inactive","No Read Data Beats","Stream Beat","Stream Beat","No Write Data Beats"
605,605,0,a8be,1,1,0,28,1,1,0,0,0000000000000,"INCR",3,00,0,"Data Secure Unprivileged",0,"16 bytes",0,0000000000000,"INCR",0,00,0,"Data Secure Unprivileged",0,"1 byte",0,"EXOKAY",0,00010800000140000050810400010800,00000000000000000000000000000000,0000,2,0,1,0,2,1,0,2,0,1,2,0,1,0,0,0,0,"No Read Addr Cmds","No Write Addr Cmds","No Write Responses","Active","Active","Inactive","No Read Data Beats","Stream Beat","Stream Beat","No Write Data Beats"
606,606,0,db42,1,1,0,14,1,1,0,0,0000000000000,"INCR",3,00,0,"Data Secure Unprivileged",0,"16 bytes",0,0000000000000,"INCR",0,00,0,"Data Secure Unprivileged",0,"1 byte",0,"EXOKAY",0,00010800000140000050810400010800,00000000000000000000000000000000,0000,2,0,1,0,2,1,0,2,0,1,2,0,1,0,0,0,0,"No Read Addr Cmds","No Write Addr Cmds","No Write Responses","Active","Active","Inactive","No Read Data Beats","Stream Beat","Stream Beat","No Write Data Beats"
607,607,0,cde7,1,1,0,51,1,1,0,0,0000000000000,"INCR",3,00,0,"Data Secure Unprivileged",0,"16 bytes",0,0000000000000,"INCR",0,00,0,"Data Secure Unprivileged",0,"1 byte",0,"EXOKAY",0,00010800000140000050810400010800,00000000000000000000000000000000,0000,2,0,1,0,2,1,0,2,0,1,2,0,1,0,0,0,0,"No Read Addr Cmds","No Write Addr Cmds","No Write Responses","Active","Active","Inactive","No Read Data Beats","Stream Beat","Stream Beat","No Write Data Beats"
608,608,0,847c,1,1,0,65526,1,1,0,0,0000000000000,"INCR",3,00,0,"Data Secure Unprivileged",0,"16 bytes",0,0000000000000,"INCR",0,00,0,"Data Secure Unprivileged",0,"1 byte",0,"EXOKAY",0,00010800000140000050810400010800,00000000000000000000000000000000,0000,2,0,1,0,2,1,0,2,0,1,2,0,1,0,0,0,0,"No Read Addr Cmds","No Write Addr Cmds","No Write Responses","Active","Active","Inactive","No Read Data Beats","Stream Beat","Stream Beat","No Write Data Beats"
609,609,0,e410,1,1,0,24,1,1,0,0,0000000000000,"INCR",3,00,0,"Data Secure Unprivileged",0,"16 bytes",0,0000000000000,"INCR",0,00,0,"Data Secure Unprivileged",0,"1 byte",0,"EXOKAY",0,00010800000140000050810400010800,00000000000000000000000000000000,0000,2,0,1,0,2,1,0,2,0,1,2,0,1,0,0,0,0,"No Read Addr Cmds","No Write Addr Cmds","No Write Responses","Active","Active","Inactive","No Read Data Beats","Stream Beat","Stream Beat","No Write Data Beats"
610,610,0,65d7,1,1,0,31,1,1,0,0,0000000000000,"INCR",3,00,0,"Data Secure Unprivileged",0,"16 bytes",0,0000000000000,"INCR",0,00,0,"Data Secure Unprivileged",0,"1 byte",0,"EXOKAY",0,00010800000140000050810400010800,00000000000000000000000000000000,0000,2,0,1,0,2,1,0,2,0,1,2,0,1,0,0,0,0,"No Read Addr Cmds","No Write Addr Cmds","No Write Responses","Active","Active","Inactive","No Read Data Beats","Stream Beat","Stream Beat","No Write Data Beats"
611,611,0,ec47,1,1,0,32,1,1,0,0,0000000000000,"INCR",3,00,0,"Data Secure Unprivileged",0,"16 bytes",0,0000000000000,"INCR",0,00,0,"Data Secure Unprivileged",0,"1 byte",0,"EXOKAY",0,00010800000140000050810400010800,00000000000000000000000000000000,0000,2,0,1,0,2,1,0,2,0,1,2,0,1,0,0,0,0,"No Read Addr Cmds","No Write Addr Cmds","No Write Responses","Active","Active","Inactive","No Read Data Beats","Stream Beat","Stream Beat","No Write Data Beats"
612,612,0,c416,1,1,0,23,1,1,0,0,0000000000000,"INCR",3,00,0,"Data Secure Unprivileged",0,"16 bytes",0,0000000000000,"INCR",0,00,0,"Data Secure Unprivileged",0,"1 byte",0,"EXOKAY",0,00010800000140000050810400010800,00000000000000000000000000000000,0000,2,0,1,0,2,1,0,2,0,1,2,0,1,0,0,0,0,"No Read Addr Cmds","No Write Addr Cmds","No Write Responses","Active","Active","Inactive","No Read Data Beats","Stream Beat","Stream Beat","No Write Data Beats"
613,613,0,3e92,1,1,0,20,1,1,0,0,0000000000000,"INCR",3,00,0,"Data Secure Unprivileged",0,"16 bytes",0,0000000000000,"INCR",0,00,0,"Data Secure Unprivileged",0,"1 byte",0,"EXOKAY",0,00010800000140000050810400010800,00000000000000000000000000000000,0000,2,0,1,0,2,1,0,2,0,1,2,0,1,0,0,0,0,"No Read Addr Cmds","No Write Addr Cmds","No Write Responses","Active","Active","Inactive","No Read Data Beats","Stream Beat","Stream Beat","No Write Data Beats"
614,614,0,bdd4,1,1,0,65490,1,1,0,0,0000000000000,"INCR",3,00,0,"Data Secure Unprivileged",0,"16 bytes",0,0000000000000,"INCR",0,00,0,"Data Secure Unprivileged",0,"1 byte",0,"EXOKAY",0,00010800000140000050810400010800,00000000000000000000000000000000,0000,2,0,1,0,2,1,0,2,0,1,2,0,1,0,0,0,0,"No Read Addr Cmds","No Write Addr Cmds","No Write Responses","Active","Active","Inactive","No Read Data Beats","Stream Beat","Stream Beat","No Write Data Beats"
615,615,0,cb30,1,1,0,65450,1,1,0,0,0000000000000,"INCR",3,00,0,"Data Secure Unprivileged",0,"16 bytes",0,0000000000000,"INCR",0,00,0,"Data Secure Unprivileged",0,"1 byte",0,"EXOKAY",0,00010800000140000050810400010800,00000000000000000000000000000000,0000,2,0,1,0,2,1,0,2,0,1,2,0,1,0,0,0,0,"No Read Addr Cmds","No Write Addr Cmds","No Write Responses","Active","Active","Inactive","No Read Data Beats","Stream Beat","Stream Beat","No Write Data Beats"
616,616,0,3bb6,1,1,0,17,1,1,0,0,0000000000000,"INCR",3,00,0,"Data Secure Unprivileged",0,"16 bytes",0,0000000000000,"INCR",0,00,0,"Data Secure Unprivileged",0,"1 byte",0,"EXOKAY",0,00010800000140000050810400010800,00000000000000000000000000000000,0000,2,0,1,0,2,1,0,2,0,1,2,0,1,0,0,0,0,"No Read Addr Cmds","No Write Addr Cmds","No Write Responses","Active","Active","Inactive","No Read Data Beats","Stream Beat","Stream Beat","No Write Data Beats"
617,617,0,ff1f,1,1,0,65475,1,1,0,0,0000000000000,"INCR",3,00,0,"Data Secure Unprivileged",0,"16 bytes",0,0000000000000,"INCR",0,00,0,"Data Secure Unprivileged",0,"1 byte",0,"EXOKAY",0,00010800000140000050810400010800,00000000000000000000000000000000,0000,2,0,1,0,2,1,0,2,0,1,2,0,1,0,0,0,0,"No Read Addr Cmds","No Write Addr Cmds","No Write Responses","Active","Active","Inactive","No Read Data Beats","Stream Beat","Stream Beat","No Write Data Beats"
618,618,0,46ec,1,1,0,32,1,1,0,0,0000000000000,"INCR",3,00,0,"Data Secure Unprivileged",0,"16 bytes",0,0000000000000,"INCR",0,00,0,"Data Secure Unprivileged",0,"1 byte",0,"EXOKAY",0,00010800000140000050810400010800,00000000000000000000000000000000,0000,2,0,1,0,2,1,0,2,0,1,2,0,1,0,0,0,0,"No Read Addr Cmds","No Write Addr Cmds","No Write Responses","Active","Active","Inactive","No Read Data Beats","Stream Beat","Stream Beat","No Write Data Beats"
619,619,0,6cd7,1,1,0,65495,1,1,0,0,0000000000000,"INCR",3,00,0,"Data Secure Unprivileged",0,"16 bytes",0,0000000000000,"INCR",0,00,0,"Data Secure Unprivileged",0,"1 byte",0,"EXOKAY",0,00010800000140000050810400010800,00000000000000000000000000000000,0000,2,0,1,0,2,1,0,2,0,1,2,0,1,0,0,0,0,"No Read Addr Cmds","No Write Addr Cmds","No Write Responses","Active","Active","Inactive","No Read Data Beats","Stream Beat","Stream Beat","No Write Data Beats"
620,620,0,0ef8,1,1,0,65531,1,1,0,0,0000000000000,"INCR",3,00,0,"Data Secure Unprivileged",0,"16 bytes",0,0000000000000,"INCR",0,00,0,"Data Secure Unprivileged",0,"1 byte",0,"EXOKAY",0,00010800000140000050810400010800,00000000000000000000000000000000,0000,2,0,1,0,2,1,0,2,0,1,2,0,1,0,0,0,0,"No Read Addr Cmds","No Write Addr Cmds","No Write Responses","Active","Active","Inactive","No Read Data Beats","Stream Beat","Stream Beat","No Write Data Beats"
621,621,0,fdee,1,1,0,18,1,1,0,0,0000000000000,"INCR",3,00,0,"Data Secure Unprivileged",0,"16 bytes",0,0000000000000,"INCR",0,00,0,"Data Secure Unprivileged",0,"1 byte",0,"EXOKAY",0,00010800000140000050810400010800,00000000000000000000000000000000,0000,2,0,1,0,2,1,0,2,0,1,2,0,1,0,0,0,0,"No Read Addr Cmds","No Write Addr Cmds","No Write Responses","Active","Active","Inactive","No Read Data Beats","Stream Beat","Stream Beat","No Write Data Beats"
622,622,0,c392,1,1,0,65531,1,1,0,0,0000000000000,"INCR",3,00,0,"Data Secure Unprivileged",0,"16 bytes",0,0000000000000,"INCR",0,00,0,"Data Secure Unprivileged",0,"1 byte",0,"EXOKAY",0,00010800000140000050810400010800,00000000000000000000000000000000,0000,2,0,1,0,2,1,0,2,0,1,2,0,1,0,0,0,0,"No Read Addr Cmds","No Write Addr Cmds","No Write Responses","Active","Active","Inactive","No Read Data Beats","Stream Beat","Stream Beat","No Write Data Beats"
623,623,0,7901,1,1,0,20,1,1,0,0,0000000000000,"INCR",3,00,0,"Data Secure Unprivileged",0,"16 bytes",0,0000000000000,"INCR",0,00,0,"Data Secure Unprivileged",0,"1 byte",0,"EXOKAY",0,00010800000140000050810400010800,00000000000000000000000000000000,0000,2,0,1,0,2,1,0,2,0,1,2,0,1,0,0,0,0,"No Read Addr Cmds","No Write Addr Cmds","No Write Responses","Active","Active","Inactive","No Read Data Beats","Stream Beat","Stream Beat","No Write Data Beats"
624,624,0,222a,1,1,0,23,1,1,0,0,0000000000000,"INCR",3,00,0,"Data Secure Unprivileged",0,"16 bytes",0,0000000000000,"INCR",0,00,0,"Data Secure Unprivileged",0,"1 byte",0,"EXOKAY",0,00010800000140000050810400010800,00000000000000000000000000000000,0000,2,0,1,0,2,1,0,2,0,1,2,0,1,0,0,0,0,"No Read Addr Cmds","No Write Addr Cmds","No Write Responses","Active","Active","Inactive","No Read Data Beats","Stream Beat","Stream Beat","No Write Data Beats"
625,625,0,988c,1,1,0,18,1,1,0,0,0000000000000,"INCR",3,00,0,"Data Secure Unprivileged",0,"16 bytes",0,0000000000000,"INCR",0,00,0,"Data Secure Unprivileged",0,"1 byte",0,"EXOKAY",0,00010800000140000050810400010800,00000000000000000000000000000000,0000,2,0,1,0,2,1,0,2,0,1,2,0,1,0,0,0,0,"No Read Addr Cmds","No Write Addr Cmds","No Write Responses","Active","Active","Inactive","No Read Data Beats","Stream Beat","Stream Beat","No Write Data Beats"
626,626,0,af38,1,1,0,21,1,1,0,0,0000000000000,"INCR",3,00,0,"Data Secure Unprivileged",0,"16 bytes",0,0000000000000,"INCR",0,00,0,"Data Secure Unprivileged",0,"1 byte",0,"EXOKAY",0,00010800000140000050810400010800,00000000000000000000000000000000,0000,2,0,1,0,2,1,0,2,0,1,2,0,1,0,0,0,0,"No Read Addr Cmds","No Write Addr Cmds","No Write Responses","Active","Active","Inactive","No Read Data Beats","Stream Beat","Stream Beat","No Write Data Beats"
627,627,0,f4b4,1,1,0,65533,1,1,0,0,0000000000000,"INCR",3,00,0,"Data Secure Unprivileged",0,"16 bytes",0,0000000000000,"INCR",0,00,0,"Data Secure Unprivileged",0,"1 byte",0,"EXOKAY",0,00010800000140000050810400010800,00000000000000000000000000000000,0000,2,0,1,0,2,1,0,2,0,1,2,0,1,0,0,0,0,"No Read Addr Cmds","No Write Addr Cmds","No Write Responses","Active","Active","Inactive","No Read Data Beats","Stream Beat","Stream Beat","No Write Data Beats"
628,628,0,1f63,1,1,0,46,1,1,0,0,0000000000000,"INCR",3,00,0,"Data Secure Unprivileged",0,"16 bytes",0,0000000000000,"INCR",0,00,0,"Data Secure Unprivileged",0,"1 byte",0,"EXOKAY",0,00010800000140000050810400010800,00000000000000000000000000000000,0000,2,0,1,0,2,1,0,2,0,1,2,0,1,0,0,0,0,"No Read Addr Cmds","No Write Addr Cmds","No Write Responses","Active","Active","Inactive","No Read Data Beats","Stream Beat","Stream Beat","No Write Data Beats"
629,629,0,c182,1,1,0,65478,1,1,0,0,0000000000000,"INCR",3,00,0,"Data Secure Unprivileged",0,"16 bytes",0,0000000000000,"INCR",0,00,0,"Data Secure Unprivileged",0,"1 byte",0,"EXOKAY",0,00010800000140000050810400010800,00000000000000000000000000000000,0000,2,0,1,0,2,1,0,2,0,1,2,0,1,0,0,0,0,"No Read Addr Cmds","No Write Addr Cmds","No Write Responses","Active","Active","Inactive","No Read Data Beats","Stream Beat","Stream Beat","No Write Data Beats"
630,630,0,d9b7,1,1,0,65535,1,1,0,0,0000000000000,"INCR",3,00,0,"Data Secure Unprivileged",0,"16 bytes",0,0000000000000,"INCR",0,00,0,"Data Secure Unprivileged",0,"1 byte",0,"EXOKAY",0,00010800000140000050810400010800,00000000000000000000000000000000,0000,2,0,1,0,2,1,0,2,0,1,2,0,1,0,0,0,0,"No Read Addr Cmds","No Write Addr Cmds","No Write Responses","Active","Active","Inactive","No Read Data Beats","Stream Beat","Stream Beat","No Write Data Beats"
631,631,0,cc6d,1,1,0,65511,1,1,0,0,0000000000000,"INCR",3,00,0,"Data Secure Unprivileged",0,"16 bytes",0,0000000000000,"INCR",0,00,0,"Data Secure Unprivileged",0,"1 byte",0,"EXOKAY",0,00010800000140000050810400010800,00000000000000000000000000000000,0000,2,0,1,0,2,1,0,2,0,1,2,0,1,0,0,0,0,"No Read Addr Cmds","No Write Addr Cmds","No Write Responses","Active","Active","Inactive","No Read Data Beats","Stream Beat","Stream Beat","No Write Data Beats"
632,632,0,4d03,1,1,0,17,1,1,0,0,0000000000000,"INCR",3,00,0,"Data Secure Unprivileged",0,"16 bytes",0,0000000000000,"INCR",0,00,0,"Data Secure Unprivileged",0,"1 byte",0,"EXOKAY",0,00010800000140000050810400010800,00000000000000000000000000000000,0000,2,0,1,0,2,1,0,2,0,1,2,0,1,0,0,0,0,"No Read Addr Cmds","No Write Addr Cmds","No Write Responses","Active","Active","Inactive","No Read Data Beats","Stream Beat","Stream Beat","No Write Data Beats"
633,633,0,010c,1,1,0,10,1,1,0,0,0000000000000,"INCR",3,00,0,"Data Secure Unprivileged",0,"16 bytes",0,0000000000000,"INCR",0,00,0,"Data Secure Unprivileged",0,"1 byte",0,"EXOKAY",0,00010800000140000050810400010800,00000000000000000000000000000000,0000,2,0,1,0,2,1,0,2,0,1,2,0,1,0,0,0,0,"No Read Addr Cmds","No Write Addr Cmds","No Write Responses","Active","Active","Inactive","No Read Data Beats","Stream Beat","Stream Beat","No Write Data Beats"
634,634,0,450b,1,1,0,65530,1,1,0,0,0000000000000,"INCR",3,00,0,"Data Secure Unprivileged",0,"16 bytes",0,0000000000000,"INCR",0,00,0,"Data Secure Unprivileged",0,"1 byte",0,"EXOKAY",0,00010800000140000050810400010800,00000000000000000000000000000000,0000,2,0,1,0,2,1,0,2,0,1,2,0,1,0,0,0,0,"No Read Addr Cmds","No Write Addr Cmds","No Write Responses","Active","Active","Inactive","No Read Data Beats","Stream Beat","Stream Beat","No Write Data Beats"
635,635,0,8763,1,1,0,65524,1,1,0,0,0000000000000,"INCR",3,00,0,"Data Secure Unprivileged",0,"16 bytes",0,0000000000000,"INCR",0,00,0,"Data Secure Unprivileged",0,"1 byte",0,"EXOKAY",0,00010800000140000050810400010800,00000000000000000000000000000000,0000,2,0,1,0,2,1,0,2,0,1,2,0,1,0,0,0,0,"No Read Addr Cmds","No Write Addr Cmds","No Write Responses","Active","Active","Inactive","No Read Data Beats","Stream Beat","Stream Beat","No Write Data Beats"
636,636,0,8995,1,1,0,65500,1,1,0,0,0000000000000,"INCR",3,00,0,"Data Secure Unprivileged",0,"16 bytes",0,0000000000000,"INCR",0,00,0,"Data Secure Unprivileged",0,"1 byte",0,"EXOKAY",0,00010800000140000050810400010800,00000000000000000000000000000000,0000,2,0,1,0,2,1,0,2,0,1,2,0,1,0,0,0,0,"No Read Addr Cmds","No Write Addr Cmds","No Write Responses","Active","Active","Inactive","No Read Data Beats","Stream Beat","Stream Beat","No Write Data Beats"
637,637,0,6dcc,1,1,0,65501,1,1,0,0,0000000000000,"INCR",3,00,0,"Data Secure Unprivileged",0,"16 bytes",0,0000000000000,"INCR",0,00,0,"Data Secure Unprivileged",0,"1 byte",0,"EXOKAY",0,00010800000140000050810400010800,00000000000000000000000000000000,0000,2,0,1,0,2,1,0,2,0,1,2,0,1,0,0,0,0,"No Read Addr Cmds","No Write Addr Cmds","No Write Responses","Active","Active","Inactive","No Read Data Beats","Stream Beat","Stream Beat","No Write Data Beats"
638,638,0,f5c7,1,1,0,65494,1,1,0,0,0000000000000,"INCR",3,00,0,"Data Secure Unprivileged",0,"16 bytes",0,0000000000000,"INCR",0,00,0,"Data Secure Unprivileged",0,"1 byte",0,"EXOKAY",0,00010800000140000050810400010800,00000000000000000000000000000000,0000,2,0,1,0,2,1,0,2,0,1,2,0,1,0,0,0,0,"No Read Addr Cmds","No Write Addr Cmds","No Write Responses","Active","Active","Inactive","No Read Data Beats","Stream Beat","Stream Beat","No Write Data Beats"
639,639,0,e54f,1,1,0,29,1,1,0,0,0000000000000,"INCR",3,00,0,"Data Secure Unprivileged",0,"16 bytes",0,0000000000000,"INCR",0,00,0,"Data Secure Unprivileged",0,"1 byte",0,"EXOKAY",0,00010800000140000050810400010800,00000000000000000000000000000000,0000,2,0,1,0,2,1,0,2,0,1,2,0,1,0,0,0,0,"No Read Addr Cmds","No Write Addr Cmds","No Write Responses","Active","Active","Inactive","No Read Data Beats","Stream Beat","Stream Beat","No Write Data Beats"
640,640,0,429e,1,1,0,65531,1,1,0,0,0000000000000,"INCR",3,00,0,"Data Secure Unprivileged",0,"16 bytes",0,0000000000000,"INCR",0,00,0,"Data Secure Unprivileged",0,"1 byte",0,"EXOKAY",0,00010800000140000050810400010800,00000000000000000000000000000000,0000,2,0,1,0,2,1,0,2,0,1,2,0,1,0,0,0,0,"No Read Addr Cmds","No Write Addr Cmds","No Write Responses","Active","Active","Inactive","No Read Data Beats","Stream Beat","Stream Beat","No Write Data Beats"
641,641,0,6850,1,1,0,16,1,1,0,0,0000000000000,"INCR",3,00,0,"Data Secure Unprivileged",0,"16 bytes",0,0000000000000,"INCR",0,00,0,"Data Secure Unprivileged",0,"1 byte",0,"EXOKAY",0,00010800000140000050810400010800,00000000000000000000000000000000,0000,2,0,1,0,2,1,0,2,0,1,2,0,1,0,0,0,0,"No Read Addr Cmds","No Write Addr Cmds","No Write Responses","Active","Active","Inactive","No Read Data Beats","Stream Beat","Stream Beat","No Write Data Beats"
642,642,0,c9ae,1,1,0,65500,1,1,0,0,0000000000000,"INCR",3,00,0,"Data Secure Unprivileged",0,"16 bytes",0,0000000000000,"INCR",0,00,0,"Data Secure Unprivileged",0,"1 byte",0,"EXOKAY",0,00010800000140000050810400010800,00000000000000000000000000000000,0000,2,0,1,0,2,1,0,2,0,1,2,0,1,0,0,0,0,"No Read Addr Cmds","No Write Addr Cmds","No Write Responses","Active","Active","Inactive","No Read Data Beats","Stream Beat","Stream Beat","No Write Data Beats"
643,643,0,2974,1,1,0,20,1,1,0,0,0000000000000,"INCR",3,00,0,"Data Secure Unprivileged",0,"16 bytes",0,0000000000000,"INCR",0,00,0,"Data Secure Unprivileged",0,"1 byte",0,"EXOKAY",0,00010800000140000050810400010800,00000000000000000000000000000000,0000,2,0,1,0,2,1,0,2,0,1,2,0,1,0,0,0,0,"No Read Addr Cmds","No Write Addr Cmds","No Write Responses","Active","Active","Inactive","No Read Data Beats","Stream Beat","Stream Beat","No Write Data Beats"
644,644,0,0496,1,1,0,65507,1,1,0,0,0000000000000,"INCR",3,00,0,"Data Secure Unprivileged",0,"16 bytes",0,0000000000000,"INCR",0,00,0,"Data Secure Unprivileged",0,"1 byte",0,"EXOKAY",0,00010800000140000050810400010800,00000000000000000000000000000000,0000,2,0,1,0,2,1,0,2,0,1,2,0,1,0,0,0,0,"No Read Addr Cmds","No Write Addr Cmds","No Write Responses","Active","Active","Inactive","No Read Data Beats","Stream Beat","Stream Beat","No Write Data Beats"
645,645,0,8810,1,1,0,65523,1,1,0,0,0000000000000,"INCR",3,00,0,"Data Secure Unprivileged",0,"16 bytes",0,0000000000000,"INCR",0,00,0,"Data Secure Unprivileged",0,"1 byte",0,"EXOKAY",0,00010800000140000050810400010800,00000000000000000000000000000000,0000,2,0,1,0,2,1,0,2,0,1,2,0,1,0,0,0,0,"No Read Addr Cmds","No Write Addr Cmds","No Write Responses","Active","Active","Inactive","No Read Data Beats","Stream Beat","Stream Beat","No Write Data Beats"
646,646,0,5747,1,1,0,65525,1,1,0,0,0000000000000,"INCR",3,00,0,"Data Secure Unprivileged",0,"16 bytes",0,0000000000000,"INCR",0,00,0,"Data Secure Unprivileged",0,"1 byte",0,"EXOKAY",0,00010800000140000050810400010800,00000000000000000000000000000000,0000,2,0,1,0,2,1,0,2,0,1,2,0,1,0,0,0,0,"No Read Addr Cmds","No Write Addr Cmds","No Write Responses","Active","Active","Inactive","No Read Data Beats","Stream Beat","Stream Beat","No Write Data Beats"
647,647,0,61c4,1,1,0,65521,1,1,0,0,0000000000000,"INCR",3,00,0,"Data Secure Unprivileged",0,"16 bytes",0,0000000000000,"INCR",0,00,0,"Data Secure Unprivileged",0,"1 byte",0,"EXOKAY",0,00010800000140000050810400010800,00000000000000000000000000000000,0000,2,0,1,0,2,1,0,2,0,1,2,0,1,0,0,0,0,"No Read Addr Cmds","No Write Addr Cmds","No Write Responses","Active","Active","Inactive","No Read Data Beats","Stream Beat","Stream Beat","No Write Data Beats"
648,648,0,97a4,1,1,0,35,1,1,0,0,0000000000000,"INCR",3,00,0,"Data Secure Unprivileged",0,"16 bytes",0,0000000000000,"INCR",0,00,0,"Data Secure Unprivileged",0,"1 byte",0,"EXOKAY",0,00010800000140000050810400010800,00000000000000000000000000000000,0000,2,0,1,0,2,1,0,2,0,1,2,0,1,0,0,0,0,"No Read Addr Cmds","No Write Addr Cmds","No Write Responses","Active","Active","Inactive","No Read Data Beats","Stream Beat","Stream Beat","No Write Data Beats"
649,649,0,eb02,1,1,0,26,1,1,0,0,0000000000000,"INCR",3,00,0,"Data Secure Unprivileged",0,"16 bytes",0,0000000000000,"INCR",0,00,0,"Data Secure Unprivileged",0,"1 byte",0,"EXOKAY",0,00010800000140000050810400010800,00000000000000000000000000000000,0000,2,0,1,0,2,1,0,2,0,1,2,0,1,0,0,0,0,"No Read Addr Cmds","No Write Addr Cmds","No Write Responses","Active","Active","Inactive","No Read Data Beats","Stream Beat","Stream Beat","No Write Data Beats"
650,650,0,1f8f,1,1,0,65501,1,1,0,0,0000000000000,"INCR",3,00,0,"Data Secure Unprivileged",0,"16 bytes",0,0000000000000,"INCR",0,00,0,"Data Secure Unprivileged",0,"1 byte",0,"EXOKAY",0,00010800000140000050810400010800,00000000000000000000000000000000,0000,2,0,1,0,2,1,0,2,0,1,2,0,1,0,0,0,0,"No Read Addr Cmds","No Write Addr Cmds","No Write Responses","Active","Active","Inactive","No Read Data Beats","Stream Beat","Stream Beat","No Write Data Beats"
651,651,0,7dae,1,1,0,1,1,1,0,0,0000000000000,"INCR",3,00,0,"Data Secure Unprivileged",0,"16 bytes",0,0000000000000,"INCR",0,00,0,"Data Secure Unprivileged",0,"1 byte",0,"EXOKAY",0,00010800000140000050810400010800,00000000000000000000000000000000,0000,2,0,1,0,2,1,0,2,0,1,2,0,1,0,0,0,0,"No Read Addr Cmds","No Write Addr Cmds","No Write Responses","Active","Active","Inactive","No Read Data Beats","Stream Beat","Stream Beat","No Write Data Beats"
652,652,0,6c18,1,1,0,65512,1,1,0,0,0000000000000,"INCR",3,00,0,"Data Secure Unprivileged",0,"16 bytes",0,0000000000000,"INCR",0,00,0,"Data Secure Unprivileged",0,"1 byte",0,"EXOKAY",0,00010800000140000050810400010800,00000000000000000000000000000000,0000,2,0,1,0,2,1,0,2,0,1,2,0,1,0,0,0,0,"No Read Addr Cmds","No Write Addr Cmds","No Write Responses","Active","Active","Inactive","No Read Data Beats","Stream Beat","Stream Beat","No Write Data Beats"
653,653,0,55ab,1,1,0,65506,1,1,0,0,0000000000000,"INCR",3,00,0,"Data Secure Unprivileged",0,"16 bytes",0,0000000000000,"INCR",0,00,0,"Data Secure Unprivileged",0,"1 byte",0,"EXOKAY",0,00010800000140000050810400010800,00000000000000000000000000000000,0000,2,0,1,0,2,1,0,2,0,1,2,0,1,0,0,0,0,"No Read Addr Cmds","No Write Addr Cmds","No Write Responses","Active","Active","Inactive","No Read Data Beats","Stream Beat","Stream Beat","No Write Data Beats"
654,654,0,1df2,1,1,0,65519,1,1,0,0,0000000000000,"INCR",3,00,0,"Data Secure Unprivileged",0,"16 bytes",0,0000000000000,"INCR",0,00,0,"Data Secure Unprivileged",0,"1 byte",0,"EXOKAY",0,00010800000140000050810400010800,00000000000000000000000000000000,0000,2,0,1,0,2,1,0,2,0,1,2,0,1,0,0,0,0,"No Read Addr Cmds","No Write Addr Cmds","No Write Responses","Active","Active","Inactive","No Read Data Beats","Stream Beat","Stream Beat","No Write Data Beats"
655,655,0,4c6c,1,1,0,65499,1,1,0,0,0000000000000,"INCR",3,00,0,"Data Secure Unprivileged",0,"16 bytes",0,0000000000000,"INCR",0,00,0,"Data Secure Unprivileged",0,"1 byte",0,"EXOKAY",0,00010800000140000050810400010800,00000000000000000000000000000000,0000,2,0,1,0,2,1,0,2,0,1,2,0,1,0,0,0,0,"No Read Addr Cmds","No Write Addr Cmds","No Write Responses","Active","Active","Inactive","No Read Data Beats","Stream Beat","Stream Beat","No Write Data Beats"
656,656,0,53d1,1,1,0,42,1,1,0,0,0000000000000,"INCR",3,00,0,"Data Secure Unprivileged",0,"16 bytes",0,0000000000000,"INCR",0,00,0,"Data Secure Unprivileged",0,"1 byte",0,"EXOKAY",0,00010800000140000050810400010800,00000000000000000000000000000000,0000,2,0,1,0,2,1,0,2,0,1,2,0,1,0,0,0,0,"No Read Addr Cmds","No Write Addr Cmds","No Write Responses","Active","Active","Inactive","No Read Data Beats","Stream Beat","Stream Beat","No Write Data Beats"
657,657,0,e199,1,1,0,65488,1,1,0,0,0000000000000,"INCR",3,00,0,"Data Secure Unprivileged",0,"16 bytes",0,0000000000000,"INCR",0,00,0,"Data Secure Unprivileged",0,"1 byte",0,"EXOKAY",0,00010800000140000050810400010800,00000000000000000000000000000000,0000,2,0,1,0,2,1,0,2,0,1,2,0,1,0,0,0,0,"No Read Addr Cmds","No Write Addr Cmds","No Write Responses","Active","Active","Inactive","No Read Data Beats","Stream Beat","Stream Beat","No Write Data Beats"
658,658,0,10a8,1,1,0,22,1,1,0,0,0000000000000,"INCR",3,00,0,"Data Secure Unprivileged",0,"16 bytes",0,0000000000000,"INCR",0,00,0,"Data Secure Unprivileged",0,"1 byte",0,"EXOKAY",0,00010800000140000050810400010800,00000000000000000000000000000000,0000,2,0,1,0,2,1,0,2,0,1,2,0,1,0,0,0,0,"No Read Addr Cmds","No Write Addr Cmds","No Write Responses","Active","Active","Inactive","No Read Data Beats","Stream Beat","Stream Beat","No Write Data Beats"
659,659,0,2c0b,1,1,0,65517,1,1,0,0,0000000000000,"INCR",3,00,0,"Data Secure Unprivileged",0,"16 bytes",0,0000000000000,"INCR",0,00,0,"Data Secure Unprivileged",0,"1 byte",0,"EXOKAY",0,00010800000140000050810400010800,00000000000000000000000000000000,0000,2,0,1,0,2,1,0,2,0,1,2,0,1,0,0,0,0,"No Read Addr Cmds","No Write Addr Cmds","No Write Responses","Active","Active","Inactive","No Read Data Beats","Stream Beat","Stream Beat","No Write Data Beats"
660,660,0,e90d,1,1,0,65535,1,1,0,0,0000000000000,"INCR",3,00,0,"Data Secure Unprivileged",0,"16 bytes",0,0000000000000,"INCR",0,00,0,"Data Secure Unprivileged",0,"1 byte",0,"EXOKAY",0,00010800000140000050810400010800,00000000000000000000000000000000,0000,2,0,1,0,2,1,0,2,0,1,2,0,1,0,0,0,0,"No Read Addr Cmds","No Write Addr Cmds","No Write Responses","Active","Active","Inactive","No Read Data Beats","Stream Beat","Stream Beat","No Write Data Beats"
661,661,0,5f3e,1,1,0,0,1,1,0,0,0000000000000,"INCR",3,00,0,"Data Secure Unprivileged",0,"16 bytes",0,0000000000000,"INCR",0,00,0,"Data Secure Unprivileged",0,"1 byte",0,"EXOKAY",0,00010800000140000050810400010800,00000000000000000000000000000000,0000,2,0,1,0,2,1,0,2,0,1,2,0,1,0,0,0,0,"No Read Addr Cmds","No Write Addr Cmds","No Write Responses","Active","Active","Inactive","No Read Data Beats","Stream Beat","Stream Beat","No Write Data Beats"
662,662,0,6003,1,1,0,21,1,1,0,0,0000000000000,"INCR",3,00,0,"Data Secure Unprivileged",0,"16 bytes",0,0000000000000,"INCR",0,00,0,"Data Secure Unprivileged",0,"1 byte",0,"EXOKAY",0,00010800000140000050810400010800,00000000000000000000000000000000,0000,2,0,1,0,2,1,0,2,0,1,2,0,1,0,0,0,0,"No Read Addr Cmds","No Write Addr Cmds","No Write Responses","Active","Active","Inactive","No Read Data Beats","Stream Beat","Stream Beat","No Write Data Beats"
663,663,0,6161,1,1,0,65532,1,1,0,0,0000000000000,"INCR",3,00,0,"Data Secure Unprivileged",0,"16 bytes",0,0000000000000,"INCR",0,00,0,"Data Secure Unprivileged",0,"1 byte",0,"EXOKAY",0,00010800000140000050810400010800,00000000000000000000000000000000,0000,2,0,1,0,2,1,0,2,0,1,2,0,1,0,0,0,0,"No Read Addr Cmds","No Write Addr Cmds","No Write Responses","Active","Active","Inactive","No Read Data Beats","Stream Beat","Stream Beat","No Write Data Beats"
664,664,0,5829,1,1,0,65495,1,1,0,0,0000000000000,"INCR",3,00,0,"Data Secure Unprivileged",0,"16 bytes",0,0000000000000,"INCR",0,00,0,"Data Secure Unprivileged",0,"1 byte",0,"EXOKAY",0,00010800000140000050810400010800,00000000000000000000000000000000,0000,2,0,1,0,2,1,0,2,0,1,2,0,1,0,0,0,0,"No Read Addr Cmds","No Write Addr Cmds","No Write Responses","Active","Active","Inactive","No Read Data Beats","Stream Beat","Stream Beat","No Write Data Beats"
665,665,0,7942,1,1,0,65514,1,1,0,0,0000000000000,"INCR",3,00,0,"Data Secure Unprivileged",0,"16 bytes",0,0000000000000,"INCR",0,00,0,"Data Secure Unprivileged",0,"1 byte",0,"EXOKAY",0,00010800000140000050810400010800,00000000000000000000000000000000,0000,2,0,1,0,2,1,0,2,0,1,2,0,1,0,0,0,0,"No Read Addr Cmds","No Write Addr Cmds","No Write Responses","Active","Active","Inactive","No Read Data Beats","Stream Beat","Stream Beat","No Write Data Beats"
666,666,0,110e,1,1,0,65517,1,1,0,0,0000000000000,"INCR",3,00,0,"Data Secure Unprivileged",0,"16 bytes",0,0000000000000,"INCR",0,00,0,"Data Secure Unprivileged",0,"1 byte",0,"EXOKAY",0,00010800000140000050810400010800,00000000000000000000000000000000,0000,2,0,1,0,2,1,0,2,0,1,2,0,1,0,0,0,0,"No Read Addr Cmds","No Write Addr Cmds","No Write Responses","Active","Active","Inactive","No Read Data Beats","Stream Beat","Stream Beat","No Write Data Beats"
667,667,0,0b4a,1,1,0,65522,1,1,0,0,0000000000000,"INCR",3,00,0,"Data Secure Unprivileged",0,"16 bytes",0,0000000000000,"INCR",0,00,0,"Data Secure Unprivileged",0,"1 byte",0,"EXOKAY",0,00010800000140000050810400010800,00000000000000000000000000000000,0000,2,0,1,0,2,1,0,2,0,1,2,0,1,0,0,0,0,"No Read Addr Cmds","No Write Addr Cmds","No Write Responses","Active","Active","Inactive","No Read Data Beats","Stream Beat","Stream Beat","No Write Data Beats"
668,668,0,0345,1,1,0,65532,1,1,0,0,0000000000000,"INCR",3,00,0,"Data Secure Unprivileged",0,"16 bytes",0,0000000000000,"INCR",0,00,0,"Data Secure Unprivileged",0,"1 byte",0,"EXOKAY",0,00010800000140000050810400010800,00000000000000000000000000000000,0000,2,0,1,0,2,1,0,2,0,1,2,0,1,0,0,0,0,"No Read Addr Cmds","No Write Addr Cmds","No Write Responses","Active","Active","Inactive","No Read Data Beats","Stream Beat","Stream Beat","No Write Data Beats"
669,669,0,be26,1,1,0,0,1,1,0,0,0000000000000,"INCR",3,00,0,"Data Secure Unprivileged",0,"16 bytes",0,0000000000000,"INCR",0,00,0,"Data Secure Unprivileged",0,"1 byte",0,"EXOKAY",0,00010800000140000050810400010800,00000000000000000000000000000000,0000,2,0,1,0,2,1,0,2,0,1,2,0,1,0,0,0,0,"No Read Addr Cmds","No Write Addr Cmds","No Write Responses","Active","Active","Inactive","No Read Data Beats","Stream Beat","Stream Beat","No Write Data Beats"
670,670,0,3e73,1,1,0,48,1,1,0,0,0000000000000,"INCR",3,00,0,"Data Secure Unprivileged",0,"16 bytes",0,0000000000000,"INCR",0,00,0,"Data Secure Unprivileged",0,"1 byte",0,"EXOKAY",0,00010800000140000050810400010800,00000000000000000000000000000000,0000,2,0,1,0,2,1,0,2,0,1,2,0,1,0,0,0,0,"No Read Addr Cmds","No Write Addr Cmds","No Write Responses","Active","Active","Inactive","No Read Data Beats","Stream Beat","Stream Beat","No Write Data Beats"
671,671,0,aa60,1,1,0,12,1,1,0,0,0000000000000,"INCR",3,00,0,"Data Secure Unprivileged",0,"16 bytes",0,0000000000000,"INCR",0,00,0,"Data Secure Unprivileged",0,"1 byte",0,"EXOKAY",0,00010800000140000050810400010800,00000000000000000000000000000000,0000,2,0,1,0,2,1,0,2,0,1,2,0,1,0,0,0,0,"No Read Addr Cmds","No Write Addr Cmds","No Write Responses","Active","Active","Inactive","No Read Data Beats","Stream Beat","Stream Beat","No Write Data Beats"
672,672,0,1113,1,1,0,65525,1,1,0,0,0000000000000,"INCR",3,00,0,"Data Secure Unprivileged",0,"16 bytes",0,0000000000000,"INCR",0,00,0,"Data Secure Unprivileged",0,"1 byte",0,"EXOKAY",0,00010800000140000050810400010800,00000000000000000000000000000000,0000,2,0,1,0,2,1,0,2,0,1,2,0,1,0,0,0,0,"No Read Addr Cmds","No Write Addr Cmds","No Write Responses","Active","Active","Inactive","No Read Data Beats","Stream Beat","Stream Beat","No Write Data Beats"
673,673,0,97d0,1,1,0,11,1,1,0,0,0000000000000,"INCR",3,00,0,"Data Secure Unprivileged",0,"16 bytes",0,0000000000000,"INCR",0,00,0,"Data Secure Unprivileged",0,"1 byte",0,"EXOKAY",0,00010800000140000050810400010800,00000000000000000000000000000000,0000,2,0,1,0,2,1,0,2,0,1,2,0,1,0,0,0,0,"No Read Addr Cmds","No Write Addr Cmds","No Write Responses","Active","Active","Inactive","No Read Data Beats","Stream Beat","Stream Beat","No Write Data Beats"
674,674,0,ff14,1,1,0,11,1,1,0,0,0000000000000,"INCR",3,00,0,"Data Secure Unprivileged",0,"16 bytes",0,0000000000000,"INCR",0,00,0,"Data Secure Unprivileged",0,"1 byte",0,"EXOKAY",0,00010800000140000050810400010800,00000000000000000000000000000000,0000,2,0,1,0,2,1,0,2,0,1,2,0,1,0,0,0,0,"No Read Addr Cmds","No Write Addr Cmds","No Write Responses","Active","Active","Inactive","No Read Data Beats","Stream Beat","Stream Beat","No Write Data Beats"
675,675,0,39ee,1,1,0,65532,1,1,0,0,0000000000000,"INCR",3,00,0,"Data Secure Unprivileged",0,"16 bytes",0,0000000000000,"INCR",0,00,0,"Data Secure Unprivileged",0,"1 byte",0,"EXOKAY",0,00010800000140000050810400010800,00000000000000000000000000000000,0000,2,0,1,0,2,1,0,2,0,1,2,0,1,0,0,0,0,"No Read Addr Cmds","No Write Addr Cmds","No Write Responses","Active","Active","Inactive","No Read Data Beats","Stream Beat","Stream Beat","No Write Data Beats"
676,676,0,0fef,1,1,0,65490,1,1,0,0,0000000000000,"INCR",3,00,0,"Data Secure Unprivileged",0,"16 bytes",0,0000000000000,"INCR",0,00,0,"Data Secure Unprivileged",0,"1 byte",0,"EXOKAY",0,00010800000140000050810400010800,00000000000000000000000000000000,0000,2,0,1,0,2,1,0,2,0,1,2,0,1,0,0,0,0,"No Read Addr Cmds","No Write Addr Cmds","No Write Responses","Active","Active","Inactive","No Read Data Beats","Stream Beat","Stream Beat","No Write Data Beats"
677,677,0,c3dc,1,1,0,31,1,1,0,0,0000000000000,"INCR",3,00,0,"Data Secure Unprivileged",0,"16 bytes",0,0000000000000,"INCR",0,00,0,"Data Secure Unprivileged",0,"1 byte",0,"EXOKAY",0,00010800000140000050810400010800,00000000000000000000000000000000,0000,2,0,1,0,2,1,0,2,0,1,2,0,1,0,0,0,0,"No Read Addr Cmds","No Write Addr Cmds","No Write Responses","Active","Active","Inactive","No Read Data Beats","Stream Beat","Stream Beat","No Write Data Beats"
678,678,0,2393,1,1,0,26,1,1,0,0,0000000000000,"INCR",3,00,0,"Data Secure Unprivileged",0,"16 bytes",0,0000000000000,"INCR",0,00,0,"Data Secure Unprivileged",0,"1 byte",0,"EXOKAY",0,00010800000140000050810400010800,00000000000000000000000000000000,0000,2,0,1,0,2,1,0,2,0,1,2,0,1,0,0,0,0,"No Read Addr Cmds","No Write Addr Cmds","No Write Responses","Active","Active","Inactive","No Read Data Beats","Stream Beat","Stream Beat","No Write Data Beats"
679,679,0,2fa1,1,1,0,32,1,1,0,0,0000000000000,"INCR",3,00,0,"Data Secure Unprivileged",0,"16 bytes",0,0000000000000,"INCR",0,00,0,"Data Secure Unprivileged",0,"1 byte",0,"EXOKAY",0,00010800000140000050810400010800,00000000000000000000000000000000,0000,2,0,1,0,2,1,0,2,0,1,2,0,1,0,0,0,0,"No Read Addr Cmds","No Write Addr Cmds","No Write Responses","Active","Active","Inactive","No Read Data Beats","Stream Beat","Stream Beat","No Write Data Beats"
680,680,0,f2c7,1,1,0,65501,1,1,0,0,0000000000000,"INCR",3,00,0,"Data Secure Unprivileged",0,"16 bytes",0,0000000000000,"INCR",0,00,0,"Data Secure Unprivileged",0,"1 byte",0,"EXOKAY",0,00010800000140000050810400010800,00000000000000000000000000000000,0000,2,0,1,0,2,1,0,2,0,1,2,0,1,0,0,0,0,"No Read Addr Cmds","No Write Addr Cmds","No Write Responses","Active","Active","Inactive","No Read Data Beats","Stream Beat","Stream Beat","No Write Data Beats"
681,681,0,09bd,1,1,0,65528,1,1,0,0,0000000000000,"INCR",3,00,0,"Data Secure Unprivileged",0,"16 bytes",0,0000000000000,"INCR",0,00,0,"Data Secure Unprivileged",0,"1 byte",0,"EXOKAY",0,00010800000140000050810400010800,00000000000000000000000000000000,0000,2,0,1,0,2,1,0,2,0,1,2,0,1,0,0,0,0,"No Read Addr Cmds","No Write Addr Cmds","No Write Responses","Active","Active","Inactive","No Read Data Beats","Stream Beat","Stream Beat","No Write Data Beats"
682,682,0,4130,1,1,0,17,1,1,0,0,0000000000000,"INCR",3,00,0,"Data Secure Unprivileged",0,"16 bytes",0,0000000000000,"INCR",0,00,0,"Data Secure Unprivileged",0,"1 byte",0,"EXOKAY",0,00010800000140000050810400010800,00000000000000000000000000000000,0000,2,0,1,0,2,1,0,2,0,1,2,0,1,0,0,0,0,"No Read Addr Cmds","No Write Addr Cmds","No Write Responses","Active","Active","Inactive","No Read Data Beats","Stream Beat","Stream Beat","No Write Data Beats"
683,683,0,b962,1,1,0,65533,1,1,0,0,0000000000000,"INCR",3,00,0,"Data Secure Unprivileged",0,"16 bytes",0,0000000000000,"INCR",0,00,0,"Data Secure Unprivileged",0,"1 byte",0,"EXOKAY",0,00010800000140000050810400010800,00000000000000000000000000000000,0000,2,0,1,0,2,1,0,2,0,1,2,0,1,0,0,0,0,"No Read Addr Cmds","No Write Addr Cmds","No Write Responses","Active","Active","Inactive","No Read Data Beats","Stream Beat","Stream Beat","No Write Data Beats"
684,684,0,930f,1,1,0,30,1,1,0,0,0000000000000,"INCR",3,00,0,"Data Secure Unprivileged",0,"16 bytes",0,0000000000000,"INCR",0,00,0,"Data Secure Unprivileged",0,"1 byte",0,"EXOKAY",0,00010800000140000050810400010800,00000000000000000000000000000000,0000,2,0,1,0,2,1,0,2,0,1,2,0,1,0,0,0,0,"No Read Addr Cmds","No Write Addr Cmds","No Write Responses","Active","Active","Inactive","No Read Data Beats","Stream Beat","Stream Beat","No Write Data Beats"
685,685,0,7b08,1,1,0,65515,1,1,0,0,0000000000000,"INCR",3,00,0,"Data Secure Unprivileged",0,"16 bytes",0,0000000000000,"INCR",0,00,0,"Data Secure Unprivileged",0,"1 byte",0,"EXOKAY",0,00010800000140000050810400010800,00000000000000000000000000000000,0000,2,0,1,0,2,1,0,2,0,1,2,0,1,0,0,0,0,"No Read Addr Cmds","No Write Addr Cmds","No Write Responses","Active","Active","Inactive","No Read Data Beats","Stream Beat","Stream Beat","No Write Data Beats"
686,686,0,455e,1,1,0,65534,1,1,0,0,0000000000000,"INCR",3,00,0,"Data Secure Unprivileged",0,"16 bytes",0,0000000000000,"INCR",0,00,0,"Data Secure Unprivileged",0,"1 byte",0,"EXOKAY",0,00010800000140000050810400010800,00000000000000000000000000000000,0000,2,0,1,0,2,1,0,2,0,1,2,0,1,0,0,0,0,"No Read Addr Cmds","No Write Addr Cmds","No Write Responses","Active","Active","Inactive","No Read Data Beats","Stream Beat","Stream Beat","No Write Data Beats"
687,687,0,9cc1,1,1,0,65535,1,1,0,0,0000000000000,"INCR",3,00,0,"Data Secure Unprivileged",0,"16 bytes",0,0000000000000,"INCR",0,00,0,"Data Secure Unprivileged",0,"1 byte",0,"EXOKAY",0,00010800000140000050810400010800,00000000000000000000000000000000,0000,2,0,1,0,2,1,0,2,0,1,2,0,1,0,0,0,0,"No Read Addr Cmds","No Write Addr Cmds","No Write Responses","Active","Active","Inactive","No Read Data Beats","Stream Beat","Stream Beat","No Write Data Beats"
688,688,0,b004,1,1,0,53,1,1,0,0,0000000000000,"INCR",3,00,0,"Data Secure Unprivileged",0,"16 bytes",0,0000000000000,"INCR",0,00,0,"Data Secure Unprivileged",0,"1 byte",0,"EXOKAY",0,00010800000140000050810400010800,00000000000000000000000000000000,0000,2,0,1,0,2,1,0,2,0,1,2,0,1,0,0,0,0,"No Read Addr Cmds","No Write Addr Cmds","No Write Responses","Active","Active","Inactive","No Read Data Beats","Stream Beat","Stream Beat","No Write Data Beats"
689,689,0,6585,1,1,0,65521,1,1,0,0,0000000000000,"INCR",3,00,0,"Data Secure Unprivileged",0,"16 bytes",0,0000000000000,"INCR",0,00,0,"Data Secure Unprivileged",0,"1 byte",0,"EXOKAY",0,00010800000140000050810400010800,00000000000000000000000000000000,0000,2,0,1,0,2,1,0,2,0,1,2,0,1,0,0,0,0,"No Read Addr Cmds","No Write Addr Cmds","No Write Responses","Active","Active","Inactive","No Read Data Beats","Stream Beat","Stream Beat","No Write Data Beats"
690,690,0,870d,1,1,0,65510,1,1,0,0,0000000000000,"INCR",3,00,0,"Data Secure Unprivileged",0,"16 bytes",0,0000000000000,"INCR",0,00,0,"Data Secure Unprivileged",0,"1 byte",0,"EXOKAY",0,00010800000140000050810400010800,00000000000000000000000000000000,0000,2,0,1,0,2,1,0,2,0,1,2,0,1,0,0,0,0,"No Read Addr Cmds","No Write Addr Cmds","No Write Responses","Active","Active","Inactive","No Read Data Beats","Stream Beat","Stream Beat","No Write Data Beats"
691,691,0,f068,1,1,0,63,1,1,0,0,0000000000000,"INCR",3,00,0,"Data Secure Unprivileged",0,"16 bytes",0,0000000000000,"INCR",0,00,0,"Data Secure Unprivileged",0,"1 byte",0,"EXOKAY",0,00010800000140000050810400010800,00000000000000000000000000000000,0000,2,0,1,0,2,1,0,2,0,1,2,0,1,0,0,0,0,"No Read Addr Cmds","No Write Addr Cmds","No Write Responses","Active","Active","Inactive","No Read Data Beats","Stream Beat","Stream Beat","No Write Data Beats"
692,692,0,4f12,1,1,0,0,1,1,0,0,0000000000000,"INCR",3,00,0,"Data Secure Unprivileged",0,"16 bytes",0,0000000000000,"INCR",0,00,0,"Data Secure Unprivileged",0,"1 byte",0,"EXOKAY",0,00010800000140000050810400010800,00000000000000000000000000000000,0000,2,0,1,0,2,1,0,2,0,1,2,0,1,0,0,0,0,"No Read Addr Cmds","No Write Addr Cmds","No Write Responses","Active","Active","Inactive","No Read Data Beats","Stream Beat","Stream Beat","No Write Data Beats"
693,693,0,b3cb,1,1,0,17,1,1,0,0,0000000000000,"INCR",3,00,0,"Data Secure Unprivileged",0,"16 bytes",0,0000000000000,"INCR",0,00,0,"Data Secure Unprivileged",0,"1 byte",0,"EXOKAY",0,00010800000140000050810400010800,00000000000000000000000000000000,0000,2,0,1,0,2,1,0,2,0,1,2,0,1,0,0,0,0,"No Read Addr Cmds","No Write Addr Cmds","No Write Responses","Active","Active","Inactive","No Read Data Beats","Stream Beat","Stream Beat","No Write Data Beats"
694,694,0,dcfb,1,1,0,20,1,1,0,0,0000000000000,"INCR",3,00,0,"Data Secure Unprivileged",0,"16 bytes",0,0000000000000,"INCR",0,00,0,"Data Secure Unprivileged",0,"1 byte",0,"EXOKAY",0,00010800000140000050810400010800,00000000000000000000000000000000,0000,2,0,1,0,2,1,0,2,0,1,2,0,1,0,0,0,0,"No Read Addr Cmds","No Write Addr Cmds","No Write Responses","Active","Active","Inactive","No Read Data Beats","Stream Beat","Stream Beat","No Write Data Beats"
695,695,0,daef,1,1,0,36,1,1,0,0,0000000000000,"INCR",3,00,0,"Data Secure Unprivileged",0,"16 bytes",0,0000000000000,"INCR",0,00,0,"Data Secure Unprivileged",0,"1 byte",0,"EXOKAY",0,00010800000140000050810400010800,00000000000000000000000000000000,0000,2,0,1,0,2,1,0,2,0,1,2,0,1,0,0,0,0,"No Read Addr Cmds","No Write Addr Cmds","No Write Responses","Active","Active","Inactive","No Read Data Beats","Stream Beat","Stream Beat","No Write Data Beats"
696,696,0,39a9,1,1,0,65534,1,1,0,0,0000000000000,"INCR",3,00,0,"Data Secure Unprivileged",0,"16 bytes",0,0000000000000,"INCR",0,00,0,"Data Secure Unprivileged",0,"1 byte",0,"EXOKAY",0,00010800000140000050810400010800,00000000000000000000000000000000,0000,2,0,1,0,2,1,0,2,0,1,2,0,1,0,0,0,0,"No Read Addr Cmds","No Write Addr Cmds","No Write Responses","Active","Active","Inactive","No Read Data Beats","Stream Beat","Stream Beat","No Write Data Beats"
697,697,0,3308,1,1,0,30,1,1,0,0,0000000000000,"INCR",3,00,0,"Data Secure Unprivileged",0,"16 bytes",0,0000000000000,"INCR",0,00,0,"Data Secure Unprivileged",0,"1 byte",0,"EXOKAY",0,00010800000140000050810400010800,00000000000000000000000000000000,0000,2,0,1,0,2,1,0,2,0,1,2,0,1,0,0,0,0,"No Read Addr Cmds","No Write Addr Cmds","No Write Responses","Active","Active","Inactive","No Read Data Beats","Stream Beat","Stream Beat","No Write Data Beats"
698,698,0,e49b,1,1,0,65530,1,1,0,0,0000000000000,"INCR",3,00,0,"Data Secure Unprivileged",0,"16 bytes",0,0000000000000,"INCR",0,00,0,"Data Secure Unprivileged",0,"1 byte",0,"EXOKAY",0,00010800000140000050810400010800,00000000000000000000000000000000,0000,2,0,1,0,2,1,0,2,0,1,2,0,1,0,0,0,0,"No Read Addr Cmds","No Write Addr Cmds","No Write Responses","Active","Active","Inactive","No Read Data Beats","Stream Beat","Stream Beat","No Write Data Beats"
699,699,0,8a48,1,1,0,12,1,1,0,0,0000000000000,"INCR",3,00,0,"Data Secure Unprivileged",0,"16 bytes",0,0000000000000,"INCR",0,00,0,"Data Secure Unprivileged",0,"1 byte",0,"EXOKAY",0,00010800000140000050810400010800,00000000000000000000000000000000,0000,2,0,1,0,2,1,0,2,0,1,2,0,1,0,0,0,0,"No Read Addr Cmds","No Write Addr Cmds","No Write Responses","Active","Active","Inactive","No Read Data Beats","Stream Beat","Stream Beat","No Write Data Beats"
700,700,0,97ec,1,1,0,65530,1,1,0,0,0000000000000,"INCR",3,00,0,"Data Secure Unprivileged",0,"16 bytes",0,0000000000000,"INCR",0,00,0,"Data Secure Unprivileged",0,"1 byte",0,"EXOKAY",0,00010800000140000050810400010800,00000000000000000000000000000000,0000,2,0,1,0,2,1,0,2,0,1,2,0,1,0,0,0,0,"No Read Addr Cmds","No Write Addr Cmds","No Write Responses","Active","Active","Inactive","No Read Data Beats","Stream Beat","Stream Beat","No Write Data Beats"
701,701,0,134e,1,1,0,3,1,1,0,0,0000000000000,"INCR",3,00,0,"Data Secure Unprivileged",0,"16 bytes",0,0000000000000,"INCR",0,00,0,"Data Secure Unprivileged",0,"1 byte",0,"EXOKAY",0,00010800000140000050810400010800,00000000000000000000000000000000,0000,2,0,1,0,2,1,0,2,0,1,2,0,1,0,0,0,0,"No Read Addr Cmds","No Write Addr Cmds","No Write Responses","Active","Active","Inactive","No Read Data Beats","Stream Beat","Stream Beat","No Write Data Beats"
702,702,0,ec29,1,1,0,46,1,1,0,0,0000000000000,"INCR",3,00,0,"Data Secure Unprivileged",0,"16 bytes",0,0000000000000,"INCR",0,00,0,"Data Secure Unprivileged",0,"1 byte",0,"EXOKAY",0,00010800000140000050810400010800,00000000000000000000000000000000,0000,2,0,1,0,2,1,0,2,0,1,2,0,1,0,0,0,0,"No Read Addr Cmds","No Write Addr Cmds","No Write Responses","Active","Active","Inactive","No Read Data Beats","Stream Beat","Stream Beat","No Write Data Beats"
703,703,0,a462,1,1,0,6,1,1,0,0,0000000000000,"INCR",3,00,0,"Data Secure Unprivileged",0,"16 bytes",0,0000000000000,"INCR",0,00,0,"Data Secure Unprivileged",0,"1 byte",0,"EXOKAY",0,00010800000140000050810400010800,00000000000000000000000000000000,0000,2,0,1,0,2,1,0,2,0,1,2,0,1,0,0,0,0,"No Read Addr Cmds","No Write Addr Cmds","No Write Responses","Active","Active","Inactive","No Read Data Beats","Stream Beat","Stream Beat","No Write Data Beats"
704,704,0,d1be,1,1,0,65534,1,1,0,0,0000000000000,"INCR",3,00,0,"Data Secure Unprivileged",0,"16 bytes",0,0000000000000,"INCR",0,00,0,"Data Secure Unprivileged",0,"1 byte",0,"EXOKAY",0,00010800000140000050810400010800,00000000000000000000000000000000,0000,2,0,1,0,2,1,0,2,0,1,2,0,1,0,0,0,0,"No Read Addr Cmds","No Write Addr Cmds","No Write Responses","Active","Active","Inactive","No Read Data Beats","Stream Beat","Stream Beat","No Write Data Beats"
705,705,0,710b,1,1,0,55,1,1,0,0,0000000000000,"INCR",3,00,0,"Data Secure Unprivileged",0,"16 bytes",0,0000000000000,"INCR",0,00,0,"Data Secure Unprivileged",0,"1 byte",0,"EXOKAY",0,00010800000140000050810400010800,00000000000000000000000000000000,0000,2,0,1,0,2,1,0,2,0,1,2,0,1,0,0,0,0,"No Read Addr Cmds","No Write Addr Cmds","No Write Responses","Active","Active","Inactive","No Read Data Beats","Stream Beat","Stream Beat","No Write Data Beats"
706,706,0,0b2f,1,1,0,6,1,1,0,0,0000000000000,"INCR",3,00,0,"Data Secure Unprivileged",0,"16 bytes",0,0000000000000,"INCR",0,00,0,"Data Secure Unprivileged",0,"1 byte",0,"EXOKAY",0,00010800000140000050810400010800,00000000000000000000000000000000,0000,2,0,1,0,2,1,0,2,0,1,2,0,1,0,0,0,0,"No Read Addr Cmds","No Write Addr Cmds","No Write Responses","Active","Active","Inactive","No Read Data Beats","Stream Beat","Stream Beat","No Write Data Beats"
707,707,0,53ea,1,1,0,26,1,1,0,0,0000000000000,"INCR",3,00,0,"Data Secure Unprivileged",0,"16 bytes",0,0000000000000,"INCR",0,00,0,"Data Secure Unprivileged",0,"1 byte",0,"EXOKAY",0,00010800000140000050810400010800,00000000000000000000000000000000,0000,2,0,1,0,2,1,0,2,0,1,2,0,1,0,0,0,0,"No Read Addr Cmds","No Write Addr Cmds","No Write Responses","Active","Active","Inactive","No Read Data Beats","Stream Beat","Stream Beat","No Write Data Beats"
708,708,0,8e3f,1,1,0,65494,1,1,0,0,0000000000000,"INCR",3,00,0,"Data Secure Unprivileged",0,"16 bytes",0,0000000000000,"INCR",0,00,0,"Data Secure Unprivileged",0,"1 byte",0,"EXOKAY",0,00010800000140000050810400010800,00000000000000000000000000000000,0000,2,0,1,0,2,1,0,2,0,1,2,0,1,0,0,0,0,"No Read Addr Cmds","No Write Addr Cmds","No Write Responses","Active","Active","Inactive","No Read Data Beats","Stream Beat","Stream Beat","No Write Data Beats"
709,709,0,4fd7,1,1,0,65511,1,1,0,0,0000000000000,"INCR",3,00,0,"Data Secure Unprivileged",0,"16 bytes",0,0000000000000,"INCR",0,00,0,"Data Secure Unprivileged",0,"1 byte",0,"EXOKAY",0,00010800000140000050810400010800,00000000000000000000000000000000,0000,2,0,1,0,2,1,0,2,0,1,2,0,1,0,0,0,0,"No Read Addr Cmds","No Write Addr Cmds","No Write Responses","Active","Active","Inactive","No Read Data Beats","Stream Beat","Stream Beat","No Write Data Beats"
710,710,0,ba2e,1,1,0,9,1,1,0,0,0000000000000,"INCR",3,00,0,"Data Secure Unprivileged",0,"16 bytes",0,0000000000000,"INCR",0,00,0,"Data Secure Unprivileged",0,"1 byte",0,"EXOKAY",0,00010800000140000050810400010800,00000000000000000000000000000000,0000,2,0,1,0,2,1,0,2,0,1,2,0,1,0,0,0,0,"No Read Addr Cmds","No Write Addr Cmds","No Write Responses","Active","Active","Inactive","No Read Data Beats","Stream Beat","Stream Beat","No Write Data Beats"
711,711,0,79f9,1,1,0,65522,1,1,0,0,0000000000000,"INCR",3,00,0,"Data Secure Unprivileged",0,"16 bytes",0,0000000000000,"INCR",0,00,0,"Data Secure Unprivileged",0,"1 byte",0,"EXOKAY",0,00010800000140000050810400010800,00000000000000000000000000000000,0000,2,0,1,0,2,1,0,2,0,1,2,0,1,0,0,0,0,"No Read Addr Cmds","No Write Addr Cmds","No Write Responses","Active","Active","Inactive","No Read Data Beats","Stream Beat","Stream Beat","No Write Data Beats"
712,712,0,9aff,1,1,0,19,1,1,0,0,0000000000000,"INCR",3,00,0,"Data Secure Unprivileged",0,"16 bytes",0,0000000000000,"INCR",0,00,0,"Data Secure Unprivileged",0,"1 byte",0,"EXOKAY",0,00010800000140000050810400010800,00000000000000000000000000000000,0000,2,0,1,0,2,1,0,2,0,1,2,0,1,0,0,0,0,"No Read Addr Cmds","No Write Addr Cmds","No Write Responses","Active","Active","Inactive","No Read Data Beats","Stream Beat","Stream Beat","No Write Data Beats"
713,713,0,ef3b,1,1,0,23,1,1,0,0,0000000000000,"INCR",3,00,0,"Data Secure Unprivileged",0,"16 bytes",0,0000000000000,"INCR",0,00,0,"Data Secure Unprivileged",0,"1 byte",0,"EXOKAY",0,00010800000140000050810400010800,00000000000000000000000000000000,0000,2,0,1,0,2,1,0,2,0,1,2,0,1,0,0,0,0,"No Read Addr Cmds","No Write Addr Cmds","No Write Responses","Active","Active","Inactive","No Read Data Beats","Stream Beat","Stream Beat","No Write Data Beats"
714,714,0,e58b,1,1,0,65512,1,1,0,0,0000000000000,"INCR",3,00,0,"Data Secure Unprivileged",0,"16 bytes",0,0000000000000,"INCR",0,00,0,"Data Secure Unprivileged",0,"1 byte",0,"EXOKAY",0,00010800000140000050810400010800,00000000000000000000000000000000,0000,2,0,1,0,2,1,0,2,0,1,2,0,1,0,0,0,0,"No Read Addr Cmds","No Write Addr Cmds","No Write Responses","Active","Active","Inactive","No Read Data Beats","Stream Beat","Stream Beat","No Write Data Beats"
715,715,0,90e9,1,1,0,65527,1,1,0,0,0000000000000,"INCR",3,00,0,"Data Secure Unprivileged",0,"16 bytes",0,0000000000000,"INCR",0,00,0,"Data Secure Unprivileged",0,"1 byte",0,"EXOKAY",0,00010800000140000050810400010800,00000000000000000000000000000000,0000,2,0,1,0,2,1,0,2,0,1,2,0,1,0,0,0,0,"No Read Addr Cmds","No Write Addr Cmds","No Write Responses","Active","Active","Inactive","No Read Data Beats","Stream Beat","Stream Beat","No Write Data Beats"
716,716,0,3e37,1,1,0,35,1,1,0,0,0000000000000,"INCR",3,00,0,"Data Secure Unprivileged",0,"16 bytes",0,0000000000000,"INCR",0,00,0,"Data Secure Unprivileged",0,"1 byte",0,"EXOKAY",0,00010800000140000050810400010800,00000000000000000000000000000000,0000,2,0,1,0,2,1,0,2,0,1,2,0,1,0,0,0,0,"No Read Addr Cmds","No Write Addr Cmds","No Write Responses","Active","Active","Inactive","No Read Data Beats","Stream Beat","Stream Beat","No Write Data Beats"
717,717,0,bd09,1,1,0,32,1,1,0,0,0000000000000,"INCR",3,00,0,"Data Secure Unprivileged",0,"16 bytes",0,0000000000000,"INCR",0,00,0,"Data Secure Unprivileged",0,"1 byte",0,"EXOKAY",0,00010800000140000050810400010800,00000000000000000000000000000000,0000,2,0,1,0,2,1,0,2,0,1,2,0,1,0,0,0,0,"No Read Addr Cmds","No Write Addr Cmds","No Write Responses","Active","Active","Inactive","No Read Data Beats","Stream Beat","Stream Beat","No Write Data Beats"
718,718,0,936b,1,1,0,65499,1,1,0,0,0000000000000,"INCR",3,00,0,"Data Secure Unprivileged",0,"16 bytes",0,0000000000000,"INCR",0,00,0,"Data Secure Unprivileged",0,"1 byte",0,"EXOKAY",0,00010800000140000050810400010800,00000000000000000000000000000000,0000,2,0,1,0,2,1,0,2,0,1,2,0,1,0,0,0,0,"No Read Addr Cmds","No Write Addr Cmds","No Write Responses","Active","Active","Inactive","No Read Data Beats","Stream Beat","Stream Beat","No Write Data Beats"
719,719,0,71b1,1,1,0,35,1,1,0,0,0000000000000,"INCR",3,00,0,"Data Secure Unprivileged",0,"16 bytes",0,0000000000000,"INCR",0,00,0,"Data Secure Unprivileged",0,"1 byte",0,"EXOKAY",0,00010800000140000050810400010800,00000000000000000000000000000000,0000,2,0,1,0,2,1,0,2,0,1,2,0,1,0,0,0,0,"No Read Addr Cmds","No Write Addr Cmds","No Write Responses","Active","Active","Inactive","No Read Data Beats","Stream Beat","Stream Beat","No Write Data Beats"
720,720,0,a1e5,1,1,0,65521,1,1,0,0,0000000000000,"INCR",3,00,0,"Data Secure Unprivileged",0,"16 bytes",0,0000000000000,"INCR",0,00,0,"Data Secure Unprivileged",0,"1 byte",0,"EXOKAY",0,00010800000140000050810400010800,00000000000000000000000000000000,0000,2,0,1,0,2,1,0,2,0,1,2,0,1,0,0,0,0,"No Read Addr Cmds","No Write Addr Cmds","No Write Responses","Active","Active","Inactive","No Read Data Beats","Stream Beat","Stream Beat","No Write Data Beats"
721,721,0,b851,1,1,0,24,1,1,0,0,0000000000000,"INCR",3,00,0,"Data Secure Unprivileged",0,"16 bytes",0,0000000000000,"INCR",0,00,0,"Data Secure Unprivileged",0,"1 byte",0,"EXOKAY",0,00010800000140000050810400010800,00000000000000000000000000000000,0000,2,0,1,0,2,1,0,2,0,1,2,0,1,0,0,0,0,"No Read Addr Cmds","No Write Addr Cmds","No Write Responses","Active","Active","Inactive","No Read Data Beats","Stream Beat","Stream Beat","No Write Data Beats"
722,722,0,b530,1,1,0,65529,1,1,0,0,0000000000000,"INCR",3,00,0,"Data Secure Unprivileged",0,"16 bytes",0,0000000000000,"INCR",0,00,0,"Data Secure Unprivileged",0,"1 byte",0,"EXOKAY",0,00010800000140000050810400010800,00000000000000000000000000000000,0000,2,0,1,0,2,1,0,2,0,1,2,0,1,0,0,0,0,"No Read Addr Cmds","No Write Addr Cmds","No Write Responses","Active","Active","Inactive","No Read Data Beats","Stream Beat","Stream Beat","No Write Data Beats"
723,723,0,a5f3,1,1,0,65531,1,1,0,0,0000000000000,"INCR",3,00,0,"Data Secure Unprivileged",0,"16 bytes",0,0000000000000,"INCR",0,00,0,"Data Secure Unprivileged",0,"1 byte",0,"EXOKAY",0,00010800000140000050810400010800,00000000000000000000000000000000,0000,2,0,1,0,2,1,0,2,0,1,2,0,1,0,0,0,0,"No Read Addr Cmds","No Write Addr Cmds","No Write Responses","Active","Active","Inactive","No Read Data Beats","Stream Beat","Stream Beat","No Write Data Beats"
724,724,0,4afc,1,1,0,24,1,1,0,0,0000000000000,"INCR",3,00,0,"Data Secure Unprivileged",0,"16 bytes",0,0000000000000,"INCR",0,00,0,"Data Secure Unprivileged",0,"1 byte",0,"EXOKAY",0,00010800000140000050810400010800,00000000000000000000000000000000,0000,2,0,1,0,2,1,0,2,0,1,2,0,1,0,0,0,0,"No Read Addr Cmds","No Write Addr Cmds","No Write Responses","Active","Active","Inactive","No Read Data Beats","Stream Beat","Stream Beat","No Write Data Beats"
725,725,0,9ebc,1,1,0,22,1,1,0,0,0000000000000,"INCR",3,00,0,"Data Secure Unprivileged",0,"16 bytes",0,0000000000000,"INCR",0,00,0,"Data Secure Unprivileged",0,"1 byte",0,"EXOKAY",0,00010800000140000050810400010800,00000000000000000000000000000000,0000,2,0,1,0,2,1,0,2,0,1,2,0,1,0,0,0,0,"No Read Addr Cmds","No Write Addr Cmds","No Write Responses","Active","Active","Inactive","No Read Data Beats","Stream Beat","Stream Beat","No Write Data Beats"
726,726,0,4593,1,1,0,57,1,1,0,0,0000000000000,"INCR",3,00,0,"Data Secure Unprivileged",0,"16 bytes",0,0000000000000,"INCR",0,00,0,"Data Secure Unprivileged",0,"1 byte",0,"EXOKAY",0,00010800000140000050810400010800,00000000000000000000000000000000,0000,2,0,1,0,2,1,0,2,0,1,2,0,1,0,0,0,0,"No Read Addr Cmds","No Write Addr Cmds","No Write Responses","Active","Active","Inactive","No Read Data Beats","Stream Beat","Stream Beat","No Write Data Beats"
727,727,0,c422,1,1,0,65519,1,1,0,0,0000000000000,"INCR",3,00,0,"Data Secure Unprivileged",0,"16 bytes",0,0000000000000,"INCR",0,00,0,"Data Secure Unprivileged",0,"1 byte",0,"EXOKAY",0,00010800000140000050810400010800,00000000000000000000000000000000,0000,2,0,1,0,2,1,0,2,0,1,2,0,1,0,0,0,0,"No Read Addr Cmds","No Write Addr Cmds","No Write Responses","Active","Active","Inactive","No Read Data Beats","Stream Beat","Stream Beat","No Write Data Beats"
728,728,0,7782,1,1,0,65518,1,1,0,0,0000000000000,"INCR",3,00,0,"Data Secure Unprivileged",0,"16 bytes",0,0000000000000,"INCR",0,00,0,"Data Secure Unprivileged",0,"1 byte",0,"EXOKAY",0,00010800000140000050810400010800,00000000000000000000000000000000,0000,2,0,1,0,2,1,0,2,0,1,2,0,1,0,0,0,0,"No Read Addr Cmds","No Write Addr Cmds","No Write Responses","Active","Active","Inactive","No Read Data Beats","Stream Beat","Stream Beat","No Write Data Beats"
729,729,0,0f2d,1,1,0,44,1,1,0,0,0000000000000,"INCR",3,00,0,"Data Secure Unprivileged",0,"16 bytes",0,0000000000000,"INCR",0,00,0,"Data Secure Unprivileged",0,"1 byte",0,"EXOKAY",0,00010800000140000050810400010800,00000000000000000000000000000000,0000,2,0,1,0,2,1,0,2,0,1,2,0,1,0,0,0,0,"No Read Addr Cmds","No Write Addr Cmds","No Write Responses","Active","Active","Inactive","No Read Data Beats","Stream Beat","Stream Beat","No Write Data Beats"
730,730,0,8496,1,1,0,65528,1,1,0,0,0000000000000,"INCR",3,00,0,"Data Secure Unprivileged",0,"16 bytes",0,0000000000000,"INCR",0,00,0,"Data Secure Unprivileged",0,"1 byte",0,"EXOKAY",0,00010800000140000050810400010800,00000000000000000000000000000000,0000,2,0,1,0,2,1,0,2,0,1,2,0,1,0,0,0,0,"No Read Addr Cmds","No Write Addr Cmds","No Write Responses","Active","Active","Inactive","No Read Data Beats","Stream Beat","Stream Beat","No Write Data Beats"
731,731,0,a936,1,1,0,33,1,1,0,0,0000000000000,"INCR",3,00,0,"Data Secure Unprivileged",0,"16 bytes",0,0000000000000,"INCR",0,00,0,"Data Secure Unprivileged",0,"1 byte",0,"EXOKAY",0,00010800000140000050810400010800,00000000000000000000000000000000,0000,2,0,1,0,2,1,0,2,0,1,2,0,1,0,0,0,0,"No Read Addr Cmds","No Write Addr Cmds","No Write Responses","Active","Active","Inactive","No Read Data Beats","Stream Beat","Stream Beat","No Write Data Beats"
732,732,0,d8bf,1,1,0,9,1,1,0,0,0000000000000,"INCR",3,00,0,"Data Secure Unprivileged",0,"16 bytes",0,0000000000000,"INCR",0,00,0,"Data Secure Unprivileged",0,"1 byte",0,"EXOKAY",0,00010800000140000050810400010800,00000000000000000000000000000000,0000,2,0,1,0,2,1,0,2,0,1,2,0,1,0,0,0,0,"No Read Addr Cmds","No Write Addr Cmds","No Write Responses","Active","Active","Inactive","No Read Data Beats","Stream Beat","Stream Beat","No Write Data Beats"
733,733,0,750c,1,1,0,65495,1,1,0,0,0000000000000,"INCR",3,00,0,"Data Secure Unprivileged",0,"16 bytes",0,0000000000000,"INCR",0,00,0,"Data Secure Unprivileged",0,"1 byte",0,"EXOKAY",0,00010800000140000050810400010800,00000000000000000000000000000000,0000,2,0,1,0,2,1,0,2,0,1,2,0,1,0,0,0,0,"No Read Addr Cmds","No Write Addr Cmds","No Write Responses","Active","Active","Inactive","No Read Data Beats","Stream Beat","Stream Beat","No Write Data Beats"
734,734,0,f8da,1,1,0,16,1,1,0,0,0000000000000,"INCR",3,00,0,"Data Secure Unprivileged",0,"16 bytes",0,0000000000000,"INCR",0,00,0,"Data Secure Unprivileged",0,"1 byte",0,"EXOKAY",0,00010800000140000050810400010800,00000000000000000000000000000000,0000,2,0,1,0,2,1,0,2,0,1,2,0,1,0,0,0,0,"No Read Addr Cmds","No Write Addr Cmds","No Write Responses","Active","Active","Inactive","No Read Data Beats","Stream Beat","Stream Beat","No Write Data Beats"
735,735,0,c199,1,1,0,65499,1,1,0,0,0000000000000,"INCR",3,00,0,"Data Secure Unprivileged",0,"16 bytes",0,0000000000000,"INCR",0,00,0,"Data Secure Unprivileged",0,"1 byte",0,"EXOKAY",0,00010800000140000050810400010800,00000000000000000000000000000000,0000,2,0,1,0,2,1,0,2,0,1,2,0,1,0,0,0,0,"No Read Addr Cmds","No Write Addr Cmds","No Write Responses","Active","Active","Inactive","No Read Data Beats","Stream Beat","Stream Beat","No Write Data Beats"
736,736,0,9cd2,1,1,0,26,1,1,0,0,0000000000000,"INCR",3,00,0,"Data Secure Unprivileged",0,"16 bytes",0,0000000000000,"INCR",0,00,0,"Data Secure Unprivileged",0,"1 byte",0,"EXOKAY",0,00010800000140000050810400010800,00000000000000000000000000000000,0000,2,0,1,0,2,1,0,2,0,1,2,0,1,0,0,0,0,"No Read Addr Cmds","No Write Addr Cmds","No Write Responses","Active","Active","Inactive","No Read Data Beats","Stream Beat","Stream Beat","No Write Data Beats"
737,737,0,94ba,1,1,0,65529,1,1,0,0,0000000000000,"INCR",3,00,0,"Data Secure Unprivileged",0,"16 bytes",0,0000000000000,"INCR",0,00,0,"Data Secure Unprivileged",0,"1 byte",0,"EXOKAY",0,00010800000140000050810400010800,00000000000000000000000000000000,0000,2,0,1,0,2,1,0,2,0,1,2,0,1,0,0,0,0,"No Read Addr Cmds","No Write Addr Cmds","No Write Responses","Active","Active","Inactive","No Read Data Beats","Stream Beat","Stream Beat","No Write Data Beats"
738,738,0,ef1b,1,1,0,31,1,1,0,0,0000000000000,"INCR",3,00,0,"Data Secure Unprivileged",0,"16 bytes",0,0000000000000,"INCR",0,00,0,"Data Secure Unprivileged",0,"1 byte",0,"EXOKAY",0,00010800000140000050810400010800,00000000000000000000000000000000,0000,2,0,1,0,2,1,0,2,0,1,2,0,1,0,0,0,0,"No Read Addr Cmds","No Write Addr Cmds","No Write Responses","Active","Active","Inactive","No Read Data Beats","Stream Beat","Stream Beat","No Write Data Beats"
739,739,0,696c,1,1,0,32,1,1,0,0,0000000000000,"INCR",3,00,0,"Data Secure Unprivileged",0,"16 bytes",0,0000000000000,"INCR",0,00,0,"Data Secure Unprivileged",0,"1 byte",0,"EXOKAY",0,00010800000140000050810400010800,00000000000000000000000000000000,0000,2,0,1,0,2,1,0,2,0,1,2,0,1,0,0,0,0,"No Read Addr Cmds","No Write Addr Cmds","No Write Responses","Active","Active","Inactive","No Read Data Beats","Stream Beat","Stream Beat","No Write Data Beats"
740,740,0,ce55,1,1,0,7,1,1,0,0,0000000000000,"INCR",3,00,0,"Data Secure Unprivileged",0,"16 bytes",0,0000000000000,"INCR",0,00,0,"Data Secure Unprivileged",0,"1 byte",0,"EXOKAY",0,00010800000140000050810400010800,00000000000000000000000000000000,0000,2,0,1,0,2,1,0,2,0,1,2,0,1,0,0,0,0,"No Read Addr Cmds","No Write Addr Cmds","No Write Responses","Active","Active","Inactive","No Read Data Beats","Stream Beat","Stream Beat","No Write Data Beats"
741,741,0,1f5d,1,1,0,48,1,1,0,0,0000000000000,"INCR",3,00,0,"Data Secure Unprivileged",0,"16 bytes",0,0000000000000,"INCR",0,00,0,"Data Secure Unprivileged",0,"1 byte",0,"EXOKAY",0,00010800000140000050810400010800,00000000000000000000000000000000,0000,2,0,1,0,2,1,0,2,0,1,2,0,1,0,0,0,0,"No Read Addr Cmds","No Write Addr Cmds","No Write Responses","Active","Active","Inactive","No Read Data Beats","Stream Beat","Stream Beat","No Write Data Beats"
742,742,0,1e2e,1,1,0,65478,1,1,0,0,0000000000000,"INCR",3,00,0,"Data Secure Unprivileged",0,"16 bytes",0,0000000000000,"INCR",0,00,0,"Data Secure Unprivileged",0,"1 byte",0,"EXOKAY",0,00010800000140000050810400010800,00000000000000000000000000000000,0000,2,0,1,0,2,1,0,2,0,1,2,0,1,0,0,0,0,"No Read Addr Cmds","No Write Addr Cmds","No Write Responses","Active","Active","Inactive","No Read Data Beats","Stream Beat","Stream Beat","No Write Data Beats"
743,743,0,d3ba,1,1,0,10,1,1,0,0,0000000000000,"INCR",3,00,0,"Data Secure Unprivileged",0,"16 bytes",0,0000000000000,"INCR",0,00,0,"Data Secure Unprivileged",0,"1 byte",0,"EXOKAY",0,00010800000140000050810400010800,00000000000000000000000000000000,0000,2,0,1,0,2,1,0,2,0,1,2,0,1,0,0,0,0,"No Read Addr Cmds","No Write Addr Cmds","No Write Responses","Active","Active","Inactive","No Read Data Beats","Stream Beat","Stream Beat","No Write Data Beats"
744,744,0,ac3b,1,1,0,65483,1,1,0,0,0000000000000,"INCR",3,00,0,"Data Secure Unprivileged",0,"16 bytes",0,0000000000000,"INCR",0,00,0,"Data Secure Unprivileged",0,"1 byte",0,"EXOKAY",0,00010800000140000050810400010800,00000000000000000000000000000000,0000,2,0,1,0,2,1,0,2,0,1,2,0,1,0,0,0,0,"No Read Addr Cmds","No Write Addr Cmds","No Write Responses","Active","Active","Inactive","No Read Data Beats","Stream Beat","Stream Beat","No Write Data Beats"
745,745,0,e856,1,1,0,25,1,1,0,0,0000000000000,"INCR",3,00,0,"Data Secure Unprivileged",0,"16 bytes",0,0000000000000,"INCR",0,00,0,"Data Secure Unprivileged",0,"1 byte",0,"EXOKAY",0,00010800000140000050810400010800,00000000000000000000000000000000,0000,2,0,1,0,2,1,0,2,0,1,2,0,1,0,0,0,0,"No Read Addr Cmds","No Write Addr Cmds","No Write Responses","Active","Active","Inactive","No Read Data Beats","Stream Beat","Stream Beat","No Write Data Beats"
746,746,0,4fbc,1,1,0,65521,1,1,0,0,0000000000000,"INCR",3,00,0,"Data Secure Unprivileged",0,"16 bytes",0,0000000000000,"INCR",0,00,0,"Data Secure Unprivileged",0,"1 byte",0,"EXOKAY",0,00010800000140000050810400010800,00000000000000000000000000000000,0000,2,0,1,0,2,1,0,2,0,1,2,0,1,0,0,0,0,"No Read Addr Cmds","No Write Addr Cmds","No Write Responses","Active","Active","Inactive","No Read Data Beats","Stream Beat","Stream Beat","No Write Data Beats"
747,747,0,8a3b,1,1,0,62,1,1,0,0,0000000000000,"INCR",3,00,0,"Data Secure Unprivileged",0,"16 bytes",0,0000000000000,"INCR",0,00,0,"Data Secure Unprivileged",0,"1 byte",0,"EXOKAY",0,00010800000140000050810400010800,00000000000000000000000000000000,0000,2,0,1,0,2,1,0,2,0,1,2,0,1,0,0,0,0,"No Read Addr Cmds","No Write Addr Cmds","No Write Responses","Active","Active","Inactive","No Read Data Beats","Stream Beat","Stream Beat","No Write Data Beats"
748,748,0,1464,1,1,0,32,1,1,0,0,0000000000000,"INCR",3,00,0,"Data Secure Unprivileged",0,"16 bytes",0,0000000000000,"INCR",0,00,0,"Data Secure Unprivileged",0,"1 byte",0,"EXOKAY",0,00010800000140000050810400010800,00000000000000000000000000000000,0000,2,0,1,0,2,1,0,2,0,1,2,0,1,0,0,0,0,"No Read Addr Cmds","No Write Addr Cmds","No Write Responses","Active","Active","Inactive","No Read Data Beats","Stream Beat","Stream Beat","No Write Data Beats"
749,749,0,a765,1,1,0,65503,1,1,0,0,0000000000000,"INCR",3,00,0,"Data Secure Unprivileged",0,"16 bytes",0,0000000000000,"INCR",0,00,0,"Data Secure Unprivileged",0,"1 byte",0,"EXOKAY",0,00010800000140000050810400010800,00000000000000000000000000000000,0000,2,0,1,0,2,1,0,2,0,1,2,0,1,0,0,0,0,"No Read Addr Cmds","No Write Addr Cmds","No Write Responses","Active","Active","Inactive","No Read Data Beats","Stream Beat","Stream Beat","No Write Data Beats"
750,750,0,cf8e,1,1,0,65506,1,1,0,0,0000000000000,"INCR",3,00,0,"Data Secure Unprivileged",0,"16 bytes",0,0000000000000,"INCR",0,00,0,"Data Secure Unprivileged",0,"1 byte",0,"EXOKAY",0,00010800000140000050810400010800,00000000000000000000000000000000,0000,2,0,1,0,2,1,0,2,0,1,2,0,1,0,0,0,0,"No Read Addr Cmds","No Write Addr Cmds","No Write Responses","Active","Active","Inactive","No Read Data Beats","Stream Beat","Stream Beat","No Write Data Beats"
751,751,0,1fdb,1,1,0,12,1,1,0,0,0000000000000,"INCR",3,00,0,"Data Secure Unprivileged",0,"16 bytes",0,0000000000000,"INCR",0,00,0,"Data Secure Unprivileged",0,"1 byte",0,"EXOKAY",0,00010800000140000050810400010800,00000000000000000000000000000000,0000,2,0,1,0,2,1,0,2,0,1,2,0,1,0,0,0,0,"No Read Addr Cmds","No Write Addr Cmds","No Write Responses","Active","Active","Inactive","No Read Data Beats","Stream Beat","Stream Beat","No Write Data Beats"
752,752,0,2cf9,1,1,0,25,1,1,0,0,0000000000000,"INCR",3,00,0,"Data Secure Unprivileged",0,"16 bytes",0,0000000000000,"INCR",0,00,0,"Data Secure Unprivileged",0,"1 byte",0,"EXOKAY",0,00010800000140000050810400010800,00000000000000000000000000000000,0000,2,0,1,0,2,1,0,2,0,1,2,0,1,0,0,0,0,"No Read Addr Cmds","No Write Addr Cmds","No Write Responses","Active","Active","Inactive","No Read Data Beats","Stream Beat","Stream Beat","No Write Data Beats"
753,753,0,b860,1,1,0,28,1,1,0,0,0000000000000,"INCR",3,00,0,"Data Secure Unprivileged",0,"16 bytes",0,0000000000000,"INCR",0,00,0,"Data Secure Unprivileged",0,"1 byte",0,"EXOKAY",0,00010800000140000050810400010800,00000000000000000000000000000000,0000,2,0,1,0,2,1,0,2,0,1,2,0,1,0,0,0,0,"No Read Addr Cmds","No Write Addr Cmds","No Write Responses","Active","Active","Inactive","No Read Data Beats","Stream Beat","Stream Beat","No Write Data Beats"
754,754,0,5e1f,1,1,0,39,1,1,0,0,0000000000000,"INCR",3,00,0,"Data Secure Unprivileged",0,"16 bytes",0,0000000000000,"INCR",0,00,0,"Data Secure Unprivileged",0,"1 byte",0,"EXOKAY",0,00010800000140000050810400010800,00000000000000000000000000000000,0000,2,0,1,0,2,1,0,2,0,1,2,0,1,0,0,0,0,"No Read Addr Cmds","No Write Addr Cmds","No Write Responses","Active","Active","Inactive","No Read Data Beats","Stream Beat","Stream Beat","No Write Data Beats"
755,755,0,d76a,1,1,0,25,1,1,0,0,0000000000000,"INCR",3,00,0,"Data Secure Unprivileged",0,"16 bytes",0,0000000000000,"INCR",0,00,0,"Data Secure Unprivileged",0,"1 byte",0,"EXOKAY",0,00010800000140000050810400010800,00000000000000000000000000000000,0000,2,0,1,0,2,1,0,2,0,1,2,0,1,0,0,0,0,"No Read Addr Cmds","No Write Addr Cmds","No Write Responses","Active","Active","Inactive","No Read Data Beats","Stream Beat","Stream Beat","No Write Data Beats"
756,756,0,d3b8,1,1,0,65498,1,1,0,0,0000000000000,"INCR",3,00,0,"Data Secure Unprivileged",0,"16 bytes",0,0000000000000,"INCR",0,00,0,"Data Secure Unprivileged",0,"1 byte",0,"EXOKAY",0,00010800000140000050810400010800,00000000000000000000000000000000,0000,2,0,1,0,2,1,0,2,0,1,2,0,1,0,0,0,0,"No Read Addr Cmds","No Write Addr Cmds","No Write Responses","Active","Active","Inactive","No Read Data Beats","Stream Beat","Stream Beat","No Write Data Beats"
757,757,0,d90c,1,1,0,65530,1,1,0,0,0000000000000,"INCR",3,00,0,"Data Secure Unprivileged",0,"16 bytes",0,0000000000000,"INCR",0,00,0,"Data Secure Unprivileged",0,"1 byte",0,"EXOKAY",0,00010800000140000050810400010800,00000000000000000000000000000000,0000,2,0,1,0,2,1,0,2,0,1,2,0,1,0,0,0,0,"No Read Addr Cmds","No Write Addr Cmds","No Write Responses","Active","Active","Inactive","No Read Data Beats","Stream Beat","Stream Beat","No Write Data Beats"
758,758,0,46e6,1,1,0,65518,1,1,0,0,0000000000000,"INCR",3,00,0,"Data Secure Unprivileged",0,"16 bytes",0,0000000000000,"INCR",0,00,0,"Data Secure Unprivileged",0,"1 byte",0,"EXOKAY",0,00010800000140000050810400010800,00000000000000000000000000000000,0000,2,0,1,0,2,1,0,2,0,1,2,0,1,0,0,0,0,"No Read Addr Cmds","No Write Addr Cmds","No Write Responses","Active","Active","Inactive","No Read Data Beats","Stream Beat","Stream Beat","No Write Data Beats"
759,759,0,2ac9,1,1,0,10,1,1,0,0,0000000000000,"INCR",3,00,0,"Data Secure Unprivileged",0,"16 bytes",0,0000000000000,"INCR",0,00,0,"Data Secure Unprivileged",0,"1 byte",0,"EXOKAY",0,00010800000140000050810400010800,00000000000000000000000000000000,0000,2,0,1,0,2,1,0,2,0,1,2,0,1,0,0,0,0,"No Read Addr Cmds","No Write Addr Cmds","No Write Responses","Active","Active","Inactive","No Read Data Beats","Stream Beat","Stream Beat","No Write Data Beats"
760,760,0,0b71,1,1,0,65522,1,1,0,0,0000000000000,"INCR",3,00,0,"Data Secure Unprivileged",0,"16 bytes",0,0000000000000,"INCR",0,00,0,"Data Secure Unprivileged",0,"1 byte",0,"EXOKAY",0,00010800000140000050810400010800,00000000000000000000000000000000,0000,2,0,1,0,2,1,0,2,0,1,2,0,1,0,0,0,0,"No Read Addr Cmds","No Write Addr Cmds","No Write Responses","Active","Active","Inactive","No Read Data Beats","Stream Beat","Stream Beat","No Write Data Beats"
761,761,0,abb8,1,1,0,65502,1,1,0,0,0000000000000,"INCR",3,00,0,"Data Secure Unprivileged",0,"16 bytes",0,0000000000000,"INCR",0,00,0,"Data Secure Unprivileged",0,"1 byte",0,"EXOKAY",0,00010800000140000050810400010800,00000000000000000000000000000000,0000,2,0,1,0,2,1,0,2,0,1,2,0,1,0,0,0,0,"No Read Addr Cmds","No Write Addr Cmds","No Write Responses","Active","Active","Inactive","No Read Data Beats","Stream Beat","Stream Beat","No Write Data Beats"
762,762,0,f404,1,1,0,65534,1,1,0,0,0000000000000,"INCR",3,00,0,"Data Secure Unprivileged",0,"16 bytes",0,0000000000000,"INCR",0,00,0,"Data Secure Unprivileged",0,"1 byte",0,"EXOKAY",0,00010800000140000050810400010800,00000000000000000000000000000000,0000,2,0,1,0,2,1,0,2,0,1,2,0,1,0,0,0,0,"No Read Addr Cmds","No Write Addr Cmds","No Write Responses","Active","Active","Inactive","No Read Data Beats","Stream Beat","Stream Beat","No Write Data Beats"
763,763,0,8339,1,1,0,65505,1,1,0,0,0000000000000,"INCR",3,00,0,"Data Secure Unprivileged",0,"16 bytes",0,0000000000000,"INCR",0,00,0,"Data Secure Unprivileged",0,"1 byte",0,"EXOKAY",0,00010800000140000050810400010800,00000000000000000000000000000000,0000,2,0,1,0,2,1,0,2,0,1,2,0,1,0,0,0,0,"No Read Addr Cmds","No Write Addr Cmds","No Write Responses","Active","Active","Inactive","No Read Data Beats","Stream Beat","Stream Beat","No Write Data Beats"
764,764,0,cf3b,1,1,0,57,1,1,0,0,0000000000000,"INCR",3,00,0,"Data Secure Unprivileged",0,"16 bytes",0,0000000000000,"INCR",0,00,0,"Data Secure Unprivileged",0,"1 byte",0,"EXOKAY",0,00010800000140000050810400010800,00000000000000000000000000000000,0000,2,0,1,0,2,1,0,2,0,1,2,0,1,0,0,0,0,"No Read Addr Cmds","No Write Addr Cmds","No Write Responses","Active","Active","Inactive","No Read Data Beats","Stream Beat","Stream Beat","No Write Data Beats"
765,765,0,1fd0,1,1,0,65511,1,1,0,0,0000000000000,"INCR",3,00,0,"Data Secure Unprivileged",0,"16 bytes",0,0000000000000,"INCR",0,00,0,"Data Secure Unprivileged",0,"1 byte",0,"EXOKAY",0,00010800000140000050810400010800,00000000000000000000000000000000,0000,2,0,1,0,2,1,0,2,0,1,2,0,1,0,0,0,0,"No Read Addr Cmds","No Write Addr Cmds","No Write Responses","Active","Active","Inactive","No Read Data Beats","Stream Beat","Stream Beat","No Write Data Beats"
766,766,0,b940,1,1,0,65520,1,1,0,0,0000000000000,"INCR",3,00,0,"Data Secure Unprivileged",0,"16 bytes",0,0000000000000,"INCR",0,00,0,"Data Secure Unprivileged",0,"1 byte",0,"EXOKAY",0,00010800000140000050810400010800,00000000000000000000000000000000,0000,2,0,1,0,2,1,0,2,0,1,2,0,1,0,0,0,0,"No Read Addr Cmds","No Write Addr Cmds","No Write Responses","Active","Active","Inactive","No Read Data Beats","Stream Beat","Stream Beat","No Write Data Beats"
767,767,0,ed9a,1,1,0,65515,1,1,0,0,0000000000000,"INCR",3,00,0,"Data Secure Unprivileged",0,"16 bytes",0,0000000000000,"INCR",0,00,0,"Data Secure Unprivileged",0,"1 byte",0,"EXOKAY",0,00010800000140000050810400010800,00000000000000000000000000000000,0000,2,0,1,0,2,1,0,2,0,1,2,0,1,0,0,0,0,"No Read Addr Cmds","No Write Addr Cmds","No Write Responses","Active","Active","Inactive","No Read Data Beats","Stream Beat","Stream Beat","No Write Data Beats"
768,768,0,c37d,1,1,0,18,1,1,0,0,0000000000000,"INCR",3,00,0,"Data Secure Unprivileged",0,"16 bytes",0,0000000000000,"INCR",0,00,0,"Data Secure Unprivileged",0,"1 byte",0,"EXOKAY",0,00010800000140000050810400010800,00000000000000000000000000000000,0000,2,0,1,0,2,1,0,2,0,1,2,0,1,0,0,0,0,"No Read Addr Cmds","No Write Addr Cmds","No Write Responses","Active","Active","Inactive","No Read Data Beats","Stream Beat","Stream Beat","No Write Data Beats"
769,769,0,d930,1,1,0,0,1,1,0,0,0000000000000,"INCR",3,00,0,"Data Secure Unprivileged",0,"16 bytes",0,0000000000000,"INCR",0,00,0,"Data Secure Unprivileged",0,"1 byte",0,"EXOKAY",0,00010800000140000050810400010800,00000000000000000000000000000000,0000,2,0,1,0,2,1,0,2,0,1,2,0,1,0,0,0,0,"No Read Addr Cmds","No Write Addr Cmds","No Write Responses","Active","Active","Inactive","No Read Data Beats","Stream Beat","Stream Beat","No Write Data Beats"
770,770,0,7572,1,1,0,65519,1,1,0,0,0000000000000,"INCR",3,00,0,"Data Secure Unprivileged",0,"16 bytes",0,0000000000000,"INCR",0,00,0,"Data Secure Unprivileged",0,"1 byte",0,"EXOKAY",0,00010800000140000050810400010800,00000000000000000000000000000000,0000,2,0,1,0,2,1,0,2,0,1,2,0,1,0,0,0,0,"No Read Addr Cmds","No Write Addr Cmds","No Write Responses","Active","Active","Inactive","No Read Data Beats","Stream Beat","Stream Beat","No Write Data Beats"
771,771,0,3a29,1,1,0,1,1,1,0,0,0000000000000,"INCR",3,00,0,"Data Secure Unprivileged",0,"16 bytes",0,0000000000000,"INCR",0,00,0,"Data Secure Unprivileged",0,"1 byte",0,"EXOKAY",0,00010800000140000050810400010800,00000000000000000000000000000000,0000,2,0,1,0,2,1,0,2,0,1,2,0,1,0,0,0,0,"No Read Addr Cmds","No Write Addr Cmds","No Write Responses","Active","Active","Inactive","No Read Data Beats","Stream Beat","Stream Beat","No Write Data Beats"
772,772,0,19db,1,1,0,65527,1,1,0,0,0000000000000,"INCR",3,00,0,"Data Secure Unprivileged",0,"16 bytes",0,0000000000000,"INCR",0,00,0,"Data Secure Unprivileged",0,"1 byte",0,"EXOKAY",0,00010800000140000050810400010800,00000000000000000000000000000000,0000,2,0,1,0,2,1,0,2,0,1,2,0,1,0,0,0,0,"No Read Addr Cmds","No Write Addr Cmds","No Write Responses","Active","Active","Inactive","No Read Data Beats","Stream Beat","Stream Beat","No Write Data Beats"
773,773,0,7b91,1,1,0,26,1,1,0,0,0000000000000,"INCR",3,00,0,"Data Secure Unprivileged",0,"16 bytes",0,0000000000000,"INCR",0,00,0,"Data Secure Unprivileged",0,"1 byte",0,"EXOKAY",0,00010800000140000050810400010800,00000000000000000000000000000000,0000,2,0,1,0,2,1,0,2,0,1,2,0,1,0,0,0,0,"No Read Addr Cmds","No Write Addr Cmds","No Write Responses","Active","Active","Inactive","No Read Data Beats","Stream Beat","Stream Beat","No Write Data Beats"
774,774,0,7aec,1,1,0,65517,1,1,0,0,0000000000000,"INCR",3,00,0,"Data Secure Unprivileged",0,"16 bytes",0,0000000000000,"INCR",0,00,0,"Data Secure Unprivileged",0,"1 byte",0,"EXOKAY",0,00010800000140000050810400010800,00000000000000000000000000000000,0000,2,0,1,0,2,1,0,2,0,1,2,0,1,0,0,0,0,"No Read Addr Cmds","No Write Addr Cmds","No Write Responses","Active","Active","Inactive","No Read Data Beats","Stream Beat","Stream Beat","No Write Data Beats"
775,775,0,bca7,1,1,0,65466,1,1,0,0,0000000000000,"INCR",3,00,0,"Data Secure Unprivileged",0,"16 bytes",0,0000000000000,"INCR",0,00,0,"Data Secure Unprivileged",0,"1 byte",0,"EXOKAY",0,00010800000140000050810400010800,00000000000000000000000000000000,0000,2,0,1,0,2,1,0,2,0,1,2,0,1,0,0,0,0,"No Read Addr Cmds","No Write Addr Cmds","No Write Responses","Active","Active","Inactive","No Read Data Beats","Stream Beat","Stream Beat","No Write Data Beats"
776,776,0,ed01,1,1,0,12,1,1,0,0,0000000000000,"INCR",3,00,0,"Data Secure Unprivileged",0,"16 bytes",0,0000000000000,"INCR",0,00,0,"Data Secure Unprivileged",0,"1 byte",0,"EXOKAY",0,00010800000140000050810400010800,00000000000000000000000000000000,0000,2,0,1,0,2,1,0,2,0,1,2,0,1,0,0,0,0,"No Read Addr Cmds","No Write Addr Cmds","No Write Responses","Active","Active","Inactive","No Read Data Beats","Stream Beat","Stream Beat","No Write Data Beats"
777,777,0,31c1,1,1,0,65533,1,1,0,0,0000000000000,"INCR",3,00,0,"Data Secure Unprivileged",0,"16 bytes",0,0000000000000,"INCR",0,00,0,"Data Secure Unprivileged",0,"1 byte",0,"EXOKAY",0,00010800000140000050810400010800,00000000000000000000000000000000,0000,2,0,1,0,2,1,0,2,0,1,2,0,1,0,0,0,0,"No Read Addr Cmds","No Write Addr Cmds","No Write Responses","Active","Active","Inactive","No Read Data Beats","Stream Beat","Stream Beat","No Write Data Beats"
778,778,0,7f4d,1,1,0,65518,1,1,0,0,0000000000000,"INCR",3,00,0,"Data Secure Unprivileged",0,"16 bytes",0,0000000000000,"INCR",0,00,0,"Data Secure Unprivileged",0,"1 byte",0,"EXOKAY",0,00010800000140000050810400010800,00000000000000000000000000000000,0000,2,0,1,0,2,1,0,2,0,1,2,0,1,0,0,0,0,"No Read Addr Cmds","No Write Addr Cmds","No Write Responses","Active","Active","Inactive","No Read Data Beats","Stream Beat","Stream Beat","No Write Data Beats"
779,779,0,fda1,1,1,0,65503,1,1,0,0,0000000000000,"INCR",3,00,0,"Data Secure Unprivileged",0,"16 bytes",0,0000000000000,"INCR",0,00,0,"Data Secure Unprivileged",0,"1 byte",0,"EXOKAY",0,00010800000140000050810400010800,00000000000000000000000000000000,0000,2,0,1,0,2,1,0,2,0,1,2,0,1,0,0,0,0,"No Read Addr Cmds","No Write Addr Cmds","No Write Responses","Active","Active","Inactive","No Read Data Beats","Stream Beat","Stream Beat","No Write Data Beats"
780,780,0,2a8d,1,1,0,1,1,1,0,0,0000000000000,"INCR",3,00,0,"Data Secure Unprivileged",0,"16 bytes",0,0000000000000,"INCR",0,00,0,"Data Secure Unprivileged",0,"1 byte",0,"EXOKAY",0,00010800000140000050810400010800,00000000000000000000000000000000,0000,2,0,1,0,2,1,0,2,0,1,2,0,1,0,0,0,0,"No Read Addr Cmds","No Write Addr Cmds","No Write Responses","Active","Active","Inactive","No Read Data Beats","Stream Beat","Stream Beat","No Write Data Beats"
781,781,0,6c86,1,1,0,65505,1,1,0,0,0000000000000,"INCR",3,00,0,"Data Secure Unprivileged",0,"16 bytes",0,0000000000000,"INCR",0,00,0,"Data Secure Unprivileged",0,"1 byte",0,"EXOKAY",0,00010800000140000050810400010800,00000000000000000000000000000000,0000,2,0,1,0,2,1,0,2,0,1,2,0,1,0,0,0,0,"No Read Addr Cmds","No Write Addr Cmds","No Write Responses","Active","Active","Inactive","No Read Data Beats","Stream Beat","Stream Beat","No Write Data Beats"
782,782,0,2402,1,1,0,52,1,1,0,0,0000000000000,"INCR",3,00,0,"Data Secure Unprivileged",0,"16 bytes",0,0000000000000,"INCR",0,00,0,"Data Secure Unprivileged",0,"1 byte",0,"EXOKAY",0,00010800000140000050810400010800,00000000000000000000000000000000,0000,2,0,1,0,2,1,0,2,0,1,2,0,1,0,0,0,0,"No Read Addr Cmds","No Write Addr Cmds","No Write Responses","Active","Active","Inactive","No Read Data Beats","Stream Beat","Stream Beat","No Write Data Beats"
783,783,0,ffde,1,1,0,41,1,1,0,0,0000000000000,"INCR",3,00,0,"Data Secure Unprivileged",0,"16 bytes",0,0000000000000,"INCR",0,00,0,"Data Secure Unprivileged",0,"1 byte",0,"EXOKAY",0,00010800000140000050810400010800,00000000000000000000000000000000,0000,2,0,1,0,2,1,0,2,0,1,2,0,1,0,0,0,0,"No Read Addr Cmds","No Write Addr Cmds","No Write Responses","Active","Active","Inactive","No Read Data Beats","Stream Beat","Stream Beat","No Write Data Beats"
784,784,0,5a37,1,1,0,65516,1,1,0,0,0000000000000,"INCR",3,00,0,"Data Secure Unprivileged",0,"16 bytes",0,0000000000000,"INCR",0,00,0,"Data Secure Unprivileged",0,"1 byte",0,"EXOKAY",0,00010800000140000050810400010800,00000000000000000000000000000000,0000,2,0,1,0,2,1,0,2,0,1,2,0,1,0,0,0,0,"No Read Addr Cmds","No Write Addr Cmds","No Write Responses","Active","Active","Inactive","No Read Data Beats","Stream Beat","Stream Beat","No Write Data Beats"
785,785,0,5557,1,1,0,15,1,1,0,0,0000000000000,"INCR",3,00,0,"Data Secure Unprivileged",0,"16 bytes",0,0000000000000,"INCR",0,00,0,"Data Secure Unprivileged",0,"1 byte",0,"EXOKAY",0,00010800000140000050810400010800,00000000000000000000000000000000,0000,2,0,1,0,2,1,0,2,0,1,2,0,1,0,0,0,0,"No Read Addr Cmds","No Write Addr Cmds","No Write Responses","Active","Active","Inactive","No Read Data Beats","Stream Beat","Stream Beat","No Write Data Beats"
786,786,0,7ade,1,1,0,65531,1,1,0,0,0000000000000,"INCR",3,00,0,"Data Secure Unprivileged",0,"16 bytes",0,0000000000000,"INCR",0,00,0,"Data Secure Unprivileged",0,"1 byte",0,"EXOKAY",0,00010800000140000050810400010800,00000000000000000000000000000000,0000,2,0,1,0,2,1,0,2,0,1,2,0,1,0,0,0,0,"No Read Addr Cmds","No Write Addr Cmds","No Write Responses","Active","Active","Inactive","No Read Data Beats","Stream Beat","Stream Beat","No Write Data Beats"
787,787,0,34ab,1,1,0,8,1,1,0,0,0000000000000,"INCR",3,00,0,"Data Secure Unprivileged",0,"16 bytes",0,0000000000000,"INCR",0,00,0,"Data Secure Unprivileged",0,"1 byte",0,"EXOKAY",0,00010800000140000050810400010800,00000000000000000000000000000000,0000,2,0,1,0,2,1,0,2,0,1,2,0,1,0,0,0,0,"No Read Addr Cmds","No Write Addr Cmds","No Write Responses","Active","Active","Inactive","No Read Data Beats","Stream Beat","Stream Beat","No Write Data Beats"
788,788,0,fd3f,1,1,0,65498,1,1,0,0,0000000000000,"INCR",3,00,0,"Data Secure Unprivileged",0,"16 bytes",0,0000000000000,"INCR",0,00,0,"Data Secure Unprivileged",0,"1 byte",0,"EXOKAY",0,00010800000140000050810400010800,00000000000000000000000000000000,0000,2,0,1,0,2,1,0,2,0,1,2,0,1,0,0,0,0,"No Read Addr Cmds","No Write Addr Cmds","No Write Responses","Active","Active","Inactive","No Read Data Beats","Stream Beat","Stream Beat","No Write Data Beats"
789,789,0,8037,1,1,0,65479,1,1,0,0,0000000000000,"INCR",3,00,0,"Data Secure Unprivileged",0,"16 bytes",0,0000000000000,"INCR",0,00,0,"Data Secure Unprivileged",0,"1 byte",0,"EXOKAY",0,00010800000140000050810400010800,00000000000000000000000000000000,0000,2,0,1,0,2,1,0,2,0,1,2,0,1,0,0,0,0,"No Read Addr Cmds","No Write Addr Cmds","No Write Responses","Active","Active","Inactive","No Read Data Beats","Stream Beat","Stream Beat","No Write Data Beats"
790,790,0,1599,1,1,0,9,1,1,0,0,0000000000000,"INCR",3,00,0,"Data Secure Unprivileged",0,"16 bytes",0,0000000000000,"INCR",0,00,0,"Data Secure Unprivileged",0,"1 byte",0,"EXOKAY",0,00010800000140000050810400010800,00000000000000000000000000000000,0000,2,0,1,0,2,1,0,2,0,1,2,0,1,0,0,0,0,"No Read Addr Cmds","No Write Addr Cmds","No Write Responses","Active","Active","Inactive","No Read Data Beats","Stream Beat","Stream Beat","No Write Data Beats"
791,791,0,afe9,1,1,0,27,1,1,0,0,0000000000000,"INCR",3,00,0,"Data Secure Unprivileged",0,"16 bytes",0,0000000000000,"INCR",0,00,0,"Data Secure Unprivileged",0,"1 byte",0,"EXOKAY",0,00010800000140000050810400010800,00000000000000000000000000000000,0000,2,0,1,0,2,1,0,2,0,1,2,0,1,0,0,0,0,"No Read Addr Cmds","No Write Addr Cmds","No Write Responses","Active","Active","Inactive","No Read Data Beats","Stream Beat","Stream Beat","No Write Data Beats"
792,792,0,92f4,1,1,0,65515,1,1,0,0,0000000000000,"INCR",3,00,0,"Data Secure Unprivileged",0,"16 bytes",0,0000000000000,"INCR",0,00,0,"Data Secure Unprivileged",0,"1 byte",0,"EXOKAY",0,00010800000140000050810400010800,00000000000000000000000000000000,0000,2,0,1,0,2,1,0,2,0,1,2,0,1,0,0,0,0,"No Read Addr Cmds","No Write Addr Cmds","No Write Responses","Active","Active","Inactive","No Read Data Beats","Stream Beat","Stream Beat","No Write Data Beats"
793,793,0,9c97,1,1,0,15,1,1,0,0,0000000000000,"INCR",3,00,0,"Data Secure Unprivileged",0,"16 bytes",0,0000000000000,"INCR",0,00,0,"Data Secure Unprivileged",0,"1 byte",0,"EXOKAY",0,00010800000140000050810400010800,00000000000000000000000000000000,0000,2,0,1,0,2,1,0,2,0,1,2,0,1,0,0,0,0,"No Read Addr Cmds","No Write Addr Cmds","No Write Responses","Active","Active","Inactive","No Read Data Beats","Stream Beat","Stream Beat","No Write Data Beats"
794,794,0,82e4,1,1,0,65524,1,1,0,0,0000000000000,"INCR",3,00,0,"Data Secure Unprivileged",0,"16 bytes",0,0000000000000,"INCR",0,00,0,"Data Secure Unprivileged",0,"1 byte",0,"EXOKAY",0,00010800000140000050810400010800,00000000000000000000000000000000,0000,2,0,1,0,2,1,0,2,0,1,2,0,1,0,0,0,0,"No Read Addr Cmds","No Write Addr Cmds","No Write Responses","Active","Active","Inactive","No Read Data Beats","Stream Beat","Stream Beat","No Write Data Beats"
795,795,0,9076,1,1,0,65,1,1,0,0,0000000000000,"INCR",3,00,0,"Data Secure Unprivileged",0,"16 bytes",0,0000000000000,"INCR",0,00,0,"Data Secure Unprivileged",0,"1 byte",0,"EXOKAY",0,00010800000140000050810400010800,00000000000000000000000000000000,0000,2,0,1,0,2,1,0,2,0,1,2,0,1,0,0,0,0,"No Read Addr Cmds","No Write Addr Cmds","No Write Responses","Active","Active","Inactive","No Read Data Beats","Stream Beat","Stream Beat","No Write Data Beats"
796,796,0,6e03,1,1,0,26,1,1,0,0,0000000000000,"INCR",3,00,0,"Data Secure Unprivileged",0,"16 bytes",0,0000000000000,"INCR",0,00,0,"Data Secure Unprivileged",0,"1 byte",0,"EXOKAY",0,00010800000140000050810400010800,00000000000000000000000000000000,0000,2,0,1,0,2,1,0,2,0,1,2,0,1,0,0,0,0,"No Read Addr Cmds","No Write Addr Cmds","No Write Responses","Active","Active","Inactive","No Read Data Beats","Stream Beat","Stream Beat","No Write Data Beats"
797,797,0,2674,1,1,0,65533,1,1,0,0,0000000000000,"INCR",3,00,0,"Data Secure Unprivileged",0,"16 bytes",0,0000000000000,"INCR",0,00,0,"Data Secure Unprivileged",0,"1 byte",0,"EXOKAY",0,00010800000140000050810400010800,00000000000000000000000000000000,0000,2,0,1,0,2,1,0,2,0,1,2,0,1,0,0,0,0,"No Read Addr Cmds","No Write Addr Cmds","No Write Responses","Active","Active","Inactive","No Read Data Beats","Stream Beat","Stream Beat","No Write Data Beats"
798,798,0,98e7,1,1,0,17,1,1,0,0,0000000000000,"INCR",3,00,0,"Data Secure Unprivileged",0,"16 bytes",0,0000000000000,"INCR",0,00,0,"Data Secure Unprivileged",0,"1 byte",0,"EXOKAY",0,00010800000140000050810400010800,00000000000000000000000000000000,0000,2,0,1,0,2,1,0,2,0,1,2,0,1,0,0,0,0,"No Read Addr Cmds","No Write Addr Cmds","No Write Responses","Active","Active","Inactive","No Read Data Beats","Stream Beat","Stream Beat","No Write Data Beats"
799,799,0,c651,1,1,0,65506,1,1,0,0,0000000000000,"INCR",3,00,0,"Data Secure Unprivileged",0,"16 bytes",0,0000000000000,"INCR",0,00,0,"Data Secure Unprivileged",0,"1 byte",0,"EXOKAY",0,00010800000140000050810400010800,00000000000000000000000000000000,0000,2,0,1,0,2,1,0,2,0,1,2,0,1,0,0,0,0,"No Read Addr Cmds","No Write Addr Cmds","No Write Responses","Active","Active","Inactive","No Read Data Beats","Stream Beat","Stream Beat","No Write Data Beats"
800,800,0,d106,1,1,0,65531,1,1,0,0,0000000000000,"INCR",3,00,0,"Data Secure Unprivileged",0,"16 bytes",0,0000000000000,"INCR",0,00,0,"Data Secure Unprivileged",0,"1 byte",0,"EXOKAY",0,00010800000140000050810400010800,00000000000000000000000000000000,0000,2,0,1,0,2,1,0,2,0,1,2,0,1,0,0,0,0,"No Read Addr Cmds","No Write Addr Cmds","No Write Responses","Active","Active","Inactive","No Read Data Beats","Stream Beat","Stream Beat","No Write Data Beats"
801,801,0,069a,1,1,0,28,1,1,0,0,0000000000000,"INCR",3,00,0,"Data Secure Unprivileged",0,"16 bytes",0,0000000000000,"INCR",0,00,0,"Data Secure Unprivileged",0,"1 byte",0,"EXOKAY",0,00010800000140000050810400010800,00000000000000000000000000000000,0000,2,0,1,0,2,1,0,2,0,1,2,0,1,0,0,0,0,"No Read Addr Cmds","No Write Addr Cmds","No Write Responses","Active","Active","Inactive","No Read Data Beats","Stream Beat","Stream Beat","No Write Data Beats"
802,802,0,1404,1,1,0,65531,1,1,0,0,0000000000000,"INCR",3,00,0,"Data Secure Unprivileged",0,"16 bytes",0,0000000000000,"INCR",0,00,0,"Data Secure Unprivileged",0,"1 byte",0,"EXOKAY",0,00010800000140000050810400010800,00000000000000000000000000000000,0000,2,0,1,0,2,1,0,2,0,1,2,0,1,0,0,0,0,"No Read Addr Cmds","No Write Addr Cmds","No Write Responses","Active","Active","Inactive","No Read Data Beats","Stream Beat","Stream Beat","No Write Data Beats"
803,803,0,d79a,1,1,0,44,1,1,0,0,0000000000000,"INCR",3,00,0,"Data Secure Unprivileged",0,"16 bytes",0,0000000000000,"INCR",0,00,0,"Data Secure Unprivileged",0,"1 byte",0,"EXOKAY",0,00010800000140000050810400010800,00000000000000000000000000000000,0000,2,0,1,0,2,1,0,2,0,1,2,0,1,0,0,0,0,"No Read Addr Cmds","No Write Addr Cmds","No Write Responses","Active","Active","Inactive","No Read Data Beats","Stream Beat","Stream Beat","No Write Data Beats"
804,804,0,c40d,1,1,0,3,1,1,0,0,0000000000000,"INCR",3,00,0,"Data Secure Unprivileged",0,"16 bytes",0,0000000000000,"INCR",0,00,0,"Data Secure Unprivileged",0,"1 byte",0,"EXOKAY",0,00010800000140000050810400010800,00000000000000000000000000000000,0000,2,0,1,0,2,1,0,2,0,1,2,0,1,0,0,0,0,"No Read Addr Cmds","No Write Addr Cmds","No Write Responses","Active","Active","Inactive","No Read Data Beats","Stream Beat","Stream Beat","No Write Data Beats"
805,805,0,4d64,1,1,0,65505,1,1,0,0,0000000000000,"INCR",3,00,0,"Data Secure Unprivileged",0,"16 bytes",0,0000000000000,"INCR",0,00,0,"Data Secure Unprivileged",0,"1 byte",0,"EXOKAY",0,00010800000140000050810400010800,00000000000000000000000000000000,0000,2,0,1,0,2,1,0,2,0,1,2,0,1,0,0,0,0,"No Read Addr Cmds","No Write Addr Cmds","No Write Responses","Active","Active","Inactive","No Read Data Beats","Stream Beat","Stream Beat","No Write Data Beats"
806,806,0,0915,1,1,0,13,1,1,0,0,0000000000000,"INCR",3,00,0,"Data Secure Unprivileged",0,"16 bytes",0,0000000000000,"INCR",0,00,0,"Data Secure Unprivileged",0,"1 byte",0,"EXOKAY",0,00010800000140000050810400010800,00000000000000000000000000000000,0000,2,0,1,0,2,1,0,2,0,1,2,0,1,0,0,0,0,"No Read Addr Cmds","No Write Addr Cmds","No Write Responses","Active","Active","Inactive","No Read Data Beats","Stream Beat","Stream Beat","No Write Data Beats"
807,807,0,00be,1,1,0,65526,1,1,0,0,0000000000000,"INCR",3,00,0,"Data Secure Unprivileged",0,"16 bytes",0,0000000000000,"INCR",0,00,0,"Data Secure Unprivileged",0,"1 byte",0,"EXOKAY",0,00010800000140000050810400010800,00000000000000000000000000000000,0000,2,0,1,0,2,1,0,2,0,1,2,0,1,0,0,0,0,"No Read Addr Cmds","No Write Addr Cmds","No Write Responses","Active","Active","Inactive","No Read Data Beats","Stream Beat","Stream Beat","No Write Data Beats"
808,808,0,4eb9,1,1,0,65531,1,1,0,0,0000000000000,"INCR",3,00,0,"Data Secure Unprivileged",0,"16 bytes",0,0000000000000,"INCR",0,00,0,"Data Secure Unprivileged",0,"1 byte",0,"EXOKAY",0,00010800000140000050810400010800,00000000000000000000000000000000,0000,2,0,1,0,2,1,0,2,0,1,2,0,1,0,0,0,0,"No Read Addr Cmds","No Write Addr Cmds","No Write Responses","Active","Active","Inactive","No Read Data Beats","Stream Beat","Stream Beat","No Write Data Beats"
809,809,0,3a44,1,1,0,18,1,1,0,0,0000000000000,"INCR",3,00,0,"Data Secure Unprivileged",0,"16 bytes",0,0000000000000,"INCR",0,00,0,"Data Secure Unprivileged",0,"1 byte",0,"EXOKAY",0,00010800000140000050810400010800,00000000000000000000000000000000,0000,2,0,1,0,2,1,0,2,0,1,2,0,1,0,0,0,0,"No Read Addr Cmds","No Write Addr Cmds","No Write Responses","Active","Active","Inactive","No Read Data Beats","Stream Beat","Stream Beat","No Write Data Beats"
810,810,0,2fb1,1,1,0,65517,1,1,0,0,0000000000000,"INCR",3,00,0,"Data Secure Unprivileged",0,"16 bytes",0,0000000000000,"INCR",0,00,0,"Data Secure Unprivileged",0,"1 byte",0,"EXOKAY",0,00010800000140000050810400010800,00000000000000000000000000000000,0000,2,0,1,0,2,1,0,2,0,1,2,0,1,0,0,0,0,"No Read Addr Cmds","No Write Addr Cmds","No Write Responses","Active","Active","Inactive","No Read Data Beats","Stream Beat","Stream Beat","No Write Data Beats"
811,811,0,92e2,1,1,0,65521,1,1,0,0,0000000000000,"INCR",3,00,0,"Data Secure Unprivileged",0,"16 bytes",0,0000000000000,"INCR",0,00,0,"Data Secure Unprivileged",0,"1 byte",0,"EXOKAY",0,00010800000140000050810400010800,00000000000000000000000000000000,0000,2,0,1,0,2,1,0,2,0,1,2,0,1,0,0,0,0,"No Read Addr Cmds","No Write Addr Cmds","No Write Responses","Active","Active","Inactive","No Read Data Beats","Stream Beat","Stream Beat","No Write Data Beats"
812,812,0,dffd,1,1,0,1,1,1,0,0,0000000000000,"INCR",3,00,0,"Data Secure Unprivileged",0,"16 bytes",0,0000000000000,"INCR",0,00,0,"Data Secure Unprivileged",0,"1 byte",0,"EXOKAY",0,00010800000140000050810400010800,00000000000000000000000000000000,0000,2,0,1,0,2,1,0,2,0,1,2,0,1,0,0,0,0,"No Read Addr Cmds","No Write Addr Cmds","No Write Responses","Active","Active","Inactive","No Read Data Beats","Stream Beat","Stream Beat","No Write Data Beats"
813,813,0,7bc0,1,1,0,65532,1,1,0,0,0000000000000,"INCR",3,00,0,"Data Secure Unprivileged",0,"16 bytes",0,0000000000000,"INCR",0,00,0,"Data Secure Unprivileged",0,"1 byte",0,"EXOKAY",0,00010800000140000050810400010800,00000000000000000000000000000000,0000,2,0,1,0,2,1,0,2,0,1,2,0,1,0,0,0,0,"No Read Addr Cmds","No Write Addr Cmds","No Write Responses","Active","Active","Inactive","No Read Data Beats","Stream Beat","Stream Beat","No Write Data Beats"
814,814,0,50e1,1,1,0,65533,1,1,0,0,0000000000000,"INCR",3,00,0,"Data Secure Unprivileged",0,"16 bytes",0,0000000000000,"INCR",0,00,0,"Data Secure Unprivileged",0,"1 byte",0,"EXOKAY",0,00010800000140000050810400010800,00000000000000000000000000000000,0000,2,0,1,0,2,1,0,2,0,1,2,0,1,0,0,0,0,"No Read Addr Cmds","No Write Addr Cmds","No Write Responses","Active","Active","Inactive","No Read Data Beats","Stream Beat","Stream Beat","No Write Data Beats"
815,815,0,2577,1,1,0,10,1,1,0,0,0000000000000,"INCR",3,00,0,"Data Secure Unprivileged",0,"16 bytes",0,0000000000000,"INCR",0,00,0,"Data Secure Unprivileged",0,"1 byte",0,"EXOKAY",0,00010800000140000050810400010800,00000000000000000000000000000000,0000,2,0,1,0,2,1,0,2,0,1,2,0,1,0,0,0,0,"No Read Addr Cmds","No Write Addr Cmds","No Write Responses","Active","Active","Inactive","No Read Data Beats","Stream Beat","Stream Beat","No Write Data Beats"
816,816,0,9503,1,1,0,37,1,1,0,0,0000000000000,"INCR",3,00,0,"Data Secure Unprivileged",0,"16 bytes",0,0000000000000,"INCR",0,00,0,"Data Secure Unprivileged",0,"1 byte",0,"EXOKAY",0,00010800000140000050810400010800,00000000000000000000000000000000,0000,2,0,1,0,2,1,0,2,0,1,2,0,1,0,0,0,0,"No Read Addr Cmds","No Write Addr Cmds","No Write Responses","Active","Active","Inactive","No Read Data Beats","Stream Beat","Stream Beat","No Write Data Beats"
817,817,0,05b9,1,1,0,65520,1,1,0,0,0000000000000,"INCR",3,00,0,"Data Secure Unprivileged",0,"16 bytes",0,0000000000000,"INCR",0,00,0,"Data Secure Unprivileged",0,"1 byte",0,"EXOKAY",0,00010800000140000050810400010800,00000000000000000000000000000000,0000,2,0,1,0,2,1,0,2,0,1,2,0,1,0,0,0,0,"No Read Addr Cmds","No Write Addr Cmds","No Write Responses","Active","Active","Inactive","No Read Data Beats","Stream Beat","Stream Beat","No Write Data Beats"
818,818,0,f0a8,1,1,0,65516,1,1,0,0,0000000000000,"INCR",3,00,0,"Data Secure Unprivileged",0,"16 bytes",0,0000000000000,"INCR",0,00,0,"Data Secure Unprivileged",0,"1 byte",0,"EXOKAY",0,00010800000140000050810400010800,00000000000000000000000000000000,0000,2,0,1,0,2,1,0,2,0,1,2,0,1,0,0,0,0,"No Read Addr Cmds","No Write Addr Cmds","No Write Responses","Active","Active","Inactive","No Read Data Beats","Stream Beat","Stream Beat","No Write Data Beats"
819,819,0,6f2c,1,1,0,65508,1,1,0,0,0000000000000,"INCR",3,00,0,"Data Secure Unprivileged",0,"16 bytes",0,0000000000000,"INCR",0,00,0,"Data Secure Unprivileged",0,"1 byte",0,"EXOKAY",0,00010800000140000050810400010800,00000000000000000000000000000000,0000,2,0,1,0,2,1,0,2,0,1,2,0,1,0,0,0,0,"No Read Addr Cmds","No Write Addr Cmds","No Write Responses","Active","Active","Inactive","No Read Data Beats","Stream Beat","Stream Beat","No Write Data Beats"
820,820,0,d37d,1,1,0,65530,1,1,0,0,0000000000000,"INCR",3,00,0,"Data Secure Unprivileged",0,"16 bytes",0,0000000000000,"INCR",0,00,0,"Data Secure Unprivileged",0,"1 byte",0,"EXOKAY",0,00010800000140000050810400010800,00000000000000000000000000000000,0000,2,0,1,0,2,1,0,2,0,1,2,0,1,0,0,0,0,"No Read Addr Cmds","No Write Addr Cmds","No Write Responses","Active","Active","Inactive","No Read Data Beats","Stream Beat","Stream Beat","No Write Data Beats"
821,821,0,0382,1,1,0,28,1,1,0,0,0000000000000,"INCR",3,00,0,"Data Secure Unprivileged",0,"16 bytes",0,0000000000000,"INCR",0,00,0,"Data Secure Unprivileged",0,"1 byte",0,"EXOKAY",0,00010800000140000050810400010800,00000000000000000000000000000000,0000,2,0,1,0,2,1,0,2,0,1,2,0,1,0,0,0,0,"No Read Addr Cmds","No Write Addr Cmds","No Write Responses","Active","Active","Inactive","No Read Data Beats","Stream Beat","Stream Beat","No Write Data Beats"
822,822,0,e6b3,1,1,0,5,1,1,0,0,0000000000000,"INCR",3,00,0,"Data Secure Unprivileged",0,"16 bytes",0,0000000000000,"INCR",0,00,0,"Data Secure Unprivileged",0,"1 byte",0,"EXOKAY",0,00010800000140000050810400010800,00000000000000000000000000000000,0000,2,0,1,0,2,1,0,2,0,1,2,0,1,0,0,0,0,"No Read Addr Cmds","No Write Addr Cmds","No Write Responses","Active","Active","Inactive","No Read Data Beats","Stream Beat","Stream Beat","No Write Data Beats"
823,823,0,a139,1,1,0,6,1,1,0,0,0000000000000,"INCR",3,00,0,"Data Secure Unprivileged",0,"16 bytes",0,0000000000000,"INCR",0,00,0,"Data Secure Unprivileged",0,"1 byte",0,"EXOKAY",0,00010800000140000050810400010800,00000000000000000000000000000000,0000,2,0,1,0,2,1,0,2,0,1,2,0,1,0,0,0,0,"No Read Addr Cmds","No Write Addr Cmds","No Write Responses","Active","Active","Inactive","No Read Data Beats","Stream Beat","Stream Beat","No Write Data Beats"
824,824,0,31e4,1,1,0,27,1,1,0,0,0000000000000,"INCR",3,00,0,"Data Secure Unprivileged",0,"16 bytes",0,0000000000000,"INCR",0,00,0,"Data Secure Unprivileged",0,"1 byte",0,"EXOKAY",0,00010800000140000050810400010800,00000000000000000000000000000000,0000,2,0,1,0,2,1,0,2,0,1,2,0,1,0,0,0,0,"No Read Addr Cmds","No Write Addr Cmds","No Write Responses","Active","Active","Inactive","No Read Data Beats","Stream Beat","Stream Beat","No Write Data Beats"
825,825,0,bdad,1,1,0,65504,1,1,0,0,0000000000000,"INCR",3,00,0,"Data Secure Unprivileged",0,"16 bytes",0,0000000000000,"INCR",0,00,0,"Data Secure Unprivileged",0,"1 byte",0,"EXOKAY",0,00010800000140000050810400010800,00000000000000000000000000000000,0000,2,0,1,0,2,1,0,2,0,1,2,0,1,0,0,0,0,"No Read Addr Cmds","No Write Addr Cmds","No Write Responses","Active","Active","Inactive","No Read Data Beats","Stream Beat","Stream Beat","No Write Data Beats"
826,826,0,4c8f,1,1,0,65527,1,1,0,0,0000000000000,"INCR",3,00,0,"Data Secure Unprivileged",0,"16 bytes",0,0000000000000,"INCR",0,00,0,"Data Secure Unprivileged",0,"1 byte",0,"EXOKAY",0,00010800000140000050810400010800,00000000000000000000000000000000,0000,2,0,1,0,2,1,0,2,0,1,2,0,1,0,0,0,0,"No Read Addr Cmds","No Write Addr Cmds","No Write Responses","Active","Active","Inactive","No Read Data Beats","Stream Beat","Stream Beat","No Write Data Beats"
827,827,0,0368,1,1,0,65517,1,1,0,0,0000000000000,"INCR",3,00,0,"Data Secure Unprivileged",0,"16 bytes",0,0000000000000,"INCR",0,00,0,"Data Secure Unprivileged",0,"1 byte",0,"EXOKAY",0,00010800000140000050810400010800,00000000000000000000000000000000,0000,2,0,1,0,2,1,0,2,0,1,2,0,1,0,0,0,0,"No Read Addr Cmds","No Write Addr Cmds","No Write Responses","Active","Active","Inactive","No Read Data Beats","Stream Beat","Stream Beat","No Write Data Beats"
828,828,0,8ef5,1,1,0,65520,1,1,0,0,0000000000000,"INCR",3,00,0,"Data Secure Unprivileged",0,"16 bytes",0,0000000000000,"INCR",0,00,0,"Data Secure Unprivileged",0,"1 byte",0,"EXOKAY",0,00010800000140000050810400010800,00000000000000000000000000000000,0000,2,0,1,0,2,1,0,2,0,1,2,0,1,0,0,0,0,"No Read Addr Cmds","No Write Addr Cmds","No Write Responses","Active","Active","Inactive","No Read Data Beats","Stream Beat","Stream Beat","No Write Data Beats"
829,829,0,edb4,1,1,0,65460,1,1,0,0,0000000000000,"INCR",3,00,0,"Data Secure Unprivileged",0,"16 bytes",0,0000000000000,"INCR",0,00,0,"Data Secure Unprivileged",0,"1 byte",0,"EXOKAY",0,00010800000140000050810400010800,00000000000000000000000000000000,0000,2,0,1,0,2,1,0,2,0,1,2,0,1,0,0,0,0,"No Read Addr Cmds","No Write Addr Cmds","No Write Responses","Active","Active","Inactive","No Read Data Beats","Stream Beat","Stream Beat","No Write Data Beats"
830,830,0,34bd,1,1,0,10,1,1,0,0,0000000000000,"INCR",3,00,0,"Data Secure Unprivileged",0,"16 bytes",0,0000000000000,"INCR",0,00,0,"Data Secure Unprivileged",0,"1 byte",0,"EXOKAY",0,00010800000140000050810400010800,00000000000000000000000000000000,0000,2,0,1,0,2,1,0,2,0,1,2,0,1,0,0,0,0,"No Read Addr Cmds","No Write Addr Cmds","No Write Responses","Active","Active","Inactive","No Read Data Beats","Stream Beat","Stream Beat","No Write Data Beats"
831,831,0,1298,1,1,0,8,1,1,0,0,0000000000000,"INCR",3,00,0,"Data Secure Unprivileged",0,"16 bytes",0,0000000000000,"INCR",0,00,0,"Data Secure Unprivileged",0,"1 byte",0,"EXOKAY",0,00010800000140000050810400010800,00000000000000000000000000000000,0000,2,0,1,0,2,1,0,2,0,1,2,0,1,0,0,0,0,"No Read Addr Cmds","No Write Addr Cmds","No Write Responses","Active","Active","Inactive","No Read Data Beats","Stream Beat","Stream Beat","No Write Data Beats"
832,832,0,1aac,1,1,0,36,1,1,0,0,0000000000000,"INCR",3,00,0,"Data Secure Unprivileged",0,"16 bytes",0,0000000000000,"INCR",0,00,0,"Data Secure Unprivileged",0,"1 byte",0,"EXOKAY",0,00010800000140000050810400010800,00000000000000000000000000000000,0000,2,0,1,0,2,1,0,2,0,1,2,0,1,0,0,0,0,"No Read Addr Cmds","No Write Addr Cmds","No Write Responses","Active","Active","Inactive","No Read Data Beats","Stream Beat","Stream Beat","No Write Data Beats"
833,833,0,1c7b,1,1,0,65515,1,1,0,0,0000000000000,"INCR",3,00,0,"Data Secure Unprivileged",0,"16 bytes",0,0000000000000,"INCR",0,00,0,"Data Secure Unprivileged",0,"1 byte",0,"EXOKAY",0,00010800000140000050810400010800,00000000000000000000000000000000,0000,2,0,1,0,2,1,0,2,0,1,2,0,1,0,0,0,0,"No Read Addr Cmds","No Write Addr Cmds","No Write Responses","Active","Active","Inactive","No Read Data Beats","Stream Beat","Stream Beat","No Write Data Beats"
834,834,0,c7b8,1,1,0,16,1,1,0,0,0000000000000,"INCR",3,00,0,"Data Secure Unprivileged",0,"16 bytes",0,0000000000000,"INCR",0,00,0,"Data Secure Unprivileged",0,"1 byte",0,"EXOKAY",0,00010800000140000050810400010800,00000000000000000000000000000000,0000,2,0,1,0,2,1,0,2,0,1,2,0,1,0,0,0,0,"No Read Addr Cmds","No Write Addr Cmds","No Write Responses","Active","Active","Inactive","No Read Data Beats","Stream Beat","Stream Beat","No Write Data Beats"
835,835,0,a913,1,1,0,65498,1,1,0,0,0000000000000,"INCR",3,00,0,"Data Secure Unprivileged",0,"16 bytes",0,0000000000000,"INCR",0,00,0,"Data Secure Unprivileged",0,"1 byte",0,"EXOKAY",0,00010800000140000050810400010800,00000000000000000000000000000000,0000,2,0,1,0,2,1,0,2,0,1,2,0,1,0,0,0,0,"No Read Addr Cmds","No Write Addr Cmds","No Write Responses","Active","Active","Inactive","No Read Data Beats","Stream Beat","Stream Beat","No Write Data Beats"
836,836,0,79bc,1,1,0,65506,1,1,0,0,0000000000000,"INCR",3,00,0,"Data Secure Unprivileged",0,"16 bytes",0,0000000000000,"INCR",0,00,0,"Data Secure Unprivileged",0,"1 byte",0,"EXOKAY",0,00010800000140000050810400010800,00000000000000000000000000000000,0000,2,0,1,0,2,1,0,2,0,1,2,0,1,0,0,0,0,"No Read Addr Cmds","No Write Addr Cmds","No Write Responses","Active","Active","Inactive","No Read Data Beats","Stream Beat","Stream Beat","No Write Data Beats"
837,837,0,e159,1,1,0,65522,1,1,0,0,0000000000000,"INCR",3,00,0,"Data Secure Unprivileged",0,"16 bytes",0,0000000000000,"INCR",0,00,0,"Data Secure Unprivileged",0,"1 byte",0,"EXOKAY",0,00010800000140000050810400010800,00000000000000000000000000000000,0000,2,0,1,0,2,1,0,2,0,1,2,0,1,0,0,0,0,"No Read Addr Cmds","No Write Addr Cmds","No Write Responses","Active","Active","Inactive","No Read Data Beats","Stream Beat","Stream Beat","No Write Data Beats"
838,838,0,4879,1,1,0,65527,1,1,0,0,0000000000000,"INCR",3,00,0,"Data Secure Unprivileged",0,"16 bytes",0,0000000000000,"INCR",0,00,0,"Data Secure Unprivileged",0,"1 byte",0,"EXOKAY",0,00010800000140000050810400010800,00000000000000000000000000000000,0000,2,0,1,0,2,1,0,2,0,1,2,0,1,0,0,0,0,"No Read Addr Cmds","No Write Addr Cmds","No Write Responses","Active","Active","Inactive","No Read Data Beats","Stream Beat","Stream Beat","No Write Data Beats"
839,839,0,41a7,1,1,0,3,1,1,0,0,0000000000000,"INCR",3,00,0,"Data Secure Unprivileged",0,"16 bytes",0,0000000000000,"INCR",0,00,0,"Data Secure Unprivileged",0,"1 byte",0,"EXOKAY",0,00010800000140000050810400010800,00000000000000000000000000000000,0000,2,0,1,0,2,1,0,2,0,1,2,0,1,0,0,0,0,"No Read Addr Cmds","No Write Addr Cmds","No Write Responses","Active","Active","Inactive","No Read Data Beats","Stream Beat","Stream Beat","No Write Data Beats"
840,840,0,ccd9,1,1,0,65489,1,1,0,0,0000000000000,"INCR",3,00,0,"Data Secure Unprivileged",0,"16 bytes",0,0000000000000,"INCR",0,00,0,"Data Secure Unprivileged",0,"1 byte",0,"EXOKAY",0,00010800000140000050810400010800,00000000000000000000000000000000,0000,2,0,1,0,2,1,0,2,0,1,2,0,1,0,0,0,0,"No Read Addr Cmds","No Write Addr Cmds","No Write Responses","Active","Active","Inactive","No Read Data Beats","Stream Beat","Stream Beat","No Write Data Beats"
841,841,0,6c30,1,1,0,23,1,1,0,0,0000000000000,"INCR",3,00,0,"Data Secure Unprivileged",0,"16 bytes",0,0000000000000,"INCR",0,00,0,"Data Secure Unprivileged",0,"1 byte",0,"EXOKAY",0,00010800000140000050810400010800,00000000000000000000000000000000,0000,2,0,1,0,2,1,0,2,0,1,2,0,1,0,0,0,0,"No Read Addr Cmds","No Write Addr Cmds","No Write Responses","Active","Active","Inactive","No Read Data Beats","Stream Beat","Stream Beat","No Write Data Beats"
842,842,0,dc0d,1,1,0,13,1,1,0,0,0000000000000,"INCR",3,00,0,"Data Secure Unprivileged",0,"16 bytes",0,0000000000000,"INCR",0,00,0,"Data Secure Unprivileged",0,"1 byte",0,"EXOKAY",0,00010800000140000050810400010800,00000000000000000000000000000000,0000,2,0,1,0,2,1,0,2,0,1,2,0,1,0,0,0,0,"No Read Addr Cmds","No Write Addr Cmds","No Write Responses","Active","Active","Inactive","No Read Data Beats","Stream Beat","Stream Beat","No Write Data Beats"
843,843,0,fa1b,1,1,0,8,1,1,0,0,0000000000000,"INCR",3,00,0,"Data Secure Unprivileged",0,"16 bytes",0,0000000000000,"INCR",0,00,0,"Data Secure Unprivileged",0,"1 byte",0,"EXOKAY",0,00010800000140000050810400010800,00000000000000000000000000000000,0000,2,0,1,0,2,1,0,2,0,1,2,0,1,0,0,0,0,"No Read Addr Cmds","No Write Addr Cmds","No Write Responses","Active","Active","Inactive","No Read Data Beats","Stream Beat","Stream Beat","No Write Data Beats"
844,844,0,8a9d,1,1,0,65510,1,1,0,0,0000000000000,"INCR",3,00,0,"Data Secure Unprivileged",0,"16 bytes",0,0000000000000,"INCR",0,00,0,"Data Secure Unprivileged",0,"1 byte",0,"EXOKAY",0,00010800000140000050810400010800,00000000000000000000000000000000,0000,2,0,1,0,2,1,0,2,0,1,2,0,1,0,0,0,0,"No Read Addr Cmds","No Write Addr Cmds","No Write Responses","Active","Active","Inactive","No Read Data Beats","Stream Beat","Stream Beat","No Write Data Beats"
845,845,0,625c,1,1,0,24,1,1,0,0,0000000000000,"INCR",3,00,0,"Data Secure Unprivileged",0,"16 bytes",0,0000000000000,"INCR",0,00,0,"Data Secure Unprivileged",0,"1 byte",0,"EXOKAY",0,00010800000140000050810400010800,00000000000000000000000000000000,0000,2,0,1,0,2,1,0,2,0,1,2,0,1,0,0,0,0,"No Read Addr Cmds","No Write Addr Cmds","No Write Responses","Active","Active","Inactive","No Read Data Beats","Stream Beat","Stream Beat","No Write Data Beats"
846,846,0,a503,1,1,0,65518,1,1,0,0,0000000000000,"INCR",3,00,0,"Data Secure Unprivileged",0,"16 bytes",0,0000000000000,"INCR",0,00,0,"Data Secure Unprivileged",0,"1 byte",0,"EXOKAY",0,00010800000140000050810400010800,00000000000000000000000000000000,0000,2,0,1,0,2,1,0,2,0,1,2,0,1,0,0,0,0,"No Read Addr Cmds","No Write Addr Cmds","No Write Responses","Active","Active","Inactive","No Read Data Beats","Stream Beat","Stream Beat","No Write Data Beats"
847,847,0,e37f,1,1,0,26,1,1,0,0,0000000000000,"INCR",3,00,0,"Data Secure Unprivileged",0,"16 bytes",0,0000000000000,"INCR",0,00,0,"Data Secure Unprivileged",0,"1 byte",0,"EXOKAY",0,00010800000140000050810400010800,00000000000000000000000000000000,0000,2,0,1,0,2,1,0,2,0,1,2,0,1,0,0,0,0,"No Read Addr Cmds","No Write Addr Cmds","No Write Responses","Active","Active","Inactive","No Read Data Beats","Stream Beat","Stream Beat","No Write Data Beats"
848,848,0,7c57,1,1,0,65529,1,1,0,0,0000000000000,"INCR",3,00,0,"Data Secure Unprivileged",0,"16 bytes",0,0000000000000,"INCR",0,00,0,"Data Secure Unprivileged",0,"1 byte",0,"EXOKAY",0,00010800000140000050810400010800,00000000000000000000000000000000,0000,2,0,1,0,2,1,0,2,0,1,2,0,1,0,0,0,0,"No Read Addr Cmds","No Write Addr Cmds","No Write Responses","Active","Active","Inactive","No Read Data Beats","Stream Beat","Stream Beat","No Write Data Beats"
849,849,0,a9d5,1,1,0,65506,1,1,0,0,0000000000000,"INCR",3,00,0,"Data Secure Unprivileged",0,"16 bytes",0,0000000000000,"INCR",0,00,0,"Data Secure Unprivileged",0,"1 byte",0,"EXOKAY",0,00010800000140000050810400010800,00000000000000000000000000000000,0000,2,0,1,0,2,1,0,2,0,1,2,0,1,0,0,0,0,"No Read Addr Cmds","No Write Addr Cmds","No Write Responses","Active","Active","Inactive","No Read Data Beats","Stream Beat","Stream Beat","No Write Data Beats"
850,850,0,0b5f,1,1,0,62,1,1,0,0,0000000000000,"INCR",3,00,0,"Data Secure Unprivileged",0,"16 bytes",0,0000000000000,"INCR",0,00,0,"Data Secure Unprivileged",0,"1 byte",0,"EXOKAY",0,00010800000140000050810400010800,00000000000000000000000000000000,0000,2,0,1,0,2,1,0,2,0,1,2,0,1,0,0,0,0,"No Read Addr Cmds","No Write Addr Cmds","No Write Responses","Active","Active","Inactive","No Read Data Beats","Stream Beat","Stream Beat","No Write Data Beats"
851,851,0,6fc6,1,1,0,65519,1,1,0,0,0000000000000,"INCR",3,00,0,"Data Secure Unprivileged",0,"16 bytes",0,0000000000000,"INCR",0,00,0,"Data Secure Unprivileged",0,"1 byte",0,"EXOKAY",0,00010800000140000050810400010800,00000000000000000000000000000000,0000,2,0,1,0,2,1,0,2,0,1,2,0,1,0,0,0,0,"No Read Addr Cmds","No Write Addr Cmds","No Write Responses","Active","Active","Inactive","No Read Data Beats","Stream Beat","Stream Beat","No Write Data Beats"
852,852,0,1d1c,1,1,0,15,1,1,0,0,0000000000000,"INCR",3,00,0,"Data Secure Unprivileged",0,"16 bytes",0,0000000000000,"INCR",0,00,0,"Data Secure Unprivileged",0,"1 byte",0,"EXOKAY",0,00010800000140000050810400010800,00000000000000000000000000000000,0000,2,0,1,0,2,1,0,2,0,1,2,0,1,0,0,0,0,"No Read Addr Cmds","No Write Addr Cmds","No Write Responses","Active","Active","Inactive","No Read Data Beats","Stream Beat","Stream Beat","No Write Data Beats"
853,853,0,eaa8,1,1,0,38,1,1,0,0,0000000000000,"INCR",3,00,0,"Data Secure Unprivileged",0,"16 bytes",0,0000000000000,"INCR",0,00,0,"Data Secure Unprivileged",0,"1 byte",0,"EXOKAY",0,00010800000140000050810400010800,00000000000000000000000000000000,0000,2,0,1,0,2,1,0,2,0,1,2,0,1,0,0,0,0,"No Read Addr Cmds","No Write Addr Cmds","No Write Responses","Active","Active","Inactive","No Read Data Beats","Stream Beat","Stream Beat","No Write Data Beats"
854,854,0,e66c,1,1,0,65527,1,1,0,0,0000000000000,"INCR",3,00,0,"Data Secure Unprivileged",0,"16 bytes",0,0000000000000,"INCR",0,00,0,"Data Secure Unprivileged",0,"1 byte",0,"EXOKAY",0,00010800000140000050810400010800,00000000000000000000000000000000,0000,2,0,1,0,2,1,0,2,0,1,2,0,1,0,0,0,0,"No Read Addr Cmds","No Write Addr Cmds","No Write Responses","Active","Active","Inactive","No Read Data Beats","Stream Beat","Stream Beat","No Write Data Beats"
855,855,0,98e3,1,1,0,18,1,1,0,0,0000000000000,"INCR",3,00,0,"Data Secure Unprivileged",0,"16 bytes",0,0000000000000,"INCR",0,00,0,"Data Secure Unprivileged",0,"1 byte",0,"EXOKAY",0,00010800000140000050810400010800,00000000000000000000000000000000,0000,2,0,1,0,2,1,0,2,0,1,2,0,1,0,0,0,0,"No Read Addr Cmds","No Write Addr Cmds","No Write Responses","Active","Active","Inactive","No Read Data Beats","Stream Beat","Stream Beat","No Write Data Beats"
856,856,0,6e85,1,1,0,52,1,1,0,0,0000000000000,"INCR",3,00,0,"Data Secure Unprivileged",0,"16 bytes",0,0000000000000,"INCR",0,00,0,"Data Secure Unprivileged",0,"1 byte",0,"EXOKAY",0,00010800000140000050810400010800,00000000000000000000000000000000,0000,2,0,1,0,2,1,0,2,0,1,2,0,1,0,0,0,0,"No Read Addr Cmds","No Write Addr Cmds","No Write Responses","Active","Active","Inactive","No Read Data Beats","Stream Beat","Stream Beat","No Write Data Beats"
857,857,0,59e6,1,1,0,11,1,1,0,0,0000000000000,"INCR",3,00,0,"Data Secure Unprivileged",0,"16 bytes",0,0000000000000,"INCR",0,00,0,"Data Secure Unprivileged",0,"1 byte",0,"EXOKAY",0,00010800000140000050810400010800,00000000000000000000000000000000,0000,2,0,1,0,2,1,0,2,0,1,2,0,1,0,0,0,0,"No Read Addr Cmds","No Write Addr Cmds","No Write Responses","Active","Active","Inactive","No Read Data Beats","Stream Beat","Stream Beat","No Write Data Beats"
858,858,0,5300,1,1,0,36,1,1,0,0,0000000000000,"INCR",3,00,0,"Data Secure Unprivileged",0,"16 bytes",0,0000000000000,"INCR",0,00,0,"Data Secure Unprivileged",0,"1 byte",0,"EXOKAY",0,00010800000140000050810400010800,00000000000000000000000000000000,0000,2,0,1,0,2,1,0,2,0,1,2,0,1,0,0,0,0,"No Read Addr Cmds","No Write Addr Cmds","No Write Responses","Active","Active","Inactive","No Read Data Beats","Stream Beat","Stream Beat","No Write Data Beats"
859,859,0,7df0,1,1,0,38,1,1,0,0,0000000000000,"INCR",3,00,0,"Data Secure Unprivileged",0,"16 bytes",0,0000000000000,"INCR",0,00,0,"Data Secure Unprivileged",0,"1 byte",0,"EXOKAY",0,00010800000140000050810400010800,00000000000000000000000000000000,0000,2,0,1,0,2,1,0,2,0,1,2,0,1,0,0,0,0,"No Read Addr Cmds","No Write Addr Cmds","No Write Responses","Active","Active","Inactive","No Read Data Beats","Stream Beat","Stream Beat","No Write Data Beats"
860,860,0,0e1b,1,1,0,56,1,1,0,0,0000000000000,"INCR",3,00,0,"Data Secure Unprivileged",0,"16 bytes",0,0000000000000,"INCR",0,00,0,"Data Secure Unprivileged",0,"1 byte",0,"EXOKAY",0,00010800000140000050810400010800,00000000000000000000000000000000,0000,2,0,1,0,2,1,0,2,0,1,2,0,1,0,0,0,0,"No Read Addr Cmds","No Write Addr Cmds","No Write Responses","Active","Active","Inactive","No Read Data Beats","Stream Beat","Stream Beat","No Write Data Beats"
861,861,0,7863,1,1,0,65499,1,1,0,0,0000000000000,"INCR",3,00,0,"Data Secure Unprivileged",0,"16 bytes",0,0000000000000,"INCR",0,00,0,"Data Secure Unprivileged",0,"1 byte",0,"EXOKAY",0,00010800000140000050810400010800,00000000000000000000000000000000,0000,2,0,1,0,2,1,0,2,0,1,2,0,1,0,0,0,0,"No Read Addr Cmds","No Write Addr Cmds","No Write Responses","Active","Active","Inactive","No Read Data Beats","Stream Beat","Stream Beat","No Write Data Beats"
862,862,0,57ef,1,1,0,3,1,1,0,0,0000000000000,"INCR",3,00,0,"Data Secure Unprivileged",0,"16 bytes",0,0000000000000,"INCR",0,00,0,"Data Secure Unprivileged",0,"1 byte",0,"EXOKAY",0,00010800000140000050810400010800,00000000000000000000000000000000,0000,2,0,1,0,2,1,0,2,0,1,2,0,1,0,0,0,0,"No Read Addr Cmds","No Write Addr Cmds","No Write Responses","Active","Active","Inactive","No Read Data Beats","Stream Beat","Stream Beat","No Write Data Beats"
863,863,0,19ae,1,1,0,65531,1,1,0,0,0000000000000,"INCR",3,00,0,"Data Secure Unprivileged",0,"16 bytes",0,0000000000000,"INCR",0,00,0,"Data Secure Unprivileged",0,"1 byte",0,"EXOKAY",0,00010800000140000050810400010800,00000000000000000000000000000000,0000,2,0,1,0,2,1,0,2,0,1,2,0,1,0,0,0,0,"No Read Addr Cmds","No Write Addr Cmds","No Write Responses","Active","Active","Inactive","No Read Data Beats","Stream Beat","Stream Beat","No Write Data Beats"
864,864,0,e725,1,1,0,41,1,1,0,0,0000000000000,"INCR",3,00,0,"Data Secure Unprivileged",0,"16 bytes",0,0000000000000,"INCR",0,00,0,"Data Secure Unprivileged",0,"1 byte",0,"EXOKAY",0,00010800000140000050810400010800,00000000000000000000000000000000,0000,2,0,1,0,2,1,0,2,0,1,2,0,1,0,0,0,0,"No Read Addr Cmds","No Write Addr Cmds","No Write Responses","Active","Active","Inactive","No Read Data Beats","Stream Beat","Stream Beat","No Write Data Beats"
865,865,0,e8a7,1,1,0,4,1,1,0,0,0000000000000,"INCR",3,00,0,"Data Secure Unprivileged",0,"16 bytes",0,0000000000000,"INCR",0,00,0,"Data Secure Unprivileged",0,"1 byte",0,"EXOKAY",0,00010800000140000050810400010800,00000000000000000000000000000000,0000,2,0,1,0,2,1,0,2,0,1,2,0,1,0,0,0,0,"No Read Addr Cmds","No Write Addr Cmds","No Write Responses","Active","Active","Inactive","No Read Data Beats","Stream Beat","Stream Beat","No Write Data Beats"
866,866,0,33f4,1,1,0,65509,1,1,0,0,0000000000000,"INCR",3,00,0,"Data Secure Unprivileged",0,"16 bytes",0,0000000000000,"INCR",0,00,0,"Data Secure Unprivileged",0,"1 byte",0,"EXOKAY",0,00010800000140000050810400010800,00000000000000000000000000000000,0000,2,0,1,0,2,1,0,2,0,1,2,0,1,0,0,0,0,"No Read Addr Cmds","No Write Addr Cmds","No Write Responses","Active","Active","Inactive","No Read Data Beats","Stream Beat","Stream Beat","No Write Data Beats"
867,867,0,0d33,1,1,0,27,1,1,0,0,0000000000000,"INCR",3,00,0,"Data Secure Unprivileged",0,"16 bytes",0,0000000000000,"INCR",0,00,0,"Data Secure Unprivileged",0,"1 byte",0,"EXOKAY",0,00010800000140000050810400010800,00000000000000000000000000000000,0000,2,0,1,0,2,1,0,2,0,1,2,0,1,0,0,0,0,"No Read Addr Cmds","No Write Addr Cmds","No Write Responses","Active","Active","Inactive","No Read Data Beats","Stream Beat","Stream Beat","No Write Data Beats"
868,868,0,56a3,1,1,0,5,1,1,0,0,0000000000000,"INCR",3,00,0,"Data Secure Unprivileged",0,"16 bytes",0,0000000000000,"INCR",0,00,0,"Data Secure Unprivileged",0,"1 byte",0,"EXOKAY",0,00010800000140000050810400010800,00000000000000000000000000000000,0000,2,0,1,0,2,1,0,2,0,1,2,0,1,0,0,0,0,"No Read Addr Cmds","No Write Addr Cmds","No Write Responses","Active","Active","Inactive","No Read Data Beats","Stream Beat","Stream Beat","No Write Data Beats"
869,869,0,4867,1,1,0,65481,1,1,0,0,0000000000000,"INCR",3,00,0,"Data Secure Unprivileged",0,"16 bytes",0,0000000000000,"INCR",0,00,0,"Data Secure Unprivileged",0,"1 byte",0,"EXOKAY",0,00010800000140000050810400010800,00000000000000000000000000000000,0000,2,0,1,0,2,1,0,2,0,1,2,0,1,0,0,0,0,"No Read Addr Cmds","No Write Addr Cmds","No Write Responses","Active","Active","Inactive","No Read Data Beats","Stream Beat","Stream Beat","No Write Data Beats"
870,870,0,68f3,1,1,0,0,1,1,0,0,0000000000000,"INCR",3,00,0,"Data Secure Unprivileged",0,"16 bytes",0,0000000000000,"INCR",0,00,0,"Data Secure Unprivileged",0,"1 byte",0,"EXOKAY",0,00010800000140000050810400010800,00000000000000000000000000000000,0000,2,0,1,0,2,1,0,2,0,1,2,0,1,0,0,0,0,"No Read Addr Cmds","No Write Addr Cmds","No Write Responses","Active","Active","Inactive","No Read Data Beats","Stream Beat","Stream Beat","No Write Data Beats"
871,871,0,221d,1,1,0,65484,1,1,0,0,0000000000000,"INCR",3,00,0,"Data Secure Unprivileged",0,"16 bytes",0,0000000000000,"INCR",0,00,0,"Data Secure Unprivileged",0,"1 byte",0,"EXOKAY",0,00010800000140000050810400010800,00000000000000000000000000000000,0000,2,0,1,0,2,1,0,2,0,1,2,0,1,0,0,0,0,"No Read Addr Cmds","No Write Addr Cmds","No Write Responses","Active","Active","Inactive","No Read Data Beats","Stream Beat","Stream Beat","No Write Data Beats"
872,872,0,ef88,1,1,0,27,1,1,0,0,0000000000000,"INCR",3,00,0,"Data Secure Unprivileged",0,"16 bytes",0,0000000000000,"INCR",0,00,0,"Data Secure Unprivileged",0,"1 byte",0,"EXOKAY",0,00010800000140000050810400010800,00000000000000000000000000000000,0000,2,0,1,0,2,1,0,2,0,1,2,0,1,0,0,0,0,"No Read Addr Cmds","No Write Addr Cmds","No Write Responses","Active","Active","Inactive","No Read Data Beats","Stream Beat","Stream Beat","No Write Data Beats"
873,873,0,f9fc,1,1,0,58,1,1,0,0,0000000000000,"INCR",3,00,0,"Data Secure Unprivileged",0,"16 bytes",0,0000000000000,"INCR",0,00,0,"Data Secure Unprivileged",0,"1 byte",0,"EXOKAY",0,00010800000140000050810400010800,00000000000000000000000000000000,0000,2,0,1,0,2,1,0,2,0,1,2,0,1,0,0,0,0,"No Read Addr Cmds","No Write Addr Cmds","No Write Responses","Active","Active","Inactive","No Read Data Beats","Stream Beat","Stream Beat","No Write Data Beats"
874,874,0,6435,1,1,0,65511,1,1,0,0,0000000000000,"INCR",3,00,0,"Data Secure Unprivileged",0,"16 bytes",0,0000000000000,"INCR",0,00,0,"Data Secure Unprivileged",0,"1 byte",0,"EXOKAY",0,00010800000140000050810400010800,00000000000000000000000000000000,0000,2,0,1,0,2,1,0,2,0,1,2,0,1,0,0,0,0,"No Read Addr Cmds","No Write Addr Cmds","No Write Responses","Active","Active","Inactive","No Read Data Beats","Stream Beat","Stream Beat","No Write Data Beats"
875,875,0,8ef3,1,1,0,65534,1,1,0,0,0000000000000,"INCR",3,00,0,"Data Secure Unprivileged",0,"16 bytes",0,0000000000000,"INCR",0,00,0,"Data Secure Unprivileged",0,"1 byte",0,"EXOKAY",0,00010800000140000050810400010800,00000000000000000000000000000000,0000,2,0,1,0,2,1,0,2,0,1,2,0,1,0,0,0,0,"No Read Addr Cmds","No Write Addr Cmds","No Write Responses","Active","Active","Inactive","No Read Data Beats","Stream Beat","Stream Beat","No Write Data Beats"
876,876,0,b2cf,1,1,0,65512,1,1,0,0,0000000000000,"INCR",3,00,0,"Data Secure Unprivileged",0,"16 bytes",0,0000000000000,"INCR",0,00,0,"Data Secure Unprivileged",0,"1 byte",0,"EXOKAY",0,00010800000140000050810400010800,00000000000000000000000000000000,0000,2,0,1,0,2,1,0,2,0,1,2,0,1,0,0,0,0,"No Read Addr Cmds","No Write Addr Cmds","No Write Responses","Active","Active","Inactive","No Read Data Beats","Stream Beat","Stream Beat","No Write Data Beats"
877,877,0,326d,1,1,0,65509,1,1,0,0,0000000000000,"INCR",3,00,0,"Data Secure Unprivileged",0,"16 bytes",0,0000000000000,"INCR",0,00,0,"Data Secure Unprivileged",0,"1 byte",0,"EXOKAY",0,00010800000140000050810400010800,00000000000000000000000000000000,0000,2,0,1,0,2,1,0,2,0,1,2,0,1,0,0,0,0,"No Read Addr Cmds","No Write Addr Cmds","No Write Responses","Active","Active","Inactive","No Read Data Beats","Stream Beat","Stream Beat","No Write Data Beats"
878,878,0,acf6,1,1,0,50,1,1,0,0,0000000000000,"INCR",3,00,0,"Data Secure Unprivileged",0,"16 bytes",0,0000000000000,"INCR",0,00,0,"Data Secure Unprivileged",0,"1 byte",0,"EXOKAY",0,00010800000140000050810400010800,00000000000000000000000000000000,0000,2,0,1,0,2,1,0,2,0,1,2,0,1,0,0,0,0,"No Read Addr Cmds","No Write Addr Cmds","No Write Responses","Active","Active","Inactive","No Read Data Beats","Stream Beat","Stream Beat","No Write Data Beats"
879,879,0,0ecb,1,1,0,11,1,1,0,0,0000000000000,"INCR",3,00,0,"Data Secure Unprivileged",0,"16 bytes",0,0000000000000,"INCR",0,00,0,"Data Secure Unprivileged",0,"1 byte",0,"EXOKAY",0,00010800000140000050810400010800,00000000000000000000000000000000,0000,2,0,1,0,2,1,0,2,0,1,2,0,1,0,0,0,0,"No Read Addr Cmds","No Write Addr Cmds","No Write Responses","Active","Active","Inactive","No Read Data Beats","Stream Beat","Stream Beat","No Write Data Beats"
880,880,0,6147,1,1,0,44,1,1,0,0,0000000000000,"INCR",3,00,0,"Data Secure Unprivileged",0,"16 bytes",0,0000000000000,"INCR",0,00,0,"Data Secure Unprivileged",0,"1 byte",0,"EXOKAY",0,00010800000140000050810400010800,00000000000000000000000000000000,0000,2,0,1,0,2,1,0,2,0,1,2,0,1,0,0,0,0,"No Read Addr Cmds","No Write Addr Cmds","No Write Responses","Active","Active","Inactive","No Read Data Beats","Stream Beat","Stream Beat","No Write Data Beats"
881,881,0,5708,1,1,0,1,1,1,0,0,0000000000000,"INCR",3,00,0,"Data Secure Unprivileged",0,"16 bytes",0,0000000000000,"INCR",0,00,0,"Data Secure Unprivileged",0,"1 byte",0,"EXOKAY",0,00010800000140000050810400010800,00000000000000000000000000000000,0000,2,0,1,0,2,1,0,2,0,1,2,0,1,0,0,0,0,"No Read Addr Cmds","No Write Addr Cmds","No Write Responses","Active","Active","Inactive","No Read Data Beats","Stream Beat","Stream Beat","No Write Data Beats"
882,882,0,79e5,1,1,0,65482,1,1,0,0,0000000000000,"INCR",3,00,0,"Data Secure Unprivileged",0,"16 bytes",0,0000000000000,"INCR",0,00,0,"Data Secure Unprivileged",0,"1 byte",0,"EXOKAY",0,00010800000140000050810400010800,00000000000000000000000000000000,0000,2,0,1,0,2,1,0,2,0,1,2,0,1,0,0,0,0,"No Read Addr Cmds","No Write Addr Cmds","No Write Responses","Active","Active","Inactive","No Read Data Beats","Stream Beat","Stream Beat","No Write Data Beats"
883,883,0,fbd0,1,1,0,22,1,1,0,0,0000000000000,"INCR",3,00,0,"Data Secure Unprivileged",0,"16 bytes",0,0000000000000,"INCR",0,00,0,"Data Secure Unprivileged",0,"1 byte",0,"EXOKAY",0,00010800000140000050810400010800,00000000000000000000000000000000,0000,2,0,1,0,2,1,0,2,0,1,2,0,1,0,0,0,0,"No Read Addr Cmds","No Write Addr Cmds","No Write Responses","Active","Active","Inactive","No Read Data Beats","Stream Beat","Stream Beat","No Write Data Beats"
884,884,0,5f10,1,1,0,65526,1,1,0,0,0000000000000,"INCR",3,00,0,"Data Secure Unprivileged",0,"16 bytes",0,0000000000000,"INCR",0,00,0,"Data Secure Unprivileged",0,"1 byte",0,"EXOKAY",0,00010800000140000050810400010800,00000000000000000000000000000000,0000,2,0,1,0,2,1,0,2,0,1,2,0,1,0,0,0,0,"No Read Addr Cmds","No Write Addr Cmds","No Write Responses","Active","Active","Inactive","No Read Data Beats","Stream Beat","Stream Beat","No Write Data Beats"
885,885,0,64b8,1,1,0,65528,1,1,0,0,0000000000000,"INCR",3,00,0,"Data Secure Unprivileged",0,"16 bytes",0,0000000000000,"INCR",0,00,0,"Data Secure Unprivileged",0,"1 byte",0,"EXOKAY",0,00010800000140000050810400010800,00000000000000000000000000000000,0000,2,0,1,0,2,1,0,2,0,1,2,0,1,0,0,0,0,"No Read Addr Cmds","No Write Addr Cmds","No Write Responses","Active","Active","Inactive","No Read Data Beats","Stream Beat","Stream Beat","No Write Data Beats"
886,886,0,f460,1,1,0,11,1,1,0,0,0000000000000,"INCR",3,00,0,"Data Secure Unprivileged",0,"16 bytes",0,0000000000000,"INCR",0,00,0,"Data Secure Unprivileged",0,"1 byte",0,"EXOKAY",0,00010800000140000050810400010800,00000000000000000000000000000000,0000,2,0,1,0,2,1,0,2,0,1,2,0,1,0,0,0,0,"No Read Addr Cmds","No Write Addr Cmds","No Write Responses","Active","Active","Inactive","No Read Data Beats","Stream Beat","Stream Beat","No Write Data Beats"
887,887,0,4db6,1,1,0,45,1,1,0,0,0000000000000,"INCR",3,00,0,"Data Secure Unprivileged",0,"16 bytes",0,0000000000000,"INCR",0,00,0,"Data Secure Unprivileged",0,"1 byte",0,"EXOKAY",0,00010800000140000050810400010800,00000000000000000000000000000000,0000,2,0,1,0,2,1,0,2,0,1,2,0,1,0,0,0,0,"No Read Addr Cmds","No Write Addr Cmds","No Write Responses","Active","Active","Inactive","No Read Data Beats","Stream Beat","Stream Beat","No Write Data Beats"
888,888,0,076c,1,1,0,65532,1,1,0,0,0000000000000,"INCR",3,00,0,"Data Secure Unprivileged",0,"16 bytes",0,0000000000000,"INCR",0,00,0,"Data Secure Unprivileged",0,"1 byte",0,"EXOKAY",0,00010800000140000050810400010800,00000000000000000000000000000000,0000,2,0,1,0,2,1,0,2,0,1,2,0,1,0,0,0,0,"No Read Addr Cmds","No Write Addr Cmds","No Write Responses","Active","Active","Inactive","No Read Data Beats","Stream Beat","Stream Beat","No Write Data Beats"
889,889,0,9ebb,1,1,0,65502,1,1,0,0,0000000000000,"INCR",3,00,0,"Data Secure Unprivileged",0,"16 bytes",0,0000000000000,"INCR",0,00,0,"Data Secure Unprivileged",0,"1 byte",0,"EXOKAY",0,00010800000140000050810400010800,00000000000000000000000000000000,0000,2,0,1,0,2,1,0,2,0,1,2,0,1,0,0,0,0,"No Read Addr Cmds","No Write Addr Cmds","No Write Responses","Active","Active","Inactive","No Read Data Beats","Stream Beat","Stream Beat","No Write Data Beats"
890,890,0,d40a,1,1,0,11,1,1,0,0,0000000000000,"INCR",3,00,0,"Data Secure Unprivileged",0,"16 bytes",0,0000000000000,"INCR",0,00,0,"Data Secure Unprivileged",0,"1 byte",0,"EXOKAY",0,00010800000140000050810400010800,00000000000000000000000000000000,0000,2,0,1,0,2,1,0,2,0,1,2,0,1,0,0,0,0,"No Read Addr Cmds","No Write Addr Cmds","No Write Responses","Active","Active","Inactive","No Read Data Beats","Stream Beat","Stream Beat","No Write Data Beats"
891,891,0,eebe,1,1,0,65490,1,1,0,0,0000000000000,"INCR",3,00,0,"Data Secure Unprivileged",0,"16 bytes",0,0000000000000,"INCR",0,00,0,"Data Secure Unprivileged",0,"1 byte",0,"EXOKAY",0,00010800000140000050810400010800,00000000000000000000000000000000,0000,2,0,1,0,2,1,0,2,0,1,2,0,1,0,0,0,0,"No Read Addr Cmds","No Write Addr Cmds","No Write Responses","Active","Active","Inactive","No Read Data Beats","Stream Beat","Stream Beat","No Write Data Beats"
892,892,0,81c1,1,1,0,65527,1,1,0,0,0000000000000,"INCR",3,00,0,"Data Secure Unprivileged",0,"16 bytes",0,0000000000000,"INCR",0,00,0,"Data Secure Unprivileged",0,"1 byte",0,"EXOKAY",0,00010800000140000050810400010800,00000000000000000000000000000000,0000,2,0,1,0,2,1,0,2,0,1,2,0,1,0,0,0,0,"No Read Addr Cmds","No Write Addr Cmds","No Write Responses","Active","Active","Inactive","No Read Data Beats","Stream Beat","Stream Beat","No Write Data Beats"
893,893,0,804b,1,1,0,16,1,1,0,0,0000000000000,"INCR",3,00,0,"Data Secure Unprivileged",0,"16 bytes",0,0000000000000,"INCR",0,00,0,"Data Secure Unprivileged",0,"1 byte",0,"EXOKAY",0,00010800000140000050810400010800,00000000000000000000000000000000,0000,2,0,1,0,2,1,0,2,0,1,2,0,1,0,0,0,0,"No Read Addr Cmds","No Write Addr Cmds","No Write Responses","Active","Active","Inactive","No Read Data Beats","Stream Beat","Stream Beat","No Write Data Beats"
894,894,0,9ccb,1,1,0,10,1,1,0,0,0000000000000,"INCR",3,00,0,"Data Secure Unprivileged",0,"16 bytes",0,0000000000000,"INCR",0,00,0,"Data Secure Unprivileged",0,"1 byte",0,"EXOKAY",0,00010800000140000050810400010800,00000000000000000000000000000000,0000,2,0,1,0,2,1,0,2,0,1,2,0,1,0,0,0,0,"No Read Addr Cmds","No Write Addr Cmds","No Write Responses","Active","Active","Inactive","No Read Data Beats","Stream Beat","Stream Beat","No Write Data Beats"
895,895,0,1f7e,1,1,0,63,1,1,0,0,0000000000000,"INCR",3,00,0,"Data Secure Unprivileged",0,"16 bytes",0,0000000000000,"INCR",0,00,0,"Data Secure Unprivileged",0,"1 byte",0,"EXOKAY",0,00010800000140000050810400010800,00000000000000000000000000000000,0000,2,0,1,0,2,1,0,2,0,1,2,0,1,0,0,0,0,"No Read Addr Cmds","No Write Addr Cmds","No Write Responses","Active","Active","Inactive","No Read Data Beats","Stream Beat","Stream Beat","No Write Data Beats"
896,896,0,dd4a,1,1,0,65480,1,1,0,0,0000000000000,"INCR",3,00,0,"Data Secure Unprivileged",0,"16 bytes",0,0000000000000,"INCR",0,00,0,"Data Secure Unprivileged",0,"1 byte",0,"EXOKAY",0,00010800000140000050810400010800,00000000000000000000000000000000,0000,2,0,1,0,2,1,0,2,0,1,2,0,1,0,0,0,0,"No Read Addr Cmds","No Write Addr Cmds","No Write Responses","Active","Active","Inactive","No Read Data Beats","Stream Beat","Stream Beat","No Write Data Beats"
897,897,0,5601,1,1,0,65484,1,1,0,0,0000000000000,"INCR",3,00,0,"Data Secure Unprivileged",0,"16 bytes",0,0000000000000,"INCR",0,00,0,"Data Secure Unprivileged",0,"1 byte",0,"EXOKAY",0,00010800000140000050810400010800,00000000000000000000000000000000,0000,2,0,1,0,2,1,0,2,0,1,2,0,1,0,0,0,0,"No Read Addr Cmds","No Write Addr Cmds","No Write Responses","Active","Active","Inactive","No Read Data Beats","Stream Beat","Stream Beat","No Write Data Beats"
898,898,0,26fa,1,1,0,7,1,1,0,0,0000000000000,"INCR",3,00,0,"Data Secure Unprivileged",0,"16 bytes",0,0000000000000,"INCR",0,00,0,"Data Secure Unprivileged",0,"1 byte",0,"EXOKAY",0,00010800000140000050810400010800,00000000000000000000000000000000,0000,2,0,1,0,2,1,0,2,0,1,2,0,1,0,0,0,0,"No Read Addr Cmds","No Write Addr Cmds","No Write Responses","Active","Active","Inactive","No Read Data Beats","Stream Beat","Stream Beat","No Write Data Beats"
899,899,0,3d40,1,1,0,65531,1,1,0,0,0000000000000,"INCR",3,00,0,"Data Secure Unprivileged",0,"16 bytes",0,0000000000000,"INCR",0,00,0,"Data Secure Unprivileged",0,"1 byte",0,"EXOKAY",0,00010800000140000050810400010800,00000000000000000000000000000000,0000,2,0,1,0,2,1,0,2,0,1,2,0,1,0,0,0,0,"No Read Addr Cmds","No Write Addr Cmds","No Write Responses","Active","Active","Inactive","No Read Data Beats","Stream Beat","Stream Beat","No Write Data Beats"
900,900,0,170f,1,1,0,4,1,1,0,0,0000000000000,"INCR",3,00,0,"Data Secure Unprivileged",0,"16 bytes",0,0000000000000,"INCR",0,00,0,"Data Secure Unprivileged",0,"1 byte",0,"EXOKAY",0,00010800000140000050810400010800,00000000000000000000000000000000,0000,2,0,1,0,2,1,0,2,0,1,2,0,1,0,0,0,0,"No Read Addr Cmds","No Write Addr Cmds","No Write Responses","Active","Active","Inactive","No Read Data Beats","Stream Beat","Stream Beat","No Write Data Beats"
901,901,0,7d1c,1,1,0,25,1,1,0,0,0000000000000,"INCR",3,00,0,"Data Secure Unprivileged",0,"16 bytes",0,0000000000000,"INCR",0,00,0,"Data Secure Unprivileged",0,"1 byte",0,"EXOKAY",0,00010800000140000050810400010800,00000000000000000000000000000000,0000,2,0,1,0,2,1,0,2,0,1,2,0,1,0,0,0,0,"No Read Addr Cmds","No Write Addr Cmds","No Write Responses","Active","Active","Inactive","No Read Data Beats","Stream Beat","Stream Beat","No Write Data Beats"
902,902,0,2cf3,1,1,0,47,1,1,0,0,0000000000000,"INCR",3,00,0,"Data Secure Unprivileged",0,"16 bytes",0,0000000000000,"INCR",0,00,0,"Data Secure Unprivileged",0,"1 byte",0,"EXOKAY",0,00010800000140000050810400010800,00000000000000000000000000000000,0000,2,0,1,0,2,1,0,2,0,1,2,0,1,0,0,0,0,"No Read Addr Cmds","No Write Addr Cmds","No Write Responses","Active","Active","Inactive","No Read Data Beats","Stream Beat","Stream Beat","No Write Data Beats"
903,903,0,a8dc,1,1,0,65529,1,1,0,0,0000000000000,"INCR",3,00,0,"Data Secure Unprivileged",0,"16 bytes",0,0000000000000,"INCR",0,00,0,"Data Secure Unprivileged",0,"1 byte",0,"EXOKAY",0,00010800000140000050810400010800,00000000000000000000000000000000,0000,2,0,1,0,2,1,0,2,0,1,2,0,1,0,0,0,0,"No Read Addr Cmds","No Write Addr Cmds","No Write Responses","Active","Active","Inactive","No Read Data Beats","Stream Beat","Stream Beat","No Write Data Beats"
904,904,0,b21f,1,1,0,30,1,1,0,0,0000000000000,"INCR",3,00,0,"Data Secure Unprivileged",0,"16 bytes",0,0000000000000,"INCR",0,00,0,"Data Secure Unprivileged",0,"1 byte",0,"EXOKAY",0,00010800000140000050810400010800,00000000000000000000000000000000,0000,2,0,1,0,2,1,0,2,0,1,2,0,1,0,0,0,0,"No Read Addr Cmds","No Write Addr Cmds","No Write Responses","Active","Active","Inactive","No Read Data Beats","Stream Beat","Stream Beat","No Write Data Beats"
905,905,0,153e,1,1,0,20,1,1,0,0,0000000000000,"INCR",3,00,0,"Data Secure Unprivileged",0,"16 bytes",0,0000000000000,"INCR",0,00,0,"Data Secure Unprivileged",0,"1 byte",0,"EXOKAY",0,00010800000140000050810400010800,00000000000000000000000000000000,0000,2,0,1,0,2,1,0,2,0,1,2,0,1,0,0,0,0,"No Read Addr Cmds","No Write Addr Cmds","No Write Responses","Active","Active","Inactive","No Read Data Beats","Stream Beat","Stream Beat","No Write Data Beats"
906,906,0,a151,1,1,0,65504,1,1,0,0,0000000000000,"INCR",3,00,0,"Data Secure Unprivileged",0,"16 bytes",0,0000000000000,"INCR",0,00,0,"Data Secure Unprivileged",0,"1 byte",0,"EXOKAY",0,00010800000140000050810400010800,00000000000000000000000000000000,0000,2,0,1,0,2,1,0,2,0,1,2,0,1,0,0,0,0,"No Read Addr Cmds","No Write Addr Cmds","No Write Responses","Active","Active","Inactive","No Read Data Beats","Stream Beat","Stream Beat","No Write Data Beats"
907,907,0,13e5,1,1,0,17,1,1,0,0,0000000000000,"INCR",3,00,0,"Data Secure Unprivileged",0,"16 bytes",0,0000000000000,"INCR",0,00,0,"Data Secure Unprivileged",0,"1 byte",0,"EXOKAY",0,00010800000140000050810400010800,00000000000000000000000000000000,0000,2,0,1,0,2,1,0,2,0,1,2,0,1,0,0,0,0,"No Read Addr Cmds","No Write Addr Cmds","No Write Responses","Active","Active","Inactive","No Read Data Beats","Stream Beat","Stream Beat","No Write Data Beats"
908,908,0,b17a,1,1,0,36,1,1,0,0,0000000000000,"INCR",3,00,0,"Data Secure Unprivileged",0,"16 bytes",0,0000000000000,"INCR",0,00,0,"Data Secure Unprivileged",0,"1 byte",0,"EXOKAY",0,00010800000140000050810400010800,00000000000000000000000000000000,0000,2,0,1,0,2,1,0,2,0,1,2,0,1,0,0,0,0,"No Read Addr Cmds","No Write Addr Cmds","No Write Responses","Active","Active","Inactive","No Read Data Beats","Stream Beat","Stream Beat","No Write Data Beats"
909,909,0,b240,1,1,0,65534,1,1,0,0,0000000000000,"INCR",3,00,0,"Data Secure Unprivileged",0,"16 bytes",0,0000000000000,"INCR",0,00,0,"Data Secure Unprivileged",0,"1 byte",0,"EXOKAY",0,00010800000140000050810400010800,00000000000000000000000000000000,0000,2,0,1,0,2,1,0,2,0,1,2,0,1,0,0,0,0,"No Read Addr Cmds","No Write Addr Cmds","No Write Responses","Active","Active","Inactive","No Read Data Beats","Stream Beat","Stream Beat","No Write Data Beats"
910,910,0,a022,1,1,0,8,1,1,0,0,0000000000000,"INCR",3,00,0,"Data Secure Unprivileged",0,"16 bytes",0,0000000000000,"INCR",0,00,0,"Data Secure Unprivileged",0,"1 byte",0,"EXOKAY",0,00010800000140000050810400010800,00000000000000000000000000000000,0000,2,0,1,0,2,1,0,2,0,1,2,0,1,0,0,0,0,"No Read Addr Cmds","No Write Addr Cmds","No Write Responses","Active","Active","Inactive","No Read Data Beats","Stream Beat","Stream Beat","No Write Data Beats"
911,911,0,b101,1,1,0,65511,1,1,0,0,0000000000000,"INCR",3,00,0,"Data Secure Unprivileged",0,"16 bytes",0,0000000000000,"INCR",0,00,0,"Data Secure Unprivileged",0,"1 byte",0,"EXOKAY",0,00010800000140000050810400010800,00000000000000000000000000000000,0000,2,0,1,0,2,1,0,2,0,1,2,0,1,0,0,0,0,"No Read Addr Cmds","No Write Addr Cmds","No Write Responses","Active","Active","Inactive","No Read Data Beats","Stream Beat","Stream Beat","No Write Data Beats"
912,912,0,2ae3,1,1,0,65478,1,1,0,0,0000000000000,"INCR",3,00,0,"Data Secure Unprivileged",0,"16 bytes",0,0000000000000,"INCR",0,00,0,"Data Secure Unprivileged",0,"1 byte",0,"EXOKAY",0,00010800000140000050810400010800,00000000000000000000000000000000,0000,2,0,1,0,2,1,0,2,0,1,2,0,1,0,0,0,0,"No Read Addr Cmds","No Write Addr Cmds","No Write Responses","Active","Active","Inactive","No Read Data Beats","Stream Beat","Stream Beat","No Write Data Beats"
913,913,0,887e,1,1,0,65499,1,1,0,0,0000000000000,"INCR",3,00,0,"Data Secure Unprivileged",0,"16 bytes",0,0000000000000,"INCR",0,00,0,"Data Secure Unprivileged",0,"1 byte",0,"EXOKAY",0,00010800000140000050810400010800,00000000000000000000000000000000,0000,2,0,1,0,2,1,0,2,0,1,2,0,1,0,0,0,0,"No Read Addr Cmds","No Write Addr Cmds","No Write Responses","Active","Active","Inactive","No Read Data Beats","Stream Beat","Stream Beat","No Write Data Beats"
914,914,0,b8fd,1,1,0,65522,1,1,0,0,0000000000000,"INCR",3,00,0,"Data Secure Unprivileged",0,"16 bytes",0,0000000000000,"INCR",0,00,0,"Data Secure Unprivileged",0,"1 byte",0,"EXOKAY",0,00010800000140000050810400010800,00000000000000000000000000000000,0000,2,0,1,0,2,1,0,2,0,1,2,0,1,0,0,0,0,"No Read Addr Cmds","No Write Addr Cmds","No Write Responses","Active","Active","Inactive","No Read Data Beats","Stream Beat","Stream Beat","No Write Data Beats"
915,915,0,3da5,1,1,0,65534,1,1,0,0,0000000000000,"INCR",3,00,0,"Data Secure Unprivileged",0,"16 bytes",0,0000000000000,"INCR",0,00,0,"Data Secure Unprivileged",0,"1 byte",0,"EXOKAY",0,00010800000140000050810400010800,00000000000000000000000000000000,0000,2,0,1,0,2,1,0,2,0,1,2,0,1,0,0,0,0,"No Read Addr Cmds","No Write Addr Cmds","No Write Responses","Active","Active","Inactive","No Read Data Beats","Stream Beat","Stream Beat","No Write Data Beats"
916,916,0,0964,1,1,0,63,1,1,0,0,0000000000000,"INCR",3,00,0,"Data Secure Unprivileged",0,"16 bytes",0,0000000000000,"INCR",0,00,0,"Data Secure Unprivileged",0,"1 byte",0,"EXOKAY",0,00010800000140000050810400010800,00000000000000000000000000000000,0000,2,0,1,0,2,1,0,2,0,1,2,0,1,0,0,0,0,"No Read Addr Cmds","No Write Addr Cmds","No Write Responses","Active","Active","Inactive","No Read Data Beats","Stream Beat","Stream Beat","No Write Data Beats"
917,917,0,08ae,1,1,0,65499,1,1,0,0,0000000000000,"INCR",3,00,0,"Data Secure Unprivileged",0,"16 bytes",0,0000000000000,"INCR",0,00,0,"Data Secure Unprivileged",0,"1 byte",0,"EXOKAY",0,00010800000140000050810400010800,00000000000000000000000000000000,0000,2,0,1,0,2,1,0,2,0,1,2,0,1,0,0,0,0,"No Read Addr Cmds","No Write Addr Cmds","No Write Responses","Active","Active","Inactive","No Read Data Beats","Stream Beat","Stream Beat","No Write Data Beats"
918,918,0,bd8a,1,1,0,19,1,1,0,0,0000000000000,"INCR",3,00,0,"Data Secure Unprivileged",0,"16 bytes",0,0000000000000,"INCR",0,00,0,"Data Secure Unprivileged",0,"1 byte",0,"EXOKAY",0,00010800000140000050810400010800,00000000000000000000000000000000,0000,2,0,1,0,2,1,0,2,0,1,2,0,1,0,0,0,0,"No Read Addr Cmds","No Write Addr Cmds","No Write Responses","Active","Active","Inactive","No Read Data Beats","Stream Beat","Stream Beat","No Write Data Beats"
919,919,0,eee4,1,1,0,65514,1,1,0,0,0000000000000,"INCR",3,00,0,"Data Secure Unprivileged",0,"16 bytes",0,0000000000000,"INCR",0,00,0,"Data Secure Unprivileged",0,"1 byte",0,"EXOKAY",0,00010800000140000050810400010800,00000000000000000000000000000000,0000,2,0,1,0,2,1,0,2,0,1,2,0,1,0,0,0,0,"No Read Addr Cmds","No Write Addr Cmds","No Write Responses","Active","Active","Inactive","No Read Data Beats","Stream Beat","Stream Beat","No Write Data Beats"
920,920,0,6664,1,1,0,39,1,1,0,0,0000000000000,"INCR",3,00,0,"Data Secure Unprivileged",0,"16 bytes",0,0000000000000,"INCR",0,00,0,"Data Secure Unprivileged",0,"1 byte",0,"EXOKAY",0,00010800000140000050810400010800,00000000000000000000000000000000,0000,2,0,1,0,2,1,0,2,0,1,2,0,1,0,0,0,0,"No Read Addr Cmds","No Write Addr Cmds","No Write Responses","Active","Active","Inactive","No Read Data Beats","Stream Beat","Stream Beat","No Write Data Beats"
921,921,0,78f3,1,1,0,65527,1,1,0,0,0000000000000,"INCR",3,00,0,"Data Secure Unprivileged",0,"16 bytes",0,0000000000000,"INCR",0,00,0,"Data Secure Unprivileged",0,"1 byte",0,"EXOKAY",0,00010800000140000050810400010800,00000000000000000000000000000000,0000,2,0,1,0,2,1,0,2,0,1,2,0,1,0,0,0,0,"No Read Addr Cmds","No Write Addr Cmds","No Write Responses","Active","Active","Inactive","No Read Data Beats","Stream Beat","Stream Beat","No Write Data Beats"
922,922,0,d354,1,1,0,2,1,1,0,0,0000000000000,"INCR",3,00,0,"Data Secure Unprivileged",0,"16 bytes",0,0000000000000,"INCR",0,00,0,"Data Secure Unprivileged",0,"1 byte",0,"EXOKAY",0,00010800000140000050810400010800,00000000000000000000000000000000,0000,2,0,1,0,2,1,0,2,0,1,2,0,1,0,0,0,0,"No Read Addr Cmds","No Write Addr Cmds","No Write Responses","Active","Active","Inactive","No Read Data Beats","Stream Beat","Stream Beat","No Write Data Beats"
923,923,0,4de5,1,1,0,65520,1,1,0,0,0000000000000,"INCR",3,00,0,"Data Secure Unprivileged",0,"16 bytes",0,0000000000000,"INCR",0,00,0,"Data Secure Unprivileged",0,"1 byte",0,"EXOKAY",0,00010800000140000050810400010800,00000000000000000000000000000000,0000,2,0,1,0,2,1,0,2,0,1,2,0,1,0,0,0,0,"No Read Addr Cmds","No Write Addr Cmds","No Write Responses","Active","Active","Inactive","No Read Data Beats","Stream Beat","Stream Beat","No Write Data Beats"
924,924,0,f9db,1,1,0,14,1,1,0,0,0000000000000,"INCR",3,00,0,"Data Secure Unprivileged",0,"16 bytes",0,0000000000000,"INCR",0,00,0,"Data Secure Unprivileged",0,"1 byte",0,"EXOKAY",0,00010800000140000050810400010800,00000000000000000000000000000000,0000,2,0,1,0,2,1,0,2,0,1,2,0,1,0,0,0,0,"No Read Addr Cmds","No Write Addr Cmds","No Write Responses","Active","Active","Inactive","No Read Data Beats","Stream Beat","Stream Beat","No Write Data Beats"
925,925,0,97e4,1,1,0,22,1,1,0,0,0000000000000,"INCR",3,00,0,"Data Secure Unprivileged",0,"16 bytes",0,0000000000000,"INCR",0,00,0,"Data Secure Unprivileged",0,"1 byte",0,"EXOKAY",0,00010800000140000050810400010800,00000000000000000000000000000000,0000,2,0,1,0,2,1,0,2,0,1,2,0,1,0,0,0,0,"No Read Addr Cmds","No Write Addr Cmds","No Write Responses","Active","Active","Inactive","No Read Data Beats","Stream Beat","Stream Beat","No Write Data Beats"
926,926,0,6ae9,1,1,0,65489,1,1,0,0,0000000000000,"INCR",3,00,0,"Data Secure Unprivileged",0,"16 bytes",0,0000000000000,"INCR",0,00,0,"Data Secure Unprivileged",0,"1 byte",0,"EXOKAY",0,00010800000140000050810400010800,00000000000000000000000000000000,0000,2,0,1,0,2,1,0,2,0,1,2,0,1,0,0,0,0,"No Read Addr Cmds","No Write Addr Cmds","No Write Responses","Active","Active","Inactive","No Read Data Beats","Stream Beat","Stream Beat","No Write Data Beats"
927,927,0,688c,1,1,0,20,1,1,0,0,0000000000000,"INCR",3,00,0,"Data Secure Unprivileged",0,"16 bytes",0,0000000000000,"INCR",0,00,0,"Data Secure Unprivileged",0,"1 byte",0,"EXOKAY",0,00010800000140000050810400010800,00000000000000000000000000000000,0000,2,0,1,0,2,1,0,2,0,1,2,0,1,0,0,0,0,"No Read Addr Cmds","No Write Addr Cmds","No Write Responses","Active","Active","Inactive","No Read Data Beats","Stream Beat","Stream Beat","No Write Data Beats"
928,928,0,8df4,1,1,0,65518,1,1,0,0,0000000000000,"INCR",3,00,0,"Data Secure Unprivileged",0,"16 bytes",0,0000000000000,"INCR",0,00,0,"Data Secure Unprivileged",0,"1 byte",0,"EXOKAY",0,00010800000140000050810400010800,00000000000000000000000000000000,0000,2,0,1,0,2,1,0,2,0,1,2,0,1,0,0,0,0,"No Read Addr Cmds","No Write Addr Cmds","No Write Responses","Active","Active","Inactive","No Read Data Beats","Stream Beat","Stream Beat","No Write Data Beats"
929,929,0,d0ea,1,1,0,65524,1,1,0,0,0000000000000,"INCR",3,00,0,"Data Secure Unprivileged",0,"16 bytes",0,0000000000000,"INCR",0,00,0,"Data Secure Unprivileged",0,"1 byte",0,"EXOKAY",0,00010800000140000050810400010800,00000000000000000000000000000000,0000,2,0,1,0,2,1,0,2,0,1,2,0,1,0,0,0,0,"No Read Addr Cmds","No Write Addr Cmds","No Write Responses","Active","Active","Inactive","No Read Data Beats","Stream Beat","Stream Beat","No Write Data Beats"
930,930,0,8581,1,1,0,65524,1,1,0,0,0000000000000,"INCR",3,00,0,"Data Secure Unprivileged",0,"16 bytes",0,0000000000000,"INCR",0,00,0,"Data Secure Unprivileged",0,"1 byte",0,"EXOKAY",0,00010800000140000050810400010800,00000000000000000000000000000000,0000,2,0,1,0,2,1,0,2,0,1,2,0,1,0,0,0,0,"No Read Addr Cmds","No Write Addr Cmds","No Write Responses","Active","Active","Inactive","No Read Data Beats","Stream Beat","Stream Beat","No Write Data Beats"
931,931,0,87bc,1,1,0,65524,1,1,0,0,0000000000000,"INCR",3,00,0,"Data Secure Unprivileged",0,"16 bytes",0,0000000000000,"INCR",0,00,0,"Data Secure Unprivileged",0,"1 byte",0,"EXOKAY",0,00010800000140000050810400010800,00000000000000000000000000000000,0000,2,0,1,0,2,1,0,2,0,1,2,0,1,0,0,0,0,"No Read Addr Cmds","No Write Addr Cmds","No Write Responses","Active","Active","Inactive","No Read Data Beats","Stream Beat","Stream Beat","No Write Data Beats"
932,932,0,005f,1,1,0,65527,1,1,0,0,0000000000000,"INCR",3,00,0,"Data Secure Unprivileged",0,"16 bytes",0,0000000000000,"INCR",0,00,0,"Data Secure Unprivileged",0,"1 byte",0,"EXOKAY",0,00010800000140000050810400010800,00000000000000000000000000000000,0000,2,0,1,0,2,1,0,2,0,1,2,0,1,0,0,0,0,"No Read Addr Cmds","No Write Addr Cmds","No Write Responses","Active","Active","Inactive","No Read Data Beats","Stream Beat","Stream Beat","No Write Data Beats"
933,933,0,df28,1,1,0,25,1,1,0,0,0000000000000,"INCR",3,00,0,"Data Secure Unprivileged",0,"16 bytes",0,0000000000000,"INCR",0,00,0,"Data Secure Unprivileged",0,"1 byte",0,"EXOKAY",0,00010800000140000050810400010800,00000000000000000000000000000000,0000,2,0,1,0,2,1,0,2,0,1,2,0,1,0,0,0,0,"No Read Addr Cmds","No Write Addr Cmds","No Write Responses","Active","Active","Inactive","No Read Data Beats","Stream Beat","Stream Beat","No Write Data Beats"
934,934,0,fe39,1,1,0,65529,1,1,0,0,0000000000000,"INCR",3,00,0,"Data Secure Unprivileged",0,"16 bytes",0,0000000000000,"INCR",0,00,0,"Data Secure Unprivileged",0,"1 byte",0,"EXOKAY",0,00010800000140000050810400010800,00000000000000000000000000000000,0000,2,0,1,0,2,1,0,2,0,1,2,0,1,0,0,0,0,"No Read Addr Cmds","No Write Addr Cmds","No Write Responses","Active","Active","Inactive","No Read Data Beats","Stream Beat","Stream Beat","No Write Data Beats"
935,935,0,316b,1,1,0,26,1,1,0,0,0000000000000,"INCR",3,00,0,"Data Secure Unprivileged",0,"16 bytes",0,0000000000000,"INCR",0,00,0,"Data Secure Unprivileged",0,"1 byte",0,"EXOKAY",0,00010800000140000050810400010800,00000000000000000000000000000000,0000,2,0,1,0,2,1,0,2,0,1,2,0,1,0,0,0,0,"No Read Addr Cmds","No Write Addr Cmds","No Write Responses","Active","Active","Inactive","No Read Data Beats","Stream Beat","Stream Beat","No Write Data Beats"
936,936,0,2a9f,1,1,0,65525,1,1,0,0,0000000000000,"INCR",3,00,0,"Data Secure Unprivileged",0,"16 bytes",0,0000000000000,"INCR",0,00,0,"Data Secure Unprivileged",0,"1 byte",0,"EXOKAY",0,00010800000140000050810400010800,00000000000000000000000000000000,0000,2,0,1,0,2,1,0,2,0,1,2,0,1,0,0,0,0,"No Read Addr Cmds","No Write Addr Cmds","No Write Responses","Active","Active","Inactive","No Read Data Beats","Stream Beat","Stream Beat","No Write Data Beats"
937,937,0,837a,1,1,0,65519,1,1,0,0,0000000000000,"INCR",3,00,0,"Data Secure Unprivileged",0,"16 bytes",0,0000000000000,"INCR",0,00,0,"Data Secure Unprivileged",0,"1 byte",0,"EXOKAY",0,00010800000140000050810400010800,00000000000000000000000000000000,0000,2,0,1,0,2,1,0,2,0,1,2,0,1,0,0,0,0,"No Read Addr Cmds","No Write Addr Cmds","No Write Responses","Active","Active","Inactive","No Read Data Beats","Stream Beat","Stream Beat","No Write Data Beats"
938,938,0,95ce,1,1,0,4,1,1,0,0,0000000000000,"INCR",3,00,0,"Data Secure Unprivileged",0,"16 bytes",0,0000000000000,"INCR",0,00,0,"Data Secure Unprivileged",0,"1 byte",0,"EXOKAY",0,00010800000140000050810400010800,00000000000000000000000000000000,0000,2,0,1,0,2,1,0,2,0,1,2,0,1,0,0,0,0,"No Read Addr Cmds","No Write Addr Cmds","No Write Responses","Active","Active","Inactive","No Read Data Beats","Stream Beat","Stream Beat","No Write Data Beats"
939,939,0,bc77,1,1,0,73,1,1,0,0,0000000000000,"INCR",3,00,0,"Data Secure Unprivileged",0,"16 bytes",0,0000000000000,"INCR",0,00,0,"Data Secure Unprivileged",0,"1 byte",0,"EXOKAY",0,00010800000140000050810400010800,00000000000000000000000000000000,0000,2,0,1,0,2,1,0,2,0,1,2,0,1,0,0,0,0,"No Read Addr Cmds","No Write Addr Cmds","No Write Responses","Active","Active","Inactive","No Read Data Beats","Stream Beat","Stream Beat","No Write Data Beats"
940,940,0,2034,1,1,0,65479,1,1,0,0,0000000000000,"INCR",3,00,0,"Data Secure Unprivileged",0,"16 bytes",0,0000000000000,"INCR",0,00,0,"Data Secure Unprivileged",0,"1 byte",0,"EXOKAY",0,00010800000140000050810400010800,00000000000000000000000000000000,0000,2,0,1,0,2,1,0,2,0,1,2,0,1,0,0,0,0,"No Read Addr Cmds","No Write Addr Cmds","No Write Responses","Active","Active","Inactive","No Read Data Beats","Stream Beat","Stream Beat","No Write Data Beats"
941,941,0,94f5,1,1,0,20,1,1,0,0,0000000000000,"INCR",3,00,0,"Data Secure Unprivileged",0,"16 bytes",0,0000000000000,"INCR",0,00,0,"Data Secure Unprivileged",0,"1 byte",0,"EXOKAY",0,00010800000140000050810400010800,00000000000000000000000000000000,0000,2,0,1,0,2,1,0,2,0,1,2,0,1,0,0,0,0,"No Read Addr Cmds","No Write Addr Cmds","No Write Responses","Active","Active","Inactive","No Read Data Beats","Stream Beat","Stream Beat","No Write Data Beats"
942,942,0,fbca,1,1,0,65495,1,1,0,0,0000000000000,"INCR",3,00,0,"Data Secure Unprivileged",0,"16 bytes",0,0000000000000,"INCR",0,00,0,"Data Secure Unprivileged",0,"1 byte",0,"EXOKAY",0,00010800000140000050810400010800,00000000000000000000000000000000,0000,2,0,1,0,2,1,0,2,0,1,2,0,1,0,0,0,0,"No Read Addr Cmds","No Write Addr Cmds","No Write Responses","Active","Active","Inactive","No Read Data Beats","Stream Beat","Stream Beat","No Write Data Beats"
943,943,0,c478,1,1,0,65528,1,1,0,0,0000000000000,"INCR",3,00,0,"Data Secure Unprivileged",0,"16 bytes",0,0000000000000,"INCR",0,00,0,"Data Secure Unprivileged",0,"1 byte",0,"EXOKAY",0,00010800000140000050810400010800,00000000000000000000000000000000,0000,2,0,1,0,2,1,0,2,0,1,2,0,1,0,0,0,0,"No Read Addr Cmds","No Write Addr Cmds","No Write Responses","Active","Active","Inactive","No Read Data Beats","Stream Beat","Stream Beat","No Write Data Beats"
944,944,0,3c1d,1,1,0,40,1,1,0,0,0000000000000,"INCR",3,00,0,"Data Secure Unprivileged",0,"16 bytes",0,0000000000000,"INCR",0,00,0,"Data Secure Unprivileged",0,"1 byte",0,"EXOKAY",0,00010800000140000050810400010800,00000000000000000000000000000000,0000,2,0,1,0,2,1,0,2,0,1,2,0,1,0,0,0,0,"No Read Addr Cmds","No Write Addr Cmds","No Write Responses","Active","Active","Inactive","No Read Data Beats","Stream Beat","Stream Beat","No Write Data Beats"
945,945,0,ebf0,1,1,0,53,1,1,0,0,0000000000000,"INCR",3,00,0,"Data Secure Unprivileged",0,"16 bytes",0,0000000000000,"INCR",0,00,0,"Data Secure Unprivileged",0,"1 byte",0,"EXOKAY",0,00010800000140000050810400010800,00000000000000000000000000000000,0000,2,0,1,0,2,1,0,2,0,1,2,0,1,0,0,0,0,"No Read Addr Cmds","No Write Addr Cmds","No Write Responses","Active","Active","Inactive","No Read Data Beats","Stream Beat","Stream Beat","No Write Data Beats"
946,946,0,2c07,1,1,0,45,1,1,0,0,0000000000000,"INCR",3,00,0,"Data Secure Unprivileged",0,"16 bytes",0,0000000000000,"INCR",0,00,0,"Data Secure Unprivileged",0,"1 byte",0,"EXOKAY",0,00010800000140000050810400010800,00000000000000000000000000000000,0000,2,0,1,0,2,1,0,2,0,1,2,0,1,0,0,0,0,"No Read Addr Cmds","No Write Addr Cmds","No Write Responses","Active","Active","Inactive","No Read Data Beats","Stream Beat","Stream Beat","No Write Data Beats"
947,947,0,b7b2,1,1,0,65516,1,1,0,0,0000000000000,"INCR",3,00,0,"Data Secure Unprivileged",0,"16 bytes",0,0000000000000,"INCR",0,00,0,"Data Secure Unprivileged",0,"1 byte",0,"EXOKAY",0,00010800000140000050810400010800,00000000000000000000000000000000,0000,2,0,1,0,2,1,0,2,0,1,2,0,1,0,0,0,0,"No Read Addr Cmds","No Write Addr Cmds","No Write Responses","Active","Active","Inactive","No Read Data Beats","Stream Beat","Stream Beat","No Write Data Beats"
948,948,0,cd19,1,1,0,4,1,1,0,0,0000000000000,"INCR",3,00,0,"Data Secure Unprivileged",0,"16 bytes",0,0000000000000,"INCR",0,00,0,"Data Secure Unprivileged",0,"1 byte",0,"EXOKAY",0,00010800000140000050810400010800,00000000000000000000000000000000,0000,2,0,1,0,2,1,0,2,0,1,2,0,1,0,0,0,0,"No Read Addr Cmds","No Write Addr Cmds","No Write Responses","Active","Active","Inactive","No Read Data Beats","Stream Beat","Stream Beat","No Write Data Beats"
949,949,0,9c19,1,1,0,18,1,1,0,0,0000000000000,"INCR",3,00,0,"Data Secure Unprivileged",0,"16 bytes",0,0000000000000,"INCR",0,00,0,"Data Secure Unprivileged",0,"1 byte",0,"EXOKAY",0,00010800000140000050810400010800,00000000000000000000000000000000,0000,2,0,1,0,2,1,0,2,0,1,2,0,1,0,0,0,0,"No Read Addr Cmds","No Write Addr Cmds","No Write Responses","Active","Active","Inactive","No Read Data Beats","Stream Beat","Stream Beat","No Write Data Beats"
950,950,0,eaef,1,1,0,18,1,1,0,0,0000000000000,"INCR",3,00,0,"Data Secure Unprivileged",0,"16 bytes",0,0000000000000,"INCR",0,00,0,"Data Secure Unprivileged",0,"1 byte",0,"EXOKAY",0,00010800000140000050810400010800,00000000000000000000000000000000,0000,2,0,1,0,2,1,0,2,0,1,2,0,1,0,0,0,0,"No Read Addr Cmds","No Write Addr Cmds","No Write Responses","Active","Active","Inactive","No Read Data Beats","Stream Beat","Stream Beat","No Write Data Beats"
951,951,0,1c0b,1,1,0,65530,1,1,0,0,0000000000000,"INCR",3,00,0,"Data Secure Unprivileged",0,"16 bytes",0,0000000000000,"INCR",0,00,0,"Data Secure Unprivileged",0,"1 byte",0,"EXOKAY",0,00010800000140000050810400010800,00000000000000000000000000000000,0000,2,0,1,0,2,1,0,2,0,1,2,0,1,0,0,0,0,"No Read Addr Cmds","No Write Addr Cmds","No Write Responses","Active","Active","Inactive","No Read Data Beats","Stream Beat","Stream Beat","No Write Data Beats"
952,952,0,8d75,1,1,0,38,1,1,0,0,0000000000000,"INCR",3,00,0,"Data Secure Unprivileged",0,"16 bytes",0,0000000000000,"INCR",0,00,0,"Data Secure Unprivileged",0,"1 byte",0,"EXOKAY",0,00010800000140000050810400010800,00000000000000000000000000000000,0000,2,0,1,0,2,1,0,2,0,1,2,0,1,0,0,0,0,"No Read Addr Cmds","No Write Addr Cmds","No Write Responses","Active","Active","Inactive","No Read Data Beats","Stream Beat","Stream Beat","No Write Data Beats"
953,953,0,6f34,1,1,0,3,1,1,0,0,0000000000000,"INCR",3,00,0,"Data Secure Unprivileged",0,"16 bytes",0,0000000000000,"INCR",0,00,0,"Data Secure Unprivileged",0,"1 byte",0,"EXOKAY",0,00010800000140000050810400010800,00000000000000000000000000000000,0000,2,0,1,0,2,1,0,2,0,1,2,0,1,0,0,0,0,"No Read Addr Cmds","No Write Addr Cmds","No Write Responses","Active","Active","Inactive","No Read Data Beats","Stream Beat","Stream Beat","No Write Data Beats"
954,954,0,b9cc,1,1,0,6,1,1,0,0,0000000000000,"INCR",3,00,0,"Data Secure Unprivileged",0,"16 bytes",0,0000000000000,"INCR",0,00,0,"Data Secure Unprivileged",0,"1 byte",0,"EXOKAY",0,00010800000140000050810400010800,00000000000000000000000000000000,0000,2,0,1,0,2,1,0,2,0,1,2,0,1,0,0,0,0,"No Read Addr Cmds","No Write Addr Cmds","No Write Responses","Active","Active","Inactive","No Read Data Beats","Stream Beat","Stream Beat","No Write Data Beats"
955,955,0,f4d4,1,1,0,65495,1,1,0,0,0000000000000,"INCR",3,00,0,"Data Secure Unprivileged",0,"16 bytes",0,0000000000000,"INCR",0,00,0,"Data Secure Unprivileged",0,"1 byte",0,"EXOKAY",0,00010800000140000050810400010800,00000000000000000000000000000000,0000,2,0,1,0,2,1,0,2,0,1,2,0,1,0,0,0,0,"No Read Addr Cmds","No Write Addr Cmds","No Write Responses","Active","Active","Inactive","No Read Data Beats","Stream Beat","Stream Beat","No Write Data Beats"
956,956,0,95b2,1,1,0,3,1,1,0,0,0000000000000,"INCR",3,00,0,"Data Secure Unprivileged",0,"16 bytes",0,0000000000000,"INCR",0,00,0,"Data Secure Unprivileged",0,"1 byte",0,"EXOKAY",0,00010800000140000050810400010800,00000000000000000000000000000000,0000,2,0,1,0,2,1,0,2,0,1,2,0,1,0,0,0,0,"No Read Addr Cmds","No Write Addr Cmds","No Write Responses","Active","Active","Inactive","No Read Data Beats","Stream Beat","Stream Beat","No Write Data Beats"
957,957,0,05e4,1,1,0,65510,1,1,0,0,0000000000000,"INCR",3,00,0,"Data Secure Unprivileged",0,"16 bytes",0,0000000000000,"INCR",0,00,0,"Data Secure Unprivileged",0,"1 byte",0,"EXOKAY",0,00010800000140000050810400010800,00000000000000000000000000000000,0000,2,0,1,0,2,1,0,2,0,1,2,0,1,0,0,0,0,"No Read Addr Cmds","No Write Addr Cmds","No Write Responses","Active","Active","Inactive","No Read Data Beats","Stream Beat","Stream Beat","No Write Data Beats"
958,958,0,56b2,1,1,0,65520,1,1,0,0,0000000000000,"INCR",3,00,0,"Data Secure Unprivileged",0,"16 bytes",0,0000000000000,"INCR",0,00,0,"Data Secure Unprivileged",0,"1 byte",0,"EXOKAY",0,00010800000140000050810400010800,00000000000000000000000000000000,0000,2,0,1,0,2,1,0,2,0,1,2,0,1,0,0,0,0,"No Read Addr Cmds","No Write Addr Cmds","No Write Responses","Active","Active","Inactive","No Read Data Beats","Stream Beat","Stream Beat","No Write Data Beats"
959,959,0,e7b9,1,1,0,51,1,1,0,0,0000000000000,"INCR",3,00,0,"Data Secure Unprivileged",0,"16 bytes",0,0000000000000,"INCR",0,00,0,"Data Secure Unprivileged",0,"1 byte",0,"EXOKAY",0,00010800000140000050810400010800,00000000000000000000000000000000,0000,2,0,1,0,2,1,0,2,0,1,2,0,1,0,0,0,0,"No Read Addr Cmds","No Write Addr Cmds","No Write Responses","Active","Active","Inactive","No Read Data Beats","Stream Beat","Stream Beat","No Write Data Beats"
960,960,0,cdde,1,1,0,21,1,1,0,0,0000000000000,"INCR",3,00,0,"Data Secure Unprivileged",0,"16 bytes",0,0000000000000,"INCR",0,00,0,"Data Secure Unprivileged",0,"1 byte",0,"EXOKAY",0,00010800000140000050810400010800,00000000000000000000000000000000,0000,2,0,1,0,2,1,0,2,0,1,2,0,1,0,0,0,0,"No Read Addr Cmds","No Write Addr Cmds","No Write Responses","Active","Active","Inactive","No Read Data Beats","Stream Beat","Stream Beat","No Write Data Beats"
961,961,0,567c,1,1,0,65513,1,1,0,0,0000000000000,"INCR",3,00,0,"Data Secure Unprivileged",0,"16 bytes",0,0000000000000,"INCR",0,00,0,"Data Secure Unprivileged",0,"1 byte",0,"EXOKAY",0,00010800000140000050810400010800,00000000000000000000000000000000,0000,2,0,1,0,2,1,0,2,0,1,2,0,1,0,0,0,0,"No Read Addr Cmds","No Write Addr Cmds","No Write Responses","Active","Active","Inactive","No Read Data Beats","Stream Beat","Stream Beat","No Write Data Beats"
962,962,0,ad75,1,1,0,65527,1,1,0,0,0000000000000,"INCR",3,00,0,"Data Secure Unprivileged",0,"16 bytes",0,0000000000000,"INCR",0,00,0,"Data Secure Unprivileged",0,"1 byte",0,"EXOKAY",0,00010800000140000050810400010800,00000000000000000000000000000000,0000,2,0,1,0,2,1,0,2,0,1,2,0,1,0,0,0,0,"No Read Addr Cmds","No Write Addr Cmds","No Write Responses","Active","Active","Inactive","No Read Data Beats","Stream Beat","Stream Beat","No Write Data Beats"
963,963,0,38af,1,1,0,16,1,1,0,0,0000000000000,"INCR",3,00,0,"Data Secure Unprivileged",0,"16 bytes",0,0000000000000,"INCR",0,00,0,"Data Secure Unprivileged",0,"1 byte",0,"EXOKAY",0,00010800000140000050810400010800,00000000000000000000000000000000,0000,2,0,1,0,2,1,0,2,0,1,2,0,1,0,0,0,0,"No Read Addr Cmds","No Write Addr Cmds","No Write Responses","Active","Active","Inactive","No Read Data Beats","Stream Beat","Stream Beat","No Write Data Beats"
964,964,0,5cee,1,1,0,65520,1,1,0,0,0000000000000,"INCR",3,00,0,"Data Secure Unprivileged",0,"16 bytes",0,0000000000000,"INCR",0,00,0,"Data Secure Unprivileged",0,"1 byte",0,"EXOKAY",0,00010800000140000050810400010800,00000000000000000000000000000000,0000,2,0,1,0,2,1,0,2,0,1,2,0,1,0,0,0,0,"No Read Addr Cmds","No Write Addr Cmds","No Write Responses","Active","Active","Inactive","No Read Data Beats","Stream Beat","Stream Beat","No Write Data Beats"
965,965,0,fad2,1,1,0,19,1,1,0,0,0000000000000,"INCR",3,00,0,"Data Secure Unprivileged",0,"16 bytes",0,0000000000000,"INCR",0,00,0,"Data Secure Unprivileged",0,"1 byte",0,"EXOKAY",0,00010800000140000050810400010800,00000000000000000000000000000000,0000,2,0,1,0,2,1,0,2,0,1,2,0,1,0,0,0,0,"No Read Addr Cmds","No Write Addr Cmds","No Write Responses","Active","Active","Inactive","No Read Data Beats","Stream Beat","Stream Beat","No Write Data Beats"
966,966,0,6ffa,1,1,0,1,1,1,0,0,0000000000000,"INCR",3,00,0,"Data Secure Unprivileged",0,"16 bytes",0,0000000000000,"INCR",0,00,0,"Data Secure Unprivileged",0,"1 byte",0,"EXOKAY",0,00010800000140000050810400010800,00000000000000000000000000000000,0000,2,0,1,0,2,1,0,2,0,1,2,0,1,0,0,0,0,"No Read Addr Cmds","No Write Addr Cmds","No Write Responses","Active","Active","Inactive","No Read Data Beats","Stream Beat","Stream Beat","No Write Data Beats"
967,967,0,aeca,1,1,0,24,1,1,0,0,0000000000000,"INCR",3,00,0,"Data Secure Unprivileged",0,"16 bytes",0,0000000000000,"INCR",0,00,0,"Data Secure Unprivileged",0,"1 byte",0,"EXOKAY",0,00010800000140000050810400010800,00000000000000000000000000000000,0000,2,0,1,0,2,1,0,2,0,1,2,0,1,0,0,0,0,"No Read Addr Cmds","No Write Addr Cmds","No Write Responses","Active","Active","Inactive","No Read Data Beats","Stream Beat","Stream Beat","No Write Data Beats"
968,968,0,ffd7,1,1,0,65534,1,1,0,0,0000000000000,"INCR",3,00,0,"Data Secure Unprivileged",0,"16 bytes",0,0000000000000,"INCR",0,00,0,"Data Secure Unprivileged",0,"1 byte",0,"EXOKAY",0,00010800000140000050810400010800,00000000000000000000000000000000,0000,2,0,1,0,2,1,0,2,0,1,2,0,1,0,0,0,0,"No Read Addr Cmds","No Write Addr Cmds","No Write Responses","Active","Active","Inactive","No Read Data Beats","Stream Beat","Stream Beat","No Write Data Beats"
969,969,0,5572,1,1,0,65523,1,1,0,0,0000000000000,"INCR",3,00,0,"Data Secure Unprivileged",0,"16 bytes",0,0000000000000,"INCR",0,00,0,"Data Secure Unprivileged",0,"1 byte",0,"EXOKAY",0,00010800000140000050810400010800,00000000000000000000000000000000,0000,2,0,1,0,2,1,0,2,0,1,2,0,1,0,0,0,0,"No Read Addr Cmds","No Write Addr Cmds","No Write Responses","Active","Active","Inactive","No Read Data Beats","Stream Beat","Stream Beat","No Write Data Beats"
970,970,0,a7b6,1,1,0,34,1,1,0,0,0000000000000,"INCR",3,00,0,"Data Secure Unprivileged",0,"16 bytes",0,0000000000000,"INCR",0,00,0,"Data Secure Unprivileged",0,"1 byte",0,"EXOKAY",0,00010800000140000050810400010800,00000000000000000000000000000000,0000,2,0,1,0,2,1,0,2,0,1,2,0,1,0,0,0,0,"No Read Addr Cmds","No Write Addr Cmds","No Write Responses","Active","Active","Inactive","No Read Data Beats","Stream Beat","Stream Beat","No Write Data Beats"
971,971,0,7aa5,1,1,0,14,1,1,0,0,0000000000000,"INCR",3,00,0,"Data Secure Unprivileged",0,"16 bytes",0,0000000000000,"INCR",0,00,0,"Data Secure Unprivileged",0,"1 byte",0,"EXOKAY",0,00010800000140000050810400010800,00000000000000000000000000000000,0000,2,0,1,0,2,1,0,2,0,1,2,0,1,0,0,0,0,"No Read Addr Cmds","No Write Addr Cmds","No Write Responses","Active","Active","Inactive","No Read Data Beats","Stream Beat","Stream Beat","No Write Data Beats"
972,972,0,0f04,1,1,0,65522,1,1,0,0,0000000000000,"INCR",3,00,0,"Data Secure Unprivileged",0,"16 bytes",0,0000000000000,"INCR",0,00,0,"Data Secure Unprivileged",0,"1 byte",0,"EXOKAY",0,00010800000140000050810400010800,00000000000000000000000000000000,0000,2,0,1,0,2,1,0,2,0,1,2,0,1,0,0,0,0,"No Read Addr Cmds","No Write Addr Cmds","No Write Responses","Active","Active","Inactive","No Read Data Beats","Stream Beat","Stream Beat","No Write Data Beats"
973,973,0,84b8,1,1,0,42,1,1,0,0,0000000000000,"INCR",3,00,0,"Data Secure Unprivileged",0,"16 bytes",0,0000000000000,"INCR",0,00,0,"Data Secure Unprivileged",0,"1 byte",0,"EXOKAY",0,00010800000140000050810400010800,00000000000000000000000000000000,0000,2,0,1,0,2,1,0,2,0,1,2,0,1,0,0,0,0,"No Read Addr Cmds","No Write Addr Cmds","No Write Responses","Active","Active","Inactive","No Read Data Beats","Stream Beat","Stream Beat","No Write Data Beats"
974,974,0,4e0a,1,1,0,5,1,1,0,0,0000000000000,"INCR",3,00,0,"Data Secure Unprivileged",0,"16 bytes",0,0000000000000,"INCR",0,00,0,"Data Secure Unprivileged",0,"1 byte",0,"EXOKAY",0,00010800000140000050810400010800,00000000000000000000000000000000,0000,2,0,1,0,2,1,0,2,0,1,2,0,1,0,0,0,0,"No Read Addr Cmds","No Write Addr Cmds","No Write Responses","Active","Active","Inactive","No Read Data Beats","Stream Beat","Stream Beat","No Write Data Beats"
975,975,0,de5b,1,1,0,65519,1,1,0,0,0000000000000,"INCR",3,00,0,"Data Secure Unprivileged",0,"16 bytes",0,0000000000000,"INCR",0,00,0,"Data Secure Unprivileged",0,"1 byte",0,"EXOKAY",0,00010800000140000050810400010800,00000000000000000000000000000000,0000,2,0,1,0,2,1,0,2,0,1,2,0,1,0,0,0,0,"No Read Addr Cmds","No Write Addr Cmds","No Write Responses","Active","Active","Inactive","No Read Data Beats","Stream Beat","Stream Beat","No Write Data Beats"
976,976,0,6ed5,1,1,0,65522,1,1,0,0,0000000000000,"INCR",3,00,0,"Data Secure Unprivileged",0,"16 bytes",0,0000000000000,"INCR",0,00,0,"Data Secure Unprivileged",0,"1 byte",0,"EXOKAY",0,00010800000140000050810400010800,00000000000000000000000000000000,0000,2,0,1,0,2,1,0,2,0,1,2,0,1,0,0,0,0,"No Read Addr Cmds","No Write Addr Cmds","No Write Responses","Active","Active","Inactive","No Read Data Beats","Stream Beat","Stream Beat","No Write Data Beats"
977,977,0,f385,1,1,0,36,1,1,0,0,0000000000000,"INCR",3,00,0,"Data Secure Unprivileged",0,"16 bytes",0,0000000000000,"INCR",0,00,0,"Data Secure Unprivileged",0,"1 byte",0,"EXOKAY",0,00010800000140000050810400010800,00000000000000000000000000000000,0000,2,0,1,0,2,1,0,2,0,1,2,0,1,0,0,0,0,"No Read Addr Cmds","No Write Addr Cmds","No Write Responses","Active","Active","Inactive","No Read Data Beats","Stream Beat","Stream Beat","No Write Data Beats"
978,978,0,3240,1,1,0,27,1,1,0,0,0000000000000,"INCR",3,00,0,"Data Secure Unprivileged",0,"16 bytes",0,0000000000000,"INCR",0,00,0,"Data Secure Unprivileged",0,"1 byte",0,"EXOKAY",0,00010800000140000050810400010800,00000000000000000000000000000000,0000,2,0,1,0,2,1,0,2,0,1,2,0,1,0,0,0,0,"No Read Addr Cmds","No Write Addr Cmds","No Write Responses","Active","Active","Inactive","No Read Data Beats","Stream Beat","Stream Beat","No Write Data Beats"
979,979,0,1c7b,1,1,0,65511,1,1,0,0,0000000000000,"INCR",3,00,0,"Data Secure Unprivileged",0,"16 bytes",0,0000000000000,"INCR",0,00,0,"Data Secure Unprivileged",0,"1 byte",0,"EXOKAY",0,00010800000140000050810400010800,00000000000000000000000000000000,0000,2,0,1,0,2,1,0,2,0,1,2,0,1,0,0,0,0,"No Read Addr Cmds","No Write Addr Cmds","No Write Responses","Active","Active","Inactive","No Read Data Beats","Stream Beat","Stream Beat","No Write Data Beats"
980,980,0,4e32,1,1,0,65523,1,1,0,0,0000000000000,"INCR",3,00,0,"Data Secure Unprivileged",0,"16 bytes",0,0000000000000,"INCR",0,00,0,"Data Secure Unprivileged",0,"1 byte",0,"EXOKAY",0,00010800000140000050810400010800,00000000000000000000000000000000,0000,2,0,1,0,2,1,0,2,0,1,2,0,1,0,0,0,0,"No Read Addr Cmds","No Write Addr Cmds","No Write Responses","Active","Active","Inactive","No Read Data Beats","Stream Beat","Stream Beat","No Write Data Beats"
981,981,0,7d3d,1,1,0,24,1,1,0,0,0000000000000,"INCR",3,00,0,"Data Secure Unprivileged",0,"16 bytes",0,0000000000000,"INCR",0,00,0,"Data Secure Unprivileged",0,"1 byte",0,"EXOKAY",0,00010800000140000050810400010800,00000000000000000000000000000000,0000,2,0,1,0,2,1,0,2,0,1,2,0,1,0,0,0,0,"No Read Addr Cmds","No Write Addr Cmds","No Write Responses","Active","Active","Inactive","No Read Data Beats","Stream Beat","Stream Beat","No Write Data Beats"
982,982,0,7de0,1,1,0,65482,1,1,0,0,0000000000000,"INCR",3,00,0,"Data Secure Unprivileged",0,"16 bytes",0,0000000000000,"INCR",0,00,0,"Data Secure Unprivileged",0,"1 byte",0,"EXOKAY",0,00010800000140000050810400010800,00000000000000000000000000000000,0000,2,0,1,0,2,1,0,2,0,1,2,0,1,0,0,0,0,"No Read Addr Cmds","No Write Addr Cmds","No Write Responses","Active","Active","Inactive","No Read Data Beats","Stream Beat","Stream Beat","No Write Data Beats"
983,983,0,65a9,1,1,0,50,1,1,0,0,0000000000000,"INCR",3,00,0,"Data Secure Unprivileged",0,"16 bytes",0,0000000000000,"INCR",0,00,0,"Data Secure Unprivileged",0,"1 byte",0,"EXOKAY",0,00010800000140000050810400010800,00000000000000000000000000000000,0000,2,0,1,0,2,1,0,2,0,1,2,0,1,0,0,0,0,"No Read Addr Cmds","No Write Addr Cmds","No Write Responses","Active","Active","Inactive","No Read Data Beats","Stream Beat","Stream Beat","No Write Data Beats"
984,984,0,dd29,1,1,0,65530,1,1,0,0,0000000000000,"INCR",3,00,0,"Data Secure Unprivileged",0,"16 bytes",0,0000000000000,"INCR",0,00,0,"Data Secure Unprivileged",0,"1 byte",0,"EXOKAY",0,00010800000140000050810400010800,00000000000000000000000000000000,0000,2,0,1,0,2,1,0,2,0,1,2,0,1,0,0,0,0,"No Read Addr Cmds","No Write Addr Cmds","No Write Responses","Active","Active","Inactive","No Read Data Beats","Stream Beat","Stream Beat","No Write Data Beats"
985,985,0,4bbf,1,1,0,32,1,1,0,0,0000000000000,"INCR",3,00,0,"Data Secure Unprivileged",0,"16 bytes",0,0000000000000,"INCR",0,00,0,"Data Secure Unprivileged",0,"1 byte",0,"EXOKAY",0,00010800000140000050810400010800,00000000000000000000000000000000,0000,2,0,1,0,2,1,0,2,0,1,2,0,1,0,0,0,0,"No Read Addr Cmds","No Write Addr Cmds","No Write Responses","Active","Active","Inactive","No Read Data Beats","Stream Beat","Stream Beat","No Write Data Beats"
986,986,0,9bbc,1,1,0,65520,1,1,0,0,0000000000000,"INCR",3,00,0,"Data Secure Unprivileged",0,"16 bytes",0,0000000000000,"INCR",0,00,0,"Data Secure Unprivileged",0,"1 byte",0,"EXOKAY",0,00010800000140000050810400010800,00000000000000000000000000000000,0000,2,0,1,0,2,1,0,2,0,1,2,0,1,0,0,0,0,"No Read Addr Cmds","No Write Addr Cmds","No Write Responses","Active","Active","Inactive","No Read Data Beats","Stream Beat","Stream Beat","No Write Data Beats"
987,987,0,1207,1,1,0,65493,1,1,0,0,0000000000000,"INCR",3,00,0,"Data Secure Unprivileged",0,"16 bytes",0,0000000000000,"INCR",0,00,0,"Data Secure Unprivileged",0,"1 byte",0,"EXOKAY",0,00010800000140000050810400010800,00000000000000000000000000000000,0000,2,0,1,0,2,1,0,2,0,1,2,0,1,0,0,0,0,"No Read Addr Cmds","No Write Addr Cmds","No Write Responses","Active","Active","Inactive","No Read Data Beats","Stream Beat","Stream Beat","No Write Data Beats"
988,988,0,3406,1,1,0,31,1,1,0,0,0000000000000,"INCR",3,00,0,"Data Secure Unprivileged",0,"16 bytes",0,0000000000000,"INCR",0,00,0,"Data Secure Unprivileged",0,"1 byte",0,"EXOKAY",0,00010800000140000050810400010800,00000000000000000000000000000000,0000,2,0,1,0,2,1,0,2,0,1,2,0,1,0,0,0,0,"No Read Addr Cmds","No Write Addr Cmds","No Write Responses","Active","Active","Inactive","No Read Data Beats","Stream Beat","Stream Beat","No Write Data Beats"
989,989,0,d315,1,1,0,65507,1,1,0,0,0000000000000,"INCR",3,00,0,"Data Secure Unprivileged",0,"16 bytes",0,0000000000000,"INCR",0,00,0,"Data Secure Unprivileged",0,"1 byte",0,"EXOKAY",0,00010800000140000050810400010800,00000000000000000000000000000000,0000,2,0,1,0,2,1,0,2,0,1,2,0,1,0,0,0,0,"No Read Addr Cmds","No Write Addr Cmds","No Write Responses","Active","Active","Inactive","No Read Data Beats","Stream Beat","Stream Beat","No Write Data Beats"
990,990,0,8851,1,1,0,5,1,1,0,0,0000000000000,"INCR",3,00,0,"Data Secure Unprivileged",0,"16 bytes",0,0000000000000,"INCR",0,00,0,"Data Secure Unprivileged",0,"1 byte",0,"EXOKAY",0,00010800000140000050810400010800,00000000000000000000000000000000,0000,2,0,1,0,2,1,0,2,0,1,2,0,1,0,0,0,0,"No Read Addr Cmds","No Write Addr Cmds","No Write Responses","Active","Active","Inactive","No Read Data Beats","Stream Beat","Stream Beat","No Write Data Beats"
991,991,0,e5c9,1,1,0,27,1,1,0,0,0000000000000,"INCR",3,00,0,"Data Secure Unprivileged",0,"16 bytes",0,0000000000000,"INCR",0,00,0,"Data Secure Unprivileged",0,"1 byte",0,"EXOKAY",0,00010800000140000050810400010800,00000000000000000000000000000000,0000,2,0,1,0,2,1,0,2,0,1,2,0,1,0,0,0,0,"No Read Addr Cmds","No Write Addr Cmds","No Write Responses","Active","Active","Inactive","No Read Data Beats","Stream Beat","Stream Beat","No Write Data Beats"
992,992,0,a4b8,1,1,0,18,1,1,0,0,0000000000000,"INCR",3,00,0,"Data Secure Unprivileged",0,"16 bytes",0,0000000000000,"INCR",0,00,0,"Data Secure Unprivileged",0,"1 byte",0,"EXOKAY",0,00010800000140000050810400010800,00000000000000000000000000000000,0000,2,0,1,0,2,1,0,2,0,1,2,0,1,0,0,0,0,"No Read Addr Cmds","No Write Addr Cmds","No Write Responses","Active","Active","Inactive","No Read Data Beats","Stream Beat","Stream Beat","No Write Data Beats"
993,993,0,cee9,1,1,0,65515,1,1,0,0,0000000000000,"INCR",3,00,0,"Data Secure Unprivileged",0,"16 bytes",0,0000000000000,"INCR",0,00,0,"Data Secure Unprivileged",0,"1 byte",0,"EXOKAY",0,00010800000140000050810400010800,00000000000000000000000000000000,0000,2,0,1,0,2,1,0,2,0,1,2,0,1,0,0,0,0,"No Read Addr Cmds","No Write Addr Cmds","No Write Responses","Active","Active","Inactive","No Read Data Beats","Stream Beat","Stream Beat","No Write Data Beats"
994,994,0,a442,1,1,0,1,1,1,0,0,0000000000000,"INCR",3,00,0,"Data Secure Unprivileged",0,"16 bytes",0,0000000000000,"INCR",0,00,0,"Data Secure Unprivileged",0,"1 byte",0,"EXOKAY",0,00010800000140000050810400010800,00000000000000000000000000000000,0000,2,0,1,0,2,1,0,2,0,1,2,0,1,0,0,0,0,"No Read Addr Cmds","No Write Addr Cmds","No Write Responses","Active","Active","Inactive","No Read Data Beats","Stream Beat","Stream Beat","No Write Data Beats"
995,995,0,bc51,1,1,0,65527,1,1,0,0,0000000000000,"INCR",3,00,0,"Data Secure Unprivileged",0,"16 bytes",0,0000000000000,"INCR",0,00,0,"Data Secure Unprivileged",0,"1 byte",0,"EXOKAY",0,00010800000140000050810400010800,00000000000000000000000000000000,0000,2,0,1,0,2,1,0,2,0,1,2,0,1,0,0,0,0,"No Read Addr Cmds","No Write Addr Cmds","No Write Responses","Active","Active","Inactive","No Read Data Beats","Stream Beat","Stream Beat","No Write Data Beats"
996,996,0,5466,1,1,0,33,1,1,0,0,0000000000000,"INCR",3,00,0,"Data Secure Unprivileged",0,"16 bytes",0,0000000000000,"INCR",0,00,0,"Data Secure Unprivileged",0,"1 byte",0,"EXOKAY",0,00010800000140000050810400010800,00000000000000000000000000000000,0000,2,0,1,0,2,1,0,2,0,1,2,0,1,0,0,0,0,"No Read Addr Cmds","No Write Addr Cmds","No Write Responses","Active","Active","Inactive","No Read Data Beats","Stream Beat","Stream Beat","No Write Data Beats"
997,997,0,3721,1,1,0,65523,1,1,0,0,0000000000000,"INCR",3,00,0,"Data Secure Unprivileged",0,"16 bytes",0,0000000000000,"INCR",0,00,0,"Data Secure Unprivileged",0,"1 byte",0,"EXOKAY",0,00010800000140000050810400010800,00000000000000000000000000000000,0000,2,0,1,0,2,1,0,2,0,1,2,0,1,0,0,0,0,"No Read Addr Cmds","No Write Addr Cmds","No Write Responses","Active","Active","Inactive","No Read Data Beats","Stream Beat","Stream Beat","No Write Data Beats"
998,998,0,5585,1,1,0,13,1,1,0,0,0000000000000,"INCR",3,00,0,"Data Secure Unprivileged",0,"16 bytes",0,0000000000000,"INCR",0,00,0,"Data Secure Unprivileged",0,"1 byte",0,"EXOKAY",0,00010800000140000050810400010800,00000000000000000000000000000000,0000,2,0,1,0,2,1,0,2,0,1,2,0,1,0,0,0,0,"No Read Addr Cmds","No Write Addr Cmds","No Write Responses","Active","Active","Inactive","No Read Data Beats","Stream Beat","Stream Beat","No Write Data Beats"
999,999,0,d9e4,1,1,0,65520,1,1,0,0,0000000000000,"INCR",3,00,0,"Data Secure Unprivileged",0,"16 bytes",0,0000000000000,"INCR",0,00,0,"Data Secure Unprivileged",0,"1 byte",0,"EXOKAY",0,00010800000140000050810400010800,00000000000000000000000000000000,0000,2,0,1,0,2,1,0,2,0,1,2,0,1,0,0,0,0,"No Read Addr Cmds","No Write Addr Cmds","No Write Responses","Active","Active","Inactive","No Read Data Beats","Stream Beat","Stream Beat","No Write Data Beats"
1000,1000,0,363b,1,1,0,65488,1,1,0,0,0000000000000,"INCR",3,00,0,"Data Secure Unprivileged",0,"16 bytes",0,0000000000000,"INCR",0,00,0,"Data Secure Unprivileged",0,"1 byte",0,"EXOKAY",0,00010800000140000050810400010800,00000000000000000000000000000000,0000,2,0,1,0,2,1,0,2,0,1,2,0,1,0,0,0,0,"No Read Addr Cmds","No Write Addr Cmds","No Write Responses","Active","Active","Inactive","No Read Data Beats","Stream Beat","Stream Beat","No Write Data Beats"
1001,1001,0,ac8f,1,1,0,65527,1,1,0,0,0000000000000,"INCR",3,00,0,"Data Secure Unprivileged",0,"16 bytes",0,0000000000000,"INCR",0,00,0,"Data Secure Unprivileged",0,"1 byte",0,"EXOKAY",0,00010800000140000050810400010800,00000000000000000000000000000000,0000,2,0,1,0,2,1,0,2,0,1,2,0,1,0,0,0,0,"No Read Addr Cmds","No Write Addr Cmds","No Write Responses","Active","Active","Inactive","No Read Data Beats","Stream Beat","Stream Beat","No Write Data Beats"
1002,1002,0,db80,1,1,0,65495,1,1,0,0,0000000000000,"INCR",3,00,0,"Data Secure Unprivileged",0,"16 bytes",0,0000000000000,"INCR",0,00,0,"Data Secure Unprivileged",0,"1 byte",0,"EXOKAY",0,00010800000140000050810400010800,00000000000000000000000000000000,0000,2,0,1,0,2,1,0,2,0,1,2,0,1,0,0,0,0,"No Read Addr Cmds","No Write Addr Cmds","No Write Responses","Active","Active","Inactive","No Read Data Beats","Stream Beat","Stream Beat","No Write Data Beats"
1003,1003,0,73f5,1,1,0,65507,1,1,0,0,0000000000000,"INCR",3,00,0,"Data Secure Unprivileged",0,"16 bytes",0,0000000000000,"INCR",0,00,0,"Data Secure Unprivileged",0,"1 byte",0,"EXOKAY",0,00010800000140000050810400010800,00000000000000000000000000000000,0000,2,0,1,0,2,1,0,2,0,1,2,0,1,0,0,0,0,"No Read Addr Cmds","No Write Addr Cmds","No Write Responses","Active","Active","Inactive","No Read Data Beats","Stream Beat","Stream Beat","No Write Data Beats"
1004,1004,0,b492,1,1,0,65523,1,1,0,0,0000000000000,"INCR",3,00,0,"Data Secure Unprivileged",0,"16 bytes",0,0000000000000,"INCR",0,00,0,"Data Secure Unprivileged",0,"1 byte",0,"EXOKAY",0,00010800000140000050810400010800,00000000000000000000000000000000,0000,2,0,1,0,2,1,0,2,0,1,2,0,1,0,0,0,0,"No Read Addr Cmds","No Write Addr Cmds","No Write Responses","Active","Active","Inactive","No Read Data Beats","Stream Beat","Stream Beat","No Write Data Beats"
1005,1005,0,ad39,1,1,0,33,1,1,0,0,0000000000000,"INCR",3,00,0,"Data Secure Unprivileged",0,"16 bytes",0,0000000000000,"INCR",0,00,0,"Data Secure Unprivileged",0,"1 byte",0,"EXOKAY",0,00010800000140000050810400010800,00000000000000000000000000000000,0000,2,0,1,0,2,1,0,2,0,1,2,0,1,0,0,0,0,"No Read Addr Cmds","No Write Addr Cmds","No Write Responses","Active","Active","Inactive","No Read Data Beats","Stream Beat","Stream Beat","No Write Data Beats"
1006,1006,0,d503,1,1,0,65508,1,1,0,0,0000000000000,"INCR",3,00,0,"Data Secure Unprivileged",0,"16 bytes",0,0000000000000,"INCR",0,00,0,"Data Secure Unprivileged",0,"1 byte",0,"EXOKAY",0,00010800000140000050810400010800,00000000000000000000000000000000,0000,2,0,1,0,2,1,0,2,0,1,2,0,1,0,0,0,0,"No Read Addr Cmds","No Write Addr Cmds","No Write Responses","Active","Active","Inactive","No Read Data Beats","Stream Beat","Stream Beat","No Write Data Beats"
1007,1007,0,d8e0,1,1,0,65532,1,1,0,0,0000000000000,"INCR",3,00,0,"Data Secure Unprivileged",0,"16 bytes",0,0000000000000,"INCR",0,00,0,"Data Secure Unprivileged",0,"1 byte",0,"EXOKAY",0,00010800000140000050810400010800,00000000000000000000000000000000,0000,2,0,1,0,2,1,0,2,0,1,2,0,1,0,0,0,0,"No Read Addr Cmds","No Write Addr Cmds","No Write Responses","Active","Active","Inactive","No Read Data Beats","Stream Beat","Stream Beat","No Write Data Beats"
1008,1008,0,8065,1,1,0,12,1,1,0,0,0000000000000,"INCR",3,00,0,"Data Secure Unprivileged",0,"16 bytes",0,0000000000000,"INCR",0,00,0,"Data Secure Unprivileged",0,"1 byte",0,"EXOKAY",0,00010800000140000050810400010800,00000000000000000000000000000000,0000,2,0,1,0,2,1,0,2,0,1,2,0,1,0,0,0,0,"No Read Addr Cmds","No Write Addr Cmds","No Write Responses","Active","Active","Inactive","No Read Data Beats","Stream Beat","Stream Beat","No Write Data Beats"
1009,1009,0,2850,1,1,0,6,1,1,0,0,0000000000000,"INCR",3,00,0,"Data Secure Unprivileged",0,"16 bytes",0,0000000000000,"INCR",0,00,0,"Data Secure Unprivileged",0,"1 byte",0,"EXOKAY",0,00010800000140000050810400010800,00000000000000000000000000000000,0000,2,0,1,0,2,1,0,2,0,1,2,0,1,0,0,0,0,"No Read Addr Cmds","No Write Addr Cmds","No Write Responses","Active","Active","Inactive","No Read Data Beats","Stream Beat","Stream Beat","No Write Data Beats"
1010,1010,0,46ae,1,1,0,65526,1,1,0,0,0000000000000,"INCR",3,00,0,"Data Secure Unprivileged",0,"16 bytes",0,0000000000000,"INCR",0,00,0,"Data Secure Unprivileged",0,"1 byte",0,"EXOKAY",0,00010800000140000050810400010800,00000000000000000000000000000000,0000,2,0,1,0,2,1,0,2,0,1,2,0,1,0,0,0,0,"No Read Addr Cmds","No Write Addr Cmds","No Write Responses","Active","Active","Inactive","No Read Data Beats","Stream Beat","Stream Beat","No Write Data Beats"
1011,1011,0,819b,1,1,0,21,1,1,0,0,0000000000000,"INCR",3,00,0,"Data Secure Unprivileged",0,"16 bytes",0,0000000000000,"INCR",0,00,0,"Data Secure Unprivileged",0,"1 byte",0,"EXOKAY",0,00010800000140000050810400010800,00000000000000000000000000000000,0000,2,0,1,0,2,1,0,2,0,1,2,0,1,0,0,0,0,"No Read Addr Cmds","No Write Addr Cmds","No Write Responses","Active","Active","Inactive","No Read Data Beats","Stream Beat","Stream Beat","No Write Data Beats"
1012,1012,0,77cf,1,1,0,35,1,1,0,0,0000000000000,"INCR",3,00,0,"Data Secure Unprivileged",0,"16 bytes",0,0000000000000,"INCR",0,00,0,"Data Secure Unprivileged",0,"1 byte",0,"EXOKAY",0,00010800000140000050810400010800,00000000000000000000000000000000,0000,2,0,1,0,2,1,0,2,0,1,2,0,1,0,0,0,0,"No Read Addr Cmds","No Write Addr Cmds","No Write Responses","Active","Active","Inactive","No Read Data Beats","Stream Beat","Stream Beat","No Write Data Beats"
1013,1013,0,dee0,1,1,0,61,1,1,0,0,0000000000000,"INCR",3,00,0,"Data Secure Unprivileged",0,"16 bytes",0,0000000000000,"INCR",0,00,0,"Data Secure Unprivileged",0,"1 byte",0,"EXOKAY",0,00010800000140000050810400010800,00000000000000000000000000000000,0000,2,0,1,0,2,1,0,2,0,1,2,0,1,0,0,0,0,"No Read Addr Cmds","No Write Addr Cmds","No Write Responses","Active","Active","Inactive","No Read Data Beats","Stream Beat","Stream Beat","No Write Data Beats"
1014,1014,0,ab22,1,1,0,65503,1,1,0,0,0000000000000,"INCR",3,00,0,"Data Secure Unprivileged",0,"16 bytes",0,0000000000000,"INCR",0,00,0,"Data Secure Unprivileged",0,"1 byte",0,"EXOKAY",0,00010800000140000050810400010800,00000000000000000000000000000000,0000,2,0,1,0,2,1,0,2,0,1,2,0,1,0,0,0,0,"No Read Addr Cmds","No Write Addr Cmds","No Write Responses","Active","Active","Inactive","No Read Data Beats","Stream Beat","Stream Beat","No Write Data Beats"
1015,1015,0,602e,1,1,0,27,1,1,0,0,0000000000000,"INCR",3,00,0,"Data Secure Unprivileged",0,"16 bytes",0,0000000000000,"INCR",0,00,0,"Data Secure Unprivileged",0,"1 byte",0,"EXOKAY",0,00010800000140000050810400010800,00000000000000000000000000000000,0000,2,0,1,0,2,1,0,2,0,1,2,0,1,0,0,0,0,"No Read Addr Cmds","No Write Addr Cmds","No Write Responses","Active","Active","Inactive","No Read Data Beats","Stream Beat","Stream Beat","No Write Data Beats"
1016,1016,0,4b16,1,1,0,65503,1,1,0,0,0000000000000,"INCR",3,00,0,"Data Secure Unprivileged",0,"16 bytes",0,0000000000000,"INCR",0,00,0,"Data Secure Unprivileged",0,"1 byte",0,"EXOKAY",0,00010800000140000050810400010800,00000000000000000000000000000000,0000,2,0,1,0,2,1,0,2,0,1,2,0,1,0,0,0,0,"No Read Addr Cmds","No Write Addr Cmds","No Write Responses","Active","Active","Inactive","No Read Data Beats","Stream Beat","Stream Beat","No Write Data Beats"
1017,1017,0,0d8e,1,1,0,28,1,1,0,0,0000000000000,"INCR",3,00,0,"Data Secure Unprivileged",0,"16 bytes",0,0000000000000,"INCR",0,00,0,"Data Secure Unprivileged",0,"1 byte",0,"EXOKAY",0,00010800000140000050810400010800,00000000000000000000000000000000,0000,2,0,1,0,2,1,0,2,0,1,2,0,1,0,0,0,0,"No Read Addr Cmds","No Write Addr Cmds","No Write Responses","Active","Active","Inactive","No Read Data Beats","Stream Beat","Stream Beat","No Write Data Beats"
1018,1018,0,f66b,1,1,0,19,1,1,0,0,0000000000000,"INCR",3,00,0,"Data Secure Unprivileged",0,"16 bytes",0,0000000000000,"INCR",0,00,0,"Data Secure Unprivileged",0,"1 byte",0,"EXOKAY",0,00010800000140000050810400010800,00000000000000000000000000000000,0000,2,0,1,0,2,1,0,2,0,1,2,0,1,0,0,0,0,"No Read Addr Cmds","No Write Addr Cmds","No Write Responses","Active","Active","Inactive","No Read Data Beats","Stream Beat","Stream Beat","No Write Data Beats"
1019,1019,0,8ec8,1,1,0,44,1,1,0,0,0000000000000,"INCR",3,00,0,"Data Secure Unprivileged",0,"16 bytes",0,0000000000000,"INCR",0,00,0,"Data Secure Unprivileged",0,"1 byte",0,"EXOKAY",0,00010800000140000050810400010800,00000000000000000000000000000000,0000,2,0,1,0,2,1,0,2,0,1,2,0,1,0,0,0,0,"No Read Addr Cmds","No Write Addr Cmds","No Write Responses","Active","Active","Inactive","No Read Data Beats","Stream Beat","Stream Beat","No Write Data Beats"
1020,1020,0,50e4,1,1,0,65521,1,1,0,0,0000000000000,"INCR",3,00,0,"Data Secure Unprivileged",0,"16 bytes",0,0000000000000,"INCR",0,00,0,"Data Secure Unprivileged",0,"1 byte",0,"EXOKAY",0,00010800000140000050810400010800,00000000000000000000000000000000,0000,2,0,1,0,2,1,0,2,0,1,2,0,1,0,0,0,0,"No Read Addr Cmds","No Write Addr Cmds","No Write Responses","Active","Active","Inactive","No Read Data Beats","Stream Beat","Stream Beat","No Write Data Beats"
1021,1021,0,82bc,1,1,0,5,1,1,0,0,0000000000000,"INCR",3,00,0,"Data Secure Unprivileged",0,"16 bytes",0,0000000000000,"INCR",0,00,0,"Data Secure Unprivileged",0,"1 byte",0,"EXOKAY",0,00010800000140000050810400010800,00000000000000000000000000000000,0000,2,0,1,0,2,1,0,2,0,1,2,0,1,0,0,0,0,"No Read Addr Cmds","No Write Addr Cmds","No Write Responses","Active","Active","Inactive","No Read Data Beats","Stream Beat","Stream Beat","No Write Data Beats"
1022,1022,0,5603,1,1,0,65494,1,1,0,0,0000000000000,"INCR",3,00,0,"Data Secure Unprivileged",0,"16 bytes",0,0000000000000,"INCR",0,00,0,"Data Secure Unprivileged",0,"1 byte",0,"EXOKAY",0,00010800000140000050810400010800,00000000000000000000000000000000,0000,2,0,1,0,2,1,0,2,0,1,2,0,1,0,0,0,0,"No Read Addr Cmds","No Write Addr Cmds","No Write Responses","Active","Active","Inactive","No Read Data Beats","Stream Beat","Stream Beat","No Write Data Beats"
1023,1023,0,1daf,1,1,0,38,1,1,0,0,0000000000000,"INCR",3,00,0,"Data Secure Unprivileged",0,"16 bytes",0,0000000000000,"INCR",0,00,0,"Data Secure Unprivileged",0,"1 byte",0,"EXOKAY",0,00010800000140000050810400010800,00000000000000000000000000000000,0000,2,0,1,0,2,1,0,2,0,1,2,0,1,0,0,0,0,"No Read Addr Cmds","No Write Addr Cmds","No Write Responses","Active","Active","Inactive","No Read Data Beats","Stream Beat","Stream Beat","No Write Data Beats"
