Copyright 1986-2022 Xilinx, Inc. All Rights Reserved. Copyright 2022-2024 Advanced Micro Devices, Inc. All Rights Reserved.
--------------------------------------------------------------------------------------------------------------------------------------------------
| Tool Version      : Vivado v.2024.1 (win64) Build 5076996 Wed May 22 18:37:14 MDT 2024
| Date              : Fri Mar 21 14:41:30 2025
| Host              : EEE-R343-01 running 64-bit major release  (build 9200)
| Command           : report_clock_utilization -file PYNQ_Design_wrapper_clock_utilization_routed.rpt
| Design            : PYNQ_Design_wrapper
| Device            : xczu28dr-ffvg1517
| Speed File        : -2  PRODUCTION 1.30 05-03-2022
| Temperature Grade : E
| Design State      : Routed
--------------------------------------------------------------------------------------------------------------------------------------------------

Clock Utilization Report

Table of Contents
-----------------
1. Clock Primitive Utilization
2. Global Clock Resources
3. Global Clock Source Details
4. Clock Regions : Clock Primitives
5. Clock Regions : Load Primitives
6. Clock Regions : Global Clock Summary
7. Clock Regions : Routing Resource Utilization
8. Device Cell Placement Summary for Global Clock g0
9. Device Cell Placement Summary for Global Clock g1
10. Device Cell Placement Summary for Global Clock g2
11. Device Cell Placement Summary for Global Clock g3
12. Device Cell Placement Summary for Global Clock g4
13. Device Cell Placement Summary for Global Clock g5
14. Clock Region Cell Placement per Global Clock: Region X1Y0
15. Clock Region Cell Placement per Global Clock: Region X2Y0
16. Clock Region Cell Placement per Global Clock: Region X3Y0
17. Clock Region Cell Placement per Global Clock: Region X4Y0
18. Clock Region Cell Placement per Global Clock: Region X5Y0
19. Clock Region Cell Placement per Global Clock: Region X1Y1
20. Clock Region Cell Placement per Global Clock: Region X2Y1
21. Clock Region Cell Placement per Global Clock: Region X3Y1
22. Clock Region Cell Placement per Global Clock: Region X4Y1
23. Clock Region Cell Placement per Global Clock: Region X5Y1
24. Clock Region Cell Placement per Global Clock: Region X1Y2
25. Clock Region Cell Placement per Global Clock: Region X2Y2
26. Clock Region Cell Placement per Global Clock: Region X3Y2
27. Clock Region Cell Placement per Global Clock: Region X4Y2
28. Clock Region Cell Placement per Global Clock: Region X5Y2
29. Clock Region Cell Placement per Global Clock: Region X0Y3
30. Clock Region Cell Placement per Global Clock: Region X1Y3
31. Clock Region Cell Placement per Global Clock: Region X2Y3
32. Clock Region Cell Placement per Global Clock: Region X3Y3
33. Clock Region Cell Placement per Global Clock: Region X4Y3
34. Clock Region Cell Placement per Global Clock: Region X5Y3
35. Clock Region Cell Placement per Global Clock: Region X2Y4
36. Clock Region Cell Placement per Global Clock: Region X3Y4
37. Clock Region Cell Placement per Global Clock: Region X4Y4
38. Clock Region Cell Placement per Global Clock: Region X5Y4
39. Clock Region Cell Placement per Global Clock: Region X0Y5
40. Clock Region Cell Placement per Global Clock: Region X1Y5
41. Clock Region Cell Placement per Global Clock: Region X2Y5
42. Clock Region Cell Placement per Global Clock: Region X3Y5
43. Clock Region Cell Placement per Global Clock: Region X4Y5
44. Clock Region Cell Placement per Global Clock: Region X5Y5
45. Clock Region Cell Placement per Global Clock: Region X2Y6
46. Clock Region Cell Placement per Global Clock: Region X4Y7

1. Clock Primitive Utilization
------------------------------

+------------+------+-----------+-----+--------------+--------+
| Type       | Used | Available | LOC | Clock Region | Pblock |
+------------+------+-----------+-----+--------------+--------+
| BUFGCE     |    3 |       216 |   0 |            0 |      0 |
| BUFGCE_DIV |    0 |        32 |   0 |            0 |      0 |
| BUFGCTRL   |    0 |        64 |   0 |            0 |      0 |
| BUFG_GT    |    2 |       312 |   0 |            0 |      0 |
| BUFG_PS    |    1 |        72 |   0 |            0 |      0 |
| MMCM       |    1 |         8 |   0 |            0 |      0 |
| PLL        |    0 |        16 |   0 |            0 |      0 |
+------------+------+-----------+-----+--------------+--------+


2. Global Clock Resources
-------------------------

+-----------+-----------+-----------------+------------+---------------+--------------+------+-------------------+------------------+-------------------+-------------+-----------------+--------------+-----------------------------------------------------------------------------------------------------+----------------------------------------------------------------------------------------------------------------+----------------------------------------------------------------------------------------------------------+
| Global Id | Source Id | Driver Type/Pin | Constraint | Site          | Clock Region | Root | Clock Delay Group | Clock Low Fanout | Load Clock Region | Clock Loads | Non-Clock Loads | Clock Period | Clock                                                                                               | Driver Pin                                                                                                     | Net                                                                                                      |
+-----------+-----------+-----------------+------------+---------------+--------------+------+-------------------+------------------+-------------------+-------------+-----------------+--------------+-----------------------------------------------------------------------------------------------------+----------------------------------------------------------------------------------------------------------------+----------------------------------------------------------------------------------------------------------+
| g0        | src0      | BUFGCE/O        | None       | BUFGCE_X0Y179 | X4Y7         | X3Y1 |                   |                  |                11 |       10091 |               0 |        7.812 | clk_out1_PYNQ_Design_clk_wiz_0_0                                                                    | PYNQ_Design_i/RX/clk_wiz_0/inst/clkout1_buf/O                                                                  | PYNQ_Design_i/RX/clk_wiz_0/inst/clk_out1                                                                 |
| g1        | src1      | BUFG_GT/O       | None       | BUFG_GT_X1Y96 | X5Y4         | X2Y3 |                   |                  |                17 |        7363 |               0 |        7.813 | RFDAC0_CLK                                                                                          | PYNQ_Design_i/usp_rf_data_converter_0/inst/i_PYNQ_Design_usp_rf_data_converter_0_0_bufg_gt_ctrl/dac0_bufg_gt/O | PYNQ_Design_i/usp_rf_data_converter_0/inst/i_PYNQ_Design_usp_rf_data_converter_0_0_bufg_gt_ctrl/clk_dac0 |
| g2        | src2      | BUFG_PS/O       | None       | BUFG_PS_X0Y61 | X1Y2         | X3Y2 |                   |                  |                12 |        4525 |               0 |       10.000 | clk_pl_0                                                                                            | PYNQ_Design_i/zynq_ultra_ps_e_0/U0/buffer_pl_clk_0.PL_CLK_0_BUFG/O                                             | PYNQ_Design_i/zynq_ultra_ps_e_0/U0/pl_clk0                                                               |
| g3        | src3      | BUFGCE/O        | None       | BUFGCE_X0Y128 | X4Y5         | X3Y1 |                   |                  |                 3 |         465 |               0 |       50.000 | dbg_hub/inst/BSCANID.u_xsdbm_id/SWITCH_N_EXT_BSCAN.bscan_inst/SERIES7_BSCAN.bscan_inst/INTERNAL_TCK | dbg_hub/inst/BSCANID.u_xsdbm_id/SWITCH_N_EXT_BSCAN.u_bufg_icon_tck/O                                           | dbg_hub/inst/BSCANID.u_xsdbm_id/itck_i                                                                   |
| g4        | src4      | BUFGCE/O        | None       | BUFGCE_X0Y50  | X4Y2         | X4Y2 | n/a               |                  |                 4 |           0 |            1246 |          n/a | n/a                                                                                                 | PYNQ_Design_i/rst_ps8_0_96M/U0/ACTIVE_LOW_PR_OUT_DFF[0].FDRE_PER_N_bufg_place/O                                | PYNQ_Design_i/rst_ps8_0_96M/U0/peripheral_aresetn[0]                                                     |
| g5        | src5      | BUFG_GT/O       | None       | BUFG_GT_X1Y18 | X5Y0         | X4Y7 | n/a               |                  |                 1 |           0 |               1 |       15.625 | RFADC0_CLK                                                                                          | PYNQ_Design_i/usp_rf_data_converter_0/inst/i_PYNQ_Design_usp_rf_data_converter_0_0_bufg_gt_ctrl/adc0_bufg_gt/O | PYNQ_Design_i/usp_rf_data_converter_0/inst/i_PYNQ_Design_usp_rf_data_converter_0_0_bufg_gt_ctrl/clk_adc0 |
+-----------+-----------+-----------------+------------+---------------+--------------+------+-------------------+------------------+-------------------+-------------+-----------------+--------------+-----------------------------------------------------------------------------------------------------+----------------------------------------------------------------------------------------------------------------+----------------------------------------------------------------------------------------------------------+
* Clock Loads column represents cell count of net connects that connect to a clock pin. Internal cell leaf pins are not considered
** Non-Clock Loads column represents cell count of non-clock pin loads


3. Global Clock Source Details
------------------------------

+-----------+-----------+--------------------+------------+------------------+--------------+-------------+-----------------+---------------------+-----------------------------------------------------------------------------------------------------+-----------------------------------------------------------------------------------------------------------------+-----------------------------------------------------------------------------------------------------------+
| Source Id | Global Id | Driver Type/Pin    | Constraint | Site             | Clock Region | Clock Loads | Non-Clock Loads | Source Clock Period | Source Clock                                                                                        | Driver Pin                                                                                                      | Net                                                                                                       |
+-----------+-----------+--------------------+------------+------------------+--------------+-------------+-----------------+---------------------+-----------------------------------------------------------------------------------------------------+-----------------------------------------------------------------------------------------------------------------+-----------------------------------------------------------------------------------------------------------+
| src0      | g0        | MMCME4_ADV/CLKOUT0 | None       | MMCM_X0Y7        | X4Y7         |           1 |               0 |               7.812 | clk_out1_PYNQ_Design_clk_wiz_0_0                                                                    | PYNQ_Design_i/RX/clk_wiz_0/inst/mmcme4_adv_inst/CLKOUT0                                                         | PYNQ_Design_i/RX/clk_wiz_0/inst/clk_out1_PYNQ_Design_clk_wiz_0_0                                          |
| src1      | g1        | HSDAC/CLK_DAC      | HSDAC_X0Y0 | HSDAC_X0Y0       | X5Y4         |           2 |               0 |               7.813 | RFDAC0_CLK                                                                                          | PYNQ_Design_i/usp_rf_data_converter_0/inst/PYNQ_Design_usp_rf_data_converter_0_0_rf_wrapper_i/tx0_u_dac/CLK_DAC | PYNQ_Design_i/usp_rf_data_converter_0/inst/PYNQ_Design_usp_rf_data_converter_0_0_rf_wrapper_i/tx0_u_dac_0 |
| src2      | g2        | PS8/PLCLK[0]       | None       | PS8_X0Y0         | X0Y0         |           1 |               0 |              10.000 | clk_pl_0                                                                                            | PYNQ_Design_i/zynq_ultra_ps_e_0/U0/PS8_i/PLCLK[0]                                                               | PYNQ_Design_i/zynq_ultra_ps_e_0/U0/pl_clk_unbuffered[0]                                                   |
| src3      | g3        | BSCANE2/TCK        | None       | CONFIG_SITE_X0Y0 | X5Y1         |           1 |               0 |              50.000 | dbg_hub/inst/BSCANID.u_xsdbm_id/SWITCH_N_EXT_BSCAN.bscan_inst/SERIES7_BSCAN.bscan_inst/INTERNAL_TCK | dbg_hub/inst/BSCANID.u_xsdbm_id/SWITCH_N_EXT_BSCAN.bscan_inst/SERIES7_BSCAN.bscan_inst/TCK                      | dbg_hub/inst/BSCANID.u_xsdbm_id/SWITCH_N_EXT_BSCAN.bscan_inst/TCK                                         |
| src4      | g4        | FDRE/Q             | None       | SLICE_X30Y121    | X1Y2         |           1 |               0 |                     |                                                                                                     | PYNQ_Design_i/rst_ps8_0_96M/U0/ACTIVE_LOW_PR_OUT_DFF[0].FDRE_PER_N/Q                                            | PYNQ_Design_i/rst_ps8_0_96M/U0/peripheral_aresetn[0]_bufg_place                                           |
| src5      | g5        | HSADC/CLK_ADC      | HSADC_X0Y0 | HSADC_X0Y0       | X5Y0         |           2 |               0 |              15.625 | RFADC0_CLK                                                                                          | PYNQ_Design_i/usp_rf_data_converter_0/inst/PYNQ_Design_usp_rf_data_converter_0_0_rf_wrapper_i/rx0_u_adc/CLK_ADC | PYNQ_Design_i/usp_rf_data_converter_0/inst/PYNQ_Design_usp_rf_data_converter_0_0_rf_wrapper_i/clk_adc0    |
+-----------+-----------+--------------------+------------+------------------+--------------+-------------+-----------------+---------------------+-----------------------------------------------------------------------------------------------------+-----------------------------------------------------------------------------------------------------------------+-----------------------------------------------------------------------------------------------------------+
* Clock Loads column represents cell count of net connects that connect to a clock pin. Internal cell leaf pins are not considered
** Non-Clock Loads column represents cell count of non-clock pin loads


4. Clock Regions : Clock Primitives
-----------------------------------

+-------------------+---------------+---------------+---------------+---------------+---------------+---------------+---------------+---------------+
|                   |  Global Clock |     BUFGCE    |   BUFGCE_DIV  |    BUFGCTRL   |    BUFG_GT    |    BUFG_PS    |      MMCM     |      PLL      |
+-------------------+-------+-------+-------+-------+-------+-------+-------+-------+-------+-------+-------+-------+-------+-------+-------+-------+
| Clock Region Name | Used  | Avail | Used  | Avail | Used  | Avail | Used  | Avail | Used  | Avail | Used  | Avail | Used  | Avail | Used  | Avail |
+-------------------+-------+-------+-------+-------+-------+-------+-------+-------+-------+-------+-------+-------+-------+-------+-------+-------+
| X0Y0              |     0 |     0 |     0 |     0 |     0 |     0 |     0 |     0 |     0 |     0 |     0 |     0 |     0 |     0 |     0 |     0 |
| X1Y0              |     4 |    24 |     0 |     0 |     0 |     0 |     0 |     0 |     0 |     0 |     0 |    24 |     0 |     0 |     0 |     0 |
| X2Y0              |     4 |    24 |     0 |     0 |     0 |     0 |     0 |     0 |     0 |     0 |     0 |     0 |     0 |     0 |     0 |     0 |
| X3Y0              |     4 |    24 |     0 |     0 |     0 |     0 |     0 |     0 |     0 |     0 |     0 |     0 |     0 |     0 |     0 |     0 |
| X4Y0              |     3 |    24 |     0 |    24 |     0 |     4 |     0 |     8 |     0 |     0 |     0 |     0 |     0 |     1 |     0 |     2 |
| X5Y0              |     2 |    24 |     0 |     4 |     0 |     0 |     0 |     0 |     1 |    24 |     0 |     0 |     0 |     0 |     0 |     0 |
| X0Y1              |     0 |     0 |     0 |     0 |     0 |     0 |     0 |     0 |     0 |     0 |     0 |     0 |     0 |     0 |     0 |     0 |
| X1Y1              |     5 |    24 |     0 |     0 |     0 |     0 |     0 |     0 |     0 |     0 |     0 |    24 |     0 |     0 |     0 |     0 |
| X2Y1              |     5 |    24 |     0 |     0 |     0 |     0 |     0 |     0 |     0 |     0 |     0 |     0 |     0 |     0 |     0 |     0 |
| X3Y1              |     5 |    24 |     0 |     0 |     0 |     0 |     0 |     0 |     0 |     0 |     0 |     0 |     0 |     0 |     0 |     0 |
| X4Y1              |     5 |    24 |     0 |    24 |     0 |     4 |     0 |     8 |     0 |     0 |     0 |     0 |     0 |     1 |     0 |     2 |
| X5Y1              |     5 |    24 |     0 |     0 |     0 |     0 |     0 |     0 |     0 |    24 |     0 |     0 |     0 |     0 |     0 |     0 |
| X0Y2              |     0 |     0 |     0 |     0 |     0 |     0 |     0 |     0 |     0 |     0 |     0 |     0 |     0 |     0 |     0 |     0 |
| X1Y2              |     3 |    24 |     0 |     0 |     0 |     0 |     0 |     0 |     0 |     0 |     1 |    24 |     0 |     0 |     0 |     0 |
| X2Y2              |     3 |    24 |     0 |     0 |     0 |     0 |     0 |     0 |     0 |     0 |     0 |     0 |     0 |     0 |     0 |     0 |
| X3Y2              |     2 |    24 |     0 |     0 |     0 |     0 |     0 |     0 |     0 |     0 |     0 |     0 |     0 |     0 |     0 |     0 |
| X4Y2              |     1 |    24 |     1 |    24 |     0 |     4 |     0 |     8 |     0 |     0 |     0 |     0 |     0 |     1 |     0 |     2 |
| X5Y2              |     1 |    24 |     0 |     0 |     0 |     0 |     0 |     0 |     0 |    24 |     0 |     0 |     0 |     0 |     0 |     0 |
| X0Y3              |     1 |    24 |     0 |     0 |     0 |     0 |     0 |     0 |     0 |    24 |     0 |     0 |     0 |     0 |     0 |     0 |
| X1Y3              |     1 |    24 |     0 |     0 |     0 |     0 |     0 |     0 |     0 |     0 |     0 |     0 |     0 |     0 |     0 |     0 |
| X2Y3              |     1 |    24 |     0 |     0 |     0 |     0 |     0 |     0 |     0 |     0 |     0 |     0 |     0 |     0 |     0 |     0 |
| X3Y3              |     1 |    24 |     0 |     0 |     0 |     0 |     0 |     0 |     0 |     0 |     0 |     0 |     0 |     0 |     0 |     0 |
| X4Y3              |     1 |    24 |     0 |    24 |     0 |     4 |     0 |     8 |     0 |     0 |     0 |     0 |     0 |     1 |     0 |     2 |
| X5Y3              |     1 |    24 |     0 |     4 |     0 |     0 |     0 |     0 |     0 |    24 |     0 |     0 |     0 |     0 |     0 |     0 |
| X0Y4              |     0 |    24 |     0 |     0 |     0 |     0 |     0 |     0 |     0 |    24 |     0 |     0 |     0 |     0 |     0 |     0 |
| X1Y4              |     0 |    24 |     0 |     0 |     0 |     0 |     0 |     0 |     0 |     0 |     0 |     0 |     0 |     0 |     0 |     0 |
| X2Y4              |     1 |    24 |     0 |     0 |     0 |     0 |     0 |     0 |     0 |     0 |     0 |     0 |     0 |     0 |     0 |     0 |
| X3Y4              |     2 |    24 |     0 |     0 |     0 |     0 |     0 |     0 |     0 |     0 |     0 |     0 |     0 |     0 |     0 |     0 |
| X4Y4              |     2 |    24 |     0 |    24 |     0 |     4 |     0 |     8 |     0 |     0 |     0 |     0 |     0 |     1 |     0 |     2 |
| X5Y4              |     2 |    24 |     0 |     4 |     0 |     0 |     0 |     0 |     1 |    24 |     0 |     0 |     0 |     0 |     0 |     0 |
| X0Y5              |     1 |    24 |     0 |     0 |     0 |     0 |     0 |     0 |     0 |    24 |     0 |     0 |     0 |     0 |     0 |     0 |
| X1Y5              |     1 |    24 |     0 |     0 |     0 |     0 |     0 |     0 |     0 |     0 |     0 |     0 |     0 |     0 |     0 |     0 |
| X2Y5              |     1 |    24 |     0 |     0 |     0 |     0 |     0 |     0 |     0 |     0 |     0 |     0 |     0 |     0 |     0 |     0 |
| X3Y5              |     1 |    24 |     0 |     0 |     0 |     0 |     0 |     0 |     0 |     0 |     0 |     0 |     0 |     0 |     0 |     0 |
| X4Y5              |     1 |    24 |     1 |    24 |     0 |     4 |     0 |     8 |     0 |     0 |     0 |     0 |     0 |     1 |     0 |     2 |
| X5Y5              |     1 |    24 |     0 |     4 |     0 |     0 |     0 |     0 |     0 |    24 |     0 |     0 |     0 |     0 |     0 |     0 |
| X0Y6              |     0 |    24 |     0 |     0 |     0 |     0 |     0 |     0 |     0 |    24 |     0 |     0 |     0 |     0 |     0 |     0 |
| X1Y6              |     0 |    24 |     0 |     0 |     0 |     0 |     0 |     0 |     0 |     0 |     0 |     0 |     0 |     0 |     0 |     0 |
| X2Y6              |     1 |    24 |     0 |     0 |     0 |     0 |     0 |     0 |     0 |     0 |     0 |     0 |     0 |     0 |     0 |     0 |
| X3Y6              |     0 |    24 |     0 |     0 |     0 |     0 |     0 |     0 |     0 |     0 |     0 |     0 |     0 |     0 |     0 |     0 |
| X4Y6              |     0 |    24 |     0 |    24 |     0 |     4 |     0 |     8 |     0 |     0 |     0 |     0 |     0 |     1 |     0 |     2 |
| X5Y6              |     0 |    24 |     0 |     4 |     0 |     0 |     0 |     0 |     0 |    24 |     0 |     0 |     0 |     0 |     0 |     0 |
| X0Y7              |     0 |    24 |     0 |     0 |     0 |     0 |     0 |     0 |     0 |    24 |     0 |     0 |     0 |     0 |     0 |     0 |
| X1Y7              |     0 |    24 |     0 |     0 |     0 |     0 |     0 |     0 |     0 |     0 |     0 |     0 |     0 |     0 |     0 |     0 |
| X2Y7              |     0 |    24 |     0 |     0 |     0 |     0 |     0 |     0 |     0 |     0 |     0 |     0 |     0 |     0 |     0 |     0 |
| X3Y7              |     0 |    24 |     0 |     0 |     0 |     0 |     0 |     0 |     0 |     0 |     0 |     0 |     0 |     0 |     0 |     0 |
| X4Y7              |     1 |    24 |     1 |    24 |     0 |     4 |     0 |     8 |     0 |     0 |     0 |     0 |     1 |     1 |     0 |     2 |
| X5Y7              |     0 |    24 |     0 |     4 |     0 |     0 |     0 |     0 |     0 |    24 |     0 |     0 |     0 |     0 |     0 |     0 |
+-------------------+-------+-------+-------+-------+-------+-------+-------+-------+-------+-------+-------+-------+-------+-------+-------+-------+
* Global Clock column represents track count; while other columns represents cell counts


5. Clock Regions : Load Primitives
----------------------------------

+-------------------+------------------+------------------+------------------+------------------+------------------+------------------+------------------+------------------+
|                   |   Global Clock   |        FF        |      LUTRAM      |  Block RAM (18K) |       URAM       |        DSP       |        GT        |      HARD IP     |
+-------------------+--------+---------+--------+---------+--------+---------+--------+---------+--------+---------+--------+---------+--------+---------+--------+---------+
| Clock Region Name | Used   | Avail   | Used   | Avail   | Used   | Avail   | Used   | Avail   | Used   | Avail   | Used   | Avail   | Used   | Avail   | Used   | Avail   |
+-------------------+--------+---------+--------+---------+--------+---------+--------+---------+--------+---------+--------+---------+--------+---------+--------+---------+
| X0Y0              |      0 |       0 |      0 |       0 |      0 |       0 |      0 |       0 |      0 |       0 |      0 |       0 |      0 |       0 |      0 |       0 |
| X1Y0              |      4 |      24 |   4518 |   15360 |    927 |    4320 |     47 |      48 |      0 |       0 |     23 |     120 |      0 |       0 |      0 |       0 |
| X2Y0              |      4 |      24 |   2572 |   22080 |    148 |    4800 |     48 |      48 |      0 |       0 |      0 |      96 |      0 |       0 |      0 |       0 |
| X3Y0              |      4 |      24 |      0 |   19200 |      0 |    5280 |      6 |      48 |      0 |       0 |      0 |      96 |      0 |       0 |      0 |       0 |
| X4Y0              |      3 |      24 |      0 |   15360 |      0 |    4320 |      0 |      48 |      0 |       0 |      0 |     120 |      0 |       0 |      0 |       0 |
| X5Y0              |      2 |      24 |     33 |   21120 |      0 |    5280 |      0 |      48 |      0 |       0 |      0 |      72 |      0 |       0 |      0 |       0 |
| X0Y1              |      0 |       0 |      0 |       0 |      0 |       0 |      0 |       0 |      0 |       0 |      0 |       0 |      0 |       0 |      0 |       0 |
| X1Y1              |      5 |      24 |   5718 |   15360 |   1124 |    4320 |     48 |      48 |      0 |       0 |     24 |     120 |      0 |       0 |      0 |       0 |
| X2Y1              |      5 |      24 |   1976 |   22080 |    385 |    4800 |     48 |      48 |      0 |       0 |      1 |      96 |      0 |       0 |      0 |       0 |
| X3Y1              |      5 |      24 |    142 |   19200 |     49 |    5280 |     24 |      48 |      0 |       0 |      0 |      96 |      0 |       0 |      0 |       0 |
| X4Y1              |      5 |      24 |      0 |   15360 |      0 |    4320 |      0 |      48 |      0 |       0 |      0 |     120 |      0 |       0 |      0 |       0 |
| X5Y1              |      5 |      24 |   2503 |   21120 |      0 |    5280 |      0 |      48 |      0 |       0 |      0 |      72 |      0 |       0 |      0 |       0 |
| X0Y2              |      0 |       0 |      0 |       0 |      0 |       0 |      0 |       0 |      0 |       0 |      0 |       0 |      0 |       0 |      0 |       0 |
| X1Y2              |      3 |      24 |    685 |   15360 |    170 |    4320 |     46 |      48 |      0 |       0 |      4 |     120 |      0 |       0 |      0 |       0 |
| X2Y2              |      3 |      24 |    165 |   22080 |     75 |    4800 |     12 |      48 |      0 |       0 |      0 |      96 |      0 |       0 |      0 |       0 |
| X3Y2              |      2 |      24 |      0 |   19200 |      0 |    5280 |      0 |      48 |      0 |       0 |      0 |      96 |      0 |       0 |      0 |       0 |
| X4Y2              |      1 |      24 |      0 |   15360 |      0 |    4320 |      0 |      48 |      0 |       0 |      0 |     120 |      0 |       0 |      0 |       0 |
| X5Y2              |      1 |      24 |    267 |   21120 |      0 |    5280 |      0 |      48 |      0 |       0 |      0 |      72 |      0 |       0 |      0 |       0 |
| X0Y3              |      1 |      24 |      3 |   20160 |      0 |    3840 |      0 |      48 |      0 |      16 |      0 |      48 |      0 |       4 |      0 |       1 |
| X1Y3              |      1 |      24 |      0 |   16320 |      0 |    4800 |      0 |      48 |      0 |       0 |      0 |     120 |      0 |       0 |      0 |       0 |
| X2Y3              |      1 |      24 |      6 |   22080 |      2 |    4800 |      0 |      48 |      0 |       0 |      0 |      96 |      0 |       0 |      0 |       0 |
| X3Y3              |      1 |      24 |      0 |   19200 |      0 |    5280 |      0 |      48 |      0 |       0 |      0 |      96 |      0 |       0 |      0 |       0 |
| X4Y3              |      1 |      24 |      0 |   15360 |      0 |    4320 |      0 |      48 |      0 |       0 |      0 |     120 |      0 |       0 |      0 |       0 |
| X5Y3              |      1 |      24 |      0 |   21120 |      0 |    5280 |      0 |      48 |      0 |       0 |      0 |      72 |      0 |       0 |      0 |       0 |
| X0Y4              |      0 |      24 |      0 |   20160 |      0 |    3840 |      0 |      48 |      0 |      16 |      0 |      48 |      0 |       4 |      0 |       1 |
| X1Y4              |      0 |      24 |      0 |   16320 |      0 |    4800 |      0 |      48 |      0 |       0 |      0 |     120 |      0 |       0 |      0 |       0 |
| X2Y4              |      1 |      24 |     94 |   22080 |      0 |    4800 |      1 |      48 |      0 |       0 |      0 |      96 |      0 |       0 |      0 |       0 |
| X3Y4              |      2 |      24 |      0 |   19200 |      0 |    5280 |      0 |      48 |      0 |       0 |      0 |      96 |      0 |       0 |      0 |       0 |
| X4Y4              |      2 |      24 |      0 |   15360 |      0 |    4320 |      0 |      48 |      0 |       0 |      0 |     120 |      0 |       0 |      0 |       0 |
| X5Y4              |      2 |      24 |      0 |   21120 |      0 |    5280 |      0 |      48 |      0 |       0 |      0 |      72 |      0 |       0 |      0 |       0 |
| X0Y5              |      1 |      24 |      3 |   20160 |      0 |    3840 |      0 |      48 |      0 |      16 |      0 |      48 |      0 |       4 |      0 |       1 |
| X1Y5              |      1 |      24 |      0 |   16320 |      0 |    4800 |      0 |      48 |      0 |       0 |      0 |     120 |      0 |       0 |      0 |       0 |
| X2Y5              |      1 |      24 |     16 |   22080 |      0 |    4800 |      0 |      48 |      0 |       0 |      0 |      96 |      0 |       0 |      0 |       0 |
| X3Y5              |      1 |      24 |      0 |   19200 |      0 |    5280 |      0 |      48 |      0 |       0 |      0 |      96 |      0 |       0 |      0 |       0 |
| X4Y5              |      1 |      24 |      0 |   15360 |      0 |    4320 |      0 |      48 |      0 |       0 |      0 |     120 |      0 |       0 |      0 |       0 |
| X5Y5              |      1 |      24 |      0 |   21120 |      0 |    5280 |      0 |      48 |      0 |       0 |      0 |      72 |      0 |       0 |      0 |       0 |
| X0Y6              |      0 |      24 |      0 |   20160 |      0 |    3840 |      0 |      48 |      0 |      16 |      0 |      48 |      0 |       4 |      0 |       1 |
| X1Y6              |      0 |      24 |      0 |   16320 |      0 |    4800 |      0 |      48 |      0 |       0 |      0 |     120 |      0 |       0 |      0 |       0 |
| X2Y6              |      1 |      24 |     85 |   22080 |      5 |    4800 |      2 |      48 |      0 |       0 |      1 |      96 |      0 |       0 |      0 |       0 |
| X3Y6              |      0 |      24 |      0 |   19200 |      0 |    5280 |      0 |      48 |      0 |       0 |      0 |      96 |      0 |       0 |      0 |       0 |
| X4Y6              |      0 |      24 |      0 |   15360 |      0 |    4320 |      0 |      48 |      0 |       0 |      0 |     120 |      0 |       0 |      0 |       0 |
| X5Y6              |      0 |      24 |      0 |   21120 |      0 |    5280 |      0 |      48 |      0 |       0 |      0 |      72 |      0 |       0 |      0 |       0 |
| X0Y7              |      0 |      24 |      0 |   20160 |      0 |    3840 |      0 |      48 |      0 |      16 |      0 |      48 |      0 |       4 |      0 |       1 |
| X1Y7              |      0 |      24 |      0 |   16320 |      0 |    4800 |      0 |      48 |      0 |       0 |      0 |     120 |      0 |       0 |      0 |       0 |
| X2Y7              |      0 |      24 |      0 |   22080 |      0 |    4800 |      0 |      48 |      0 |       0 |      0 |      96 |      0 |       0 |      0 |       0 |
| X3Y7              |      0 |      24 |      0 |   19200 |      0 |    5280 |      0 |      48 |      0 |       0 |      0 |      96 |      0 |       0 |      0 |       0 |
| X4Y7              |      1 |      24 |      0 |   15360 |      0 |    4320 |      0 |      48 |      0 |       0 |      0 |     120 |      0 |       0 |      0 |       0 |
| X5Y7              |      0 |      24 |      0 |   21120 |      0 |    5280 |      0 |      48 |      0 |       0 |      0 |      72 |      0 |       0 |      0 |       0 |
+-------------------+--------+---------+--------+---------+--------+---------+--------+---------+--------+---------+--------+---------+--------+---------+--------+---------+
* Global Clock column represents track count; while other columns represents cell counts


6. Clock Regions : Global Clock Summary
---------------------------------------

All Modules
+----+----+----+----+----+----+----+
|    | X0 | X1 | X2 | X3 | X4 | X5 |
+----+----+----+----+----+----+----+
| Y7 |  0 |  0 |  0 |  0 |  2 |  0 |
| Y6 |  0 |  0 |  1 |  0 |  0 |  0 |
| Y5 |  1 |  1 |  1 |  3 |  3 |  1 |
| Y4 |  0 |  0 |  1 |  4 |  3 |  2 |
| Y3 |  1 |  1 |  1 |  3 |  2 |  1 |
| Y2 |  0 |  3 |  3 |  3 |  3 |  1 |
| Y1 |  0 |  5 |  5 |  5 |  6 |  5 |
| Y0 |  0 |  4 |  4 |  4 |  4 |  3 |
+----+----+----+----+----+----+----+


7. Clock Regions : Routing Resource Utilization
-----------------------------------------------

All Modules
+-------------------+----------------------+----------------------+----------------------+----------------------+
|                   |        HROUTES       |        HDISTRS       |        VROUTES       |        VDISTRS       |
+-------------------+------+-------+-------+------+-------+-------+------+-------+-------+------+-------+-------+
| Clock Region Name | Used | Avail | Util% | Used | Avail | Util% | Used | Avail | Util% | Used | Avail | Util% |
+-------------------+------+-------+-------+------+-------+-------+------+-------+-------+------+-------+-------+
| X0Y0              |    0 |     0 |  0.00 |    0 |     0 |  0.00 |    0 |     0 |  0.00 |    0 |     0 |  0.00 |
| X1Y0              |    0 |    24 |  0.00 |    4 |    24 | 16.67 |    0 |    24 |  0.00 |    0 |    24 |  0.00 |
| X2Y0              |    0 |    24 |  0.00 |    4 |    24 | 16.67 |    0 |    24 |  0.00 |    1 |    24 |  4.17 |
| X3Y0              |    0 |    24 |  0.00 |    4 |    24 | 16.67 |    0 |    24 |  0.00 |    2 |    24 |  8.33 |
| X4Y0              |    1 |    24 |  4.17 |    3 |    24 | 12.50 |    0 |    24 |  0.00 |    1 |    24 |  4.17 |
| X5Y0              |    2 |    24 |  8.33 |    2 |    24 |  8.33 |    0 |    24 |  0.00 |    0 |    24 |  0.00 |
| X0Y1              |    0 |     0 |  0.00 |    0 |     0 |  0.00 |    0 |     0 |  0.00 |    0 |     0 |  0.00 |
| X1Y1              |    0 |    24 |  0.00 |    5 |    24 | 20.83 |    0 |    24 |  0.00 |    0 |    24 |  0.00 |
| X2Y1              |    0 |    24 |  0.00 |    5 |    24 | 20.83 |    0 |    24 |  0.00 |    1 |    24 |  4.17 |
| X3Y1              |    0 |    24 |  0.00 |    5 |    24 | 20.83 |    2 |    24 |  8.33 |    3 |    24 | 12.50 |
| X4Y1              |    0 |    24 |  0.00 |    5 |    24 | 20.83 |    1 |    24 |  4.17 |    1 |    24 |  4.17 |
| X5Y1              |    0 |    24 |  0.00 |    5 |    24 | 20.83 |    0 |    24 |  0.00 |    0 |    24 |  0.00 |
| X0Y2              |    0 |     0 |  0.00 |    0 |     0 |  0.00 |    0 |     0 |  0.00 |    0 |     0 |  0.00 |
| X1Y2              |    2 |    24 |  8.33 |    3 |    24 | 12.50 |    0 |    24 |  0.00 |    0 |    24 |  0.00 |
| X2Y2              |    3 |    24 | 12.50 |    3 |    24 | 12.50 |    0 |    24 |  0.00 |    1 |    24 |  4.17 |
| X3Y2              |    2 |    24 |  8.33 |    2 |    24 |  8.33 |    2 |    24 |  8.33 |    1 |    24 |  4.17 |
| X4Y2              |    0 |    24 |  0.00 |    1 |    24 |  4.17 |    1 |    24 |  4.17 |    1 |    24 |  4.17 |
| X5Y2              |    0 |    24 |  0.00 |    1 |    24 |  4.17 |    0 |    24 |  0.00 |    0 |    24 |  0.00 |
| X0Y3              |    0 |    24 |  0.00 |    1 |    24 |  4.17 |    0 |    24 |  0.00 |    0 |    24 |  0.00 |
| X1Y3              |    0 |    24 |  0.00 |    1 |    24 |  4.17 |    0 |    24 |  0.00 |    0 |    24 |  0.00 |
| X2Y3              |    0 |    24 |  0.00 |    1 |    24 |  4.17 |    1 |    24 |  4.17 |    1 |    24 |  4.17 |
| X3Y3              |    0 |    24 |  0.00 |    1 |    24 |  4.17 |    2 |    24 |  8.33 |    1 |    24 |  4.17 |
| X4Y3              |    0 |    24 |  0.00 |    1 |    24 |  4.17 |    1 |    24 |  4.17 |    0 |    24 |  0.00 |
| X5Y3              |    0 |    24 |  0.00 |    1 |    24 |  4.17 |    0 |    24 |  0.00 |    0 |    24 |  0.00 |
| X0Y4              |    0 |    24 |  0.00 |    0 |    24 |  0.00 |    0 |    24 |  0.00 |    0 |    24 |  0.00 |
| X1Y4              |    0 |    24 |  0.00 |    0 |    24 |  0.00 |    0 |    24 |  0.00 |    0 |    24 |  0.00 |
| X2Y4              |    2 |    24 |  8.33 |    1 |    24 |  4.17 |    1 |    24 |  4.17 |    1 |    24 |  4.17 |
| X3Y4              |    2 |    24 |  8.33 |    2 |    24 |  8.33 |    2 |    24 |  8.33 |    1 |    24 |  4.17 |
| X4Y4              |    3 |    24 | 12.50 |    2 |    24 |  8.33 |    1 |    24 |  4.17 |    0 |    24 |  0.00 |
| X5Y4              |    2 |    24 |  8.33 |    2 |    24 |  8.33 |    0 |    24 |  0.00 |    0 |    24 |  0.00 |
| X0Y5              |    0 |    24 |  0.00 |    1 |    24 |  4.17 |    0 |    24 |  0.00 |    0 |    24 |  0.00 |
| X1Y5              |    0 |    24 |  0.00 |    1 |    24 |  4.17 |    0 |    24 |  0.00 |    0 |    24 |  0.00 |
| X2Y5              |    0 |    24 |  0.00 |    1 |    24 |  4.17 |    0 |    24 |  0.00 |    1 |    24 |  4.17 |
| X3Y5              |    2 |    24 |  8.33 |    1 |    24 |  4.17 |    2 |    24 |  8.33 |    0 |    24 |  0.00 |
| X4Y5              |    1 |    24 |  4.17 |    1 |    24 |  4.17 |    1 |    24 |  4.17 |    0 |    24 |  0.00 |
| X5Y5              |    0 |    24 |  0.00 |    1 |    24 |  4.17 |    0 |    24 |  0.00 |    0 |    24 |  0.00 |
| X0Y6              |    0 |    24 |  0.00 |    0 |    24 |  0.00 |    0 |    24 |  0.00 |    0 |    24 |  0.00 |
| X1Y6              |    0 |    24 |  0.00 |    0 |    24 |  0.00 |    0 |    24 |  0.00 |    0 |    24 |  0.00 |
| X2Y6              |    0 |    24 |  0.00 |    1 |    24 |  4.17 |    0 |    24 |  0.00 |    0 |    24 |  0.00 |
| X3Y6              |    0 |    24 |  0.00 |    0 |    24 |  0.00 |    1 |    24 |  4.17 |    0 |    24 |  0.00 |
| X4Y6              |    0 |    24 |  0.00 |    0 |    24 |  0.00 |    1 |    24 |  4.17 |    0 |    24 |  0.00 |
| X5Y6              |    0 |    24 |  0.00 |    0 |    24 |  0.00 |    0 |    24 |  0.00 |    0 |    24 |  0.00 |
| X0Y7              |    0 |    24 |  0.00 |    0 |    24 |  0.00 |    0 |    24 |  0.00 |    0 |    24 |  0.00 |
| X1Y7              |    0 |    24 |  0.00 |    0 |    24 |  0.00 |    0 |    24 |  0.00 |    0 |    24 |  0.00 |
| X2Y7              |    0 |    24 |  0.00 |    0 |    24 |  0.00 |    0 |    24 |  0.00 |    0 |    24 |  0.00 |
| X3Y7              |    2 |    24 |  8.33 |    0 |    24 |  0.00 |    1 |    24 |  4.17 |    0 |    24 |  0.00 |
| X4Y7              |    1 |    24 |  4.17 |    1 |    24 |  4.17 |    1 |    24 |  4.17 |    1 |    24 |  4.17 |
| X5Y7              |    0 |    24 |  0.00 |    0 |    24 |  0.00 |    0 |    24 |  0.00 |    0 |    24 |  0.00 |
+-------------------+------+-------+-------+------+-------+-------+------+-------+-------+------+-------+-------+


8. Device Cell Placement Summary for Global Clock g0
----------------------------------------------------

+-----------+-----------------+-------------------+----------------------------------+-------------+---------------+----------+-------------+----------+----------------+----------+------------------------------------------+
| Global Id | Driver Type/Pin | Driver Region (D) | Clock                            | Period (ns) | Waveform (ns) | Root (R) | Slice Loads | IO Loads | Clocking Loads | GT Loads | Net                                      |
+-----------+-----------------+-------------------+----------------------------------+-------------+---------------+----------+-------------+----------+----------------+----------+------------------------------------------+
| g0        | BUFGCE/O        | X4Y7              | clk_out1_PYNQ_Design_clk_wiz_0_0 |       7.812 | {0.000 3.906} | X3Y1     |       10091 |        0 |              0 |        0 | PYNQ_Design_i/RX/clk_wiz_0/inst/clk_out1 |
+-----------+-----------------+-------------------+----------------------------------+-------------+---------------+----------+-------------+----------+----------------+----------+------------------------------------------+
* Slice Loads column represents load cell count of all cell types other than IO, GT and clock resources
** IO Loads column represents load cell count of IO types
*** Clocking Loads column represents load cell count that are clock resources (global clock buffer, MMCM, PLL, etc)
**** GT Loads column represents load cell count of GT types


+----+----+-------+-------+---------+--------+----+-----------------------+
|    | X0 | X1    | X2    | X3      | X4     | X5 | HORIZONTAL PROG DELAY |
+----+----+-------+-------+---------+--------+----+-----------------------+
| Y7 |  0 |     0 |     0 |       0 |  (D) 0 |  0 |                     - |
| Y6 |  0 |     0 |     0 |       0 |      0 |  0 |                     - |
| Y5 |  0 |     0 |     0 |       0 |      0 |  0 |                     - |
| Y4 |  0 |     0 |     0 |       0 |      0 |  0 |                     - |
| Y3 |  0 |     0 |     0 |       0 |      0 |  0 |                     - |
| Y2 |  0 |   218 |   178 |       0 |      0 |  0 |                     1 |
| Y1 |  0 |  3516 |  1264 | (R) 134 |      0 |  4 |                     1 |
| Y0 |  1 |  3964 |   808 |       3 |      0 |  1 |                     0 |
+----+----+-------+-------+---------+--------+----+-----------------------+


9. Device Cell Placement Summary for Global Clock g1
----------------------------------------------------

+-----------+-----------------+-------------------+------------+-------------+---------------+----------+-------------+----------+----------------+----------+----------------------------------------------------------------------------------------------------------+
| Global Id | Driver Type/Pin | Driver Region (D) | Clock      | Period (ns) | Waveform (ns) | Root (R) | Slice Loads | IO Loads | Clocking Loads | GT Loads | Net                                                                                                      |
+-----------+-----------------+-------------------+------------+-------------+---------------+----------+-------------+----------+----------------+----------+----------------------------------------------------------------------------------------------------------+
| g1        | BUFG_GT/O       | X5Y4              | RFDAC0_CLK |       7.813 | {0.000 3.907} | X2Y3     |        6907 |        0 |              0 |        0 | PYNQ_Design_i/usp_rf_data_converter_0/inst/i_PYNQ_Design_usp_rf_data_converter_0_0_bufg_gt_ctrl/clk_dac0 |
+-----------+-----------------+-------------------+------------+-------------+---------------+----------+-------------+----------+----------------+----------+----------------------------------------------------------------------------------------------------------+
* Slice Loads column represents load cell count of all cell types other than IO, GT and clock resources
** IO Loads column represents load cell count of IO types
*** Clocking Loads column represents load cell count that are clock resources (global clock buffer, MMCM, PLL, etc)
**** GT Loads column represents load cell count of GT types


+----+----+-------+-------+-----+----+--------+-----------------------+
|    | X0 | X1    | X2    | X3  | X4 | X5     | HORIZONTAL PROG DELAY |
+----+----+-------+-------+-----+----+--------+-----------------------+
| Y7 |  0 |     0 |     0 |   0 |  0 |      0 |                     - |
| Y6 |  0 |     0 |    93 |   0 |  0 |      0 |                     1 |
| Y5 |  3 |     0 |    16 |   0 |  0 |      0 |                     2 |
| Y4 |  0 |     0 |    95 |   0 |  0 |  (D) 1 |                     3 |
| Y3 |  3 |     0 | (R) 8 |   0 |  0 |      0 |                     3 |
| Y2 |  0 |   641 |    74 |   0 |  0 |      0 |                     2 |
| Y1 |  0 |  2849 |   910 |  40 |  0 |      4 |                     1 |
| Y0 |  1 |   208 |  1958 |   3 |  0 |      0 |                     0 |
+----+----+-------+-------+-----+----+--------+-----------------------+


10. Device Cell Placement Summary for Global Clock g2
-----------------------------------------------------

+-----------+-----------------+-------------------+----------+-------------+---------------+----------+-------------+----------+----------------+----------+--------------------------------------------+
| Global Id | Driver Type/Pin | Driver Region (D) | Clock    | Period (ns) | Waveform (ns) | Root (R) | Slice Loads | IO Loads | Clocking Loads | GT Loads | Net                                        |
+-----------+-----------------+-------------------+----------+-------------+---------------+----------+-------------+----------+----------------+----------+--------------------------------------------+
| g2        | BUFG_PS/O       | X1Y2              | clk_pl_0 |      10.000 | {0.000 5.000} | X3Y2     |        4525 |        0 |              0 |        0 | PYNQ_Design_i/zynq_ultra_ps_e_0/U0/pl_clk0 |
+-----------+-----------------+-------------------+----------+-------------+---------------+----------+-------------+----------+----------------+----------+--------------------------------------------+
* Slice Loads column represents load cell count of all cell types other than IO, GT and clock resources
** IO Loads column represents load cell count of IO types
*** Clocking Loads column represents load cell count that are clock resources (global clock buffer, MMCM, PLL, etc)
**** GT Loads column represents load cell count of GT types


+----+----+---------+-----+-------+----+-------+-----------------------+
|    | X0 | X1      | X2  | X3    | X4 | X5    | HORIZONTAL PROG DELAY |
+----+----+---------+-----+-------+----+-------+-----------------------+
| Y7 |  0 |       0 |   0 |     0 |  0 |     0 |                     - |
| Y6 |  0 |       0 |   0 |     0 |  0 |     0 |                     - |
| Y5 |  0 |       0 |   0 |     0 |  0 |     1 |                     0 |
| Y4 |  0 |       0 |   0 |     0 |  0 |     1 |                     1 |
| Y3 |  0 |       0 |   0 |     0 |  0 |     1 |                     2 |
| Y2 |  0 |  (D) 27 |   0 | (R) 0 |  0 |   268 |                     2 |
| Y1 |  0 |     462 |  15 |    41 |  0 |  2337 |                     1 |
| Y0 |  1 |    1337 |   0 |     0 |  0 |    34 |                     0 |
+----+----+---------+-----+-------+----+-------+-----------------------+


11. Device Cell Placement Summary for Global Clock g3
-----------------------------------------------------

+-----------+-----------------+-------------------+-----------------------------------------------------------------------------------------------------+-------------+----------------+----------+-------------+----------+----------------+----------+----------------------------------------+
| Global Id | Driver Type/Pin | Driver Region (D) | Clock                                                                                               | Period (ns) | Waveform (ns)  | Root (R) | Slice Loads | IO Loads | Clocking Loads | GT Loads | Net                                    |
+-----------+-----------------+-------------------+-----------------------------------------------------------------------------------------------------+-------------+----------------+----------+-------------+----------+----------------+----------+----------------------------------------+
| g3        | BUFGCE/O        | X4Y5              | dbg_hub/inst/BSCANID.u_xsdbm_id/SWITCH_N_EXT_BSCAN.bscan_inst/SERIES7_BSCAN.bscan_inst/INTERNAL_TCK |      50.000 | {0.000 25.000} | X3Y1     |         465 |        0 |              0 |        0 | dbg_hub/inst/BSCANID.u_xsdbm_id/itck_i |
+-----------+-----------------+-------------------+-----------------------------------------------------------------------------------------------------+-------------+----------------+----------+-------------+----------+----------------+----------+----------------------------------------+
* Slice Loads column represents load cell count of all cell types other than IO, GT and clock resources
** IO Loads column represents load cell count of IO types
*** Clocking Loads column represents load cell count that are clock resources (global clock buffer, MMCM, PLL, etc)
**** GT Loads column represents load cell count of GT types


+----+----+-----+------+-------+--------+------+-----------------------+
|    | X0 | X1  | X2   | X3    | X4     | X5   | HORIZONTAL PROG DELAY |
+----+----+-----+------+-------+--------+------+-----------------------+
| Y7 |  0 |   0 |    0 |     0 |      0 |    0 |                     - |
| Y6 |  0 |   0 |    0 |     0 |      0 |    0 |                     - |
| Y5 |  0 |   0 |    0 |     0 |  (D) 0 |    0 |                     - |
| Y4 |  0 |   0 |    0 |     0 |      0 |    0 |                     - |
| Y3 |  0 |   0 |    0 |     0 |      0 |    0 |                     - |
| Y2 |  0 |   0 |    0 |     0 |      0 |    0 |                     - |
| Y1 |  0 |  85 |  221 | (R) 0 |      0 |  159 |                     0 |
| Y0 |  0 |   0 |    0 |     0 |      0 |    0 |                     - |
+----+----+-----+------+-------+--------+------+-----------------------+


12. Device Cell Placement Summary for Global Clock g4
-----------------------------------------------------

+-----------+-----------------+-------------------+-------+-------------+---------------+----------+-------------+----------+----------------+----------+------------------------------------------------------+
| Global Id | Driver Type/Pin | Driver Region (D) | Clock | Period (ns) | Waveform (ns) | Root (R) | Slice Loads | IO Loads | Clocking Loads | GT Loads | Net                                                  |
+-----------+-----------------+-------------------+-------+-------------+---------------+----------+-------------+----------+----------------+----------+------------------------------------------------------+
| g4        | BUFGCE/O        | X4Y2              |       |             |               | X4Y2     |        1246 |        0 |              0 |        0 | PYNQ_Design_i/rst_ps8_0_96M/U0/peripheral_aresetn[0] |
+-----------+-----------------+-------------------+-------+-------------+---------------+----------+-------------+----------+----------------+----------+------------------------------------------------------+
* Slice Loads column represents load cell count of all cell types other than IO, GT and clock resources
** IO Loads column represents load cell count of IO types
*** Clocking Loads column represents load cell count that are clock resources (global clock buffer, MMCM, PLL, etc)
**** GT Loads column represents load cell count of GT types


+----+----+------+----+-----+-----------+------+-----------------------+
|    | X0 | X1   | X2 | X3  | X4        | X5   | HORIZONTAL PROG DELAY |
+----+----+------+----+-----+-----------+------+-----------------------+
| Y7 |  0 |    0 |  0 |   0 |         0 |    0 |                     - |
| Y6 |  0 |    0 |  0 |   0 |         0 |    0 |                     - |
| Y5 |  0 |    0 |  0 |   0 |         0 |    0 |                     - |
| Y4 |  0 |    0 |  0 |   0 |         0 |    0 |                     - |
| Y3 |  0 |    0 |  0 |   0 |         0 |    0 |                     - |
| Y2 |  0 |    0 |  0 |   0 | (R) (D) 0 |    0 |                     - |
| Y1 |  0 |   26 |  0 |  33 |         0 |  819 |                     0 |
| Y0 |  0 |  368 |  0 |   0 |         0 |    0 |                     0 |
+----+----+------+----+-----+-----------+------+-----------------------+


13. Device Cell Placement Summary for Global Clock g5
-----------------------------------------------------

+-----------+-----------------+-------------------+------------+-------------+---------------+----------+-------------+----------+----------------+----------+----------------------------------------------------------------------------------------------------------+
| Global Id | Driver Type/Pin | Driver Region (D) | Clock      | Period (ns) | Waveform (ns) | Root (R) | Slice Loads | IO Loads | Clocking Loads | GT Loads | Net                                                                                                      |
+-----------+-----------------+-------------------+------------+-------------+---------------+----------+-------------+----------+----------------+----------+----------------------------------------------------------------------------------------------------------+
| g5        | BUFG_GT/O       | X5Y0              | RFADC0_CLK |      15.625 | {0.000 7.812} | X4Y7     |           0 |        0 |              1 |        0 | PYNQ_Design_i/usp_rf_data_converter_0/inst/i_PYNQ_Design_usp_rf_data_converter_0_0_bufg_gt_ctrl/clk_adc0 |
+-----------+-----------------+-------------------+------------+-------------+---------------+----------+-------------+----------+----------------+----------+----------------------------------------------------------------------------------------------------------+
* Slice Loads column represents load cell count of all cell types other than IO, GT and clock resources
** IO Loads column represents load cell count of IO types
*** Clocking Loads column represents load cell count that are clock resources (global clock buffer, MMCM, PLL, etc)
**** GT Loads column represents load cell count of GT types


+----+----+----+----+----+-------+--------+-----------------------+
|    | X0 | X1 | X2 | X3 | X4    | X5     | HORIZONTAL PROG DELAY |
+----+----+----+----+----+-------+--------+-----------------------+
| Y7 |  0 |  0 |  0 |  0 | (R) 1 |      0 |                     0 |
| Y6 |  0 |  0 |  0 |  0 |     0 |      0 |                     - |
| Y5 |  0 |  0 |  0 |  0 |     0 |      0 |                     - |
| Y4 |  0 |  0 |  0 |  0 |     0 |      0 |                     - |
| Y3 |  0 |  0 |  0 |  0 |     0 |      0 |                     - |
| Y2 |  0 |  0 |  0 |  0 |     0 |      0 |                     - |
| Y1 |  0 |  0 |  0 |  0 |     0 |      0 |                     - |
| Y0 |  0 |  0 |  0 |  0 |     0 |  (D) 0 |                     - |
+----+----+----+----+----+-------+--------+-----------------------+


14. Clock Region Cell Placement per Global Clock: Region X1Y0
-------------------------------------------------------------

+-----------+-------+-----------------+------------+-------------+-----------------+------+-------------+------+------+-----+----+------+-----+---------+----------------------------------------------------------------------------------------------------------+
| Global Id | Track | Driver Type/Pin | Constraint | Clock Loads | Non-Clock Loads | FF   | Memory LUTs | RAMB | URAM | DSP | GT | MMCM | PLL | Hard IP | Net                                                                                                      |
+-----------+-------+-----------------+------------+-------------+-----------------+------+-------------+------+------+-----+----+------+-----+---------+----------------------------------------------------------------------------------------------------------+
| g0        | 11    | BUFGCE/O        | None       |        3964 |               0 | 3015 |         902 |   24 |    0 |  23 |  0 |    0 |   0 |       0 | PYNQ_Design_i/RX/clk_wiz_0/inst/clk_out1                                                                 |
| g1        | 0     | BUFG_GT/O       | None       |         208 |               0 |  183 |           8 |   17 |    0 |   0 |  0 |    0 |   0 |       0 | PYNQ_Design_i/usp_rf_data_converter_0/inst/i_PYNQ_Design_usp_rf_data_converter_0_0_bufg_gt_ctrl/clk_dac0 |
| g2        | 13    | BUFG_PS/O       | None       |        1337 |               0 | 1320 |          17 |    0 |    0 |   0 |  0 |    0 |   0 |       0 | PYNQ_Design_i/zynq_ultra_ps_e_0/U0/pl_clk0                                                               |
| g4        | 2     | BUFGCE/O        | None       |           0 |             368 |  368 |           0 |    0 |    0 |   0 |  0 |    0 |   0 |       0 | PYNQ_Design_i/rst_ps8_0_96M/U0/peripheral_aresetn[0]                                                     |
+-----------+-------+-----------------+------------+-------------+-----------------+------+-------------+------+------+-----+----+------+-----+---------+----------------------------------------------------------------------------------------------------------+
* Clock Loads column represents cell count of net connects that connect to a clock pin. Internal cell leaf pins are not considered
** Non-Clock Loads column represents cell count of non-clock pin loads
*** Columns FF, LUTRAM, RAMB through 'Hard IP' represents load cell counts


15. Clock Region Cell Placement per Global Clock: Region X2Y0
-------------------------------------------------------------

+-----------+-------+-----------------+------------+-------------+-----------------+------+-------------+------+------+-----+----+------+-----+---------+----------------------------------------------------------------------------------------------------------+
| Global Id | Track | Driver Type/Pin | Constraint | Clock Loads | Non-Clock Loads | FF   | Memory LUTs | RAMB | URAM | DSP | GT | MMCM | PLL | Hard IP | Net                                                                                                      |
+-----------+-------+-----------------+------------+-------------+-----------------+------+-------------+------+------+-----+----+------+-----+---------+----------------------------------------------------------------------------------------------------------+
| g0        | 11    | BUFGCE/O        | None       |         808 |               0 |  668 |         116 |   24 |    0 |   0 |  0 |    0 |   0 |       0 | PYNQ_Design_i/RX/clk_wiz_0/inst/clk_out1                                                                 |
| g1        | 0     | BUFG_GT/O       | None       |        1958 |               0 | 1904 |          32 |   22 |    0 |   0 |  0 |    0 |   0 |       0 | PYNQ_Design_i/usp_rf_data_converter_0/inst/i_PYNQ_Design_usp_rf_data_converter_0_0_bufg_gt_ctrl/clk_dac0 |
| g2+       | 13    | BUFG_PS/O       | None       |           0 |               0 |    0 |           0 |    0 |    0 |   0 |  0 |    0 |   0 |       0 | PYNQ_Design_i/zynq_ultra_ps_e_0/U0/pl_clk0                                                               |
| g4+       | 2     | BUFGCE/O        | None       |           0 |               0 |    0 |           0 |    0 |    0 |   0 |  0 |    0 |   0 |       0 | PYNQ_Design_i/rst_ps8_0_96M/U0/peripheral_aresetn[0]                                                     |
+-----------+-------+-----------------+------------+-------------+-----------------+------+-------------+------+------+-----+----+------+-----+---------+----------------------------------------------------------------------------------------------------------+
* Clock Loads column represents cell count of net connects that connect to a clock pin. Internal cell leaf pins are not considered
** Non-Clock Loads column represents cell count of non-clock pin loads
*** Columns FF, LUTRAM, RAMB through 'Hard IP' represents load cell counts
**** In Global Id column, sympbol '+' indicates that global clock was used only to route through the clock region.


16. Clock Region Cell Placement per Global Clock: Region X3Y0
-------------------------------------------------------------

+-----------+-------+-----------------+------------+-------------+-----------------+----+-------------+------+------+-----+----+------+-----+---------+----------------------------------------------------------------------------------------------------------+
| Global Id | Track | Driver Type/Pin | Constraint | Clock Loads | Non-Clock Loads | FF | Memory LUTs | RAMB | URAM | DSP | GT | MMCM | PLL | Hard IP | Net                                                                                                      |
+-----------+-------+-----------------+------------+-------------+-----------------+----+-------------+------+------+-----+----+------+-----+---------+----------------------------------------------------------------------------------------------------------+
| g0        | 11    | BUFGCE/O        | None       |           3 |               0 |  0 |           0 |    3 |    0 |   0 |  0 |    0 |   0 |       0 | PYNQ_Design_i/RX/clk_wiz_0/inst/clk_out1                                                                 |
| g1        | 0     | BUFG_GT/O       | None       |           3 |               0 |  0 |           0 |    3 |    0 |   0 |  0 |    0 |   0 |       0 | PYNQ_Design_i/usp_rf_data_converter_0/inst/i_PYNQ_Design_usp_rf_data_converter_0_0_bufg_gt_ctrl/clk_dac0 |
| g2+       | 13    | BUFG_PS/O       | None       |           0 |               0 |  0 |           0 |    0 |    0 |   0 |  0 |    0 |   0 |       0 | PYNQ_Design_i/zynq_ultra_ps_e_0/U0/pl_clk0                                                               |
| g4+       | 2     | BUFGCE/O        | None       |           0 |               0 |  0 |           0 |    0 |    0 |   0 |  0 |    0 |   0 |       0 | PYNQ_Design_i/rst_ps8_0_96M/U0/peripheral_aresetn[0]                                                     |
+-----------+-------+-----------------+------------+-------------+-----------------+----+-------------+------+------+-----+----+------+-----+---------+----------------------------------------------------------------------------------------------------------+
* Clock Loads column represents cell count of net connects that connect to a clock pin. Internal cell leaf pins are not considered
** Non-Clock Loads column represents cell count of non-clock pin loads
*** Columns FF, LUTRAM, RAMB through 'Hard IP' represents load cell counts
**** In Global Id column, sympbol '+' indicates that global clock was used only to route through the clock region.


17. Clock Region Cell Placement per Global Clock: Region X4Y0
-------------------------------------------------------------

+-----------+-------+-----------------+------------+-------------+-----------------+----+-------------+------+------+-----+----+------+-----+---------+----------------------------------------------------------------------------------------------------------+
| Global Id | Track | Driver Type/Pin | Constraint | Clock Loads | Non-Clock Loads | FF | Memory LUTs | RAMB | URAM | DSP | GT | MMCM | PLL | Hard IP | Net                                                                                                      |
+-----------+-------+-----------------+------------+-------------+-----------------+----+-------------+------+------+-----+----+------+-----+---------+----------------------------------------------------------------------------------------------------------+
| g0+       | 11    | BUFGCE/O        | None       |           0 |               0 |  0 |           0 |    0 |    0 |   0 |  0 |    0 |   0 |       0 | PYNQ_Design_i/RX/clk_wiz_0/inst/clk_out1                                                                 |
| g2+       | 13    | BUFG_PS/O       | None       |           0 |               0 |  0 |           0 |    0 |    0 |   0 |  0 |    0 |   0 |       0 | PYNQ_Design_i/zynq_ultra_ps_e_0/U0/pl_clk0                                                               |
| g4+       | 2     | BUFGCE/O        | None       |           0 |               0 |  0 |           0 |    0 |    0 |   0 |  0 |    0 |   0 |       0 | PYNQ_Design_i/rst_ps8_0_96M/U0/peripheral_aresetn[0]                                                     |
| g5+       | 18    | BUFG_GT/O       | None       |           0 |               0 |  0 |           0 |    0 |    0 |   0 |  0 |    0 |   0 |       0 | PYNQ_Design_i/usp_rf_data_converter_0/inst/i_PYNQ_Design_usp_rf_data_converter_0_0_bufg_gt_ctrl/clk_adc0 |
+-----------+-------+-----------------+------------+-------------+-----------------+----+-------------+------+------+-----+----+------+-----+---------+----------------------------------------------------------------------------------------------------------+
* Clock Loads column represents cell count of net connects that connect to a clock pin. Internal cell leaf pins are not considered
** Non-Clock Loads column represents cell count of non-clock pin loads
*** Columns FF, LUTRAM, RAMB through 'Hard IP' represents load cell counts
**** In Global Id column, sympbol '+' indicates that global clock was used only to route through the clock region.


18. Clock Region Cell Placement per Global Clock: Region X5Y0
-------------------------------------------------------------

+-----------+-------+-----------------+------------+-------------+-----------------+----+-------------+------+------+-----+----+------+-----+---------+----------------------------------------------------------------------------------------------------------+
| Global Id | Track | Driver Type/Pin | Constraint | Clock Loads | Non-Clock Loads | FF | Memory LUTs | RAMB | URAM | DSP | GT | MMCM | PLL | Hard IP | Net                                                                                                      |
+-----------+-------+-----------------+------------+-------------+-----------------+----+-------------+------+------+-----+----+------+-----+---------+----------------------------------------------------------------------------------------------------------+
| g0        | 11    | BUFGCE/O        | None       |           1 |               0 |  0 |           0 |    0 |    0 |   0 |  0 |    0 |   0 |       0 | PYNQ_Design_i/RX/clk_wiz_0/inst/clk_out1                                                                 |
| g2        | 13    | BUFG_PS/O       | None       |          34 |               0 | 33 |           0 |    0 |    0 |   0 |  0 |    0 |   0 |       0 | PYNQ_Design_i/zynq_ultra_ps_e_0/U0/pl_clk0                                                               |
| g5+       | 18    | BUFG_GT/O       | None       |           0 |               0 |  0 |           0 |    0 |    0 |   0 |  0 |    0 |   0 |       0 | PYNQ_Design_i/usp_rf_data_converter_0/inst/i_PYNQ_Design_usp_rf_data_converter_0_0_bufg_gt_ctrl/clk_adc0 |
+-----------+-------+-----------------+------------+-------------+-----------------+----+-------------+------+------+-----+----+------+-----+---------+----------------------------------------------------------------------------------------------------------+
* Clock Loads column represents cell count of net connects that connect to a clock pin. Internal cell leaf pins are not considered
** Non-Clock Loads column represents cell count of non-clock pin loads
*** Columns FF, LUTRAM, RAMB through 'Hard IP' represents load cell counts
**** In Global Id column, sympbol '+' indicates that global clock was used only to route through the clock region.


19. Clock Region Cell Placement per Global Clock: Region X1Y1
-------------------------------------------------------------

+-----------+-------+-----------------+------------+-------------+-----------------+------+-------------+------+------+-----+----+------+-----+---------+----------------------------------------------------------------------------------------------------------+
| Global Id | Track | Driver Type/Pin | Constraint | Clock Loads | Non-Clock Loads | FF   | Memory LUTs | RAMB | URAM | DSP | GT | MMCM | PLL | Hard IP | Net                                                                                                      |
+-----------+-------+-----------------+------------+-------------+-----------------+------+-------------+------+------+-----+----+------+-----+---------+----------------------------------------------------------------------------------------------------------+
| g0        | 11    | BUFGCE/O        | None       |        3516 |               0 | 2529 |         941 |   22 |    0 |  24 |  0 |    0 |   0 |       0 | PYNQ_Design_i/RX/clk_wiz_0/inst/clk_out1                                                                 |
| g1        | 0     | BUFG_GT/O       | None       |        2849 |               0 | 2680 |         145 |   24 |    0 |   0 |  0 |    0 |   0 |       0 | PYNQ_Design_i/usp_rf_data_converter_0/inst/i_PYNQ_Design_usp_rf_data_converter_0_0_bufg_gt_ctrl/clk_dac0 |
| g2        | 13    | BUFG_PS/O       | None       |         462 |               0 |  427 |          35 |    0 |    0 |   0 |  0 |    0 |   0 |       0 | PYNQ_Design_i/zynq_ultra_ps_e_0/U0/pl_clk0                                                               |
| g3        | 8     | BUFGCE/O        | None       |          85 |               0 |   82 |           3 |    0 |    0 |   0 |  0 |    0 |   0 |       0 | dbg_hub/inst/BSCANID.u_xsdbm_id/itck_i                                                                   |
| g4        | 2     | BUFGCE/O        | None       |           0 |              26 |   26 |           0 |    0 |    0 |   0 |  0 |    0 |   0 |       0 | PYNQ_Design_i/rst_ps8_0_96M/U0/peripheral_aresetn[0]                                                     |
+-----------+-------+-----------------+------------+-------------+-----------------+------+-------------+------+------+-----+----+------+-----+---------+----------------------------------------------------------------------------------------------------------+
* Clock Loads column represents cell count of net connects that connect to a clock pin. Internal cell leaf pins are not considered
** Non-Clock Loads column represents cell count of non-clock pin loads
*** Columns FF, LUTRAM, RAMB through 'Hard IP' represents load cell counts


20. Clock Region Cell Placement per Global Clock: Region X2Y1
-------------------------------------------------------------

+-----------+-------+-----------------+------------+-------------+-----------------+-----+-------------+------+------+-----+----+------+-----+---------+----------------------------------------------------------------------------------------------------------+
| Global Id | Track | Driver Type/Pin | Constraint | Clock Loads | Non-Clock Loads | FF  | Memory LUTs | RAMB | URAM | DSP | GT | MMCM | PLL | Hard IP | Net                                                                                                      |
+-----------+-------+-----------------+------------+-------------+-----------------+-----+-------------+------+------+-----+----+------+-----+---------+----------------------------------------------------------------------------------------------------------+
| g0        | 11    | BUFGCE/O        | None       |        1264 |               0 | 880 |         358 |   25 |    0 |   1 |  0 |    0 |   0 |       0 | PYNQ_Design_i/RX/clk_wiz_0/inst/clk_out1                                                                 |
| g1        | 0     | BUFG_GT/O       | None       |         910 |               0 | 860 |          27 |   23 |    0 |   0 |  0 |    0 |   0 |       0 | PYNQ_Design_i/usp_rf_data_converter_0/inst/i_PYNQ_Design_usp_rf_data_converter_0_0_bufg_gt_ctrl/clk_dac0 |
| g2        | 13    | BUFG_PS/O       | None       |          15 |               0 |  15 |           0 |    0 |    0 |   0 |  0 |    0 |   0 |       0 | PYNQ_Design_i/zynq_ultra_ps_e_0/U0/pl_clk0                                                               |
| g3        | 8     | BUFGCE/O        | None       |         221 |               0 | 221 |           0 |    0 |    0 |   0 |  0 |    0 |   0 |       0 | dbg_hub/inst/BSCANID.u_xsdbm_id/itck_i                                                                   |
| g4+       | 2     | BUFGCE/O        | None       |           0 |               0 |   0 |           0 |    0 |    0 |   0 |  0 |    0 |   0 |       0 | PYNQ_Design_i/rst_ps8_0_96M/U0/peripheral_aresetn[0]                                                     |
+-----------+-------+-----------------+------------+-------------+-----------------+-----+-------------+------+------+-----+----+------+-----+---------+----------------------------------------------------------------------------------------------------------+
* Clock Loads column represents cell count of net connects that connect to a clock pin. Internal cell leaf pins are not considered
** Non-Clock Loads column represents cell count of non-clock pin loads
*** Columns FF, LUTRAM, RAMB through 'Hard IP' represents load cell counts
**** In Global Id column, sympbol '+' indicates that global clock was used only to route through the clock region.


21. Clock Region Cell Placement per Global Clock: Region X3Y1
-------------------------------------------------------------

+-----------+-------+-----------------+------------+-------------+-----------------+----+-------------+------+------+-----+----+------+-----+---------+----------------------------------------------------------------------------------------------------------+
| Global Id | Track | Driver Type/Pin | Constraint | Clock Loads | Non-Clock Loads | FF | Memory LUTs | RAMB | URAM | DSP | GT | MMCM | PLL | Hard IP | Net                                                                                                      |
+-----------+-------+-----------------+------------+-------------+-----------------+----+-------------+------+------+-----+----+------+-----+---------+----------------------------------------------------------------------------------------------------------+
| g0        | 11    | BUFGCE/O        | None       |         134 |               0 | 73 |          49 |   12 |    0 |   0 |  0 |    0 |   0 |       0 | PYNQ_Design_i/RX/clk_wiz_0/inst/clk_out1                                                                 |
| g1        | 0     | BUFG_GT/O       | None       |          40 |               0 | 28 |           0 |   12 |    0 |   0 |  0 |    0 |   0 |       0 | PYNQ_Design_i/usp_rf_data_converter_0/inst/i_PYNQ_Design_usp_rf_data_converter_0_0_bufg_gt_ctrl/clk_dac0 |
| g2        | 13    | BUFG_PS/O       | None       |          41 |               0 | 41 |           0 |    0 |    0 |   0 |  0 |    0 |   0 |       0 | PYNQ_Design_i/zynq_ultra_ps_e_0/U0/pl_clk0                                                               |
| g3+       | 8     | BUFGCE/O        | None       |           0 |               0 |  0 |           0 |    0 |    0 |   0 |  0 |    0 |   0 |       0 | dbg_hub/inst/BSCANID.u_xsdbm_id/itck_i                                                                   |
| g4        | 2     | BUFGCE/O        | None       |           0 |              33 | 33 |           0 |    0 |    0 |   0 |  0 |    0 |   0 |       0 | PYNQ_Design_i/rst_ps8_0_96M/U0/peripheral_aresetn[0]                                                     |
+-----------+-------+-----------------+------------+-------------+-----------------+----+-------------+------+------+-----+----+------+-----+---------+----------------------------------------------------------------------------------------------------------+
* Clock Loads column represents cell count of net connects that connect to a clock pin. Internal cell leaf pins are not considered
** Non-Clock Loads column represents cell count of non-clock pin loads
*** Columns FF, LUTRAM, RAMB through 'Hard IP' represents load cell counts
**** In Global Id column, sympbol '+' indicates that global clock was used only to route through the clock region.


22. Clock Region Cell Placement per Global Clock: Region X4Y1
-------------------------------------------------------------

+-----------+-------+-----------------+------------+-------------+-----------------+----+-------------+------+------+-----+----+------+-----+---------+----------------------------------------------------------------------------------------------------------+
| Global Id | Track | Driver Type/Pin | Constraint | Clock Loads | Non-Clock Loads | FF | Memory LUTs | RAMB | URAM | DSP | GT | MMCM | PLL | Hard IP | Net                                                                                                      |
+-----------+-------+-----------------+------------+-------------+-----------------+----+-------------+------+------+-----+----+------+-----+---------+----------------------------------------------------------------------------------------------------------+
| g0+       | 11    | BUFGCE/O        | None       |           0 |               0 |  0 |           0 |    0 |    0 |   0 |  0 |    0 |   0 |       0 | PYNQ_Design_i/RX/clk_wiz_0/inst/clk_out1                                                                 |
| g1+       | 0     | BUFG_GT/O       | None       |           0 |               0 |  0 |           0 |    0 |    0 |   0 |  0 |    0 |   0 |       0 | PYNQ_Design_i/usp_rf_data_converter_0/inst/i_PYNQ_Design_usp_rf_data_converter_0_0_bufg_gt_ctrl/clk_dac0 |
| g2+       | 13    | BUFG_PS/O       | None       |           0 |               0 |  0 |           0 |    0 |    0 |   0 |  0 |    0 |   0 |       0 | PYNQ_Design_i/zynq_ultra_ps_e_0/U0/pl_clk0                                                               |
| g3+       | 8     | BUFGCE/O        | None       |           0 |               0 |  0 |           0 |    0 |    0 |   0 |  0 |    0 |   0 |       0 | dbg_hub/inst/BSCANID.u_xsdbm_id/itck_i                                                                   |
| g4+       | 2     | BUFGCE/O        | None       |           0 |               0 |  0 |           0 |    0 |    0 |   0 |  0 |    0 |   0 |       0 | PYNQ_Design_i/rst_ps8_0_96M/U0/peripheral_aresetn[0]                                                     |
| g5+       | 18    | BUFG_GT/O       | None       |           0 |               0 |  0 |           0 |    0 |    0 |   0 |  0 |    0 |   0 |       0 | PYNQ_Design_i/usp_rf_data_converter_0/inst/i_PYNQ_Design_usp_rf_data_converter_0_0_bufg_gt_ctrl/clk_adc0 |
+-----------+-------+-----------------+------------+-------------+-----------------+----+-------------+------+------+-----+----+------+-----+---------+----------------------------------------------------------------------------------------------------------+
* Clock Loads column represents cell count of net connects that connect to a clock pin. Internal cell leaf pins are not considered
** Non-Clock Loads column represents cell count of non-clock pin loads
*** Columns FF, LUTRAM, RAMB through 'Hard IP' represents load cell counts
**** In Global Id column, sympbol '+' indicates that global clock was used only to route through the clock region.


23. Clock Region Cell Placement per Global Clock: Region X5Y1
-------------------------------------------------------------

+-----------+-------+-----------------+------------+-------------+-----------------+------+-------------+------+------+-----+----+------+-----+---------+----------------------------------------------------------------------------------------------------------+
| Global Id | Track | Driver Type/Pin | Constraint | Clock Loads | Non-Clock Loads | FF   | Memory LUTs | RAMB | URAM | DSP | GT | MMCM | PLL | Hard IP | Net                                                                                                      |
+-----------+-------+-----------------+------------+-------------+-----------------+------+-------------+------+------+-----+----+------+-----+---------+----------------------------------------------------------------------------------------------------------+
| g0        | 11    | BUFGCE/O        | None       |           4 |               0 |    4 |           0 |    0 |    0 |   0 |  0 |    0 |   0 |       0 | PYNQ_Design_i/RX/clk_wiz_0/inst/clk_out1                                                                 |
| g1        | 0     | BUFG_GT/O       | None       |           4 |               0 |    4 |           0 |    0 |    0 |   0 |  0 |    0 |   0 |       0 | PYNQ_Design_i/usp_rf_data_converter_0/inst/i_PYNQ_Design_usp_rf_data_converter_0_0_bufg_gt_ctrl/clk_dac0 |
| g2        | 13    | BUFG_PS/O       | None       |        2337 |               0 | 2336 |           0 |    0 |    0 |   0 |  0 |    0 |   0 |       0 | PYNQ_Design_i/zynq_ultra_ps_e_0/U0/pl_clk0                                                               |
| g3        | 8     | BUFGCE/O        | None       |         159 |               0 |  159 |           0 |    0 |    0 |   0 |  0 |    0 |   0 |       0 | dbg_hub/inst/BSCANID.u_xsdbm_id/itck_i                                                                   |
| g4        | 2     | BUFGCE/O        | None       |           0 |             819 |  819 |           0 |    0 |    0 |   0 |  0 |    0 |   0 |       0 | PYNQ_Design_i/rst_ps8_0_96M/U0/peripheral_aresetn[0]                                                     |
+-----------+-------+-----------------+------------+-------------+-----------------+------+-------------+------+------+-----+----+------+-----+---------+----------------------------------------------------------------------------------------------------------+
* Clock Loads column represents cell count of net connects that connect to a clock pin. Internal cell leaf pins are not considered
** Non-Clock Loads column represents cell count of non-clock pin loads
*** Columns FF, LUTRAM, RAMB through 'Hard IP' represents load cell counts


24. Clock Region Cell Placement per Global Clock: Region X1Y2
-------------------------------------------------------------

+-----------+-------+-----------------+------------+-------------+-----------------+-----+-------------+------+------+-----+----+------+-----+---------+----------------------------------------------------------------------------------------------------------+
| Global Id | Track | Driver Type/Pin | Constraint | Clock Loads | Non-Clock Loads | FF  | Memory LUTs | RAMB | URAM | DSP | GT | MMCM | PLL | Hard IP | Net                                                                                                      |
+-----------+-------+-----------------+------------+-------------+-----------------+-----+-------------+------+------+-----+----+------+-----+---------+----------------------------------------------------------------------------------------------------------+
| g0        | 11    | BUFGCE/O        | None       |         218 |               0 | 105 |         106 |    3 |    0 |   4 |  0 |    0 |   0 |       0 | PYNQ_Design_i/RX/clk_wiz_0/inst/clk_out1                                                                 |
| g1        | 0     | BUFG_GT/O       | None       |         641 |               0 | 554 |          63 |   24 |    0 |   0 |  0 |    0 |   0 |       0 | PYNQ_Design_i/usp_rf_data_converter_0/inst/i_PYNQ_Design_usp_rf_data_converter_0_0_bufg_gt_ctrl/clk_dac0 |
| g2        | 13    | BUFG_PS/O       | None       |          27 |               0 |  26 |           1 |    0 |    0 |   0 |  0 |    0 |   0 |       0 | PYNQ_Design_i/zynq_ultra_ps_e_0/U0/pl_clk0                                                               |
+-----------+-------+-----------------+------------+-------------+-----------------+-----+-------------+------+------+-----+----+------+-----+---------+----------------------------------------------------------------------------------------------------------+
* Clock Loads column represents cell count of net connects that connect to a clock pin. Internal cell leaf pins are not considered
** Non-Clock Loads column represents cell count of non-clock pin loads
*** Columns FF, LUTRAM, RAMB through 'Hard IP' represents load cell counts


25. Clock Region Cell Placement per Global Clock: Region X2Y2
-------------------------------------------------------------

+-----------+-------+-----------------+------------+-------------+-----------------+----+-------------+------+------+-----+----+------+-----+---------+----------------------------------------------------------------------------------------------------------+
| Global Id | Track | Driver Type/Pin | Constraint | Clock Loads | Non-Clock Loads | FF | Memory LUTs | RAMB | URAM | DSP | GT | MMCM | PLL | Hard IP | Net                                                                                                      |
+-----------+-------+-----------------+------------+-------------+-----------------+----+-------------+------+------+-----+----+------+-----+---------+----------------------------------------------------------------------------------------------------------+
| g0        | 11    | BUFGCE/O        | None       |         178 |               0 | 97 |          75 |    6 |    0 |   0 |  0 |    0 |   0 |       0 | PYNQ_Design_i/RX/clk_wiz_0/inst/clk_out1                                                                 |
| g1        | 0     | BUFG_GT/O       | None       |          74 |               0 | 68 |           0 |    6 |    0 |   0 |  0 |    0 |   0 |       0 | PYNQ_Design_i/usp_rf_data_converter_0/inst/i_PYNQ_Design_usp_rf_data_converter_0_0_bufg_gt_ctrl/clk_dac0 |
| g2+       | 13    | BUFG_PS/O       | None       |           0 |               0 |  0 |           0 |    0 |    0 |   0 |  0 |    0 |   0 |       0 | PYNQ_Design_i/zynq_ultra_ps_e_0/U0/pl_clk0                                                               |
+-----------+-------+-----------------+------------+-------------+-----------------+----+-------------+------+------+-----+----+------+-----+---------+----------------------------------------------------------------------------------------------------------+
* Clock Loads column represents cell count of net connects that connect to a clock pin. Internal cell leaf pins are not considered
** Non-Clock Loads column represents cell count of non-clock pin loads
*** Columns FF, LUTRAM, RAMB through 'Hard IP' represents load cell counts
**** In Global Id column, sympbol '+' indicates that global clock was used only to route through the clock region.


26. Clock Region Cell Placement per Global Clock: Region X3Y2
-------------------------------------------------------------

+-----------+-------+-----------------+------------+-------------+-----------------+----+-------------+------+------+-----+----+------+-----+---------+--------------------------------------------+
| Global Id | Track | Driver Type/Pin | Constraint | Clock Loads | Non-Clock Loads | FF | Memory LUTs | RAMB | URAM | DSP | GT | MMCM | PLL | Hard IP | Net                                        |
+-----------+-------+-----------------+------------+-------------+-----------------+----+-------------+------+------+-----+----+------+-----+---------+--------------------------------------------+
| g0+       | 11    | BUFGCE/O        | None       |           0 |               0 |  0 |           0 |    0 |    0 |   0 |  0 |    0 |   0 |       0 | PYNQ_Design_i/RX/clk_wiz_0/inst/clk_out1   |
| g2+       | 13    | BUFG_PS/O       | None       |           0 |               0 |  0 |           0 |    0 |    0 |   0 |  0 |    0 |   0 |       0 | PYNQ_Design_i/zynq_ultra_ps_e_0/U0/pl_clk0 |
| g3+       | 8     | BUFGCE/O        | None       |           0 |               0 |  0 |           0 |    0 |    0 |   0 |  0 |    0 |   0 |       0 | dbg_hub/inst/BSCANID.u_xsdbm_id/itck_i     |
+-----------+-------+-----------------+------------+-------------+-----------------+----+-------------+------+------+-----+----+------+-----+---------+--------------------------------------------+
* Clock Loads column represents cell count of net connects that connect to a clock pin. Internal cell leaf pins are not considered
** Non-Clock Loads column represents cell count of non-clock pin loads
*** Columns FF, LUTRAM, RAMB through 'Hard IP' represents load cell counts
**** In Global Id column, sympbol '+' indicates that global clock was used only to route through the clock region.


27. Clock Region Cell Placement per Global Clock: Region X4Y2
-------------------------------------------------------------

+-----------+-------+-----------------+------------+-------------+-----------------+----+-------------+------+------+-----+----+------+-----+---------+----------------------------------------------------------------------------------------------------------+
| Global Id | Track | Driver Type/Pin | Constraint | Clock Loads | Non-Clock Loads | FF | Memory LUTs | RAMB | URAM | DSP | GT | MMCM | PLL | Hard IP | Net                                                                                                      |
+-----------+-------+-----------------+------------+-------------+-----------------+----+-------------+------+------+-----+----+------+-----+---------+----------------------------------------------------------------------------------------------------------+
| g2+       | 13    | BUFG_PS/O       | None       |           0 |               0 |  0 |           0 |    0 |    0 |   0 |  0 |    0 |   0 |       0 | PYNQ_Design_i/zynq_ultra_ps_e_0/U0/pl_clk0                                                               |
| g4+       | 2     | BUFGCE/O        | None       |           0 |               0 |  0 |           0 |    0 |    0 |   0 |  0 |    0 |   0 |       0 | PYNQ_Design_i/rst_ps8_0_96M/U0/peripheral_aresetn[0]                                                     |
| g5+       | 18    | BUFG_GT/O       | None       |           0 |               0 |  0 |           0 |    0 |    0 |   0 |  0 |    0 |   0 |       0 | PYNQ_Design_i/usp_rf_data_converter_0/inst/i_PYNQ_Design_usp_rf_data_converter_0_0_bufg_gt_ctrl/clk_adc0 |
+-----------+-------+-----------------+------------+-------------+-----------------+----+-------------+------+------+-----+----+------+-----+---------+----------------------------------------------------------------------------------------------------------+
* Clock Loads column represents cell count of net connects that connect to a clock pin. Internal cell leaf pins are not considered
** Non-Clock Loads column represents cell count of non-clock pin loads
*** Columns FF, LUTRAM, RAMB through 'Hard IP' represents load cell counts
**** In Global Id column, sympbol '+' indicates that global clock was used only to route through the clock region.


28. Clock Region Cell Placement per Global Clock: Region X5Y2
-------------------------------------------------------------

+-----------+-------+-----------------+------------+-------------+-----------------+-----+-------------+------+------+-----+----+------+-----+---------+--------------------------------------------+
| Global Id | Track | Driver Type/Pin | Constraint | Clock Loads | Non-Clock Loads | FF  | Memory LUTs | RAMB | URAM | DSP | GT | MMCM | PLL | Hard IP | Net                                        |
+-----------+-------+-----------------+------------+-------------+-----------------+-----+-------------+------+------+-----+----+------+-----+---------+--------------------------------------------+
| g2        | 13    | BUFG_PS/O       | None       |         268 |               0 | 267 |           0 |    0 |    0 |   0 |  0 |    0 |   0 |       0 | PYNQ_Design_i/zynq_ultra_ps_e_0/U0/pl_clk0 |
+-----------+-------+-----------------+------------+-------------+-----------------+-----+-------------+------+------+-----+----+------+-----+---------+--------------------------------------------+
* Clock Loads column represents cell count of net connects that connect to a clock pin. Internal cell leaf pins are not considered
** Non-Clock Loads column represents cell count of non-clock pin loads
*** Columns FF, LUTRAM, RAMB through 'Hard IP' represents load cell counts


29. Clock Region Cell Placement per Global Clock: Region X0Y3
-------------------------------------------------------------

+-----------+-------+-----------------+------------+-------------+-----------------+----+-------------+------+------+-----+----+------+-----+---------+----------------------------------------------------------------------------------------------------------+
| Global Id | Track | Driver Type/Pin | Constraint | Clock Loads | Non-Clock Loads | FF | Memory LUTs | RAMB | URAM | DSP | GT | MMCM | PLL | Hard IP | Net                                                                                                      |
+-----------+-------+-----------------+------------+-------------+-----------------+----+-------------+------+------+-----+----+------+-----+---------+----------------------------------------------------------------------------------------------------------+
| g1        | 0     | BUFG_GT/O       | None       |           3 |               0 |  3 |           0 |    0 |    0 |   0 |  0 |    0 |   0 |       0 | PYNQ_Design_i/usp_rf_data_converter_0/inst/i_PYNQ_Design_usp_rf_data_converter_0_0_bufg_gt_ctrl/clk_dac0 |
+-----------+-------+-----------------+------------+-------------+-----------------+----+-------------+------+------+-----+----+------+-----+---------+----------------------------------------------------------------------------------------------------------+
* Clock Loads column represents cell count of net connects that connect to a clock pin. Internal cell leaf pins are not considered
** Non-Clock Loads column represents cell count of non-clock pin loads
*** Columns FF, LUTRAM, RAMB through 'Hard IP' represents load cell counts


30. Clock Region Cell Placement per Global Clock: Region X1Y3
-------------------------------------------------------------

+-----------+-------+-----------------+------------+-------------+-----------------+----+-------------+------+------+-----+----+------+-----+---------+----------------------------------------------------------------------------------------------------------+
| Global Id | Track | Driver Type/Pin | Constraint | Clock Loads | Non-Clock Loads | FF | Memory LUTs | RAMB | URAM | DSP | GT | MMCM | PLL | Hard IP | Net                                                                                                      |
+-----------+-------+-----------------+------------+-------------+-----------------+----+-------------+------+------+-----+----+------+-----+---------+----------------------------------------------------------------------------------------------------------+
| g1+       | 0     | BUFG_GT/O       | None       |           0 |               0 |  0 |           0 |    0 |    0 |   0 |  0 |    0 |   0 |       0 | PYNQ_Design_i/usp_rf_data_converter_0/inst/i_PYNQ_Design_usp_rf_data_converter_0_0_bufg_gt_ctrl/clk_dac0 |
+-----------+-------+-----------------+------------+-------------+-----------------+----+-------------+------+------+-----+----+------+-----+---------+----------------------------------------------------------------------------------------------------------+
* Clock Loads column represents cell count of net connects that connect to a clock pin. Internal cell leaf pins are not considered
** Non-Clock Loads column represents cell count of non-clock pin loads
*** Columns FF, LUTRAM, RAMB through 'Hard IP' represents load cell counts
**** In Global Id column, sympbol '+' indicates that global clock was used only to route through the clock region.


31. Clock Region Cell Placement per Global Clock: Region X2Y3
-------------------------------------------------------------

+-----------+-------+-----------------+------------+-------------+-----------------+----+-------------+------+------+-----+----+------+-----+---------+----------------------------------------------------------------------------------------------------------+
| Global Id | Track | Driver Type/Pin | Constraint | Clock Loads | Non-Clock Loads | FF | Memory LUTs | RAMB | URAM | DSP | GT | MMCM | PLL | Hard IP | Net                                                                                                      |
+-----------+-------+-----------------+------------+-------------+-----------------+----+-------------+------+------+-----+----+------+-----+---------+----------------------------------------------------------------------------------------------------------+
| g1        | 0     | BUFG_GT/O       | None       |           8 |               0 |  6 |           2 |    0 |    0 |   0 |  0 |    0 |   0 |       0 | PYNQ_Design_i/usp_rf_data_converter_0/inst/i_PYNQ_Design_usp_rf_data_converter_0_0_bufg_gt_ctrl/clk_dac0 |
+-----------+-------+-----------------+------------+-------------+-----------------+----+-------------+------+------+-----+----+------+-----+---------+----------------------------------------------------------------------------------------------------------+
* Clock Loads column represents cell count of net connects that connect to a clock pin. Internal cell leaf pins are not considered
** Non-Clock Loads column represents cell count of non-clock pin loads
*** Columns FF, LUTRAM, RAMB through 'Hard IP' represents load cell counts


32. Clock Region Cell Placement per Global Clock: Region X3Y3
-------------------------------------------------------------

+-----------+-------+-----------------+------------+-------------+-----------------+----+-------------+------+------+-----+----+------+-----+---------+--------------------------------------------+
| Global Id | Track | Driver Type/Pin | Constraint | Clock Loads | Non-Clock Loads | FF | Memory LUTs | RAMB | URAM | DSP | GT | MMCM | PLL | Hard IP | Net                                        |
+-----------+-------+-----------------+------------+-------------+-----------------+----+-------------+------+------+-----+----+------+-----+---------+--------------------------------------------+
| g0+       | 11    | BUFGCE/O        | None       |           0 |               0 |  0 |           0 |    0 |    0 |   0 |  0 |    0 |   0 |       0 | PYNQ_Design_i/RX/clk_wiz_0/inst/clk_out1   |
| g2+       | 13    | BUFG_PS/O       | None       |           0 |               0 |  0 |           0 |    0 |    0 |   0 |  0 |    0 |   0 |       0 | PYNQ_Design_i/zynq_ultra_ps_e_0/U0/pl_clk0 |
| g3+       | 8     | BUFGCE/O        | None       |           0 |               0 |  0 |           0 |    0 |    0 |   0 |  0 |    0 |   0 |       0 | dbg_hub/inst/BSCANID.u_xsdbm_id/itck_i     |
+-----------+-------+-----------------+------------+-------------+-----------------+----+-------------+------+------+-----+----+------+-----+---------+--------------------------------------------+
* Clock Loads column represents cell count of net connects that connect to a clock pin. Internal cell leaf pins are not considered
** Non-Clock Loads column represents cell count of non-clock pin loads
*** Columns FF, LUTRAM, RAMB through 'Hard IP' represents load cell counts
**** In Global Id column, sympbol '+' indicates that global clock was used only to route through the clock region.


33. Clock Region Cell Placement per Global Clock: Region X4Y3
-------------------------------------------------------------

+-----------+-------+-----------------+------------+-------------+-----------------+----+-------------+------+------+-----+----+------+-----+---------+----------------------------------------------------------------------------------------------------------+
| Global Id | Track | Driver Type/Pin | Constraint | Clock Loads | Non-Clock Loads | FF | Memory LUTs | RAMB | URAM | DSP | GT | MMCM | PLL | Hard IP | Net                                                                                                      |
+-----------+-------+-----------------+------------+-------------+-----------------+----+-------------+------+------+-----+----+------+-----+---------+----------------------------------------------------------------------------------------------------------+
| g2+       | 13    | BUFG_PS/O       | None       |           0 |               0 |  0 |           0 |    0 |    0 |   0 |  0 |    0 |   0 |       0 | PYNQ_Design_i/zynq_ultra_ps_e_0/U0/pl_clk0                                                               |
| g5+       | 18    | BUFG_GT/O       | None       |           0 |               0 |  0 |           0 |    0 |    0 |   0 |  0 |    0 |   0 |       0 | PYNQ_Design_i/usp_rf_data_converter_0/inst/i_PYNQ_Design_usp_rf_data_converter_0_0_bufg_gt_ctrl/clk_adc0 |
+-----------+-------+-----------------+------------+-------------+-----------------+----+-------------+------+------+-----+----+------+-----+---------+----------------------------------------------------------------------------------------------------------+
* Clock Loads column represents cell count of net connects that connect to a clock pin. Internal cell leaf pins are not considered
** Non-Clock Loads column represents cell count of non-clock pin loads
*** Columns FF, LUTRAM, RAMB through 'Hard IP' represents load cell counts
**** In Global Id column, sympbol '+' indicates that global clock was used only to route through the clock region.


34. Clock Region Cell Placement per Global Clock: Region X5Y3
-------------------------------------------------------------

+-----------+-------+-----------------+------------+-------------+-----------------+----+-------------+------+------+-----+----+------+-----+---------+--------------------------------------------+
| Global Id | Track | Driver Type/Pin | Constraint | Clock Loads | Non-Clock Loads | FF | Memory LUTs | RAMB | URAM | DSP | GT | MMCM | PLL | Hard IP | Net                                        |
+-----------+-------+-----------------+------------+-------------+-----------------+----+-------------+------+------+-----+----+------+-----+---------+--------------------------------------------+
| g2        | 13    | BUFG_PS/O       | None       |           1 |               0 |  0 |           0 |    0 |    0 |   0 |  0 |    0 |   0 |       0 | PYNQ_Design_i/zynq_ultra_ps_e_0/U0/pl_clk0 |
+-----------+-------+-----------------+------------+-------------+-----------------+----+-------------+------+------+-----+----+------+-----+---------+--------------------------------------------+
* Clock Loads column represents cell count of net connects that connect to a clock pin. Internal cell leaf pins are not considered
** Non-Clock Loads column represents cell count of non-clock pin loads
*** Columns FF, LUTRAM, RAMB through 'Hard IP' represents load cell counts


35. Clock Region Cell Placement per Global Clock: Region X2Y4
-------------------------------------------------------------

+-----------+-------+-----------------+------------+-------------+-----------------+----+-------------+------+------+-----+----+------+-----+---------+----------------------------------------------------------------------------------------------------------+
| Global Id | Track | Driver Type/Pin | Constraint | Clock Loads | Non-Clock Loads | FF | Memory LUTs | RAMB | URAM | DSP | GT | MMCM | PLL | Hard IP | Net                                                                                                      |
+-----------+-------+-----------------+------------+-------------+-----------------+----+-------------+------+------+-----+----+------+-----+---------+----------------------------------------------------------------------------------------------------------+
| g1        | 0     | BUFG_GT/O       | None       |          95 |               0 | 94 |           0 |    1 |    0 |   0 |  0 |    0 |   0 |       0 | PYNQ_Design_i/usp_rf_data_converter_0/inst/i_PYNQ_Design_usp_rf_data_converter_0_0_bufg_gt_ctrl/clk_dac0 |
+-----------+-------+-----------------+------------+-------------+-----------------+----+-------------+------+------+-----+----+------+-----+---------+----------------------------------------------------------------------------------------------------------+
* Clock Loads column represents cell count of net connects that connect to a clock pin. Internal cell leaf pins are not considered
** Non-Clock Loads column represents cell count of non-clock pin loads
*** Columns FF, LUTRAM, RAMB through 'Hard IP' represents load cell counts


36. Clock Region Cell Placement per Global Clock: Region X3Y4
-------------------------------------------------------------

+-----------+-------+-----------------+------------+-------------+-----------------+----+-------------+------+------+-----+----+------+-----+---------+----------------------------------------------------------------------------------------------------------+
| Global Id | Track | Driver Type/Pin | Constraint | Clock Loads | Non-Clock Loads | FF | Memory LUTs | RAMB | URAM | DSP | GT | MMCM | PLL | Hard IP | Net                                                                                                      |
+-----------+-------+-----------------+------------+-------------+-----------------+----+-------------+------+------+-----+----+------+-----+---------+----------------------------------------------------------------------------------------------------------+
| g0+       | 11    | BUFGCE/O        | None       |           0 |               0 |  0 |           0 |    0 |    0 |   0 |  0 |    0 |   0 |       0 | PYNQ_Design_i/RX/clk_wiz_0/inst/clk_out1                                                                 |
| g1+       | 0     | BUFG_GT/O       | None       |           0 |               0 |  0 |           0 |    0 |    0 |   0 |  0 |    0 |   0 |       0 | PYNQ_Design_i/usp_rf_data_converter_0/inst/i_PYNQ_Design_usp_rf_data_converter_0_0_bufg_gt_ctrl/clk_dac0 |
| g2+       | 13    | BUFG_PS/O       | None       |           0 |               0 |  0 |           0 |    0 |    0 |   0 |  0 |    0 |   0 |       0 | PYNQ_Design_i/zynq_ultra_ps_e_0/U0/pl_clk0                                                               |
| g3+       | 8     | BUFGCE/O        | None       |           0 |               0 |  0 |           0 |    0 |    0 |   0 |  0 |    0 |   0 |       0 | dbg_hub/inst/BSCANID.u_xsdbm_id/itck_i                                                                   |
+-----------+-------+-----------------+------------+-------------+-----------------+----+-------------+------+------+-----+----+------+-----+---------+----------------------------------------------------------------------------------------------------------+
* Clock Loads column represents cell count of net connects that connect to a clock pin. Internal cell leaf pins are not considered
** Non-Clock Loads column represents cell count of non-clock pin loads
*** Columns FF, LUTRAM, RAMB through 'Hard IP' represents load cell counts
**** In Global Id column, sympbol '+' indicates that global clock was used only to route through the clock region.


37. Clock Region Cell Placement per Global Clock: Region X4Y4
-------------------------------------------------------------

+-----------+-------+-----------------+------------+-------------+-----------------+----+-------------+------+------+-----+----+------+-----+---------+----------------------------------------------------------------------------------------------------------+
| Global Id | Track | Driver Type/Pin | Constraint | Clock Loads | Non-Clock Loads | FF | Memory LUTs | RAMB | URAM | DSP | GT | MMCM | PLL | Hard IP | Net                                                                                                      |
+-----------+-------+-----------------+------------+-------------+-----------------+----+-------------+------+------+-----+----+------+-----+---------+----------------------------------------------------------------------------------------------------------+
| g1+       | 0     | BUFG_GT/O       | None       |           0 |               0 |  0 |           0 |    0 |    0 |   0 |  0 |    0 |   0 |       0 | PYNQ_Design_i/usp_rf_data_converter_0/inst/i_PYNQ_Design_usp_rf_data_converter_0_0_bufg_gt_ctrl/clk_dac0 |
| g2+       | 13    | BUFG_PS/O       | None       |           0 |               0 |  0 |           0 |    0 |    0 |   0 |  0 |    0 |   0 |       0 | PYNQ_Design_i/zynq_ultra_ps_e_0/U0/pl_clk0                                                               |
| g5+       | 18    | BUFG_GT/O       | None       |           0 |               0 |  0 |           0 |    0 |    0 |   0 |  0 |    0 |   0 |       0 | PYNQ_Design_i/usp_rf_data_converter_0/inst/i_PYNQ_Design_usp_rf_data_converter_0_0_bufg_gt_ctrl/clk_adc0 |
+-----------+-------+-----------------+------------+-------------+-----------------+----+-------------+------+------+-----+----+------+-----+---------+----------------------------------------------------------------------------------------------------------+
* Clock Loads column represents cell count of net connects that connect to a clock pin. Internal cell leaf pins are not considered
** Non-Clock Loads column represents cell count of non-clock pin loads
*** Columns FF, LUTRAM, RAMB through 'Hard IP' represents load cell counts
**** In Global Id column, sympbol '+' indicates that global clock was used only to route through the clock region.


38. Clock Region Cell Placement per Global Clock: Region X5Y4
-------------------------------------------------------------

+-----------+-------+-----------------+------------+-------------+-----------------+----+-------------+------+------+-----+----+------+-----+---------+----------------------------------------------------------------------------------------------------------+
| Global Id | Track | Driver Type/Pin | Constraint | Clock Loads | Non-Clock Loads | FF | Memory LUTs | RAMB | URAM | DSP | GT | MMCM | PLL | Hard IP | Net                                                                                                      |
+-----------+-------+-----------------+------------+-------------+-----------------+----+-------------+------+------+-----+----+------+-----+---------+----------------------------------------------------------------------------------------------------------+
| g1        | 0     | BUFG_GT/O       | None       |           1 |               0 |  0 |           0 |    0 |    0 |   0 |  0 |    0 |   0 |       0 | PYNQ_Design_i/usp_rf_data_converter_0/inst/i_PYNQ_Design_usp_rf_data_converter_0_0_bufg_gt_ctrl/clk_dac0 |
| g2        | 13    | BUFG_PS/O       | None       |           1 |               0 |  0 |           0 |    0 |    0 |   0 |  0 |    0 |   0 |       0 | PYNQ_Design_i/zynq_ultra_ps_e_0/U0/pl_clk0                                                               |
+-----------+-------+-----------------+------------+-------------+-----------------+----+-------------+------+------+-----+----+------+-----+---------+----------------------------------------------------------------------------------------------------------+
* Clock Loads column represents cell count of net connects that connect to a clock pin. Internal cell leaf pins are not considered
** Non-Clock Loads column represents cell count of non-clock pin loads
*** Columns FF, LUTRAM, RAMB through 'Hard IP' represents load cell counts


39. Clock Region Cell Placement per Global Clock: Region X0Y5
-------------------------------------------------------------

+-----------+-------+-----------------+------------+-------------+-----------------+----+-------------+------+------+-----+----+------+-----+---------+----------------------------------------------------------------------------------------------------------+
| Global Id | Track | Driver Type/Pin | Constraint | Clock Loads | Non-Clock Loads | FF | Memory LUTs | RAMB | URAM | DSP | GT | MMCM | PLL | Hard IP | Net                                                                                                      |
+-----------+-------+-----------------+------------+-------------+-----------------+----+-------------+------+------+-----+----+------+-----+---------+----------------------------------------------------------------------------------------------------------+
| g1        | 0     | BUFG_GT/O       | None       |           3 |               0 |  3 |           0 |    0 |    0 |   0 |  0 |    0 |   0 |       0 | PYNQ_Design_i/usp_rf_data_converter_0/inst/i_PYNQ_Design_usp_rf_data_converter_0_0_bufg_gt_ctrl/clk_dac0 |
+-----------+-------+-----------------+------------+-------------+-----------------+----+-------------+------+------+-----+----+------+-----+---------+----------------------------------------------------------------------------------------------------------+
* Clock Loads column represents cell count of net connects that connect to a clock pin. Internal cell leaf pins are not considered
** Non-Clock Loads column represents cell count of non-clock pin loads
*** Columns FF, LUTRAM, RAMB through 'Hard IP' represents load cell counts


40. Clock Region Cell Placement per Global Clock: Region X1Y5
-------------------------------------------------------------

+-----------+-------+-----------------+------------+-------------+-----------------+----+-------------+------+------+-----+----+------+-----+---------+----------------------------------------------------------------------------------------------------------+
| Global Id | Track | Driver Type/Pin | Constraint | Clock Loads | Non-Clock Loads | FF | Memory LUTs | RAMB | URAM | DSP | GT | MMCM | PLL | Hard IP | Net                                                                                                      |
+-----------+-------+-----------------+------------+-------------+-----------------+----+-------------+------+------+-----+----+------+-----+---------+----------------------------------------------------------------------------------------------------------+
| g1+       | 0     | BUFG_GT/O       | None       |           0 |               0 |  0 |           0 |    0 |    0 |   0 |  0 |    0 |   0 |       0 | PYNQ_Design_i/usp_rf_data_converter_0/inst/i_PYNQ_Design_usp_rf_data_converter_0_0_bufg_gt_ctrl/clk_dac0 |
+-----------+-------+-----------------+------------+-------------+-----------------+----+-------------+------+------+-----+----+------+-----+---------+----------------------------------------------------------------------------------------------------------+
* Clock Loads column represents cell count of net connects that connect to a clock pin. Internal cell leaf pins are not considered
** Non-Clock Loads column represents cell count of non-clock pin loads
*** Columns FF, LUTRAM, RAMB through 'Hard IP' represents load cell counts
**** In Global Id column, sympbol '+' indicates that global clock was used only to route through the clock region.


41. Clock Region Cell Placement per Global Clock: Region X2Y5
-------------------------------------------------------------

+-----------+-------+-----------------+------------+-------------+-----------------+----+-------------+------+------+-----+----+------+-----+---------+----------------------------------------------------------------------------------------------------------+
| Global Id | Track | Driver Type/Pin | Constraint | Clock Loads | Non-Clock Loads | FF | Memory LUTs | RAMB | URAM | DSP | GT | MMCM | PLL | Hard IP | Net                                                                                                      |
+-----------+-------+-----------------+------------+-------------+-----------------+----+-------------+------+------+-----+----+------+-----+---------+----------------------------------------------------------------------------------------------------------+
| g1        | 0     | BUFG_GT/O       | None       |          16 |               0 | 16 |           0 |    0 |    0 |   0 |  0 |    0 |   0 |       0 | PYNQ_Design_i/usp_rf_data_converter_0/inst/i_PYNQ_Design_usp_rf_data_converter_0_0_bufg_gt_ctrl/clk_dac0 |
+-----------+-------+-----------------+------------+-------------+-----------------+----+-------------+------+------+-----+----+------+-----+---------+----------------------------------------------------------------------------------------------------------+
* Clock Loads column represents cell count of net connects that connect to a clock pin. Internal cell leaf pins are not considered
** Non-Clock Loads column represents cell count of non-clock pin loads
*** Columns FF, LUTRAM, RAMB through 'Hard IP' represents load cell counts


42. Clock Region Cell Placement per Global Clock: Region X3Y5
-------------------------------------------------------------

+-----------+-------+-----------------+------------+-------------+-----------------+----+-------------+------+------+-----+----+------+-----+---------+--------------------------------------------+
| Global Id | Track | Driver Type/Pin | Constraint | Clock Loads | Non-Clock Loads | FF | Memory LUTs | RAMB | URAM | DSP | GT | MMCM | PLL | Hard IP | Net                                        |
+-----------+-------+-----------------+------------+-------------+-----------------+----+-------------+------+------+-----+----+------+-----+---------+--------------------------------------------+
| g0+       | 11    | BUFGCE/O        | None       |           0 |               0 |  0 |           0 |    0 |    0 |   0 |  0 |    0 |   0 |       0 | PYNQ_Design_i/RX/clk_wiz_0/inst/clk_out1   |
| g2+       | 13    | BUFG_PS/O       | None       |           0 |               0 |  0 |           0 |    0 |    0 |   0 |  0 |    0 |   0 |       0 | PYNQ_Design_i/zynq_ultra_ps_e_0/U0/pl_clk0 |
| g3+       | 8     | BUFGCE/O        | None       |           0 |               0 |  0 |           0 |    0 |    0 |   0 |  0 |    0 |   0 |       0 | dbg_hub/inst/BSCANID.u_xsdbm_id/itck_i     |
+-----------+-------+-----------------+------------+-------------+-----------------+----+-------------+------+------+-----+----+------+-----+---------+--------------------------------------------+
* Clock Loads column represents cell count of net connects that connect to a clock pin. Internal cell leaf pins are not considered
** Non-Clock Loads column represents cell count of non-clock pin loads
*** Columns FF, LUTRAM, RAMB through 'Hard IP' represents load cell counts
**** In Global Id column, sympbol '+' indicates that global clock was used only to route through the clock region.


43. Clock Region Cell Placement per Global Clock: Region X4Y5
-------------------------------------------------------------

+-----------+-------+-----------------+------------+-------------+-----------------+----+-------------+------+------+-----+----+------+-----+---------+----------------------------------------------------------------------------------------------------------+
| Global Id | Track | Driver Type/Pin | Constraint | Clock Loads | Non-Clock Loads | FF | Memory LUTs | RAMB | URAM | DSP | GT | MMCM | PLL | Hard IP | Net                                                                                                      |
+-----------+-------+-----------------+------------+-------------+-----------------+----+-------------+------+------+-----+----+------+-----+---------+----------------------------------------------------------------------------------------------------------+
| g2+       | 13    | BUFG_PS/O       | None       |           0 |               0 |  0 |           0 |    0 |    0 |   0 |  0 |    0 |   0 |       0 | PYNQ_Design_i/zynq_ultra_ps_e_0/U0/pl_clk0                                                               |
| g3+       | 8     | BUFGCE/O        | None       |           0 |               0 |  0 |           0 |    0 |    0 |   0 |  0 |    0 |   0 |       0 | dbg_hub/inst/BSCANID.u_xsdbm_id/itck_i                                                                   |
| g5+       | 18    | BUFG_GT/O       | None       |           0 |               0 |  0 |           0 |    0 |    0 |   0 |  0 |    0 |   0 |       0 | PYNQ_Design_i/usp_rf_data_converter_0/inst/i_PYNQ_Design_usp_rf_data_converter_0_0_bufg_gt_ctrl/clk_adc0 |
+-----------+-------+-----------------+------------+-------------+-----------------+----+-------------+------+------+-----+----+------+-----+---------+----------------------------------------------------------------------------------------------------------+
* Clock Loads column represents cell count of net connects that connect to a clock pin. Internal cell leaf pins are not considered
** Non-Clock Loads column represents cell count of non-clock pin loads
*** Columns FF, LUTRAM, RAMB through 'Hard IP' represents load cell counts
**** In Global Id column, sympbol '+' indicates that global clock was used only to route through the clock region.


44. Clock Region Cell Placement per Global Clock: Region X5Y5
-------------------------------------------------------------

+-----------+-------+-----------------+------------+-------------+-----------------+----+-------------+------+------+-----+----+------+-----+---------+--------------------------------------------+
| Global Id | Track | Driver Type/Pin | Constraint | Clock Loads | Non-Clock Loads | FF | Memory LUTs | RAMB | URAM | DSP | GT | MMCM | PLL | Hard IP | Net                                        |
+-----------+-------+-----------------+------------+-------------+-----------------+----+-------------+------+------+-----+----+------+-----+---------+--------------------------------------------+
| g2        | 13    | BUFG_PS/O       | None       |           1 |               0 |  0 |           0 |    0 |    0 |   0 |  0 |    0 |   0 |       0 | PYNQ_Design_i/zynq_ultra_ps_e_0/U0/pl_clk0 |
+-----------+-------+-----------------+------------+-------------+-----------------+----+-------------+------+------+-----+----+------+-----+---------+--------------------------------------------+
* Clock Loads column represents cell count of net connects that connect to a clock pin. Internal cell leaf pins are not considered
** Non-Clock Loads column represents cell count of non-clock pin loads
*** Columns FF, LUTRAM, RAMB through 'Hard IP' represents load cell counts


45. Clock Region Cell Placement per Global Clock: Region X2Y6
-------------------------------------------------------------

+-----------+-------+-----------------+------------+-------------+-----------------+----+-------------+------+------+-----+----+------+-----+---------+----------------------------------------------------------------------------------------------------------+
| Global Id | Track | Driver Type/Pin | Constraint | Clock Loads | Non-Clock Loads | FF | Memory LUTs | RAMB | URAM | DSP | GT | MMCM | PLL | Hard IP | Net                                                                                                      |
+-----------+-------+-----------------+------------+-------------+-----------------+----+-------------+------+------+-----+----+------+-----+---------+----------------------------------------------------------------------------------------------------------+
| g1        | 0     | BUFG_GT/O       | None       |          93 |               0 | 85 |           5 |    2 |    0 |   1 |  0 |    0 |   0 |       0 | PYNQ_Design_i/usp_rf_data_converter_0/inst/i_PYNQ_Design_usp_rf_data_converter_0_0_bufg_gt_ctrl/clk_dac0 |
+-----------+-------+-----------------+------------+-------------+-----------------+----+-------------+------+------+-----+----+------+-----+---------+----------------------------------------------------------------------------------------------------------+
* Clock Loads column represents cell count of net connects that connect to a clock pin. Internal cell leaf pins are not considered
** Non-Clock Loads column represents cell count of non-clock pin loads
*** Columns FF, LUTRAM, RAMB through 'Hard IP' represents load cell counts


46. Clock Region Cell Placement per Global Clock: Region X4Y7
-------------------------------------------------------------

+-----------+-------+-----------------+------------+-------------+-----------------+----+-------------+------+------+-----+----+------+-----+---------+----------------------------------------------------------------------------------------------------------+
| Global Id | Track | Driver Type/Pin | Constraint | Clock Loads | Non-Clock Loads | FF | Memory LUTs | RAMB | URAM | DSP | GT | MMCM | PLL | Hard IP | Net                                                                                                      |
+-----------+-------+-----------------+------------+-------------+-----------------+----+-------------+------+------+-----+----+------+-----+---------+----------------------------------------------------------------------------------------------------------+
| g0+       | 11    | BUFGCE/O        | None       |           0 |               0 |  0 |           0 |    0 |    0 |   0 |  0 |    0 |   0 |       0 | PYNQ_Design_i/RX/clk_wiz_0/inst/clk_out1                                                                 |
| g5        | 18    | BUFG_GT/O       | None       |           0 |               1 |  0 |           0 |    0 |    0 |   0 |  0 |    1 |   0 |       0 | PYNQ_Design_i/usp_rf_data_converter_0/inst/i_PYNQ_Design_usp_rf_data_converter_0_0_bufg_gt_ctrl/clk_adc0 |
+-----------+-------+-----------------+------------+-------------+-----------------+----+-------------+------+------+-----+----+------+-----+---------+----------------------------------------------------------------------------------------------------------+
* Clock Loads column represents cell count of net connects that connect to a clock pin. Internal cell leaf pins are not considered
** Non-Clock Loads column represents cell count of non-clock pin loads
*** Columns FF, LUTRAM, RAMB through 'Hard IP' represents load cell counts
**** In Global Id column, sympbol '+' indicates that global clock was used only to route through the clock region.


