Copyright 1986-2022 Xilinx, Inc. All Rights Reserved. Copyright 2022-2024 Advanced Micro Devices, Inc. All Rights Reserved.
-----------------------------------------------------------------------------------------------------------------------------------------------------------------------------------------------------------------------------------------------------------
| Tool Version      : Vivado v.2024.1 (win64) Build 5076996 Wed May 22 18:37:14 MDT 2024
| Date              : Mon Mar  3 19:16:20 2025
| Host              : EEE-R446-02 running 64-bit major release  (build 9200)
| Command           : report_timing_summary -max_paths 10 -report_unconstrained -file PYNQ_Design_wrapper_timing_summary_routed.rpt -pb PYNQ_Design_wrapper_timing_summary_routed.pb -rpx PYNQ_Design_wrapper_timing_summary_routed.rpx -warn_on_violation
| Design            : PYNQ_Design_wrapper
| Device            : xczu28dr-ffvg1517
| Speed File        : -2  PRODUCTION 1.30 05-03-2022
| Design State      : Routed
| Temperature Grade : E
-----------------------------------------------------------------------------------------------------------------------------------------------------------------------------------------------------------------------------------------------------------

Timing Summary Report

------------------------------------------------------------------------------------------------
| Timer Settings
| --------------
------------------------------------------------------------------------------------------------

  Enable Multi Corner Analysis               :  Yes
  Enable Pessimism Removal                   :  Yes
  Pessimism Removal Resolution               :  Nearest Common Node
  Enable Input Delay Default Clock           :  No
  Enable Preset / Clear Arcs                 :  No
  Disable Flight Delays                      :  No
  Ignore I/O Paths                           :  No
  Timing Early Launch at Borrowing Latches   :  No
  Borrow Time for Max Delay Exceptions       :  Yes
  Merge Timing Exceptions                    :  Yes
  Inter-SLR Compensation                     :  Conservative

  Corner  Analyze    Analyze    
  Name    Max Paths  Min Paths  
  ------  ---------  ---------  
  Slow    Yes        Yes        
  Fast    Yes        Yes        


------------------------------------------------------------------------------------------------
| Report Methodology
| ------------------
------------------------------------------------------------------------------------------------

No report available as report_methodology has not been run prior. Run report_methodology on the current design for the summary of methodology violations.



check_timing report

Table of Contents
-----------------
1. checking no_clock (2)
2. checking constant_clock (0)
3. checking pulse_width_clock (0)
4. checking unconstrained_internal_endpoints (0)
5. checking no_input_delay (0)
6. checking no_output_delay (0)
7. checking multiple_clock (0)
8. checking generated_clocks (0)
9. checking loops (0)
10. checking partial_input_delay (0)
11. checking partial_output_delay (0)
12. checking latch_loops (0)

1. checking no_clock (2)
------------------------
 There are 2 register/latch pins with no clock (HIGH)


2. checking constant_clock (0)
------------------------------
 There are 0 register/latch pins with constant_clock.


3. checking pulse_width_clock (0)
---------------------------------
 There are 0 register/latch pins which need pulse_width check


4. checking unconstrained_internal_endpoints (0)
------------------------------------------------
 There are 0 pins that are not constrained for maximum delay.

 There are 0 pins that are not constrained for maximum delay due to constant clock.


5. checking no_input_delay (0)
------------------------------
 There are 0 input ports with no input delay specified.

 There are 0 input ports with no input delay but user has a false path constraint.


6. checking no_output_delay (0)
-------------------------------
 There are 0 ports with no output delay specified.

 There are 0 ports with no output delay but user has a false path constraint

 There are 0 ports with no output delay but with a timing clock defined on it or propagating through it


7. checking multiple_clock (0)
------------------------------
 There are 0 register/latch pins with multiple clocks.


8. checking generated_clocks (0)
--------------------------------
 There are 0 generated clocks that are not connected to a clock source.


9. checking loops (0)
---------------------
 There are 0 combinational loops in the design.


10. checking partial_input_delay (0)
------------------------------------
 There are 0 input ports with partial input delay specified.


11. checking partial_output_delay (0)
-------------------------------------
 There are 0 ports with partial output delay specified.


12. checking latch_loops (0)
----------------------------
 There are 0 combinational latch loops in the design through latch input



------------------------------------------------------------------------------------------------
| Design Timing Summary
| ---------------------
------------------------------------------------------------------------------------------------

    WNS(ns)      TNS(ns)  TNS Failing Endpoints  TNS Total Endpoints      WHS(ns)      THS(ns)  THS Failing Endpoints  THS Total Endpoints     WPWS(ns)     TPWS(ns)  TPWS Failing Endpoints  TPWS Total Endpoints  
    -------      -------  ---------------------  -------------------      -------      -------  ---------------------  -------------------     --------     --------  ----------------------  --------------------  
      2.993        0.000                      0                42852        0.011        0.000                      0                42852        3.556        0.000                       0                 13106  


All user specified timing constraints are met.


------------------------------------------------------------------------------------------------
| Clock Summary
| -------------
------------------------------------------------------------------------------------------------

Clock             Waveform(ns)       Period(ns)      Frequency(MHz)
-----             ------------       ----------      --------------
RFADC0_CLK        {0.000 32.000}     64.000          15.625          
RFADC0_CLK_dummy  {0.000 32.000}     64.000          15.625          
RFADC1_CLK        {0.000 5.000}      10.000          100.000         
RFADC1_CLK_dummy  {0.000 5.000}      10.000          100.000         
RFADC1_FABCLK0    {0.000 5.000}      10.000          100.000         
RFADC1_FABCLK1    {0.000 5.000}      10.000          100.000         
RFADC1_FABCLK2    {0.000 5.000}      10.000          100.000         
RFADC1_FABCLK3    {0.000 5.000}      10.000          100.000         
RFADC2_CLK        {0.000 5.000}      10.000          100.000         
RFADC2_CLK_dummy  {0.000 5.000}      10.000          100.000         
RFADC2_FABCLK0    {0.000 5.000}      10.000          100.000         
RFADC2_FABCLK1    {0.000 5.000}      10.000          100.000         
RFADC2_FABCLK2    {0.000 5.000}      10.000          100.000         
RFADC2_FABCLK3    {0.000 5.000}      10.000          100.000         
RFADC3_CLK        {0.000 5.000}      10.000          100.000         
RFADC3_CLK_dummy  {0.000 5.000}      10.000          100.000         
RFADC3_FABCLK0    {0.000 5.000}      10.000          100.000         
RFADC3_FABCLK1    {0.000 5.000}      10.000          100.000         
RFADC3_FABCLK2    {0.000 5.000}      10.000          100.000         
RFADC3_FABCLK3    {0.000 5.000}      10.000          100.000         
RFDAC0_CLK        {0.000 10.000}     20.000          50.000          
RFDAC1_CLK        {0.000 5.000}      10.000          100.000         
RFDAC1_FABCLK0    {0.000 5.000}      10.000          100.000         
RFDAC1_FABCLK1    {0.000 5.000}      10.000          100.000         
RFDAC1_FABCLK2    {0.000 5.000}      10.000          100.000         
RFDAC1_FABCLK3    {0.000 5.000}      10.000          100.000         
clk_pl_0          {0.000 5.156}      10.312          96.974          


------------------------------------------------------------------------------------------------
| Intra Clock Table
| -----------------
------------------------------------------------------------------------------------------------

Clock             WNS(ns)      TNS(ns)  TNS Failing Endpoints  TNS Total Endpoints      WHS(ns)      THS(ns)  THS Failing Endpoints  THS Total Endpoints     WPWS(ns)     TPWS(ns)  TPWS Failing Endpoints  TPWS Total Endpoints  
-----             -------      -------  ---------------------  -------------------      -------      -------  ---------------------  -------------------     --------     --------  ----------------------  --------------------  
clk_pl_0            2.993        0.000                      0                42852        0.011        0.000                      0                42852        3.556        0.000                       0                 13106  


------------------------------------------------------------------------------------------------
| Inter Clock Table
| -----------------
------------------------------------------------------------------------------------------------

From Clock    To Clock          WNS(ns)      TNS(ns)  TNS Failing Endpoints  TNS Total Endpoints      WHS(ns)      THS(ns)  THS Failing Endpoints  THS Total Endpoints  
----------    --------          -------      -------  ---------------------  -------------------      -------      -------  ---------------------  -------------------  


------------------------------------------------------------------------------------------------
| Other Path Groups Table
| -----------------------
------------------------------------------------------------------------------------------------

Path Group    From Clock    To Clock          WNS(ns)      TNS(ns)  TNS Failing Endpoints  TNS Total Endpoints      WHS(ns)      THS(ns)  THS Failing Endpoints  THS Total Endpoints  
----------    ----------    --------          -------      -------  ---------------------  -------------------      -------      -------  ---------------------  -------------------  


------------------------------------------------------------------------------------------------
| User Ignored Path Table
| -----------------------
------------------------------------------------------------------------------------------------

Path Group    From Clock    To Clock    
----------    ----------    --------    
(none)                      clk_pl_0      
(none)        RFADC0_CLK    clk_pl_0      
(none)        RFADC1_CLK    clk_pl_0      
(none)        RFADC2_CLK    clk_pl_0      
(none)        RFADC3_CLK    clk_pl_0      
(none)        RFDAC0_CLK    clk_pl_0      
(none)        RFDAC1_CLK    clk_pl_0      
(none)        clk_pl_0      clk_pl_0      


------------------------------------------------------------------------------------------------
| Unconstrained Path Table
| ------------------------
------------------------------------------------------------------------------------------------

Path Group    From Clock    To Clock    
----------    ----------    --------    
(none)        clk_pl_0                    
(none)                      clk_pl_0      


------------------------------------------------------------------------------------------------
| Timing Details
| --------------
------------------------------------------------------------------------------------------------


---------------------------------------------------------------------------------------------------
From Clock:  clk_pl_0
  To Clock:  clk_pl_0

Setup :            0  Failing Endpoints,  Worst Slack        2.993ns,  Total Violation        0.000ns
Hold  :            0  Failing Endpoints,  Worst Slack        0.011ns,  Total Violation        0.000ns
PW    :            0  Failing Endpoints,  Worst Slack        3.556ns,  Total Violation        0.000ns
---------------------------------------------------------------------------------------------------


Max Delay Paths
--------------------------------------------------------------------------------------
Slack (MET) :             2.993ns  (required time - arrival time)
  Source:                 PYNQ_Design_i/usp_rf_data_converter_0/inst/i_axi_lite_ipif/I_SLAVE_ATTACHMENT/bus2ip_addr_reg_reg[17]/C
                            (rising edge-triggered cell FDRE clocked by clk_pl_0  {rise@0.000ns fall@5.156ns period=10.312ns})
  Destination:            PYNQ_Design_i/usp_rf_data_converter_0/inst/i_axi_lite_ipif/I_SLAVE_ATTACHMENT/DATA_PHASE_WDT.I_DPTO_COUNTER/icount_out_reg[12]/D
                            (rising edge-triggered cell FDRE clocked by clk_pl_0  {rise@0.000ns fall@5.156ns period=10.312ns})
  Path Group:             clk_pl_0
  Path Type:              Setup (Max at Slow Process Corner)
  Requirement:            10.312ns  (clk_pl_0 rise@10.312ns - clk_pl_0 rise@0.000ns)
  Data Path Delay:        7.156ns  (logic 1.143ns (15.974%)  route 6.013ns (84.026%))
  Logic Levels:           10  (CARRY8=2 LUT6=8)
  Clock Path Skew:        -0.030ns (DCD - SCD + CPR)
    Destination Clock Delay (DCD):    1.710ns = ( 12.022 - 10.312 ) 
    Source Clock Delay      (SCD):    1.946ns
    Clock Pessimism Removal (CPR):    0.207ns
  Clock Uncertainty:      0.159ns  ((TSJ^2 + DJ^2)^1/2) / 2 + PE
    Total System Jitter     (TSJ):    0.071ns
    Discrete Jitter          (DJ):    0.310ns
    Phase Error              (PE):    0.000ns
  Clock Net Delay (Source):      1.720ns (routing 0.467ns, distribution 1.253ns)
  Clock Net Delay (Destination): 1.528ns (routing 0.423ns, distribution 1.105ns)

    Location             Delay type                Incr(ns)  Path(ns)    Netlist Resource(s)
  -------------------------------------------------------------------    -------------------
                         (clock clk_pl_0 rise edge)
                                                      0.000     0.000 r  
    PS8_X0Y0             PS8                          0.000     0.000 r  PYNQ_Design_i/zynq_ultra_ps_e_0/U0/PS8_i/PLCLK[0]
                         net (fo=1, routed)           0.198     0.198    PYNQ_Design_i/zynq_ultra_ps_e_0/U0/pl_clk_unbuffered[0]
    BUFG_PS_X0Y58        BUFG_PS (Prop_BUFG_PS_I_O)
                                                      0.028     0.226 r  PYNQ_Design_i/zynq_ultra_ps_e_0/U0/buffer_pl_clk_0.PL_CLK_0_BUFG/O
    X2Y2 (CLOCK_ROOT)    net (fo=13302, routed)       1.720     1.946    PYNQ_Design_i/usp_rf_data_converter_0/inst/i_axi_lite_ipif/I_SLAVE_ATTACHMENT/s_axi_aclk
    SLICE_X33Y130        FDRE                                         r  PYNQ_Design_i/usp_rf_data_converter_0/inst/i_axi_lite_ipif/I_SLAVE_ATTACHMENT/bus2ip_addr_reg_reg[17]/C
  -------------------------------------------------------------------    -------------------
    SLICE_X33Y130        FDRE (Prop_BFF_SLICEL_C_Q)
                                                      0.079     2.025 r  PYNQ_Design_i/usp_rf_data_converter_0/inst/i_axi_lite_ipif/I_SLAVE_ATTACHMENT/bus2ip_addr_reg_reg[17]/Q
                         net (fo=60, routed)          2.576     4.601    PYNQ_Design_i/usp_rf_data_converter_0/inst/i_axi_lite_ipif/I_SLAVE_ATTACHMENT/I_DECODER/axi_RdAck_r_reg[14]
    SLICE_X116Y130       LUT6 (Prop_G6LUT_SLICEL_I5_O)
                                                      0.089     4.690 r  PYNQ_Design_i/usp_rf_data_converter_0/inst/i_axi_lite_ipif/I_SLAVE_ATTACHMENT/I_DECODER/FSM_onehot_state[4]_i_7__0/O
                         net (fo=1, routed)           0.094     4.784    PYNQ_Design_i/usp_rf_data_converter_0/inst/i_axi_lite_ipif/I_SLAVE_ATTACHMENT/I_DECODER/FSM_onehot_state[4]_i_7__0_n_0
    SLICE_X116Y130       LUT6 (Prop_H6LUT_SLICEL_I3_O)
                                                      0.124     4.908 r  PYNQ_Design_i/usp_rf_data_converter_0/inst/i_axi_lite_ipif/I_SLAVE_ATTACHMENT/I_DECODER/FSM_onehot_state[4]_i_3/O
                         net (fo=16, routed)          0.192     5.099    PYNQ_Design_i/usp_rf_data_converter_0/inst/i_axi_lite_ipif/I_SLAVE_ATTACHMENT/I_DECODER/adc_disable
    SLICE_X117Y131       LUT6 (Prop_H6LUT_SLICEL_I1_O)
                                                      0.150     5.249 r  PYNQ_Design_i/usp_rf_data_converter_0/inst/i_axi_lite_ipif/I_SLAVE_ATTACHMENT/I_DECODER/s_axi_wready_reg_i_7/O
                         net (fo=1, routed)           0.224     5.473    PYNQ_Design_i/usp_rf_data_converter_0/inst/i_axi_lite_ipif/I_SLAVE_ATTACHMENT/I_DECODER/drp_WrAck[7]
    SLICE_X115Y130       LUT6 (Prop_G6LUT_SLICEM_I3_O)
                                                      0.123     5.596 r  PYNQ_Design_i/usp_rf_data_converter_0/inst/i_axi_lite_ipif/I_SLAVE_ATTACHMENT/I_DECODER/s_axi_wready_reg_i_3/O
                         net (fo=5, routed)           2.143     7.740    PYNQ_Design_i/usp_rf_data_converter_0/inst/i_axi_lite_ipif/I_SLAVE_ATTACHMENT/I_DECODER/IP2Bus_WrAck0
    SLICE_X33Y126        LUT6 (Prop_G6LUT_SLICEL_I5_O)
                                                      0.097     7.837 r  PYNQ_Design_i/usp_rf_data_converter_0/inst/i_axi_lite_ipif/I_SLAVE_ATTACHMENT/I_DECODER/icount_out0_carry_i_13/O
                         net (fo=1, routed)           0.132     7.969    PYNQ_Design_i/usp_rf_data_converter_0/inst/i_axi_lite_ipif/I_SLAVE_ATTACHMENT/DATA_PHASE_WDT.I_DPTO_COUNTER/icount_out0_carry_0
    SLICE_X32Y126        LUT6 (Prop_G6LUT_SLICEL_I4_O)
                                                      0.050     8.019 r  PYNQ_Design_i/usp_rf_data_converter_0/inst/i_axi_lite_ipif/I_SLAVE_ATTACHMENT/DATA_PHASE_WDT.I_DPTO_COUNTER/icount_out0_carry_i_9/O
                         net (fo=1, routed)           0.224     8.243    PYNQ_Design_i/usp_rf_data_converter_0/inst/i_axi_lite_ipif/I_SLAVE_ATTACHMENT/DATA_PHASE_WDT.I_DPTO_COUNTER/icount_out0_carry_i_9_n_0
    SLICE_X31Y127        CARRY8 (Prop_CARRY8_SLICEM_S[0]_CO[7])
                                                      0.192     8.435 r  PYNQ_Design_i/usp_rf_data_converter_0/inst/i_axi_lite_ipif/I_SLAVE_ATTACHMENT/DATA_PHASE_WDT.I_DPTO_COUNTER/icount_out0_carry/CO[7]
                         net (fo=1, routed)           0.026     8.461    PYNQ_Design_i/usp_rf_data_converter_0/inst/i_axi_lite_ipif/I_SLAVE_ATTACHMENT/DATA_PHASE_WDT.I_DPTO_COUNTER/icount_out0_carry_n_0
    SLICE_X31Y128        CARRY8 (Prop_CARRY8_SLICEM_CI_O[3])
                                                      0.082     8.543 r  PYNQ_Design_i/usp_rf_data_converter_0/inst/i_axi_lite_ipif/I_SLAVE_ATTACHMENT/DATA_PHASE_WDT.I_DPTO_COUNTER/icount_out0_carry__0/O[3]
                         net (fo=1, routed)           0.217     8.760    PYNQ_Design_i/usp_rf_data_converter_0/inst/i_axi_lite_ipif/I_SLAVE_ATTACHMENT/DATA_PHASE_WDT.I_DPTO_COUNTER/icount_out0_carry__0_n_12
    SLICE_X32Y126        LUT6 (Prop_F6LUT_SLICEL_I5_O)
                                                      0.035     8.795 r  PYNQ_Design_i/usp_rf_data_converter_0/inst/i_axi_lite_ipif/I_SLAVE_ATTACHMENT/DATA_PHASE_WDT.I_DPTO_COUNTER/icount_out[12]_i_3/O
                         net (fo=1, routed)           0.136     8.931    PYNQ_Design_i/usp_rf_data_converter_0/inst/i_axi_lite_ipif/I_SLAVE_ATTACHMENT/DATA_PHASE_WDT.I_DPTO_COUNTER/p_1_in[12]
    SLICE_X33Y126        LUT6 (Prop_D6LUT_SLICEL_I4_O)
                                                      0.122     9.053 r  PYNQ_Design_i/usp_rf_data_converter_0/inst/i_axi_lite_ipif/I_SLAVE_ATTACHMENT/DATA_PHASE_WDT.I_DPTO_COUNTER/icount_out[12]_i_1/O
                         net (fo=1, routed)           0.049     9.102    PYNQ_Design_i/usp_rf_data_converter_0/inst/i_axi_lite_ipif/I_SLAVE_ATTACHMENT/DATA_PHASE_WDT.I_DPTO_COUNTER/icount_out[12]_i_1_n_0
    SLICE_X33Y126        FDRE                                         r  PYNQ_Design_i/usp_rf_data_converter_0/inst/i_axi_lite_ipif/I_SLAVE_ATTACHMENT/DATA_PHASE_WDT.I_DPTO_COUNTER/icount_out_reg[12]/D
  -------------------------------------------------------------------    -------------------

                         (clock clk_pl_0 rise edge)
                                                     10.312    10.312 r  
    PS8_X0Y0             PS8                          0.000    10.312 r  PYNQ_Design_i/zynq_ultra_ps_e_0/U0/PS8_i/PLCLK[0]
                         net (fo=1, routed)           0.157    10.469    PYNQ_Design_i/zynq_ultra_ps_e_0/U0/pl_clk_unbuffered[0]
    BUFG_PS_X0Y58        BUFG_PS (Prop_BUFG_PS_I_O)
                                                      0.025    10.494 r  PYNQ_Design_i/zynq_ultra_ps_e_0/U0/buffer_pl_clk_0.PL_CLK_0_BUFG/O
    X2Y2 (CLOCK_ROOT)    net (fo=13302, routed)       1.528    12.022    PYNQ_Design_i/usp_rf_data_converter_0/inst/i_axi_lite_ipif/I_SLAVE_ATTACHMENT/DATA_PHASE_WDT.I_DPTO_COUNTER/s_axi_aclk
    SLICE_X33Y126        FDRE                                         r  PYNQ_Design_i/usp_rf_data_converter_0/inst/i_axi_lite_ipif/I_SLAVE_ATTACHMENT/DATA_PHASE_WDT.I_DPTO_COUNTER/icount_out_reg[12]/C
                         clock pessimism              0.207    12.228    
                         clock uncertainty           -0.159    12.069    
    SLICE_X33Y126        FDRE (Setup_DFF_SLICEL_C_D)
                                                      0.025    12.094    PYNQ_Design_i/usp_rf_data_converter_0/inst/i_axi_lite_ipif/I_SLAVE_ATTACHMENT/DATA_PHASE_WDT.I_DPTO_COUNTER/icount_out_reg[12]
  -------------------------------------------------------------------
                         required time                         12.094    
                         arrival time                          -9.102    
  -------------------------------------------------------------------
                         slack                                  2.993    

Slack (MET) :             3.173ns  (required time - arrival time)
  Source:                 PYNQ_Design_i/usp_rf_data_converter_0/inst/i_axi_lite_ipif/I_SLAVE_ATTACHMENT/bus2ip_addr_reg_reg[17]/C
                            (rising edge-triggered cell FDRE clocked by clk_pl_0  {rise@0.000ns fall@5.156ns period=10.312ns})
  Destination:            PYNQ_Design_i/usp_rf_data_converter_0/inst/i_axi_lite_ipif/I_SLAVE_ATTACHMENT/DATA_PHASE_WDT.I_DPTO_COUNTER/icount_out_reg[11]/D
                            (rising edge-triggered cell FDRE clocked by clk_pl_0  {rise@0.000ns fall@5.156ns period=10.312ns})
  Path Group:             clk_pl_0
  Path Type:              Setup (Max at Slow Process Corner)
  Requirement:            10.312ns  (clk_pl_0 rise@10.312ns - clk_pl_0 rise@0.000ns)
  Data Path Delay:        6.937ns  (logic 1.069ns (15.411%)  route 5.868ns (84.589%))
  Logic Levels:           9  (CARRY8=2 LUT6=7)
  Clock Path Skew:        -0.069ns (DCD - SCD + CPR)
    Destination Clock Delay (DCD):    1.719ns = ( 12.031 - 10.312 ) 
    Source Clock Delay      (SCD):    1.946ns
    Clock Pessimism Removal (CPR):    0.158ns
  Clock Uncertainty:      0.159ns  ((TSJ^2 + DJ^2)^1/2) / 2 + PE
    Total System Jitter     (TSJ):    0.071ns
    Discrete Jitter          (DJ):    0.310ns
    Phase Error              (PE):    0.000ns
  Clock Net Delay (Source):      1.720ns (routing 0.467ns, distribution 1.253ns)
  Clock Net Delay (Destination): 1.537ns (routing 0.423ns, distribution 1.114ns)

    Location             Delay type                Incr(ns)  Path(ns)    Netlist Resource(s)
  -------------------------------------------------------------------    -------------------
                         (clock clk_pl_0 rise edge)
                                                      0.000     0.000 r  
    PS8_X0Y0             PS8                          0.000     0.000 r  PYNQ_Design_i/zynq_ultra_ps_e_0/U0/PS8_i/PLCLK[0]
                         net (fo=1, routed)           0.198     0.198    PYNQ_Design_i/zynq_ultra_ps_e_0/U0/pl_clk_unbuffered[0]
    BUFG_PS_X0Y58        BUFG_PS (Prop_BUFG_PS_I_O)
                                                      0.028     0.226 r  PYNQ_Design_i/zynq_ultra_ps_e_0/U0/buffer_pl_clk_0.PL_CLK_0_BUFG/O
    X2Y2 (CLOCK_ROOT)    net (fo=13302, routed)       1.720     1.946    PYNQ_Design_i/usp_rf_data_converter_0/inst/i_axi_lite_ipif/I_SLAVE_ATTACHMENT/s_axi_aclk
    SLICE_X33Y130        FDRE                                         r  PYNQ_Design_i/usp_rf_data_converter_0/inst/i_axi_lite_ipif/I_SLAVE_ATTACHMENT/bus2ip_addr_reg_reg[17]/C
  -------------------------------------------------------------------    -------------------
    SLICE_X33Y130        FDRE (Prop_BFF_SLICEL_C_Q)
                                                      0.079     2.025 r  PYNQ_Design_i/usp_rf_data_converter_0/inst/i_axi_lite_ipif/I_SLAVE_ATTACHMENT/bus2ip_addr_reg_reg[17]/Q
                         net (fo=60, routed)          2.576     4.601    PYNQ_Design_i/usp_rf_data_converter_0/inst/i_axi_lite_ipif/I_SLAVE_ATTACHMENT/I_DECODER/axi_RdAck_r_reg[14]
    SLICE_X116Y130       LUT6 (Prop_G6LUT_SLICEL_I5_O)
                                                      0.089     4.690 r  PYNQ_Design_i/usp_rf_data_converter_0/inst/i_axi_lite_ipif/I_SLAVE_ATTACHMENT/I_DECODER/FSM_onehot_state[4]_i_7__0/O
                         net (fo=1, routed)           0.094     4.784    PYNQ_Design_i/usp_rf_data_converter_0/inst/i_axi_lite_ipif/I_SLAVE_ATTACHMENT/I_DECODER/FSM_onehot_state[4]_i_7__0_n_0
    SLICE_X116Y130       LUT6 (Prop_H6LUT_SLICEL_I3_O)
                                                      0.124     4.908 r  PYNQ_Design_i/usp_rf_data_converter_0/inst/i_axi_lite_ipif/I_SLAVE_ATTACHMENT/I_DECODER/FSM_onehot_state[4]_i_3/O
                         net (fo=16, routed)          0.192     5.099    PYNQ_Design_i/usp_rf_data_converter_0/inst/i_axi_lite_ipif/I_SLAVE_ATTACHMENT/I_DECODER/adc_disable
    SLICE_X117Y131       LUT6 (Prop_H6LUT_SLICEL_I1_O)
                                                      0.150     5.249 r  PYNQ_Design_i/usp_rf_data_converter_0/inst/i_axi_lite_ipif/I_SLAVE_ATTACHMENT/I_DECODER/s_axi_wready_reg_i_7/O
                         net (fo=1, routed)           0.224     5.473    PYNQ_Design_i/usp_rf_data_converter_0/inst/i_axi_lite_ipif/I_SLAVE_ATTACHMENT/I_DECODER/drp_WrAck[7]
    SLICE_X115Y130       LUT6 (Prop_G6LUT_SLICEM_I3_O)
                                                      0.123     5.596 r  PYNQ_Design_i/usp_rf_data_converter_0/inst/i_axi_lite_ipif/I_SLAVE_ATTACHMENT/I_DECODER/s_axi_wready_reg_i_3/O
                         net (fo=5, routed)           2.143     7.740    PYNQ_Design_i/usp_rf_data_converter_0/inst/i_axi_lite_ipif/I_SLAVE_ATTACHMENT/I_DECODER/IP2Bus_WrAck0
    SLICE_X33Y126        LUT6 (Prop_G6LUT_SLICEL_I5_O)
                                                      0.097     7.837 r  PYNQ_Design_i/usp_rf_data_converter_0/inst/i_axi_lite_ipif/I_SLAVE_ATTACHMENT/I_DECODER/icount_out0_carry_i_13/O
                         net (fo=1, routed)           0.132     7.969    PYNQ_Design_i/usp_rf_data_converter_0/inst/i_axi_lite_ipif/I_SLAVE_ATTACHMENT/DATA_PHASE_WDT.I_DPTO_COUNTER/icount_out0_carry_0
    SLICE_X32Y126        LUT6 (Prop_G6LUT_SLICEL_I4_O)
                                                      0.050     8.019 r  PYNQ_Design_i/usp_rf_data_converter_0/inst/i_axi_lite_ipif/I_SLAVE_ATTACHMENT/DATA_PHASE_WDT.I_DPTO_COUNTER/icount_out0_carry_i_9/O
                         net (fo=1, routed)           0.224     8.243    PYNQ_Design_i/usp_rf_data_converter_0/inst/i_axi_lite_ipif/I_SLAVE_ATTACHMENT/DATA_PHASE_WDT.I_DPTO_COUNTER/icount_out0_carry_i_9_n_0
    SLICE_X31Y127        CARRY8 (Prop_CARRY8_SLICEM_S[0]_CO[7])
                                                      0.192     8.435 r  PYNQ_Design_i/usp_rf_data_converter_0/inst/i_axi_lite_ipif/I_SLAVE_ATTACHMENT/DATA_PHASE_WDT.I_DPTO_COUNTER/icount_out0_carry/CO[7]
                         net (fo=1, routed)           0.026     8.461    PYNQ_Design_i/usp_rf_data_converter_0/inst/i_axi_lite_ipif/I_SLAVE_ATTACHMENT/DATA_PHASE_WDT.I_DPTO_COUNTER/icount_out0_carry_n_0
    SLICE_X31Y128        CARRY8 (Prop_CARRY8_SLICEM_CI_O[2])
                                                      0.067     8.528 r  PYNQ_Design_i/usp_rf_data_converter_0/inst/i_axi_lite_ipif/I_SLAVE_ATTACHMENT/DATA_PHASE_WDT.I_DPTO_COUNTER/icount_out0_carry__0/O[2]
                         net (fo=1, routed)           0.191     8.719    PYNQ_Design_i/usp_rf_data_converter_0/inst/i_axi_lite_ipif/I_SLAVE_ATTACHMENT/DATA_PHASE_WDT.I_DPTO_COUNTER/icount_out0_carry__0_n_13
    SLICE_X31Y129        LUT6 (Prop_C6LUT_SLICEM_I5_O)
                                                      0.098     8.817 r  PYNQ_Design_i/usp_rf_data_converter_0/inst/i_axi_lite_ipif/I_SLAVE_ATTACHMENT/DATA_PHASE_WDT.I_DPTO_COUNTER/icount_out[11]_i_2/O
                         net (fo=1, routed)           0.066     8.883    PYNQ_Design_i/usp_rf_data_converter_0/inst/i_axi_lite_ipif/I_SLAVE_ATTACHMENT/DATA_PHASE_WDT.I_DPTO_COUNTER/p_1_in[11]
    SLICE_X31Y129        FDRE                                         r  PYNQ_Design_i/usp_rf_data_converter_0/inst/i_axi_lite_ipif/I_SLAVE_ATTACHMENT/DATA_PHASE_WDT.I_DPTO_COUNTER/icount_out_reg[11]/D
  -------------------------------------------------------------------    -------------------

                         (clock clk_pl_0 rise edge)
                                                     10.312    10.312 r  
    PS8_X0Y0             PS8                          0.000    10.312 r  PYNQ_Design_i/zynq_ultra_ps_e_0/U0/PS8_i/PLCLK[0]
                         net (fo=1, routed)           0.157    10.469    PYNQ_Design_i/zynq_ultra_ps_e_0/U0/pl_clk_unbuffered[0]
    BUFG_PS_X0Y58        BUFG_PS (Prop_BUFG_PS_I_O)
                                                      0.025    10.494 r  PYNQ_Design_i/zynq_ultra_ps_e_0/U0/buffer_pl_clk_0.PL_CLK_0_BUFG/O
    X2Y2 (CLOCK_ROOT)    net (fo=13302, routed)       1.537    12.031    PYNQ_Design_i/usp_rf_data_converter_0/inst/i_axi_lite_ipif/I_SLAVE_ATTACHMENT/DATA_PHASE_WDT.I_DPTO_COUNTER/s_axi_aclk
    SLICE_X31Y129        FDRE                                         r  PYNQ_Design_i/usp_rf_data_converter_0/inst/i_axi_lite_ipif/I_SLAVE_ATTACHMENT/DATA_PHASE_WDT.I_DPTO_COUNTER/icount_out_reg[11]/C
                         clock pessimism              0.158    12.189    
                         clock uncertainty           -0.159    12.030    
    SLICE_X31Y129        FDRE (Setup_CFF_SLICEM_C_D)
                                                      0.025    12.055    PYNQ_Design_i/usp_rf_data_converter_0/inst/i_axi_lite_ipif/I_SLAVE_ATTACHMENT/DATA_PHASE_WDT.I_DPTO_COUNTER/icount_out_reg[11]
  -------------------------------------------------------------------
                         required time                         12.055    
                         arrival time                          -8.883    
  -------------------------------------------------------------------
                         slack                                  3.173    

Slack (MET) :             3.219ns  (required time - arrival time)
  Source:                 PYNQ_Design_i/usp_rf_data_converter_0/inst/i_axi_lite_ipif/I_SLAVE_ATTACHMENT/bus2ip_addr_reg_reg[14]/C
                            (rising edge-triggered cell FDRE clocked by clk_pl_0  {rise@0.000ns fall@5.156ns period=10.312ns})
  Destination:            PYNQ_Design_i/usp_rf_data_converter_0/inst/IP2Bus_Data_reg[20]/D
                            (rising edge-triggered cell FDRE clocked by clk_pl_0  {rise@0.000ns fall@5.156ns period=10.312ns})
  Path Group:             clk_pl_0
  Path Type:              Setup (Max at Slow Process Corner)
  Requirement:            10.312ns  (clk_pl_0 rise@10.312ns - clk_pl_0 rise@0.000ns)
  Data Path Delay:        7.054ns  (logic 0.758ns (10.746%)  route 6.296ns (89.254%))
  Logic Levels:           6  (LUT4=2 LUT5=1 LUT6=3)
  Clock Path Skew:        0.094ns (DCD - SCD + CPR)
    Destination Clock Delay (DCD):    1.954ns = ( 12.266 - 10.312 ) 
    Source Clock Delay      (SCD):    1.951ns
    Clock Pessimism Removal (CPR):    0.092ns
  Clock Uncertainty:      0.159ns  ((TSJ^2 + DJ^2)^1/2) / 2 + PE
    Total System Jitter     (TSJ):    0.071ns
    Discrete Jitter          (DJ):    0.310ns
    Phase Error              (PE):    0.000ns
  Clock Net Delay (Source):      1.725ns (routing 0.467ns, distribution 1.258ns)
  Clock Net Delay (Destination): 1.772ns (routing 0.423ns, distribution 1.349ns)

    Location             Delay type                Incr(ns)  Path(ns)    Netlist Resource(s)
  -------------------------------------------------------------------    -------------------
                         (clock clk_pl_0 rise edge)
                                                      0.000     0.000 r  
    PS8_X0Y0             PS8                          0.000     0.000 r  PYNQ_Design_i/zynq_ultra_ps_e_0/U0/PS8_i/PLCLK[0]
                         net (fo=1, routed)           0.198     0.198    PYNQ_Design_i/zynq_ultra_ps_e_0/U0/pl_clk_unbuffered[0]
    BUFG_PS_X0Y58        BUFG_PS (Prop_BUFG_PS_I_O)
                                                      0.028     0.226 r  PYNQ_Design_i/zynq_ultra_ps_e_0/U0/buffer_pl_clk_0.PL_CLK_0_BUFG/O
    X2Y2 (CLOCK_ROOT)    net (fo=13302, routed)       1.725     1.951    PYNQ_Design_i/usp_rf_data_converter_0/inst/i_axi_lite_ipif/I_SLAVE_ATTACHMENT/s_axi_aclk
    SLICE_X33Y130        FDRE                                         r  PYNQ_Design_i/usp_rf_data_converter_0/inst/i_axi_lite_ipif/I_SLAVE_ATTACHMENT/bus2ip_addr_reg_reg[14]/C
  -------------------------------------------------------------------    -------------------
    SLICE_X33Y130        FDRE (Prop_HFF2_SLICEL_C_Q)
                                                      0.080     2.031 r  PYNQ_Design_i/usp_rf_data_converter_0/inst/i_axi_lite_ipif/I_SLAVE_ATTACHMENT/bus2ip_addr_reg_reg[14]/Q
                         net (fo=116, routed)         4.493     6.524    PYNQ_Design_i/usp_rf_data_converter_0/inst/i_axi_lite_ipif/I_SLAVE_ATTACHMENT/I_DECODER/axi_RdAck_r_reg[11]
    SLICE_X110Y104       LUT6 (Prop_F6LUT_SLICEM_I0_O)
                                                      0.148     6.672 f  PYNQ_Design_i/usp_rf_data_converter_0/inst/i_axi_lite_ipif/I_SLAVE_ATTACHMENT/I_DECODER/IP2Bus_Data[14]_i_50/O
                         net (fo=19, routed)          0.179     6.852    PYNQ_Design_i/usp_rf_data_converter_0/inst/i_axi_lite_ipif/I_SLAVE_ATTACHMENT/I_DECODER/bank11_read[138]
    SLICE_X110Y99        LUT4 (Prop_D5LUT_SLICEM_I0_O)
                                                      0.158     7.010 f  PYNQ_Design_i/usp_rf_data_converter_0/inst/i_axi_lite_ipif/I_SLAVE_ATTACHMENT/I_DECODER/IP2Bus_Data[31]_i_32/O
                         net (fo=7, routed)           0.209     7.219    PYNQ_Design_i/usp_rf_data_converter_0/inst/i_axi_lite_ipif/I_SLAVE_ATTACHMENT/I_DECODER/IP2Bus_Data[31]_i_32_n_0
    SLICE_X112Y100       LUT6 (Prop_C6LUT_SLICEM_I4_O)
                                                      0.098     7.317 r  PYNQ_Design_i/usp_rf_data_converter_0/inst/i_axi_lite_ipif/I_SLAVE_ATTACHMENT/I_DECODER/IP2Bus_Data[31]_i_14/O
                         net (fo=13, routed)          0.308     7.625    PYNQ_Design_i/usp_rf_data_converter_0/inst/i_axi_lite_ipif/I_SLAVE_ATTACHMENT/I_DECODER/IP2Bus_Data[31]_i_14_n_0
    SLICE_X108Y103       LUT4 (Prop_A6LUT_SLICEL_I1_O)
                                                      0.098     7.723 r  PYNQ_Design_i/usp_rf_data_converter_0/inst/i_axi_lite_ipif/I_SLAVE_ATTACHMENT/I_DECODER/IP2Bus_Data[30]_i_15/O
                         net (fo=15, routed)          0.813     8.536    PYNQ_Design_i/usp_rf_data_converter_0/inst/i_axi_lite_ipif/I_SLAVE_ATTACHMENT/I_DECODER/IP2Bus_Data[30]_i_15_n_0
    SLICE_X104Y110       LUT5 (Prop_H6LUT_SLICEM_I2_O)
                                                      0.125     8.661 f  PYNQ_Design_i/usp_rf_data_converter_0/inst/i_axi_lite_ipif/I_SLAVE_ATTACHMENT/I_DECODER/IP2Bus_Data[20]_i_4/O
                         net (fo=1, routed)           0.221     8.882    PYNQ_Design_i/usp_rf_data_converter_0/inst/i_axi_lite_ipif/I_SLAVE_ATTACHMENT/I_DECODER/IP2Bus_Data[20]_i_4_n_0
    SLICE_X103Y112       LUT6 (Prop_D6LUT_SLICEM_I3_O)
                                                      0.051     8.933 r  PYNQ_Design_i/usp_rf_data_converter_0/inst/i_axi_lite_ipif/I_SLAVE_ATTACHMENT/I_DECODER/IP2Bus_Data[20]_i_1/O
                         net (fo=1, routed)           0.072     9.005    PYNQ_Design_i/usp_rf_data_converter_0/inst/i_axi_lite_ipif_n_64
    SLICE_X103Y112       FDRE                                         r  PYNQ_Design_i/usp_rf_data_converter_0/inst/IP2Bus_Data_reg[20]/D
  -------------------------------------------------------------------    -------------------

                         (clock clk_pl_0 rise edge)
                                                     10.312    10.312 r  
    PS8_X0Y0             PS8                          0.000    10.312 r  PYNQ_Design_i/zynq_ultra_ps_e_0/U0/PS8_i/PLCLK[0]
                         net (fo=1, routed)           0.157    10.469    PYNQ_Design_i/zynq_ultra_ps_e_0/U0/pl_clk_unbuffered[0]
    BUFG_PS_X0Y58        BUFG_PS (Prop_BUFG_PS_I_O)
                                                      0.025    10.494 r  PYNQ_Design_i/zynq_ultra_ps_e_0/U0/buffer_pl_clk_0.PL_CLK_0_BUFG/O
    X2Y2 (CLOCK_ROOT)    net (fo=13302, routed)       1.772    12.266    PYNQ_Design_i/usp_rf_data_converter_0/inst/s_axi_aclk
    SLICE_X103Y112       FDRE                                         r  PYNQ_Design_i/usp_rf_data_converter_0/inst/IP2Bus_Data_reg[20]/C
                         clock pessimism              0.092    12.358    
                         clock uncertainty           -0.159    12.199    
    SLICE_X103Y112       FDRE (Setup_DFF_SLICEM_C_D)
                                                      0.025    12.224    PYNQ_Design_i/usp_rf_data_converter_0/inst/IP2Bus_Data_reg[20]
  -------------------------------------------------------------------
                         required time                         12.224    
                         arrival time                          -9.005    
  -------------------------------------------------------------------
                         slack                                  3.219    

Slack (MET) :             3.219ns  (required time - arrival time)
  Source:                 PYNQ_Design_i/usp_rf_data_converter_0/inst/i_axi_lite_ipif/I_SLAVE_ATTACHMENT/bus2ip_addr_reg_reg[17]/C
                            (rising edge-triggered cell FDRE clocked by clk_pl_0  {rise@0.000ns fall@5.156ns period=10.312ns})
  Destination:            PYNQ_Design_i/usp_rf_data_converter_0/inst/i_axi_lite_ipif/I_SLAVE_ATTACHMENT/DATA_PHASE_WDT.I_DPTO_COUNTER/icount_out_reg[6]/D
                            (rising edge-triggered cell FDRE clocked by clk_pl_0  {rise@0.000ns fall@5.156ns period=10.312ns})
  Path Group:             clk_pl_0
  Path Type:              Setup (Max at Slow Process Corner)
  Requirement:            10.312ns  (clk_pl_0 rise@10.312ns - clk_pl_0 rise@0.000ns)
  Data Path Delay:        6.891ns  (logic 1.075ns (15.601%)  route 5.816ns (84.399%))
  Logic Levels:           8  (CARRY8=1 LUT6=7)
  Clock Path Skew:        -0.068ns (DCD - SCD + CPR)
    Destination Clock Delay (DCD):    1.720ns = ( 12.032 - 10.312 ) 
    Source Clock Delay      (SCD):    1.946ns
    Clock Pessimism Removal (CPR):    0.158ns
  Clock Uncertainty:      0.159ns  ((TSJ^2 + DJ^2)^1/2) / 2 + PE
    Total System Jitter     (TSJ):    0.071ns
    Discrete Jitter          (DJ):    0.310ns
    Phase Error              (PE):    0.000ns
  Clock Net Delay (Source):      1.720ns (routing 0.467ns, distribution 1.253ns)
  Clock Net Delay (Destination): 1.538ns (routing 0.423ns, distribution 1.115ns)

    Location             Delay type                Incr(ns)  Path(ns)    Netlist Resource(s)
  -------------------------------------------------------------------    -------------------
                         (clock clk_pl_0 rise edge)
                                                      0.000     0.000 r  
    PS8_X0Y0             PS8                          0.000     0.000 r  PYNQ_Design_i/zynq_ultra_ps_e_0/U0/PS8_i/PLCLK[0]
                         net (fo=1, routed)           0.198     0.198    PYNQ_Design_i/zynq_ultra_ps_e_0/U0/pl_clk_unbuffered[0]
    BUFG_PS_X0Y58        BUFG_PS (Prop_BUFG_PS_I_O)
                                                      0.028     0.226 r  PYNQ_Design_i/zynq_ultra_ps_e_0/U0/buffer_pl_clk_0.PL_CLK_0_BUFG/O
    X2Y2 (CLOCK_ROOT)    net (fo=13302, routed)       1.720     1.946    PYNQ_Design_i/usp_rf_data_converter_0/inst/i_axi_lite_ipif/I_SLAVE_ATTACHMENT/s_axi_aclk
    SLICE_X33Y130        FDRE                                         r  PYNQ_Design_i/usp_rf_data_converter_0/inst/i_axi_lite_ipif/I_SLAVE_ATTACHMENT/bus2ip_addr_reg_reg[17]/C
  -------------------------------------------------------------------    -------------------
    SLICE_X33Y130        FDRE (Prop_BFF_SLICEL_C_Q)
                                                      0.079     2.025 r  PYNQ_Design_i/usp_rf_data_converter_0/inst/i_axi_lite_ipif/I_SLAVE_ATTACHMENT/bus2ip_addr_reg_reg[17]/Q
                         net (fo=60, routed)          2.576     4.601    PYNQ_Design_i/usp_rf_data_converter_0/inst/i_axi_lite_ipif/I_SLAVE_ATTACHMENT/I_DECODER/axi_RdAck_r_reg[14]
    SLICE_X116Y130       LUT6 (Prop_G6LUT_SLICEL_I5_O)
                                                      0.089     4.690 r  PYNQ_Design_i/usp_rf_data_converter_0/inst/i_axi_lite_ipif/I_SLAVE_ATTACHMENT/I_DECODER/FSM_onehot_state[4]_i_7__0/O
                         net (fo=1, routed)           0.094     4.784    PYNQ_Design_i/usp_rf_data_converter_0/inst/i_axi_lite_ipif/I_SLAVE_ATTACHMENT/I_DECODER/FSM_onehot_state[4]_i_7__0_n_0
    SLICE_X116Y130       LUT6 (Prop_H6LUT_SLICEL_I3_O)
                                                      0.124     4.908 r  PYNQ_Design_i/usp_rf_data_converter_0/inst/i_axi_lite_ipif/I_SLAVE_ATTACHMENT/I_DECODER/FSM_onehot_state[4]_i_3/O
                         net (fo=16, routed)          0.192     5.099    PYNQ_Design_i/usp_rf_data_converter_0/inst/i_axi_lite_ipif/I_SLAVE_ATTACHMENT/I_DECODER/adc_disable
    SLICE_X117Y131       LUT6 (Prop_H6LUT_SLICEL_I1_O)
                                                      0.150     5.249 r  PYNQ_Design_i/usp_rf_data_converter_0/inst/i_axi_lite_ipif/I_SLAVE_ATTACHMENT/I_DECODER/s_axi_wready_reg_i_7/O
                         net (fo=1, routed)           0.224     5.473    PYNQ_Design_i/usp_rf_data_converter_0/inst/i_axi_lite_ipif/I_SLAVE_ATTACHMENT/I_DECODER/drp_WrAck[7]
    SLICE_X115Y130       LUT6 (Prop_G6LUT_SLICEM_I3_O)
                                                      0.123     5.596 r  PYNQ_Design_i/usp_rf_data_converter_0/inst/i_axi_lite_ipif/I_SLAVE_ATTACHMENT/I_DECODER/s_axi_wready_reg_i_3/O
                         net (fo=5, routed)           2.143     7.740    PYNQ_Design_i/usp_rf_data_converter_0/inst/i_axi_lite_ipif/I_SLAVE_ATTACHMENT/I_DECODER/IP2Bus_WrAck0
    SLICE_X33Y126        LUT6 (Prop_G6LUT_SLICEL_I5_O)
                                                      0.097     7.837 r  PYNQ_Design_i/usp_rf_data_converter_0/inst/i_axi_lite_ipif/I_SLAVE_ATTACHMENT/I_DECODER/icount_out0_carry_i_13/O
                         net (fo=1, routed)           0.132     7.969    PYNQ_Design_i/usp_rf_data_converter_0/inst/i_axi_lite_ipif/I_SLAVE_ATTACHMENT/DATA_PHASE_WDT.I_DPTO_COUNTER/icount_out0_carry_0
    SLICE_X32Y126        LUT6 (Prop_G6LUT_SLICEL_I4_O)
                                                      0.050     8.019 r  PYNQ_Design_i/usp_rf_data_converter_0/inst/i_axi_lite_ipif/I_SLAVE_ATTACHMENT/DATA_PHASE_WDT.I_DPTO_COUNTER/icount_out0_carry_i_9/O
                         net (fo=1, routed)           0.224     8.243    PYNQ_Design_i/usp_rf_data_converter_0/inst/i_axi_lite_ipif/I_SLAVE_ATTACHMENT/DATA_PHASE_WDT.I_DPTO_COUNTER/icount_out0_carry_i_9_n_0
    SLICE_X31Y127        CARRY8 (Prop_CARRY8_SLICEM_S[0]_O[5])
                                                      0.240     8.483 r  PYNQ_Design_i/usp_rf_data_converter_0/inst/i_axi_lite_ipif/I_SLAVE_ATTACHMENT/DATA_PHASE_WDT.I_DPTO_COUNTER/icount_out0_carry/O[5]
                         net (fo=1, routed)           0.183     8.666    PYNQ_Design_i/usp_rf_data_converter_0/inst/i_axi_lite_ipif/I_SLAVE_ATTACHMENT/DATA_PHASE_WDT.I_DPTO_COUNTER/icount_out0_carry_n_10
    SLICE_X32Y127        LUT6 (Prop_G6LUT_SLICEL_I5_O)
                                                      0.123     8.789 r  PYNQ_Design_i/usp_rf_data_converter_0/inst/i_axi_lite_ipif/I_SLAVE_ATTACHMENT/DATA_PHASE_WDT.I_DPTO_COUNTER/icount_out[6]_i_1/O
                         net (fo=1, routed)           0.048     8.837    PYNQ_Design_i/usp_rf_data_converter_0/inst/i_axi_lite_ipif/I_SLAVE_ATTACHMENT/DATA_PHASE_WDT.I_DPTO_COUNTER/p_1_in[6]
    SLICE_X32Y127        FDRE                                         r  PYNQ_Design_i/usp_rf_data_converter_0/inst/i_axi_lite_ipif/I_SLAVE_ATTACHMENT/DATA_PHASE_WDT.I_DPTO_COUNTER/icount_out_reg[6]/D
  -------------------------------------------------------------------    -------------------

                         (clock clk_pl_0 rise edge)
                                                     10.312    10.312 r  
    PS8_X0Y0             PS8                          0.000    10.312 r  PYNQ_Design_i/zynq_ultra_ps_e_0/U0/PS8_i/PLCLK[0]
                         net (fo=1, routed)           0.157    10.469    PYNQ_Design_i/zynq_ultra_ps_e_0/U0/pl_clk_unbuffered[0]
    BUFG_PS_X0Y58        BUFG_PS (Prop_BUFG_PS_I_O)
                                                      0.025    10.494 r  PYNQ_Design_i/zynq_ultra_ps_e_0/U0/buffer_pl_clk_0.PL_CLK_0_BUFG/O
    X2Y2 (CLOCK_ROOT)    net (fo=13302, routed)       1.538    12.032    PYNQ_Design_i/usp_rf_data_converter_0/inst/i_axi_lite_ipif/I_SLAVE_ATTACHMENT/DATA_PHASE_WDT.I_DPTO_COUNTER/s_axi_aclk
    SLICE_X32Y127        FDRE                                         r  PYNQ_Design_i/usp_rf_data_converter_0/inst/i_axi_lite_ipif/I_SLAVE_ATTACHMENT/DATA_PHASE_WDT.I_DPTO_COUNTER/icount_out_reg[6]/C
                         clock pessimism              0.158    12.190    
                         clock uncertainty           -0.159    12.031    
    SLICE_X32Y127        FDRE (Setup_GFF_SLICEL_C_D)
                                                      0.025    12.056    PYNQ_Design_i/usp_rf_data_converter_0/inst/i_axi_lite_ipif/I_SLAVE_ATTACHMENT/DATA_PHASE_WDT.I_DPTO_COUNTER/icount_out_reg[6]
  -------------------------------------------------------------------
                         required time                         12.056    
                         arrival time                          -8.837    
  -------------------------------------------------------------------
                         slack                                  3.219    

Slack (MET) :             3.234ns  (required time - arrival time)
  Source:                 PYNQ_Design_i/usp_rf_data_converter_0/inst/i_axi_lite_ipif/I_SLAVE_ATTACHMENT/bus2ip_addr_reg_reg[17]/C
                            (rising edge-triggered cell FDRE clocked by clk_pl_0  {rise@0.000ns fall@5.156ns period=10.312ns})
  Destination:            PYNQ_Design_i/usp_rf_data_converter_0/inst/i_axi_lite_ipif/I_SLAVE_ATTACHMENT/DATA_PHASE_WDT.I_DPTO_COUNTER/icount_out_reg[10]/D
                            (rising edge-triggered cell FDRE clocked by clk_pl_0  {rise@0.000ns fall@5.156ns period=10.312ns})
  Path Group:             clk_pl_0
  Path Type:              Setup (Max at Slow Process Corner)
  Requirement:            10.312ns  (clk_pl_0 rise@10.312ns - clk_pl_0 rise@0.000ns)
  Data Path Delay:        6.876ns  (logic 1.068ns (15.533%)  route 5.808ns (84.467%))
  Logic Levels:           9  (CARRY8=2 LUT6=7)
  Clock Path Skew:        -0.069ns (DCD - SCD + CPR)
    Destination Clock Delay (DCD):    1.719ns = ( 12.031 - 10.312 ) 
    Source Clock Delay      (SCD):    1.946ns
    Clock Pessimism Removal (CPR):    0.158ns
  Clock Uncertainty:      0.159ns  ((TSJ^2 + DJ^2)^1/2) / 2 + PE
    Total System Jitter     (TSJ):    0.071ns
    Discrete Jitter          (DJ):    0.310ns
    Phase Error              (PE):    0.000ns
  Clock Net Delay (Source):      1.720ns (routing 0.467ns, distribution 1.253ns)
  Clock Net Delay (Destination): 1.537ns (routing 0.423ns, distribution 1.114ns)

    Location             Delay type                Incr(ns)  Path(ns)    Netlist Resource(s)
  -------------------------------------------------------------------    -------------------
                         (clock clk_pl_0 rise edge)
                                                      0.000     0.000 r  
    PS8_X0Y0             PS8                          0.000     0.000 r  PYNQ_Design_i/zynq_ultra_ps_e_0/U0/PS8_i/PLCLK[0]
                         net (fo=1, routed)           0.198     0.198    PYNQ_Design_i/zynq_ultra_ps_e_0/U0/pl_clk_unbuffered[0]
    BUFG_PS_X0Y58        BUFG_PS (Prop_BUFG_PS_I_O)
                                                      0.028     0.226 r  PYNQ_Design_i/zynq_ultra_ps_e_0/U0/buffer_pl_clk_0.PL_CLK_0_BUFG/O
    X2Y2 (CLOCK_ROOT)    net (fo=13302, routed)       1.720     1.946    PYNQ_Design_i/usp_rf_data_converter_0/inst/i_axi_lite_ipif/I_SLAVE_ATTACHMENT/s_axi_aclk
    SLICE_X33Y130        FDRE                                         r  PYNQ_Design_i/usp_rf_data_converter_0/inst/i_axi_lite_ipif/I_SLAVE_ATTACHMENT/bus2ip_addr_reg_reg[17]/C
  -------------------------------------------------------------------    -------------------
    SLICE_X33Y130        FDRE (Prop_BFF_SLICEL_C_Q)
                                                      0.079     2.025 r  PYNQ_Design_i/usp_rf_data_converter_0/inst/i_axi_lite_ipif/I_SLAVE_ATTACHMENT/bus2ip_addr_reg_reg[17]/Q
                         net (fo=60, routed)          2.576     4.601    PYNQ_Design_i/usp_rf_data_converter_0/inst/i_axi_lite_ipif/I_SLAVE_ATTACHMENT/I_DECODER/axi_RdAck_r_reg[14]
    SLICE_X116Y130       LUT6 (Prop_G6LUT_SLICEL_I5_O)
                                                      0.089     4.690 r  PYNQ_Design_i/usp_rf_data_converter_0/inst/i_axi_lite_ipif/I_SLAVE_ATTACHMENT/I_DECODER/FSM_onehot_state[4]_i_7__0/O
                         net (fo=1, routed)           0.094     4.784    PYNQ_Design_i/usp_rf_data_converter_0/inst/i_axi_lite_ipif/I_SLAVE_ATTACHMENT/I_DECODER/FSM_onehot_state[4]_i_7__0_n_0
    SLICE_X116Y130       LUT6 (Prop_H6LUT_SLICEL_I3_O)
                                                      0.124     4.908 r  PYNQ_Design_i/usp_rf_data_converter_0/inst/i_axi_lite_ipif/I_SLAVE_ATTACHMENT/I_DECODER/FSM_onehot_state[4]_i_3/O
                         net (fo=16, routed)          0.192     5.099    PYNQ_Design_i/usp_rf_data_converter_0/inst/i_axi_lite_ipif/I_SLAVE_ATTACHMENT/I_DECODER/adc_disable
    SLICE_X117Y131       LUT6 (Prop_H6LUT_SLICEL_I1_O)
                                                      0.150     5.249 r  PYNQ_Design_i/usp_rf_data_converter_0/inst/i_axi_lite_ipif/I_SLAVE_ATTACHMENT/I_DECODER/s_axi_wready_reg_i_7/O
                         net (fo=1, routed)           0.224     5.473    PYNQ_Design_i/usp_rf_data_converter_0/inst/i_axi_lite_ipif/I_SLAVE_ATTACHMENT/I_DECODER/drp_WrAck[7]
    SLICE_X115Y130       LUT6 (Prop_G6LUT_SLICEM_I3_O)
                                                      0.123     5.596 r  PYNQ_Design_i/usp_rf_data_converter_0/inst/i_axi_lite_ipif/I_SLAVE_ATTACHMENT/I_DECODER/s_axi_wready_reg_i_3/O
                         net (fo=5, routed)           2.143     7.740    PYNQ_Design_i/usp_rf_data_converter_0/inst/i_axi_lite_ipif/I_SLAVE_ATTACHMENT/I_DECODER/IP2Bus_WrAck0
    SLICE_X33Y126        LUT6 (Prop_G6LUT_SLICEL_I5_O)
                                                      0.097     7.837 r  PYNQ_Design_i/usp_rf_data_converter_0/inst/i_axi_lite_ipif/I_SLAVE_ATTACHMENT/I_DECODER/icount_out0_carry_i_13/O
                         net (fo=1, routed)           0.132     7.969    PYNQ_Design_i/usp_rf_data_converter_0/inst/i_axi_lite_ipif/I_SLAVE_ATTACHMENT/DATA_PHASE_WDT.I_DPTO_COUNTER/icount_out0_carry_0
    SLICE_X32Y126        LUT6 (Prop_G6LUT_SLICEL_I4_O)
                                                      0.050     8.019 r  PYNQ_Design_i/usp_rf_data_converter_0/inst/i_axi_lite_ipif/I_SLAVE_ATTACHMENT/DATA_PHASE_WDT.I_DPTO_COUNTER/icount_out0_carry_i_9/O
                         net (fo=1, routed)           0.224     8.243    PYNQ_Design_i/usp_rf_data_converter_0/inst/i_axi_lite_ipif/I_SLAVE_ATTACHMENT/DATA_PHASE_WDT.I_DPTO_COUNTER/icount_out0_carry_i_9_n_0
    SLICE_X31Y127        CARRY8 (Prop_CARRY8_SLICEM_S[0]_CO[7])
                                                      0.192     8.435 r  PYNQ_Design_i/usp_rf_data_converter_0/inst/i_axi_lite_ipif/I_SLAVE_ATTACHMENT/DATA_PHASE_WDT.I_DPTO_COUNTER/icount_out0_carry/CO[7]
                         net (fo=1, routed)           0.026     8.461    PYNQ_Design_i/usp_rf_data_converter_0/inst/i_axi_lite_ipif/I_SLAVE_ATTACHMENT/DATA_PHASE_WDT.I_DPTO_COUNTER/icount_out0_carry_n_0
    SLICE_X31Y128        CARRY8 (Prop_CARRY8_SLICEM_CI_O[1])
                                                      0.076     8.537 r  PYNQ_Design_i/usp_rf_data_converter_0/inst/i_axi_lite_ipif/I_SLAVE_ATTACHMENT/DATA_PHASE_WDT.I_DPTO_COUNTER/icount_out0_carry__0/O[1]
                         net (fo=1, routed)           0.125     8.662    PYNQ_Design_i/usp_rf_data_converter_0/inst/i_axi_lite_ipif/I_SLAVE_ATTACHMENT/DATA_PHASE_WDT.I_DPTO_COUNTER/icount_out0_carry__0_n_14
    SLICE_X31Y129        LUT6 (Prop_D6LUT_SLICEM_I5_O)
                                                      0.088     8.750 r  PYNQ_Design_i/usp_rf_data_converter_0/inst/i_axi_lite_ipif/I_SLAVE_ATTACHMENT/DATA_PHASE_WDT.I_DPTO_COUNTER/icount_out[10]_i_1/O
                         net (fo=1, routed)           0.072     8.822    PYNQ_Design_i/usp_rf_data_converter_0/inst/i_axi_lite_ipif/I_SLAVE_ATTACHMENT/DATA_PHASE_WDT.I_DPTO_COUNTER/p_1_in[10]
    SLICE_X31Y129        FDRE                                         r  PYNQ_Design_i/usp_rf_data_converter_0/inst/i_axi_lite_ipif/I_SLAVE_ATTACHMENT/DATA_PHASE_WDT.I_DPTO_COUNTER/icount_out_reg[10]/D
  -------------------------------------------------------------------    -------------------

                         (clock clk_pl_0 rise edge)
                                                     10.312    10.312 r  
    PS8_X0Y0             PS8                          0.000    10.312 r  PYNQ_Design_i/zynq_ultra_ps_e_0/U0/PS8_i/PLCLK[0]
                         net (fo=1, routed)           0.157    10.469    PYNQ_Design_i/zynq_ultra_ps_e_0/U0/pl_clk_unbuffered[0]
    BUFG_PS_X0Y58        BUFG_PS (Prop_BUFG_PS_I_O)
                                                      0.025    10.494 r  PYNQ_Design_i/zynq_ultra_ps_e_0/U0/buffer_pl_clk_0.PL_CLK_0_BUFG/O
    X2Y2 (CLOCK_ROOT)    net (fo=13302, routed)       1.537    12.031    PYNQ_Design_i/usp_rf_data_converter_0/inst/i_axi_lite_ipif/I_SLAVE_ATTACHMENT/DATA_PHASE_WDT.I_DPTO_COUNTER/s_axi_aclk
    SLICE_X31Y129        FDRE                                         r  PYNQ_Design_i/usp_rf_data_converter_0/inst/i_axi_lite_ipif/I_SLAVE_ATTACHMENT/DATA_PHASE_WDT.I_DPTO_COUNTER/icount_out_reg[10]/C
                         clock pessimism              0.158    12.189    
                         clock uncertainty           -0.159    12.030    
    SLICE_X31Y129        FDRE (Setup_DFF_SLICEM_C_D)
                                                      0.025    12.055    PYNQ_Design_i/usp_rf_data_converter_0/inst/i_axi_lite_ipif/I_SLAVE_ATTACHMENT/DATA_PHASE_WDT.I_DPTO_COUNTER/icount_out_reg[10]
  -------------------------------------------------------------------
                         required time                         12.055    
                         arrival time                          -8.822    
  -------------------------------------------------------------------
                         slack                                  3.234    

Slack (MET) :             3.255ns  (required time - arrival time)
  Source:                 PYNQ_Design_i/usp_rf_data_converter_0/inst/i_axi_lite_ipif/I_SLAVE_ATTACHMENT/bus2ip_addr_reg_reg[17]/C
                            (rising edge-triggered cell FDRE clocked by clk_pl_0  {rise@0.000ns fall@5.156ns period=10.312ns})
  Destination:            PYNQ_Design_i/usp_rf_data_converter_0/inst/i_axi_lite_ipif/I_SLAVE_ATTACHMENT/DATA_PHASE_WDT.I_DPTO_COUNTER/icount_out_reg[9]/D
                            (rising edge-triggered cell FDRE clocked by clk_pl_0  {rise@0.000ns fall@5.156ns period=10.312ns})
  Path Group:             clk_pl_0
  Path Type:              Setup (Max at Slow Process Corner)
  Requirement:            10.312ns  (clk_pl_0 rise@10.312ns - clk_pl_0 rise@0.000ns)
  Data Path Delay:        6.855ns  (logic 1.012ns (14.764%)  route 5.843ns (85.236%))
  Logic Levels:           9  (CARRY8=2 LUT6=7)
  Clock Path Skew:        -0.069ns (DCD - SCD + CPR)
    Destination Clock Delay (DCD):    1.719ns = ( 12.031 - 10.312 ) 
    Source Clock Delay      (SCD):    1.946ns
    Clock Pessimism Removal (CPR):    0.158ns
  Clock Uncertainty:      0.159ns  ((TSJ^2 + DJ^2)^1/2) / 2 + PE
    Total System Jitter     (TSJ):    0.071ns
    Discrete Jitter          (DJ):    0.310ns
    Phase Error              (PE):    0.000ns
  Clock Net Delay (Source):      1.720ns (routing 0.467ns, distribution 1.253ns)
  Clock Net Delay (Destination): 1.537ns (routing 0.423ns, distribution 1.114ns)

    Location             Delay type                Incr(ns)  Path(ns)    Netlist Resource(s)
  -------------------------------------------------------------------    -------------------
                         (clock clk_pl_0 rise edge)
                                                      0.000     0.000 r  
    PS8_X0Y0             PS8                          0.000     0.000 r  PYNQ_Design_i/zynq_ultra_ps_e_0/U0/PS8_i/PLCLK[0]
                         net (fo=1, routed)           0.198     0.198    PYNQ_Design_i/zynq_ultra_ps_e_0/U0/pl_clk_unbuffered[0]
    BUFG_PS_X0Y58        BUFG_PS (Prop_BUFG_PS_I_O)
                                                      0.028     0.226 r  PYNQ_Design_i/zynq_ultra_ps_e_0/U0/buffer_pl_clk_0.PL_CLK_0_BUFG/O
    X2Y2 (CLOCK_ROOT)    net (fo=13302, routed)       1.720     1.946    PYNQ_Design_i/usp_rf_data_converter_0/inst/i_axi_lite_ipif/I_SLAVE_ATTACHMENT/s_axi_aclk
    SLICE_X33Y130        FDRE                                         r  PYNQ_Design_i/usp_rf_data_converter_0/inst/i_axi_lite_ipif/I_SLAVE_ATTACHMENT/bus2ip_addr_reg_reg[17]/C
  -------------------------------------------------------------------    -------------------
    SLICE_X33Y130        FDRE (Prop_BFF_SLICEL_C_Q)
                                                      0.079     2.025 r  PYNQ_Design_i/usp_rf_data_converter_0/inst/i_axi_lite_ipif/I_SLAVE_ATTACHMENT/bus2ip_addr_reg_reg[17]/Q
                         net (fo=60, routed)          2.576     4.601    PYNQ_Design_i/usp_rf_data_converter_0/inst/i_axi_lite_ipif/I_SLAVE_ATTACHMENT/I_DECODER/axi_RdAck_r_reg[14]
    SLICE_X116Y130       LUT6 (Prop_G6LUT_SLICEL_I5_O)
                                                      0.089     4.690 r  PYNQ_Design_i/usp_rf_data_converter_0/inst/i_axi_lite_ipif/I_SLAVE_ATTACHMENT/I_DECODER/FSM_onehot_state[4]_i_7__0/O
                         net (fo=1, routed)           0.094     4.784    PYNQ_Design_i/usp_rf_data_converter_0/inst/i_axi_lite_ipif/I_SLAVE_ATTACHMENT/I_DECODER/FSM_onehot_state[4]_i_7__0_n_0
    SLICE_X116Y130       LUT6 (Prop_H6LUT_SLICEL_I3_O)
                                                      0.124     4.908 r  PYNQ_Design_i/usp_rf_data_converter_0/inst/i_axi_lite_ipif/I_SLAVE_ATTACHMENT/I_DECODER/FSM_onehot_state[4]_i_3/O
                         net (fo=16, routed)          0.192     5.099    PYNQ_Design_i/usp_rf_data_converter_0/inst/i_axi_lite_ipif/I_SLAVE_ATTACHMENT/I_DECODER/adc_disable
    SLICE_X117Y131       LUT6 (Prop_H6LUT_SLICEL_I1_O)
                                                      0.150     5.249 r  PYNQ_Design_i/usp_rf_data_converter_0/inst/i_axi_lite_ipif/I_SLAVE_ATTACHMENT/I_DECODER/s_axi_wready_reg_i_7/O
                         net (fo=1, routed)           0.224     5.473    PYNQ_Design_i/usp_rf_data_converter_0/inst/i_axi_lite_ipif/I_SLAVE_ATTACHMENT/I_DECODER/drp_WrAck[7]
    SLICE_X115Y130       LUT6 (Prop_G6LUT_SLICEM_I3_O)
                                                      0.123     5.596 r  PYNQ_Design_i/usp_rf_data_converter_0/inst/i_axi_lite_ipif/I_SLAVE_ATTACHMENT/I_DECODER/s_axi_wready_reg_i_3/O
                         net (fo=5, routed)           2.143     7.740    PYNQ_Design_i/usp_rf_data_converter_0/inst/i_axi_lite_ipif/I_SLAVE_ATTACHMENT/I_DECODER/IP2Bus_WrAck0
    SLICE_X33Y126        LUT6 (Prop_G6LUT_SLICEL_I5_O)
                                                      0.097     7.837 r  PYNQ_Design_i/usp_rf_data_converter_0/inst/i_axi_lite_ipif/I_SLAVE_ATTACHMENT/I_DECODER/icount_out0_carry_i_13/O
                         net (fo=1, routed)           0.132     7.969    PYNQ_Design_i/usp_rf_data_converter_0/inst/i_axi_lite_ipif/I_SLAVE_ATTACHMENT/DATA_PHASE_WDT.I_DPTO_COUNTER/icount_out0_carry_0
    SLICE_X32Y126        LUT6 (Prop_G6LUT_SLICEL_I4_O)
                                                      0.050     8.019 r  PYNQ_Design_i/usp_rf_data_converter_0/inst/i_axi_lite_ipif/I_SLAVE_ATTACHMENT/DATA_PHASE_WDT.I_DPTO_COUNTER/icount_out0_carry_i_9/O
                         net (fo=1, routed)           0.224     8.243    PYNQ_Design_i/usp_rf_data_converter_0/inst/i_axi_lite_ipif/I_SLAVE_ATTACHMENT/DATA_PHASE_WDT.I_DPTO_COUNTER/icount_out0_carry_i_9_n_0
    SLICE_X31Y127        CARRY8 (Prop_CARRY8_SLICEM_S[0]_CO[7])
                                                      0.192     8.435 r  PYNQ_Design_i/usp_rf_data_converter_0/inst/i_axi_lite_ipif/I_SLAVE_ATTACHMENT/DATA_PHASE_WDT.I_DPTO_COUNTER/icount_out0_carry/CO[7]
                         net (fo=1, routed)           0.026     8.461    PYNQ_Design_i/usp_rf_data_converter_0/inst/i_axi_lite_ipif/I_SLAVE_ATTACHMENT/DATA_PHASE_WDT.I_DPTO_COUNTER/icount_out0_carry_n_0
    SLICE_X31Y128        CARRY8 (Prop_CARRY8_SLICEM_CI_O[0])
                                                      0.056     8.517 r  PYNQ_Design_i/usp_rf_data_converter_0/inst/i_axi_lite_ipif/I_SLAVE_ATTACHMENT/DATA_PHASE_WDT.I_DPTO_COUNTER/icount_out0_carry__0/O[0]
                         net (fo=1, routed)           0.173     8.690    PYNQ_Design_i/usp_rf_data_converter_0/inst/i_axi_lite_ipif/I_SLAVE_ATTACHMENT/DATA_PHASE_WDT.I_DPTO_COUNTER/icount_out0_carry__0_n_15
    SLICE_X31Y129        LUT6 (Prop_B6LUT_SLICEM_I5_O)
                                                      0.052     8.742 r  PYNQ_Design_i/usp_rf_data_converter_0/inst/i_axi_lite_ipif/I_SLAVE_ATTACHMENT/DATA_PHASE_WDT.I_DPTO_COUNTER/icount_out[9]_i_1/O
                         net (fo=1, routed)           0.059     8.801    PYNQ_Design_i/usp_rf_data_converter_0/inst/i_axi_lite_ipif/I_SLAVE_ATTACHMENT/DATA_PHASE_WDT.I_DPTO_COUNTER/p_1_in[9]
    SLICE_X31Y129        FDRE                                         r  PYNQ_Design_i/usp_rf_data_converter_0/inst/i_axi_lite_ipif/I_SLAVE_ATTACHMENT/DATA_PHASE_WDT.I_DPTO_COUNTER/icount_out_reg[9]/D
  -------------------------------------------------------------------    -------------------

                         (clock clk_pl_0 rise edge)
                                                     10.312    10.312 r  
    PS8_X0Y0             PS8                          0.000    10.312 r  PYNQ_Design_i/zynq_ultra_ps_e_0/U0/PS8_i/PLCLK[0]
                         net (fo=1, routed)           0.157    10.469    PYNQ_Design_i/zynq_ultra_ps_e_0/U0/pl_clk_unbuffered[0]
    BUFG_PS_X0Y58        BUFG_PS (Prop_BUFG_PS_I_O)
                                                      0.025    10.494 r  PYNQ_Design_i/zynq_ultra_ps_e_0/U0/buffer_pl_clk_0.PL_CLK_0_BUFG/O
    X2Y2 (CLOCK_ROOT)    net (fo=13302, routed)       1.537    12.031    PYNQ_Design_i/usp_rf_data_converter_0/inst/i_axi_lite_ipif/I_SLAVE_ATTACHMENT/DATA_PHASE_WDT.I_DPTO_COUNTER/s_axi_aclk
    SLICE_X31Y129        FDRE                                         r  PYNQ_Design_i/usp_rf_data_converter_0/inst/i_axi_lite_ipif/I_SLAVE_ATTACHMENT/DATA_PHASE_WDT.I_DPTO_COUNTER/icount_out_reg[9]/C
                         clock pessimism              0.158    12.189    
                         clock uncertainty           -0.159    12.030    
    SLICE_X31Y129        FDRE (Setup_BFF_SLICEM_C_D)
                                                      0.025    12.055    PYNQ_Design_i/usp_rf_data_converter_0/inst/i_axi_lite_ipif/I_SLAVE_ATTACHMENT/DATA_PHASE_WDT.I_DPTO_COUNTER/icount_out_reg[9]
  -------------------------------------------------------------------
                         required time                         12.055    
                         arrival time                          -8.801    
  -------------------------------------------------------------------
                         slack                                  3.255    

Slack (MET) :             3.280ns  (required time - arrival time)
  Source:                 PYNQ_Design_i/usp_rf_data_converter_0/inst/i_axi_lite_ipif/I_SLAVE_ATTACHMENT/bus2ip_addr_reg_reg[17]/C
                            (rising edge-triggered cell FDRE clocked by clk_pl_0  {rise@0.000ns fall@5.156ns period=10.312ns})
  Destination:            PYNQ_Design_i/usp_rf_data_converter_0/inst/i_axi_lite_ipif/I_SLAVE_ATTACHMENT/DATA_PHASE_WDT.I_DPTO_COUNTER/icount_out_reg[8]/D
                            (rising edge-triggered cell FDRE clocked by clk_pl_0  {rise@0.000ns fall@5.156ns period=10.312ns})
  Path Group:             clk_pl_0
  Path Type:              Setup (Max at Slow Process Corner)
  Requirement:            10.312ns  (clk_pl_0 rise@10.312ns - clk_pl_0 rise@0.000ns)
  Data Path Delay:        6.830ns  (logic 0.988ns (14.467%)  route 5.842ns (85.533%))
  Logic Levels:           8  (CARRY8=1 LUT6=7)
  Clock Path Skew:        -0.068ns (DCD - SCD + CPR)
    Destination Clock Delay (DCD):    1.720ns = ( 12.032 - 10.312 ) 
    Source Clock Delay      (SCD):    1.946ns
    Clock Pessimism Removal (CPR):    0.158ns
  Clock Uncertainty:      0.159ns  ((TSJ^2 + DJ^2)^1/2) / 2 + PE
    Total System Jitter     (TSJ):    0.071ns
    Discrete Jitter          (DJ):    0.310ns
    Phase Error              (PE):    0.000ns
  Clock Net Delay (Source):      1.720ns (routing 0.467ns, distribution 1.253ns)
  Clock Net Delay (Destination): 1.538ns (routing 0.423ns, distribution 1.115ns)

    Location             Delay type                Incr(ns)  Path(ns)    Netlist Resource(s)
  -------------------------------------------------------------------    -------------------
                         (clock clk_pl_0 rise edge)
                                                      0.000     0.000 r  
    PS8_X0Y0             PS8                          0.000     0.000 r  PYNQ_Design_i/zynq_ultra_ps_e_0/U0/PS8_i/PLCLK[0]
                         net (fo=1, routed)           0.198     0.198    PYNQ_Design_i/zynq_ultra_ps_e_0/U0/pl_clk_unbuffered[0]
    BUFG_PS_X0Y58        BUFG_PS (Prop_BUFG_PS_I_O)
                                                      0.028     0.226 r  PYNQ_Design_i/zynq_ultra_ps_e_0/U0/buffer_pl_clk_0.PL_CLK_0_BUFG/O
    X2Y2 (CLOCK_ROOT)    net (fo=13302, routed)       1.720     1.946    PYNQ_Design_i/usp_rf_data_converter_0/inst/i_axi_lite_ipif/I_SLAVE_ATTACHMENT/s_axi_aclk
    SLICE_X33Y130        FDRE                                         r  PYNQ_Design_i/usp_rf_data_converter_0/inst/i_axi_lite_ipif/I_SLAVE_ATTACHMENT/bus2ip_addr_reg_reg[17]/C
  -------------------------------------------------------------------    -------------------
    SLICE_X33Y130        FDRE (Prop_BFF_SLICEL_C_Q)
                                                      0.079     2.025 r  PYNQ_Design_i/usp_rf_data_converter_0/inst/i_axi_lite_ipif/I_SLAVE_ATTACHMENT/bus2ip_addr_reg_reg[17]/Q
                         net (fo=60, routed)          2.576     4.601    PYNQ_Design_i/usp_rf_data_converter_0/inst/i_axi_lite_ipif/I_SLAVE_ATTACHMENT/I_DECODER/axi_RdAck_r_reg[14]
    SLICE_X116Y130       LUT6 (Prop_G6LUT_SLICEL_I5_O)
                                                      0.089     4.690 r  PYNQ_Design_i/usp_rf_data_converter_0/inst/i_axi_lite_ipif/I_SLAVE_ATTACHMENT/I_DECODER/FSM_onehot_state[4]_i_7__0/O
                         net (fo=1, routed)           0.094     4.784    PYNQ_Design_i/usp_rf_data_converter_0/inst/i_axi_lite_ipif/I_SLAVE_ATTACHMENT/I_DECODER/FSM_onehot_state[4]_i_7__0_n_0
    SLICE_X116Y130       LUT6 (Prop_H6LUT_SLICEL_I3_O)
                                                      0.124     4.908 r  PYNQ_Design_i/usp_rf_data_converter_0/inst/i_axi_lite_ipif/I_SLAVE_ATTACHMENT/I_DECODER/FSM_onehot_state[4]_i_3/O
                         net (fo=16, routed)          0.192     5.099    PYNQ_Design_i/usp_rf_data_converter_0/inst/i_axi_lite_ipif/I_SLAVE_ATTACHMENT/I_DECODER/adc_disable
    SLICE_X117Y131       LUT6 (Prop_H6LUT_SLICEL_I1_O)
                                                      0.150     5.249 r  PYNQ_Design_i/usp_rf_data_converter_0/inst/i_axi_lite_ipif/I_SLAVE_ATTACHMENT/I_DECODER/s_axi_wready_reg_i_7/O
                         net (fo=1, routed)           0.224     5.473    PYNQ_Design_i/usp_rf_data_converter_0/inst/i_axi_lite_ipif/I_SLAVE_ATTACHMENT/I_DECODER/drp_WrAck[7]
    SLICE_X115Y130       LUT6 (Prop_G6LUT_SLICEM_I3_O)
                                                      0.123     5.596 r  PYNQ_Design_i/usp_rf_data_converter_0/inst/i_axi_lite_ipif/I_SLAVE_ATTACHMENT/I_DECODER/s_axi_wready_reg_i_3/O
                         net (fo=5, routed)           2.143     7.740    PYNQ_Design_i/usp_rf_data_converter_0/inst/i_axi_lite_ipif/I_SLAVE_ATTACHMENT/I_DECODER/IP2Bus_WrAck0
    SLICE_X33Y126        LUT6 (Prop_G6LUT_SLICEL_I5_O)
                                                      0.097     7.837 r  PYNQ_Design_i/usp_rf_data_converter_0/inst/i_axi_lite_ipif/I_SLAVE_ATTACHMENT/I_DECODER/icount_out0_carry_i_13/O
                         net (fo=1, routed)           0.132     7.969    PYNQ_Design_i/usp_rf_data_converter_0/inst/i_axi_lite_ipif/I_SLAVE_ATTACHMENT/DATA_PHASE_WDT.I_DPTO_COUNTER/icount_out0_carry_0
    SLICE_X32Y126        LUT6 (Prop_G6LUT_SLICEL_I4_O)
                                                      0.050     8.019 r  PYNQ_Design_i/usp_rf_data_converter_0/inst/i_axi_lite_ipif/I_SLAVE_ATTACHMENT/DATA_PHASE_WDT.I_DPTO_COUNTER/icount_out0_carry_i_9/O
                         net (fo=1, routed)           0.224     8.243    PYNQ_Design_i/usp_rf_data_converter_0/inst/i_axi_lite_ipif/I_SLAVE_ATTACHMENT/DATA_PHASE_WDT.I_DPTO_COUNTER/icount_out0_carry_i_9_n_0
    SLICE_X31Y127        CARRY8 (Prop_CARRY8_SLICEM_S[0]_O[7])
                                                      0.241     8.484 r  PYNQ_Design_i/usp_rf_data_converter_0/inst/i_axi_lite_ipif/I_SLAVE_ATTACHMENT/DATA_PHASE_WDT.I_DPTO_COUNTER/icount_out0_carry/O[7]
                         net (fo=1, routed)           0.211     8.695    PYNQ_Design_i/usp_rf_data_converter_0/inst/i_axi_lite_ipif/I_SLAVE_ATTACHMENT/DATA_PHASE_WDT.I_DPTO_COUNTER/icount_out0_carry_n_8
    SLICE_X32Y127        LUT6 (Prop_E6LUT_SLICEL_I5_O)
                                                      0.035     8.730 r  PYNQ_Design_i/usp_rf_data_converter_0/inst/i_axi_lite_ipif/I_SLAVE_ATTACHMENT/DATA_PHASE_WDT.I_DPTO_COUNTER/icount_out[8]_i_1/O
                         net (fo=1, routed)           0.046     8.776    PYNQ_Design_i/usp_rf_data_converter_0/inst/i_axi_lite_ipif/I_SLAVE_ATTACHMENT/DATA_PHASE_WDT.I_DPTO_COUNTER/p_1_in[8]
    SLICE_X32Y127        FDRE                                         r  PYNQ_Design_i/usp_rf_data_converter_0/inst/i_axi_lite_ipif/I_SLAVE_ATTACHMENT/DATA_PHASE_WDT.I_DPTO_COUNTER/icount_out_reg[8]/D
  -------------------------------------------------------------------    -------------------

                         (clock clk_pl_0 rise edge)
                                                     10.312    10.312 r  
    PS8_X0Y0             PS8                          0.000    10.312 r  PYNQ_Design_i/zynq_ultra_ps_e_0/U0/PS8_i/PLCLK[0]
                         net (fo=1, routed)           0.157    10.469    PYNQ_Design_i/zynq_ultra_ps_e_0/U0/pl_clk_unbuffered[0]
    BUFG_PS_X0Y58        BUFG_PS (Prop_BUFG_PS_I_O)
                                                      0.025    10.494 r  PYNQ_Design_i/zynq_ultra_ps_e_0/U0/buffer_pl_clk_0.PL_CLK_0_BUFG/O
    X2Y2 (CLOCK_ROOT)    net (fo=13302, routed)       1.538    12.032    PYNQ_Design_i/usp_rf_data_converter_0/inst/i_axi_lite_ipif/I_SLAVE_ATTACHMENT/DATA_PHASE_WDT.I_DPTO_COUNTER/s_axi_aclk
    SLICE_X32Y127        FDRE                                         r  PYNQ_Design_i/usp_rf_data_converter_0/inst/i_axi_lite_ipif/I_SLAVE_ATTACHMENT/DATA_PHASE_WDT.I_DPTO_COUNTER/icount_out_reg[8]/C
                         clock pessimism              0.158    12.190    
                         clock uncertainty           -0.159    12.031    
    SLICE_X32Y127        FDRE (Setup_EFF_SLICEL_C_D)
                                                      0.025    12.056    PYNQ_Design_i/usp_rf_data_converter_0/inst/i_axi_lite_ipif/I_SLAVE_ATTACHMENT/DATA_PHASE_WDT.I_DPTO_COUNTER/icount_out_reg[8]
  -------------------------------------------------------------------
                         required time                         12.056    
                         arrival time                          -8.776    
  -------------------------------------------------------------------
                         slack                                  3.280    

Slack (MET) :             3.322ns  (required time - arrival time)
  Source:                 PYNQ_Design_i/usp_rf_data_converter_0/inst/i_axi_lite_ipif/I_SLAVE_ATTACHMENT/bus2ip_addr_reg_reg[14]/C
                            (rising edge-triggered cell FDRE clocked by clk_pl_0  {rise@0.000ns fall@5.156ns period=10.312ns})
  Destination:            PYNQ_Design_i/usp_rf_data_converter_0/inst/IP2Bus_Data_reg[27]/D
                            (rising edge-triggered cell FDRE clocked by clk_pl_0  {rise@0.000ns fall@5.156ns period=10.312ns})
  Path Group:             clk_pl_0
  Path Type:              Setup (Max at Slow Process Corner)
  Requirement:            10.312ns  (clk_pl_0 rise@10.312ns - clk_pl_0 rise@0.000ns)
  Data Path Delay:        6.954ns  (logic 0.792ns (11.389%)  route 6.162ns (88.611%))
  Logic Levels:           6  (LUT4=2 LUT5=1 LUT6=3)
  Clock Path Skew:        0.098ns (DCD - SCD + CPR)
    Destination Clock Delay (DCD):    1.958ns = ( 12.270 - 10.312 ) 
    Source Clock Delay      (SCD):    1.951ns
    Clock Pessimism Removal (CPR):    0.092ns
  Clock Uncertainty:      0.159ns  ((TSJ^2 + DJ^2)^1/2) / 2 + PE
    Total System Jitter     (TSJ):    0.071ns
    Discrete Jitter          (DJ):    0.310ns
    Phase Error              (PE):    0.000ns
  Clock Net Delay (Source):      1.725ns (routing 0.467ns, distribution 1.258ns)
  Clock Net Delay (Destination): 1.776ns (routing 0.423ns, distribution 1.353ns)

    Location             Delay type                Incr(ns)  Path(ns)    Netlist Resource(s)
  -------------------------------------------------------------------    -------------------
                         (clock clk_pl_0 rise edge)
                                                      0.000     0.000 r  
    PS8_X0Y0             PS8                          0.000     0.000 r  PYNQ_Design_i/zynq_ultra_ps_e_0/U0/PS8_i/PLCLK[0]
                         net (fo=1, routed)           0.198     0.198    PYNQ_Design_i/zynq_ultra_ps_e_0/U0/pl_clk_unbuffered[0]
    BUFG_PS_X0Y58        BUFG_PS (Prop_BUFG_PS_I_O)
                                                      0.028     0.226 r  PYNQ_Design_i/zynq_ultra_ps_e_0/U0/buffer_pl_clk_0.PL_CLK_0_BUFG/O
    X2Y2 (CLOCK_ROOT)    net (fo=13302, routed)       1.725     1.951    PYNQ_Design_i/usp_rf_data_converter_0/inst/i_axi_lite_ipif/I_SLAVE_ATTACHMENT/s_axi_aclk
    SLICE_X33Y130        FDRE                                         r  PYNQ_Design_i/usp_rf_data_converter_0/inst/i_axi_lite_ipif/I_SLAVE_ATTACHMENT/bus2ip_addr_reg_reg[14]/C
  -------------------------------------------------------------------    -------------------
    SLICE_X33Y130        FDRE (Prop_HFF2_SLICEL_C_Q)
                                                      0.080     2.031 r  PYNQ_Design_i/usp_rf_data_converter_0/inst/i_axi_lite_ipif/I_SLAVE_ATTACHMENT/bus2ip_addr_reg_reg[14]/Q
                         net (fo=116, routed)         4.493     6.524    PYNQ_Design_i/usp_rf_data_converter_0/inst/i_axi_lite_ipif/I_SLAVE_ATTACHMENT/I_DECODER/axi_RdAck_r_reg[11]
    SLICE_X110Y104       LUT6 (Prop_F6LUT_SLICEM_I0_O)
                                                      0.148     6.672 f  PYNQ_Design_i/usp_rf_data_converter_0/inst/i_axi_lite_ipif/I_SLAVE_ATTACHMENT/I_DECODER/IP2Bus_Data[14]_i_50/O
                         net (fo=19, routed)          0.179     6.852    PYNQ_Design_i/usp_rf_data_converter_0/inst/i_axi_lite_ipif/I_SLAVE_ATTACHMENT/I_DECODER/bank11_read[138]
    SLICE_X110Y99        LUT4 (Prop_D5LUT_SLICEM_I0_O)
                                                      0.158     7.010 f  PYNQ_Design_i/usp_rf_data_converter_0/inst/i_axi_lite_ipif/I_SLAVE_ATTACHMENT/I_DECODER/IP2Bus_Data[31]_i_32/O
                         net (fo=7, routed)           0.209     7.219    PYNQ_Design_i/usp_rf_data_converter_0/inst/i_axi_lite_ipif/I_SLAVE_ATTACHMENT/I_DECODER/IP2Bus_Data[31]_i_32_n_0
    SLICE_X112Y100       LUT6 (Prop_C6LUT_SLICEM_I4_O)
                                                      0.098     7.317 r  PYNQ_Design_i/usp_rf_data_converter_0/inst/i_axi_lite_ipif/I_SLAVE_ATTACHMENT/I_DECODER/IP2Bus_Data[31]_i_14/O
                         net (fo=13, routed)          0.308     7.625    PYNQ_Design_i/usp_rf_data_converter_0/inst/i_axi_lite_ipif/I_SLAVE_ATTACHMENT/I_DECODER/IP2Bus_Data[31]_i_14_n_0
    SLICE_X108Y103       LUT4 (Prop_A6LUT_SLICEL_I1_O)
                                                      0.098     7.723 r  PYNQ_Design_i/usp_rf_data_converter_0/inst/i_axi_lite_ipif/I_SLAVE_ATTACHMENT/I_DECODER/IP2Bus_Data[30]_i_15/O
                         net (fo=15, routed)          0.698     8.421    PYNQ_Design_i/usp_rf_data_converter_0/inst/i_axi_lite_ipif/I_SLAVE_ATTACHMENT/I_DECODER/IP2Bus_Data[30]_i_15_n_0
    SLICE_X103Y109       LUT5 (Prop_D6LUT_SLICEM_I2_O)
                                                      0.088     8.509 r  PYNQ_Design_i/usp_rf_data_converter_0/inst/i_axi_lite_ipif/I_SLAVE_ATTACHMENT/I_DECODER/IP2Bus_Data[27]_i_5/O
                         net (fo=1, routed)           0.202     8.711    PYNQ_Design_i/usp_rf_data_converter_0/inst/i_axi_lite_ipif/I_SLAVE_ATTACHMENT/I_DECODER/IP2Bus_Data[27]_i_5_n_0
    SLICE_X104Y112       LUT6 (Prop_D6LUT_SLICEM_I4_O)
                                                      0.122     8.833 r  PYNQ_Design_i/usp_rf_data_converter_0/inst/i_axi_lite_ipif/I_SLAVE_ATTACHMENT/I_DECODER/IP2Bus_Data[27]_i_1/O
                         net (fo=1, routed)           0.072     8.905    PYNQ_Design_i/usp_rf_data_converter_0/inst/i_axi_lite_ipif_n_57
    SLICE_X104Y112       FDRE                                         r  PYNQ_Design_i/usp_rf_data_converter_0/inst/IP2Bus_Data_reg[27]/D
  -------------------------------------------------------------------    -------------------

                         (clock clk_pl_0 rise edge)
                                                     10.312    10.312 r  
    PS8_X0Y0             PS8                          0.000    10.312 r  PYNQ_Design_i/zynq_ultra_ps_e_0/U0/PS8_i/PLCLK[0]
                         net (fo=1, routed)           0.157    10.469    PYNQ_Design_i/zynq_ultra_ps_e_0/U0/pl_clk_unbuffered[0]
    BUFG_PS_X0Y58        BUFG_PS (Prop_BUFG_PS_I_O)
                                                      0.025    10.494 r  PYNQ_Design_i/zynq_ultra_ps_e_0/U0/buffer_pl_clk_0.PL_CLK_0_BUFG/O
    X2Y2 (CLOCK_ROOT)    net (fo=13302, routed)       1.776    12.270    PYNQ_Design_i/usp_rf_data_converter_0/inst/s_axi_aclk
    SLICE_X104Y112       FDRE                                         r  PYNQ_Design_i/usp_rf_data_converter_0/inst/IP2Bus_Data_reg[27]/C
                         clock pessimism              0.092    12.362    
                         clock uncertainty           -0.159    12.203    
    SLICE_X104Y112       FDRE (Setup_DFF_SLICEM_C_D)
                                                      0.025    12.228    PYNQ_Design_i/usp_rf_data_converter_0/inst/IP2Bus_Data_reg[27]
  -------------------------------------------------------------------
                         required time                         12.228    
                         arrival time                          -8.905    
  -------------------------------------------------------------------
                         slack                                  3.322    

Slack (MET) :             3.351ns  (required time - arrival time)
  Source:                 PYNQ_Design_i/usp_rf_data_converter_0/inst/i_axi_lite_ipif/I_SLAVE_ATTACHMENT/bus2ip_addr_reg_reg[17]/C
                            (rising edge-triggered cell FDRE clocked by clk_pl_0  {rise@0.000ns fall@5.156ns period=10.312ns})
  Destination:            PYNQ_Design_i/usp_rf_data_converter_0/inst/i_axi_lite_ipif/I_SLAVE_ATTACHMENT/DATA_PHASE_WDT.I_DPTO_COUNTER/icount_out_reg[3]/D
                            (rising edge-triggered cell FDRE clocked by clk_pl_0  {rise@0.000ns fall@5.156ns period=10.312ns})
  Path Group:             clk_pl_0
  Path Type:              Setup (Max at Slow Process Corner)
  Requirement:            10.312ns  (clk_pl_0 rise@10.312ns - clk_pl_0 rise@0.000ns)
  Data Path Delay:        6.757ns  (logic 0.882ns (13.054%)  route 5.875ns (86.946%))
  Logic Levels:           8  (CARRY8=1 LUT6=7)
  Clock Path Skew:        -0.070ns (DCD - SCD + CPR)
    Destination Clock Delay (DCD):    1.718ns = ( 12.030 - 10.312 ) 
    Source Clock Delay      (SCD):    1.946ns
    Clock Pessimism Removal (CPR):    0.158ns
  Clock Uncertainty:      0.159ns  ((TSJ^2 + DJ^2)^1/2) / 2 + PE
    Total System Jitter     (TSJ):    0.071ns
    Discrete Jitter          (DJ):    0.310ns
    Phase Error              (PE):    0.000ns
  Clock Net Delay (Source):      1.720ns (routing 0.467ns, distribution 1.253ns)
  Clock Net Delay (Destination): 1.536ns (routing 0.423ns, distribution 1.113ns)

    Location             Delay type                Incr(ns)  Path(ns)    Netlist Resource(s)
  -------------------------------------------------------------------    -------------------
                         (clock clk_pl_0 rise edge)
                                                      0.000     0.000 r  
    PS8_X0Y0             PS8                          0.000     0.000 r  PYNQ_Design_i/zynq_ultra_ps_e_0/U0/PS8_i/PLCLK[0]
                         net (fo=1, routed)           0.198     0.198    PYNQ_Design_i/zynq_ultra_ps_e_0/U0/pl_clk_unbuffered[0]
    BUFG_PS_X0Y58        BUFG_PS (Prop_BUFG_PS_I_O)
                                                      0.028     0.226 r  PYNQ_Design_i/zynq_ultra_ps_e_0/U0/buffer_pl_clk_0.PL_CLK_0_BUFG/O
    X2Y2 (CLOCK_ROOT)    net (fo=13302, routed)       1.720     1.946    PYNQ_Design_i/usp_rf_data_converter_0/inst/i_axi_lite_ipif/I_SLAVE_ATTACHMENT/s_axi_aclk
    SLICE_X33Y130        FDRE                                         r  PYNQ_Design_i/usp_rf_data_converter_0/inst/i_axi_lite_ipif/I_SLAVE_ATTACHMENT/bus2ip_addr_reg_reg[17]/C
  -------------------------------------------------------------------    -------------------
    SLICE_X33Y130        FDRE (Prop_BFF_SLICEL_C_Q)
                                                      0.079     2.025 r  PYNQ_Design_i/usp_rf_data_converter_0/inst/i_axi_lite_ipif/I_SLAVE_ATTACHMENT/bus2ip_addr_reg_reg[17]/Q
                         net (fo=60, routed)          2.576     4.601    PYNQ_Design_i/usp_rf_data_converter_0/inst/i_axi_lite_ipif/I_SLAVE_ATTACHMENT/I_DECODER/axi_RdAck_r_reg[14]
    SLICE_X116Y130       LUT6 (Prop_G6LUT_SLICEL_I5_O)
                                                      0.089     4.690 r  PYNQ_Design_i/usp_rf_data_converter_0/inst/i_axi_lite_ipif/I_SLAVE_ATTACHMENT/I_DECODER/FSM_onehot_state[4]_i_7__0/O
                         net (fo=1, routed)           0.094     4.784    PYNQ_Design_i/usp_rf_data_converter_0/inst/i_axi_lite_ipif/I_SLAVE_ATTACHMENT/I_DECODER/FSM_onehot_state[4]_i_7__0_n_0
    SLICE_X116Y130       LUT6 (Prop_H6LUT_SLICEL_I3_O)
                                                      0.124     4.908 r  PYNQ_Design_i/usp_rf_data_converter_0/inst/i_axi_lite_ipif/I_SLAVE_ATTACHMENT/I_DECODER/FSM_onehot_state[4]_i_3/O
                         net (fo=16, routed)          0.192     5.099    PYNQ_Design_i/usp_rf_data_converter_0/inst/i_axi_lite_ipif/I_SLAVE_ATTACHMENT/I_DECODER/adc_disable
    SLICE_X117Y131       LUT6 (Prop_H6LUT_SLICEL_I1_O)
                                                      0.150     5.249 r  PYNQ_Design_i/usp_rf_data_converter_0/inst/i_axi_lite_ipif/I_SLAVE_ATTACHMENT/I_DECODER/s_axi_wready_reg_i_7/O
                         net (fo=1, routed)           0.224     5.473    PYNQ_Design_i/usp_rf_data_converter_0/inst/i_axi_lite_ipif/I_SLAVE_ATTACHMENT/I_DECODER/drp_WrAck[7]
    SLICE_X115Y130       LUT6 (Prop_G6LUT_SLICEM_I3_O)
                                                      0.123     5.596 r  PYNQ_Design_i/usp_rf_data_converter_0/inst/i_axi_lite_ipif/I_SLAVE_ATTACHMENT/I_DECODER/s_axi_wready_reg_i_3/O
                         net (fo=5, routed)           2.143     7.740    PYNQ_Design_i/usp_rf_data_converter_0/inst/i_axi_lite_ipif/I_SLAVE_ATTACHMENT/I_DECODER/IP2Bus_WrAck0
    SLICE_X33Y126        LUT6 (Prop_G6LUT_SLICEL_I5_O)
                                                      0.097     7.837 r  PYNQ_Design_i/usp_rf_data_converter_0/inst/i_axi_lite_ipif/I_SLAVE_ATTACHMENT/I_DECODER/icount_out0_carry_i_13/O
                         net (fo=1, routed)           0.132     7.969    PYNQ_Design_i/usp_rf_data_converter_0/inst/i_axi_lite_ipif/I_SLAVE_ATTACHMENT/DATA_PHASE_WDT.I_DPTO_COUNTER/icount_out0_carry_0
    SLICE_X32Y126        LUT6 (Prop_G6LUT_SLICEL_I4_O)
                                                      0.050     8.019 r  PYNQ_Design_i/usp_rf_data_converter_0/inst/i_axi_lite_ipif/I_SLAVE_ATTACHMENT/DATA_PHASE_WDT.I_DPTO_COUNTER/icount_out0_carry_i_9/O
                         net (fo=1, routed)           0.224     8.243    PYNQ_Design_i/usp_rf_data_converter_0/inst/i_axi_lite_ipif/I_SLAVE_ATTACHMENT/DATA_PHASE_WDT.I_DPTO_COUNTER/icount_out0_carry_i_9_n_0
    SLICE_X31Y127        CARRY8 (Prop_CARRY8_SLICEM_S[0]_O[2])
                                                      0.134     8.377 r  PYNQ_Design_i/usp_rf_data_converter_0/inst/i_axi_lite_ipif/I_SLAVE_ATTACHMENT/DATA_PHASE_WDT.I_DPTO_COUNTER/icount_out0_carry/O[2]
                         net (fo=1, routed)           0.241     8.618    PYNQ_Design_i/usp_rf_data_converter_0/inst/i_axi_lite_ipif/I_SLAVE_ATTACHMENT/DATA_PHASE_WDT.I_DPTO_COUNTER/icount_out0_carry_n_13
    SLICE_X32Y127        LUT6 (Prop_D6LUT_SLICEL_I5_O)
                                                      0.036     8.654 r  PYNQ_Design_i/usp_rf_data_converter_0/inst/i_axi_lite_ipif/I_SLAVE_ATTACHMENT/DATA_PHASE_WDT.I_DPTO_COUNTER/icount_out[3]_i_1/O
                         net (fo=1, routed)           0.049     8.703    PYNQ_Design_i/usp_rf_data_converter_0/inst/i_axi_lite_ipif/I_SLAVE_ATTACHMENT/DATA_PHASE_WDT.I_DPTO_COUNTER/p_1_in[3]
    SLICE_X32Y127        FDRE                                         r  PYNQ_Design_i/usp_rf_data_converter_0/inst/i_axi_lite_ipif/I_SLAVE_ATTACHMENT/DATA_PHASE_WDT.I_DPTO_COUNTER/icount_out_reg[3]/D
  -------------------------------------------------------------------    -------------------

                         (clock clk_pl_0 rise edge)
                                                     10.312    10.312 r  
    PS8_X0Y0             PS8                          0.000    10.312 r  PYNQ_Design_i/zynq_ultra_ps_e_0/U0/PS8_i/PLCLK[0]
                         net (fo=1, routed)           0.157    10.469    PYNQ_Design_i/zynq_ultra_ps_e_0/U0/pl_clk_unbuffered[0]
    BUFG_PS_X0Y58        BUFG_PS (Prop_BUFG_PS_I_O)
                                                      0.025    10.494 r  PYNQ_Design_i/zynq_ultra_ps_e_0/U0/buffer_pl_clk_0.PL_CLK_0_BUFG/O
    X2Y2 (CLOCK_ROOT)    net (fo=13302, routed)       1.536    12.030    PYNQ_Design_i/usp_rf_data_converter_0/inst/i_axi_lite_ipif/I_SLAVE_ATTACHMENT/DATA_PHASE_WDT.I_DPTO_COUNTER/s_axi_aclk
    SLICE_X32Y127        FDRE                                         r  PYNQ_Design_i/usp_rf_data_converter_0/inst/i_axi_lite_ipif/I_SLAVE_ATTACHMENT/DATA_PHASE_WDT.I_DPTO_COUNTER/icount_out_reg[3]/C
                         clock pessimism              0.158    12.188    
                         clock uncertainty           -0.159    12.029    
    SLICE_X32Y127        FDRE (Setup_DFF_SLICEL_C_D)
                                                      0.025    12.054    PYNQ_Design_i/usp_rf_data_converter_0/inst/i_axi_lite_ipif/I_SLAVE_ATTACHMENT/DATA_PHASE_WDT.I_DPTO_COUNTER/icount_out_reg[3]
  -------------------------------------------------------------------
                         required time                         12.054    
                         arrival time                          -8.703    
  -------------------------------------------------------------------
                         slack                                  3.351    

Slack (MET) :             3.369ns  (required time - arrival time)
  Source:                 PYNQ_Design_i/usp_rf_data_converter_0/inst/i_axi_lite_ipif/I_SLAVE_ATTACHMENT/bus2ip_addr_reg_reg[14]/C
                            (rising edge-triggered cell FDRE clocked by clk_pl_0  {rise@0.000ns fall@5.156ns period=10.312ns})
  Destination:            PYNQ_Design_i/usp_rf_data_converter_0/inst/IP2Bus_Data_reg[22]/D
                            (rising edge-triggered cell FDRE clocked by clk_pl_0  {rise@0.000ns fall@5.156ns period=10.312ns})
  Path Group:             clk_pl_0
  Path Type:              Setup (Max at Slow Process Corner)
  Requirement:            10.312ns  (clk_pl_0 rise@10.312ns - clk_pl_0 rise@0.000ns)
  Data Path Delay:        6.903ns  (logic 0.769ns (11.140%)  route 6.134ns (88.860%))
  Logic Levels:           6  (LUT4=2 LUT6=4)
  Clock Path Skew:        0.094ns (DCD - SCD + CPR)
    Destination Clock Delay (DCD):    1.954ns = ( 12.266 - 10.312 ) 
    Source Clock Delay      (SCD):    1.951ns
    Clock Pessimism Removal (CPR):    0.092ns
  Clock Uncertainty:      0.159ns  ((TSJ^2 + DJ^2)^1/2) / 2 + PE
    Total System Jitter     (TSJ):    0.071ns
    Discrete Jitter          (DJ):    0.310ns
    Phase Error              (PE):    0.000ns
  Clock Net Delay (Source):      1.725ns (routing 0.467ns, distribution 1.258ns)
  Clock Net Delay (Destination): 1.772ns (routing 0.423ns, distribution 1.349ns)

    Location             Delay type                Incr(ns)  Path(ns)    Netlist Resource(s)
  -------------------------------------------------------------------    -------------------
                         (clock clk_pl_0 rise edge)
                                                      0.000     0.000 r  
    PS8_X0Y0             PS8                          0.000     0.000 r  PYNQ_Design_i/zynq_ultra_ps_e_0/U0/PS8_i/PLCLK[0]
                         net (fo=1, routed)           0.198     0.198    PYNQ_Design_i/zynq_ultra_ps_e_0/U0/pl_clk_unbuffered[0]
    BUFG_PS_X0Y58        BUFG_PS (Prop_BUFG_PS_I_O)
                                                      0.028     0.226 r  PYNQ_Design_i/zynq_ultra_ps_e_0/U0/buffer_pl_clk_0.PL_CLK_0_BUFG/O
    X2Y2 (CLOCK_ROOT)    net (fo=13302, routed)       1.725     1.951    PYNQ_Design_i/usp_rf_data_converter_0/inst/i_axi_lite_ipif/I_SLAVE_ATTACHMENT/s_axi_aclk
    SLICE_X33Y130        FDRE                                         r  PYNQ_Design_i/usp_rf_data_converter_0/inst/i_axi_lite_ipif/I_SLAVE_ATTACHMENT/bus2ip_addr_reg_reg[14]/C
  -------------------------------------------------------------------    -------------------
    SLICE_X33Y130        FDRE (Prop_HFF2_SLICEL_C_Q)
                                                      0.080     2.031 r  PYNQ_Design_i/usp_rf_data_converter_0/inst/i_axi_lite_ipif/I_SLAVE_ATTACHMENT/bus2ip_addr_reg_reg[14]/Q
                         net (fo=116, routed)         4.493     6.524    PYNQ_Design_i/usp_rf_data_converter_0/inst/i_axi_lite_ipif/I_SLAVE_ATTACHMENT/I_DECODER/axi_RdAck_r_reg[11]
    SLICE_X110Y104       LUT6 (Prop_F6LUT_SLICEM_I0_O)
                                                      0.148     6.672 f  PYNQ_Design_i/usp_rf_data_converter_0/inst/i_axi_lite_ipif/I_SLAVE_ATTACHMENT/I_DECODER/IP2Bus_Data[14]_i_50/O
                         net (fo=19, routed)          0.179     6.852    PYNQ_Design_i/usp_rf_data_converter_0/inst/i_axi_lite_ipif/I_SLAVE_ATTACHMENT/I_DECODER/bank11_read[138]
    SLICE_X110Y99        LUT4 (Prop_D5LUT_SLICEM_I0_O)
                                                      0.158     7.010 f  PYNQ_Design_i/usp_rf_data_converter_0/inst/i_axi_lite_ipif/I_SLAVE_ATTACHMENT/I_DECODER/IP2Bus_Data[31]_i_32/O
                         net (fo=7, routed)           0.209     7.219    PYNQ_Design_i/usp_rf_data_converter_0/inst/i_axi_lite_ipif/I_SLAVE_ATTACHMENT/I_DECODER/IP2Bus_Data[31]_i_32_n_0
    SLICE_X112Y100       LUT6 (Prop_C6LUT_SLICEM_I4_O)
                                                      0.098     7.317 r  PYNQ_Design_i/usp_rf_data_converter_0/inst/i_axi_lite_ipif/I_SLAVE_ATTACHMENT/I_DECODER/IP2Bus_Data[31]_i_14/O
                         net (fo=13, routed)          0.308     7.625    PYNQ_Design_i/usp_rf_data_converter_0/inst/i_axi_lite_ipif/I_SLAVE_ATTACHMENT/I_DECODER/IP2Bus_Data[31]_i_14_n_0
    SLICE_X108Y103       LUT4 (Prop_A6LUT_SLICEL_I1_O)
                                                      0.098     7.723 r  PYNQ_Design_i/usp_rf_data_converter_0/inst/i_axi_lite_ipif/I_SLAVE_ATTACHMENT/I_DECODER/IP2Bus_Data[30]_i_15/O
                         net (fo=15, routed)          0.738     8.461    PYNQ_Design_i/usp_rf_data_converter_0/inst/i_axi_lite_ipif/I_SLAVE_ATTACHMENT/I_DECODER/IP2Bus_Data[30]_i_15_n_0
    SLICE_X103Y110       LUT6 (Prop_D6LUT_SLICEM_I4_O)
                                                      0.088     8.549 f  PYNQ_Design_i/usp_rf_data_converter_0/inst/i_axi_lite_ipif/I_SLAVE_ATTACHMENT/I_DECODER/IP2Bus_Data[22]_i_3/O
                         net (fo=1, routed)           0.134     8.683    PYNQ_Design_i/usp_rf_data_converter_0/inst/i_axi_lite_ipif/I_SLAVE_ATTACHMENT/I_DECODER/IP2Bus_Data[22]_i_3_n_0
    SLICE_X103Y111       LUT6 (Prop_D6LUT_SLICEM_I3_O)
                                                      0.099     8.782 r  PYNQ_Design_i/usp_rf_data_converter_0/inst/i_axi_lite_ipif/I_SLAVE_ATTACHMENT/I_DECODER/IP2Bus_Data[22]_i_1/O
                         net (fo=1, routed)           0.072     8.854    PYNQ_Design_i/usp_rf_data_converter_0/inst/i_axi_lite_ipif_n_62
    SLICE_X103Y111       FDRE                                         r  PYNQ_Design_i/usp_rf_data_converter_0/inst/IP2Bus_Data_reg[22]/D
  -------------------------------------------------------------------    -------------------

                         (clock clk_pl_0 rise edge)
                                                     10.312    10.312 r  
    PS8_X0Y0             PS8                          0.000    10.312 r  PYNQ_Design_i/zynq_ultra_ps_e_0/U0/PS8_i/PLCLK[0]
                         net (fo=1, routed)           0.157    10.469    PYNQ_Design_i/zynq_ultra_ps_e_0/U0/pl_clk_unbuffered[0]
    BUFG_PS_X0Y58        BUFG_PS (Prop_BUFG_PS_I_O)
                                                      0.025    10.494 r  PYNQ_Design_i/zynq_ultra_ps_e_0/U0/buffer_pl_clk_0.PL_CLK_0_BUFG/O
    X2Y2 (CLOCK_ROOT)    net (fo=13302, routed)       1.772    12.266    PYNQ_Design_i/usp_rf_data_converter_0/inst/s_axi_aclk
    SLICE_X103Y111       FDRE                                         r  PYNQ_Design_i/usp_rf_data_converter_0/inst/IP2Bus_Data_reg[22]/C
                         clock pessimism              0.092    12.358    
                         clock uncertainty           -0.159    12.199    
    SLICE_X103Y111       FDRE (Setup_DFF_SLICEM_C_D)
                                                      0.025    12.224    PYNQ_Design_i/usp_rf_data_converter_0/inst/IP2Bus_Data_reg[22]
  -------------------------------------------------------------------
                         required time                         12.224    
                         arrival time                          -8.854    
  -------------------------------------------------------------------
                         slack                                  3.369    





Min Delay Paths
--------------------------------------------------------------------------------------
Slack (MET) :             0.011ns  (arrival time - required time)
  Source:                 PYNQ_Design_i/axi_smc/inst/switchboards/r_switchboard/inst/gen_mi[1].inst_opipe_payld/gen_pipe[1].pipe_reg[1][115]/C
                            (rising edge-triggered cell FDRE clocked by clk_pl_0  {rise@0.000ns fall@5.156ns period=10.312ns})
  Destination:            PYNQ_Design_i/axi_smc/inst/s01_nodes/s01_r_node/inst/inst_mi_handler/gen_normal_area.inst_fifo_node_payld/gen_xpm_memory_fifo.inst_fifo/gen_mem_rep[0].inst_xpm_memory/xpm_memory_base_inst/gen_wr_a.gen_word_narrow.mem_reg_0_31_112_125/RAMB_D1/I
                            (rising edge-triggered cell RAMD32 clocked by clk_pl_0  {rise@0.000ns fall@5.156ns period=10.312ns})
  Path Group:             clk_pl_0
  Path Type:              Hold (Min at Slow Process Corner)
  Requirement:            0.000ns  (clk_pl_0 rise@0.000ns - clk_pl_0 rise@0.000ns)
  Data Path Delay:        0.218ns  (logic 0.057ns (26.147%)  route 0.161ns (73.853%))
  Logic Levels:           0  
  Clock Path Skew:        0.147ns (DCD - SCD - CPR)
    Destination Clock Delay (DCD):    2.072ns
    Source Clock Delay      (SCD):    1.755ns
    Clock Pessimism Removal (CPR):    0.170ns
  Clock Net Delay (Source):      1.573ns (routing 0.423ns, distribution 1.150ns)
  Clock Net Delay (Destination): 1.846ns (routing 0.467ns, distribution 1.379ns)

    Location             Delay type                Incr(ns)  Path(ns)    Netlist Resource(s)
  -------------------------------------------------------------------    -------------------
                         (clock clk_pl_0 rise edge)
                                                      0.000     0.000 r  
    PS8_X0Y0             PS8                          0.000     0.000 r  PYNQ_Design_i/zynq_ultra_ps_e_0/U0/PS8_i/PLCLK[0]
                         net (fo=1, routed)           0.157     0.157    PYNQ_Design_i/zynq_ultra_ps_e_0/U0/pl_clk_unbuffered[0]
    BUFG_PS_X0Y58        BUFG_PS (Prop_BUFG_PS_I_O)
                                                      0.025     0.182 r  PYNQ_Design_i/zynq_ultra_ps_e_0/U0/buffer_pl_clk_0.PL_CLK_0_BUFG/O
    X2Y2 (CLOCK_ROOT)    net (fo=13302, routed)       1.573     1.755    PYNQ_Design_i/axi_smc/inst/switchboards/r_switchboard/inst/gen_mi[1].inst_opipe_payld/aclk
    SLICE_X30Y7          FDRE                                         r  PYNQ_Design_i/axi_smc/inst/switchboards/r_switchboard/inst/gen_mi[1].inst_opipe_payld/gen_pipe[1].pipe_reg[1][115]/C
  -------------------------------------------------------------------    -------------------
    SLICE_X30Y7          FDRE (Prop_FFF_SLICEM_C_Q)
                                                      0.057     1.812 r  PYNQ_Design_i/axi_smc/inst/switchboards/r_switchboard/inst/gen_mi[1].inst_opipe_payld/gen_pipe[1].pipe_reg[1][115]/Q
                         net (fo=1, routed)           0.161     1.973    PYNQ_Design_i/axi_smc/inst/s01_nodes/s01_r_node/inst/inst_mi_handler/gen_normal_area.inst_fifo_node_payld/gen_xpm_memory_fifo.inst_fifo/gen_mem_rep[0].inst_xpm_memory/xpm_memory_base_inst/gen_wr_a.gen_word_narrow.mem_reg_0_31_112_125/DIB1
    SLICE_X31Y9          RAMD32                                       r  PYNQ_Design_i/axi_smc/inst/s01_nodes/s01_r_node/inst/inst_mi_handler/gen_normal_area.inst_fifo_node_payld/gen_xpm_memory_fifo.inst_fifo/gen_mem_rep[0].inst_xpm_memory/xpm_memory_base_inst/gen_wr_a.gen_word_narrow.mem_reg_0_31_112_125/RAMB_D1/I
  -------------------------------------------------------------------    -------------------

                         (clock clk_pl_0 rise edge)
                                                      0.000     0.000 r  
    PS8_X0Y0             PS8                          0.000     0.000 r  PYNQ_Design_i/zynq_ultra_ps_e_0/U0/PS8_i/PLCLK[0]
                         net (fo=1, routed)           0.198     0.198    PYNQ_Design_i/zynq_ultra_ps_e_0/U0/pl_clk_unbuffered[0]
    BUFG_PS_X0Y58        BUFG_PS (Prop_BUFG_PS_I_O)
                                                      0.028     0.226 r  PYNQ_Design_i/zynq_ultra_ps_e_0/U0/buffer_pl_clk_0.PL_CLK_0_BUFG/O
    X2Y2 (CLOCK_ROOT)    net (fo=13302, routed)       1.846     2.072    PYNQ_Design_i/axi_smc/inst/s01_nodes/s01_r_node/inst/inst_mi_handler/gen_normal_area.inst_fifo_node_payld/gen_xpm_memory_fifo.inst_fifo/gen_mem_rep[0].inst_xpm_memory/xpm_memory_base_inst/gen_wr_a.gen_word_narrow.mem_reg_0_31_112_125/WCLK
    SLICE_X31Y9          RAMD32                                       r  PYNQ_Design_i/axi_smc/inst/s01_nodes/s01_r_node/inst/inst_mi_handler/gen_normal_area.inst_fifo_node_payld/gen_xpm_memory_fifo.inst_fifo/gen_mem_rep[0].inst_xpm_memory/xpm_memory_base_inst/gen_wr_a.gen_word_narrow.mem_reg_0_31_112_125/RAMB_D1/CLK
                         clock pessimism             -0.170     1.902    
    SLICE_X31Y9          RAMD32 (Hold_B6LUT_SLICEM_CLK_I)
                                                      0.060     1.962    PYNQ_Design_i/axi_smc/inst/s01_nodes/s01_r_node/inst/inst_mi_handler/gen_normal_area.inst_fifo_node_payld/gen_xpm_memory_fifo.inst_fifo/gen_mem_rep[0].inst_xpm_memory/xpm_memory_base_inst/gen_wr_a.gen_word_narrow.mem_reg_0_31_112_125/RAMB_D1
  -------------------------------------------------------------------
                         required time                         -1.962    
                         arrival time                           1.973    
  -------------------------------------------------------------------
                         slack                                  0.011    

Slack (MET) :             0.011ns  (arrival time - required time)
  Source:                 PYNQ_Design_i/usp_rf_data_converter_0/inst/PYNQ_Design_usp_rf_data_converter_0_0_rf_wrapper_i/por_state_machine_i/bgt_fsm_adc/FSM_sequential_bgt_sm_state_reg[1]/C
                            (rising edge-triggered cell FDRE clocked by clk_pl_0  {rise@0.000ns fall@5.156ns period=10.312ns})
  Destination:            PYNQ_Design_i/usp_rf_data_converter_0/inst/PYNQ_Design_usp_rf_data_converter_0_0_rf_wrapper_i/por_state_machine_i/bgt_fsm_adc/drp_addr_reg[10]/D
                            (rising edge-triggered cell FDRE clocked by clk_pl_0  {rise@0.000ns fall@5.156ns period=10.312ns})
  Path Group:             clk_pl_0
  Path Type:              Hold (Min at Slow Process Corner)
  Requirement:            0.000ns  (clk_pl_0 rise@0.000ns - clk_pl_0 rise@0.000ns)
  Data Path Delay:        0.256ns  (logic 0.058ns (22.663%)  route 0.198ns (77.337%))
  Logic Levels:           0  
  Clock Path Skew:        0.184ns (DCD - SCD - CPR)
    Destination Clock Delay (DCD):    2.288ns
    Source Clock Delay      (SCD):    2.012ns
    Clock Pessimism Removal (CPR):    0.092ns
  Clock Net Delay (Source):      1.830ns (routing 0.423ns, distribution 1.407ns)
  Clock Net Delay (Destination): 2.062ns (routing 0.467ns, distribution 1.595ns)

    Location             Delay type                Incr(ns)  Path(ns)    Netlist Resource(s)
  -------------------------------------------------------------------    -------------------
                         (clock clk_pl_0 rise edge)
                                                      0.000     0.000 r  
    PS8_X0Y0             PS8                          0.000     0.000 r  PYNQ_Design_i/zynq_ultra_ps_e_0/U0/PS8_i/PLCLK[0]
                         net (fo=1, routed)           0.157     0.157    PYNQ_Design_i/zynq_ultra_ps_e_0/U0/pl_clk_unbuffered[0]
    BUFG_PS_X0Y58        BUFG_PS (Prop_BUFG_PS_I_O)
                                                      0.025     0.182 r  PYNQ_Design_i/zynq_ultra_ps_e_0/U0/buffer_pl_clk_0.PL_CLK_0_BUFG/O
    X2Y2 (CLOCK_ROOT)    net (fo=13302, routed)       1.830     2.012    PYNQ_Design_i/usp_rf_data_converter_0/inst/PYNQ_Design_usp_rf_data_converter_0_0_rf_wrapper_i/por_state_machine_i/bgt_fsm_adc/aux_clk
    SLICE_X113Y119       FDRE                                         r  PYNQ_Design_i/usp_rf_data_converter_0/inst/PYNQ_Design_usp_rf_data_converter_0_0_rf_wrapper_i/por_state_machine_i/bgt_fsm_adc/FSM_sequential_bgt_sm_state_reg[1]/C
  -------------------------------------------------------------------    -------------------
    SLICE_X113Y119       FDRE (Prop_DFF_SLICEM_C_Q)
                                                      0.058     2.070 r  PYNQ_Design_i/usp_rf_data_converter_0/inst/PYNQ_Design_usp_rf_data_converter_0_0_rf_wrapper_i/por_state_machine_i/bgt_fsm_adc/FSM_sequential_bgt_sm_state_reg[1]/Q
                         net (fo=29, routed)          0.198     2.268    PYNQ_Design_i/usp_rf_data_converter_0/inst/PYNQ_Design_usp_rf_data_converter_0_0_rf_wrapper_i/por_state_machine_i/bgt_fsm_adc/bgt_sm_state__0[1]
    SLICE_X115Y120       FDRE                                         r  PYNQ_Design_i/usp_rf_data_converter_0/inst/PYNQ_Design_usp_rf_data_converter_0_0_rf_wrapper_i/por_state_machine_i/bgt_fsm_adc/drp_addr_reg[10]/D
  -------------------------------------------------------------------    -------------------

                         (clock clk_pl_0 rise edge)
                                                      0.000     0.000 r  
    PS8_X0Y0             PS8                          0.000     0.000 r  PYNQ_Design_i/zynq_ultra_ps_e_0/U0/PS8_i/PLCLK[0]
                         net (fo=1, routed)           0.198     0.198    PYNQ_Design_i/zynq_ultra_ps_e_0/U0/pl_clk_unbuffered[0]
    BUFG_PS_X0Y58        BUFG_PS (Prop_BUFG_PS_I_O)
                                                      0.028     0.226 r  PYNQ_Design_i/zynq_ultra_ps_e_0/U0/buffer_pl_clk_0.PL_CLK_0_BUFG/O
    X2Y2 (CLOCK_ROOT)    net (fo=13302, routed)       2.062     2.288    PYNQ_Design_i/usp_rf_data_converter_0/inst/PYNQ_Design_usp_rf_data_converter_0_0_rf_wrapper_i/por_state_machine_i/bgt_fsm_adc/aux_clk
    SLICE_X115Y120       FDRE                                         r  PYNQ_Design_i/usp_rf_data_converter_0/inst/PYNQ_Design_usp_rf_data_converter_0_0_rf_wrapper_i/por_state_machine_i/bgt_fsm_adc/drp_addr_reg[10]/C
                         clock pessimism             -0.092     2.196    
    SLICE_X115Y120       FDRE (Hold_DFF2_SLICEM_C_D)
                                                      0.061     2.257    PYNQ_Design_i/usp_rf_data_converter_0/inst/PYNQ_Design_usp_rf_data_converter_0_0_rf_wrapper_i/por_state_machine_i/bgt_fsm_adc/drp_addr_reg[10]
  -------------------------------------------------------------------
                         required time                         -2.257    
                         arrival time                           2.268    
  -------------------------------------------------------------------
                         slack                                  0.011    

Slack (MET) :             0.011ns  (arrival time - required time)
  Source:                 PYNQ_Design_i/usp_rf_data_converter_0/inst/PYNQ_Design_usp_rf_data_converter_0_0_rf_wrapper_i/por_state_machine_i/por_fsm_adc0/FSM_sequential_por_sm_state_reg[3]/C
                            (rising edge-triggered cell FDRE clocked by clk_pl_0  {rise@0.000ns fall@5.156ns period=10.312ns})
  Destination:            PYNQ_Design_i/usp_rf_data_converter_0/inst/PYNQ_Design_usp_rf_data_converter_0_0_rf_wrapper_i/por_state_machine_i/por_fsm_adc0/bgt_sm_start_reg/D
                            (rising edge-triggered cell FDRE clocked by clk_pl_0  {rise@0.000ns fall@5.156ns period=10.312ns})
  Path Group:             clk_pl_0
  Path Type:              Hold (Min at Slow Process Corner)
  Requirement:            0.000ns  (clk_pl_0 rise@0.000ns - clk_pl_0 rise@0.000ns)
  Data Path Delay:        0.270ns  (logic 0.139ns (51.496%)  route 0.131ns (48.504%))
  Logic Levels:           1  (LUT6=1)
  Clock Path Skew:        0.198ns (DCD - SCD - CPR)
    Destination Clock Delay (DCD):    2.282ns
    Source Clock Delay      (SCD):    1.992ns
    Clock Pessimism Removal (CPR):    0.092ns
  Clock Net Delay (Source):      1.810ns (routing 0.423ns, distribution 1.387ns)
  Clock Net Delay (Destination): 2.056ns (routing 0.467ns, distribution 1.589ns)

    Location             Delay type                Incr(ns)  Path(ns)    Netlist Resource(s)
  -------------------------------------------------------------------    -------------------
                         (clock clk_pl_0 rise edge)
                                                      0.000     0.000 r  
    PS8_X0Y0             PS8                          0.000     0.000 r  PYNQ_Design_i/zynq_ultra_ps_e_0/U0/PS8_i/PLCLK[0]
                         net (fo=1, routed)           0.157     0.157    PYNQ_Design_i/zynq_ultra_ps_e_0/U0/pl_clk_unbuffered[0]
    BUFG_PS_X0Y58        BUFG_PS (Prop_BUFG_PS_I_O)
                                                      0.025     0.182 r  PYNQ_Design_i/zynq_ultra_ps_e_0/U0/buffer_pl_clk_0.PL_CLK_0_BUFG/O
    X2Y2 (CLOCK_ROOT)    net (fo=13302, routed)       1.810     1.992    PYNQ_Design_i/usp_rf_data_converter_0/inst/PYNQ_Design_usp_rf_data_converter_0_0_rf_wrapper_i/por_state_machine_i/por_fsm_adc0/aux_clk
    SLICE_X111Y120       FDRE                                         r  PYNQ_Design_i/usp_rf_data_converter_0/inst/PYNQ_Design_usp_rf_data_converter_0_0_rf_wrapper_i/por_state_machine_i/por_fsm_adc0/FSM_sequential_por_sm_state_reg[3]/C
  -------------------------------------------------------------------    -------------------
    SLICE_X111Y120       FDRE (Prop_CFF_SLICEL_C_Q)
                                                      0.058     2.050 r  PYNQ_Design_i/usp_rf_data_converter_0/inst/PYNQ_Design_usp_rf_data_converter_0_0_rf_wrapper_i/por_state_machine_i/por_fsm_adc0/FSM_sequential_por_sm_state_reg[3]/Q
                         net (fo=72, routed)          0.109     2.158    PYNQ_Design_i/usp_rf_data_converter_0/inst/PYNQ_Design_usp_rf_data_converter_0_0_rf_wrapper_i/por_state_machine_i/por_fsm_adc0/por_sm_state__0[3]
    SLICE_X111Y119       LUT6 (Prop_G6LUT_SLICEL_I2_O)
                                                      0.081     2.239 r  PYNQ_Design_i/usp_rf_data_converter_0/inst/PYNQ_Design_usp_rf_data_converter_0_0_rf_wrapper_i/por_state_machine_i/por_fsm_adc0/bgt_sm_start_i_1/O
                         net (fo=1, routed)           0.022     2.261    PYNQ_Design_i/usp_rf_data_converter_0/inst/PYNQ_Design_usp_rf_data_converter_0_0_rf_wrapper_i/por_state_machine_i/por_fsm_adc0/bgt_sm_start_i_1_n_0
    SLICE_X111Y119       FDRE                                         r  PYNQ_Design_i/usp_rf_data_converter_0/inst/PYNQ_Design_usp_rf_data_converter_0_0_rf_wrapper_i/por_state_machine_i/por_fsm_adc0/bgt_sm_start_reg/D
  -------------------------------------------------------------------    -------------------

                         (clock clk_pl_0 rise edge)
                                                      0.000     0.000 r  
    PS8_X0Y0             PS8                          0.000     0.000 r  PYNQ_Design_i/zynq_ultra_ps_e_0/U0/PS8_i/PLCLK[0]
                         net (fo=1, routed)           0.198     0.198    PYNQ_Design_i/zynq_ultra_ps_e_0/U0/pl_clk_unbuffered[0]
    BUFG_PS_X0Y58        BUFG_PS (Prop_BUFG_PS_I_O)
                                                      0.028     0.226 r  PYNQ_Design_i/zynq_ultra_ps_e_0/U0/buffer_pl_clk_0.PL_CLK_0_BUFG/O
    X2Y2 (CLOCK_ROOT)    net (fo=13302, routed)       2.056     2.282    PYNQ_Design_i/usp_rf_data_converter_0/inst/PYNQ_Design_usp_rf_data_converter_0_0_rf_wrapper_i/por_state_machine_i/por_fsm_adc0/aux_clk
    SLICE_X111Y119       FDRE                                         r  PYNQ_Design_i/usp_rf_data_converter_0/inst/PYNQ_Design_usp_rf_data_converter_0_0_rf_wrapper_i/por_state_machine_i/por_fsm_adc0/bgt_sm_start_reg/C
                         clock pessimism             -0.092     2.190    
    SLICE_X111Y119       FDRE (Hold_GFF_SLICEL_C_D)
                                                      0.060     2.250    PYNQ_Design_i/usp_rf_data_converter_0/inst/PYNQ_Design_usp_rf_data_converter_0_0_rf_wrapper_i/por_state_machine_i/por_fsm_adc0/bgt_sm_start_reg
  -------------------------------------------------------------------
                         required time                         -2.250    
                         arrival time                           2.261    
  -------------------------------------------------------------------
                         slack                                  0.011    

Slack (MET) :             0.013ns  (arrival time - required time)
  Source:                 PYNQ_Design_i/axi_smc/inst/m00_exit_pipeline/m00_exit/inst/r_reg/m_vector_i_reg[1137]/C
                            (rising edge-triggered cell FDRE clocked by clk_pl_0  {rise@0.000ns fall@5.156ns period=10.312ns})
  Destination:            PYNQ_Design_i/axi_smc/inst/m00_nodes/m00_r_node/inst/inst_mi_handler/gen_normal_area.inst_fifo_node_payld/gen_xpm_memory_fifo.inst_fifo/gen_mem_rep[0].inst_xpm_memory/xpm_memory_base_inst/gen_wr_a.gen_word_narrow.mem_reg_0_31_98_111/RAMA_D1/I
                            (rising edge-triggered cell RAMD32 clocked by clk_pl_0  {rise@0.000ns fall@5.156ns period=10.312ns})
  Path Group:             clk_pl_0
  Path Type:              Hold (Min at Slow Process Corner)
  Requirement:            0.000ns  (clk_pl_0 rise@0.000ns - clk_pl_0 rise@0.000ns)
  Data Path Delay:        0.225ns  (logic 0.061ns (27.111%)  route 0.164ns (72.889%))
  Logic Levels:           0  
  Clock Path Skew:        0.154ns (DCD - SCD - CPR)
    Destination Clock Delay (DCD):    2.078ns
    Source Clock Delay      (SCD):    1.754ns
    Clock Pessimism Removal (CPR):    0.170ns
  Clock Net Delay (Source):      1.572ns (routing 0.423ns, distribution 1.149ns)
  Clock Net Delay (Destination): 1.852ns (routing 0.467ns, distribution 1.385ns)

    Location             Delay type                Incr(ns)  Path(ns)    Netlist Resource(s)
  -------------------------------------------------------------------    -------------------
                         (clock clk_pl_0 rise edge)
                                                      0.000     0.000 r  
    PS8_X0Y0             PS8                          0.000     0.000 r  PYNQ_Design_i/zynq_ultra_ps_e_0/U0/PS8_i/PLCLK[0]
                         net (fo=1, routed)           0.157     0.157    PYNQ_Design_i/zynq_ultra_ps_e_0/U0/pl_clk_unbuffered[0]
    BUFG_PS_X0Y58        BUFG_PS (Prop_BUFG_PS_I_O)
                                                      0.025     0.182 r  PYNQ_Design_i/zynq_ultra_ps_e_0/U0/buffer_pl_clk_0.PL_CLK_0_BUFG/O
    X2Y2 (CLOCK_ROOT)    net (fo=13302, routed)       1.572     1.754    PYNQ_Design_i/axi_smc/inst/m00_exit_pipeline/m00_exit/inst/r_reg/aclk
    SLICE_X26Y7          FDRE                                         r  PYNQ_Design_i/axi_smc/inst/m00_exit_pipeline/m00_exit/inst/r_reg/m_vector_i_reg[1137]/C
  -------------------------------------------------------------------    -------------------
    SLICE_X26Y7          FDRE (Prop_DFF2_SLICEL_C_Q)
                                                      0.061     1.815 r  PYNQ_Design_i/axi_smc/inst/m00_exit_pipeline/m00_exit/inst/r_reg/m_vector_i_reg[1137]/Q
                         net (fo=1, routed)           0.164     1.979    PYNQ_Design_i/axi_smc/inst/m00_nodes/m00_r_node/inst/inst_mi_handler/gen_normal_area.inst_fifo_node_payld/gen_xpm_memory_fifo.inst_fifo/gen_mem_rep[0].inst_xpm_memory/xpm_memory_base_inst/gen_wr_a.gen_word_narrow.mem_reg_0_31_98_111/DIA1
    SLICE_X28Y7          RAMD32                                       r  PYNQ_Design_i/axi_smc/inst/m00_nodes/m00_r_node/inst/inst_mi_handler/gen_normal_area.inst_fifo_node_payld/gen_xpm_memory_fifo.inst_fifo/gen_mem_rep[0].inst_xpm_memory/xpm_memory_base_inst/gen_wr_a.gen_word_narrow.mem_reg_0_31_98_111/RAMA_D1/I
  -------------------------------------------------------------------    -------------------

                         (clock clk_pl_0 rise edge)
                                                      0.000     0.000 r  
    PS8_X0Y0             PS8                          0.000     0.000 r  PYNQ_Design_i/zynq_ultra_ps_e_0/U0/PS8_i/PLCLK[0]
                         net (fo=1, routed)           0.198     0.198    PYNQ_Design_i/zynq_ultra_ps_e_0/U0/pl_clk_unbuffered[0]
    BUFG_PS_X0Y58        BUFG_PS (Prop_BUFG_PS_I_O)
                                                      0.028     0.226 r  PYNQ_Design_i/zynq_ultra_ps_e_0/U0/buffer_pl_clk_0.PL_CLK_0_BUFG/O
    X2Y2 (CLOCK_ROOT)    net (fo=13302, routed)       1.852     2.078    PYNQ_Design_i/axi_smc/inst/m00_nodes/m00_r_node/inst/inst_mi_handler/gen_normal_area.inst_fifo_node_payld/gen_xpm_memory_fifo.inst_fifo/gen_mem_rep[0].inst_xpm_memory/xpm_memory_base_inst/gen_wr_a.gen_word_narrow.mem_reg_0_31_98_111/WCLK
    SLICE_X28Y7          RAMD32                                       r  PYNQ_Design_i/axi_smc/inst/m00_nodes/m00_r_node/inst/inst_mi_handler/gen_normal_area.inst_fifo_node_payld/gen_xpm_memory_fifo.inst_fifo/gen_mem_rep[0].inst_xpm_memory/xpm_memory_base_inst/gen_wr_a.gen_word_narrow.mem_reg_0_31_98_111/RAMA_D1/CLK
                         clock pessimism             -0.170     1.908    
    SLICE_X28Y7          RAMD32 (Hold_A6LUT_SLICEM_CLK_I)
                                                      0.058     1.966    PYNQ_Design_i/axi_smc/inst/m00_nodes/m00_r_node/inst/inst_mi_handler/gen_normal_area.inst_fifo_node_payld/gen_xpm_memory_fifo.inst_fifo/gen_mem_rep[0].inst_xpm_memory/xpm_memory_base_inst/gen_wr_a.gen_word_narrow.mem_reg_0_31_98_111/RAMA_D1
  -------------------------------------------------------------------
                         required time                         -1.966    
                         arrival time                           1.979    
  -------------------------------------------------------------------
                         slack                                  0.013    

Slack (MET) :             0.015ns  (arrival time - required time)
  Source:                 PYNQ_Design_i/DUT_rec_0/U0/dut_struct/algorithm/fir_compiler_7_2/dut_fir_compiler_v7_2_i0_instance/U0/i_synth/g_single_rate_hb_hilb_ipol.i_single_rate_hb_hilb_ipol/g_parallel.g_paths[0].g_symmetric.g_data_array.g_data[17].i_delay_line/g_buff.i_buff/gen_dly.gen_shiftreg.gen_rtl_delay.delay_bus_reg[1][9]/C
                            (rising edge-triggered cell FDRE clocked by clk_pl_0  {rise@0.000ns fall@5.156ns period=10.312ns})
  Destination:            PYNQ_Design_i/DUT_rec_0/U0/dut_struct/algorithm/fir_compiler_7_2/dut_fir_compiler_v7_2_i0_instance/U0/i_synth/g_single_rate_hb_hilb_ipol.i_single_rate_hb_hilb_ipol/g_parallel.g_paths[0].g_symmetric.g_data_sym_array.g_data_sym[16].g_data_sym_casc_dly.i_data_sym_casc_dly/g_buff.i_buff/gen_dly.gen_shiftreg.gen_rtl_delay.delay_bus_reg[1][9]_srl2/D
                            (rising edge-triggered cell SRL16E clocked by clk_pl_0  {rise@0.000ns fall@5.156ns period=10.312ns})
  Path Group:             clk_pl_0
  Path Type:              Hold (Min at Slow Process Corner)
  Requirement:            0.000ns  (clk_pl_0 rise@0.000ns - clk_pl_0 rise@0.000ns)
  Data Path Delay:        0.133ns  (logic 0.058ns (43.737%)  route 0.075ns (56.263%))
  Logic Levels:           0  
  Clock Path Skew:        0.086ns (DCD - SCD - CPR)
    Destination Clock Delay (DCD):    2.106ns
    Source Clock Delay      (SCD):    1.799ns
    Clock Pessimism Removal (CPR):    0.222ns
  Clock Net Delay (Source):      1.617ns (routing 0.423ns, distribution 1.194ns)
  Clock Net Delay (Destination): 1.880ns (routing 0.467ns, distribution 1.413ns)

    Location             Delay type                Incr(ns)  Path(ns)    Netlist Resource(s)
  -------------------------------------------------------------------    -------------------
                         (clock clk_pl_0 rise edge)
                                                      0.000     0.000 r  
    PS8_X0Y0             PS8                          0.000     0.000 r  PYNQ_Design_i/zynq_ultra_ps_e_0/U0/PS8_i/PLCLK[0]
                         net (fo=1, routed)           0.157     0.157    PYNQ_Design_i/zynq_ultra_ps_e_0/U0/pl_clk_unbuffered[0]
    BUFG_PS_X0Y58        BUFG_PS (Prop_BUFG_PS_I_O)
                                                      0.025     0.182 r  PYNQ_Design_i/zynq_ultra_ps_e_0/U0/buffer_pl_clk_0.PL_CLK_0_BUFG/O
    X2Y2 (CLOCK_ROOT)    net (fo=13302, routed)       1.617     1.799    PYNQ_Design_i/DUT_rec_0/U0/dut_struct/algorithm/fir_compiler_7_2/dut_fir_compiler_v7_2_i0_instance/U0/i_synth/g_single_rate_hb_hilb_ipol.i_single_rate_hb_hilb_ipol/g_parallel.g_paths[0].g_symmetric.g_data_array.g_data[17].i_delay_line/g_buff.i_buff/aclk
    SLICE_X75Y12         FDRE                                         r  PYNQ_Design_i/DUT_rec_0/U0/dut_struct/algorithm/fir_compiler_7_2/dut_fir_compiler_v7_2_i0_instance/U0/i_synth/g_single_rate_hb_hilb_ipol.i_single_rate_hb_hilb_ipol/g_parallel.g_paths[0].g_symmetric.g_data_array.g_data[17].i_delay_line/g_buff.i_buff/gen_dly.gen_shiftreg.gen_rtl_delay.delay_bus_reg[1][9]/C
  -------------------------------------------------------------------    -------------------
    SLICE_X75Y12         FDRE (Prop_HFF_SLICEM_C_Q)
                                                      0.058     1.857 r  PYNQ_Design_i/DUT_rec_0/U0/dut_struct/algorithm/fir_compiler_7_2/dut_fir_compiler_v7_2_i0_instance/U0/i_synth/g_single_rate_hb_hilb_ipol.i_single_rate_hb_hilb_ipol/g_parallel.g_paths[0].g_symmetric.g_data_array.g_data[17].i_delay_line/g_buff.i_buff/gen_dly.gen_shiftreg.gen_rtl_delay.delay_bus_reg[1][9]/Q
                         net (fo=2, routed)           0.075     1.931    PYNQ_Design_i/DUT_rec_0/U0/dut_struct/algorithm/fir_compiler_7_2/dut_fir_compiler_v7_2_i0_instance/U0/i_synth/g_single_rate_hb_hilb_ipol.i_single_rate_hb_hilb_ipol/g_parallel.g_paths[0].g_symmetric.g_data_sym_array.g_data_sym[16].g_data_sym_casc_dly.i_data_sym_casc_dly/g_buff.i_buff/A[7]
    SLICE_X75Y13         SRL16E                                       r  PYNQ_Design_i/DUT_rec_0/U0/dut_struct/algorithm/fir_compiler_7_2/dut_fir_compiler_v7_2_i0_instance/U0/i_synth/g_single_rate_hb_hilb_ipol.i_single_rate_hb_hilb_ipol/g_parallel.g_paths[0].g_symmetric.g_data_sym_array.g_data_sym[16].g_data_sym_casc_dly.i_data_sym_casc_dly/g_buff.i_buff/gen_dly.gen_shiftreg.gen_rtl_delay.delay_bus_reg[1][9]_srl2/D
  -------------------------------------------------------------------    -------------------

                         (clock clk_pl_0 rise edge)
                                                      0.000     0.000 r  
    PS8_X0Y0             PS8                          0.000     0.000 r  PYNQ_Design_i/zynq_ultra_ps_e_0/U0/PS8_i/PLCLK[0]
                         net (fo=1, routed)           0.198     0.198    PYNQ_Design_i/zynq_ultra_ps_e_0/U0/pl_clk_unbuffered[0]
    BUFG_PS_X0Y58        BUFG_PS (Prop_BUFG_PS_I_O)
                                                      0.028     0.226 r  PYNQ_Design_i/zynq_ultra_ps_e_0/U0/buffer_pl_clk_0.PL_CLK_0_BUFG/O
    X2Y2 (CLOCK_ROOT)    net (fo=13302, routed)       1.880     2.106    PYNQ_Design_i/DUT_rec_0/U0/dut_struct/algorithm/fir_compiler_7_2/dut_fir_compiler_v7_2_i0_instance/U0/i_synth/g_single_rate_hb_hilb_ipol.i_single_rate_hb_hilb_ipol/g_parallel.g_paths[0].g_symmetric.g_data_sym_array.g_data_sym[16].g_data_sym_casc_dly.i_data_sym_casc_dly/g_buff.i_buff/aclk
    SLICE_X75Y13         SRL16E                                       r  PYNQ_Design_i/DUT_rec_0/U0/dut_struct/algorithm/fir_compiler_7_2/dut_fir_compiler_v7_2_i0_instance/U0/i_synth/g_single_rate_hb_hilb_ipol.i_single_rate_hb_hilb_ipol/g_parallel.g_paths[0].g_symmetric.g_data_sym_array.g_data_sym[16].g_data_sym_casc_dly.i_data_sym_casc_dly/g_buff.i_buff/gen_dly.gen_shiftreg.gen_rtl_delay.delay_bus_reg[1][9]_srl2/CLK
                         clock pessimism             -0.222     1.884    
    SLICE_X75Y13         SRL16E (Hold_H6LUT_SLICEM_CLK_D)
                                                      0.032     1.916    PYNQ_Design_i/DUT_rec_0/U0/dut_struct/algorithm/fir_compiler_7_2/dut_fir_compiler_v7_2_i0_instance/U0/i_synth/g_single_rate_hb_hilb_ipol.i_single_rate_hb_hilb_ipol/g_parallel.g_paths[0].g_symmetric.g_data_sym_array.g_data_sym[16].g_data_sym_casc_dly.i_data_sym_casc_dly/g_buff.i_buff/gen_dly.gen_shiftreg.gen_rtl_delay.delay_bus_reg[1][9]_srl2
  -------------------------------------------------------------------
                         required time                         -1.916    
                         arrival time                           1.931    
  -------------------------------------------------------------------
                         slack                                  0.015    

Slack (MET) :             0.017ns  (arrival time - required time)
  Source:                 PYNQ_Design_i/axi_dma/U0/I_PRMRY_DATAMOVER/GEN_S2MM_FULL.I_S2MM_FULL_WRAPPER/GEN_INCLUDE_REALIGNER.I_S2MM_REALIGNER/GEN_INCLUDE_DRE.I_S2MM_DRE_BLOCK/GEN_INPUT_REG[3].sig_input_data_reg_reg[3][8]/C
                            (rising edge-triggered cell FDRE clocked by clk_pl_0  {rise@0.000ns fall@5.156ns period=10.312ns})
  Destination:            PYNQ_Design_i/axi_dma/U0/I_PRMRY_DATAMOVER/GEN_S2MM_FULL.I_S2MM_FULL_WRAPPER/GEN_INCLUDE_REALIGNER.I_S2MM_REALIGNER/GEN_INCLUDE_DRE.I_S2MM_DRE_BLOCK/GEN_DELAY_REG[2].sig_delay_data_reg_reg[2][8]/D
                            (rising edge-triggered cell FDRE clocked by clk_pl_0  {rise@0.000ns fall@5.156ns period=10.312ns})
  Path Group:             clk_pl_0
  Path Type:              Hold (Min at Slow Process Corner)
  Requirement:            0.000ns  (clk_pl_0 rise@0.000ns - clk_pl_0 rise@0.000ns)
  Data Path Delay:        0.175ns  (logic 0.060ns (34.286%)  route 0.115ns (65.714%))
  Logic Levels:           0  
  Clock Path Skew:        0.098ns (DCD - SCD - CPR)
    Destination Clock Delay (DCD):    2.002ns
    Source Clock Delay      (SCD):    1.734ns
    Clock Pessimism Removal (CPR):    0.170ns
  Clock Net Delay (Source):      1.552ns (routing 0.423ns, distribution 1.129ns)
  Clock Net Delay (Destination): 1.776ns (routing 0.467ns, distribution 1.309ns)

    Location             Delay type                Incr(ns)  Path(ns)    Netlist Resource(s)
  -------------------------------------------------------------------    -------------------
                         (clock clk_pl_0 rise edge)
                                                      0.000     0.000 r  
    PS8_X0Y0             PS8                          0.000     0.000 r  PYNQ_Design_i/zynq_ultra_ps_e_0/U0/PS8_i/PLCLK[0]
                         net (fo=1, routed)           0.157     0.157    PYNQ_Design_i/zynq_ultra_ps_e_0/U0/pl_clk_unbuffered[0]
    BUFG_PS_X0Y58        BUFG_PS (Prop_BUFG_PS_I_O)
                                                      0.025     0.182 r  PYNQ_Design_i/zynq_ultra_ps_e_0/U0/buffer_pl_clk_0.PL_CLK_0_BUFG/O
    X2Y2 (CLOCK_ROOT)    net (fo=13302, routed)       1.552     1.734    PYNQ_Design_i/axi_dma/U0/I_PRMRY_DATAMOVER/GEN_S2MM_FULL.I_S2MM_FULL_WRAPPER/GEN_INCLUDE_REALIGNER.I_S2MM_REALIGNER/GEN_INCLUDE_DRE.I_S2MM_DRE_BLOCK/m_axi_s2mm_aclk
    SLICE_X34Y51         FDRE                                         r  PYNQ_Design_i/axi_dma/U0/I_PRMRY_DATAMOVER/GEN_S2MM_FULL.I_S2MM_FULL_WRAPPER/GEN_INCLUDE_REALIGNER.I_S2MM_REALIGNER/GEN_INCLUDE_DRE.I_S2MM_DRE_BLOCK/GEN_INPUT_REG[3].sig_input_data_reg_reg[3][8]/C
  -------------------------------------------------------------------    -------------------
    SLICE_X34Y51         FDRE (Prop_EFF2_SLICEM_C_Q)
                                                      0.060     1.794 r  PYNQ_Design_i/axi_dma/U0/I_PRMRY_DATAMOVER/GEN_S2MM_FULL.I_S2MM_FULL_WRAPPER/GEN_INCLUDE_REALIGNER.I_S2MM_REALIGNER/GEN_INCLUDE_DRE.I_S2MM_DRE_BLOCK/GEN_INPUT_REG[3].sig_input_data_reg_reg[3][8]/Q
                         net (fo=10, routed)          0.115     1.909    PYNQ_Design_i/axi_dma/U0/I_PRMRY_DATAMOVER/GEN_S2MM_FULL.I_S2MM_FULL_WRAPPER/GEN_INCLUDE_REALIGNER.I_S2MM_REALIGNER/GEN_INCLUDE_DRE.I_S2MM_DRE_BLOCK/p_0_in14_in
    SLICE_X35Y51         FDRE                                         r  PYNQ_Design_i/axi_dma/U0/I_PRMRY_DATAMOVER/GEN_S2MM_FULL.I_S2MM_FULL_WRAPPER/GEN_INCLUDE_REALIGNER.I_S2MM_REALIGNER/GEN_INCLUDE_DRE.I_S2MM_DRE_BLOCK/GEN_DELAY_REG[2].sig_delay_data_reg_reg[2][8]/D
  -------------------------------------------------------------------    -------------------

                         (clock clk_pl_0 rise edge)
                                                      0.000     0.000 r  
    PS8_X0Y0             PS8                          0.000     0.000 r  PYNQ_Design_i/zynq_ultra_ps_e_0/U0/PS8_i/PLCLK[0]
                         net (fo=1, routed)           0.198     0.198    PYNQ_Design_i/zynq_ultra_ps_e_0/U0/pl_clk_unbuffered[0]
    BUFG_PS_X0Y58        BUFG_PS (Prop_BUFG_PS_I_O)
                                                      0.028     0.226 r  PYNQ_Design_i/zynq_ultra_ps_e_0/U0/buffer_pl_clk_0.PL_CLK_0_BUFG/O
    X2Y2 (CLOCK_ROOT)    net (fo=13302, routed)       1.776     2.002    PYNQ_Design_i/axi_dma/U0/I_PRMRY_DATAMOVER/GEN_S2MM_FULL.I_S2MM_FULL_WRAPPER/GEN_INCLUDE_REALIGNER.I_S2MM_REALIGNER/GEN_INCLUDE_DRE.I_S2MM_DRE_BLOCK/m_axi_s2mm_aclk
    SLICE_X35Y51         FDRE                                         r  PYNQ_Design_i/axi_dma/U0/I_PRMRY_DATAMOVER/GEN_S2MM_FULL.I_S2MM_FULL_WRAPPER/GEN_INCLUDE_REALIGNER.I_S2MM_REALIGNER/GEN_INCLUDE_DRE.I_S2MM_DRE_BLOCK/GEN_DELAY_REG[2].sig_delay_data_reg_reg[2][8]/C
                         clock pessimism             -0.170     1.832    
    SLICE_X35Y51         FDRE (Hold_EFF_SLICEM_C_D)
                                                      0.060     1.892    PYNQ_Design_i/axi_dma/U0/I_PRMRY_DATAMOVER/GEN_S2MM_FULL.I_S2MM_FULL_WRAPPER/GEN_INCLUDE_REALIGNER.I_S2MM_REALIGNER/GEN_INCLUDE_DRE.I_S2MM_DRE_BLOCK/GEN_DELAY_REG[2].sig_delay_data_reg_reg[2][8]
  -------------------------------------------------------------------
                         required time                         -1.892    
                         arrival time                           1.909    
  -------------------------------------------------------------------
                         slack                                  0.017    

Slack (MET) :             0.017ns  (arrival time - required time)
  Source:                 PYNQ_Design_i/axi_dma/U0/I_PRMRY_DATAMOVER/GEN_S2MM_FULL.I_S2MM_FULL_WRAPPER/GEN_INCLUDE_IBTTCC.I_S2MM_MSTR_IBTTCC/sig_btt_cntr_reg[7]/C
                            (rising edge-triggered cell FDRE clocked by clk_pl_0  {rise@0.000ns fall@5.156ns period=10.312ns})
  Destination:            PYNQ_Design_i/axi_dma/U0/I_PRMRY_DATAMOVER/GEN_S2MM_FULL.I_S2MM_FULL_WRAPPER/GEN_INCLUDE_IBTTCC.I_S2MM_MSTR_IBTTCC/sig_btt_cntr_reg[8]/D
                            (rising edge-triggered cell FDRE clocked by clk_pl_0  {rise@0.000ns fall@5.156ns period=10.312ns})
  Path Group:             clk_pl_0
  Path Type:              Hold (Min at Slow Process Corner)
  Requirement:            0.000ns  (clk_pl_0 rise@0.000ns - clk_pl_0 rise@0.000ns)
  Data Path Delay:        0.213ns  (logic 0.156ns (73.101%)  route 0.057ns (26.899%))
  Logic Levels:           3  (CARRY8=2 LUT4=1)
  Clock Path Skew:        0.136ns (DCD - SCD - CPR)
    Destination Clock Delay (DCD):    2.001ns
    Source Clock Delay      (SCD):    1.754ns
    Clock Pessimism Removal (CPR):    0.111ns
  Clock Net Delay (Source):      1.572ns (routing 0.423ns, distribution 1.149ns)
  Clock Net Delay (Destination): 1.775ns (routing 0.467ns, distribution 1.308ns)

    Location             Delay type                Incr(ns)  Path(ns)    Netlist Resource(s)
  -------------------------------------------------------------------    -------------------
                         (clock clk_pl_0 rise edge)
                                                      0.000     0.000 r  
    PS8_X0Y0             PS8                          0.000     0.000 r  PYNQ_Design_i/zynq_ultra_ps_e_0/U0/PS8_i/PLCLK[0]
                         net (fo=1, routed)           0.157     0.157    PYNQ_Design_i/zynq_ultra_ps_e_0/U0/pl_clk_unbuffered[0]
    BUFG_PS_X0Y58        BUFG_PS (Prop_BUFG_PS_I_O)
                                                      0.025     0.182 r  PYNQ_Design_i/zynq_ultra_ps_e_0/U0/buffer_pl_clk_0.PL_CLK_0_BUFG/O
    X2Y2 (CLOCK_ROOT)    net (fo=13302, routed)       1.572     1.754    PYNQ_Design_i/axi_dma/U0/I_PRMRY_DATAMOVER/GEN_S2MM_FULL.I_S2MM_FULL_WRAPPER/GEN_INCLUDE_IBTTCC.I_S2MM_MSTR_IBTTCC/m_axi_s2mm_aclk
    SLICE_X32Y59         FDRE                                         r  PYNQ_Design_i/axi_dma/U0/I_PRMRY_DATAMOVER/GEN_S2MM_FULL.I_S2MM_FULL_WRAPPER/GEN_INCLUDE_IBTTCC.I_S2MM_MSTR_IBTTCC/sig_btt_cntr_reg[7]/C
  -------------------------------------------------------------------    -------------------
    SLICE_X32Y59         FDRE (Prop_HFF_SLICEL_C_Q)
                                                      0.058     1.812 r  PYNQ_Design_i/axi_dma/U0/I_PRMRY_DATAMOVER/GEN_S2MM_FULL.I_S2MM_FULL_WRAPPER/GEN_INCLUDE_IBTTCC.I_S2MM_MSTR_IBTTCC/sig_btt_cntr_reg[7]/Q
                         net (fo=5, routed)           0.034     1.846    PYNQ_Design_i/axi_dma/U0/I_PRMRY_DATAMOVER/GEN_S2MM_FULL.I_S2MM_FULL_WRAPPER/GEN_INCLUDE_IBTTCC.I_S2MM_MSTR_IBTTCC/sig_btt_residue_slice[7]
    SLICE_X32Y59         LUT4 (Prop_H6LUT_SLICEL_I1_O)
                                                      0.023     1.869 r  PYNQ_Design_i/axi_dma/U0/I_PRMRY_DATAMOVER/GEN_S2MM_FULL.I_S2MM_FULL_WRAPPER/GEN_INCLUDE_IBTTCC.I_S2MM_MSTR_IBTTCC/sig_btt_cntr[7]_i_11/O
                         net (fo=1, routed)           0.010     1.879    PYNQ_Design_i/axi_dma/U0/I_PRMRY_DATAMOVER/GEN_S2MM_FULL.I_S2MM_FULL_WRAPPER/GEN_INCLUDE_IBTTCC.I_S2MM_MSTR_IBTTCC/sig_btt_cntr[7]_i_11_n_0
    SLICE_X32Y59         CARRY8 (Prop_CARRY8_SLICEL_S[7]_CO[7])
                                                      0.044     1.923 r  PYNQ_Design_i/axi_dma/U0/I_PRMRY_DATAMOVER/GEN_S2MM_FULL.I_S2MM_FULL_WRAPPER/GEN_INCLUDE_IBTTCC.I_S2MM_MSTR_IBTTCC/sig_btt_cntr_reg[7]_i_1/CO[7]
                         net (fo=1, routed)           0.004     1.927    PYNQ_Design_i/axi_dma/U0/I_PRMRY_DATAMOVER/GEN_S2MM_FULL.I_S2MM_FULL_WRAPPER/GEN_INCLUDE_IBTTCC.I_S2MM_MSTR_IBTTCC/sig_btt_cntr_reg[7]_i_1_n_0
    SLICE_X32Y60         CARRY8 (Prop_CARRY8_SLICEL_CI_O[0])
                                                      0.031     1.958 r  PYNQ_Design_i/axi_dma/U0/I_PRMRY_DATAMOVER/GEN_S2MM_FULL.I_S2MM_FULL_WRAPPER/GEN_INCLUDE_IBTTCC.I_S2MM_MSTR_IBTTCC/sig_btt_cntr_reg[13]_i_2/O[0]
                         net (fo=1, routed)           0.009     1.967    PYNQ_Design_i/axi_dma/U0/I_PRMRY_DATAMOVER/GEN_S2MM_FULL.I_S2MM_FULL_WRAPPER/GEN_INCLUDE_IBTTCC.I_S2MM_MSTR_IBTTCC/sig_btt_cntr_reg[13]_i_2_n_15
    SLICE_X32Y60         FDRE                                         r  PYNQ_Design_i/axi_dma/U0/I_PRMRY_DATAMOVER/GEN_S2MM_FULL.I_S2MM_FULL_WRAPPER/GEN_INCLUDE_IBTTCC.I_S2MM_MSTR_IBTTCC/sig_btt_cntr_reg[8]/D
  -------------------------------------------------------------------    -------------------

                         (clock clk_pl_0 rise edge)
                                                      0.000     0.000 r  
    PS8_X0Y0             PS8                          0.000     0.000 r  PYNQ_Design_i/zynq_ultra_ps_e_0/U0/PS8_i/PLCLK[0]
                         net (fo=1, routed)           0.198     0.198    PYNQ_Design_i/zynq_ultra_ps_e_0/U0/pl_clk_unbuffered[0]
    BUFG_PS_X0Y58        BUFG_PS (Prop_BUFG_PS_I_O)
                                                      0.028     0.226 r  PYNQ_Design_i/zynq_ultra_ps_e_0/U0/buffer_pl_clk_0.PL_CLK_0_BUFG/O
    X2Y2 (CLOCK_ROOT)    net (fo=13302, routed)       1.775     2.001    PYNQ_Design_i/axi_dma/U0/I_PRMRY_DATAMOVER/GEN_S2MM_FULL.I_S2MM_FULL_WRAPPER/GEN_INCLUDE_IBTTCC.I_S2MM_MSTR_IBTTCC/m_axi_s2mm_aclk
    SLICE_X32Y60         FDRE                                         r  PYNQ_Design_i/axi_dma/U0/I_PRMRY_DATAMOVER/GEN_S2MM_FULL.I_S2MM_FULL_WRAPPER/GEN_INCLUDE_IBTTCC.I_S2MM_MSTR_IBTTCC/sig_btt_cntr_reg[8]/C
                         clock pessimism             -0.111     1.890    
    SLICE_X32Y60         FDRE (Hold_AFF_SLICEL_C_D)
                                                      0.060     1.950    PYNQ_Design_i/axi_dma/U0/I_PRMRY_DATAMOVER/GEN_S2MM_FULL.I_S2MM_FULL_WRAPPER/GEN_INCLUDE_IBTTCC.I_S2MM_MSTR_IBTTCC/sig_btt_cntr_reg[8]
  -------------------------------------------------------------------
                         required time                         -1.950    
                         arrival time                           1.967    
  -------------------------------------------------------------------
                         slack                                  0.017    

Slack (MET) :             0.018ns  (arrival time - required time)
  Source:                 PYNQ_Design_i/usp_rf_data_converter_0/inst/PYNQ_Design_usp_rf_data_converter_0_0_rf_wrapper_i/por_state_machine_i/por_fsm_disabled_adc1/rdata_reg[15]/C
                            (rising edge-triggered cell FDRE clocked by clk_pl_0  {rise@0.000ns fall@5.156ns period=10.312ns})
  Destination:            PYNQ_Design_i/usp_rf_data_converter_0/inst/PYNQ_Design_usp_rf_data_converter_0_0_rf_wrapper_i/por_state_machine_i/por_fsm_disabled_adc1/drpdi_por_reg[15]/D
                            (rising edge-triggered cell FDRE clocked by clk_pl_0  {rise@0.000ns fall@5.156ns period=10.312ns})
  Path Group:             clk_pl_0
  Path Type:              Hold (Min at Slow Process Corner)
  Requirement:            0.000ns  (clk_pl_0 rise@0.000ns - clk_pl_0 rise@0.000ns)
  Data Path Delay:        0.248ns  (logic 0.083ns (33.413%)  route 0.165ns (66.587%))
  Logic Levels:           1  (LUT1=1)
  Clock Path Skew:        0.171ns (DCD - SCD - CPR)
    Destination Clock Delay (DCD):    2.268ns
    Source Clock Delay      (SCD):    2.006ns
    Clock Pessimism Removal (CPR):    0.092ns
  Clock Net Delay (Source):      1.824ns (routing 0.423ns, distribution 1.401ns)
  Clock Net Delay (Destination): 2.042ns (routing 0.467ns, distribution 1.575ns)

    Location             Delay type                Incr(ns)  Path(ns)    Netlist Resource(s)
  -------------------------------------------------------------------    -------------------
                         (clock clk_pl_0 rise edge)
                                                      0.000     0.000 r  
    PS8_X0Y0             PS8                          0.000     0.000 r  PYNQ_Design_i/zynq_ultra_ps_e_0/U0/PS8_i/PLCLK[0]
                         net (fo=1, routed)           0.157     0.157    PYNQ_Design_i/zynq_ultra_ps_e_0/U0/pl_clk_unbuffered[0]
    BUFG_PS_X0Y58        BUFG_PS (Prop_BUFG_PS_I_O)
                                                      0.025     0.182 r  PYNQ_Design_i/zynq_ultra_ps_e_0/U0/buffer_pl_clk_0.PL_CLK_0_BUFG/O
    X2Y2 (CLOCK_ROOT)    net (fo=13302, routed)       1.824     2.006    PYNQ_Design_i/usp_rf_data_converter_0/inst/PYNQ_Design_usp_rf_data_converter_0_0_rf_wrapper_i/por_state_machine_i/por_fsm_disabled_adc1/aux_clk
    SLICE_X118Y117       FDRE                                         r  PYNQ_Design_i/usp_rf_data_converter_0/inst/PYNQ_Design_usp_rf_data_converter_0_0_rf_wrapper_i/por_state_machine_i/por_fsm_disabled_adc1/rdata_reg[15]/C
  -------------------------------------------------------------------    -------------------
    SLICE_X118Y117       FDRE (Prop_DFF2_SLICEM_C_Q)
                                                      0.061     2.067 f  PYNQ_Design_i/usp_rf_data_converter_0/inst/PYNQ_Design_usp_rf_data_converter_0_0_rf_wrapper_i/por_state_machine_i/por_fsm_disabled_adc1/rdata_reg[15]/Q
                         net (fo=6, routed)           0.129     2.196    PYNQ_Design_i/usp_rf_data_converter_0/inst/PYNQ_Design_usp_rf_data_converter_0_0_rf_wrapper_i/por_state_machine_i/por_fsm_disabled_adc1/p_0_in
    SLICE_X118Y120       LUT1 (Prop_D6LUT_SLICEM_I0_O)
                                                      0.022     2.218 r  PYNQ_Design_i/usp_rf_data_converter_0/inst/PYNQ_Design_usp_rf_data_converter_0_0_rf_wrapper_i/por_state_machine_i/por_fsm_disabled_adc1/drpdi_por[15]_i_1/O
                         net (fo=1, routed)           0.036     2.254    PYNQ_Design_i/usp_rf_data_converter_0/inst/PYNQ_Design_usp_rf_data_converter_0_0_rf_wrapper_i/por_state_machine_i/por_fsm_disabled_adc1/drpdi_por[15]_i_1_n_0
    SLICE_X118Y120       FDRE                                         r  PYNQ_Design_i/usp_rf_data_converter_0/inst/PYNQ_Design_usp_rf_data_converter_0_0_rf_wrapper_i/por_state_machine_i/por_fsm_disabled_adc1/drpdi_por_reg[15]/D
  -------------------------------------------------------------------    -------------------

                         (clock clk_pl_0 rise edge)
                                                      0.000     0.000 r  
    PS8_X0Y0             PS8                          0.000     0.000 r  PYNQ_Design_i/zynq_ultra_ps_e_0/U0/PS8_i/PLCLK[0]
                         net (fo=1, routed)           0.198     0.198    PYNQ_Design_i/zynq_ultra_ps_e_0/U0/pl_clk_unbuffered[0]
    BUFG_PS_X0Y58        BUFG_PS (Prop_BUFG_PS_I_O)
                                                      0.028     0.226 r  PYNQ_Design_i/zynq_ultra_ps_e_0/U0/buffer_pl_clk_0.PL_CLK_0_BUFG/O
    X2Y2 (CLOCK_ROOT)    net (fo=13302, routed)       2.042     2.268    PYNQ_Design_i/usp_rf_data_converter_0/inst/PYNQ_Design_usp_rf_data_converter_0_0_rf_wrapper_i/por_state_machine_i/por_fsm_disabled_adc1/aux_clk
    SLICE_X118Y120       FDRE                                         r  PYNQ_Design_i/usp_rf_data_converter_0/inst/PYNQ_Design_usp_rf_data_converter_0_0_rf_wrapper_i/por_state_machine_i/por_fsm_disabled_adc1/drpdi_por_reg[15]/C
                         clock pessimism             -0.092     2.176    
    SLICE_X118Y120       FDRE (Hold_DFF_SLICEM_C_D)
                                                      0.060     2.236    PYNQ_Design_i/usp_rf_data_converter_0/inst/PYNQ_Design_usp_rf_data_converter_0_0_rf_wrapper_i/por_state_machine_i/por_fsm_disabled_adc1/drpdi_por_reg[15]
  -------------------------------------------------------------------
                         required time                         -2.236    
                         arrival time                           2.254    
  -------------------------------------------------------------------
                         slack                                  0.018    

Slack (MET) :             0.018ns  (arrival time - required time)
  Source:                 PYNQ_Design_i/axi_smc/inst/s00_nodes/s00_w_node/inst/inst_mi_handler/gen_normal_area.gen_upsizer.inst_upsizer/gen_w_ch.accum_reg[first_offset][1]/C
                            (rising edge-triggered cell FDRE clocked by clk_pl_0  {rise@0.000ns fall@5.156ns period=10.312ns})
  Destination:            PYNQ_Design_i/axi_smc/inst/s00_nodes/s00_w_node/inst/inst_mi_handler/gen_normal_area.inst_fifo_node_payld/gen_xpm_memory_fifo.inst_fifo/gen_mem_rep[0].inst_xpm_memory/xpm_memory_base_inst/gen_wr_a.gen_word_narrow.mem_reg_0_31_0_13/RAMB/I
                            (rising edge-triggered cell RAMD32 clocked by clk_pl_0  {rise@0.000ns fall@5.156ns period=10.312ns})
  Path Group:             clk_pl_0
  Path Type:              Hold (Min at Slow Process Corner)
  Requirement:            0.000ns  (clk_pl_0 rise@0.000ns - clk_pl_0 rise@0.000ns)
  Data Path Delay:        0.245ns  (logic 0.060ns (24.490%)  route 0.185ns (75.510%))
  Logic Levels:           0  
  Clock Path Skew:        0.149ns (DCD - SCD - CPR)
    Destination Clock Delay (DCD):    2.051ns
    Source Clock Delay      (SCD):    1.732ns
    Clock Pessimism Removal (CPR):    0.170ns
  Clock Net Delay (Source):      1.550ns (routing 0.423ns, distribution 1.127ns)
  Clock Net Delay (Destination): 1.825ns (routing 0.467ns, distribution 1.358ns)

    Location             Delay type                Incr(ns)  Path(ns)    Netlist Resource(s)
  -------------------------------------------------------------------    -------------------
                         (clock clk_pl_0 rise edge)
                                                      0.000     0.000 r  
    PS8_X0Y0             PS8                          0.000     0.000 r  PYNQ_Design_i/zynq_ultra_ps_e_0/U0/PS8_i/PLCLK[0]
                         net (fo=1, routed)           0.157     0.157    PYNQ_Design_i/zynq_ultra_ps_e_0/U0/pl_clk_unbuffered[0]
    BUFG_PS_X0Y58        BUFG_PS (Prop_BUFG_PS_I_O)
                                                      0.025     0.182 r  PYNQ_Design_i/zynq_ultra_ps_e_0/U0/buffer_pl_clk_0.PL_CLK_0_BUFG/O
    X2Y2 (CLOCK_ROOT)    net (fo=13302, routed)       1.550     1.732    PYNQ_Design_i/axi_smc/inst/s00_nodes/s00_w_node/inst/inst_mi_handler/gen_normal_area.gen_upsizer.inst_upsizer/s_sc_aclk
    SLICE_X28Y31         FDRE                                         r  PYNQ_Design_i/axi_smc/inst/s00_nodes/s00_w_node/inst/inst_mi_handler/gen_normal_area.gen_upsizer.inst_upsizer/gen_w_ch.accum_reg[first_offset][1]/C
  -------------------------------------------------------------------    -------------------
    SLICE_X28Y31         FDRE (Prop_BFF2_SLICEM_C_Q)
                                                      0.060     1.792 r  PYNQ_Design_i/axi_smc/inst/s00_nodes/s00_w_node/inst/inst_mi_handler/gen_normal_area.gen_upsizer.inst_upsizer/gen_w_ch.accum_reg[first_offset][1]/Q
                         net (fo=1, routed)           0.185     1.977    PYNQ_Design_i/axi_smc/inst/s00_nodes/s00_w_node/inst/inst_mi_handler/gen_normal_area.inst_fifo_node_payld/gen_xpm_memory_fifo.inst_fifo/gen_mem_rep[0].inst_xpm_memory/xpm_memory_base_inst/gen_wr_a.gen_word_narrow.mem_reg_0_31_0_13/DIB0
    SLICE_X28Y25         RAMD32                                       r  PYNQ_Design_i/axi_smc/inst/s00_nodes/s00_w_node/inst/inst_mi_handler/gen_normal_area.inst_fifo_node_payld/gen_xpm_memory_fifo.inst_fifo/gen_mem_rep[0].inst_xpm_memory/xpm_memory_base_inst/gen_wr_a.gen_word_narrow.mem_reg_0_31_0_13/RAMB/I
  -------------------------------------------------------------------    -------------------

                         (clock clk_pl_0 rise edge)
                                                      0.000     0.000 r  
    PS8_X0Y0             PS8                          0.000     0.000 r  PYNQ_Design_i/zynq_ultra_ps_e_0/U0/PS8_i/PLCLK[0]
                         net (fo=1, routed)           0.198     0.198    PYNQ_Design_i/zynq_ultra_ps_e_0/U0/pl_clk_unbuffered[0]
    BUFG_PS_X0Y58        BUFG_PS (Prop_BUFG_PS_I_O)
                                                      0.028     0.226 r  PYNQ_Design_i/zynq_ultra_ps_e_0/U0/buffer_pl_clk_0.PL_CLK_0_BUFG/O
    X2Y2 (CLOCK_ROOT)    net (fo=13302, routed)       1.825     2.051    PYNQ_Design_i/axi_smc/inst/s00_nodes/s00_w_node/inst/inst_mi_handler/gen_normal_area.inst_fifo_node_payld/gen_xpm_memory_fifo.inst_fifo/gen_mem_rep[0].inst_xpm_memory/xpm_memory_base_inst/gen_wr_a.gen_word_narrow.mem_reg_0_31_0_13/WCLK
    SLICE_X28Y25         RAMD32                                       r  PYNQ_Design_i/axi_smc/inst/s00_nodes/s00_w_node/inst/inst_mi_handler/gen_normal_area.inst_fifo_node_payld/gen_xpm_memory_fifo.inst_fifo/gen_mem_rep[0].inst_xpm_memory/xpm_memory_base_inst/gen_wr_a.gen_word_narrow.mem_reg_0_31_0_13/RAMB/CLK
                         clock pessimism             -0.170     1.881    
    SLICE_X28Y25         RAMD32 (Hold_B5LUT_SLICEM_CLK_I)
                                                      0.078     1.959    PYNQ_Design_i/axi_smc/inst/s00_nodes/s00_w_node/inst/inst_mi_handler/gen_normal_area.inst_fifo_node_payld/gen_xpm_memory_fifo.inst_fifo/gen_mem_rep[0].inst_xpm_memory/xpm_memory_base_inst/gen_wr_a.gen_word_narrow.mem_reg_0_31_0_13/RAMB
  -------------------------------------------------------------------
                         required time                         -1.959    
                         arrival time                           1.977    
  -------------------------------------------------------------------
                         slack                                  0.018    

Slack (MET) :             0.019ns  (arrival time - required time)
  Source:                 PYNQ_Design_i/axi_smc/inst/m00_exit_pipeline/m00_exit/inst/r_reg/m_vector_i_reg[1139]/C
                            (rising edge-triggered cell FDRE clocked by clk_pl_0  {rise@0.000ns fall@5.156ns period=10.312ns})
  Destination:            PYNQ_Design_i/axi_smc/inst/m00_nodes/m00_r_node/inst/inst_mi_handler/gen_normal_area.inst_fifo_node_payld/gen_xpm_memory_fifo.inst_fifo/gen_mem_rep[0].inst_xpm_memory/xpm_memory_base_inst/gen_wr_a.gen_word_narrow.mem_reg_0_31_98_111/RAMB_D1/I
                            (rising edge-triggered cell RAMD32 clocked by clk_pl_0  {rise@0.000ns fall@5.156ns period=10.312ns})
  Path Group:             clk_pl_0
  Path Type:              Hold (Min at Slow Process Corner)
  Requirement:            0.000ns  (clk_pl_0 rise@0.000ns - clk_pl_0 rise@0.000ns)
  Data Path Delay:        0.227ns  (logic 0.060ns (26.432%)  route 0.167ns (73.568%))
  Logic Levels:           0  
  Clock Path Skew:        0.148ns (DCD - SCD - CPR)
    Destination Clock Delay (DCD):    2.078ns
    Source Clock Delay      (SCD):    1.760ns
    Clock Pessimism Removal (CPR):    0.170ns
  Clock Net Delay (Source):      1.578ns (routing 0.423ns, distribution 1.155ns)
  Clock Net Delay (Destination): 1.852ns (routing 0.467ns, distribution 1.385ns)

    Location             Delay type                Incr(ns)  Path(ns)    Netlist Resource(s)
  -------------------------------------------------------------------    -------------------
                         (clock clk_pl_0 rise edge)
                                                      0.000     0.000 r  
    PS8_X0Y0             PS8                          0.000     0.000 r  PYNQ_Design_i/zynq_ultra_ps_e_0/U0/PS8_i/PLCLK[0]
                         net (fo=1, routed)           0.157     0.157    PYNQ_Design_i/zynq_ultra_ps_e_0/U0/pl_clk_unbuffered[0]
    BUFG_PS_X0Y58        BUFG_PS (Prop_BUFG_PS_I_O)
                                                      0.025     0.182 r  PYNQ_Design_i/zynq_ultra_ps_e_0/U0/buffer_pl_clk_0.PL_CLK_0_BUFG/O
    X2Y2 (CLOCK_ROOT)    net (fo=13302, routed)       1.578     1.760    PYNQ_Design_i/axi_smc/inst/m00_exit_pipeline/m00_exit/inst/r_reg/aclk
    SLICE_X27Y6          FDRE                                         r  PYNQ_Design_i/axi_smc/inst/m00_exit_pipeline/m00_exit/inst/r_reg/m_vector_i_reg[1139]/C
  -------------------------------------------------------------------    -------------------
    SLICE_X27Y6          FDRE (Prop_AFF2_SLICEM_C_Q)
                                                      0.060     1.820 r  PYNQ_Design_i/axi_smc/inst/m00_exit_pipeline/m00_exit/inst/r_reg/m_vector_i_reg[1139]/Q
                         net (fo=1, routed)           0.167     1.987    PYNQ_Design_i/axi_smc/inst/m00_nodes/m00_r_node/inst/inst_mi_handler/gen_normal_area.inst_fifo_node_payld/gen_xpm_memory_fifo.inst_fifo/gen_mem_rep[0].inst_xpm_memory/xpm_memory_base_inst/gen_wr_a.gen_word_narrow.mem_reg_0_31_98_111/DIB1
    SLICE_X28Y7          RAMD32                                       r  PYNQ_Design_i/axi_smc/inst/m00_nodes/m00_r_node/inst/inst_mi_handler/gen_normal_area.inst_fifo_node_payld/gen_xpm_memory_fifo.inst_fifo/gen_mem_rep[0].inst_xpm_memory/xpm_memory_base_inst/gen_wr_a.gen_word_narrow.mem_reg_0_31_98_111/RAMB_D1/I
  -------------------------------------------------------------------    -------------------

                         (clock clk_pl_0 rise edge)
                                                      0.000     0.000 r  
    PS8_X0Y0             PS8                          0.000     0.000 r  PYNQ_Design_i/zynq_ultra_ps_e_0/U0/PS8_i/PLCLK[0]
                         net (fo=1, routed)           0.198     0.198    PYNQ_Design_i/zynq_ultra_ps_e_0/U0/pl_clk_unbuffered[0]
    BUFG_PS_X0Y58        BUFG_PS (Prop_BUFG_PS_I_O)
                                                      0.028     0.226 r  PYNQ_Design_i/zynq_ultra_ps_e_0/U0/buffer_pl_clk_0.PL_CLK_0_BUFG/O
    X2Y2 (CLOCK_ROOT)    net (fo=13302, routed)       1.852     2.078    PYNQ_Design_i/axi_smc/inst/m00_nodes/m00_r_node/inst/inst_mi_handler/gen_normal_area.inst_fifo_node_payld/gen_xpm_memory_fifo.inst_fifo/gen_mem_rep[0].inst_xpm_memory/xpm_memory_base_inst/gen_wr_a.gen_word_narrow.mem_reg_0_31_98_111/WCLK
    SLICE_X28Y7          RAMD32                                       r  PYNQ_Design_i/axi_smc/inst/m00_nodes/m00_r_node/inst/inst_mi_handler/gen_normal_area.inst_fifo_node_payld/gen_xpm_memory_fifo.inst_fifo/gen_mem_rep[0].inst_xpm_memory/xpm_memory_base_inst/gen_wr_a.gen_word_narrow.mem_reg_0_31_98_111/RAMB_D1/CLK
                         clock pessimism             -0.170     1.908    
    SLICE_X28Y7          RAMD32 (Hold_B6LUT_SLICEM_CLK_I)
                                                      0.060     1.968    PYNQ_Design_i/axi_smc/inst/m00_nodes/m00_r_node/inst/inst_mi_handler/gen_normal_area.inst_fifo_node_payld/gen_xpm_memory_fifo.inst_fifo/gen_mem_rep[0].inst_xpm_memory/xpm_memory_base_inst/gen_wr_a.gen_word_narrow.mem_reg_0_31_98_111/RAMB_D1
  -------------------------------------------------------------------
                         required time                         -1.968    
                         arrival time                           1.987    
  -------------------------------------------------------------------
                         slack                                  0.019    





Pulse Width Checks
--------------------------------------------------------------------------------------
Clock Name:         clk_pl_0
Waveform(ns):       { 0.000 5.156 }
Period(ns):         10.312
Sources:            { PYNQ_Design_i/zynq_ultra_ps_e_0/U0/PS8_i/PLCLK[0] }

Check Type        Corner  Lib Pin           Reference Pin  Required(ns)  Actual(ns)  Slack(ns)  Location    Pin
Min Period        n/a     HSADC/DCLK        n/a            4.000         10.312      6.312      HSADC_X0Y0  PYNQ_Design_i/usp_rf_data_converter_0/inst/PYNQ_Design_usp_rf_data_converter_0_0_rf_wrapper_i/rx0_u_adc/DCLK
Min Period        n/a     HSADC/DCLK        n/a            4.000         10.312      6.312      HSADC_X0Y1  PYNQ_Design_i/usp_rf_data_converter_0/inst/PYNQ_Design_usp_rf_data_converter_0_0_rf_wrapper_i/rx1_u_adc/DCLK
Min Period        n/a     HSADC/DCLK        n/a            4.000         10.312      6.312      HSADC_X0Y2  PYNQ_Design_i/usp_rf_data_converter_0/inst/PYNQ_Design_usp_rf_data_converter_0_0_rf_wrapper_i/rx2_u_adc/DCLK
Min Period        n/a     HSADC/DCLK        n/a            4.000         10.312      6.312      HSADC_X0Y3  PYNQ_Design_i/usp_rf_data_converter_0/inst/PYNQ_Design_usp_rf_data_converter_0_0_rf_wrapper_i/rx3_u_adc/DCLK
Min Period        n/a     HSDAC/DCLK        n/a            4.000         10.312      6.312      HSDAC_X0Y0  PYNQ_Design_i/usp_rf_data_converter_0/inst/PYNQ_Design_usp_rf_data_converter_0_0_rf_wrapper_i/tx0_u_dac/DCLK
Min Period        n/a     HSDAC/DCLK        n/a            4.000         10.312      6.312      HSDAC_X0Y1  PYNQ_Design_i/usp_rf_data_converter_0/inst/PYNQ_Design_usp_rf_data_converter_0_0_rf_wrapper_i/tx1_u_dac/DCLK
Min Period        n/a     PS8/MAXIGP2ACLK   n/a            3.000         10.312      7.312      PS8_X0Y0    PYNQ_Design_i/zynq_ultra_ps_e_0/U0/PS8_i/MAXIGP2ACLK
Min Period        n/a     PS8/SAXIGP0RCLK   n/a            3.000         10.312      7.312      PS8_X0Y0    PYNQ_Design_i/zynq_ultra_ps_e_0/U0/PS8_i/SAXIGP0RCLK
Min Period        n/a     PS8/SAXIGP0WCLK   n/a            3.000         10.312      7.312      PS8_X0Y0    PYNQ_Design_i/zynq_ultra_ps_e_0/U0/PS8_i/SAXIGP0WCLK
Min Period        n/a     HSADC/PLL_MONCLK  n/a            2.500         10.312      7.812      HSADC_X0Y0  PYNQ_Design_i/usp_rf_data_converter_0/inst/PYNQ_Design_usp_rf_data_converter_0_0_rf_wrapper_i/rx0_u_adc/PLL_MONCLK
Low Pulse Width   Slow    HSADC/DCLK        n/a            1.600         5.156       3.556      HSADC_X0Y0  PYNQ_Design_i/usp_rf_data_converter_0/inst/PYNQ_Design_usp_rf_data_converter_0_0_rf_wrapper_i/rx0_u_adc/DCLK
Low Pulse Width   Fast    HSADC/DCLK        n/a            1.600         5.156       3.556      HSADC_X0Y0  PYNQ_Design_i/usp_rf_data_converter_0/inst/PYNQ_Design_usp_rf_data_converter_0_0_rf_wrapper_i/rx0_u_adc/DCLK
Low Pulse Width   Slow    HSADC/DCLK        n/a            1.600         5.156       3.556      HSADC_X0Y1  PYNQ_Design_i/usp_rf_data_converter_0/inst/PYNQ_Design_usp_rf_data_converter_0_0_rf_wrapper_i/rx1_u_adc/DCLK
Low Pulse Width   Fast    HSADC/DCLK        n/a            1.600         5.156       3.556      HSADC_X0Y1  PYNQ_Design_i/usp_rf_data_converter_0/inst/PYNQ_Design_usp_rf_data_converter_0_0_rf_wrapper_i/rx1_u_adc/DCLK
Low Pulse Width   Slow    HSADC/DCLK        n/a            1.600         5.156       3.556      HSADC_X0Y2  PYNQ_Design_i/usp_rf_data_converter_0/inst/PYNQ_Design_usp_rf_data_converter_0_0_rf_wrapper_i/rx2_u_adc/DCLK
Low Pulse Width   Fast    HSADC/DCLK        n/a            1.600         5.156       3.556      HSADC_X0Y2  PYNQ_Design_i/usp_rf_data_converter_0/inst/PYNQ_Design_usp_rf_data_converter_0_0_rf_wrapper_i/rx2_u_adc/DCLK
Low Pulse Width   Slow    HSADC/DCLK        n/a            1.600         5.156       3.556      HSADC_X0Y3  PYNQ_Design_i/usp_rf_data_converter_0/inst/PYNQ_Design_usp_rf_data_converter_0_0_rf_wrapper_i/rx3_u_adc/DCLK
Low Pulse Width   Fast    HSADC/DCLK        n/a            1.600         5.156       3.556      HSADC_X0Y3  PYNQ_Design_i/usp_rf_data_converter_0/inst/PYNQ_Design_usp_rf_data_converter_0_0_rf_wrapper_i/rx3_u_adc/DCLK
Low Pulse Width   Slow    HSDAC/DCLK        n/a            1.600         5.156       3.556      HSDAC_X0Y0  PYNQ_Design_i/usp_rf_data_converter_0/inst/PYNQ_Design_usp_rf_data_converter_0_0_rf_wrapper_i/tx0_u_dac/DCLK
Low Pulse Width   Fast    HSDAC/DCLK        n/a            1.600         5.156       3.556      HSDAC_X0Y0  PYNQ_Design_i/usp_rf_data_converter_0/inst/PYNQ_Design_usp_rf_data_converter_0_0_rf_wrapper_i/tx0_u_dac/DCLK
High Pulse Width  Slow    HSADC/DCLK        n/a            1.600         5.156       3.556      HSADC_X0Y0  PYNQ_Design_i/usp_rf_data_converter_0/inst/PYNQ_Design_usp_rf_data_converter_0_0_rf_wrapper_i/rx0_u_adc/DCLK
High Pulse Width  Fast    HSADC/DCLK        n/a            1.600         5.156       3.556      HSADC_X0Y0  PYNQ_Design_i/usp_rf_data_converter_0/inst/PYNQ_Design_usp_rf_data_converter_0_0_rf_wrapper_i/rx0_u_adc/DCLK
High Pulse Width  Slow    HSADC/DCLK        n/a            1.600         5.156       3.556      HSADC_X0Y1  PYNQ_Design_i/usp_rf_data_converter_0/inst/PYNQ_Design_usp_rf_data_converter_0_0_rf_wrapper_i/rx1_u_adc/DCLK
High Pulse Width  Fast    HSADC/DCLK        n/a            1.600         5.156       3.556      HSADC_X0Y1  PYNQ_Design_i/usp_rf_data_converter_0/inst/PYNQ_Design_usp_rf_data_converter_0_0_rf_wrapper_i/rx1_u_adc/DCLK
High Pulse Width  Slow    HSADC/DCLK        n/a            1.600         5.156       3.556      HSADC_X0Y2  PYNQ_Design_i/usp_rf_data_converter_0/inst/PYNQ_Design_usp_rf_data_converter_0_0_rf_wrapper_i/rx2_u_adc/DCLK
High Pulse Width  Fast    HSADC/DCLK        n/a            1.600         5.156       3.556      HSADC_X0Y2  PYNQ_Design_i/usp_rf_data_converter_0/inst/PYNQ_Design_usp_rf_data_converter_0_0_rf_wrapper_i/rx2_u_adc/DCLK
High Pulse Width  Slow    HSADC/DCLK        n/a            1.600         5.156       3.556      HSADC_X0Y3  PYNQ_Design_i/usp_rf_data_converter_0/inst/PYNQ_Design_usp_rf_data_converter_0_0_rf_wrapper_i/rx3_u_adc/DCLK
High Pulse Width  Fast    HSADC/DCLK        n/a            1.600         5.156       3.556      HSADC_X0Y3  PYNQ_Design_i/usp_rf_data_converter_0/inst/PYNQ_Design_usp_rf_data_converter_0_0_rf_wrapper_i/rx3_u_adc/DCLK
High Pulse Width  Slow    HSDAC/DCLK        n/a            1.600         5.156       3.556      HSDAC_X0Y0  PYNQ_Design_i/usp_rf_data_converter_0/inst/PYNQ_Design_usp_rf_data_converter_0_0_rf_wrapper_i/tx0_u_dac/DCLK
High Pulse Width  Fast    HSDAC/DCLK        n/a            1.600         5.156       3.556      HSDAC_X0Y0  PYNQ_Design_i/usp_rf_data_converter_0/inst/PYNQ_Design_usp_rf_data_converter_0_0_rf_wrapper_i/tx0_u_dac/DCLK



--------------------------------------------------------------------------------------
Path Group:  (none)
From Clock:  
  To Clock:  clk_pl_0

Max Delay            95 Endpoints
Min Delay            95 Endpoints
--------------------------------------------------------------------------------------


Max Delay Paths
--------------------------------------------------------------------------------------
Slack:                    inf
  Source:                 PYNQ_Design_i/usp_rf_data_converter_0/inst/PYNQ_Design_usp_rf_data_converter_0_0_rf_wrapper_i/tx1_u_dac/STATUS_DAC3[14]
                            (internal pin)
  Destination:            PYNQ_Design_i/usp_rf_data_converter_0/inst/i_PYNQ_Design_usp_rf_data_converter_0_0_irq_sync/sync_dac13_data_irq/syncstages_ff_reg[0]/D
                            (rising edge-triggered cell FDRE clocked by clk_pl_0  {rise@0.000ns fall@5.156ns period=10.312ns})
  Path Group:             (none)
  Path Type:              Setup (Max at Slow Process Corner)
  Data Path Delay:        2.246ns  (logic 0.000ns (0.000%)  route 2.246ns (100.000%))
  Logic Levels:           0  
  Clock Uncertainty:      0.157ns  ((TSJ^2 + DJ^2)^1/2) / 2 + PE
    Total System Jitter     (TSJ):    0.050ns
    Discrete Jitter          (DJ):    0.310ns
    Phase Error              (PE):    0.000ns
  Clock Net Delay (Destination): 1.816ns (routing 0.423ns, distribution 1.393ns)
  Timing Exception:       False Path

    Location             Delay type                Incr(ns)  Path(ns)    Netlist Resource(s)
  -------------------------------------------------------------------    -------------------
    HSDAC_X0Y1           HSDAC                        0.000     0.000 r  PYNQ_Design_i/usp_rf_data_converter_0/inst/PYNQ_Design_usp_rf_data_converter_0_0_rf_wrapper_i/tx1_u_dac/STATUS_DAC3[14]
                         net (fo=1, routed)           2.246     2.246    PYNQ_Design_i/usp_rf_data_converter_0/inst/i_PYNQ_Design_usp_rf_data_converter_0_0_irq_sync/sync_dac13_data_irq/src_in
    SLICE_X116Y122       FDRE                                         r  PYNQ_Design_i/usp_rf_data_converter_0/inst/i_PYNQ_Design_usp_rf_data_converter_0_0_irq_sync/sync_dac13_data_irq/syncstages_ff_reg[0]/D
  -------------------------------------------------------------------    -------------------

                         (clock clk_pl_0 rise edge)
                                                      0.000     0.000 r  
    PS8_X0Y0             PS8                          0.000     0.000 r  PYNQ_Design_i/zynq_ultra_ps_e_0/U0/PS8_i/PLCLK[0]
                         net (fo=1, routed)           0.157     0.157    PYNQ_Design_i/zynq_ultra_ps_e_0/U0/pl_clk_unbuffered[0]
    BUFG_PS_X0Y58        BUFG_PS (Prop_BUFG_PS_I_O)
                                                      0.025     0.182 r  PYNQ_Design_i/zynq_ultra_ps_e_0/U0/buffer_pl_clk_0.PL_CLK_0_BUFG/O
    X2Y2 (CLOCK_ROOT)    net (fo=13302, routed)       1.816     1.998    PYNQ_Design_i/usp_rf_data_converter_0/inst/i_PYNQ_Design_usp_rf_data_converter_0_0_irq_sync/sync_dac13_data_irq/dest_clk
    SLICE_X116Y122       FDRE                                         r  PYNQ_Design_i/usp_rf_data_converter_0/inst/i_PYNQ_Design_usp_rf_data_converter_0_0_irq_sync/sync_dac13_data_irq/syncstages_ff_reg[0]/C

Slack:                    inf
  Source:                 PYNQ_Design_i/usp_rf_data_converter_0/inst/PYNQ_Design_usp_rf_data_converter_0_0_rf_wrapper_i/tx1_u_dac/STATUS_DAC3[15]
                            (internal pin)
  Destination:            PYNQ_Design_i/usp_rf_data_converter_0/inst/i_PYNQ_Design_usp_rf_data_converter_0_0_irq_sync/sync_dac13_fifo_irq/syncstages_ff_reg[0]/D
                            (rising edge-triggered cell FDRE clocked by clk_pl_0  {rise@0.000ns fall@5.156ns period=10.312ns})
  Path Group:             (none)
  Path Type:              Setup (Max at Slow Process Corner)
  Data Path Delay:        2.241ns  (logic 0.000ns (0.000%)  route 2.241ns (100.000%))
  Logic Levels:           0  
  Clock Uncertainty:      0.157ns  ((TSJ^2 + DJ^2)^1/2) / 2 + PE
    Total System Jitter     (TSJ):    0.050ns
    Discrete Jitter          (DJ):    0.310ns
    Phase Error              (PE):    0.000ns
  Clock Net Delay (Destination): 1.822ns (routing 0.423ns, distribution 1.399ns)
  Timing Exception:       False Path

    Location             Delay type                Incr(ns)  Path(ns)    Netlist Resource(s)
  -------------------------------------------------------------------    -------------------
    HSDAC_X0Y1           HSDAC                        0.000     0.000 r  PYNQ_Design_i/usp_rf_data_converter_0/inst/PYNQ_Design_usp_rf_data_converter_0_0_rf_wrapper_i/tx1_u_dac/STATUS_DAC3[15]
                         net (fo=1, routed)           2.241     2.241    PYNQ_Design_i/usp_rf_data_converter_0/inst/i_PYNQ_Design_usp_rf_data_converter_0_0_irq_sync/sync_dac13_fifo_irq/src_in
    SLICE_X115Y128       FDRE                                         r  PYNQ_Design_i/usp_rf_data_converter_0/inst/i_PYNQ_Design_usp_rf_data_converter_0_0_irq_sync/sync_dac13_fifo_irq/syncstages_ff_reg[0]/D
  -------------------------------------------------------------------    -------------------

                         (clock clk_pl_0 rise edge)
                                                      0.000     0.000 r  
    PS8_X0Y0             PS8                          0.000     0.000 r  PYNQ_Design_i/zynq_ultra_ps_e_0/U0/PS8_i/PLCLK[0]
                         net (fo=1, routed)           0.157     0.157    PYNQ_Design_i/zynq_ultra_ps_e_0/U0/pl_clk_unbuffered[0]
    BUFG_PS_X0Y58        BUFG_PS (Prop_BUFG_PS_I_O)
                                                      0.025     0.182 r  PYNQ_Design_i/zynq_ultra_ps_e_0/U0/buffer_pl_clk_0.PL_CLK_0_BUFG/O
    X2Y2 (CLOCK_ROOT)    net (fo=13302, routed)       1.822     2.004    PYNQ_Design_i/usp_rf_data_converter_0/inst/i_PYNQ_Design_usp_rf_data_converter_0_0_irq_sync/sync_dac13_fifo_irq/dest_clk
    SLICE_X115Y128       FDRE                                         r  PYNQ_Design_i/usp_rf_data_converter_0/inst/i_PYNQ_Design_usp_rf_data_converter_0_0_irq_sync/sync_dac13_fifo_irq/syncstages_ff_reg[0]/C

Slack:                    inf
  Source:                 PYNQ_Design_i/usp_rf_data_converter_0/inst/PYNQ_Design_usp_rf_data_converter_0_0_rf_wrapper_i/tx1_u_dac/STATUS_DAC2[14]
                            (internal pin)
  Destination:            PYNQ_Design_i/usp_rf_data_converter_0/inst/i_PYNQ_Design_usp_rf_data_converter_0_0_irq_sync/sync_dac12_data_irq/syncstages_ff_reg[0]/D
                            (rising edge-triggered cell FDRE clocked by clk_pl_0  {rise@0.000ns fall@5.156ns period=10.312ns})
  Path Group:             (none)
  Path Type:              Setup (Max at Slow Process Corner)
  Data Path Delay:        2.120ns  (logic 0.000ns (0.000%)  route 2.120ns (100.000%))
  Logic Levels:           0  
  Clock Uncertainty:      0.157ns  ((TSJ^2 + DJ^2)^1/2) / 2 + PE
    Total System Jitter     (TSJ):    0.050ns
    Discrete Jitter          (DJ):    0.310ns
    Phase Error              (PE):    0.000ns
  Clock Net Delay (Destination): 1.816ns (routing 0.423ns, distribution 1.393ns)
  Timing Exception:       False Path

    Location             Delay type                Incr(ns)  Path(ns)    Netlist Resource(s)
  -------------------------------------------------------------------    -------------------
    HSDAC_X0Y1           HSDAC                        0.000     0.000 r  PYNQ_Design_i/usp_rf_data_converter_0/inst/PYNQ_Design_usp_rf_data_converter_0_0_rf_wrapper_i/tx1_u_dac/STATUS_DAC2[14]
                         net (fo=1, routed)           2.120     2.120    PYNQ_Design_i/usp_rf_data_converter_0/inst/i_PYNQ_Design_usp_rf_data_converter_0_0_irq_sync/sync_dac12_data_irq/src_in
    SLICE_X118Y126       FDRE                                         r  PYNQ_Design_i/usp_rf_data_converter_0/inst/i_PYNQ_Design_usp_rf_data_converter_0_0_irq_sync/sync_dac12_data_irq/syncstages_ff_reg[0]/D
  -------------------------------------------------------------------    -------------------

                         (clock clk_pl_0 rise edge)
                                                      0.000     0.000 r  
    PS8_X0Y0             PS8                          0.000     0.000 r  PYNQ_Design_i/zynq_ultra_ps_e_0/U0/PS8_i/PLCLK[0]
                         net (fo=1, routed)           0.157     0.157    PYNQ_Design_i/zynq_ultra_ps_e_0/U0/pl_clk_unbuffered[0]
    BUFG_PS_X0Y58        BUFG_PS (Prop_BUFG_PS_I_O)
                                                      0.025     0.182 r  PYNQ_Design_i/zynq_ultra_ps_e_0/U0/buffer_pl_clk_0.PL_CLK_0_BUFG/O
    X2Y2 (CLOCK_ROOT)    net (fo=13302, routed)       1.816     1.998    PYNQ_Design_i/usp_rf_data_converter_0/inst/i_PYNQ_Design_usp_rf_data_converter_0_0_irq_sync/sync_dac12_data_irq/dest_clk
    SLICE_X118Y126       FDRE                                         r  PYNQ_Design_i/usp_rf_data_converter_0/inst/i_PYNQ_Design_usp_rf_data_converter_0_0_irq_sync/sync_dac12_data_irq/syncstages_ff_reg[0]/C

Slack:                    inf
  Source:                 PYNQ_Design_i/usp_rf_data_converter_0/inst/PYNQ_Design_usp_rf_data_converter_0_0_rf_wrapper_i/tx1_u_dac/STATUS_DAC2[15]
                            (internal pin)
  Destination:            PYNQ_Design_i/usp_rf_data_converter_0/inst/i_PYNQ_Design_usp_rf_data_converter_0_0_irq_sync/sync_dac12_fifo_irq/syncstages_ff_reg[0]/D
                            (rising edge-triggered cell FDRE clocked by clk_pl_0  {rise@0.000ns fall@5.156ns period=10.312ns})
  Path Group:             (none)
  Path Type:              Setup (Max at Slow Process Corner)
  Data Path Delay:        2.008ns  (logic 0.000ns (0.000%)  route 2.008ns (100.000%))
  Logic Levels:           0  
  Clock Uncertainty:      0.157ns  ((TSJ^2 + DJ^2)^1/2) / 2 + PE
    Total System Jitter     (TSJ):    0.050ns
    Discrete Jitter          (DJ):    0.310ns
    Phase Error              (PE):    0.000ns
  Clock Net Delay (Destination): 1.816ns (routing 0.423ns, distribution 1.393ns)
  Timing Exception:       False Path

    Location             Delay type                Incr(ns)  Path(ns)    Netlist Resource(s)
  -------------------------------------------------------------------    -------------------
    HSDAC_X0Y1           HSDAC                        0.000     0.000 r  PYNQ_Design_i/usp_rf_data_converter_0/inst/PYNQ_Design_usp_rf_data_converter_0_0_rf_wrapper_i/tx1_u_dac/STATUS_DAC2[15]
                         net (fo=1, routed)           2.008     2.008    PYNQ_Design_i/usp_rf_data_converter_0/inst/i_PYNQ_Design_usp_rf_data_converter_0_0_irq_sync/sync_dac12_fifo_irq/src_in
    SLICE_X118Y127       FDRE                                         r  PYNQ_Design_i/usp_rf_data_converter_0/inst/i_PYNQ_Design_usp_rf_data_converter_0_0_irq_sync/sync_dac12_fifo_irq/syncstages_ff_reg[0]/D
  -------------------------------------------------------------------    -------------------

                         (clock clk_pl_0 rise edge)
                                                      0.000     0.000 r  
    PS8_X0Y0             PS8                          0.000     0.000 r  PYNQ_Design_i/zynq_ultra_ps_e_0/U0/PS8_i/PLCLK[0]
                         net (fo=1, routed)           0.157     0.157    PYNQ_Design_i/zynq_ultra_ps_e_0/U0/pl_clk_unbuffered[0]
    BUFG_PS_X0Y58        BUFG_PS (Prop_BUFG_PS_I_O)
                                                      0.025     0.182 r  PYNQ_Design_i/zynq_ultra_ps_e_0/U0/buffer_pl_clk_0.PL_CLK_0_BUFG/O
    X2Y2 (CLOCK_ROOT)    net (fo=13302, routed)       1.816     1.998    PYNQ_Design_i/usp_rf_data_converter_0/inst/i_PYNQ_Design_usp_rf_data_converter_0_0_irq_sync/sync_dac12_fifo_irq/dest_clk
    SLICE_X118Y127       FDRE                                         r  PYNQ_Design_i/usp_rf_data_converter_0/inst/i_PYNQ_Design_usp_rf_data_converter_0_0_irq_sync/sync_dac12_fifo_irq/syncstages_ff_reg[0]/C

Slack:                    inf
  Source:                 PYNQ_Design_i/usp_rf_data_converter_0/inst/PYNQ_Design_usp_rf_data_converter_0_0_rf_wrapper_i/tx0_u_dac/STATUS_DAC3[14]
                            (internal pin)
  Destination:            PYNQ_Design_i/usp_rf_data_converter_0/inst/i_PYNQ_Design_usp_rf_data_converter_0_0_irq_sync/sync_dac03_data_irq/syncstages_ff_reg[0]/D
                            (rising edge-triggered cell FDRE clocked by clk_pl_0  {rise@0.000ns fall@5.156ns period=10.312ns})
  Path Group:             (none)
  Path Type:              Setup (Max at Slow Process Corner)
  Data Path Delay:        1.939ns  (logic 0.000ns (0.000%)  route 1.939ns (100.000%))
  Logic Levels:           0  
  Clock Uncertainty:      0.157ns  ((TSJ^2 + DJ^2)^1/2) / 2 + PE
    Total System Jitter     (TSJ):    0.050ns
    Discrete Jitter          (DJ):    0.310ns
    Phase Error              (PE):    0.000ns
  Clock Net Delay (Destination): 1.829ns (routing 0.423ns, distribution 1.406ns)
  Timing Exception:       False Path

    Location             Delay type                Incr(ns)  Path(ns)    Netlist Resource(s)
  -------------------------------------------------------------------    -------------------
    HSDAC_X0Y0           HSDAC                        0.000     0.000 r  PYNQ_Design_i/usp_rf_data_converter_0/inst/PYNQ_Design_usp_rf_data_converter_0_0_rf_wrapper_i/tx0_u_dac/STATUS_DAC3[14]
                         net (fo=1, routed)           1.939     1.939    PYNQ_Design_i/usp_rf_data_converter_0/inst/i_PYNQ_Design_usp_rf_data_converter_0_0_irq_sync/sync_dac03_data_irq/src_in
    SLICE_X113Y115       FDRE                                         r  PYNQ_Design_i/usp_rf_data_converter_0/inst/i_PYNQ_Design_usp_rf_data_converter_0_0_irq_sync/sync_dac03_data_irq/syncstages_ff_reg[0]/D
  -------------------------------------------------------------------    -------------------

                         (clock clk_pl_0 rise edge)
                                                      0.000     0.000 r  
    PS8_X0Y0             PS8                          0.000     0.000 r  PYNQ_Design_i/zynq_ultra_ps_e_0/U0/PS8_i/PLCLK[0]
                         net (fo=1, routed)           0.157     0.157    PYNQ_Design_i/zynq_ultra_ps_e_0/U0/pl_clk_unbuffered[0]
    BUFG_PS_X0Y58        BUFG_PS (Prop_BUFG_PS_I_O)
                                                      0.025     0.182 r  PYNQ_Design_i/zynq_ultra_ps_e_0/U0/buffer_pl_clk_0.PL_CLK_0_BUFG/O
    X2Y2 (CLOCK_ROOT)    net (fo=13302, routed)       1.829     2.011    PYNQ_Design_i/usp_rf_data_converter_0/inst/i_PYNQ_Design_usp_rf_data_converter_0_0_irq_sync/sync_dac03_data_irq/dest_clk
    SLICE_X113Y115       FDRE                                         r  PYNQ_Design_i/usp_rf_data_converter_0/inst/i_PYNQ_Design_usp_rf_data_converter_0_0_irq_sync/sync_dac03_data_irq/syncstages_ff_reg[0]/C

Slack:                    inf
  Source:                 PYNQ_Design_i/usp_rf_data_converter_0/inst/PYNQ_Design_usp_rf_data_converter_0_0_rf_wrapper_i/tx1_u_dac/STATUS_DAC1[14]
                            (internal pin)
  Destination:            PYNQ_Design_i/usp_rf_data_converter_0/inst/i_PYNQ_Design_usp_rf_data_converter_0_0_irq_sync/sync_dac11_data_irq/syncstages_ff_reg[0]/D
                            (rising edge-triggered cell FDRE clocked by clk_pl_0  {rise@0.000ns fall@5.156ns period=10.312ns})
  Path Group:             (none)
  Path Type:              Setup (Max at Slow Process Corner)
  Data Path Delay:        1.921ns  (logic 0.000ns (0.000%)  route 1.921ns (100.000%))
  Logic Levels:           0  
  Clock Uncertainty:      0.157ns  ((TSJ^2 + DJ^2)^1/2) / 2 + PE
    Total System Jitter     (TSJ):    0.050ns
    Discrete Jitter          (DJ):    0.310ns
    Phase Error              (PE):    0.000ns
  Clock Net Delay (Destination): 1.823ns (routing 0.423ns, distribution 1.400ns)
  Timing Exception:       False Path

    Location             Delay type                Incr(ns)  Path(ns)    Netlist Resource(s)
  -------------------------------------------------------------------    -------------------
    HSDAC_X0Y1           HSDAC                        0.000     0.000 r  PYNQ_Design_i/usp_rf_data_converter_0/inst/PYNQ_Design_usp_rf_data_converter_0_0_rf_wrapper_i/tx1_u_dac/STATUS_DAC1[14]
                         net (fo=1, routed)           1.921     1.921    PYNQ_Design_i/usp_rf_data_converter_0/inst/i_PYNQ_Design_usp_rf_data_converter_0_0_irq_sync/sync_dac11_data_irq/src_in
    SLICE_X118Y119       FDRE                                         r  PYNQ_Design_i/usp_rf_data_converter_0/inst/i_PYNQ_Design_usp_rf_data_converter_0_0_irq_sync/sync_dac11_data_irq/syncstages_ff_reg[0]/D
  -------------------------------------------------------------------    -------------------

                         (clock clk_pl_0 rise edge)
                                                      0.000     0.000 r  
    PS8_X0Y0             PS8                          0.000     0.000 r  PYNQ_Design_i/zynq_ultra_ps_e_0/U0/PS8_i/PLCLK[0]
                         net (fo=1, routed)           0.157     0.157    PYNQ_Design_i/zynq_ultra_ps_e_0/U0/pl_clk_unbuffered[0]
    BUFG_PS_X0Y58        BUFG_PS (Prop_BUFG_PS_I_O)
                                                      0.025     0.182 r  PYNQ_Design_i/zynq_ultra_ps_e_0/U0/buffer_pl_clk_0.PL_CLK_0_BUFG/O
    X2Y2 (CLOCK_ROOT)    net (fo=13302, routed)       1.823     2.005    PYNQ_Design_i/usp_rf_data_converter_0/inst/i_PYNQ_Design_usp_rf_data_converter_0_0_irq_sync/sync_dac11_data_irq/dest_clk
    SLICE_X118Y119       FDRE                                         r  PYNQ_Design_i/usp_rf_data_converter_0/inst/i_PYNQ_Design_usp_rf_data_converter_0_0_irq_sync/sync_dac11_data_irq/syncstages_ff_reg[0]/C

Slack:                    inf
  Source:                 PYNQ_Design_i/usp_rf_data_converter_0/inst/PYNQ_Design_usp_rf_data_converter_0_0_rf_wrapper_i/tx1_u_dac/STATUS_COMMON[1]
                            (internal pin)
  Destination:            PYNQ_Design_i/usp_rf_data_converter_0/inst/PYNQ_Design_usp_rf_data_converter_0_0_rf_wrapper_i/cdc_dac1_supplies_up_i/syncstages_ff_reg[0]/D
                            (rising edge-triggered cell FDRE clocked by clk_pl_0  {rise@0.000ns fall@5.156ns period=10.312ns})
  Path Group:             (none)
  Path Type:              Setup (Max at Slow Process Corner)
  Data Path Delay:        1.914ns  (logic 0.000ns (0.000%)  route 1.914ns (100.000%))
  Logic Levels:           0  
  Clock Uncertainty:      0.157ns  ((TSJ^2 + DJ^2)^1/2) / 2 + PE
    Total System Jitter     (TSJ):    0.050ns
    Discrete Jitter          (DJ):    0.310ns
    Phase Error              (PE):    0.000ns
  Clock Net Delay (Destination): 1.809ns (routing 0.423ns, distribution 1.386ns)
  Timing Exception:       False Path

    Location             Delay type                Incr(ns)  Path(ns)    Netlist Resource(s)
  -------------------------------------------------------------------    -------------------
    HSDAC_X0Y1           HSDAC                        0.000     0.000 r  PYNQ_Design_i/usp_rf_data_converter_0/inst/PYNQ_Design_usp_rf_data_converter_0_0_rf_wrapper_i/tx1_u_dac/STATUS_COMMON[1]
                         net (fo=2, routed)           1.914     1.914    PYNQ_Design_i/usp_rf_data_converter_0/inst/PYNQ_Design_usp_rf_data_converter_0_0_rf_wrapper_i/cdc_dac1_supplies_up_i/src_in
    SLICE_X112Y132       FDRE                                         r  PYNQ_Design_i/usp_rf_data_converter_0/inst/PYNQ_Design_usp_rf_data_converter_0_0_rf_wrapper_i/cdc_dac1_supplies_up_i/syncstages_ff_reg[0]/D
  -------------------------------------------------------------------    -------------------

                         (clock clk_pl_0 rise edge)
                                                      0.000     0.000 r  
    PS8_X0Y0             PS8                          0.000     0.000 r  PYNQ_Design_i/zynq_ultra_ps_e_0/U0/PS8_i/PLCLK[0]
                         net (fo=1, routed)           0.157     0.157    PYNQ_Design_i/zynq_ultra_ps_e_0/U0/pl_clk_unbuffered[0]
    BUFG_PS_X0Y58        BUFG_PS (Prop_BUFG_PS_I_O)
                                                      0.025     0.182 r  PYNQ_Design_i/zynq_ultra_ps_e_0/U0/buffer_pl_clk_0.PL_CLK_0_BUFG/O
    X2Y2 (CLOCK_ROOT)    net (fo=13302, routed)       1.809     1.991    PYNQ_Design_i/usp_rf_data_converter_0/inst/PYNQ_Design_usp_rf_data_converter_0_0_rf_wrapper_i/cdc_dac1_supplies_up_i/dest_clk
    SLICE_X112Y132       FDRE                                         r  PYNQ_Design_i/usp_rf_data_converter_0/inst/PYNQ_Design_usp_rf_data_converter_0_0_rf_wrapper_i/cdc_dac1_supplies_up_i/syncstages_ff_reg[0]/C

Slack:                    inf
  Source:                 PYNQ_Design_i/usp_rf_data_converter_0/inst/PYNQ_Design_usp_rf_data_converter_0_0_rf_wrapper_i/tx1_u_dac/STATUS_DAC1[15]
                            (internal pin)
  Destination:            PYNQ_Design_i/usp_rf_data_converter_0/inst/i_PYNQ_Design_usp_rf_data_converter_0_0_irq_sync/sync_dac11_fifo_irq/syncstages_ff_reg[0]/D
                            (rising edge-triggered cell FDRE clocked by clk_pl_0  {rise@0.000ns fall@5.156ns period=10.312ns})
  Path Group:             (none)
  Path Type:              Setup (Max at Slow Process Corner)
  Data Path Delay:        1.909ns  (logic 0.000ns (0.000%)  route 1.909ns (100.000%))
  Logic Levels:           0  
  Clock Uncertainty:      0.157ns  ((TSJ^2 + DJ^2)^1/2) / 2 + PE
    Total System Jitter     (TSJ):    0.050ns
    Discrete Jitter          (DJ):    0.310ns
    Phase Error              (PE):    0.000ns
  Clock Net Delay (Destination): 1.822ns (routing 0.423ns, distribution 1.399ns)
  Timing Exception:       False Path

    Location             Delay type                Incr(ns)  Path(ns)    Netlist Resource(s)
  -------------------------------------------------------------------    -------------------
    HSDAC_X0Y1           HSDAC                        0.000     0.000 r  PYNQ_Design_i/usp_rf_data_converter_0/inst/PYNQ_Design_usp_rf_data_converter_0_0_rf_wrapper_i/tx1_u_dac/STATUS_DAC1[15]
                         net (fo=1, routed)           1.909     1.909    PYNQ_Design_i/usp_rf_data_converter_0/inst/i_PYNQ_Design_usp_rf_data_converter_0_0_irq_sync/sync_dac11_fifo_irq/src_in
    SLICE_X117Y116       FDRE                                         r  PYNQ_Design_i/usp_rf_data_converter_0/inst/i_PYNQ_Design_usp_rf_data_converter_0_0_irq_sync/sync_dac11_fifo_irq/syncstages_ff_reg[0]/D
  -------------------------------------------------------------------    -------------------

                         (clock clk_pl_0 rise edge)
                                                      0.000     0.000 r  
    PS8_X0Y0             PS8                          0.000     0.000 r  PYNQ_Design_i/zynq_ultra_ps_e_0/U0/PS8_i/PLCLK[0]
                         net (fo=1, routed)           0.157     0.157    PYNQ_Design_i/zynq_ultra_ps_e_0/U0/pl_clk_unbuffered[0]
    BUFG_PS_X0Y58        BUFG_PS (Prop_BUFG_PS_I_O)
                                                      0.025     0.182 r  PYNQ_Design_i/zynq_ultra_ps_e_0/U0/buffer_pl_clk_0.PL_CLK_0_BUFG/O
    X2Y2 (CLOCK_ROOT)    net (fo=13302, routed)       1.822     2.004    PYNQ_Design_i/usp_rf_data_converter_0/inst/i_PYNQ_Design_usp_rf_data_converter_0_0_irq_sync/sync_dac11_fifo_irq/dest_clk
    SLICE_X117Y116       FDRE                                         r  PYNQ_Design_i/usp_rf_data_converter_0/inst/i_PYNQ_Design_usp_rf_data_converter_0_0_irq_sync/sync_dac11_fifo_irq/syncstages_ff_reg[0]/C

Slack:                    inf
  Source:                 PYNQ_Design_i/usp_rf_data_converter_0/inst/PYNQ_Design_usp_rf_data_converter_0_0_rf_wrapper_i/tx1_u_dac/STATUS_DAC0[15]
                            (internal pin)
  Destination:            PYNQ_Design_i/usp_rf_data_converter_0/inst/i_PYNQ_Design_usp_rf_data_converter_0_0_irq_sync/sync_dac10_fifo_irq/syncstages_ff_reg[0]/D
                            (rising edge-triggered cell FDRE clocked by clk_pl_0  {rise@0.000ns fall@5.156ns period=10.312ns})
  Path Group:             (none)
  Path Type:              Setup (Max at Slow Process Corner)
  Data Path Delay:        1.897ns  (logic 0.000ns (0.000%)  route 1.897ns (100.000%))
  Logic Levels:           0  
  Clock Uncertainty:      0.157ns  ((TSJ^2 + DJ^2)^1/2) / 2 + PE
    Total System Jitter     (TSJ):    0.050ns
    Discrete Jitter          (DJ):    0.310ns
    Phase Error              (PE):    0.000ns
  Clock Net Delay (Destination): 1.822ns (routing 0.423ns, distribution 1.399ns)
  Timing Exception:       False Path

    Location             Delay type                Incr(ns)  Path(ns)    Netlist Resource(s)
  -------------------------------------------------------------------    -------------------
    HSDAC_X0Y1           HSDAC                        0.000     0.000 r  PYNQ_Design_i/usp_rf_data_converter_0/inst/PYNQ_Design_usp_rf_data_converter_0_0_rf_wrapper_i/tx1_u_dac/STATUS_DAC0[15]
                         net (fo=1, routed)           1.897     1.897    PYNQ_Design_i/usp_rf_data_converter_0/inst/i_PYNQ_Design_usp_rf_data_converter_0_0_irq_sync/sync_dac10_fifo_irq/src_in
    SLICE_X117Y117       FDRE                                         r  PYNQ_Design_i/usp_rf_data_converter_0/inst/i_PYNQ_Design_usp_rf_data_converter_0_0_irq_sync/sync_dac10_fifo_irq/syncstages_ff_reg[0]/D
  -------------------------------------------------------------------    -------------------

                         (clock clk_pl_0 rise edge)
                                                      0.000     0.000 r  
    PS8_X0Y0             PS8                          0.000     0.000 r  PYNQ_Design_i/zynq_ultra_ps_e_0/U0/PS8_i/PLCLK[0]
                         net (fo=1, routed)           0.157     0.157    PYNQ_Design_i/zynq_ultra_ps_e_0/U0/pl_clk_unbuffered[0]
    BUFG_PS_X0Y58        BUFG_PS (Prop_BUFG_PS_I_O)
                                                      0.025     0.182 r  PYNQ_Design_i/zynq_ultra_ps_e_0/U0/buffer_pl_clk_0.PL_CLK_0_BUFG/O
    X2Y2 (CLOCK_ROOT)    net (fo=13302, routed)       1.822     2.004    PYNQ_Design_i/usp_rf_data_converter_0/inst/i_PYNQ_Design_usp_rf_data_converter_0_0_irq_sync/sync_dac10_fifo_irq/dest_clk
    SLICE_X117Y117       FDRE                                         r  PYNQ_Design_i/usp_rf_data_converter_0/inst/i_PYNQ_Design_usp_rf_data_converter_0_0_irq_sync/sync_dac10_fifo_irq/syncstages_ff_reg[0]/C

Slack:                    inf
  Source:                 PYNQ_Design_i/usp_rf_data_converter_0/inst/PYNQ_Design_usp_rf_data_converter_0_0_rf_wrapper_i/tx0_u_dac/STATUS_DAC3[15]
                            (internal pin)
  Destination:            PYNQ_Design_i/usp_rf_data_converter_0/inst/i_PYNQ_Design_usp_rf_data_converter_0_0_irq_sync/sync_dac03_fifo_irq/syncstages_ff_reg[0]/D
                            (rising edge-triggered cell FDRE clocked by clk_pl_0  {rise@0.000ns fall@5.156ns period=10.312ns})
  Path Group:             (none)
  Path Type:              Setup (Max at Slow Process Corner)
  Data Path Delay:        1.848ns  (logic 0.000ns (0.000%)  route 1.848ns (100.000%))
  Logic Levels:           0  
  Clock Uncertainty:      0.157ns  ((TSJ^2 + DJ^2)^1/2) / 2 + PE
    Total System Jitter     (TSJ):    0.050ns
    Discrete Jitter          (DJ):    0.310ns
    Phase Error              (PE):    0.000ns
  Clock Net Delay (Destination): 1.829ns (routing 0.423ns, distribution 1.406ns)
  Timing Exception:       False Path

    Location             Delay type                Incr(ns)  Path(ns)    Netlist Resource(s)
  -------------------------------------------------------------------    -------------------
    HSDAC_X0Y0           HSDAC                        0.000     0.000 r  PYNQ_Design_i/usp_rf_data_converter_0/inst/PYNQ_Design_usp_rf_data_converter_0_0_rf_wrapper_i/tx0_u_dac/STATUS_DAC3[15]
                         net (fo=1, routed)           1.848     1.848    PYNQ_Design_i/usp_rf_data_converter_0/inst/i_PYNQ_Design_usp_rf_data_converter_0_0_irq_sync/sync_dac03_fifo_irq/src_in
    SLICE_X115Y112       FDRE                                         r  PYNQ_Design_i/usp_rf_data_converter_0/inst/i_PYNQ_Design_usp_rf_data_converter_0_0_irq_sync/sync_dac03_fifo_irq/syncstages_ff_reg[0]/D
  -------------------------------------------------------------------    -------------------

                         (clock clk_pl_0 rise edge)
                                                      0.000     0.000 r  
    PS8_X0Y0             PS8                          0.000     0.000 r  PYNQ_Design_i/zynq_ultra_ps_e_0/U0/PS8_i/PLCLK[0]
                         net (fo=1, routed)           0.157     0.157    PYNQ_Design_i/zynq_ultra_ps_e_0/U0/pl_clk_unbuffered[0]
    BUFG_PS_X0Y58        BUFG_PS (Prop_BUFG_PS_I_O)
                                                      0.025     0.182 r  PYNQ_Design_i/zynq_ultra_ps_e_0/U0/buffer_pl_clk_0.PL_CLK_0_BUFG/O
    X2Y2 (CLOCK_ROOT)    net (fo=13302, routed)       1.829     2.011    PYNQ_Design_i/usp_rf_data_converter_0/inst/i_PYNQ_Design_usp_rf_data_converter_0_0_irq_sync/sync_dac03_fifo_irq/dest_clk
    SLICE_X115Y112       FDRE                                         r  PYNQ_Design_i/usp_rf_data_converter_0/inst/i_PYNQ_Design_usp_rf_data_converter_0_0_irq_sync/sync_dac03_fifo_irq/syncstages_ff_reg[0]/C





Min Delay Paths
--------------------------------------------------------------------------------------
Slack:                    inf
  Source:                 PYNQ_Design_i/usp_rf_data_converter_0/inst/PYNQ_Design_usp_rf_data_converter_0_0_rf_wrapper_i/rx1_u_adc/STATUS_ADC2[3]
                            (internal pin)
  Destination:            PYNQ_Design_i/usp_rf_data_converter_0/inst/i_PYNQ_Design_usp_rf_data_converter_0_0_irq_sync/sync_adc12_over_range/syncstages_ff_reg[0]/D
                            (rising edge-triggered cell FDRE clocked by clk_pl_0  {rise@0.000ns fall@5.156ns period=10.312ns})
  Path Group:             (none)
  Path Type:              Hold (Min at Fast Process Corner)
  Data Path Delay:        0.133ns  (logic 0.000ns (0.000%)  route 0.133ns (100.000%))
  Logic Levels:           0  
  Clock Uncertainty:      0.157ns  ((TSJ^2 + DJ^2)^1/2) / 2 + PE
    Total System Jitter     (TSJ):    0.050ns
    Discrete Jitter          (DJ):    0.310ns
    Phase Error              (PE):    0.000ns
  Clock Net Delay (Destination): 1.260ns (routing 0.282ns, distribution 0.978ns)
  Timing Exception:       False Path

    Location             Delay type                Incr(ns)  Path(ns)    Netlist Resource(s)
  -------------------------------------------------------------------    -------------------
    HSADC_X0Y1           HSADC                        0.000     0.000 r  PYNQ_Design_i/usp_rf_data_converter_0/inst/PYNQ_Design_usp_rf_data_converter_0_0_rf_wrapper_i/rx1_u_adc/STATUS_ADC2[3]
                         net (fo=1, routed)           0.133     0.133    PYNQ_Design_i/usp_rf_data_converter_0/inst/i_PYNQ_Design_usp_rf_data_converter_0_0_irq_sync/sync_adc12_over_range/src_in
    SLICE_X118Y100       FDRE                                         r  PYNQ_Design_i/usp_rf_data_converter_0/inst/i_PYNQ_Design_usp_rf_data_converter_0_0_irq_sync/sync_adc12_over_range/syncstages_ff_reg[0]/D
  -------------------------------------------------------------------    -------------------

                         (clock clk_pl_0 rise edge)
                                                      0.000     0.000 r  
    PS8_X0Y0             PS8                          0.000     0.000 r  PYNQ_Design_i/zynq_ultra_ps_e_0/U0/PS8_i/PLCLK[0]
                         net (fo=1, routed)           0.129     0.129    PYNQ_Design_i/zynq_ultra_ps_e_0/U0/pl_clk_unbuffered[0]
    BUFG_PS_X0Y58        BUFG_PS (Prop_BUFG_PS_I_O)
                                                      0.018     0.147 r  PYNQ_Design_i/zynq_ultra_ps_e_0/U0/buffer_pl_clk_0.PL_CLK_0_BUFG/O
    X2Y2 (CLOCK_ROOT)    net (fo=13302, routed)       1.260     1.407    PYNQ_Design_i/usp_rf_data_converter_0/inst/i_PYNQ_Design_usp_rf_data_converter_0_0_irq_sync/sync_adc12_over_range/dest_clk
    SLICE_X118Y100       FDRE                                         r  PYNQ_Design_i/usp_rf_data_converter_0/inst/i_PYNQ_Design_usp_rf_data_converter_0_0_irq_sync/sync_adc12_over_range/syncstages_ff_reg[0]/C

Slack:                    inf
  Source:                 PYNQ_Design_i/usp_rf_data_converter_0/inst/PYNQ_Design_usp_rf_data_converter_0_0_rf_wrapper_i/rx1_u_adc/STATUS_ADC2[14]
                            (internal pin)
  Destination:            PYNQ_Design_i/usp_rf_data_converter_0/inst/i_PYNQ_Design_usp_rf_data_converter_0_0_irq_sync/sync_adc12_data_irq/syncstages_ff_reg[0]/D
                            (rising edge-triggered cell FDRE clocked by clk_pl_0  {rise@0.000ns fall@5.156ns period=10.312ns})
  Path Group:             (none)
  Path Type:              Hold (Min at Fast Process Corner)
  Data Path Delay:        0.196ns  (logic 0.000ns (0.000%)  route 0.196ns (100.000%))
  Logic Levels:           0  
  Clock Uncertainty:      0.157ns  ((TSJ^2 + DJ^2)^1/2) / 2 + PE
    Total System Jitter     (TSJ):    0.050ns
    Discrete Jitter          (DJ):    0.310ns
    Phase Error              (PE):    0.000ns
  Clock Net Delay (Destination): 1.260ns (routing 0.282ns, distribution 0.978ns)
  Timing Exception:       False Path

    Location             Delay type                Incr(ns)  Path(ns)    Netlist Resource(s)
  -------------------------------------------------------------------    -------------------
    HSADC_X0Y1           HSADC                        0.000     0.000 r  PYNQ_Design_i/usp_rf_data_converter_0/inst/PYNQ_Design_usp_rf_data_converter_0_0_rf_wrapper_i/rx1_u_adc/STATUS_ADC2[14]
                         net (fo=1, routed)           0.196     0.196    PYNQ_Design_i/usp_rf_data_converter_0/inst/i_PYNQ_Design_usp_rf_data_converter_0_0_irq_sync/sync_adc12_data_irq/src_in
    SLICE_X118Y101       FDRE                                         r  PYNQ_Design_i/usp_rf_data_converter_0/inst/i_PYNQ_Design_usp_rf_data_converter_0_0_irq_sync/sync_adc12_data_irq/syncstages_ff_reg[0]/D
  -------------------------------------------------------------------    -------------------

                         (clock clk_pl_0 rise edge)
                                                      0.000     0.000 r  
    PS8_X0Y0             PS8                          0.000     0.000 r  PYNQ_Design_i/zynq_ultra_ps_e_0/U0/PS8_i/PLCLK[0]
                         net (fo=1, routed)           0.129     0.129    PYNQ_Design_i/zynq_ultra_ps_e_0/U0/pl_clk_unbuffered[0]
    BUFG_PS_X0Y58        BUFG_PS (Prop_BUFG_PS_I_O)
                                                      0.018     0.147 r  PYNQ_Design_i/zynq_ultra_ps_e_0/U0/buffer_pl_clk_0.PL_CLK_0_BUFG/O
    X2Y2 (CLOCK_ROOT)    net (fo=13302, routed)       1.260     1.407    PYNQ_Design_i/usp_rf_data_converter_0/inst/i_PYNQ_Design_usp_rf_data_converter_0_0_irq_sync/sync_adc12_data_irq/dest_clk
    SLICE_X118Y101       FDRE                                         r  PYNQ_Design_i/usp_rf_data_converter_0/inst/i_PYNQ_Design_usp_rf_data_converter_0_0_irq_sync/sync_adc12_data_irq/syncstages_ff_reg[0]/C

Slack:                    inf
  Source:                 PYNQ_Design_i/usp_rf_data_converter_0/inst/PYNQ_Design_usp_rf_data_converter_0_0_rf_wrapper_i/rx1_u_adc/STATUS_ADC2[2]
                            (internal pin)
  Destination:            PYNQ_Design_i/usp_rf_data_converter_0/inst/i_PYNQ_Design_usp_rf_data_converter_0_0_irq_sync/sync_adc12_over_vol/syncstages_ff_reg[0]/D
                            (rising edge-triggered cell FDRE clocked by clk_pl_0  {rise@0.000ns fall@5.156ns period=10.312ns})
  Path Group:             (none)
  Path Type:              Hold (Min at Fast Process Corner)
  Data Path Delay:        0.210ns  (logic 0.000ns (0.000%)  route 0.210ns (100.000%))
  Logic Levels:           0  
  Clock Uncertainty:      0.157ns  ((TSJ^2 + DJ^2)^1/2) / 2 + PE
    Total System Jitter     (TSJ):    0.050ns
    Discrete Jitter          (DJ):    0.310ns
    Phase Error              (PE):    0.000ns
  Clock Net Delay (Destination): 1.259ns (routing 0.282ns, distribution 0.977ns)
  Timing Exception:       False Path

    Location             Delay type                Incr(ns)  Path(ns)    Netlist Resource(s)
  -------------------------------------------------------------------    -------------------
    HSADC_X0Y1           HSADC                        0.000     0.000 r  PYNQ_Design_i/usp_rf_data_converter_0/inst/PYNQ_Design_usp_rf_data_converter_0_0_rf_wrapper_i/rx1_u_adc/STATUS_ADC2[2]
                         net (fo=1, routed)           0.210     0.210    PYNQ_Design_i/usp_rf_data_converter_0/inst/i_PYNQ_Design_usp_rf_data_converter_0_0_irq_sync/sync_adc12_over_vol/src_in
    SLICE_X115Y100       FDRE                                         r  PYNQ_Design_i/usp_rf_data_converter_0/inst/i_PYNQ_Design_usp_rf_data_converter_0_0_irq_sync/sync_adc12_over_vol/syncstages_ff_reg[0]/D
  -------------------------------------------------------------------    -------------------

                         (clock clk_pl_0 rise edge)
                                                      0.000     0.000 r  
    PS8_X0Y0             PS8                          0.000     0.000 r  PYNQ_Design_i/zynq_ultra_ps_e_0/U0/PS8_i/PLCLK[0]
                         net (fo=1, routed)           0.129     0.129    PYNQ_Design_i/zynq_ultra_ps_e_0/U0/pl_clk_unbuffered[0]
    BUFG_PS_X0Y58        BUFG_PS (Prop_BUFG_PS_I_O)
                                                      0.018     0.147 r  PYNQ_Design_i/zynq_ultra_ps_e_0/U0/buffer_pl_clk_0.PL_CLK_0_BUFG/O
    X2Y2 (CLOCK_ROOT)    net (fo=13302, routed)       1.259     1.406    PYNQ_Design_i/usp_rf_data_converter_0/inst/i_PYNQ_Design_usp_rf_data_converter_0_0_irq_sync/sync_adc12_over_vol/dest_clk
    SLICE_X115Y100       FDRE                                         r  PYNQ_Design_i/usp_rf_data_converter_0/inst/i_PYNQ_Design_usp_rf_data_converter_0_0_irq_sync/sync_adc12_over_vol/syncstages_ff_reg[0]/C

Slack:                    inf
  Source:                 PYNQ_Design_i/usp_rf_data_converter_0/inst/PYNQ_Design_usp_rf_data_converter_0_0_rf_wrapper_i/rx1_u_adc/STATUS_ADC3[2]
                            (internal pin)
  Destination:            PYNQ_Design_i/usp_rf_data_converter_0/inst/i_PYNQ_Design_usp_rf_data_converter_0_0_irq_sync/sync_adc13_over_vol/syncstages_ff_reg[0]/D
                            (rising edge-triggered cell FDRE clocked by clk_pl_0  {rise@0.000ns fall@5.156ns period=10.312ns})
  Path Group:             (none)
  Path Type:              Hold (Min at Fast Process Corner)
  Data Path Delay:        0.219ns  (logic 0.000ns (0.000%)  route 0.219ns (100.000%))
  Logic Levels:           0  
  Clock Uncertainty:      0.157ns  ((TSJ^2 + DJ^2)^1/2) / 2 + PE
    Total System Jitter     (TSJ):    0.050ns
    Discrete Jitter          (DJ):    0.310ns
    Phase Error              (PE):    0.000ns
  Clock Net Delay (Destination): 1.262ns (routing 0.282ns, distribution 0.980ns)
  Timing Exception:       False Path

    Location             Delay type                Incr(ns)  Path(ns)    Netlist Resource(s)
  -------------------------------------------------------------------    -------------------
    HSADC_X0Y1           HSADC                        0.000     0.000 r  PYNQ_Design_i/usp_rf_data_converter_0/inst/PYNQ_Design_usp_rf_data_converter_0_0_rf_wrapper_i/rx1_u_adc/STATUS_ADC3[2]
                         net (fo=1, routed)           0.219     0.219    PYNQ_Design_i/usp_rf_data_converter_0/inst/i_PYNQ_Design_usp_rf_data_converter_0_0_irq_sync/sync_adc13_over_vol/src_in
    SLICE_X118Y104       FDRE                                         r  PYNQ_Design_i/usp_rf_data_converter_0/inst/i_PYNQ_Design_usp_rf_data_converter_0_0_irq_sync/sync_adc13_over_vol/syncstages_ff_reg[0]/D
  -------------------------------------------------------------------    -------------------

                         (clock clk_pl_0 rise edge)
                                                      0.000     0.000 r  
    PS8_X0Y0             PS8                          0.000     0.000 r  PYNQ_Design_i/zynq_ultra_ps_e_0/U0/PS8_i/PLCLK[0]
                         net (fo=1, routed)           0.129     0.129    PYNQ_Design_i/zynq_ultra_ps_e_0/U0/pl_clk_unbuffered[0]
    BUFG_PS_X0Y58        BUFG_PS (Prop_BUFG_PS_I_O)
                                                      0.018     0.147 r  PYNQ_Design_i/zynq_ultra_ps_e_0/U0/buffer_pl_clk_0.PL_CLK_0_BUFG/O
    X2Y2 (CLOCK_ROOT)    net (fo=13302, routed)       1.262     1.409    PYNQ_Design_i/usp_rf_data_converter_0/inst/i_PYNQ_Design_usp_rf_data_converter_0_0_irq_sync/sync_adc13_over_vol/dest_clk
    SLICE_X118Y104       FDRE                                         r  PYNQ_Design_i/usp_rf_data_converter_0/inst/i_PYNQ_Design_usp_rf_data_converter_0_0_irq_sync/sync_adc13_over_vol/syncstages_ff_reg[0]/C

Slack:                    inf
  Source:                 PYNQ_Design_i/usp_rf_data_converter_0/inst/PYNQ_Design_usp_rf_data_converter_0_0_rf_wrapper_i/rx1_u_adc/STATUS_ADC3[3]
                            (internal pin)
  Destination:            PYNQ_Design_i/usp_rf_data_converter_0/inst/i_PYNQ_Design_usp_rf_data_converter_0_0_irq_sync/sync_adc13_over_range/syncstages_ff_reg[0]/D
                            (rising edge-triggered cell FDRE clocked by clk_pl_0  {rise@0.000ns fall@5.156ns period=10.312ns})
  Path Group:             (none)
  Path Type:              Hold (Min at Fast Process Corner)
  Data Path Delay:        0.231ns  (logic 0.000ns (0.000%)  route 0.231ns (100.000%))
  Logic Levels:           0  
  Clock Uncertainty:      0.157ns  ((TSJ^2 + DJ^2)^1/2) / 2 + PE
    Total System Jitter     (TSJ):    0.050ns
    Discrete Jitter          (DJ):    0.310ns
    Phase Error              (PE):    0.000ns
  Clock Net Delay (Destination): 1.261ns (routing 0.282ns, distribution 0.979ns)
  Timing Exception:       False Path

    Location             Delay type                Incr(ns)  Path(ns)    Netlist Resource(s)
  -------------------------------------------------------------------    -------------------
    HSADC_X0Y1           HSADC                        0.000     0.000 r  PYNQ_Design_i/usp_rf_data_converter_0/inst/PYNQ_Design_usp_rf_data_converter_0_0_rf_wrapper_i/rx1_u_adc/STATUS_ADC3[3]
                         net (fo=1, routed)           0.231     0.231    PYNQ_Design_i/usp_rf_data_converter_0/inst/i_PYNQ_Design_usp_rf_data_converter_0_0_irq_sync/sync_adc13_over_range/src_in
    SLICE_X117Y100       FDRE                                         r  PYNQ_Design_i/usp_rf_data_converter_0/inst/i_PYNQ_Design_usp_rf_data_converter_0_0_irq_sync/sync_adc13_over_range/syncstages_ff_reg[0]/D
  -------------------------------------------------------------------    -------------------

                         (clock clk_pl_0 rise edge)
                                                      0.000     0.000 r  
    PS8_X0Y0             PS8                          0.000     0.000 r  PYNQ_Design_i/zynq_ultra_ps_e_0/U0/PS8_i/PLCLK[0]
                         net (fo=1, routed)           0.129     0.129    PYNQ_Design_i/zynq_ultra_ps_e_0/U0/pl_clk_unbuffered[0]
    BUFG_PS_X0Y58        BUFG_PS (Prop_BUFG_PS_I_O)
                                                      0.018     0.147 r  PYNQ_Design_i/zynq_ultra_ps_e_0/U0/buffer_pl_clk_0.PL_CLK_0_BUFG/O
    X2Y2 (CLOCK_ROOT)    net (fo=13302, routed)       1.261     1.408    PYNQ_Design_i/usp_rf_data_converter_0/inst/i_PYNQ_Design_usp_rf_data_converter_0_0_irq_sync/sync_adc13_over_range/dest_clk
    SLICE_X117Y100       FDRE                                         r  PYNQ_Design_i/usp_rf_data_converter_0/inst/i_PYNQ_Design_usp_rf_data_converter_0_0_irq_sync/sync_adc13_over_range/syncstages_ff_reg[0]/C

Slack:                    inf
  Source:                 PYNQ_Design_i/usp_rf_data_converter_0/inst/PYNQ_Design_usp_rf_data_converter_0_0_rf_wrapper_i/rx2_u_adc/STATUS_ADC0[2]
                            (internal pin)
  Destination:            PYNQ_Design_i/usp_rf_data_converter_0/inst/i_PYNQ_Design_usp_rf_data_converter_0_0_irq_sync/sync_adc20_over_vol/syncstages_ff_reg[0]/D
                            (rising edge-triggered cell FDRE clocked by clk_pl_0  {rise@0.000ns fall@5.156ns period=10.312ns})
  Path Group:             (none)
  Path Type:              Hold (Min at Fast Process Corner)
  Data Path Delay:        0.238ns  (logic 0.000ns (0.000%)  route 0.238ns (100.000%))
  Logic Levels:           0  
  Clock Uncertainty:      0.157ns  ((TSJ^2 + DJ^2)^1/2) / 2 + PE
    Total System Jitter     (TSJ):    0.050ns
    Discrete Jitter          (DJ):    0.310ns
    Phase Error              (PE):    0.000ns
  Clock Net Delay (Destination): 1.262ns (routing 0.282ns, distribution 0.980ns)
  Timing Exception:       False Path

    Location             Delay type                Incr(ns)  Path(ns)    Netlist Resource(s)
  -------------------------------------------------------------------    -------------------
    HSADC_X0Y2           HSADC                        0.000     0.000 r  PYNQ_Design_i/usp_rf_data_converter_0/inst/PYNQ_Design_usp_rf_data_converter_0_0_rf_wrapper_i/rx2_u_adc/STATUS_ADC0[2]
                         net (fo=1, routed)           0.238     0.238    PYNQ_Design_i/usp_rf_data_converter_0/inst/i_PYNQ_Design_usp_rf_data_converter_0_0_irq_sync/sync_adc20_over_vol/src_in
    SLICE_X118Y105       FDRE                                         r  PYNQ_Design_i/usp_rf_data_converter_0/inst/i_PYNQ_Design_usp_rf_data_converter_0_0_irq_sync/sync_adc20_over_vol/syncstages_ff_reg[0]/D
  -------------------------------------------------------------------    -------------------

                         (clock clk_pl_0 rise edge)
                                                      0.000     0.000 r  
    PS8_X0Y0             PS8                          0.000     0.000 r  PYNQ_Design_i/zynq_ultra_ps_e_0/U0/PS8_i/PLCLK[0]
                         net (fo=1, routed)           0.129     0.129    PYNQ_Design_i/zynq_ultra_ps_e_0/U0/pl_clk_unbuffered[0]
    BUFG_PS_X0Y58        BUFG_PS (Prop_BUFG_PS_I_O)
                                                      0.018     0.147 r  PYNQ_Design_i/zynq_ultra_ps_e_0/U0/buffer_pl_clk_0.PL_CLK_0_BUFG/O
    X2Y2 (CLOCK_ROOT)    net (fo=13302, routed)       1.262     1.409    PYNQ_Design_i/usp_rf_data_converter_0/inst/i_PYNQ_Design_usp_rf_data_converter_0_0_irq_sync/sync_adc20_over_vol/dest_clk
    SLICE_X118Y105       FDRE                                         r  PYNQ_Design_i/usp_rf_data_converter_0/inst/i_PYNQ_Design_usp_rf_data_converter_0_0_irq_sync/sync_adc20_over_vol/syncstages_ff_reg[0]/C

Slack:                    inf
  Source:                 PYNQ_Design_i/usp_rf_data_converter_0/inst/PYNQ_Design_usp_rf_data_converter_0_0_rf_wrapper_i/rx1_u_adc/STATUS_ADC3[14]
                            (internal pin)
  Destination:            PYNQ_Design_i/usp_rf_data_converter_0/inst/i_PYNQ_Design_usp_rf_data_converter_0_0_irq_sync/sync_adc13_data_irq/syncstages_ff_reg[0]/D
                            (rising edge-triggered cell FDRE clocked by clk_pl_0  {rise@0.000ns fall@5.156ns period=10.312ns})
  Path Group:             (none)
  Path Type:              Hold (Min at Fast Process Corner)
  Data Path Delay:        0.240ns  (logic 0.000ns (0.000%)  route 0.240ns (100.000%))
  Logic Levels:           0  
  Clock Uncertainty:      0.157ns  ((TSJ^2 + DJ^2)^1/2) / 2 + PE
    Total System Jitter     (TSJ):    0.050ns
    Discrete Jitter          (DJ):    0.310ns
    Phase Error              (PE):    0.000ns
  Clock Net Delay (Destination): 1.261ns (routing 0.282ns, distribution 0.979ns)
  Timing Exception:       False Path

    Location             Delay type                Incr(ns)  Path(ns)    Netlist Resource(s)
  -------------------------------------------------------------------    -------------------
    HSADC_X0Y1           HSADC                        0.000     0.000 r  PYNQ_Design_i/usp_rf_data_converter_0/inst/PYNQ_Design_usp_rf_data_converter_0_0_rf_wrapper_i/rx1_u_adc/STATUS_ADC3[14]
                         net (fo=1, routed)           0.240     0.240    PYNQ_Design_i/usp_rf_data_converter_0/inst/i_PYNQ_Design_usp_rf_data_converter_0_0_irq_sync/sync_adc13_data_irq/src_in
    SLICE_X118Y102       FDRE                                         r  PYNQ_Design_i/usp_rf_data_converter_0/inst/i_PYNQ_Design_usp_rf_data_converter_0_0_irq_sync/sync_adc13_data_irq/syncstages_ff_reg[0]/D
  -------------------------------------------------------------------    -------------------

                         (clock clk_pl_0 rise edge)
                                                      0.000     0.000 r  
    PS8_X0Y0             PS8                          0.000     0.000 r  PYNQ_Design_i/zynq_ultra_ps_e_0/U0/PS8_i/PLCLK[0]
                         net (fo=1, routed)           0.129     0.129    PYNQ_Design_i/zynq_ultra_ps_e_0/U0/pl_clk_unbuffered[0]
    BUFG_PS_X0Y58        BUFG_PS (Prop_BUFG_PS_I_O)
                                                      0.018     0.147 r  PYNQ_Design_i/zynq_ultra_ps_e_0/U0/buffer_pl_clk_0.PL_CLK_0_BUFG/O
    X2Y2 (CLOCK_ROOT)    net (fo=13302, routed)       1.261     1.408    PYNQ_Design_i/usp_rf_data_converter_0/inst/i_PYNQ_Design_usp_rf_data_converter_0_0_irq_sync/sync_adc13_data_irq/dest_clk
    SLICE_X118Y102       FDRE                                         r  PYNQ_Design_i/usp_rf_data_converter_0/inst/i_PYNQ_Design_usp_rf_data_converter_0_0_irq_sync/sync_adc13_data_irq/syncstages_ff_reg[0]/C

Slack:                    inf
  Source:                 PYNQ_Design_i/usp_rf_data_converter_0/inst/PYNQ_Design_usp_rf_data_converter_0_0_rf_wrapper_i/rx1_u_adc/STATUS_ADC2[15]
                            (internal pin)
  Destination:            PYNQ_Design_i/usp_rf_data_converter_0/inst/i_PYNQ_Design_usp_rf_data_converter_0_0_irq_sync/sync_adc12_fifo_irq/syncstages_ff_reg[0]/D
                            (rising edge-triggered cell FDRE clocked by clk_pl_0  {rise@0.000ns fall@5.156ns period=10.312ns})
  Path Group:             (none)
  Path Type:              Hold (Min at Fast Process Corner)
  Data Path Delay:        0.254ns  (logic 0.000ns (0.000%)  route 0.254ns (100.000%))
  Logic Levels:           0  
  Clock Uncertainty:      0.157ns  ((TSJ^2 + DJ^2)^1/2) / 2 + PE
    Total System Jitter     (TSJ):    0.050ns
    Discrete Jitter          (DJ):    0.310ns
    Phase Error              (PE):    0.000ns
  Clock Net Delay (Destination): 1.268ns (routing 0.282ns, distribution 0.986ns)
  Timing Exception:       False Path

    Location             Delay type                Incr(ns)  Path(ns)    Netlist Resource(s)
  -------------------------------------------------------------------    -------------------
    HSADC_X0Y1           HSADC                        0.000     0.000 r  PYNQ_Design_i/usp_rf_data_converter_0/inst/PYNQ_Design_usp_rf_data_converter_0_0_rf_wrapper_i/rx1_u_adc/STATUS_ADC2[15]
                         net (fo=1, routed)           0.254     0.254    PYNQ_Design_i/usp_rf_data_converter_0/inst/i_PYNQ_Design_usp_rf_data_converter_0_0_irq_sync/sync_adc12_fifo_irq/src_in
    SLICE_X113Y102       FDRE                                         r  PYNQ_Design_i/usp_rf_data_converter_0/inst/i_PYNQ_Design_usp_rf_data_converter_0_0_irq_sync/sync_adc12_fifo_irq/syncstages_ff_reg[0]/D
  -------------------------------------------------------------------    -------------------

                         (clock clk_pl_0 rise edge)
                                                      0.000     0.000 r  
    PS8_X0Y0             PS8                          0.000     0.000 r  PYNQ_Design_i/zynq_ultra_ps_e_0/U0/PS8_i/PLCLK[0]
                         net (fo=1, routed)           0.129     0.129    PYNQ_Design_i/zynq_ultra_ps_e_0/U0/pl_clk_unbuffered[0]
    BUFG_PS_X0Y58        BUFG_PS (Prop_BUFG_PS_I_O)
                                                      0.018     0.147 r  PYNQ_Design_i/zynq_ultra_ps_e_0/U0/buffer_pl_clk_0.PL_CLK_0_BUFG/O
    X2Y2 (CLOCK_ROOT)    net (fo=13302, routed)       1.268     1.415    PYNQ_Design_i/usp_rf_data_converter_0/inst/i_PYNQ_Design_usp_rf_data_converter_0_0_irq_sync/sync_adc12_fifo_irq/dest_clk
    SLICE_X113Y102       FDRE                                         r  PYNQ_Design_i/usp_rf_data_converter_0/inst/i_PYNQ_Design_usp_rf_data_converter_0_0_irq_sync/sync_adc12_fifo_irq/syncstages_ff_reg[0]/C

Slack:                    inf
  Source:                 PYNQ_Design_i/usp_rf_data_converter_0/inst/PYNQ_Design_usp_rf_data_converter_0_0_rf_wrapper_i/rx1_u_adc/STATUS_ADC1[2]
                            (internal pin)
  Destination:            PYNQ_Design_i/usp_rf_data_converter_0/inst/i_PYNQ_Design_usp_rf_data_converter_0_0_irq_sync/sync_adc11_over_vol/syncstages_ff_reg[0]/D
                            (rising edge-triggered cell FDRE clocked by clk_pl_0  {rise@0.000ns fall@5.156ns period=10.312ns})
  Path Group:             (none)
  Path Type:              Hold (Min at Fast Process Corner)
  Data Path Delay:        0.259ns  (logic 0.000ns (0.000%)  route 0.259ns (100.000%))
  Logic Levels:           0  
  Clock Uncertainty:      0.157ns  ((TSJ^2 + DJ^2)^1/2) / 2 + PE
    Total System Jitter     (TSJ):    0.050ns
    Discrete Jitter          (DJ):    0.310ns
    Phase Error              (PE):    0.000ns
  Clock Net Delay (Destination): 1.256ns (routing 0.282ns, distribution 0.974ns)
  Timing Exception:       False Path

    Location             Delay type                Incr(ns)  Path(ns)    Netlist Resource(s)
  -------------------------------------------------------------------    -------------------
    HSADC_X0Y1           HSADC                        0.000     0.000 r  PYNQ_Design_i/usp_rf_data_converter_0/inst/PYNQ_Design_usp_rf_data_converter_0_0_rf_wrapper_i/rx1_u_adc/STATUS_ADC1[2]
                         net (fo=1, routed)           0.259     0.259    PYNQ_Design_i/usp_rf_data_converter_0/inst/i_PYNQ_Design_usp_rf_data_converter_0_0_irq_sync/sync_adc11_over_vol/src_in
    SLICE_X117Y94        FDRE                                         r  PYNQ_Design_i/usp_rf_data_converter_0/inst/i_PYNQ_Design_usp_rf_data_converter_0_0_irq_sync/sync_adc11_over_vol/syncstages_ff_reg[0]/D
  -------------------------------------------------------------------    -------------------

                         (clock clk_pl_0 rise edge)
                                                      0.000     0.000 r  
    PS8_X0Y0             PS8                          0.000     0.000 r  PYNQ_Design_i/zynq_ultra_ps_e_0/U0/PS8_i/PLCLK[0]
                         net (fo=1, routed)           0.129     0.129    PYNQ_Design_i/zynq_ultra_ps_e_0/U0/pl_clk_unbuffered[0]
    BUFG_PS_X0Y58        BUFG_PS (Prop_BUFG_PS_I_O)
                                                      0.018     0.147 r  PYNQ_Design_i/zynq_ultra_ps_e_0/U0/buffer_pl_clk_0.PL_CLK_0_BUFG/O
    X2Y2 (CLOCK_ROOT)    net (fo=13302, routed)       1.256     1.403    PYNQ_Design_i/usp_rf_data_converter_0/inst/i_PYNQ_Design_usp_rf_data_converter_0_0_irq_sync/sync_adc11_over_vol/dest_clk
    SLICE_X117Y94        FDRE                                         r  PYNQ_Design_i/usp_rf_data_converter_0/inst/i_PYNQ_Design_usp_rf_data_converter_0_0_irq_sync/sync_adc11_over_vol/syncstages_ff_reg[0]/C

Slack:                    inf
  Source:                 PYNQ_Design_i/usp_rf_data_converter_0/inst/PYNQ_Design_usp_rf_data_converter_0_0_rf_wrapper_i/rx2_u_adc/STATUS_ADC1[2]
                            (internal pin)
  Destination:            PYNQ_Design_i/usp_rf_data_converter_0/inst/i_PYNQ_Design_usp_rf_data_converter_0_0_irq_sync/sync_adc21_over_vol/syncstages_ff_reg[0]/D
                            (rising edge-triggered cell FDRE clocked by clk_pl_0  {rise@0.000ns fall@5.156ns period=10.312ns})
  Path Group:             (none)
  Path Type:              Hold (Min at Fast Process Corner)
  Data Path Delay:        0.265ns  (logic 0.000ns (0.000%)  route 0.265ns (100.000%))
  Logic Levels:           0  
  Clock Uncertainty:      0.157ns  ((TSJ^2 + DJ^2)^1/2) / 2 + PE
    Total System Jitter     (TSJ):    0.050ns
    Discrete Jitter          (DJ):    0.310ns
    Phase Error              (PE):    0.000ns
  Clock Net Delay (Destination): 1.264ns (routing 0.282ns, distribution 0.982ns)
  Timing Exception:       False Path

    Location             Delay type                Incr(ns)  Path(ns)    Netlist Resource(s)
  -------------------------------------------------------------------    -------------------
    HSADC_X0Y2           HSADC                        0.000     0.000 r  PYNQ_Design_i/usp_rf_data_converter_0/inst/PYNQ_Design_usp_rf_data_converter_0_0_rf_wrapper_i/rx2_u_adc/STATUS_ADC1[2]
                         net (fo=1, routed)           0.265     0.265    PYNQ_Design_i/usp_rf_data_converter_0/inst/i_PYNQ_Design_usp_rf_data_converter_0_0_irq_sync/sync_adc21_over_vol/src_in
    SLICE_X117Y106       FDRE                                         r  PYNQ_Design_i/usp_rf_data_converter_0/inst/i_PYNQ_Design_usp_rf_data_converter_0_0_irq_sync/sync_adc21_over_vol/syncstages_ff_reg[0]/D
  -------------------------------------------------------------------    -------------------

                         (clock clk_pl_0 rise edge)
                                                      0.000     0.000 r  
    PS8_X0Y0             PS8                          0.000     0.000 r  PYNQ_Design_i/zynq_ultra_ps_e_0/U0/PS8_i/PLCLK[0]
                         net (fo=1, routed)           0.129     0.129    PYNQ_Design_i/zynq_ultra_ps_e_0/U0/pl_clk_unbuffered[0]
    BUFG_PS_X0Y58        BUFG_PS (Prop_BUFG_PS_I_O)
                                                      0.018     0.147 r  PYNQ_Design_i/zynq_ultra_ps_e_0/U0/buffer_pl_clk_0.PL_CLK_0_BUFG/O
    X2Y2 (CLOCK_ROOT)    net (fo=13302, routed)       1.264     1.411    PYNQ_Design_i/usp_rf_data_converter_0/inst/i_PYNQ_Design_usp_rf_data_converter_0_0_irq_sync/sync_adc21_over_vol/dest_clk
    SLICE_X117Y106       FDRE                                         r  PYNQ_Design_i/usp_rf_data_converter_0/inst/i_PYNQ_Design_usp_rf_data_converter_0_0_irq_sync/sync_adc21_over_vol/syncstages_ff_reg[0]/C





--------------------------------------------------------------------------------------
Path Group:  (none)
From Clock:  RFADC0_CLK
  To Clock:  clk_pl_0

Max Delay             8 Endpoints
Min Delay             8 Endpoints
--------------------------------------------------------------------------------------


Max Delay Paths
--------------------------------------------------------------------------------------
Slack:                    inf
  Source:                 PYNQ_Design_i/usp_rf_data_converter_0/inst/PYNQ_Design_usp_rf_data_converter_0_0_rf_wrapper_i/rx0_u_adc/INTERNAL_FBRC_DIV2_MUX
                            (rising edge-triggered cell HSADC clocked by RFADC0_CLK  {rise@0.000ns fall@32.000ns period=64.000ns})
  Destination:            PYNQ_Design_i/usp_rf_data_converter_0/inst/IP2Bus_Data_reg[8]/D
                            (rising edge-triggered cell FDRE clocked by clk_pl_0  {rise@0.000ns fall@5.156ns period=10.312ns})
  Path Group:             (none)
  Path Type:              Setup (Max at Slow Process Corner)
  Data Path Delay:        3.205ns  (logic 1.183ns (36.911%)  route 2.022ns (63.089%))
  Logic Levels:           5  (LUT5=1 LUT6=4)
  Clock Path Skew:        2.009ns (DCD - SCD + CPR)
    Destination Clock Delay (DCD):    2.009ns
    Source Clock Delay      (SCD):    0.000ns
    Clock Pessimism Removal (CPR):    0.000ns
  Clock Uncertainty:      0.159ns  ((TSJ^2 + DJ^2)^1/2) / 2 + PE
    Total System Jitter     (TSJ):    0.071ns
    Discrete Jitter          (DJ):    0.310ns
    Phase Error              (PE):    0.000ns
  Clock Net Delay (Destination): 1.827ns (routing 0.423ns, distribution 1.404ns)
  Timing Exception:       False Path

    Location             Delay type                Incr(ns)  Path(ns)    Netlist Resource(s)
  -------------------------------------------------------------------    -------------------
                         (clock RFADC0_CLK rise edge)
                                                      0.000     0.000 r  
    HSADC_X0Y0           HSADC                        0.000     0.000 r  PYNQ_Design_i/usp_rf_data_converter_0/inst/PYNQ_Design_usp_rf_data_converter_0_0_rf_wrapper_i/rx0_u_adc/INTERNAL_FBRC_DIV2_MUX
  -------------------------------------------------------------------    -------------------
    HSADC_X0Y0           HSADC (Prop_HSADC_INTERNAL_FBRC_DIV2_MUX_STATUS_COMMON[8])
                                                      0.788     0.788 r  PYNQ_Design_i/usp_rf_data_converter_0/inst/PYNQ_Design_usp_rf_data_converter_0_0_rf_wrapper_i/rx0_u_adc/STATUS_COMMON[8]
                         net (fo=1, routed)           0.971     1.759    PYNQ_Design_i/usp_rf_data_converter_0/inst/i_axi_lite_ipif/I_SLAVE_ATTACHMENT/I_DECODER/adc0_common_stat[8]
    SLICE_X116Y105       LUT5 (Prop_D5LUT_SLICEL_I0_O)
                                                      0.096     1.855 r  PYNQ_Design_i/usp_rf_data_converter_0/inst/i_axi_lite_ipif/I_SLAVE_ATTACHMENT/I_DECODER/IP2Bus_Data[8]_i_29/O
                         net (fo=1, routed)           0.245     2.100    PYNQ_Design_i/usp_rf_data_converter_0/inst/i_axi_lite_ipif/I_SLAVE_ATTACHMENT/I_DECODER/IP2Bus_Data[8]_i_29_n_0
    SLICE_X116Y105       LUT6 (Prop_G6LUT_SLICEL_I4_O)
                                                      0.123     2.223 f  PYNQ_Design_i/usp_rf_data_converter_0/inst/i_axi_lite_ipif/I_SLAVE_ATTACHMENT/I_DECODER/IP2Bus_Data[8]_i_18/O
                         net (fo=1, routed)           0.213     2.436    PYNQ_Design_i/usp_rf_data_converter_0/inst/i_axi_lite_ipif/I_SLAVE_ATTACHMENT/I_DECODER/IP2Bus_Data[8]_i_18_n_0
    SLICE_X114Y110       LUT6 (Prop_H6LUT_SLICEL_I4_O)
                                                      0.051     2.487 f  PYNQ_Design_i/usp_rf_data_converter_0/inst/i_axi_lite_ipif/I_SLAVE_ATTACHMENT/I_DECODER/IP2Bus_Data[8]_i_6/O
                         net (fo=1, routed)           0.309     2.796    PYNQ_Design_i/usp_rf_data_converter_0/inst/i_axi_lite_ipif/I_SLAVE_ATTACHMENT/I_DECODER/IP2Bus_Data[8]_i_6_n_0
    SLICE_X110Y107       LUT6 (Prop_C6LUT_SLICEM_I0_O)
                                                      0.088     2.884 f  PYNQ_Design_i/usp_rf_data_converter_0/inst/i_axi_lite_ipif/I_SLAVE_ATTACHMENT/I_DECODER/IP2Bus_Data[8]_i_2/O
                         net (fo=1, routed)           0.218     3.102    PYNQ_Design_i/usp_rf_data_converter_0/inst/i_axi_lite_ipif/I_SLAVE_ATTACHMENT/I_DECODER/IP2Bus_Data[8]_i_2_n_0
    SLICE_X110Y116       LUT6 (Prop_C6LUT_SLICEM_I0_O)
                                                      0.037     3.139 r  PYNQ_Design_i/usp_rf_data_converter_0/inst/i_axi_lite_ipif/I_SLAVE_ATTACHMENT/I_DECODER/IP2Bus_Data[8]_i_1/O
                         net (fo=1, routed)           0.066     3.205    PYNQ_Design_i/usp_rf_data_converter_0/inst/i_axi_lite_ipif_n_76
    SLICE_X110Y116       FDRE                                         r  PYNQ_Design_i/usp_rf_data_converter_0/inst/IP2Bus_Data_reg[8]/D
  -------------------------------------------------------------------    -------------------

                         (clock clk_pl_0 rise edge)
                                                      0.000     0.000 r  
    PS8_X0Y0             PS8                          0.000     0.000 r  PYNQ_Design_i/zynq_ultra_ps_e_0/U0/PS8_i/PLCLK[0]
                         net (fo=1, routed)           0.157     0.157    PYNQ_Design_i/zynq_ultra_ps_e_0/U0/pl_clk_unbuffered[0]
    BUFG_PS_X0Y58        BUFG_PS (Prop_BUFG_PS_I_O)
                                                      0.025     0.182 r  PYNQ_Design_i/zynq_ultra_ps_e_0/U0/buffer_pl_clk_0.PL_CLK_0_BUFG/O
    X2Y2 (CLOCK_ROOT)    net (fo=13302, routed)       1.827     2.009    PYNQ_Design_i/usp_rf_data_converter_0/inst/s_axi_aclk
    SLICE_X110Y116       FDRE                                         r  PYNQ_Design_i/usp_rf_data_converter_0/inst/IP2Bus_Data_reg[8]/C

Slack:                    inf
  Source:                 PYNQ_Design_i/usp_rf_data_converter_0/inst/PYNQ_Design_usp_rf_data_converter_0_0_rf_wrapper_i/rx0_u_adc/INTERNAL_FBRC_DIV2_MUX
                            (rising edge-triggered cell HSADC clocked by RFADC0_CLK  {rise@0.000ns fall@32.000ns period=64.000ns})
  Destination:            PYNQ_Design_i/usp_rf_data_converter_0/inst/IP2Bus_Data_reg[10]/D
                            (rising edge-triggered cell FDRE clocked by clk_pl_0  {rise@0.000ns fall@5.156ns period=10.312ns})
  Path Group:             (none)
  Path Type:              Setup (Max at Slow Process Corner)
  Data Path Delay:        3.124ns  (logic 1.117ns (35.755%)  route 2.007ns (64.245%))
  Logic Levels:           5  (LUT5=1 LUT6=4)
  Clock Path Skew:        2.007ns (DCD - SCD + CPR)
    Destination Clock Delay (DCD):    2.007ns
    Source Clock Delay      (SCD):    0.000ns
    Clock Pessimism Removal (CPR):    0.000ns
  Clock Uncertainty:      0.159ns  ((TSJ^2 + DJ^2)^1/2) / 2 + PE
    Total System Jitter     (TSJ):    0.071ns
    Discrete Jitter          (DJ):    0.310ns
    Phase Error              (PE):    0.000ns
  Clock Net Delay (Destination): 1.825ns (routing 0.423ns, distribution 1.402ns)
  Timing Exception:       False Path

    Location             Delay type                Incr(ns)  Path(ns)    Netlist Resource(s)
  -------------------------------------------------------------------    -------------------
                         (clock RFADC0_CLK rise edge)
                                                      0.000     0.000 r  
    HSADC_X0Y0           HSADC                        0.000     0.000 r  PYNQ_Design_i/usp_rf_data_converter_0/inst/PYNQ_Design_usp_rf_data_converter_0_0_rf_wrapper_i/rx0_u_adc/INTERNAL_FBRC_DIV2_MUX
  -------------------------------------------------------------------    -------------------
    HSADC_X0Y0           HSADC (Prop_HSADC_INTERNAL_FBRC_DIV2_MUX_STATUS_COMMON[10])
                                                      0.536     0.536 r  PYNQ_Design_i/usp_rf_data_converter_0/inst/PYNQ_Design_usp_rf_data_converter_0_0_rf_wrapper_i/rx0_u_adc/STATUS_COMMON[10]
                         net (fo=1, routed)           0.952     1.488    PYNQ_Design_i/usp_rf_data_converter_0/inst/i_axi_lite_ipif/I_SLAVE_ATTACHMENT/I_DECODER/adc0_common_stat[10]
    SLICE_X116Y104       LUT5 (Prop_D6LUT_SLICEL_I0_O)
                                                      0.089     1.577 r  PYNQ_Design_i/usp_rf_data_converter_0/inst/i_axi_lite_ipif/I_SLAVE_ATTACHMENT/I_DECODER/IP2Bus_Data[10]_i_29/O
                         net (fo=1, routed)           0.302     1.879    PYNQ_Design_i/usp_rf_data_converter_0/inst/i_axi_lite_ipif/I_SLAVE_ATTACHMENT/I_DECODER/IP2Bus_Data[10]_i_29_n_0
    SLICE_X114Y104       LUT6 (Prop_F6LUT_SLICEL_I4_O)
                                                      0.097     1.976 f  PYNQ_Design_i/usp_rf_data_converter_0/inst/i_axi_lite_ipif/I_SLAVE_ATTACHMENT/I_DECODER/IP2Bus_Data[10]_i_19/O
                         net (fo=1, routed)           0.166     2.142    PYNQ_Design_i/usp_rf_data_converter_0/inst/i_axi_lite_ipif/I_SLAVE_ATTACHMENT/I_DECODER/IP2Bus_Data[10]_i_19_n_0
    SLICE_X114Y110       LUT6 (Prop_C6LUT_SLICEL_I4_O)
                                                      0.123     2.265 f  PYNQ_Design_i/usp_rf_data_converter_0/inst/i_axi_lite_ipif/I_SLAVE_ATTACHMENT/I_DECODER/IP2Bus_Data[10]_i_11/O
                         net (fo=1, routed)           0.264     2.529    PYNQ_Design_i/usp_rf_data_converter_0/inst/i_axi_lite_ipif/I_SLAVE_ATTACHMENT/I_DECODER/IP2Bus_Data[10]_i_11_n_0
    SLICE_X112Y107       LUT6 (Prop_F6LUT_SLICEM_I0_O)
                                                      0.148     2.677 f  PYNQ_Design_i/usp_rf_data_converter_0/inst/i_axi_lite_ipif/I_SLAVE_ATTACHMENT/I_DECODER/IP2Bus_Data[10]_i_5/O
                         net (fo=1, routed)           0.272     2.949    PYNQ_Design_i/usp_rf_data_converter_0/inst/i_axi_lite_ipif/I_SLAVE_ATTACHMENT/I_DECODER/IP2Bus_Data[10]_i_5_n_0
    SLICE_X111Y116       LUT6 (Prop_H6LUT_SLICEL_I4_O)
                                                      0.124     3.073 r  PYNQ_Design_i/usp_rf_data_converter_0/inst/i_axi_lite_ipif/I_SLAVE_ATTACHMENT/I_DECODER/IP2Bus_Data[10]_i_1/O
                         net (fo=1, routed)           0.051     3.124    PYNQ_Design_i/usp_rf_data_converter_0/inst/i_axi_lite_ipif_n_74
    SLICE_X111Y116       FDRE                                         r  PYNQ_Design_i/usp_rf_data_converter_0/inst/IP2Bus_Data_reg[10]/D
  -------------------------------------------------------------------    -------------------

                         (clock clk_pl_0 rise edge)
                                                      0.000     0.000 r  
    PS8_X0Y0             PS8                          0.000     0.000 r  PYNQ_Design_i/zynq_ultra_ps_e_0/U0/PS8_i/PLCLK[0]
                         net (fo=1, routed)           0.157     0.157    PYNQ_Design_i/zynq_ultra_ps_e_0/U0/pl_clk_unbuffered[0]
    BUFG_PS_X0Y58        BUFG_PS (Prop_BUFG_PS_I_O)
                                                      0.025     0.182 r  PYNQ_Design_i/zynq_ultra_ps_e_0/U0/buffer_pl_clk_0.PL_CLK_0_BUFG/O
    X2Y2 (CLOCK_ROOT)    net (fo=13302, routed)       1.825     2.007    PYNQ_Design_i/usp_rf_data_converter_0/inst/s_axi_aclk
    SLICE_X111Y116       FDRE                                         r  PYNQ_Design_i/usp_rf_data_converter_0/inst/IP2Bus_Data_reg[10]/C

Slack:                    inf
  Source:                 PYNQ_Design_i/usp_rf_data_converter_0/inst/PYNQ_Design_usp_rf_data_converter_0_0_rf_wrapper_i/rx0_u_adc/INTERNAL_FBRC_DIV2_MUX
                            (rising edge-triggered cell HSADC clocked by RFADC0_CLK  {rise@0.000ns fall@32.000ns period=64.000ns})
  Destination:            PYNQ_Design_i/usp_rf_data_converter_0/inst/IP2Bus_Data_reg[14]/D
                            (rising edge-triggered cell FDRE clocked by clk_pl_0  {rise@0.000ns fall@5.156ns period=10.312ns})
  Path Group:             (none)
  Path Type:              Setup (Max at Slow Process Corner)
  Data Path Delay:        2.840ns  (logic 1.160ns (40.845%)  route 1.680ns (59.155%))
  Logic Levels:           4  (LUT6=4)
  Clock Path Skew:        1.999ns (DCD - SCD + CPR)
    Destination Clock Delay (DCD):    1.999ns
    Source Clock Delay      (SCD):    0.000ns
    Clock Pessimism Removal (CPR):    0.000ns
  Clock Uncertainty:      0.159ns  ((TSJ^2 + DJ^2)^1/2) / 2 + PE
    Total System Jitter     (TSJ):    0.071ns
    Discrete Jitter          (DJ):    0.310ns
    Phase Error              (PE):    0.000ns
  Clock Net Delay (Destination): 1.817ns (routing 0.423ns, distribution 1.394ns)
  Timing Exception:       False Path

    Location             Delay type                Incr(ns)  Path(ns)    Netlist Resource(s)
  -------------------------------------------------------------------    -------------------
                         (clock RFADC0_CLK rise edge)
                                                      0.000     0.000 r  
    HSADC_X0Y0           HSADC                        0.000     0.000 r  PYNQ_Design_i/usp_rf_data_converter_0/inst/PYNQ_Design_usp_rf_data_converter_0_0_rf_wrapper_i/rx0_u_adc/INTERNAL_FBRC_DIV2_MUX
  -------------------------------------------------------------------    -------------------
    HSADC_X0Y0           HSADC (Prop_HSADC_INTERNAL_FBRC_DIV2_MUX_STATUS_COMMON[14])
                                                      0.698     0.698 r  PYNQ_Design_i/usp_rf_data_converter_0/inst/PYNQ_Design_usp_rf_data_converter_0_0_rf_wrapper_i/rx0_u_adc/STATUS_COMMON[14]
                         net (fo=1, routed)           0.891     1.589    PYNQ_Design_i/usp_rf_data_converter_0/inst/i_axi_lite_ipif/I_SLAVE_ATTACHMENT/I_DECODER/adc0_common_stat[14]
    SLICE_X115Y102       LUT6 (Prop_H6LUT_SLICEM_I1_O)
                                                      0.152     1.741 f  PYNQ_Design_i/usp_rf_data_converter_0/inst/i_axi_lite_ipif/I_SLAVE_ATTACHMENT/I_DECODER/IP2Bus_Data[14]_i_36/O
                         net (fo=1, routed)           0.111     1.852    PYNQ_Design_i/usp_rf_data_converter_0/inst/i_axi_lite_ipif/I_SLAVE_ATTACHMENT/I_DECODER/IP2Bus_Data[14]_i_36_n_0
    SLICE_X114Y103       LUT6 (Prop_G6LUT_SLICEL_I5_O)
                                                      0.149     2.001 f  PYNQ_Design_i/usp_rf_data_converter_0/inst/i_axi_lite_ipif/I_SLAVE_ATTACHMENT/I_DECODER/IP2Bus_Data[14]_i_17/O
                         net (fo=1, routed)           0.291     2.292    PYNQ_Design_i/usp_rf_data_converter_0/inst/i_axi_lite_ipif/I_SLAVE_ATTACHMENT/I_DECODER/IP2Bus_Data[14]_i_17_n_0
    SLICE_X115Y106       LUT6 (Prop_G6LUT_SLICEM_I4_O)
                                                      0.037     2.329 f  PYNQ_Design_i/usp_rf_data_converter_0/inst/i_axi_lite_ipif/I_SLAVE_ATTACHMENT/I_DECODER/IP2Bus_Data[14]_i_5/O
                         net (fo=1, routed)           0.338     2.667    PYNQ_Design_i/usp_rf_data_converter_0/inst/i_axi_lite_ipif/I_SLAVE_ATTACHMENT/I_DECODER/IP2Bus_Data[14]_i_5_n_0
    SLICE_X111Y112       LUT6 (Prop_B6LUT_SLICEL_I3_O)
                                                      0.124     2.791 r  PYNQ_Design_i/usp_rf_data_converter_0/inst/i_axi_lite_ipif/I_SLAVE_ATTACHMENT/I_DECODER/IP2Bus_Data[14]_i_1/O
                         net (fo=1, routed)           0.049     2.840    PYNQ_Design_i/usp_rf_data_converter_0/inst/i_axi_lite_ipif_n_70
    SLICE_X111Y112       FDRE                                         r  PYNQ_Design_i/usp_rf_data_converter_0/inst/IP2Bus_Data_reg[14]/D
  -------------------------------------------------------------------    -------------------

                         (clock clk_pl_0 rise edge)
                                                      0.000     0.000 r  
    PS8_X0Y0             PS8                          0.000     0.000 r  PYNQ_Design_i/zynq_ultra_ps_e_0/U0/PS8_i/PLCLK[0]
                         net (fo=1, routed)           0.157     0.157    PYNQ_Design_i/zynq_ultra_ps_e_0/U0/pl_clk_unbuffered[0]
    BUFG_PS_X0Y58        BUFG_PS (Prop_BUFG_PS_I_O)
                                                      0.025     0.182 r  PYNQ_Design_i/zynq_ultra_ps_e_0/U0/buffer_pl_clk_0.PL_CLK_0_BUFG/O
    X2Y2 (CLOCK_ROOT)    net (fo=13302, routed)       1.817     1.999    PYNQ_Design_i/usp_rf_data_converter_0/inst/s_axi_aclk
    SLICE_X111Y112       FDRE                                         r  PYNQ_Design_i/usp_rf_data_converter_0/inst/IP2Bus_Data_reg[14]/C

Slack:                    inf
  Source:                 PYNQ_Design_i/usp_rf_data_converter_0/inst/PYNQ_Design_usp_rf_data_converter_0_0_rf_wrapper_i/rx0_u_adc/INTERNAL_FBRC_DIV2_MUX
                            (rising edge-triggered cell HSADC clocked by RFADC0_CLK  {rise@0.000ns fall@32.000ns period=64.000ns})
  Destination:            PYNQ_Design_i/usp_rf_data_converter_0/inst/IP2Bus_Data_reg[11]/D
                            (rising edge-triggered cell FDRE clocked by clk_pl_0  {rise@0.000ns fall@5.156ns period=10.312ns})
  Path Group:             (none)
  Path Type:              Setup (Max at Slow Process Corner)
  Data Path Delay:        2.537ns  (logic 0.865ns (34.095%)  route 1.672ns (65.905%))
  Logic Levels:           4  (LUT4=1 LUT6=3)
  Clock Path Skew:        2.009ns (DCD - SCD + CPR)
    Destination Clock Delay (DCD):    2.009ns
    Source Clock Delay      (SCD):    0.000ns
    Clock Pessimism Removal (CPR):    0.000ns
  Clock Uncertainty:      0.159ns  ((TSJ^2 + DJ^2)^1/2) / 2 + PE
    Total System Jitter     (TSJ):    0.071ns
    Discrete Jitter          (DJ):    0.310ns
    Phase Error              (PE):    0.000ns
  Clock Net Delay (Destination): 1.827ns (routing 0.423ns, distribution 1.404ns)
  Timing Exception:       False Path

    Location             Delay type                Incr(ns)  Path(ns)    Netlist Resource(s)
  -------------------------------------------------------------------    -------------------
                         (clock RFADC0_CLK rise edge)
                                                      0.000     0.000 r  
    HSADC_X0Y0           HSADC                        0.000     0.000 r  PYNQ_Design_i/usp_rf_data_converter_0/inst/PYNQ_Design_usp_rf_data_converter_0_0_rf_wrapper_i/rx0_u_adc/INTERNAL_FBRC_DIV2_MUX
  -------------------------------------------------------------------    -------------------
    HSADC_X0Y0           HSADC (Prop_HSADC_INTERNAL_FBRC_DIV2_MUX_STATUS_COMMON[11])
                                                      0.588     0.588 r  PYNQ_Design_i/usp_rf_data_converter_0/inst/PYNQ_Design_usp_rf_data_converter_0_0_rf_wrapper_i/rx0_u_adc/STATUS_COMMON[11]
                         net (fo=1, routed)           0.953     1.541    PYNQ_Design_i/usp_rf_data_converter_0/inst/i_axi_lite_ipif/I_SLAVE_ATTACHMENT/I_DECODER/adc0_common_stat[11]
    SLICE_X115Y105       LUT4 (Prop_E6LUT_SLICEM_I3_O)
                                                      0.052     1.593 r  PYNQ_Design_i/usp_rf_data_converter_0/inst/i_axi_lite_ipif/I_SLAVE_ATTACHMENT/I_DECODER/IP2Bus_Data[11]_i_21/O
                         net (fo=1, routed)           0.183     1.776    PYNQ_Design_i/usp_rf_data_converter_0/inst/i_axi_lite_ipif/I_SLAVE_ATTACHMENT/I_DECODER/IP2Bus_Data[11]_i_21_n_0
    SLICE_X114Y108       LUT6 (Prop_G6LUT_SLICEL_I3_O)
                                                      0.089     1.865 f  PYNQ_Design_i/usp_rf_data_converter_0/inst/i_axi_lite_ipif/I_SLAVE_ATTACHMENT/I_DECODER/IP2Bus_Data[11]_i_6/O
                         net (fo=1, routed)           0.218     2.083    PYNQ_Design_i/usp_rf_data_converter_0/inst/i_axi_lite_ipif/I_SLAVE_ATTACHMENT/I_DECODER/IP2Bus_Data[11]_i_6_n_0
    SLICE_X111Y108       LUT6 (Prop_H6LUT_SLICEL_I0_O)
                                                      0.099     2.182 f  PYNQ_Design_i/usp_rf_data_converter_0/inst/i_axi_lite_ipif/I_SLAVE_ATTACHMENT/I_DECODER/IP2Bus_Data[11]_i_2/O
                         net (fo=1, routed)           0.246     2.428    PYNQ_Design_i/usp_rf_data_converter_0/inst/i_axi_lite_ipif/I_SLAVE_ATTACHMENT/I_DECODER/IP2Bus_Data[11]_i_2_n_0
    SLICE_X110Y116       LUT6 (Prop_D6LUT_SLICEM_I0_O)
                                                      0.037     2.465 r  PYNQ_Design_i/usp_rf_data_converter_0/inst/i_axi_lite_ipif/I_SLAVE_ATTACHMENT/I_DECODER/IP2Bus_Data[11]_i_1/O
                         net (fo=1, routed)           0.072     2.537    PYNQ_Design_i/usp_rf_data_converter_0/inst/i_axi_lite_ipif_n_73
    SLICE_X110Y116       FDRE                                         r  PYNQ_Design_i/usp_rf_data_converter_0/inst/IP2Bus_Data_reg[11]/D
  -------------------------------------------------------------------    -------------------

                         (clock clk_pl_0 rise edge)
                                                      0.000     0.000 r  
    PS8_X0Y0             PS8                          0.000     0.000 r  PYNQ_Design_i/zynq_ultra_ps_e_0/U0/PS8_i/PLCLK[0]
                         net (fo=1, routed)           0.157     0.157    PYNQ_Design_i/zynq_ultra_ps_e_0/U0/pl_clk_unbuffered[0]
    BUFG_PS_X0Y58        BUFG_PS (Prop_BUFG_PS_I_O)
                                                      0.025     0.182 r  PYNQ_Design_i/zynq_ultra_ps_e_0/U0/buffer_pl_clk_0.PL_CLK_0_BUFG/O
    X2Y2 (CLOCK_ROOT)    net (fo=13302, routed)       1.827     2.009    PYNQ_Design_i/usp_rf_data_converter_0/inst/s_axi_aclk
    SLICE_X110Y116       FDRE                                         r  PYNQ_Design_i/usp_rf_data_converter_0/inst/IP2Bus_Data_reg[11]/C

Slack:                    inf
  Source:                 PYNQ_Design_i/usp_rf_data_converter_0/inst/PYNQ_Design_usp_rf_data_converter_0_0_rf_wrapper_i/rx0_u_adc/INTERNAL_FBRC_DIV2_MUX
                            (rising edge-triggered cell HSADC clocked by RFADC0_CLK  {rise@0.000ns fall@32.000ns period=64.000ns})
  Destination:            PYNQ_Design_i/usp_rf_data_converter_0/inst/IP2Bus_Data_reg[13]/D
                            (rising edge-triggered cell FDRE clocked by clk_pl_0  {rise@0.000ns fall@5.156ns period=10.312ns})
  Path Group:             (none)
  Path Type:              Setup (Max at Slow Process Corner)
  Data Path Delay:        2.361ns  (logic 0.974ns (41.254%)  route 1.387ns (58.746%))
  Logic Levels:           2  (LUT6=2)
  Clock Path Skew:        2.001ns (DCD - SCD + CPR)
    Destination Clock Delay (DCD):    2.001ns
    Source Clock Delay      (SCD):    0.000ns
    Clock Pessimism Removal (CPR):    0.000ns
  Clock Uncertainty:      0.159ns  ((TSJ^2 + DJ^2)^1/2) / 2 + PE
    Total System Jitter     (TSJ):    0.071ns
    Discrete Jitter          (DJ):    0.310ns
    Phase Error              (PE):    0.000ns
  Clock Net Delay (Destination): 1.819ns (routing 0.423ns, distribution 1.396ns)
  Timing Exception:       False Path

    Location             Delay type                Incr(ns)  Path(ns)    Netlist Resource(s)
  -------------------------------------------------------------------    -------------------
                         (clock RFADC0_CLK rise edge)
                                                      0.000     0.000 r  
    HSADC_X0Y0           HSADC                        0.000     0.000 r  PYNQ_Design_i/usp_rf_data_converter_0/inst/PYNQ_Design_usp_rf_data_converter_0_0_rf_wrapper_i/rx0_u_adc/INTERNAL_FBRC_DIV2_MUX
  -------------------------------------------------------------------    -------------------
    HSADC_X0Y0           HSADC (Prop_HSADC_INTERNAL_FBRC_DIV2_MUX_STATUS_COMMON[13])
                                                      0.771     0.771 r  PYNQ_Design_i/usp_rf_data_converter_0/inst/PYNQ_Design_usp_rf_data_converter_0_0_rf_wrapper_i/rx0_u_adc/STATUS_COMMON[13]
                         net (fo=1, routed)           1.016     1.787    PYNQ_Design_i/usp_rf_data_converter_0/inst/i_axi_lite_ipif/I_SLAVE_ATTACHMENT/I_DECODER/adc0_common_stat[13]
    SLICE_X113Y106       LUT6 (Prop_H6LUT_SLICEM_I4_O)
                                                      0.152     1.939 f  PYNQ_Design_i/usp_rf_data_converter_0/inst/i_axi_lite_ipif/I_SLAVE_ATTACHMENT/I_DECODER/IP2Bus_Data[13]_i_4/O
                         net (fo=1, routed)           0.299     2.238    PYNQ_Design_i/usp_rf_data_converter_0/inst/i_axi_lite_ipif/I_SLAVE_ATTACHMENT/I_DECODER/IP2Bus_Data[13]_i_4_n_0
    SLICE_X112Y114       LUT6 (Prop_D6LUT_SLICEM_I2_O)
                                                      0.051     2.289 r  PYNQ_Design_i/usp_rf_data_converter_0/inst/i_axi_lite_ipif/I_SLAVE_ATTACHMENT/I_DECODER/IP2Bus_Data[13]_i_1/O
                         net (fo=1, routed)           0.072     2.361    PYNQ_Design_i/usp_rf_data_converter_0/inst/i_axi_lite_ipif_n_71
    SLICE_X112Y114       FDRE                                         r  PYNQ_Design_i/usp_rf_data_converter_0/inst/IP2Bus_Data_reg[13]/D
  -------------------------------------------------------------------    -------------------

                         (clock clk_pl_0 rise edge)
                                                      0.000     0.000 r  
    PS8_X0Y0             PS8                          0.000     0.000 r  PYNQ_Design_i/zynq_ultra_ps_e_0/U0/PS8_i/PLCLK[0]
                         net (fo=1, routed)           0.157     0.157    PYNQ_Design_i/zynq_ultra_ps_e_0/U0/pl_clk_unbuffered[0]
    BUFG_PS_X0Y58        BUFG_PS (Prop_BUFG_PS_I_O)
                                                      0.025     0.182 r  PYNQ_Design_i/zynq_ultra_ps_e_0/U0/buffer_pl_clk_0.PL_CLK_0_BUFG/O
    X2Y2 (CLOCK_ROOT)    net (fo=13302, routed)       1.819     2.001    PYNQ_Design_i/usp_rf_data_converter_0/inst/s_axi_aclk
    SLICE_X112Y114       FDRE                                         r  PYNQ_Design_i/usp_rf_data_converter_0/inst/IP2Bus_Data_reg[13]/C

Slack:                    inf
  Source:                 PYNQ_Design_i/usp_rf_data_converter_0/inst/PYNQ_Design_usp_rf_data_converter_0_0_rf_wrapper_i/rx0_u_adc/INTERNAL_FBRC_DIV2_MUX
                            (rising edge-triggered cell HSADC clocked by RFADC0_CLK  {rise@0.000ns fall@32.000ns period=64.000ns})
  Destination:            PYNQ_Design_i/usp_rf_data_converter_0/inst/IP2Bus_Data_reg[12]/D
                            (rising edge-triggered cell FDRE clocked by clk_pl_0  {rise@0.000ns fall@5.156ns period=10.312ns})
  Path Group:             (none)
  Path Type:              Setup (Max at Slow Process Corner)
  Data Path Delay:        2.338ns  (logic 0.827ns (35.372%)  route 1.511ns (64.628%))
  Logic Levels:           4  (LUT4=2 LUT6=2)
  Clock Path Skew:        1.999ns (DCD - SCD + CPR)
    Destination Clock Delay (DCD):    1.999ns
    Source Clock Delay      (SCD):    0.000ns
    Clock Pessimism Removal (CPR):    0.000ns
  Clock Uncertainty:      0.159ns  ((TSJ^2 + DJ^2)^1/2) / 2 + PE
    Total System Jitter     (TSJ):    0.071ns
    Discrete Jitter          (DJ):    0.310ns
    Phase Error              (PE):    0.000ns
  Clock Net Delay (Destination): 1.817ns (routing 0.423ns, distribution 1.394ns)
  Timing Exception:       False Path

    Location             Delay type                Incr(ns)  Path(ns)    Netlist Resource(s)
  -------------------------------------------------------------------    -------------------
                         (clock RFADC0_CLK rise edge)
                                                      0.000     0.000 r  
    HSADC_X0Y0           HSADC                        0.000     0.000 r  PYNQ_Design_i/usp_rf_data_converter_0/inst/PYNQ_Design_usp_rf_data_converter_0_0_rf_wrapper_i/rx0_u_adc/INTERNAL_FBRC_DIV2_MUX
  -------------------------------------------------------------------    -------------------
    HSADC_X0Y0           HSADC (Prop_HSADC_INTERNAL_FBRC_DIV2_MUX_STATUS_COMMON[12])
                                                      0.611     0.611 r  PYNQ_Design_i/usp_rf_data_converter_0/inst/PYNQ_Design_usp_rf_data_converter_0_0_rf_wrapper_i/rx0_u_adc/STATUS_COMMON[12]
                         net (fo=1, routed)           1.060     1.671    PYNQ_Design_i/usp_rf_data_converter_0/inst/i_axi_lite_ipif/I_SLAVE_ATTACHMENT/I_DECODER/adc0_common_stat[12]
    SLICE_X114Y107       LUT4 (Prop_C6LUT_SLICEL_I3_O)
                                                      0.035     1.706 r  PYNQ_Design_i/usp_rf_data_converter_0/inst/i_axi_lite_ipif/I_SLAVE_ATTACHMENT/I_DECODER/IP2Bus_Data[12]_i_22/O
                         net (fo=1, routed)           0.091     1.797    PYNQ_Design_i/usp_rf_data_converter_0/inst/i_axi_lite_ipif/I_SLAVE_ATTACHMENT/I_DECODER/IP2Bus_Data[12]_i_22_n_0
    SLICE_X114Y109       LUT6 (Prop_C6LUT_SLICEL_I5_O)
                                                      0.096     1.893 f  PYNQ_Design_i/usp_rf_data_converter_0/inst/i_axi_lite_ipif/I_SLAVE_ATTACHMENT/I_DECODER/IP2Bus_Data[12]_i_8/O
                         net (fo=1, routed)           0.090     1.983    PYNQ_Design_i/usp_rf_data_converter_0/inst/i_axi_lite_ipif/I_SLAVE_ATTACHMENT/I_DECODER/IP2Bus_Data[12]_i_8_n_0
    SLICE_X114Y109       LUT4 (Prop_E6LUT_SLICEL_I2_O)
                                                      0.035     2.018 f  PYNQ_Design_i/usp_rf_data_converter_0/inst/i_axi_lite_ipif/I_SLAVE_ATTACHMENT/I_DECODER/IP2Bus_Data[12]_i_2/O
                         net (fo=1, routed)           0.220     2.238    PYNQ_Design_i/usp_rf_data_converter_0/inst/i_axi_lite_ipif/I_SLAVE_ATTACHMENT/I_DECODER/IP2Bus_Data[12]_i_2_n_0
    SLICE_X111Y112       LUT6 (Prop_C6LUT_SLICEL_I0_O)
                                                      0.050     2.288 r  PYNQ_Design_i/usp_rf_data_converter_0/inst/i_axi_lite_ipif/I_SLAVE_ATTACHMENT/I_DECODER/IP2Bus_Data[12]_i_1/O
                         net (fo=1, routed)           0.050     2.338    PYNQ_Design_i/usp_rf_data_converter_0/inst/i_axi_lite_ipif_n_72
    SLICE_X111Y112       FDRE                                         r  PYNQ_Design_i/usp_rf_data_converter_0/inst/IP2Bus_Data_reg[12]/D
  -------------------------------------------------------------------    -------------------

                         (clock clk_pl_0 rise edge)
                                                      0.000     0.000 r  
    PS8_X0Y0             PS8                          0.000     0.000 r  PYNQ_Design_i/zynq_ultra_ps_e_0/U0/PS8_i/PLCLK[0]
                         net (fo=1, routed)           0.157     0.157    PYNQ_Design_i/zynq_ultra_ps_e_0/U0/pl_clk_unbuffered[0]
    BUFG_PS_X0Y58        BUFG_PS (Prop_BUFG_PS_I_O)
                                                      0.025     0.182 r  PYNQ_Design_i/zynq_ultra_ps_e_0/U0/buffer_pl_clk_0.PL_CLK_0_BUFG/O
    X2Y2 (CLOCK_ROOT)    net (fo=13302, routed)       1.817     1.999    PYNQ_Design_i/usp_rf_data_converter_0/inst/s_axi_aclk
    SLICE_X111Y112       FDRE                                         r  PYNQ_Design_i/usp_rf_data_converter_0/inst/IP2Bus_Data_reg[12]/C

Slack:                    inf
  Source:                 PYNQ_Design_i/usp_rf_data_converter_0/inst/PYNQ_Design_usp_rf_data_converter_0_0_rf_wrapper_i/rx0_u_adc/INTERNAL_FBRC_DIV2_MUX
                            (rising edge-triggered cell HSADC clocked by RFADC0_CLK  {rise@0.000ns fall@32.000ns period=64.000ns})
  Destination:            PYNQ_Design_i/usp_rf_data_converter_0/inst/IP2Bus_Data_reg[9]/D
                            (rising edge-triggered cell FDRE clocked by clk_pl_0  {rise@0.000ns fall@5.156ns period=10.312ns})
  Path Group:             (none)
  Path Type:              Setup (Max at Slow Process Corner)
  Data Path Delay:        2.318ns  (logic 0.952ns (41.070%)  route 1.366ns (58.930%))
  Logic Levels:           4  (LUT4=1 LUT6=3)
  Clock Path Skew:        2.011ns (DCD - SCD + CPR)
    Destination Clock Delay (DCD):    2.011ns
    Source Clock Delay      (SCD):    0.000ns
    Clock Pessimism Removal (CPR):    0.000ns
  Clock Uncertainty:      0.159ns  ((TSJ^2 + DJ^2)^1/2) / 2 + PE
    Total System Jitter     (TSJ):    0.071ns
    Discrete Jitter          (DJ):    0.310ns
    Phase Error              (PE):    0.000ns
  Clock Net Delay (Destination): 1.829ns (routing 0.423ns, distribution 1.406ns)
  Timing Exception:       False Path

    Location             Delay type                Incr(ns)  Path(ns)    Netlist Resource(s)
  -------------------------------------------------------------------    -------------------
                         (clock RFADC0_CLK rise edge)
                                                      0.000     0.000 r  
    HSADC_X0Y0           HSADC                        0.000     0.000 r  PYNQ_Design_i/usp_rf_data_converter_0/inst/PYNQ_Design_usp_rf_data_converter_0_0_rf_wrapper_i/rx0_u_adc/INTERNAL_FBRC_DIV2_MUX
  -------------------------------------------------------------------    -------------------
    HSADC_X0Y0           HSADC (Prop_HSADC_INTERNAL_FBRC_DIV2_MUX_STATUS_COMMON[9])
                                                      0.532     0.532 r  PYNQ_Design_i/usp_rf_data_converter_0/inst/PYNQ_Design_usp_rf_data_converter_0_0_rf_wrapper_i/rx0_u_adc/STATUS_COMMON[9]
                         net (fo=1, routed)           1.058     1.590    PYNQ_Design_i/usp_rf_data_converter_0/inst/i_axi_lite_ipif/I_SLAVE_ATTACHMENT/I_DECODER/adc0_common_stat[9]
    SLICE_X113Y107       LUT4 (Prop_F6LUT_SLICEM_I3_O)
                                                      0.088     1.678 r  PYNQ_Design_i/usp_rf_data_converter_0/inst/i_axi_lite_ipif/I_SLAVE_ATTACHMENT/I_DECODER/IP2Bus_Data[9]_i_32/O
                         net (fo=1, routed)           0.097     1.775    PYNQ_Design_i/usp_rf_data_converter_0/inst/i_axi_lite_ipif/I_SLAVE_ATTACHMENT/I_DECODER/IP2Bus_Data[9]_i_32_n_0
    SLICE_X113Y110       LUT6 (Prop_D6LUT_SLICEM_I5_O)
                                                      0.099     1.874 f  PYNQ_Design_i/usp_rf_data_converter_0/inst/i_axi_lite_ipif/I_SLAVE_ATTACHMENT/I_DECODER/IP2Bus_Data[9]_i_12/O
                         net (fo=1, routed)           0.052     1.926    PYNQ_Design_i/usp_rf_data_converter_0/inst/i_axi_lite_ipif/I_SLAVE_ATTACHMENT/I_DECODER/IP2Bus_Data[9]_i_12_n_0
    SLICE_X113Y110       LUT6 (Prop_C6LUT_SLICEM_I1_O)
                                                      0.145     2.071 r  PYNQ_Design_i/usp_rf_data_converter_0/inst/i_axi_lite_ipif/I_SLAVE_ATTACHMENT/I_DECODER/IP2Bus_Data[9]_i_3/O
                         net (fo=1, routed)           0.093     2.164    PYNQ_Design_i/usp_rf_data_converter_0/inst/i_axi_lite_ipif/I_SLAVE_ATTACHMENT/I_DECODER/IP2Bus_Data[9]_i_3_n_0
    SLICE_X113Y112       LUT6 (Prop_C6LUT_SLICEM_I1_O)
                                                      0.088     2.252 r  PYNQ_Design_i/usp_rf_data_converter_0/inst/i_axi_lite_ipif/I_SLAVE_ATTACHMENT/I_DECODER/IP2Bus_Data[9]_i_1/O
                         net (fo=1, routed)           0.066     2.318    PYNQ_Design_i/usp_rf_data_converter_0/inst/i_axi_lite_ipif_n_75
    SLICE_X113Y112       FDRE                                         r  PYNQ_Design_i/usp_rf_data_converter_0/inst/IP2Bus_Data_reg[9]/D
  -------------------------------------------------------------------    -------------------

                         (clock clk_pl_0 rise edge)
                                                      0.000     0.000 r  
    PS8_X0Y0             PS8                          0.000     0.000 r  PYNQ_Design_i/zynq_ultra_ps_e_0/U0/PS8_i/PLCLK[0]
                         net (fo=1, routed)           0.157     0.157    PYNQ_Design_i/zynq_ultra_ps_e_0/U0/pl_clk_unbuffered[0]
    BUFG_PS_X0Y58        BUFG_PS (Prop_BUFG_PS_I_O)
                                                      0.025     0.182 r  PYNQ_Design_i/zynq_ultra_ps_e_0/U0/buffer_pl_clk_0.PL_CLK_0_BUFG/O
    X2Y2 (CLOCK_ROOT)    net (fo=13302, routed)       1.829     2.011    PYNQ_Design_i/usp_rf_data_converter_0/inst/s_axi_aclk
    SLICE_X113Y112       FDRE                                         r  PYNQ_Design_i/usp_rf_data_converter_0/inst/IP2Bus_Data_reg[9]/C

Slack:                    inf
  Source:                 PYNQ_Design_i/usp_rf_data_converter_0/inst/PYNQ_Design_usp_rf_data_converter_0_0_rf_wrapper_i/rx0_u_adc/INTERNAL_FBRC_DIV2_MUX
                            (rising edge-triggered cell HSADC clocked by RFADC0_CLK  {rise@0.000ns fall@32.000ns period=64.000ns})
  Destination:            PYNQ_Design_i/usp_rf_data_converter_0/inst/IP2Bus_Data_reg[15]/D
                            (rising edge-triggered cell FDRE clocked by clk_pl_0  {rise@0.000ns fall@5.156ns period=10.312ns})
  Path Group:             (none)
  Path Type:              Setup (Max at Slow Process Corner)
  Data Path Delay:        2.032ns  (logic 0.712ns (35.039%)  route 1.320ns (64.961%))
  Logic Levels:           3  (LUT6=3)
  Clock Path Skew:        2.006ns (DCD - SCD + CPR)
    Destination Clock Delay (DCD):    2.006ns
    Source Clock Delay      (SCD):    0.000ns
    Clock Pessimism Removal (CPR):    0.000ns
  Clock Uncertainty:      0.159ns  ((TSJ^2 + DJ^2)^1/2) / 2 + PE
    Total System Jitter     (TSJ):    0.071ns
    Discrete Jitter          (DJ):    0.310ns
    Phase Error              (PE):    0.000ns
  Clock Net Delay (Destination): 1.824ns (routing 0.423ns, distribution 1.401ns)
  Timing Exception:       False Path

    Location             Delay type                Incr(ns)  Path(ns)    Netlist Resource(s)
  -------------------------------------------------------------------    -------------------
                         (clock RFADC0_CLK rise edge)
                                                      0.000     0.000 r  
    HSADC_X0Y0           HSADC                        0.000     0.000 r  PYNQ_Design_i/usp_rf_data_converter_0/inst/PYNQ_Design_usp_rf_data_converter_0_0_rf_wrapper_i/rx0_u_adc/INTERNAL_FBRC_DIV2_MUX
  -------------------------------------------------------------------    -------------------
    HSADC_X0Y0           HSADC (Prop_HSADC_INTERNAL_FBRC_DIV2_MUX_STATUS_COMMON[15])
                                                      0.525     0.525 r  PYNQ_Design_i/usp_rf_data_converter_0/inst/PYNQ_Design_usp_rf_data_converter_0_0_rf_wrapper_i/rx0_u_adc/STATUS_COMMON[15]
                         net (fo=1, routed)           0.865     1.390    PYNQ_Design_i/usp_rf_data_converter_0/inst/i_axi_lite_ipif/I_SLAVE_ATTACHMENT/I_DECODER/adc0_common_stat[15]
    SLICE_X115Y102       LUT6 (Prop_G6LUT_SLICEM_I1_O)
                                                      0.037     1.427 f  PYNQ_Design_i/usp_rf_data_converter_0/inst/i_axi_lite_ipif/I_SLAVE_ATTACHMENT/I_DECODER/IP2Bus_Data[15]_i_14/O
                         net (fo=1, routed)           0.153     1.580    PYNQ_Design_i/usp_rf_data_converter_0/inst/i_axi_lite_ipif/I_SLAVE_ATTACHMENT/I_DECODER/IP2Bus_Data[15]_i_14_n_0
    SLICE_X115Y103       LUT6 (Prop_C6LUT_SLICEM_I2_O)
                                                      0.051     1.631 r  PYNQ_Design_i/usp_rf_data_converter_0/inst/i_axi_lite_ipif/I_SLAVE_ATTACHMENT/I_DECODER/IP2Bus_Data[15]_i_3/O
                         net (fo=1, routed)           0.230     1.861    PYNQ_Design_i/usp_rf_data_converter_0/inst/i_axi_lite_ipif/I_SLAVE_ATTACHMENT/I_DECODER/IP2Bus_Data[15]_i_3_n_0
    SLICE_X113Y111       LUT6 (Prop_D6LUT_SLICEM_I1_O)
                                                      0.099     1.960 r  PYNQ_Design_i/usp_rf_data_converter_0/inst/i_axi_lite_ipif/I_SLAVE_ATTACHMENT/I_DECODER/IP2Bus_Data[15]_i_1/O
                         net (fo=1, routed)           0.072     2.032    PYNQ_Design_i/usp_rf_data_converter_0/inst/i_axi_lite_ipif_n_69
    SLICE_X113Y111       FDRE                                         r  PYNQ_Design_i/usp_rf_data_converter_0/inst/IP2Bus_Data_reg[15]/D
  -------------------------------------------------------------------    -------------------

                         (clock clk_pl_0 rise edge)
                                                      0.000     0.000 r  
    PS8_X0Y0             PS8                          0.000     0.000 r  PYNQ_Design_i/zynq_ultra_ps_e_0/U0/PS8_i/PLCLK[0]
                         net (fo=1, routed)           0.157     0.157    PYNQ_Design_i/zynq_ultra_ps_e_0/U0/pl_clk_unbuffered[0]
    BUFG_PS_X0Y58        BUFG_PS (Prop_BUFG_PS_I_O)
                                                      0.025     0.182 r  PYNQ_Design_i/zynq_ultra_ps_e_0/U0/buffer_pl_clk_0.PL_CLK_0_BUFG/O
    X2Y2 (CLOCK_ROOT)    net (fo=13302, routed)       1.824     2.006    PYNQ_Design_i/usp_rf_data_converter_0/inst/s_axi_aclk
    SLICE_X113Y111       FDRE                                         r  PYNQ_Design_i/usp_rf_data_converter_0/inst/IP2Bus_Data_reg[15]/C





Min Delay Paths
--------------------------------------------------------------------------------------
Slack:                    inf
  Source:                 PYNQ_Design_i/usp_rf_data_converter_0/inst/PYNQ_Design_usp_rf_data_converter_0_0_rf_wrapper_i/rx0_u_adc/INTERNAL_FBRC_DIV2_MUX
                            (rising edge-triggered cell HSADC clocked by RFADC0_CLK  {rise@0.000ns fall@32.000ns period=64.000ns})
  Destination:            PYNQ_Design_i/usp_rf_data_converter_0/inst/IP2Bus_Data_reg[15]/D
                            (rising edge-triggered cell FDRE clocked by clk_pl_0  {rise@0.000ns fall@5.156ns period=10.312ns})
  Path Group:             (none)
  Path Type:              Hold (Min at Fast Process Corner)
  Data Path Delay:        0.977ns  (logic 0.327ns (33.470%)  route 0.650ns (66.530%))
  Logic Levels:           3  (LUT6=3)
  Clock Path Skew:        1.415ns (DCD - SCD - CPR)
    Destination Clock Delay (DCD):    1.415ns
    Source Clock Delay      (SCD):    0.000ns
    Clock Pessimism Removal (CPR):    -0.000ns
  Clock Uncertainty:      0.159ns  ((TSJ^2 + DJ^2)^1/2) / 2 + PE
    Total System Jitter     (TSJ):    0.071ns
    Discrete Jitter          (DJ):    0.310ns
    Phase Error              (PE):    0.000ns
  Clock Net Delay (Destination): 1.268ns (routing 0.282ns, distribution 0.986ns)
  Timing Exception:       False Path

    Location             Delay type                Incr(ns)  Path(ns)    Netlist Resource(s)
  -------------------------------------------------------------------    -------------------
                         (clock RFADC0_CLK rise edge)
                                                      0.000     0.000 r  
    HSADC_X0Y0           HSADC                        0.000     0.000 r  PYNQ_Design_i/usp_rf_data_converter_0/inst/PYNQ_Design_usp_rf_data_converter_0_0_rf_wrapper_i/rx0_u_adc/INTERNAL_FBRC_DIV2_MUX
  -------------------------------------------------------------------    -------------------
    HSADC_X0Y0           HSADC (Prop_HSADC_INTERNAL_FBRC_DIV2_MUX_STATUS_COMMON[15])
                                                      0.250     0.250 r  PYNQ_Design_i/usp_rf_data_converter_0/inst/PYNQ_Design_usp_rf_data_converter_0_0_rf_wrapper_i/rx0_u_adc/STATUS_COMMON[15]
                         net (fo=1, routed)           0.429     0.679    PYNQ_Design_i/usp_rf_data_converter_0/inst/i_axi_lite_ipif/I_SLAVE_ATTACHMENT/I_DECODER/adc0_common_stat[15]
    SLICE_X115Y102       LUT6 (Prop_G6LUT_SLICEM_I1_O)
                                                      0.014     0.693 f  PYNQ_Design_i/usp_rf_data_converter_0/inst/i_axi_lite_ipif/I_SLAVE_ATTACHMENT/I_DECODER/IP2Bus_Data[15]_i_14/O
                         net (fo=1, routed)           0.077     0.770    PYNQ_Design_i/usp_rf_data_converter_0/inst/i_axi_lite_ipif/I_SLAVE_ATTACHMENT/I_DECODER/IP2Bus_Data[15]_i_14_n_0
    SLICE_X115Y103       LUT6 (Prop_C6LUT_SLICEM_I2_O)
                                                      0.022     0.792 r  PYNQ_Design_i/usp_rf_data_converter_0/inst/i_axi_lite_ipif/I_SLAVE_ATTACHMENT/I_DECODER/IP2Bus_Data[15]_i_3/O
                         net (fo=1, routed)           0.118     0.910    PYNQ_Design_i/usp_rf_data_converter_0/inst/i_axi_lite_ipif/I_SLAVE_ATTACHMENT/I_DECODER/IP2Bus_Data[15]_i_3_n_0
    SLICE_X113Y111       LUT6 (Prop_D6LUT_SLICEM_I1_O)
                                                      0.041     0.951 r  PYNQ_Design_i/usp_rf_data_converter_0/inst/i_axi_lite_ipif/I_SLAVE_ATTACHMENT/I_DECODER/IP2Bus_Data[15]_i_1/O
                         net (fo=1, routed)           0.026     0.977    PYNQ_Design_i/usp_rf_data_converter_0/inst/i_axi_lite_ipif_n_69
    SLICE_X113Y111       FDRE                                         r  PYNQ_Design_i/usp_rf_data_converter_0/inst/IP2Bus_Data_reg[15]/D
  -------------------------------------------------------------------    -------------------

                         (clock clk_pl_0 rise edge)
                                                      0.000     0.000 r  
    PS8_X0Y0             PS8                          0.000     0.000 r  PYNQ_Design_i/zynq_ultra_ps_e_0/U0/PS8_i/PLCLK[0]
                         net (fo=1, routed)           0.129     0.129    PYNQ_Design_i/zynq_ultra_ps_e_0/U0/pl_clk_unbuffered[0]
    BUFG_PS_X0Y58        BUFG_PS (Prop_BUFG_PS_I_O)
                                                      0.018     0.147 r  PYNQ_Design_i/zynq_ultra_ps_e_0/U0/buffer_pl_clk_0.PL_CLK_0_BUFG/O
    X2Y2 (CLOCK_ROOT)    net (fo=13302, routed)       1.268     1.415    PYNQ_Design_i/usp_rf_data_converter_0/inst/s_axi_aclk
    SLICE_X113Y111       FDRE                                         r  PYNQ_Design_i/usp_rf_data_converter_0/inst/IP2Bus_Data_reg[15]/C

Slack:                    inf
  Source:                 PYNQ_Design_i/usp_rf_data_converter_0/inst/PYNQ_Design_usp_rf_data_converter_0_0_rf_wrapper_i/rx0_u_adc/INTERNAL_FBRC_DIV2_MUX
                            (rising edge-triggered cell HSADC clocked by RFADC0_CLK  {rise@0.000ns fall@32.000ns period=64.000ns})
  Destination:            PYNQ_Design_i/usp_rf_data_converter_0/inst/IP2Bus_Data_reg[13]/D
                            (rising edge-triggered cell FDRE clocked by clk_pl_0  {rise@0.000ns fall@5.156ns period=10.312ns})
  Path Group:             (none)
  Path Type:              Hold (Min at Fast Process Corner)
  Data Path Delay:        1.006ns  (logic 0.324ns (32.207%)  route 0.682ns (67.793%))
  Logic Levels:           2  (LUT6=2)
  Clock Path Skew:        1.411ns (DCD - SCD - CPR)
    Destination Clock Delay (DCD):    1.411ns
    Source Clock Delay      (SCD):    0.000ns
    Clock Pessimism Removal (CPR):    -0.000ns
  Clock Uncertainty:      0.159ns  ((TSJ^2 + DJ^2)^1/2) / 2 + PE
    Total System Jitter     (TSJ):    0.071ns
    Discrete Jitter          (DJ):    0.310ns
    Phase Error              (PE):    0.000ns
  Clock Net Delay (Destination): 1.264ns (routing 0.282ns, distribution 0.982ns)
  Timing Exception:       False Path

    Location             Delay type                Incr(ns)  Path(ns)    Netlist Resource(s)
  -------------------------------------------------------------------    -------------------
                         (clock RFADC0_CLK rise edge)
                                                      0.000     0.000 r  
    HSADC_X0Y0           HSADC                        0.000     0.000 r  PYNQ_Design_i/usp_rf_data_converter_0/inst/PYNQ_Design_usp_rf_data_converter_0_0_rf_wrapper_i/rx0_u_adc/INTERNAL_FBRC_DIV2_MUX
  -------------------------------------------------------------------    -------------------
    HSADC_X0Y0           HSADC (Prop_HSADC_INTERNAL_FBRC_DIV2_MUX_STATUS_COMMON[13])
                                                      0.241     0.241 r  PYNQ_Design_i/usp_rf_data_converter_0/inst/PYNQ_Design_usp_rf_data_converter_0_0_rf_wrapper_i/rx0_u_adc/STATUS_COMMON[13]
                         net (fo=1, routed)           0.504     0.745    PYNQ_Design_i/usp_rf_data_converter_0/inst/i_axi_lite_ipif/I_SLAVE_ATTACHMENT/I_DECODER/adc0_common_stat[13]
    SLICE_X113Y106       LUT6 (Prop_H6LUT_SLICEM_I4_O)
                                                      0.061     0.806 f  PYNQ_Design_i/usp_rf_data_converter_0/inst/i_axi_lite_ipif/I_SLAVE_ATTACHMENT/I_DECODER/IP2Bus_Data[13]_i_4/O
                         net (fo=1, routed)           0.152     0.958    PYNQ_Design_i/usp_rf_data_converter_0/inst/i_axi_lite_ipif/I_SLAVE_ATTACHMENT/I_DECODER/IP2Bus_Data[13]_i_4_n_0
    SLICE_X112Y114       LUT6 (Prop_D6LUT_SLICEM_I2_O)
                                                      0.022     0.980 r  PYNQ_Design_i/usp_rf_data_converter_0/inst/i_axi_lite_ipif/I_SLAVE_ATTACHMENT/I_DECODER/IP2Bus_Data[13]_i_1/O
                         net (fo=1, routed)           0.026     1.006    PYNQ_Design_i/usp_rf_data_converter_0/inst/i_axi_lite_ipif_n_71
    SLICE_X112Y114       FDRE                                         r  PYNQ_Design_i/usp_rf_data_converter_0/inst/IP2Bus_Data_reg[13]/D
  -------------------------------------------------------------------    -------------------

                         (clock clk_pl_0 rise edge)
                                                      0.000     0.000 r  
    PS8_X0Y0             PS8                          0.000     0.000 r  PYNQ_Design_i/zynq_ultra_ps_e_0/U0/PS8_i/PLCLK[0]
                         net (fo=1, routed)           0.129     0.129    PYNQ_Design_i/zynq_ultra_ps_e_0/U0/pl_clk_unbuffered[0]
    BUFG_PS_X0Y58        BUFG_PS (Prop_BUFG_PS_I_O)
                                                      0.018     0.147 r  PYNQ_Design_i/zynq_ultra_ps_e_0/U0/buffer_pl_clk_0.PL_CLK_0_BUFG/O
    X2Y2 (CLOCK_ROOT)    net (fo=13302, routed)       1.264     1.411    PYNQ_Design_i/usp_rf_data_converter_0/inst/s_axi_aclk
    SLICE_X112Y114       FDRE                                         r  PYNQ_Design_i/usp_rf_data_converter_0/inst/IP2Bus_Data_reg[13]/C

Slack:                    inf
  Source:                 PYNQ_Design_i/usp_rf_data_converter_0/inst/PYNQ_Design_usp_rf_data_converter_0_0_rf_wrapper_i/rx0_u_adc/INTERNAL_FBRC_DIV2_MUX
                            (rising edge-triggered cell HSADC clocked by RFADC0_CLK  {rise@0.000ns fall@32.000ns period=64.000ns})
  Destination:            PYNQ_Design_i/usp_rf_data_converter_0/inst/IP2Bus_Data_reg[9]/D
                            (rising edge-triggered cell FDRE clocked by clk_pl_0  {rise@0.000ns fall@5.156ns period=10.312ns})
  Path Group:             (none)
  Path Type:              Hold (Min at Fast Process Corner)
  Data Path Delay:        1.076ns  (logic 0.398ns (36.989%)  route 0.678ns (63.011%))
  Logic Levels:           4  (LUT4=1 LUT6=3)
  Clock Path Skew:        1.420ns (DCD - SCD - CPR)
    Destination Clock Delay (DCD):    1.420ns
    Source Clock Delay      (SCD):    0.000ns
    Clock Pessimism Removal (CPR):    -0.000ns
  Clock Uncertainty:      0.159ns  ((TSJ^2 + DJ^2)^1/2) / 2 + PE
    Total System Jitter     (TSJ):    0.071ns
    Discrete Jitter          (DJ):    0.310ns
    Phase Error              (PE):    0.000ns
  Clock Net Delay (Destination): 1.273ns (routing 0.282ns, distribution 0.991ns)
  Timing Exception:       False Path

    Location             Delay type                Incr(ns)  Path(ns)    Netlist Resource(s)
  -------------------------------------------------------------------    -------------------
                         (clock RFADC0_CLK rise edge)
                                                      0.000     0.000 r  
    HSADC_X0Y0           HSADC                        0.000     0.000 r  PYNQ_Design_i/usp_rf_data_converter_0/inst/PYNQ_Design_usp_rf_data_converter_0_0_rf_wrapper_i/rx0_u_adc/INTERNAL_FBRC_DIV2_MUX
  -------------------------------------------------------------------    -------------------
    HSADC_X0Y0           HSADC (Prop_HSADC_INTERNAL_FBRC_DIV2_MUX_STATUS_COMMON[9])
                                                      0.228     0.228 r  PYNQ_Design_i/usp_rf_data_converter_0/inst/PYNQ_Design_usp_rf_data_converter_0_0_rf_wrapper_i/rx0_u_adc/STATUS_COMMON[9]
                         net (fo=1, routed)           0.526     0.754    PYNQ_Design_i/usp_rf_data_converter_0/inst/i_axi_lite_ipif/I_SLAVE_ATTACHMENT/I_DECODER/adc0_common_stat[9]
    SLICE_X113Y107       LUT4 (Prop_F6LUT_SLICEM_I3_O)
                                                      0.035     0.789 r  PYNQ_Design_i/usp_rf_data_converter_0/inst/i_axi_lite_ipif/I_SLAVE_ATTACHMENT/I_DECODER/IP2Bus_Data[9]_i_32/O
                         net (fo=1, routed)           0.050     0.839    PYNQ_Design_i/usp_rf_data_converter_0/inst/i_axi_lite_ipif/I_SLAVE_ATTACHMENT/I_DECODER/IP2Bus_Data[9]_i_32_n_0
    SLICE_X113Y110       LUT6 (Prop_D6LUT_SLICEM_I5_O)
                                                      0.041     0.880 f  PYNQ_Design_i/usp_rf_data_converter_0/inst/i_axi_lite_ipif/I_SLAVE_ATTACHMENT/I_DECODER/IP2Bus_Data[9]_i_12/O
                         net (fo=1, routed)           0.029     0.909    PYNQ_Design_i/usp_rf_data_converter_0/inst/i_axi_lite_ipif/I_SLAVE_ATTACHMENT/I_DECODER/IP2Bus_Data[9]_i_12_n_0
    SLICE_X113Y110       LUT6 (Prop_C6LUT_SLICEM_I1_O)
                                                      0.059     0.968 r  PYNQ_Design_i/usp_rf_data_converter_0/inst/i_axi_lite_ipif/I_SLAVE_ATTACHMENT/I_DECODER/IP2Bus_Data[9]_i_3/O
                         net (fo=1, routed)           0.049     1.017    PYNQ_Design_i/usp_rf_data_converter_0/inst/i_axi_lite_ipif/I_SLAVE_ATTACHMENT/I_DECODER/IP2Bus_Data[9]_i_3_n_0
    SLICE_X113Y112       LUT6 (Prop_C6LUT_SLICEM_I1_O)
                                                      0.035     1.052 r  PYNQ_Design_i/usp_rf_data_converter_0/inst/i_axi_lite_ipif/I_SLAVE_ATTACHMENT/I_DECODER/IP2Bus_Data[9]_i_1/O
                         net (fo=1, routed)           0.024     1.076    PYNQ_Design_i/usp_rf_data_converter_0/inst/i_axi_lite_ipif_n_75
    SLICE_X113Y112       FDRE                                         r  PYNQ_Design_i/usp_rf_data_converter_0/inst/IP2Bus_Data_reg[9]/D
  -------------------------------------------------------------------    -------------------

                         (clock clk_pl_0 rise edge)
                                                      0.000     0.000 r  
    PS8_X0Y0             PS8                          0.000     0.000 r  PYNQ_Design_i/zynq_ultra_ps_e_0/U0/PS8_i/PLCLK[0]
                         net (fo=1, routed)           0.129     0.129    PYNQ_Design_i/zynq_ultra_ps_e_0/U0/pl_clk_unbuffered[0]
    BUFG_PS_X0Y58        BUFG_PS (Prop_BUFG_PS_I_O)
                                                      0.018     0.147 r  PYNQ_Design_i/zynq_ultra_ps_e_0/U0/buffer_pl_clk_0.PL_CLK_0_BUFG/O
    X2Y2 (CLOCK_ROOT)    net (fo=13302, routed)       1.273     1.420    PYNQ_Design_i/usp_rf_data_converter_0/inst/s_axi_aclk
    SLICE_X113Y112       FDRE                                         r  PYNQ_Design_i/usp_rf_data_converter_0/inst/IP2Bus_Data_reg[9]/C

Slack:                    inf
  Source:                 PYNQ_Design_i/usp_rf_data_converter_0/inst/PYNQ_Design_usp_rf_data_converter_0_0_rf_wrapper_i/rx0_u_adc/INTERNAL_FBRC_DIV2_MUX
                            (rising edge-triggered cell HSADC clocked by RFADC0_CLK  {rise@0.000ns fall@32.000ns period=64.000ns})
  Destination:            PYNQ_Design_i/usp_rf_data_converter_0/inst/IP2Bus_Data_reg[12]/D
                            (rising edge-triggered cell FDRE clocked by clk_pl_0  {rise@0.000ns fall@5.156ns period=10.312ns})
  Path Group:             (none)
  Path Type:              Hold (Min at Fast Process Corner)
  Data Path Delay:        1.118ns  (logic 0.364ns (32.558%)  route 0.754ns (67.442%))
  Logic Levels:           4  (LUT4=2 LUT6=2)
  Clock Path Skew:        1.408ns (DCD - SCD - CPR)
    Destination Clock Delay (DCD):    1.408ns
    Source Clock Delay      (SCD):    0.000ns
    Clock Pessimism Removal (CPR):    -0.000ns
  Clock Uncertainty:      0.159ns  ((TSJ^2 + DJ^2)^1/2) / 2 + PE
    Total System Jitter     (TSJ):    0.071ns
    Discrete Jitter          (DJ):    0.310ns
    Phase Error              (PE):    0.000ns
  Clock Net Delay (Destination): 1.261ns (routing 0.282ns, distribution 0.979ns)
  Timing Exception:       False Path

    Location             Delay type                Incr(ns)  Path(ns)    Netlist Resource(s)
  -------------------------------------------------------------------    -------------------
                         (clock RFADC0_CLK rise edge)
                                                      0.000     0.000 r  
    HSADC_X0Y0           HSADC                        0.000     0.000 r  PYNQ_Design_i/usp_rf_data_converter_0/inst/PYNQ_Design_usp_rf_data_converter_0_0_rf_wrapper_i/rx0_u_adc/INTERNAL_FBRC_DIV2_MUX
  -------------------------------------------------------------------    -------------------
    HSADC_X0Y0           HSADC (Prop_HSADC_INTERNAL_FBRC_DIV2_MUX_STATUS_COMMON[12])
                                                      0.274     0.274 r  PYNQ_Design_i/usp_rf_data_converter_0/inst/PYNQ_Design_usp_rf_data_converter_0_0_rf_wrapper_i/rx0_u_adc/STATUS_COMMON[12]
                         net (fo=1, routed)           0.531     0.805    PYNQ_Design_i/usp_rf_data_converter_0/inst/i_axi_lite_ipif/I_SLAVE_ATTACHMENT/I_DECODER/adc0_common_stat[12]
    SLICE_X114Y107       LUT4 (Prop_C6LUT_SLICEL_I3_O)
                                                      0.014     0.819 r  PYNQ_Design_i/usp_rf_data_converter_0/inst/i_axi_lite_ipif/I_SLAVE_ATTACHMENT/I_DECODER/IP2Bus_Data[12]_i_22/O
                         net (fo=1, routed)           0.049     0.868    PYNQ_Design_i/usp_rf_data_converter_0/inst/i_axi_lite_ipif/I_SLAVE_ATTACHMENT/I_DECODER/IP2Bus_Data[12]_i_22_n_0
    SLICE_X114Y109       LUT6 (Prop_C6LUT_SLICEL_I5_O)
                                                      0.040     0.908 f  PYNQ_Design_i/usp_rf_data_converter_0/inst/i_axi_lite_ipif/I_SLAVE_ATTACHMENT/I_DECODER/IP2Bus_Data[12]_i_8/O
                         net (fo=1, routed)           0.043     0.951    PYNQ_Design_i/usp_rf_data_converter_0/inst/i_axi_lite_ipif/I_SLAVE_ATTACHMENT/I_DECODER/IP2Bus_Data[12]_i_8_n_0
    SLICE_X114Y109       LUT4 (Prop_E6LUT_SLICEL_I2_O)
                                                      0.014     0.965 f  PYNQ_Design_i/usp_rf_data_converter_0/inst/i_axi_lite_ipif/I_SLAVE_ATTACHMENT/I_DECODER/IP2Bus_Data[12]_i_2/O
                         net (fo=1, routed)           0.114     1.079    PYNQ_Design_i/usp_rf_data_converter_0/inst/i_axi_lite_ipif/I_SLAVE_ATTACHMENT/I_DECODER/IP2Bus_Data[12]_i_2_n_0
    SLICE_X111Y112       LUT6 (Prop_C6LUT_SLICEL_I0_O)
                                                      0.022     1.101 r  PYNQ_Design_i/usp_rf_data_converter_0/inst/i_axi_lite_ipif/I_SLAVE_ATTACHMENT/I_DECODER/IP2Bus_Data[12]_i_1/O
                         net (fo=1, routed)           0.017     1.118    PYNQ_Design_i/usp_rf_data_converter_0/inst/i_axi_lite_ipif_n_72
    SLICE_X111Y112       FDRE                                         r  PYNQ_Design_i/usp_rf_data_converter_0/inst/IP2Bus_Data_reg[12]/D
  -------------------------------------------------------------------    -------------------

                         (clock clk_pl_0 rise edge)
                                                      0.000     0.000 r  
    PS8_X0Y0             PS8                          0.000     0.000 r  PYNQ_Design_i/zynq_ultra_ps_e_0/U0/PS8_i/PLCLK[0]
                         net (fo=1, routed)           0.129     0.129    PYNQ_Design_i/zynq_ultra_ps_e_0/U0/pl_clk_unbuffered[0]
    BUFG_PS_X0Y58        BUFG_PS (Prop_BUFG_PS_I_O)
                                                      0.018     0.147 r  PYNQ_Design_i/zynq_ultra_ps_e_0/U0/buffer_pl_clk_0.PL_CLK_0_BUFG/O
    X2Y2 (CLOCK_ROOT)    net (fo=13302, routed)       1.261     1.408    PYNQ_Design_i/usp_rf_data_converter_0/inst/s_axi_aclk
    SLICE_X111Y112       FDRE                                         r  PYNQ_Design_i/usp_rf_data_converter_0/inst/IP2Bus_Data_reg[12]/C

Slack:                    inf
  Source:                 PYNQ_Design_i/usp_rf_data_converter_0/inst/PYNQ_Design_usp_rf_data_converter_0_0_rf_wrapper_i/rx0_u_adc/INTERNAL_FBRC_DIV2_MUX
                            (rising edge-triggered cell HSADC clocked by RFADC0_CLK  {rise@0.000ns fall@32.000ns period=64.000ns})
  Destination:            PYNQ_Design_i/usp_rf_data_converter_0/inst/IP2Bus_Data_reg[11]/D
                            (rising edge-triggered cell FDRE clocked by clk_pl_0  {rise@0.000ns fall@5.156ns period=10.312ns})
  Path Group:             (none)
  Path Type:              Hold (Min at Fast Process Corner)
  Data Path Delay:        1.202ns  (logic 0.377ns (31.364%)  route 0.825ns (68.636%))
  Logic Levels:           4  (LUT4=1 LUT6=3)
  Clock Path Skew:        1.419ns (DCD - SCD - CPR)
    Destination Clock Delay (DCD):    1.419ns
    Source Clock Delay      (SCD):    0.000ns
    Clock Pessimism Removal (CPR):    -0.000ns
  Clock Uncertainty:      0.159ns  ((TSJ^2 + DJ^2)^1/2) / 2 + PE
    Total System Jitter     (TSJ):    0.071ns
    Discrete Jitter          (DJ):    0.310ns
    Phase Error              (PE):    0.000ns
  Clock Net Delay (Destination): 1.272ns (routing 0.282ns, distribution 0.990ns)
  Timing Exception:       False Path

    Location             Delay type                Incr(ns)  Path(ns)    Netlist Resource(s)
  -------------------------------------------------------------------    -------------------
                         (clock RFADC0_CLK rise edge)
                                                      0.000     0.000 r  
    HSADC_X0Y0           HSADC                        0.000     0.000 r  PYNQ_Design_i/usp_rf_data_converter_0/inst/PYNQ_Design_usp_rf_data_converter_0_0_rf_wrapper_i/rx0_u_adc/INTERNAL_FBRC_DIV2_MUX
  -------------------------------------------------------------------    -------------------
    HSADC_X0Y0           HSADC (Prop_HSADC_INTERNAL_FBRC_DIV2_MUX_STATUS_COMMON[11])
                                                      0.265     0.265 r  PYNQ_Design_i/usp_rf_data_converter_0/inst/PYNQ_Design_usp_rf_data_converter_0_0_rf_wrapper_i/rx0_u_adc/STATUS_COMMON[11]
                         net (fo=1, routed)           0.470     0.735    PYNQ_Design_i/usp_rf_data_converter_0/inst/i_axi_lite_ipif/I_SLAVE_ATTACHMENT/I_DECODER/adc0_common_stat[11]
    SLICE_X115Y105       LUT4 (Prop_E6LUT_SLICEM_I3_O)
                                                      0.022     0.757 r  PYNQ_Design_i/usp_rf_data_converter_0/inst/i_axi_lite_ipif/I_SLAVE_ATTACHMENT/I_DECODER/IP2Bus_Data[11]_i_21/O
                         net (fo=1, routed)           0.097     0.854    PYNQ_Design_i/usp_rf_data_converter_0/inst/i_axi_lite_ipif/I_SLAVE_ATTACHMENT/I_DECODER/IP2Bus_Data[11]_i_21_n_0
    SLICE_X114Y108       LUT6 (Prop_G6LUT_SLICEL_I3_O)
                                                      0.035     0.889 f  PYNQ_Design_i/usp_rf_data_converter_0/inst/i_axi_lite_ipif/I_SLAVE_ATTACHMENT/I_DECODER/IP2Bus_Data[11]_i_6/O
                         net (fo=1, routed)           0.107     0.996    PYNQ_Design_i/usp_rf_data_converter_0/inst/i_axi_lite_ipif/I_SLAVE_ATTACHMENT/I_DECODER/IP2Bus_Data[11]_i_6_n_0
    SLICE_X111Y108       LUT6 (Prop_H6LUT_SLICEL_I0_O)
                                                      0.041     1.037 f  PYNQ_Design_i/usp_rf_data_converter_0/inst/i_axi_lite_ipif/I_SLAVE_ATTACHMENT/I_DECODER/IP2Bus_Data[11]_i_2/O
                         net (fo=1, routed)           0.125     1.162    PYNQ_Design_i/usp_rf_data_converter_0/inst/i_axi_lite_ipif/I_SLAVE_ATTACHMENT/I_DECODER/IP2Bus_Data[11]_i_2_n_0
    SLICE_X110Y116       LUT6 (Prop_D6LUT_SLICEM_I0_O)
                                                      0.014     1.176 r  PYNQ_Design_i/usp_rf_data_converter_0/inst/i_axi_lite_ipif/I_SLAVE_ATTACHMENT/I_DECODER/IP2Bus_Data[11]_i_1/O
                         net (fo=1, routed)           0.026     1.202    PYNQ_Design_i/usp_rf_data_converter_0/inst/i_axi_lite_ipif_n_73
    SLICE_X110Y116       FDRE                                         r  PYNQ_Design_i/usp_rf_data_converter_0/inst/IP2Bus_Data_reg[11]/D
  -------------------------------------------------------------------    -------------------

                         (clock clk_pl_0 rise edge)
                                                      0.000     0.000 r  
    PS8_X0Y0             PS8                          0.000     0.000 r  PYNQ_Design_i/zynq_ultra_ps_e_0/U0/PS8_i/PLCLK[0]
                         net (fo=1, routed)           0.129     0.129    PYNQ_Design_i/zynq_ultra_ps_e_0/U0/pl_clk_unbuffered[0]
    BUFG_PS_X0Y58        BUFG_PS (Prop_BUFG_PS_I_O)
                                                      0.018     0.147 r  PYNQ_Design_i/zynq_ultra_ps_e_0/U0/buffer_pl_clk_0.PL_CLK_0_BUFG/O
    X2Y2 (CLOCK_ROOT)    net (fo=13302, routed)       1.272     1.419    PYNQ_Design_i/usp_rf_data_converter_0/inst/s_axi_aclk
    SLICE_X110Y116       FDRE                                         r  PYNQ_Design_i/usp_rf_data_converter_0/inst/IP2Bus_Data_reg[11]/C

Slack:                    inf
  Source:                 PYNQ_Design_i/usp_rf_data_converter_0/inst/PYNQ_Design_usp_rf_data_converter_0_0_rf_wrapper_i/rx0_u_adc/INTERNAL_FBRC_DIV2_MUX
                            (rising edge-triggered cell HSADC clocked by RFADC0_CLK  {rise@0.000ns fall@32.000ns period=64.000ns})
  Destination:            PYNQ_Design_i/usp_rf_data_converter_0/inst/IP2Bus_Data_reg[14]/D
                            (rising edge-triggered cell FDRE clocked by clk_pl_0  {rise@0.000ns fall@5.156ns period=10.312ns})
  Path Group:             (none)
  Path Type:              Hold (Min at Fast Process Corner)
  Data Path Delay:        1.297ns  (logic 0.470ns (36.237%)  route 0.827ns (63.763%))
  Logic Levels:           4  (LUT6=4)
  Clock Path Skew:        1.408ns (DCD - SCD - CPR)
    Destination Clock Delay (DCD):    1.408ns
    Source Clock Delay      (SCD):    0.000ns
    Clock Pessimism Removal (CPR):    -0.000ns
  Clock Uncertainty:      0.159ns  ((TSJ^2 + DJ^2)^1/2) / 2 + PE
    Total System Jitter     (TSJ):    0.071ns
    Discrete Jitter          (DJ):    0.310ns
    Phase Error              (PE):    0.000ns
  Clock Net Delay (Destination): 1.261ns (routing 0.282ns, distribution 0.979ns)
  Timing Exception:       False Path

    Location             Delay type                Incr(ns)  Path(ns)    Netlist Resource(s)
  -------------------------------------------------------------------    -------------------
                         (clock RFADC0_CLK rise edge)
                                                      0.000     0.000 r  
    HSADC_X0Y0           HSADC                        0.000     0.000 r  PYNQ_Design_i/usp_rf_data_converter_0/inst/PYNQ_Design_usp_rf_data_converter_0_0_rf_wrapper_i/rx0_u_adc/INTERNAL_FBRC_DIV2_MUX
  -------------------------------------------------------------------    -------------------
    HSADC_X0Y0           HSADC (Prop_HSADC_INTERNAL_FBRC_DIV2_MUX_STATUS_COMMON[14])
                                                      0.285     0.285 r  PYNQ_Design_i/usp_rf_data_converter_0/inst/PYNQ_Design_usp_rf_data_converter_0_0_rf_wrapper_i/rx0_u_adc/STATUS_COMMON[14]
                         net (fo=1, routed)           0.441     0.726    PYNQ_Design_i/usp_rf_data_converter_0/inst/i_axi_lite_ipif/I_SLAVE_ATTACHMENT/I_DECODER/adc0_common_stat[14]
    SLICE_X115Y102       LUT6 (Prop_H6LUT_SLICEM_I1_O)
                                                      0.061     0.787 f  PYNQ_Design_i/usp_rf_data_converter_0/inst/i_axi_lite_ipif/I_SLAVE_ATTACHMENT/I_DECODER/IP2Bus_Data[14]_i_36/O
                         net (fo=1, routed)           0.059     0.846    PYNQ_Design_i/usp_rf_data_converter_0/inst/i_axi_lite_ipif/I_SLAVE_ATTACHMENT/I_DECODER/IP2Bus_Data[14]_i_36_n_0
    SLICE_X114Y103       LUT6 (Prop_G6LUT_SLICEL_I5_O)
                                                      0.060     0.906 f  PYNQ_Design_i/usp_rf_data_converter_0/inst/i_axi_lite_ipif/I_SLAVE_ATTACHMENT/I_DECODER/IP2Bus_Data[14]_i_17/O
                         net (fo=1, routed)           0.141     1.047    PYNQ_Design_i/usp_rf_data_converter_0/inst/i_axi_lite_ipif/I_SLAVE_ATTACHMENT/I_DECODER/IP2Bus_Data[14]_i_17_n_0
    SLICE_X115Y106       LUT6 (Prop_G6LUT_SLICEM_I4_O)
                                                      0.014     1.061 f  PYNQ_Design_i/usp_rf_data_converter_0/inst/i_axi_lite_ipif/I_SLAVE_ATTACHMENT/I_DECODER/IP2Bus_Data[14]_i_5/O
                         net (fo=1, routed)           0.171     1.232    PYNQ_Design_i/usp_rf_data_converter_0/inst/i_axi_lite_ipif/I_SLAVE_ATTACHMENT/I_DECODER/IP2Bus_Data[14]_i_5_n_0
    SLICE_X111Y112       LUT6 (Prop_B6LUT_SLICEL_I3_O)
                                                      0.050     1.282 r  PYNQ_Design_i/usp_rf_data_converter_0/inst/i_axi_lite_ipif/I_SLAVE_ATTACHMENT/I_DECODER/IP2Bus_Data[14]_i_1/O
                         net (fo=1, routed)           0.015     1.297    PYNQ_Design_i/usp_rf_data_converter_0/inst/i_axi_lite_ipif_n_70
    SLICE_X111Y112       FDRE                                         r  PYNQ_Design_i/usp_rf_data_converter_0/inst/IP2Bus_Data_reg[14]/D
  -------------------------------------------------------------------    -------------------

                         (clock clk_pl_0 rise edge)
                                                      0.000     0.000 r  
    PS8_X0Y0             PS8                          0.000     0.000 r  PYNQ_Design_i/zynq_ultra_ps_e_0/U0/PS8_i/PLCLK[0]
                         net (fo=1, routed)           0.129     0.129    PYNQ_Design_i/zynq_ultra_ps_e_0/U0/pl_clk_unbuffered[0]
    BUFG_PS_X0Y58        BUFG_PS (Prop_BUFG_PS_I_O)
                                                      0.018     0.147 r  PYNQ_Design_i/zynq_ultra_ps_e_0/U0/buffer_pl_clk_0.PL_CLK_0_BUFG/O
    X2Y2 (CLOCK_ROOT)    net (fo=13302, routed)       1.261     1.408    PYNQ_Design_i/usp_rf_data_converter_0/inst/s_axi_aclk
    SLICE_X111Y112       FDRE                                         r  PYNQ_Design_i/usp_rf_data_converter_0/inst/IP2Bus_Data_reg[14]/C

Slack:                    inf
  Source:                 PYNQ_Design_i/usp_rf_data_converter_0/inst/PYNQ_Design_usp_rf_data_converter_0_0_rf_wrapper_i/rx0_u_adc/INTERNAL_FBRC_DIV2_MUX
                            (rising edge-triggered cell HSADC clocked by RFADC0_CLK  {rise@0.000ns fall@32.000ns period=64.000ns})
  Destination:            PYNQ_Design_i/usp_rf_data_converter_0/inst/IP2Bus_Data_reg[8]/D
                            (rising edge-triggered cell FDRE clocked by clk_pl_0  {rise@0.000ns fall@5.156ns period=10.312ns})
  Path Group:             (none)
  Path Type:              Hold (Min at Fast Process Corner)
  Data Path Delay:        1.390ns  (logic 0.392ns (28.201%)  route 0.998ns (71.799%))
  Logic Levels:           5  (LUT5=1 LUT6=4)
  Clock Path Skew:        1.419ns (DCD - SCD - CPR)
    Destination Clock Delay (DCD):    1.419ns
    Source Clock Delay      (SCD):    0.000ns
    Clock Pessimism Removal (CPR):    -0.000ns
  Clock Uncertainty:      0.159ns  ((TSJ^2 + DJ^2)^1/2) / 2 + PE
    Total System Jitter     (TSJ):    0.071ns
    Discrete Jitter          (DJ):    0.310ns
    Phase Error              (PE):    0.000ns
  Clock Net Delay (Destination): 1.272ns (routing 0.282ns, distribution 0.990ns)
  Timing Exception:       False Path

    Location             Delay type                Incr(ns)  Path(ns)    Netlist Resource(s)
  -------------------------------------------------------------------    -------------------
                         (clock RFADC0_CLK rise edge)
                                                      0.000     0.000 r  
    HSADC_X0Y0           HSADC                        0.000     0.000 r  PYNQ_Design_i/usp_rf_data_converter_0/inst/PYNQ_Design_usp_rf_data_converter_0_0_rf_wrapper_i/rx0_u_adc/INTERNAL_FBRC_DIV2_MUX
  -------------------------------------------------------------------    -------------------
    HSADC_X0Y0           HSADC (Prop_HSADC_INTERNAL_FBRC_DIV2_MUX_STATUS_COMMON[8])
                                                      0.237     0.237 r  PYNQ_Design_i/usp_rf_data_converter_0/inst/PYNQ_Design_usp_rf_data_converter_0_0_rf_wrapper_i/rx0_u_adc/STATUS_COMMON[8]
                         net (fo=1, routed)           0.486     0.723    PYNQ_Design_i/usp_rf_data_converter_0/inst/i_axi_lite_ipif/I_SLAVE_ATTACHMENT/I_DECODER/adc0_common_stat[8]
    SLICE_X116Y105       LUT5 (Prop_D5LUT_SLICEL_I0_O)
                                                      0.033     0.756 r  PYNQ_Design_i/usp_rf_data_converter_0/inst/i_axi_lite_ipif/I_SLAVE_ATTACHMENT/I_DECODER/IP2Bus_Data[8]_i_29/O
                         net (fo=1, routed)           0.113     0.869    PYNQ_Design_i/usp_rf_data_converter_0/inst/i_axi_lite_ipif/I_SLAVE_ATTACHMENT/I_DECODER/IP2Bus_Data[8]_i_29_n_0
    SLICE_X116Y105       LUT6 (Prop_G6LUT_SLICEL_I4_O)
                                                      0.050     0.919 f  PYNQ_Design_i/usp_rf_data_converter_0/inst/i_axi_lite_ipif/I_SLAVE_ATTACHMENT/I_DECODER/IP2Bus_Data[8]_i_18/O
                         net (fo=1, routed)           0.107     1.026    PYNQ_Design_i/usp_rf_data_converter_0/inst/i_axi_lite_ipif/I_SLAVE_ATTACHMENT/I_DECODER/IP2Bus_Data[8]_i_18_n_0
    SLICE_X114Y110       LUT6 (Prop_H6LUT_SLICEL_I4_O)
                                                      0.023     1.049 f  PYNQ_Design_i/usp_rf_data_converter_0/inst/i_axi_lite_ipif/I_SLAVE_ATTACHMENT/I_DECODER/IP2Bus_Data[8]_i_6/O
                         net (fo=1, routed)           0.155     1.204    PYNQ_Design_i/usp_rf_data_converter_0/inst/i_axi_lite_ipif/I_SLAVE_ATTACHMENT/I_DECODER/IP2Bus_Data[8]_i_6_n_0
    SLICE_X110Y107       LUT6 (Prop_C6LUT_SLICEM_I0_O)
                                                      0.035     1.239 f  PYNQ_Design_i/usp_rf_data_converter_0/inst/i_axi_lite_ipif/I_SLAVE_ATTACHMENT/I_DECODER/IP2Bus_Data[8]_i_2/O
                         net (fo=1, routed)           0.113     1.352    PYNQ_Design_i/usp_rf_data_converter_0/inst/i_axi_lite_ipif/I_SLAVE_ATTACHMENT/I_DECODER/IP2Bus_Data[8]_i_2_n_0
    SLICE_X110Y116       LUT6 (Prop_C6LUT_SLICEM_I0_O)
                                                      0.014     1.366 r  PYNQ_Design_i/usp_rf_data_converter_0/inst/i_axi_lite_ipif/I_SLAVE_ATTACHMENT/I_DECODER/IP2Bus_Data[8]_i_1/O
                         net (fo=1, routed)           0.024     1.390    PYNQ_Design_i/usp_rf_data_converter_0/inst/i_axi_lite_ipif_n_76
    SLICE_X110Y116       FDRE                                         r  PYNQ_Design_i/usp_rf_data_converter_0/inst/IP2Bus_Data_reg[8]/D
  -------------------------------------------------------------------    -------------------

                         (clock clk_pl_0 rise edge)
                                                      0.000     0.000 r  
    PS8_X0Y0             PS8                          0.000     0.000 r  PYNQ_Design_i/zynq_ultra_ps_e_0/U0/PS8_i/PLCLK[0]
                         net (fo=1, routed)           0.129     0.129    PYNQ_Design_i/zynq_ultra_ps_e_0/U0/pl_clk_unbuffered[0]
    BUFG_PS_X0Y58        BUFG_PS (Prop_BUFG_PS_I_O)
                                                      0.018     0.147 r  PYNQ_Design_i/zynq_ultra_ps_e_0/U0/buffer_pl_clk_0.PL_CLK_0_BUFG/O
    X2Y2 (CLOCK_ROOT)    net (fo=13302, routed)       1.272     1.419    PYNQ_Design_i/usp_rf_data_converter_0/inst/s_axi_aclk
    SLICE_X110Y116       FDRE                                         r  PYNQ_Design_i/usp_rf_data_converter_0/inst/IP2Bus_Data_reg[8]/C

Slack:                    inf
  Source:                 PYNQ_Design_i/usp_rf_data_converter_0/inst/PYNQ_Design_usp_rf_data_converter_0_0_rf_wrapper_i/rx0_u_adc/INTERNAL_FBRC_DIV2_MUX
                            (rising edge-triggered cell HSADC clocked by RFADC0_CLK  {rise@0.000ns fall@32.000ns period=64.000ns})
  Destination:            PYNQ_Design_i/usp_rf_data_converter_0/inst/IP2Bus_Data_reg[10]/D
                            (rising edge-triggered cell FDRE clocked by clk_pl_0  {rise@0.000ns fall@5.156ns period=10.312ns})
  Path Group:             (none)
  Path Type:              Hold (Min at Fast Process Corner)
  Data Path Delay:        1.471ns  (logic 0.461ns (31.339%)  route 1.010ns (68.661%))
  Logic Levels:           5  (LUT5=1 LUT6=4)
  Clock Path Skew:        1.418ns (DCD - SCD - CPR)
    Destination Clock Delay (DCD):    1.418ns
    Source Clock Delay      (SCD):    0.000ns
    Clock Pessimism Removal (CPR):    -0.000ns
  Clock Uncertainty:      0.159ns  ((TSJ^2 + DJ^2)^1/2) / 2 + PE
    Total System Jitter     (TSJ):    0.071ns
    Discrete Jitter          (DJ):    0.310ns
    Phase Error              (PE):    0.000ns
  Clock Net Delay (Destination): 1.271ns (routing 0.282ns, distribution 0.989ns)
  Timing Exception:       False Path

    Location             Delay type                Incr(ns)  Path(ns)    Netlist Resource(s)
  -------------------------------------------------------------------    -------------------
                         (clock RFADC0_CLK rise edge)
                                                      0.000     0.000 r  
    HSADC_X0Y0           HSADC                        0.000     0.000 r  PYNQ_Design_i/usp_rf_data_converter_0/inst/PYNQ_Design_usp_rf_data_converter_0_0_rf_wrapper_i/rx0_u_adc/INTERNAL_FBRC_DIV2_MUX
  -------------------------------------------------------------------    -------------------
    HSADC_X0Y0           HSADC (Prop_HSADC_INTERNAL_FBRC_DIV2_MUX_STATUS_COMMON[10])
                                                      0.227     0.227 r  PYNQ_Design_i/usp_rf_data_converter_0/inst/PYNQ_Design_usp_rf_data_converter_0_0_rf_wrapper_i/rx0_u_adc/STATUS_COMMON[10]
                         net (fo=1, routed)           0.475     0.702    PYNQ_Design_i/usp_rf_data_converter_0/inst/i_axi_lite_ipif/I_SLAVE_ATTACHMENT/I_DECODER/adc0_common_stat[10]
    SLICE_X116Y104       LUT5 (Prop_D6LUT_SLICEL_I0_O)
                                                      0.035     0.737 r  PYNQ_Design_i/usp_rf_data_converter_0/inst/i_axi_lite_ipif/I_SLAVE_ATTACHMENT/I_DECODER/IP2Bus_Data[10]_i_29/O
                         net (fo=1, routed)           0.156     0.893    PYNQ_Design_i/usp_rf_data_converter_0/inst/i_axi_lite_ipif/I_SLAVE_ATTACHMENT/I_DECODER/IP2Bus_Data[10]_i_29_n_0
    SLICE_X114Y104       LUT6 (Prop_F6LUT_SLICEL_I4_O)
                                                      0.040     0.933 f  PYNQ_Design_i/usp_rf_data_converter_0/inst/i_axi_lite_ipif/I_SLAVE_ATTACHMENT/I_DECODER/IP2Bus_Data[10]_i_19/O
                         net (fo=1, routed)           0.088     1.021    PYNQ_Design_i/usp_rf_data_converter_0/inst/i_axi_lite_ipif/I_SLAVE_ATTACHMENT/I_DECODER/IP2Bus_Data[10]_i_19_n_0
    SLICE_X114Y110       LUT6 (Prop_C6LUT_SLICEL_I4_O)
                                                      0.050     1.071 f  PYNQ_Design_i/usp_rf_data_converter_0/inst/i_axi_lite_ipif/I_SLAVE_ATTACHMENT/I_DECODER/IP2Bus_Data[10]_i_11/O
                         net (fo=1, routed)           0.135     1.206    PYNQ_Design_i/usp_rf_data_converter_0/inst/i_axi_lite_ipif/I_SLAVE_ATTACHMENT/I_DECODER/IP2Bus_Data[10]_i_11_n_0
    SLICE_X112Y107       LUT6 (Prop_F6LUT_SLICEM_I0_O)
                                                      0.059     1.265 f  PYNQ_Design_i/usp_rf_data_converter_0/inst/i_axi_lite_ipif/I_SLAVE_ATTACHMENT/I_DECODER/IP2Bus_Data[10]_i_5/O
                         net (fo=1, routed)           0.139     1.404    PYNQ_Design_i/usp_rf_data_converter_0/inst/i_axi_lite_ipif/I_SLAVE_ATTACHMENT/I_DECODER/IP2Bus_Data[10]_i_5_n_0
    SLICE_X111Y116       LUT6 (Prop_H6LUT_SLICEL_I4_O)
                                                      0.050     1.454 r  PYNQ_Design_i/usp_rf_data_converter_0/inst/i_axi_lite_ipif/I_SLAVE_ATTACHMENT/I_DECODER/IP2Bus_Data[10]_i_1/O
                         net (fo=1, routed)           0.017     1.471    PYNQ_Design_i/usp_rf_data_converter_0/inst/i_axi_lite_ipif_n_74
    SLICE_X111Y116       FDRE                                         r  PYNQ_Design_i/usp_rf_data_converter_0/inst/IP2Bus_Data_reg[10]/D
  -------------------------------------------------------------------    -------------------

                         (clock clk_pl_0 rise edge)
                                                      0.000     0.000 r  
    PS8_X0Y0             PS8                          0.000     0.000 r  PYNQ_Design_i/zynq_ultra_ps_e_0/U0/PS8_i/PLCLK[0]
                         net (fo=1, routed)           0.129     0.129    PYNQ_Design_i/zynq_ultra_ps_e_0/U0/pl_clk_unbuffered[0]
    BUFG_PS_X0Y58        BUFG_PS (Prop_BUFG_PS_I_O)
                                                      0.018     0.147 r  PYNQ_Design_i/zynq_ultra_ps_e_0/U0/buffer_pl_clk_0.PL_CLK_0_BUFG/O
    X2Y2 (CLOCK_ROOT)    net (fo=13302, routed)       1.271     1.418    PYNQ_Design_i/usp_rf_data_converter_0/inst/s_axi_aclk
    SLICE_X111Y116       FDRE                                         r  PYNQ_Design_i/usp_rf_data_converter_0/inst/IP2Bus_Data_reg[10]/C





--------------------------------------------------------------------------------------
Path Group:  (none)
From Clock:  RFADC1_CLK
  To Clock:  clk_pl_0

Max Delay             8 Endpoints
Min Delay             8 Endpoints
--------------------------------------------------------------------------------------


Max Delay Paths
--------------------------------------------------------------------------------------
Slack:                    inf
  Source:                 PYNQ_Design_i/usp_rf_data_converter_0/inst/PYNQ_Design_usp_rf_data_converter_0_0_rf_wrapper_i/rx1_u_adc/INTERNAL_FBRC_DIV2_MUX
                            (rising edge-triggered cell HSADC clocked by RFADC1_CLK  {rise@0.000ns fall@5.000ns period=10.000ns})
  Destination:            PYNQ_Design_i/usp_rf_data_converter_0/inst/IP2Bus_Data_reg[10]/D
                            (rising edge-triggered cell FDRE clocked by clk_pl_0  {rise@0.000ns fall@5.156ns period=10.312ns})
  Path Group:             (none)
  Path Type:              Setup (Max at Slow Process Corner)
  Data Path Delay:        2.633ns  (logic 1.050ns (39.878%)  route 1.583ns (60.122%))
  Logic Levels:           5  (LUT4=1 LUT5=2 LUT6=2)
  Clock Path Skew:        2.007ns (DCD - SCD + CPR)
    Destination Clock Delay (DCD):    2.007ns
    Source Clock Delay      (SCD):    0.000ns
    Clock Pessimism Removal (CPR):    0.000ns
  Clock Uncertainty:      0.159ns  ((TSJ^2 + DJ^2)^1/2) / 2 + PE
    Total System Jitter     (TSJ):    0.071ns
    Discrete Jitter          (DJ):    0.310ns
    Phase Error              (PE):    0.000ns
  Clock Net Delay (Destination): 1.825ns (routing 0.423ns, distribution 1.402ns)
  Timing Exception:       False Path

    Location             Delay type                Incr(ns)  Path(ns)    Netlist Resource(s)
  -------------------------------------------------------------------    -------------------
                         (clock RFADC1_CLK rise edge)
                                                      0.000     0.000 r  
    HSADC_X0Y1           HSADC                        0.000     0.000 r  PYNQ_Design_i/usp_rf_data_converter_0/inst/PYNQ_Design_usp_rf_data_converter_0_0_rf_wrapper_i/rx1_u_adc/INTERNAL_FBRC_DIV2_MUX
  -------------------------------------------------------------------    -------------------
    HSADC_X0Y1           HSADC (Prop_HSADC_INTERNAL_FBRC_DIV2_MUX_STATUS_COMMON[10])
                                                      0.536     0.536 r  PYNQ_Design_i/usp_rf_data_converter_0/inst/PYNQ_Design_usp_rf_data_converter_0_0_rf_wrapper_i/rx1_u_adc/STATUS_COMMON[10]
                         net (fo=1, routed)           0.556     1.092    PYNQ_Design_i/usp_rf_data_converter_0/inst/i_axi_lite_ipif/I_SLAVE_ATTACHMENT/I_DECODER/adc1_common_stat[10]
    SLICE_X112Y98        LUT4 (Prop_E6LUT_SLICEM_I0_O)
                                                      0.148     1.240 f  PYNQ_Design_i/usp_rf_data_converter_0/inst/i_axi_lite_ipif/I_SLAVE_ATTACHMENT/I_DECODER/IP2Bus_Data[10]_i_36/O
                         net (fo=1, routed)           0.203     1.443    PYNQ_Design_i/usp_rf_data_converter_0/inst/i_axi_lite_ipif/I_SLAVE_ATTACHMENT/I_DECODER/IP2Bus_Data[10]_i_36_n_0
    SLICE_X110Y101       LUT5 (Prop_H6LUT_SLICEM_I3_O)
                                                      0.101     1.544 f  PYNQ_Design_i/usp_rf_data_converter_0/inst/i_axi_lite_ipif/I_SLAVE_ATTACHMENT/I_DECODER/IP2Bus_Data[10]_i_26/O
                         net (fo=1, routed)           0.208     1.752    PYNQ_Design_i/usp_rf_data_converter_0/inst/i_axi_lite_ipif/I_SLAVE_ATTACHMENT/I_DECODER/IP2Bus_Data[10]_i_26_n_0
    SLICE_X109Y103       LUT5 (Prop_H6LUT_SLICEM_I1_O)
                                                      0.090     1.842 f  PYNQ_Design_i/usp_rf_data_converter_0/inst/i_axi_lite_ipif/I_SLAVE_ATTACHMENT/I_DECODER/IP2Bus_Data[10]_i_15/O
                         net (fo=1, routed)           0.293     2.135    PYNQ_Design_i/usp_rf_data_converter_0/inst/i_axi_lite_ipif/I_SLAVE_ATTACHMENT/I_DECODER/IP2Bus_Data[10]_i_15_n_0
    SLICE_X112Y107       LUT6 (Prop_F6LUT_SLICEM_I5_O)
                                                      0.051     2.186 f  PYNQ_Design_i/usp_rf_data_converter_0/inst/i_axi_lite_ipif/I_SLAVE_ATTACHMENT/I_DECODER/IP2Bus_Data[10]_i_5/O
                         net (fo=1, routed)           0.272     2.458    PYNQ_Design_i/usp_rf_data_converter_0/inst/i_axi_lite_ipif/I_SLAVE_ATTACHMENT/I_DECODER/IP2Bus_Data[10]_i_5_n_0
    SLICE_X111Y116       LUT6 (Prop_H6LUT_SLICEL_I4_O)
                                                      0.124     2.582 r  PYNQ_Design_i/usp_rf_data_converter_0/inst/i_axi_lite_ipif/I_SLAVE_ATTACHMENT/I_DECODER/IP2Bus_Data[10]_i_1/O
                         net (fo=1, routed)           0.051     2.633    PYNQ_Design_i/usp_rf_data_converter_0/inst/i_axi_lite_ipif_n_74
    SLICE_X111Y116       FDRE                                         r  PYNQ_Design_i/usp_rf_data_converter_0/inst/IP2Bus_Data_reg[10]/D
  -------------------------------------------------------------------    -------------------

                         (clock clk_pl_0 rise edge)
                                                      0.000     0.000 r  
    PS8_X0Y0             PS8                          0.000     0.000 r  PYNQ_Design_i/zynq_ultra_ps_e_0/U0/PS8_i/PLCLK[0]
                         net (fo=1, routed)           0.157     0.157    PYNQ_Design_i/zynq_ultra_ps_e_0/U0/pl_clk_unbuffered[0]
    BUFG_PS_X0Y58        BUFG_PS (Prop_BUFG_PS_I_O)
                                                      0.025     0.182 r  PYNQ_Design_i/zynq_ultra_ps_e_0/U0/buffer_pl_clk_0.PL_CLK_0_BUFG/O
    X2Y2 (CLOCK_ROOT)    net (fo=13302, routed)       1.825     2.007    PYNQ_Design_i/usp_rf_data_converter_0/inst/s_axi_aclk
    SLICE_X111Y116       FDRE                                         r  PYNQ_Design_i/usp_rf_data_converter_0/inst/IP2Bus_Data_reg[10]/C

Slack:                    inf
  Source:                 PYNQ_Design_i/usp_rf_data_converter_0/inst/PYNQ_Design_usp_rf_data_converter_0_0_rf_wrapper_i/rx1_u_adc/INTERNAL_FBRC_DIV2_MUX
                            (rising edge-triggered cell HSADC clocked by RFADC1_CLK  {rise@0.000ns fall@5.000ns period=10.000ns})
  Destination:            PYNQ_Design_i/usp_rf_data_converter_0/inst/IP2Bus_Data_reg[8]/D
                            (rising edge-triggered cell FDRE clocked by clk_pl_0  {rise@0.000ns fall@5.156ns period=10.312ns})
  Path Group:             (none)
  Path Type:              Setup (Max at Slow Process Corner)
  Data Path Delay:        2.466ns  (logic 1.257ns (50.973%)  route 1.209ns (49.027%))
  Logic Levels:           5  (LUT4=1 LUT5=2 LUT6=2)
  Clock Path Skew:        2.009ns (DCD - SCD + CPR)
    Destination Clock Delay (DCD):    2.009ns
    Source Clock Delay      (SCD):    0.000ns
    Clock Pessimism Removal (CPR):    0.000ns
  Clock Uncertainty:      0.159ns  ((TSJ^2 + DJ^2)^1/2) / 2 + PE
    Total System Jitter     (TSJ):    0.071ns
    Discrete Jitter          (DJ):    0.310ns
    Phase Error              (PE):    0.000ns
  Clock Net Delay (Destination): 1.827ns (routing 0.423ns, distribution 1.404ns)
  Timing Exception:       False Path

    Location             Delay type                Incr(ns)  Path(ns)    Netlist Resource(s)
  -------------------------------------------------------------------    -------------------
                         (clock RFADC1_CLK rise edge)
                                                      0.000     0.000 r  
    HSADC_X0Y1           HSADC                        0.000     0.000 r  PYNQ_Design_i/usp_rf_data_converter_0/inst/PYNQ_Design_usp_rf_data_converter_0_0_rf_wrapper_i/rx1_u_adc/INTERNAL_FBRC_DIV2_MUX
  -------------------------------------------------------------------    -------------------
    HSADC_X0Y1           HSADC (Prop_HSADC_INTERNAL_FBRC_DIV2_MUX_STATUS_COMMON[8])
                                                      0.788     0.788 r  PYNQ_Design_i/usp_rf_data_converter_0/inst/PYNQ_Design_usp_rf_data_converter_0_0_rf_wrapper_i/rx1_u_adc/STATUS_COMMON[8]
                         net (fo=1, routed)           0.546     1.334    PYNQ_Design_i/usp_rf_data_converter_0/inst/i_axi_lite_ipif/I_SLAVE_ATTACHMENT/I_DECODER/adc1_common_stat[8]
    SLICE_X111Y99        LUT4 (Prop_C6LUT_SLICEL_I0_O)
                                                      0.088     1.422 f  PYNQ_Design_i/usp_rf_data_converter_0/inst/i_axi_lite_ipif/I_SLAVE_ATTACHMENT/I_DECODER/IP2Bus_Data[8]_i_36/O
                         net (fo=1, routed)           0.085     1.507    PYNQ_Design_i/usp_rf_data_converter_0/inst/i_axi_lite_ipif/I_SLAVE_ATTACHMENT/I_DECODER/IP2Bus_Data[8]_i_36_n_0
    SLICE_X110Y99        LUT5 (Prop_C6LUT_SLICEM_I3_O)
                                                      0.098     1.605 f  PYNQ_Design_i/usp_rf_data_converter_0/inst/i_axi_lite_ipif/I_SLAVE_ATTACHMENT/I_DECODER/IP2Bus_Data[8]_i_25/O
                         net (fo=1, routed)           0.147     1.752    PYNQ_Design_i/usp_rf_data_converter_0/inst/i_axi_lite_ipif/I_SLAVE_ATTACHMENT/I_DECODER/IP2Bus_Data[8]_i_25_n_0
    SLICE_X110Y103       LUT5 (Prop_F6LUT_SLICEM_I1_O)
                                                      0.123     1.875 f  PYNQ_Design_i/usp_rf_data_converter_0/inst/i_axi_lite_ipif/I_SLAVE_ATTACHMENT/I_DECODER/IP2Bus_Data[8]_i_10/O
                         net (fo=1, routed)           0.147     2.022    PYNQ_Design_i/usp_rf_data_converter_0/inst/i_axi_lite_ipif/I_SLAVE_ATTACHMENT/I_DECODER/IP2Bus_Data[8]_i_10_n_0
    SLICE_X110Y107       LUT6 (Prop_C6LUT_SLICEM_I5_O)
                                                      0.123     2.145 f  PYNQ_Design_i/usp_rf_data_converter_0/inst/i_axi_lite_ipif/I_SLAVE_ATTACHMENT/I_DECODER/IP2Bus_Data[8]_i_2/O
                         net (fo=1, routed)           0.218     2.363    PYNQ_Design_i/usp_rf_data_converter_0/inst/i_axi_lite_ipif/I_SLAVE_ATTACHMENT/I_DECODER/IP2Bus_Data[8]_i_2_n_0
    SLICE_X110Y116       LUT6 (Prop_C6LUT_SLICEM_I0_O)
                                                      0.037     2.400 r  PYNQ_Design_i/usp_rf_data_converter_0/inst/i_axi_lite_ipif/I_SLAVE_ATTACHMENT/I_DECODER/IP2Bus_Data[8]_i_1/O
                         net (fo=1, routed)           0.066     2.466    PYNQ_Design_i/usp_rf_data_converter_0/inst/i_axi_lite_ipif_n_76
    SLICE_X110Y116       FDRE                                         r  PYNQ_Design_i/usp_rf_data_converter_0/inst/IP2Bus_Data_reg[8]/D
  -------------------------------------------------------------------    -------------------

                         (clock clk_pl_0 rise edge)
                                                      0.000     0.000 r  
    PS8_X0Y0             PS8                          0.000     0.000 r  PYNQ_Design_i/zynq_ultra_ps_e_0/U0/PS8_i/PLCLK[0]
                         net (fo=1, routed)           0.157     0.157    PYNQ_Design_i/zynq_ultra_ps_e_0/U0/pl_clk_unbuffered[0]
    BUFG_PS_X0Y58        BUFG_PS (Prop_BUFG_PS_I_O)
                                                      0.025     0.182 r  PYNQ_Design_i/zynq_ultra_ps_e_0/U0/buffer_pl_clk_0.PL_CLK_0_BUFG/O
    X2Y2 (CLOCK_ROOT)    net (fo=13302, routed)       1.827     2.009    PYNQ_Design_i/usp_rf_data_converter_0/inst/s_axi_aclk
    SLICE_X110Y116       FDRE                                         r  PYNQ_Design_i/usp_rf_data_converter_0/inst/IP2Bus_Data_reg[8]/C

Slack:                    inf
  Source:                 PYNQ_Design_i/usp_rf_data_converter_0/inst/PYNQ_Design_usp_rf_data_converter_0_0_rf_wrapper_i/rx1_u_adc/INTERNAL_FBRC_DIV2_MUX
                            (rising edge-triggered cell HSADC clocked by RFADC1_CLK  {rise@0.000ns fall@5.000ns period=10.000ns})
  Destination:            PYNQ_Design_i/usp_rf_data_converter_0/inst/IP2Bus_Data_reg[13]/D
                            (rising edge-triggered cell FDRE clocked by clk_pl_0  {rise@0.000ns fall@5.156ns period=10.312ns})
  Path Group:             (none)
  Path Type:              Setup (Max at Slow Process Corner)
  Data Path Delay:        2.409ns  (logic 1.181ns (49.025%)  route 1.228ns (50.976%))
  Logic Levels:           4  (LUT5=2 LUT6=2)
  Clock Path Skew:        2.001ns (DCD - SCD + CPR)
    Destination Clock Delay (DCD):    2.001ns
    Source Clock Delay      (SCD):    0.000ns
    Clock Pessimism Removal (CPR):    0.000ns
  Clock Uncertainty:      0.159ns  ((TSJ^2 + DJ^2)^1/2) / 2 + PE
    Total System Jitter     (TSJ):    0.071ns
    Discrete Jitter          (DJ):    0.310ns
    Phase Error              (PE):    0.000ns
  Clock Net Delay (Destination): 1.819ns (routing 0.423ns, distribution 1.396ns)
  Timing Exception:       False Path

    Location             Delay type                Incr(ns)  Path(ns)    Netlist Resource(s)
  -------------------------------------------------------------------    -------------------
                         (clock RFADC1_CLK rise edge)
                                                      0.000     0.000 r  
    HSADC_X0Y1           HSADC                        0.000     0.000 r  PYNQ_Design_i/usp_rf_data_converter_0/inst/PYNQ_Design_usp_rf_data_converter_0_0_rf_wrapper_i/rx1_u_adc/INTERNAL_FBRC_DIV2_MUX
  -------------------------------------------------------------------    -------------------
    HSADC_X0Y1           HSADC (Prop_HSADC_INTERNAL_FBRC_DIV2_MUX_STATUS_COMMON[13])
                                                      0.771     0.771 r  PYNQ_Design_i/usp_rf_data_converter_0/inst/PYNQ_Design_usp_rf_data_converter_0_0_rf_wrapper_i/rx1_u_adc/STATUS_COMMON[13]
                         net (fo=1, routed)           0.542     1.313    PYNQ_Design_i/usp_rf_data_converter_0/inst/i_axi_lite_ipif/I_SLAVE_ATTACHMENT/I_DECODER/adc1_common_stat[13]
    SLICE_X112Y98        LUT5 (Prop_H6LUT_SLICEM_I4_O)
                                                      0.125     1.438 r  PYNQ_Design_i/usp_rf_data_converter_0/inst/i_axi_lite_ipif/I_SLAVE_ATTACHMENT/I_DECODER/IP2Bus_Data[13]_i_28/O
                         net (fo=1, routed)           0.198     1.636    PYNQ_Design_i/usp_rf_data_converter_0/inst/i_axi_lite_ipif/I_SLAVE_ATTACHMENT/I_DECODER/IP2Bus_Data[13]_i_28_n_0
    SLICE_X111Y102       LUT5 (Prop_E6LUT_SLICEL_I4_O)
                                                      0.051     1.687 r  PYNQ_Design_i/usp_rf_data_converter_0/inst/i_axi_lite_ipif/I_SLAVE_ATTACHMENT/I_DECODER/IP2Bus_Data[13]_i_14/O
                         net (fo=1, routed)           0.087     1.774    PYNQ_Design_i/usp_rf_data_converter_0/inst/i_axi_lite_ipif/I_SLAVE_ATTACHMENT/I_DECODER/IP2Bus_Data[13]_i_14_n_0
    SLICE_X111Y102       LUT6 (Prop_G6LUT_SLICEL_I0_O)
                                                      0.089     1.863 f  PYNQ_Design_i/usp_rf_data_converter_0/inst/i_axi_lite_ipif/I_SLAVE_ATTACHMENT/I_DECODER/IP2Bus_Data[13]_i_5/O
                         net (fo=1, routed)           0.329     2.192    PYNQ_Design_i/usp_rf_data_converter_0/inst/i_axi_lite_ipif/I_SLAVE_ATTACHMENT/I_DECODER/IP2Bus_Data[13]_i_5_n_0
    SLICE_X112Y114       LUT6 (Prop_D6LUT_SLICEM_I3_O)
                                                      0.145     2.337 r  PYNQ_Design_i/usp_rf_data_converter_0/inst/i_axi_lite_ipif/I_SLAVE_ATTACHMENT/I_DECODER/IP2Bus_Data[13]_i_1/O
                         net (fo=1, routed)           0.072     2.409    PYNQ_Design_i/usp_rf_data_converter_0/inst/i_axi_lite_ipif_n_71
    SLICE_X112Y114       FDRE                                         r  PYNQ_Design_i/usp_rf_data_converter_0/inst/IP2Bus_Data_reg[13]/D
  -------------------------------------------------------------------    -------------------

                         (clock clk_pl_0 rise edge)
                                                      0.000     0.000 r  
    PS8_X0Y0             PS8                          0.000     0.000 r  PYNQ_Design_i/zynq_ultra_ps_e_0/U0/PS8_i/PLCLK[0]
                         net (fo=1, routed)           0.157     0.157    PYNQ_Design_i/zynq_ultra_ps_e_0/U0/pl_clk_unbuffered[0]
    BUFG_PS_X0Y58        BUFG_PS (Prop_BUFG_PS_I_O)
                                                      0.025     0.182 r  PYNQ_Design_i/zynq_ultra_ps_e_0/U0/buffer_pl_clk_0.PL_CLK_0_BUFG/O
    X2Y2 (CLOCK_ROOT)    net (fo=13302, routed)       1.819     2.001    PYNQ_Design_i/usp_rf_data_converter_0/inst/s_axi_aclk
    SLICE_X112Y114       FDRE                                         r  PYNQ_Design_i/usp_rf_data_converter_0/inst/IP2Bus_Data_reg[13]/C

Slack:                    inf
  Source:                 PYNQ_Design_i/usp_rf_data_converter_0/inst/PYNQ_Design_usp_rf_data_converter_0_0_rf_wrapper_i/rx1_u_adc/INTERNAL_FBRC_DIV2_MUX
                            (rising edge-triggered cell HSADC clocked by RFADC1_CLK  {rise@0.000ns fall@5.000ns period=10.000ns})
  Destination:            PYNQ_Design_i/usp_rf_data_converter_0/inst/IP2Bus_Data_reg[9]/D
                            (rising edge-triggered cell FDRE clocked by clk_pl_0  {rise@0.000ns fall@5.156ns period=10.312ns})
  Path Group:             (none)
  Path Type:              Setup (Max at Slow Process Corner)
  Data Path Delay:        2.345ns  (logic 0.954ns (40.682%)  route 1.391ns (59.318%))
  Logic Levels:           4  (LUT5=2 LUT6=2)
  Clock Path Skew:        2.011ns (DCD - SCD + CPR)
    Destination Clock Delay (DCD):    2.011ns
    Source Clock Delay      (SCD):    0.000ns
    Clock Pessimism Removal (CPR):    0.000ns
  Clock Uncertainty:      0.159ns  ((TSJ^2 + DJ^2)^1/2) / 2 + PE
    Total System Jitter     (TSJ):    0.071ns
    Discrete Jitter          (DJ):    0.310ns
    Phase Error              (PE):    0.000ns
  Clock Net Delay (Destination): 1.829ns (routing 0.423ns, distribution 1.406ns)
  Timing Exception:       False Path

    Location             Delay type                Incr(ns)  Path(ns)    Netlist Resource(s)
  -------------------------------------------------------------------    -------------------
                         (clock RFADC1_CLK rise edge)
                                                      0.000     0.000 r  
    HSADC_X0Y1           HSADC                        0.000     0.000 r  PYNQ_Design_i/usp_rf_data_converter_0/inst/PYNQ_Design_usp_rf_data_converter_0_0_rf_wrapper_i/rx1_u_adc/INTERNAL_FBRC_DIV2_MUX
  -------------------------------------------------------------------    -------------------
    HSADC_X0Y1           HSADC (Prop_HSADC_INTERNAL_FBRC_DIV2_MUX_STATUS_COMMON[9])
                                                      0.532     0.532 r  PYNQ_Design_i/usp_rf_data_converter_0/inst/PYNQ_Design_usp_rf_data_converter_0_0_rf_wrapper_i/rx1_u_adc/STATUS_COMMON[9]
                         net (fo=1, routed)           0.582     1.114    PYNQ_Design_i/usp_rf_data_converter_0/inst/i_axi_lite_ipif/I_SLAVE_ATTACHMENT/I_DECODER/adc1_common_stat[9]
    SLICE_X112Y98        LUT5 (Prop_F6LUT_SLICEM_I4_O)
                                                      0.148     1.262 r  PYNQ_Design_i/usp_rf_data_converter_0/inst/i_axi_lite_ipif/I_SLAVE_ATTACHMENT/I_DECODER/IP2Bus_Data[9]_i_41/O
                         net (fo=1, routed)           0.158     1.420    PYNQ_Design_i/usp_rf_data_converter_0/inst/i_axi_lite_ipif/I_SLAVE_ATTACHMENT/I_DECODER/IP2Bus_Data[9]_i_41_n_0
    SLICE_X110Y100       LUT5 (Prop_C6LUT_SLICEM_I3_O)
                                                      0.123     1.543 r  PYNQ_Design_i/usp_rf_data_converter_0/inst/i_axi_lite_ipif/I_SLAVE_ATTACHMENT/I_DECODER/IP2Bus_Data[9]_i_20/O
                         net (fo=1, routed)           0.145     1.688    PYNQ_Design_i/usp_rf_data_converter_0/inst/i_axi_lite_ipif/I_SLAVE_ATTACHMENT/I_DECODER/IP2Bus_Data[9]_i_20_n_0
    SLICE_X110Y102       LUT6 (Prop_G6LUT_SLICEM_I4_O)
                                                      0.100     1.788 r  PYNQ_Design_i/usp_rf_data_converter_0/inst/i_axi_lite_ipif/I_SLAVE_ATTACHMENT/I_DECODER/IP2Bus_Data[9]_i_6/O
                         net (fo=1, routed)           0.440     2.228    PYNQ_Design_i/usp_rf_data_converter_0/inst/i_axi_lite_ipif/I_SLAVE_ATTACHMENT/I_DECODER/IP2Bus_Data[9]_i_6_n_0
    SLICE_X113Y112       LUT6 (Prop_C6LUT_SLICEM_I4_O)
                                                      0.051     2.279 r  PYNQ_Design_i/usp_rf_data_converter_0/inst/i_axi_lite_ipif/I_SLAVE_ATTACHMENT/I_DECODER/IP2Bus_Data[9]_i_1/O
                         net (fo=1, routed)           0.066     2.345    PYNQ_Design_i/usp_rf_data_converter_0/inst/i_axi_lite_ipif_n_75
    SLICE_X113Y112       FDRE                                         r  PYNQ_Design_i/usp_rf_data_converter_0/inst/IP2Bus_Data_reg[9]/D
  -------------------------------------------------------------------    -------------------

                         (clock clk_pl_0 rise edge)
                                                      0.000     0.000 r  
    PS8_X0Y0             PS8                          0.000     0.000 r  PYNQ_Design_i/zynq_ultra_ps_e_0/U0/PS8_i/PLCLK[0]
                         net (fo=1, routed)           0.157     0.157    PYNQ_Design_i/zynq_ultra_ps_e_0/U0/pl_clk_unbuffered[0]
    BUFG_PS_X0Y58        BUFG_PS (Prop_BUFG_PS_I_O)
                                                      0.025     0.182 r  PYNQ_Design_i/zynq_ultra_ps_e_0/U0/buffer_pl_clk_0.PL_CLK_0_BUFG/O
    X2Y2 (CLOCK_ROOT)    net (fo=13302, routed)       1.829     2.011    PYNQ_Design_i/usp_rf_data_converter_0/inst/s_axi_aclk
    SLICE_X113Y112       FDRE                                         r  PYNQ_Design_i/usp_rf_data_converter_0/inst/IP2Bus_Data_reg[9]/C

Slack:                    inf
  Source:                 PYNQ_Design_i/usp_rf_data_converter_0/inst/PYNQ_Design_usp_rf_data_converter_0_0_rf_wrapper_i/rx1_u_adc/INTERNAL_FBRC_DIV2_MUX
                            (rising edge-triggered cell HSADC clocked by RFADC1_CLK  {rise@0.000ns fall@5.000ns period=10.000ns})
  Destination:            PYNQ_Design_i/usp_rf_data_converter_0/inst/IP2Bus_Data_reg[12]/D
                            (rising edge-triggered cell FDRE clocked by clk_pl_0  {rise@0.000ns fall@5.156ns period=10.312ns})
  Path Group:             (none)
  Path Type:              Setup (Max at Slow Process Corner)
  Data Path Delay:        2.093ns  (logic 0.936ns (44.720%)  route 1.157ns (55.280%))
  Logic Levels:           4  (LUT5=1 LUT6=3)
  Clock Path Skew:        1.999ns (DCD - SCD + CPR)
    Destination Clock Delay (DCD):    1.999ns
    Source Clock Delay      (SCD):    0.000ns
    Clock Pessimism Removal (CPR):    0.000ns
  Clock Uncertainty:      0.159ns  ((TSJ^2 + DJ^2)^1/2) / 2 + PE
    Total System Jitter     (TSJ):    0.071ns
    Discrete Jitter          (DJ):    0.310ns
    Phase Error              (PE):    0.000ns
  Clock Net Delay (Destination): 1.817ns (routing 0.423ns, distribution 1.394ns)
  Timing Exception:       False Path

    Location             Delay type                Incr(ns)  Path(ns)    Netlist Resource(s)
  -------------------------------------------------------------------    -------------------
                         (clock RFADC1_CLK rise edge)
                                                      0.000     0.000 r  
    HSADC_X0Y1           HSADC                        0.000     0.000 r  PYNQ_Design_i/usp_rf_data_converter_0/inst/PYNQ_Design_usp_rf_data_converter_0_0_rf_wrapper_i/rx1_u_adc/INTERNAL_FBRC_DIV2_MUX
  -------------------------------------------------------------------    -------------------
    HSADC_X0Y1           HSADC (Prop_HSADC_INTERNAL_FBRC_DIV2_MUX_STATUS_COMMON[12])
                                                      0.611     0.611 r  PYNQ_Design_i/usp_rf_data_converter_0/inst/PYNQ_Design_usp_rf_data_converter_0_0_rf_wrapper_i/rx1_u_adc/STATUS_COMMON[12]
                         net (fo=1, routed)           0.527     1.138    PYNQ_Design_i/usp_rf_data_converter_0/inst/i_axi_lite_ipif/I_SLAVE_ATTACHMENT/I_DECODER/adc1_common_stat[12]
    SLICE_X110Y99        LUT5 (Prop_G6LUT_SLICEM_I3_O)
                                                      0.150     1.288 f  PYNQ_Design_i/usp_rf_data_converter_0/inst/i_axi_lite_ipif/I_SLAVE_ATTACHMENT/I_DECODER/IP2Bus_Data[12]_i_31/O
                         net (fo=1, routed)           0.133     1.421    PYNQ_Design_i/usp_rf_data_converter_0/inst/i_axi_lite_ipif/I_SLAVE_ATTACHMENT/I_DECODER/IP2Bus_Data[12]_i_31_n_0
    SLICE_X111Y100       LUT6 (Prop_G6LUT_SLICEL_I5_O)
                                                      0.089     1.510 r  PYNQ_Design_i/usp_rf_data_converter_0/inst/i_axi_lite_ipif/I_SLAVE_ATTACHMENT/I_DECODER/IP2Bus_Data[12]_i_13/O
                         net (fo=1, routed)           0.186     1.696    PYNQ_Design_i/usp_rf_data_converter_0/inst/i_axi_lite_ipif/I_SLAVE_ATTACHMENT/I_DECODER/IP2Bus_Data[12]_i_13_n_0
    SLICE_X112Y103       LUT6 (Prop_C6LUT_SLICEM_I5_O)
                                                      0.051     1.747 r  PYNQ_Design_i/usp_rf_data_converter_0/inst/i_axi_lite_ipif/I_SLAVE_ATTACHMENT/I_DECODER/IP2Bus_Data[12]_i_3/O
                         net (fo=1, routed)           0.261     2.008    PYNQ_Design_i/usp_rf_data_converter_0/inst/i_axi_lite_ipif/I_SLAVE_ATTACHMENT/I_DECODER/IP2Bus_Data[12]_i_3_n_0
    SLICE_X111Y112       LUT6 (Prop_C6LUT_SLICEL_I1_O)
                                                      0.035     2.043 r  PYNQ_Design_i/usp_rf_data_converter_0/inst/i_axi_lite_ipif/I_SLAVE_ATTACHMENT/I_DECODER/IP2Bus_Data[12]_i_1/O
                         net (fo=1, routed)           0.050     2.093    PYNQ_Design_i/usp_rf_data_converter_0/inst/i_axi_lite_ipif_n_72
    SLICE_X111Y112       FDRE                                         r  PYNQ_Design_i/usp_rf_data_converter_0/inst/IP2Bus_Data_reg[12]/D
  -------------------------------------------------------------------    -------------------

                         (clock clk_pl_0 rise edge)
                                                      0.000     0.000 r  
    PS8_X0Y0             PS8                          0.000     0.000 r  PYNQ_Design_i/zynq_ultra_ps_e_0/U0/PS8_i/PLCLK[0]
                         net (fo=1, routed)           0.157     0.157    PYNQ_Design_i/zynq_ultra_ps_e_0/U0/pl_clk_unbuffered[0]
    BUFG_PS_X0Y58        BUFG_PS (Prop_BUFG_PS_I_O)
                                                      0.025     0.182 r  PYNQ_Design_i/zynq_ultra_ps_e_0/U0/buffer_pl_clk_0.PL_CLK_0_BUFG/O
    X2Y2 (CLOCK_ROOT)    net (fo=13302, routed)       1.817     1.999    PYNQ_Design_i/usp_rf_data_converter_0/inst/s_axi_aclk
    SLICE_X111Y112       FDRE                                         r  PYNQ_Design_i/usp_rf_data_converter_0/inst/IP2Bus_Data_reg[12]/C

Slack:                    inf
  Source:                 PYNQ_Design_i/usp_rf_data_converter_0/inst/PYNQ_Design_usp_rf_data_converter_0_0_rf_wrapper_i/rx1_u_adc/INTERNAL_FBRC_DIV2_MUX
                            (rising edge-triggered cell HSADC clocked by RFADC1_CLK  {rise@0.000ns fall@5.000ns period=10.000ns})
  Destination:            PYNQ_Design_i/usp_rf_data_converter_0/inst/IP2Bus_Data_reg[11]/D
                            (rising edge-triggered cell FDRE clocked by clk_pl_0  {rise@0.000ns fall@5.156ns period=10.312ns})
  Path Group:             (none)
  Path Type:              Setup (Max at Slow Process Corner)
  Data Path Delay:        2.086ns  (logic 0.912ns (43.720%)  route 1.174ns (56.280%))
  Logic Levels:           5  (LUT4=1 LUT5=2 LUT6=2)
  Clock Path Skew:        2.009ns (DCD - SCD + CPR)
    Destination Clock Delay (DCD):    2.009ns
    Source Clock Delay      (SCD):    0.000ns
    Clock Pessimism Removal (CPR):    0.000ns
  Clock Uncertainty:      0.159ns  ((TSJ^2 + DJ^2)^1/2) / 2 + PE
    Total System Jitter     (TSJ):    0.071ns
    Discrete Jitter          (DJ):    0.310ns
    Phase Error              (PE):    0.000ns
  Clock Net Delay (Destination): 1.827ns (routing 0.423ns, distribution 1.404ns)
  Timing Exception:       False Path

    Location             Delay type                Incr(ns)  Path(ns)    Netlist Resource(s)
  -------------------------------------------------------------------    -------------------
                         (clock RFADC1_CLK rise edge)
                                                      0.000     0.000 r  
    HSADC_X0Y1           HSADC                        0.000     0.000 r  PYNQ_Design_i/usp_rf_data_converter_0/inst/PYNQ_Design_usp_rf_data_converter_0_0_rf_wrapper_i/rx1_u_adc/INTERNAL_FBRC_DIV2_MUX
  -------------------------------------------------------------------    -------------------
    HSADC_X0Y1           HSADC (Prop_HSADC_INTERNAL_FBRC_DIV2_MUX_STATUS_COMMON[11])
                                                      0.588     0.588 r  PYNQ_Design_i/usp_rf_data_converter_0/inst/PYNQ_Design_usp_rf_data_converter_0_0_rf_wrapper_i/rx1_u_adc/STATUS_COMMON[11]
                         net (fo=1, routed)           0.518     1.106    PYNQ_Design_i/usp_rf_data_converter_0/inst/i_axi_lite_ipif/I_SLAVE_ATTACHMENT/I_DECODER/adc1_common_stat[11]
    SLICE_X111Y99        LUT4 (Prop_D6LUT_SLICEL_I0_O)
                                                      0.089     1.195 f  PYNQ_Design_i/usp_rf_data_converter_0/inst/i_axi_lite_ipif/I_SLAVE_ATTACHMENT/I_DECODER/IP2Bus_Data[11]_i_45/O
                         net (fo=1, routed)           0.043     1.238    PYNQ_Design_i/usp_rf_data_converter_0/inst/i_axi_lite_ipif/I_SLAVE_ATTACHMENT/I_DECODER/IP2Bus_Data[11]_i_45_n_0
    SLICE_X111Y99        LUT5 (Prop_G6LUT_SLICEL_I3_O)
                                                      0.097     1.335 f  PYNQ_Design_i/usp_rf_data_converter_0/inst/i_axi_lite_ipif/I_SLAVE_ATTACHMENT/I_DECODER/IP2Bus_Data[11]_i_29/O
                         net (fo=1, routed)           0.143     1.478    PYNQ_Design_i/usp_rf_data_converter_0/inst/i_axi_lite_ipif/I_SLAVE_ATTACHMENT/I_DECODER/IP2Bus_Data[11]_i_29_n_0
    SLICE_X111Y103       LUT5 (Prop_G6LUT_SLICEL_I1_O)
                                                      0.050     1.528 f  PYNQ_Design_i/usp_rf_data_converter_0/inst/i_axi_lite_ipif/I_SLAVE_ATTACHMENT/I_DECODER/IP2Bus_Data[11]_i_10/O
                         net (fo=1, routed)           0.152     1.680    PYNQ_Design_i/usp_rf_data_converter_0/inst/i_axi_lite_ipif/I_SLAVE_ATTACHMENT/I_DECODER/IP2Bus_Data[11]_i_10_n_0
    SLICE_X111Y108       LUT6 (Prop_H6LUT_SLICEL_I5_O)
                                                      0.051     1.731 f  PYNQ_Design_i/usp_rf_data_converter_0/inst/i_axi_lite_ipif/I_SLAVE_ATTACHMENT/I_DECODER/IP2Bus_Data[11]_i_2/O
                         net (fo=1, routed)           0.246     1.977    PYNQ_Design_i/usp_rf_data_converter_0/inst/i_axi_lite_ipif/I_SLAVE_ATTACHMENT/I_DECODER/IP2Bus_Data[11]_i_2_n_0
    SLICE_X110Y116       LUT6 (Prop_D6LUT_SLICEM_I0_O)
                                                      0.037     2.014 r  PYNQ_Design_i/usp_rf_data_converter_0/inst/i_axi_lite_ipif/I_SLAVE_ATTACHMENT/I_DECODER/IP2Bus_Data[11]_i_1/O
                         net (fo=1, routed)           0.072     2.086    PYNQ_Design_i/usp_rf_data_converter_0/inst/i_axi_lite_ipif_n_73
    SLICE_X110Y116       FDRE                                         r  PYNQ_Design_i/usp_rf_data_converter_0/inst/IP2Bus_Data_reg[11]/D
  -------------------------------------------------------------------    -------------------

                         (clock clk_pl_0 rise edge)
                                                      0.000     0.000 r  
    PS8_X0Y0             PS8                          0.000     0.000 r  PYNQ_Design_i/zynq_ultra_ps_e_0/U0/PS8_i/PLCLK[0]
                         net (fo=1, routed)           0.157     0.157    PYNQ_Design_i/zynq_ultra_ps_e_0/U0/pl_clk_unbuffered[0]
    BUFG_PS_X0Y58        BUFG_PS (Prop_BUFG_PS_I_O)
                                                      0.025     0.182 r  PYNQ_Design_i/zynq_ultra_ps_e_0/U0/buffer_pl_clk_0.PL_CLK_0_BUFG/O
    X2Y2 (CLOCK_ROOT)    net (fo=13302, routed)       1.827     2.009    PYNQ_Design_i/usp_rf_data_converter_0/inst/s_axi_aclk
    SLICE_X110Y116       FDRE                                         r  PYNQ_Design_i/usp_rf_data_converter_0/inst/IP2Bus_Data_reg[11]/C

Slack:                    inf
  Source:                 PYNQ_Design_i/usp_rf_data_converter_0/inst/PYNQ_Design_usp_rf_data_converter_0_0_rf_wrapper_i/rx1_u_adc/INTERNAL_FBRC_DIV2_MUX
                            (rising edge-triggered cell HSADC clocked by RFADC1_CLK  {rise@0.000ns fall@5.000ns period=10.000ns})
  Destination:            PYNQ_Design_i/usp_rf_data_converter_0/inst/IP2Bus_Data_reg[14]/D
                            (rising edge-triggered cell FDRE clocked by clk_pl_0  {rise@0.000ns fall@5.156ns period=10.312ns})
  Path Group:             (none)
  Path Type:              Setup (Max at Slow Process Corner)
  Data Path Delay:        1.871ns  (logic 0.936ns (50.027%)  route 0.935ns (49.973%))
  Logic Levels:           3  (LUT6=3)
  Clock Path Skew:        1.999ns (DCD - SCD + CPR)
    Destination Clock Delay (DCD):    1.999ns
    Source Clock Delay      (SCD):    0.000ns
    Clock Pessimism Removal (CPR):    0.000ns
  Clock Uncertainty:      0.159ns  ((TSJ^2 + DJ^2)^1/2) / 2 + PE
    Total System Jitter     (TSJ):    0.071ns
    Discrete Jitter          (DJ):    0.310ns
    Phase Error              (PE):    0.000ns
  Clock Net Delay (Destination): 1.817ns (routing 0.423ns, distribution 1.394ns)
  Timing Exception:       False Path

    Location             Delay type                Incr(ns)  Path(ns)    Netlist Resource(s)
  -------------------------------------------------------------------    -------------------
                         (clock RFADC1_CLK rise edge)
                                                      0.000     0.000 r  
    HSADC_X0Y1           HSADC                        0.000     0.000 r  PYNQ_Design_i/usp_rf_data_converter_0/inst/PYNQ_Design_usp_rf_data_converter_0_0_rf_wrapper_i/rx1_u_adc/INTERNAL_FBRC_DIV2_MUX
  -------------------------------------------------------------------    -------------------
    HSADC_X0Y1           HSADC (Prop_HSADC_INTERNAL_FBRC_DIV2_MUX_STATUS_COMMON[14])
                                                      0.698     0.698 r  PYNQ_Design_i/usp_rf_data_converter_0/inst/PYNQ_Design_usp_rf_data_converter_0_0_rf_wrapper_i/rx1_u_adc/STATUS_COMMON[14]
                         net (fo=1, routed)           0.494     1.192    PYNQ_Design_i/usp_rf_data_converter_0/inst/i_axi_lite_ipif/I_SLAVE_ATTACHMENT/I_DECODER/adc1_common_stat[14]
    SLICE_X112Y101       LUT6 (Prop_C6LUT_SLICEM_I0_O)
                                                      0.037     1.229 r  PYNQ_Design_i/usp_rf_data_converter_0/inst/i_axi_lite_ipif/I_SLAVE_ATTACHMENT/I_DECODER/IP2Bus_Data[14]_i_24/O
                         net (fo=1, routed)           0.071     1.300    PYNQ_Design_i/usp_rf_data_converter_0/inst/i_axi_lite_ipif/I_SLAVE_ATTACHMENT/I_DECODER/IP2Bus_Data[14]_i_24_n_0
    SLICE_X112Y101       LUT6 (Prop_G6LUT_SLICEM_I3_O)
                                                      0.150     1.450 r  PYNQ_Design_i/usp_rf_data_converter_0/inst/i_axi_lite_ipif/I_SLAVE_ATTACHMENT/I_DECODER/IP2Bus_Data[14]_i_7/O
                         net (fo=1, routed)           0.321     1.771    PYNQ_Design_i/usp_rf_data_converter_0/inst/i_axi_lite_ipif/I_SLAVE_ATTACHMENT/I_DECODER/IP2Bus_Data[14]_i_7_n_0
    SLICE_X111Y112       LUT6 (Prop_B6LUT_SLICEL_I5_O)
                                                      0.051     1.822 r  PYNQ_Design_i/usp_rf_data_converter_0/inst/i_axi_lite_ipif/I_SLAVE_ATTACHMENT/I_DECODER/IP2Bus_Data[14]_i_1/O
                         net (fo=1, routed)           0.049     1.871    PYNQ_Design_i/usp_rf_data_converter_0/inst/i_axi_lite_ipif_n_70
    SLICE_X111Y112       FDRE                                         r  PYNQ_Design_i/usp_rf_data_converter_0/inst/IP2Bus_Data_reg[14]/D
  -------------------------------------------------------------------    -------------------

                         (clock clk_pl_0 rise edge)
                                                      0.000     0.000 r  
    PS8_X0Y0             PS8                          0.000     0.000 r  PYNQ_Design_i/zynq_ultra_ps_e_0/U0/PS8_i/PLCLK[0]
                         net (fo=1, routed)           0.157     0.157    PYNQ_Design_i/zynq_ultra_ps_e_0/U0/pl_clk_unbuffered[0]
    BUFG_PS_X0Y58        BUFG_PS (Prop_BUFG_PS_I_O)
                                                      0.025     0.182 r  PYNQ_Design_i/zynq_ultra_ps_e_0/U0/buffer_pl_clk_0.PL_CLK_0_BUFG/O
    X2Y2 (CLOCK_ROOT)    net (fo=13302, routed)       1.817     1.999    PYNQ_Design_i/usp_rf_data_converter_0/inst/s_axi_aclk
    SLICE_X111Y112       FDRE                                         r  PYNQ_Design_i/usp_rf_data_converter_0/inst/IP2Bus_Data_reg[14]/C

Slack:                    inf
  Source:                 PYNQ_Design_i/usp_rf_data_converter_0/inst/PYNQ_Design_usp_rf_data_converter_0_0_rf_wrapper_i/rx1_u_adc/INTERNAL_FBRC_DIV2_MUX
                            (rising edge-triggered cell HSADC clocked by RFADC1_CLK  {rise@0.000ns fall@5.000ns period=10.000ns})
  Destination:            PYNQ_Design_i/usp_rf_data_converter_0/inst/IP2Bus_Data_reg[15]/D
                            (rising edge-triggered cell FDRE clocked by clk_pl_0  {rise@0.000ns fall@5.156ns period=10.312ns})
  Path Group:             (none)
  Path Type:              Setup (Max at Slow Process Corner)
  Data Path Delay:        1.827ns  (logic 0.764ns (41.817%)  route 1.063ns (58.183%))
  Logic Levels:           4  (LUT5=1 LUT6=3)
  Clock Path Skew:        2.006ns (DCD - SCD + CPR)
    Destination Clock Delay (DCD):    2.006ns
    Source Clock Delay      (SCD):    0.000ns
    Clock Pessimism Removal (CPR):    0.000ns
  Clock Uncertainty:      0.159ns  ((TSJ^2 + DJ^2)^1/2) / 2 + PE
    Total System Jitter     (TSJ):    0.071ns
    Discrete Jitter          (DJ):    0.310ns
    Phase Error              (PE):    0.000ns
  Clock Net Delay (Destination): 1.824ns (routing 0.423ns, distribution 1.401ns)
  Timing Exception:       False Path

    Location             Delay type                Incr(ns)  Path(ns)    Netlist Resource(s)
  -------------------------------------------------------------------    -------------------
                         (clock RFADC1_CLK rise edge)
                                                      0.000     0.000 r  
    HSADC_X0Y1           HSADC                        0.000     0.000 r  PYNQ_Design_i/usp_rf_data_converter_0/inst/PYNQ_Design_usp_rf_data_converter_0_0_rf_wrapper_i/rx1_u_adc/INTERNAL_FBRC_DIV2_MUX
  -------------------------------------------------------------------    -------------------
    HSADC_X0Y1           HSADC (Prop_HSADC_INTERNAL_FBRC_DIV2_MUX_STATUS_COMMON[15])
                                                      0.525     0.525 r  PYNQ_Design_i/usp_rf_data_converter_0/inst/PYNQ_Design_usp_rf_data_converter_0_0_rf_wrapper_i/rx1_u_adc/STATUS_COMMON[15]
                         net (fo=1, routed)           0.480     1.005    PYNQ_Design_i/usp_rf_data_converter_0/inst/i_axi_lite_ipif/I_SLAVE_ATTACHMENT/I_DECODER/adc1_common_stat[15]
    SLICE_X112Y98        LUT5 (Prop_D6LUT_SLICEM_I4_O)
                                                      0.037     1.042 r  PYNQ_Design_i/usp_rf_data_converter_0/inst/i_axi_lite_ipif/I_SLAVE_ATTACHMENT/I_DECODER/IP2Bus_Data[15]_i_53/O
                         net (fo=1, routed)           0.159     1.201    PYNQ_Design_i/usp_rf_data_converter_0/inst/i_axi_lite_ipif/I_SLAVE_ATTACHMENT/I_DECODER/IP2Bus_Data[15]_i_53_n_0
    SLICE_X113Y100       LUT6 (Prop_G6LUT_SLICEM_I3_O)
                                                      0.100     1.301 r  PYNQ_Design_i/usp_rf_data_converter_0/inst/i_axi_lite_ipif/I_SLAVE_ATTACHMENT/I_DECODER/IP2Bus_Data[15]_i_22/O
                         net (fo=1, routed)           0.266     1.567    PYNQ_Design_i/usp_rf_data_converter_0/inst/i_axi_lite_ipif/I_SLAVE_ATTACHMENT/I_DECODER/IP2Bus_Data[15]_i_22_n_0
    SLICE_X113Y111       LUT6 (Prop_F6LUT_SLICEM_I5_O)
                                                      0.051     1.618 f  PYNQ_Design_i/usp_rf_data_converter_0/inst/i_axi_lite_ipif/I_SLAVE_ATTACHMENT/I_DECODER/IP2Bus_Data[15]_i_5/O
                         net (fo=1, routed)           0.086     1.704    PYNQ_Design_i/usp_rf_data_converter_0/inst/i_axi_lite_ipif/I_SLAVE_ATTACHMENT/I_DECODER/IP2Bus_Data[15]_i_5_n_0
    SLICE_X113Y111       LUT6 (Prop_D6LUT_SLICEM_I3_O)
                                                      0.051     1.755 r  PYNQ_Design_i/usp_rf_data_converter_0/inst/i_axi_lite_ipif/I_SLAVE_ATTACHMENT/I_DECODER/IP2Bus_Data[15]_i_1/O
                         net (fo=1, routed)           0.072     1.827    PYNQ_Design_i/usp_rf_data_converter_0/inst/i_axi_lite_ipif_n_69
    SLICE_X113Y111       FDRE                                         r  PYNQ_Design_i/usp_rf_data_converter_0/inst/IP2Bus_Data_reg[15]/D
  -------------------------------------------------------------------    -------------------

                         (clock clk_pl_0 rise edge)
                                                      0.000     0.000 r  
    PS8_X0Y0             PS8                          0.000     0.000 r  PYNQ_Design_i/zynq_ultra_ps_e_0/U0/PS8_i/PLCLK[0]
                         net (fo=1, routed)           0.157     0.157    PYNQ_Design_i/zynq_ultra_ps_e_0/U0/pl_clk_unbuffered[0]
    BUFG_PS_X0Y58        BUFG_PS (Prop_BUFG_PS_I_O)
                                                      0.025     0.182 r  PYNQ_Design_i/zynq_ultra_ps_e_0/U0/buffer_pl_clk_0.PL_CLK_0_BUFG/O
    X2Y2 (CLOCK_ROOT)    net (fo=13302, routed)       1.824     2.006    PYNQ_Design_i/usp_rf_data_converter_0/inst/s_axi_aclk
    SLICE_X113Y111       FDRE                                         r  PYNQ_Design_i/usp_rf_data_converter_0/inst/IP2Bus_Data_reg[15]/C





Min Delay Paths
--------------------------------------------------------------------------------------
Slack:                    inf
  Source:                 PYNQ_Design_i/usp_rf_data_converter_0/inst/PYNQ_Design_usp_rf_data_converter_0_0_rf_wrapper_i/rx1_u_adc/INTERNAL_FBRC_DIV2_MUX
                            (rising edge-triggered cell HSADC clocked by RFADC1_CLK  {rise@0.000ns fall@5.000ns period=10.000ns})
  Destination:            PYNQ_Design_i/usp_rf_data_converter_0/inst/IP2Bus_Data_reg[14]/D
                            (rising edge-triggered cell FDRE clocked by clk_pl_0  {rise@0.000ns fall@5.156ns period=10.312ns})
  Path Group:             (none)
  Path Type:              Hold (Min at Fast Process Corner)
  Data Path Delay:        0.830ns  (logic 0.382ns (46.024%)  route 0.448ns (53.976%))
  Logic Levels:           3  (LUT6=3)
  Clock Path Skew:        1.408ns (DCD - SCD - CPR)
    Destination Clock Delay (DCD):    1.408ns
    Source Clock Delay      (SCD):    0.000ns
    Clock Pessimism Removal (CPR):    -0.000ns
  Clock Uncertainty:      0.159ns  ((TSJ^2 + DJ^2)^1/2) / 2 + PE
    Total System Jitter     (TSJ):    0.071ns
    Discrete Jitter          (DJ):    0.310ns
    Phase Error              (PE):    0.000ns
  Clock Net Delay (Destination): 1.261ns (routing 0.282ns, distribution 0.979ns)
  Timing Exception:       False Path

    Location             Delay type                Incr(ns)  Path(ns)    Netlist Resource(s)
  -------------------------------------------------------------------    -------------------
                         (clock RFADC1_CLK rise edge)
                                                      0.000     0.000 r  
    HSADC_X0Y1           HSADC                        0.000     0.000 r  PYNQ_Design_i/usp_rf_data_converter_0/inst/PYNQ_Design_usp_rf_data_converter_0_0_rf_wrapper_i/rx1_u_adc/INTERNAL_FBRC_DIV2_MUX
  -------------------------------------------------------------------    -------------------
    HSADC_X0Y1           HSADC (Prop_HSADC_INTERNAL_FBRC_DIV2_MUX_STATUS_COMMON[14])
                                                      0.285     0.285 r  PYNQ_Design_i/usp_rf_data_converter_0/inst/PYNQ_Design_usp_rf_data_converter_0_0_rf_wrapper_i/rx1_u_adc/STATUS_COMMON[14]
                         net (fo=1, routed)           0.230     0.515    PYNQ_Design_i/usp_rf_data_converter_0/inst/i_axi_lite_ipif/I_SLAVE_ATTACHMENT/I_DECODER/adc1_common_stat[14]
    SLICE_X112Y101       LUT6 (Prop_C6LUT_SLICEM_I0_O)
                                                      0.014     0.529 r  PYNQ_Design_i/usp_rf_data_converter_0/inst/i_axi_lite_ipif/I_SLAVE_ATTACHMENT/I_DECODER/IP2Bus_Data[14]_i_24/O
                         net (fo=1, routed)           0.037     0.566    PYNQ_Design_i/usp_rf_data_converter_0/inst/i_axi_lite_ipif/I_SLAVE_ATTACHMENT/I_DECODER/IP2Bus_Data[14]_i_24_n_0
    SLICE_X112Y101       LUT6 (Prop_G6LUT_SLICEM_I3_O)
                                                      0.060     0.626 r  PYNQ_Design_i/usp_rf_data_converter_0/inst/i_axi_lite_ipif/I_SLAVE_ATTACHMENT/I_DECODER/IP2Bus_Data[14]_i_7/O
                         net (fo=1, routed)           0.166     0.792    PYNQ_Design_i/usp_rf_data_converter_0/inst/i_axi_lite_ipif/I_SLAVE_ATTACHMENT/I_DECODER/IP2Bus_Data[14]_i_7_n_0
    SLICE_X111Y112       LUT6 (Prop_B6LUT_SLICEL_I5_O)
                                                      0.023     0.815 r  PYNQ_Design_i/usp_rf_data_converter_0/inst/i_axi_lite_ipif/I_SLAVE_ATTACHMENT/I_DECODER/IP2Bus_Data[14]_i_1/O
                         net (fo=1, routed)           0.015     0.830    PYNQ_Design_i/usp_rf_data_converter_0/inst/i_axi_lite_ipif_n_70
    SLICE_X111Y112       FDRE                                         r  PYNQ_Design_i/usp_rf_data_converter_0/inst/IP2Bus_Data_reg[14]/D
  -------------------------------------------------------------------    -------------------

                         (clock clk_pl_0 rise edge)
                                                      0.000     0.000 r  
    PS8_X0Y0             PS8                          0.000     0.000 r  PYNQ_Design_i/zynq_ultra_ps_e_0/U0/PS8_i/PLCLK[0]
                         net (fo=1, routed)           0.129     0.129    PYNQ_Design_i/zynq_ultra_ps_e_0/U0/pl_clk_unbuffered[0]
    BUFG_PS_X0Y58        BUFG_PS (Prop_BUFG_PS_I_O)
                                                      0.018     0.147 r  PYNQ_Design_i/zynq_ultra_ps_e_0/U0/buffer_pl_clk_0.PL_CLK_0_BUFG/O
    X2Y2 (CLOCK_ROOT)    net (fo=13302, routed)       1.261     1.408    PYNQ_Design_i/usp_rf_data_converter_0/inst/s_axi_aclk
    SLICE_X111Y112       FDRE                                         r  PYNQ_Design_i/usp_rf_data_converter_0/inst/IP2Bus_Data_reg[14]/C

Slack:                    inf
  Source:                 PYNQ_Design_i/usp_rf_data_converter_0/inst/PYNQ_Design_usp_rf_data_converter_0_0_rf_wrapper_i/rx1_u_adc/INTERNAL_FBRC_DIV2_MUX
                            (rising edge-triggered cell HSADC clocked by RFADC1_CLK  {rise@0.000ns fall@5.000ns period=10.000ns})
  Destination:            PYNQ_Design_i/usp_rf_data_converter_0/inst/IP2Bus_Data_reg[15]/D
                            (rising edge-triggered cell FDRE clocked by clk_pl_0  {rise@0.000ns fall@5.156ns period=10.312ns})
  Path Group:             (none)
  Path Type:              Hold (Min at Fast Process Corner)
  Data Path Delay:        0.857ns  (logic 0.348ns (40.607%)  route 0.509ns (59.393%))
  Logic Levels:           4  (LUT5=1 LUT6=3)
  Clock Path Skew:        1.415ns (DCD - SCD - CPR)
    Destination Clock Delay (DCD):    1.415ns
    Source Clock Delay      (SCD):    0.000ns
    Clock Pessimism Removal (CPR):    -0.000ns
  Clock Uncertainty:      0.159ns  ((TSJ^2 + DJ^2)^1/2) / 2 + PE
    Total System Jitter     (TSJ):    0.071ns
    Discrete Jitter          (DJ):    0.310ns
    Phase Error              (PE):    0.000ns
  Clock Net Delay (Destination): 1.268ns (routing 0.282ns, distribution 0.986ns)
  Timing Exception:       False Path

    Location             Delay type                Incr(ns)  Path(ns)    Netlist Resource(s)
  -------------------------------------------------------------------    -------------------
                         (clock RFADC1_CLK rise edge)
                                                      0.000     0.000 r  
    HSADC_X0Y1           HSADC                        0.000     0.000 r  PYNQ_Design_i/usp_rf_data_converter_0/inst/PYNQ_Design_usp_rf_data_converter_0_0_rf_wrapper_i/rx1_u_adc/INTERNAL_FBRC_DIV2_MUX
  -------------------------------------------------------------------    -------------------
    HSADC_X0Y1           HSADC (Prop_HSADC_INTERNAL_FBRC_DIV2_MUX_STATUS_COMMON[15])
                                                      0.250     0.250 r  PYNQ_Design_i/usp_rf_data_converter_0/inst/PYNQ_Design_usp_rf_data_converter_0_0_rf_wrapper_i/rx1_u_adc/STATUS_COMMON[15]
                         net (fo=1, routed)           0.219     0.469    PYNQ_Design_i/usp_rf_data_converter_0/inst/i_axi_lite_ipif/I_SLAVE_ATTACHMENT/I_DECODER/adc1_common_stat[15]
    SLICE_X112Y98        LUT5 (Prop_D6LUT_SLICEM_I4_O)
                                                      0.014     0.483 r  PYNQ_Design_i/usp_rf_data_converter_0/inst/i_axi_lite_ipif/I_SLAVE_ATTACHMENT/I_DECODER/IP2Bus_Data[15]_i_53/O
                         net (fo=1, routed)           0.083     0.566    PYNQ_Design_i/usp_rf_data_converter_0/inst/i_axi_lite_ipif/I_SLAVE_ATTACHMENT/I_DECODER/IP2Bus_Data[15]_i_53_n_0
    SLICE_X113Y100       LUT6 (Prop_G6LUT_SLICEM_I3_O)
                                                      0.040     0.606 r  PYNQ_Design_i/usp_rf_data_converter_0/inst/i_axi_lite_ipif/I_SLAVE_ATTACHMENT/I_DECODER/IP2Bus_Data[15]_i_22/O
                         net (fo=1, routed)           0.140     0.746    PYNQ_Design_i/usp_rf_data_converter_0/inst/i_axi_lite_ipif/I_SLAVE_ATTACHMENT/I_DECODER/IP2Bus_Data[15]_i_22_n_0
    SLICE_X113Y111       LUT6 (Prop_F6LUT_SLICEM_I5_O)
                                                      0.022     0.768 f  PYNQ_Design_i/usp_rf_data_converter_0/inst/i_axi_lite_ipif/I_SLAVE_ATTACHMENT/I_DECODER/IP2Bus_Data[15]_i_5/O
                         net (fo=1, routed)           0.041     0.809    PYNQ_Design_i/usp_rf_data_converter_0/inst/i_axi_lite_ipif/I_SLAVE_ATTACHMENT/I_DECODER/IP2Bus_Data[15]_i_5_n_0
    SLICE_X113Y111       LUT6 (Prop_D6LUT_SLICEM_I3_O)
                                                      0.022     0.831 r  PYNQ_Design_i/usp_rf_data_converter_0/inst/i_axi_lite_ipif/I_SLAVE_ATTACHMENT/I_DECODER/IP2Bus_Data[15]_i_1/O
                         net (fo=1, routed)           0.026     0.857    PYNQ_Design_i/usp_rf_data_converter_0/inst/i_axi_lite_ipif_n_69
    SLICE_X113Y111       FDRE                                         r  PYNQ_Design_i/usp_rf_data_converter_0/inst/IP2Bus_Data_reg[15]/D
  -------------------------------------------------------------------    -------------------

                         (clock clk_pl_0 rise edge)
                                                      0.000     0.000 r  
    PS8_X0Y0             PS8                          0.000     0.000 r  PYNQ_Design_i/zynq_ultra_ps_e_0/U0/PS8_i/PLCLK[0]
                         net (fo=1, routed)           0.129     0.129    PYNQ_Design_i/zynq_ultra_ps_e_0/U0/pl_clk_unbuffered[0]
    BUFG_PS_X0Y58        BUFG_PS (Prop_BUFG_PS_I_O)
                                                      0.018     0.147 r  PYNQ_Design_i/zynq_ultra_ps_e_0/U0/buffer_pl_clk_0.PL_CLK_0_BUFG/O
    X2Y2 (CLOCK_ROOT)    net (fo=13302, routed)       1.268     1.415    PYNQ_Design_i/usp_rf_data_converter_0/inst/s_axi_aclk
    SLICE_X113Y111       FDRE                                         r  PYNQ_Design_i/usp_rf_data_converter_0/inst/IP2Bus_Data_reg[15]/C

Slack:                    inf
  Source:                 PYNQ_Design_i/usp_rf_data_converter_0/inst/PYNQ_Design_usp_rf_data_converter_0_0_rf_wrapper_i/rx1_u_adc/INTERNAL_FBRC_DIV2_MUX
                            (rising edge-triggered cell HSADC clocked by RFADC1_CLK  {rise@0.000ns fall@5.000ns period=10.000ns})
  Destination:            PYNQ_Design_i/usp_rf_data_converter_0/inst/IP2Bus_Data_reg[11]/D
                            (rising edge-triggered cell FDRE clocked by clk_pl_0  {rise@0.000ns fall@5.156ns period=10.312ns})
  Path Group:             (none)
  Path Type:              Hold (Min at Fast Process Corner)
  Data Path Delay:        0.957ns  (logic 0.399ns (41.693%)  route 0.558ns (58.307%))
  Logic Levels:           5  (LUT4=1 LUT5=2 LUT6=2)
  Clock Path Skew:        1.419ns (DCD - SCD - CPR)
    Destination Clock Delay (DCD):    1.419ns
    Source Clock Delay      (SCD):    0.000ns
    Clock Pessimism Removal (CPR):    -0.000ns
  Clock Uncertainty:      0.159ns  ((TSJ^2 + DJ^2)^1/2) / 2 + PE
    Total System Jitter     (TSJ):    0.071ns
    Discrete Jitter          (DJ):    0.310ns
    Phase Error              (PE):    0.000ns
  Clock Net Delay (Destination): 1.272ns (routing 0.282ns, distribution 0.990ns)
  Timing Exception:       False Path

    Location             Delay type                Incr(ns)  Path(ns)    Netlist Resource(s)
  -------------------------------------------------------------------    -------------------
                         (clock RFADC1_CLK rise edge)
                                                      0.000     0.000 r  
    HSADC_X0Y1           HSADC                        0.000     0.000 r  PYNQ_Design_i/usp_rf_data_converter_0/inst/PYNQ_Design_usp_rf_data_converter_0_0_rf_wrapper_i/rx1_u_adc/INTERNAL_FBRC_DIV2_MUX
  -------------------------------------------------------------------    -------------------
    HSADC_X0Y1           HSADC (Prop_HSADC_INTERNAL_FBRC_DIV2_MUX_STATUS_COMMON[11])
                                                      0.265     0.265 r  PYNQ_Design_i/usp_rf_data_converter_0/inst/PYNQ_Design_usp_rf_data_converter_0_0_rf_wrapper_i/rx1_u_adc/STATUS_COMMON[11]
                         net (fo=1, routed)           0.228     0.493    PYNQ_Design_i/usp_rf_data_converter_0/inst/i_axi_lite_ipif/I_SLAVE_ATTACHMENT/I_DECODER/adc1_common_stat[11]
    SLICE_X111Y99        LUT4 (Prop_D6LUT_SLICEL_I0_O)
                                                      0.035     0.528 f  PYNQ_Design_i/usp_rf_data_converter_0/inst/i_axi_lite_ipif/I_SLAVE_ATTACHMENT/I_DECODER/IP2Bus_Data[11]_i_45/O
                         net (fo=1, routed)           0.023     0.551    PYNQ_Design_i/usp_rf_data_converter_0/inst/i_axi_lite_ipif/I_SLAVE_ATTACHMENT/I_DECODER/IP2Bus_Data[11]_i_45_n_0
    SLICE_X111Y99        LUT5 (Prop_G6LUT_SLICEL_I3_O)
                                                      0.040     0.591 f  PYNQ_Design_i/usp_rf_data_converter_0/inst/i_axi_lite_ipif/I_SLAVE_ATTACHMENT/I_DECODER/IP2Bus_Data[11]_i_29/O
                         net (fo=1, routed)           0.075     0.666    PYNQ_Design_i/usp_rf_data_converter_0/inst/i_axi_lite_ipif/I_SLAVE_ATTACHMENT/I_DECODER/IP2Bus_Data[11]_i_29_n_0
    SLICE_X111Y103       LUT5 (Prop_G6LUT_SLICEL_I1_O)
                                                      0.022     0.688 f  PYNQ_Design_i/usp_rf_data_converter_0/inst/i_axi_lite_ipif/I_SLAVE_ATTACHMENT/I_DECODER/IP2Bus_Data[11]_i_10/O
                         net (fo=1, routed)           0.081     0.769    PYNQ_Design_i/usp_rf_data_converter_0/inst/i_axi_lite_ipif/I_SLAVE_ATTACHMENT/I_DECODER/IP2Bus_Data[11]_i_10_n_0
    SLICE_X111Y108       LUT6 (Prop_H6LUT_SLICEL_I5_O)
                                                      0.023     0.792 f  PYNQ_Design_i/usp_rf_data_converter_0/inst/i_axi_lite_ipif/I_SLAVE_ATTACHMENT/I_DECODER/IP2Bus_Data[11]_i_2/O
                         net (fo=1, routed)           0.125     0.917    PYNQ_Design_i/usp_rf_data_converter_0/inst/i_axi_lite_ipif/I_SLAVE_ATTACHMENT/I_DECODER/IP2Bus_Data[11]_i_2_n_0
    SLICE_X110Y116       LUT6 (Prop_D6LUT_SLICEM_I0_O)
                                                      0.014     0.931 r  PYNQ_Design_i/usp_rf_data_converter_0/inst/i_axi_lite_ipif/I_SLAVE_ATTACHMENT/I_DECODER/IP2Bus_Data[11]_i_1/O
                         net (fo=1, routed)           0.026     0.957    PYNQ_Design_i/usp_rf_data_converter_0/inst/i_axi_lite_ipif_n_73
    SLICE_X110Y116       FDRE                                         r  PYNQ_Design_i/usp_rf_data_converter_0/inst/IP2Bus_Data_reg[11]/D
  -------------------------------------------------------------------    -------------------

                         (clock clk_pl_0 rise edge)
                                                      0.000     0.000 r  
    PS8_X0Y0             PS8                          0.000     0.000 r  PYNQ_Design_i/zynq_ultra_ps_e_0/U0/PS8_i/PLCLK[0]
                         net (fo=1, routed)           0.129     0.129    PYNQ_Design_i/zynq_ultra_ps_e_0/U0/pl_clk_unbuffered[0]
    BUFG_PS_X0Y58        BUFG_PS (Prop_BUFG_PS_I_O)
                                                      0.018     0.147 r  PYNQ_Design_i/zynq_ultra_ps_e_0/U0/buffer_pl_clk_0.PL_CLK_0_BUFG/O
    X2Y2 (CLOCK_ROOT)    net (fo=13302, routed)       1.272     1.419    PYNQ_Design_i/usp_rf_data_converter_0/inst/s_axi_aclk
    SLICE_X110Y116       FDRE                                         r  PYNQ_Design_i/usp_rf_data_converter_0/inst/IP2Bus_Data_reg[11]/C

Slack:                    inf
  Source:                 PYNQ_Design_i/usp_rf_data_converter_0/inst/PYNQ_Design_usp_rf_data_converter_0_0_rf_wrapper_i/rx1_u_adc/INTERNAL_FBRC_DIV2_MUX
                            (rising edge-triggered cell HSADC clocked by RFADC1_CLK  {rise@0.000ns fall@5.000ns period=10.000ns})
  Destination:            PYNQ_Design_i/usp_rf_data_converter_0/inst/IP2Bus_Data_reg[12]/D
                            (rising edge-triggered cell FDRE clocked by clk_pl_0  {rise@0.000ns fall@5.156ns period=10.312ns})
  Path Group:             (none)
  Path Type:              Hold (Min at Fast Process Corner)
  Data Path Delay:        0.977ns  (logic 0.405ns (41.453%)  route 0.572ns (58.547%))
  Logic Levels:           4  (LUT5=1 LUT6=3)
  Clock Path Skew:        1.408ns (DCD - SCD - CPR)
    Destination Clock Delay (DCD):    1.408ns
    Source Clock Delay      (SCD):    0.000ns
    Clock Pessimism Removal (CPR):    -0.000ns
  Clock Uncertainty:      0.159ns  ((TSJ^2 + DJ^2)^1/2) / 2 + PE
    Total System Jitter     (TSJ):    0.071ns
    Discrete Jitter          (DJ):    0.310ns
    Phase Error              (PE):    0.000ns
  Clock Net Delay (Destination): 1.261ns (routing 0.282ns, distribution 0.979ns)
  Timing Exception:       False Path

    Location             Delay type                Incr(ns)  Path(ns)    Netlist Resource(s)
  -------------------------------------------------------------------    -------------------
                         (clock RFADC1_CLK rise edge)
                                                      0.000     0.000 r  
    HSADC_X0Y1           HSADC                        0.000     0.000 r  PYNQ_Design_i/usp_rf_data_converter_0/inst/PYNQ_Design_usp_rf_data_converter_0_0_rf_wrapper_i/rx1_u_adc/INTERNAL_FBRC_DIV2_MUX
  -------------------------------------------------------------------    -------------------
    HSADC_X0Y1           HSADC (Prop_HSADC_INTERNAL_FBRC_DIV2_MUX_STATUS_COMMON[12])
                                                      0.274     0.274 r  PYNQ_Design_i/usp_rf_data_converter_0/inst/PYNQ_Design_usp_rf_data_converter_0_0_rf_wrapper_i/rx1_u_adc/STATUS_COMMON[12]
                         net (fo=1, routed)           0.250     0.524    PYNQ_Design_i/usp_rf_data_converter_0/inst/i_axi_lite_ipif/I_SLAVE_ATTACHMENT/I_DECODER/adc1_common_stat[12]
    SLICE_X110Y99        LUT5 (Prop_G6LUT_SLICEM_I3_O)
                                                      0.060     0.584 f  PYNQ_Design_i/usp_rf_data_converter_0/inst/i_axi_lite_ipif/I_SLAVE_ATTACHMENT/I_DECODER/IP2Bus_Data[12]_i_31/O
                         net (fo=1, routed)           0.069     0.653    PYNQ_Design_i/usp_rf_data_converter_0/inst/i_axi_lite_ipif/I_SLAVE_ATTACHMENT/I_DECODER/IP2Bus_Data[12]_i_31_n_0
    SLICE_X111Y100       LUT6 (Prop_G6LUT_SLICEL_I5_O)
                                                      0.035     0.688 r  PYNQ_Design_i/usp_rf_data_converter_0/inst/i_axi_lite_ipif/I_SLAVE_ATTACHMENT/I_DECODER/IP2Bus_Data[12]_i_13/O
                         net (fo=1, routed)           0.099     0.787    PYNQ_Design_i/usp_rf_data_converter_0/inst/i_axi_lite_ipif/I_SLAVE_ATTACHMENT/I_DECODER/IP2Bus_Data[12]_i_13_n_0
    SLICE_X112Y103       LUT6 (Prop_C6LUT_SLICEM_I5_O)
                                                      0.022     0.809 r  PYNQ_Design_i/usp_rf_data_converter_0/inst/i_axi_lite_ipif/I_SLAVE_ATTACHMENT/I_DECODER/IP2Bus_Data[12]_i_3/O
                         net (fo=1, routed)           0.137     0.946    PYNQ_Design_i/usp_rf_data_converter_0/inst/i_axi_lite_ipif/I_SLAVE_ATTACHMENT/I_DECODER/IP2Bus_Data[12]_i_3_n_0
    SLICE_X111Y112       LUT6 (Prop_C6LUT_SLICEL_I1_O)
                                                      0.014     0.960 r  PYNQ_Design_i/usp_rf_data_converter_0/inst/i_axi_lite_ipif/I_SLAVE_ATTACHMENT/I_DECODER/IP2Bus_Data[12]_i_1/O
                         net (fo=1, routed)           0.017     0.977    PYNQ_Design_i/usp_rf_data_converter_0/inst/i_axi_lite_ipif_n_72
    SLICE_X111Y112       FDRE                                         r  PYNQ_Design_i/usp_rf_data_converter_0/inst/IP2Bus_Data_reg[12]/D
  -------------------------------------------------------------------    -------------------

                         (clock clk_pl_0 rise edge)
                                                      0.000     0.000 r  
    PS8_X0Y0             PS8                          0.000     0.000 r  PYNQ_Design_i/zynq_ultra_ps_e_0/U0/PS8_i/PLCLK[0]
                         net (fo=1, routed)           0.129     0.129    PYNQ_Design_i/zynq_ultra_ps_e_0/U0/pl_clk_unbuffered[0]
    BUFG_PS_X0Y58        BUFG_PS (Prop_BUFG_PS_I_O)
                                                      0.018     0.147 r  PYNQ_Design_i/zynq_ultra_ps_e_0/U0/buffer_pl_clk_0.PL_CLK_0_BUFG/O
    X2Y2 (CLOCK_ROOT)    net (fo=13302, routed)       1.261     1.408    PYNQ_Design_i/usp_rf_data_converter_0/inst/s_axi_aclk
    SLICE_X111Y112       FDRE                                         r  PYNQ_Design_i/usp_rf_data_converter_0/inst/IP2Bus_Data_reg[12]/C

Slack:                    inf
  Source:                 PYNQ_Design_i/usp_rf_data_converter_0/inst/PYNQ_Design_usp_rf_data_converter_0_0_rf_wrapper_i/rx1_u_adc/INTERNAL_FBRC_DIV2_MUX
                            (rising edge-triggered cell HSADC clocked by RFADC1_CLK  {rise@0.000ns fall@5.000ns period=10.000ns})
  Destination:            PYNQ_Design_i/usp_rf_data_converter_0/inst/IP2Bus_Data_reg[13]/D
                            (rising edge-triggered cell FDRE clocked by clk_pl_0  {rise@0.000ns fall@5.156ns period=10.312ns})
  Path Group:             (none)
  Path Type:              Hold (Min at Fast Process Corner)
  Data Path Delay:        1.004ns  (logic 0.408ns (40.637%)  route 0.596ns (59.363%))
  Logic Levels:           4  (LUT5=2 LUT6=2)
  Clock Path Skew:        1.411ns (DCD - SCD - CPR)
    Destination Clock Delay (DCD):    1.411ns
    Source Clock Delay      (SCD):    0.000ns
    Clock Pessimism Removal (CPR):    -0.000ns
  Clock Uncertainty:      0.159ns  ((TSJ^2 + DJ^2)^1/2) / 2 + PE
    Total System Jitter     (TSJ):    0.071ns
    Discrete Jitter          (DJ):    0.310ns
    Phase Error              (PE):    0.000ns
  Clock Net Delay (Destination): 1.264ns (routing 0.282ns, distribution 0.982ns)
  Timing Exception:       False Path

    Location             Delay type                Incr(ns)  Path(ns)    Netlist Resource(s)
  -------------------------------------------------------------------    -------------------
                         (clock RFADC1_CLK rise edge)
                                                      0.000     0.000 r  
    HSADC_X0Y1           HSADC                        0.000     0.000 r  PYNQ_Design_i/usp_rf_data_converter_0/inst/PYNQ_Design_usp_rf_data_converter_0_0_rf_wrapper_i/rx1_u_adc/INTERNAL_FBRC_DIV2_MUX
  -------------------------------------------------------------------    -------------------
    HSADC_X0Y1           HSADC (Prop_HSADC_INTERNAL_FBRC_DIV2_MUX_STATUS_COMMON[13])
                                                      0.241     0.241 r  PYNQ_Design_i/usp_rf_data_converter_0/inst/PYNQ_Design_usp_rf_data_converter_0_0_rf_wrapper_i/rx1_u_adc/STATUS_COMMON[13]
                         net (fo=1, routed)           0.255     0.496    PYNQ_Design_i/usp_rf_data_converter_0/inst/i_axi_lite_ipif/I_SLAVE_ATTACHMENT/I_DECODER/adc1_common_stat[13]
    SLICE_X112Y98        LUT5 (Prop_H6LUT_SLICEM_I4_O)
                                                      0.051     0.547 r  PYNQ_Design_i/usp_rf_data_converter_0/inst/i_axi_lite_ipif/I_SLAVE_ATTACHMENT/I_DECODER/IP2Bus_Data[13]_i_28/O
                         net (fo=1, routed)           0.102     0.649    PYNQ_Design_i/usp_rf_data_converter_0/inst/i_axi_lite_ipif/I_SLAVE_ATTACHMENT/I_DECODER/IP2Bus_Data[13]_i_28_n_0
    SLICE_X111Y102       LUT5 (Prop_E6LUT_SLICEL_I4_O)
                                                      0.022     0.671 r  PYNQ_Design_i/usp_rf_data_converter_0/inst/i_axi_lite_ipif/I_SLAVE_ATTACHMENT/I_DECODER/IP2Bus_Data[13]_i_14/O
                         net (fo=1, routed)           0.043     0.714    PYNQ_Design_i/usp_rf_data_converter_0/inst/i_axi_lite_ipif/I_SLAVE_ATTACHMENT/I_DECODER/IP2Bus_Data[13]_i_14_n_0
    SLICE_X111Y102       LUT6 (Prop_G6LUT_SLICEL_I0_O)
                                                      0.035     0.749 f  PYNQ_Design_i/usp_rf_data_converter_0/inst/i_axi_lite_ipif/I_SLAVE_ATTACHMENT/I_DECODER/IP2Bus_Data[13]_i_5/O
                         net (fo=1, routed)           0.170     0.919    PYNQ_Design_i/usp_rf_data_converter_0/inst/i_axi_lite_ipif/I_SLAVE_ATTACHMENT/I_DECODER/IP2Bus_Data[13]_i_5_n_0
    SLICE_X112Y114       LUT6 (Prop_D6LUT_SLICEM_I3_O)
                                                      0.059     0.978 r  PYNQ_Design_i/usp_rf_data_converter_0/inst/i_axi_lite_ipif/I_SLAVE_ATTACHMENT/I_DECODER/IP2Bus_Data[13]_i_1/O
                         net (fo=1, routed)           0.026     1.004    PYNQ_Design_i/usp_rf_data_converter_0/inst/i_axi_lite_ipif_n_71
    SLICE_X112Y114       FDRE                                         r  PYNQ_Design_i/usp_rf_data_converter_0/inst/IP2Bus_Data_reg[13]/D
  -------------------------------------------------------------------    -------------------

                         (clock clk_pl_0 rise edge)
                                                      0.000     0.000 r  
    PS8_X0Y0             PS8                          0.000     0.000 r  PYNQ_Design_i/zynq_ultra_ps_e_0/U0/PS8_i/PLCLK[0]
                         net (fo=1, routed)           0.129     0.129    PYNQ_Design_i/zynq_ultra_ps_e_0/U0/pl_clk_unbuffered[0]
    BUFG_PS_X0Y58        BUFG_PS (Prop_BUFG_PS_I_O)
                                                      0.018     0.147 r  PYNQ_Design_i/zynq_ultra_ps_e_0/U0/buffer_pl_clk_0.PL_CLK_0_BUFG/O
    X2Y2 (CLOCK_ROOT)    net (fo=13302, routed)       1.264     1.411    PYNQ_Design_i/usp_rf_data_converter_0/inst/s_axi_aclk
    SLICE_X112Y114       FDRE                                         r  PYNQ_Design_i/usp_rf_data_converter_0/inst/IP2Bus_Data_reg[13]/C

Slack:                    inf
  Source:                 PYNQ_Design_i/usp_rf_data_converter_0/inst/PYNQ_Design_usp_rf_data_converter_0_0_rf_wrapper_i/rx1_u_adc/INTERNAL_FBRC_DIV2_MUX
                            (rising edge-triggered cell HSADC clocked by RFADC1_CLK  {rise@0.000ns fall@5.000ns period=10.000ns})
  Destination:            PYNQ_Design_i/usp_rf_data_converter_0/inst/IP2Bus_Data_reg[8]/D
                            (rising edge-triggered cell FDRE clocked by clk_pl_0  {rise@0.000ns fall@5.156ns period=10.312ns})
  Path Group:             (none)
  Path Type:              Hold (Min at Fast Process Corner)
  Data Path Delay:        1.027ns  (logic 0.426ns (41.480%)  route 0.601ns (58.520%))
  Logic Levels:           5  (LUT4=1 LUT5=2 LUT6=2)
  Clock Path Skew:        1.419ns (DCD - SCD - CPR)
    Destination Clock Delay (DCD):    1.419ns
    Source Clock Delay      (SCD):    0.000ns
    Clock Pessimism Removal (CPR):    -0.000ns
  Clock Uncertainty:      0.159ns  ((TSJ^2 + DJ^2)^1/2) / 2 + PE
    Total System Jitter     (TSJ):    0.071ns
    Discrete Jitter          (DJ):    0.310ns
    Phase Error              (PE):    0.000ns
  Clock Net Delay (Destination): 1.272ns (routing 0.282ns, distribution 0.990ns)
  Timing Exception:       False Path

    Location             Delay type                Incr(ns)  Path(ns)    Netlist Resource(s)
  -------------------------------------------------------------------    -------------------
                         (clock RFADC1_CLK rise edge)
                                                      0.000     0.000 r  
    HSADC_X0Y1           HSADC                        0.000     0.000 r  PYNQ_Design_i/usp_rf_data_converter_0/inst/PYNQ_Design_usp_rf_data_converter_0_0_rf_wrapper_i/rx1_u_adc/INTERNAL_FBRC_DIV2_MUX
  -------------------------------------------------------------------    -------------------
    HSADC_X0Y1           HSADC (Prop_HSADC_INTERNAL_FBRC_DIV2_MUX_STATUS_COMMON[8])
                                                      0.237     0.237 r  PYNQ_Design_i/usp_rf_data_converter_0/inst/PYNQ_Design_usp_rf_data_converter_0_0_rf_wrapper_i/rx1_u_adc/STATUS_COMMON[8]
                         net (fo=1, routed)           0.261     0.498    PYNQ_Design_i/usp_rf_data_converter_0/inst/i_axi_lite_ipif/I_SLAVE_ATTACHMENT/I_DECODER/adc1_common_stat[8]
    SLICE_X111Y99        LUT4 (Prop_C6LUT_SLICEL_I0_O)
                                                      0.035     0.533 f  PYNQ_Design_i/usp_rf_data_converter_0/inst/i_axi_lite_ipif/I_SLAVE_ATTACHMENT/I_DECODER/IP2Bus_Data[8]_i_36/O
                         net (fo=1, routed)           0.044     0.577    PYNQ_Design_i/usp_rf_data_converter_0/inst/i_axi_lite_ipif/I_SLAVE_ATTACHMENT/I_DECODER/IP2Bus_Data[8]_i_36_n_0
    SLICE_X110Y99        LUT5 (Prop_C6LUT_SLICEM_I3_O)
                                                      0.040     0.617 f  PYNQ_Design_i/usp_rf_data_converter_0/inst/i_axi_lite_ipif/I_SLAVE_ATTACHMENT/I_DECODER/IP2Bus_Data[8]_i_25/O
                         net (fo=1, routed)           0.079     0.696    PYNQ_Design_i/usp_rf_data_converter_0/inst/i_axi_lite_ipif/I_SLAVE_ATTACHMENT/I_DECODER/IP2Bus_Data[8]_i_25_n_0
    SLICE_X110Y103       LUT5 (Prop_F6LUT_SLICEM_I1_O)
                                                      0.050     0.746 f  PYNQ_Design_i/usp_rf_data_converter_0/inst/i_axi_lite_ipif/I_SLAVE_ATTACHMENT/I_DECODER/IP2Bus_Data[8]_i_10/O
                         net (fo=1, routed)           0.080     0.826    PYNQ_Design_i/usp_rf_data_converter_0/inst/i_axi_lite_ipif/I_SLAVE_ATTACHMENT/I_DECODER/IP2Bus_Data[8]_i_10_n_0
    SLICE_X110Y107       LUT6 (Prop_C6LUT_SLICEM_I5_O)
                                                      0.050     0.876 f  PYNQ_Design_i/usp_rf_data_converter_0/inst/i_axi_lite_ipif/I_SLAVE_ATTACHMENT/I_DECODER/IP2Bus_Data[8]_i_2/O
                         net (fo=1, routed)           0.113     0.989    PYNQ_Design_i/usp_rf_data_converter_0/inst/i_axi_lite_ipif/I_SLAVE_ATTACHMENT/I_DECODER/IP2Bus_Data[8]_i_2_n_0
    SLICE_X110Y116       LUT6 (Prop_C6LUT_SLICEM_I0_O)
                                                      0.014     1.003 r  PYNQ_Design_i/usp_rf_data_converter_0/inst/i_axi_lite_ipif/I_SLAVE_ATTACHMENT/I_DECODER/IP2Bus_Data[8]_i_1/O
                         net (fo=1, routed)           0.024     1.027    PYNQ_Design_i/usp_rf_data_converter_0/inst/i_axi_lite_ipif_n_76
    SLICE_X110Y116       FDRE                                         r  PYNQ_Design_i/usp_rf_data_converter_0/inst/IP2Bus_Data_reg[8]/D
  -------------------------------------------------------------------    -------------------

                         (clock clk_pl_0 rise edge)
                                                      0.000     0.000 r  
    PS8_X0Y0             PS8                          0.000     0.000 r  PYNQ_Design_i/zynq_ultra_ps_e_0/U0/PS8_i/PLCLK[0]
                         net (fo=1, routed)           0.129     0.129    PYNQ_Design_i/zynq_ultra_ps_e_0/U0/pl_clk_unbuffered[0]
    BUFG_PS_X0Y58        BUFG_PS (Prop_BUFG_PS_I_O)
                                                      0.018     0.147 r  PYNQ_Design_i/zynq_ultra_ps_e_0/U0/buffer_pl_clk_0.PL_CLK_0_BUFG/O
    X2Y2 (CLOCK_ROOT)    net (fo=13302, routed)       1.272     1.419    PYNQ_Design_i/usp_rf_data_converter_0/inst/s_axi_aclk
    SLICE_X110Y116       FDRE                                         r  PYNQ_Design_i/usp_rf_data_converter_0/inst/IP2Bus_Data_reg[8]/C

Slack:                    inf
  Source:                 PYNQ_Design_i/usp_rf_data_converter_0/inst/PYNQ_Design_usp_rf_data_converter_0_0_rf_wrapper_i/rx1_u_adc/INTERNAL_FBRC_DIV2_MUX
                            (rising edge-triggered cell HSADC clocked by RFADC1_CLK  {rise@0.000ns fall@5.000ns period=10.000ns})
  Destination:            PYNQ_Design_i/usp_rf_data_converter_0/inst/IP2Bus_Data_reg[9]/D
                            (rising edge-triggered cell FDRE clocked by clk_pl_0  {rise@0.000ns fall@5.156ns period=10.312ns})
  Path Group:             (none)
  Path Type:              Hold (Min at Fast Process Corner)
  Data Path Delay:        1.048ns  (logic 0.399ns (38.073%)  route 0.649ns (61.927%))
  Logic Levels:           4  (LUT5=2 LUT6=2)
  Clock Path Skew:        1.420ns (DCD - SCD - CPR)
    Destination Clock Delay (DCD):    1.420ns
    Source Clock Delay      (SCD):    0.000ns
    Clock Pessimism Removal (CPR):    -0.000ns
  Clock Uncertainty:      0.159ns  ((TSJ^2 + DJ^2)^1/2) / 2 + PE
    Total System Jitter     (TSJ):    0.071ns
    Discrete Jitter          (DJ):    0.310ns
    Phase Error              (PE):    0.000ns
  Clock Net Delay (Destination): 1.273ns (routing 0.282ns, distribution 0.991ns)
  Timing Exception:       False Path

    Location             Delay type                Incr(ns)  Path(ns)    Netlist Resource(s)
  -------------------------------------------------------------------    -------------------
                         (clock RFADC1_CLK rise edge)
                                                      0.000     0.000 r  
    HSADC_X0Y1           HSADC                        0.000     0.000 r  PYNQ_Design_i/usp_rf_data_converter_0/inst/PYNQ_Design_usp_rf_data_converter_0_0_rf_wrapper_i/rx1_u_adc/INTERNAL_FBRC_DIV2_MUX
  -------------------------------------------------------------------    -------------------
    HSADC_X0Y1           HSADC (Prop_HSADC_INTERNAL_FBRC_DIV2_MUX_STATUS_COMMON[9])
                                                      0.228     0.228 r  PYNQ_Design_i/usp_rf_data_converter_0/inst/PYNQ_Design_usp_rf_data_converter_0_0_rf_wrapper_i/rx1_u_adc/STATUS_COMMON[9]
                         net (fo=1, routed)           0.250     0.478    PYNQ_Design_i/usp_rf_data_converter_0/inst/i_axi_lite_ipif/I_SLAVE_ATTACHMENT/I_DECODER/adc1_common_stat[9]
    SLICE_X112Y98        LUT5 (Prop_F6LUT_SLICEM_I4_O)
                                                      0.059     0.537 r  PYNQ_Design_i/usp_rf_data_converter_0/inst/i_axi_lite_ipif/I_SLAVE_ATTACHMENT/I_DECODER/IP2Bus_Data[9]_i_41/O
                         net (fo=1, routed)           0.081     0.618    PYNQ_Design_i/usp_rf_data_converter_0/inst/i_axi_lite_ipif/I_SLAVE_ATTACHMENT/I_DECODER/IP2Bus_Data[9]_i_41_n_0
    SLICE_X110Y100       LUT5 (Prop_C6LUT_SLICEM_I3_O)
                                                      0.050     0.668 r  PYNQ_Design_i/usp_rf_data_converter_0/inst/i_axi_lite_ipif/I_SLAVE_ATTACHMENT/I_DECODER/IP2Bus_Data[9]_i_20/O
                         net (fo=1, routed)           0.071     0.739    PYNQ_Design_i/usp_rf_data_converter_0/inst/i_axi_lite_ipif/I_SLAVE_ATTACHMENT/I_DECODER/IP2Bus_Data[9]_i_20_n_0
    SLICE_X110Y102       LUT6 (Prop_G6LUT_SLICEM_I4_O)
                                                      0.040     0.779 r  PYNQ_Design_i/usp_rf_data_converter_0/inst/i_axi_lite_ipif/I_SLAVE_ATTACHMENT/I_DECODER/IP2Bus_Data[9]_i_6/O
                         net (fo=1, routed)           0.223     1.002    PYNQ_Design_i/usp_rf_data_converter_0/inst/i_axi_lite_ipif/I_SLAVE_ATTACHMENT/I_DECODER/IP2Bus_Data[9]_i_6_n_0
    SLICE_X113Y112       LUT6 (Prop_C6LUT_SLICEM_I4_O)
                                                      0.022     1.024 r  PYNQ_Design_i/usp_rf_data_converter_0/inst/i_axi_lite_ipif/I_SLAVE_ATTACHMENT/I_DECODER/IP2Bus_Data[9]_i_1/O
                         net (fo=1, routed)           0.024     1.048    PYNQ_Design_i/usp_rf_data_converter_0/inst/i_axi_lite_ipif_n_75
    SLICE_X113Y112       FDRE                                         r  PYNQ_Design_i/usp_rf_data_converter_0/inst/IP2Bus_Data_reg[9]/D
  -------------------------------------------------------------------    -------------------

                         (clock clk_pl_0 rise edge)
                                                      0.000     0.000 r  
    PS8_X0Y0             PS8                          0.000     0.000 r  PYNQ_Design_i/zynq_ultra_ps_e_0/U0/PS8_i/PLCLK[0]
                         net (fo=1, routed)           0.129     0.129    PYNQ_Design_i/zynq_ultra_ps_e_0/U0/pl_clk_unbuffered[0]
    BUFG_PS_X0Y58        BUFG_PS (Prop_BUFG_PS_I_O)
                                                      0.018     0.147 r  PYNQ_Design_i/zynq_ultra_ps_e_0/U0/buffer_pl_clk_0.PL_CLK_0_BUFG/O
    X2Y2 (CLOCK_ROOT)    net (fo=13302, routed)       1.273     1.420    PYNQ_Design_i/usp_rf_data_converter_0/inst/s_axi_aclk
    SLICE_X113Y112       FDRE                                         r  PYNQ_Design_i/usp_rf_data_converter_0/inst/IP2Bus_Data_reg[9]/C

Slack:                    inf
  Source:                 PYNQ_Design_i/usp_rf_data_converter_0/inst/PYNQ_Design_usp_rf_data_converter_0_0_rf_wrapper_i/rx1_u_adc/INTERNAL_FBRC_DIV2_MUX
                            (rising edge-triggered cell HSADC clocked by RFADC1_CLK  {rise@0.000ns fall@5.000ns period=10.000ns})
  Destination:            PYNQ_Design_i/usp_rf_data_converter_0/inst/IP2Bus_Data_reg[10]/D
                            (rising edge-triggered cell FDRE clocked by clk_pl_0  {rise@0.000ns fall@5.156ns period=10.312ns})
  Path Group:             (none)
  Path Type:              Hold (Min at Fast Process Corner)
  Data Path Delay:        1.185ns  (logic 0.434ns (36.624%)  route 0.751ns (63.376%))
  Logic Levels:           5  (LUT4=1 LUT5=2 LUT6=2)
  Clock Path Skew:        1.418ns (DCD - SCD - CPR)
    Destination Clock Delay (DCD):    1.418ns
    Source Clock Delay      (SCD):    0.000ns
    Clock Pessimism Removal (CPR):    -0.000ns
  Clock Uncertainty:      0.159ns  ((TSJ^2 + DJ^2)^1/2) / 2 + PE
    Total System Jitter     (TSJ):    0.071ns
    Discrete Jitter          (DJ):    0.310ns
    Phase Error              (PE):    0.000ns
  Clock Net Delay (Destination): 1.271ns (routing 0.282ns, distribution 0.989ns)
  Timing Exception:       False Path

    Location             Delay type                Incr(ns)  Path(ns)    Netlist Resource(s)
  -------------------------------------------------------------------    -------------------
                         (clock RFADC1_CLK rise edge)
                                                      0.000     0.000 r  
    HSADC_X0Y1           HSADC                        0.000     0.000 r  PYNQ_Design_i/usp_rf_data_converter_0/inst/PYNQ_Design_usp_rf_data_converter_0_0_rf_wrapper_i/rx1_u_adc/INTERNAL_FBRC_DIV2_MUX
  -------------------------------------------------------------------    -------------------
    HSADC_X0Y1           HSADC (Prop_HSADC_INTERNAL_FBRC_DIV2_MUX_STATUS_COMMON[10])
                                                      0.227     0.227 r  PYNQ_Design_i/usp_rf_data_converter_0/inst/PYNQ_Design_usp_rf_data_converter_0_0_rf_wrapper_i/rx1_u_adc/STATUS_COMMON[10]
                         net (fo=1, routed)           0.260     0.487    PYNQ_Design_i/usp_rf_data_converter_0/inst/i_axi_lite_ipif/I_SLAVE_ATTACHMENT/I_DECODER/adc1_common_stat[10]
    SLICE_X112Y98        LUT4 (Prop_E6LUT_SLICEM_I0_O)
                                                      0.059     0.546 f  PYNQ_Design_i/usp_rf_data_converter_0/inst/i_axi_lite_ipif/I_SLAVE_ATTACHMENT/I_DECODER/IP2Bus_Data[10]_i_36/O
                         net (fo=1, routed)           0.103     0.649    PYNQ_Design_i/usp_rf_data_converter_0/inst/i_axi_lite_ipif/I_SLAVE_ATTACHMENT/I_DECODER/IP2Bus_Data[10]_i_36_n_0
    SLICE_X110Y101       LUT5 (Prop_H6LUT_SLICEM_I3_O)
                                                      0.041     0.690 f  PYNQ_Design_i/usp_rf_data_converter_0/inst/i_axi_lite_ipif/I_SLAVE_ATTACHMENT/I_DECODER/IP2Bus_Data[10]_i_26/O
                         net (fo=1, routed)           0.104     0.794    PYNQ_Design_i/usp_rf_data_converter_0/inst/i_axi_lite_ipif/I_SLAVE_ATTACHMENT/I_DECODER/IP2Bus_Data[10]_i_26_n_0
    SLICE_X109Y103       LUT5 (Prop_H6LUT_SLICEM_I1_O)
                                                      0.035     0.829 f  PYNQ_Design_i/usp_rf_data_converter_0/inst/i_axi_lite_ipif/I_SLAVE_ATTACHMENT/I_DECODER/IP2Bus_Data[10]_i_15/O
                         net (fo=1, routed)           0.128     0.957    PYNQ_Design_i/usp_rf_data_converter_0/inst/i_axi_lite_ipif/I_SLAVE_ATTACHMENT/I_DECODER/IP2Bus_Data[10]_i_15_n_0
    SLICE_X112Y107       LUT6 (Prop_F6LUT_SLICEM_I5_O)
                                                      0.022     0.979 f  PYNQ_Design_i/usp_rf_data_converter_0/inst/i_axi_lite_ipif/I_SLAVE_ATTACHMENT/I_DECODER/IP2Bus_Data[10]_i_5/O
                         net (fo=1, routed)           0.139     1.118    PYNQ_Design_i/usp_rf_data_converter_0/inst/i_axi_lite_ipif/I_SLAVE_ATTACHMENT/I_DECODER/IP2Bus_Data[10]_i_5_n_0
    SLICE_X111Y116       LUT6 (Prop_H6LUT_SLICEL_I4_O)
                                                      0.050     1.168 r  PYNQ_Design_i/usp_rf_data_converter_0/inst/i_axi_lite_ipif/I_SLAVE_ATTACHMENT/I_DECODER/IP2Bus_Data[10]_i_1/O
                         net (fo=1, routed)           0.017     1.185    PYNQ_Design_i/usp_rf_data_converter_0/inst/i_axi_lite_ipif_n_74
    SLICE_X111Y116       FDRE                                         r  PYNQ_Design_i/usp_rf_data_converter_0/inst/IP2Bus_Data_reg[10]/D
  -------------------------------------------------------------------    -------------------

                         (clock clk_pl_0 rise edge)
                                                      0.000     0.000 r  
    PS8_X0Y0             PS8                          0.000     0.000 r  PYNQ_Design_i/zynq_ultra_ps_e_0/U0/PS8_i/PLCLK[0]
                         net (fo=1, routed)           0.129     0.129    PYNQ_Design_i/zynq_ultra_ps_e_0/U0/pl_clk_unbuffered[0]
    BUFG_PS_X0Y58        BUFG_PS (Prop_BUFG_PS_I_O)
                                                      0.018     0.147 r  PYNQ_Design_i/zynq_ultra_ps_e_0/U0/buffer_pl_clk_0.PL_CLK_0_BUFG/O
    X2Y2 (CLOCK_ROOT)    net (fo=13302, routed)       1.271     1.418    PYNQ_Design_i/usp_rf_data_converter_0/inst/s_axi_aclk
    SLICE_X111Y116       FDRE                                         r  PYNQ_Design_i/usp_rf_data_converter_0/inst/IP2Bus_Data_reg[10]/C





--------------------------------------------------------------------------------------
Path Group:  (none)
From Clock:  RFADC2_CLK
  To Clock:  clk_pl_0

Max Delay             8 Endpoints
Min Delay             8 Endpoints
--------------------------------------------------------------------------------------


Max Delay Paths
--------------------------------------------------------------------------------------
Slack:                    inf
  Source:                 PYNQ_Design_i/usp_rf_data_converter_0/inst/PYNQ_Design_usp_rf_data_converter_0_0_rf_wrapper_i/rx2_u_adc/INTERNAL_FBRC_DIV2_MUX
                            (rising edge-triggered cell HSADC clocked by RFADC2_CLK  {rise@0.000ns fall@5.000ns period=10.000ns})
  Destination:            PYNQ_Design_i/usp_rf_data_converter_0/inst/IP2Bus_Data_reg[14]/D
                            (rising edge-triggered cell FDRE clocked by clk_pl_0  {rise@0.000ns fall@5.156ns period=10.312ns})
  Path Group:             (none)
  Path Type:              Setup (Max at Slow Process Corner)
  Data Path Delay:        3.025ns  (logic 1.024ns (33.851%)  route 2.001ns (66.149%))
  Logic Levels:           5  (LUT4=1 LUT5=1 LUT6=3)
  Clock Path Skew:        1.999ns (DCD - SCD + CPR)
    Destination Clock Delay (DCD):    1.999ns
    Source Clock Delay      (SCD):    0.000ns
    Clock Pessimism Removal (CPR):    0.000ns
  Clock Uncertainty:      0.159ns  ((TSJ^2 + DJ^2)^1/2) / 2 + PE
    Total System Jitter     (TSJ):    0.071ns
    Discrete Jitter          (DJ):    0.310ns
    Phase Error              (PE):    0.000ns
  Clock Net Delay (Destination): 1.817ns (routing 0.423ns, distribution 1.394ns)
  Timing Exception:       False Path

    Location             Delay type                Incr(ns)  Path(ns)    Netlist Resource(s)
  -------------------------------------------------------------------    -------------------
                         (clock RFADC2_CLK rise edge)
                                                      0.000     0.000 r  
    HSADC_X0Y2           HSADC                        0.000     0.000 r  PYNQ_Design_i/usp_rf_data_converter_0/inst/PYNQ_Design_usp_rf_data_converter_0_0_rf_wrapper_i/rx2_u_adc/INTERNAL_FBRC_DIV2_MUX
  -------------------------------------------------------------------    -------------------
    HSADC_X0Y2           HSADC (Prop_HSADC_INTERNAL_FBRC_DIV2_MUX_STATUS_COMMON[14])
                                                      0.698     0.698 r  PYNQ_Design_i/usp_rf_data_converter_0/inst/PYNQ_Design_usp_rf_data_converter_0_0_rf_wrapper_i/rx2_u_adc/STATUS_COMMON[14]
                         net (fo=1, routed)           0.786     1.484    PYNQ_Design_i/usp_rf_data_converter_0/inst/i_axi_lite_ipif/I_SLAVE_ATTACHMENT/I_DECODER/adc2_common_stat[14]
    SLICE_X116Y107       LUT4 (Prop_A6LUT_SLICEL_I2_O)
                                                      0.050     1.534 f  PYNQ_Design_i/usp_rf_data_converter_0/inst/i_axi_lite_ipif/I_SLAVE_ATTACHMENT/I_DECODER/IP2Bus_Data[14]_i_66/O
                         net (fo=1, routed)           0.178     1.712    PYNQ_Design_i/usp_rf_data_converter_0/inst/i_axi_lite_ipif/I_SLAVE_ATTACHMENT/I_DECODER/IP2Bus_Data[14]_i_66_n_0
    SLICE_X117Y106       LUT5 (Prop_A6LUT_SLICEL_I2_O)
                                                      0.035     1.747 r  PYNQ_Design_i/usp_rf_data_converter_0/inst/i_axi_lite_ipif/I_SLAVE_ATTACHMENT/I_DECODER/IP2Bus_Data[14]_i_45/O
                         net (fo=1, routed)           0.331     2.078    PYNQ_Design_i/usp_rf_data_converter_0/inst/i_axi_lite_ipif/I_SLAVE_ATTACHMENT/I_DECODER/IP2Bus_Data[14]_i_45_n_0
    SLICE_X112Y106       LUT6 (Prop_H6LUT_SLICEM_I2_O)
                                                      0.053     2.131 r  PYNQ_Design_i/usp_rf_data_converter_0/inst/i_axi_lite_ipif/I_SLAVE_ATTACHMENT/I_DECODER/IP2Bus_Data[14]_i_21/O
                         net (fo=1, routed)           0.263     2.394    PYNQ_Design_i/usp_rf_data_converter_0/inst/i_axi_lite_ipif/I_SLAVE_ATTACHMENT/I_DECODER/IP2Bus_Data[14]_i_21_n_0
    SLICE_X115Y107       LUT6 (Prop_H6LUT_SLICEM_I5_O)
                                                      0.152     2.546 r  PYNQ_Design_i/usp_rf_data_converter_0/inst/i_axi_lite_ipif/I_SLAVE_ATTACHMENT/I_DECODER/IP2Bus_Data[14]_i_6/O
                         net (fo=1, routed)           0.394     2.940    PYNQ_Design_i/usp_rf_data_converter_0/inst/i_axi_lite_ipif/I_SLAVE_ATTACHMENT/I_DECODER/IP2Bus_Data[14]_i_6_n_0
    SLICE_X111Y112       LUT6 (Prop_B6LUT_SLICEL_I4_O)
                                                      0.036     2.976 r  PYNQ_Design_i/usp_rf_data_converter_0/inst/i_axi_lite_ipif/I_SLAVE_ATTACHMENT/I_DECODER/IP2Bus_Data[14]_i_1/O
                         net (fo=1, routed)           0.049     3.025    PYNQ_Design_i/usp_rf_data_converter_0/inst/i_axi_lite_ipif_n_70
    SLICE_X111Y112       FDRE                                         r  PYNQ_Design_i/usp_rf_data_converter_0/inst/IP2Bus_Data_reg[14]/D
  -------------------------------------------------------------------    -------------------

                         (clock clk_pl_0 rise edge)
                                                      0.000     0.000 r  
    PS8_X0Y0             PS8                          0.000     0.000 r  PYNQ_Design_i/zynq_ultra_ps_e_0/U0/PS8_i/PLCLK[0]
                         net (fo=1, routed)           0.157     0.157    PYNQ_Design_i/zynq_ultra_ps_e_0/U0/pl_clk_unbuffered[0]
    BUFG_PS_X0Y58        BUFG_PS (Prop_BUFG_PS_I_O)
                                                      0.025     0.182 r  PYNQ_Design_i/zynq_ultra_ps_e_0/U0/buffer_pl_clk_0.PL_CLK_0_BUFG/O
    X2Y2 (CLOCK_ROOT)    net (fo=13302, routed)       1.817     1.999    PYNQ_Design_i/usp_rf_data_converter_0/inst/s_axi_aclk
    SLICE_X111Y112       FDRE                                         r  PYNQ_Design_i/usp_rf_data_converter_0/inst/IP2Bus_Data_reg[14]/C

Slack:                    inf
  Source:                 PYNQ_Design_i/usp_rf_data_converter_0/inst/PYNQ_Design_usp_rf_data_converter_0_0_rf_wrapper_i/rx2_u_adc/INTERNAL_FBRC_DIV2_MUX
                            (rising edge-triggered cell HSADC clocked by RFADC2_CLK  {rise@0.000ns fall@5.000ns period=10.000ns})
  Destination:            PYNQ_Design_i/usp_rf_data_converter_0/inst/IP2Bus_Data_reg[8]/D
                            (rising edge-triggered cell FDRE clocked by clk_pl_0  {rise@0.000ns fall@5.156ns period=10.312ns})
  Path Group:             (none)
  Path Type:              Setup (Max at Slow Process Corner)
  Data Path Delay:        2.758ns  (logic 1.263ns (45.794%)  route 1.495ns (54.206%))
  Logic Levels:           5  (LUT4=2 LUT6=3)
  Clock Path Skew:        2.009ns (DCD - SCD + CPR)
    Destination Clock Delay (DCD):    2.009ns
    Source Clock Delay      (SCD):    0.000ns
    Clock Pessimism Removal (CPR):    0.000ns
  Clock Uncertainty:      0.159ns  ((TSJ^2 + DJ^2)^1/2) / 2 + PE
    Total System Jitter     (TSJ):    0.071ns
    Discrete Jitter          (DJ):    0.310ns
    Phase Error              (PE):    0.000ns
  Clock Net Delay (Destination): 1.827ns (routing 0.423ns, distribution 1.404ns)
  Timing Exception:       False Path

    Location             Delay type                Incr(ns)  Path(ns)    Netlist Resource(s)
  -------------------------------------------------------------------    -------------------
                         (clock RFADC2_CLK rise edge)
                                                      0.000     0.000 r  
    HSADC_X0Y2           HSADC                        0.000     0.000 r  PYNQ_Design_i/usp_rf_data_converter_0/inst/PYNQ_Design_usp_rf_data_converter_0_0_rf_wrapper_i/rx2_u_adc/INTERNAL_FBRC_DIV2_MUX
  -------------------------------------------------------------------    -------------------
    HSADC_X0Y2           HSADC (Prop_HSADC_INTERNAL_FBRC_DIV2_MUX_STATUS_COMMON[8])
                                                      0.788     0.788 r  PYNQ_Design_i/usp_rf_data_converter_0/inst/PYNQ_Design_usp_rf_data_converter_0_0_rf_wrapper_i/rx2_u_adc/STATUS_COMMON[8]
                         net (fo=1, routed)           0.779     1.567    PYNQ_Design_i/usp_rf_data_converter_0/inst/i_axi_lite_ipif/I_SLAVE_ATTACHMENT/I_DECODER/adc2_common_stat[8]
    SLICE_X110Y101       LUT4 (Prop_B6LUT_SLICEM_I0_O)
                                                      0.100     1.667 r  PYNQ_Design_i/usp_rf_data_converter_0/inst/i_axi_lite_ipif/I_SLAVE_ATTACHMENT/I_DECODER/IP2Bus_Data[8]_i_33/O
                         net (fo=1, routed)           0.096     1.763    PYNQ_Design_i/usp_rf_data_converter_0/inst/i_axi_lite_ipif/I_SLAVE_ATTACHMENT/I_DECODER/IP2Bus_Data[8]_i_33_n_0
    SLICE_X110Y101       LUT4 (Prop_C6LUT_SLICEM_I0_O)
                                                      0.088     1.851 f  PYNQ_Design_i/usp_rf_data_converter_0/inst/i_axi_lite_ipif/I_SLAVE_ATTACHMENT/I_DECODER/IP2Bus_Data[8]_i_23/O
                         net (fo=1, routed)           0.243     2.094    PYNQ_Design_i/usp_rf_data_converter_0/inst/i_axi_lite_ipif/I_SLAVE_ATTACHMENT/I_DECODER/IP2Bus_Data[8]_i_23_n_0
    SLICE_X110Y105       LUT6 (Prop_H6LUT_SLICEM_I2_O)
                                                      0.152     2.246 r  PYNQ_Design_i/usp_rf_data_converter_0/inst/i_axi_lite_ipif/I_SLAVE_ATTACHMENT/I_DECODER/IP2Bus_Data[8]_i_9/O
                         net (fo=1, routed)           0.093     2.339    PYNQ_Design_i/usp_rf_data_converter_0/inst/i_axi_lite_ipif/I_SLAVE_ATTACHMENT/I_DECODER/IP2Bus_Data[8]_i_9_n_0
    SLICE_X110Y107       LUT6 (Prop_C6LUT_SLICEM_I4_O)
                                                      0.098     2.437 f  PYNQ_Design_i/usp_rf_data_converter_0/inst/i_axi_lite_ipif/I_SLAVE_ATTACHMENT/I_DECODER/IP2Bus_Data[8]_i_2/O
                         net (fo=1, routed)           0.218     2.655    PYNQ_Design_i/usp_rf_data_converter_0/inst/i_axi_lite_ipif/I_SLAVE_ATTACHMENT/I_DECODER/IP2Bus_Data[8]_i_2_n_0
    SLICE_X110Y116       LUT6 (Prop_C6LUT_SLICEM_I0_O)
                                                      0.037     2.692 r  PYNQ_Design_i/usp_rf_data_converter_0/inst/i_axi_lite_ipif/I_SLAVE_ATTACHMENT/I_DECODER/IP2Bus_Data[8]_i_1/O
                         net (fo=1, routed)           0.066     2.758    PYNQ_Design_i/usp_rf_data_converter_0/inst/i_axi_lite_ipif_n_76
    SLICE_X110Y116       FDRE                                         r  PYNQ_Design_i/usp_rf_data_converter_0/inst/IP2Bus_Data_reg[8]/D
  -------------------------------------------------------------------    -------------------

                         (clock clk_pl_0 rise edge)
                                                      0.000     0.000 r  
    PS8_X0Y0             PS8                          0.000     0.000 r  PYNQ_Design_i/zynq_ultra_ps_e_0/U0/PS8_i/PLCLK[0]
                         net (fo=1, routed)           0.157     0.157    PYNQ_Design_i/zynq_ultra_ps_e_0/U0/pl_clk_unbuffered[0]
    BUFG_PS_X0Y58        BUFG_PS (Prop_BUFG_PS_I_O)
                                                      0.025     0.182 r  PYNQ_Design_i/zynq_ultra_ps_e_0/U0/buffer_pl_clk_0.PL_CLK_0_BUFG/O
    X2Y2 (CLOCK_ROOT)    net (fo=13302, routed)       1.827     2.009    PYNQ_Design_i/usp_rf_data_converter_0/inst/s_axi_aclk
    SLICE_X110Y116       FDRE                                         r  PYNQ_Design_i/usp_rf_data_converter_0/inst/IP2Bus_Data_reg[8]/C

Slack:                    inf
  Source:                 PYNQ_Design_i/usp_rf_data_converter_0/inst/PYNQ_Design_usp_rf_data_converter_0_0_rf_wrapper_i/rx2_u_adc/INTERNAL_FBRC_DIV2_MUX
                            (rising edge-triggered cell HSADC clocked by RFADC2_CLK  {rise@0.000ns fall@5.000ns period=10.000ns})
  Destination:            PYNQ_Design_i/usp_rf_data_converter_0/inst/IP2Bus_Data_reg[13]/D
                            (rising edge-triggered cell FDRE clocked by clk_pl_0  {rise@0.000ns fall@5.156ns period=10.312ns})
  Path Group:             (none)
  Path Type:              Setup (Max at Slow Process Corner)
  Data Path Delay:        2.663ns  (logic 1.069ns (40.143%)  route 1.594ns (59.857%))
  Logic Levels:           4  (LUT5=1 LUT6=3)
  Clock Path Skew:        2.001ns (DCD - SCD + CPR)
    Destination Clock Delay (DCD):    2.001ns
    Source Clock Delay      (SCD):    0.000ns
    Clock Pessimism Removal (CPR):    0.000ns
  Clock Uncertainty:      0.159ns  ((TSJ^2 + DJ^2)^1/2) / 2 + PE
    Total System Jitter     (TSJ):    0.071ns
    Discrete Jitter          (DJ):    0.310ns
    Phase Error              (PE):    0.000ns
  Clock Net Delay (Destination): 1.819ns (routing 0.423ns, distribution 1.396ns)
  Timing Exception:       False Path

    Location             Delay type                Incr(ns)  Path(ns)    Netlist Resource(s)
  -------------------------------------------------------------------    -------------------
                         (clock RFADC2_CLK rise edge)
                                                      0.000     0.000 r  
    HSADC_X0Y2           HSADC                        0.000     0.000 r  PYNQ_Design_i/usp_rf_data_converter_0/inst/PYNQ_Design_usp_rf_data_converter_0_0_rf_wrapper_i/rx2_u_adc/INTERNAL_FBRC_DIV2_MUX
  -------------------------------------------------------------------    -------------------
    HSADC_X0Y2           HSADC (Prop_HSADC_INTERNAL_FBRC_DIV2_MUX_STATUS_COMMON[13])
                                                      0.771     0.771 r  PYNQ_Design_i/usp_rf_data_converter_0/inst/PYNQ_Design_usp_rf_data_converter_0_0_rf_wrapper_i/rx2_u_adc/STATUS_COMMON[13]
                         net (fo=1, routed)           0.780     1.551    PYNQ_Design_i/usp_rf_data_converter_0/inst/i_axi_lite_ipif/I_SLAVE_ATTACHMENT/I_DECODER/adc2_common_stat[13]
    SLICE_X110Y103       LUT5 (Prop_G6LUT_SLICEM_I4_O)
                                                      0.052     1.603 r  PYNQ_Design_i/usp_rf_data_converter_0/inst/i_axi_lite_ipif/I_SLAVE_ATTACHMENT/I_DECODER/IP2Bus_Data[13]_i_30/O
                         net (fo=1, routed)           0.094     1.697    PYNQ_Design_i/usp_rf_data_converter_0/inst/i_axi_lite_ipif/I_SLAVE_ATTACHMENT/I_DECODER/IP2Bus_Data[13]_i_30_n_0
    SLICE_X110Y105       LUT6 (Prop_D6LUT_SLICEM_I2_O)
                                                      0.051     1.748 r  PYNQ_Design_i/usp_rf_data_converter_0/inst/i_axi_lite_ipif/I_SLAVE_ATTACHMENT/I_DECODER/IP2Bus_Data[13]_i_15/O
                         net (fo=1, routed)           0.319     2.067    PYNQ_Design_i/usp_rf_data_converter_0/inst/i_axi_lite_ipif/I_SLAVE_ATTACHMENT/I_DECODER/IP2Bus_Data[13]_i_15_n_0
    SLICE_X111Y102       LUT6 (Prop_G6LUT_SLICEL_I2_O)
                                                      0.050     2.117 f  PYNQ_Design_i/usp_rf_data_converter_0/inst/i_axi_lite_ipif/I_SLAVE_ATTACHMENT/I_DECODER/IP2Bus_Data[13]_i_5/O
                         net (fo=1, routed)           0.329     2.446    PYNQ_Design_i/usp_rf_data_converter_0/inst/i_axi_lite_ipif/I_SLAVE_ATTACHMENT/I_DECODER/IP2Bus_Data[13]_i_5_n_0
    SLICE_X112Y114       LUT6 (Prop_D6LUT_SLICEM_I3_O)
                                                      0.145     2.591 r  PYNQ_Design_i/usp_rf_data_converter_0/inst/i_axi_lite_ipif/I_SLAVE_ATTACHMENT/I_DECODER/IP2Bus_Data[13]_i_1/O
                         net (fo=1, routed)           0.072     2.663    PYNQ_Design_i/usp_rf_data_converter_0/inst/i_axi_lite_ipif_n_71
    SLICE_X112Y114       FDRE                                         r  PYNQ_Design_i/usp_rf_data_converter_0/inst/IP2Bus_Data_reg[13]/D
  -------------------------------------------------------------------    -------------------

                         (clock clk_pl_0 rise edge)
                                                      0.000     0.000 r  
    PS8_X0Y0             PS8                          0.000     0.000 r  PYNQ_Design_i/zynq_ultra_ps_e_0/U0/PS8_i/PLCLK[0]
                         net (fo=1, routed)           0.157     0.157    PYNQ_Design_i/zynq_ultra_ps_e_0/U0/pl_clk_unbuffered[0]
    BUFG_PS_X0Y58        BUFG_PS (Prop_BUFG_PS_I_O)
                                                      0.025     0.182 r  PYNQ_Design_i/zynq_ultra_ps_e_0/U0/buffer_pl_clk_0.PL_CLK_0_BUFG/O
    X2Y2 (CLOCK_ROOT)    net (fo=13302, routed)       1.819     2.001    PYNQ_Design_i/usp_rf_data_converter_0/inst/s_axi_aclk
    SLICE_X112Y114       FDRE                                         r  PYNQ_Design_i/usp_rf_data_converter_0/inst/IP2Bus_Data_reg[13]/C

Slack:                    inf
  Source:                 PYNQ_Design_i/usp_rf_data_converter_0/inst/PYNQ_Design_usp_rf_data_converter_0_0_rf_wrapper_i/rx2_u_adc/INTERNAL_FBRC_DIV2_MUX
                            (rising edge-triggered cell HSADC clocked by RFADC2_CLK  {rise@0.000ns fall@5.000ns period=10.000ns})
  Destination:            PYNQ_Design_i/usp_rf_data_converter_0/inst/IP2Bus_Data_reg[10]/D
                            (rising edge-triggered cell FDRE clocked by clk_pl_0  {rise@0.000ns fall@5.156ns period=10.312ns})
  Path Group:             (none)
  Path Type:              Setup (Max at Slow Process Corner)
  Data Path Delay:        2.543ns  (logic 0.985ns (38.734%)  route 1.558ns (61.266%))
  Logic Levels:           5  (LUT4=2 LUT6=3)
  Clock Path Skew:        2.007ns (DCD - SCD + CPR)
    Destination Clock Delay (DCD):    2.007ns
    Source Clock Delay      (SCD):    0.000ns
    Clock Pessimism Removal (CPR):    0.000ns
  Clock Uncertainty:      0.159ns  ((TSJ^2 + DJ^2)^1/2) / 2 + PE
    Total System Jitter     (TSJ):    0.071ns
    Discrete Jitter          (DJ):    0.310ns
    Phase Error              (PE):    0.000ns
  Clock Net Delay (Destination): 1.825ns (routing 0.423ns, distribution 1.402ns)
  Timing Exception:       False Path

    Location             Delay type                Incr(ns)  Path(ns)    Netlist Resource(s)
  -------------------------------------------------------------------    -------------------
                         (clock RFADC2_CLK rise edge)
                                                      0.000     0.000 r  
    HSADC_X0Y2           HSADC                        0.000     0.000 r  PYNQ_Design_i/usp_rf_data_converter_0/inst/PYNQ_Design_usp_rf_data_converter_0_0_rf_wrapper_i/rx2_u_adc/INTERNAL_FBRC_DIV2_MUX
  -------------------------------------------------------------------    -------------------
    HSADC_X0Y2           HSADC (Prop_HSADC_INTERNAL_FBRC_DIV2_MUX_STATUS_COMMON[10])
                                                      0.536     0.536 r  PYNQ_Design_i/usp_rf_data_converter_0/inst/PYNQ_Design_usp_rf_data_converter_0_0_rf_wrapper_i/rx2_u_adc/STATUS_COMMON[10]
                         net (fo=1, routed)           0.846     1.382    PYNQ_Design_i/usp_rf_data_converter_0/inst/i_axi_lite_ipif/I_SLAVE_ATTACHMENT/I_DECODER/adc2_common_stat[10]
    SLICE_X110Y101       LUT4 (Prop_D6LUT_SLICEM_I0_O)
                                                      0.037     1.419 r  PYNQ_Design_i/usp_rf_data_converter_0/inst/i_axi_lite_ipif/I_SLAVE_ATTACHMENT/I_DECODER/IP2Bus_Data[10]_i_33/O
                         net (fo=1, routed)           0.042     1.461    PYNQ_Design_i/usp_rf_data_converter_0/inst/i_axi_lite_ipif/I_SLAVE_ATTACHMENT/I_DECODER/IP2Bus_Data[10]_i_33_n_0
    SLICE_X110Y101       LUT4 (Prop_G6LUT_SLICEM_I0_O)
                                                      0.100     1.561 f  PYNQ_Design_i/usp_rf_data_converter_0/inst/i_axi_lite_ipif/I_SLAVE_ATTACHMENT/I_DECODER/IP2Bus_Data[10]_i_24/O
                         net (fo=1, routed)           0.152     1.713    PYNQ_Design_i/usp_rf_data_converter_0/inst/i_axi_lite_ipif/I_SLAVE_ATTACHMENT/I_DECODER/IP2Bus_Data[10]_i_24_n_0
    SLICE_X110Y106       LUT6 (Prop_G6LUT_SLICEM_I2_O)
                                                      0.090     1.803 r  PYNQ_Design_i/usp_rf_data_converter_0/inst/i_axi_lite_ipif/I_SLAVE_ATTACHMENT/I_DECODER/IP2Bus_Data[10]_i_14/O
                         net (fo=1, routed)           0.195     1.998    PYNQ_Design_i/usp_rf_data_converter_0/inst/i_axi_lite_ipif/I_SLAVE_ATTACHMENT/I_DECODER/IP2Bus_Data[10]_i_14_n_0
    SLICE_X112Y107       LUT6 (Prop_F6LUT_SLICEM_I4_O)
                                                      0.098     2.096 f  PYNQ_Design_i/usp_rf_data_converter_0/inst/i_axi_lite_ipif/I_SLAVE_ATTACHMENT/I_DECODER/IP2Bus_Data[10]_i_5/O
                         net (fo=1, routed)           0.272     2.368    PYNQ_Design_i/usp_rf_data_converter_0/inst/i_axi_lite_ipif/I_SLAVE_ATTACHMENT/I_DECODER/IP2Bus_Data[10]_i_5_n_0
    SLICE_X111Y116       LUT6 (Prop_H6LUT_SLICEL_I4_O)
                                                      0.124     2.492 r  PYNQ_Design_i/usp_rf_data_converter_0/inst/i_axi_lite_ipif/I_SLAVE_ATTACHMENT/I_DECODER/IP2Bus_Data[10]_i_1/O
                         net (fo=1, routed)           0.051     2.543    PYNQ_Design_i/usp_rf_data_converter_0/inst/i_axi_lite_ipif_n_74
    SLICE_X111Y116       FDRE                                         r  PYNQ_Design_i/usp_rf_data_converter_0/inst/IP2Bus_Data_reg[10]/D
  -------------------------------------------------------------------    -------------------

                         (clock clk_pl_0 rise edge)
                                                      0.000     0.000 r  
    PS8_X0Y0             PS8                          0.000     0.000 r  PYNQ_Design_i/zynq_ultra_ps_e_0/U0/PS8_i/PLCLK[0]
                         net (fo=1, routed)           0.157     0.157    PYNQ_Design_i/zynq_ultra_ps_e_0/U0/pl_clk_unbuffered[0]
    BUFG_PS_X0Y58        BUFG_PS (Prop_BUFG_PS_I_O)
                                                      0.025     0.182 r  PYNQ_Design_i/zynq_ultra_ps_e_0/U0/buffer_pl_clk_0.PL_CLK_0_BUFG/O
    X2Y2 (CLOCK_ROOT)    net (fo=13302, routed)       1.825     2.007    PYNQ_Design_i/usp_rf_data_converter_0/inst/s_axi_aclk
    SLICE_X111Y116       FDRE                                         r  PYNQ_Design_i/usp_rf_data_converter_0/inst/IP2Bus_Data_reg[10]/C

Slack:                    inf
  Source:                 PYNQ_Design_i/usp_rf_data_converter_0/inst/PYNQ_Design_usp_rf_data_converter_0_0_rf_wrapper_i/rx2_u_adc/INTERNAL_FBRC_DIV2_MUX
                            (rising edge-triggered cell HSADC clocked by RFADC2_CLK  {rise@0.000ns fall@5.000ns period=10.000ns})
  Destination:            PYNQ_Design_i/usp_rf_data_converter_0/inst/IP2Bus_Data_reg[9]/D
                            (rising edge-triggered cell FDRE clocked by clk_pl_0  {rise@0.000ns fall@5.156ns period=10.312ns})
  Path Group:             (none)
  Path Type:              Setup (Max at Slow Process Corner)
  Data Path Delay:        2.423ns  (logic 0.798ns (32.934%)  route 1.625ns (67.066%))
  Logic Levels:           4  (LUT5=1 LUT6=3)
  Clock Path Skew:        2.011ns (DCD - SCD + CPR)
    Destination Clock Delay (DCD):    2.011ns
    Source Clock Delay      (SCD):    0.000ns
    Clock Pessimism Removal (CPR):    0.000ns
  Clock Uncertainty:      0.159ns  ((TSJ^2 + DJ^2)^1/2) / 2 + PE
    Total System Jitter     (TSJ):    0.071ns
    Discrete Jitter          (DJ):    0.310ns
    Phase Error              (PE):    0.000ns
  Clock Net Delay (Destination): 1.829ns (routing 0.423ns, distribution 1.406ns)
  Timing Exception:       False Path

    Location             Delay type                Incr(ns)  Path(ns)    Netlist Resource(s)
  -------------------------------------------------------------------    -------------------
                         (clock RFADC2_CLK rise edge)
                                                      0.000     0.000 r  
    HSADC_X0Y2           HSADC                        0.000     0.000 r  PYNQ_Design_i/usp_rf_data_converter_0/inst/PYNQ_Design_usp_rf_data_converter_0_0_rf_wrapper_i/rx2_u_adc/INTERNAL_FBRC_DIV2_MUX
  -------------------------------------------------------------------    -------------------
    HSADC_X0Y2           HSADC (Prop_HSADC_INTERNAL_FBRC_DIV2_MUX_STATUS_COMMON[9])
                                                      0.532     0.532 r  PYNQ_Design_i/usp_rf_data_converter_0/inst/PYNQ_Design_usp_rf_data_converter_0_0_rf_wrapper_i/rx2_u_adc/STATUS_COMMON[9]
                         net (fo=1, routed)           0.942     1.474    PYNQ_Design_i/usp_rf_data_converter_0/inst/i_axi_lite_ipif/I_SLAVE_ATTACHMENT/I_DECODER/adc2_common_stat[9]
    SLICE_X110Y105       LUT5 (Prop_F6LUT_SLICEM_I4_O)
                                                      0.088     1.562 f  PYNQ_Design_i/usp_rf_data_converter_0/inst/i_axi_lite_ipif/I_SLAVE_ATTACHMENT/I_DECODER/IP2Bus_Data[9]_i_38/O
                         net (fo=1, routed)           0.040     1.602    PYNQ_Design_i/usp_rf_data_converter_0/inst/i_axi_lite_ipif/I_SLAVE_ATTACHMENT/I_DECODER/IP2Bus_Data[9]_i_38_n_0
    SLICE_X110Y105       LUT6 (Prop_G6LUT_SLICEM_I3_O)
                                                      0.037     1.639 f  PYNQ_Design_i/usp_rf_data_converter_0/inst/i_axi_lite_ipif/I_SLAVE_ATTACHMENT/I_DECODER/IP2Bus_Data[9]_i_19/O
                         net (fo=1, routed)           0.137     1.776    PYNQ_Design_i/usp_rf_data_converter_0/inst/i_axi_lite_ipif/I_SLAVE_ATTACHMENT/I_DECODER/IP2Bus_Data[9]_i_19_n_0
    SLICE_X110Y102       LUT6 (Prop_G6LUT_SLICEM_I2_O)
                                                      0.090     1.866 r  PYNQ_Design_i/usp_rf_data_converter_0/inst/i_axi_lite_ipif/I_SLAVE_ATTACHMENT/I_DECODER/IP2Bus_Data[9]_i_6/O
                         net (fo=1, routed)           0.440     2.306    PYNQ_Design_i/usp_rf_data_converter_0/inst/i_axi_lite_ipif/I_SLAVE_ATTACHMENT/I_DECODER/IP2Bus_Data[9]_i_6_n_0
    SLICE_X113Y112       LUT6 (Prop_C6LUT_SLICEM_I4_O)
                                                      0.051     2.357 r  PYNQ_Design_i/usp_rf_data_converter_0/inst/i_axi_lite_ipif/I_SLAVE_ATTACHMENT/I_DECODER/IP2Bus_Data[9]_i_1/O
                         net (fo=1, routed)           0.066     2.423    PYNQ_Design_i/usp_rf_data_converter_0/inst/i_axi_lite_ipif_n_75
    SLICE_X113Y112       FDRE                                         r  PYNQ_Design_i/usp_rf_data_converter_0/inst/IP2Bus_Data_reg[9]/D
  -------------------------------------------------------------------    -------------------

                         (clock clk_pl_0 rise edge)
                                                      0.000     0.000 r  
    PS8_X0Y0             PS8                          0.000     0.000 r  PYNQ_Design_i/zynq_ultra_ps_e_0/U0/PS8_i/PLCLK[0]
                         net (fo=1, routed)           0.157     0.157    PYNQ_Design_i/zynq_ultra_ps_e_0/U0/pl_clk_unbuffered[0]
    BUFG_PS_X0Y58        BUFG_PS (Prop_BUFG_PS_I_O)
                                                      0.025     0.182 r  PYNQ_Design_i/zynq_ultra_ps_e_0/U0/buffer_pl_clk_0.PL_CLK_0_BUFG/O
    X2Y2 (CLOCK_ROOT)    net (fo=13302, routed)       1.829     2.011    PYNQ_Design_i/usp_rf_data_converter_0/inst/s_axi_aclk
    SLICE_X113Y112       FDRE                                         r  PYNQ_Design_i/usp_rf_data_converter_0/inst/IP2Bus_Data_reg[9]/C

Slack:                    inf
  Source:                 PYNQ_Design_i/usp_rf_data_converter_0/inst/PYNQ_Design_usp_rf_data_converter_0_0_rf_wrapper_i/rx2_u_adc/INTERNAL_FBRC_DIV2_MUX
                            (rising edge-triggered cell HSADC clocked by RFADC2_CLK  {rise@0.000ns fall@5.000ns period=10.000ns})
  Destination:            PYNQ_Design_i/usp_rf_data_converter_0/inst/IP2Bus_Data_reg[11]/D
                            (rising edge-triggered cell FDRE clocked by clk_pl_0  {rise@0.000ns fall@5.156ns period=10.312ns})
  Path Group:             (none)
  Path Type:              Setup (Max at Slow Process Corner)
  Data Path Delay:        2.384ns  (logic 0.914ns (38.339%)  route 1.470ns (61.661%))
  Logic Levels:           5  (LUT4=2 LUT6=3)
  Clock Path Skew:        2.009ns (DCD - SCD + CPR)
    Destination Clock Delay (DCD):    2.009ns
    Source Clock Delay      (SCD):    0.000ns
    Clock Pessimism Removal (CPR):    0.000ns
  Clock Uncertainty:      0.159ns  ((TSJ^2 + DJ^2)^1/2) / 2 + PE
    Total System Jitter     (TSJ):    0.071ns
    Discrete Jitter          (DJ):    0.310ns
    Phase Error              (PE):    0.000ns
  Clock Net Delay (Destination): 1.827ns (routing 0.423ns, distribution 1.404ns)
  Timing Exception:       False Path

    Location             Delay type                Incr(ns)  Path(ns)    Netlist Resource(s)
  -------------------------------------------------------------------    -------------------
                         (clock RFADC2_CLK rise edge)
                                                      0.000     0.000 r  
    HSADC_X0Y2           HSADC                        0.000     0.000 r  PYNQ_Design_i/usp_rf_data_converter_0/inst/PYNQ_Design_usp_rf_data_converter_0_0_rf_wrapper_i/rx2_u_adc/INTERNAL_FBRC_DIV2_MUX
  -------------------------------------------------------------------    -------------------
    HSADC_X0Y2           HSADC (Prop_HSADC_INTERNAL_FBRC_DIV2_MUX_STATUS_COMMON[11])
                                                      0.588     0.588 r  PYNQ_Design_i/usp_rf_data_converter_0/inst/PYNQ_Design_usp_rf_data_converter_0_0_rf_wrapper_i/rx2_u_adc/STATUS_COMMON[11]
                         net (fo=1, routed)           0.797     1.385    PYNQ_Design_i/usp_rf_data_converter_0/inst/i_axi_lite_ipif/I_SLAVE_ATTACHMENT/I_DECODER/adc2_common_stat[11]
    SLICE_X110Y105       LUT4 (Prop_B6LUT_SLICEM_I0_O)
                                                      0.125     1.510 r  PYNQ_Design_i/usp_rf_data_converter_0/inst/i_axi_lite_ipif/I_SLAVE_ATTACHMENT/I_DECODER/IP2Bus_Data[11]_i_40/O
                         net (fo=1, routed)           0.042     1.552    PYNQ_Design_i/usp_rf_data_converter_0/inst/i_axi_lite_ipif/I_SLAVE_ATTACHMENT/I_DECODER/IP2Bus_Data[11]_i_40_n_0
    SLICE_X110Y105       LUT4 (Prop_E6LUT_SLICEM_I0_O)
                                                      0.037     1.589 f  PYNQ_Design_i/usp_rf_data_converter_0/inst/i_axi_lite_ipif/I_SLAVE_ATTACHMENT/I_DECODER/IP2Bus_Data[11]_i_27/O
                         net (fo=1, routed)           0.086     1.675    PYNQ_Design_i/usp_rf_data_converter_0/inst/i_axi_lite_ipif/I_SLAVE_ATTACHMENT/I_DECODER/IP2Bus_Data[11]_i_27_n_0
    SLICE_X110Y106       LUT6 (Prop_C6LUT_SLICEM_I2_O)
                                                      0.037     1.712 r  PYNQ_Design_i/usp_rf_data_converter_0/inst/i_axi_lite_ipif/I_SLAVE_ATTACHMENT/I_DECODER/IP2Bus_Data[11]_i_9/O
                         net (fo=1, routed)           0.227     1.939    PYNQ_Design_i/usp_rf_data_converter_0/inst/i_axi_lite_ipif/I_SLAVE_ATTACHMENT/I_DECODER/IP2Bus_Data[11]_i_9_n_0
    SLICE_X111Y108       LUT6 (Prop_H6LUT_SLICEL_I4_O)
                                                      0.090     2.029 f  PYNQ_Design_i/usp_rf_data_converter_0/inst/i_axi_lite_ipif/I_SLAVE_ATTACHMENT/I_DECODER/IP2Bus_Data[11]_i_2/O
                         net (fo=1, routed)           0.246     2.275    PYNQ_Design_i/usp_rf_data_converter_0/inst/i_axi_lite_ipif/I_SLAVE_ATTACHMENT/I_DECODER/IP2Bus_Data[11]_i_2_n_0
    SLICE_X110Y116       LUT6 (Prop_D6LUT_SLICEM_I0_O)
                                                      0.037     2.312 r  PYNQ_Design_i/usp_rf_data_converter_0/inst/i_axi_lite_ipif/I_SLAVE_ATTACHMENT/I_DECODER/IP2Bus_Data[11]_i_1/O
                         net (fo=1, routed)           0.072     2.384    PYNQ_Design_i/usp_rf_data_converter_0/inst/i_axi_lite_ipif_n_73
    SLICE_X110Y116       FDRE                                         r  PYNQ_Design_i/usp_rf_data_converter_0/inst/IP2Bus_Data_reg[11]/D
  -------------------------------------------------------------------    -------------------

                         (clock clk_pl_0 rise edge)
                                                      0.000     0.000 r  
    PS8_X0Y0             PS8                          0.000     0.000 r  PYNQ_Design_i/zynq_ultra_ps_e_0/U0/PS8_i/PLCLK[0]
                         net (fo=1, routed)           0.157     0.157    PYNQ_Design_i/zynq_ultra_ps_e_0/U0/pl_clk_unbuffered[0]
    BUFG_PS_X0Y58        BUFG_PS (Prop_BUFG_PS_I_O)
                                                      0.025     0.182 r  PYNQ_Design_i/zynq_ultra_ps_e_0/U0/buffer_pl_clk_0.PL_CLK_0_BUFG/O
    X2Y2 (CLOCK_ROOT)    net (fo=13302, routed)       1.827     2.009    PYNQ_Design_i/usp_rf_data_converter_0/inst/s_axi_aclk
    SLICE_X110Y116       FDRE                                         r  PYNQ_Design_i/usp_rf_data_converter_0/inst/IP2Bus_Data_reg[11]/C

Slack:                    inf
  Source:                 PYNQ_Design_i/usp_rf_data_converter_0/inst/PYNQ_Design_usp_rf_data_converter_0_0_rf_wrapper_i/rx2_u_adc/INTERNAL_FBRC_DIV2_MUX
                            (rising edge-triggered cell HSADC clocked by RFADC2_CLK  {rise@0.000ns fall@5.000ns period=10.000ns})
  Destination:            PYNQ_Design_i/usp_rf_data_converter_0/inst/IP2Bus_Data_reg[15]/D
                            (rising edge-triggered cell FDRE clocked by clk_pl_0  {rise@0.000ns fall@5.156ns period=10.312ns})
  Path Group:             (none)
  Path Type:              Setup (Max at Slow Process Corner)
  Data Path Delay:        2.370ns  (logic 0.913ns (38.523%)  route 1.457ns (61.477%))
  Logic Levels:           5  (LUT4=1 LUT5=1 LUT6=3)
  Clock Path Skew:        2.006ns (DCD - SCD + CPR)
    Destination Clock Delay (DCD):    2.006ns
    Source Clock Delay      (SCD):    0.000ns
    Clock Pessimism Removal (CPR):    0.000ns
  Clock Uncertainty:      0.159ns  ((TSJ^2 + DJ^2)^1/2) / 2 + PE
    Total System Jitter     (TSJ):    0.071ns
    Discrete Jitter          (DJ):    0.310ns
    Phase Error              (PE):    0.000ns
  Clock Net Delay (Destination): 1.824ns (routing 0.423ns, distribution 1.401ns)
  Timing Exception:       False Path

    Location             Delay type                Incr(ns)  Path(ns)    Netlist Resource(s)
  -------------------------------------------------------------------    -------------------
                         (clock RFADC2_CLK rise edge)
                                                      0.000     0.000 r  
    HSADC_X0Y2           HSADC                        0.000     0.000 r  PYNQ_Design_i/usp_rf_data_converter_0/inst/PYNQ_Design_usp_rf_data_converter_0_0_rf_wrapper_i/rx2_u_adc/INTERNAL_FBRC_DIV2_MUX
  -------------------------------------------------------------------    -------------------
    HSADC_X0Y2           HSADC (Prop_HSADC_INTERNAL_FBRC_DIV2_MUX_STATUS_COMMON[15])
                                                      0.525     0.525 r  PYNQ_Design_i/usp_rf_data_converter_0/inst/PYNQ_Design_usp_rf_data_converter_0_0_rf_wrapper_i/rx2_u_adc/STATUS_COMMON[15]
                         net (fo=1, routed)           0.788     1.313    PYNQ_Design_i/usp_rf_data_converter_0/inst/i_axi_lite_ipif/I_SLAVE_ATTACHMENT/I_DECODER/adc2_common_stat[15]
    SLICE_X116Y107       LUT4 (Prop_F6LUT_SLICEL_I2_O)
                                                      0.049     1.362 f  PYNQ_Design_i/usp_rf_data_converter_0/inst/i_axi_lite_ipif/I_SLAVE_ATTACHMENT/I_DECODER/IP2Bus_Data[15]_i_82/O
                         net (fo=1, routed)           0.058     1.420    PYNQ_Design_i/usp_rf_data_converter_0/inst/i_axi_lite_ipif/I_SLAVE_ATTACHMENT/I_DECODER/IP2Bus_Data[15]_i_82_n_0
    SLICE_X116Y107       LUT5 (Prop_B6LUT_SLICEL_I2_O)
                                                      0.148     1.568 r  PYNQ_Design_i/usp_rf_data_converter_0/inst/i_axi_lite_ipif/I_SLAVE_ATTACHMENT/I_DECODER/IP2Bus_Data[15]_i_56/O
                         net (fo=1, routed)           0.210     1.778    PYNQ_Design_i/usp_rf_data_converter_0/inst/i_axi_lite_ipif/I_SLAVE_ATTACHMENT/I_DECODER/IP2Bus_Data[15]_i_56_n_0
    SLICE_X112Y106       LUT6 (Prop_D6LUT_SLICEM_I2_O)
                                                      0.051     1.829 r  PYNQ_Design_i/usp_rf_data_converter_0/inst/i_axi_lite_ipif/I_SLAVE_ATTACHMENT/I_DECODER/IP2Bus_Data[15]_i_24/O
                         net (fo=1, routed)           0.189     2.018    PYNQ_Design_i/usp_rf_data_converter_0/inst/i_axi_lite_ipif/I_SLAVE_ATTACHMENT/I_DECODER/IP2Bus_Data[15]_i_24_n_0
    SLICE_X113Y107       LUT6 (Prop_G6LUT_SLICEM_I3_O)
                                                      0.052     2.070 r  PYNQ_Design_i/usp_rf_data_converter_0/inst/i_axi_lite_ipif/I_SLAVE_ATTACHMENT/I_DECODER/IP2Bus_Data[15]_i_6/O
                         net (fo=1, routed)           0.140     2.210    PYNQ_Design_i/usp_rf_data_converter_0/inst/i_axi_lite_ipif/I_SLAVE_ATTACHMENT/I_DECODER/IP2Bus_Data[15]_i_6_n_0
    SLICE_X113Y111       LUT6 (Prop_D6LUT_SLICEM_I4_O)
                                                      0.088     2.298 r  PYNQ_Design_i/usp_rf_data_converter_0/inst/i_axi_lite_ipif/I_SLAVE_ATTACHMENT/I_DECODER/IP2Bus_Data[15]_i_1/O
                         net (fo=1, routed)           0.072     2.370    PYNQ_Design_i/usp_rf_data_converter_0/inst/i_axi_lite_ipif_n_69
    SLICE_X113Y111       FDRE                                         r  PYNQ_Design_i/usp_rf_data_converter_0/inst/IP2Bus_Data_reg[15]/D
  -------------------------------------------------------------------    -------------------

                         (clock clk_pl_0 rise edge)
                                                      0.000     0.000 r  
    PS8_X0Y0             PS8                          0.000     0.000 r  PYNQ_Design_i/zynq_ultra_ps_e_0/U0/PS8_i/PLCLK[0]
                         net (fo=1, routed)           0.157     0.157    PYNQ_Design_i/zynq_ultra_ps_e_0/U0/pl_clk_unbuffered[0]
    BUFG_PS_X0Y58        BUFG_PS (Prop_BUFG_PS_I_O)
                                                      0.025     0.182 r  PYNQ_Design_i/zynq_ultra_ps_e_0/U0/buffer_pl_clk_0.PL_CLK_0_BUFG/O
    X2Y2 (CLOCK_ROOT)    net (fo=13302, routed)       1.824     2.006    PYNQ_Design_i/usp_rf_data_converter_0/inst/s_axi_aclk
    SLICE_X113Y111       FDRE                                         r  PYNQ_Design_i/usp_rf_data_converter_0/inst/IP2Bus_Data_reg[15]/C

Slack:                    inf
  Source:                 PYNQ_Design_i/usp_rf_data_converter_0/inst/PYNQ_Design_usp_rf_data_converter_0_0_rf_wrapper_i/rx2_u_adc/INTERNAL_FBRC_DIV2_MUX
                            (rising edge-triggered cell HSADC clocked by RFADC2_CLK  {rise@0.000ns fall@5.000ns period=10.000ns})
  Destination:            PYNQ_Design_i/usp_rf_data_converter_0/inst/IP2Bus_Data_reg[12]/D
                            (rising edge-triggered cell FDRE clocked by clk_pl_0  {rise@0.000ns fall@5.156ns period=10.312ns})
  Path Group:             (none)
  Path Type:              Setup (Max at Slow Process Corner)
  Data Path Delay:        2.159ns  (logic 0.919ns (42.566%)  route 1.240ns (57.434%))
  Logic Levels:           3  (LUT6=3)
  Clock Path Skew:        1.999ns (DCD - SCD + CPR)
    Destination Clock Delay (DCD):    1.999ns
    Source Clock Delay      (SCD):    0.000ns
    Clock Pessimism Removal (CPR):    0.000ns
  Clock Uncertainty:      0.159ns  ((TSJ^2 + DJ^2)^1/2) / 2 + PE
    Total System Jitter     (TSJ):    0.071ns
    Discrete Jitter          (DJ):    0.310ns
    Phase Error              (PE):    0.000ns
  Clock Net Delay (Destination): 1.817ns (routing 0.423ns, distribution 1.394ns)
  Timing Exception:       False Path

    Location             Delay type                Incr(ns)  Path(ns)    Netlist Resource(s)
  -------------------------------------------------------------------    -------------------
                         (clock RFADC2_CLK rise edge)
                                                      0.000     0.000 r  
    HSADC_X0Y2           HSADC                        0.000     0.000 r  PYNQ_Design_i/usp_rf_data_converter_0/inst/PYNQ_Design_usp_rf_data_converter_0_0_rf_wrapper_i/rx2_u_adc/INTERNAL_FBRC_DIV2_MUX
  -------------------------------------------------------------------    -------------------
    HSADC_X0Y2           HSADC (Prop_HSADC_INTERNAL_FBRC_DIV2_MUX_STATUS_COMMON[12])
                                                      0.611     0.611 r  PYNQ_Design_i/usp_rf_data_converter_0/inst/PYNQ_Design_usp_rf_data_converter_0_0_rf_wrapper_i/rx2_u_adc/STATUS_COMMON[12]
                         net (fo=1, routed)           0.876     1.487    PYNQ_Design_i/usp_rf_data_converter_0/inst/i_axi_lite_ipif/I_SLAVE_ATTACHMENT/I_DECODER/adc2_common_stat[12]
    SLICE_X112Y103       LUT6 (Prop_G6LUT_SLICEM_I1_O)
                                                      0.150     1.637 f  PYNQ_Design_i/usp_rf_data_converter_0/inst/i_axi_lite_ipif/I_SLAVE_ATTACHMENT/I_DECODER/IP2Bus_Data[12]_i_10/O
                         net (fo=1, routed)           0.053     1.690    PYNQ_Design_i/usp_rf_data_converter_0/inst/i_axi_lite_ipif/I_SLAVE_ATTACHMENT/I_DECODER/IP2Bus_Data[12]_i_10_n_0
    SLICE_X112Y103       LUT6 (Prop_C6LUT_SLICEM_I2_O)
                                                      0.123     1.813 r  PYNQ_Design_i/usp_rf_data_converter_0/inst/i_axi_lite_ipif/I_SLAVE_ATTACHMENT/I_DECODER/IP2Bus_Data[12]_i_3/O
                         net (fo=1, routed)           0.261     2.074    PYNQ_Design_i/usp_rf_data_converter_0/inst/i_axi_lite_ipif/I_SLAVE_ATTACHMENT/I_DECODER/IP2Bus_Data[12]_i_3_n_0
    SLICE_X111Y112       LUT6 (Prop_C6LUT_SLICEL_I1_O)
                                                      0.035     2.109 r  PYNQ_Design_i/usp_rf_data_converter_0/inst/i_axi_lite_ipif/I_SLAVE_ATTACHMENT/I_DECODER/IP2Bus_Data[12]_i_1/O
                         net (fo=1, routed)           0.050     2.159    PYNQ_Design_i/usp_rf_data_converter_0/inst/i_axi_lite_ipif_n_72
    SLICE_X111Y112       FDRE                                         r  PYNQ_Design_i/usp_rf_data_converter_0/inst/IP2Bus_Data_reg[12]/D
  -------------------------------------------------------------------    -------------------

                         (clock clk_pl_0 rise edge)
                                                      0.000     0.000 r  
    PS8_X0Y0             PS8                          0.000     0.000 r  PYNQ_Design_i/zynq_ultra_ps_e_0/U0/PS8_i/PLCLK[0]
                         net (fo=1, routed)           0.157     0.157    PYNQ_Design_i/zynq_ultra_ps_e_0/U0/pl_clk_unbuffered[0]
    BUFG_PS_X0Y58        BUFG_PS (Prop_BUFG_PS_I_O)
                                                      0.025     0.182 r  PYNQ_Design_i/zynq_ultra_ps_e_0/U0/buffer_pl_clk_0.PL_CLK_0_BUFG/O
    X2Y2 (CLOCK_ROOT)    net (fo=13302, routed)       1.817     1.999    PYNQ_Design_i/usp_rf_data_converter_0/inst/s_axi_aclk
    SLICE_X111Y112       FDRE                                         r  PYNQ_Design_i/usp_rf_data_converter_0/inst/IP2Bus_Data_reg[12]/C





Min Delay Paths
--------------------------------------------------------------------------------------
Slack:                    inf
  Source:                 PYNQ_Design_i/usp_rf_data_converter_0/inst/PYNQ_Design_usp_rf_data_converter_0_0_rf_wrapper_i/rx2_u_adc/INTERNAL_FBRC_DIV2_MUX
                            (rising edge-triggered cell HSADC clocked by RFADC2_CLK  {rise@0.000ns fall@5.000ns period=10.000ns})
  Destination:            PYNQ_Design_i/usp_rf_data_converter_0/inst/IP2Bus_Data_reg[12]/D
                            (rising edge-triggered cell FDRE clocked by clk_pl_0  {rise@0.000ns fall@5.156ns period=10.312ns})
  Path Group:             (none)
  Path Type:              Hold (Min at Fast Process Corner)
  Data Path Delay:        1.016ns  (logic 0.398ns (39.173%)  route 0.618ns (60.827%))
  Logic Levels:           3  (LUT6=3)
  Clock Path Skew:        1.408ns (DCD - SCD - CPR)
    Destination Clock Delay (DCD):    1.408ns
    Source Clock Delay      (SCD):    0.000ns
    Clock Pessimism Removal (CPR):    -0.000ns
  Clock Uncertainty:      0.159ns  ((TSJ^2 + DJ^2)^1/2) / 2 + PE
    Total System Jitter     (TSJ):    0.071ns
    Discrete Jitter          (DJ):    0.310ns
    Phase Error              (PE):    0.000ns
  Clock Net Delay (Destination): 1.261ns (routing 0.282ns, distribution 0.979ns)
  Timing Exception:       False Path

    Location             Delay type                Incr(ns)  Path(ns)    Netlist Resource(s)
  -------------------------------------------------------------------    -------------------
                         (clock RFADC2_CLK rise edge)
                                                      0.000     0.000 r  
    HSADC_X0Y2           HSADC                        0.000     0.000 r  PYNQ_Design_i/usp_rf_data_converter_0/inst/PYNQ_Design_usp_rf_data_converter_0_0_rf_wrapper_i/rx2_u_adc/INTERNAL_FBRC_DIV2_MUX
  -------------------------------------------------------------------    -------------------
    HSADC_X0Y2           HSADC (Prop_HSADC_INTERNAL_FBRC_DIV2_MUX_STATUS_COMMON[12])
                                                      0.274     0.274 r  PYNQ_Design_i/usp_rf_data_converter_0/inst/PYNQ_Design_usp_rf_data_converter_0_0_rf_wrapper_i/rx2_u_adc/STATUS_COMMON[12]
                         net (fo=1, routed)           0.435     0.709    PYNQ_Design_i/usp_rf_data_converter_0/inst/i_axi_lite_ipif/I_SLAVE_ATTACHMENT/I_DECODER/adc2_common_stat[12]
    SLICE_X112Y103       LUT6 (Prop_G6LUT_SLICEM_I1_O)
                                                      0.060     0.769 f  PYNQ_Design_i/usp_rf_data_converter_0/inst/i_axi_lite_ipif/I_SLAVE_ATTACHMENT/I_DECODER/IP2Bus_Data[12]_i_10/O
                         net (fo=1, routed)           0.029     0.798    PYNQ_Design_i/usp_rf_data_converter_0/inst/i_axi_lite_ipif/I_SLAVE_ATTACHMENT/I_DECODER/IP2Bus_Data[12]_i_10_n_0
    SLICE_X112Y103       LUT6 (Prop_C6LUT_SLICEM_I2_O)
                                                      0.050     0.848 r  PYNQ_Design_i/usp_rf_data_converter_0/inst/i_axi_lite_ipif/I_SLAVE_ATTACHMENT/I_DECODER/IP2Bus_Data[12]_i_3/O
                         net (fo=1, routed)           0.137     0.985    PYNQ_Design_i/usp_rf_data_converter_0/inst/i_axi_lite_ipif/I_SLAVE_ATTACHMENT/I_DECODER/IP2Bus_Data[12]_i_3_n_0
    SLICE_X111Y112       LUT6 (Prop_C6LUT_SLICEL_I1_O)
                                                      0.014     0.999 r  PYNQ_Design_i/usp_rf_data_converter_0/inst/i_axi_lite_ipif/I_SLAVE_ATTACHMENT/I_DECODER/IP2Bus_Data[12]_i_1/O
                         net (fo=1, routed)           0.017     1.016    PYNQ_Design_i/usp_rf_data_converter_0/inst/i_axi_lite_ipif_n_72
    SLICE_X111Y112       FDRE                                         r  PYNQ_Design_i/usp_rf_data_converter_0/inst/IP2Bus_Data_reg[12]/D
  -------------------------------------------------------------------    -------------------

                         (clock clk_pl_0 rise edge)
                                                      0.000     0.000 r  
    PS8_X0Y0             PS8                          0.000     0.000 r  PYNQ_Design_i/zynq_ultra_ps_e_0/U0/PS8_i/PLCLK[0]
                         net (fo=1, routed)           0.129     0.129    PYNQ_Design_i/zynq_ultra_ps_e_0/U0/pl_clk_unbuffered[0]
    BUFG_PS_X0Y58        BUFG_PS (Prop_BUFG_PS_I_O)
                                                      0.018     0.147 r  PYNQ_Design_i/zynq_ultra_ps_e_0/U0/buffer_pl_clk_0.PL_CLK_0_BUFG/O
    X2Y2 (CLOCK_ROOT)    net (fo=13302, routed)       1.261     1.408    PYNQ_Design_i/usp_rf_data_converter_0/inst/s_axi_aclk
    SLICE_X111Y112       FDRE                                         r  PYNQ_Design_i/usp_rf_data_converter_0/inst/IP2Bus_Data_reg[12]/C

Slack:                    inf
  Source:                 PYNQ_Design_i/usp_rf_data_converter_0/inst/PYNQ_Design_usp_rf_data_converter_0_0_rf_wrapper_i/rx2_u_adc/INTERNAL_FBRC_DIV2_MUX
                            (rising edge-triggered cell HSADC clocked by RFADC2_CLK  {rise@0.000ns fall@5.000ns period=10.000ns})
  Destination:            PYNQ_Design_i/usp_rf_data_converter_0/inst/IP2Bus_Data_reg[11]/D
                            (rising edge-triggered cell FDRE clocked by clk_pl_0  {rise@0.000ns fall@5.156ns period=10.312ns})
  Path Group:             (none)
  Path Type:              Hold (Min at Fast Process Corner)
  Data Path Delay:        1.105ns  (logic 0.392ns (35.475%)  route 0.713ns (64.525%))
  Logic Levels:           5  (LUT4=2 LUT6=3)
  Clock Path Skew:        1.419ns (DCD - SCD - CPR)
    Destination Clock Delay (DCD):    1.419ns
    Source Clock Delay      (SCD):    0.000ns
    Clock Pessimism Removal (CPR):    -0.000ns
  Clock Uncertainty:      0.159ns  ((TSJ^2 + DJ^2)^1/2) / 2 + PE
    Total System Jitter     (TSJ):    0.071ns
    Discrete Jitter          (DJ):    0.310ns
    Phase Error              (PE):    0.000ns
  Clock Net Delay (Destination): 1.272ns (routing 0.282ns, distribution 0.990ns)
  Timing Exception:       False Path

    Location             Delay type                Incr(ns)  Path(ns)    Netlist Resource(s)
  -------------------------------------------------------------------    -------------------
                         (clock RFADC2_CLK rise edge)
                                                      0.000     0.000 r  
    HSADC_X0Y2           HSADC                        0.000     0.000 r  PYNQ_Design_i/usp_rf_data_converter_0/inst/PYNQ_Design_usp_rf_data_converter_0_0_rf_wrapper_i/rx2_u_adc/INTERNAL_FBRC_DIV2_MUX
  -------------------------------------------------------------------    -------------------
    HSADC_X0Y2           HSADC (Prop_HSADC_INTERNAL_FBRC_DIV2_MUX_STATUS_COMMON[11])
                                                      0.265     0.265 r  PYNQ_Design_i/usp_rf_data_converter_0/inst/PYNQ_Design_usp_rf_data_converter_0_0_rf_wrapper_i/rx2_u_adc/STATUS_COMMON[11]
                         net (fo=1, routed)           0.392     0.657    PYNQ_Design_i/usp_rf_data_converter_0/inst/i_axi_lite_ipif/I_SLAVE_ATTACHMENT/I_DECODER/adc2_common_stat[11]
    SLICE_X110Y105       LUT4 (Prop_B6LUT_SLICEM_I0_O)
                                                      0.050     0.707 r  PYNQ_Design_i/usp_rf_data_converter_0/inst/i_axi_lite_ipif/I_SLAVE_ATTACHMENT/I_DECODER/IP2Bus_Data[11]_i_40/O
                         net (fo=1, routed)           0.024     0.731    PYNQ_Design_i/usp_rf_data_converter_0/inst/i_axi_lite_ipif/I_SLAVE_ATTACHMENT/I_DECODER/IP2Bus_Data[11]_i_40_n_0
    SLICE_X110Y105       LUT4 (Prop_E6LUT_SLICEM_I0_O)
                                                      0.014     0.745 f  PYNQ_Design_i/usp_rf_data_converter_0/inst/i_axi_lite_ipif/I_SLAVE_ATTACHMENT/I_DECODER/IP2Bus_Data[11]_i_27/O
                         net (fo=1, routed)           0.048     0.793    PYNQ_Design_i/usp_rf_data_converter_0/inst/i_axi_lite_ipif/I_SLAVE_ATTACHMENT/I_DECODER/IP2Bus_Data[11]_i_27_n_0
    SLICE_X110Y106       LUT6 (Prop_C6LUT_SLICEM_I2_O)
                                                      0.014     0.807 r  PYNQ_Design_i/usp_rf_data_converter_0/inst/i_axi_lite_ipif/I_SLAVE_ATTACHMENT/I_DECODER/IP2Bus_Data[11]_i_9/O
                         net (fo=1, routed)           0.098     0.905    PYNQ_Design_i/usp_rf_data_converter_0/inst/i_axi_lite_ipif/I_SLAVE_ATTACHMENT/I_DECODER/IP2Bus_Data[11]_i_9_n_0
    SLICE_X111Y108       LUT6 (Prop_H6LUT_SLICEL_I4_O)
                                                      0.035     0.940 f  PYNQ_Design_i/usp_rf_data_converter_0/inst/i_axi_lite_ipif/I_SLAVE_ATTACHMENT/I_DECODER/IP2Bus_Data[11]_i_2/O
                         net (fo=1, routed)           0.125     1.065    PYNQ_Design_i/usp_rf_data_converter_0/inst/i_axi_lite_ipif/I_SLAVE_ATTACHMENT/I_DECODER/IP2Bus_Data[11]_i_2_n_0
    SLICE_X110Y116       LUT6 (Prop_D6LUT_SLICEM_I0_O)
                                                      0.014     1.079 r  PYNQ_Design_i/usp_rf_data_converter_0/inst/i_axi_lite_ipif/I_SLAVE_ATTACHMENT/I_DECODER/IP2Bus_Data[11]_i_1/O
                         net (fo=1, routed)           0.026     1.105    PYNQ_Design_i/usp_rf_data_converter_0/inst/i_axi_lite_ipif_n_73
    SLICE_X110Y116       FDRE                                         r  PYNQ_Design_i/usp_rf_data_converter_0/inst/IP2Bus_Data_reg[11]/D
  -------------------------------------------------------------------    -------------------

                         (clock clk_pl_0 rise edge)
                                                      0.000     0.000 r  
    PS8_X0Y0             PS8                          0.000     0.000 r  PYNQ_Design_i/zynq_ultra_ps_e_0/U0/PS8_i/PLCLK[0]
                         net (fo=1, routed)           0.129     0.129    PYNQ_Design_i/zynq_ultra_ps_e_0/U0/pl_clk_unbuffered[0]
    BUFG_PS_X0Y58        BUFG_PS (Prop_BUFG_PS_I_O)
                                                      0.018     0.147 r  PYNQ_Design_i/zynq_ultra_ps_e_0/U0/buffer_pl_clk_0.PL_CLK_0_BUFG/O
    X2Y2 (CLOCK_ROOT)    net (fo=13302, routed)       1.272     1.419    PYNQ_Design_i/usp_rf_data_converter_0/inst/s_axi_aclk
    SLICE_X110Y116       FDRE                                         r  PYNQ_Design_i/usp_rf_data_converter_0/inst/IP2Bus_Data_reg[11]/C

Slack:                    inf
  Source:                 PYNQ_Design_i/usp_rf_data_converter_0/inst/PYNQ_Design_usp_rf_data_converter_0_0_rf_wrapper_i/rx2_u_adc/INTERNAL_FBRC_DIV2_MUX
                            (rising edge-triggered cell HSADC clocked by RFADC2_CLK  {rise@0.000ns fall@5.000ns period=10.000ns})
  Destination:            PYNQ_Design_i/usp_rf_data_converter_0/inst/IP2Bus_Data_reg[15]/D
                            (rising edge-triggered cell FDRE clocked by clk_pl_0  {rise@0.000ns fall@5.156ns period=10.312ns})
  Path Group:             (none)
  Path Type:              Hold (Min at Fast Process Corner)
  Data Path Delay:        1.131ns  (logic 0.411ns (36.340%)  route 0.720ns (63.660%))
  Logic Levels:           5  (LUT4=1 LUT5=1 LUT6=3)
  Clock Path Skew:        1.415ns (DCD - SCD - CPR)
    Destination Clock Delay (DCD):    1.415ns
    Source Clock Delay      (SCD):    0.000ns
    Clock Pessimism Removal (CPR):    -0.000ns
  Clock Uncertainty:      0.159ns  ((TSJ^2 + DJ^2)^1/2) / 2 + PE
    Total System Jitter     (TSJ):    0.071ns
    Discrete Jitter          (DJ):    0.310ns
    Phase Error              (PE):    0.000ns
  Clock Net Delay (Destination): 1.268ns (routing 0.282ns, distribution 0.986ns)
  Timing Exception:       False Path

    Location             Delay type                Incr(ns)  Path(ns)    Netlist Resource(s)
  -------------------------------------------------------------------    -------------------
                         (clock RFADC2_CLK rise edge)
                                                      0.000     0.000 r  
    HSADC_X0Y2           HSADC                        0.000     0.000 r  PYNQ_Design_i/usp_rf_data_converter_0/inst/PYNQ_Design_usp_rf_data_converter_0_0_rf_wrapper_i/rx2_u_adc/INTERNAL_FBRC_DIV2_MUX
  -------------------------------------------------------------------    -------------------
    HSADC_X0Y2           HSADC (Prop_HSADC_INTERNAL_FBRC_DIV2_MUX_STATUS_COMMON[15])
                                                      0.250     0.250 r  PYNQ_Design_i/usp_rf_data_converter_0/inst/PYNQ_Design_usp_rf_data_converter_0_0_rf_wrapper_i/rx2_u_adc/STATUS_COMMON[15]
                         net (fo=1, routed)           0.386     0.636    PYNQ_Design_i/usp_rf_data_converter_0/inst/i_axi_lite_ipif/I_SLAVE_ATTACHMENT/I_DECODER/adc2_common_stat[15]
    SLICE_X116Y107       LUT4 (Prop_F6LUT_SLICEL_I2_O)
                                                      0.022     0.658 f  PYNQ_Design_i/usp_rf_data_converter_0/inst/i_axi_lite_ipif/I_SLAVE_ATTACHMENT/I_DECODER/IP2Bus_Data[15]_i_82/O
                         net (fo=1, routed)           0.030     0.688    PYNQ_Design_i/usp_rf_data_converter_0/inst/i_axi_lite_ipif/I_SLAVE_ATTACHMENT/I_DECODER/IP2Bus_Data[15]_i_82_n_0
    SLICE_X116Y107       LUT5 (Prop_B6LUT_SLICEL_I2_O)
                                                      0.060     0.748 r  PYNQ_Design_i/usp_rf_data_converter_0/inst/i_axi_lite_ipif/I_SLAVE_ATTACHMENT/I_DECODER/IP2Bus_Data[15]_i_56/O
                         net (fo=1, routed)           0.107     0.855    PYNQ_Design_i/usp_rf_data_converter_0/inst/i_axi_lite_ipif/I_SLAVE_ATTACHMENT/I_DECODER/IP2Bus_Data[15]_i_56_n_0
    SLICE_X112Y106       LUT6 (Prop_D6LUT_SLICEM_I2_O)
                                                      0.022     0.877 r  PYNQ_Design_i/usp_rf_data_converter_0/inst/i_axi_lite_ipif/I_SLAVE_ATTACHMENT/I_DECODER/IP2Bus_Data[15]_i_24/O
                         net (fo=1, routed)           0.095     0.972    PYNQ_Design_i/usp_rf_data_converter_0/inst/i_axi_lite_ipif/I_SLAVE_ATTACHMENT/I_DECODER/IP2Bus_Data[15]_i_24_n_0
    SLICE_X113Y107       LUT6 (Prop_G6LUT_SLICEM_I3_O)
                                                      0.022     0.994 r  PYNQ_Design_i/usp_rf_data_converter_0/inst/i_axi_lite_ipif/I_SLAVE_ATTACHMENT/I_DECODER/IP2Bus_Data[15]_i_6/O
                         net (fo=1, routed)           0.076     1.070    PYNQ_Design_i/usp_rf_data_converter_0/inst/i_axi_lite_ipif/I_SLAVE_ATTACHMENT/I_DECODER/IP2Bus_Data[15]_i_6_n_0
    SLICE_X113Y111       LUT6 (Prop_D6LUT_SLICEM_I4_O)
                                                      0.035     1.105 r  PYNQ_Design_i/usp_rf_data_converter_0/inst/i_axi_lite_ipif/I_SLAVE_ATTACHMENT/I_DECODER/IP2Bus_Data[15]_i_1/O
                         net (fo=1, routed)           0.026     1.131    PYNQ_Design_i/usp_rf_data_converter_0/inst/i_axi_lite_ipif_n_69
    SLICE_X113Y111       FDRE                                         r  PYNQ_Design_i/usp_rf_data_converter_0/inst/IP2Bus_Data_reg[15]/D
  -------------------------------------------------------------------    -------------------

                         (clock clk_pl_0 rise edge)
                                                      0.000     0.000 r  
    PS8_X0Y0             PS8                          0.000     0.000 r  PYNQ_Design_i/zynq_ultra_ps_e_0/U0/PS8_i/PLCLK[0]
                         net (fo=1, routed)           0.129     0.129    PYNQ_Design_i/zynq_ultra_ps_e_0/U0/pl_clk_unbuffered[0]
    BUFG_PS_X0Y58        BUFG_PS (Prop_BUFG_PS_I_O)
                                                      0.018     0.147 r  PYNQ_Design_i/zynq_ultra_ps_e_0/U0/buffer_pl_clk_0.PL_CLK_0_BUFG/O
    X2Y2 (CLOCK_ROOT)    net (fo=13302, routed)       1.268     1.415    PYNQ_Design_i/usp_rf_data_converter_0/inst/s_axi_aclk
    SLICE_X113Y111       FDRE                                         r  PYNQ_Design_i/usp_rf_data_converter_0/inst/IP2Bus_Data_reg[15]/C

Slack:                    inf
  Source:                 PYNQ_Design_i/usp_rf_data_converter_0/inst/PYNQ_Design_usp_rf_data_converter_0_0_rf_wrapper_i/rx2_u_adc/INTERNAL_FBRC_DIV2_MUX
                            (rising edge-triggered cell HSADC clocked by RFADC2_CLK  {rise@0.000ns fall@5.000ns period=10.000ns})
  Destination:            PYNQ_Design_i/usp_rf_data_converter_0/inst/IP2Bus_Data_reg[9]/D
                            (rising edge-triggered cell FDRE clocked by clk_pl_0  {rise@0.000ns fall@5.156ns period=10.312ns})
  Path Group:             (none)
  Path Type:              Hold (Min at Fast Process Corner)
  Data Path Delay:        1.152ns  (logic 0.334ns (28.993%)  route 0.818ns (71.007%))
  Logic Levels:           4  (LUT5=1 LUT6=3)
  Clock Path Skew:        1.420ns (DCD - SCD - CPR)
    Destination Clock Delay (DCD):    1.420ns
    Source Clock Delay      (SCD):    0.000ns
    Clock Pessimism Removal (CPR):    -0.000ns
  Clock Uncertainty:      0.159ns  ((TSJ^2 + DJ^2)^1/2) / 2 + PE
    Total System Jitter     (TSJ):    0.071ns
    Discrete Jitter          (DJ):    0.310ns
    Phase Error              (PE):    0.000ns
  Clock Net Delay (Destination): 1.273ns (routing 0.282ns, distribution 0.991ns)
  Timing Exception:       False Path

    Location             Delay type                Incr(ns)  Path(ns)    Netlist Resource(s)
  -------------------------------------------------------------------    -------------------
                         (clock RFADC2_CLK rise edge)
                                                      0.000     0.000 r  
    HSADC_X0Y2           HSADC                        0.000     0.000 r  PYNQ_Design_i/usp_rf_data_converter_0/inst/PYNQ_Design_usp_rf_data_converter_0_0_rf_wrapper_i/rx2_u_adc/INTERNAL_FBRC_DIV2_MUX
  -------------------------------------------------------------------    -------------------
    HSADC_X0Y2           HSADC (Prop_HSADC_INTERNAL_FBRC_DIV2_MUX_STATUS_COMMON[9])
                                                      0.228     0.228 r  PYNQ_Design_i/usp_rf_data_converter_0/inst/PYNQ_Design_usp_rf_data_converter_0_0_rf_wrapper_i/rx2_u_adc/STATUS_COMMON[9]
                         net (fo=1, routed)           0.474     0.702    PYNQ_Design_i/usp_rf_data_converter_0/inst/i_axi_lite_ipif/I_SLAVE_ATTACHMENT/I_DECODER/adc2_common_stat[9]
    SLICE_X110Y105       LUT5 (Prop_F6LUT_SLICEM_I4_O)
                                                      0.035     0.737 f  PYNQ_Design_i/usp_rf_data_converter_0/inst/i_axi_lite_ipif/I_SLAVE_ATTACHMENT/I_DECODER/IP2Bus_Data[9]_i_38/O
                         net (fo=1, routed)           0.023     0.760    PYNQ_Design_i/usp_rf_data_converter_0/inst/i_axi_lite_ipif/I_SLAVE_ATTACHMENT/I_DECODER/IP2Bus_Data[9]_i_38_n_0
    SLICE_X110Y105       LUT6 (Prop_G6LUT_SLICEM_I3_O)
                                                      0.014     0.774 f  PYNQ_Design_i/usp_rf_data_converter_0/inst/i_axi_lite_ipif/I_SLAVE_ATTACHMENT/I_DECODER/IP2Bus_Data[9]_i_19/O
                         net (fo=1, routed)           0.074     0.848    PYNQ_Design_i/usp_rf_data_converter_0/inst/i_axi_lite_ipif/I_SLAVE_ATTACHMENT/I_DECODER/IP2Bus_Data[9]_i_19_n_0
    SLICE_X110Y102       LUT6 (Prop_G6LUT_SLICEM_I2_O)
                                                      0.035     0.883 r  PYNQ_Design_i/usp_rf_data_converter_0/inst/i_axi_lite_ipif/I_SLAVE_ATTACHMENT/I_DECODER/IP2Bus_Data[9]_i_6/O
                         net (fo=1, routed)           0.223     1.106    PYNQ_Design_i/usp_rf_data_converter_0/inst/i_axi_lite_ipif/I_SLAVE_ATTACHMENT/I_DECODER/IP2Bus_Data[9]_i_6_n_0
    SLICE_X113Y112       LUT6 (Prop_C6LUT_SLICEM_I4_O)
                                                      0.022     1.128 r  PYNQ_Design_i/usp_rf_data_converter_0/inst/i_axi_lite_ipif/I_SLAVE_ATTACHMENT/I_DECODER/IP2Bus_Data[9]_i_1/O
                         net (fo=1, routed)           0.024     1.152    PYNQ_Design_i/usp_rf_data_converter_0/inst/i_axi_lite_ipif_n_75
    SLICE_X113Y112       FDRE                                         r  PYNQ_Design_i/usp_rf_data_converter_0/inst/IP2Bus_Data_reg[9]/D
  -------------------------------------------------------------------    -------------------

                         (clock clk_pl_0 rise edge)
                                                      0.000     0.000 r  
    PS8_X0Y0             PS8                          0.000     0.000 r  PYNQ_Design_i/zynq_ultra_ps_e_0/U0/PS8_i/PLCLK[0]
                         net (fo=1, routed)           0.129     0.129    PYNQ_Design_i/zynq_ultra_ps_e_0/U0/pl_clk_unbuffered[0]
    BUFG_PS_X0Y58        BUFG_PS (Prop_BUFG_PS_I_O)
                                                      0.018     0.147 r  PYNQ_Design_i/zynq_ultra_ps_e_0/U0/buffer_pl_clk_0.PL_CLK_0_BUFG/O
    X2Y2 (CLOCK_ROOT)    net (fo=13302, routed)       1.273     1.420    PYNQ_Design_i/usp_rf_data_converter_0/inst/s_axi_aclk
    SLICE_X113Y112       FDRE                                         r  PYNQ_Design_i/usp_rf_data_converter_0/inst/IP2Bus_Data_reg[9]/C

Slack:                    inf
  Source:                 PYNQ_Design_i/usp_rf_data_converter_0/inst/PYNQ_Design_usp_rf_data_converter_0_0_rf_wrapper_i/rx2_u_adc/INTERNAL_FBRC_DIV2_MUX
                            (rising edge-triggered cell HSADC clocked by RFADC2_CLK  {rise@0.000ns fall@5.000ns period=10.000ns})
  Destination:            PYNQ_Design_i/usp_rf_data_converter_0/inst/IP2Bus_Data_reg[13]/D
                            (rising edge-triggered cell FDRE clocked by clk_pl_0  {rise@0.000ns fall@5.156ns period=10.312ns})
  Path Group:             (none)
  Path Type:              Hold (Min at Fast Process Corner)
  Data Path Delay:        1.161ns  (logic 0.366ns (31.525%)  route 0.795ns (68.475%))
  Logic Levels:           4  (LUT5=1 LUT6=3)
  Clock Path Skew:        1.411ns (DCD - SCD - CPR)
    Destination Clock Delay (DCD):    1.411ns
    Source Clock Delay      (SCD):    0.000ns
    Clock Pessimism Removal (CPR):    -0.000ns
  Clock Uncertainty:      0.159ns  ((TSJ^2 + DJ^2)^1/2) / 2 + PE
    Total System Jitter     (TSJ):    0.071ns
    Discrete Jitter          (DJ):    0.310ns
    Phase Error              (PE):    0.000ns
  Clock Net Delay (Destination): 1.264ns (routing 0.282ns, distribution 0.982ns)
  Timing Exception:       False Path

    Location             Delay type                Incr(ns)  Path(ns)    Netlist Resource(s)
  -------------------------------------------------------------------    -------------------
                         (clock RFADC2_CLK rise edge)
                                                      0.000     0.000 r  
    HSADC_X0Y2           HSADC                        0.000     0.000 r  PYNQ_Design_i/usp_rf_data_converter_0/inst/PYNQ_Design_usp_rf_data_converter_0_0_rf_wrapper_i/rx2_u_adc/INTERNAL_FBRC_DIV2_MUX
  -------------------------------------------------------------------    -------------------
    HSADC_X0Y2           HSADC (Prop_HSADC_INTERNAL_FBRC_DIV2_MUX_STATUS_COMMON[13])
                                                      0.241     0.241 r  PYNQ_Design_i/usp_rf_data_converter_0/inst/PYNQ_Design_usp_rf_data_converter_0_0_rf_wrapper_i/rx2_u_adc/STATUS_COMMON[13]
                         net (fo=1, routed)           0.385     0.626    PYNQ_Design_i/usp_rf_data_converter_0/inst/i_axi_lite_ipif/I_SLAVE_ATTACHMENT/I_DECODER/adc2_common_stat[13]
    SLICE_X110Y103       LUT5 (Prop_G6LUT_SLICEM_I4_O)
                                                      0.022     0.648 r  PYNQ_Design_i/usp_rf_data_converter_0/inst/i_axi_lite_ipif/I_SLAVE_ATTACHMENT/I_DECODER/IP2Bus_Data[13]_i_30/O
                         net (fo=1, routed)           0.050     0.698    PYNQ_Design_i/usp_rf_data_converter_0/inst/i_axi_lite_ipif/I_SLAVE_ATTACHMENT/I_DECODER/IP2Bus_Data[13]_i_30_n_0
    SLICE_X110Y105       LUT6 (Prop_D6LUT_SLICEM_I2_O)
                                                      0.022     0.720 r  PYNQ_Design_i/usp_rf_data_converter_0/inst/i_axi_lite_ipif/I_SLAVE_ATTACHMENT/I_DECODER/IP2Bus_Data[13]_i_15/O
                         net (fo=1, routed)           0.164     0.884    PYNQ_Design_i/usp_rf_data_converter_0/inst/i_axi_lite_ipif/I_SLAVE_ATTACHMENT/I_DECODER/IP2Bus_Data[13]_i_15_n_0
    SLICE_X111Y102       LUT6 (Prop_G6LUT_SLICEL_I2_O)
                                                      0.022     0.906 f  PYNQ_Design_i/usp_rf_data_converter_0/inst/i_axi_lite_ipif/I_SLAVE_ATTACHMENT/I_DECODER/IP2Bus_Data[13]_i_5/O
                         net (fo=1, routed)           0.170     1.076    PYNQ_Design_i/usp_rf_data_converter_0/inst/i_axi_lite_ipif/I_SLAVE_ATTACHMENT/I_DECODER/IP2Bus_Data[13]_i_5_n_0
    SLICE_X112Y114       LUT6 (Prop_D6LUT_SLICEM_I3_O)
                                                      0.059     1.135 r  PYNQ_Design_i/usp_rf_data_converter_0/inst/i_axi_lite_ipif/I_SLAVE_ATTACHMENT/I_DECODER/IP2Bus_Data[13]_i_1/O
                         net (fo=1, routed)           0.026     1.161    PYNQ_Design_i/usp_rf_data_converter_0/inst/i_axi_lite_ipif_n_71
    SLICE_X112Y114       FDRE                                         r  PYNQ_Design_i/usp_rf_data_converter_0/inst/IP2Bus_Data_reg[13]/D
  -------------------------------------------------------------------    -------------------

                         (clock clk_pl_0 rise edge)
                                                      0.000     0.000 r  
    PS8_X0Y0             PS8                          0.000     0.000 r  PYNQ_Design_i/zynq_ultra_ps_e_0/U0/PS8_i/PLCLK[0]
                         net (fo=1, routed)           0.129     0.129    PYNQ_Design_i/zynq_ultra_ps_e_0/U0/pl_clk_unbuffered[0]
    BUFG_PS_X0Y58        BUFG_PS (Prop_BUFG_PS_I_O)
                                                      0.018     0.147 r  PYNQ_Design_i/zynq_ultra_ps_e_0/U0/buffer_pl_clk_0.PL_CLK_0_BUFG/O
    X2Y2 (CLOCK_ROOT)    net (fo=13302, routed)       1.264     1.411    PYNQ_Design_i/usp_rf_data_converter_0/inst/s_axi_aclk
    SLICE_X112Y114       FDRE                                         r  PYNQ_Design_i/usp_rf_data_converter_0/inst/IP2Bus_Data_reg[13]/C

Slack:                    inf
  Source:                 PYNQ_Design_i/usp_rf_data_converter_0/inst/PYNQ_Design_usp_rf_data_converter_0_0_rf_wrapper_i/rx2_u_adc/INTERNAL_FBRC_DIV2_MUX
                            (rising edge-triggered cell HSADC clocked by RFADC2_CLK  {rise@0.000ns fall@5.000ns period=10.000ns})
  Destination:            PYNQ_Design_i/usp_rf_data_converter_0/inst/IP2Bus_Data_reg[8]/D
                            (rising edge-triggered cell FDRE clocked by clk_pl_0  {rise@0.000ns fall@5.156ns period=10.312ns})
  Path Group:             (none)
  Path Type:              Hold (Min at Fast Process Corner)
  Data Path Delay:        1.163ns  (logic 0.428ns (36.801%)  route 0.735ns (63.199%))
  Logic Levels:           5  (LUT4=2 LUT6=3)
  Clock Path Skew:        1.419ns (DCD - SCD - CPR)
    Destination Clock Delay (DCD):    1.419ns
    Source Clock Delay      (SCD):    0.000ns
    Clock Pessimism Removal (CPR):    -0.000ns
  Clock Uncertainty:      0.159ns  ((TSJ^2 + DJ^2)^1/2) / 2 + PE
    Total System Jitter     (TSJ):    0.071ns
    Discrete Jitter          (DJ):    0.310ns
    Phase Error              (PE):    0.000ns
  Clock Net Delay (Destination): 1.272ns (routing 0.282ns, distribution 0.990ns)
  Timing Exception:       False Path

    Location             Delay type                Incr(ns)  Path(ns)    Netlist Resource(s)
  -------------------------------------------------------------------    -------------------
                         (clock RFADC2_CLK rise edge)
                                                      0.000     0.000 r  
    HSADC_X0Y2           HSADC                        0.000     0.000 r  PYNQ_Design_i/usp_rf_data_converter_0/inst/PYNQ_Design_usp_rf_data_converter_0_0_rf_wrapper_i/rx2_u_adc/INTERNAL_FBRC_DIV2_MUX
  -------------------------------------------------------------------    -------------------
    HSADC_X0Y2           HSADC (Prop_HSADC_INTERNAL_FBRC_DIV2_MUX_STATUS_COMMON[8])
                                                      0.237     0.237 r  PYNQ_Design_i/usp_rf_data_converter_0/inst/PYNQ_Design_usp_rf_data_converter_0_0_rf_wrapper_i/rx2_u_adc/STATUS_COMMON[8]
                         net (fo=1, routed)           0.384     0.621    PYNQ_Design_i/usp_rf_data_converter_0/inst/i_axi_lite_ipif/I_SLAVE_ATTACHMENT/I_DECODER/adc2_common_stat[8]
    SLICE_X110Y101       LUT4 (Prop_B6LUT_SLICEM_I0_O)
                                                      0.041     0.662 r  PYNQ_Design_i/usp_rf_data_converter_0/inst/i_axi_lite_ipif/I_SLAVE_ATTACHMENT/I_DECODER/IP2Bus_Data[8]_i_33/O
                         net (fo=1, routed)           0.045     0.707    PYNQ_Design_i/usp_rf_data_converter_0/inst/i_axi_lite_ipif/I_SLAVE_ATTACHMENT/I_DECODER/IP2Bus_Data[8]_i_33_n_0
    SLICE_X110Y101       LUT4 (Prop_C6LUT_SLICEM_I0_O)
                                                      0.035     0.742 f  PYNQ_Design_i/usp_rf_data_converter_0/inst/i_axi_lite_ipif/I_SLAVE_ATTACHMENT/I_DECODER/IP2Bus_Data[8]_i_23/O
                         net (fo=1, routed)           0.121     0.863    PYNQ_Design_i/usp_rf_data_converter_0/inst/i_axi_lite_ipif/I_SLAVE_ATTACHMENT/I_DECODER/IP2Bus_Data[8]_i_23_n_0
    SLICE_X110Y105       LUT6 (Prop_H6LUT_SLICEM_I2_O)
                                                      0.061     0.924 r  PYNQ_Design_i/usp_rf_data_converter_0/inst/i_axi_lite_ipif/I_SLAVE_ATTACHMENT/I_DECODER/IP2Bus_Data[8]_i_9/O
                         net (fo=1, routed)           0.048     0.972    PYNQ_Design_i/usp_rf_data_converter_0/inst/i_axi_lite_ipif/I_SLAVE_ATTACHMENT/I_DECODER/IP2Bus_Data[8]_i_9_n_0
    SLICE_X110Y107       LUT6 (Prop_C6LUT_SLICEM_I4_O)
                                                      0.040     1.012 f  PYNQ_Design_i/usp_rf_data_converter_0/inst/i_axi_lite_ipif/I_SLAVE_ATTACHMENT/I_DECODER/IP2Bus_Data[8]_i_2/O
                         net (fo=1, routed)           0.113     1.125    PYNQ_Design_i/usp_rf_data_converter_0/inst/i_axi_lite_ipif/I_SLAVE_ATTACHMENT/I_DECODER/IP2Bus_Data[8]_i_2_n_0
    SLICE_X110Y116       LUT6 (Prop_C6LUT_SLICEM_I0_O)
                                                      0.014     1.139 r  PYNQ_Design_i/usp_rf_data_converter_0/inst/i_axi_lite_ipif/I_SLAVE_ATTACHMENT/I_DECODER/IP2Bus_Data[8]_i_1/O
                         net (fo=1, routed)           0.024     1.163    PYNQ_Design_i/usp_rf_data_converter_0/inst/i_axi_lite_ipif_n_76
    SLICE_X110Y116       FDRE                                         r  PYNQ_Design_i/usp_rf_data_converter_0/inst/IP2Bus_Data_reg[8]/D
  -------------------------------------------------------------------    -------------------

                         (clock clk_pl_0 rise edge)
                                                      0.000     0.000 r  
    PS8_X0Y0             PS8                          0.000     0.000 r  PYNQ_Design_i/zynq_ultra_ps_e_0/U0/PS8_i/PLCLK[0]
                         net (fo=1, routed)           0.129     0.129    PYNQ_Design_i/zynq_ultra_ps_e_0/U0/pl_clk_unbuffered[0]
    BUFG_PS_X0Y58        BUFG_PS (Prop_BUFG_PS_I_O)
                                                      0.018     0.147 r  PYNQ_Design_i/zynq_ultra_ps_e_0/U0/buffer_pl_clk_0.PL_CLK_0_BUFG/O
    X2Y2 (CLOCK_ROOT)    net (fo=13302, routed)       1.272     1.419    PYNQ_Design_i/usp_rf_data_converter_0/inst/s_axi_aclk
    SLICE_X110Y116       FDRE                                         r  PYNQ_Design_i/usp_rf_data_converter_0/inst/IP2Bus_Data_reg[8]/C

Slack:                    inf
  Source:                 PYNQ_Design_i/usp_rf_data_converter_0/inst/PYNQ_Design_usp_rf_data_converter_0_0_rf_wrapper_i/rx2_u_adc/INTERNAL_FBRC_DIV2_MUX
                            (rising edge-triggered cell HSADC clocked by RFADC2_CLK  {rise@0.000ns fall@5.000ns period=10.000ns})
  Destination:            PYNQ_Design_i/usp_rf_data_converter_0/inst/IP2Bus_Data_reg[10]/D
                            (rising edge-triggered cell FDRE clocked by clk_pl_0  {rise@0.000ns fall@5.156ns period=10.312ns})
  Path Group:             (none)
  Path Type:              Hold (Min at Fast Process Corner)
  Data Path Delay:        1.185ns  (logic 0.406ns (34.262%)  route 0.779ns (65.738%))
  Logic Levels:           5  (LUT4=2 LUT6=3)
  Clock Path Skew:        1.418ns (DCD - SCD - CPR)
    Destination Clock Delay (DCD):    1.418ns
    Source Clock Delay      (SCD):    0.000ns
    Clock Pessimism Removal (CPR):    -0.000ns
  Clock Uncertainty:      0.159ns  ((TSJ^2 + DJ^2)^1/2) / 2 + PE
    Total System Jitter     (TSJ):    0.071ns
    Discrete Jitter          (DJ):    0.310ns
    Phase Error              (PE):    0.000ns
  Clock Net Delay (Destination): 1.271ns (routing 0.282ns, distribution 0.989ns)
  Timing Exception:       False Path

    Location             Delay type                Incr(ns)  Path(ns)    Netlist Resource(s)
  -------------------------------------------------------------------    -------------------
                         (clock RFADC2_CLK rise edge)
                                                      0.000     0.000 r  
    HSADC_X0Y2           HSADC                        0.000     0.000 r  PYNQ_Design_i/usp_rf_data_converter_0/inst/PYNQ_Design_usp_rf_data_converter_0_0_rf_wrapper_i/rx2_u_adc/INTERNAL_FBRC_DIV2_MUX
  -------------------------------------------------------------------    -------------------
    HSADC_X0Y2           HSADC (Prop_HSADC_INTERNAL_FBRC_DIV2_MUX_STATUS_COMMON[10])
                                                      0.227     0.227 r  PYNQ_Design_i/usp_rf_data_converter_0/inst/PYNQ_Design_usp_rf_data_converter_0_0_rf_wrapper_i/rx2_u_adc/STATUS_COMMON[10]
                         net (fo=1, routed)           0.420     0.647    PYNQ_Design_i/usp_rf_data_converter_0/inst/i_axi_lite_ipif/I_SLAVE_ATTACHMENT/I_DECODER/adc2_common_stat[10]
    SLICE_X110Y101       LUT4 (Prop_D6LUT_SLICEM_I0_O)
                                                      0.014     0.661 r  PYNQ_Design_i/usp_rf_data_converter_0/inst/i_axi_lite_ipif/I_SLAVE_ATTACHMENT/I_DECODER/IP2Bus_Data[10]_i_33/O
                         net (fo=1, routed)           0.023     0.684    PYNQ_Design_i/usp_rf_data_converter_0/inst/i_axi_lite_ipif/I_SLAVE_ATTACHMENT/I_DECODER/IP2Bus_Data[10]_i_33_n_0
    SLICE_X110Y101       LUT4 (Prop_G6LUT_SLICEM_I0_O)
                                                      0.040     0.724 f  PYNQ_Design_i/usp_rf_data_converter_0/inst/i_axi_lite_ipif/I_SLAVE_ATTACHMENT/I_DECODER/IP2Bus_Data[10]_i_24/O
                         net (fo=1, routed)           0.083     0.807    PYNQ_Design_i/usp_rf_data_converter_0/inst/i_axi_lite_ipif/I_SLAVE_ATTACHMENT/I_DECODER/IP2Bus_Data[10]_i_24_n_0
    SLICE_X110Y106       LUT6 (Prop_G6LUT_SLICEM_I2_O)
                                                      0.035     0.842 r  PYNQ_Design_i/usp_rf_data_converter_0/inst/i_axi_lite_ipif/I_SLAVE_ATTACHMENT/I_DECODER/IP2Bus_Data[10]_i_14/O
                         net (fo=1, routed)           0.097     0.939    PYNQ_Design_i/usp_rf_data_converter_0/inst/i_axi_lite_ipif/I_SLAVE_ATTACHMENT/I_DECODER/IP2Bus_Data[10]_i_14_n_0
    SLICE_X112Y107       LUT6 (Prop_F6LUT_SLICEM_I4_O)
                                                      0.040     0.979 f  PYNQ_Design_i/usp_rf_data_converter_0/inst/i_axi_lite_ipif/I_SLAVE_ATTACHMENT/I_DECODER/IP2Bus_Data[10]_i_5/O
                         net (fo=1, routed)           0.139     1.118    PYNQ_Design_i/usp_rf_data_converter_0/inst/i_axi_lite_ipif/I_SLAVE_ATTACHMENT/I_DECODER/IP2Bus_Data[10]_i_5_n_0
    SLICE_X111Y116       LUT6 (Prop_H6LUT_SLICEL_I4_O)
                                                      0.050     1.168 r  PYNQ_Design_i/usp_rf_data_converter_0/inst/i_axi_lite_ipif/I_SLAVE_ATTACHMENT/I_DECODER/IP2Bus_Data[10]_i_1/O
                         net (fo=1, routed)           0.017     1.185    PYNQ_Design_i/usp_rf_data_converter_0/inst/i_axi_lite_ipif_n_74
    SLICE_X111Y116       FDRE                                         r  PYNQ_Design_i/usp_rf_data_converter_0/inst/IP2Bus_Data_reg[10]/D
  -------------------------------------------------------------------    -------------------

                         (clock clk_pl_0 rise edge)
                                                      0.000     0.000 r  
    PS8_X0Y0             PS8                          0.000     0.000 r  PYNQ_Design_i/zynq_ultra_ps_e_0/U0/PS8_i/PLCLK[0]
                         net (fo=1, routed)           0.129     0.129    PYNQ_Design_i/zynq_ultra_ps_e_0/U0/pl_clk_unbuffered[0]
    BUFG_PS_X0Y58        BUFG_PS (Prop_BUFG_PS_I_O)
                                                      0.018     0.147 r  PYNQ_Design_i/zynq_ultra_ps_e_0/U0/buffer_pl_clk_0.PL_CLK_0_BUFG/O
    X2Y2 (CLOCK_ROOT)    net (fo=13302, routed)       1.271     1.418    PYNQ_Design_i/usp_rf_data_converter_0/inst/s_axi_aclk
    SLICE_X111Y116       FDRE                                         r  PYNQ_Design_i/usp_rf_data_converter_0/inst/IP2Bus_Data_reg[10]/C

Slack:                    inf
  Source:                 PYNQ_Design_i/usp_rf_data_converter_0/inst/PYNQ_Design_usp_rf_data_converter_0_0_rf_wrapper_i/rx2_u_adc/INTERNAL_FBRC_DIV2_MUX
                            (rising edge-triggered cell HSADC clocked by RFADC2_CLK  {rise@0.000ns fall@5.000ns period=10.000ns})
  Destination:            PYNQ_Design_i/usp_rf_data_converter_0/inst/IP2Bus_Data_reg[14]/D
                            (rising edge-triggered cell FDRE clocked by clk_pl_0  {rise@0.000ns fall@5.156ns period=10.312ns})
  Path Group:             (none)
  Path Type:              Hold (Min at Fast Process Corner)
  Data Path Delay:        1.384ns  (logic 0.420ns (30.347%)  route 0.964ns (69.653%))
  Logic Levels:           5  (LUT4=1 LUT5=1 LUT6=3)
  Clock Path Skew:        1.408ns (DCD - SCD - CPR)
    Destination Clock Delay (DCD):    1.408ns
    Source Clock Delay      (SCD):    0.000ns
    Clock Pessimism Removal (CPR):    -0.000ns
  Clock Uncertainty:      0.159ns  ((TSJ^2 + DJ^2)^1/2) / 2 + PE
    Total System Jitter     (TSJ):    0.071ns
    Discrete Jitter          (DJ):    0.310ns
    Phase Error              (PE):    0.000ns
  Clock Net Delay (Destination): 1.261ns (routing 0.282ns, distribution 0.979ns)
  Timing Exception:       False Path

    Location             Delay type                Incr(ns)  Path(ns)    Netlist Resource(s)
  -------------------------------------------------------------------    -------------------
                         (clock RFADC2_CLK rise edge)
                                                      0.000     0.000 r  
    HSADC_X0Y2           HSADC                        0.000     0.000 r  PYNQ_Design_i/usp_rf_data_converter_0/inst/PYNQ_Design_usp_rf_data_converter_0_0_rf_wrapper_i/rx2_u_adc/INTERNAL_FBRC_DIV2_MUX
  -------------------------------------------------------------------    -------------------
    HSADC_X0Y2           HSADC (Prop_HSADC_INTERNAL_FBRC_DIV2_MUX_STATUS_COMMON[14])
                                                      0.285     0.285 r  PYNQ_Design_i/usp_rf_data_converter_0/inst/PYNQ_Design_usp_rf_data_converter_0_0_rf_wrapper_i/rx2_u_adc/STATUS_COMMON[14]
                         net (fo=1, routed)           0.385     0.670    PYNQ_Design_i/usp_rf_data_converter_0/inst/i_axi_lite_ipif/I_SLAVE_ATTACHMENT/I_DECODER/adc2_common_stat[14]
    SLICE_X116Y107       LUT4 (Prop_A6LUT_SLICEL_I2_O)
                                                      0.022     0.692 f  PYNQ_Design_i/usp_rf_data_converter_0/inst/i_axi_lite_ipif/I_SLAVE_ATTACHMENT/I_DECODER/IP2Bus_Data[14]_i_66/O
                         net (fo=1, routed)           0.094     0.786    PYNQ_Design_i/usp_rf_data_converter_0/inst/i_axi_lite_ipif/I_SLAVE_ATTACHMENT/I_DECODER/IP2Bus_Data[14]_i_66_n_0
    SLICE_X117Y106       LUT5 (Prop_A6LUT_SLICEL_I2_O)
                                                      0.014     0.800 r  PYNQ_Design_i/usp_rf_data_converter_0/inst/i_axi_lite_ipif/I_SLAVE_ATTACHMENT/I_DECODER/IP2Bus_Data[14]_i_45/O
                         net (fo=1, routed)           0.165     0.965    PYNQ_Design_i/usp_rf_data_converter_0/inst/i_axi_lite_ipif/I_SLAVE_ATTACHMENT/I_DECODER/IP2Bus_Data[14]_i_45_n_0
    SLICE_X112Y106       LUT6 (Prop_H6LUT_SLICEM_I2_O)
                                                      0.023     0.988 r  PYNQ_Design_i/usp_rf_data_converter_0/inst/i_axi_lite_ipif/I_SLAVE_ATTACHMENT/I_DECODER/IP2Bus_Data[14]_i_21/O
                         net (fo=1, routed)           0.108     1.096    PYNQ_Design_i/usp_rf_data_converter_0/inst/i_axi_lite_ipif/I_SLAVE_ATTACHMENT/I_DECODER/IP2Bus_Data[14]_i_21_n_0
    SLICE_X115Y107       LUT6 (Prop_H6LUT_SLICEM_I5_O)
                                                      0.061     1.157 r  PYNQ_Design_i/usp_rf_data_converter_0/inst/i_axi_lite_ipif/I_SLAVE_ATTACHMENT/I_DECODER/IP2Bus_Data[14]_i_6/O
                         net (fo=1, routed)           0.197     1.354    PYNQ_Design_i/usp_rf_data_converter_0/inst/i_axi_lite_ipif/I_SLAVE_ATTACHMENT/I_DECODER/IP2Bus_Data[14]_i_6_n_0
    SLICE_X111Y112       LUT6 (Prop_B6LUT_SLICEL_I4_O)
                                                      0.015     1.369 r  PYNQ_Design_i/usp_rf_data_converter_0/inst/i_axi_lite_ipif/I_SLAVE_ATTACHMENT/I_DECODER/IP2Bus_Data[14]_i_1/O
                         net (fo=1, routed)           0.015     1.384    PYNQ_Design_i/usp_rf_data_converter_0/inst/i_axi_lite_ipif_n_70
    SLICE_X111Y112       FDRE                                         r  PYNQ_Design_i/usp_rf_data_converter_0/inst/IP2Bus_Data_reg[14]/D
  -------------------------------------------------------------------    -------------------

                         (clock clk_pl_0 rise edge)
                                                      0.000     0.000 r  
    PS8_X0Y0             PS8                          0.000     0.000 r  PYNQ_Design_i/zynq_ultra_ps_e_0/U0/PS8_i/PLCLK[0]
                         net (fo=1, routed)           0.129     0.129    PYNQ_Design_i/zynq_ultra_ps_e_0/U0/pl_clk_unbuffered[0]
    BUFG_PS_X0Y58        BUFG_PS (Prop_BUFG_PS_I_O)
                                                      0.018     0.147 r  PYNQ_Design_i/zynq_ultra_ps_e_0/U0/buffer_pl_clk_0.PL_CLK_0_BUFG/O
    X2Y2 (CLOCK_ROOT)    net (fo=13302, routed)       1.261     1.408    PYNQ_Design_i/usp_rf_data_converter_0/inst/s_axi_aclk
    SLICE_X111Y112       FDRE                                         r  PYNQ_Design_i/usp_rf_data_converter_0/inst/IP2Bus_Data_reg[14]/C





--------------------------------------------------------------------------------------
Path Group:  (none)
From Clock:  RFADC3_CLK
  To Clock:  clk_pl_0

Max Delay             8 Endpoints
Min Delay             8 Endpoints
--------------------------------------------------------------------------------------


Max Delay Paths
--------------------------------------------------------------------------------------
Slack:                    inf
  Source:                 PYNQ_Design_i/usp_rf_data_converter_0/inst/PYNQ_Design_usp_rf_data_converter_0_0_rf_wrapper_i/rx3_u_adc/INTERNAL_FBRC_DIV2_MUX
                            (rising edge-triggered cell HSADC clocked by RFADC3_CLK  {rise@0.000ns fall@5.000ns period=10.000ns})
  Destination:            PYNQ_Design_i/usp_rf_data_converter_0/inst/IP2Bus_Data_reg[8]/D
                            (rising edge-triggered cell FDRE clocked by clk_pl_0  {rise@0.000ns fall@5.156ns period=10.312ns})
  Path Group:             (none)
  Path Type:              Setup (Max at Slow Process Corner)
  Data Path Delay:        3.122ns  (logic 1.085ns (34.753%)  route 2.037ns (65.247%))
  Logic Levels:           5  (LUT4=1 LUT5=1 LUT6=3)
  Clock Path Skew:        2.009ns (DCD - SCD + CPR)
    Destination Clock Delay (DCD):    2.009ns
    Source Clock Delay      (SCD):    0.000ns
    Clock Pessimism Removal (CPR):    0.000ns
  Clock Uncertainty:      0.159ns  ((TSJ^2 + DJ^2)^1/2) / 2 + PE
    Total System Jitter     (TSJ):    0.071ns
    Discrete Jitter          (DJ):    0.310ns
    Phase Error              (PE):    0.000ns
  Clock Net Delay (Destination): 1.827ns (routing 0.423ns, distribution 1.404ns)
  Timing Exception:       False Path

    Location             Delay type                Incr(ns)  Path(ns)    Netlist Resource(s)
  -------------------------------------------------------------------    -------------------
                         (clock RFADC3_CLK rise edge)
                                                      0.000     0.000 r  
    HSADC_X0Y3           HSADC                        0.000     0.000 r  PYNQ_Design_i/usp_rf_data_converter_0/inst/PYNQ_Design_usp_rf_data_converter_0_0_rf_wrapper_i/rx3_u_adc/INTERNAL_FBRC_DIV2_MUX
  -------------------------------------------------------------------    -------------------
    HSADC_X0Y3           HSADC (Prop_HSADC_INTERNAL_FBRC_DIV2_MUX_STATUS_COMMON[8])
                                                      0.788     0.788 r  PYNQ_Design_i/usp_rf_data_converter_0/inst/PYNQ_Design_usp_rf_data_converter_0_0_rf_wrapper_i/rx3_u_adc/STATUS_COMMON[8]
                         net (fo=1, routed)           1.183     1.971    PYNQ_Design_i/usp_rf_data_converter_0/inst/i_axi_lite_ipif/I_SLAVE_ATTACHMENT/I_DECODER/adc3_common_stat[8]
    SLICE_X114Y113       LUT4 (Prop_E6LUT_SLICEL_I0_O)
                                                      0.123     2.094 f  PYNQ_Design_i/usp_rf_data_converter_0/inst/i_axi_lite_ipif/I_SLAVE_ATTACHMENT/I_DECODER/IP2Bus_Data[8]_i_31/O
                         net (fo=1, routed)           0.088     2.182    PYNQ_Design_i/usp_rf_data_converter_0/inst/i_axi_lite_ipif/I_SLAVE_ATTACHMENT/I_DECODER/IP2Bus_Data[8]_i_31_n_0
    SLICE_X115Y113       LUT5 (Prop_F6LUT_SLICEM_I0_O)
                                                      0.037     2.219 f  PYNQ_Design_i/usp_rf_data_converter_0/inst/i_axi_lite_ipif/I_SLAVE_ATTACHMENT/I_DECODER/IP2Bus_Data[8]_i_21/O
                         net (fo=1, routed)           0.081     2.300    PYNQ_Design_i/usp_rf_data_converter_0/inst/i_axi_lite_ipif/I_SLAVE_ATTACHMENT/I_DECODER/IP2Bus_Data[8]_i_21_n_0
    SLICE_X116Y113       LUT6 (Prop_F6LUT_SLICEL_I2_O)
                                                      0.049     2.349 f  PYNQ_Design_i/usp_rf_data_converter_0/inst/i_axi_lite_ipif/I_SLAVE_ATTACHMENT/I_DECODER/IP2Bus_Data[8]_i_7/O
                         net (fo=1, routed)           0.401     2.750    PYNQ_Design_i/usp_rf_data_converter_0/inst/i_axi_lite_ipif/I_SLAVE_ATTACHMENT/I_DECODER/IP2Bus_Data[8]_i_7_n_0
    SLICE_X110Y107       LUT6 (Prop_C6LUT_SLICEM_I2_O)
                                                      0.051     2.801 f  PYNQ_Design_i/usp_rf_data_converter_0/inst/i_axi_lite_ipif/I_SLAVE_ATTACHMENT/I_DECODER/IP2Bus_Data[8]_i_2/O
                         net (fo=1, routed)           0.218     3.019    PYNQ_Design_i/usp_rf_data_converter_0/inst/i_axi_lite_ipif/I_SLAVE_ATTACHMENT/I_DECODER/IP2Bus_Data[8]_i_2_n_0
    SLICE_X110Y116       LUT6 (Prop_C6LUT_SLICEM_I0_O)
                                                      0.037     3.056 r  PYNQ_Design_i/usp_rf_data_converter_0/inst/i_axi_lite_ipif/I_SLAVE_ATTACHMENT/I_DECODER/IP2Bus_Data[8]_i_1/O
                         net (fo=1, routed)           0.066     3.122    PYNQ_Design_i/usp_rf_data_converter_0/inst/i_axi_lite_ipif_n_76
    SLICE_X110Y116       FDRE                                         r  PYNQ_Design_i/usp_rf_data_converter_0/inst/IP2Bus_Data_reg[8]/D
  -------------------------------------------------------------------    -------------------

                         (clock clk_pl_0 rise edge)
                                                      0.000     0.000 r  
    PS8_X0Y0             PS8                          0.000     0.000 r  PYNQ_Design_i/zynq_ultra_ps_e_0/U0/PS8_i/PLCLK[0]
                         net (fo=1, routed)           0.157     0.157    PYNQ_Design_i/zynq_ultra_ps_e_0/U0/pl_clk_unbuffered[0]
    BUFG_PS_X0Y58        BUFG_PS (Prop_BUFG_PS_I_O)
                                                      0.025     0.182 r  PYNQ_Design_i/zynq_ultra_ps_e_0/U0/buffer_pl_clk_0.PL_CLK_0_BUFG/O
    X2Y2 (CLOCK_ROOT)    net (fo=13302, routed)       1.827     2.009    PYNQ_Design_i/usp_rf_data_converter_0/inst/s_axi_aclk
    SLICE_X110Y116       FDRE                                         r  PYNQ_Design_i/usp_rf_data_converter_0/inst/IP2Bus_Data_reg[8]/C

Slack:                    inf
  Source:                 PYNQ_Design_i/usp_rf_data_converter_0/inst/PYNQ_Design_usp_rf_data_converter_0_0_rf_wrapper_i/rx3_u_adc/INTERNAL_FBRC_DIV2_MUX
                            (rising edge-triggered cell HSADC clocked by RFADC3_CLK  {rise@0.000ns fall@5.000ns period=10.000ns})
  Destination:            PYNQ_Design_i/usp_rf_data_converter_0/inst/IP2Bus_Data_reg[14]/D
                            (rising edge-triggered cell FDRE clocked by clk_pl_0  {rise@0.000ns fall@5.156ns period=10.312ns})
  Path Group:             (none)
  Path Type:              Setup (Max at Slow Process Corner)
  Data Path Delay:        3.095ns  (logic 0.922ns (29.790%)  route 2.173ns (70.210%))
  Logic Levels:           4  (LUT5=2 LUT6=2)
  Clock Path Skew:        1.999ns (DCD - SCD + CPR)
    Destination Clock Delay (DCD):    1.999ns
    Source Clock Delay      (SCD):    0.000ns
    Clock Pessimism Removal (CPR):    0.000ns
  Clock Uncertainty:      0.159ns  ((TSJ^2 + DJ^2)^1/2) / 2 + PE
    Total System Jitter     (TSJ):    0.071ns
    Discrete Jitter          (DJ):    0.310ns
    Phase Error              (PE):    0.000ns
  Clock Net Delay (Destination): 1.817ns (routing 0.423ns, distribution 1.394ns)
  Timing Exception:       False Path

    Location             Delay type                Incr(ns)  Path(ns)    Netlist Resource(s)
  -------------------------------------------------------------------    -------------------
                         (clock RFADC3_CLK rise edge)
                                                      0.000     0.000 r  
    HSADC_X0Y3           HSADC                        0.000     0.000 r  PYNQ_Design_i/usp_rf_data_converter_0/inst/PYNQ_Design_usp_rf_data_converter_0_0_rf_wrapper_i/rx3_u_adc/INTERNAL_FBRC_DIV2_MUX
  -------------------------------------------------------------------    -------------------
    HSADC_X0Y3           HSADC (Prop_HSADC_INTERNAL_FBRC_DIV2_MUX_STATUS_COMMON[14])
                                                      0.698     0.698 r  PYNQ_Design_i/usp_rf_data_converter_0/inst/PYNQ_Design_usp_rf_data_converter_0_0_rf_wrapper_i/rx3_u_adc/STATUS_COMMON[14]
                         net (fo=1, routed)           1.133     1.831    PYNQ_Design_i/usp_rf_data_converter_0/inst/i_axi_lite_ipif/I_SLAVE_ATTACHMENT/I_DECODER/adc3_common_stat[14]
    SLICE_X117Y112       LUT5 (Prop_F6LUT_SLICEL_I4_O)
                                                      0.035     1.866 r  PYNQ_Design_i/usp_rf_data_converter_0/inst/i_axi_lite_ipif/I_SLAVE_ATTACHMENT/I_DECODER/IP2Bus_Data[14]_i_37/O
                         net (fo=1, routed)           0.405     2.271    PYNQ_Design_i/usp_rf_data_converter_0/inst/i_axi_lite_ipif/I_SLAVE_ATTACHMENT/I_DECODER/IP2Bus_Data[14]_i_37_n_0
    SLICE_X115Y111       LUT5 (Prop_B6LUT_SLICEM_I1_O)
                                                      0.052     2.323 r  PYNQ_Design_i/usp_rf_data_converter_0/inst/i_axi_lite_ipif/I_SLAVE_ATTACHMENT/I_DECODER/IP2Bus_Data[14]_i_18/O
                         net (fo=1, routed)           0.192     2.515    PYNQ_Design_i/usp_rf_data_converter_0/inst/i_axi_lite_ipif/I_SLAVE_ATTACHMENT/I_DECODER/IP2Bus_Data[14]_i_18_n_0
    SLICE_X115Y107       LUT6 (Prop_H6LUT_SLICEM_I0_O)
                                                      0.101     2.616 r  PYNQ_Design_i/usp_rf_data_converter_0/inst/i_axi_lite_ipif/I_SLAVE_ATTACHMENT/I_DECODER/IP2Bus_Data[14]_i_6/O
                         net (fo=1, routed)           0.394     3.010    PYNQ_Design_i/usp_rf_data_converter_0/inst/i_axi_lite_ipif/I_SLAVE_ATTACHMENT/I_DECODER/IP2Bus_Data[14]_i_6_n_0
    SLICE_X111Y112       LUT6 (Prop_B6LUT_SLICEL_I4_O)
                                                      0.036     3.046 r  PYNQ_Design_i/usp_rf_data_converter_0/inst/i_axi_lite_ipif/I_SLAVE_ATTACHMENT/I_DECODER/IP2Bus_Data[14]_i_1/O
                         net (fo=1, routed)           0.049     3.095    PYNQ_Design_i/usp_rf_data_converter_0/inst/i_axi_lite_ipif_n_70
    SLICE_X111Y112       FDRE                                         r  PYNQ_Design_i/usp_rf_data_converter_0/inst/IP2Bus_Data_reg[14]/D
  -------------------------------------------------------------------    -------------------

                         (clock clk_pl_0 rise edge)
                                                      0.000     0.000 r  
    PS8_X0Y0             PS8                          0.000     0.000 r  PYNQ_Design_i/zynq_ultra_ps_e_0/U0/PS8_i/PLCLK[0]
                         net (fo=1, routed)           0.157     0.157    PYNQ_Design_i/zynq_ultra_ps_e_0/U0/pl_clk_unbuffered[0]
    BUFG_PS_X0Y58        BUFG_PS (Prop_BUFG_PS_I_O)
                                                      0.025     0.182 r  PYNQ_Design_i/zynq_ultra_ps_e_0/U0/buffer_pl_clk_0.PL_CLK_0_BUFG/O
    X2Y2 (CLOCK_ROOT)    net (fo=13302, routed)       1.817     1.999    PYNQ_Design_i/usp_rf_data_converter_0/inst/s_axi_aclk
    SLICE_X111Y112       FDRE                                         r  PYNQ_Design_i/usp_rf_data_converter_0/inst/IP2Bus_Data_reg[14]/C

Slack:                    inf
  Source:                 PYNQ_Design_i/usp_rf_data_converter_0/inst/PYNQ_Design_usp_rf_data_converter_0_0_rf_wrapper_i/rx3_u_adc/INTERNAL_FBRC_DIV2_MUX
                            (rising edge-triggered cell HSADC clocked by RFADC3_CLK  {rise@0.000ns fall@5.000ns period=10.000ns})
  Destination:            PYNQ_Design_i/usp_rf_data_converter_0/inst/IP2Bus_Data_reg[11]/D
                            (rising edge-triggered cell FDRE clocked by clk_pl_0  {rise@0.000ns fall@5.156ns period=10.312ns})
  Path Group:             (none)
  Path Type:              Setup (Max at Slow Process Corner)
  Data Path Delay:        3.087ns  (logic 1.007ns (32.621%)  route 2.080ns (67.379%))
  Logic Levels:           5  (LUT4=1 LUT5=1 LUT6=3)
  Clock Path Skew:        2.009ns (DCD - SCD + CPR)
    Destination Clock Delay (DCD):    2.009ns
    Source Clock Delay      (SCD):    0.000ns
    Clock Pessimism Removal (CPR):    0.000ns
  Clock Uncertainty:      0.159ns  ((TSJ^2 + DJ^2)^1/2) / 2 + PE
    Total System Jitter     (TSJ):    0.071ns
    Discrete Jitter          (DJ):    0.310ns
    Phase Error              (PE):    0.000ns
  Clock Net Delay (Destination): 1.827ns (routing 0.423ns, distribution 1.404ns)
  Timing Exception:       False Path

    Location             Delay type                Incr(ns)  Path(ns)    Netlist Resource(s)
  -------------------------------------------------------------------    -------------------
                         (clock RFADC3_CLK rise edge)
                                                      0.000     0.000 r  
    HSADC_X0Y3           HSADC                        0.000     0.000 r  PYNQ_Design_i/usp_rf_data_converter_0/inst/PYNQ_Design_usp_rf_data_converter_0_0_rf_wrapper_i/rx3_u_adc/INTERNAL_FBRC_DIV2_MUX
  -------------------------------------------------------------------    -------------------
    HSADC_X0Y3           HSADC (Prop_HSADC_INTERNAL_FBRC_DIV2_MUX_STATUS_COMMON[11])
                                                      0.588     0.588 r  PYNQ_Design_i/usp_rf_data_converter_0/inst/PYNQ_Design_usp_rf_data_converter_0_0_rf_wrapper_i/rx3_u_adc/STATUS_COMMON[11]
                         net (fo=1, routed)           1.188     1.776    PYNQ_Design_i/usp_rf_data_converter_0/inst/i_axi_lite_ipif/I_SLAVE_ATTACHMENT/I_DECODER/adc3_common_stat[11]
    SLICE_X116Y115       LUT4 (Prop_F6LUT_SLICEL_I0_O)
                                                      0.123     1.899 f  PYNQ_Design_i/usp_rf_data_converter_0/inst/i_axi_lite_ipif/I_SLAVE_ATTACHMENT/I_DECODER/IP2Bus_Data[11]_i_39/O
                         net (fo=1, routed)           0.082     1.981    PYNQ_Design_i/usp_rf_data_converter_0/inst/i_axi_lite_ipif/I_SLAVE_ATTACHMENT/I_DECODER/IP2Bus_Data[11]_i_39_n_0
    SLICE_X116Y114       LUT5 (Prop_H6LUT_SLICEL_I3_O)
                                                      0.036     2.017 f  PYNQ_Design_i/usp_rf_data_converter_0/inst/i_axi_lite_ipif/I_SLAVE_ATTACHMENT/I_DECODER/IP2Bus_Data[11]_i_25/O
                         net (fo=1, routed)           0.148     2.165    PYNQ_Design_i/usp_rf_data_converter_0/inst/i_axi_lite_ipif/I_SLAVE_ATTACHMENT/I_DECODER/IP2Bus_Data[11]_i_25_n_0
    SLICE_X116Y115       LUT6 (Prop_D6LUT_SLICEL_I2_O)
                                                      0.099     2.264 f  PYNQ_Design_i/usp_rf_data_converter_0/inst/i_axi_lite_ipif/I_SLAVE_ATTACHMENT/I_DECODER/IP2Bus_Data[11]_i_7/O
                         net (fo=1, routed)           0.344     2.608    PYNQ_Design_i/usp_rf_data_converter_0/inst/i_axi_lite_ipif/I_SLAVE_ATTACHMENT/I_DECODER/IP2Bus_Data[11]_i_7_n_0
    SLICE_X111Y108       LUT6 (Prop_H6LUT_SLICEL_I2_O)
                                                      0.124     2.732 f  PYNQ_Design_i/usp_rf_data_converter_0/inst/i_axi_lite_ipif/I_SLAVE_ATTACHMENT/I_DECODER/IP2Bus_Data[11]_i_2/O
                         net (fo=1, routed)           0.246     2.978    PYNQ_Design_i/usp_rf_data_converter_0/inst/i_axi_lite_ipif/I_SLAVE_ATTACHMENT/I_DECODER/IP2Bus_Data[11]_i_2_n_0
    SLICE_X110Y116       LUT6 (Prop_D6LUT_SLICEM_I0_O)
                                                      0.037     3.015 r  PYNQ_Design_i/usp_rf_data_converter_0/inst/i_axi_lite_ipif/I_SLAVE_ATTACHMENT/I_DECODER/IP2Bus_Data[11]_i_1/O
                         net (fo=1, routed)           0.072     3.087    PYNQ_Design_i/usp_rf_data_converter_0/inst/i_axi_lite_ipif_n_73
    SLICE_X110Y116       FDRE                                         r  PYNQ_Design_i/usp_rf_data_converter_0/inst/IP2Bus_Data_reg[11]/D
  -------------------------------------------------------------------    -------------------

                         (clock clk_pl_0 rise edge)
                                                      0.000     0.000 r  
    PS8_X0Y0             PS8                          0.000     0.000 r  PYNQ_Design_i/zynq_ultra_ps_e_0/U0/PS8_i/PLCLK[0]
                         net (fo=1, routed)           0.157     0.157    PYNQ_Design_i/zynq_ultra_ps_e_0/U0/pl_clk_unbuffered[0]
    BUFG_PS_X0Y58        BUFG_PS (Prop_BUFG_PS_I_O)
                                                      0.025     0.182 r  PYNQ_Design_i/zynq_ultra_ps_e_0/U0/buffer_pl_clk_0.PL_CLK_0_BUFG/O
    X2Y2 (CLOCK_ROOT)    net (fo=13302, routed)       1.827     2.009    PYNQ_Design_i/usp_rf_data_converter_0/inst/s_axi_aclk
    SLICE_X110Y116       FDRE                                         r  PYNQ_Design_i/usp_rf_data_converter_0/inst/IP2Bus_Data_reg[11]/C

Slack:                    inf
  Source:                 PYNQ_Design_i/usp_rf_data_converter_0/inst/PYNQ_Design_usp_rf_data_converter_0_0_rf_wrapper_i/rx3_u_adc/INTERNAL_FBRC_DIV2_MUX
                            (rising edge-triggered cell HSADC clocked by RFADC3_CLK  {rise@0.000ns fall@5.000ns period=10.000ns})
  Destination:            PYNQ_Design_i/usp_rf_data_converter_0/inst/IP2Bus_Data_reg[10]/D
                            (rising edge-triggered cell FDRE clocked by clk_pl_0  {rise@0.000ns fall@5.156ns period=10.312ns})
  Path Group:             (none)
  Path Type:              Setup (Max at Slow Process Corner)
  Data Path Delay:        2.767ns  (logic 0.972ns (35.128%)  route 1.795ns (64.872%))
  Logic Levels:           5  (LUT4=1 LUT5=1 LUT6=3)
  Clock Path Skew:        2.007ns (DCD - SCD + CPR)
    Destination Clock Delay (DCD):    2.007ns
    Source Clock Delay      (SCD):    0.000ns
    Clock Pessimism Removal (CPR):    0.000ns
  Clock Uncertainty:      0.159ns  ((TSJ^2 + DJ^2)^1/2) / 2 + PE
    Total System Jitter     (TSJ):    0.071ns
    Discrete Jitter          (DJ):    0.310ns
    Phase Error              (PE):    0.000ns
  Clock Net Delay (Destination): 1.825ns (routing 0.423ns, distribution 1.402ns)
  Timing Exception:       False Path

    Location             Delay type                Incr(ns)  Path(ns)    Netlist Resource(s)
  -------------------------------------------------------------------    -------------------
                         (clock RFADC3_CLK rise edge)
                                                      0.000     0.000 r  
    HSADC_X0Y3           HSADC                        0.000     0.000 r  PYNQ_Design_i/usp_rf_data_converter_0/inst/PYNQ_Design_usp_rf_data_converter_0_0_rf_wrapper_i/rx3_u_adc/INTERNAL_FBRC_DIV2_MUX
  -------------------------------------------------------------------    -------------------
    HSADC_X0Y3           HSADC (Prop_HSADC_INTERNAL_FBRC_DIV2_MUX_STATUS_COMMON[10])
                                                      0.536     0.536 r  PYNQ_Design_i/usp_rf_data_converter_0/inst/PYNQ_Design_usp_rf_data_converter_0_0_rf_wrapper_i/rx3_u_adc/STATUS_COMMON[10]
                         net (fo=1, routed)           1.004     1.540    PYNQ_Design_i/usp_rf_data_converter_0/inst/i_axi_lite_ipif/I_SLAVE_ATTACHMENT/I_DECODER/adc3_common_stat[10]
    SLICE_X117Y115       LUT4 (Prop_D6LUT_SLICEL_I0_O)
                                                      0.036     1.576 f  PYNQ_Design_i/usp_rf_data_converter_0/inst/i_axi_lite_ipif/I_SLAVE_ATTACHMENT/I_DECODER/IP2Bus_Data[10]_i_32/O
                         net (fo=1, routed)           0.127     1.703    PYNQ_Design_i/usp_rf_data_converter_0/inst/i_axi_lite_ipif/I_SLAVE_ATTACHMENT/I_DECODER/IP2Bus_Data[10]_i_32_n_0
    SLICE_X116Y115       LUT5 (Prop_G6LUT_SLICEL_I3_O)
                                                      0.089     1.792 f  PYNQ_Design_i/usp_rf_data_converter_0/inst/i_axi_lite_ipif/I_SLAVE_ATTACHMENT/I_DECODER/IP2Bus_Data[10]_i_22/O
                         net (fo=1, routed)           0.043     1.835    PYNQ_Design_i/usp_rf_data_converter_0/inst/i_axi_lite_ipif/I_SLAVE_ATTACHMENT/I_DECODER/IP2Bus_Data[10]_i_22_n_0
    SLICE_X116Y115       LUT6 (Prop_H6LUT_SLICEL_I2_O)
                                                      0.099     1.934 f  PYNQ_Design_i/usp_rf_data_converter_0/inst/i_axi_lite_ipif/I_SLAVE_ATTACHMENT/I_DECODER/IP2Bus_Data[10]_i_12/O
                         net (fo=1, routed)           0.298     2.232    PYNQ_Design_i/usp_rf_data_converter_0/inst/i_axi_lite_ipif/I_SLAVE_ATTACHMENT/I_DECODER/IP2Bus_Data[10]_i_12_n_0
    SLICE_X112Y107       LUT6 (Prop_F6LUT_SLICEM_I2_O)
                                                      0.088     2.320 f  PYNQ_Design_i/usp_rf_data_converter_0/inst/i_axi_lite_ipif/I_SLAVE_ATTACHMENT/I_DECODER/IP2Bus_Data[10]_i_5/O
                         net (fo=1, routed)           0.272     2.592    PYNQ_Design_i/usp_rf_data_converter_0/inst/i_axi_lite_ipif/I_SLAVE_ATTACHMENT/I_DECODER/IP2Bus_Data[10]_i_5_n_0
    SLICE_X111Y116       LUT6 (Prop_H6LUT_SLICEL_I4_O)
                                                      0.124     2.716 r  PYNQ_Design_i/usp_rf_data_converter_0/inst/i_axi_lite_ipif/I_SLAVE_ATTACHMENT/I_DECODER/IP2Bus_Data[10]_i_1/O
                         net (fo=1, routed)           0.051     2.767    PYNQ_Design_i/usp_rf_data_converter_0/inst/i_axi_lite_ipif_n_74
    SLICE_X111Y116       FDRE                                         r  PYNQ_Design_i/usp_rf_data_converter_0/inst/IP2Bus_Data_reg[10]/D
  -------------------------------------------------------------------    -------------------

                         (clock clk_pl_0 rise edge)
                                                      0.000     0.000 r  
    PS8_X0Y0             PS8                          0.000     0.000 r  PYNQ_Design_i/zynq_ultra_ps_e_0/U0/PS8_i/PLCLK[0]
                         net (fo=1, routed)           0.157     0.157    PYNQ_Design_i/zynq_ultra_ps_e_0/U0/pl_clk_unbuffered[0]
    BUFG_PS_X0Y58        BUFG_PS (Prop_BUFG_PS_I_O)
                                                      0.025     0.182 r  PYNQ_Design_i/zynq_ultra_ps_e_0/U0/buffer_pl_clk_0.PL_CLK_0_BUFG/O
    X2Y2 (CLOCK_ROOT)    net (fo=13302, routed)       1.825     2.007    PYNQ_Design_i/usp_rf_data_converter_0/inst/s_axi_aclk
    SLICE_X111Y116       FDRE                                         r  PYNQ_Design_i/usp_rf_data_converter_0/inst/IP2Bus_Data_reg[10]/C

Slack:                    inf
  Source:                 PYNQ_Design_i/usp_rf_data_converter_0/inst/PYNQ_Design_usp_rf_data_converter_0_0_rf_wrapper_i/rx3_u_adc/INTERNAL_FBRC_DIV2_MUX
                            (rising edge-triggered cell HSADC clocked by RFADC3_CLK  {rise@0.000ns fall@5.000ns period=10.000ns})
  Destination:            PYNQ_Design_i/usp_rf_data_converter_0/inst/IP2Bus_Data_reg[13]/D
                            (rising edge-triggered cell FDRE clocked by clk_pl_0  {rise@0.000ns fall@5.156ns period=10.312ns})
  Path Group:             (none)
  Path Type:              Setup (Max at Slow Process Corner)
  Data Path Delay:        2.741ns  (logic 1.132ns (41.299%)  route 1.609ns (58.701%))
  Logic Levels:           4  (LUT5=1 LUT6=3)
  Clock Path Skew:        2.001ns (DCD - SCD + CPR)
    Destination Clock Delay (DCD):    2.001ns
    Source Clock Delay      (SCD):    0.000ns
    Clock Pessimism Removal (CPR):    0.000ns
  Clock Uncertainty:      0.159ns  ((TSJ^2 + DJ^2)^1/2) / 2 + PE
    Total System Jitter     (TSJ):    0.071ns
    Discrete Jitter          (DJ):    0.310ns
    Phase Error              (PE):    0.000ns
  Clock Net Delay (Destination): 1.819ns (routing 0.423ns, distribution 1.396ns)
  Timing Exception:       False Path

    Location             Delay type                Incr(ns)  Path(ns)    Netlist Resource(s)
  -------------------------------------------------------------------    -------------------
                         (clock RFADC3_CLK rise edge)
                                                      0.000     0.000 r  
    HSADC_X0Y3           HSADC                        0.000     0.000 r  PYNQ_Design_i/usp_rf_data_converter_0/inst/PYNQ_Design_usp_rf_data_converter_0_0_rf_wrapper_i/rx3_u_adc/INTERNAL_FBRC_DIV2_MUX
  -------------------------------------------------------------------    -------------------
    HSADC_X0Y3           HSADC (Prop_HSADC_INTERNAL_FBRC_DIV2_MUX_STATUS_COMMON[13])
                                                      0.771     0.771 r  PYNQ_Design_i/usp_rf_data_converter_0/inst/PYNQ_Design_usp_rf_data_converter_0_0_rf_wrapper_i/rx3_u_adc/STATUS_COMMON[13]
                         net (fo=1, routed)           1.147     1.918    PYNQ_Design_i/usp_rf_data_converter_0/inst/i_axi_lite_ipif/I_SLAVE_ATTACHMENT/I_DECODER/adc3_common_stat[13]
    SLICE_X115Y115       LUT5 (Prop_G6LUT_SLICEM_I4_O)
                                                      0.150     2.068 r  PYNQ_Design_i/usp_rf_data_converter_0/inst/i_axi_lite_ipif/I_SLAVE_ATTACHMENT/I_DECODER/IP2Bus_Data[13]_i_32/O
                         net (fo=1, routed)           0.089     2.157    PYNQ_Design_i/usp_rf_data_converter_0/inst/i_axi_lite_ipif/I_SLAVE_ATTACHMENT/I_DECODER/IP2Bus_Data[13]_i_32_n_0
    SLICE_X115Y115       LUT6 (Prop_D6LUT_SLICEM_I0_O)
                                                      0.051     2.208 r  PYNQ_Design_i/usp_rf_data_converter_0/inst/i_axi_lite_ipif/I_SLAVE_ATTACHMENT/I_DECODER/IP2Bus_Data[13]_i_19/O
                         net (fo=1, routed)           0.097     2.305    PYNQ_Design_i/usp_rf_data_converter_0/inst/i_axi_lite_ipif/I_SLAVE_ATTACHMENT/I_DECODER/IP2Bus_Data[13]_i_19_n_0
    SLICE_X116Y115       LUT6 (Prop_C6LUT_SLICEL_I3_O)
                                                      0.123     2.428 r  PYNQ_Design_i/usp_rf_data_converter_0/inst/i_axi_lite_ipif/I_SLAVE_ATTACHMENT/I_DECODER/IP2Bus_Data[13]_i_6/O
                         net (fo=1, routed)           0.204     2.632    PYNQ_Design_i/usp_rf_data_converter_0/inst/i_axi_lite_ipif/I_SLAVE_ATTACHMENT/I_DECODER/IP2Bus_Data[13]_i_6_n_0
    SLICE_X112Y114       LUT6 (Prop_D6LUT_SLICEM_I4_O)
                                                      0.037     2.669 r  PYNQ_Design_i/usp_rf_data_converter_0/inst/i_axi_lite_ipif/I_SLAVE_ATTACHMENT/I_DECODER/IP2Bus_Data[13]_i_1/O
                         net (fo=1, routed)           0.072     2.741    PYNQ_Design_i/usp_rf_data_converter_0/inst/i_axi_lite_ipif_n_71
    SLICE_X112Y114       FDRE                                         r  PYNQ_Design_i/usp_rf_data_converter_0/inst/IP2Bus_Data_reg[13]/D
  -------------------------------------------------------------------    -------------------

                         (clock clk_pl_0 rise edge)
                                                      0.000     0.000 r  
    PS8_X0Y0             PS8                          0.000     0.000 r  PYNQ_Design_i/zynq_ultra_ps_e_0/U0/PS8_i/PLCLK[0]
                         net (fo=1, routed)           0.157     0.157    PYNQ_Design_i/zynq_ultra_ps_e_0/U0/pl_clk_unbuffered[0]
    BUFG_PS_X0Y58        BUFG_PS (Prop_BUFG_PS_I_O)
                                                      0.025     0.182 r  PYNQ_Design_i/zynq_ultra_ps_e_0/U0/buffer_pl_clk_0.PL_CLK_0_BUFG/O
    X2Y2 (CLOCK_ROOT)    net (fo=13302, routed)       1.819     2.001    PYNQ_Design_i/usp_rf_data_converter_0/inst/s_axi_aclk
    SLICE_X112Y114       FDRE                                         r  PYNQ_Design_i/usp_rf_data_converter_0/inst/IP2Bus_Data_reg[13]/C

Slack:                    inf
  Source:                 PYNQ_Design_i/usp_rf_data_converter_0/inst/PYNQ_Design_usp_rf_data_converter_0_0_rf_wrapper_i/rx3_u_adc/INTERNAL_FBRC_DIV2_MUX
                            (rising edge-triggered cell HSADC clocked by RFADC3_CLK  {rise@0.000ns fall@5.000ns period=10.000ns})
  Destination:            PYNQ_Design_i/usp_rf_data_converter_0/inst/IP2Bus_Data_reg[12]/D
                            (rising edge-triggered cell FDRE clocked by clk_pl_0  {rise@0.000ns fall@5.156ns period=10.312ns})
  Path Group:             (none)
  Path Type:              Setup (Max at Slow Process Corner)
  Data Path Delay:        2.669ns  (logic 0.920ns (34.470%)  route 1.749ns (65.530%))
  Logic Levels:           4  (LUT5=2 LUT6=2)
  Clock Path Skew:        1.999ns (DCD - SCD + CPR)
    Destination Clock Delay (DCD):    1.999ns
    Source Clock Delay      (SCD):    0.000ns
    Clock Pessimism Removal (CPR):    0.000ns
  Clock Uncertainty:      0.159ns  ((TSJ^2 + DJ^2)^1/2) / 2 + PE
    Total System Jitter     (TSJ):    0.071ns
    Discrete Jitter          (DJ):    0.310ns
    Phase Error              (PE):    0.000ns
  Clock Net Delay (Destination): 1.817ns (routing 0.423ns, distribution 1.394ns)
  Timing Exception:       False Path

    Location             Delay type                Incr(ns)  Path(ns)    Netlist Resource(s)
  -------------------------------------------------------------------    -------------------
                         (clock RFADC3_CLK rise edge)
                                                      0.000     0.000 r  
    HSADC_X0Y3           HSADC                        0.000     0.000 r  PYNQ_Design_i/usp_rf_data_converter_0/inst/PYNQ_Design_usp_rf_data_converter_0_0_rf_wrapper_i/rx3_u_adc/INTERNAL_FBRC_DIV2_MUX
  -------------------------------------------------------------------    -------------------
    HSADC_X0Y3           HSADC (Prop_HSADC_INTERNAL_FBRC_DIV2_MUX_STATUS_COMMON[12])
                                                      0.611     0.611 r  PYNQ_Design_i/usp_rf_data_converter_0/inst/PYNQ_Design_usp_rf_data_converter_0_0_rf_wrapper_i/rx3_u_adc/STATUS_COMMON[12]
                         net (fo=1, routed)           1.318     1.929    PYNQ_Design_i/usp_rf_data_converter_0/inst/i_axi_lite_ipif/I_SLAVE_ATTACHMENT/I_DECODER/adc3_common_stat[12]
    SLICE_X114Y112       LUT5 (Prop_G6LUT_SLICEL_I4_O)
                                                      0.035     1.964 f  PYNQ_Design_i/usp_rf_data_converter_0/inst/i_axi_lite_ipif/I_SLAVE_ATTACHMENT/I_DECODER/IP2Bus_Data[12]_i_32/O
                         net (fo=1, routed)           0.096     2.060    PYNQ_Design_i/usp_rf_data_converter_0/inst/i_axi_lite_ipif/I_SLAVE_ATTACHMENT/I_DECODER/IP2Bus_Data[12]_i_32_n_0
    SLICE_X116Y112       LUT6 (Prop_G6LUT_SLICEL_I5_O)
                                                      0.089     2.149 r  PYNQ_Design_i/usp_rf_data_converter_0/inst/i_axi_lite_ipif/I_SLAVE_ATTACHMENT/I_DECODER/IP2Bus_Data[12]_i_16/O
                         net (fo=1, routed)           0.044     2.193    PYNQ_Design_i/usp_rf_data_converter_0/inst/i_axi_lite_ipif/I_SLAVE_ATTACHMENT/I_DECODER/IP2Bus_Data[12]_i_16_n_0
    SLICE_X116Y112       LUT5 (Prop_F6LUT_SLICEL_I2_O)
                                                      0.097     2.290 r  PYNQ_Design_i/usp_rf_data_converter_0/inst/i_axi_lite_ipif/I_SLAVE_ATTACHMENT/I_DECODER/IP2Bus_Data[12]_i_4/O
                         net (fo=1, routed)           0.241     2.531    PYNQ_Design_i/usp_rf_data_converter_0/inst/i_axi_lite_ipif/I_SLAVE_ATTACHMENT/I_DECODER/IP2Bus_Data[12]_i_4_n_0
    SLICE_X111Y112       LUT6 (Prop_C6LUT_SLICEL_I2_O)
                                                      0.088     2.619 r  PYNQ_Design_i/usp_rf_data_converter_0/inst/i_axi_lite_ipif/I_SLAVE_ATTACHMENT/I_DECODER/IP2Bus_Data[12]_i_1/O
                         net (fo=1, routed)           0.050     2.669    PYNQ_Design_i/usp_rf_data_converter_0/inst/i_axi_lite_ipif_n_72
    SLICE_X111Y112       FDRE                                         r  PYNQ_Design_i/usp_rf_data_converter_0/inst/IP2Bus_Data_reg[12]/D
  -------------------------------------------------------------------    -------------------

                         (clock clk_pl_0 rise edge)
                                                      0.000     0.000 r  
    PS8_X0Y0             PS8                          0.000     0.000 r  PYNQ_Design_i/zynq_ultra_ps_e_0/U0/PS8_i/PLCLK[0]
                         net (fo=1, routed)           0.157     0.157    PYNQ_Design_i/zynq_ultra_ps_e_0/U0/pl_clk_unbuffered[0]
    BUFG_PS_X0Y58        BUFG_PS (Prop_BUFG_PS_I_O)
                                                      0.025     0.182 r  PYNQ_Design_i/zynq_ultra_ps_e_0/U0/buffer_pl_clk_0.PL_CLK_0_BUFG/O
    X2Y2 (CLOCK_ROOT)    net (fo=13302, routed)       1.817     1.999    PYNQ_Design_i/usp_rf_data_converter_0/inst/s_axi_aclk
    SLICE_X111Y112       FDRE                                         r  PYNQ_Design_i/usp_rf_data_converter_0/inst/IP2Bus_Data_reg[12]/C

Slack:                    inf
  Source:                 PYNQ_Design_i/usp_rf_data_converter_0/inst/PYNQ_Design_usp_rf_data_converter_0_0_rf_wrapper_i/rx3_u_adc/INTERNAL_FBRC_DIV2_MUX
                            (rising edge-triggered cell HSADC clocked by RFADC3_CLK  {rise@0.000ns fall@5.000ns period=10.000ns})
  Destination:            PYNQ_Design_i/usp_rf_data_converter_0/inst/IP2Bus_Data_reg[15]/D
                            (rising edge-triggered cell FDRE clocked by clk_pl_0  {rise@0.000ns fall@5.156ns period=10.312ns})
  Path Group:             (none)
  Path Type:              Setup (Max at Slow Process Corner)
  Data Path Delay:        2.656ns  (logic 0.851ns (32.041%)  route 1.805ns (67.959%))
  Logic Levels:           4  (LUT5=2 LUT6=2)
  Clock Path Skew:        2.006ns (DCD - SCD + CPR)
    Destination Clock Delay (DCD):    2.006ns
    Source Clock Delay      (SCD):    0.000ns
    Clock Pessimism Removal (CPR):    0.000ns
  Clock Uncertainty:      0.159ns  ((TSJ^2 + DJ^2)^1/2) / 2 + PE
    Total System Jitter     (TSJ):    0.071ns
    Discrete Jitter          (DJ):    0.310ns
    Phase Error              (PE):    0.000ns
  Clock Net Delay (Destination): 1.824ns (routing 0.423ns, distribution 1.401ns)
  Timing Exception:       False Path

    Location             Delay type                Incr(ns)  Path(ns)    Netlist Resource(s)
  -------------------------------------------------------------------    -------------------
                         (clock RFADC3_CLK rise edge)
                                                      0.000     0.000 r  
    HSADC_X0Y3           HSADC                        0.000     0.000 r  PYNQ_Design_i/usp_rf_data_converter_0/inst/PYNQ_Design_usp_rf_data_converter_0_0_rf_wrapper_i/rx3_u_adc/INTERNAL_FBRC_DIV2_MUX
  -------------------------------------------------------------------    -------------------
    HSADC_X0Y3           HSADC (Prop_HSADC_INTERNAL_FBRC_DIV2_MUX_STATUS_COMMON[15])
                                                      0.525     0.525 r  PYNQ_Design_i/usp_rf_data_converter_0/inst/PYNQ_Design_usp_rf_data_converter_0_0_rf_wrapper_i/rx3_u_adc/STATUS_COMMON[15]
                         net (fo=1, routed)           1.294     1.819    PYNQ_Design_i/usp_rf_data_converter_0/inst/i_axi_lite_ipif/I_SLAVE_ATTACHMENT/I_DECODER/adc3_common_stat[15]
    SLICE_X117Y112       LUT5 (Prop_B6LUT_SLICEL_I4_O)
                                                      0.148     1.967 r  PYNQ_Design_i/usp_rf_data_converter_0/inst/i_axi_lite_ipif/I_SLAVE_ATTACHMENT/I_DECODER/IP2Bus_Data[15]_i_47/O
                         net (fo=1, routed)           0.214     2.181    PYNQ_Design_i/usp_rf_data_converter_0/inst/i_axi_lite_ipif/I_SLAVE_ATTACHMENT/I_DECODER/IP2Bus_Data[15]_i_47_n_0
    SLICE_X116Y111       LUT5 (Prop_B6LUT_SLICEL_I2_O)
                                                      0.090     2.271 r  PYNQ_Design_i/usp_rf_data_converter_0/inst/i_axi_lite_ipif/I_SLAVE_ATTACHMENT/I_DECODER/IP2Bus_Data[15]_i_20/O
                         net (fo=1, routed)           0.139     2.410    PYNQ_Design_i/usp_rf_data_converter_0/inst/i_axi_lite_ipif/I_SLAVE_ATTACHMENT/I_DECODER/IP2Bus_Data[15]_i_20_n_0
    SLICE_X113Y111       LUT6 (Prop_F6LUT_SLICEM_I0_O)
                                                      0.037     2.447 f  PYNQ_Design_i/usp_rf_data_converter_0/inst/i_axi_lite_ipif/I_SLAVE_ATTACHMENT/I_DECODER/IP2Bus_Data[15]_i_5/O
                         net (fo=1, routed)           0.086     2.533    PYNQ_Design_i/usp_rf_data_converter_0/inst/i_axi_lite_ipif/I_SLAVE_ATTACHMENT/I_DECODER/IP2Bus_Data[15]_i_5_n_0
    SLICE_X113Y111       LUT6 (Prop_D6LUT_SLICEM_I3_O)
                                                      0.051     2.584 r  PYNQ_Design_i/usp_rf_data_converter_0/inst/i_axi_lite_ipif/I_SLAVE_ATTACHMENT/I_DECODER/IP2Bus_Data[15]_i_1/O
                         net (fo=1, routed)           0.072     2.656    PYNQ_Design_i/usp_rf_data_converter_0/inst/i_axi_lite_ipif_n_69
    SLICE_X113Y111       FDRE                                         r  PYNQ_Design_i/usp_rf_data_converter_0/inst/IP2Bus_Data_reg[15]/D
  -------------------------------------------------------------------    -------------------

                         (clock clk_pl_0 rise edge)
                                                      0.000     0.000 r  
    PS8_X0Y0             PS8                          0.000     0.000 r  PYNQ_Design_i/zynq_ultra_ps_e_0/U0/PS8_i/PLCLK[0]
                         net (fo=1, routed)           0.157     0.157    PYNQ_Design_i/zynq_ultra_ps_e_0/U0/pl_clk_unbuffered[0]
    BUFG_PS_X0Y58        BUFG_PS (Prop_BUFG_PS_I_O)
                                                      0.025     0.182 r  PYNQ_Design_i/zynq_ultra_ps_e_0/U0/buffer_pl_clk_0.PL_CLK_0_BUFG/O
    X2Y2 (CLOCK_ROOT)    net (fo=13302, routed)       1.824     2.006    PYNQ_Design_i/usp_rf_data_converter_0/inst/s_axi_aclk
    SLICE_X113Y111       FDRE                                         r  PYNQ_Design_i/usp_rf_data_converter_0/inst/IP2Bus_Data_reg[15]/C

Slack:                    inf
  Source:                 PYNQ_Design_i/usp_rf_data_converter_0/inst/PYNQ_Design_usp_rf_data_converter_0_0_rf_wrapper_i/rx3_u_adc/INTERNAL_FBRC_DIV2_MUX
                            (rising edge-triggered cell HSADC clocked by RFADC3_CLK  {rise@0.000ns fall@5.000ns period=10.000ns})
  Destination:            PYNQ_Design_i/usp_rf_data_converter_0/inst/IP2Bus_Data_reg[9]/D
                            (rising edge-triggered cell FDRE clocked by clk_pl_0  {rise@0.000ns fall@5.156ns period=10.312ns})
  Path Group:             (none)
  Path Type:              Setup (Max at Slow Process Corner)
  Data Path Delay:        2.369ns  (logic 0.860ns (36.302%)  route 1.509ns (63.698%))
  Logic Levels:           4  (LUT5=2 LUT6=2)
  Clock Path Skew:        2.011ns (DCD - SCD + CPR)
    Destination Clock Delay (DCD):    2.011ns
    Source Clock Delay      (SCD):    0.000ns
    Clock Pessimism Removal (CPR):    0.000ns
  Clock Uncertainty:      0.159ns  ((TSJ^2 + DJ^2)^1/2) / 2 + PE
    Total System Jitter     (TSJ):    0.071ns
    Discrete Jitter          (DJ):    0.310ns
    Phase Error              (PE):    0.000ns
  Clock Net Delay (Destination): 1.829ns (routing 0.423ns, distribution 1.406ns)
  Timing Exception:       False Path

    Location             Delay type                Incr(ns)  Path(ns)    Netlist Resource(s)
  -------------------------------------------------------------------    -------------------
                         (clock RFADC3_CLK rise edge)
                                                      0.000     0.000 r  
    HSADC_X0Y3           HSADC                        0.000     0.000 r  PYNQ_Design_i/usp_rf_data_converter_0/inst/PYNQ_Design_usp_rf_data_converter_0_0_rf_wrapper_i/rx3_u_adc/INTERNAL_FBRC_DIV2_MUX
  -------------------------------------------------------------------    -------------------
    HSADC_X0Y3           HSADC (Prop_HSADC_INTERNAL_FBRC_DIV2_MUX_STATUS_COMMON[9])
                                                      0.532     0.532 r  PYNQ_Design_i/usp_rf_data_converter_0/inst/PYNQ_Design_usp_rf_data_converter_0_0_rf_wrapper_i/rx3_u_adc/STATUS_COMMON[9]
                         net (fo=1, routed)           1.122     1.654    PYNQ_Design_i/usp_rf_data_converter_0/inst/i_axi_lite_ipif/I_SLAVE_ATTACHMENT/I_DECODER/adc3_common_stat[9]
    SLICE_X116Y114       LUT5 (Prop_B6LUT_SLICEL_I4_O)
                                                      0.090     1.744 r  PYNQ_Design_i/usp_rf_data_converter_0/inst/i_axi_lite_ipif/I_SLAVE_ATTACHMENT/I_DECODER/IP2Bus_Data[9]_i_36/O
                         net (fo=1, routed)           0.091     1.835    PYNQ_Design_i/usp_rf_data_converter_0/inst/i_axi_lite_ipif/I_SLAVE_ATTACHMENT/I_DECODER/IP2Bus_Data[9]_i_36_n_0
    SLICE_X116Y114       LUT6 (Prop_C6LUT_SLICEL_I4_O)
                                                      0.050     1.885 f  PYNQ_Design_i/usp_rf_data_converter_0/inst/i_axi_lite_ipif/I_SLAVE_ATTACHMENT/I_DECODER/IP2Bus_Data[9]_i_16/O
                         net (fo=1, routed)           0.043     1.928    PYNQ_Design_i/usp_rf_data_converter_0/inst/i_axi_lite_ipif/I_SLAVE_ATTACHMENT/I_DECODER/IP2Bus_Data[9]_i_16_n_0
    SLICE_X116Y114       LUT5 (Prop_A6LUT_SLICEL_I3_O)
                                                      0.090     2.018 r  PYNQ_Design_i/usp_rf_data_converter_0/inst/i_axi_lite_ipif/I_SLAVE_ATTACHMENT/I_DECODER/IP2Bus_Data[9]_i_5/O
                         net (fo=1, routed)           0.187     2.205    PYNQ_Design_i/usp_rf_data_converter_0/inst/i_axi_lite_ipif/I_SLAVE_ATTACHMENT/I_DECODER/IP2Bus_Data[9]_i_5_n_0
    SLICE_X113Y112       LUT6 (Prop_C6LUT_SLICEM_I3_O)
                                                      0.098     2.303 r  PYNQ_Design_i/usp_rf_data_converter_0/inst/i_axi_lite_ipif/I_SLAVE_ATTACHMENT/I_DECODER/IP2Bus_Data[9]_i_1/O
                         net (fo=1, routed)           0.066     2.369    PYNQ_Design_i/usp_rf_data_converter_0/inst/i_axi_lite_ipif_n_75
    SLICE_X113Y112       FDRE                                         r  PYNQ_Design_i/usp_rf_data_converter_0/inst/IP2Bus_Data_reg[9]/D
  -------------------------------------------------------------------    -------------------

                         (clock clk_pl_0 rise edge)
                                                      0.000     0.000 r  
    PS8_X0Y0             PS8                          0.000     0.000 r  PYNQ_Design_i/zynq_ultra_ps_e_0/U0/PS8_i/PLCLK[0]
                         net (fo=1, routed)           0.157     0.157    PYNQ_Design_i/zynq_ultra_ps_e_0/U0/pl_clk_unbuffered[0]
    BUFG_PS_X0Y58        BUFG_PS (Prop_BUFG_PS_I_O)
                                                      0.025     0.182 r  PYNQ_Design_i/zynq_ultra_ps_e_0/U0/buffer_pl_clk_0.PL_CLK_0_BUFG/O
    X2Y2 (CLOCK_ROOT)    net (fo=13302, routed)       1.829     2.011    PYNQ_Design_i/usp_rf_data_converter_0/inst/s_axi_aclk
    SLICE_X113Y112       FDRE                                         r  PYNQ_Design_i/usp_rf_data_converter_0/inst/IP2Bus_Data_reg[9]/C





Min Delay Paths
--------------------------------------------------------------------------------------
Slack:                    inf
  Source:                 PYNQ_Design_i/usp_rf_data_converter_0/inst/PYNQ_Design_usp_rf_data_converter_0_0_rf_wrapper_i/rx3_u_adc/INTERNAL_FBRC_DIV2_MUX
                            (rising edge-triggered cell HSADC clocked by RFADC3_CLK  {rise@0.000ns fall@5.000ns period=10.000ns})
  Destination:            PYNQ_Design_i/usp_rf_data_converter_0/inst/IP2Bus_Data_reg[9]/D
                            (rising edge-triggered cell FDRE clocked by clk_pl_0  {rise@0.000ns fall@5.156ns period=10.312ns})
  Path Group:             (none)
  Path Type:              Hold (Min at Fast Process Corner)
  Data Path Delay:        1.105ns  (logic 0.361ns (32.670%)  route 0.744ns (67.330%))
  Logic Levels:           4  (LUT5=2 LUT6=2)
  Clock Path Skew:        1.420ns (DCD - SCD - CPR)
    Destination Clock Delay (DCD):    1.420ns
    Source Clock Delay      (SCD):    0.000ns
    Clock Pessimism Removal (CPR):    -0.000ns
  Clock Uncertainty:      0.159ns  ((TSJ^2 + DJ^2)^1/2) / 2 + PE
    Total System Jitter     (TSJ):    0.071ns
    Discrete Jitter          (DJ):    0.310ns
    Phase Error              (PE):    0.000ns
  Clock Net Delay (Destination): 1.273ns (routing 0.282ns, distribution 0.991ns)
  Timing Exception:       False Path

    Location             Delay type                Incr(ns)  Path(ns)    Netlist Resource(s)
  -------------------------------------------------------------------    -------------------
                         (clock RFADC3_CLK rise edge)
                                                      0.000     0.000 r  
    HSADC_X0Y3           HSADC                        0.000     0.000 r  PYNQ_Design_i/usp_rf_data_converter_0/inst/PYNQ_Design_usp_rf_data_converter_0_0_rf_wrapper_i/rx3_u_adc/INTERNAL_FBRC_DIV2_MUX
  -------------------------------------------------------------------    -------------------
    HSADC_X0Y3           HSADC (Prop_HSADC_INTERNAL_FBRC_DIV2_MUX_STATUS_COMMON[9])
                                                      0.228     0.228 r  PYNQ_Design_i/usp_rf_data_converter_0/inst/PYNQ_Design_usp_rf_data_converter_0_0_rf_wrapper_i/rx3_u_adc/STATUS_COMMON[9]
                         net (fo=1, routed)           0.559     0.787    PYNQ_Design_i/usp_rf_data_converter_0/inst/i_axi_lite_ipif/I_SLAVE_ATTACHMENT/I_DECODER/adc3_common_stat[9]
    SLICE_X116Y114       LUT5 (Prop_B6LUT_SLICEL_I4_O)
                                                      0.036     0.823 r  PYNQ_Design_i/usp_rf_data_converter_0/inst/i_axi_lite_ipif/I_SLAVE_ATTACHMENT/I_DECODER/IP2Bus_Data[9]_i_36/O
                         net (fo=1, routed)           0.044     0.867    PYNQ_Design_i/usp_rf_data_converter_0/inst/i_axi_lite_ipif/I_SLAVE_ATTACHMENT/I_DECODER/IP2Bus_Data[9]_i_36_n_0
    SLICE_X116Y114       LUT6 (Prop_C6LUT_SLICEL_I4_O)
                                                      0.022     0.889 f  PYNQ_Design_i/usp_rf_data_converter_0/inst/i_axi_lite_ipif/I_SLAVE_ATTACHMENT/I_DECODER/IP2Bus_Data[9]_i_16/O
                         net (fo=1, routed)           0.023     0.912    PYNQ_Design_i/usp_rf_data_converter_0/inst/i_axi_lite_ipif/I_SLAVE_ATTACHMENT/I_DECODER/IP2Bus_Data[9]_i_16_n_0
    SLICE_X116Y114       LUT5 (Prop_A6LUT_SLICEL_I3_O)
                                                      0.035     0.947 r  PYNQ_Design_i/usp_rf_data_converter_0/inst/i_axi_lite_ipif/I_SLAVE_ATTACHMENT/I_DECODER/IP2Bus_Data[9]_i_5/O
                         net (fo=1, routed)           0.094     1.041    PYNQ_Design_i/usp_rf_data_converter_0/inst/i_axi_lite_ipif/I_SLAVE_ATTACHMENT/I_DECODER/IP2Bus_Data[9]_i_5_n_0
    SLICE_X113Y112       LUT6 (Prop_C6LUT_SLICEM_I3_O)
                                                      0.040     1.081 r  PYNQ_Design_i/usp_rf_data_converter_0/inst/i_axi_lite_ipif/I_SLAVE_ATTACHMENT/I_DECODER/IP2Bus_Data[9]_i_1/O
                         net (fo=1, routed)           0.024     1.105    PYNQ_Design_i/usp_rf_data_converter_0/inst/i_axi_lite_ipif_n_75
    SLICE_X113Y112       FDRE                                         r  PYNQ_Design_i/usp_rf_data_converter_0/inst/IP2Bus_Data_reg[9]/D
  -------------------------------------------------------------------    -------------------

                         (clock clk_pl_0 rise edge)
                                                      0.000     0.000 r  
    PS8_X0Y0             PS8                          0.000     0.000 r  PYNQ_Design_i/zynq_ultra_ps_e_0/U0/PS8_i/PLCLK[0]
                         net (fo=1, routed)           0.129     0.129    PYNQ_Design_i/zynq_ultra_ps_e_0/U0/pl_clk_unbuffered[0]
    BUFG_PS_X0Y58        BUFG_PS (Prop_BUFG_PS_I_O)
                                                      0.018     0.147 r  PYNQ_Design_i/zynq_ultra_ps_e_0/U0/buffer_pl_clk_0.PL_CLK_0_BUFG/O
    X2Y2 (CLOCK_ROOT)    net (fo=13302, routed)       1.273     1.420    PYNQ_Design_i/usp_rf_data_converter_0/inst/s_axi_aclk
    SLICE_X113Y112       FDRE                                         r  PYNQ_Design_i/usp_rf_data_converter_0/inst/IP2Bus_Data_reg[9]/C

Slack:                    inf
  Source:                 PYNQ_Design_i/usp_rf_data_converter_0/inst/PYNQ_Design_usp_rf_data_converter_0_0_rf_wrapper_i/rx3_u_adc/INTERNAL_FBRC_DIV2_MUX
                            (rising edge-triggered cell HSADC clocked by RFADC3_CLK  {rise@0.000ns fall@5.000ns period=10.000ns})
  Destination:            PYNQ_Design_i/usp_rf_data_converter_0/inst/IP2Bus_Data_reg[13]/D
                            (rising edge-triggered cell FDRE clocked by clk_pl_0  {rise@0.000ns fall@5.156ns period=10.312ns})
  Path Group:             (none)
  Path Type:              Hold (Min at Fast Process Corner)
  Data Path Delay:        1.183ns  (logic 0.387ns (32.713%)  route 0.796ns (67.287%))
  Logic Levels:           4  (LUT5=1 LUT6=3)
  Clock Path Skew:        1.411ns (DCD - SCD - CPR)
    Destination Clock Delay (DCD):    1.411ns
    Source Clock Delay      (SCD):    0.000ns
    Clock Pessimism Removal (CPR):    -0.000ns
  Clock Uncertainty:      0.159ns  ((TSJ^2 + DJ^2)^1/2) / 2 + PE
    Total System Jitter     (TSJ):    0.071ns
    Discrete Jitter          (DJ):    0.310ns
    Phase Error              (PE):    0.000ns
  Clock Net Delay (Destination): 1.264ns (routing 0.282ns, distribution 0.982ns)
  Timing Exception:       False Path

    Location             Delay type                Incr(ns)  Path(ns)    Netlist Resource(s)
  -------------------------------------------------------------------    -------------------
                         (clock RFADC3_CLK rise edge)
                                                      0.000     0.000 r  
    HSADC_X0Y3           HSADC                        0.000     0.000 r  PYNQ_Design_i/usp_rf_data_converter_0/inst/PYNQ_Design_usp_rf_data_converter_0_0_rf_wrapper_i/rx3_u_adc/INTERNAL_FBRC_DIV2_MUX
  -------------------------------------------------------------------    -------------------
    HSADC_X0Y3           HSADC (Prop_HSADC_INTERNAL_FBRC_DIV2_MUX_STATUS_COMMON[13])
                                                      0.241     0.241 r  PYNQ_Design_i/usp_rf_data_converter_0/inst/PYNQ_Design_usp_rf_data_converter_0_0_rf_wrapper_i/rx3_u_adc/STATUS_COMMON[13]
                         net (fo=1, routed)           0.571     0.812    PYNQ_Design_i/usp_rf_data_converter_0/inst/i_axi_lite_ipif/I_SLAVE_ATTACHMENT/I_DECODER/adc3_common_stat[13]
    SLICE_X115Y115       LUT5 (Prop_G6LUT_SLICEM_I4_O)
                                                      0.060     0.872 r  PYNQ_Design_i/usp_rf_data_converter_0/inst/i_axi_lite_ipif/I_SLAVE_ATTACHMENT/I_DECODER/IP2Bus_Data[13]_i_32/O
                         net (fo=1, routed)           0.044     0.916    PYNQ_Design_i/usp_rf_data_converter_0/inst/i_axi_lite_ipif/I_SLAVE_ATTACHMENT/I_DECODER/IP2Bus_Data[13]_i_32_n_0
    SLICE_X115Y115       LUT6 (Prop_D6LUT_SLICEM_I0_O)
                                                      0.022     0.938 r  PYNQ_Design_i/usp_rf_data_converter_0/inst/i_axi_lite_ipif/I_SLAVE_ATTACHMENT/I_DECODER/IP2Bus_Data[13]_i_19/O
                         net (fo=1, routed)           0.049     0.987    PYNQ_Design_i/usp_rf_data_converter_0/inst/i_axi_lite_ipif/I_SLAVE_ATTACHMENT/I_DECODER/IP2Bus_Data[13]_i_19_n_0
    SLICE_X116Y115       LUT6 (Prop_C6LUT_SLICEL_I3_O)
                                                      0.050     1.037 r  PYNQ_Design_i/usp_rf_data_converter_0/inst/i_axi_lite_ipif/I_SLAVE_ATTACHMENT/I_DECODER/IP2Bus_Data[13]_i_6/O
                         net (fo=1, routed)           0.106     1.143    PYNQ_Design_i/usp_rf_data_converter_0/inst/i_axi_lite_ipif/I_SLAVE_ATTACHMENT/I_DECODER/IP2Bus_Data[13]_i_6_n_0
    SLICE_X112Y114       LUT6 (Prop_D6LUT_SLICEM_I4_O)
                                                      0.014     1.157 r  PYNQ_Design_i/usp_rf_data_converter_0/inst/i_axi_lite_ipif/I_SLAVE_ATTACHMENT/I_DECODER/IP2Bus_Data[13]_i_1/O
                         net (fo=1, routed)           0.026     1.183    PYNQ_Design_i/usp_rf_data_converter_0/inst/i_axi_lite_ipif_n_71
    SLICE_X112Y114       FDRE                                         r  PYNQ_Design_i/usp_rf_data_converter_0/inst/IP2Bus_Data_reg[13]/D
  -------------------------------------------------------------------    -------------------

                         (clock clk_pl_0 rise edge)
                                                      0.000     0.000 r  
    PS8_X0Y0             PS8                          0.000     0.000 r  PYNQ_Design_i/zynq_ultra_ps_e_0/U0/PS8_i/PLCLK[0]
                         net (fo=1, routed)           0.129     0.129    PYNQ_Design_i/zynq_ultra_ps_e_0/U0/pl_clk_unbuffered[0]
    BUFG_PS_X0Y58        BUFG_PS (Prop_BUFG_PS_I_O)
                                                      0.018     0.147 r  PYNQ_Design_i/zynq_ultra_ps_e_0/U0/buffer_pl_clk_0.PL_CLK_0_BUFG/O
    X2Y2 (CLOCK_ROOT)    net (fo=13302, routed)       1.264     1.411    PYNQ_Design_i/usp_rf_data_converter_0/inst/s_axi_aclk
    SLICE_X112Y114       FDRE                                         r  PYNQ_Design_i/usp_rf_data_converter_0/inst/IP2Bus_Data_reg[13]/C

Slack:                    inf
  Source:                 PYNQ_Design_i/usp_rf_data_converter_0/inst/PYNQ_Design_usp_rf_data_converter_0_0_rf_wrapper_i/rx3_u_adc/INTERNAL_FBRC_DIV2_MUX
                            (rising edge-triggered cell HSADC clocked by RFADC3_CLK  {rise@0.000ns fall@5.000ns period=10.000ns})
  Destination:            PYNQ_Design_i/usp_rf_data_converter_0/inst/IP2Bus_Data_reg[12]/D
                            (rising edge-triggered cell FDRE clocked by clk_pl_0  {rise@0.000ns fall@5.156ns period=10.312ns})
  Path Group:             (none)
  Path Type:              Hold (Min at Fast Process Corner)
  Data Path Delay:        1.273ns  (logic 0.398ns (31.265%)  route 0.875ns (68.735%))
  Logic Levels:           4  (LUT5=2 LUT6=2)
  Clock Path Skew:        1.408ns (DCD - SCD - CPR)
    Destination Clock Delay (DCD):    1.408ns
    Source Clock Delay      (SCD):    0.000ns
    Clock Pessimism Removal (CPR):    -0.000ns
  Clock Uncertainty:      0.159ns  ((TSJ^2 + DJ^2)^1/2) / 2 + PE
    Total System Jitter     (TSJ):    0.071ns
    Discrete Jitter          (DJ):    0.310ns
    Phase Error              (PE):    0.000ns
  Clock Net Delay (Destination): 1.261ns (routing 0.282ns, distribution 0.979ns)
  Timing Exception:       False Path

    Location             Delay type                Incr(ns)  Path(ns)    Netlist Resource(s)
  -------------------------------------------------------------------    -------------------
                         (clock RFADC3_CLK rise edge)
                                                      0.000     0.000 r  
    HSADC_X0Y3           HSADC                        0.000     0.000 r  PYNQ_Design_i/usp_rf_data_converter_0/inst/PYNQ_Design_usp_rf_data_converter_0_0_rf_wrapper_i/rx3_u_adc/INTERNAL_FBRC_DIV2_MUX
  -------------------------------------------------------------------    -------------------
    HSADC_X0Y3           HSADC (Prop_HSADC_INTERNAL_FBRC_DIV2_MUX_STATUS_COMMON[12])
                                                      0.274     0.274 r  PYNQ_Design_i/usp_rf_data_converter_0/inst/PYNQ_Design_usp_rf_data_converter_0_0_rf_wrapper_i/rx3_u_adc/STATUS_COMMON[12]
                         net (fo=1, routed)           0.661     0.935    PYNQ_Design_i/usp_rf_data_converter_0/inst/i_axi_lite_ipif/I_SLAVE_ATTACHMENT/I_DECODER/adc3_common_stat[12]
    SLICE_X114Y112       LUT5 (Prop_G6LUT_SLICEL_I4_O)
                                                      0.014     0.949 f  PYNQ_Design_i/usp_rf_data_converter_0/inst/i_axi_lite_ipif/I_SLAVE_ATTACHMENT/I_DECODER/IP2Bus_Data[12]_i_32/O
                         net (fo=1, routed)           0.051     1.000    PYNQ_Design_i/usp_rf_data_converter_0/inst/i_axi_lite_ipif/I_SLAVE_ATTACHMENT/I_DECODER/IP2Bus_Data[12]_i_32_n_0
    SLICE_X116Y112       LUT6 (Prop_G6LUT_SLICEL_I5_O)
                                                      0.035     1.035 r  PYNQ_Design_i/usp_rf_data_converter_0/inst/i_axi_lite_ipif/I_SLAVE_ATTACHMENT/I_DECODER/IP2Bus_Data[12]_i_16/O
                         net (fo=1, routed)           0.025     1.060    PYNQ_Design_i/usp_rf_data_converter_0/inst/i_axi_lite_ipif/I_SLAVE_ATTACHMENT/I_DECODER/IP2Bus_Data[12]_i_16_n_0
    SLICE_X116Y112       LUT5 (Prop_F6LUT_SLICEL_I2_O)
                                                      0.040     1.100 r  PYNQ_Design_i/usp_rf_data_converter_0/inst/i_axi_lite_ipif/I_SLAVE_ATTACHMENT/I_DECODER/IP2Bus_Data[12]_i_4/O
                         net (fo=1, routed)           0.121     1.221    PYNQ_Design_i/usp_rf_data_converter_0/inst/i_axi_lite_ipif/I_SLAVE_ATTACHMENT/I_DECODER/IP2Bus_Data[12]_i_4_n_0
    SLICE_X111Y112       LUT6 (Prop_C6LUT_SLICEL_I2_O)
                                                      0.035     1.256 r  PYNQ_Design_i/usp_rf_data_converter_0/inst/i_axi_lite_ipif/I_SLAVE_ATTACHMENT/I_DECODER/IP2Bus_Data[12]_i_1/O
                         net (fo=1, routed)           0.017     1.273    PYNQ_Design_i/usp_rf_data_converter_0/inst/i_axi_lite_ipif_n_72
    SLICE_X111Y112       FDRE                                         r  PYNQ_Design_i/usp_rf_data_converter_0/inst/IP2Bus_Data_reg[12]/D
  -------------------------------------------------------------------    -------------------

                         (clock clk_pl_0 rise edge)
                                                      0.000     0.000 r  
    PS8_X0Y0             PS8                          0.000     0.000 r  PYNQ_Design_i/zynq_ultra_ps_e_0/U0/PS8_i/PLCLK[0]
                         net (fo=1, routed)           0.129     0.129    PYNQ_Design_i/zynq_ultra_ps_e_0/U0/pl_clk_unbuffered[0]
    BUFG_PS_X0Y58        BUFG_PS (Prop_BUFG_PS_I_O)
                                                      0.018     0.147 r  PYNQ_Design_i/zynq_ultra_ps_e_0/U0/buffer_pl_clk_0.PL_CLK_0_BUFG/O
    X2Y2 (CLOCK_ROOT)    net (fo=13302, routed)       1.261     1.408    PYNQ_Design_i/usp_rf_data_converter_0/inst/s_axi_aclk
    SLICE_X111Y112       FDRE                                         r  PYNQ_Design_i/usp_rf_data_converter_0/inst/IP2Bus_Data_reg[12]/C

Slack:                    inf
  Source:                 PYNQ_Design_i/usp_rf_data_converter_0/inst/PYNQ_Design_usp_rf_data_converter_0_0_rf_wrapper_i/rx3_u_adc/INTERNAL_FBRC_DIV2_MUX
                            (rising edge-triggered cell HSADC clocked by RFADC3_CLK  {rise@0.000ns fall@5.000ns period=10.000ns})
  Destination:            PYNQ_Design_i/usp_rf_data_converter_0/inst/IP2Bus_Data_reg[15]/D
                            (rising edge-triggered cell FDRE clocked by clk_pl_0  {rise@0.000ns fall@5.156ns period=10.312ns})
  Path Group:             (none)
  Path Type:              Hold (Min at Fast Process Corner)
  Data Path Delay:        1.282ns  (logic 0.382ns (29.797%)  route 0.900ns (70.203%))
  Logic Levels:           4  (LUT5=2 LUT6=2)
  Clock Path Skew:        1.415ns (DCD - SCD - CPR)
    Destination Clock Delay (DCD):    1.415ns
    Source Clock Delay      (SCD):    0.000ns
    Clock Pessimism Removal (CPR):    -0.000ns
  Clock Uncertainty:      0.159ns  ((TSJ^2 + DJ^2)^1/2) / 2 + PE
    Total System Jitter     (TSJ):    0.071ns
    Discrete Jitter          (DJ):    0.310ns
    Phase Error              (PE):    0.000ns
  Clock Net Delay (Destination): 1.268ns (routing 0.282ns, distribution 0.986ns)
  Timing Exception:       False Path

    Location             Delay type                Incr(ns)  Path(ns)    Netlist Resource(s)
  -------------------------------------------------------------------    -------------------
                         (clock RFADC3_CLK rise edge)
                                                      0.000     0.000 r  
    HSADC_X0Y3           HSADC                        0.000     0.000 r  PYNQ_Design_i/usp_rf_data_converter_0/inst/PYNQ_Design_usp_rf_data_converter_0_0_rf_wrapper_i/rx3_u_adc/INTERNAL_FBRC_DIV2_MUX
  -------------------------------------------------------------------    -------------------
    HSADC_X0Y3           HSADC (Prop_HSADC_INTERNAL_FBRC_DIV2_MUX_STATUS_COMMON[15])
                                                      0.250     0.250 r  PYNQ_Design_i/usp_rf_data_converter_0/inst/PYNQ_Design_usp_rf_data_converter_0_0_rf_wrapper_i/rx3_u_adc/STATUS_COMMON[15]
                         net (fo=1, routed)           0.650     0.900    PYNQ_Design_i/usp_rf_data_converter_0/inst/i_axi_lite_ipif/I_SLAVE_ATTACHMENT/I_DECODER/adc3_common_stat[15]
    SLICE_X117Y112       LUT5 (Prop_B6LUT_SLICEL_I4_O)
                                                      0.060     0.960 r  PYNQ_Design_i/usp_rf_data_converter_0/inst/i_axi_lite_ipif/I_SLAVE_ATTACHMENT/I_DECODER/IP2Bus_Data[15]_i_47/O
                         net (fo=1, routed)           0.111     1.071    PYNQ_Design_i/usp_rf_data_converter_0/inst/i_axi_lite_ipif/I_SLAVE_ATTACHMENT/I_DECODER/IP2Bus_Data[15]_i_47_n_0
    SLICE_X116Y111       LUT5 (Prop_B6LUT_SLICEL_I2_O)
                                                      0.036     1.107 r  PYNQ_Design_i/usp_rf_data_converter_0/inst/i_axi_lite_ipif/I_SLAVE_ATTACHMENT/I_DECODER/IP2Bus_Data[15]_i_20/O
                         net (fo=1, routed)           0.072     1.179    PYNQ_Design_i/usp_rf_data_converter_0/inst/i_axi_lite_ipif/I_SLAVE_ATTACHMENT/I_DECODER/IP2Bus_Data[15]_i_20_n_0
    SLICE_X113Y111       LUT6 (Prop_F6LUT_SLICEM_I0_O)
                                                      0.014     1.193 f  PYNQ_Design_i/usp_rf_data_converter_0/inst/i_axi_lite_ipif/I_SLAVE_ATTACHMENT/I_DECODER/IP2Bus_Data[15]_i_5/O
                         net (fo=1, routed)           0.041     1.234    PYNQ_Design_i/usp_rf_data_converter_0/inst/i_axi_lite_ipif/I_SLAVE_ATTACHMENT/I_DECODER/IP2Bus_Data[15]_i_5_n_0
    SLICE_X113Y111       LUT6 (Prop_D6LUT_SLICEM_I3_O)
                                                      0.022     1.256 r  PYNQ_Design_i/usp_rf_data_converter_0/inst/i_axi_lite_ipif/I_SLAVE_ATTACHMENT/I_DECODER/IP2Bus_Data[15]_i_1/O
                         net (fo=1, routed)           0.026     1.282    PYNQ_Design_i/usp_rf_data_converter_0/inst/i_axi_lite_ipif_n_69
    SLICE_X113Y111       FDRE                                         r  PYNQ_Design_i/usp_rf_data_converter_0/inst/IP2Bus_Data_reg[15]/D
  -------------------------------------------------------------------    -------------------

                         (clock clk_pl_0 rise edge)
                                                      0.000     0.000 r  
    PS8_X0Y0             PS8                          0.000     0.000 r  PYNQ_Design_i/zynq_ultra_ps_e_0/U0/PS8_i/PLCLK[0]
                         net (fo=1, routed)           0.129     0.129    PYNQ_Design_i/zynq_ultra_ps_e_0/U0/pl_clk_unbuffered[0]
    BUFG_PS_X0Y58        BUFG_PS (Prop_BUFG_PS_I_O)
                                                      0.018     0.147 r  PYNQ_Design_i/zynq_ultra_ps_e_0/U0/buffer_pl_clk_0.PL_CLK_0_BUFG/O
    X2Y2 (CLOCK_ROOT)    net (fo=13302, routed)       1.268     1.415    PYNQ_Design_i/usp_rf_data_converter_0/inst/s_axi_aclk
    SLICE_X113Y111       FDRE                                         r  PYNQ_Design_i/usp_rf_data_converter_0/inst/IP2Bus_Data_reg[15]/C

Slack:                    inf
  Source:                 PYNQ_Design_i/usp_rf_data_converter_0/inst/PYNQ_Design_usp_rf_data_converter_0_0_rf_wrapper_i/rx3_u_adc/INTERNAL_FBRC_DIV2_MUX
                            (rising edge-triggered cell HSADC clocked by RFADC3_CLK  {rise@0.000ns fall@5.000ns period=10.000ns})
  Destination:            PYNQ_Design_i/usp_rf_data_converter_0/inst/IP2Bus_Data_reg[10]/D
                            (rising edge-triggered cell FDRE clocked by clk_pl_0  {rise@0.000ns fall@5.156ns period=10.312ns})
  Path Group:             (none)
  Path Type:              Hold (Min at Fast Process Corner)
  Data Path Delay:        1.300ns  (logic 0.402ns (30.923%)  route 0.898ns (69.077%))
  Logic Levels:           5  (LUT4=1 LUT5=1 LUT6=3)
  Clock Path Skew:        1.418ns (DCD - SCD - CPR)
    Destination Clock Delay (DCD):    1.418ns
    Source Clock Delay      (SCD):    0.000ns
    Clock Pessimism Removal (CPR):    -0.000ns
  Clock Uncertainty:      0.159ns  ((TSJ^2 + DJ^2)^1/2) / 2 + PE
    Total System Jitter     (TSJ):    0.071ns
    Discrete Jitter          (DJ):    0.310ns
    Phase Error              (PE):    0.000ns
  Clock Net Delay (Destination): 1.271ns (routing 0.282ns, distribution 0.989ns)
  Timing Exception:       False Path

    Location             Delay type                Incr(ns)  Path(ns)    Netlist Resource(s)
  -------------------------------------------------------------------    -------------------
                         (clock RFADC3_CLK rise edge)
                                                      0.000     0.000 r  
    HSADC_X0Y3           HSADC                        0.000     0.000 r  PYNQ_Design_i/usp_rf_data_converter_0/inst/PYNQ_Design_usp_rf_data_converter_0_0_rf_wrapper_i/rx3_u_adc/INTERNAL_FBRC_DIV2_MUX
  -------------------------------------------------------------------    -------------------
    HSADC_X0Y3           HSADC (Prop_HSADC_INTERNAL_FBRC_DIV2_MUX_STATUS_COMMON[10])
                                                      0.227     0.227 r  PYNQ_Design_i/usp_rf_data_converter_0/inst/PYNQ_Design_usp_rf_data_converter_0_0_rf_wrapper_i/rx3_u_adc/STATUS_COMMON[10]
                         net (fo=1, routed)           0.498     0.725    PYNQ_Design_i/usp_rf_data_converter_0/inst/i_axi_lite_ipif/I_SLAVE_ATTACHMENT/I_DECODER/adc3_common_stat[10]
    SLICE_X117Y115       LUT4 (Prop_D6LUT_SLICEL_I0_O)
                                                      0.014     0.739 f  PYNQ_Design_i/usp_rf_data_converter_0/inst/i_axi_lite_ipif/I_SLAVE_ATTACHMENT/I_DECODER/IP2Bus_Data[10]_i_32/O
                         net (fo=1, routed)           0.068     0.807    PYNQ_Design_i/usp_rf_data_converter_0/inst/i_axi_lite_ipif/I_SLAVE_ATTACHMENT/I_DECODER/IP2Bus_Data[10]_i_32_n_0
    SLICE_X116Y115       LUT5 (Prop_G6LUT_SLICEL_I3_O)
                                                      0.035     0.842 f  PYNQ_Design_i/usp_rf_data_converter_0/inst/i_axi_lite_ipif/I_SLAVE_ATTACHMENT/I_DECODER/IP2Bus_Data[10]_i_22/O
                         net (fo=1, routed)           0.024     0.866    PYNQ_Design_i/usp_rf_data_converter_0/inst/i_axi_lite_ipif/I_SLAVE_ATTACHMENT/I_DECODER/IP2Bus_Data[10]_i_22_n_0
    SLICE_X116Y115       LUT6 (Prop_H6LUT_SLICEL_I2_O)
                                                      0.041     0.907 f  PYNQ_Design_i/usp_rf_data_converter_0/inst/i_axi_lite_ipif/I_SLAVE_ATTACHMENT/I_DECODER/IP2Bus_Data[10]_i_12/O
                         net (fo=1, routed)           0.152     1.059    PYNQ_Design_i/usp_rf_data_converter_0/inst/i_axi_lite_ipif/I_SLAVE_ATTACHMENT/I_DECODER/IP2Bus_Data[10]_i_12_n_0
    SLICE_X112Y107       LUT6 (Prop_F6LUT_SLICEM_I2_O)
                                                      0.035     1.094 f  PYNQ_Design_i/usp_rf_data_converter_0/inst/i_axi_lite_ipif/I_SLAVE_ATTACHMENT/I_DECODER/IP2Bus_Data[10]_i_5/O
                         net (fo=1, routed)           0.139     1.233    PYNQ_Design_i/usp_rf_data_converter_0/inst/i_axi_lite_ipif/I_SLAVE_ATTACHMENT/I_DECODER/IP2Bus_Data[10]_i_5_n_0
    SLICE_X111Y116       LUT6 (Prop_H6LUT_SLICEL_I4_O)
                                                      0.050     1.283 r  PYNQ_Design_i/usp_rf_data_converter_0/inst/i_axi_lite_ipif/I_SLAVE_ATTACHMENT/I_DECODER/IP2Bus_Data[10]_i_1/O
                         net (fo=1, routed)           0.017     1.300    PYNQ_Design_i/usp_rf_data_converter_0/inst/i_axi_lite_ipif_n_74
    SLICE_X111Y116       FDRE                                         r  PYNQ_Design_i/usp_rf_data_converter_0/inst/IP2Bus_Data_reg[10]/D
  -------------------------------------------------------------------    -------------------

                         (clock clk_pl_0 rise edge)
                                                      0.000     0.000 r  
    PS8_X0Y0             PS8                          0.000     0.000 r  PYNQ_Design_i/zynq_ultra_ps_e_0/U0/PS8_i/PLCLK[0]
                         net (fo=1, routed)           0.129     0.129    PYNQ_Design_i/zynq_ultra_ps_e_0/U0/pl_clk_unbuffered[0]
    BUFG_PS_X0Y58        BUFG_PS (Prop_BUFG_PS_I_O)
                                                      0.018     0.147 r  PYNQ_Design_i/zynq_ultra_ps_e_0/U0/buffer_pl_clk_0.PL_CLK_0_BUFG/O
    X2Y2 (CLOCK_ROOT)    net (fo=13302, routed)       1.271     1.418    PYNQ_Design_i/usp_rf_data_converter_0/inst/s_axi_aclk
    SLICE_X111Y116       FDRE                                         r  PYNQ_Design_i/usp_rf_data_converter_0/inst/IP2Bus_Data_reg[10]/C

Slack:                    inf
  Source:                 PYNQ_Design_i/usp_rf_data_converter_0/inst/PYNQ_Design_usp_rf_data_converter_0_0_rf_wrapper_i/rx3_u_adc/INTERNAL_FBRC_DIV2_MUX
                            (rising edge-triggered cell HSADC clocked by RFADC3_CLK  {rise@0.000ns fall@5.000ns period=10.000ns})
  Destination:            PYNQ_Design_i/usp_rf_data_converter_0/inst/IP2Bus_Data_reg[8]/D
                            (rising edge-triggered cell FDRE clocked by clk_pl_0  {rise@0.000ns fall@5.156ns period=10.312ns})
  Path Group:             (none)
  Path Type:              Hold (Min at Fast Process Corner)
  Data Path Delay:        1.358ns  (logic 0.359ns (26.436%)  route 0.999ns (73.564%))
  Logic Levels:           5  (LUT4=1 LUT5=1 LUT6=3)
  Clock Path Skew:        1.419ns (DCD - SCD - CPR)
    Destination Clock Delay (DCD):    1.419ns
    Source Clock Delay      (SCD):    0.000ns
    Clock Pessimism Removal (CPR):    -0.000ns
  Clock Uncertainty:      0.159ns  ((TSJ^2 + DJ^2)^1/2) / 2 + PE
    Total System Jitter     (TSJ):    0.071ns
    Discrete Jitter          (DJ):    0.310ns
    Phase Error              (PE):    0.000ns
  Clock Net Delay (Destination): 1.272ns (routing 0.282ns, distribution 0.990ns)
  Timing Exception:       False Path

    Location             Delay type                Incr(ns)  Path(ns)    Netlist Resource(s)
  -------------------------------------------------------------------    -------------------
                         (clock RFADC3_CLK rise edge)
                                                      0.000     0.000 r  
    HSADC_X0Y3           HSADC                        0.000     0.000 r  PYNQ_Design_i/usp_rf_data_converter_0/inst/PYNQ_Design_usp_rf_data_converter_0_0_rf_wrapper_i/rx3_u_adc/INTERNAL_FBRC_DIV2_MUX
  -------------------------------------------------------------------    -------------------
    HSADC_X0Y3           HSADC (Prop_HSADC_INTERNAL_FBRC_DIV2_MUX_STATUS_COMMON[8])
                                                      0.237     0.237 r  PYNQ_Design_i/usp_rf_data_converter_0/inst/PYNQ_Design_usp_rf_data_converter_0_0_rf_wrapper_i/rx3_u_adc/STATUS_COMMON[8]
                         net (fo=1, routed)           0.591     0.828    PYNQ_Design_i/usp_rf_data_converter_0/inst/i_axi_lite_ipif/I_SLAVE_ATTACHMENT/I_DECODER/adc3_common_stat[8]
    SLICE_X114Y113       LUT4 (Prop_E6LUT_SLICEL_I0_O)
                                                      0.050     0.878 f  PYNQ_Design_i/usp_rf_data_converter_0/inst/i_axi_lite_ipif/I_SLAVE_ATTACHMENT/I_DECODER/IP2Bus_Data[8]_i_31/O
                         net (fo=1, routed)           0.048     0.926    PYNQ_Design_i/usp_rf_data_converter_0/inst/i_axi_lite_ipif/I_SLAVE_ATTACHMENT/I_DECODER/IP2Bus_Data[8]_i_31_n_0
    SLICE_X115Y113       LUT5 (Prop_F6LUT_SLICEM_I0_O)
                                                      0.014     0.940 f  PYNQ_Design_i/usp_rf_data_converter_0/inst/i_axi_lite_ipif/I_SLAVE_ATTACHMENT/I_DECODER/IP2Bus_Data[8]_i_21/O
                         net (fo=1, routed)           0.042     0.982    PYNQ_Design_i/usp_rf_data_converter_0/inst/i_axi_lite_ipif/I_SLAVE_ATTACHMENT/I_DECODER/IP2Bus_Data[8]_i_21_n_0
    SLICE_X116Y113       LUT6 (Prop_F6LUT_SLICEL_I2_O)
                                                      0.022     1.004 f  PYNQ_Design_i/usp_rf_data_converter_0/inst/i_axi_lite_ipif/I_SLAVE_ATTACHMENT/I_DECODER/IP2Bus_Data[8]_i_7/O
                         net (fo=1, routed)           0.181     1.185    PYNQ_Design_i/usp_rf_data_converter_0/inst/i_axi_lite_ipif/I_SLAVE_ATTACHMENT/I_DECODER/IP2Bus_Data[8]_i_7_n_0
    SLICE_X110Y107       LUT6 (Prop_C6LUT_SLICEM_I2_O)
                                                      0.022     1.207 f  PYNQ_Design_i/usp_rf_data_converter_0/inst/i_axi_lite_ipif/I_SLAVE_ATTACHMENT/I_DECODER/IP2Bus_Data[8]_i_2/O
                         net (fo=1, routed)           0.113     1.320    PYNQ_Design_i/usp_rf_data_converter_0/inst/i_axi_lite_ipif/I_SLAVE_ATTACHMENT/I_DECODER/IP2Bus_Data[8]_i_2_n_0
    SLICE_X110Y116       LUT6 (Prop_C6LUT_SLICEM_I0_O)
                                                      0.014     1.334 r  PYNQ_Design_i/usp_rf_data_converter_0/inst/i_axi_lite_ipif/I_SLAVE_ATTACHMENT/I_DECODER/IP2Bus_Data[8]_i_1/O
                         net (fo=1, routed)           0.024     1.358    PYNQ_Design_i/usp_rf_data_converter_0/inst/i_axi_lite_ipif_n_76
    SLICE_X110Y116       FDRE                                         r  PYNQ_Design_i/usp_rf_data_converter_0/inst/IP2Bus_Data_reg[8]/D
  -------------------------------------------------------------------    -------------------

                         (clock clk_pl_0 rise edge)
                                                      0.000     0.000 r  
    PS8_X0Y0             PS8                          0.000     0.000 r  PYNQ_Design_i/zynq_ultra_ps_e_0/U0/PS8_i/PLCLK[0]
                         net (fo=1, routed)           0.129     0.129    PYNQ_Design_i/zynq_ultra_ps_e_0/U0/pl_clk_unbuffered[0]
    BUFG_PS_X0Y58        BUFG_PS (Prop_BUFG_PS_I_O)
                                                      0.018     0.147 r  PYNQ_Design_i/zynq_ultra_ps_e_0/U0/buffer_pl_clk_0.PL_CLK_0_BUFG/O
    X2Y2 (CLOCK_ROOT)    net (fo=13302, routed)       1.272     1.419    PYNQ_Design_i/usp_rf_data_converter_0/inst/s_axi_aclk
    SLICE_X110Y116       FDRE                                         r  PYNQ_Design_i/usp_rf_data_converter_0/inst/IP2Bus_Data_reg[8]/C

Slack:                    inf
  Source:                 PYNQ_Design_i/usp_rf_data_converter_0/inst/PYNQ_Design_usp_rf_data_converter_0_0_rf_wrapper_i/rx3_u_adc/INTERNAL_FBRC_DIV2_MUX
                            (rising edge-triggered cell HSADC clocked by RFADC3_CLK  {rise@0.000ns fall@5.000ns period=10.000ns})
  Destination:            PYNQ_Design_i/usp_rf_data_converter_0/inst/IP2Bus_Data_reg[11]/D
                            (rising edge-triggered cell FDRE clocked by clk_pl_0  {rise@0.000ns fall@5.156ns period=10.312ns})
  Path Group:             (none)
  Path Type:              Hold (Min at Fast Process Corner)
  Data Path Delay:        1.451ns  (logic 0.435ns (29.979%)  route 1.016ns (70.021%))
  Logic Levels:           5  (LUT4=1 LUT5=1 LUT6=3)
  Clock Path Skew:        1.419ns (DCD - SCD - CPR)
    Destination Clock Delay (DCD):    1.419ns
    Source Clock Delay      (SCD):    0.000ns
    Clock Pessimism Removal (CPR):    -0.000ns
  Clock Uncertainty:      0.159ns  ((TSJ^2 + DJ^2)^1/2) / 2 + PE
    Total System Jitter     (TSJ):    0.071ns
    Discrete Jitter          (DJ):    0.310ns
    Phase Error              (PE):    0.000ns
  Clock Net Delay (Destination): 1.272ns (routing 0.282ns, distribution 0.990ns)
  Timing Exception:       False Path

    Location             Delay type                Incr(ns)  Path(ns)    Netlist Resource(s)
  -------------------------------------------------------------------    -------------------
                         (clock RFADC3_CLK rise edge)
                                                      0.000     0.000 r  
    HSADC_X0Y3           HSADC                        0.000     0.000 r  PYNQ_Design_i/usp_rf_data_converter_0/inst/PYNQ_Design_usp_rf_data_converter_0_0_rf_wrapper_i/rx3_u_adc/INTERNAL_FBRC_DIV2_MUX
  -------------------------------------------------------------------    -------------------
    HSADC_X0Y3           HSADC (Prop_HSADC_INTERNAL_FBRC_DIV2_MUX_STATUS_COMMON[11])
                                                      0.265     0.265 r  PYNQ_Design_i/usp_rf_data_converter_0/inst/PYNQ_Design_usp_rf_data_converter_0_0_rf_wrapper_i/rx3_u_adc/STATUS_COMMON[11]
                         net (fo=1, routed)           0.568     0.833    PYNQ_Design_i/usp_rf_data_converter_0/inst/i_axi_lite_ipif/I_SLAVE_ATTACHMENT/I_DECODER/adc3_common_stat[11]
    SLICE_X116Y115       LUT4 (Prop_F6LUT_SLICEL_I0_O)
                                                      0.050     0.883 f  PYNQ_Design_i/usp_rf_data_converter_0/inst/i_axi_lite_ipif/I_SLAVE_ATTACHMENT/I_DECODER/IP2Bus_Data[11]_i_39/O
                         net (fo=1, routed)           0.045     0.928    PYNQ_Design_i/usp_rf_data_converter_0/inst/i_axi_lite_ipif/I_SLAVE_ATTACHMENT/I_DECODER/IP2Bus_Data[11]_i_39_n_0
    SLICE_X116Y114       LUT5 (Prop_H6LUT_SLICEL_I3_O)
                                                      0.015     0.943 f  PYNQ_Design_i/usp_rf_data_converter_0/inst/i_axi_lite_ipif/I_SLAVE_ATTACHMENT/I_DECODER/IP2Bus_Data[11]_i_25/O
                         net (fo=1, routed)           0.075     1.018    PYNQ_Design_i/usp_rf_data_converter_0/inst/i_axi_lite_ipif/I_SLAVE_ATTACHMENT/I_DECODER/IP2Bus_Data[11]_i_25_n_0
    SLICE_X116Y115       LUT6 (Prop_D6LUT_SLICEL_I2_O)
                                                      0.041     1.059 f  PYNQ_Design_i/usp_rf_data_converter_0/inst/i_axi_lite_ipif/I_SLAVE_ATTACHMENT/I_DECODER/IP2Bus_Data[11]_i_7/O
                         net (fo=1, routed)           0.177     1.236    PYNQ_Design_i/usp_rf_data_converter_0/inst/i_axi_lite_ipif/I_SLAVE_ATTACHMENT/I_DECODER/IP2Bus_Data[11]_i_7_n_0
    SLICE_X111Y108       LUT6 (Prop_H6LUT_SLICEL_I2_O)
                                                      0.050     1.286 f  PYNQ_Design_i/usp_rf_data_converter_0/inst/i_axi_lite_ipif/I_SLAVE_ATTACHMENT/I_DECODER/IP2Bus_Data[11]_i_2/O
                         net (fo=1, routed)           0.125     1.411    PYNQ_Design_i/usp_rf_data_converter_0/inst/i_axi_lite_ipif/I_SLAVE_ATTACHMENT/I_DECODER/IP2Bus_Data[11]_i_2_n_0
    SLICE_X110Y116       LUT6 (Prop_D6LUT_SLICEM_I0_O)
                                                      0.014     1.425 r  PYNQ_Design_i/usp_rf_data_converter_0/inst/i_axi_lite_ipif/I_SLAVE_ATTACHMENT/I_DECODER/IP2Bus_Data[11]_i_1/O
                         net (fo=1, routed)           0.026     1.451    PYNQ_Design_i/usp_rf_data_converter_0/inst/i_axi_lite_ipif_n_73
    SLICE_X110Y116       FDRE                                         r  PYNQ_Design_i/usp_rf_data_converter_0/inst/IP2Bus_Data_reg[11]/D
  -------------------------------------------------------------------    -------------------

                         (clock clk_pl_0 rise edge)
                                                      0.000     0.000 r  
    PS8_X0Y0             PS8                          0.000     0.000 r  PYNQ_Design_i/zynq_ultra_ps_e_0/U0/PS8_i/PLCLK[0]
                         net (fo=1, routed)           0.129     0.129    PYNQ_Design_i/zynq_ultra_ps_e_0/U0/pl_clk_unbuffered[0]
    BUFG_PS_X0Y58        BUFG_PS (Prop_BUFG_PS_I_O)
                                                      0.018     0.147 r  PYNQ_Design_i/zynq_ultra_ps_e_0/U0/buffer_pl_clk_0.PL_CLK_0_BUFG/O
    X2Y2 (CLOCK_ROOT)    net (fo=13302, routed)       1.272     1.419    PYNQ_Design_i/usp_rf_data_converter_0/inst/s_axi_aclk
    SLICE_X110Y116       FDRE                                         r  PYNQ_Design_i/usp_rf_data_converter_0/inst/IP2Bus_Data_reg[11]/C

Slack:                    inf
  Source:                 PYNQ_Design_i/usp_rf_data_converter_0/inst/PYNQ_Design_usp_rf_data_converter_0_0_rf_wrapper_i/rx3_u_adc/INTERNAL_FBRC_DIV2_MUX
                            (rising edge-triggered cell HSADC clocked by RFADC3_CLK  {rise@0.000ns fall@5.000ns period=10.000ns})
  Destination:            PYNQ_Design_i/usp_rf_data_converter_0/inst/IP2Bus_Data_reg[14]/D
                            (rising edge-triggered cell FDRE clocked by clk_pl_0  {rise@0.000ns fall@5.156ns period=10.312ns})
  Path Group:             (none)
  Path Type:              Hold (Min at Fast Process Corner)
  Data Path Delay:        1.459ns  (logic 0.377ns (25.840%)  route 1.082ns (74.160%))
  Logic Levels:           4  (LUT5=2 LUT6=2)
  Clock Path Skew:        1.408ns (DCD - SCD - CPR)
    Destination Clock Delay (DCD):    1.408ns
    Source Clock Delay      (SCD):    0.000ns
    Clock Pessimism Removal (CPR):    -0.000ns
  Clock Uncertainty:      0.159ns  ((TSJ^2 + DJ^2)^1/2) / 2 + PE
    Total System Jitter     (TSJ):    0.071ns
    Discrete Jitter          (DJ):    0.310ns
    Phase Error              (PE):    0.000ns
  Clock Net Delay (Destination): 1.261ns (routing 0.282ns, distribution 0.979ns)
  Timing Exception:       False Path

    Location             Delay type                Incr(ns)  Path(ns)    Netlist Resource(s)
  -------------------------------------------------------------------    -------------------
                         (clock RFADC3_CLK rise edge)
                                                      0.000     0.000 r  
    HSADC_X0Y3           HSADC                        0.000     0.000 r  PYNQ_Design_i/usp_rf_data_converter_0/inst/PYNQ_Design_usp_rf_data_converter_0_0_rf_wrapper_i/rx3_u_adc/INTERNAL_FBRC_DIV2_MUX
  -------------------------------------------------------------------    -------------------
    HSADC_X0Y3           HSADC (Prop_HSADC_INTERNAL_FBRC_DIV2_MUX_STATUS_COMMON[14])
                                                      0.285     0.285 r  PYNQ_Design_i/usp_rf_data_converter_0/inst/PYNQ_Design_usp_rf_data_converter_0_0_rf_wrapper_i/rx3_u_adc/STATUS_COMMON[14]
                         net (fo=1, routed)           0.564     0.849    PYNQ_Design_i/usp_rf_data_converter_0/inst/i_axi_lite_ipif/I_SLAVE_ATTACHMENT/I_DECODER/adc3_common_stat[14]
    SLICE_X117Y112       LUT5 (Prop_F6LUT_SLICEL_I4_O)
                                                      0.014     0.863 r  PYNQ_Design_i/usp_rf_data_converter_0/inst/i_axi_lite_ipif/I_SLAVE_ATTACHMENT/I_DECODER/IP2Bus_Data[14]_i_37/O
                         net (fo=1, routed)           0.205     1.068    PYNQ_Design_i/usp_rf_data_converter_0/inst/i_axi_lite_ipif/I_SLAVE_ATTACHMENT/I_DECODER/IP2Bus_Data[14]_i_37_n_0
    SLICE_X115Y111       LUT5 (Prop_B6LUT_SLICEM_I1_O)
                                                      0.022     1.090 r  PYNQ_Design_i/usp_rf_data_converter_0/inst/i_axi_lite_ipif/I_SLAVE_ATTACHMENT/I_DECODER/IP2Bus_Data[14]_i_18/O
                         net (fo=1, routed)           0.101     1.191    PYNQ_Design_i/usp_rf_data_converter_0/inst/i_axi_lite_ipif/I_SLAVE_ATTACHMENT/I_DECODER/IP2Bus_Data[14]_i_18_n_0
    SLICE_X115Y107       LUT6 (Prop_H6LUT_SLICEM_I0_O)
                                                      0.041     1.232 r  PYNQ_Design_i/usp_rf_data_converter_0/inst/i_axi_lite_ipif/I_SLAVE_ATTACHMENT/I_DECODER/IP2Bus_Data[14]_i_6/O
                         net (fo=1, routed)           0.197     1.429    PYNQ_Design_i/usp_rf_data_converter_0/inst/i_axi_lite_ipif/I_SLAVE_ATTACHMENT/I_DECODER/IP2Bus_Data[14]_i_6_n_0
    SLICE_X111Y112       LUT6 (Prop_B6LUT_SLICEL_I4_O)
                                                      0.015     1.444 r  PYNQ_Design_i/usp_rf_data_converter_0/inst/i_axi_lite_ipif/I_SLAVE_ATTACHMENT/I_DECODER/IP2Bus_Data[14]_i_1/O
                         net (fo=1, routed)           0.015     1.459    PYNQ_Design_i/usp_rf_data_converter_0/inst/i_axi_lite_ipif_n_70
    SLICE_X111Y112       FDRE                                         r  PYNQ_Design_i/usp_rf_data_converter_0/inst/IP2Bus_Data_reg[14]/D
  -------------------------------------------------------------------    -------------------

                         (clock clk_pl_0 rise edge)
                                                      0.000     0.000 r  
    PS8_X0Y0             PS8                          0.000     0.000 r  PYNQ_Design_i/zynq_ultra_ps_e_0/U0/PS8_i/PLCLK[0]
                         net (fo=1, routed)           0.129     0.129    PYNQ_Design_i/zynq_ultra_ps_e_0/U0/pl_clk_unbuffered[0]
    BUFG_PS_X0Y58        BUFG_PS (Prop_BUFG_PS_I_O)
                                                      0.018     0.147 r  PYNQ_Design_i/zynq_ultra_ps_e_0/U0/buffer_pl_clk_0.PL_CLK_0_BUFG/O
    X2Y2 (CLOCK_ROOT)    net (fo=13302, routed)       1.261     1.408    PYNQ_Design_i/usp_rf_data_converter_0/inst/s_axi_aclk
    SLICE_X111Y112       FDRE                                         r  PYNQ_Design_i/usp_rf_data_converter_0/inst/IP2Bus_Data_reg[14]/C





--------------------------------------------------------------------------------------
Path Group:  (none)
From Clock:  RFDAC0_CLK
  To Clock:  clk_pl_0

Max Delay             8 Endpoints
Min Delay             8 Endpoints
--------------------------------------------------------------------------------------


Max Delay Paths
--------------------------------------------------------------------------------------
Slack:                    inf
  Source:                 PYNQ_Design_i/usp_rf_data_converter_0/inst/PYNQ_Design_usp_rf_data_converter_0_0_rf_wrapper_i/tx0_u_dac/INTERNAL_FBRC_MUX
                            (rising edge-triggered cell HSDAC clocked by RFDAC0_CLK  {rise@0.000ns fall@10.000ns period=20.000ns})
  Destination:            PYNQ_Design_i/usp_rf_data_converter_0/inst/IP2Bus_Data_reg[14]/D
                            (rising edge-triggered cell FDRE clocked by clk_pl_0  {rise@0.000ns fall@5.156ns period=10.312ns})
  Path Group:             (none)
  Path Type:              Setup (Max at Slow Process Corner)
  Data Path Delay:        3.752ns  (logic 1.400ns (37.313%)  route 2.352ns (62.687%))
  Logic Levels:           5  (LUT4=1 LUT6=4)
  Clock Path Skew:        1.999ns (DCD - SCD + CPR)
    Destination Clock Delay (DCD):    1.999ns
    Source Clock Delay      (SCD):    0.000ns
    Clock Pessimism Removal (CPR):    0.000ns
  Clock Uncertainty:      0.159ns  ((TSJ^2 + DJ^2)^1/2) / 2 + PE
    Total System Jitter     (TSJ):    0.071ns
    Discrete Jitter          (DJ):    0.310ns
    Phase Error              (PE):    0.000ns
  Clock Net Delay (Destination): 1.817ns (routing 0.423ns, distribution 1.394ns)
  Timing Exception:       False Path

    Location             Delay type                Incr(ns)  Path(ns)    Netlist Resource(s)
  -------------------------------------------------------------------    -------------------
                         (clock RFDAC0_CLK rise edge)
                                                      0.000     0.000 r  
    HSDAC_X0Y0           HSDAC                        0.000     0.000 r  PYNQ_Design_i/usp_rf_data_converter_0/inst/PYNQ_Design_usp_rf_data_converter_0_0_rf_wrapper_i/tx0_u_dac/INTERNAL_FBRC_MUX
  -------------------------------------------------------------------    -------------------
    HSDAC_X0Y0           HSDAC (Prop_HSDAC_INTERNAL_FBRC_MUX_STATUS_COMMON[14])
                                                      0.779     0.779 r  PYNQ_Design_i/usp_rf_data_converter_0/inst/PYNQ_Design_usp_rf_data_converter_0_0_rf_wrapper_i/tx0_u_dac/STATUS_COMMON[14]
                         net (fo=1, routed)           1.628     2.407    PYNQ_Design_i/usp_rf_data_converter_0/inst/i_axi_lite_ipif/I_SLAVE_ATTACHMENT/I_DECODER/dac0_common_stat[14]
    SLICE_X111Y111       LUT4 (Prop_E6LUT_SLICEL_I0_O)
                                                      0.147     2.554 f  PYNQ_Design_i/usp_rf_data_converter_0/inst/i_axi_lite_ipif/I_SLAVE_ATTACHMENT/I_DECODER/IP2Bus_Data[14]_i_56/O
                         net (fo=1, routed)           0.109     2.663    PYNQ_Design_i/usp_rf_data_converter_0/inst/i_axi_lite_ipif/I_SLAVE_ATTACHMENT/I_DECODER/IP2Bus_Data[14]_i_56_n_0
    SLICE_X111Y111       LUT6 (Prop_H6LUT_SLICEL_I0_O)
                                                      0.150     2.813 r  PYNQ_Design_i/usp_rf_data_converter_0/inst/i_axi_lite_ipif/I_SLAVE_ATTACHMENT/I_DECODER/IP2Bus_Data[14]_i_27/O
                         net (fo=1, routed)           0.178     2.991    PYNQ_Design_i/usp_rf_data_converter_0/inst/i_axi_lite_ipif/I_SLAVE_ATTACHMENT/I_DECODER/IP2Bus_Data[14]_i_27_n_0
    SLICE_X111Y112       LUT6 (Prop_G6LUT_SLICEL_I1_O)
                                                      0.123     3.114 r  PYNQ_Design_i/usp_rf_data_converter_0/inst/i_axi_lite_ipif/I_SLAVE_ATTACHMENT/I_DECODER/IP2Bus_Data[14]_i_8/O
                         net (fo=1, routed)           0.213     3.327    PYNQ_Design_i/usp_rf_data_converter_0/inst/i_axi_lite_ipif/I_SLAVE_ATTACHMENT/I_DECODER/IP2Bus_Data[14]_i_8_n_0
    SLICE_X112Y116       LUT6 (Prop_H6LUT_SLICEM_I0_O)
                                                      0.053     3.380 r  PYNQ_Design_i/usp_rf_data_converter_0/inst/i_axi_lite_ipif/I_SLAVE_ATTACHMENT/I_DECODER/IP2Bus_Data[14]_i_2/O
                         net (fo=1, routed)           0.175     3.555    PYNQ_Design_i/usp_rf_data_converter_0/inst/i_axi_lite_ipif/I_SLAVE_ATTACHMENT/I_DECODER/IP2Bus_Data[14]_i_2_n_0
    SLICE_X111Y112       LUT6 (Prop_B6LUT_SLICEL_I0_O)
                                                      0.148     3.703 r  PYNQ_Design_i/usp_rf_data_converter_0/inst/i_axi_lite_ipif/I_SLAVE_ATTACHMENT/I_DECODER/IP2Bus_Data[14]_i_1/O
                         net (fo=1, routed)           0.049     3.752    PYNQ_Design_i/usp_rf_data_converter_0/inst/i_axi_lite_ipif_n_70
    SLICE_X111Y112       FDRE                                         r  PYNQ_Design_i/usp_rf_data_converter_0/inst/IP2Bus_Data_reg[14]/D
  -------------------------------------------------------------------    -------------------

                         (clock clk_pl_0 rise edge)
                                                      0.000     0.000 r  
    PS8_X0Y0             PS8                          0.000     0.000 r  PYNQ_Design_i/zynq_ultra_ps_e_0/U0/PS8_i/PLCLK[0]
                         net (fo=1, routed)           0.157     0.157    PYNQ_Design_i/zynq_ultra_ps_e_0/U0/pl_clk_unbuffered[0]
    BUFG_PS_X0Y58        BUFG_PS (Prop_BUFG_PS_I_O)
                                                      0.025     0.182 r  PYNQ_Design_i/zynq_ultra_ps_e_0/U0/buffer_pl_clk_0.PL_CLK_0_BUFG/O
    X2Y2 (CLOCK_ROOT)    net (fo=13302, routed)       1.817     1.999    PYNQ_Design_i/usp_rf_data_converter_0/inst/s_axi_aclk
    SLICE_X111Y112       FDRE                                         r  PYNQ_Design_i/usp_rf_data_converter_0/inst/IP2Bus_Data_reg[14]/C

Slack:                    inf
  Source:                 PYNQ_Design_i/usp_rf_data_converter_0/inst/PYNQ_Design_usp_rf_data_converter_0_0_rf_wrapper_i/tx0_u_dac/INTERNAL_FBRC_MUX
                            (rising edge-triggered cell HSDAC clocked by RFDAC0_CLK  {rise@0.000ns fall@10.000ns period=20.000ns})
  Destination:            PYNQ_Design_i/usp_rf_data_converter_0/inst/IP2Bus_Data_reg[13]/D
                            (rising edge-triggered cell FDRE clocked by clk_pl_0  {rise@0.000ns fall@5.156ns period=10.312ns})
  Path Group:             (none)
  Path Type:              Setup (Max at Slow Process Corner)
  Data Path Delay:        3.460ns  (logic 1.449ns (41.879%)  route 2.011ns (58.121%))
  Logic Levels:           4  (LUT4=2 LUT5=1 LUT6=1)
  Clock Path Skew:        2.001ns (DCD - SCD + CPR)
    Destination Clock Delay (DCD):    2.001ns
    Source Clock Delay      (SCD):    0.000ns
    Clock Pessimism Removal (CPR):    0.000ns
  Clock Uncertainty:      0.159ns  ((TSJ^2 + DJ^2)^1/2) / 2 + PE
    Total System Jitter     (TSJ):    0.071ns
    Discrete Jitter          (DJ):    0.310ns
    Phase Error              (PE):    0.000ns
  Clock Net Delay (Destination): 1.819ns (routing 0.423ns, distribution 1.396ns)
  Timing Exception:       False Path

    Location             Delay type                Incr(ns)  Path(ns)    Netlist Resource(s)
  -------------------------------------------------------------------    -------------------
                         (clock RFDAC0_CLK rise edge)
                                                      0.000     0.000 r  
    HSDAC_X0Y0           HSDAC                        0.000     0.000 r  PYNQ_Design_i/usp_rf_data_converter_0/inst/PYNQ_Design_usp_rf_data_converter_0_0_rf_wrapper_i/tx0_u_dac/INTERNAL_FBRC_MUX
  -------------------------------------------------------------------    -------------------
    HSDAC_X0Y0           HSDAC (Prop_HSDAC_INTERNAL_FBRC_MUX_STATUS_COMMON[13])
                                                      1.059     1.059 r  PYNQ_Design_i/usp_rf_data_converter_0/inst/PYNQ_Design_usp_rf_data_converter_0_0_rf_wrapper_i/tx0_u_dac/STATUS_COMMON[13]
                         net (fo=1, routed)           1.653     2.712    PYNQ_Design_i/usp_rf_data_converter_0/inst/i_axi_lite_ipif/I_SLAVE_ATTACHMENT/I_DECODER/dac0_common_stat[13]
    SLICE_X110Y117       LUT5 (Prop_C6LUT_SLICEM_I4_O)
                                                      0.123     2.835 f  PYNQ_Design_i/usp_rf_data_converter_0/inst/i_axi_lite_ipif/I_SLAVE_ATTACHMENT/I_DECODER/IP2Bus_Data[13]_i_23/O
                         net (fo=1, routed)           0.040     2.875    PYNQ_Design_i/usp_rf_data_converter_0/inst/i_axi_lite_ipif/I_SLAVE_ATTACHMENT/I_DECODER/IP2Bus_Data[13]_i_23_n_0
    SLICE_X110Y117       LUT4 (Prop_A6LUT_SLICEM_I3_O)
                                                      0.090     2.965 r  PYNQ_Design_i/usp_rf_data_converter_0/inst/i_axi_lite_ipif/I_SLAVE_ATTACHMENT/I_DECODER/IP2Bus_Data[13]_i_9/O
                         net (fo=1, routed)           0.044     3.009    PYNQ_Design_i/usp_rf_data_converter_0/inst/i_axi_lite_ipif/I_SLAVE_ATTACHMENT/I_DECODER/IP2Bus_Data[13]_i_9_n_0
    SLICE_X110Y117       LUT4 (Prop_B6LUT_SLICEM_I3_O)
                                                      0.089     3.098 r  PYNQ_Design_i/usp_rf_data_converter_0/inst/i_axi_lite_ipif/I_SLAVE_ATTACHMENT/I_DECODER/IP2Bus_Data[13]_i_2/O
                         net (fo=1, routed)           0.202     3.300    PYNQ_Design_i/usp_rf_data_converter_0/inst/i_axi_lite_ipif/I_SLAVE_ATTACHMENT/I_DECODER/IP2Bus_Data[13]_i_2_n_0
    SLICE_X112Y114       LUT6 (Prop_D6LUT_SLICEM_I0_O)
                                                      0.088     3.388 r  PYNQ_Design_i/usp_rf_data_converter_0/inst/i_axi_lite_ipif/I_SLAVE_ATTACHMENT/I_DECODER/IP2Bus_Data[13]_i_1/O
                         net (fo=1, routed)           0.072     3.460    PYNQ_Design_i/usp_rf_data_converter_0/inst/i_axi_lite_ipif_n_71
    SLICE_X112Y114       FDRE                                         r  PYNQ_Design_i/usp_rf_data_converter_0/inst/IP2Bus_Data_reg[13]/D
  -------------------------------------------------------------------    -------------------

                         (clock clk_pl_0 rise edge)
                                                      0.000     0.000 r  
    PS8_X0Y0             PS8                          0.000     0.000 r  PYNQ_Design_i/zynq_ultra_ps_e_0/U0/PS8_i/PLCLK[0]
                         net (fo=1, routed)           0.157     0.157    PYNQ_Design_i/zynq_ultra_ps_e_0/U0/pl_clk_unbuffered[0]
    BUFG_PS_X0Y58        BUFG_PS (Prop_BUFG_PS_I_O)
                                                      0.025     0.182 r  PYNQ_Design_i/zynq_ultra_ps_e_0/U0/buffer_pl_clk_0.PL_CLK_0_BUFG/O
    X2Y2 (CLOCK_ROOT)    net (fo=13302, routed)       1.819     2.001    PYNQ_Design_i/usp_rf_data_converter_0/inst/s_axi_aclk
    SLICE_X112Y114       FDRE                                         r  PYNQ_Design_i/usp_rf_data_converter_0/inst/IP2Bus_Data_reg[13]/C

Slack:                    inf
  Source:                 PYNQ_Design_i/usp_rf_data_converter_0/inst/PYNQ_Design_usp_rf_data_converter_0_0_rf_wrapper_i/tx0_u_dac/INTERNAL_FBRC_MUX
                            (rising edge-triggered cell HSDAC clocked by RFDAC0_CLK  {rise@0.000ns fall@10.000ns period=20.000ns})
  Destination:            PYNQ_Design_i/usp_rf_data_converter_0/inst/IP2Bus_Data_reg[12]/D
                            (rising edge-triggered cell FDRE clocked by clk_pl_0  {rise@0.000ns fall@5.156ns period=10.312ns})
  Path Group:             (none)
  Path Type:              Setup (Max at Slow Process Corner)
  Data Path Delay:        3.345ns  (logic 1.133ns (33.871%)  route 2.212ns (66.129%))
  Logic Levels:           4  (LUT5=1 LUT6=3)
  Clock Path Skew:        1.999ns (DCD - SCD + CPR)
    Destination Clock Delay (DCD):    1.999ns
    Source Clock Delay      (SCD):    0.000ns
    Clock Pessimism Removal (CPR):    0.000ns
  Clock Uncertainty:      0.159ns  ((TSJ^2 + DJ^2)^1/2) / 2 + PE
    Total System Jitter     (TSJ):    0.071ns
    Discrete Jitter          (DJ):    0.310ns
    Phase Error              (PE):    0.000ns
  Clock Net Delay (Destination): 1.817ns (routing 0.423ns, distribution 1.394ns)
  Timing Exception:       False Path

    Location             Delay type                Incr(ns)  Path(ns)    Netlist Resource(s)
  -------------------------------------------------------------------    -------------------
                         (clock RFDAC0_CLK rise edge)
                                                      0.000     0.000 r  
    HSDAC_X0Y0           HSDAC                        0.000     0.000 r  PYNQ_Design_i/usp_rf_data_converter_0/inst/PYNQ_Design_usp_rf_data_converter_0_0_rf_wrapper_i/tx0_u_dac/INTERNAL_FBRC_MUX
  -------------------------------------------------------------------    -------------------
    HSDAC_X0Y0           HSDAC (Prop_HSDAC_INTERNAL_FBRC_MUX_STATUS_COMMON[12])
                                                      0.759     0.759 r  PYNQ_Design_i/usp_rf_data_converter_0/inst/PYNQ_Design_usp_rf_data_converter_0_0_rf_wrapper_i/tx0_u_dac/STATUS_COMMON[12]
                         net (fo=1, routed)           1.720     2.479    PYNQ_Design_i/usp_rf_data_converter_0/inst/i_axi_lite_ipif/I_SLAVE_ATTACHMENT/I_DECODER/dac0_common_stat[12]
    SLICE_X108Y118       LUT5 (Prop_H6LUT_SLICEL_I4_O)
                                                      0.150     2.629 r  PYNQ_Design_i/usp_rf_data_converter_0/inst/i_axi_lite_ipif/I_SLAVE_ATTACHMENT/I_DECODER/IP2Bus_Data[12]_i_41/O
                         net (fo=1, routed)           0.083     2.712    PYNQ_Design_i/usp_rf_data_converter_0/inst/i_axi_lite_ipif/I_SLAVE_ATTACHMENT/I_DECODER/IP2Bus_Data[12]_i_41_n_0
    SLICE_X108Y118       LUT6 (Prop_D6LUT_SLICEL_I5_O)
                                                      0.050     2.762 f  PYNQ_Design_i/usp_rf_data_converter_0/inst/i_axi_lite_ipif/I_SLAVE_ATTACHMENT/I_DECODER/IP2Bus_Data[12]_i_20/O
                         net (fo=1, routed)           0.200     2.962    PYNQ_Design_i/usp_rf_data_converter_0/inst/i_axi_lite_ipif/I_SLAVE_ATTACHMENT/I_DECODER/IP2Bus_Data[12]_i_20_n_0
    SLICE_X111Y117       LUT6 (Prop_H6LUT_SLICEL_I4_O)
                                                      0.051     3.013 r  PYNQ_Design_i/usp_rf_data_converter_0/inst/i_axi_lite_ipif/I_SLAVE_ATTACHMENT/I_DECODER/IP2Bus_Data[12]_i_5/O
                         net (fo=1, routed)           0.159     3.172    PYNQ_Design_i/usp_rf_data_converter_0/inst/i_axi_lite_ipif/I_SLAVE_ATTACHMENT/I_DECODER/IP2Bus_Data[12]_i_5_n_0
    SLICE_X111Y112       LUT6 (Prop_C6LUT_SLICEL_I3_O)
                                                      0.123     3.295 r  PYNQ_Design_i/usp_rf_data_converter_0/inst/i_axi_lite_ipif/I_SLAVE_ATTACHMENT/I_DECODER/IP2Bus_Data[12]_i_1/O
                         net (fo=1, routed)           0.050     3.345    PYNQ_Design_i/usp_rf_data_converter_0/inst/i_axi_lite_ipif_n_72
    SLICE_X111Y112       FDRE                                         r  PYNQ_Design_i/usp_rf_data_converter_0/inst/IP2Bus_Data_reg[12]/D
  -------------------------------------------------------------------    -------------------

                         (clock clk_pl_0 rise edge)
                                                      0.000     0.000 r  
    PS8_X0Y0             PS8                          0.000     0.000 r  PYNQ_Design_i/zynq_ultra_ps_e_0/U0/PS8_i/PLCLK[0]
                         net (fo=1, routed)           0.157     0.157    PYNQ_Design_i/zynq_ultra_ps_e_0/U0/pl_clk_unbuffered[0]
    BUFG_PS_X0Y58        BUFG_PS (Prop_BUFG_PS_I_O)
                                                      0.025     0.182 r  PYNQ_Design_i/zynq_ultra_ps_e_0/U0/buffer_pl_clk_0.PL_CLK_0_BUFG/O
    X2Y2 (CLOCK_ROOT)    net (fo=13302, routed)       1.817     1.999    PYNQ_Design_i/usp_rf_data_converter_0/inst/s_axi_aclk
    SLICE_X111Y112       FDRE                                         r  PYNQ_Design_i/usp_rf_data_converter_0/inst/IP2Bus_Data_reg[12]/C

Slack:                    inf
  Source:                 PYNQ_Design_i/usp_rf_data_converter_0/inst/PYNQ_Design_usp_rf_data_converter_0_0_rf_wrapper_i/tx0_u_dac/INTERNAL_FBRC_MUX
                            (rising edge-triggered cell HSDAC clocked by RFDAC0_CLK  {rise@0.000ns fall@10.000ns period=20.000ns})
  Destination:            PYNQ_Design_i/usp_rf_data_converter_0/inst/IP2Bus_Data_reg[15]/D
                            (rising edge-triggered cell FDRE clocked by clk_pl_0  {rise@0.000ns fall@5.156ns period=10.312ns})
  Path Group:             (none)
  Path Type:              Setup (Max at Slow Process Corner)
  Data Path Delay:        3.267ns  (logic 1.164ns (35.629%)  route 2.103ns (64.371%))
  Logic Levels:           4  (LUT5=1 LUT6=3)
  Clock Path Skew:        2.006ns (DCD - SCD + CPR)
    Destination Clock Delay (DCD):    2.006ns
    Source Clock Delay      (SCD):    0.000ns
    Clock Pessimism Removal (CPR):    0.000ns
  Clock Uncertainty:      0.159ns  ((TSJ^2 + DJ^2)^1/2) / 2 + PE
    Total System Jitter     (TSJ):    0.071ns
    Discrete Jitter          (DJ):    0.310ns
    Phase Error              (PE):    0.000ns
  Clock Net Delay (Destination): 1.824ns (routing 0.423ns, distribution 1.401ns)
  Timing Exception:       False Path

    Location             Delay type                Incr(ns)  Path(ns)    Netlist Resource(s)
  -------------------------------------------------------------------    -------------------
                         (clock RFDAC0_CLK rise edge)
                                                      0.000     0.000 r  
    HSDAC_X0Y0           HSDAC                        0.000     0.000 r  PYNQ_Design_i/usp_rf_data_converter_0/inst/PYNQ_Design_usp_rf_data_converter_0_0_rf_wrapper_i/tx0_u_dac/INTERNAL_FBRC_MUX
  -------------------------------------------------------------------    -------------------
    HSDAC_X0Y0           HSDAC (Prop_HSDAC_INTERNAL_FBRC_MUX_STATUS_COMMON[15])
                                                      0.840     0.840 r  PYNQ_Design_i/usp_rf_data_converter_0/inst/PYNQ_Design_usp_rf_data_converter_0_0_rf_wrapper_i/tx0_u_dac/STATUS_COMMON[15]
                         net (fo=1, routed)           1.575     2.415    PYNQ_Design_i/usp_rf_data_converter_0/inst/i_axi_lite_ipif/I_SLAVE_ATTACHMENT/I_DECODER/dac0_common_stat[15]
    SLICE_X110Y112       LUT5 (Prop_G6LUT_SLICEM_I4_O)
                                                      0.100     2.515 r  PYNQ_Design_i/usp_rf_data_converter_0/inst/i_axi_lite_ipif/I_SLAVE_ATTACHMENT/I_DECODER/IP2Bus_Data[15]_i_30/O
                         net (fo=1, routed)           0.048     2.563    PYNQ_Design_i/usp_rf_data_converter_0/inst/i_axi_lite_ipif/I_SLAVE_ATTACHMENT/I_DECODER/IP2Bus_Data[15]_i_30_n_0
    SLICE_X110Y112       LUT6 (Prop_H6LUT_SLICEM_I4_O)
                                                      0.053     2.616 r  PYNQ_Design_i/usp_rf_data_converter_0/inst/i_axi_lite_ipif/I_SLAVE_ATTACHMENT/I_DECODER/IP2Bus_Data[15]_i_9/O
                         net (fo=1, routed)           0.184     2.800    PYNQ_Design_i/usp_rf_data_converter_0/inst/i_axi_lite_ipif/I_SLAVE_ATTACHMENT/I_DECODER/IP2Bus_Data[15]_i_9_n_0
    SLICE_X111Y115       LUT6 (Prop_F6LUT_SLICEL_I3_O)
                                                      0.049     2.849 r  PYNQ_Design_i/usp_rf_data_converter_0/inst/i_axi_lite_ipif/I_SLAVE_ATTACHMENT/I_DECODER/IP2Bus_Data[15]_i_2/O
                         net (fo=1, routed)           0.224     3.073    PYNQ_Design_i/usp_rf_data_converter_0/inst/i_axi_lite_ipif/I_SLAVE_ATTACHMENT/I_DECODER/IP2Bus_Data[15]_i_2_n_0
    SLICE_X113Y111       LUT6 (Prop_D6LUT_SLICEM_I0_O)
                                                      0.122     3.195 r  PYNQ_Design_i/usp_rf_data_converter_0/inst/i_axi_lite_ipif/I_SLAVE_ATTACHMENT/I_DECODER/IP2Bus_Data[15]_i_1/O
                         net (fo=1, routed)           0.072     3.267    PYNQ_Design_i/usp_rf_data_converter_0/inst/i_axi_lite_ipif_n_69
    SLICE_X113Y111       FDRE                                         r  PYNQ_Design_i/usp_rf_data_converter_0/inst/IP2Bus_Data_reg[15]/D
  -------------------------------------------------------------------    -------------------

                         (clock clk_pl_0 rise edge)
                                                      0.000     0.000 r  
    PS8_X0Y0             PS8                          0.000     0.000 r  PYNQ_Design_i/zynq_ultra_ps_e_0/U0/PS8_i/PLCLK[0]
                         net (fo=1, routed)           0.157     0.157    PYNQ_Design_i/zynq_ultra_ps_e_0/U0/pl_clk_unbuffered[0]
    BUFG_PS_X0Y58        BUFG_PS (Prop_BUFG_PS_I_O)
                                                      0.025     0.182 r  PYNQ_Design_i/zynq_ultra_ps_e_0/U0/buffer_pl_clk_0.PL_CLK_0_BUFG/O
    X2Y2 (CLOCK_ROOT)    net (fo=13302, routed)       1.824     2.006    PYNQ_Design_i/usp_rf_data_converter_0/inst/s_axi_aclk
    SLICE_X113Y111       FDRE                                         r  PYNQ_Design_i/usp_rf_data_converter_0/inst/IP2Bus_Data_reg[15]/C

Slack:                    inf
  Source:                 PYNQ_Design_i/usp_rf_data_converter_0/inst/PYNQ_Design_usp_rf_data_converter_0_0_rf_wrapper_i/tx0_u_dac/INTERNAL_FBRC_MUX
                            (rising edge-triggered cell HSDAC clocked by RFDAC0_CLK  {rise@0.000ns fall@10.000ns period=20.000ns})
  Destination:            PYNQ_Design_i/usp_rf_data_converter_0/inst/IP2Bus_Data_reg[9]/D
                            (rising edge-triggered cell FDRE clocked by clk_pl_0  {rise@0.000ns fall@5.156ns period=10.312ns})
  Path Group:             (none)
  Path Type:              Setup (Max at Slow Process Corner)
  Data Path Delay:        3.110ns  (logic 0.938ns (30.161%)  route 2.172ns (69.839%))
  Logic Levels:           4  (LUT5=1 LUT6=3)
  Clock Path Skew:        2.011ns (DCD - SCD + CPR)
    Destination Clock Delay (DCD):    2.011ns
    Source Clock Delay      (SCD):    0.000ns
    Clock Pessimism Removal (CPR):    0.000ns
  Clock Uncertainty:      0.159ns  ((TSJ^2 + DJ^2)^1/2) / 2 + PE
    Total System Jitter     (TSJ):    0.071ns
    Discrete Jitter          (DJ):    0.310ns
    Phase Error              (PE):    0.000ns
  Clock Net Delay (Destination): 1.829ns (routing 0.423ns, distribution 1.406ns)
  Timing Exception:       False Path

    Location             Delay type                Incr(ns)  Path(ns)    Netlist Resource(s)
  -------------------------------------------------------------------    -------------------
                         (clock RFDAC0_CLK rise edge)
                                                      0.000     0.000 r  
    HSDAC_X0Y0           HSDAC                        0.000     0.000 r  PYNQ_Design_i/usp_rf_data_converter_0/inst/PYNQ_Design_usp_rf_data_converter_0_0_rf_wrapper_i/tx0_u_dac/INTERNAL_FBRC_MUX
  -------------------------------------------------------------------    -------------------
    HSDAC_X0Y0           HSDAC (Prop_HSDAC_INTERNAL_FBRC_MUX_STATUS_COMMON[9])
                                                      0.674     0.674 r  PYNQ_Design_i/usp_rf_data_converter_0/inst/PYNQ_Design_usp_rf_data_converter_0_0_rf_wrapper_i/tx0_u_dac/STATUS_COMMON[9]
                         net (fo=1, routed)           1.587     2.261    PYNQ_Design_i/usp_rf_data_converter_0/inst/i_axi_lite_ipif/I_SLAVE_ATTACHMENT/I_DECODER/dac0_common_stat[9]
    SLICE_X109Y115       LUT5 (Prop_F6LUT_SLICEM_I4_O)
                                                      0.088     2.349 r  PYNQ_Design_i/usp_rf_data_converter_0/inst/i_axi_lite_ipif/I_SLAVE_ATTACHMENT/I_DECODER/IP2Bus_Data[9]_i_27/O
                         net (fo=1, routed)           0.082     2.431    PYNQ_Design_i/usp_rf_data_converter_0/inst/i_axi_lite_ipif/I_SLAVE_ATTACHMENT/I_DECODER/IP2Bus_Data[9]_i_27_n_0
    SLICE_X109Y116       LUT6 (Prop_F6LUT_SLICEM_I2_O)
                                                      0.088     2.519 r  PYNQ_Design_i/usp_rf_data_converter_0/inst/i_axi_lite_ipif/I_SLAVE_ATTACHMENT/I_DECODER/IP2Bus_Data[9]_i_9/O
                         net (fo=1, routed)           0.190     2.709    PYNQ_Design_i/usp_rf_data_converter_0/inst/i_axi_lite_ipif/I_SLAVE_ATTACHMENT/I_DECODER/IP2Bus_Data[9]_i_9_n_0
    SLICE_X111Y116       LUT6 (Prop_B6LUT_SLICEL_I4_O)
                                                      0.051     2.760 r  PYNQ_Design_i/usp_rf_data_converter_0/inst/i_axi_lite_ipif/I_SLAVE_ATTACHMENT/I_DECODER/IP2Bus_Data[9]_i_2/O
                         net (fo=1, routed)           0.247     3.007    PYNQ_Design_i/usp_rf_data_converter_0/inst/i_axi_lite_ipif/I_SLAVE_ATTACHMENT/I_DECODER/IP2Bus_Data[9]_i_2_n_0
    SLICE_X113Y112       LUT6 (Prop_C6LUT_SLICEM_I0_O)
                                                      0.037     3.044 r  PYNQ_Design_i/usp_rf_data_converter_0/inst/i_axi_lite_ipif/I_SLAVE_ATTACHMENT/I_DECODER/IP2Bus_Data[9]_i_1/O
                         net (fo=1, routed)           0.066     3.110    PYNQ_Design_i/usp_rf_data_converter_0/inst/i_axi_lite_ipif_n_75
    SLICE_X113Y112       FDRE                                         r  PYNQ_Design_i/usp_rf_data_converter_0/inst/IP2Bus_Data_reg[9]/D
  -------------------------------------------------------------------    -------------------

                         (clock clk_pl_0 rise edge)
                                                      0.000     0.000 r  
    PS8_X0Y0             PS8                          0.000     0.000 r  PYNQ_Design_i/zynq_ultra_ps_e_0/U0/PS8_i/PLCLK[0]
                         net (fo=1, routed)           0.157     0.157    PYNQ_Design_i/zynq_ultra_ps_e_0/U0/pl_clk_unbuffered[0]
    BUFG_PS_X0Y58        BUFG_PS (Prop_BUFG_PS_I_O)
                                                      0.025     0.182 r  PYNQ_Design_i/zynq_ultra_ps_e_0/U0/buffer_pl_clk_0.PL_CLK_0_BUFG/O
    X2Y2 (CLOCK_ROOT)    net (fo=13302, routed)       1.829     2.011    PYNQ_Design_i/usp_rf_data_converter_0/inst/s_axi_aclk
    SLICE_X113Y112       FDRE                                         r  PYNQ_Design_i/usp_rf_data_converter_0/inst/IP2Bus_Data_reg[9]/C

Slack:                    inf
  Source:                 PYNQ_Design_i/usp_rf_data_converter_0/inst/PYNQ_Design_usp_rf_data_converter_0_0_rf_wrapper_i/tx0_u_dac/INTERNAL_FBRC_MUX
                            (rising edge-triggered cell HSDAC clocked by RFDAC0_CLK  {rise@0.000ns fall@10.000ns period=20.000ns})
  Destination:            PYNQ_Design_i/usp_rf_data_converter_0/inst/IP2Bus_Data_reg[10]/D
                            (rising edge-triggered cell FDRE clocked by clk_pl_0  {rise@0.000ns fall@5.156ns period=10.312ns})
  Path Group:             (none)
  Path Type:              Setup (Max at Slow Process Corner)
  Data Path Delay:        3.053ns  (logic 0.990ns (32.427%)  route 2.063ns (67.573%))
  Logic Levels:           3  (LUT5=1 LUT6=2)
  Clock Path Skew:        2.007ns (DCD - SCD + CPR)
    Destination Clock Delay (DCD):    2.007ns
    Source Clock Delay      (SCD):    0.000ns
    Clock Pessimism Removal (CPR):    0.000ns
  Clock Uncertainty:      0.159ns  ((TSJ^2 + DJ^2)^1/2) / 2 + PE
    Total System Jitter     (TSJ):    0.071ns
    Discrete Jitter          (DJ):    0.310ns
    Phase Error              (PE):    0.000ns
  Clock Net Delay (Destination): 1.825ns (routing 0.423ns, distribution 1.402ns)
  Timing Exception:       False Path

    Location             Delay type                Incr(ns)  Path(ns)    Netlist Resource(s)
  -------------------------------------------------------------------    -------------------
                         (clock RFDAC0_CLK rise edge)
                                                      0.000     0.000 r  
    HSDAC_X0Y0           HSDAC                        0.000     0.000 r  PYNQ_Design_i/usp_rf_data_converter_0/inst/PYNQ_Design_usp_rf_data_converter_0_0_rf_wrapper_i/tx0_u_dac/INTERNAL_FBRC_MUX
  -------------------------------------------------------------------    -------------------
    HSDAC_X0Y0           HSDAC (Prop_HSDAC_INTERNAL_FBRC_MUX_STATUS_COMMON[10])
                                                      0.753     0.753 r  PYNQ_Design_i/usp_rf_data_converter_0/inst/PYNQ_Design_usp_rf_data_converter_0_0_rf_wrapper_i/tx0_u_dac/STATUS_COMMON[10]
                         net (fo=1, routed)           1.678     2.431    PYNQ_Design_i/usp_rf_data_converter_0/inst/i_axi_lite_ipif/I_SLAVE_ATTACHMENT/I_DECODER/dac0_common_stat[10]
    SLICE_X110Y118       LUT5 (Prop_G6LUT_SLICEM_I4_O)
                                                      0.150     2.581 f  PYNQ_Design_i/usp_rf_data_converter_0/inst/i_axi_lite_ipif/I_SLAVE_ATTACHMENT/I_DECODER/IP2Bus_Data[10]_i_6/O
                         net (fo=1, routed)           0.124     2.705    PYNQ_Design_i/usp_rf_data_converter_0/inst/i_axi_lite_ipif/I_SLAVE_ATTACHMENT/I_DECODER/IP2Bus_Data[10]_i_6_n_0
    SLICE_X110Y118       LUT6 (Prop_D6LUT_SLICEM_I2_O)
                                                      0.051     2.756 r  PYNQ_Design_i/usp_rf_data_converter_0/inst/i_axi_lite_ipif/I_SLAVE_ATTACHMENT/I_DECODER/IP2Bus_Data[10]_i_2/O
                         net (fo=1, routed)           0.210     2.966    PYNQ_Design_i/usp_rf_data_converter_0/inst/i_axi_lite_ipif/I_SLAVE_ATTACHMENT/I_DECODER/IP2Bus_Data[10]_i_2_n_0
    SLICE_X111Y116       LUT6 (Prop_H6LUT_SLICEL_I0_O)
                                                      0.036     3.002 r  PYNQ_Design_i/usp_rf_data_converter_0/inst/i_axi_lite_ipif/I_SLAVE_ATTACHMENT/I_DECODER/IP2Bus_Data[10]_i_1/O
                         net (fo=1, routed)           0.051     3.053    PYNQ_Design_i/usp_rf_data_converter_0/inst/i_axi_lite_ipif_n_74
    SLICE_X111Y116       FDRE                                         r  PYNQ_Design_i/usp_rf_data_converter_0/inst/IP2Bus_Data_reg[10]/D
  -------------------------------------------------------------------    -------------------

                         (clock clk_pl_0 rise edge)
                                                      0.000     0.000 r  
    PS8_X0Y0             PS8                          0.000     0.000 r  PYNQ_Design_i/zynq_ultra_ps_e_0/U0/PS8_i/PLCLK[0]
                         net (fo=1, routed)           0.157     0.157    PYNQ_Design_i/zynq_ultra_ps_e_0/U0/pl_clk_unbuffered[0]
    BUFG_PS_X0Y58        BUFG_PS (Prop_BUFG_PS_I_O)
                                                      0.025     0.182 r  PYNQ_Design_i/zynq_ultra_ps_e_0/U0/buffer_pl_clk_0.PL_CLK_0_BUFG/O
    X2Y2 (CLOCK_ROOT)    net (fo=13302, routed)       1.825     2.007    PYNQ_Design_i/usp_rf_data_converter_0/inst/s_axi_aclk
    SLICE_X111Y116       FDRE                                         r  PYNQ_Design_i/usp_rf_data_converter_0/inst/IP2Bus_Data_reg[10]/C

Slack:                    inf
  Source:                 PYNQ_Design_i/usp_rf_data_converter_0/inst/PYNQ_Design_usp_rf_data_converter_0_0_rf_wrapper_i/tx0_u_dac/INTERNAL_FBRC_MUX
                            (rising edge-triggered cell HSDAC clocked by RFDAC0_CLK  {rise@0.000ns fall@10.000ns period=20.000ns})
  Destination:            PYNQ_Design_i/usp_rf_data_converter_0/inst/IP2Bus_Data_reg[8]/D
                            (rising edge-triggered cell FDRE clocked by clk_pl_0  {rise@0.000ns fall@5.156ns period=10.312ns})
  Path Group:             (none)
  Path Type:              Setup (Max at Slow Process Corner)
  Data Path Delay:        2.863ns  (logic 1.055ns (36.849%)  route 1.808ns (63.151%))
  Logic Levels:           3  (LUT5=1 LUT6=2)
  Clock Path Skew:        2.009ns (DCD - SCD + CPR)
    Destination Clock Delay (DCD):    2.009ns
    Source Clock Delay      (SCD):    0.000ns
    Clock Pessimism Removal (CPR):    0.000ns
  Clock Uncertainty:      0.159ns  ((TSJ^2 + DJ^2)^1/2) / 2 + PE
    Total System Jitter     (TSJ):    0.071ns
    Discrete Jitter          (DJ):    0.310ns
    Phase Error              (PE):    0.000ns
  Clock Net Delay (Destination): 1.827ns (routing 0.423ns, distribution 1.404ns)
  Timing Exception:       False Path

    Location             Delay type                Incr(ns)  Path(ns)    Netlist Resource(s)
  -------------------------------------------------------------------    -------------------
                         (clock RFDAC0_CLK rise edge)
                                                      0.000     0.000 r  
    HSDAC_X0Y0           HSDAC                        0.000     0.000 r  PYNQ_Design_i/usp_rf_data_converter_0/inst/PYNQ_Design_usp_rf_data_converter_0_0_rf_wrapper_i/tx0_u_dac/INTERNAL_FBRC_MUX
  -------------------------------------------------------------------    -------------------
    HSDAC_X0Y0           HSDAC (Prop_HSDAC_INTERNAL_FBRC_MUX_STATUS_COMMON[8])
                                                      0.731     0.731 r  PYNQ_Design_i/usp_rf_data_converter_0/inst/PYNQ_Design_usp_rf_data_converter_0_0_rf_wrapper_i/tx0_u_dac/STATUS_COMMON[8]
                         net (fo=1, routed)           1.650     2.381    PYNQ_Design_i/usp_rf_data_converter_0/inst/i_axi_lite_ipif/I_SLAVE_ATTACHMENT/I_DECODER/dac0_common_stat[8]
    SLICE_X110Y116       LUT5 (Prop_F6LUT_SLICEM_I4_O)
                                                      0.148     2.529 r  PYNQ_Design_i/usp_rf_data_converter_0/inst/i_axi_lite_ipif/I_SLAVE_ATTACHMENT/I_DECODER/IP2Bus_Data[8]_i_12/O
                         net (fo=1, routed)           0.044     2.573    PYNQ_Design_i/usp_rf_data_converter_0/inst/i_axi_lite_ipif/I_SLAVE_ATTACHMENT/I_DECODER/IP2Bus_Data[8]_i_12_n_0
    SLICE_X110Y116       LUT6 (Prop_H6LUT_SLICEM_I4_O)
                                                      0.053     2.626 r  PYNQ_Design_i/usp_rf_data_converter_0/inst/i_axi_lite_ipif/I_SLAVE_ATTACHMENT/I_DECODER/IP2Bus_Data[8]_i_3/O
                         net (fo=1, routed)           0.048     2.674    PYNQ_Design_i/usp_rf_data_converter_0/inst/i_axi_lite_ipif/I_SLAVE_ATTACHMENT/I_DECODER/IP2Bus_Data[8]_i_3_n_0
    SLICE_X110Y116       LUT6 (Prop_C6LUT_SLICEM_I2_O)
                                                      0.123     2.797 r  PYNQ_Design_i/usp_rf_data_converter_0/inst/i_axi_lite_ipif/I_SLAVE_ATTACHMENT/I_DECODER/IP2Bus_Data[8]_i_1/O
                         net (fo=1, routed)           0.066     2.863    PYNQ_Design_i/usp_rf_data_converter_0/inst/i_axi_lite_ipif_n_76
    SLICE_X110Y116       FDRE                                         r  PYNQ_Design_i/usp_rf_data_converter_0/inst/IP2Bus_Data_reg[8]/D
  -------------------------------------------------------------------    -------------------

                         (clock clk_pl_0 rise edge)
                                                      0.000     0.000 r  
    PS8_X0Y0             PS8                          0.000     0.000 r  PYNQ_Design_i/zynq_ultra_ps_e_0/U0/PS8_i/PLCLK[0]
                         net (fo=1, routed)           0.157     0.157    PYNQ_Design_i/zynq_ultra_ps_e_0/U0/pl_clk_unbuffered[0]
    BUFG_PS_X0Y58        BUFG_PS (Prop_BUFG_PS_I_O)
                                                      0.025     0.182 r  PYNQ_Design_i/zynq_ultra_ps_e_0/U0/buffer_pl_clk_0.PL_CLK_0_BUFG/O
    X2Y2 (CLOCK_ROOT)    net (fo=13302, routed)       1.827     2.009    PYNQ_Design_i/usp_rf_data_converter_0/inst/s_axi_aclk
    SLICE_X110Y116       FDRE                                         r  PYNQ_Design_i/usp_rf_data_converter_0/inst/IP2Bus_Data_reg[8]/C

Slack:                    inf
  Source:                 PYNQ_Design_i/usp_rf_data_converter_0/inst/PYNQ_Design_usp_rf_data_converter_0_0_rf_wrapper_i/tx0_u_dac/INTERNAL_FBRC_MUX
                            (rising edge-triggered cell HSDAC clocked by RFDAC0_CLK  {rise@0.000ns fall@10.000ns period=20.000ns})
  Destination:            PYNQ_Design_i/usp_rf_data_converter_0/inst/IP2Bus_Data_reg[11]/D
                            (rising edge-triggered cell FDRE clocked by clk_pl_0  {rise@0.000ns fall@5.156ns period=10.312ns})
  Path Group:             (none)
  Path Type:              Setup (Max at Slow Process Corner)
  Data Path Delay:        2.792ns  (logic 0.965ns (34.563%)  route 1.827ns (65.437%))
  Logic Levels:           3  (LUT5=1 LUT6=2)
  Clock Path Skew:        2.009ns (DCD - SCD + CPR)
    Destination Clock Delay (DCD):    2.009ns
    Source Clock Delay      (SCD):    0.000ns
    Clock Pessimism Removal (CPR):    0.000ns
  Clock Uncertainty:      0.159ns  ((TSJ^2 + DJ^2)^1/2) / 2 + PE
    Total System Jitter     (TSJ):    0.071ns
    Discrete Jitter          (DJ):    0.310ns
    Phase Error              (PE):    0.000ns
  Clock Net Delay (Destination): 1.827ns (routing 0.423ns, distribution 1.404ns)
  Timing Exception:       False Path

    Location             Delay type                Incr(ns)  Path(ns)    Netlist Resource(s)
  -------------------------------------------------------------------    -------------------
                         (clock RFDAC0_CLK rise edge)
                                                      0.000     0.000 r  
    HSDAC_X0Y0           HSDAC                        0.000     0.000 r  PYNQ_Design_i/usp_rf_data_converter_0/inst/PYNQ_Design_usp_rf_data_converter_0_0_rf_wrapper_i/tx0_u_dac/INTERNAL_FBRC_MUX
  -------------------------------------------------------------------    -------------------
    HSDAC_X0Y0           HSDAC (Prop_HSDAC_INTERNAL_FBRC_MUX_STATUS_COMMON[11])
                                                      0.753     0.753 r  PYNQ_Design_i/usp_rf_data_converter_0/inst/PYNQ_Design_usp_rf_data_converter_0_0_rf_wrapper_i/tx0_u_dac/STATUS_COMMON[11]
                         net (fo=1, routed)           1.614     2.367    PYNQ_Design_i/usp_rf_data_converter_0/inst/i_axi_lite_ipif/I_SLAVE_ATTACHMENT/I_DECODER/dac0_common_stat[11]
    SLICE_X110Y118       LUT5 (Prop_F6LUT_SLICEM_I4_O)
                                                      0.051     2.418 r  PYNQ_Design_i/usp_rf_data_converter_0/inst/i_axi_lite_ipif/I_SLAVE_ATTACHMENT/I_DECODER/IP2Bus_Data[11]_i_14/O
                         net (fo=1, routed)           0.042     2.460    PYNQ_Design_i/usp_rf_data_converter_0/inst/i_axi_lite_ipif/I_SLAVE_ATTACHMENT/I_DECODER/IP2Bus_Data[11]_i_14_n_0
    SLICE_X110Y118       LUT6 (Prop_H6LUT_SLICEM_I4_O)
                                                      0.039     2.499 r  PYNQ_Design_i/usp_rf_data_converter_0/inst/i_axi_lite_ipif/I_SLAVE_ATTACHMENT/I_DECODER/IP2Bus_Data[11]_i_3/O
                         net (fo=1, routed)           0.099     2.598    PYNQ_Design_i/usp_rf_data_converter_0/inst/i_axi_lite_ipif/I_SLAVE_ATTACHMENT/I_DECODER/IP2Bus_Data[11]_i_3_n_0
    SLICE_X110Y116       LUT6 (Prop_D6LUT_SLICEM_I2_O)
                                                      0.122     2.720 r  PYNQ_Design_i/usp_rf_data_converter_0/inst/i_axi_lite_ipif/I_SLAVE_ATTACHMENT/I_DECODER/IP2Bus_Data[11]_i_1/O
                         net (fo=1, routed)           0.072     2.792    PYNQ_Design_i/usp_rf_data_converter_0/inst/i_axi_lite_ipif_n_73
    SLICE_X110Y116       FDRE                                         r  PYNQ_Design_i/usp_rf_data_converter_0/inst/IP2Bus_Data_reg[11]/D
  -------------------------------------------------------------------    -------------------

                         (clock clk_pl_0 rise edge)
                                                      0.000     0.000 r  
    PS8_X0Y0             PS8                          0.000     0.000 r  PYNQ_Design_i/zynq_ultra_ps_e_0/U0/PS8_i/PLCLK[0]
                         net (fo=1, routed)           0.157     0.157    PYNQ_Design_i/zynq_ultra_ps_e_0/U0/pl_clk_unbuffered[0]
    BUFG_PS_X0Y58        BUFG_PS (Prop_BUFG_PS_I_O)
                                                      0.025     0.182 r  PYNQ_Design_i/zynq_ultra_ps_e_0/U0/buffer_pl_clk_0.PL_CLK_0_BUFG/O
    X2Y2 (CLOCK_ROOT)    net (fo=13302, routed)       1.827     2.009    PYNQ_Design_i/usp_rf_data_converter_0/inst/s_axi_aclk
    SLICE_X110Y116       FDRE                                         r  PYNQ_Design_i/usp_rf_data_converter_0/inst/IP2Bus_Data_reg[11]/C





Min Delay Paths
--------------------------------------------------------------------------------------
Slack:                    inf
  Source:                 PYNQ_Design_i/usp_rf_data_converter_0/inst/PYNQ_Design_usp_rf_data_converter_0_0_rf_wrapper_i/tx0_u_dac/INTERNAL_FBRC_MUX
                            (rising edge-triggered cell HSDAC clocked by RFDAC0_CLK  {rise@0.000ns fall@10.000ns period=20.000ns})
  Destination:            PYNQ_Design_i/usp_rf_data_converter_0/inst/IP2Bus_Data_reg[11]/D
                            (rising edge-triggered cell FDRE clocked by clk_pl_0  {rise@0.000ns fall@5.156ns period=10.312ns})
  Path Group:             (none)
  Path Type:              Hold (Min at Fast Process Corner)
  Data Path Delay:        1.368ns  (logic 0.454ns (33.187%)  route 0.914ns (66.813%))
  Logic Levels:           3  (LUT5=1 LUT6=2)
  Clock Path Skew:        1.419ns (DCD - SCD - CPR)
    Destination Clock Delay (DCD):    1.419ns
    Source Clock Delay      (SCD):    0.000ns
    Clock Pessimism Removal (CPR):    -0.000ns
  Clock Uncertainty:      0.159ns  ((TSJ^2 + DJ^2)^1/2) / 2 + PE
    Total System Jitter     (TSJ):    0.071ns
    Discrete Jitter          (DJ):    0.310ns
    Phase Error              (PE):    0.000ns
  Clock Net Delay (Destination): 1.272ns (routing 0.282ns, distribution 0.990ns)
  Timing Exception:       False Path

    Location             Delay type                Incr(ns)  Path(ns)    Netlist Resource(s)
  -------------------------------------------------------------------    -------------------
                         (clock RFDAC0_CLK rise edge)
                                                      0.000     0.000 r  
    HSDAC_X0Y0           HSDAC                        0.000     0.000 r  PYNQ_Design_i/usp_rf_data_converter_0/inst/PYNQ_Design_usp_rf_data_converter_0_0_rf_wrapper_i/tx0_u_dac/INTERNAL_FBRC_MUX
  -------------------------------------------------------------------    -------------------
    HSDAC_X0Y0           HSDAC (Prop_HSDAC_INTERNAL_FBRC_MUX_STATUS_COMMON[11])
                                                      0.367     0.367 r  PYNQ_Design_i/usp_rf_data_converter_0/inst/PYNQ_Design_usp_rf_data_converter_0_0_rf_wrapper_i/tx0_u_dac/STATUS_COMMON[11]
                         net (fo=1, routed)           0.810     1.177    PYNQ_Design_i/usp_rf_data_converter_0/inst/i_axi_lite_ipif/I_SLAVE_ATTACHMENT/I_DECODER/dac0_common_stat[11]
    SLICE_X110Y118       LUT5 (Prop_F6LUT_SLICEM_I4_O)
                                                      0.022     1.199 r  PYNQ_Design_i/usp_rf_data_converter_0/inst/i_axi_lite_ipif/I_SLAVE_ATTACHMENT/I_DECODER/IP2Bus_Data[11]_i_14/O
                         net (fo=1, routed)           0.025     1.224    PYNQ_Design_i/usp_rf_data_converter_0/inst/i_axi_lite_ipif/I_SLAVE_ATTACHMENT/I_DECODER/IP2Bus_Data[11]_i_14_n_0
    SLICE_X110Y118       LUT6 (Prop_H6LUT_SLICEM_I4_O)
                                                      0.015     1.239 r  PYNQ_Design_i/usp_rf_data_converter_0/inst/i_axi_lite_ipif/I_SLAVE_ATTACHMENT/I_DECODER/IP2Bus_Data[11]_i_3/O
                         net (fo=1, routed)           0.053     1.292    PYNQ_Design_i/usp_rf_data_converter_0/inst/i_axi_lite_ipif/I_SLAVE_ATTACHMENT/I_DECODER/IP2Bus_Data[11]_i_3_n_0
    SLICE_X110Y116       LUT6 (Prop_D6LUT_SLICEM_I2_O)
                                                      0.050     1.342 r  PYNQ_Design_i/usp_rf_data_converter_0/inst/i_axi_lite_ipif/I_SLAVE_ATTACHMENT/I_DECODER/IP2Bus_Data[11]_i_1/O
                         net (fo=1, routed)           0.026     1.368    PYNQ_Design_i/usp_rf_data_converter_0/inst/i_axi_lite_ipif_n_73
    SLICE_X110Y116       FDRE                                         r  PYNQ_Design_i/usp_rf_data_converter_0/inst/IP2Bus_Data_reg[11]/D
  -------------------------------------------------------------------    -------------------

                         (clock clk_pl_0 rise edge)
                                                      0.000     0.000 r  
    PS8_X0Y0             PS8                          0.000     0.000 r  PYNQ_Design_i/zynq_ultra_ps_e_0/U0/PS8_i/PLCLK[0]
                         net (fo=1, routed)           0.129     0.129    PYNQ_Design_i/zynq_ultra_ps_e_0/U0/pl_clk_unbuffered[0]
    BUFG_PS_X0Y58        BUFG_PS (Prop_BUFG_PS_I_O)
                                                      0.018     0.147 r  PYNQ_Design_i/zynq_ultra_ps_e_0/U0/buffer_pl_clk_0.PL_CLK_0_BUFG/O
    X2Y2 (CLOCK_ROOT)    net (fo=13302, routed)       1.272     1.419    PYNQ_Design_i/usp_rf_data_converter_0/inst/s_axi_aclk
    SLICE_X110Y116       FDRE                                         r  PYNQ_Design_i/usp_rf_data_converter_0/inst/IP2Bus_Data_reg[11]/C

Slack:                    inf
  Source:                 PYNQ_Design_i/usp_rf_data_converter_0/inst/PYNQ_Design_usp_rf_data_converter_0_0_rf_wrapper_i/tx0_u_dac/INTERNAL_FBRC_MUX
                            (rising edge-triggered cell HSDAC clocked by RFDAC0_CLK  {rise@0.000ns fall@10.000ns period=20.000ns})
  Destination:            PYNQ_Design_i/usp_rf_data_converter_0/inst/IP2Bus_Data_reg[8]/D
                            (rising edge-triggered cell FDRE clocked by clk_pl_0  {rise@0.000ns fall@5.156ns period=10.312ns})
  Path Group:             (none)
  Path Type:              Hold (Min at Fast Process Corner)
  Data Path Delay:        1.422ns  (logic 0.514ns (36.146%)  route 0.908ns (63.854%))
  Logic Levels:           3  (LUT5=1 LUT6=2)
  Clock Path Skew:        1.419ns (DCD - SCD - CPR)
    Destination Clock Delay (DCD):    1.419ns
    Source Clock Delay      (SCD):    0.000ns
    Clock Pessimism Removal (CPR):    -0.000ns
  Clock Uncertainty:      0.159ns  ((TSJ^2 + DJ^2)^1/2) / 2 + PE
    Total System Jitter     (TSJ):    0.071ns
    Discrete Jitter          (DJ):    0.310ns
    Phase Error              (PE):    0.000ns
  Clock Net Delay (Destination): 1.272ns (routing 0.282ns, distribution 0.990ns)
  Timing Exception:       False Path

    Location             Delay type                Incr(ns)  Path(ns)    Netlist Resource(s)
  -------------------------------------------------------------------    -------------------
                         (clock RFDAC0_CLK rise edge)
                                                      0.000     0.000 r  
    HSDAC_X0Y0           HSDAC                        0.000     0.000 r  PYNQ_Design_i/usp_rf_data_converter_0/inst/PYNQ_Design_usp_rf_data_converter_0_0_rf_wrapper_i/tx0_u_dac/INTERNAL_FBRC_MUX
  -------------------------------------------------------------------    -------------------
    HSDAC_X0Y0           HSDAC (Prop_HSDAC_INTERNAL_FBRC_MUX_STATUS_COMMON[8])
                                                      0.382     0.382 r  PYNQ_Design_i/usp_rf_data_converter_0/inst/PYNQ_Design_usp_rf_data_converter_0_0_rf_wrapper_i/tx0_u_dac/STATUS_COMMON[8]
                         net (fo=1, routed)           0.832     1.214    PYNQ_Design_i/usp_rf_data_converter_0/inst/i_axi_lite_ipif/I_SLAVE_ATTACHMENT/I_DECODER/dac0_common_stat[8]
    SLICE_X110Y116       LUT5 (Prop_F6LUT_SLICEM_I4_O)
                                                      0.059     1.273 r  PYNQ_Design_i/usp_rf_data_converter_0/inst/i_axi_lite_ipif/I_SLAVE_ATTACHMENT/I_DECODER/IP2Bus_Data[8]_i_12/O
                         net (fo=1, routed)           0.024     1.297    PYNQ_Design_i/usp_rf_data_converter_0/inst/i_axi_lite_ipif/I_SLAVE_ATTACHMENT/I_DECODER/IP2Bus_Data[8]_i_12_n_0
    SLICE_X110Y116       LUT6 (Prop_H6LUT_SLICEM_I4_O)
                                                      0.023     1.320 r  PYNQ_Design_i/usp_rf_data_converter_0/inst/i_axi_lite_ipif/I_SLAVE_ATTACHMENT/I_DECODER/IP2Bus_Data[8]_i_3/O
                         net (fo=1, routed)           0.028     1.348    PYNQ_Design_i/usp_rf_data_converter_0/inst/i_axi_lite_ipif/I_SLAVE_ATTACHMENT/I_DECODER/IP2Bus_Data[8]_i_3_n_0
    SLICE_X110Y116       LUT6 (Prop_C6LUT_SLICEM_I2_O)
                                                      0.050     1.398 r  PYNQ_Design_i/usp_rf_data_converter_0/inst/i_axi_lite_ipif/I_SLAVE_ATTACHMENT/I_DECODER/IP2Bus_Data[8]_i_1/O
                         net (fo=1, routed)           0.024     1.422    PYNQ_Design_i/usp_rf_data_converter_0/inst/i_axi_lite_ipif_n_76
    SLICE_X110Y116       FDRE                                         r  PYNQ_Design_i/usp_rf_data_converter_0/inst/IP2Bus_Data_reg[8]/D
  -------------------------------------------------------------------    -------------------

                         (clock clk_pl_0 rise edge)
                                                      0.000     0.000 r  
    PS8_X0Y0             PS8                          0.000     0.000 r  PYNQ_Design_i/zynq_ultra_ps_e_0/U0/PS8_i/PLCLK[0]
                         net (fo=1, routed)           0.129     0.129    PYNQ_Design_i/zynq_ultra_ps_e_0/U0/pl_clk_unbuffered[0]
    BUFG_PS_X0Y58        BUFG_PS (Prop_BUFG_PS_I_O)
                                                      0.018     0.147 r  PYNQ_Design_i/zynq_ultra_ps_e_0/U0/buffer_pl_clk_0.PL_CLK_0_BUFG/O
    X2Y2 (CLOCK_ROOT)    net (fo=13302, routed)       1.272     1.419    PYNQ_Design_i/usp_rf_data_converter_0/inst/s_axi_aclk
    SLICE_X110Y116       FDRE                                         r  PYNQ_Design_i/usp_rf_data_converter_0/inst/IP2Bus_Data_reg[8]/C

Slack:                    inf
  Source:                 PYNQ_Design_i/usp_rf_data_converter_0/inst/PYNQ_Design_usp_rf_data_converter_0_0_rf_wrapper_i/tx0_u_dac/INTERNAL_FBRC_MUX
                            (rising edge-triggered cell HSDAC clocked by RFDAC0_CLK  {rise@0.000ns fall@10.000ns period=20.000ns})
  Destination:            PYNQ_Design_i/usp_rf_data_converter_0/inst/IP2Bus_Data_reg[10]/D
                            (rising edge-triggered cell FDRE clocked by clk_pl_0  {rise@0.000ns fall@5.156ns period=10.312ns})
  Path Group:             (none)
  Path Type:              Hold (Min at Fast Process Corner)
  Data Path Delay:        1.499ns  (logic 0.472ns (31.488%)  route 1.027ns (68.512%))
  Logic Levels:           3  (LUT5=1 LUT6=2)
  Clock Path Skew:        1.418ns (DCD - SCD - CPR)
    Destination Clock Delay (DCD):    1.418ns
    Source Clock Delay      (SCD):    0.000ns
    Clock Pessimism Removal (CPR):    -0.000ns
  Clock Uncertainty:      0.159ns  ((TSJ^2 + DJ^2)^1/2) / 2 + PE
    Total System Jitter     (TSJ):    0.071ns
    Discrete Jitter          (DJ):    0.310ns
    Phase Error              (PE):    0.000ns
  Clock Net Delay (Destination): 1.271ns (routing 0.282ns, distribution 0.989ns)
  Timing Exception:       False Path

    Location             Delay type                Incr(ns)  Path(ns)    Netlist Resource(s)
  -------------------------------------------------------------------    -------------------
                         (clock RFDAC0_CLK rise edge)
                                                      0.000     0.000 r  
    HSDAC_X0Y0           HSDAC                        0.000     0.000 r  PYNQ_Design_i/usp_rf_data_converter_0/inst/PYNQ_Design_usp_rf_data_converter_0_0_rf_wrapper_i/tx0_u_dac/INTERNAL_FBRC_MUX
  -------------------------------------------------------------------    -------------------
    HSDAC_X0Y0           HSDAC (Prop_HSDAC_INTERNAL_FBRC_MUX_STATUS_COMMON[10])
                                                      0.375     0.375 r  PYNQ_Design_i/usp_rf_data_converter_0/inst/PYNQ_Design_usp_rf_data_converter_0_0_rf_wrapper_i/tx0_u_dac/STATUS_COMMON[10]
                         net (fo=1, routed)           0.841     1.216    PYNQ_Design_i/usp_rf_data_converter_0/inst/i_axi_lite_ipif/I_SLAVE_ATTACHMENT/I_DECODER/dac0_common_stat[10]
    SLICE_X110Y118       LUT5 (Prop_G6LUT_SLICEM_I4_O)
                                                      0.060     1.276 f  PYNQ_Design_i/usp_rf_data_converter_0/inst/i_axi_lite_ipif/I_SLAVE_ATTACHMENT/I_DECODER/IP2Bus_Data[10]_i_6/O
                         net (fo=1, routed)           0.066     1.342    PYNQ_Design_i/usp_rf_data_converter_0/inst/i_axi_lite_ipif/I_SLAVE_ATTACHMENT/I_DECODER/IP2Bus_Data[10]_i_6_n_0
    SLICE_X110Y118       LUT6 (Prop_D6LUT_SLICEM_I2_O)
                                                      0.022     1.364 r  PYNQ_Design_i/usp_rf_data_converter_0/inst/i_axi_lite_ipif/I_SLAVE_ATTACHMENT/I_DECODER/IP2Bus_Data[10]_i_2/O
                         net (fo=1, routed)           0.103     1.467    PYNQ_Design_i/usp_rf_data_converter_0/inst/i_axi_lite_ipif/I_SLAVE_ATTACHMENT/I_DECODER/IP2Bus_Data[10]_i_2_n_0
    SLICE_X111Y116       LUT6 (Prop_H6LUT_SLICEL_I0_O)
                                                      0.015     1.482 r  PYNQ_Design_i/usp_rf_data_converter_0/inst/i_axi_lite_ipif/I_SLAVE_ATTACHMENT/I_DECODER/IP2Bus_Data[10]_i_1/O
                         net (fo=1, routed)           0.017     1.499    PYNQ_Design_i/usp_rf_data_converter_0/inst/i_axi_lite_ipif_n_74
    SLICE_X111Y116       FDRE                                         r  PYNQ_Design_i/usp_rf_data_converter_0/inst/IP2Bus_Data_reg[10]/D
  -------------------------------------------------------------------    -------------------

                         (clock clk_pl_0 rise edge)
                                                      0.000     0.000 r  
    PS8_X0Y0             PS8                          0.000     0.000 r  PYNQ_Design_i/zynq_ultra_ps_e_0/U0/PS8_i/PLCLK[0]
                         net (fo=1, routed)           0.129     0.129    PYNQ_Design_i/zynq_ultra_ps_e_0/U0/pl_clk_unbuffered[0]
    BUFG_PS_X0Y58        BUFG_PS (Prop_BUFG_PS_I_O)
                                                      0.018     0.147 r  PYNQ_Design_i/zynq_ultra_ps_e_0/U0/buffer_pl_clk_0.PL_CLK_0_BUFG/O
    X2Y2 (CLOCK_ROOT)    net (fo=13302, routed)       1.271     1.418    PYNQ_Design_i/usp_rf_data_converter_0/inst/s_axi_aclk
    SLICE_X111Y116       FDRE                                         r  PYNQ_Design_i/usp_rf_data_converter_0/inst/IP2Bus_Data_reg[10]/C

Slack:                    inf
  Source:                 PYNQ_Design_i/usp_rf_data_converter_0/inst/PYNQ_Design_usp_rf_data_converter_0_0_rf_wrapper_i/tx0_u_dac/INTERNAL_FBRC_MUX
                            (rising edge-triggered cell HSDAC clocked by RFDAC0_CLK  {rise@0.000ns fall@10.000ns period=20.000ns})
  Destination:            PYNQ_Design_i/usp_rf_data_converter_0/inst/IP2Bus_Data_reg[9]/D
                            (rising edge-triggered cell FDRE clocked by clk_pl_0  {rise@0.000ns fall@5.156ns period=10.312ns})
  Path Group:             (none)
  Path Type:              Hold (Min at Fast Process Corner)
  Data Path Delay:        1.538ns  (logic 0.445ns (28.934%)  route 1.093ns (71.066%))
  Logic Levels:           4  (LUT5=1 LUT6=3)
  Clock Path Skew:        1.420ns (DCD - SCD - CPR)
    Destination Clock Delay (DCD):    1.420ns
    Source Clock Delay      (SCD):    0.000ns
    Clock Pessimism Removal (CPR):    -0.000ns
  Clock Uncertainty:      0.159ns  ((TSJ^2 + DJ^2)^1/2) / 2 + PE
    Total System Jitter     (TSJ):    0.071ns
    Discrete Jitter          (DJ):    0.310ns
    Phase Error              (PE):    0.000ns
  Clock Net Delay (Destination): 1.273ns (routing 0.282ns, distribution 0.991ns)
  Timing Exception:       False Path

    Location             Delay type                Incr(ns)  Path(ns)    Netlist Resource(s)
  -------------------------------------------------------------------    -------------------
                         (clock RFDAC0_CLK rise edge)
                                                      0.000     0.000 r  
    HSDAC_X0Y0           HSDAC                        0.000     0.000 r  PYNQ_Design_i/usp_rf_data_converter_0/inst/PYNQ_Design_usp_rf_data_converter_0_0_rf_wrapper_i/tx0_u_dac/INTERNAL_FBRC_MUX
  -------------------------------------------------------------------    -------------------
    HSDAC_X0Y0           HSDAC (Prop_HSDAC_INTERNAL_FBRC_MUX_STATUS_COMMON[9])
                                                      0.338     0.338 r  PYNQ_Design_i/usp_rf_data_converter_0/inst/PYNQ_Design_usp_rf_data_converter_0_0_rf_wrapper_i/tx0_u_dac/STATUS_COMMON[9]
                         net (fo=1, routed)           0.796     1.134    PYNQ_Design_i/usp_rf_data_converter_0/inst/i_axi_lite_ipif/I_SLAVE_ATTACHMENT/I_DECODER/dac0_common_stat[9]
    SLICE_X109Y115       LUT5 (Prop_F6LUT_SLICEM_I4_O)
                                                      0.035     1.169 r  PYNQ_Design_i/usp_rf_data_converter_0/inst/i_axi_lite_ipif/I_SLAVE_ATTACHMENT/I_DECODER/IP2Bus_Data[9]_i_27/O
                         net (fo=1, routed)           0.046     1.215    PYNQ_Design_i/usp_rf_data_converter_0/inst/i_axi_lite_ipif/I_SLAVE_ATTACHMENT/I_DECODER/IP2Bus_Data[9]_i_27_n_0
    SLICE_X109Y116       LUT6 (Prop_F6LUT_SLICEM_I2_O)
                                                      0.035     1.250 r  PYNQ_Design_i/usp_rf_data_converter_0/inst/i_axi_lite_ipif/I_SLAVE_ATTACHMENT/I_DECODER/IP2Bus_Data[9]_i_9/O
                         net (fo=1, routed)           0.095     1.345    PYNQ_Design_i/usp_rf_data_converter_0/inst/i_axi_lite_ipif/I_SLAVE_ATTACHMENT/I_DECODER/IP2Bus_Data[9]_i_9_n_0
    SLICE_X111Y116       LUT6 (Prop_B6LUT_SLICEL_I4_O)
                                                      0.023     1.368 r  PYNQ_Design_i/usp_rf_data_converter_0/inst/i_axi_lite_ipif/I_SLAVE_ATTACHMENT/I_DECODER/IP2Bus_Data[9]_i_2/O
                         net (fo=1, routed)           0.132     1.500    PYNQ_Design_i/usp_rf_data_converter_0/inst/i_axi_lite_ipif/I_SLAVE_ATTACHMENT/I_DECODER/IP2Bus_Data[9]_i_2_n_0
    SLICE_X113Y112       LUT6 (Prop_C6LUT_SLICEM_I0_O)
                                                      0.014     1.514 r  PYNQ_Design_i/usp_rf_data_converter_0/inst/i_axi_lite_ipif/I_SLAVE_ATTACHMENT/I_DECODER/IP2Bus_Data[9]_i_1/O
                         net (fo=1, routed)           0.024     1.538    PYNQ_Design_i/usp_rf_data_converter_0/inst/i_axi_lite_ipif_n_75
    SLICE_X113Y112       FDRE                                         r  PYNQ_Design_i/usp_rf_data_converter_0/inst/IP2Bus_Data_reg[9]/D
  -------------------------------------------------------------------    -------------------

                         (clock clk_pl_0 rise edge)
                                                      0.000     0.000 r  
    PS8_X0Y0             PS8                          0.000     0.000 r  PYNQ_Design_i/zynq_ultra_ps_e_0/U0/PS8_i/PLCLK[0]
                         net (fo=1, routed)           0.129     0.129    PYNQ_Design_i/zynq_ultra_ps_e_0/U0/pl_clk_unbuffered[0]
    BUFG_PS_X0Y58        BUFG_PS (Prop_BUFG_PS_I_O)
                                                      0.018     0.147 r  PYNQ_Design_i/zynq_ultra_ps_e_0/U0/buffer_pl_clk_0.PL_CLK_0_BUFG/O
    X2Y2 (CLOCK_ROOT)    net (fo=13302, routed)       1.273     1.420    PYNQ_Design_i/usp_rf_data_converter_0/inst/s_axi_aclk
    SLICE_X113Y112       FDRE                                         r  PYNQ_Design_i/usp_rf_data_converter_0/inst/IP2Bus_Data_reg[9]/C

Slack:                    inf
  Source:                 PYNQ_Design_i/usp_rf_data_converter_0/inst/PYNQ_Design_usp_rf_data_converter_0_0_rf_wrapper_i/tx0_u_dac/INTERNAL_FBRC_MUX
                            (rising edge-triggered cell HSDAC clocked by RFDAC0_CLK  {rise@0.000ns fall@10.000ns period=20.000ns})
  Destination:            PYNQ_Design_i/usp_rf_data_converter_0/inst/IP2Bus_Data_reg[15]/D
                            (rising edge-triggered cell FDRE clocked by clk_pl_0  {rise@0.000ns fall@5.156ns period=10.312ns})
  Path Group:             (none)
  Path Type:              Hold (Min at Fast Process Corner)
  Data Path Delay:        1.600ns  (logic 0.548ns (34.250%)  route 1.052ns (65.750%))
  Logic Levels:           4  (LUT5=1 LUT6=3)
  Clock Path Skew:        1.415ns (DCD - SCD - CPR)
    Destination Clock Delay (DCD):    1.415ns
    Source Clock Delay      (SCD):    0.000ns
    Clock Pessimism Removal (CPR):    -0.000ns
  Clock Uncertainty:      0.159ns  ((TSJ^2 + DJ^2)^1/2) / 2 + PE
    Total System Jitter     (TSJ):    0.071ns
    Discrete Jitter          (DJ):    0.310ns
    Phase Error              (PE):    0.000ns
  Clock Net Delay (Destination): 1.268ns (routing 0.282ns, distribution 0.986ns)
  Timing Exception:       False Path

    Location             Delay type                Incr(ns)  Path(ns)    Netlist Resource(s)
  -------------------------------------------------------------------    -------------------
                         (clock RFDAC0_CLK rise edge)
                                                      0.000     0.000 r  
    HSDAC_X0Y0           HSDAC                        0.000     0.000 r  PYNQ_Design_i/usp_rf_data_converter_0/inst/PYNQ_Design_usp_rf_data_converter_0_0_rf_wrapper_i/tx0_u_dac/INTERNAL_FBRC_MUX
  -------------------------------------------------------------------    -------------------
    HSDAC_X0Y0           HSDAC (Prop_HSDAC_INTERNAL_FBRC_MUX_STATUS_COMMON[15])
                                                      0.413     0.413 r  PYNQ_Design_i/usp_rf_data_converter_0/inst/PYNQ_Design_usp_rf_data_converter_0_0_rf_wrapper_i/tx0_u_dac/STATUS_COMMON[15]
                         net (fo=1, routed)           0.790     1.203    PYNQ_Design_i/usp_rf_data_converter_0/inst/i_axi_lite_ipif/I_SLAVE_ATTACHMENT/I_DECODER/dac0_common_stat[15]
    SLICE_X110Y112       LUT5 (Prop_G6LUT_SLICEM_I4_O)
                                                      0.040     1.243 r  PYNQ_Design_i/usp_rf_data_converter_0/inst/i_axi_lite_ipif/I_SLAVE_ATTACHMENT/I_DECODER/IP2Bus_Data[15]_i_30/O
                         net (fo=1, routed)           0.027     1.270    PYNQ_Design_i/usp_rf_data_converter_0/inst/i_axi_lite_ipif/I_SLAVE_ATTACHMENT/I_DECODER/IP2Bus_Data[15]_i_30_n_0
    SLICE_X110Y112       LUT6 (Prop_H6LUT_SLICEM_I4_O)
                                                      0.023     1.293 r  PYNQ_Design_i/usp_rf_data_converter_0/inst/i_axi_lite_ipif/I_SLAVE_ATTACHMENT/I_DECODER/IP2Bus_Data[15]_i_9/O
                         net (fo=1, routed)           0.094     1.387    PYNQ_Design_i/usp_rf_data_converter_0/inst/i_axi_lite_ipif/I_SLAVE_ATTACHMENT/I_DECODER/IP2Bus_Data[15]_i_9_n_0
    SLICE_X111Y115       LUT6 (Prop_F6LUT_SLICEL_I3_O)
                                                      0.022     1.409 r  PYNQ_Design_i/usp_rf_data_converter_0/inst/i_axi_lite_ipif/I_SLAVE_ATTACHMENT/I_DECODER/IP2Bus_Data[15]_i_2/O
                         net (fo=1, routed)           0.115     1.524    PYNQ_Design_i/usp_rf_data_converter_0/inst/i_axi_lite_ipif/I_SLAVE_ATTACHMENT/I_DECODER/IP2Bus_Data[15]_i_2_n_0
    SLICE_X113Y111       LUT6 (Prop_D6LUT_SLICEM_I0_O)
                                                      0.050     1.574 r  PYNQ_Design_i/usp_rf_data_converter_0/inst/i_axi_lite_ipif/I_SLAVE_ATTACHMENT/I_DECODER/IP2Bus_Data[15]_i_1/O
                         net (fo=1, routed)           0.026     1.600    PYNQ_Design_i/usp_rf_data_converter_0/inst/i_axi_lite_ipif_n_69
    SLICE_X113Y111       FDRE                                         r  PYNQ_Design_i/usp_rf_data_converter_0/inst/IP2Bus_Data_reg[15]/D
  -------------------------------------------------------------------    -------------------

                         (clock clk_pl_0 rise edge)
                                                      0.000     0.000 r  
    PS8_X0Y0             PS8                          0.000     0.000 r  PYNQ_Design_i/zynq_ultra_ps_e_0/U0/PS8_i/PLCLK[0]
                         net (fo=1, routed)           0.129     0.129    PYNQ_Design_i/zynq_ultra_ps_e_0/U0/pl_clk_unbuffered[0]
    BUFG_PS_X0Y58        BUFG_PS (Prop_BUFG_PS_I_O)
                                                      0.018     0.147 r  PYNQ_Design_i/zynq_ultra_ps_e_0/U0/buffer_pl_clk_0.PL_CLK_0_BUFG/O
    X2Y2 (CLOCK_ROOT)    net (fo=13302, routed)       1.268     1.415    PYNQ_Design_i/usp_rf_data_converter_0/inst/s_axi_aclk
    SLICE_X113Y111       FDRE                                         r  PYNQ_Design_i/usp_rf_data_converter_0/inst/IP2Bus_Data_reg[15]/C

Slack:                    inf
  Source:                 PYNQ_Design_i/usp_rf_data_converter_0/inst/PYNQ_Design_usp_rf_data_converter_0_0_rf_wrapper_i/tx0_u_dac/INTERNAL_FBRC_MUX
                            (rising edge-triggered cell HSDAC clocked by RFDAC0_CLK  {rise@0.000ns fall@10.000ns period=20.000ns})
  Destination:            PYNQ_Design_i/usp_rf_data_converter_0/inst/IP2Bus_Data_reg[12]/D
                            (rising edge-triggered cell FDRE clocked by clk_pl_0  {rise@0.000ns fall@5.156ns period=10.312ns})
  Path Group:             (none)
  Path Type:              Hold (Min at Fast Process Corner)
  Data Path Delay:        1.649ns  (logic 0.541ns (32.808%)  route 1.108ns (67.192%))
  Logic Levels:           4  (LUT5=1 LUT6=3)
  Clock Path Skew:        1.408ns (DCD - SCD - CPR)
    Destination Clock Delay (DCD):    1.408ns
    Source Clock Delay      (SCD):    0.000ns
    Clock Pessimism Removal (CPR):    -0.000ns
  Clock Uncertainty:      0.159ns  ((TSJ^2 + DJ^2)^1/2) / 2 + PE
    Total System Jitter     (TSJ):    0.071ns
    Discrete Jitter          (DJ):    0.310ns
    Phase Error              (PE):    0.000ns
  Clock Net Delay (Destination): 1.261ns (routing 0.282ns, distribution 0.979ns)
  Timing Exception:       False Path

    Location             Delay type                Incr(ns)  Path(ns)    Netlist Resource(s)
  -------------------------------------------------------------------    -------------------
                         (clock RFDAC0_CLK rise edge)
                                                      0.000     0.000 r  
    HSDAC_X0Y0           HSDAC                        0.000     0.000 r  PYNQ_Design_i/usp_rf_data_converter_0/inst/PYNQ_Design_usp_rf_data_converter_0_0_rf_wrapper_i/tx0_u_dac/INTERNAL_FBRC_MUX
  -------------------------------------------------------------------    -------------------
    HSDAC_X0Y0           HSDAC (Prop_HSDAC_INTERNAL_FBRC_MUX_STATUS_COMMON[12])
                                                      0.386     0.386 r  PYNQ_Design_i/usp_rf_data_converter_0/inst/PYNQ_Design_usp_rf_data_converter_0_0_rf_wrapper_i/tx0_u_dac/STATUS_COMMON[12]
                         net (fo=1, routed)           0.863     1.249    PYNQ_Design_i/usp_rf_data_converter_0/inst/i_axi_lite_ipif/I_SLAVE_ATTACHMENT/I_DECODER/dac0_common_stat[12]
    SLICE_X108Y118       LUT5 (Prop_H6LUT_SLICEL_I4_O)
                                                      0.060     1.309 r  PYNQ_Design_i/usp_rf_data_converter_0/inst/i_axi_lite_ipif/I_SLAVE_ATTACHMENT/I_DECODER/IP2Bus_Data[12]_i_41/O
                         net (fo=1, routed)           0.040     1.349    PYNQ_Design_i/usp_rf_data_converter_0/inst/i_axi_lite_ipif/I_SLAVE_ATTACHMENT/I_DECODER/IP2Bus_Data[12]_i_41_n_0
    SLICE_X108Y118       LUT6 (Prop_D6LUT_SLICEL_I5_O)
                                                      0.022     1.371 f  PYNQ_Design_i/usp_rf_data_converter_0/inst/i_axi_lite_ipif/I_SLAVE_ATTACHMENT/I_DECODER/IP2Bus_Data[12]_i_20/O
                         net (fo=1, routed)           0.103     1.474    PYNQ_Design_i/usp_rf_data_converter_0/inst/i_axi_lite_ipif/I_SLAVE_ATTACHMENT/I_DECODER/IP2Bus_Data[12]_i_20_n_0
    SLICE_X111Y117       LUT6 (Prop_H6LUT_SLICEL_I4_O)
                                                      0.023     1.497 r  PYNQ_Design_i/usp_rf_data_converter_0/inst/i_axi_lite_ipif/I_SLAVE_ATTACHMENT/I_DECODER/IP2Bus_Data[12]_i_5/O
                         net (fo=1, routed)           0.085     1.582    PYNQ_Design_i/usp_rf_data_converter_0/inst/i_axi_lite_ipif/I_SLAVE_ATTACHMENT/I_DECODER/IP2Bus_Data[12]_i_5_n_0
    SLICE_X111Y112       LUT6 (Prop_C6LUT_SLICEL_I3_O)
                                                      0.050     1.632 r  PYNQ_Design_i/usp_rf_data_converter_0/inst/i_axi_lite_ipif/I_SLAVE_ATTACHMENT/I_DECODER/IP2Bus_Data[12]_i_1/O
                         net (fo=1, routed)           0.017     1.649    PYNQ_Design_i/usp_rf_data_converter_0/inst/i_axi_lite_ipif_n_72
    SLICE_X111Y112       FDRE                                         r  PYNQ_Design_i/usp_rf_data_converter_0/inst/IP2Bus_Data_reg[12]/D
  -------------------------------------------------------------------    -------------------

                         (clock clk_pl_0 rise edge)
                                                      0.000     0.000 r  
    PS8_X0Y0             PS8                          0.000     0.000 r  PYNQ_Design_i/zynq_ultra_ps_e_0/U0/PS8_i/PLCLK[0]
                         net (fo=1, routed)           0.129     0.129    PYNQ_Design_i/zynq_ultra_ps_e_0/U0/pl_clk_unbuffered[0]
    BUFG_PS_X0Y58        BUFG_PS (Prop_BUFG_PS_I_O)
                                                      0.018     0.147 r  PYNQ_Design_i/zynq_ultra_ps_e_0/U0/buffer_pl_clk_0.PL_CLK_0_BUFG/O
    X2Y2 (CLOCK_ROOT)    net (fo=13302, routed)       1.261     1.408    PYNQ_Design_i/usp_rf_data_converter_0/inst/s_axi_aclk
    SLICE_X111Y112       FDRE                                         r  PYNQ_Design_i/usp_rf_data_converter_0/inst/IP2Bus_Data_reg[12]/C

Slack:                    inf
  Source:                 PYNQ_Design_i/usp_rf_data_converter_0/inst/PYNQ_Design_usp_rf_data_converter_0_0_rf_wrapper_i/tx0_u_dac/INTERNAL_FBRC_MUX
                            (rising edge-triggered cell HSDAC clocked by RFDAC0_CLK  {rise@0.000ns fall@10.000ns period=20.000ns})
  Destination:            PYNQ_Design_i/usp_rf_data_converter_0/inst/IP2Bus_Data_reg[13]/D
                            (rising edge-triggered cell FDRE clocked by clk_pl_0  {rise@0.000ns fall@5.156ns period=10.312ns})
  Path Group:             (none)
  Path Type:              Hold (Min at Fast Process Corner)
  Data Path Delay:        1.678ns  (logic 0.679ns (40.465%)  route 0.999ns (59.535%))
  Logic Levels:           4  (LUT4=2 LUT5=1 LUT6=1)
  Clock Path Skew:        1.411ns (DCD - SCD - CPR)
    Destination Clock Delay (DCD):    1.411ns
    Source Clock Delay      (SCD):    0.000ns
    Clock Pessimism Removal (CPR):    -0.000ns
  Clock Uncertainty:      0.159ns  ((TSJ^2 + DJ^2)^1/2) / 2 + PE
    Total System Jitter     (TSJ):    0.071ns
    Discrete Jitter          (DJ):    0.310ns
    Phase Error              (PE):    0.000ns
  Clock Net Delay (Destination): 1.264ns (routing 0.282ns, distribution 0.982ns)
  Timing Exception:       False Path

    Location             Delay type                Incr(ns)  Path(ns)    Netlist Resource(s)
  -------------------------------------------------------------------    -------------------
                         (clock RFDAC0_CLK rise edge)
                                                      0.000     0.000 r  
    HSDAC_X0Y0           HSDAC                        0.000     0.000 r  PYNQ_Design_i/usp_rf_data_converter_0/inst/PYNQ_Design_usp_rf_data_converter_0_0_rf_wrapper_i/tx0_u_dac/INTERNAL_FBRC_MUX
  -------------------------------------------------------------------    -------------------
    HSDAC_X0Y0           HSDAC (Prop_HSDAC_INTERNAL_FBRC_MUX_STATUS_COMMON[13])
                                                      0.524     0.524 r  PYNQ_Design_i/usp_rf_data_converter_0/inst/PYNQ_Design_usp_rf_data_converter_0_0_rf_wrapper_i/tx0_u_dac/STATUS_COMMON[13]
                         net (fo=1, routed)           0.827     1.351    PYNQ_Design_i/usp_rf_data_converter_0/inst/i_axi_lite_ipif/I_SLAVE_ATTACHMENT/I_DECODER/dac0_common_stat[13]
    SLICE_X110Y117       LUT5 (Prop_C6LUT_SLICEM_I4_O)
                                                      0.050     1.401 f  PYNQ_Design_i/usp_rf_data_converter_0/inst/i_axi_lite_ipif/I_SLAVE_ATTACHMENT/I_DECODER/IP2Bus_Data[13]_i_23/O
                         net (fo=1, routed)           0.022     1.423    PYNQ_Design_i/usp_rf_data_converter_0/inst/i_axi_lite_ipif/I_SLAVE_ATTACHMENT/I_DECODER/IP2Bus_Data[13]_i_23_n_0
    SLICE_X110Y117       LUT4 (Prop_A6LUT_SLICEM_I3_O)
                                                      0.035     1.458 r  PYNQ_Design_i/usp_rf_data_converter_0/inst/i_axi_lite_ipif/I_SLAVE_ATTACHMENT/I_DECODER/IP2Bus_Data[13]_i_9/O
                         net (fo=1, routed)           0.024     1.482    PYNQ_Design_i/usp_rf_data_converter_0/inst/i_axi_lite_ipif/I_SLAVE_ATTACHMENT/I_DECODER/IP2Bus_Data[13]_i_9_n_0
    SLICE_X110Y117       LUT4 (Prop_B6LUT_SLICEM_I3_O)
                                                      0.035     1.517 r  PYNQ_Design_i/usp_rf_data_converter_0/inst/i_axi_lite_ipif/I_SLAVE_ATTACHMENT/I_DECODER/IP2Bus_Data[13]_i_2/O
                         net (fo=1, routed)           0.100     1.617    PYNQ_Design_i/usp_rf_data_converter_0/inst/i_axi_lite_ipif/I_SLAVE_ATTACHMENT/I_DECODER/IP2Bus_Data[13]_i_2_n_0
    SLICE_X112Y114       LUT6 (Prop_D6LUT_SLICEM_I0_O)
                                                      0.035     1.652 r  PYNQ_Design_i/usp_rf_data_converter_0/inst/i_axi_lite_ipif/I_SLAVE_ATTACHMENT/I_DECODER/IP2Bus_Data[13]_i_1/O
                         net (fo=1, routed)           0.026     1.678    PYNQ_Design_i/usp_rf_data_converter_0/inst/i_axi_lite_ipif_n_71
    SLICE_X112Y114       FDRE                                         r  PYNQ_Design_i/usp_rf_data_converter_0/inst/IP2Bus_Data_reg[13]/D
  -------------------------------------------------------------------    -------------------

                         (clock clk_pl_0 rise edge)
                                                      0.000     0.000 r  
    PS8_X0Y0             PS8                          0.000     0.000 r  PYNQ_Design_i/zynq_ultra_ps_e_0/U0/PS8_i/PLCLK[0]
                         net (fo=1, routed)           0.129     0.129    PYNQ_Design_i/zynq_ultra_ps_e_0/U0/pl_clk_unbuffered[0]
    BUFG_PS_X0Y58        BUFG_PS (Prop_BUFG_PS_I_O)
                                                      0.018     0.147 r  PYNQ_Design_i/zynq_ultra_ps_e_0/U0/buffer_pl_clk_0.PL_CLK_0_BUFG/O
    X2Y2 (CLOCK_ROOT)    net (fo=13302, routed)       1.264     1.411    PYNQ_Design_i/usp_rf_data_converter_0/inst/s_axi_aclk
    SLICE_X112Y114       FDRE                                         r  PYNQ_Design_i/usp_rf_data_converter_0/inst/IP2Bus_Data_reg[13]/C

Slack:                    inf
  Source:                 PYNQ_Design_i/usp_rf_data_converter_0/inst/PYNQ_Design_usp_rf_data_converter_0_0_rf_wrapper_i/tx0_u_dac/INTERNAL_FBRC_MUX
                            (rising edge-triggered cell HSDAC clocked by RFDAC0_CLK  {rise@0.000ns fall@10.000ns period=20.000ns})
  Destination:            PYNQ_Design_i/usp_rf_data_converter_0/inst/IP2Bus_Data_reg[14]/D
                            (rising edge-triggered cell FDRE clocked by clk_pl_0  {rise@0.000ns fall@5.156ns period=10.312ns})
  Path Group:             (none)
  Path Type:              Hold (Min at Fast Process Corner)
  Data Path Delay:        1.838ns  (logic 0.650ns (35.365%)  route 1.188ns (64.635%))
  Logic Levels:           5  (LUT4=1 LUT6=4)
  Clock Path Skew:        1.408ns (DCD - SCD - CPR)
    Destination Clock Delay (DCD):    1.408ns
    Source Clock Delay      (SCD):    0.000ns
    Clock Pessimism Removal (CPR):    -0.000ns
  Clock Uncertainty:      0.159ns  ((TSJ^2 + DJ^2)^1/2) / 2 + PE
    Total System Jitter     (TSJ):    0.071ns
    Discrete Jitter          (DJ):    0.310ns
    Phase Error              (PE):    0.000ns
  Clock Net Delay (Destination): 1.261ns (routing 0.282ns, distribution 0.979ns)
  Timing Exception:       False Path

    Location             Delay type                Incr(ns)  Path(ns)    Netlist Resource(s)
  -------------------------------------------------------------------    -------------------
                         (clock RFDAC0_CLK rise edge)
                                                      0.000     0.000 r  
    HSDAC_X0Y0           HSDAC                        0.000     0.000 r  PYNQ_Design_i/usp_rf_data_converter_0/inst/PYNQ_Design_usp_rf_data_converter_0_0_rf_wrapper_i/tx0_u_dac/INTERNAL_FBRC_MUX
  -------------------------------------------------------------------    -------------------
    HSDAC_X0Y0           HSDAC (Prop_HSDAC_INTERNAL_FBRC_MUX_STATUS_COMMON[14])
                                                      0.398     0.398 r  PYNQ_Design_i/usp_rf_data_converter_0/inst/PYNQ_Design_usp_rf_data_converter_0_0_rf_wrapper_i/tx0_u_dac/STATUS_COMMON[14]
                         net (fo=1, routed)           0.822     1.220    PYNQ_Design_i/usp_rf_data_converter_0/inst/i_axi_lite_ipif/I_SLAVE_ATTACHMENT/I_DECODER/dac0_common_stat[14]
    SLICE_X111Y111       LUT4 (Prop_E6LUT_SLICEL_I0_O)
                                                      0.059     1.279 f  PYNQ_Design_i/usp_rf_data_converter_0/inst/i_axi_lite_ipif/I_SLAVE_ATTACHMENT/I_DECODER/IP2Bus_Data[14]_i_56/O
                         net (fo=1, routed)           0.057     1.336    PYNQ_Design_i/usp_rf_data_converter_0/inst/i_axi_lite_ipif/I_SLAVE_ATTACHMENT/I_DECODER/IP2Bus_Data[14]_i_56_n_0
    SLICE_X111Y111       LUT6 (Prop_H6LUT_SLICEL_I0_O)
                                                      0.060     1.396 r  PYNQ_Design_i/usp_rf_data_converter_0/inst/i_axi_lite_ipif/I_SLAVE_ATTACHMENT/I_DECODER/IP2Bus_Data[14]_i_27/O
                         net (fo=1, routed)           0.093     1.489    PYNQ_Design_i/usp_rf_data_converter_0/inst/i_axi_lite_ipif/I_SLAVE_ATTACHMENT/I_DECODER/IP2Bus_Data[14]_i_27_n_0
    SLICE_X111Y112       LUT6 (Prop_G6LUT_SLICEL_I1_O)
                                                      0.050     1.539 r  PYNQ_Design_i/usp_rf_data_converter_0/inst/i_axi_lite_ipif/I_SLAVE_ATTACHMENT/I_DECODER/IP2Bus_Data[14]_i_8/O
                         net (fo=1, routed)           0.110     1.649    PYNQ_Design_i/usp_rf_data_converter_0/inst/i_axi_lite_ipif/I_SLAVE_ATTACHMENT/I_DECODER/IP2Bus_Data[14]_i_8_n_0
    SLICE_X112Y116       LUT6 (Prop_H6LUT_SLICEM_I0_O)
                                                      0.023     1.672 r  PYNQ_Design_i/usp_rf_data_converter_0/inst/i_axi_lite_ipif/I_SLAVE_ATTACHMENT/I_DECODER/IP2Bus_Data[14]_i_2/O
                         net (fo=1, routed)           0.091     1.763    PYNQ_Design_i/usp_rf_data_converter_0/inst/i_axi_lite_ipif/I_SLAVE_ATTACHMENT/I_DECODER/IP2Bus_Data[14]_i_2_n_0
    SLICE_X111Y112       LUT6 (Prop_B6LUT_SLICEL_I0_O)
                                                      0.060     1.823 r  PYNQ_Design_i/usp_rf_data_converter_0/inst/i_axi_lite_ipif/I_SLAVE_ATTACHMENT/I_DECODER/IP2Bus_Data[14]_i_1/O
                         net (fo=1, routed)           0.015     1.838    PYNQ_Design_i/usp_rf_data_converter_0/inst/i_axi_lite_ipif_n_70
    SLICE_X111Y112       FDRE                                         r  PYNQ_Design_i/usp_rf_data_converter_0/inst/IP2Bus_Data_reg[14]/D
  -------------------------------------------------------------------    -------------------

                         (clock clk_pl_0 rise edge)
                                                      0.000     0.000 r  
    PS8_X0Y0             PS8                          0.000     0.000 r  PYNQ_Design_i/zynq_ultra_ps_e_0/U0/PS8_i/PLCLK[0]
                         net (fo=1, routed)           0.129     0.129    PYNQ_Design_i/zynq_ultra_ps_e_0/U0/pl_clk_unbuffered[0]
    BUFG_PS_X0Y58        BUFG_PS (Prop_BUFG_PS_I_O)
                                                      0.018     0.147 r  PYNQ_Design_i/zynq_ultra_ps_e_0/U0/buffer_pl_clk_0.PL_CLK_0_BUFG/O
    X2Y2 (CLOCK_ROOT)    net (fo=13302, routed)       1.261     1.408    PYNQ_Design_i/usp_rf_data_converter_0/inst/s_axi_aclk
    SLICE_X111Y112       FDRE                                         r  PYNQ_Design_i/usp_rf_data_converter_0/inst/IP2Bus_Data_reg[14]/C





--------------------------------------------------------------------------------------
Path Group:  (none)
From Clock:  RFDAC1_CLK
  To Clock:  clk_pl_0

Max Delay             8 Endpoints
Min Delay             8 Endpoints
--------------------------------------------------------------------------------------


Max Delay Paths
--------------------------------------------------------------------------------------
Slack:                    inf
  Source:                 PYNQ_Design_i/usp_rf_data_converter_0/inst/PYNQ_Design_usp_rf_data_converter_0_0_rf_wrapper_i/tx1_u_dac/INTERNAL_FBRC_MUX
                            (rising edge-triggered cell HSDAC clocked by RFDAC1_CLK  {rise@0.000ns fall@5.000ns period=10.000ns})
  Destination:            PYNQ_Design_i/usp_rf_data_converter_0/inst/IP2Bus_Data_reg[13]/D
                            (rising edge-triggered cell FDRE clocked by clk_pl_0  {rise@0.000ns fall@5.156ns period=10.312ns})
  Path Group:             (none)
  Path Type:              Setup (Max at Slow Process Corner)
  Data Path Delay:        4.330ns  (logic 1.513ns (34.942%)  route 2.817ns (65.058%))
  Logic Levels:           5  (LUT4=1 LUT6=4)
  Clock Path Skew:        2.001ns (DCD - SCD + CPR)
    Destination Clock Delay (DCD):    2.001ns
    Source Clock Delay      (SCD):    0.000ns
    Clock Pessimism Removal (CPR):    0.000ns
  Clock Uncertainty:      0.159ns  ((TSJ^2 + DJ^2)^1/2) / 2 + PE
    Total System Jitter     (TSJ):    0.071ns
    Discrete Jitter          (DJ):    0.310ns
    Phase Error              (PE):    0.000ns
  Clock Net Delay (Destination): 1.819ns (routing 0.423ns, distribution 1.396ns)
  Timing Exception:       False Path

    Location             Delay type                Incr(ns)  Path(ns)    Netlist Resource(s)
  -------------------------------------------------------------------    -------------------
                         (clock RFDAC1_CLK rise edge)
                                                      0.000     0.000 r  
    HSDAC_X0Y1           HSDAC                        0.000     0.000 r  PYNQ_Design_i/usp_rf_data_converter_0/inst/PYNQ_Design_usp_rf_data_converter_0_0_rf_wrapper_i/tx1_u_dac/INTERNAL_FBRC_MUX
  -------------------------------------------------------------------    -------------------
    HSDAC_X0Y1           HSDAC (Prop_HSDAC_INTERNAL_FBRC_MUX_STATUS_COMMON[13])
                                                      1.059     1.059 r  PYNQ_Design_i/usp_rf_data_converter_0/inst/PYNQ_Design_usp_rf_data_converter_0_0_rf_wrapper_i/tx1_u_dac/STATUS_COMMON[13]
                         net (fo=1, routed)           2.171     3.230    PYNQ_Design_i/usp_rf_data_converter_0/inst/i_axi_lite_ipif/I_SLAVE_ATTACHMENT/I_DECODER/dac1_common_stat[13]
    SLICE_X114Y118       LUT6 (Prop_G6LUT_SLICEL_I5_O)
                                                      0.089     3.319 r  PYNQ_Design_i/usp_rf_data_converter_0/inst/i_axi_lite_ipif/I_SLAVE_ATTACHMENT/I_DECODER/IP2Bus_Data[13]_i_37/O
                         net (fo=1, routed)           0.098     3.417    PYNQ_Design_i/usp_rf_data_converter_0/inst/i_axi_lite_ipif/I_SLAVE_ATTACHMENT/I_DECODER/IP2Bus_Data[13]_i_37_n_0
    SLICE_X113Y118       LUT6 (Prop_H6LUT_SLICEM_I5_O)
                                                      0.125     3.542 f  PYNQ_Design_i/usp_rf_data_converter_0/inst/i_axi_lite_ipif/I_SLAVE_ATTACHMENT/I_DECODER/IP2Bus_Data[13]_i_21/O
                         net (fo=1, routed)           0.040     3.582    PYNQ_Design_i/usp_rf_data_converter_0/inst/i_axi_lite_ipif/I_SLAVE_ATTACHMENT/I_DECODER/IP2Bus_Data[13]_i_21_n_0
    SLICE_X113Y118       LUT6 (Prop_G6LUT_SLICEM_I1_O)
                                                      0.052     3.634 r  PYNQ_Design_i/usp_rf_data_converter_0/inst/i_axi_lite_ipif/I_SLAVE_ATTACHMENT/I_DECODER/IP2Bus_Data[13]_i_8/O
                         net (fo=1, routed)           0.234     3.868    PYNQ_Design_i/usp_rf_data_converter_0/inst/i_axi_lite_ipif/I_SLAVE_ATTACHMENT/I_DECODER/IP2Bus_Data[13]_i_8_n_0
    SLICE_X110Y117       LUT4 (Prop_B6LUT_SLICEM_I2_O)
                                                      0.100     3.968 r  PYNQ_Design_i/usp_rf_data_converter_0/inst/i_axi_lite_ipif/I_SLAVE_ATTACHMENT/I_DECODER/IP2Bus_Data[13]_i_2/O
                         net (fo=1, routed)           0.202     4.170    PYNQ_Design_i/usp_rf_data_converter_0/inst/i_axi_lite_ipif/I_SLAVE_ATTACHMENT/I_DECODER/IP2Bus_Data[13]_i_2_n_0
    SLICE_X112Y114       LUT6 (Prop_D6LUT_SLICEM_I0_O)
                                                      0.088     4.258 r  PYNQ_Design_i/usp_rf_data_converter_0/inst/i_axi_lite_ipif/I_SLAVE_ATTACHMENT/I_DECODER/IP2Bus_Data[13]_i_1/O
                         net (fo=1, routed)           0.072     4.330    PYNQ_Design_i/usp_rf_data_converter_0/inst/i_axi_lite_ipif_n_71
    SLICE_X112Y114       FDRE                                         r  PYNQ_Design_i/usp_rf_data_converter_0/inst/IP2Bus_Data_reg[13]/D
  -------------------------------------------------------------------    -------------------

                         (clock clk_pl_0 rise edge)
                                                      0.000     0.000 r  
    PS8_X0Y0             PS8                          0.000     0.000 r  PYNQ_Design_i/zynq_ultra_ps_e_0/U0/PS8_i/PLCLK[0]
                         net (fo=1, routed)           0.157     0.157    PYNQ_Design_i/zynq_ultra_ps_e_0/U0/pl_clk_unbuffered[0]
    BUFG_PS_X0Y58        BUFG_PS (Prop_BUFG_PS_I_O)
                                                      0.025     0.182 r  PYNQ_Design_i/zynq_ultra_ps_e_0/U0/buffer_pl_clk_0.PL_CLK_0_BUFG/O
    X2Y2 (CLOCK_ROOT)    net (fo=13302, routed)       1.819     2.001    PYNQ_Design_i/usp_rf_data_converter_0/inst/s_axi_aclk
    SLICE_X112Y114       FDRE                                         r  PYNQ_Design_i/usp_rf_data_converter_0/inst/IP2Bus_Data_reg[13]/C

Slack:                    inf
  Source:                 PYNQ_Design_i/usp_rf_data_converter_0/inst/PYNQ_Design_usp_rf_data_converter_0_0_rf_wrapper_i/tx1_u_dac/INTERNAL_FBRC_MUX
                            (rising edge-triggered cell HSDAC clocked by RFDAC1_CLK  {rise@0.000ns fall@5.000ns period=10.000ns})
  Destination:            PYNQ_Design_i/usp_rf_data_converter_0/inst/IP2Bus_Data_reg[15]/D
                            (rising edge-triggered cell FDRE clocked by clk_pl_0  {rise@0.000ns fall@5.156ns period=10.312ns})
  Path Group:             (none)
  Path Type:              Setup (Max at Slow Process Corner)
  Data Path Delay:        4.045ns  (logic 1.270ns (31.397%)  route 2.775ns (68.603%))
  Logic Levels:           5  (LUT4=1 LUT5=1 LUT6=3)
  Clock Path Skew:        2.006ns (DCD - SCD + CPR)
    Destination Clock Delay (DCD):    2.006ns
    Source Clock Delay      (SCD):    0.000ns
    Clock Pessimism Removal (CPR):    0.000ns
  Clock Uncertainty:      0.159ns  ((TSJ^2 + DJ^2)^1/2) / 2 + PE
    Total System Jitter     (TSJ):    0.071ns
    Discrete Jitter          (DJ):    0.310ns
    Phase Error              (PE):    0.000ns
  Clock Net Delay (Destination): 1.824ns (routing 0.423ns, distribution 1.401ns)
  Timing Exception:       False Path

    Location             Delay type                Incr(ns)  Path(ns)    Netlist Resource(s)
  -------------------------------------------------------------------    -------------------
                         (clock RFDAC1_CLK rise edge)
                                                      0.000     0.000 r  
    HSDAC_X0Y1           HSDAC                        0.000     0.000 r  PYNQ_Design_i/usp_rf_data_converter_0/inst/PYNQ_Design_usp_rf_data_converter_0_0_rf_wrapper_i/tx1_u_dac/INTERNAL_FBRC_MUX
  -------------------------------------------------------------------    -------------------
    HSDAC_X0Y1           HSDAC (Prop_HSDAC_INTERNAL_FBRC_MUX_STATUS_COMMON[15])
                                                      0.840     0.840 r  PYNQ_Design_i/usp_rf_data_converter_0/inst/PYNQ_Design_usp_rf_data_converter_0_0_rf_wrapper_i/tx1_u_dac/STATUS_COMMON[15]
                         net (fo=1, routed)           2.103     2.943    PYNQ_Design_i/usp_rf_data_converter_0/inst/i_axi_lite_ipif/I_SLAVE_ATTACHMENT/I_DECODER/dac1_common_stat[15]
    SLICE_X114Y117       LUT4 (Prop_B6LUT_SLICEL_I0_O)
                                                      0.148     3.091 f  PYNQ_Design_i/usp_rf_data_converter_0/inst/i_axi_lite_ipif/I_SLAVE_ATTACHMENT/I_DECODER/IP2Bus_Data[15]_i_68/O
                         net (fo=1, routed)           0.091     3.182    PYNQ_Design_i/usp_rf_data_converter_0/inst/i_axi_lite_ipif/I_SLAVE_ATTACHMENT/I_DECODER/IP2Bus_Data[15]_i_68_n_0
    SLICE_X114Y117       LUT5 (Prop_C6LUT_SLICEL_I3_O)
                                                      0.088     3.270 r  PYNQ_Design_i/usp_rf_data_converter_0/inst/i_axi_lite_ipif/I_SLAVE_ATTACHMENT/I_DECODER/IP2Bus_Data[15]_i_33/O
                         net (fo=1, routed)           0.084     3.354    PYNQ_Design_i/usp_rf_data_converter_0/inst/i_axi_lite_ipif/I_SLAVE_ATTACHMENT/I_DECODER/IP2Bus_Data[15]_i_33_n_0
    SLICE_X113Y116       LUT6 (Prop_G6LUT_SLICEM_I5_O)
                                                      0.037     3.391 r  PYNQ_Design_i/usp_rf_data_converter_0/inst/i_axi_lite_ipif/I_SLAVE_ATTACHMENT/I_DECODER/IP2Bus_Data[15]_i_11/O
                         net (fo=1, routed)           0.201     3.592    PYNQ_Design_i/usp_rf_data_converter_0/inst/i_axi_lite_ipif/I_SLAVE_ATTACHMENT/I_DECODER/IP2Bus_Data[15]_i_11_n_0
    SLICE_X111Y115       LUT6 (Prop_F6LUT_SLICEL_I5_O)
                                                      0.035     3.627 r  PYNQ_Design_i/usp_rf_data_converter_0/inst/i_axi_lite_ipif/I_SLAVE_ATTACHMENT/I_DECODER/IP2Bus_Data[15]_i_2/O
                         net (fo=1, routed)           0.224     3.851    PYNQ_Design_i/usp_rf_data_converter_0/inst/i_axi_lite_ipif/I_SLAVE_ATTACHMENT/I_DECODER/IP2Bus_Data[15]_i_2_n_0
    SLICE_X113Y111       LUT6 (Prop_D6LUT_SLICEM_I0_O)
                                                      0.122     3.973 r  PYNQ_Design_i/usp_rf_data_converter_0/inst/i_axi_lite_ipif/I_SLAVE_ATTACHMENT/I_DECODER/IP2Bus_Data[15]_i_1/O
                         net (fo=1, routed)           0.072     4.045    PYNQ_Design_i/usp_rf_data_converter_0/inst/i_axi_lite_ipif_n_69
    SLICE_X113Y111       FDRE                                         r  PYNQ_Design_i/usp_rf_data_converter_0/inst/IP2Bus_Data_reg[15]/D
  -------------------------------------------------------------------    -------------------

                         (clock clk_pl_0 rise edge)
                                                      0.000     0.000 r  
    PS8_X0Y0             PS8                          0.000     0.000 r  PYNQ_Design_i/zynq_ultra_ps_e_0/U0/PS8_i/PLCLK[0]
                         net (fo=1, routed)           0.157     0.157    PYNQ_Design_i/zynq_ultra_ps_e_0/U0/pl_clk_unbuffered[0]
    BUFG_PS_X0Y58        BUFG_PS (Prop_BUFG_PS_I_O)
                                                      0.025     0.182 r  PYNQ_Design_i/zynq_ultra_ps_e_0/U0/buffer_pl_clk_0.PL_CLK_0_BUFG/O
    X2Y2 (CLOCK_ROOT)    net (fo=13302, routed)       1.824     2.006    PYNQ_Design_i/usp_rf_data_converter_0/inst/s_axi_aclk
    SLICE_X113Y111       FDRE                                         r  PYNQ_Design_i/usp_rf_data_converter_0/inst/IP2Bus_Data_reg[15]/C

Slack:                    inf
  Source:                 PYNQ_Design_i/usp_rf_data_converter_0/inst/PYNQ_Design_usp_rf_data_converter_0_0_rf_wrapper_i/tx1_u_dac/INTERNAL_FBRC_MUX
                            (rising edge-triggered cell HSDAC clocked by RFDAC1_CLK  {rise@0.000ns fall@5.000ns period=10.000ns})
  Destination:            PYNQ_Design_i/usp_rf_data_converter_0/inst/IP2Bus_Data_reg[12]/D
                            (rising edge-triggered cell FDRE clocked by clk_pl_0  {rise@0.000ns fall@5.156ns period=10.312ns})
  Path Group:             (none)
  Path Type:              Setup (Max at Slow Process Corner)
  Data Path Delay:        3.707ns  (logic 1.069ns (28.837%)  route 2.638ns (71.163%))
  Logic Levels:           4  (LUT5=1 LUT6=3)
  Clock Path Skew:        1.999ns (DCD - SCD + CPR)
    Destination Clock Delay (DCD):    1.999ns
    Source Clock Delay      (SCD):    0.000ns
    Clock Pessimism Removal (CPR):    0.000ns
  Clock Uncertainty:      0.159ns  ((TSJ^2 + DJ^2)^1/2) / 2 + PE
    Total System Jitter     (TSJ):    0.071ns
    Discrete Jitter          (DJ):    0.310ns
    Phase Error              (PE):    0.000ns
  Clock Net Delay (Destination): 1.817ns (routing 0.423ns, distribution 1.394ns)
  Timing Exception:       False Path

    Location             Delay type                Incr(ns)  Path(ns)    Netlist Resource(s)
  -------------------------------------------------------------------    -------------------
                         (clock RFDAC1_CLK rise edge)
                                                      0.000     0.000 r  
    HSDAC_X0Y1           HSDAC                        0.000     0.000 r  PYNQ_Design_i/usp_rf_data_converter_0/inst/PYNQ_Design_usp_rf_data_converter_0_0_rf_wrapper_i/tx1_u_dac/INTERNAL_FBRC_MUX
  -------------------------------------------------------------------    -------------------
    HSDAC_X0Y1           HSDAC (Prop_HSDAC_INTERNAL_FBRC_MUX_STATUS_COMMON[12])
                                                      0.759     0.759 r  PYNQ_Design_i/usp_rf_data_converter_0/inst/PYNQ_Design_usp_rf_data_converter_0_0_rf_wrapper_i/tx1_u_dac/STATUS_COMMON[12]
                         net (fo=1, routed)           2.078     2.837    PYNQ_Design_i/usp_rf_data_converter_0/inst/i_axi_lite_ipif/I_SLAVE_ATTACHMENT/I_DECODER/dac1_common_stat[12]
    SLICE_X114Y118       LUT5 (Prop_D6LUT_SLICEL_I4_O)
                                                      0.036     2.873 r  PYNQ_Design_i/usp_rf_data_converter_0/inst/i_axi_lite_ipif/I_SLAVE_ATTACHMENT/I_DECODER/IP2Bus_Data[12]_i_34/O
                         net (fo=1, routed)           0.143     3.016    PYNQ_Design_i/usp_rf_data_converter_0/inst/i_axi_lite_ipif/I_SLAVE_ATTACHMENT/I_DECODER/IP2Bus_Data[12]_i_34_n_0
    SLICE_X113Y118       LUT6 (Prop_B6LUT_SLICEM_I5_O)
                                                      0.052     3.068 f  PYNQ_Design_i/usp_rf_data_converter_0/inst/i_axi_lite_ipif/I_SLAVE_ATTACHMENT/I_DECODER/IP2Bus_Data[12]_i_18/O
                         net (fo=1, routed)           0.208     3.276    PYNQ_Design_i/usp_rf_data_converter_0/inst/i_axi_lite_ipif/I_SLAVE_ATTACHMENT/I_DECODER/IP2Bus_Data[12]_i_18_n_0
    SLICE_X111Y117       LUT6 (Prop_H6LUT_SLICEL_I2_O)
                                                      0.099     3.375 r  PYNQ_Design_i/usp_rf_data_converter_0/inst/i_axi_lite_ipif/I_SLAVE_ATTACHMENT/I_DECODER/IP2Bus_Data[12]_i_5/O
                         net (fo=1, routed)           0.159     3.534    PYNQ_Design_i/usp_rf_data_converter_0/inst/i_axi_lite_ipif/I_SLAVE_ATTACHMENT/I_DECODER/IP2Bus_Data[12]_i_5_n_0
    SLICE_X111Y112       LUT6 (Prop_C6LUT_SLICEL_I3_O)
                                                      0.123     3.657 r  PYNQ_Design_i/usp_rf_data_converter_0/inst/i_axi_lite_ipif/I_SLAVE_ATTACHMENT/I_DECODER/IP2Bus_Data[12]_i_1/O
                         net (fo=1, routed)           0.050     3.707    PYNQ_Design_i/usp_rf_data_converter_0/inst/i_axi_lite_ipif_n_72
    SLICE_X111Y112       FDRE                                         r  PYNQ_Design_i/usp_rf_data_converter_0/inst/IP2Bus_Data_reg[12]/D
  -------------------------------------------------------------------    -------------------

                         (clock clk_pl_0 rise edge)
                                                      0.000     0.000 r  
    PS8_X0Y0             PS8                          0.000     0.000 r  PYNQ_Design_i/zynq_ultra_ps_e_0/U0/PS8_i/PLCLK[0]
                         net (fo=1, routed)           0.157     0.157    PYNQ_Design_i/zynq_ultra_ps_e_0/U0/pl_clk_unbuffered[0]
    BUFG_PS_X0Y58        BUFG_PS (Prop_BUFG_PS_I_O)
                                                      0.025     0.182 r  PYNQ_Design_i/zynq_ultra_ps_e_0/U0/buffer_pl_clk_0.PL_CLK_0_BUFG/O
    X2Y2 (CLOCK_ROOT)    net (fo=13302, routed)       1.817     1.999    PYNQ_Design_i/usp_rf_data_converter_0/inst/s_axi_aclk
    SLICE_X111Y112       FDRE                                         r  PYNQ_Design_i/usp_rf_data_converter_0/inst/IP2Bus_Data_reg[12]/C

Slack:                    inf
  Source:                 PYNQ_Design_i/usp_rf_data_converter_0/inst/PYNQ_Design_usp_rf_data_converter_0_0_rf_wrapper_i/tx1_u_dac/INTERNAL_FBRC_MUX
                            (rising edge-triggered cell HSDAC clocked by RFDAC1_CLK  {rise@0.000ns fall@5.000ns period=10.000ns})
  Destination:            PYNQ_Design_i/usp_rf_data_converter_0/inst/IP2Bus_Data_reg[9]/D
                            (rising edge-triggered cell FDRE clocked by clk_pl_0  {rise@0.000ns fall@5.156ns period=10.312ns})
  Path Group:             (none)
  Path Type:              Setup (Max at Slow Process Corner)
  Data Path Delay:        3.669ns  (logic 0.870ns (23.712%)  route 2.799ns (76.288%))
  Logic Levels:           5  (LUT4=1 LUT6=4)
  Clock Path Skew:        2.011ns (DCD - SCD + CPR)
    Destination Clock Delay (DCD):    2.011ns
    Source Clock Delay      (SCD):    0.000ns
    Clock Pessimism Removal (CPR):    0.000ns
  Clock Uncertainty:      0.159ns  ((TSJ^2 + DJ^2)^1/2) / 2 + PE
    Total System Jitter     (TSJ):    0.071ns
    Discrete Jitter          (DJ):    0.310ns
    Phase Error              (PE):    0.000ns
  Clock Net Delay (Destination): 1.829ns (routing 0.423ns, distribution 1.406ns)
  Timing Exception:       False Path

    Location             Delay type                Incr(ns)  Path(ns)    Netlist Resource(s)
  -------------------------------------------------------------------    -------------------
                         (clock RFDAC1_CLK rise edge)
                                                      0.000     0.000 r  
    HSDAC_X0Y1           HSDAC                        0.000     0.000 r  PYNQ_Design_i/usp_rf_data_converter_0/inst/PYNQ_Design_usp_rf_data_converter_0_0_rf_wrapper_i/tx1_u_dac/INTERNAL_FBRC_MUX
  -------------------------------------------------------------------    -------------------
    HSDAC_X0Y1           HSDAC (Prop_HSDAC_INTERNAL_FBRC_MUX_STATUS_COMMON[9])
                                                      0.674     0.674 r  PYNQ_Design_i/usp_rf_data_converter_0/inst/PYNQ_Design_usp_rf_data_converter_0_0_rf_wrapper_i/tx1_u_dac/STATUS_COMMON[9]
                         net (fo=1, routed)           2.108     2.782    PYNQ_Design_i/usp_rf_data_converter_0/inst/i_axi_lite_ipif/I_SLAVE_ATTACHMENT/I_DECODER/dac1_common_stat[9]
    SLICE_X114Y116       LUT4 (Prop_A6LUT_SLICEL_I0_O)
                                                      0.050     2.832 f  PYNQ_Design_i/usp_rf_data_converter_0/inst/i_axi_lite_ipif/I_SLAVE_ATTACHMENT/I_DECODER/IP2Bus_Data[9]_i_44/O
                         net (fo=1, routed)           0.088     2.920    PYNQ_Design_i/usp_rf_data_converter_0/inst/i_axi_lite_ipif/I_SLAVE_ATTACHMENT/I_DECODER/IP2Bus_Data[9]_i_44_n_0
    SLICE_X114Y116       LUT6 (Prop_H6LUT_SLICEL_I2_O)
                                                      0.036     2.956 r  PYNQ_Design_i/usp_rf_data_converter_0/inst/i_axi_lite_ipif/I_SLAVE_ATTACHMENT/I_DECODER/IP2Bus_Data[9]_i_30/O
                         net (fo=1, routed)           0.141     3.097    PYNQ_Design_i/usp_rf_data_converter_0/inst/i_axi_lite_ipif/I_SLAVE_ATTACHMENT/I_DECODER/IP2Bus_Data[9]_i_30_n_0
    SLICE_X113Y116       LUT6 (Prop_C6LUT_SLICEM_I2_O)
                                                      0.037     3.134 f  PYNQ_Design_i/usp_rf_data_converter_0/inst/i_axi_lite_ipif/I_SLAVE_ATTACHMENT/I_DECODER/IP2Bus_Data[9]_i_10/O
                         net (fo=1, routed)           0.149     3.283    PYNQ_Design_i/usp_rf_data_converter_0/inst/i_axi_lite_ipif/I_SLAVE_ATTACHMENT/I_DECODER/IP2Bus_Data[9]_i_10_n_0
    SLICE_X111Y116       LUT6 (Prop_B6LUT_SLICEL_I5_O)
                                                      0.036     3.319 r  PYNQ_Design_i/usp_rf_data_converter_0/inst/i_axi_lite_ipif/I_SLAVE_ATTACHMENT/I_DECODER/IP2Bus_Data[9]_i_2/O
                         net (fo=1, routed)           0.247     3.566    PYNQ_Design_i/usp_rf_data_converter_0/inst/i_axi_lite_ipif/I_SLAVE_ATTACHMENT/I_DECODER/IP2Bus_Data[9]_i_2_n_0
    SLICE_X113Y112       LUT6 (Prop_C6LUT_SLICEM_I0_O)
                                                      0.037     3.603 r  PYNQ_Design_i/usp_rf_data_converter_0/inst/i_axi_lite_ipif/I_SLAVE_ATTACHMENT/I_DECODER/IP2Bus_Data[9]_i_1/O
                         net (fo=1, routed)           0.066     3.669    PYNQ_Design_i/usp_rf_data_converter_0/inst/i_axi_lite_ipif_n_75
    SLICE_X113Y112       FDRE                                         r  PYNQ_Design_i/usp_rf_data_converter_0/inst/IP2Bus_Data_reg[9]/D
  -------------------------------------------------------------------    -------------------

                         (clock clk_pl_0 rise edge)
                                                      0.000     0.000 r  
    PS8_X0Y0             PS8                          0.000     0.000 r  PYNQ_Design_i/zynq_ultra_ps_e_0/U0/PS8_i/PLCLK[0]
                         net (fo=1, routed)           0.157     0.157    PYNQ_Design_i/zynq_ultra_ps_e_0/U0/pl_clk_unbuffered[0]
    BUFG_PS_X0Y58        BUFG_PS (Prop_BUFG_PS_I_O)
                                                      0.025     0.182 r  PYNQ_Design_i/zynq_ultra_ps_e_0/U0/buffer_pl_clk_0.PL_CLK_0_BUFG/O
    X2Y2 (CLOCK_ROOT)    net (fo=13302, routed)       1.829     2.011    PYNQ_Design_i/usp_rf_data_converter_0/inst/s_axi_aclk
    SLICE_X113Y112       FDRE                                         r  PYNQ_Design_i/usp_rf_data_converter_0/inst/IP2Bus_Data_reg[9]/C

Slack:                    inf
  Source:                 PYNQ_Design_i/usp_rf_data_converter_0/inst/PYNQ_Design_usp_rf_data_converter_0_0_rf_wrapper_i/tx1_u_dac/INTERNAL_FBRC_MUX
                            (rising edge-triggered cell HSDAC clocked by RFDAC1_CLK  {rise@0.000ns fall@5.000ns period=10.000ns})
  Destination:            PYNQ_Design_i/usp_rf_data_converter_0/inst/IP2Bus_Data_reg[14]/D
                            (rising edge-triggered cell FDRE clocked by clk_pl_0  {rise@0.000ns fall@5.156ns period=10.312ns})
  Path Group:             (none)
  Path Type:              Setup (Max at Slow Process Corner)
  Data Path Delay:        3.660ns  (logic 1.234ns (33.716%)  route 2.426ns (66.284%))
  Logic Levels:           4  (LUT5=1 LUT6=3)
  Clock Path Skew:        1.999ns (DCD - SCD + CPR)
    Destination Clock Delay (DCD):    1.999ns
    Source Clock Delay      (SCD):    0.000ns
    Clock Pessimism Removal (CPR):    0.000ns
  Clock Uncertainty:      0.159ns  ((TSJ^2 + DJ^2)^1/2) / 2 + PE
    Total System Jitter     (TSJ):    0.071ns
    Discrete Jitter          (DJ):    0.310ns
    Phase Error              (PE):    0.000ns
  Clock Net Delay (Destination): 1.817ns (routing 0.423ns, distribution 1.394ns)
  Timing Exception:       False Path

    Location             Delay type                Incr(ns)  Path(ns)    Netlist Resource(s)
  -------------------------------------------------------------------    -------------------
                         (clock RFDAC1_CLK rise edge)
                                                      0.000     0.000 r  
    HSDAC_X0Y1           HSDAC                        0.000     0.000 r  PYNQ_Design_i/usp_rf_data_converter_0/inst/PYNQ_Design_usp_rf_data_converter_0_0_rf_wrapper_i/tx1_u_dac/INTERNAL_FBRC_MUX
  -------------------------------------------------------------------    -------------------
    HSDAC_X0Y1           HSDAC (Prop_HSDAC_INTERNAL_FBRC_MUX_STATUS_COMMON[14])
                                                      0.779     0.779 r  PYNQ_Design_i/usp_rf_data_converter_0/inst/PYNQ_Design_usp_rf_data_converter_0_0_rf_wrapper_i/tx1_u_dac/STATUS_COMMON[14]
                         net (fo=1, routed)           1.949     2.728    PYNQ_Design_i/usp_rf_data_converter_0/inst/i_axi_lite_ipif/I_SLAVE_ATTACHMENT/I_DECODER/dac1_common_stat[14]
    SLICE_X115Y117       LUT6 (Prop_D6LUT_SLICEM_I0_O)
                                                      0.145     2.873 r  PYNQ_Design_i/usp_rf_data_converter_0/inst/i_axi_lite_ipif/I_SLAVE_ATTACHMENT/I_DECODER/IP2Bus_Data[14]_i_30/O
                         net (fo=1, routed)           0.152     3.025    PYNQ_Design_i/usp_rf_data_converter_0/inst/i_axi_lite_ipif/I_SLAVE_ATTACHMENT/I_DECODER/IP2Bus_Data[14]_i_30_n_0
    SLICE_X113Y116       LUT5 (Prop_F6LUT_SLICEM_I1_O)
                                                      0.123     3.148 r  PYNQ_Design_i/usp_rf_data_converter_0/inst/i_axi_lite_ipif/I_SLAVE_ATTACHMENT/I_DECODER/IP2Bus_Data[14]_i_10/O
                         net (fo=1, routed)           0.101     3.249    PYNQ_Design_i/usp_rf_data_converter_0/inst/i_axi_lite_ipif/I_SLAVE_ATTACHMENT/I_DECODER/IP2Bus_Data[14]_i_10_n_0
    SLICE_X112Y116       LUT6 (Prop_H6LUT_SLICEM_I5_O)
                                                      0.039     3.288 r  PYNQ_Design_i/usp_rf_data_converter_0/inst/i_axi_lite_ipif/I_SLAVE_ATTACHMENT/I_DECODER/IP2Bus_Data[14]_i_2/O
                         net (fo=1, routed)           0.175     3.463    PYNQ_Design_i/usp_rf_data_converter_0/inst/i_axi_lite_ipif/I_SLAVE_ATTACHMENT/I_DECODER/IP2Bus_Data[14]_i_2_n_0
    SLICE_X111Y112       LUT6 (Prop_B6LUT_SLICEL_I0_O)
                                                      0.148     3.611 r  PYNQ_Design_i/usp_rf_data_converter_0/inst/i_axi_lite_ipif/I_SLAVE_ATTACHMENT/I_DECODER/IP2Bus_Data[14]_i_1/O
                         net (fo=1, routed)           0.049     3.660    PYNQ_Design_i/usp_rf_data_converter_0/inst/i_axi_lite_ipif_n_70
    SLICE_X111Y112       FDRE                                         r  PYNQ_Design_i/usp_rf_data_converter_0/inst/IP2Bus_Data_reg[14]/D
  -------------------------------------------------------------------    -------------------

                         (clock clk_pl_0 rise edge)
                                                      0.000     0.000 r  
    PS8_X0Y0             PS8                          0.000     0.000 r  PYNQ_Design_i/zynq_ultra_ps_e_0/U0/PS8_i/PLCLK[0]
                         net (fo=1, routed)           0.157     0.157    PYNQ_Design_i/zynq_ultra_ps_e_0/U0/pl_clk_unbuffered[0]
    BUFG_PS_X0Y58        BUFG_PS (Prop_BUFG_PS_I_O)
                                                      0.025     0.182 r  PYNQ_Design_i/zynq_ultra_ps_e_0/U0/buffer_pl_clk_0.PL_CLK_0_BUFG/O
    X2Y2 (CLOCK_ROOT)    net (fo=13302, routed)       1.817     1.999    PYNQ_Design_i/usp_rf_data_converter_0/inst/s_axi_aclk
    SLICE_X111Y112       FDRE                                         r  PYNQ_Design_i/usp_rf_data_converter_0/inst/IP2Bus_Data_reg[14]/C

Slack:                    inf
  Source:                 PYNQ_Design_i/usp_rf_data_converter_0/inst/PYNQ_Design_usp_rf_data_converter_0_0_rf_wrapper_i/tx1_u_dac/INTERNAL_FBRC_MUX
                            (rising edge-triggered cell HSDAC clocked by RFDAC1_CLK  {rise@0.000ns fall@5.000ns period=10.000ns})
  Destination:            PYNQ_Design_i/usp_rf_data_converter_0/inst/IP2Bus_Data_reg[10]/D
                            (rising edge-triggered cell FDRE clocked by clk_pl_0  {rise@0.000ns fall@5.156ns period=10.312ns})
  Path Group:             (none)
  Path Type:              Setup (Max at Slow Process Corner)
  Data Path Delay:        3.638ns  (logic 1.077ns (29.604%)  route 2.561ns (70.396%))
  Logic Levels:           4  (LUT5=1 LUT6=3)
  Clock Path Skew:        2.007ns (DCD - SCD + CPR)
    Destination Clock Delay (DCD):    2.007ns
    Source Clock Delay      (SCD):    0.000ns
    Clock Pessimism Removal (CPR):    0.000ns
  Clock Uncertainty:      0.159ns  ((TSJ^2 + DJ^2)^1/2) / 2 + PE
    Total System Jitter     (TSJ):    0.071ns
    Discrete Jitter          (DJ):    0.310ns
    Phase Error              (PE):    0.000ns
  Clock Net Delay (Destination): 1.825ns (routing 0.423ns, distribution 1.402ns)
  Timing Exception:       False Path

    Location             Delay type                Incr(ns)  Path(ns)    Netlist Resource(s)
  -------------------------------------------------------------------    -------------------
                         (clock RFDAC1_CLK rise edge)
                                                      0.000     0.000 r  
    HSDAC_X0Y1           HSDAC                        0.000     0.000 r  PYNQ_Design_i/usp_rf_data_converter_0/inst/PYNQ_Design_usp_rf_data_converter_0_0_rf_wrapper_i/tx1_u_dac/INTERNAL_FBRC_MUX
  -------------------------------------------------------------------    -------------------
    HSDAC_X0Y1           HSDAC (Prop_HSDAC_INTERNAL_FBRC_MUX_STATUS_COMMON[10])
                                                      0.753     0.753 r  PYNQ_Design_i/usp_rf_data_converter_0/inst/PYNQ_Design_usp_rf_data_converter_0_0_rf_wrapper_i/tx1_u_dac/STATUS_COMMON[10]
                         net (fo=1, routed)           2.170     2.923    PYNQ_Design_i/usp_rf_data_converter_0/inst/i_axi_lite_ipif/I_SLAVE_ATTACHMENT/I_DECODER/dac1_common_stat[10]
    SLICE_X113Y117       LUT5 (Prop_C6LUT_SLICEM_I4_O)
                                                      0.088     3.011 r  PYNQ_Design_i/usp_rf_data_converter_0/inst/i_axi_lite_ipif/I_SLAVE_ATTACHMENT/I_DECODER/IP2Bus_Data[10]_i_16/O
                         net (fo=1, routed)           0.089     3.100    PYNQ_Design_i/usp_rf_data_converter_0/inst/i_axi_lite_ipif/I_SLAVE_ATTACHMENT/I_DECODER/IP2Bus_Data[10]_i_16_n_0
    SLICE_X113Y117       LUT6 (Prop_E6LUT_SLICEM_I5_O)
                                                      0.037     3.137 f  PYNQ_Design_i/usp_rf_data_converter_0/inst/i_axi_lite_ipif/I_SLAVE_ATTACHMENT/I_DECODER/IP2Bus_Data[10]_i_9/O
                         net (fo=1, routed)           0.059     3.196    PYNQ_Design_i/usp_rf_data_converter_0/inst/i_axi_lite_ipif/I_SLAVE_ATTACHMENT/I_DECODER/IP2Bus_Data[10]_i_9_n_0
    SLICE_X113Y117       LUT6 (Prop_F6LUT_SLICEM_I4_O)
                                                      0.148     3.344 r  PYNQ_Design_i/usp_rf_data_converter_0/inst/i_axi_lite_ipif/I_SLAVE_ATTACHMENT/I_DECODER/IP2Bus_Data[10]_i_3/O
                         net (fo=1, routed)           0.192     3.536    PYNQ_Design_i/usp_rf_data_converter_0/inst/i_axi_lite_ipif/I_SLAVE_ATTACHMENT/I_DECODER/IP2Bus_Data[10]_i_3_n_0
    SLICE_X111Y116       LUT6 (Prop_H6LUT_SLICEL_I1_O)
                                                      0.051     3.587 r  PYNQ_Design_i/usp_rf_data_converter_0/inst/i_axi_lite_ipif/I_SLAVE_ATTACHMENT/I_DECODER/IP2Bus_Data[10]_i_1/O
                         net (fo=1, routed)           0.051     3.638    PYNQ_Design_i/usp_rf_data_converter_0/inst/i_axi_lite_ipif_n_74
    SLICE_X111Y116       FDRE                                         r  PYNQ_Design_i/usp_rf_data_converter_0/inst/IP2Bus_Data_reg[10]/D
  -------------------------------------------------------------------    -------------------

                         (clock clk_pl_0 rise edge)
                                                      0.000     0.000 r  
    PS8_X0Y0             PS8                          0.000     0.000 r  PYNQ_Design_i/zynq_ultra_ps_e_0/U0/PS8_i/PLCLK[0]
                         net (fo=1, routed)           0.157     0.157    PYNQ_Design_i/zynq_ultra_ps_e_0/U0/pl_clk_unbuffered[0]
    BUFG_PS_X0Y58        BUFG_PS (Prop_BUFG_PS_I_O)
                                                      0.025     0.182 r  PYNQ_Design_i/zynq_ultra_ps_e_0/U0/buffer_pl_clk_0.PL_CLK_0_BUFG/O
    X2Y2 (CLOCK_ROOT)    net (fo=13302, routed)       1.825     2.007    PYNQ_Design_i/usp_rf_data_converter_0/inst/s_axi_aclk
    SLICE_X111Y116       FDRE                                         r  PYNQ_Design_i/usp_rf_data_converter_0/inst/IP2Bus_Data_reg[10]/C

Slack:                    inf
  Source:                 PYNQ_Design_i/usp_rf_data_converter_0/inst/PYNQ_Design_usp_rf_data_converter_0_0_rf_wrapper_i/tx1_u_dac/INTERNAL_FBRC_MUX
                            (rising edge-triggered cell HSDAC clocked by RFDAC1_CLK  {rise@0.000ns fall@5.000ns period=10.000ns})
  Destination:            PYNQ_Design_i/usp_rf_data_converter_0/inst/IP2Bus_Data_reg[8]/D
                            (rising edge-triggered cell FDRE clocked by clk_pl_0  {rise@0.000ns fall@5.156ns period=10.312ns})
  Path Group:             (none)
  Path Type:              Setup (Max at Slow Process Corner)
  Data Path Delay:        3.574ns  (logic 1.066ns (29.827%)  route 2.508ns (70.173%))
  Logic Levels:           4  (LUT5=1 LUT6=3)
  Clock Path Skew:        2.009ns (DCD - SCD + CPR)
    Destination Clock Delay (DCD):    2.009ns
    Source Clock Delay      (SCD):    0.000ns
    Clock Pessimism Removal (CPR):    0.000ns
  Clock Uncertainty:      0.159ns  ((TSJ^2 + DJ^2)^1/2) / 2 + PE
    Total System Jitter     (TSJ):    0.071ns
    Discrete Jitter          (DJ):    0.310ns
    Phase Error              (PE):    0.000ns
  Clock Net Delay (Destination): 1.827ns (routing 0.423ns, distribution 1.404ns)
  Timing Exception:       False Path

    Location             Delay type                Incr(ns)  Path(ns)    Netlist Resource(s)
  -------------------------------------------------------------------    -------------------
                         (clock RFDAC1_CLK rise edge)
                                                      0.000     0.000 r  
    HSDAC_X0Y1           HSDAC                        0.000     0.000 r  PYNQ_Design_i/usp_rf_data_converter_0/inst/PYNQ_Design_usp_rf_data_converter_0_0_rf_wrapper_i/tx1_u_dac/INTERNAL_FBRC_MUX
  -------------------------------------------------------------------    -------------------
    HSDAC_X0Y1           HSDAC (Prop_HSDAC_INTERNAL_FBRC_MUX_STATUS_COMMON[8])
                                                      0.731     0.731 r  PYNQ_Design_i/usp_rf_data_converter_0/inst/PYNQ_Design_usp_rf_data_converter_0_0_rf_wrapper_i/tx1_u_dac/STATUS_COMMON[8]
                         net (fo=1, routed)           2.022     2.753    PYNQ_Design_i/usp_rf_data_converter_0/inst/i_axi_lite_ipif/I_SLAVE_ATTACHMENT/I_DECODER/dac1_common_stat[8]
    SLICE_X114Y118       LUT5 (Prop_C6LUT_SLICEL_I4_O)
                                                      0.050     2.803 r  PYNQ_Design_i/usp_rf_data_converter_0/inst/i_axi_lite_ipif/I_SLAVE_ATTACHMENT/I_DECODER/IP2Bus_Data[8]_i_27/O
                         net (fo=1, routed)           0.143     2.946    PYNQ_Design_i/usp_rf_data_converter_0/inst/i_axi_lite_ipif/I_SLAVE_ATTACHMENT/I_DECODER/IP2Bus_Data[8]_i_27_n_0
    SLICE_X113Y118       LUT6 (Prop_F6LUT_SLICEM_I5_O)
                                                      0.037     2.983 f  PYNQ_Design_i/usp_rf_data_converter_0/inst/i_axi_lite_ipif/I_SLAVE_ATTACHMENT/I_DECODER/IP2Bus_Data[8]_i_14/O
                         net (fo=1, routed)           0.118     3.101    PYNQ_Design_i/usp_rf_data_converter_0/inst/i_axi_lite_ipif/I_SLAVE_ATTACHMENT/I_DECODER/IP2Bus_Data[8]_i_14_n_0
    SLICE_X112Y118       LUT6 (Prop_A6LUT_SLICEM_I4_O)
                                                      0.150     3.251 r  PYNQ_Design_i/usp_rf_data_converter_0/inst/i_axi_lite_ipif/I_SLAVE_ATTACHMENT/I_DECODER/IP2Bus_Data[8]_i_4/O
                         net (fo=1, routed)           0.159     3.410    PYNQ_Design_i/usp_rf_data_converter_0/inst/i_axi_lite_ipif/I_SLAVE_ATTACHMENT/I_DECODER/IP2Bus_Data[8]_i_4_n_0
    SLICE_X110Y116       LUT6 (Prop_C6LUT_SLICEM_I3_O)
                                                      0.098     3.508 r  PYNQ_Design_i/usp_rf_data_converter_0/inst/i_axi_lite_ipif/I_SLAVE_ATTACHMENT/I_DECODER/IP2Bus_Data[8]_i_1/O
                         net (fo=1, routed)           0.066     3.574    PYNQ_Design_i/usp_rf_data_converter_0/inst/i_axi_lite_ipif_n_76
    SLICE_X110Y116       FDRE                                         r  PYNQ_Design_i/usp_rf_data_converter_0/inst/IP2Bus_Data_reg[8]/D
  -------------------------------------------------------------------    -------------------

                         (clock clk_pl_0 rise edge)
                                                      0.000     0.000 r  
    PS8_X0Y0             PS8                          0.000     0.000 r  PYNQ_Design_i/zynq_ultra_ps_e_0/U0/PS8_i/PLCLK[0]
                         net (fo=1, routed)           0.157     0.157    PYNQ_Design_i/zynq_ultra_ps_e_0/U0/pl_clk_unbuffered[0]
    BUFG_PS_X0Y58        BUFG_PS (Prop_BUFG_PS_I_O)
                                                      0.025     0.182 r  PYNQ_Design_i/zynq_ultra_ps_e_0/U0/buffer_pl_clk_0.PL_CLK_0_BUFG/O
    X2Y2 (CLOCK_ROOT)    net (fo=13302, routed)       1.827     2.009    PYNQ_Design_i/usp_rf_data_converter_0/inst/s_axi_aclk
    SLICE_X110Y116       FDRE                                         r  PYNQ_Design_i/usp_rf_data_converter_0/inst/IP2Bus_Data_reg[8]/C

Slack:                    inf
  Source:                 PYNQ_Design_i/usp_rf_data_converter_0/inst/PYNQ_Design_usp_rf_data_converter_0_0_rf_wrapper_i/tx1_u_dac/INTERNAL_FBRC_MUX
                            (rising edge-triggered cell HSDAC clocked by RFDAC1_CLK  {rise@0.000ns fall@5.000ns period=10.000ns})
  Destination:            PYNQ_Design_i/usp_rf_data_converter_0/inst/IP2Bus_Data_reg[11]/D
                            (rising edge-triggered cell FDRE clocked by clk_pl_0  {rise@0.000ns fall@5.156ns period=10.312ns})
  Path Group:             (none)
  Path Type:              Setup (Max at Slow Process Corner)
  Data Path Delay:        3.452ns  (logic 1.029ns (29.809%)  route 2.423ns (70.191%))
  Logic Levels:           3  (LUT6=3)
  Clock Path Skew:        2.009ns (DCD - SCD + CPR)
    Destination Clock Delay (DCD):    2.009ns
    Source Clock Delay      (SCD):    0.000ns
    Clock Pessimism Removal (CPR):    0.000ns
  Clock Uncertainty:      0.159ns  ((TSJ^2 + DJ^2)^1/2) / 2 + PE
    Total System Jitter     (TSJ):    0.071ns
    Discrete Jitter          (DJ):    0.310ns
    Phase Error              (PE):    0.000ns
  Clock Net Delay (Destination): 1.827ns (routing 0.423ns, distribution 1.404ns)
  Timing Exception:       False Path

    Location             Delay type                Incr(ns)  Path(ns)    Netlist Resource(s)
  -------------------------------------------------------------------    -------------------
                         (clock RFDAC1_CLK rise edge)
                                                      0.000     0.000 r  
    HSDAC_X0Y1           HSDAC                        0.000     0.000 r  PYNQ_Design_i/usp_rf_data_converter_0/inst/PYNQ_Design_usp_rf_data_converter_0_0_rf_wrapper_i/tx1_u_dac/INTERNAL_FBRC_MUX
  -------------------------------------------------------------------    -------------------
    HSDAC_X0Y1           HSDAC (Prop_HSDAC_INTERNAL_FBRC_MUX_STATUS_COMMON[11])
                                                      0.753     0.753 r  PYNQ_Design_i/usp_rf_data_converter_0/inst/PYNQ_Design_usp_rf_data_converter_0_0_rf_wrapper_i/tx1_u_dac/STATUS_COMMON[11]
                         net (fo=1, routed)           2.159     2.912    PYNQ_Design_i/usp_rf_data_converter_0/inst/i_axi_lite_ipif/I_SLAVE_ATTACHMENT/I_DECODER/dac1_common_stat[11]
    SLICE_X112Y118       LUT6 (Prop_C6LUT_SLICEM_I0_O)
                                                      0.088     3.000 r  PYNQ_Design_i/usp_rf_data_converter_0/inst/i_axi_lite_ipif/I_SLAVE_ATTACHMENT/I_DECODER/IP2Bus_Data[11]_i_17/O
                         net (fo=1, routed)           0.039     3.039    PYNQ_Design_i/usp_rf_data_converter_0/inst/i_axi_lite_ipif/I_SLAVE_ATTACHMENT/I_DECODER/IP2Bus_Data[11]_i_17_n_0
    SLICE_X112Y118       LUT6 (Prop_B6LUT_SLICEM_I4_O)
                                                      0.089     3.128 r  PYNQ_Design_i/usp_rf_data_converter_0/inst/i_axi_lite_ipif/I_SLAVE_ATTACHMENT/I_DECODER/IP2Bus_Data[11]_i_4/O
                         net (fo=1, routed)           0.153     3.281    PYNQ_Design_i/usp_rf_data_converter_0/inst/i_axi_lite_ipif/I_SLAVE_ATTACHMENT/I_DECODER/IP2Bus_Data[11]_i_4_n_0
    SLICE_X110Y116       LUT6 (Prop_D6LUT_SLICEM_I3_O)
                                                      0.099     3.380 r  PYNQ_Design_i/usp_rf_data_converter_0/inst/i_axi_lite_ipif/I_SLAVE_ATTACHMENT/I_DECODER/IP2Bus_Data[11]_i_1/O
                         net (fo=1, routed)           0.072     3.452    PYNQ_Design_i/usp_rf_data_converter_0/inst/i_axi_lite_ipif_n_73
    SLICE_X110Y116       FDRE                                         r  PYNQ_Design_i/usp_rf_data_converter_0/inst/IP2Bus_Data_reg[11]/D
  -------------------------------------------------------------------    -------------------

                         (clock clk_pl_0 rise edge)
                                                      0.000     0.000 r  
    PS8_X0Y0             PS8                          0.000     0.000 r  PYNQ_Design_i/zynq_ultra_ps_e_0/U0/PS8_i/PLCLK[0]
                         net (fo=1, routed)           0.157     0.157    PYNQ_Design_i/zynq_ultra_ps_e_0/U0/pl_clk_unbuffered[0]
    BUFG_PS_X0Y58        BUFG_PS (Prop_BUFG_PS_I_O)
                                                      0.025     0.182 r  PYNQ_Design_i/zynq_ultra_ps_e_0/U0/buffer_pl_clk_0.PL_CLK_0_BUFG/O
    X2Y2 (CLOCK_ROOT)    net (fo=13302, routed)       1.827     2.009    PYNQ_Design_i/usp_rf_data_converter_0/inst/s_axi_aclk
    SLICE_X110Y116       FDRE                                         r  PYNQ_Design_i/usp_rf_data_converter_0/inst/IP2Bus_Data_reg[11]/C





Min Delay Paths
--------------------------------------------------------------------------------------
Slack:                    inf
  Source:                 PYNQ_Design_i/usp_rf_data_converter_0/inst/PYNQ_Design_usp_rf_data_converter_0_0_rf_wrapper_i/tx1_u_dac/INTERNAL_FBRC_MUX
                            (rising edge-triggered cell HSDAC clocked by RFDAC1_CLK  {rise@0.000ns fall@5.000ns period=10.000ns})
  Destination:            PYNQ_Design_i/usp_rf_data_converter_0/inst/IP2Bus_Data_reg[11]/D
                            (rising edge-triggered cell FDRE clocked by clk_pl_0  {rise@0.000ns fall@5.156ns period=10.312ns})
  Path Group:             (none)
  Path Type:              Hold (Min at Fast Process Corner)
  Data Path Delay:        1.693ns  (logic 0.478ns (28.234%)  route 1.215ns (71.766%))
  Logic Levels:           3  (LUT6=3)
  Clock Path Skew:        1.419ns (DCD - SCD - CPR)
    Destination Clock Delay (DCD):    1.419ns
    Source Clock Delay      (SCD):    0.000ns
    Clock Pessimism Removal (CPR):    -0.000ns
  Clock Uncertainty:      0.159ns  ((TSJ^2 + DJ^2)^1/2) / 2 + PE
    Total System Jitter     (TSJ):    0.071ns
    Discrete Jitter          (DJ):    0.310ns
    Phase Error              (PE):    0.000ns
  Clock Net Delay (Destination): 1.272ns (routing 0.282ns, distribution 0.990ns)
  Timing Exception:       False Path

    Location             Delay type                Incr(ns)  Path(ns)    Netlist Resource(s)
  -------------------------------------------------------------------    -------------------
                         (clock RFDAC1_CLK rise edge)
                                                      0.000     0.000 r  
    HSDAC_X0Y1           HSDAC                        0.000     0.000 r  PYNQ_Design_i/usp_rf_data_converter_0/inst/PYNQ_Design_usp_rf_data_converter_0_0_rf_wrapper_i/tx1_u_dac/INTERNAL_FBRC_MUX
  -------------------------------------------------------------------    -------------------
    HSDAC_X0Y1           HSDAC (Prop_HSDAC_INTERNAL_FBRC_MUX_STATUS_COMMON[11])
                                                      0.367     0.367 r  PYNQ_Design_i/usp_rf_data_converter_0/inst/PYNQ_Design_usp_rf_data_converter_0_0_rf_wrapper_i/tx1_u_dac/STATUS_COMMON[11]
                         net (fo=1, routed)           1.088     1.455    PYNQ_Design_i/usp_rf_data_converter_0/inst/i_axi_lite_ipif/I_SLAVE_ATTACHMENT/I_DECODER/dac1_common_stat[11]
    SLICE_X112Y118       LUT6 (Prop_C6LUT_SLICEM_I0_O)
                                                      0.035     1.490 r  PYNQ_Design_i/usp_rf_data_converter_0/inst/i_axi_lite_ipif/I_SLAVE_ATTACHMENT/I_DECODER/IP2Bus_Data[11]_i_17/O
                         net (fo=1, routed)           0.022     1.512    PYNQ_Design_i/usp_rf_data_converter_0/inst/i_axi_lite_ipif/I_SLAVE_ATTACHMENT/I_DECODER/IP2Bus_Data[11]_i_17_n_0
    SLICE_X112Y118       LUT6 (Prop_B6LUT_SLICEM_I4_O)
                                                      0.035     1.547 r  PYNQ_Design_i/usp_rf_data_converter_0/inst/i_axi_lite_ipif/I_SLAVE_ATTACHMENT/I_DECODER/IP2Bus_Data[11]_i_4/O
                         net (fo=1, routed)           0.079     1.626    PYNQ_Design_i/usp_rf_data_converter_0/inst/i_axi_lite_ipif/I_SLAVE_ATTACHMENT/I_DECODER/IP2Bus_Data[11]_i_4_n_0
    SLICE_X110Y116       LUT6 (Prop_D6LUT_SLICEM_I3_O)
                                                      0.041     1.667 r  PYNQ_Design_i/usp_rf_data_converter_0/inst/i_axi_lite_ipif/I_SLAVE_ATTACHMENT/I_DECODER/IP2Bus_Data[11]_i_1/O
                         net (fo=1, routed)           0.026     1.693    PYNQ_Design_i/usp_rf_data_converter_0/inst/i_axi_lite_ipif_n_73
    SLICE_X110Y116       FDRE                                         r  PYNQ_Design_i/usp_rf_data_converter_0/inst/IP2Bus_Data_reg[11]/D
  -------------------------------------------------------------------    -------------------

                         (clock clk_pl_0 rise edge)
                                                      0.000     0.000 r  
    PS8_X0Y0             PS8                          0.000     0.000 r  PYNQ_Design_i/zynq_ultra_ps_e_0/U0/PS8_i/PLCLK[0]
                         net (fo=1, routed)           0.129     0.129    PYNQ_Design_i/zynq_ultra_ps_e_0/U0/pl_clk_unbuffered[0]
    BUFG_PS_X0Y58        BUFG_PS (Prop_BUFG_PS_I_O)
                                                      0.018     0.147 r  PYNQ_Design_i/zynq_ultra_ps_e_0/U0/buffer_pl_clk_0.PL_CLK_0_BUFG/O
    X2Y2 (CLOCK_ROOT)    net (fo=13302, routed)       1.272     1.419    PYNQ_Design_i/usp_rf_data_converter_0/inst/s_axi_aclk
    SLICE_X110Y116       FDRE                                         r  PYNQ_Design_i/usp_rf_data_converter_0/inst/IP2Bus_Data_reg[11]/C

Slack:                    inf
  Source:                 PYNQ_Design_i/usp_rf_data_converter_0/inst/PYNQ_Design_usp_rf_data_converter_0_0_rf_wrapper_i/tx1_u_dac/INTERNAL_FBRC_MUX
                            (rising edge-triggered cell HSDAC clocked by RFDAC1_CLK  {rise@0.000ns fall@5.000ns period=10.000ns})
  Destination:            PYNQ_Design_i/usp_rf_data_converter_0/inst/IP2Bus_Data_reg[8]/D
                            (rising edge-triggered cell FDRE clocked by clk_pl_0  {rise@0.000ns fall@5.156ns period=10.312ns})
  Path Group:             (none)
  Path Type:              Hold (Min at Fast Process Corner)
  Data Path Delay:        1.777ns  (logic 0.518ns (29.150%)  route 1.259ns (70.850%))
  Logic Levels:           4  (LUT5=1 LUT6=3)
  Clock Path Skew:        1.419ns (DCD - SCD - CPR)
    Destination Clock Delay (DCD):    1.419ns
    Source Clock Delay      (SCD):    0.000ns
    Clock Pessimism Removal (CPR):    -0.000ns
  Clock Uncertainty:      0.159ns  ((TSJ^2 + DJ^2)^1/2) / 2 + PE
    Total System Jitter     (TSJ):    0.071ns
    Discrete Jitter          (DJ):    0.310ns
    Phase Error              (PE):    0.000ns
  Clock Net Delay (Destination): 1.272ns (routing 0.282ns, distribution 0.990ns)
  Timing Exception:       False Path

    Location             Delay type                Incr(ns)  Path(ns)    Netlist Resource(s)
  -------------------------------------------------------------------    -------------------
                         (clock RFDAC1_CLK rise edge)
                                                      0.000     0.000 r  
    HSDAC_X0Y1           HSDAC                        0.000     0.000 r  PYNQ_Design_i/usp_rf_data_converter_0/inst/PYNQ_Design_usp_rf_data_converter_0_0_rf_wrapper_i/tx1_u_dac/INTERNAL_FBRC_MUX
  -------------------------------------------------------------------    -------------------
    HSDAC_X0Y1           HSDAC (Prop_HSDAC_INTERNAL_FBRC_MUX_STATUS_COMMON[8])
                                                      0.382     0.382 r  PYNQ_Design_i/usp_rf_data_converter_0/inst/PYNQ_Design_usp_rf_data_converter_0_0_rf_wrapper_i/tx1_u_dac/STATUS_COMMON[8]
                         net (fo=1, routed)           1.023     1.405    PYNQ_Design_i/usp_rf_data_converter_0/inst/i_axi_lite_ipif/I_SLAVE_ATTACHMENT/I_DECODER/dac1_common_stat[8]
    SLICE_X114Y118       LUT5 (Prop_C6LUT_SLICEL_I4_O)
                                                      0.022     1.427 r  PYNQ_Design_i/usp_rf_data_converter_0/inst/i_axi_lite_ipif/I_SLAVE_ATTACHMENT/I_DECODER/IP2Bus_Data[8]_i_27/O
                         net (fo=1, routed)           0.070     1.497    PYNQ_Design_i/usp_rf_data_converter_0/inst/i_axi_lite_ipif/I_SLAVE_ATTACHMENT/I_DECODER/IP2Bus_Data[8]_i_27_n_0
    SLICE_X113Y118       LUT6 (Prop_F6LUT_SLICEM_I5_O)
                                                      0.014     1.511 f  PYNQ_Design_i/usp_rf_data_converter_0/inst/i_axi_lite_ipif/I_SLAVE_ATTACHMENT/I_DECODER/IP2Bus_Data[8]_i_14/O
                         net (fo=1, routed)           0.060     1.571    PYNQ_Design_i/usp_rf_data_converter_0/inst/i_axi_lite_ipif/I_SLAVE_ATTACHMENT/I_DECODER/IP2Bus_Data[8]_i_14_n_0
    SLICE_X112Y118       LUT6 (Prop_A6LUT_SLICEM_I4_O)
                                                      0.060     1.631 r  PYNQ_Design_i/usp_rf_data_converter_0/inst/i_axi_lite_ipif/I_SLAVE_ATTACHMENT/I_DECODER/IP2Bus_Data[8]_i_4/O
                         net (fo=1, routed)           0.082     1.713    PYNQ_Design_i/usp_rf_data_converter_0/inst/i_axi_lite_ipif/I_SLAVE_ATTACHMENT/I_DECODER/IP2Bus_Data[8]_i_4_n_0
    SLICE_X110Y116       LUT6 (Prop_C6LUT_SLICEM_I3_O)
                                                      0.040     1.753 r  PYNQ_Design_i/usp_rf_data_converter_0/inst/i_axi_lite_ipif/I_SLAVE_ATTACHMENT/I_DECODER/IP2Bus_Data[8]_i_1/O
                         net (fo=1, routed)           0.024     1.777    PYNQ_Design_i/usp_rf_data_converter_0/inst/i_axi_lite_ipif_n_76
    SLICE_X110Y116       FDRE                                         r  PYNQ_Design_i/usp_rf_data_converter_0/inst/IP2Bus_Data_reg[8]/D
  -------------------------------------------------------------------    -------------------

                         (clock clk_pl_0 rise edge)
                                                      0.000     0.000 r  
    PS8_X0Y0             PS8                          0.000     0.000 r  PYNQ_Design_i/zynq_ultra_ps_e_0/U0/PS8_i/PLCLK[0]
                         net (fo=1, routed)           0.129     0.129    PYNQ_Design_i/zynq_ultra_ps_e_0/U0/pl_clk_unbuffered[0]
    BUFG_PS_X0Y58        BUFG_PS (Prop_BUFG_PS_I_O)
                                                      0.018     0.147 r  PYNQ_Design_i/zynq_ultra_ps_e_0/U0/buffer_pl_clk_0.PL_CLK_0_BUFG/O
    X2Y2 (CLOCK_ROOT)    net (fo=13302, routed)       1.272     1.419    PYNQ_Design_i/usp_rf_data_converter_0/inst/s_axi_aclk
    SLICE_X110Y116       FDRE                                         r  PYNQ_Design_i/usp_rf_data_converter_0/inst/IP2Bus_Data_reg[8]/C

Slack:                    inf
  Source:                 PYNQ_Design_i/usp_rf_data_converter_0/inst/PYNQ_Design_usp_rf_data_converter_0_0_rf_wrapper_i/tx1_u_dac/INTERNAL_FBRC_MUX
                            (rising edge-triggered cell HSDAC clocked by RFDAC1_CLK  {rise@0.000ns fall@5.000ns period=10.000ns})
  Destination:            PYNQ_Design_i/usp_rf_data_converter_0/inst/IP2Bus_Data_reg[10]/D
                            (rising edge-triggered cell FDRE clocked by clk_pl_0  {rise@0.000ns fall@5.156ns period=10.312ns})
  Path Group:             (none)
  Path Type:              Hold (Min at Fast Process Corner)
  Data Path Delay:        1.797ns  (logic 0.506ns (28.158%)  route 1.291ns (71.842%))
  Logic Levels:           4  (LUT5=1 LUT6=3)
  Clock Path Skew:        1.418ns (DCD - SCD - CPR)
    Destination Clock Delay (DCD):    1.418ns
    Source Clock Delay      (SCD):    0.000ns
    Clock Pessimism Removal (CPR):    -0.000ns
  Clock Uncertainty:      0.159ns  ((TSJ^2 + DJ^2)^1/2) / 2 + PE
    Total System Jitter     (TSJ):    0.071ns
    Discrete Jitter          (DJ):    0.310ns
    Phase Error              (PE):    0.000ns
  Clock Net Delay (Destination): 1.271ns (routing 0.282ns, distribution 0.989ns)
  Timing Exception:       False Path

    Location             Delay type                Incr(ns)  Path(ns)    Netlist Resource(s)
  -------------------------------------------------------------------    -------------------
                         (clock RFDAC1_CLK rise edge)
                                                      0.000     0.000 r  
    HSDAC_X0Y1           HSDAC                        0.000     0.000 r  PYNQ_Design_i/usp_rf_data_converter_0/inst/PYNQ_Design_usp_rf_data_converter_0_0_rf_wrapper_i/tx1_u_dac/INTERNAL_FBRC_MUX
  -------------------------------------------------------------------    -------------------
    HSDAC_X0Y1           HSDAC (Prop_HSDAC_INTERNAL_FBRC_MUX_STATUS_COMMON[10])
                                                      0.375     0.375 r  PYNQ_Design_i/usp_rf_data_converter_0/inst/PYNQ_Design_usp_rf_data_converter_0_0_rf_wrapper_i/tx1_u_dac/STATUS_COMMON[10]
                         net (fo=1, routed)           1.096     1.471    PYNQ_Design_i/usp_rf_data_converter_0/inst/i_axi_lite_ipif/I_SLAVE_ATTACHMENT/I_DECODER/dac1_common_stat[10]
    SLICE_X113Y117       LUT5 (Prop_C6LUT_SLICEM_I4_O)
                                                      0.035     1.506 r  PYNQ_Design_i/usp_rf_data_converter_0/inst/i_axi_lite_ipif/I_SLAVE_ATTACHMENT/I_DECODER/IP2Bus_Data[10]_i_16/O
                         net (fo=1, routed)           0.044     1.550    PYNQ_Design_i/usp_rf_data_converter_0/inst/i_axi_lite_ipif/I_SLAVE_ATTACHMENT/I_DECODER/IP2Bus_Data[10]_i_16_n_0
    SLICE_X113Y117       LUT6 (Prop_E6LUT_SLICEM_I5_O)
                                                      0.014     1.564 f  PYNQ_Design_i/usp_rf_data_converter_0/inst/i_axi_lite_ipif/I_SLAVE_ATTACHMENT/I_DECODER/IP2Bus_Data[10]_i_9/O
                         net (fo=1, routed)           0.033     1.597    PYNQ_Design_i/usp_rf_data_converter_0/inst/i_axi_lite_ipif/I_SLAVE_ATTACHMENT/I_DECODER/IP2Bus_Data[10]_i_9_n_0
    SLICE_X113Y117       LUT6 (Prop_F6LUT_SLICEM_I4_O)
                                                      0.059     1.656 r  PYNQ_Design_i/usp_rf_data_converter_0/inst/i_axi_lite_ipif/I_SLAVE_ATTACHMENT/I_DECODER/IP2Bus_Data[10]_i_3/O
                         net (fo=1, routed)           0.101     1.757    PYNQ_Design_i/usp_rf_data_converter_0/inst/i_axi_lite_ipif/I_SLAVE_ATTACHMENT/I_DECODER/IP2Bus_Data[10]_i_3_n_0
    SLICE_X111Y116       LUT6 (Prop_H6LUT_SLICEL_I1_O)
                                                      0.023     1.780 r  PYNQ_Design_i/usp_rf_data_converter_0/inst/i_axi_lite_ipif/I_SLAVE_ATTACHMENT/I_DECODER/IP2Bus_Data[10]_i_1/O
                         net (fo=1, routed)           0.017     1.797    PYNQ_Design_i/usp_rf_data_converter_0/inst/i_axi_lite_ipif_n_74
    SLICE_X111Y116       FDRE                                         r  PYNQ_Design_i/usp_rf_data_converter_0/inst/IP2Bus_Data_reg[10]/D
  -------------------------------------------------------------------    -------------------

                         (clock clk_pl_0 rise edge)
                                                      0.000     0.000 r  
    PS8_X0Y0             PS8                          0.000     0.000 r  PYNQ_Design_i/zynq_ultra_ps_e_0/U0/PS8_i/PLCLK[0]
                         net (fo=1, routed)           0.129     0.129    PYNQ_Design_i/zynq_ultra_ps_e_0/U0/pl_clk_unbuffered[0]
    BUFG_PS_X0Y58        BUFG_PS (Prop_BUFG_PS_I_O)
                                                      0.018     0.147 r  PYNQ_Design_i/zynq_ultra_ps_e_0/U0/buffer_pl_clk_0.PL_CLK_0_BUFG/O
    X2Y2 (CLOCK_ROOT)    net (fo=13302, routed)       1.271     1.418    PYNQ_Design_i/usp_rf_data_converter_0/inst/s_axi_aclk
    SLICE_X111Y116       FDRE                                         r  PYNQ_Design_i/usp_rf_data_converter_0/inst/IP2Bus_Data_reg[10]/C

Slack:                    inf
  Source:                 PYNQ_Design_i/usp_rf_data_converter_0/inst/PYNQ_Design_usp_rf_data_converter_0_0_rf_wrapper_i/tx1_u_dac/INTERNAL_FBRC_MUX
                            (rising edge-triggered cell HSDAC clocked by RFDAC1_CLK  {rise@0.000ns fall@5.000ns period=10.000ns})
  Destination:            PYNQ_Design_i/usp_rf_data_converter_0/inst/IP2Bus_Data_reg[14]/D
                            (rising edge-triggered cell FDRE clocked by clk_pl_0  {rise@0.000ns fall@5.156ns period=10.312ns})
  Path Group:             (none)
  Path Type:              Hold (Min at Fast Process Corner)
  Data Path Delay:        1.802ns  (logic 0.582ns (32.297%)  route 1.220ns (67.703%))
  Logic Levels:           4  (LUT5=1 LUT6=3)
  Clock Path Skew:        1.408ns (DCD - SCD - CPR)
    Destination Clock Delay (DCD):    1.408ns
    Source Clock Delay      (SCD):    0.000ns
    Clock Pessimism Removal (CPR):    -0.000ns
  Clock Uncertainty:      0.159ns  ((TSJ^2 + DJ^2)^1/2) / 2 + PE
    Total System Jitter     (TSJ):    0.071ns
    Discrete Jitter          (DJ):    0.310ns
    Phase Error              (PE):    0.000ns
  Clock Net Delay (Destination): 1.261ns (routing 0.282ns, distribution 0.979ns)
  Timing Exception:       False Path

    Location             Delay type                Incr(ns)  Path(ns)    Netlist Resource(s)
  -------------------------------------------------------------------    -------------------
                         (clock RFDAC1_CLK rise edge)
                                                      0.000     0.000 r  
    HSDAC_X0Y1           HSDAC                        0.000     0.000 r  PYNQ_Design_i/usp_rf_data_converter_0/inst/PYNQ_Design_usp_rf_data_converter_0_0_rf_wrapper_i/tx1_u_dac/INTERNAL_FBRC_MUX
  -------------------------------------------------------------------    -------------------
    HSDAC_X0Y1           HSDAC (Prop_HSDAC_INTERNAL_FBRC_MUX_STATUS_COMMON[14])
                                                      0.398     0.398 r  PYNQ_Design_i/usp_rf_data_converter_0/inst/PYNQ_Design_usp_rf_data_converter_0_0_rf_wrapper_i/tx1_u_dac/STATUS_COMMON[14]
                         net (fo=1, routed)           0.983     1.381    PYNQ_Design_i/usp_rf_data_converter_0/inst/i_axi_lite_ipif/I_SLAVE_ATTACHMENT/I_DECODER/dac1_common_stat[14]
    SLICE_X115Y117       LUT6 (Prop_D6LUT_SLICEM_I0_O)
                                                      0.059     1.440 r  PYNQ_Design_i/usp_rf_data_converter_0/inst/i_axi_lite_ipif/I_SLAVE_ATTACHMENT/I_DECODER/IP2Bus_Data[14]_i_30/O
                         net (fo=1, routed)           0.076     1.516    PYNQ_Design_i/usp_rf_data_converter_0/inst/i_axi_lite_ipif/I_SLAVE_ATTACHMENT/I_DECODER/IP2Bus_Data[14]_i_30_n_0
    SLICE_X113Y116       LUT5 (Prop_F6LUT_SLICEM_I1_O)
                                                      0.050     1.566 r  PYNQ_Design_i/usp_rf_data_converter_0/inst/i_axi_lite_ipif/I_SLAVE_ATTACHMENT/I_DECODER/IP2Bus_Data[14]_i_10/O
                         net (fo=1, routed)           0.055     1.621    PYNQ_Design_i/usp_rf_data_converter_0/inst/i_axi_lite_ipif/I_SLAVE_ATTACHMENT/I_DECODER/IP2Bus_Data[14]_i_10_n_0
    SLICE_X112Y116       LUT6 (Prop_H6LUT_SLICEM_I5_O)
                                                      0.015     1.636 r  PYNQ_Design_i/usp_rf_data_converter_0/inst/i_axi_lite_ipif/I_SLAVE_ATTACHMENT/I_DECODER/IP2Bus_Data[14]_i_2/O
                         net (fo=1, routed)           0.091     1.727    PYNQ_Design_i/usp_rf_data_converter_0/inst/i_axi_lite_ipif/I_SLAVE_ATTACHMENT/I_DECODER/IP2Bus_Data[14]_i_2_n_0
    SLICE_X111Y112       LUT6 (Prop_B6LUT_SLICEL_I0_O)
                                                      0.060     1.787 r  PYNQ_Design_i/usp_rf_data_converter_0/inst/i_axi_lite_ipif/I_SLAVE_ATTACHMENT/I_DECODER/IP2Bus_Data[14]_i_1/O
                         net (fo=1, routed)           0.015     1.802    PYNQ_Design_i/usp_rf_data_converter_0/inst/i_axi_lite_ipif_n_70
    SLICE_X111Y112       FDRE                                         r  PYNQ_Design_i/usp_rf_data_converter_0/inst/IP2Bus_Data_reg[14]/D
  -------------------------------------------------------------------    -------------------

                         (clock clk_pl_0 rise edge)
                                                      0.000     0.000 r  
    PS8_X0Y0             PS8                          0.000     0.000 r  PYNQ_Design_i/zynq_ultra_ps_e_0/U0/PS8_i/PLCLK[0]
                         net (fo=1, routed)           0.129     0.129    PYNQ_Design_i/zynq_ultra_ps_e_0/U0/pl_clk_unbuffered[0]
    BUFG_PS_X0Y58        BUFG_PS (Prop_BUFG_PS_I_O)
                                                      0.018     0.147 r  PYNQ_Design_i/zynq_ultra_ps_e_0/U0/buffer_pl_clk_0.PL_CLK_0_BUFG/O
    X2Y2 (CLOCK_ROOT)    net (fo=13302, routed)       1.261     1.408    PYNQ_Design_i/usp_rf_data_converter_0/inst/s_axi_aclk
    SLICE_X111Y112       FDRE                                         r  PYNQ_Design_i/usp_rf_data_converter_0/inst/IP2Bus_Data_reg[14]/C

Slack:                    inf
  Source:                 PYNQ_Design_i/usp_rf_data_converter_0/inst/PYNQ_Design_usp_rf_data_converter_0_0_rf_wrapper_i/tx1_u_dac/INTERNAL_FBRC_MUX
                            (rising edge-triggered cell HSDAC clocked by RFDAC1_CLK  {rise@0.000ns fall@5.000ns period=10.000ns})
  Destination:            PYNQ_Design_i/usp_rf_data_converter_0/inst/IP2Bus_Data_reg[9]/D
                            (rising edge-triggered cell FDRE clocked by clk_pl_0  {rise@0.000ns fall@5.156ns period=10.312ns})
  Path Group:             (none)
  Path Type:              Hold (Min at Fast Process Corner)
  Data Path Delay:        1.830ns  (logic 0.418ns (22.842%)  route 1.412ns (77.158%))
  Logic Levels:           5  (LUT4=1 LUT6=4)
  Clock Path Skew:        1.420ns (DCD - SCD - CPR)
    Destination Clock Delay (DCD):    1.420ns
    Source Clock Delay      (SCD):    0.000ns
    Clock Pessimism Removal (CPR):    -0.000ns
  Clock Uncertainty:      0.159ns  ((TSJ^2 + DJ^2)^1/2) / 2 + PE
    Total System Jitter     (TSJ):    0.071ns
    Discrete Jitter          (DJ):    0.310ns
    Phase Error              (PE):    0.000ns
  Clock Net Delay (Destination): 1.273ns (routing 0.282ns, distribution 0.991ns)
  Timing Exception:       False Path

    Location             Delay type                Incr(ns)  Path(ns)    Netlist Resource(s)
  -------------------------------------------------------------------    -------------------
                         (clock RFDAC1_CLK rise edge)
                                                      0.000     0.000 r  
    HSDAC_X0Y1           HSDAC                        0.000     0.000 r  PYNQ_Design_i/usp_rf_data_converter_0/inst/PYNQ_Design_usp_rf_data_converter_0_0_rf_wrapper_i/tx1_u_dac/INTERNAL_FBRC_MUX
  -------------------------------------------------------------------    -------------------
    HSDAC_X0Y1           HSDAC (Prop_HSDAC_INTERNAL_FBRC_MUX_STATUS_COMMON[9])
                                                      0.338     0.338 r  PYNQ_Design_i/usp_rf_data_converter_0/inst/PYNQ_Design_usp_rf_data_converter_0_0_rf_wrapper_i/tx1_u_dac/STATUS_COMMON[9]
                         net (fo=1, routed)           1.061     1.399    PYNQ_Design_i/usp_rf_data_converter_0/inst/i_axi_lite_ipif/I_SLAVE_ATTACHMENT/I_DECODER/dac1_common_stat[9]
    SLICE_X114Y116       LUT4 (Prop_A6LUT_SLICEL_I0_O)
                                                      0.022     1.421 f  PYNQ_Design_i/usp_rf_data_converter_0/inst/i_axi_lite_ipif/I_SLAVE_ATTACHMENT/I_DECODER/IP2Bus_Data[9]_i_44/O
                         net (fo=1, routed)           0.047     1.468    PYNQ_Design_i/usp_rf_data_converter_0/inst/i_axi_lite_ipif/I_SLAVE_ATTACHMENT/I_DECODER/IP2Bus_Data[9]_i_44_n_0
    SLICE_X114Y116       LUT6 (Prop_H6LUT_SLICEL_I2_O)
                                                      0.015     1.483 r  PYNQ_Design_i/usp_rf_data_converter_0/inst/i_axi_lite_ipif/I_SLAVE_ATTACHMENT/I_DECODER/IP2Bus_Data[9]_i_30/O
                         net (fo=1, routed)           0.070     1.553    PYNQ_Design_i/usp_rf_data_converter_0/inst/i_axi_lite_ipif/I_SLAVE_ATTACHMENT/I_DECODER/IP2Bus_Data[9]_i_30_n_0
    SLICE_X113Y116       LUT6 (Prop_C6LUT_SLICEM_I2_O)
                                                      0.014     1.567 f  PYNQ_Design_i/usp_rf_data_converter_0/inst/i_axi_lite_ipif/I_SLAVE_ATTACHMENT/I_DECODER/IP2Bus_Data[9]_i_10/O
                         net (fo=1, routed)           0.078     1.645    PYNQ_Design_i/usp_rf_data_converter_0/inst/i_axi_lite_ipif/I_SLAVE_ATTACHMENT/I_DECODER/IP2Bus_Data[9]_i_10_n_0
    SLICE_X111Y116       LUT6 (Prop_B6LUT_SLICEL_I5_O)
                                                      0.015     1.660 r  PYNQ_Design_i/usp_rf_data_converter_0/inst/i_axi_lite_ipif/I_SLAVE_ATTACHMENT/I_DECODER/IP2Bus_Data[9]_i_2/O
                         net (fo=1, routed)           0.132     1.792    PYNQ_Design_i/usp_rf_data_converter_0/inst/i_axi_lite_ipif/I_SLAVE_ATTACHMENT/I_DECODER/IP2Bus_Data[9]_i_2_n_0
    SLICE_X113Y112       LUT6 (Prop_C6LUT_SLICEM_I0_O)
                                                      0.014     1.806 r  PYNQ_Design_i/usp_rf_data_converter_0/inst/i_axi_lite_ipif/I_SLAVE_ATTACHMENT/I_DECODER/IP2Bus_Data[9]_i_1/O
                         net (fo=1, routed)           0.024     1.830    PYNQ_Design_i/usp_rf_data_converter_0/inst/i_axi_lite_ipif_n_75
    SLICE_X113Y112       FDRE                                         r  PYNQ_Design_i/usp_rf_data_converter_0/inst/IP2Bus_Data_reg[9]/D
  -------------------------------------------------------------------    -------------------

                         (clock clk_pl_0 rise edge)
                                                      0.000     0.000 r  
    PS8_X0Y0             PS8                          0.000     0.000 r  PYNQ_Design_i/zynq_ultra_ps_e_0/U0/PS8_i/PLCLK[0]
                         net (fo=1, routed)           0.129     0.129    PYNQ_Design_i/zynq_ultra_ps_e_0/U0/pl_clk_unbuffered[0]
    BUFG_PS_X0Y58        BUFG_PS (Prop_BUFG_PS_I_O)
                                                      0.018     0.147 r  PYNQ_Design_i/zynq_ultra_ps_e_0/U0/buffer_pl_clk_0.PL_CLK_0_BUFG/O
    X2Y2 (CLOCK_ROOT)    net (fo=13302, routed)       1.273     1.420    PYNQ_Design_i/usp_rf_data_converter_0/inst/s_axi_aclk
    SLICE_X113Y112       FDRE                                         r  PYNQ_Design_i/usp_rf_data_converter_0/inst/IP2Bus_Data_reg[9]/C

Slack:                    inf
  Source:                 PYNQ_Design_i/usp_rf_data_converter_0/inst/PYNQ_Design_usp_rf_data_converter_0_0_rf_wrapper_i/tx1_u_dac/INTERNAL_FBRC_MUX
                            (rising edge-triggered cell HSDAC clocked by RFDAC1_CLK  {rise@0.000ns fall@5.000ns period=10.000ns})
  Destination:            PYNQ_Design_i/usp_rf_data_converter_0/inst/IP2Bus_Data_reg[12]/D
                            (rising edge-triggered cell FDRE clocked by clk_pl_0  {rise@0.000ns fall@5.156ns period=10.312ns})
  Path Group:             (none)
  Path Type:              Hold (Min at Fast Process Corner)
  Data Path Delay:        1.836ns  (logic 0.513ns (27.941%)  route 1.323ns (72.059%))
  Logic Levels:           4  (LUT5=1 LUT6=3)
  Clock Path Skew:        1.408ns (DCD - SCD - CPR)
    Destination Clock Delay (DCD):    1.408ns
    Source Clock Delay      (SCD):    0.000ns
    Clock Pessimism Removal (CPR):    -0.000ns
  Clock Uncertainty:      0.159ns  ((TSJ^2 + DJ^2)^1/2) / 2 + PE
    Total System Jitter     (TSJ):    0.071ns
    Discrete Jitter          (DJ):    0.310ns
    Phase Error              (PE):    0.000ns
  Clock Net Delay (Destination): 1.261ns (routing 0.282ns, distribution 0.979ns)
  Timing Exception:       False Path

    Location             Delay type                Incr(ns)  Path(ns)    Netlist Resource(s)
  -------------------------------------------------------------------    -------------------
                         (clock RFDAC1_CLK rise edge)
                                                      0.000     0.000 r  
    HSDAC_X0Y1           HSDAC                        0.000     0.000 r  PYNQ_Design_i/usp_rf_data_converter_0/inst/PYNQ_Design_usp_rf_data_converter_0_0_rf_wrapper_i/tx1_u_dac/INTERNAL_FBRC_MUX
  -------------------------------------------------------------------    -------------------
    HSDAC_X0Y1           HSDAC (Prop_HSDAC_INTERNAL_FBRC_MUX_STATUS_COMMON[12])
                                                      0.386     0.386 r  PYNQ_Design_i/usp_rf_data_converter_0/inst/PYNQ_Design_usp_rf_data_converter_0_0_rf_wrapper_i/tx1_u_dac/STATUS_COMMON[12]
                         net (fo=1, routed)           1.047     1.433    PYNQ_Design_i/usp_rf_data_converter_0/inst/i_axi_lite_ipif/I_SLAVE_ATTACHMENT/I_DECODER/dac1_common_stat[12]
    SLICE_X114Y118       LUT5 (Prop_D6LUT_SLICEL_I4_O)
                                                      0.014     1.447 r  PYNQ_Design_i/usp_rf_data_converter_0/inst/i_axi_lite_ipif/I_SLAVE_ATTACHMENT/I_DECODER/IP2Bus_Data[12]_i_34/O
                         net (fo=1, routed)           0.068     1.515    PYNQ_Design_i/usp_rf_data_converter_0/inst/i_axi_lite_ipif/I_SLAVE_ATTACHMENT/I_DECODER/IP2Bus_Data[12]_i_34_n_0
    SLICE_X113Y118       LUT6 (Prop_B6LUT_SLICEM_I5_O)
                                                      0.022     1.537 f  PYNQ_Design_i/usp_rf_data_converter_0/inst/i_axi_lite_ipif/I_SLAVE_ATTACHMENT/I_DECODER/IP2Bus_Data[12]_i_18/O
                         net (fo=1, routed)           0.106     1.643    PYNQ_Design_i/usp_rf_data_converter_0/inst/i_axi_lite_ipif/I_SLAVE_ATTACHMENT/I_DECODER/IP2Bus_Data[12]_i_18_n_0
    SLICE_X111Y117       LUT6 (Prop_H6LUT_SLICEL_I2_O)
                                                      0.041     1.684 r  PYNQ_Design_i/usp_rf_data_converter_0/inst/i_axi_lite_ipif/I_SLAVE_ATTACHMENT/I_DECODER/IP2Bus_Data[12]_i_5/O
                         net (fo=1, routed)           0.085     1.769    PYNQ_Design_i/usp_rf_data_converter_0/inst/i_axi_lite_ipif/I_SLAVE_ATTACHMENT/I_DECODER/IP2Bus_Data[12]_i_5_n_0
    SLICE_X111Y112       LUT6 (Prop_C6LUT_SLICEL_I3_O)
                                                      0.050     1.819 r  PYNQ_Design_i/usp_rf_data_converter_0/inst/i_axi_lite_ipif/I_SLAVE_ATTACHMENT/I_DECODER/IP2Bus_Data[12]_i_1/O
                         net (fo=1, routed)           0.017     1.836    PYNQ_Design_i/usp_rf_data_converter_0/inst/i_axi_lite_ipif_n_72
    SLICE_X111Y112       FDRE                                         r  PYNQ_Design_i/usp_rf_data_converter_0/inst/IP2Bus_Data_reg[12]/D
  -------------------------------------------------------------------    -------------------

                         (clock clk_pl_0 rise edge)
                                                      0.000     0.000 r  
    PS8_X0Y0             PS8                          0.000     0.000 r  PYNQ_Design_i/zynq_ultra_ps_e_0/U0/PS8_i/PLCLK[0]
                         net (fo=1, routed)           0.129     0.129    PYNQ_Design_i/zynq_ultra_ps_e_0/U0/pl_clk_unbuffered[0]
    BUFG_PS_X0Y58        BUFG_PS (Prop_BUFG_PS_I_O)
                                                      0.018     0.147 r  PYNQ_Design_i/zynq_ultra_ps_e_0/U0/buffer_pl_clk_0.PL_CLK_0_BUFG/O
    X2Y2 (CLOCK_ROOT)    net (fo=13302, routed)       1.261     1.408    PYNQ_Design_i/usp_rf_data_converter_0/inst/s_axi_aclk
    SLICE_X111Y112       FDRE                                         r  PYNQ_Design_i/usp_rf_data_converter_0/inst/IP2Bus_Data_reg[12]/C

Slack:                    inf
  Source:                 PYNQ_Design_i/usp_rf_data_converter_0/inst/PYNQ_Design_usp_rf_data_converter_0_0_rf_wrapper_i/tx1_u_dac/INTERNAL_FBRC_MUX
                            (rising edge-triggered cell HSDAC clocked by RFDAC1_CLK  {rise@0.000ns fall@5.000ns period=10.000ns})
  Destination:            PYNQ_Design_i/usp_rf_data_converter_0/inst/IP2Bus_Data_reg[15]/D
                            (rising edge-triggered cell FDRE clocked by clk_pl_0  {rise@0.000ns fall@5.156ns period=10.312ns})
  Path Group:             (none)
  Path Type:              Hold (Min at Fast Process Corner)
  Data Path Delay:        1.982ns  (logic 0.586ns (29.566%)  route 1.396ns (70.434%))
  Logic Levels:           5  (LUT4=1 LUT5=1 LUT6=3)
  Clock Path Skew:        1.415ns (DCD - SCD - CPR)
    Destination Clock Delay (DCD):    1.415ns
    Source Clock Delay      (SCD):    0.000ns
    Clock Pessimism Removal (CPR):    -0.000ns
  Clock Uncertainty:      0.159ns  ((TSJ^2 + DJ^2)^1/2) / 2 + PE
    Total System Jitter     (TSJ):    0.071ns
    Discrete Jitter          (DJ):    0.310ns
    Phase Error              (PE):    0.000ns
  Clock Net Delay (Destination): 1.268ns (routing 0.282ns, distribution 0.986ns)
  Timing Exception:       False Path

    Location             Delay type                Incr(ns)  Path(ns)    Netlist Resource(s)
  -------------------------------------------------------------------    -------------------
                         (clock RFDAC1_CLK rise edge)
                                                      0.000     0.000 r  
    HSDAC_X0Y1           HSDAC                        0.000     0.000 r  PYNQ_Design_i/usp_rf_data_converter_0/inst/PYNQ_Design_usp_rf_data_converter_0_0_rf_wrapper_i/tx1_u_dac/INTERNAL_FBRC_MUX
  -------------------------------------------------------------------    -------------------
    HSDAC_X0Y1           HSDAC (Prop_HSDAC_INTERNAL_FBRC_MUX_STATUS_COMMON[15])
                                                      0.413     0.413 r  PYNQ_Design_i/usp_rf_data_converter_0/inst/PYNQ_Design_usp_rf_data_converter_0_0_rf_wrapper_i/tx1_u_dac/STATUS_COMMON[15]
                         net (fo=1, routed)           1.063     1.476    PYNQ_Design_i/usp_rf_data_converter_0/inst/i_axi_lite_ipif/I_SLAVE_ATTACHMENT/I_DECODER/dac1_common_stat[15]
    SLICE_X114Y117       LUT4 (Prop_B6LUT_SLICEL_I0_O)
                                                      0.060     1.536 f  PYNQ_Design_i/usp_rf_data_converter_0/inst/i_axi_lite_ipif/I_SLAVE_ATTACHMENT/I_DECODER/IP2Bus_Data[15]_i_68/O
                         net (fo=1, routed)           0.044     1.580    PYNQ_Design_i/usp_rf_data_converter_0/inst/i_axi_lite_ipif/I_SLAVE_ATTACHMENT/I_DECODER/IP2Bus_Data[15]_i_68_n_0
    SLICE_X114Y117       LUT5 (Prop_C6LUT_SLICEL_I3_O)
                                                      0.035     1.615 r  PYNQ_Design_i/usp_rf_data_converter_0/inst/i_axi_lite_ipif/I_SLAVE_ATTACHMENT/I_DECODER/IP2Bus_Data[15]_i_33/O
                         net (fo=1, routed)           0.043     1.658    PYNQ_Design_i/usp_rf_data_converter_0/inst/i_axi_lite_ipif/I_SLAVE_ATTACHMENT/I_DECODER/IP2Bus_Data[15]_i_33_n_0
    SLICE_X113Y116       LUT6 (Prop_G6LUT_SLICEM_I5_O)
                                                      0.014     1.672 r  PYNQ_Design_i/usp_rf_data_converter_0/inst/i_axi_lite_ipif/I_SLAVE_ATTACHMENT/I_DECODER/IP2Bus_Data[15]_i_11/O
                         net (fo=1, routed)           0.105     1.777    PYNQ_Design_i/usp_rf_data_converter_0/inst/i_axi_lite_ipif/I_SLAVE_ATTACHMENT/I_DECODER/IP2Bus_Data[15]_i_11_n_0
    SLICE_X111Y115       LUT6 (Prop_F6LUT_SLICEL_I5_O)
                                                      0.014     1.791 r  PYNQ_Design_i/usp_rf_data_converter_0/inst/i_axi_lite_ipif/I_SLAVE_ATTACHMENT/I_DECODER/IP2Bus_Data[15]_i_2/O
                         net (fo=1, routed)           0.115     1.906    PYNQ_Design_i/usp_rf_data_converter_0/inst/i_axi_lite_ipif/I_SLAVE_ATTACHMENT/I_DECODER/IP2Bus_Data[15]_i_2_n_0
    SLICE_X113Y111       LUT6 (Prop_D6LUT_SLICEM_I0_O)
                                                      0.050     1.956 r  PYNQ_Design_i/usp_rf_data_converter_0/inst/i_axi_lite_ipif/I_SLAVE_ATTACHMENT/I_DECODER/IP2Bus_Data[15]_i_1/O
                         net (fo=1, routed)           0.026     1.982    PYNQ_Design_i/usp_rf_data_converter_0/inst/i_axi_lite_ipif_n_69
    SLICE_X113Y111       FDRE                                         r  PYNQ_Design_i/usp_rf_data_converter_0/inst/IP2Bus_Data_reg[15]/D
  -------------------------------------------------------------------    -------------------

                         (clock clk_pl_0 rise edge)
                                                      0.000     0.000 r  
    PS8_X0Y0             PS8                          0.000     0.000 r  PYNQ_Design_i/zynq_ultra_ps_e_0/U0/PS8_i/PLCLK[0]
                         net (fo=1, routed)           0.129     0.129    PYNQ_Design_i/zynq_ultra_ps_e_0/U0/pl_clk_unbuffered[0]
    BUFG_PS_X0Y58        BUFG_PS (Prop_BUFG_PS_I_O)
                                                      0.018     0.147 r  PYNQ_Design_i/zynq_ultra_ps_e_0/U0/buffer_pl_clk_0.PL_CLK_0_BUFG/O
    X2Y2 (CLOCK_ROOT)    net (fo=13302, routed)       1.268     1.415    PYNQ_Design_i/usp_rf_data_converter_0/inst/s_axi_aclk
    SLICE_X113Y111       FDRE                                         r  PYNQ_Design_i/usp_rf_data_converter_0/inst/IP2Bus_Data_reg[15]/C

Slack:                    inf
  Source:                 PYNQ_Design_i/usp_rf_data_converter_0/inst/PYNQ_Design_usp_rf_data_converter_0_0_rf_wrapper_i/tx1_u_dac/INTERNAL_FBRC_MUX
                            (rising edge-triggered cell HSDAC clocked by RFDAC1_CLK  {rise@0.000ns fall@5.000ns period=10.000ns})
  Destination:            PYNQ_Design_i/usp_rf_data_converter_0/inst/IP2Bus_Data_reg[13]/D
                            (rising edge-triggered cell FDRE clocked by clk_pl_0  {rise@0.000ns fall@5.156ns period=10.312ns})
  Path Group:             (none)
  Path Type:              Hold (Min at Fast Process Corner)
  Data Path Delay:        2.122ns  (logic 0.708ns (33.365%)  route 1.414ns (66.635%))
  Logic Levels:           5  (LUT4=1 LUT6=4)
  Clock Path Skew:        1.411ns (DCD - SCD - CPR)
    Destination Clock Delay (DCD):    1.411ns
    Source Clock Delay      (SCD):    0.000ns
    Clock Pessimism Removal (CPR):    -0.000ns
  Clock Uncertainty:      0.159ns  ((TSJ^2 + DJ^2)^1/2) / 2 + PE
    Total System Jitter     (TSJ):    0.071ns
    Discrete Jitter          (DJ):    0.310ns
    Phase Error              (PE):    0.000ns
  Clock Net Delay (Destination): 1.264ns (routing 0.282ns, distribution 0.982ns)
  Timing Exception:       False Path

    Location             Delay type                Incr(ns)  Path(ns)    Netlist Resource(s)
  -------------------------------------------------------------------    -------------------
                         (clock RFDAC1_CLK rise edge)
                                                      0.000     0.000 r  
    HSDAC_X0Y1           HSDAC                        0.000     0.000 r  PYNQ_Design_i/usp_rf_data_converter_0/inst/PYNQ_Design_usp_rf_data_converter_0_0_rf_wrapper_i/tx1_u_dac/INTERNAL_FBRC_MUX
  -------------------------------------------------------------------    -------------------
    HSDAC_X0Y1           HSDAC (Prop_HSDAC_INTERNAL_FBRC_MUX_STATUS_COMMON[13])
                                                      0.524     0.524 r  PYNQ_Design_i/usp_rf_data_converter_0/inst/PYNQ_Design_usp_rf_data_converter_0_0_rf_wrapper_i/tx1_u_dac/STATUS_COMMON[13]
                         net (fo=1, routed)           1.096     1.620    PYNQ_Design_i/usp_rf_data_converter_0/inst/i_axi_lite_ipif/I_SLAVE_ATTACHMENT/I_DECODER/dac1_common_stat[13]
    SLICE_X114Y118       LUT6 (Prop_G6LUT_SLICEL_I5_O)
                                                      0.035     1.655 r  PYNQ_Design_i/usp_rf_data_converter_0/inst/i_axi_lite_ipif/I_SLAVE_ATTACHMENT/I_DECODER/IP2Bus_Data[13]_i_37/O
                         net (fo=1, routed)           0.050     1.705    PYNQ_Design_i/usp_rf_data_converter_0/inst/i_axi_lite_ipif/I_SLAVE_ATTACHMENT/I_DECODER/IP2Bus_Data[13]_i_37_n_0
    SLICE_X113Y118       LUT6 (Prop_H6LUT_SLICEM_I5_O)
                                                      0.051     1.756 f  PYNQ_Design_i/usp_rf_data_converter_0/inst/i_axi_lite_ipif/I_SLAVE_ATTACHMENT/I_DECODER/IP2Bus_Data[13]_i_21/O
                         net (fo=1, routed)           0.024     1.780    PYNQ_Design_i/usp_rf_data_converter_0/inst/i_axi_lite_ipif/I_SLAVE_ATTACHMENT/I_DECODER/IP2Bus_Data[13]_i_21_n_0
    SLICE_X113Y118       LUT6 (Prop_G6LUT_SLICEM_I1_O)
                                                      0.022     1.802 r  PYNQ_Design_i/usp_rf_data_converter_0/inst/i_axi_lite_ipif/I_SLAVE_ATTACHMENT/I_DECODER/IP2Bus_Data[13]_i_8/O
                         net (fo=1, routed)           0.118     1.920    PYNQ_Design_i/usp_rf_data_converter_0/inst/i_axi_lite_ipif/I_SLAVE_ATTACHMENT/I_DECODER/IP2Bus_Data[13]_i_8_n_0
    SLICE_X110Y117       LUT4 (Prop_B6LUT_SLICEM_I2_O)
                                                      0.041     1.961 r  PYNQ_Design_i/usp_rf_data_converter_0/inst/i_axi_lite_ipif/I_SLAVE_ATTACHMENT/I_DECODER/IP2Bus_Data[13]_i_2/O
                         net (fo=1, routed)           0.100     2.061    PYNQ_Design_i/usp_rf_data_converter_0/inst/i_axi_lite_ipif/I_SLAVE_ATTACHMENT/I_DECODER/IP2Bus_Data[13]_i_2_n_0
    SLICE_X112Y114       LUT6 (Prop_D6LUT_SLICEM_I0_O)
                                                      0.035     2.096 r  PYNQ_Design_i/usp_rf_data_converter_0/inst/i_axi_lite_ipif/I_SLAVE_ATTACHMENT/I_DECODER/IP2Bus_Data[13]_i_1/O
                         net (fo=1, routed)           0.026     2.122    PYNQ_Design_i/usp_rf_data_converter_0/inst/i_axi_lite_ipif_n_71
    SLICE_X112Y114       FDRE                                         r  PYNQ_Design_i/usp_rf_data_converter_0/inst/IP2Bus_Data_reg[13]/D
  -------------------------------------------------------------------    -------------------

                         (clock clk_pl_0 rise edge)
                                                      0.000     0.000 r  
    PS8_X0Y0             PS8                          0.000     0.000 r  PYNQ_Design_i/zynq_ultra_ps_e_0/U0/PS8_i/PLCLK[0]
                         net (fo=1, routed)           0.129     0.129    PYNQ_Design_i/zynq_ultra_ps_e_0/U0/pl_clk_unbuffered[0]
    BUFG_PS_X0Y58        BUFG_PS (Prop_BUFG_PS_I_O)
                                                      0.018     0.147 r  PYNQ_Design_i/zynq_ultra_ps_e_0/U0/buffer_pl_clk_0.PL_CLK_0_BUFG/O
    X2Y2 (CLOCK_ROOT)    net (fo=13302, routed)       1.264     1.411    PYNQ_Design_i/usp_rf_data_converter_0/inst/s_axi_aclk
    SLICE_X112Y114       FDRE                                         r  PYNQ_Design_i/usp_rf_data_converter_0/inst/IP2Bus_Data_reg[13]/C





--------------------------------------------------------------------------------------
Path Group:  (none)
From Clock:  clk_pl_0
  To Clock:  clk_pl_0

Max Delay           117 Endpoints
Min Delay           117 Endpoints
--------------------------------------------------------------------------------------


Max Delay Paths
--------------------------------------------------------------------------------------
Slack:                    inf
  Source:                 PYNQ_Design_i/rst_ps8_0_96M/U0/ACTIVE_LOW_PR_OUT_DFF[0].FDRE_PER_N/C
                            (rising edge-triggered cell FDRE clocked by clk_pl_0  {rise@0.000ns fall@5.156ns period=10.312ns})
  Destination:            PYNQ_Design_i/usp_rf_data_converter_0/inst/cdc_dac0_clk_valid_i/syncstages_ff_reg[0]/D
                            (rising edge-triggered cell FDRE clocked by clk_pl_0  {rise@0.000ns fall@5.156ns period=10.312ns})
  Path Group:             (none)
  Path Type:              Setup (Max at Slow Process Corner)
  Data Path Delay:        3.168ns  (logic 0.079ns (2.494%)  route 3.089ns (97.506%))
  Logic Levels:           0  
  Clock Path Skew:        0.130ns (DCD - SCD + CPR)
    Destination Clock Delay (DCD):    1.996ns
    Source Clock Delay      (SCD):    1.866ns
    Clock Pessimism Removal (CPR):    0.000ns
  Clock Uncertainty:      0.159ns  ((TSJ^2 + DJ^2)^1/2) / 2 + PE
    Total System Jitter     (TSJ):    0.071ns
    Discrete Jitter          (DJ):    0.310ns
    Phase Error              (PE):    0.000ns
  Clock Net Delay (Source):      1.640ns (routing 0.467ns, distribution 1.173ns)
  Clock Net Delay (Destination): 1.814ns (routing 0.423ns, distribution 1.391ns)
  Timing Exception:       False Path

    Location             Delay type                Incr(ns)  Path(ns)    Netlist Resource(s)
  -------------------------------------------------------------------    -------------------
                         (clock clk_pl_0 rise edge)
                                                      0.000     0.000 r  
    PS8_X0Y0             PS8                          0.000     0.000 r  PYNQ_Design_i/zynq_ultra_ps_e_0/U0/PS8_i/PLCLK[0]
                         net (fo=1, routed)           0.198     0.198    PYNQ_Design_i/zynq_ultra_ps_e_0/U0/pl_clk_unbuffered[0]
    BUFG_PS_X0Y58        BUFG_PS (Prop_BUFG_PS_I_O)
                                                      0.028     0.226 r  PYNQ_Design_i/zynq_ultra_ps_e_0/U0/buffer_pl_clk_0.PL_CLK_0_BUFG/O
    X2Y2 (CLOCK_ROOT)    net (fo=13302, routed)       1.640     1.866    PYNQ_Design_i/rst_ps8_0_96M/U0/slowest_sync_clk
    SLICE_X51Y141        FDRE                                         r  PYNQ_Design_i/rst_ps8_0_96M/U0/ACTIVE_LOW_PR_OUT_DFF[0].FDRE_PER_N/C
  -------------------------------------------------------------------    -------------------
    SLICE_X51Y141        FDRE (Prop_EFF_SLICEL_C_Q)
                                                      0.079     1.945 r  PYNQ_Design_i/rst_ps8_0_96M/U0/ACTIVE_LOW_PR_OUT_DFF[0].FDRE_PER_N/Q
                         net (fo=900, routed)         3.089     5.034    PYNQ_Design_i/usp_rf_data_converter_0/inst/cdc_dac0_clk_valid_i/src_in
    SLICE_X110Y137       FDRE                                         r  PYNQ_Design_i/usp_rf_data_converter_0/inst/cdc_dac0_clk_valid_i/syncstages_ff_reg[0]/D
  -------------------------------------------------------------------    -------------------

                         (clock clk_pl_0 rise edge)
                                                      0.000     0.000 r  
    PS8_X0Y0             PS8                          0.000     0.000 r  PYNQ_Design_i/zynq_ultra_ps_e_0/U0/PS8_i/PLCLK[0]
                         net (fo=1, routed)           0.157     0.157    PYNQ_Design_i/zynq_ultra_ps_e_0/U0/pl_clk_unbuffered[0]
    BUFG_PS_X0Y58        BUFG_PS (Prop_BUFG_PS_I_O)
                                                      0.025     0.182 r  PYNQ_Design_i/zynq_ultra_ps_e_0/U0/buffer_pl_clk_0.PL_CLK_0_BUFG/O
    X2Y2 (CLOCK_ROOT)    net (fo=13302, routed)       1.814     1.996    PYNQ_Design_i/usp_rf_data_converter_0/inst/cdc_dac0_clk_valid_i/dest_clk
    SLICE_X110Y137       FDRE                                         r  PYNQ_Design_i/usp_rf_data_converter_0/inst/cdc_dac0_clk_valid_i/syncstages_ff_reg[0]/C

Slack:                    inf
  Source:                 PYNQ_Design_i/rst_ps8_0_96M/U0/ACTIVE_LOW_PR_OUT_DFF[0].FDRE_PER_N/C
                            (rising edge-triggered cell FDRE clocked by clk_pl_0  {rise@0.000ns fall@5.156ns period=10.312ns})
  Destination:            PYNQ_Design_i/usp_rf_data_converter_0/inst/cdc_adc0_clk_valid_i/syncstages_ff_reg[0]/D
                            (rising edge-triggered cell FDRE clocked by clk_pl_0  {rise@0.000ns fall@5.156ns period=10.312ns})
  Path Group:             (none)
  Path Type:              Setup (Max at Slow Process Corner)
  Data Path Delay:        3.061ns  (logic 0.079ns (2.581%)  route 2.982ns (97.419%))
  Logic Levels:           0  
  Clock Path Skew:        0.136ns (DCD - SCD + CPR)
    Destination Clock Delay (DCD):    2.002ns
    Source Clock Delay      (SCD):    1.866ns
    Clock Pessimism Removal (CPR):    0.000ns
  Clock Uncertainty:      0.159ns  ((TSJ^2 + DJ^2)^1/2) / 2 + PE
    Total System Jitter     (TSJ):    0.071ns
    Discrete Jitter          (DJ):    0.310ns
    Phase Error              (PE):    0.000ns
  Clock Net Delay (Source):      1.640ns (routing 0.467ns, distribution 1.173ns)
  Clock Net Delay (Destination): 1.820ns (routing 0.423ns, distribution 1.397ns)
  Timing Exception:       False Path

    Location             Delay type                Incr(ns)  Path(ns)    Netlist Resource(s)
  -------------------------------------------------------------------    -------------------
                         (clock clk_pl_0 rise edge)
                                                      0.000     0.000 r  
    PS8_X0Y0             PS8                          0.000     0.000 r  PYNQ_Design_i/zynq_ultra_ps_e_0/U0/PS8_i/PLCLK[0]
                         net (fo=1, routed)           0.198     0.198    PYNQ_Design_i/zynq_ultra_ps_e_0/U0/pl_clk_unbuffered[0]
    BUFG_PS_X0Y58        BUFG_PS (Prop_BUFG_PS_I_O)
                                                      0.028     0.226 r  PYNQ_Design_i/zynq_ultra_ps_e_0/U0/buffer_pl_clk_0.PL_CLK_0_BUFG/O
    X2Y2 (CLOCK_ROOT)    net (fo=13302, routed)       1.640     1.866    PYNQ_Design_i/rst_ps8_0_96M/U0/slowest_sync_clk
    SLICE_X51Y141        FDRE                                         r  PYNQ_Design_i/rst_ps8_0_96M/U0/ACTIVE_LOW_PR_OUT_DFF[0].FDRE_PER_N/C
  -------------------------------------------------------------------    -------------------
    SLICE_X51Y141        FDRE (Prop_EFF_SLICEL_C_Q)
                                                      0.079     1.945 r  PYNQ_Design_i/rst_ps8_0_96M/U0/ACTIVE_LOW_PR_OUT_DFF[0].FDRE_PER_N/Q
                         net (fo=900, routed)         2.982     4.927    PYNQ_Design_i/usp_rf_data_converter_0/inst/cdc_adc0_clk_valid_i/src_in
    SLICE_X111Y118       FDRE                                         r  PYNQ_Design_i/usp_rf_data_converter_0/inst/cdc_adc0_clk_valid_i/syncstages_ff_reg[0]/D
  -------------------------------------------------------------------    -------------------

                         (clock clk_pl_0 rise edge)
                                                      0.000     0.000 r  
    PS8_X0Y0             PS8                          0.000     0.000 r  PYNQ_Design_i/zynq_ultra_ps_e_0/U0/PS8_i/PLCLK[0]
                         net (fo=1, routed)           0.157     0.157    PYNQ_Design_i/zynq_ultra_ps_e_0/U0/pl_clk_unbuffered[0]
    BUFG_PS_X0Y58        BUFG_PS (Prop_BUFG_PS_I_O)
                                                      0.025     0.182 r  PYNQ_Design_i/zynq_ultra_ps_e_0/U0/buffer_pl_clk_0.PL_CLK_0_BUFG/O
    X2Y2 (CLOCK_ROOT)    net (fo=13302, routed)       1.820     2.002    PYNQ_Design_i/usp_rf_data_converter_0/inst/cdc_adc0_clk_valid_i/dest_clk
    SLICE_X111Y118       FDRE                                         r  PYNQ_Design_i/usp_rf_data_converter_0/inst/cdc_adc0_clk_valid_i/syncstages_ff_reg[0]/C

Slack:                    inf
  Source:                 PYNQ_Design_i/usp_rf_data_converter_0/inst/PYNQ_Design_usp_rf_data_converter_0_0_rf_wrapper_i/rx0_u_adc/FABRIC_CLK
                            (rising edge-triggered cell HSADC clocked by clk_pl_0  {rise@0.000ns fall@5.156ns period=10.312ns})
  Destination:            PYNQ_Design_i/usp_rf_data_converter_0/inst/IP2Bus_Data_reg[5]/D
                            (rising edge-triggered cell FDRE clocked by clk_pl_0  {rise@0.000ns fall@5.156ns period=10.312ns})
  Path Group:             (none)
  Path Type:              Setup (Max at Slow Process Corner)
  Data Path Delay:        2.311ns  (logic 0.752ns (32.540%)  route 1.559ns (67.460%))
  Logic Levels:           4  (LUT4=2 LUT6=2)
  Clock Path Skew:        -0.334ns (DCD - SCD + CPR)
    Destination Clock Delay (DCD):    2.004ns
    Source Clock Delay      (SCD):    2.338ns
    Clock Pessimism Removal (CPR):    0.000ns
  Clock Uncertainty:      0.159ns  ((TSJ^2 + DJ^2)^1/2) / 2 + PE
    Total System Jitter     (TSJ):    0.071ns
    Discrete Jitter          (DJ):    0.310ns
    Phase Error              (PE):    0.000ns
  Clock Net Delay (Source):      2.112ns (routing 0.467ns, distribution 1.645ns)
  Clock Net Delay (Destination): 1.822ns (routing 0.423ns, distribution 1.399ns)
  Timing Exception:       False Path

    Location             Delay type                Incr(ns)  Path(ns)    Netlist Resource(s)
  -------------------------------------------------------------------    -------------------
                         (clock clk_pl_0 rise edge)
                                                      0.000     0.000 r  
    PS8_X0Y0             PS8                          0.000     0.000 r  PYNQ_Design_i/zynq_ultra_ps_e_0/U0/PS8_i/PLCLK[0]
                         net (fo=1, routed)           0.198     0.198    PYNQ_Design_i/zynq_ultra_ps_e_0/U0/pl_clk_unbuffered[0]
    BUFG_PS_X0Y58        BUFG_PS (Prop_BUFG_PS_I_O)
                                                      0.028     0.226 r  PYNQ_Design_i/zynq_ultra_ps_e_0/U0/buffer_pl_clk_0.PL_CLK_0_BUFG/O
    X2Y2 (CLOCK_ROOT)    net (fo=13302, routed)       2.112     2.338    PYNQ_Design_i/usp_rf_data_converter_0/inst/PYNQ_Design_usp_rf_data_converter_0_0_rf_wrapper_i/m0_axis_aclk
    HSADC_X0Y0           HSADC                                        r  PYNQ_Design_i/usp_rf_data_converter_0/inst/PYNQ_Design_usp_rf_data_converter_0_0_rf_wrapper_i/rx0_u_adc/FABRIC_CLK
  -------------------------------------------------------------------    -------------------
    HSADC_X0Y0           HSADC (Prop_HSADC_FABRIC_CLK_STATUS_COMMON[5])
                                                      0.450     2.788 r  PYNQ_Design_i/usp_rf_data_converter_0/inst/PYNQ_Design_usp_rf_data_converter_0_0_rf_wrapper_i/rx0_u_adc/STATUS_COMMON[5]
                         net (fo=1, routed)           1.016     3.804    PYNQ_Design_i/usp_rf_data_converter_0/inst/i_axi_lite_ipif/I_SLAVE_ATTACHMENT/I_DECODER/adc0_common_stat[5]
    SLICE_X116Y105       LUT4 (Prop_F6LUT_SLICEL_I3_O)
                                                      0.089     3.893 r  PYNQ_Design_i/usp_rf_data_converter_0/inst/i_axi_lite_ipif/I_SLAVE_ATTACHMENT/I_DECODER/IP2Bus_Data[5]_i_22/O
                         net (fo=1, routed)           0.134     4.027    PYNQ_Design_i/usp_rf_data_converter_0/inst/i_axi_lite_ipif/I_SLAVE_ATTACHMENT/I_DECODER/IP2Bus_Data[5]_i_22_n_0
    SLICE_X115Y107       LUT6 (Prop_F6LUT_SLICEM_I4_O)
                                                      0.088     4.115 f  PYNQ_Design_i/usp_rf_data_converter_0/inst/i_axi_lite_ipif/I_SLAVE_ATTACHMENT/I_DECODER/IP2Bus_Data[5]_i_12/O
                         net (fo=1, routed)           0.138     4.253    PYNQ_Design_i/usp_rf_data_converter_0/inst/i_axi_lite_ipif/I_SLAVE_ATTACHMENT/I_DECODER/IP2Bus_Data[5]_i_12_n_0
    SLICE_X115Y111       LUT4 (Prop_E6LUT_SLICEM_I1_O)
                                                      0.037     4.290 f  PYNQ_Design_i/usp_rf_data_converter_0/inst/i_axi_lite_ipif/I_SLAVE_ATTACHMENT/I_DECODER/IP2Bus_Data[5]_i_4/O
                         net (fo=1, routed)           0.221     4.511    PYNQ_Design_i/usp_rf_data_converter_0/inst/i_axi_lite_ipif/I_SLAVE_ATTACHMENT/I_DECODER/IP2Bus_Data[5]_i_4_n_0
    SLICE_X111Y113       LUT6 (Prop_C6LUT_SLICEL_I3_O)
                                                      0.088     4.599 r  PYNQ_Design_i/usp_rf_data_converter_0/inst/i_axi_lite_ipif/I_SLAVE_ATTACHMENT/I_DECODER/IP2Bus_Data[5]_i_1/O
                         net (fo=1, routed)           0.050     4.649    PYNQ_Design_i/usp_rf_data_converter_0/inst/i_axi_lite_ipif_n_79
    SLICE_X111Y113       FDRE                                         r  PYNQ_Design_i/usp_rf_data_converter_0/inst/IP2Bus_Data_reg[5]/D
  -------------------------------------------------------------------    -------------------

                         (clock clk_pl_0 rise edge)
                                                      0.000     0.000 r  
    PS8_X0Y0             PS8                          0.000     0.000 r  PYNQ_Design_i/zynq_ultra_ps_e_0/U0/PS8_i/PLCLK[0]
                         net (fo=1, routed)           0.157     0.157    PYNQ_Design_i/zynq_ultra_ps_e_0/U0/pl_clk_unbuffered[0]
    BUFG_PS_X0Y58        BUFG_PS (Prop_BUFG_PS_I_O)
                                                      0.025     0.182 r  PYNQ_Design_i/zynq_ultra_ps_e_0/U0/buffer_pl_clk_0.PL_CLK_0_BUFG/O
    X2Y2 (CLOCK_ROOT)    net (fo=13302, routed)       1.822     2.004    PYNQ_Design_i/usp_rf_data_converter_0/inst/s_axi_aclk
    SLICE_X111Y113       FDRE                                         r  PYNQ_Design_i/usp_rf_data_converter_0/inst/IP2Bus_Data_reg[5]/C

Slack:                    inf
  Source:                 PYNQ_Design_i/usp_rf_data_converter_0/inst/PYNQ_Design_usp_rf_data_converter_0_0_rf_wrapper_i/rx0_u_adc/INTERNAL_FABRIC_CLK0
                            (rising edge-triggered cell HSADC clocked by clk_pl_0  {rise@0.000ns fall@5.156ns period=10.312ns})
  Destination:            PYNQ_Design_i/DUT_rec_0/U0/dut_struct/slave_fifo/fifo/comp1.core_instance1/U0/inst_fifo_gen/gconvfifo.rf/grf.rf/gntv_or_sync_fifo.mem/gbm.gbmg.gbmga.ngecc.bmg/inst_blk_mem_gen/gnbram.gnativebmg.native_blk_mem_gen/valid.cstr/ramloop[0].ram.r/prim_noinit.ram/DEVICE_8SERIES.NO_BMM_INFO.SDP.SIMPLE_PRIM36.ram/DINADIN[12]
                            (rising edge-triggered cell RAMB36E2 clocked by clk_pl_0  {rise@0.000ns fall@5.156ns period=10.312ns})
  Path Group:             (none)
  Path Type:              Setup (Max at Slow Process Corner)
  Data Path Delay:        1.257ns  (logic 0.364ns (28.958%)  route 0.893ns (71.042%))
  Logic Levels:           0  
  Clock Path Skew:        -0.395ns (DCD - SCD + CPR)
    Destination Clock Delay (DCD):    2.019ns
    Source Clock Delay      (SCD):    2.414ns
    Clock Pessimism Removal (CPR):    0.000ns
  Clock Uncertainty:      0.159ns  ((TSJ^2 + DJ^2)^1/2) / 2 + PE
    Total System Jitter     (TSJ):    0.071ns
    Discrete Jitter          (DJ):    0.310ns
    Phase Error              (PE):    0.000ns
  Clock Net Delay (Source):      2.112ns (routing 0.467ns, distribution 1.645ns)
  Clock Net Delay (Destination): 1.837ns (routing 0.423ns, distribution 1.414ns)
  Timing Exception:       False Path

    Location             Delay type                Incr(ns)  Path(ns)    Netlist Resource(s)
  -------------------------------------------------------------------    -------------------
                         (clock clk_pl_0 rise edge)
                                                      0.000     0.000 r  
    PS8_X0Y0             PS8                          0.000     0.000 r  PYNQ_Design_i/zynq_ultra_ps_e_0/U0/PS8_i/PLCLK[0]
                         net (fo=1, routed)           0.198     0.198    PYNQ_Design_i/zynq_ultra_ps_e_0/U0/pl_clk_unbuffered[0]
    BUFG_PS_X0Y58        BUFG_PS (Prop_BUFG_PS_I_O)
                                                      0.028     0.226 r  PYNQ_Design_i/zynq_ultra_ps_e_0/U0/buffer_pl_clk_0.PL_CLK_0_BUFG/O
    X2Y2 (CLOCK_ROOT)    net (fo=13302, routed)       2.112     2.338    PYNQ_Design_i/usp_rf_data_converter_0/inst/PYNQ_Design_usp_rf_data_converter_0_0_rf_wrapper_i/m0_axis_aclk
    HSADC_X0Y0           HSADC (Prop_HSADC_FABRIC_CLK_INTERNAL_FABRIC_CLK0)
                                                      0.076     2.414 r  PYNQ_Design_i/usp_rf_data_converter_0/inst/PYNQ_Design_usp_rf_data_converter_0_0_rf_wrapper_i/rx0_u_adc/INTERNAL_FABRIC_CLK0
  -------------------------------------------------------------------    -------------------
    HSADC_X0Y0           HSADC (Prop_HSADC_INTERNAL_FABRIC_CLK0_DATA_ADC0[12])
                                                      0.364     2.778 r  PYNQ_Design_i/usp_rf_data_converter_0/inst/PYNQ_Design_usp_rf_data_converter_0_0_rf_wrapper_i/rx0_u_adc/DATA_ADC0[12]
                         net (fo=1, routed)           0.893     3.671    PYNQ_Design_i/DUT_rec_0/U0/dut_struct/slave_fifo/fifo/comp1.core_instance1/U0/inst_fifo_gen/gconvfifo.rf/grf.rf/gntv_or_sync_fifo.mem/gbm.gbmg.gbmga.ngecc.bmg/inst_blk_mem_gen/gnbram.gnativebmg.native_blk_mem_gen/valid.cstr/ramloop[0].ram.r/prim_noinit.ram/din[13]
    RAMB36_X10Y2         RAMB36E2                                     r  PYNQ_Design_i/DUT_rec_0/U0/dut_struct/slave_fifo/fifo/comp1.core_instance1/U0/inst_fifo_gen/gconvfifo.rf/grf.rf/gntv_or_sync_fifo.mem/gbm.gbmg.gbmga.ngecc.bmg/inst_blk_mem_gen/gnbram.gnativebmg.native_blk_mem_gen/valid.cstr/ramloop[0].ram.r/prim_noinit.ram/DEVICE_8SERIES.NO_BMM_INFO.SDP.SIMPLE_PRIM36.ram/DINADIN[12]
  -------------------------------------------------------------------    -------------------

                         (clock clk_pl_0 rise edge)
                                                      0.000     0.000 r  
    PS8_X0Y0             PS8                          0.000     0.000 r  PYNQ_Design_i/zynq_ultra_ps_e_0/U0/PS8_i/PLCLK[0]
                         net (fo=1, routed)           0.157     0.157    PYNQ_Design_i/zynq_ultra_ps_e_0/U0/pl_clk_unbuffered[0]
    BUFG_PS_X0Y58        BUFG_PS (Prop_BUFG_PS_I_O)
                                                      0.025     0.182 r  PYNQ_Design_i/zynq_ultra_ps_e_0/U0/buffer_pl_clk_0.PL_CLK_0_BUFG/O
    X2Y2 (CLOCK_ROOT)    net (fo=13302, routed)       1.837     2.019    PYNQ_Design_i/DUT_rec_0/U0/dut_struct/slave_fifo/fifo/comp1.core_instance1/U0/inst_fifo_gen/gconvfifo.rf/grf.rf/gntv_or_sync_fifo.mem/gbm.gbmg.gbmga.ngecc.bmg/inst_blk_mem_gen/gnbram.gnativebmg.native_blk_mem_gen/valid.cstr/ramloop[0].ram.r/prim_noinit.ram/clk
    RAMB36_X10Y2         RAMB36E2                                     r  PYNQ_Design_i/DUT_rec_0/U0/dut_struct/slave_fifo/fifo/comp1.core_instance1/U0/inst_fifo_gen/gconvfifo.rf/grf.rf/gntv_or_sync_fifo.mem/gbm.gbmg.gbmga.ngecc.bmg/inst_blk_mem_gen/gnbram.gnativebmg.native_blk_mem_gen/valid.cstr/ramloop[0].ram.r/prim_noinit.ram/DEVICE_8SERIES.NO_BMM_INFO.SDP.SIMPLE_PRIM36.ram/CLKARDCLK

Slack:                    inf
  Source:                 PYNQ_Design_i/usp_rf_data_converter_0/inst/PYNQ_Design_usp_rf_data_converter_0_0_rf_wrapper_i/rx0_u_adc/INTERNAL_FABRIC_CLK0
                            (rising edge-triggered cell HSADC clocked by clk_pl_0  {rise@0.000ns fall@5.156ns period=10.312ns})
  Destination:            PYNQ_Design_i/DUT_rec_0/U0/dut_struct/slave_fifo/fifo/comp1.core_instance1/U0/inst_fifo_gen/gconvfifo.rf/grf.rf/gntv_or_sync_fifo.mem/gbm.gbmg.gbmga.ngecc.bmg/inst_blk_mem_gen/gnbram.gnativebmg.native_blk_mem_gen/valid.cstr/ramloop[0].ram.r/prim_noinit.ram/DEVICE_8SERIES.NO_BMM_INFO.SDP.SIMPLE_PRIM36.ram/DINADIN[26]
                            (rising edge-triggered cell RAMB36E2 clocked by clk_pl_0  {rise@0.000ns fall@5.156ns period=10.312ns})
  Path Group:             (none)
  Path Type:              Setup (Max at Slow Process Corner)
  Data Path Delay:        1.253ns  (logic 0.370ns (29.529%)  route 0.883ns (70.471%))
  Logic Levels:           0  
  Clock Path Skew:        -0.395ns (DCD - SCD + CPR)
    Destination Clock Delay (DCD):    2.019ns
    Source Clock Delay      (SCD):    2.414ns
    Clock Pessimism Removal (CPR):    0.000ns
  Clock Uncertainty:      0.159ns  ((TSJ^2 + DJ^2)^1/2) / 2 + PE
    Total System Jitter     (TSJ):    0.071ns
    Discrete Jitter          (DJ):    0.310ns
    Phase Error              (PE):    0.000ns
  Clock Net Delay (Source):      2.112ns (routing 0.467ns, distribution 1.645ns)
  Clock Net Delay (Destination): 1.837ns (routing 0.423ns, distribution 1.414ns)
  Timing Exception:       False Path

    Location             Delay type                Incr(ns)  Path(ns)    Netlist Resource(s)
  -------------------------------------------------------------------    -------------------
                         (clock clk_pl_0 rise edge)
                                                      0.000     0.000 r  
    PS8_X0Y0             PS8                          0.000     0.000 r  PYNQ_Design_i/zynq_ultra_ps_e_0/U0/PS8_i/PLCLK[0]
                         net (fo=1, routed)           0.198     0.198    PYNQ_Design_i/zynq_ultra_ps_e_0/U0/pl_clk_unbuffered[0]
    BUFG_PS_X0Y58        BUFG_PS (Prop_BUFG_PS_I_O)
                                                      0.028     0.226 r  PYNQ_Design_i/zynq_ultra_ps_e_0/U0/buffer_pl_clk_0.PL_CLK_0_BUFG/O
    X2Y2 (CLOCK_ROOT)    net (fo=13302, routed)       2.112     2.338    PYNQ_Design_i/usp_rf_data_converter_0/inst/PYNQ_Design_usp_rf_data_converter_0_0_rf_wrapper_i/m0_axis_aclk
    HSADC_X0Y0           HSADC (Prop_HSADC_FABRIC_CLK_INTERNAL_FABRIC_CLK0)
                                                      0.076     2.414 r  PYNQ_Design_i/usp_rf_data_converter_0/inst/PYNQ_Design_usp_rf_data_converter_0_0_rf_wrapper_i/rx0_u_adc/INTERNAL_FABRIC_CLK0
  -------------------------------------------------------------------    -------------------
    HSADC_X0Y0           HSADC (Prop_HSADC_INTERNAL_FABRIC_CLK0_DATA_ADC0[26])
                                                      0.370     2.784 r  PYNQ_Design_i/usp_rf_data_converter_0/inst/PYNQ_Design_usp_rf_data_converter_0_0_rf_wrapper_i/rx0_u_adc/DATA_ADC0[26]
                         net (fo=1, routed)           0.883     3.667    PYNQ_Design_i/DUT_rec_0/U0/dut_struct/slave_fifo/fifo/comp1.core_instance1/U0/inst_fifo_gen/gconvfifo.rf/grf.rf/gntv_or_sync_fifo.mem/gbm.gbmg.gbmga.ngecc.bmg/inst_blk_mem_gen/gnbram.gnativebmg.native_blk_mem_gen/valid.cstr/ramloop[0].ram.r/prim_noinit.ram/din[27]
    RAMB36_X10Y2         RAMB36E2                                     r  PYNQ_Design_i/DUT_rec_0/U0/dut_struct/slave_fifo/fifo/comp1.core_instance1/U0/inst_fifo_gen/gconvfifo.rf/grf.rf/gntv_or_sync_fifo.mem/gbm.gbmg.gbmga.ngecc.bmg/inst_blk_mem_gen/gnbram.gnativebmg.native_blk_mem_gen/valid.cstr/ramloop[0].ram.r/prim_noinit.ram/DEVICE_8SERIES.NO_BMM_INFO.SDP.SIMPLE_PRIM36.ram/DINADIN[26]
  -------------------------------------------------------------------    -------------------

                         (clock clk_pl_0 rise edge)
                                                      0.000     0.000 r  
    PS8_X0Y0             PS8                          0.000     0.000 r  PYNQ_Design_i/zynq_ultra_ps_e_0/U0/PS8_i/PLCLK[0]
                         net (fo=1, routed)           0.157     0.157    PYNQ_Design_i/zynq_ultra_ps_e_0/U0/pl_clk_unbuffered[0]
    BUFG_PS_X0Y58        BUFG_PS (Prop_BUFG_PS_I_O)
                                                      0.025     0.182 r  PYNQ_Design_i/zynq_ultra_ps_e_0/U0/buffer_pl_clk_0.PL_CLK_0_BUFG/O
    X2Y2 (CLOCK_ROOT)    net (fo=13302, routed)       1.837     2.019    PYNQ_Design_i/DUT_rec_0/U0/dut_struct/slave_fifo/fifo/comp1.core_instance1/U0/inst_fifo_gen/gconvfifo.rf/grf.rf/gntv_or_sync_fifo.mem/gbm.gbmg.gbmga.ngecc.bmg/inst_blk_mem_gen/gnbram.gnativebmg.native_blk_mem_gen/valid.cstr/ramloop[0].ram.r/prim_noinit.ram/clk
    RAMB36_X10Y2         RAMB36E2                                     r  PYNQ_Design_i/DUT_rec_0/U0/dut_struct/slave_fifo/fifo/comp1.core_instance1/U0/inst_fifo_gen/gconvfifo.rf/grf.rf/gntv_or_sync_fifo.mem/gbm.gbmg.gbmga.ngecc.bmg/inst_blk_mem_gen/gnbram.gnativebmg.native_blk_mem_gen/valid.cstr/ramloop[0].ram.r/prim_noinit.ram/DEVICE_8SERIES.NO_BMM_INFO.SDP.SIMPLE_PRIM36.ram/CLKARDCLK

Slack:                    inf
  Source:                 PYNQ_Design_i/usp_rf_data_converter_0/inst/PYNQ_Design_usp_rf_data_converter_0_0_rf_wrapper_i/rx0_u_adc/INTERNAL_FABRIC_CLK0
                            (rising edge-triggered cell HSADC clocked by clk_pl_0  {rise@0.000ns fall@5.156ns period=10.312ns})
  Destination:            PYNQ_Design_i/DUT_rec_0/U0/dut_struct/slave_fifo/fifo/comp1.core_instance1/U0/inst_fifo_gen/gconvfifo.rf/grf.rf/gntv_or_sync_fifo.mem/gbm.gbmg.gbmga.ngecc.bmg/inst_blk_mem_gen/gnbram.gnativebmg.native_blk_mem_gen/valid.cstr/ramloop[0].ram.r/prim_noinit.ram/DEVICE_8SERIES.NO_BMM_INFO.SDP.SIMPLE_PRIM36.ram/DINADIN[11]
                            (rising edge-triggered cell RAMB36E2 clocked by clk_pl_0  {rise@0.000ns fall@5.156ns period=10.312ns})
  Path Group:             (none)
  Path Type:              Setup (Max at Slow Process Corner)
  Data Path Delay:        1.246ns  (logic 0.363ns (29.133%)  route 0.883ns (70.867%))
  Logic Levels:           0  
  Clock Path Skew:        -0.395ns (DCD - SCD + CPR)
    Destination Clock Delay (DCD):    2.019ns
    Source Clock Delay      (SCD):    2.414ns
    Clock Pessimism Removal (CPR):    0.000ns
  Clock Uncertainty:      0.159ns  ((TSJ^2 + DJ^2)^1/2) / 2 + PE
    Total System Jitter     (TSJ):    0.071ns
    Discrete Jitter          (DJ):    0.310ns
    Phase Error              (PE):    0.000ns
  Clock Net Delay (Source):      2.112ns (routing 0.467ns, distribution 1.645ns)
  Clock Net Delay (Destination): 1.837ns (routing 0.423ns, distribution 1.414ns)
  Timing Exception:       False Path

    Location             Delay type                Incr(ns)  Path(ns)    Netlist Resource(s)
  -------------------------------------------------------------------    -------------------
                         (clock clk_pl_0 rise edge)
                                                      0.000     0.000 r  
    PS8_X0Y0             PS8                          0.000     0.000 r  PYNQ_Design_i/zynq_ultra_ps_e_0/U0/PS8_i/PLCLK[0]
                         net (fo=1, routed)           0.198     0.198    PYNQ_Design_i/zynq_ultra_ps_e_0/U0/pl_clk_unbuffered[0]
    BUFG_PS_X0Y58        BUFG_PS (Prop_BUFG_PS_I_O)
                                                      0.028     0.226 r  PYNQ_Design_i/zynq_ultra_ps_e_0/U0/buffer_pl_clk_0.PL_CLK_0_BUFG/O
    X2Y2 (CLOCK_ROOT)    net (fo=13302, routed)       2.112     2.338    PYNQ_Design_i/usp_rf_data_converter_0/inst/PYNQ_Design_usp_rf_data_converter_0_0_rf_wrapper_i/m0_axis_aclk
    HSADC_X0Y0           HSADC (Prop_HSADC_FABRIC_CLK_INTERNAL_FABRIC_CLK0)
                                                      0.076     2.414 r  PYNQ_Design_i/usp_rf_data_converter_0/inst/PYNQ_Design_usp_rf_data_converter_0_0_rf_wrapper_i/rx0_u_adc/INTERNAL_FABRIC_CLK0
  -------------------------------------------------------------------    -------------------
    HSADC_X0Y0           HSADC (Prop_HSADC_INTERNAL_FABRIC_CLK0_DATA_ADC0[11])
                                                      0.363     2.777 r  PYNQ_Design_i/usp_rf_data_converter_0/inst/PYNQ_Design_usp_rf_data_converter_0_0_rf_wrapper_i/rx0_u_adc/DATA_ADC0[11]
                         net (fo=1, routed)           0.883     3.660    PYNQ_Design_i/DUT_rec_0/U0/dut_struct/slave_fifo/fifo/comp1.core_instance1/U0/inst_fifo_gen/gconvfifo.rf/grf.rf/gntv_or_sync_fifo.mem/gbm.gbmg.gbmga.ngecc.bmg/inst_blk_mem_gen/gnbram.gnativebmg.native_blk_mem_gen/valid.cstr/ramloop[0].ram.r/prim_noinit.ram/din[12]
    RAMB36_X10Y2         RAMB36E2                                     r  PYNQ_Design_i/DUT_rec_0/U0/dut_struct/slave_fifo/fifo/comp1.core_instance1/U0/inst_fifo_gen/gconvfifo.rf/grf.rf/gntv_or_sync_fifo.mem/gbm.gbmg.gbmga.ngecc.bmg/inst_blk_mem_gen/gnbram.gnativebmg.native_blk_mem_gen/valid.cstr/ramloop[0].ram.r/prim_noinit.ram/DEVICE_8SERIES.NO_BMM_INFO.SDP.SIMPLE_PRIM36.ram/DINADIN[11]
  -------------------------------------------------------------------    -------------------

                         (clock clk_pl_0 rise edge)
                                                      0.000     0.000 r  
    PS8_X0Y0             PS8                          0.000     0.000 r  PYNQ_Design_i/zynq_ultra_ps_e_0/U0/PS8_i/PLCLK[0]
                         net (fo=1, routed)           0.157     0.157    PYNQ_Design_i/zynq_ultra_ps_e_0/U0/pl_clk_unbuffered[0]
    BUFG_PS_X0Y58        BUFG_PS (Prop_BUFG_PS_I_O)
                                                      0.025     0.182 r  PYNQ_Design_i/zynq_ultra_ps_e_0/U0/buffer_pl_clk_0.PL_CLK_0_BUFG/O
    X2Y2 (CLOCK_ROOT)    net (fo=13302, routed)       1.837     2.019    PYNQ_Design_i/DUT_rec_0/U0/dut_struct/slave_fifo/fifo/comp1.core_instance1/U0/inst_fifo_gen/gconvfifo.rf/grf.rf/gntv_or_sync_fifo.mem/gbm.gbmg.gbmga.ngecc.bmg/inst_blk_mem_gen/gnbram.gnativebmg.native_blk_mem_gen/valid.cstr/ramloop[0].ram.r/prim_noinit.ram/clk
    RAMB36_X10Y2         RAMB36E2                                     r  PYNQ_Design_i/DUT_rec_0/U0/dut_struct/slave_fifo/fifo/comp1.core_instance1/U0/inst_fifo_gen/gconvfifo.rf/grf.rf/gntv_or_sync_fifo.mem/gbm.gbmg.gbmga.ngecc.bmg/inst_blk_mem_gen/gnbram.gnativebmg.native_blk_mem_gen/valid.cstr/ramloop[0].ram.r/prim_noinit.ram/DEVICE_8SERIES.NO_BMM_INFO.SDP.SIMPLE_PRIM36.ram/CLKARDCLK

Slack:                    inf
  Source:                 PYNQ_Design_i/usp_rf_data_converter_0/inst/PYNQ_Design_usp_rf_data_converter_0_0_rf_wrapper_i/rx0_u_adc/INTERNAL_FABRIC_CLK0
                            (rising edge-triggered cell HSADC clocked by clk_pl_0  {rise@0.000ns fall@5.156ns period=10.312ns})
  Destination:            PYNQ_Design_i/DUT_rec_0/U0/dut_struct/slave_fifo/fifo/comp1.core_instance1/U0/inst_fifo_gen/gconvfifo.rf/grf.rf/gntv_or_sync_fifo.mem/gbm.gbmg.gbmga.ngecc.bmg/inst_blk_mem_gen/gnbram.gnativebmg.native_blk_mem_gen/valid.cstr/ramloop[0].ram.r/prim_noinit.ram/DEVICE_8SERIES.NO_BMM_INFO.SDP.SIMPLE_PRIM36.ram/DINADIN[3]
                            (rising edge-triggered cell RAMB36E2 clocked by clk_pl_0  {rise@0.000ns fall@5.156ns period=10.312ns})
  Path Group:             (none)
  Path Type:              Setup (Max at Slow Process Corner)
  Data Path Delay:        1.246ns  (logic 0.361ns (28.973%)  route 0.885ns (71.027%))
  Logic Levels:           0  
  Clock Path Skew:        -0.395ns (DCD - SCD + CPR)
    Destination Clock Delay (DCD):    2.019ns
    Source Clock Delay      (SCD):    2.414ns
    Clock Pessimism Removal (CPR):    0.000ns
  Clock Uncertainty:      0.159ns  ((TSJ^2 + DJ^2)^1/2) / 2 + PE
    Total System Jitter     (TSJ):    0.071ns
    Discrete Jitter          (DJ):    0.310ns
    Phase Error              (PE):    0.000ns
  Clock Net Delay (Source):      2.112ns (routing 0.467ns, distribution 1.645ns)
  Clock Net Delay (Destination): 1.837ns (routing 0.423ns, distribution 1.414ns)
  Timing Exception:       False Path

    Location             Delay type                Incr(ns)  Path(ns)    Netlist Resource(s)
  -------------------------------------------------------------------    -------------------
                         (clock clk_pl_0 rise edge)
                                                      0.000     0.000 r  
    PS8_X0Y0             PS8                          0.000     0.000 r  PYNQ_Design_i/zynq_ultra_ps_e_0/U0/PS8_i/PLCLK[0]
                         net (fo=1, routed)           0.198     0.198    PYNQ_Design_i/zynq_ultra_ps_e_0/U0/pl_clk_unbuffered[0]
    BUFG_PS_X0Y58        BUFG_PS (Prop_BUFG_PS_I_O)
                                                      0.028     0.226 r  PYNQ_Design_i/zynq_ultra_ps_e_0/U0/buffer_pl_clk_0.PL_CLK_0_BUFG/O
    X2Y2 (CLOCK_ROOT)    net (fo=13302, routed)       2.112     2.338    PYNQ_Design_i/usp_rf_data_converter_0/inst/PYNQ_Design_usp_rf_data_converter_0_0_rf_wrapper_i/m0_axis_aclk
    HSADC_X0Y0           HSADC (Prop_HSADC_FABRIC_CLK_INTERNAL_FABRIC_CLK0)
                                                      0.076     2.414 r  PYNQ_Design_i/usp_rf_data_converter_0/inst/PYNQ_Design_usp_rf_data_converter_0_0_rf_wrapper_i/rx0_u_adc/INTERNAL_FABRIC_CLK0
  -------------------------------------------------------------------    -------------------
    HSADC_X0Y0           HSADC (Prop_HSADC_INTERNAL_FABRIC_CLK0_DATA_ADC0[2])
                                                      0.361     2.775 r  PYNQ_Design_i/usp_rf_data_converter_0/inst/PYNQ_Design_usp_rf_data_converter_0_0_rf_wrapper_i/rx0_u_adc/DATA_ADC0[2]
                         net (fo=1, routed)           0.885     3.660    PYNQ_Design_i/DUT_rec_0/U0/dut_struct/slave_fifo/fifo/comp1.core_instance1/U0/inst_fifo_gen/gconvfifo.rf/grf.rf/gntv_or_sync_fifo.mem/gbm.gbmg.gbmga.ngecc.bmg/inst_blk_mem_gen/gnbram.gnativebmg.native_blk_mem_gen/valid.cstr/ramloop[0].ram.r/prim_noinit.ram/din[3]
    RAMB36_X10Y2         RAMB36E2                                     r  PYNQ_Design_i/DUT_rec_0/U0/dut_struct/slave_fifo/fifo/comp1.core_instance1/U0/inst_fifo_gen/gconvfifo.rf/grf.rf/gntv_or_sync_fifo.mem/gbm.gbmg.gbmga.ngecc.bmg/inst_blk_mem_gen/gnbram.gnativebmg.native_blk_mem_gen/valid.cstr/ramloop[0].ram.r/prim_noinit.ram/DEVICE_8SERIES.NO_BMM_INFO.SDP.SIMPLE_PRIM36.ram/DINADIN[3]
  -------------------------------------------------------------------    -------------------

                         (clock clk_pl_0 rise edge)
                                                      0.000     0.000 r  
    PS8_X0Y0             PS8                          0.000     0.000 r  PYNQ_Design_i/zynq_ultra_ps_e_0/U0/PS8_i/PLCLK[0]
                         net (fo=1, routed)           0.157     0.157    PYNQ_Design_i/zynq_ultra_ps_e_0/U0/pl_clk_unbuffered[0]
    BUFG_PS_X0Y58        BUFG_PS (Prop_BUFG_PS_I_O)
                                                      0.025     0.182 r  PYNQ_Design_i/zynq_ultra_ps_e_0/U0/buffer_pl_clk_0.PL_CLK_0_BUFG/O
    X2Y2 (CLOCK_ROOT)    net (fo=13302, routed)       1.837     2.019    PYNQ_Design_i/DUT_rec_0/U0/dut_struct/slave_fifo/fifo/comp1.core_instance1/U0/inst_fifo_gen/gconvfifo.rf/grf.rf/gntv_or_sync_fifo.mem/gbm.gbmg.gbmga.ngecc.bmg/inst_blk_mem_gen/gnbram.gnativebmg.native_blk_mem_gen/valid.cstr/ramloop[0].ram.r/prim_noinit.ram/clk
    RAMB36_X10Y2         RAMB36E2                                     r  PYNQ_Design_i/DUT_rec_0/U0/dut_struct/slave_fifo/fifo/comp1.core_instance1/U0/inst_fifo_gen/gconvfifo.rf/grf.rf/gntv_or_sync_fifo.mem/gbm.gbmg.gbmga.ngecc.bmg/inst_blk_mem_gen/gnbram.gnativebmg.native_blk_mem_gen/valid.cstr/ramloop[0].ram.r/prim_noinit.ram/DEVICE_8SERIES.NO_BMM_INFO.SDP.SIMPLE_PRIM36.ram/CLKARDCLK

Slack:                    inf
  Source:                 PYNQ_Design_i/usp_rf_data_converter_0/inst/PYNQ_Design_usp_rf_data_converter_0_0_rf_wrapper_i/rx0_u_adc/INTERNAL_FABRIC_CLK0
                            (rising edge-triggered cell HSADC clocked by clk_pl_0  {rise@0.000ns fall@5.156ns period=10.312ns})
  Destination:            PYNQ_Design_i/DUT_rec_0/U0/dut_struct/slave_fifo/fifo/comp1.core_instance1/U0/inst_fifo_gen/gconvfifo.rf/grf.rf/gntv_or_sync_fifo.mem/gbm.gbmg.gbmga.ngecc.bmg/inst_blk_mem_gen/gnbram.gnativebmg.native_blk_mem_gen/valid.cstr/ramloop[0].ram.r/prim_noinit.ram/DEVICE_8SERIES.NO_BMM_INFO.SDP.SIMPLE_PRIM36.ram/DINADIN[18]
                            (rising edge-triggered cell RAMB36E2 clocked by clk_pl_0  {rise@0.000ns fall@5.156ns period=10.312ns})
  Path Group:             (none)
  Path Type:              Setup (Max at Slow Process Corner)
  Data Path Delay:        1.244ns  (logic 0.368ns (29.582%)  route 0.876ns (70.418%))
  Logic Levels:           0  
  Clock Path Skew:        -0.395ns (DCD - SCD + CPR)
    Destination Clock Delay (DCD):    2.019ns
    Source Clock Delay      (SCD):    2.414ns
    Clock Pessimism Removal (CPR):    0.000ns
  Clock Uncertainty:      0.159ns  ((TSJ^2 + DJ^2)^1/2) / 2 + PE
    Total System Jitter     (TSJ):    0.071ns
    Discrete Jitter          (DJ):    0.310ns
    Phase Error              (PE):    0.000ns
  Clock Net Delay (Source):      2.112ns (routing 0.467ns, distribution 1.645ns)
  Clock Net Delay (Destination): 1.837ns (routing 0.423ns, distribution 1.414ns)
  Timing Exception:       False Path

    Location             Delay type                Incr(ns)  Path(ns)    Netlist Resource(s)
  -------------------------------------------------------------------    -------------------
                         (clock clk_pl_0 rise edge)
                                                      0.000     0.000 r  
    PS8_X0Y0             PS8                          0.000     0.000 r  PYNQ_Design_i/zynq_ultra_ps_e_0/U0/PS8_i/PLCLK[0]
                         net (fo=1, routed)           0.198     0.198    PYNQ_Design_i/zynq_ultra_ps_e_0/U0/pl_clk_unbuffered[0]
    BUFG_PS_X0Y58        BUFG_PS (Prop_BUFG_PS_I_O)
                                                      0.028     0.226 r  PYNQ_Design_i/zynq_ultra_ps_e_0/U0/buffer_pl_clk_0.PL_CLK_0_BUFG/O
    X2Y2 (CLOCK_ROOT)    net (fo=13302, routed)       2.112     2.338    PYNQ_Design_i/usp_rf_data_converter_0/inst/PYNQ_Design_usp_rf_data_converter_0_0_rf_wrapper_i/m0_axis_aclk
    HSADC_X0Y0           HSADC (Prop_HSADC_FABRIC_CLK_INTERNAL_FABRIC_CLK0)
                                                      0.076     2.414 r  PYNQ_Design_i/usp_rf_data_converter_0/inst/PYNQ_Design_usp_rf_data_converter_0_0_rf_wrapper_i/rx0_u_adc/INTERNAL_FABRIC_CLK0
  -------------------------------------------------------------------    -------------------
    HSADC_X0Y0           HSADC (Prop_HSADC_INTERNAL_FABRIC_CLK0_DATA_ADC0[18])
                                                      0.368     2.782 r  PYNQ_Design_i/usp_rf_data_converter_0/inst/PYNQ_Design_usp_rf_data_converter_0_0_rf_wrapper_i/rx0_u_adc/DATA_ADC0[18]
                         net (fo=1, routed)           0.876     3.658    PYNQ_Design_i/DUT_rec_0/U0/dut_struct/slave_fifo/fifo/comp1.core_instance1/U0/inst_fifo_gen/gconvfifo.rf/grf.rf/gntv_or_sync_fifo.mem/gbm.gbmg.gbmga.ngecc.bmg/inst_blk_mem_gen/gnbram.gnativebmg.native_blk_mem_gen/valid.cstr/ramloop[0].ram.r/prim_noinit.ram/din[19]
    RAMB36_X10Y2         RAMB36E2                                     r  PYNQ_Design_i/DUT_rec_0/U0/dut_struct/slave_fifo/fifo/comp1.core_instance1/U0/inst_fifo_gen/gconvfifo.rf/grf.rf/gntv_or_sync_fifo.mem/gbm.gbmg.gbmga.ngecc.bmg/inst_blk_mem_gen/gnbram.gnativebmg.native_blk_mem_gen/valid.cstr/ramloop[0].ram.r/prim_noinit.ram/DEVICE_8SERIES.NO_BMM_INFO.SDP.SIMPLE_PRIM36.ram/DINADIN[18]
  -------------------------------------------------------------------    -------------------

                         (clock clk_pl_0 rise edge)
                                                      0.000     0.000 r  
    PS8_X0Y0             PS8                          0.000     0.000 r  PYNQ_Design_i/zynq_ultra_ps_e_0/U0/PS8_i/PLCLK[0]
                         net (fo=1, routed)           0.157     0.157    PYNQ_Design_i/zynq_ultra_ps_e_0/U0/pl_clk_unbuffered[0]
    BUFG_PS_X0Y58        BUFG_PS (Prop_BUFG_PS_I_O)
                                                      0.025     0.182 r  PYNQ_Design_i/zynq_ultra_ps_e_0/U0/buffer_pl_clk_0.PL_CLK_0_BUFG/O
    X2Y2 (CLOCK_ROOT)    net (fo=13302, routed)       1.837     2.019    PYNQ_Design_i/DUT_rec_0/U0/dut_struct/slave_fifo/fifo/comp1.core_instance1/U0/inst_fifo_gen/gconvfifo.rf/grf.rf/gntv_or_sync_fifo.mem/gbm.gbmg.gbmga.ngecc.bmg/inst_blk_mem_gen/gnbram.gnativebmg.native_blk_mem_gen/valid.cstr/ramloop[0].ram.r/prim_noinit.ram/clk
    RAMB36_X10Y2         RAMB36E2                                     r  PYNQ_Design_i/DUT_rec_0/U0/dut_struct/slave_fifo/fifo/comp1.core_instance1/U0/inst_fifo_gen/gconvfifo.rf/grf.rf/gntv_or_sync_fifo.mem/gbm.gbmg.gbmga.ngecc.bmg/inst_blk_mem_gen/gnbram.gnativebmg.native_blk_mem_gen/valid.cstr/ramloop[0].ram.r/prim_noinit.ram/DEVICE_8SERIES.NO_BMM_INFO.SDP.SIMPLE_PRIM36.ram/CLKARDCLK

Slack:                    inf
  Source:                 PYNQ_Design_i/usp_rf_data_converter_0/inst/PYNQ_Design_usp_rf_data_converter_0_0_rf_wrapper_i/rx0_u_adc/INTERNAL_FABRIC_CLK0
                            (rising edge-triggered cell HSADC clocked by clk_pl_0  {rise@0.000ns fall@5.156ns period=10.312ns})
  Destination:            PYNQ_Design_i/DUT_rec_0/U0/dut_struct/slave_fifo/fifo/comp1.core_instance1/U0/inst_fifo_gen/gconvfifo.rf/grf.rf/gntv_or_sync_fifo.mem/gbm.gbmg.gbmga.ngecc.bmg/inst_blk_mem_gen/gnbram.gnativebmg.native_blk_mem_gen/valid.cstr/ramloop[0].ram.r/prim_noinit.ram/DEVICE_8SERIES.NO_BMM_INFO.SDP.SIMPLE_PRIM36.ram/DINADIN[5]
                            (rising edge-triggered cell RAMB36E2 clocked by clk_pl_0  {rise@0.000ns fall@5.156ns period=10.312ns})
  Path Group:             (none)
  Path Type:              Setup (Max at Slow Process Corner)
  Data Path Delay:        1.242ns  (logic 0.359ns (28.905%)  route 0.883ns (71.095%))
  Logic Levels:           0  
  Clock Path Skew:        -0.395ns (DCD - SCD + CPR)
    Destination Clock Delay (DCD):    2.019ns
    Source Clock Delay      (SCD):    2.414ns
    Clock Pessimism Removal (CPR):    0.000ns
  Clock Uncertainty:      0.159ns  ((TSJ^2 + DJ^2)^1/2) / 2 + PE
    Total System Jitter     (TSJ):    0.071ns
    Discrete Jitter          (DJ):    0.310ns
    Phase Error              (PE):    0.000ns
  Clock Net Delay (Source):      2.112ns (routing 0.467ns, distribution 1.645ns)
  Clock Net Delay (Destination): 1.837ns (routing 0.423ns, distribution 1.414ns)
  Timing Exception:       False Path

    Location             Delay type                Incr(ns)  Path(ns)    Netlist Resource(s)
  -------------------------------------------------------------------    -------------------
                         (clock clk_pl_0 rise edge)
                                                      0.000     0.000 r  
    PS8_X0Y0             PS8                          0.000     0.000 r  PYNQ_Design_i/zynq_ultra_ps_e_0/U0/PS8_i/PLCLK[0]
                         net (fo=1, routed)           0.198     0.198    PYNQ_Design_i/zynq_ultra_ps_e_0/U0/pl_clk_unbuffered[0]
    BUFG_PS_X0Y58        BUFG_PS (Prop_BUFG_PS_I_O)
                                                      0.028     0.226 r  PYNQ_Design_i/zynq_ultra_ps_e_0/U0/buffer_pl_clk_0.PL_CLK_0_BUFG/O
    X2Y2 (CLOCK_ROOT)    net (fo=13302, routed)       2.112     2.338    PYNQ_Design_i/usp_rf_data_converter_0/inst/PYNQ_Design_usp_rf_data_converter_0_0_rf_wrapper_i/m0_axis_aclk
    HSADC_X0Y0           HSADC (Prop_HSADC_FABRIC_CLK_INTERNAL_FABRIC_CLK0)
                                                      0.076     2.414 r  PYNQ_Design_i/usp_rf_data_converter_0/inst/PYNQ_Design_usp_rf_data_converter_0_0_rf_wrapper_i/rx0_u_adc/INTERNAL_FABRIC_CLK0
  -------------------------------------------------------------------    -------------------
    HSADC_X0Y0           HSADC (Prop_HSADC_INTERNAL_FABRIC_CLK0_DATA_ADC0[4])
                                                      0.359     2.773 r  PYNQ_Design_i/usp_rf_data_converter_0/inst/PYNQ_Design_usp_rf_data_converter_0_0_rf_wrapper_i/rx0_u_adc/DATA_ADC0[4]
                         net (fo=1, routed)           0.883     3.656    PYNQ_Design_i/DUT_rec_0/U0/dut_struct/slave_fifo/fifo/comp1.core_instance1/U0/inst_fifo_gen/gconvfifo.rf/grf.rf/gntv_or_sync_fifo.mem/gbm.gbmg.gbmga.ngecc.bmg/inst_blk_mem_gen/gnbram.gnativebmg.native_blk_mem_gen/valid.cstr/ramloop[0].ram.r/prim_noinit.ram/din[5]
    RAMB36_X10Y2         RAMB36E2                                     r  PYNQ_Design_i/DUT_rec_0/U0/dut_struct/slave_fifo/fifo/comp1.core_instance1/U0/inst_fifo_gen/gconvfifo.rf/grf.rf/gntv_or_sync_fifo.mem/gbm.gbmg.gbmga.ngecc.bmg/inst_blk_mem_gen/gnbram.gnativebmg.native_blk_mem_gen/valid.cstr/ramloop[0].ram.r/prim_noinit.ram/DEVICE_8SERIES.NO_BMM_INFO.SDP.SIMPLE_PRIM36.ram/DINADIN[5]
  -------------------------------------------------------------------    -------------------

                         (clock clk_pl_0 rise edge)
                                                      0.000     0.000 r  
    PS8_X0Y0             PS8                          0.000     0.000 r  PYNQ_Design_i/zynq_ultra_ps_e_0/U0/PS8_i/PLCLK[0]
                         net (fo=1, routed)           0.157     0.157    PYNQ_Design_i/zynq_ultra_ps_e_0/U0/pl_clk_unbuffered[0]
    BUFG_PS_X0Y58        BUFG_PS (Prop_BUFG_PS_I_O)
                                                      0.025     0.182 r  PYNQ_Design_i/zynq_ultra_ps_e_0/U0/buffer_pl_clk_0.PL_CLK_0_BUFG/O
    X2Y2 (CLOCK_ROOT)    net (fo=13302, routed)       1.837     2.019    PYNQ_Design_i/DUT_rec_0/U0/dut_struct/slave_fifo/fifo/comp1.core_instance1/U0/inst_fifo_gen/gconvfifo.rf/grf.rf/gntv_or_sync_fifo.mem/gbm.gbmg.gbmga.ngecc.bmg/inst_blk_mem_gen/gnbram.gnativebmg.native_blk_mem_gen/valid.cstr/ramloop[0].ram.r/prim_noinit.ram/clk
    RAMB36_X10Y2         RAMB36E2                                     r  PYNQ_Design_i/DUT_rec_0/U0/dut_struct/slave_fifo/fifo/comp1.core_instance1/U0/inst_fifo_gen/gconvfifo.rf/grf.rf/gntv_or_sync_fifo.mem/gbm.gbmg.gbmga.ngecc.bmg/inst_blk_mem_gen/gnbram.gnativebmg.native_blk_mem_gen/valid.cstr/ramloop[0].ram.r/prim_noinit.ram/DEVICE_8SERIES.NO_BMM_INFO.SDP.SIMPLE_PRIM36.ram/CLKARDCLK

Slack:                    inf
  Source:                 PYNQ_Design_i/usp_rf_data_converter_0/inst/PYNQ_Design_usp_rf_data_converter_0_0_rf_wrapper_i/rx0_u_adc/INTERNAL_FABRIC_CLK0
                            (rising edge-triggered cell HSADC clocked by clk_pl_0  {rise@0.000ns fall@5.156ns period=10.312ns})
  Destination:            PYNQ_Design_i/DUT_rec_0/U0/dut_struct/slave_fifo/fifo/comp1.core_instance1/U0/inst_fifo_gen/gconvfifo.rf/grf.rf/gntv_or_sync_fifo.mem/gbm.gbmg.gbmga.ngecc.bmg/inst_blk_mem_gen/gnbram.gnativebmg.native_blk_mem_gen/valid.cstr/ramloop[0].ram.r/prim_noinit.ram/DEVICE_8SERIES.NO_BMM_INFO.SDP.SIMPLE_PRIM36.ram/DINADIN[28]
                            (rising edge-triggered cell RAMB36E2 clocked by clk_pl_0  {rise@0.000ns fall@5.156ns period=10.312ns})
  Path Group:             (none)
  Path Type:              Setup (Max at Slow Process Corner)
  Data Path Delay:        1.242ns  (logic 0.372ns (29.952%)  route 0.870ns (70.048%))
  Logic Levels:           0  
  Clock Path Skew:        -0.395ns (DCD - SCD + CPR)
    Destination Clock Delay (DCD):    2.019ns
    Source Clock Delay      (SCD):    2.414ns
    Clock Pessimism Removal (CPR):    0.000ns
  Clock Uncertainty:      0.159ns  ((TSJ^2 + DJ^2)^1/2) / 2 + PE
    Total System Jitter     (TSJ):    0.071ns
    Discrete Jitter          (DJ):    0.310ns
    Phase Error              (PE):    0.000ns
  Clock Net Delay (Source):      2.112ns (routing 0.467ns, distribution 1.645ns)
  Clock Net Delay (Destination): 1.837ns (routing 0.423ns, distribution 1.414ns)
  Timing Exception:       False Path

    Location             Delay type                Incr(ns)  Path(ns)    Netlist Resource(s)
  -------------------------------------------------------------------    -------------------
                         (clock clk_pl_0 rise edge)
                                                      0.000     0.000 r  
    PS8_X0Y0             PS8                          0.000     0.000 r  PYNQ_Design_i/zynq_ultra_ps_e_0/U0/PS8_i/PLCLK[0]
                         net (fo=1, routed)           0.198     0.198    PYNQ_Design_i/zynq_ultra_ps_e_0/U0/pl_clk_unbuffered[0]
    BUFG_PS_X0Y58        BUFG_PS (Prop_BUFG_PS_I_O)
                                                      0.028     0.226 r  PYNQ_Design_i/zynq_ultra_ps_e_0/U0/buffer_pl_clk_0.PL_CLK_0_BUFG/O
    X2Y2 (CLOCK_ROOT)    net (fo=13302, routed)       2.112     2.338    PYNQ_Design_i/usp_rf_data_converter_0/inst/PYNQ_Design_usp_rf_data_converter_0_0_rf_wrapper_i/m0_axis_aclk
    HSADC_X0Y0           HSADC (Prop_HSADC_FABRIC_CLK_INTERNAL_FABRIC_CLK0)
                                                      0.076     2.414 r  PYNQ_Design_i/usp_rf_data_converter_0/inst/PYNQ_Design_usp_rf_data_converter_0_0_rf_wrapper_i/rx0_u_adc/INTERNAL_FABRIC_CLK0
  -------------------------------------------------------------------    -------------------
    HSADC_X0Y0           HSADC (Prop_HSADC_INTERNAL_FABRIC_CLK0_DATA_ADC0[28])
                                                      0.372     2.786 r  PYNQ_Design_i/usp_rf_data_converter_0/inst/PYNQ_Design_usp_rf_data_converter_0_0_rf_wrapper_i/rx0_u_adc/DATA_ADC0[28]
                         net (fo=1, routed)           0.870     3.656    PYNQ_Design_i/DUT_rec_0/U0/dut_struct/slave_fifo/fifo/comp1.core_instance1/U0/inst_fifo_gen/gconvfifo.rf/grf.rf/gntv_or_sync_fifo.mem/gbm.gbmg.gbmga.ngecc.bmg/inst_blk_mem_gen/gnbram.gnativebmg.native_blk_mem_gen/valid.cstr/ramloop[0].ram.r/prim_noinit.ram/din[29]
    RAMB36_X10Y2         RAMB36E2                                     r  PYNQ_Design_i/DUT_rec_0/U0/dut_struct/slave_fifo/fifo/comp1.core_instance1/U0/inst_fifo_gen/gconvfifo.rf/grf.rf/gntv_or_sync_fifo.mem/gbm.gbmg.gbmga.ngecc.bmg/inst_blk_mem_gen/gnbram.gnativebmg.native_blk_mem_gen/valid.cstr/ramloop[0].ram.r/prim_noinit.ram/DEVICE_8SERIES.NO_BMM_INFO.SDP.SIMPLE_PRIM36.ram/DINADIN[28]
  -------------------------------------------------------------------    -------------------

                         (clock clk_pl_0 rise edge)
                                                      0.000     0.000 r  
    PS8_X0Y0             PS8                          0.000     0.000 r  PYNQ_Design_i/zynq_ultra_ps_e_0/U0/PS8_i/PLCLK[0]
                         net (fo=1, routed)           0.157     0.157    PYNQ_Design_i/zynq_ultra_ps_e_0/U0/pl_clk_unbuffered[0]
    BUFG_PS_X0Y58        BUFG_PS (Prop_BUFG_PS_I_O)
                                                      0.025     0.182 r  PYNQ_Design_i/zynq_ultra_ps_e_0/U0/buffer_pl_clk_0.PL_CLK_0_BUFG/O
    X2Y2 (CLOCK_ROOT)    net (fo=13302, routed)       1.837     2.019    PYNQ_Design_i/DUT_rec_0/U0/dut_struct/slave_fifo/fifo/comp1.core_instance1/U0/inst_fifo_gen/gconvfifo.rf/grf.rf/gntv_or_sync_fifo.mem/gbm.gbmg.gbmga.ngecc.bmg/inst_blk_mem_gen/gnbram.gnativebmg.native_blk_mem_gen/valid.cstr/ramloop[0].ram.r/prim_noinit.ram/clk
    RAMB36_X10Y2         RAMB36E2                                     r  PYNQ_Design_i/DUT_rec_0/U0/dut_struct/slave_fifo/fifo/comp1.core_instance1/U0/inst_fifo_gen/gconvfifo.rf/grf.rf/gntv_or_sync_fifo.mem/gbm.gbmg.gbmga.ngecc.bmg/inst_blk_mem_gen/gnbram.gnativebmg.native_blk_mem_gen/valid.cstr/ramloop[0].ram.r/prim_noinit.ram/DEVICE_8SERIES.NO_BMM_INFO.SDP.SIMPLE_PRIM36.ram/CLKARDCLK





Min Delay Paths
--------------------------------------------------------------------------------------
Slack:                    inf
  Source:                 PYNQ_Design_i/axi_smc/inst/clk_map/psr_aclk/U0/ACTIVE_LOW_BSR_OUT_DFF[0].FDRE_BSR_N/C
                            (rising edge-triggered cell FDRE clocked by clk_pl_0  {rise@0.000ns fall@5.156ns period=10.312ns})
  Destination:            PYNQ_Design_i/axi_smc/inst/s00_entry_pipeline/s00_mmu/inst/xpm_cdc_async_rst_inst/arststages_ff_reg[0]/CLR
                            (removal check against rising-edge clock clk_pl_0  {rise@0.000ns fall@5.156ns period=10.312ns})
  Path Group:             (none)
  Path Type:              Removal (Min at Fast Process Corner)
  Data Path Delay:        0.245ns  (logic 0.039ns (15.951%)  route 0.206ns (84.049%))
  Logic Levels:           0  
  Clock Path Skew:        0.150ns (DCD - SCD - CPR)
    Destination Clock Delay (DCD):    1.253ns
    Source Clock Delay      (SCD):    1.104ns
    Clock Pessimism Removal (CPR):    -0.000ns
  Clock Uncertainty:      0.159ns  ((TSJ^2 + DJ^2)^1/2) / 2 + PE
    Total System Jitter     (TSJ):    0.071ns
    Discrete Jitter          (DJ):    0.310ns
    Phase Error              (PE):    0.000ns
  Clock Net Delay (Source):      0.984ns (routing 0.252ns, distribution 0.732ns)
  Clock Net Delay (Destination): 1.106ns (routing 0.282ns, distribution 0.824ns)
  Timing Exception:       False Path

    Location             Delay type                Incr(ns)  Path(ns)    Netlist Resource(s)
  -------------------------------------------------------------------    -------------------
                         (clock clk_pl_0 rise edge)
                                                      0.000     0.000 r  
    PS8_X0Y0             PS8                          0.000     0.000 r  PYNQ_Design_i/zynq_ultra_ps_e_0/U0/PS8_i/PLCLK[0]
                         net (fo=1, routed)           0.103     0.103    PYNQ_Design_i/zynq_ultra_ps_e_0/U0/pl_clk_unbuffered[0]
    BUFG_PS_X0Y58        BUFG_PS (Prop_BUFG_PS_I_O)
                                                      0.017     0.120 r  PYNQ_Design_i/zynq_ultra_ps_e_0/U0/buffer_pl_clk_0.PL_CLK_0_BUFG/O
    X2Y2 (CLOCK_ROOT)    net (fo=13302, routed)       0.984     1.104    PYNQ_Design_i/axi_smc/inst/clk_map/psr_aclk/U0/aclk
    SLICE_X32Y49         FDRE                                         r  PYNQ_Design_i/axi_smc/inst/clk_map/psr_aclk/U0/ACTIVE_LOW_BSR_OUT_DFF[0].FDRE_BSR_N/C
  -------------------------------------------------------------------    -------------------
    SLICE_X32Y49         FDRE (Prop_HFF_SLICEL_C_Q)
                                                      0.039     1.143 r  PYNQ_Design_i/axi_smc/inst/clk_map/psr_aclk/U0/ACTIVE_LOW_BSR_OUT_DFF[0].FDRE_BSR_N/Q
                         net (fo=45, routed)          0.206     1.348    PYNQ_Design_i/axi_smc/inst/s00_entry_pipeline/s00_mmu/inst/xpm_cdc_async_rst_inst/src_arst
    SLICE_X26Y45         FDCE                                         f  PYNQ_Design_i/axi_smc/inst/s00_entry_pipeline/s00_mmu/inst/xpm_cdc_async_rst_inst/arststages_ff_reg[0]/CLR  (IS_INVERTED)
  -------------------------------------------------------------------    -------------------

                         (clock clk_pl_0 rise edge)
                                                      0.000     0.000 r  
    PS8_X0Y0             PS8                          0.000     0.000 r  PYNQ_Design_i/zynq_ultra_ps_e_0/U0/PS8_i/PLCLK[0]
                         net (fo=1, routed)           0.129     0.129    PYNQ_Design_i/zynq_ultra_ps_e_0/U0/pl_clk_unbuffered[0]
    BUFG_PS_X0Y58        BUFG_PS (Prop_BUFG_PS_I_O)
                                                      0.018     0.147 r  PYNQ_Design_i/zynq_ultra_ps_e_0/U0/buffer_pl_clk_0.PL_CLK_0_BUFG/O
    X2Y2 (CLOCK_ROOT)    net (fo=13302, routed)       1.106     1.253    PYNQ_Design_i/axi_smc/inst/s00_entry_pipeline/s00_mmu/inst/xpm_cdc_async_rst_inst/dest_clk
    SLICE_X26Y45         FDCE                                         r  PYNQ_Design_i/axi_smc/inst/s00_entry_pipeline/s00_mmu/inst/xpm_cdc_async_rst_inst/arststages_ff_reg[0]/C

Slack:                    inf
  Source:                 PYNQ_Design_i/axi_smc/inst/clk_map/psr_aclk/U0/ACTIVE_LOW_BSR_OUT_DFF[0].FDRE_BSR_N/C
                            (rising edge-triggered cell FDRE clocked by clk_pl_0  {rise@0.000ns fall@5.156ns period=10.312ns})
  Destination:            PYNQ_Design_i/axi_smc/inst/s00_entry_pipeline/s00_mmu/inst/xpm_cdc_async_rst_inst/arststages_ff_reg[1]/CLR
                            (removal check against rising-edge clock clk_pl_0  {rise@0.000ns fall@5.156ns period=10.312ns})
  Path Group:             (none)
  Path Type:              Removal (Min at Fast Process Corner)
  Data Path Delay:        0.245ns  (logic 0.039ns (15.951%)  route 0.206ns (84.049%))
  Logic Levels:           0  
  Clock Path Skew:        0.150ns (DCD - SCD - CPR)
    Destination Clock Delay (DCD):    1.253ns
    Source Clock Delay      (SCD):    1.104ns
    Clock Pessimism Removal (CPR):    -0.000ns
  Clock Uncertainty:      0.159ns  ((TSJ^2 + DJ^2)^1/2) / 2 + PE
    Total System Jitter     (TSJ):    0.071ns
    Discrete Jitter          (DJ):    0.310ns
    Phase Error              (PE):    0.000ns
  Clock Net Delay (Source):      0.984ns (routing 0.252ns, distribution 0.732ns)
  Clock Net Delay (Destination): 1.106ns (routing 0.282ns, distribution 0.824ns)
  Timing Exception:       False Path

    Location             Delay type                Incr(ns)  Path(ns)    Netlist Resource(s)
  -------------------------------------------------------------------    -------------------
                         (clock clk_pl_0 rise edge)
                                                      0.000     0.000 r  
    PS8_X0Y0             PS8                          0.000     0.000 r  PYNQ_Design_i/zynq_ultra_ps_e_0/U0/PS8_i/PLCLK[0]
                         net (fo=1, routed)           0.103     0.103    PYNQ_Design_i/zynq_ultra_ps_e_0/U0/pl_clk_unbuffered[0]
    BUFG_PS_X0Y58        BUFG_PS (Prop_BUFG_PS_I_O)
                                                      0.017     0.120 r  PYNQ_Design_i/zynq_ultra_ps_e_0/U0/buffer_pl_clk_0.PL_CLK_0_BUFG/O
    X2Y2 (CLOCK_ROOT)    net (fo=13302, routed)       0.984     1.104    PYNQ_Design_i/axi_smc/inst/clk_map/psr_aclk/U0/aclk
    SLICE_X32Y49         FDRE                                         r  PYNQ_Design_i/axi_smc/inst/clk_map/psr_aclk/U0/ACTIVE_LOW_BSR_OUT_DFF[0].FDRE_BSR_N/C
  -------------------------------------------------------------------    -------------------
    SLICE_X32Y49         FDRE (Prop_HFF_SLICEL_C_Q)
                                                      0.039     1.143 r  PYNQ_Design_i/axi_smc/inst/clk_map/psr_aclk/U0/ACTIVE_LOW_BSR_OUT_DFF[0].FDRE_BSR_N/Q
                         net (fo=45, routed)          0.206     1.348    PYNQ_Design_i/axi_smc/inst/s00_entry_pipeline/s00_mmu/inst/xpm_cdc_async_rst_inst/src_arst
    SLICE_X26Y45         FDCE                                         f  PYNQ_Design_i/axi_smc/inst/s00_entry_pipeline/s00_mmu/inst/xpm_cdc_async_rst_inst/arststages_ff_reg[1]/CLR  (IS_INVERTED)
  -------------------------------------------------------------------    -------------------

                         (clock clk_pl_0 rise edge)
                                                      0.000     0.000 r  
    PS8_X0Y0             PS8                          0.000     0.000 r  PYNQ_Design_i/zynq_ultra_ps_e_0/U0/PS8_i/PLCLK[0]
                         net (fo=1, routed)           0.129     0.129    PYNQ_Design_i/zynq_ultra_ps_e_0/U0/pl_clk_unbuffered[0]
    BUFG_PS_X0Y58        BUFG_PS (Prop_BUFG_PS_I_O)
                                                      0.018     0.147 r  PYNQ_Design_i/zynq_ultra_ps_e_0/U0/buffer_pl_clk_0.PL_CLK_0_BUFG/O
    X2Y2 (CLOCK_ROOT)    net (fo=13302, routed)       1.106     1.253    PYNQ_Design_i/axi_smc/inst/s00_entry_pipeline/s00_mmu/inst/xpm_cdc_async_rst_inst/dest_clk
    SLICE_X26Y45         FDCE                                         r  PYNQ_Design_i/axi_smc/inst/s00_entry_pipeline/s00_mmu/inst/xpm_cdc_async_rst_inst/arststages_ff_reg[1]/C

Slack:                    inf
  Source:                 PYNQ_Design_i/axi_smc/inst/clk_map/psr_aclk/U0/ACTIVE_LOW_BSR_OUT_DFF[0].FDRE_BSR_N/C
                            (rising edge-triggered cell FDRE clocked by clk_pl_0  {rise@0.000ns fall@5.156ns period=10.312ns})
  Destination:            PYNQ_Design_i/axi_smc/inst/s00_entry_pipeline/s00_mmu/inst/xpm_cdc_async_rst_inst/arststages_ff_reg[2]/CLR
                            (removal check against rising-edge clock clk_pl_0  {rise@0.000ns fall@5.156ns period=10.312ns})
  Path Group:             (none)
  Path Type:              Removal (Min at Fast Process Corner)
  Data Path Delay:        0.245ns  (logic 0.039ns (15.951%)  route 0.206ns (84.049%))
  Logic Levels:           0  
  Clock Path Skew:        0.150ns (DCD - SCD - CPR)
    Destination Clock Delay (DCD):    1.253ns
    Source Clock Delay      (SCD):    1.104ns
    Clock Pessimism Removal (CPR):    -0.000ns
  Clock Uncertainty:      0.159ns  ((TSJ^2 + DJ^2)^1/2) / 2 + PE
    Total System Jitter     (TSJ):    0.071ns
    Discrete Jitter          (DJ):    0.310ns
    Phase Error              (PE):    0.000ns
  Clock Net Delay (Source):      0.984ns (routing 0.252ns, distribution 0.732ns)
  Clock Net Delay (Destination): 1.106ns (routing 0.282ns, distribution 0.824ns)
  Timing Exception:       False Path

    Location             Delay type                Incr(ns)  Path(ns)    Netlist Resource(s)
  -------------------------------------------------------------------    -------------------
                         (clock clk_pl_0 rise edge)
                                                      0.000     0.000 r  
    PS8_X0Y0             PS8                          0.000     0.000 r  PYNQ_Design_i/zynq_ultra_ps_e_0/U0/PS8_i/PLCLK[0]
                         net (fo=1, routed)           0.103     0.103    PYNQ_Design_i/zynq_ultra_ps_e_0/U0/pl_clk_unbuffered[0]
    BUFG_PS_X0Y58        BUFG_PS (Prop_BUFG_PS_I_O)
                                                      0.017     0.120 r  PYNQ_Design_i/zynq_ultra_ps_e_0/U0/buffer_pl_clk_0.PL_CLK_0_BUFG/O
    X2Y2 (CLOCK_ROOT)    net (fo=13302, routed)       0.984     1.104    PYNQ_Design_i/axi_smc/inst/clk_map/psr_aclk/U0/aclk
    SLICE_X32Y49         FDRE                                         r  PYNQ_Design_i/axi_smc/inst/clk_map/psr_aclk/U0/ACTIVE_LOW_BSR_OUT_DFF[0].FDRE_BSR_N/C
  -------------------------------------------------------------------    -------------------
    SLICE_X32Y49         FDRE (Prop_HFF_SLICEL_C_Q)
                                                      0.039     1.143 r  PYNQ_Design_i/axi_smc/inst/clk_map/psr_aclk/U0/ACTIVE_LOW_BSR_OUT_DFF[0].FDRE_BSR_N/Q
                         net (fo=45, routed)          0.206     1.348    PYNQ_Design_i/axi_smc/inst/s00_entry_pipeline/s00_mmu/inst/xpm_cdc_async_rst_inst/src_arst
    SLICE_X26Y45         FDCE                                         f  PYNQ_Design_i/axi_smc/inst/s00_entry_pipeline/s00_mmu/inst/xpm_cdc_async_rst_inst/arststages_ff_reg[2]/CLR  (IS_INVERTED)
  -------------------------------------------------------------------    -------------------

                         (clock clk_pl_0 rise edge)
                                                      0.000     0.000 r  
    PS8_X0Y0             PS8                          0.000     0.000 r  PYNQ_Design_i/zynq_ultra_ps_e_0/U0/PS8_i/PLCLK[0]
                         net (fo=1, routed)           0.129     0.129    PYNQ_Design_i/zynq_ultra_ps_e_0/U0/pl_clk_unbuffered[0]
    BUFG_PS_X0Y58        BUFG_PS (Prop_BUFG_PS_I_O)
                                                      0.018     0.147 r  PYNQ_Design_i/zynq_ultra_ps_e_0/U0/buffer_pl_clk_0.PL_CLK_0_BUFG/O
    X2Y2 (CLOCK_ROOT)    net (fo=13302, routed)       1.106     1.253    PYNQ_Design_i/axi_smc/inst/s00_entry_pipeline/s00_mmu/inst/xpm_cdc_async_rst_inst/dest_clk
    SLICE_X26Y45         FDCE                                         r  PYNQ_Design_i/axi_smc/inst/s00_entry_pipeline/s00_mmu/inst/xpm_cdc_async_rst_inst/arststages_ff_reg[2]/C

Slack:                    inf
  Source:                 PYNQ_Design_i/axi_smc/inst/clk_map/psr_aclk/U0/ACTIVE_LOW_BSR_OUT_DFF[0].FDRE_BSR_N/C
                            (rising edge-triggered cell FDRE clocked by clk_pl_0  {rise@0.000ns fall@5.156ns period=10.312ns})
  Destination:            PYNQ_Design_i/axi_smc/inst/m00_exit_pipeline/m00_exit/inst/xpm_cdc_async_rst_inst/arststages_ff_reg[0]/CLR
                            (removal check against rising-edge clock clk_pl_0  {rise@0.000ns fall@5.156ns period=10.312ns})
  Path Group:             (none)
  Path Type:              Removal (Min at Fast Process Corner)
  Data Path Delay:        0.277ns  (logic 0.039ns (14.078%)  route 0.238ns (85.922%))
  Logic Levels:           0  
  Clock Path Skew:        0.150ns (DCD - SCD - CPR)
    Destination Clock Delay (DCD):    1.254ns
    Source Clock Delay      (SCD):    1.104ns
    Clock Pessimism Removal (CPR):    -0.000ns
  Clock Uncertainty:      0.159ns  ((TSJ^2 + DJ^2)^1/2) / 2 + PE
    Total System Jitter     (TSJ):    0.071ns
    Discrete Jitter          (DJ):    0.310ns
    Phase Error              (PE):    0.000ns
  Clock Net Delay (Source):      0.984ns (routing 0.252ns, distribution 0.732ns)
  Clock Net Delay (Destination): 1.107ns (routing 0.282ns, distribution 0.825ns)
  Timing Exception:       False Path

    Location             Delay type                Incr(ns)  Path(ns)    Netlist Resource(s)
  -------------------------------------------------------------------    -------------------
                         (clock clk_pl_0 rise edge)
                                                      0.000     0.000 r  
    PS8_X0Y0             PS8                          0.000     0.000 r  PYNQ_Design_i/zynq_ultra_ps_e_0/U0/PS8_i/PLCLK[0]
                         net (fo=1, routed)           0.103     0.103    PYNQ_Design_i/zynq_ultra_ps_e_0/U0/pl_clk_unbuffered[0]
    BUFG_PS_X0Y58        BUFG_PS (Prop_BUFG_PS_I_O)
                                                      0.017     0.120 r  PYNQ_Design_i/zynq_ultra_ps_e_0/U0/buffer_pl_clk_0.PL_CLK_0_BUFG/O
    X2Y2 (CLOCK_ROOT)    net (fo=13302, routed)       0.984     1.104    PYNQ_Design_i/axi_smc/inst/clk_map/psr_aclk/U0/aclk
    SLICE_X32Y49         FDRE                                         r  PYNQ_Design_i/axi_smc/inst/clk_map/psr_aclk/U0/ACTIVE_LOW_BSR_OUT_DFF[0].FDRE_BSR_N/C
  -------------------------------------------------------------------    -------------------
    SLICE_X32Y49         FDRE (Prop_HFF_SLICEL_C_Q)
                                                      0.039     1.143 r  PYNQ_Design_i/axi_smc/inst/clk_map/psr_aclk/U0/ACTIVE_LOW_BSR_OUT_DFF[0].FDRE_BSR_N/Q
                         net (fo=45, routed)          0.238     1.381    PYNQ_Design_i/axi_smc/inst/m00_exit_pipeline/m00_exit/inst/xpm_cdc_async_rst_inst/src_arst
    SLICE_X29Y35         FDCE                                         f  PYNQ_Design_i/axi_smc/inst/m00_exit_pipeline/m00_exit/inst/xpm_cdc_async_rst_inst/arststages_ff_reg[0]/CLR  (IS_INVERTED)
  -------------------------------------------------------------------    -------------------

                         (clock clk_pl_0 rise edge)
                                                      0.000     0.000 r  
    PS8_X0Y0             PS8                          0.000     0.000 r  PYNQ_Design_i/zynq_ultra_ps_e_0/U0/PS8_i/PLCLK[0]
                         net (fo=1, routed)           0.129     0.129    PYNQ_Design_i/zynq_ultra_ps_e_0/U0/pl_clk_unbuffered[0]
    BUFG_PS_X0Y58        BUFG_PS (Prop_BUFG_PS_I_O)
                                                      0.018     0.147 r  PYNQ_Design_i/zynq_ultra_ps_e_0/U0/buffer_pl_clk_0.PL_CLK_0_BUFG/O
    X2Y2 (CLOCK_ROOT)    net (fo=13302, routed)       1.107     1.254    PYNQ_Design_i/axi_smc/inst/m00_exit_pipeline/m00_exit/inst/xpm_cdc_async_rst_inst/dest_clk
    SLICE_X29Y35         FDCE                                         r  PYNQ_Design_i/axi_smc/inst/m00_exit_pipeline/m00_exit/inst/xpm_cdc_async_rst_inst/arststages_ff_reg[0]/C

Slack:                    inf
  Source:                 PYNQ_Design_i/axi_smc/inst/clk_map/psr_aclk/U0/ACTIVE_LOW_BSR_OUT_DFF[0].FDRE_BSR_N/C
                            (rising edge-triggered cell FDRE clocked by clk_pl_0  {rise@0.000ns fall@5.156ns period=10.312ns})
  Destination:            PYNQ_Design_i/axi_smc/inst/m00_exit_pipeline/m00_exit/inst/xpm_cdc_async_rst_inst/arststages_ff_reg[1]/CLR
                            (removal check against rising-edge clock clk_pl_0  {rise@0.000ns fall@5.156ns period=10.312ns})
  Path Group:             (none)
  Path Type:              Removal (Min at Fast Process Corner)
  Data Path Delay:        0.277ns  (logic 0.039ns (14.078%)  route 0.238ns (85.922%))
  Logic Levels:           0  
  Clock Path Skew:        0.150ns (DCD - SCD - CPR)
    Destination Clock Delay (DCD):    1.254ns
    Source Clock Delay      (SCD):    1.104ns
    Clock Pessimism Removal (CPR):    -0.000ns
  Clock Uncertainty:      0.159ns  ((TSJ^2 + DJ^2)^1/2) / 2 + PE
    Total System Jitter     (TSJ):    0.071ns
    Discrete Jitter          (DJ):    0.310ns
    Phase Error              (PE):    0.000ns
  Clock Net Delay (Source):      0.984ns (routing 0.252ns, distribution 0.732ns)
  Clock Net Delay (Destination): 1.107ns (routing 0.282ns, distribution 0.825ns)
  Timing Exception:       False Path

    Location             Delay type                Incr(ns)  Path(ns)    Netlist Resource(s)
  -------------------------------------------------------------------    -------------------
                         (clock clk_pl_0 rise edge)
                                                      0.000     0.000 r  
    PS8_X0Y0             PS8                          0.000     0.000 r  PYNQ_Design_i/zynq_ultra_ps_e_0/U0/PS8_i/PLCLK[0]
                         net (fo=1, routed)           0.103     0.103    PYNQ_Design_i/zynq_ultra_ps_e_0/U0/pl_clk_unbuffered[0]
    BUFG_PS_X0Y58        BUFG_PS (Prop_BUFG_PS_I_O)
                                                      0.017     0.120 r  PYNQ_Design_i/zynq_ultra_ps_e_0/U0/buffer_pl_clk_0.PL_CLK_0_BUFG/O
    X2Y2 (CLOCK_ROOT)    net (fo=13302, routed)       0.984     1.104    PYNQ_Design_i/axi_smc/inst/clk_map/psr_aclk/U0/aclk
    SLICE_X32Y49         FDRE                                         r  PYNQ_Design_i/axi_smc/inst/clk_map/psr_aclk/U0/ACTIVE_LOW_BSR_OUT_DFF[0].FDRE_BSR_N/C
  -------------------------------------------------------------------    -------------------
    SLICE_X32Y49         FDRE (Prop_HFF_SLICEL_C_Q)
                                                      0.039     1.143 r  PYNQ_Design_i/axi_smc/inst/clk_map/psr_aclk/U0/ACTIVE_LOW_BSR_OUT_DFF[0].FDRE_BSR_N/Q
                         net (fo=45, routed)          0.238     1.381    PYNQ_Design_i/axi_smc/inst/m00_exit_pipeline/m00_exit/inst/xpm_cdc_async_rst_inst/src_arst
    SLICE_X29Y35         FDCE                                         f  PYNQ_Design_i/axi_smc/inst/m00_exit_pipeline/m00_exit/inst/xpm_cdc_async_rst_inst/arststages_ff_reg[1]/CLR  (IS_INVERTED)
  -------------------------------------------------------------------    -------------------

                         (clock clk_pl_0 rise edge)
                                                      0.000     0.000 r  
    PS8_X0Y0             PS8                          0.000     0.000 r  PYNQ_Design_i/zynq_ultra_ps_e_0/U0/PS8_i/PLCLK[0]
                         net (fo=1, routed)           0.129     0.129    PYNQ_Design_i/zynq_ultra_ps_e_0/U0/pl_clk_unbuffered[0]
    BUFG_PS_X0Y58        BUFG_PS (Prop_BUFG_PS_I_O)
                                                      0.018     0.147 r  PYNQ_Design_i/zynq_ultra_ps_e_0/U0/buffer_pl_clk_0.PL_CLK_0_BUFG/O
    X2Y2 (CLOCK_ROOT)    net (fo=13302, routed)       1.107     1.254    PYNQ_Design_i/axi_smc/inst/m00_exit_pipeline/m00_exit/inst/xpm_cdc_async_rst_inst/dest_clk
    SLICE_X29Y35         FDCE                                         r  PYNQ_Design_i/axi_smc/inst/m00_exit_pipeline/m00_exit/inst/xpm_cdc_async_rst_inst/arststages_ff_reg[1]/C

Slack:                    inf
  Source:                 PYNQ_Design_i/axi_smc/inst/clk_map/psr_aclk/U0/ACTIVE_LOW_BSR_OUT_DFF[0].FDRE_BSR_N/C
                            (rising edge-triggered cell FDRE clocked by clk_pl_0  {rise@0.000ns fall@5.156ns period=10.312ns})
  Destination:            PYNQ_Design_i/axi_smc/inst/m00_exit_pipeline/m00_exit/inst/xpm_cdc_async_rst_inst/arststages_ff_reg[2]/CLR
                            (removal check against rising-edge clock clk_pl_0  {rise@0.000ns fall@5.156ns period=10.312ns})
  Path Group:             (none)
  Path Type:              Removal (Min at Fast Process Corner)
  Data Path Delay:        0.277ns  (logic 0.039ns (14.078%)  route 0.238ns (85.922%))
  Logic Levels:           0  
  Clock Path Skew:        0.150ns (DCD - SCD - CPR)
    Destination Clock Delay (DCD):    1.254ns
    Source Clock Delay      (SCD):    1.104ns
    Clock Pessimism Removal (CPR):    -0.000ns
  Clock Uncertainty:      0.159ns  ((TSJ^2 + DJ^2)^1/2) / 2 + PE
    Total System Jitter     (TSJ):    0.071ns
    Discrete Jitter          (DJ):    0.310ns
    Phase Error              (PE):    0.000ns
  Clock Net Delay (Source):      0.984ns (routing 0.252ns, distribution 0.732ns)
  Clock Net Delay (Destination): 1.107ns (routing 0.282ns, distribution 0.825ns)
  Timing Exception:       False Path

    Location             Delay type                Incr(ns)  Path(ns)    Netlist Resource(s)
  -------------------------------------------------------------------    -------------------
                         (clock clk_pl_0 rise edge)
                                                      0.000     0.000 r  
    PS8_X0Y0             PS8                          0.000     0.000 r  PYNQ_Design_i/zynq_ultra_ps_e_0/U0/PS8_i/PLCLK[0]
                         net (fo=1, routed)           0.103     0.103    PYNQ_Design_i/zynq_ultra_ps_e_0/U0/pl_clk_unbuffered[0]
    BUFG_PS_X0Y58        BUFG_PS (Prop_BUFG_PS_I_O)
                                                      0.017     0.120 r  PYNQ_Design_i/zynq_ultra_ps_e_0/U0/buffer_pl_clk_0.PL_CLK_0_BUFG/O
    X2Y2 (CLOCK_ROOT)    net (fo=13302, routed)       0.984     1.104    PYNQ_Design_i/axi_smc/inst/clk_map/psr_aclk/U0/aclk
    SLICE_X32Y49         FDRE                                         r  PYNQ_Design_i/axi_smc/inst/clk_map/psr_aclk/U0/ACTIVE_LOW_BSR_OUT_DFF[0].FDRE_BSR_N/C
  -------------------------------------------------------------------    -------------------
    SLICE_X32Y49         FDRE (Prop_HFF_SLICEL_C_Q)
                                                      0.039     1.143 r  PYNQ_Design_i/axi_smc/inst/clk_map/psr_aclk/U0/ACTIVE_LOW_BSR_OUT_DFF[0].FDRE_BSR_N/Q
                         net (fo=45, routed)          0.238     1.381    PYNQ_Design_i/axi_smc/inst/m00_exit_pipeline/m00_exit/inst/xpm_cdc_async_rst_inst/src_arst
    SLICE_X29Y35         FDCE                                         f  PYNQ_Design_i/axi_smc/inst/m00_exit_pipeline/m00_exit/inst/xpm_cdc_async_rst_inst/arststages_ff_reg[2]/CLR  (IS_INVERTED)
  -------------------------------------------------------------------    -------------------

                         (clock clk_pl_0 rise edge)
                                                      0.000     0.000 r  
    PS8_X0Y0             PS8                          0.000     0.000 r  PYNQ_Design_i/zynq_ultra_ps_e_0/U0/PS8_i/PLCLK[0]
                         net (fo=1, routed)           0.129     0.129    PYNQ_Design_i/zynq_ultra_ps_e_0/U0/pl_clk_unbuffered[0]
    BUFG_PS_X0Y58        BUFG_PS (Prop_BUFG_PS_I_O)
                                                      0.018     0.147 r  PYNQ_Design_i/zynq_ultra_ps_e_0/U0/buffer_pl_clk_0.PL_CLK_0_BUFG/O
    X2Y2 (CLOCK_ROOT)    net (fo=13302, routed)       1.107     1.254    PYNQ_Design_i/axi_smc/inst/m00_exit_pipeline/m00_exit/inst/xpm_cdc_async_rst_inst/dest_clk
    SLICE_X29Y35         FDCE                                         r  PYNQ_Design_i/axi_smc/inst/m00_exit_pipeline/m00_exit/inst/xpm_cdc_async_rst_inst/arststages_ff_reg[2]/C

Slack:                    inf
  Source:                 PYNQ_Design_i/axi_smc/inst/clk_map/psr_aclk/U0/ACTIVE_LOW_BSR_OUT_DFF[0].FDRE_BSR_N/C
                            (rising edge-triggered cell FDRE clocked by clk_pl_0  {rise@0.000ns fall@5.156ns period=10.312ns})
  Destination:            PYNQ_Design_i/axi_smc/inst/s00_entry_pipeline/s00_si_converter/inst/xpm_cdc_async_rst_inst/arststages_ff_reg[0]/CLR
                            (removal check against rising-edge clock clk_pl_0  {rise@0.000ns fall@5.156ns period=10.312ns})
  Path Group:             (none)
  Path Type:              Removal (Min at Fast Process Corner)
  Data Path Delay:        0.290ns  (logic 0.039ns (13.463%)  route 0.251ns (86.537%))
  Logic Levels:           0  
  Clock Path Skew:        0.139ns (DCD - SCD - CPR)
    Destination Clock Delay (DCD):    1.242ns
    Source Clock Delay      (SCD):    1.104ns
    Clock Pessimism Removal (CPR):    -0.000ns
  Clock Uncertainty:      0.159ns  ((TSJ^2 + DJ^2)^1/2) / 2 + PE
    Total System Jitter     (TSJ):    0.071ns
    Discrete Jitter          (DJ):    0.310ns
    Phase Error              (PE):    0.000ns
  Clock Net Delay (Source):      0.984ns (routing 0.252ns, distribution 0.732ns)
  Clock Net Delay (Destination): 1.095ns (routing 0.282ns, distribution 0.813ns)
  Timing Exception:       False Path

    Location             Delay type                Incr(ns)  Path(ns)    Netlist Resource(s)
  -------------------------------------------------------------------    -------------------
                         (clock clk_pl_0 rise edge)
                                                      0.000     0.000 r  
    PS8_X0Y0             PS8                          0.000     0.000 r  PYNQ_Design_i/zynq_ultra_ps_e_0/U0/PS8_i/PLCLK[0]
                         net (fo=1, routed)           0.103     0.103    PYNQ_Design_i/zynq_ultra_ps_e_0/U0/pl_clk_unbuffered[0]
    BUFG_PS_X0Y58        BUFG_PS (Prop_BUFG_PS_I_O)
                                                      0.017     0.120 r  PYNQ_Design_i/zynq_ultra_ps_e_0/U0/buffer_pl_clk_0.PL_CLK_0_BUFG/O
    X2Y2 (CLOCK_ROOT)    net (fo=13302, routed)       0.984     1.104    PYNQ_Design_i/axi_smc/inst/clk_map/psr_aclk/U0/aclk
    SLICE_X32Y49         FDRE                                         r  PYNQ_Design_i/axi_smc/inst/clk_map/psr_aclk/U0/ACTIVE_LOW_BSR_OUT_DFF[0].FDRE_BSR_N/C
  -------------------------------------------------------------------    -------------------
    SLICE_X32Y49         FDRE (Prop_HFF_SLICEL_C_Q)
                                                      0.039     1.143 r  PYNQ_Design_i/axi_smc/inst/clk_map/psr_aclk/U0/ACTIVE_LOW_BSR_OUT_DFF[0].FDRE_BSR_N/Q
                         net (fo=45, routed)          0.251     1.393    PYNQ_Design_i/axi_smc/inst/s00_entry_pipeline/s00_si_converter/inst/xpm_cdc_async_rst_inst/src_arst
    SLICE_X30Y34         FDCE                                         f  PYNQ_Design_i/axi_smc/inst/s00_entry_pipeline/s00_si_converter/inst/xpm_cdc_async_rst_inst/arststages_ff_reg[0]/CLR  (IS_INVERTED)
  -------------------------------------------------------------------    -------------------

                         (clock clk_pl_0 rise edge)
                                                      0.000     0.000 r  
    PS8_X0Y0             PS8                          0.000     0.000 r  PYNQ_Design_i/zynq_ultra_ps_e_0/U0/PS8_i/PLCLK[0]
                         net (fo=1, routed)           0.129     0.129    PYNQ_Design_i/zynq_ultra_ps_e_0/U0/pl_clk_unbuffered[0]
    BUFG_PS_X0Y58        BUFG_PS (Prop_BUFG_PS_I_O)
                                                      0.018     0.147 r  PYNQ_Design_i/zynq_ultra_ps_e_0/U0/buffer_pl_clk_0.PL_CLK_0_BUFG/O
    X2Y2 (CLOCK_ROOT)    net (fo=13302, routed)       1.095     1.242    PYNQ_Design_i/axi_smc/inst/s00_entry_pipeline/s00_si_converter/inst/xpm_cdc_async_rst_inst/dest_clk
    SLICE_X30Y34         FDCE                                         r  PYNQ_Design_i/axi_smc/inst/s00_entry_pipeline/s00_si_converter/inst/xpm_cdc_async_rst_inst/arststages_ff_reg[0]/C

Slack:                    inf
  Source:                 PYNQ_Design_i/axi_smc/inst/clk_map/psr_aclk/U0/ACTIVE_LOW_BSR_OUT_DFF[0].FDRE_BSR_N/C
                            (rising edge-triggered cell FDRE clocked by clk_pl_0  {rise@0.000ns fall@5.156ns period=10.312ns})
  Destination:            PYNQ_Design_i/axi_smc/inst/s00_entry_pipeline/s00_si_converter/inst/xpm_cdc_async_rst_inst/arststages_ff_reg[1]/CLR
                            (removal check against rising-edge clock clk_pl_0  {rise@0.000ns fall@5.156ns period=10.312ns})
  Path Group:             (none)
  Path Type:              Removal (Min at Fast Process Corner)
  Data Path Delay:        0.290ns  (logic 0.039ns (13.463%)  route 0.251ns (86.537%))
  Logic Levels:           0  
  Clock Path Skew:        0.139ns (DCD - SCD - CPR)
    Destination Clock Delay (DCD):    1.242ns
    Source Clock Delay      (SCD):    1.104ns
    Clock Pessimism Removal (CPR):    -0.000ns
  Clock Uncertainty:      0.159ns  ((TSJ^2 + DJ^2)^1/2) / 2 + PE
    Total System Jitter     (TSJ):    0.071ns
    Discrete Jitter          (DJ):    0.310ns
    Phase Error              (PE):    0.000ns
  Clock Net Delay (Source):      0.984ns (routing 0.252ns, distribution 0.732ns)
  Clock Net Delay (Destination): 1.095ns (routing 0.282ns, distribution 0.813ns)
  Timing Exception:       False Path

    Location             Delay type                Incr(ns)  Path(ns)    Netlist Resource(s)
  -------------------------------------------------------------------    -------------------
                         (clock clk_pl_0 rise edge)
                                                      0.000     0.000 r  
    PS8_X0Y0             PS8                          0.000     0.000 r  PYNQ_Design_i/zynq_ultra_ps_e_0/U0/PS8_i/PLCLK[0]
                         net (fo=1, routed)           0.103     0.103    PYNQ_Design_i/zynq_ultra_ps_e_0/U0/pl_clk_unbuffered[0]
    BUFG_PS_X0Y58        BUFG_PS (Prop_BUFG_PS_I_O)
                                                      0.017     0.120 r  PYNQ_Design_i/zynq_ultra_ps_e_0/U0/buffer_pl_clk_0.PL_CLK_0_BUFG/O
    X2Y2 (CLOCK_ROOT)    net (fo=13302, routed)       0.984     1.104    PYNQ_Design_i/axi_smc/inst/clk_map/psr_aclk/U0/aclk
    SLICE_X32Y49         FDRE                                         r  PYNQ_Design_i/axi_smc/inst/clk_map/psr_aclk/U0/ACTIVE_LOW_BSR_OUT_DFF[0].FDRE_BSR_N/C
  -------------------------------------------------------------------    -------------------
    SLICE_X32Y49         FDRE (Prop_HFF_SLICEL_C_Q)
                                                      0.039     1.143 r  PYNQ_Design_i/axi_smc/inst/clk_map/psr_aclk/U0/ACTIVE_LOW_BSR_OUT_DFF[0].FDRE_BSR_N/Q
                         net (fo=45, routed)          0.251     1.393    PYNQ_Design_i/axi_smc/inst/s00_entry_pipeline/s00_si_converter/inst/xpm_cdc_async_rst_inst/src_arst
    SLICE_X30Y34         FDCE                                         f  PYNQ_Design_i/axi_smc/inst/s00_entry_pipeline/s00_si_converter/inst/xpm_cdc_async_rst_inst/arststages_ff_reg[1]/CLR  (IS_INVERTED)
  -------------------------------------------------------------------    -------------------

                         (clock clk_pl_0 rise edge)
                                                      0.000     0.000 r  
    PS8_X0Y0             PS8                          0.000     0.000 r  PYNQ_Design_i/zynq_ultra_ps_e_0/U0/PS8_i/PLCLK[0]
                         net (fo=1, routed)           0.129     0.129    PYNQ_Design_i/zynq_ultra_ps_e_0/U0/pl_clk_unbuffered[0]
    BUFG_PS_X0Y58        BUFG_PS (Prop_BUFG_PS_I_O)
                                                      0.018     0.147 r  PYNQ_Design_i/zynq_ultra_ps_e_0/U0/buffer_pl_clk_0.PL_CLK_0_BUFG/O
    X2Y2 (CLOCK_ROOT)    net (fo=13302, routed)       1.095     1.242    PYNQ_Design_i/axi_smc/inst/s00_entry_pipeline/s00_si_converter/inst/xpm_cdc_async_rst_inst/dest_clk
    SLICE_X30Y34         FDCE                                         r  PYNQ_Design_i/axi_smc/inst/s00_entry_pipeline/s00_si_converter/inst/xpm_cdc_async_rst_inst/arststages_ff_reg[1]/C

Slack:                    inf
  Source:                 PYNQ_Design_i/axi_smc/inst/clk_map/psr_aclk/U0/ACTIVE_LOW_BSR_OUT_DFF[0].FDRE_BSR_N/C
                            (rising edge-triggered cell FDRE clocked by clk_pl_0  {rise@0.000ns fall@5.156ns period=10.312ns})
  Destination:            PYNQ_Design_i/axi_smc/inst/s00_entry_pipeline/s00_si_converter/inst/xpm_cdc_async_rst_inst/arststages_ff_reg[2]/CLR
                            (removal check against rising-edge clock clk_pl_0  {rise@0.000ns fall@5.156ns period=10.312ns})
  Path Group:             (none)
  Path Type:              Removal (Min at Fast Process Corner)
  Data Path Delay:        0.290ns  (logic 0.039ns (13.463%)  route 0.251ns (86.537%))
  Logic Levels:           0  
  Clock Path Skew:        0.139ns (DCD - SCD - CPR)
    Destination Clock Delay (DCD):    1.242ns
    Source Clock Delay      (SCD):    1.104ns
    Clock Pessimism Removal (CPR):    -0.000ns
  Clock Uncertainty:      0.159ns  ((TSJ^2 + DJ^2)^1/2) / 2 + PE
    Total System Jitter     (TSJ):    0.071ns
    Discrete Jitter          (DJ):    0.310ns
    Phase Error              (PE):    0.000ns
  Clock Net Delay (Source):      0.984ns (routing 0.252ns, distribution 0.732ns)
  Clock Net Delay (Destination): 1.095ns (routing 0.282ns, distribution 0.813ns)
  Timing Exception:       False Path

    Location             Delay type                Incr(ns)  Path(ns)    Netlist Resource(s)
  -------------------------------------------------------------------    -------------------
                         (clock clk_pl_0 rise edge)
                                                      0.000     0.000 r  
    PS8_X0Y0             PS8                          0.000     0.000 r  PYNQ_Design_i/zynq_ultra_ps_e_0/U0/PS8_i/PLCLK[0]
                         net (fo=1, routed)           0.103     0.103    PYNQ_Design_i/zynq_ultra_ps_e_0/U0/pl_clk_unbuffered[0]
    BUFG_PS_X0Y58        BUFG_PS (Prop_BUFG_PS_I_O)
                                                      0.017     0.120 r  PYNQ_Design_i/zynq_ultra_ps_e_0/U0/buffer_pl_clk_0.PL_CLK_0_BUFG/O
    X2Y2 (CLOCK_ROOT)    net (fo=13302, routed)       0.984     1.104    PYNQ_Design_i/axi_smc/inst/clk_map/psr_aclk/U0/aclk
    SLICE_X32Y49         FDRE                                         r  PYNQ_Design_i/axi_smc/inst/clk_map/psr_aclk/U0/ACTIVE_LOW_BSR_OUT_DFF[0].FDRE_BSR_N/C
  -------------------------------------------------------------------    -------------------
    SLICE_X32Y49         FDRE (Prop_HFF_SLICEL_C_Q)
                                                      0.039     1.143 r  PYNQ_Design_i/axi_smc/inst/clk_map/psr_aclk/U0/ACTIVE_LOW_BSR_OUT_DFF[0].FDRE_BSR_N/Q
                         net (fo=45, routed)          0.251     1.393    PYNQ_Design_i/axi_smc/inst/s00_entry_pipeline/s00_si_converter/inst/xpm_cdc_async_rst_inst/src_arst
    SLICE_X30Y34         FDCE                                         f  PYNQ_Design_i/axi_smc/inst/s00_entry_pipeline/s00_si_converter/inst/xpm_cdc_async_rst_inst/arststages_ff_reg[2]/CLR  (IS_INVERTED)
  -------------------------------------------------------------------    -------------------

                         (clock clk_pl_0 rise edge)
                                                      0.000     0.000 r  
    PS8_X0Y0             PS8                          0.000     0.000 r  PYNQ_Design_i/zynq_ultra_ps_e_0/U0/PS8_i/PLCLK[0]
                         net (fo=1, routed)           0.129     0.129    PYNQ_Design_i/zynq_ultra_ps_e_0/U0/pl_clk_unbuffered[0]
    BUFG_PS_X0Y58        BUFG_PS (Prop_BUFG_PS_I_O)
                                                      0.018     0.147 r  PYNQ_Design_i/zynq_ultra_ps_e_0/U0/buffer_pl_clk_0.PL_CLK_0_BUFG/O
    X2Y2 (CLOCK_ROOT)    net (fo=13302, routed)       1.095     1.242    PYNQ_Design_i/axi_smc/inst/s00_entry_pipeline/s00_si_converter/inst/xpm_cdc_async_rst_inst/dest_clk
    SLICE_X30Y34         FDCE                                         r  PYNQ_Design_i/axi_smc/inst/s00_entry_pipeline/s00_si_converter/inst/xpm_cdc_async_rst_inst/arststages_ff_reg[2]/C

Slack:                    inf
  Source:                 PYNQ_Design_i/axi_smc/inst/clk_map/psr_aclk/U0/ACTIVE_LOW_BSR_OUT_DFF[0].FDRE_BSR_N/C
                            (rising edge-triggered cell FDRE clocked by clk_pl_0  {rise@0.000ns fall@5.156ns period=10.312ns})
  Destination:            PYNQ_Design_i/axi_smc/inst/s00_nodes/s00_b_node/inst/s_sc_xpm_cdc_async_rst_inst/arststages_ff_reg[0]/CLR
                            (removal check against rising-edge clock clk_pl_0  {rise@0.000ns fall@5.156ns period=10.312ns})
  Path Group:             (none)
  Path Type:              Removal (Min at Fast Process Corner)
  Data Path Delay:        0.296ns  (logic 0.039ns (13.172%)  route 0.257ns (86.828%))
  Logic Levels:           0  
  Clock Path Skew:        0.147ns (DCD - SCD - CPR)
    Destination Clock Delay (DCD):    1.250ns
    Source Clock Delay      (SCD):    1.104ns
    Clock Pessimism Removal (CPR):    -0.000ns
  Clock Uncertainty:      0.159ns  ((TSJ^2 + DJ^2)^1/2) / 2 + PE
    Total System Jitter     (TSJ):    0.071ns
    Discrete Jitter          (DJ):    0.310ns
    Phase Error              (PE):    0.000ns
  Clock Net Delay (Source):      0.984ns (routing 0.252ns, distribution 0.732ns)
  Clock Net Delay (Destination): 1.103ns (routing 0.282ns, distribution 0.821ns)
  Timing Exception:       False Path

    Location             Delay type                Incr(ns)  Path(ns)    Netlist Resource(s)
  -------------------------------------------------------------------    -------------------
                         (clock clk_pl_0 rise edge)
                                                      0.000     0.000 r  
    PS8_X0Y0             PS8                          0.000     0.000 r  PYNQ_Design_i/zynq_ultra_ps_e_0/U0/PS8_i/PLCLK[0]
                         net (fo=1, routed)           0.103     0.103    PYNQ_Design_i/zynq_ultra_ps_e_0/U0/pl_clk_unbuffered[0]
    BUFG_PS_X0Y58        BUFG_PS (Prop_BUFG_PS_I_O)
                                                      0.017     0.120 r  PYNQ_Design_i/zynq_ultra_ps_e_0/U0/buffer_pl_clk_0.PL_CLK_0_BUFG/O
    X2Y2 (CLOCK_ROOT)    net (fo=13302, routed)       0.984     1.104    PYNQ_Design_i/axi_smc/inst/clk_map/psr_aclk/U0/aclk
    SLICE_X32Y49         FDRE                                         r  PYNQ_Design_i/axi_smc/inst/clk_map/psr_aclk/U0/ACTIVE_LOW_BSR_OUT_DFF[0].FDRE_BSR_N/C
  -------------------------------------------------------------------    -------------------
    SLICE_X32Y49         FDRE (Prop_HFF_SLICEL_C_Q)
                                                      0.039     1.143 r  PYNQ_Design_i/axi_smc/inst/clk_map/psr_aclk/U0/ACTIVE_LOW_BSR_OUT_DFF[0].FDRE_BSR_N/Q
                         net (fo=45, routed)          0.257     1.400    PYNQ_Design_i/axi_smc/inst/s00_nodes/s00_b_node/inst/s_sc_xpm_cdc_async_rst_inst/src_arst
    SLICE_X28Y37         FDCE                                         f  PYNQ_Design_i/axi_smc/inst/s00_nodes/s00_b_node/inst/s_sc_xpm_cdc_async_rst_inst/arststages_ff_reg[0]/CLR  (IS_INVERTED)
  -------------------------------------------------------------------    -------------------

                         (clock clk_pl_0 rise edge)
                                                      0.000     0.000 r  
    PS8_X0Y0             PS8                          0.000     0.000 r  PYNQ_Design_i/zynq_ultra_ps_e_0/U0/PS8_i/PLCLK[0]
                         net (fo=1, routed)           0.129     0.129    PYNQ_Design_i/zynq_ultra_ps_e_0/U0/pl_clk_unbuffered[0]
    BUFG_PS_X0Y58        BUFG_PS (Prop_BUFG_PS_I_O)
                                                      0.018     0.147 r  PYNQ_Design_i/zynq_ultra_ps_e_0/U0/buffer_pl_clk_0.PL_CLK_0_BUFG/O
    X2Y2 (CLOCK_ROOT)    net (fo=13302, routed)       1.103     1.250    PYNQ_Design_i/axi_smc/inst/s00_nodes/s00_b_node/inst/s_sc_xpm_cdc_async_rst_inst/dest_clk
    SLICE_X28Y37         FDCE                                         r  PYNQ_Design_i/axi_smc/inst/s00_nodes/s00_b_node/inst/s_sc_xpm_cdc_async_rst_inst/arststages_ff_reg[0]/C





--------------------------------------------------------------------------------------
Path Group:  (none)
From Clock:  clk_pl_0
  To Clock:  

Max Delay             6 Endpoints
Min Delay             6 Endpoints
--------------------------------------------------------------------------------------


Max Delay Paths
--------------------------------------------------------------------------------------
Slack:                    inf
  Source:                 PYNQ_Design_i/zynq_ultra_ps_e_0/U0/PS8_i/PLCLK[0]
                            (clock source 'clk_pl_0'  {rise@0.000ns fall@5.156ns period=10.312ns})
  Destination:            PYNQ_Design_i/usp_rf_data_converter_0/inst/PYNQ_Design_usp_rf_data_converter_0_0_rf_wrapper_i/tx1_u_dac/PLL_MONCLK
  Path Group:             (none)
  Path Type:              Max at Slow Process Corner
  Data Path Delay:        2.375ns  (logic 0.028ns (1.179%)  route 2.347ns (98.821%))
  Logic Levels:           1  (BUFG_PS=1)
  Clock Uncertainty:      0.157ns  ((TSJ^2 + DJ^2)^1/2) / 2 + PE
    Total System Jitter     (TSJ):    0.050ns
    Discrete Jitter          (DJ):    0.310ns
    Phase Error              (PE):    0.000ns

    Location             Delay type                Incr(ns)  Path(ns)    Netlist Resource(s)
  -------------------------------------------------------------------    -------------------
                         (clock clk_pl_0 fall edge)
                                                      5.156     5.156 f  
    PS8_X0Y0             PS8                          0.000     5.156 f  PYNQ_Design_i/zynq_ultra_ps_e_0/U0/PS8_i/PLCLK[0]
                         net (fo=1, routed)           0.198     5.354    PYNQ_Design_i/zynq_ultra_ps_e_0/U0/pl_clk_unbuffered[0]
    BUFG_PS_X0Y58        BUFG_PS (Prop_BUFG_PS_I_O)
                                                      0.028     5.382 f  PYNQ_Design_i/zynq_ultra_ps_e_0/U0/buffer_pl_clk_0.PL_CLK_0_BUFG/O
                         net (fo=13302, routed)       2.149     7.531    PYNQ_Design_i/usp_rf_data_converter_0/inst/PYNQ_Design_usp_rf_data_converter_0_0_rf_wrapper_i/s_axi_aclk
    HSDAC_X0Y1           HSDAC                                        f  PYNQ_Design_i/usp_rf_data_converter_0/inst/PYNQ_Design_usp_rf_data_converter_0_0_rf_wrapper_i/tx1_u_dac/PLL_MONCLK
  -------------------------------------------------------------------    -------------------

Slack:                    inf
  Source:                 PYNQ_Design_i/zynq_ultra_ps_e_0/U0/PS8_i/PLCLK[0]
                            (clock source 'clk_pl_0'  {rise@0.000ns fall@5.156ns period=10.312ns})
  Destination:            PYNQ_Design_i/usp_rf_data_converter_0/inst/PYNQ_Design_usp_rf_data_converter_0_0_rf_wrapper_i/tx0_u_dac/PLL_MONCLK
  Path Group:             (none)
  Path Type:              Max at Slow Process Corner
  Data Path Delay:        2.355ns  (logic 0.028ns (1.189%)  route 2.327ns (98.811%))
  Logic Levels:           1  (BUFG_PS=1)
  Clock Uncertainty:      0.157ns  ((TSJ^2 + DJ^2)^1/2) / 2 + PE
    Total System Jitter     (TSJ):    0.050ns
    Discrete Jitter          (DJ):    0.310ns
    Phase Error              (PE):    0.000ns

    Location             Delay type                Incr(ns)  Path(ns)    Netlist Resource(s)
  -------------------------------------------------------------------    -------------------
                         (clock clk_pl_0 fall edge)
                                                      5.156     5.156 f  
    PS8_X0Y0             PS8                          0.000     5.156 f  PYNQ_Design_i/zynq_ultra_ps_e_0/U0/PS8_i/PLCLK[0]
                         net (fo=1, routed)           0.198     5.354    PYNQ_Design_i/zynq_ultra_ps_e_0/U0/pl_clk_unbuffered[0]
    BUFG_PS_X0Y58        BUFG_PS (Prop_BUFG_PS_I_O)
                                                      0.028     5.382 f  PYNQ_Design_i/zynq_ultra_ps_e_0/U0/buffer_pl_clk_0.PL_CLK_0_BUFG/O
                         net (fo=13302, routed)       2.129     7.511    PYNQ_Design_i/usp_rf_data_converter_0/inst/PYNQ_Design_usp_rf_data_converter_0_0_rf_wrapper_i/s_axi_aclk
    HSDAC_X0Y0           HSDAC                                        f  PYNQ_Design_i/usp_rf_data_converter_0/inst/PYNQ_Design_usp_rf_data_converter_0_0_rf_wrapper_i/tx0_u_dac/PLL_MONCLK
  -------------------------------------------------------------------    -------------------

Slack:                    inf
  Source:                 PYNQ_Design_i/zynq_ultra_ps_e_0/U0/PS8_i/PLCLK[0]
                            (clock source 'clk_pl_0'  {rise@0.000ns fall@5.156ns period=10.312ns})
  Destination:            PYNQ_Design_i/usp_rf_data_converter_0/inst/PYNQ_Design_usp_rf_data_converter_0_0_rf_wrapper_i/rx3_u_adc/PLL_MONCLK
  Path Group:             (none)
  Path Type:              Max at Slow Process Corner
  Data Path Delay:        2.332ns  (logic 0.028ns (1.201%)  route 2.304ns (98.799%))
  Logic Levels:           1  (BUFG_PS=1)
  Clock Uncertainty:      0.157ns  ((TSJ^2 + DJ^2)^1/2) / 2 + PE
    Total System Jitter     (TSJ):    0.050ns
    Discrete Jitter          (DJ):    0.310ns
    Phase Error              (PE):    0.000ns

    Location             Delay type                Incr(ns)  Path(ns)    Netlist Resource(s)
  -------------------------------------------------------------------    -------------------
                         (clock clk_pl_0 fall edge)
                                                      5.156     5.156 f  
    PS8_X0Y0             PS8                          0.000     5.156 f  PYNQ_Design_i/zynq_ultra_ps_e_0/U0/PS8_i/PLCLK[0]
                         net (fo=1, routed)           0.198     5.354    PYNQ_Design_i/zynq_ultra_ps_e_0/U0/pl_clk_unbuffered[0]
    BUFG_PS_X0Y58        BUFG_PS (Prop_BUFG_PS_I_O)
                                                      0.028     5.382 f  PYNQ_Design_i/zynq_ultra_ps_e_0/U0/buffer_pl_clk_0.PL_CLK_0_BUFG/O
                         net (fo=13302, routed)       2.106     7.488    PYNQ_Design_i/usp_rf_data_converter_0/inst/PYNQ_Design_usp_rf_data_converter_0_0_rf_wrapper_i/s_axi_aclk
    HSADC_X0Y3           HSADC                                        f  PYNQ_Design_i/usp_rf_data_converter_0/inst/PYNQ_Design_usp_rf_data_converter_0_0_rf_wrapper_i/rx3_u_adc/PLL_MONCLK
  -------------------------------------------------------------------    -------------------

Slack:                    inf
  Source:                 PYNQ_Design_i/zynq_ultra_ps_e_0/U0/PS8_i/PLCLK[0]
                            (clock source 'clk_pl_0'  {rise@0.000ns fall@5.156ns period=10.312ns})
  Destination:            PYNQ_Design_i/usp_rf_data_converter_0/inst/PYNQ_Design_usp_rf_data_converter_0_0_rf_wrapper_i/rx0_u_adc/PLL_MONCLK
  Path Group:             (none)
  Path Type:              Max at Slow Process Corner
  Data Path Delay:        2.327ns  (logic 0.028ns (1.203%)  route 2.299ns (98.797%))
  Logic Levels:           1  (BUFG_PS=1)
  Clock Uncertainty:      0.157ns  ((TSJ^2 + DJ^2)^1/2) / 2 + PE
    Total System Jitter     (TSJ):    0.050ns
    Discrete Jitter          (DJ):    0.310ns
    Phase Error              (PE):    0.000ns

    Location             Delay type                Incr(ns)  Path(ns)    Netlist Resource(s)
  -------------------------------------------------------------------    -------------------
                         (clock clk_pl_0 fall edge)
                                                      5.156     5.156 f  
    PS8_X0Y0             PS8                          0.000     5.156 f  PYNQ_Design_i/zynq_ultra_ps_e_0/U0/PS8_i/PLCLK[0]
                         net (fo=1, routed)           0.198     5.354    PYNQ_Design_i/zynq_ultra_ps_e_0/U0/pl_clk_unbuffered[0]
    BUFG_PS_X0Y58        BUFG_PS (Prop_BUFG_PS_I_O)
                                                      0.028     5.382 f  PYNQ_Design_i/zynq_ultra_ps_e_0/U0/buffer_pl_clk_0.PL_CLK_0_BUFG/O
                         net (fo=13302, routed)       2.101     7.483    PYNQ_Design_i/usp_rf_data_converter_0/inst/PYNQ_Design_usp_rf_data_converter_0_0_rf_wrapper_i/s_axi_aclk
    HSADC_X0Y0           HSADC                                        f  PYNQ_Design_i/usp_rf_data_converter_0/inst/PYNQ_Design_usp_rf_data_converter_0_0_rf_wrapper_i/rx0_u_adc/PLL_MONCLK
  -------------------------------------------------------------------    -------------------

Slack:                    inf
  Source:                 PYNQ_Design_i/zynq_ultra_ps_e_0/U0/PS8_i/PLCLK[0]
                            (clock source 'clk_pl_0'  {rise@0.000ns fall@5.156ns period=10.312ns})
  Destination:            PYNQ_Design_i/usp_rf_data_converter_0/inst/PYNQ_Design_usp_rf_data_converter_0_0_rf_wrapper_i/rx1_u_adc/PLL_MONCLK
  Path Group:             (none)
  Path Type:              Max at Slow Process Corner
  Data Path Delay:        2.326ns  (logic 0.028ns (1.204%)  route 2.298ns (98.796%))
  Logic Levels:           1  (BUFG_PS=1)
  Clock Uncertainty:      0.157ns  ((TSJ^2 + DJ^2)^1/2) / 2 + PE
    Total System Jitter     (TSJ):    0.050ns
    Discrete Jitter          (DJ):    0.310ns
    Phase Error              (PE):    0.000ns

    Location             Delay type                Incr(ns)  Path(ns)    Netlist Resource(s)
  -------------------------------------------------------------------    -------------------
                         (clock clk_pl_0 fall edge)
                                                      5.156     5.156 f  
    PS8_X0Y0             PS8                          0.000     5.156 f  PYNQ_Design_i/zynq_ultra_ps_e_0/U0/PS8_i/PLCLK[0]
                         net (fo=1, routed)           0.198     5.354    PYNQ_Design_i/zynq_ultra_ps_e_0/U0/pl_clk_unbuffered[0]
    BUFG_PS_X0Y58        BUFG_PS (Prop_BUFG_PS_I_O)
                                                      0.028     5.382 f  PYNQ_Design_i/zynq_ultra_ps_e_0/U0/buffer_pl_clk_0.PL_CLK_0_BUFG/O
                         net (fo=13302, routed)       2.100     7.482    PYNQ_Design_i/usp_rf_data_converter_0/inst/PYNQ_Design_usp_rf_data_converter_0_0_rf_wrapper_i/s_axi_aclk
    HSADC_X0Y1           HSADC                                        f  PYNQ_Design_i/usp_rf_data_converter_0/inst/PYNQ_Design_usp_rf_data_converter_0_0_rf_wrapper_i/rx1_u_adc/PLL_MONCLK
  -------------------------------------------------------------------    -------------------

Slack:                    inf
  Source:                 PYNQ_Design_i/zynq_ultra_ps_e_0/U0/PS8_i/PLCLK[0]
                            (clock source 'clk_pl_0'  {rise@0.000ns fall@5.156ns period=10.312ns})
  Destination:            PYNQ_Design_i/usp_rf_data_converter_0/inst/PYNQ_Design_usp_rf_data_converter_0_0_rf_wrapper_i/rx2_u_adc/PLL_MONCLK
  Path Group:             (none)
  Path Type:              Max at Slow Process Corner
  Data Path Delay:        2.284ns  (logic 0.028ns (1.226%)  route 2.256ns (98.774%))
  Logic Levels:           1  (BUFG_PS=1)
  Clock Uncertainty:      0.157ns  ((TSJ^2 + DJ^2)^1/2) / 2 + PE
    Total System Jitter     (TSJ):    0.050ns
    Discrete Jitter          (DJ):    0.310ns
    Phase Error              (PE):    0.000ns

    Location             Delay type                Incr(ns)  Path(ns)    Netlist Resource(s)
  -------------------------------------------------------------------    -------------------
                         (clock clk_pl_0 fall edge)
                                                      5.156     5.156 f  
    PS8_X0Y0             PS8                          0.000     5.156 f  PYNQ_Design_i/zynq_ultra_ps_e_0/U0/PS8_i/PLCLK[0]
                         net (fo=1, routed)           0.198     5.354    PYNQ_Design_i/zynq_ultra_ps_e_0/U0/pl_clk_unbuffered[0]
    BUFG_PS_X0Y58        BUFG_PS (Prop_BUFG_PS_I_O)
                                                      0.028     5.382 f  PYNQ_Design_i/zynq_ultra_ps_e_0/U0/buffer_pl_clk_0.PL_CLK_0_BUFG/O
                         net (fo=13302, routed)       2.058     7.440    PYNQ_Design_i/usp_rf_data_converter_0/inst/PYNQ_Design_usp_rf_data_converter_0_0_rf_wrapper_i/s_axi_aclk
    HSADC_X0Y2           HSADC                                        f  PYNQ_Design_i/usp_rf_data_converter_0/inst/PYNQ_Design_usp_rf_data_converter_0_0_rf_wrapper_i/rx2_u_adc/PLL_MONCLK
  -------------------------------------------------------------------    -------------------





Min Delay Paths
--------------------------------------------------------------------------------------
Slack:                    inf
  Source:                 PYNQ_Design_i/zynq_ultra_ps_e_0/U0/PS8_i/PLCLK[0]
                            (clock source 'clk_pl_0'  {rise@0.000ns fall@5.156ns period=10.312ns})
  Destination:            PYNQ_Design_i/usp_rf_data_converter_0/inst/PYNQ_Design_usp_rf_data_converter_0_0_rf_wrapper_i/rx2_u_adc/PLL_MONCLK
  Path Group:             (none)
  Path Type:              Min at Fast Process Corner
  Data Path Delay:        1.233ns  (logic 0.017ns (1.379%)  route 1.216ns (98.621%))
  Logic Levels:           1  (BUFG_PS=1)
  Clock Uncertainty:      0.157ns  ((TSJ^2 + DJ^2)^1/2) / 2 + PE
    Total System Jitter     (TSJ):    0.050ns
    Discrete Jitter          (DJ):    0.310ns
    Phase Error              (PE):    0.000ns

    Location             Delay type                Incr(ns)  Path(ns)    Netlist Resource(s)
  -------------------------------------------------------------------    -------------------
                         (clock clk_pl_0 rise edge)
                                                      0.000     0.000 r  
    PS8_X0Y0             PS8                          0.000     0.000 r  PYNQ_Design_i/zynq_ultra_ps_e_0/U0/PS8_i/PLCLK[0]
                         net (fo=1, routed)           0.103     0.103    PYNQ_Design_i/zynq_ultra_ps_e_0/U0/pl_clk_unbuffered[0]
    BUFG_PS_X0Y58        BUFG_PS (Prop_BUFG_PS_I_O)
                                                      0.017     0.120 r  PYNQ_Design_i/zynq_ultra_ps_e_0/U0/buffer_pl_clk_0.PL_CLK_0_BUFG/O
                         net (fo=13302, routed)       1.113     1.233    PYNQ_Design_i/usp_rf_data_converter_0/inst/PYNQ_Design_usp_rf_data_converter_0_0_rf_wrapper_i/s_axi_aclk
    HSADC_X0Y2           HSADC                                        r  PYNQ_Design_i/usp_rf_data_converter_0/inst/PYNQ_Design_usp_rf_data_converter_0_0_rf_wrapper_i/rx2_u_adc/PLL_MONCLK
  -------------------------------------------------------------------    -------------------

Slack:                    inf
  Source:                 PYNQ_Design_i/zynq_ultra_ps_e_0/U0/PS8_i/PLCLK[0]
                            (clock source 'clk_pl_0'  {rise@0.000ns fall@5.156ns period=10.312ns})
  Destination:            PYNQ_Design_i/usp_rf_data_converter_0/inst/PYNQ_Design_usp_rf_data_converter_0_0_rf_wrapper_i/rx1_u_adc/PLL_MONCLK
  Path Group:             (none)
  Path Type:              Min at Fast Process Corner
  Data Path Delay:        1.252ns  (logic 0.017ns (1.358%)  route 1.235ns (98.642%))
  Logic Levels:           1  (BUFG_PS=1)
  Clock Uncertainty:      0.157ns  ((TSJ^2 + DJ^2)^1/2) / 2 + PE
    Total System Jitter     (TSJ):    0.050ns
    Discrete Jitter          (DJ):    0.310ns
    Phase Error              (PE):    0.000ns

    Location             Delay type                Incr(ns)  Path(ns)    Netlist Resource(s)
  -------------------------------------------------------------------    -------------------
                         (clock clk_pl_0 rise edge)
                                                      0.000     0.000 r  
    PS8_X0Y0             PS8                          0.000     0.000 r  PYNQ_Design_i/zynq_ultra_ps_e_0/U0/PS8_i/PLCLK[0]
                         net (fo=1, routed)           0.103     0.103    PYNQ_Design_i/zynq_ultra_ps_e_0/U0/pl_clk_unbuffered[0]
    BUFG_PS_X0Y58        BUFG_PS (Prop_BUFG_PS_I_O)
                                                      0.017     0.120 r  PYNQ_Design_i/zynq_ultra_ps_e_0/U0/buffer_pl_clk_0.PL_CLK_0_BUFG/O
                         net (fo=13302, routed)       1.132     1.252    PYNQ_Design_i/usp_rf_data_converter_0/inst/PYNQ_Design_usp_rf_data_converter_0_0_rf_wrapper_i/s_axi_aclk
    HSADC_X0Y1           HSADC                                        r  PYNQ_Design_i/usp_rf_data_converter_0/inst/PYNQ_Design_usp_rf_data_converter_0_0_rf_wrapper_i/rx1_u_adc/PLL_MONCLK
  -------------------------------------------------------------------    -------------------

Slack:                    inf
  Source:                 PYNQ_Design_i/zynq_ultra_ps_e_0/U0/PS8_i/PLCLK[0]
                            (clock source 'clk_pl_0'  {rise@0.000ns fall@5.156ns period=10.312ns})
  Destination:            PYNQ_Design_i/usp_rf_data_converter_0/inst/PYNQ_Design_usp_rf_data_converter_0_0_rf_wrapper_i/rx3_u_adc/PLL_MONCLK
  Path Group:             (none)
  Path Type:              Min at Fast Process Corner
  Data Path Delay:        1.259ns  (logic 0.017ns (1.350%)  route 1.242ns (98.650%))
  Logic Levels:           1  (BUFG_PS=1)
  Clock Uncertainty:      0.157ns  ((TSJ^2 + DJ^2)^1/2) / 2 + PE
    Total System Jitter     (TSJ):    0.050ns
    Discrete Jitter          (DJ):    0.310ns
    Phase Error              (PE):    0.000ns

    Location             Delay type                Incr(ns)  Path(ns)    Netlist Resource(s)
  -------------------------------------------------------------------    -------------------
                         (clock clk_pl_0 rise edge)
                                                      0.000     0.000 r  
    PS8_X0Y0             PS8                          0.000     0.000 r  PYNQ_Design_i/zynq_ultra_ps_e_0/U0/PS8_i/PLCLK[0]
                         net (fo=1, routed)           0.103     0.103    PYNQ_Design_i/zynq_ultra_ps_e_0/U0/pl_clk_unbuffered[0]
    BUFG_PS_X0Y58        BUFG_PS (Prop_BUFG_PS_I_O)
                                                      0.017     0.120 r  PYNQ_Design_i/zynq_ultra_ps_e_0/U0/buffer_pl_clk_0.PL_CLK_0_BUFG/O
                         net (fo=13302, routed)       1.139     1.259    PYNQ_Design_i/usp_rf_data_converter_0/inst/PYNQ_Design_usp_rf_data_converter_0_0_rf_wrapper_i/s_axi_aclk
    HSADC_X0Y3           HSADC                                        r  PYNQ_Design_i/usp_rf_data_converter_0/inst/PYNQ_Design_usp_rf_data_converter_0_0_rf_wrapper_i/rx3_u_adc/PLL_MONCLK
  -------------------------------------------------------------------    -------------------

Slack:                    inf
  Source:                 PYNQ_Design_i/zynq_ultra_ps_e_0/U0/PS8_i/PLCLK[0]
                            (clock source 'clk_pl_0'  {rise@0.000ns fall@5.156ns period=10.312ns})
  Destination:            PYNQ_Design_i/usp_rf_data_converter_0/inst/PYNQ_Design_usp_rf_data_converter_0_0_rf_wrapper_i/rx0_u_adc/PLL_MONCLK
  Path Group:             (none)
  Path Type:              Min at Fast Process Corner
  Data Path Delay:        1.262ns  (logic 0.017ns (1.347%)  route 1.245ns (98.653%))
  Logic Levels:           1  (BUFG_PS=1)
  Clock Uncertainty:      0.157ns  ((TSJ^2 + DJ^2)^1/2) / 2 + PE
    Total System Jitter     (TSJ):    0.050ns
    Discrete Jitter          (DJ):    0.310ns
    Phase Error              (PE):    0.000ns

    Location             Delay type                Incr(ns)  Path(ns)    Netlist Resource(s)
  -------------------------------------------------------------------    -------------------
                         (clock clk_pl_0 rise edge)
                                                      0.000     0.000 r  
    PS8_X0Y0             PS8                          0.000     0.000 r  PYNQ_Design_i/zynq_ultra_ps_e_0/U0/PS8_i/PLCLK[0]
                         net (fo=1, routed)           0.103     0.103    PYNQ_Design_i/zynq_ultra_ps_e_0/U0/pl_clk_unbuffered[0]
    BUFG_PS_X0Y58        BUFG_PS (Prop_BUFG_PS_I_O)
                                                      0.017     0.120 r  PYNQ_Design_i/zynq_ultra_ps_e_0/U0/buffer_pl_clk_0.PL_CLK_0_BUFG/O
                         net (fo=13302, routed)       1.142     1.262    PYNQ_Design_i/usp_rf_data_converter_0/inst/PYNQ_Design_usp_rf_data_converter_0_0_rf_wrapper_i/s_axi_aclk
    HSADC_X0Y0           HSADC                                        r  PYNQ_Design_i/usp_rf_data_converter_0/inst/PYNQ_Design_usp_rf_data_converter_0_0_rf_wrapper_i/rx0_u_adc/PLL_MONCLK
  -------------------------------------------------------------------    -------------------

Slack:                    inf
  Source:                 PYNQ_Design_i/zynq_ultra_ps_e_0/U0/PS8_i/PLCLK[0]
                            (clock source 'clk_pl_0'  {rise@0.000ns fall@5.156ns period=10.312ns})
  Destination:            PYNQ_Design_i/usp_rf_data_converter_0/inst/PYNQ_Design_usp_rf_data_converter_0_0_rf_wrapper_i/tx0_u_dac/PLL_MONCLK
  Path Group:             (none)
  Path Type:              Min at Fast Process Corner
  Data Path Delay:        1.272ns  (logic 0.017ns (1.336%)  route 1.255ns (98.664%))
  Logic Levels:           1  (BUFG_PS=1)
  Clock Uncertainty:      0.157ns  ((TSJ^2 + DJ^2)^1/2) / 2 + PE
    Total System Jitter     (TSJ):    0.050ns
    Discrete Jitter          (DJ):    0.310ns
    Phase Error              (PE):    0.000ns

    Location             Delay type                Incr(ns)  Path(ns)    Netlist Resource(s)
  -------------------------------------------------------------------    -------------------
                         (clock clk_pl_0 rise edge)
                                                      0.000     0.000 r  
    PS8_X0Y0             PS8                          0.000     0.000 r  PYNQ_Design_i/zynq_ultra_ps_e_0/U0/PS8_i/PLCLK[0]
                         net (fo=1, routed)           0.103     0.103    PYNQ_Design_i/zynq_ultra_ps_e_0/U0/pl_clk_unbuffered[0]
    BUFG_PS_X0Y58        BUFG_PS (Prop_BUFG_PS_I_O)
                                                      0.017     0.120 r  PYNQ_Design_i/zynq_ultra_ps_e_0/U0/buffer_pl_clk_0.PL_CLK_0_BUFG/O
                         net (fo=13302, routed)       1.152     1.272    PYNQ_Design_i/usp_rf_data_converter_0/inst/PYNQ_Design_usp_rf_data_converter_0_0_rf_wrapper_i/s_axi_aclk
    HSDAC_X0Y0           HSDAC                                        r  PYNQ_Design_i/usp_rf_data_converter_0/inst/PYNQ_Design_usp_rf_data_converter_0_0_rf_wrapper_i/tx0_u_dac/PLL_MONCLK
  -------------------------------------------------------------------    -------------------

Slack:                    inf
  Source:                 PYNQ_Design_i/zynq_ultra_ps_e_0/U0/PS8_i/PLCLK[0]
                            (clock source 'clk_pl_0'  {rise@0.000ns fall@5.156ns period=10.312ns})
  Destination:            PYNQ_Design_i/usp_rf_data_converter_0/inst/PYNQ_Design_usp_rf_data_converter_0_0_rf_wrapper_i/tx1_u_dac/PLL_MONCLK
  Path Group:             (none)
  Path Type:              Min at Fast Process Corner
  Data Path Delay:        1.287ns  (logic 0.017ns (1.321%)  route 1.270ns (98.679%))
  Logic Levels:           1  (BUFG_PS=1)
  Clock Uncertainty:      0.157ns  ((TSJ^2 + DJ^2)^1/2) / 2 + PE
    Total System Jitter     (TSJ):    0.050ns
    Discrete Jitter          (DJ):    0.310ns
    Phase Error              (PE):    0.000ns

    Location             Delay type                Incr(ns)  Path(ns)    Netlist Resource(s)
  -------------------------------------------------------------------    -------------------
                         (clock clk_pl_0 rise edge)
                                                      0.000     0.000 r  
    PS8_X0Y0             PS8                          0.000     0.000 r  PYNQ_Design_i/zynq_ultra_ps_e_0/U0/PS8_i/PLCLK[0]
                         net (fo=1, routed)           0.103     0.103    PYNQ_Design_i/zynq_ultra_ps_e_0/U0/pl_clk_unbuffered[0]
    BUFG_PS_X0Y58        BUFG_PS (Prop_BUFG_PS_I_O)
                                                      0.017     0.120 r  PYNQ_Design_i/zynq_ultra_ps_e_0/U0/buffer_pl_clk_0.PL_CLK_0_BUFG/O
                         net (fo=13302, routed)       1.167     1.287    PYNQ_Design_i/usp_rf_data_converter_0/inst/PYNQ_Design_usp_rf_data_converter_0_0_rf_wrapper_i/s_axi_aclk
    HSDAC_X0Y1           HSDAC                                        r  PYNQ_Design_i/usp_rf_data_converter_0/inst/PYNQ_Design_usp_rf_data_converter_0_0_rf_wrapper_i/tx1_u_dac/PLL_MONCLK
  -------------------------------------------------------------------    -------------------





--------------------------------------------------------------------------------------
Path Group:  (none)
From Clock:  
  To Clock:  clk_pl_0

Max Delay            23 Endpoints
Min Delay            23 Endpoints
--------------------------------------------------------------------------------------


Max Delay Paths
--------------------------------------------------------------------------------------
Slack:                    inf
  Source:                 PYNQ_Design_i/usp_rf_data_converter_0/inst/PYNQ_Design_usp_rf_data_converter_0_0_rf_wrapper_i/tx1_u_dac/STATUS_COMMON[1]
                            (internal pin)
  Destination:            PYNQ_Design_i/usp_rf_data_converter_0/inst/IP2Bus_Data_reg[1]/D
                            (rising edge-triggered cell FDRE clocked by clk_pl_0  {rise@0.000ns fall@5.156ns period=10.312ns})
  Path Group:             (none)
  Path Type:              Setup (Max at Slow Process Corner)
  Data Path Delay:        3.342ns  (logic 0.506ns (15.141%)  route 2.836ns (84.859%))
  Logic Levels:           5  (LUT4=1 LUT5=1 LUT6=3)
  Clock Uncertainty:      0.157ns  ((TSJ^2 + DJ^2)^1/2) / 2 + PE
    Total System Jitter     (TSJ):    0.050ns
    Discrete Jitter          (DJ):    0.310ns
    Phase Error              (PE):    0.000ns
  Clock Net Delay (Destination): 1.815ns (routing 0.423ns, distribution 1.392ns)

    Location             Delay type                Incr(ns)  Path(ns)    Netlist Resource(s)
  -------------------------------------------------------------------    -------------------
    HSDAC_X0Y1           HSDAC                        0.000     0.000 r  PYNQ_Design_i/usp_rf_data_converter_0/inst/PYNQ_Design_usp_rf_data_converter_0_0_rf_wrapper_i/tx1_u_dac/STATUS_COMMON[1]
                         net (fo=2, routed)           2.084     2.084    PYNQ_Design_i/usp_rf_data_converter_0/inst/i_axi_lite_ipif/I_SLAVE_ATTACHMENT/I_DECODER/dac1_common_stat[1]
    SLICE_X114Y114       LUT4 (Prop_F6LUT_SLICEL_I0_O)
                                                      0.148     2.232 r  PYNQ_Design_i/usp_rf_data_converter_0/inst/i_axi_lite_ipif/I_SLAVE_ATTACHMENT/I_DECODER/IP2Bus_Data[1]_i_62/O
                         net (fo=1, routed)           0.105     2.337    PYNQ_Design_i/usp_rf_data_converter_0/inst/i_axi_lite_ipif/I_SLAVE_ATTACHMENT/I_DECODER/IP2Bus_Data[1]_i_62_n_0
    SLICE_X114Y114       LUT5 (Prop_A6LUT_SLICEL_I4_O)
                                                      0.149     2.486 r  PYNQ_Design_i/usp_rf_data_converter_0/inst/i_axi_lite_ipif/I_SLAVE_ATTACHMENT/I_DECODER/IP2Bus_Data[1]_i_32/O
                         net (fo=1, routed)           0.040     2.526    PYNQ_Design_i/usp_rf_data_converter_0/inst/i_axi_lite_ipif/I_SLAVE_ATTACHMENT/I_DECODER/IP2Bus_Data[1]_i_32_n_0
    SLICE_X114Y114       LUT6 (Prop_D6LUT_SLICEL_I2_O)
                                                      0.036     2.562 r  PYNQ_Design_i/usp_rf_data_converter_0/inst/i_axi_lite_ipif/I_SLAVE_ATTACHMENT/I_DECODER/IP2Bus_Data[1]_i_10/O
                         net (fo=1, routed)           0.238     2.800    PYNQ_Design_i/usp_rf_data_converter_0/inst/i_axi_lite_ipif/I_SLAVE_ATTACHMENT/I_DECODER/IP2Bus_Data[1]_i_10_n_0
    SLICE_X109Y114       LUT6 (Prop_C6LUT_SLICEM_I4_O)
                                                      0.123     2.923 r  PYNQ_Design_i/usp_rf_data_converter_0/inst/i_axi_lite_ipif/I_SLAVE_ATTACHMENT/I_DECODER/IP2Bus_Data[1]_i_2/O
                         net (fo=1, routed)           0.320     3.243    PYNQ_Design_i/usp_rf_data_converter_0/inst/i_axi_lite_ipif/I_SLAVE_ATTACHMENT/I_DECODER/IP2Bus_Data[1]_i_2_n_0
    SLICE_X111Y108       LUT6 (Prop_D6LUT_SLICEL_I0_O)
                                                      0.050     3.293 r  PYNQ_Design_i/usp_rf_data_converter_0/inst/i_axi_lite_ipif/I_SLAVE_ATTACHMENT/I_DECODER/IP2Bus_Data[1]_i_1/O
                         net (fo=1, routed)           0.049     3.342    PYNQ_Design_i/usp_rf_data_converter_0/inst/i_axi_lite_ipif_n_83
    SLICE_X111Y108       FDRE                                         r  PYNQ_Design_i/usp_rf_data_converter_0/inst/IP2Bus_Data_reg[1]/D
  -------------------------------------------------------------------    -------------------

                         (clock clk_pl_0 rise edge)
                                                      0.000     0.000 r  
    PS8_X0Y0             PS8                          0.000     0.000 r  PYNQ_Design_i/zynq_ultra_ps_e_0/U0/PS8_i/PLCLK[0]
                         net (fo=1, routed)           0.157     0.157    PYNQ_Design_i/zynq_ultra_ps_e_0/U0/pl_clk_unbuffered[0]
    BUFG_PS_X0Y58        BUFG_PS (Prop_BUFG_PS_I_O)
                                                      0.025     0.182 r  PYNQ_Design_i/zynq_ultra_ps_e_0/U0/buffer_pl_clk_0.PL_CLK_0_BUFG/O
    X2Y2 (CLOCK_ROOT)    net (fo=13302, routed)       1.815     1.997    PYNQ_Design_i/usp_rf_data_converter_0/inst/s_axi_aclk
    SLICE_X111Y108       FDRE                                         r  PYNQ_Design_i/usp_rf_data_converter_0/inst/IP2Bus_Data_reg[1]/C

Slack:                    inf
  Source:                 PYNQ_Design_i/usp_rf_data_converter_0/inst/PYNQ_Design_usp_rf_data_converter_0_0_rf_wrapper_i/tx1_u_dac/STATUS_COMMON[2]
                            (internal pin)
  Destination:            PYNQ_Design_i/usp_rf_data_converter_0/inst/IP2Bus_Data_reg[2]/D
                            (rising edge-triggered cell FDRE clocked by clk_pl_0  {rise@0.000ns fall@5.156ns period=10.312ns})
  Path Group:             (none)
  Path Type:              Setup (Max at Slow Process Corner)
  Data Path Delay:        2.978ns  (logic 0.354ns (11.887%)  route 2.624ns (88.113%))
  Logic Levels:           5  (LUT4=1 LUT6=4)
  Clock Uncertainty:      0.157ns  ((TSJ^2 + DJ^2)^1/2) / 2 + PE
    Total System Jitter     (TSJ):    0.050ns
    Discrete Jitter          (DJ):    0.310ns
    Phase Error              (PE):    0.000ns
  Clock Net Delay (Destination): 1.826ns (routing 0.423ns, distribution 1.403ns)

    Location             Delay type                Incr(ns)  Path(ns)    Netlist Resource(s)
  -------------------------------------------------------------------    -------------------
    HSDAC_X0Y1           HSDAC                        0.000     0.000 r  PYNQ_Design_i/usp_rf_data_converter_0/inst/PYNQ_Design_usp_rf_data_converter_0_0_rf_wrapper_i/tx1_u_dac/STATUS_COMMON[2]
                         net (fo=1, routed)           2.182     2.182    PYNQ_Design_i/usp_rf_data_converter_0/inst/i_axi_lite_ipif/I_SLAVE_ATTACHMENT/I_DECODER/dac1_common_stat[2]
    SLICE_X114Y112       LUT4 (Prop_B6LUT_SLICEL_I0_O)
                                                      0.090     2.272 r  PYNQ_Design_i/usp_rf_data_converter_0/inst/i_axi_lite_ipif/I_SLAVE_ATTACHMENT/I_DECODER/IP2Bus_Data[2]_i_70/O
                         net (fo=1, routed)           0.089     2.361    PYNQ_Design_i/usp_rf_data_converter_0/inst/i_axi_lite_ipif/I_SLAVE_ATTACHMENT/I_DECODER/IP2Bus_Data[2]_i_70_n_0
    SLICE_X114Y112       LUT6 (Prop_C6LUT_SLICEL_I0_O)
                                                      0.035     2.396 r  PYNQ_Design_i/usp_rf_data_converter_0/inst/i_axi_lite_ipif/I_SLAVE_ATTACHMENT/I_DECODER/IP2Bus_Data[2]_i_51/O
                         net (fo=1, routed)           0.179     2.575    PYNQ_Design_i/usp_rf_data_converter_0/inst/i_axi_lite_ipif/I_SLAVE_ATTACHMENT/I_DECODER/IP2Bus_Data[2]_i_51_n_0
    SLICE_X114Y115       LUT6 (Prop_H6LUT_SLICEL_I4_O)
                                                      0.090     2.665 r  PYNQ_Design_i/usp_rf_data_converter_0/inst/i_axi_lite_ipif/I_SLAVE_ATTACHMENT/I_DECODER/IP2Bus_Data[2]_i_21/O
                         net (fo=1, routed)           0.037     2.702    PYNQ_Design_i/usp_rf_data_converter_0/inst/i_axi_lite_ipif/I_SLAVE_ATTACHMENT/I_DECODER/IP2Bus_Data[2]_i_21_n_0
    SLICE_X114Y115       LUT6 (Prop_F6LUT_SLICEL_I3_O)
                                                      0.089     2.791 r  PYNQ_Design_i/usp_rf_data_converter_0/inst/i_axi_lite_ipif/I_SLAVE_ATTACHMENT/I_DECODER/IP2Bus_Data[2]_i_6/O
                         net (fo=1, routed)           0.087     2.878    PYNQ_Design_i/usp_rf_data_converter_0/inst/i_axi_lite_ipif/I_SLAVE_ATTACHMENT/I_DECODER/IP2Bus_Data[2]_i_6_n_0
    SLICE_X114Y115       LUT6 (Prop_C6LUT_SLICEL_I5_O)
                                                      0.050     2.928 r  PYNQ_Design_i/usp_rf_data_converter_0/inst/i_axi_lite_ipif/I_SLAVE_ATTACHMENT/I_DECODER/IP2Bus_Data[2]_i_1/O
                         net (fo=1, routed)           0.050     2.978    PYNQ_Design_i/usp_rf_data_converter_0/inst/i_axi_lite_ipif_n_82
    SLICE_X114Y115       FDRE                                         r  PYNQ_Design_i/usp_rf_data_converter_0/inst/IP2Bus_Data_reg[2]/D
  -------------------------------------------------------------------    -------------------

                         (clock clk_pl_0 rise edge)
                                                      0.000     0.000 r  
    PS8_X0Y0             PS8                          0.000     0.000 r  PYNQ_Design_i/zynq_ultra_ps_e_0/U0/PS8_i/PLCLK[0]
                         net (fo=1, routed)           0.157     0.157    PYNQ_Design_i/zynq_ultra_ps_e_0/U0/pl_clk_unbuffered[0]
    BUFG_PS_X0Y58        BUFG_PS (Prop_BUFG_PS_I_O)
                                                      0.025     0.182 r  PYNQ_Design_i/zynq_ultra_ps_e_0/U0/buffer_pl_clk_0.PL_CLK_0_BUFG/O
    X2Y2 (CLOCK_ROOT)    net (fo=13302, routed)       1.826     2.008    PYNQ_Design_i/usp_rf_data_converter_0/inst/s_axi_aclk
    SLICE_X114Y115       FDRE                                         r  PYNQ_Design_i/usp_rf_data_converter_0/inst/IP2Bus_Data_reg[2]/C

Slack:                    inf
  Source:                 PYNQ_Design_i/usp_rf_data_converter_0/inst/PYNQ_Design_usp_rf_data_converter_0_0_rf_wrapper_i/tx0_u_dac/STATUS_COMMON[0]
                            (internal pin)
  Destination:            PYNQ_Design_i/usp_rf_data_converter_0/inst/IP2Bus_Data_reg[0]/D
                            (rising edge-triggered cell FDRE clocked by clk_pl_0  {rise@0.000ns fall@5.156ns period=10.312ns})
  Path Group:             (none)
  Path Type:              Setup (Max at Slow Process Corner)
  Data Path Delay:        2.910ns  (logic 0.520ns (17.871%)  route 2.390ns (82.129%))
  Logic Levels:           4  (LUT6=4)
  Clock Uncertainty:      0.157ns  ((TSJ^2 + DJ^2)^1/2) / 2 + PE
    Total System Jitter     (TSJ):    0.050ns
    Discrete Jitter          (DJ):    0.310ns
    Phase Error              (PE):    0.000ns
  Clock Net Delay (Destination): 1.817ns (routing 0.423ns, distribution 1.394ns)

    Location             Delay type                Incr(ns)  Path(ns)    Netlist Resource(s)
  -------------------------------------------------------------------    -------------------
    HSDAC_X0Y0           HSDAC                        0.000     0.000 r  PYNQ_Design_i/usp_rf_data_converter_0/inst/PYNQ_Design_usp_rf_data_converter_0_0_rf_wrapper_i/tx0_u_dac/STATUS_COMMON[0]
                         net (fo=2, routed)           1.701     1.701    PYNQ_Design_i/usp_rf_data_converter_0/inst/i_axi_lite_ipif/I_SLAVE_ATTACHMENT/I_DECODER/dac0_common_stat[0]
    SLICE_X109Y116       LUT6 (Prop_D6LUT_SLICEM_I4_O)
                                                      0.145     1.846 f  PYNQ_Design_i/usp_rf_data_converter_0/inst/i_axi_lite_ipif/I_SLAVE_ATTACHMENT/I_DECODER/IP2Bus_Data[0]_i_43/O
                         net (fo=1, routed)           0.094     1.940    PYNQ_Design_i/usp_rf_data_converter_0/inst/i_axi_lite_ipif/I_SLAVE_ATTACHMENT/I_DECODER/IP2Bus_Data[0]_i_43_n_0
    SLICE_X109Y115       LUT6 (Prop_H6LUT_SLICEM_I3_O)
                                                      0.101     2.041 f  PYNQ_Design_i/usp_rf_data_converter_0/inst/i_axi_lite_ipif/I_SLAVE_ATTACHMENT/I_DECODER/IP2Bus_Data[0]_i_15/O
                         net (fo=1, routed)           0.318     2.359    PYNQ_Design_i/usp_rf_data_converter_0/inst/i_axi_lite_ipif/I_SLAVE_ATTACHMENT/I_DECODER/IP2Bus_Data[0]_i_15_n_0
    SLICE_X113Y116       LUT6 (Prop_H6LUT_SLICEM_I0_O)
                                                      0.152     2.511 r  PYNQ_Design_i/usp_rf_data_converter_0/inst/i_axi_lite_ipif/I_SLAVE_ATTACHMENT/I_DECODER/IP2Bus_Data[0]_i_5/O
                         net (fo=1, routed)           0.228     2.739    PYNQ_Design_i/usp_rf_data_converter_0/inst/i_axi_lite_ipif/I_SLAVE_ATTACHMENT/I_DECODER/IP2Bus_Data[0]_i_5_n_0
    SLICE_X111Y112       LUT6 (Prop_D6LUT_SLICEL_I3_O)
                                                      0.122     2.861 r  PYNQ_Design_i/usp_rf_data_converter_0/inst/i_axi_lite_ipif/I_SLAVE_ATTACHMENT/I_DECODER/IP2Bus_Data[0]_i_1/O
                         net (fo=1, routed)           0.049     2.910    PYNQ_Design_i/usp_rf_data_converter_0/inst/i_axi_lite_ipif_n_84
    SLICE_X111Y112       FDRE                                         r  PYNQ_Design_i/usp_rf_data_converter_0/inst/IP2Bus_Data_reg[0]/D
  -------------------------------------------------------------------    -------------------

                         (clock clk_pl_0 rise edge)
                                                      0.000     0.000 r  
    PS8_X0Y0             PS8                          0.000     0.000 r  PYNQ_Design_i/zynq_ultra_ps_e_0/U0/PS8_i/PLCLK[0]
                         net (fo=1, routed)           0.157     0.157    PYNQ_Design_i/zynq_ultra_ps_e_0/U0/pl_clk_unbuffered[0]
    BUFG_PS_X0Y58        BUFG_PS (Prop_BUFG_PS_I_O)
                                                      0.025     0.182 r  PYNQ_Design_i/zynq_ultra_ps_e_0/U0/buffer_pl_clk_0.PL_CLK_0_BUFG/O
    X2Y2 (CLOCK_ROOT)    net (fo=13302, routed)       1.817     1.999    PYNQ_Design_i/usp_rf_data_converter_0/inst/s_axi_aclk
    SLICE_X111Y112       FDRE                                         r  PYNQ_Design_i/usp_rf_data_converter_0/inst/IP2Bus_Data_reg[0]/C

Slack:                    inf
  Source:                 PYNQ_Design_i/usp_rf_data_converter_0/inst/PYNQ_Design_usp_rf_data_converter_0_0_rf_wrapper_i/tx1_u_dac/STATUS_COMMON[5]
                            (internal pin)
  Destination:            PYNQ_Design_i/usp_rf_data_converter_0/inst/IP2Bus_Data_reg[5]/D
                            (rising edge-triggered cell FDRE clocked by clk_pl_0  {rise@0.000ns fall@5.156ns period=10.312ns})
  Path Group:             (none)
  Path Type:              Setup (Max at Slow Process Corner)
  Data Path Delay:        2.906ns  (logic 0.381ns (13.111%)  route 2.525ns (86.889%))
  Logic Levels:           4  (LUT4=1 LUT5=1 LUT6=2)
  Clock Uncertainty:      0.157ns  ((TSJ^2 + DJ^2)^1/2) / 2 + PE
    Total System Jitter     (TSJ):    0.050ns
    Discrete Jitter          (DJ):    0.310ns
    Phase Error              (PE):    0.000ns
  Clock Net Delay (Destination): 1.822ns (routing 0.423ns, distribution 1.399ns)

    Location             Delay type                Incr(ns)  Path(ns)    Netlist Resource(s)
  -------------------------------------------------------------------    -------------------
    HSDAC_X0Y1           HSDAC                        0.000     0.000 r  PYNQ_Design_i/usp_rf_data_converter_0/inst/PYNQ_Design_usp_rf_data_converter_0_0_rf_wrapper_i/tx1_u_dac/STATUS_COMMON[5]
                         net (fo=1, routed)           2.012     2.012    PYNQ_Design_i/usp_rf_data_converter_0/inst/i_axi_lite_ipif/I_SLAVE_ATTACHMENT/I_DECODER/dac1_common_stat[5]
    SLICE_X115Y118       LUT5 (Prop_G6LUT_SLICEM_I4_O)
                                                      0.150     2.162 r  PYNQ_Design_i/usp_rf_data_converter_0/inst/i_axi_lite_ipif/I_SLAVE_ATTACHMENT/I_DECODER/IP2Bus_Data[5]_i_20/O
                         net (fo=1, routed)           0.177     2.339    PYNQ_Design_i/usp_rf_data_converter_0/inst/i_axi_lite_ipif/I_SLAVE_ATTACHMENT/I_DECODER/IP2Bus_Data[5]_i_20_n_0
    SLICE_X111Y118       LUT4 (Prop_G6LUT_SLICEL_I2_O)
                                                      0.035     2.374 r  PYNQ_Design_i/usp_rf_data_converter_0/inst/i_axi_lite_ipif/I_SLAVE_ATTACHMENT/I_DECODER/IP2Bus_Data[5]_i_10/O
                         net (fo=1, routed)           0.199     2.573    PYNQ_Design_i/usp_rf_data_converter_0/inst/i_axi_lite_ipif/I_SLAVE_ATTACHMENT/I_DECODER/IP2Bus_Data[5]_i_10_n_0
    SLICE_X110Y113       LUT6 (Prop_E6LUT_SLICEM_I5_O)
                                                      0.100     2.673 f  PYNQ_Design_i/usp_rf_data_converter_0/inst/i_axi_lite_ipif/I_SLAVE_ATTACHMENT/I_DECODER/IP2Bus_Data[5]_i_3/O
                         net (fo=1, routed)           0.087     2.760    PYNQ_Design_i/usp_rf_data_converter_0/inst/i_axi_lite_ipif/I_SLAVE_ATTACHMENT/I_DECODER/IP2Bus_Data[5]_i_3_n_0
    SLICE_X111Y113       LUT6 (Prop_C6LUT_SLICEL_I2_O)
                                                      0.096     2.856 r  PYNQ_Design_i/usp_rf_data_converter_0/inst/i_axi_lite_ipif/I_SLAVE_ATTACHMENT/I_DECODER/IP2Bus_Data[5]_i_1/O
                         net (fo=1, routed)           0.050     2.906    PYNQ_Design_i/usp_rf_data_converter_0/inst/i_axi_lite_ipif_n_79
    SLICE_X111Y113       FDRE                                         r  PYNQ_Design_i/usp_rf_data_converter_0/inst/IP2Bus_Data_reg[5]/D
  -------------------------------------------------------------------    -------------------

                         (clock clk_pl_0 rise edge)
                                                      0.000     0.000 r  
    PS8_X0Y0             PS8                          0.000     0.000 r  PYNQ_Design_i/zynq_ultra_ps_e_0/U0/PS8_i/PLCLK[0]
                         net (fo=1, routed)           0.157     0.157    PYNQ_Design_i/zynq_ultra_ps_e_0/U0/pl_clk_unbuffered[0]
    BUFG_PS_X0Y58        BUFG_PS (Prop_BUFG_PS_I_O)
                                                      0.025     0.182 r  PYNQ_Design_i/zynq_ultra_ps_e_0/U0/buffer_pl_clk_0.PL_CLK_0_BUFG/O
    X2Y2 (CLOCK_ROOT)    net (fo=13302, routed)       1.822     2.004    PYNQ_Design_i/usp_rf_data_converter_0/inst/s_axi_aclk
    SLICE_X111Y113       FDRE                                         r  PYNQ_Design_i/usp_rf_data_converter_0/inst/IP2Bus_Data_reg[5]/C

Slack:                    inf
  Source:                 PYNQ_Design_i/usp_rf_data_converter_0/inst/PYNQ_Design_usp_rf_data_converter_0_0_rf_wrapper_i/tx1_u_dac/STATUS_COMMON[4]
                            (internal pin)
  Destination:            PYNQ_Design_i/usp_rf_data_converter_0/inst/IP2Bus_Data_reg[4]/D
                            (rising edge-triggered cell FDRE clocked by clk_pl_0  {rise@0.000ns fall@5.156ns period=10.312ns})
  Path Group:             (none)
  Path Type:              Setup (Max at Slow Process Corner)
  Data Path Delay:        2.896ns  (logic 0.403ns (13.916%)  route 2.493ns (86.084%))
  Logic Levels:           5  (LUT6=5)
  Clock Uncertainty:      0.157ns  ((TSJ^2 + DJ^2)^1/2) / 2 + PE
    Total System Jitter     (TSJ):    0.050ns
    Discrete Jitter          (DJ):    0.310ns
    Phase Error              (PE):    0.000ns
  Clock Net Delay (Destination): 1.818ns (routing 0.423ns, distribution 1.395ns)

    Location             Delay type                Incr(ns)  Path(ns)    Netlist Resource(s)
  -------------------------------------------------------------------    -------------------
    HSDAC_X0Y1           HSDAC                        0.000     0.000 r  PYNQ_Design_i/usp_rf_data_converter_0/inst/PYNQ_Design_usp_rf_data_converter_0_0_rf_wrapper_i/tx1_u_dac/STATUS_COMMON[4]
                         net (fo=1, routed)           2.038     2.038    PYNQ_Design_i/usp_rf_data_converter_0/inst/i_axi_lite_ipif/I_SLAVE_ATTACHMENT/I_DECODER/dac1_common_stat[4]
    SLICE_X113Y113       LUT6 (Prop_G6LUT_SLICEM_I5_O)
                                                      0.100     2.138 r  PYNQ_Design_i/usp_rf_data_converter_0/inst/i_axi_lite_ipif/I_SLAVE_ATTACHMENT/I_DECODER/IP2Bus_Data[4]_i_43/O
                         net (fo=1, routed)           0.105     2.243    PYNQ_Design_i/usp_rf_data_converter_0/inst/i_axi_lite_ipif/I_SLAVE_ATTACHMENT/I_DECODER/IP2Bus_Data[4]_i_43_n_0
    SLICE_X112Y113       LUT6 (Prop_E6LUT_SLICEM_I5_O)
                                                      0.052     2.295 r  PYNQ_Design_i/usp_rf_data_converter_0/inst/i_axi_lite_ipif/I_SLAVE_ATTACHMENT/I_DECODER/IP2Bus_Data[4]_i_29/O
                         net (fo=1, routed)           0.059     2.354    PYNQ_Design_i/usp_rf_data_converter_0/inst/i_axi_lite_ipif/I_SLAVE_ATTACHMENT/I_DECODER/IP2Bus_Data[4]_i_29_n_0
    SLICE_X112Y113       LUT6 (Prop_F6LUT_SLICEM_I0_O)
                                                      0.148     2.502 r  PYNQ_Design_i/usp_rf_data_converter_0/inst/i_axi_lite_ipif/I_SLAVE_ATTACHMENT/I_DECODER/IP2Bus_Data[4]_i_12/O
                         net (fo=1, routed)           0.086     2.588    PYNQ_Design_i/usp_rf_data_converter_0/inst/i_axi_lite_ipif/I_SLAVE_ATTACHMENT/I_DECODER/IP2Bus_Data[4]_i_12_n_0
    SLICE_X112Y114       LUT6 (Prop_G6LUT_SLICEM_I5_O)
                                                      0.052     2.640 f  PYNQ_Design_i/usp_rf_data_converter_0/inst/i_axi_lite_ipif/I_SLAVE_ATTACHMENT/I_DECODER/IP2Bus_Data[4]_i_3/O
                         net (fo=1, routed)           0.133     2.773    PYNQ_Design_i/usp_rf_data_converter_0/inst/i_axi_lite_ipif/I_SLAVE_ATTACHMENT/I_DECODER/IP2Bus_Data[4]_i_3_n_0
    SLICE_X112Y111       LUT6 (Prop_D6LUT_SLICEM_I2_O)
                                                      0.051     2.824 r  PYNQ_Design_i/usp_rf_data_converter_0/inst/i_axi_lite_ipif/I_SLAVE_ATTACHMENT/I_DECODER/IP2Bus_Data[4]_i_1/O
                         net (fo=1, routed)           0.072     2.896    PYNQ_Design_i/usp_rf_data_converter_0/inst/i_axi_lite_ipif_n_80
    SLICE_X112Y111       FDRE                                         r  PYNQ_Design_i/usp_rf_data_converter_0/inst/IP2Bus_Data_reg[4]/D
  -------------------------------------------------------------------    -------------------

                         (clock clk_pl_0 rise edge)
                                                      0.000     0.000 r  
    PS8_X0Y0             PS8                          0.000     0.000 r  PYNQ_Design_i/zynq_ultra_ps_e_0/U0/PS8_i/PLCLK[0]
                         net (fo=1, routed)           0.157     0.157    PYNQ_Design_i/zynq_ultra_ps_e_0/U0/pl_clk_unbuffered[0]
    BUFG_PS_X0Y58        BUFG_PS (Prop_BUFG_PS_I_O)
                                                      0.025     0.182 r  PYNQ_Design_i/zynq_ultra_ps_e_0/U0/buffer_pl_clk_0.PL_CLK_0_BUFG/O
    X2Y2 (CLOCK_ROOT)    net (fo=13302, routed)       1.818     2.000    PYNQ_Design_i/usp_rf_data_converter_0/inst/s_axi_aclk
    SLICE_X112Y111       FDRE                                         r  PYNQ_Design_i/usp_rf_data_converter_0/inst/IP2Bus_Data_reg[4]/C

Slack:                    inf
  Source:                 PYNQ_Design_i/usp_rf_data_converter_0/inst/PYNQ_Design_usp_rf_data_converter_0_0_rf_wrapper_i/tx0_u_dac/STATUS_COMMON[7]
                            (internal pin)
  Destination:            PYNQ_Design_i/usp_rf_data_converter_0/inst/IP2Bus_Data_reg[7]/D
                            (rising edge-triggered cell FDRE clocked by clk_pl_0  {rise@0.000ns fall@5.156ns period=10.312ns})
  Path Group:             (none)
  Path Type:              Setup (Max at Slow Process Corner)
  Data Path Delay:        2.866ns  (logic 0.435ns (15.178%)  route 2.431ns (84.822%))
  Logic Levels:           4  (LUT5=1 LUT6=3)
  Clock Uncertainty:      0.157ns  ((TSJ^2 + DJ^2)^1/2) / 2 + PE
    Total System Jitter     (TSJ):    0.050ns
    Discrete Jitter          (DJ):    0.310ns
    Phase Error              (PE):    0.000ns
  Clock Net Delay (Destination): 1.814ns (routing 0.423ns, distribution 1.391ns)

    Location             Delay type                Incr(ns)  Path(ns)    Netlist Resource(s)
  -------------------------------------------------------------------    -------------------
    HSDAC_X0Y0           HSDAC                        0.000     0.000 r  PYNQ_Design_i/usp_rf_data_converter_0/inst/PYNQ_Design_usp_rf_data_converter_0_0_rf_wrapper_i/tx0_u_dac/STATUS_COMMON[7]
                         net (fo=1, routed)           1.988     1.988    PYNQ_Design_i/usp_rf_data_converter_0/inst/i_axi_lite_ipif/I_SLAVE_ATTACHMENT/I_DECODER/dac0_common_stat[7]
    SLICE_X108Y118       LUT5 (Prop_G6LUT_SLICEL_I4_O)
                                                      0.123     2.111 r  PYNQ_Design_i/usp_rf_data_converter_0/inst/i_axi_lite_ipif/I_SLAVE_ATTACHMENT/I_DECODER/IP2Bus_Data[7]_i_24/O
                         net (fo=1, routed)           0.089     2.200    PYNQ_Design_i/usp_rf_data_converter_0/inst/i_axi_lite_ipif/I_SLAVE_ATTACHMENT/I_DECODER/IP2Bus_Data[7]_i_24_n_0
    SLICE_X108Y118       LUT6 (Prop_B6LUT_SLICEL_I5_O)
                                                      0.090     2.290 r  PYNQ_Design_i/usp_rf_data_converter_0/inst/i_axi_lite_ipif/I_SLAVE_ATTACHMENT/I_DECODER/IP2Bus_Data[7]_i_11/O
                         net (fo=1, routed)           0.215     2.505    PYNQ_Design_i/usp_rf_data_converter_0/inst/i_axi_lite_ipif/I_SLAVE_ATTACHMENT/I_DECODER/IP2Bus_Data[7]_i_11_n_0
    SLICE_X111Y116       LUT6 (Prop_C6LUT_SLICEL_I3_O)
                                                      0.123     2.628 f  PYNQ_Design_i/usp_rf_data_converter_0/inst/i_axi_lite_ipif/I_SLAVE_ATTACHMENT/I_DECODER/IP2Bus_Data[7]_i_3/O
                         net (fo=1, routed)           0.090     2.718    PYNQ_Design_i/usp_rf_data_converter_0/inst/i_axi_lite_ipif/I_SLAVE_ATTACHMENT/I_DECODER/IP2Bus_Data[7]_i_3_n_0
    SLICE_X111Y115       LUT6 (Prop_D6LUT_SLICEL_I2_O)
                                                      0.099     2.817 r  PYNQ_Design_i/usp_rf_data_converter_0/inst/i_axi_lite_ipif/I_SLAVE_ATTACHMENT/I_DECODER/IP2Bus_Data[7]_i_1/O
                         net (fo=1, routed)           0.049     2.866    PYNQ_Design_i/usp_rf_data_converter_0/inst/i_axi_lite_ipif_n_77
    SLICE_X111Y115       FDRE                                         r  PYNQ_Design_i/usp_rf_data_converter_0/inst/IP2Bus_Data_reg[7]/D
  -------------------------------------------------------------------    -------------------

                         (clock clk_pl_0 rise edge)
                                                      0.000     0.000 r  
    PS8_X0Y0             PS8                          0.000     0.000 r  PYNQ_Design_i/zynq_ultra_ps_e_0/U0/PS8_i/PLCLK[0]
                         net (fo=1, routed)           0.157     0.157    PYNQ_Design_i/zynq_ultra_ps_e_0/U0/pl_clk_unbuffered[0]
    BUFG_PS_X0Y58        BUFG_PS (Prop_BUFG_PS_I_O)
                                                      0.025     0.182 r  PYNQ_Design_i/zynq_ultra_ps_e_0/U0/buffer_pl_clk_0.PL_CLK_0_BUFG/O
    X2Y2 (CLOCK_ROOT)    net (fo=13302, routed)       1.814     1.996    PYNQ_Design_i/usp_rf_data_converter_0/inst/s_axi_aclk
    SLICE_X111Y115       FDRE                                         r  PYNQ_Design_i/usp_rf_data_converter_0/inst/IP2Bus_Data_reg[7]/C

Slack:                    inf
  Source:                 PYNQ_Design_i/usp_rf_data_converter_0/inst/PYNQ_Design_usp_rf_data_converter_0_0_rf_wrapper_i/tx1_u_dac/STATUS_COMMON[3]
                            (internal pin)
  Destination:            PYNQ_Design_i/usp_rf_data_converter_0/inst/IP2Bus_Data_reg[3]/D
                            (rising edge-triggered cell FDRE clocked by clk_pl_0  {rise@0.000ns fall@5.156ns period=10.312ns})
  Path Group:             (none)
  Path Type:              Setup (Max at Slow Process Corner)
  Data Path Delay:        2.856ns  (logic 0.323ns (11.310%)  route 2.533ns (88.690%))
  Logic Levels:           4  (LUT5=1 LUT6=3)
  Clock Uncertainty:      0.157ns  ((TSJ^2 + DJ^2)^1/2) / 2 + PE
    Total System Jitter     (TSJ):    0.050ns
    Discrete Jitter          (DJ):    0.310ns
    Phase Error              (PE):    0.000ns
  Clock Net Delay (Destination): 1.822ns (routing 0.423ns, distribution 1.399ns)

    Location             Delay type                Incr(ns)  Path(ns)    Netlist Resource(s)
  -------------------------------------------------------------------    -------------------
    HSDAC_X0Y1           HSDAC                        0.000     0.000 r  PYNQ_Design_i/usp_rf_data_converter_0/inst/PYNQ_Design_usp_rf_data_converter_0_0_rf_wrapper_i/tx1_u_dac/STATUS_COMMON[3]
                         net (fo=1, routed)           2.060     2.060    PYNQ_Design_i/usp_rf_data_converter_0/inst/i_axi_lite_ipif/I_SLAVE_ATTACHMENT/I_DECODER/dac1_common_stat[3]
    SLICE_X112Y115       LUT5 (Prop_E6LUT_SLICEM_I4_O)
                                                      0.148     2.208 r  PYNQ_Design_i/usp_rf_data_converter_0/inst/i_axi_lite_ipif/I_SLAVE_ATTACHMENT/I_DECODER/IP2Bus_Data[3]_i_32/O
                         net (fo=1, routed)           0.141     2.349    PYNQ_Design_i/usp_rf_data_converter_0/inst/i_axi_lite_ipif/I_SLAVE_ATTACHMENT/I_DECODER/IP2Bus_Data[3]_i_32_n_0
    SLICE_X112Y115       LUT6 (Prop_G6LUT_SLICEM_I3_O)
                                                      0.090     2.439 r  PYNQ_Design_i/usp_rf_data_converter_0/inst/i_axi_lite_ipif/I_SLAVE_ATTACHMENT/I_DECODER/IP2Bus_Data[3]_i_10/O
                         net (fo=1, routed)           0.143     2.582    PYNQ_Design_i/usp_rf_data_converter_0/inst/i_axi_lite_ipif/I_SLAVE_ATTACHMENT/I_DECODER/IP2Bus_Data[3]_i_10_n_0
    SLICE_X111Y117       LUT6 (Prop_G6LUT_SLICEL_I5_O)
                                                      0.035     2.617 r  PYNQ_Design_i/usp_rf_data_converter_0/inst/i_axi_lite_ipif/I_SLAVE_ATTACHMENT/I_DECODER/IP2Bus_Data[3]_i_2/O
                         net (fo=1, routed)           0.140     2.757    PYNQ_Design_i/usp_rf_data_converter_0/inst/i_axi_lite_ipif/I_SLAVE_ATTACHMENT/I_DECODER/IP2Bus_Data[3]_i_2_n_0
    SLICE_X111Y113       LUT6 (Prop_D6LUT_SLICEL_I0_O)
                                                      0.050     2.807 r  PYNQ_Design_i/usp_rf_data_converter_0/inst/i_axi_lite_ipif/I_SLAVE_ATTACHMENT/I_DECODER/IP2Bus_Data[3]_i_1/O
                         net (fo=1, routed)           0.049     2.856    PYNQ_Design_i/usp_rf_data_converter_0/inst/i_axi_lite_ipif_n_81
    SLICE_X111Y113       FDRE                                         r  PYNQ_Design_i/usp_rf_data_converter_0/inst/IP2Bus_Data_reg[3]/D
  -------------------------------------------------------------------    -------------------

                         (clock clk_pl_0 rise edge)
                                                      0.000     0.000 r  
    PS8_X0Y0             PS8                          0.000     0.000 r  PYNQ_Design_i/zynq_ultra_ps_e_0/U0/PS8_i/PLCLK[0]
                         net (fo=1, routed)           0.157     0.157    PYNQ_Design_i/zynq_ultra_ps_e_0/U0/pl_clk_unbuffered[0]
    BUFG_PS_X0Y58        BUFG_PS (Prop_BUFG_PS_I_O)
                                                      0.025     0.182 r  PYNQ_Design_i/zynq_ultra_ps_e_0/U0/buffer_pl_clk_0.PL_CLK_0_BUFG/O
    X2Y2 (CLOCK_ROOT)    net (fo=13302, routed)       1.822     2.004    PYNQ_Design_i/usp_rf_data_converter_0/inst/s_axi_aclk
    SLICE_X111Y113       FDRE                                         r  PYNQ_Design_i/usp_rf_data_converter_0/inst/IP2Bus_Data_reg[3]/C

Slack:                    inf
  Source:                 PYNQ_Design_i/DUT_rec_0/U0/dut_struct/algorithm/mult/comp0.core_instance0/U0/i_mult/gDSP.gDSP_only.iDSP/use_prim.appDSP[0].bppDSP[0].use_dsp.use_dsp48e2.iDSP48E2/DSP_C_DATA_INST/C_DATA[7]
                            (internal pin)
  Destination:            PYNQ_Design_i/DUT_rec_0/U0/dut_struct/algorithm/mult/comp0.core_instance0/U0/i_mult/gDSP.gDSP_only.iDSP/use_prim.appDSP[0].bppDSP[0].need_output_delay.output_delay/d1.dout_i_reg[7]/D
                            (rising edge-triggered cell FDRE clocked by clk_pl_0  {rise@0.000ns fall@5.156ns period=10.312ns})
  Path Group:             (none)
  Path Type:              Setup (Max at Slow Process Corner)
  Data Path Delay:        1.363ns  (logic 0.694ns (50.917%)  route 0.669ns (49.083%))
  Logic Levels:           2  (DSP_ALU=1 DSP_OUTPUT=1)
  Clock Uncertainty:      0.157ns  ((TSJ^2 + DJ^2)^1/2) / 2 + PE
    Total System Jitter     (TSJ):    0.050ns
    Discrete Jitter          (DJ):    0.310ns
    Phase Error              (PE):    0.000ns
  Clock Net Delay (Destination): 1.690ns (routing 0.423ns, distribution 1.267ns)

    Location             Delay type                Incr(ns)  Path(ns)    Netlist Resource(s)
  -------------------------------------------------------------------    -------------------
    DSP48E2_X18Y8        DSP_C_DATA                   0.000     0.000 r  PYNQ_Design_i/DUT_rec_0/U0/dut_struct/algorithm/mult/comp0.core_instance0/U0/i_mult/gDSP.gDSP_only.iDSP/use_prim.appDSP[0].bppDSP[0].use_dsp.use_dsp48e2.iDSP48E2/DSP_C_DATA_INST/C_DATA[7]
                         net (fo=2, routed)           0.000     0.000    PYNQ_Design_i/DUT_rec_0/U0/dut_struct/algorithm/mult/comp0.core_instance0/U0/i_mult/gDSP.gDSP_only.iDSP/use_prim.appDSP[0].bppDSP[0].use_dsp.use_dsp48e2.iDSP48E2/DSP_C_DATA.C_DATA<7>
    DSP48E2_X18Y8        DSP_ALU (Prop_DSP_ALU_DSP48E2_C_DATA[7]_ALU_OUT[7])
                                                      0.585     0.585 f  PYNQ_Design_i/DUT_rec_0/U0/dut_struct/algorithm/mult/comp0.core_instance0/U0/i_mult/gDSP.gDSP_only.iDSP/use_prim.appDSP[0].bppDSP[0].use_dsp.use_dsp48e2.iDSP48E2/DSP_ALU_INST/ALU_OUT[7]
                         net (fo=1, routed)           0.000     0.585    PYNQ_Design_i/DUT_rec_0/U0/dut_struct/algorithm/mult/comp0.core_instance0/U0/i_mult/gDSP.gDSP_only.iDSP/use_prim.appDSP[0].bppDSP[0].use_dsp.use_dsp48e2.iDSP48E2/DSP_ALU.ALU_OUT<7>
    DSP48E2_X18Y8        DSP_OUTPUT (Prop_DSP_OUTPUT_DSP48E2_ALU_OUT[7]_P[7])
                                                      0.109     0.694 r  PYNQ_Design_i/DUT_rec_0/U0/dut_struct/algorithm/mult/comp0.core_instance0/U0/i_mult/gDSP.gDSP_only.iDSP/use_prim.appDSP[0].bppDSP[0].use_dsp.use_dsp48e2.iDSP48E2/DSP_OUTPUT_INST/P[7]
                         net (fo=1, routed)           0.669     1.363    PYNQ_Design_i/DUT_rec_0/U0/dut_struct/algorithm/mult/comp0.core_instance0/U0/i_mult/gDSP.gDSP_only.iDSP/use_prim.appDSP[0].bppDSP[0].need_output_delay.output_delay/d1.dout_i_reg[16]_0[6]
    SLICE_X84Y37         FDRE                                         r  PYNQ_Design_i/DUT_rec_0/U0/dut_struct/algorithm/mult/comp0.core_instance0/U0/i_mult/gDSP.gDSP_only.iDSP/use_prim.appDSP[0].bppDSP[0].need_output_delay.output_delay/d1.dout_i_reg[7]/D
  -------------------------------------------------------------------    -------------------

                         (clock clk_pl_0 rise edge)
                                                      0.000     0.000 r  
    PS8_X0Y0             PS8                          0.000     0.000 r  PYNQ_Design_i/zynq_ultra_ps_e_0/U0/PS8_i/PLCLK[0]
                         net (fo=1, routed)           0.157     0.157    PYNQ_Design_i/zynq_ultra_ps_e_0/U0/pl_clk_unbuffered[0]
    BUFG_PS_X0Y58        BUFG_PS (Prop_BUFG_PS_I_O)
                                                      0.025     0.182 r  PYNQ_Design_i/zynq_ultra_ps_e_0/U0/buffer_pl_clk_0.PL_CLK_0_BUFG/O
    X2Y2 (CLOCK_ROOT)    net (fo=13302, routed)       1.690     1.872    PYNQ_Design_i/DUT_rec_0/U0/dut_struct/algorithm/mult/comp0.core_instance0/U0/i_mult/gDSP.gDSP_only.iDSP/use_prim.appDSP[0].bppDSP[0].need_output_delay.output_delay/CLK
    SLICE_X84Y37         FDRE                                         r  PYNQ_Design_i/DUT_rec_0/U0/dut_struct/algorithm/mult/comp0.core_instance0/U0/i_mult/gDSP.gDSP_only.iDSP/use_prim.appDSP[0].bppDSP[0].need_output_delay.output_delay/d1.dout_i_reg[7]/C

Slack:                    inf
  Source:                 PYNQ_Design_i/DUT_rec_0/U0/dut_struct/algorithm/mult/comp0.core_instance0/U0/i_mult/gDSP.gDSP_only.iDSP/use_prim.appDSP[0].bppDSP[0].use_dsp.use_dsp48e2.iDSP48E2/DSP_C_DATA_INST/C_DATA[16]
                            (internal pin)
  Destination:            PYNQ_Design_i/DUT_rec_0/U0/dut_struct/algorithm/mult/comp0.core_instance0/U0/i_mult/gDSP.gDSP_only.iDSP/use_prim.appDSP[0].bppDSP[0].need_output_delay.output_delay/d1.dout_i_reg[16]/D
                            (rising edge-triggered cell FDRE clocked by clk_pl_0  {rise@0.000ns fall@5.156ns period=10.312ns})
  Path Group:             (none)
  Path Type:              Setup (Max at Slow Process Corner)
  Data Path Delay:        1.347ns  (logic 0.694ns (51.522%)  route 0.653ns (48.478%))
  Logic Levels:           2  (DSP_ALU=1 DSP_OUTPUT=1)
  Clock Uncertainty:      0.157ns  ((TSJ^2 + DJ^2)^1/2) / 2 + PE
    Total System Jitter     (TSJ):    0.050ns
    Discrete Jitter          (DJ):    0.310ns
    Phase Error              (PE):    0.000ns
  Clock Net Delay (Destination): 1.697ns (routing 0.423ns, distribution 1.274ns)

    Location             Delay type                Incr(ns)  Path(ns)    Netlist Resource(s)
  -------------------------------------------------------------------    -------------------
    DSP48E2_X18Y8        DSP_C_DATA                   0.000     0.000 r  PYNQ_Design_i/DUT_rec_0/U0/dut_struct/algorithm/mult/comp0.core_instance0/U0/i_mult/gDSP.gDSP_only.iDSP/use_prim.appDSP[0].bppDSP[0].use_dsp.use_dsp48e2.iDSP48E2/DSP_C_DATA_INST/C_DATA[16]
                         net (fo=2, routed)           0.000     0.000    PYNQ_Design_i/DUT_rec_0/U0/dut_struct/algorithm/mult/comp0.core_instance0/U0/i_mult/gDSP.gDSP_only.iDSP/use_prim.appDSP[0].bppDSP[0].use_dsp.use_dsp48e2.iDSP48E2/DSP_C_DATA.C_DATA<16>
    DSP48E2_X18Y8        DSP_ALU (Prop_DSP_ALU_DSP48E2_C_DATA[16]_ALU_OUT[16])
                                                      0.585     0.585 f  PYNQ_Design_i/DUT_rec_0/U0/dut_struct/algorithm/mult/comp0.core_instance0/U0/i_mult/gDSP.gDSP_only.iDSP/use_prim.appDSP[0].bppDSP[0].use_dsp.use_dsp48e2.iDSP48E2/DSP_ALU_INST/ALU_OUT[16]
                         net (fo=1, routed)           0.000     0.585    PYNQ_Design_i/DUT_rec_0/U0/dut_struct/algorithm/mult/comp0.core_instance0/U0/i_mult/gDSP.gDSP_only.iDSP/use_prim.appDSP[0].bppDSP[0].use_dsp.use_dsp48e2.iDSP48E2/DSP_ALU.ALU_OUT<16>
    DSP48E2_X18Y8        DSP_OUTPUT (Prop_DSP_OUTPUT_DSP48E2_ALU_OUT[16]_P[16])
                                                      0.109     0.694 r  PYNQ_Design_i/DUT_rec_0/U0/dut_struct/algorithm/mult/comp0.core_instance0/U0/i_mult/gDSP.gDSP_only.iDSP/use_prim.appDSP[0].bppDSP[0].use_dsp.use_dsp48e2.iDSP48E2/DSP_OUTPUT_INST/P[16]
                         net (fo=1, routed)           0.653     1.347    PYNQ_Design_i/DUT_rec_0/U0/dut_struct/algorithm/mult/comp0.core_instance0/U0/i_mult/gDSP.gDSP_only.iDSP/use_prim.appDSP[0].bppDSP[0].need_output_delay.output_delay/d1.dout_i_reg[16]_0[15]
    SLICE_X88Y34         FDRE                                         r  PYNQ_Design_i/DUT_rec_0/U0/dut_struct/algorithm/mult/comp0.core_instance0/U0/i_mult/gDSP.gDSP_only.iDSP/use_prim.appDSP[0].bppDSP[0].need_output_delay.output_delay/d1.dout_i_reg[16]/D
  -------------------------------------------------------------------    -------------------

                         (clock clk_pl_0 rise edge)
                                                      0.000     0.000 r  
    PS8_X0Y0             PS8                          0.000     0.000 r  PYNQ_Design_i/zynq_ultra_ps_e_0/U0/PS8_i/PLCLK[0]
                         net (fo=1, routed)           0.157     0.157    PYNQ_Design_i/zynq_ultra_ps_e_0/U0/pl_clk_unbuffered[0]
    BUFG_PS_X0Y58        BUFG_PS (Prop_BUFG_PS_I_O)
                                                      0.025     0.182 r  PYNQ_Design_i/zynq_ultra_ps_e_0/U0/buffer_pl_clk_0.PL_CLK_0_BUFG/O
    X2Y2 (CLOCK_ROOT)    net (fo=13302, routed)       1.697     1.879    PYNQ_Design_i/DUT_rec_0/U0/dut_struct/algorithm/mult/comp0.core_instance0/U0/i_mult/gDSP.gDSP_only.iDSP/use_prim.appDSP[0].bppDSP[0].need_output_delay.output_delay/CLK
    SLICE_X88Y34         FDRE                                         r  PYNQ_Design_i/DUT_rec_0/U0/dut_struct/algorithm/mult/comp0.core_instance0/U0/i_mult/gDSP.gDSP_only.iDSP/use_prim.appDSP[0].bppDSP[0].need_output_delay.output_delay/d1.dout_i_reg[16]/C

Slack:                    inf
  Source:                 PYNQ_Design_i/DUT_rec_0/U0/dut_struct/algorithm/mult/comp0.core_instance0/U0/i_mult/gDSP.gDSP_only.iDSP/use_prim.appDSP[0].bppDSP[0].use_dsp.use_dsp48e2.iDSP48E2/DSP_C_DATA_INST/C_DATA[15]
                            (internal pin)
  Destination:            PYNQ_Design_i/DUT_rec_0/U0/dut_struct/algorithm/mult/comp0.core_instance0/U0/i_mult/gDSP.gDSP_only.iDSP/use_prim.appDSP[0].bppDSP[0].need_output_delay.output_delay/d1.dout_i_reg[15]/D
                            (rising edge-triggered cell FDRE clocked by clk_pl_0  {rise@0.000ns fall@5.156ns period=10.312ns})
  Path Group:             (none)
  Path Type:              Setup (Max at Slow Process Corner)
  Data Path Delay:        1.328ns  (logic 0.694ns (52.259%)  route 0.634ns (47.741%))
  Logic Levels:           2  (DSP_ALU=1 DSP_OUTPUT=1)
  Clock Uncertainty:      0.157ns  ((TSJ^2 + DJ^2)^1/2) / 2 + PE
    Total System Jitter     (TSJ):    0.050ns
    Discrete Jitter          (DJ):    0.310ns
    Phase Error              (PE):    0.000ns
  Clock Net Delay (Destination): 1.697ns (routing 0.423ns, distribution 1.274ns)

    Location             Delay type                Incr(ns)  Path(ns)    Netlist Resource(s)
  -------------------------------------------------------------------    -------------------
    DSP48E2_X18Y8        DSP_C_DATA                   0.000     0.000 r  PYNQ_Design_i/DUT_rec_0/U0/dut_struct/algorithm/mult/comp0.core_instance0/U0/i_mult/gDSP.gDSP_only.iDSP/use_prim.appDSP[0].bppDSP[0].use_dsp.use_dsp48e2.iDSP48E2/DSP_C_DATA_INST/C_DATA[15]
                         net (fo=2, routed)           0.000     0.000    PYNQ_Design_i/DUT_rec_0/U0/dut_struct/algorithm/mult/comp0.core_instance0/U0/i_mult/gDSP.gDSP_only.iDSP/use_prim.appDSP[0].bppDSP[0].use_dsp.use_dsp48e2.iDSP48E2/DSP_C_DATA.C_DATA<15>
    DSP48E2_X18Y8        DSP_ALU (Prop_DSP_ALU_DSP48E2_C_DATA[15]_ALU_OUT[15])
                                                      0.585     0.585 f  PYNQ_Design_i/DUT_rec_0/U0/dut_struct/algorithm/mult/comp0.core_instance0/U0/i_mult/gDSP.gDSP_only.iDSP/use_prim.appDSP[0].bppDSP[0].use_dsp.use_dsp48e2.iDSP48E2/DSP_ALU_INST/ALU_OUT[15]
                         net (fo=1, routed)           0.000     0.585    PYNQ_Design_i/DUT_rec_0/U0/dut_struct/algorithm/mult/comp0.core_instance0/U0/i_mult/gDSP.gDSP_only.iDSP/use_prim.appDSP[0].bppDSP[0].use_dsp.use_dsp48e2.iDSP48E2/DSP_ALU.ALU_OUT<15>
    DSP48E2_X18Y8        DSP_OUTPUT (Prop_DSP_OUTPUT_DSP48E2_ALU_OUT[15]_P[15])
                                                      0.109     0.694 r  PYNQ_Design_i/DUT_rec_0/U0/dut_struct/algorithm/mult/comp0.core_instance0/U0/i_mult/gDSP.gDSP_only.iDSP/use_prim.appDSP[0].bppDSP[0].use_dsp.use_dsp48e2.iDSP48E2/DSP_OUTPUT_INST/P[15]
                         net (fo=1, routed)           0.634     1.328    PYNQ_Design_i/DUT_rec_0/U0/dut_struct/algorithm/mult/comp0.core_instance0/U0/i_mult/gDSP.gDSP_only.iDSP/use_prim.appDSP[0].bppDSP[0].need_output_delay.output_delay/d1.dout_i_reg[16]_0[14]
    SLICE_X88Y34         FDRE                                         r  PYNQ_Design_i/DUT_rec_0/U0/dut_struct/algorithm/mult/comp0.core_instance0/U0/i_mult/gDSP.gDSP_only.iDSP/use_prim.appDSP[0].bppDSP[0].need_output_delay.output_delay/d1.dout_i_reg[15]/D
  -------------------------------------------------------------------    -------------------

                         (clock clk_pl_0 rise edge)
                                                      0.000     0.000 r  
    PS8_X0Y0             PS8                          0.000     0.000 r  PYNQ_Design_i/zynq_ultra_ps_e_0/U0/PS8_i/PLCLK[0]
                         net (fo=1, routed)           0.157     0.157    PYNQ_Design_i/zynq_ultra_ps_e_0/U0/pl_clk_unbuffered[0]
    BUFG_PS_X0Y58        BUFG_PS (Prop_BUFG_PS_I_O)
                                                      0.025     0.182 r  PYNQ_Design_i/zynq_ultra_ps_e_0/U0/buffer_pl_clk_0.PL_CLK_0_BUFG/O
    X2Y2 (CLOCK_ROOT)    net (fo=13302, routed)       1.697     1.879    PYNQ_Design_i/DUT_rec_0/U0/dut_struct/algorithm/mult/comp0.core_instance0/U0/i_mult/gDSP.gDSP_only.iDSP/use_prim.appDSP[0].bppDSP[0].need_output_delay.output_delay/CLK
    SLICE_X88Y34         FDRE                                         r  PYNQ_Design_i/DUT_rec_0/U0/dut_struct/algorithm/mult/comp0.core_instance0/U0/i_mult/gDSP.gDSP_only.iDSP/use_prim.appDSP[0].bppDSP[0].need_output_delay.output_delay/d1.dout_i_reg[15]/C





Min Delay Paths
--------------------------------------------------------------------------------------
Slack:                    inf
  Source:                 PYNQ_Design_i/DUT_rec_0/U0/dut_struct/algorithm/mult/comp0.core_instance0/U0/i_mult/gDSP.gDSP_only.iDSP/use_prim.appDSP[0].bppDSP[0].use_dsp.use_dsp48e2.iDSP48E2/DSP_C_DATA_INST/C_DATA[13]
                            (internal pin)
  Destination:            PYNQ_Design_i/DUT_rec_0/U0/dut_struct/algorithm/mult/comp0.core_instance0/U0/i_mult/gDSP.gDSP_only.iDSP/use_prim.appDSP[0].bppDSP[0].need_output_delay.output_delay/d1.dout_i_reg[13]/D
                            (rising edge-triggered cell FDRE clocked by clk_pl_0  {rise@0.000ns fall@5.156ns period=10.312ns})
  Path Group:             (none)
  Path Type:              Hold (Min at Fast Process Corner)
  Data Path Delay:        0.354ns  (logic 0.132ns (37.288%)  route 0.222ns (62.712%))
  Logic Levels:           2  (DSP_ALU=1 DSP_OUTPUT=1)
  Clock Uncertainty:      0.157ns  ((TSJ^2 + DJ^2)^1/2) / 2 + PE
    Total System Jitter     (TSJ):    0.050ns
    Discrete Jitter          (DJ):    0.310ns
    Phase Error              (PE):    0.000ns
  Clock Net Delay (Destination): 1.190ns (routing 0.282ns, distribution 0.908ns)

    Location             Delay type                Incr(ns)  Path(ns)    Netlist Resource(s)
  -------------------------------------------------------------------    -------------------
    DSP48E2_X18Y8        DSP_C_DATA                   0.000     0.000 r  PYNQ_Design_i/DUT_rec_0/U0/dut_struct/algorithm/mult/comp0.core_instance0/U0/i_mult/gDSP.gDSP_only.iDSP/use_prim.appDSP[0].bppDSP[0].use_dsp.use_dsp48e2.iDSP48E2/DSP_C_DATA_INST/C_DATA[13]
                         net (fo=2, routed)           0.000     0.000    PYNQ_Design_i/DUT_rec_0/U0/dut_struct/algorithm/mult/comp0.core_instance0/U0/i_mult/gDSP.gDSP_only.iDSP/use_prim.appDSP[0].bppDSP[0].use_dsp.use_dsp48e2.iDSP48E2/DSP_C_DATA.C_DATA<13>
    DSP48E2_X18Y8        DSP_ALU (Prop_DSP_ALU_DSP48E2_C_DATA[13]_ALU_OUT[13])
                                                      0.102     0.102 f  PYNQ_Design_i/DUT_rec_0/U0/dut_struct/algorithm/mult/comp0.core_instance0/U0/i_mult/gDSP.gDSP_only.iDSP/use_prim.appDSP[0].bppDSP[0].use_dsp.use_dsp48e2.iDSP48E2/DSP_ALU_INST/ALU_OUT[13]
                         net (fo=1, routed)           0.000     0.102    PYNQ_Design_i/DUT_rec_0/U0/dut_struct/algorithm/mult/comp0.core_instance0/U0/i_mult/gDSP.gDSP_only.iDSP/use_prim.appDSP[0].bppDSP[0].use_dsp.use_dsp48e2.iDSP48E2/DSP_ALU.ALU_OUT<13>
    DSP48E2_X18Y8        DSP_OUTPUT (Prop_DSP_OUTPUT_DSP48E2_ALU_OUT[13]_P[13])
                                                      0.030     0.132 r  PYNQ_Design_i/DUT_rec_0/U0/dut_struct/algorithm/mult/comp0.core_instance0/U0/i_mult/gDSP.gDSP_only.iDSP/use_prim.appDSP[0].bppDSP[0].use_dsp.use_dsp48e2.iDSP48E2/DSP_OUTPUT_INST/P[13]
                         net (fo=1, routed)           0.222     0.354    PYNQ_Design_i/DUT_rec_0/U0/dut_struct/algorithm/mult/comp0.core_instance0/U0/i_mult/gDSP.gDSP_only.iDSP/use_prim.appDSP[0].bppDSP[0].need_output_delay.output_delay/d1.dout_i_reg[16]_0[12]
    SLICE_X88Y34         FDRE                                         r  PYNQ_Design_i/DUT_rec_0/U0/dut_struct/algorithm/mult/comp0.core_instance0/U0/i_mult/gDSP.gDSP_only.iDSP/use_prim.appDSP[0].bppDSP[0].need_output_delay.output_delay/d1.dout_i_reg[13]/D
  -------------------------------------------------------------------    -------------------

                         (clock clk_pl_0 rise edge)
                                                      0.000     0.000 r  
    PS8_X0Y0             PS8                          0.000     0.000 r  PYNQ_Design_i/zynq_ultra_ps_e_0/U0/PS8_i/PLCLK[0]
                         net (fo=1, routed)           0.129     0.129    PYNQ_Design_i/zynq_ultra_ps_e_0/U0/pl_clk_unbuffered[0]
    BUFG_PS_X0Y58        BUFG_PS (Prop_BUFG_PS_I_O)
                                                      0.018     0.147 r  PYNQ_Design_i/zynq_ultra_ps_e_0/U0/buffer_pl_clk_0.PL_CLK_0_BUFG/O
    X2Y2 (CLOCK_ROOT)    net (fo=13302, routed)       1.190     1.337    PYNQ_Design_i/DUT_rec_0/U0/dut_struct/algorithm/mult/comp0.core_instance0/U0/i_mult/gDSP.gDSP_only.iDSP/use_prim.appDSP[0].bppDSP[0].need_output_delay.output_delay/CLK
    SLICE_X88Y34         FDRE                                         r  PYNQ_Design_i/DUT_rec_0/U0/dut_struct/algorithm/mult/comp0.core_instance0/U0/i_mult/gDSP.gDSP_only.iDSP/use_prim.appDSP[0].bppDSP[0].need_output_delay.output_delay/d1.dout_i_reg[13]/C

Slack:                    inf
  Source:                 PYNQ_Design_i/DUT_rec_0/U0/dut_struct/algorithm/mult/comp0.core_instance0/U0/i_mult/gDSP.gDSP_only.iDSP/use_prim.appDSP[0].bppDSP[0].use_dsp.use_dsp48e2.iDSP48E2/DSP_C_DATA_INST/C_DATA[12]
                            (internal pin)
  Destination:            PYNQ_Design_i/DUT_rec_0/U0/dut_struct/algorithm/mult/comp0.core_instance0/U0/i_mult/gDSP.gDSP_only.iDSP/use_prim.appDSP[0].bppDSP[0].need_output_delay.output_delay/d1.dout_i_reg[12]/D
                            (rising edge-triggered cell FDRE clocked by clk_pl_0  {rise@0.000ns fall@5.156ns period=10.312ns})
  Path Group:             (none)
  Path Type:              Hold (Min at Fast Process Corner)
  Data Path Delay:        0.359ns  (logic 0.132ns (36.769%)  route 0.227ns (63.231%))
  Logic Levels:           2  (DSP_ALU=1 DSP_OUTPUT=1)
  Clock Uncertainty:      0.157ns  ((TSJ^2 + DJ^2)^1/2) / 2 + PE
    Total System Jitter     (TSJ):    0.050ns
    Discrete Jitter          (DJ):    0.310ns
    Phase Error              (PE):    0.000ns
  Clock Net Delay (Destination): 1.199ns (routing 0.282ns, distribution 0.917ns)

    Location             Delay type                Incr(ns)  Path(ns)    Netlist Resource(s)
  -------------------------------------------------------------------    -------------------
    DSP48E2_X18Y8        DSP_C_DATA                   0.000     0.000 r  PYNQ_Design_i/DUT_rec_0/U0/dut_struct/algorithm/mult/comp0.core_instance0/U0/i_mult/gDSP.gDSP_only.iDSP/use_prim.appDSP[0].bppDSP[0].use_dsp.use_dsp48e2.iDSP48E2/DSP_C_DATA_INST/C_DATA[12]
                         net (fo=2, routed)           0.000     0.000    PYNQ_Design_i/DUT_rec_0/U0/dut_struct/algorithm/mult/comp0.core_instance0/U0/i_mult/gDSP.gDSP_only.iDSP/use_prim.appDSP[0].bppDSP[0].use_dsp.use_dsp48e2.iDSP48E2/DSP_C_DATA.C_DATA<12>
    DSP48E2_X18Y8        DSP_ALU (Prop_DSP_ALU_DSP48E2_C_DATA[12]_ALU_OUT[12])
                                                      0.102     0.102 f  PYNQ_Design_i/DUT_rec_0/U0/dut_struct/algorithm/mult/comp0.core_instance0/U0/i_mult/gDSP.gDSP_only.iDSP/use_prim.appDSP[0].bppDSP[0].use_dsp.use_dsp48e2.iDSP48E2/DSP_ALU_INST/ALU_OUT[12]
                         net (fo=1, routed)           0.000     0.102    PYNQ_Design_i/DUT_rec_0/U0/dut_struct/algorithm/mult/comp0.core_instance0/U0/i_mult/gDSP.gDSP_only.iDSP/use_prim.appDSP[0].bppDSP[0].use_dsp.use_dsp48e2.iDSP48E2/DSP_ALU.ALU_OUT<12>
    DSP48E2_X18Y8        DSP_OUTPUT (Prop_DSP_OUTPUT_DSP48E2_ALU_OUT[12]_P[12])
                                                      0.030     0.132 r  PYNQ_Design_i/DUT_rec_0/U0/dut_struct/algorithm/mult/comp0.core_instance0/U0/i_mult/gDSP.gDSP_only.iDSP/use_prim.appDSP[0].bppDSP[0].use_dsp.use_dsp48e2.iDSP48E2/DSP_OUTPUT_INST/P[12]
                         net (fo=1, routed)           0.227     0.359    PYNQ_Design_i/DUT_rec_0/U0/dut_struct/algorithm/mult/comp0.core_instance0/U0/i_mult/gDSP.gDSP_only.iDSP/use_prim.appDSP[0].bppDSP[0].need_output_delay.output_delay/d1.dout_i_reg[16]_0[11]
    SLICE_X89Y27         FDRE                                         r  PYNQ_Design_i/DUT_rec_0/U0/dut_struct/algorithm/mult/comp0.core_instance0/U0/i_mult/gDSP.gDSP_only.iDSP/use_prim.appDSP[0].bppDSP[0].need_output_delay.output_delay/d1.dout_i_reg[12]/D
  -------------------------------------------------------------------    -------------------

                         (clock clk_pl_0 rise edge)
                                                      0.000     0.000 r  
    PS8_X0Y0             PS8                          0.000     0.000 r  PYNQ_Design_i/zynq_ultra_ps_e_0/U0/PS8_i/PLCLK[0]
                         net (fo=1, routed)           0.129     0.129    PYNQ_Design_i/zynq_ultra_ps_e_0/U0/pl_clk_unbuffered[0]
    BUFG_PS_X0Y58        BUFG_PS (Prop_BUFG_PS_I_O)
                                                      0.018     0.147 r  PYNQ_Design_i/zynq_ultra_ps_e_0/U0/buffer_pl_clk_0.PL_CLK_0_BUFG/O
    X2Y2 (CLOCK_ROOT)    net (fo=13302, routed)       1.199     1.346    PYNQ_Design_i/DUT_rec_0/U0/dut_struct/algorithm/mult/comp0.core_instance0/U0/i_mult/gDSP.gDSP_only.iDSP/use_prim.appDSP[0].bppDSP[0].need_output_delay.output_delay/CLK
    SLICE_X89Y27         FDRE                                         r  PYNQ_Design_i/DUT_rec_0/U0/dut_struct/algorithm/mult/comp0.core_instance0/U0/i_mult/gDSP.gDSP_only.iDSP/use_prim.appDSP[0].bppDSP[0].need_output_delay.output_delay/d1.dout_i_reg[12]/C

Slack:                    inf
  Source:                 PYNQ_Design_i/DUT_rec_0/U0/dut_struct/algorithm/mult/comp0.core_instance0/U0/i_mult/gDSP.gDSP_only.iDSP/use_prim.appDSP[0].bppDSP[0].use_dsp.use_dsp48e2.iDSP48E2/DSP_C_DATA_INST/C_DATA[8]
                            (internal pin)
  Destination:            PYNQ_Design_i/DUT_rec_0/U0/dut_struct/algorithm/mult/comp0.core_instance0/U0/i_mult/gDSP.gDSP_only.iDSP/use_prim.appDSP[0].bppDSP[0].need_output_delay.output_delay/d1.dout_i_reg[8]/D
                            (rising edge-triggered cell FDRE clocked by clk_pl_0  {rise@0.000ns fall@5.156ns period=10.312ns})
  Path Group:             (none)
  Path Type:              Hold (Min at Fast Process Corner)
  Data Path Delay:        0.360ns  (logic 0.132ns (36.667%)  route 0.228ns (63.333%))
  Logic Levels:           2  (DSP_ALU=1 DSP_OUTPUT=1)
  Clock Uncertainty:      0.157ns  ((TSJ^2 + DJ^2)^1/2) / 2 + PE
    Total System Jitter     (TSJ):    0.050ns
    Discrete Jitter          (DJ):    0.310ns
    Phase Error              (PE):    0.000ns
  Clock Net Delay (Destination): 1.200ns (routing 0.282ns, distribution 0.918ns)

    Location             Delay type                Incr(ns)  Path(ns)    Netlist Resource(s)
  -------------------------------------------------------------------    -------------------
    DSP48E2_X18Y8        DSP_C_DATA                   0.000     0.000 r  PYNQ_Design_i/DUT_rec_0/U0/dut_struct/algorithm/mult/comp0.core_instance0/U0/i_mult/gDSP.gDSP_only.iDSP/use_prim.appDSP[0].bppDSP[0].use_dsp.use_dsp48e2.iDSP48E2/DSP_C_DATA_INST/C_DATA[8]
                         net (fo=2, routed)           0.000     0.000    PYNQ_Design_i/DUT_rec_0/U0/dut_struct/algorithm/mult/comp0.core_instance0/U0/i_mult/gDSP.gDSP_only.iDSP/use_prim.appDSP[0].bppDSP[0].use_dsp.use_dsp48e2.iDSP48E2/DSP_C_DATA.C_DATA<8>
    DSP48E2_X18Y8        DSP_ALU (Prop_DSP_ALU_DSP48E2_C_DATA[8]_ALU_OUT[8])
                                                      0.102     0.102 f  PYNQ_Design_i/DUT_rec_0/U0/dut_struct/algorithm/mult/comp0.core_instance0/U0/i_mult/gDSP.gDSP_only.iDSP/use_prim.appDSP[0].bppDSP[0].use_dsp.use_dsp48e2.iDSP48E2/DSP_ALU_INST/ALU_OUT[8]
                         net (fo=1, routed)           0.000     0.102    PYNQ_Design_i/DUT_rec_0/U0/dut_struct/algorithm/mult/comp0.core_instance0/U0/i_mult/gDSP.gDSP_only.iDSP/use_prim.appDSP[0].bppDSP[0].use_dsp.use_dsp48e2.iDSP48E2/DSP_ALU.ALU_OUT<8>
    DSP48E2_X18Y8        DSP_OUTPUT (Prop_DSP_OUTPUT_DSP48E2_ALU_OUT[8]_P[8])
                                                      0.030     0.132 r  PYNQ_Design_i/DUT_rec_0/U0/dut_struct/algorithm/mult/comp0.core_instance0/U0/i_mult/gDSP.gDSP_only.iDSP/use_prim.appDSP[0].bppDSP[0].use_dsp.use_dsp48e2.iDSP48E2/DSP_OUTPUT_INST/P[8]
                         net (fo=1, routed)           0.228     0.360    PYNQ_Design_i/DUT_rec_0/U0/dut_struct/algorithm/mult/comp0.core_instance0/U0/i_mult/gDSP.gDSP_only.iDSP/use_prim.appDSP[0].bppDSP[0].need_output_delay.output_delay/d1.dout_i_reg[16]_0[7]
    SLICE_X89Y27         FDRE                                         r  PYNQ_Design_i/DUT_rec_0/U0/dut_struct/algorithm/mult/comp0.core_instance0/U0/i_mult/gDSP.gDSP_only.iDSP/use_prim.appDSP[0].bppDSP[0].need_output_delay.output_delay/d1.dout_i_reg[8]/D
  -------------------------------------------------------------------    -------------------

                         (clock clk_pl_0 rise edge)
                                                      0.000     0.000 r  
    PS8_X0Y0             PS8                          0.000     0.000 r  PYNQ_Design_i/zynq_ultra_ps_e_0/U0/PS8_i/PLCLK[0]
                         net (fo=1, routed)           0.129     0.129    PYNQ_Design_i/zynq_ultra_ps_e_0/U0/pl_clk_unbuffered[0]
    BUFG_PS_X0Y58        BUFG_PS (Prop_BUFG_PS_I_O)
                                                      0.018     0.147 r  PYNQ_Design_i/zynq_ultra_ps_e_0/U0/buffer_pl_clk_0.PL_CLK_0_BUFG/O
    X2Y2 (CLOCK_ROOT)    net (fo=13302, routed)       1.200     1.347    PYNQ_Design_i/DUT_rec_0/U0/dut_struct/algorithm/mult/comp0.core_instance0/U0/i_mult/gDSP.gDSP_only.iDSP/use_prim.appDSP[0].bppDSP[0].need_output_delay.output_delay/CLK
    SLICE_X89Y27         FDRE                                         r  PYNQ_Design_i/DUT_rec_0/U0/dut_struct/algorithm/mult/comp0.core_instance0/U0/i_mult/gDSP.gDSP_only.iDSP/use_prim.appDSP[0].bppDSP[0].need_output_delay.output_delay/d1.dout_i_reg[8]/C

Slack:                    inf
  Source:                 PYNQ_Design_i/DUT_rec_0/U0/dut_struct/algorithm/mult/comp0.core_instance0/U0/i_mult/gDSP.gDSP_only.iDSP/use_prim.appDSP[0].bppDSP[0].use_dsp.use_dsp48e2.iDSP48E2/DSP_C_DATA_INST/C_DATA[10]
                            (internal pin)
  Destination:            PYNQ_Design_i/DUT_rec_0/U0/dut_struct/algorithm/mult/comp0.core_instance0/U0/i_mult/gDSP.gDSP_only.iDSP/use_prim.appDSP[0].bppDSP[0].need_output_delay.output_delay/d1.dout_i_reg[10]/D
                            (rising edge-triggered cell FDRE clocked by clk_pl_0  {rise@0.000ns fall@5.156ns period=10.312ns})
  Path Group:             (none)
  Path Type:              Hold (Min at Fast Process Corner)
  Data Path Delay:        0.368ns  (logic 0.132ns (35.870%)  route 0.236ns (64.130%))
  Logic Levels:           2  (DSP_ALU=1 DSP_OUTPUT=1)
  Clock Uncertainty:      0.157ns  ((TSJ^2 + DJ^2)^1/2) / 2 + PE
    Total System Jitter     (TSJ):    0.050ns
    Discrete Jitter          (DJ):    0.310ns
    Phase Error              (PE):    0.000ns
  Clock Net Delay (Destination): 1.199ns (routing 0.282ns, distribution 0.917ns)

    Location             Delay type                Incr(ns)  Path(ns)    Netlist Resource(s)
  -------------------------------------------------------------------    -------------------
    DSP48E2_X18Y8        DSP_C_DATA                   0.000     0.000 r  PYNQ_Design_i/DUT_rec_0/U0/dut_struct/algorithm/mult/comp0.core_instance0/U0/i_mult/gDSP.gDSP_only.iDSP/use_prim.appDSP[0].bppDSP[0].use_dsp.use_dsp48e2.iDSP48E2/DSP_C_DATA_INST/C_DATA[10]
                         net (fo=2, routed)           0.000     0.000    PYNQ_Design_i/DUT_rec_0/U0/dut_struct/algorithm/mult/comp0.core_instance0/U0/i_mult/gDSP.gDSP_only.iDSP/use_prim.appDSP[0].bppDSP[0].use_dsp.use_dsp48e2.iDSP48E2/DSP_C_DATA.C_DATA<10>
    DSP48E2_X18Y8        DSP_ALU (Prop_DSP_ALU_DSP48E2_C_DATA[10]_ALU_OUT[10])
                                                      0.102     0.102 f  PYNQ_Design_i/DUT_rec_0/U0/dut_struct/algorithm/mult/comp0.core_instance0/U0/i_mult/gDSP.gDSP_only.iDSP/use_prim.appDSP[0].bppDSP[0].use_dsp.use_dsp48e2.iDSP48E2/DSP_ALU_INST/ALU_OUT[10]
                         net (fo=1, routed)           0.000     0.102    PYNQ_Design_i/DUT_rec_0/U0/dut_struct/algorithm/mult/comp0.core_instance0/U0/i_mult/gDSP.gDSP_only.iDSP/use_prim.appDSP[0].bppDSP[0].use_dsp.use_dsp48e2.iDSP48E2/DSP_ALU.ALU_OUT<10>
    DSP48E2_X18Y8        DSP_OUTPUT (Prop_DSP_OUTPUT_DSP48E2_ALU_OUT[10]_P[10])
                                                      0.030     0.132 r  PYNQ_Design_i/DUT_rec_0/U0/dut_struct/algorithm/mult/comp0.core_instance0/U0/i_mult/gDSP.gDSP_only.iDSP/use_prim.appDSP[0].bppDSP[0].use_dsp.use_dsp48e2.iDSP48E2/DSP_OUTPUT_INST/P[10]
                         net (fo=1, routed)           0.236     0.368    PYNQ_Design_i/DUT_rec_0/U0/dut_struct/algorithm/mult/comp0.core_instance0/U0/i_mult/gDSP.gDSP_only.iDSP/use_prim.appDSP[0].bppDSP[0].need_output_delay.output_delay/d1.dout_i_reg[16]_0[9]
    SLICE_X89Y27         FDRE                                         r  PYNQ_Design_i/DUT_rec_0/U0/dut_struct/algorithm/mult/comp0.core_instance0/U0/i_mult/gDSP.gDSP_only.iDSP/use_prim.appDSP[0].bppDSP[0].need_output_delay.output_delay/d1.dout_i_reg[10]/D
  -------------------------------------------------------------------    -------------------

                         (clock clk_pl_0 rise edge)
                                                      0.000     0.000 r  
    PS8_X0Y0             PS8                          0.000     0.000 r  PYNQ_Design_i/zynq_ultra_ps_e_0/U0/PS8_i/PLCLK[0]
                         net (fo=1, routed)           0.129     0.129    PYNQ_Design_i/zynq_ultra_ps_e_0/U0/pl_clk_unbuffered[0]
    BUFG_PS_X0Y58        BUFG_PS (Prop_BUFG_PS_I_O)
                                                      0.018     0.147 r  PYNQ_Design_i/zynq_ultra_ps_e_0/U0/buffer_pl_clk_0.PL_CLK_0_BUFG/O
    X2Y2 (CLOCK_ROOT)    net (fo=13302, routed)       1.199     1.346    PYNQ_Design_i/DUT_rec_0/U0/dut_struct/algorithm/mult/comp0.core_instance0/U0/i_mult/gDSP.gDSP_only.iDSP/use_prim.appDSP[0].bppDSP[0].need_output_delay.output_delay/CLK
    SLICE_X89Y27         FDRE                                         r  PYNQ_Design_i/DUT_rec_0/U0/dut_struct/algorithm/mult/comp0.core_instance0/U0/i_mult/gDSP.gDSP_only.iDSP/use_prim.appDSP[0].bppDSP[0].need_output_delay.output_delay/d1.dout_i_reg[10]/C

Slack:                    inf
  Source:                 PYNQ_Design_i/DUT_rec_0/U0/dut_struct/algorithm/mult/comp0.core_instance0/U0/i_mult/gDSP.gDSP_only.iDSP/use_prim.appDSP[0].bppDSP[0].use_dsp.use_dsp48e2.iDSP48E2/DSP_C_DATA_INST/C_DATA[14]
                            (internal pin)
  Destination:            PYNQ_Design_i/DUT_rec_0/U0/dut_struct/algorithm/mult/comp0.core_instance0/U0/i_mult/gDSP.gDSP_only.iDSP/use_prim.appDSP[0].bppDSP[0].need_output_delay.output_delay/d1.dout_i_reg[14]/D
                            (rising edge-triggered cell FDRE clocked by clk_pl_0  {rise@0.000ns fall@5.156ns period=10.312ns})
  Path Group:             (none)
  Path Type:              Hold (Min at Fast Process Corner)
  Data Path Delay:        0.369ns  (logic 0.132ns (35.772%)  route 0.237ns (64.228%))
  Logic Levels:           2  (DSP_ALU=1 DSP_OUTPUT=1)
  Clock Uncertainty:      0.157ns  ((TSJ^2 + DJ^2)^1/2) / 2 + PE
    Total System Jitter     (TSJ):    0.050ns
    Discrete Jitter          (DJ):    0.310ns
    Phase Error              (PE):    0.000ns
  Clock Net Delay (Destination): 1.199ns (routing 0.282ns, distribution 0.917ns)

    Location             Delay type                Incr(ns)  Path(ns)    Netlist Resource(s)
  -------------------------------------------------------------------    -------------------
    DSP48E2_X18Y8        DSP_C_DATA                   0.000     0.000 r  PYNQ_Design_i/DUT_rec_0/U0/dut_struct/algorithm/mult/comp0.core_instance0/U0/i_mult/gDSP.gDSP_only.iDSP/use_prim.appDSP[0].bppDSP[0].use_dsp.use_dsp48e2.iDSP48E2/DSP_C_DATA_INST/C_DATA[14]
                         net (fo=2, routed)           0.000     0.000    PYNQ_Design_i/DUT_rec_0/U0/dut_struct/algorithm/mult/comp0.core_instance0/U0/i_mult/gDSP.gDSP_only.iDSP/use_prim.appDSP[0].bppDSP[0].use_dsp.use_dsp48e2.iDSP48E2/DSP_C_DATA.C_DATA<14>
    DSP48E2_X18Y8        DSP_ALU (Prop_DSP_ALU_DSP48E2_C_DATA[14]_ALU_OUT[14])
                                                      0.102     0.102 f  PYNQ_Design_i/DUT_rec_0/U0/dut_struct/algorithm/mult/comp0.core_instance0/U0/i_mult/gDSP.gDSP_only.iDSP/use_prim.appDSP[0].bppDSP[0].use_dsp.use_dsp48e2.iDSP48E2/DSP_ALU_INST/ALU_OUT[14]
                         net (fo=1, routed)           0.000     0.102    PYNQ_Design_i/DUT_rec_0/U0/dut_struct/algorithm/mult/comp0.core_instance0/U0/i_mult/gDSP.gDSP_only.iDSP/use_prim.appDSP[0].bppDSP[0].use_dsp.use_dsp48e2.iDSP48E2/DSP_ALU.ALU_OUT<14>
    DSP48E2_X18Y8        DSP_OUTPUT (Prop_DSP_OUTPUT_DSP48E2_ALU_OUT[14]_P[14])
                                                      0.030     0.132 r  PYNQ_Design_i/DUT_rec_0/U0/dut_struct/algorithm/mult/comp0.core_instance0/U0/i_mult/gDSP.gDSP_only.iDSP/use_prim.appDSP[0].bppDSP[0].use_dsp.use_dsp48e2.iDSP48E2/DSP_OUTPUT_INST/P[14]
                         net (fo=1, routed)           0.237     0.369    PYNQ_Design_i/DUT_rec_0/U0/dut_struct/algorithm/mult/comp0.core_instance0/U0/i_mult/gDSP.gDSP_only.iDSP/use_prim.appDSP[0].bppDSP[0].need_output_delay.output_delay/d1.dout_i_reg[16]_0[13]
    SLICE_X89Y27         FDRE                                         r  PYNQ_Design_i/DUT_rec_0/U0/dut_struct/algorithm/mult/comp0.core_instance0/U0/i_mult/gDSP.gDSP_only.iDSP/use_prim.appDSP[0].bppDSP[0].need_output_delay.output_delay/d1.dout_i_reg[14]/D
  -------------------------------------------------------------------    -------------------

                         (clock clk_pl_0 rise edge)
                                                      0.000     0.000 r  
    PS8_X0Y0             PS8                          0.000     0.000 r  PYNQ_Design_i/zynq_ultra_ps_e_0/U0/PS8_i/PLCLK[0]
                         net (fo=1, routed)           0.129     0.129    PYNQ_Design_i/zynq_ultra_ps_e_0/U0/pl_clk_unbuffered[0]
    BUFG_PS_X0Y58        BUFG_PS (Prop_BUFG_PS_I_O)
                                                      0.018     0.147 r  PYNQ_Design_i/zynq_ultra_ps_e_0/U0/buffer_pl_clk_0.PL_CLK_0_BUFG/O
    X2Y2 (CLOCK_ROOT)    net (fo=13302, routed)       1.199     1.346    PYNQ_Design_i/DUT_rec_0/U0/dut_struct/algorithm/mult/comp0.core_instance0/U0/i_mult/gDSP.gDSP_only.iDSP/use_prim.appDSP[0].bppDSP[0].need_output_delay.output_delay/CLK
    SLICE_X89Y27         FDRE                                         r  PYNQ_Design_i/DUT_rec_0/U0/dut_struct/algorithm/mult/comp0.core_instance0/U0/i_mult/gDSP.gDSP_only.iDSP/use_prim.appDSP[0].bppDSP[0].need_output_delay.output_delay/d1.dout_i_reg[14]/C

Slack:                    inf
  Source:                 PYNQ_Design_i/DUT_rec_0/U0/dut_struct/algorithm/mult/comp0.core_instance0/U0/i_mult/gDSP.gDSP_only.iDSP/use_prim.appDSP[0].bppDSP[0].use_dsp.use_dsp48e2.iDSP48E2/DSP_C_DATA_INST/C_DATA[6]
                            (internal pin)
  Destination:            PYNQ_Design_i/DUT_rec_0/U0/dut_struct/algorithm/mult/comp0.core_instance0/U0/i_mult/gDSP.gDSP_only.iDSP/use_prim.appDSP[0].bppDSP[0].need_output_delay.output_delay/d1.dout_i_reg[6]/D
                            (rising edge-triggered cell FDRE clocked by clk_pl_0  {rise@0.000ns fall@5.156ns period=10.312ns})
  Path Group:             (none)
  Path Type:              Hold (Min at Fast Process Corner)
  Data Path Delay:        0.370ns  (logic 0.132ns (35.676%)  route 0.238ns (64.324%))
  Logic Levels:           2  (DSP_ALU=1 DSP_OUTPUT=1)
  Clock Uncertainty:      0.157ns  ((TSJ^2 + DJ^2)^1/2) / 2 + PE
    Total System Jitter     (TSJ):    0.050ns
    Discrete Jitter          (DJ):    0.310ns
    Phase Error              (PE):    0.000ns
  Clock Net Delay (Destination): 1.200ns (routing 0.282ns, distribution 0.918ns)

    Location             Delay type                Incr(ns)  Path(ns)    Netlist Resource(s)
  -------------------------------------------------------------------    -------------------
    DSP48E2_X18Y8        DSP_C_DATA                   0.000     0.000 r  PYNQ_Design_i/DUT_rec_0/U0/dut_struct/algorithm/mult/comp0.core_instance0/U0/i_mult/gDSP.gDSP_only.iDSP/use_prim.appDSP[0].bppDSP[0].use_dsp.use_dsp48e2.iDSP48E2/DSP_C_DATA_INST/C_DATA[6]
                         net (fo=2, routed)           0.000     0.000    PYNQ_Design_i/DUT_rec_0/U0/dut_struct/algorithm/mult/comp0.core_instance0/U0/i_mult/gDSP.gDSP_only.iDSP/use_prim.appDSP[0].bppDSP[0].use_dsp.use_dsp48e2.iDSP48E2/DSP_C_DATA.C_DATA<6>
    DSP48E2_X18Y8        DSP_ALU (Prop_DSP_ALU_DSP48E2_C_DATA[6]_ALU_OUT[6])
                                                      0.102     0.102 f  PYNQ_Design_i/DUT_rec_0/U0/dut_struct/algorithm/mult/comp0.core_instance0/U0/i_mult/gDSP.gDSP_only.iDSP/use_prim.appDSP[0].bppDSP[0].use_dsp.use_dsp48e2.iDSP48E2/DSP_ALU_INST/ALU_OUT[6]
                         net (fo=1, routed)           0.000     0.102    PYNQ_Design_i/DUT_rec_0/U0/dut_struct/algorithm/mult/comp0.core_instance0/U0/i_mult/gDSP.gDSP_only.iDSP/use_prim.appDSP[0].bppDSP[0].use_dsp.use_dsp48e2.iDSP48E2/DSP_ALU.ALU_OUT<6>
    DSP48E2_X18Y8        DSP_OUTPUT (Prop_DSP_OUTPUT_DSP48E2_ALU_OUT[6]_P[6])
                                                      0.030     0.132 r  PYNQ_Design_i/DUT_rec_0/U0/dut_struct/algorithm/mult/comp0.core_instance0/U0/i_mult/gDSP.gDSP_only.iDSP/use_prim.appDSP[0].bppDSP[0].use_dsp.use_dsp48e2.iDSP48E2/DSP_OUTPUT_INST/P[6]
                         net (fo=1, routed)           0.238     0.370    PYNQ_Design_i/DUT_rec_0/U0/dut_struct/algorithm/mult/comp0.core_instance0/U0/i_mult/gDSP.gDSP_only.iDSP/use_prim.appDSP[0].bppDSP[0].need_output_delay.output_delay/d1.dout_i_reg[16]_0[5]
    SLICE_X89Y27         FDRE                                         r  PYNQ_Design_i/DUT_rec_0/U0/dut_struct/algorithm/mult/comp0.core_instance0/U0/i_mult/gDSP.gDSP_only.iDSP/use_prim.appDSP[0].bppDSP[0].need_output_delay.output_delay/d1.dout_i_reg[6]/D
  -------------------------------------------------------------------    -------------------

                         (clock clk_pl_0 rise edge)
                                                      0.000     0.000 r  
    PS8_X0Y0             PS8                          0.000     0.000 r  PYNQ_Design_i/zynq_ultra_ps_e_0/U0/PS8_i/PLCLK[0]
                         net (fo=1, routed)           0.129     0.129    PYNQ_Design_i/zynq_ultra_ps_e_0/U0/pl_clk_unbuffered[0]
    BUFG_PS_X0Y58        BUFG_PS (Prop_BUFG_PS_I_O)
                                                      0.018     0.147 r  PYNQ_Design_i/zynq_ultra_ps_e_0/U0/buffer_pl_clk_0.PL_CLK_0_BUFG/O
    X2Y2 (CLOCK_ROOT)    net (fo=13302, routed)       1.200     1.347    PYNQ_Design_i/DUT_rec_0/U0/dut_struct/algorithm/mult/comp0.core_instance0/U0/i_mult/gDSP.gDSP_only.iDSP/use_prim.appDSP[0].bppDSP[0].need_output_delay.output_delay/CLK
    SLICE_X89Y27         FDRE                                         r  PYNQ_Design_i/DUT_rec_0/U0/dut_struct/algorithm/mult/comp0.core_instance0/U0/i_mult/gDSP.gDSP_only.iDSP/use_prim.appDSP[0].bppDSP[0].need_output_delay.output_delay/d1.dout_i_reg[6]/C

Slack:                    inf
  Source:                 PYNQ_Design_i/DUT_rec_0/U0/dut_struct/algorithm/mult/comp0.core_instance0/U0/i_mult/gDSP.gDSP_only.iDSP/use_prim.appDSP[0].bppDSP[0].use_dsp.use_dsp48e2.iDSP48E2/DSP_C_DATA_INST/C_DATA[9]
                            (internal pin)
  Destination:            PYNQ_Design_i/DUT_rec_0/U0/dut_struct/algorithm/mult/comp0.core_instance0/U0/i_mult/gDSP.gDSP_only.iDSP/use_prim.appDSP[0].bppDSP[0].need_output_delay.output_delay/d1.dout_i_reg[9]/D
                            (rising edge-triggered cell FDRE clocked by clk_pl_0  {rise@0.000ns fall@5.156ns period=10.312ns})
  Path Group:             (none)
  Path Type:              Hold (Min at Fast Process Corner)
  Data Path Delay:        0.370ns  (logic 0.132ns (35.676%)  route 0.238ns (64.324%))
  Logic Levels:           2  (DSP_ALU=1 DSP_OUTPUT=1)
  Clock Uncertainty:      0.157ns  ((TSJ^2 + DJ^2)^1/2) / 2 + PE
    Total System Jitter     (TSJ):    0.050ns
    Discrete Jitter          (DJ):    0.310ns
    Phase Error              (PE):    0.000ns
  Clock Net Delay (Destination): 1.200ns (routing 0.282ns, distribution 0.918ns)

    Location             Delay type                Incr(ns)  Path(ns)    Netlist Resource(s)
  -------------------------------------------------------------------    -------------------
    DSP48E2_X18Y8        DSP_C_DATA                   0.000     0.000 r  PYNQ_Design_i/DUT_rec_0/U0/dut_struct/algorithm/mult/comp0.core_instance0/U0/i_mult/gDSP.gDSP_only.iDSP/use_prim.appDSP[0].bppDSP[0].use_dsp.use_dsp48e2.iDSP48E2/DSP_C_DATA_INST/C_DATA[9]
                         net (fo=2, routed)           0.000     0.000    PYNQ_Design_i/DUT_rec_0/U0/dut_struct/algorithm/mult/comp0.core_instance0/U0/i_mult/gDSP.gDSP_only.iDSP/use_prim.appDSP[0].bppDSP[0].use_dsp.use_dsp48e2.iDSP48E2/DSP_C_DATA.C_DATA<9>
    DSP48E2_X18Y8        DSP_ALU (Prop_DSP_ALU_DSP48E2_C_DATA[9]_ALU_OUT[9])
                                                      0.102     0.102 f  PYNQ_Design_i/DUT_rec_0/U0/dut_struct/algorithm/mult/comp0.core_instance0/U0/i_mult/gDSP.gDSP_only.iDSP/use_prim.appDSP[0].bppDSP[0].use_dsp.use_dsp48e2.iDSP48E2/DSP_ALU_INST/ALU_OUT[9]
                         net (fo=1, routed)           0.000     0.102    PYNQ_Design_i/DUT_rec_0/U0/dut_struct/algorithm/mult/comp0.core_instance0/U0/i_mult/gDSP.gDSP_only.iDSP/use_prim.appDSP[0].bppDSP[0].use_dsp.use_dsp48e2.iDSP48E2/DSP_ALU.ALU_OUT<9>
    DSP48E2_X18Y8        DSP_OUTPUT (Prop_DSP_OUTPUT_DSP48E2_ALU_OUT[9]_P[9])
                                                      0.030     0.132 r  PYNQ_Design_i/DUT_rec_0/U0/dut_struct/algorithm/mult/comp0.core_instance0/U0/i_mult/gDSP.gDSP_only.iDSP/use_prim.appDSP[0].bppDSP[0].use_dsp.use_dsp48e2.iDSP48E2/DSP_OUTPUT_INST/P[9]
                         net (fo=1, routed)           0.238     0.370    PYNQ_Design_i/DUT_rec_0/U0/dut_struct/algorithm/mult/comp0.core_instance0/U0/i_mult/gDSP.gDSP_only.iDSP/use_prim.appDSP[0].bppDSP[0].need_output_delay.output_delay/d1.dout_i_reg[16]_0[8]
    SLICE_X89Y27         FDRE                                         r  PYNQ_Design_i/DUT_rec_0/U0/dut_struct/algorithm/mult/comp0.core_instance0/U0/i_mult/gDSP.gDSP_only.iDSP/use_prim.appDSP[0].bppDSP[0].need_output_delay.output_delay/d1.dout_i_reg[9]/D
  -------------------------------------------------------------------    -------------------

                         (clock clk_pl_0 rise edge)
                                                      0.000     0.000 r  
    PS8_X0Y0             PS8                          0.000     0.000 r  PYNQ_Design_i/zynq_ultra_ps_e_0/U0/PS8_i/PLCLK[0]
                         net (fo=1, routed)           0.129     0.129    PYNQ_Design_i/zynq_ultra_ps_e_0/U0/pl_clk_unbuffered[0]
    BUFG_PS_X0Y58        BUFG_PS (Prop_BUFG_PS_I_O)
                                                      0.018     0.147 r  PYNQ_Design_i/zynq_ultra_ps_e_0/U0/buffer_pl_clk_0.PL_CLK_0_BUFG/O
    X2Y2 (CLOCK_ROOT)    net (fo=13302, routed)       1.200     1.347    PYNQ_Design_i/DUT_rec_0/U0/dut_struct/algorithm/mult/comp0.core_instance0/U0/i_mult/gDSP.gDSP_only.iDSP/use_prim.appDSP[0].bppDSP[0].need_output_delay.output_delay/CLK
    SLICE_X89Y27         FDRE                                         r  PYNQ_Design_i/DUT_rec_0/U0/dut_struct/algorithm/mult/comp0.core_instance0/U0/i_mult/gDSP.gDSP_only.iDSP/use_prim.appDSP[0].bppDSP[0].need_output_delay.output_delay/d1.dout_i_reg[9]/C

Slack:                    inf
  Source:                 PYNQ_Design_i/DUT_rec_0/U0/dut_struct/algorithm/mult/comp0.core_instance0/U0/i_mult/gDSP.gDSP_only.iDSP/use_prim.appDSP[0].bppDSP[0].use_dsp.use_dsp48e2.iDSP48E2/DSP_C_DATA_INST/C_DATA[5]
                            (internal pin)
  Destination:            PYNQ_Design_i/DUT_rec_0/U0/dut_struct/algorithm/mult/comp0.core_instance0/U0/i_mult/gDSP.gDSP_only.iDSP/use_prim.appDSP[0].bppDSP[0].need_output_delay.output_delay/d1.dout_i_reg[5]/D
                            (rising edge-triggered cell FDRE clocked by clk_pl_0  {rise@0.000ns fall@5.156ns period=10.312ns})
  Path Group:             (none)
  Path Type:              Hold (Min at Fast Process Corner)
  Data Path Delay:        0.373ns  (logic 0.132ns (35.389%)  route 0.241ns (64.611%))
  Logic Levels:           2  (DSP_ALU=1 DSP_OUTPUT=1)
  Clock Uncertainty:      0.157ns  ((TSJ^2 + DJ^2)^1/2) / 2 + PE
    Total System Jitter     (TSJ):    0.050ns
    Discrete Jitter          (DJ):    0.310ns
    Phase Error              (PE):    0.000ns
  Clock Net Delay (Destination): 1.200ns (routing 0.282ns, distribution 0.918ns)

    Location             Delay type                Incr(ns)  Path(ns)    Netlist Resource(s)
  -------------------------------------------------------------------    -------------------
    DSP48E2_X18Y8        DSP_C_DATA                   0.000     0.000 r  PYNQ_Design_i/DUT_rec_0/U0/dut_struct/algorithm/mult/comp0.core_instance0/U0/i_mult/gDSP.gDSP_only.iDSP/use_prim.appDSP[0].bppDSP[0].use_dsp.use_dsp48e2.iDSP48E2/DSP_C_DATA_INST/C_DATA[5]
                         net (fo=2, routed)           0.000     0.000    PYNQ_Design_i/DUT_rec_0/U0/dut_struct/algorithm/mult/comp0.core_instance0/U0/i_mult/gDSP.gDSP_only.iDSP/use_prim.appDSP[0].bppDSP[0].use_dsp.use_dsp48e2.iDSP48E2/DSP_C_DATA.C_DATA<5>
    DSP48E2_X18Y8        DSP_ALU (Prop_DSP_ALU_DSP48E2_C_DATA[5]_ALU_OUT[5])
                                                      0.102     0.102 f  PYNQ_Design_i/DUT_rec_0/U0/dut_struct/algorithm/mult/comp0.core_instance0/U0/i_mult/gDSP.gDSP_only.iDSP/use_prim.appDSP[0].bppDSP[0].use_dsp.use_dsp48e2.iDSP48E2/DSP_ALU_INST/ALU_OUT[5]
                         net (fo=1, routed)           0.000     0.102    PYNQ_Design_i/DUT_rec_0/U0/dut_struct/algorithm/mult/comp0.core_instance0/U0/i_mult/gDSP.gDSP_only.iDSP/use_prim.appDSP[0].bppDSP[0].use_dsp.use_dsp48e2.iDSP48E2/DSP_ALU.ALU_OUT<5>
    DSP48E2_X18Y8        DSP_OUTPUT (Prop_DSP_OUTPUT_DSP48E2_ALU_OUT[5]_P[5])
                                                      0.030     0.132 r  PYNQ_Design_i/DUT_rec_0/U0/dut_struct/algorithm/mult/comp0.core_instance0/U0/i_mult/gDSP.gDSP_only.iDSP/use_prim.appDSP[0].bppDSP[0].use_dsp.use_dsp48e2.iDSP48E2/DSP_OUTPUT_INST/P[5]
                         net (fo=1, routed)           0.241     0.373    PYNQ_Design_i/DUT_rec_0/U0/dut_struct/algorithm/mult/comp0.core_instance0/U0/i_mult/gDSP.gDSP_only.iDSP/use_prim.appDSP[0].bppDSP[0].need_output_delay.output_delay/d1.dout_i_reg[16]_0[4]
    SLICE_X89Y27         FDRE                                         r  PYNQ_Design_i/DUT_rec_0/U0/dut_struct/algorithm/mult/comp0.core_instance0/U0/i_mult/gDSP.gDSP_only.iDSP/use_prim.appDSP[0].bppDSP[0].need_output_delay.output_delay/d1.dout_i_reg[5]/D
  -------------------------------------------------------------------    -------------------

                         (clock clk_pl_0 rise edge)
                                                      0.000     0.000 r  
    PS8_X0Y0             PS8                          0.000     0.000 r  PYNQ_Design_i/zynq_ultra_ps_e_0/U0/PS8_i/PLCLK[0]
                         net (fo=1, routed)           0.129     0.129    PYNQ_Design_i/zynq_ultra_ps_e_0/U0/pl_clk_unbuffered[0]
    BUFG_PS_X0Y58        BUFG_PS (Prop_BUFG_PS_I_O)
                                                      0.018     0.147 r  PYNQ_Design_i/zynq_ultra_ps_e_0/U0/buffer_pl_clk_0.PL_CLK_0_BUFG/O
    X2Y2 (CLOCK_ROOT)    net (fo=13302, routed)       1.200     1.347    PYNQ_Design_i/DUT_rec_0/U0/dut_struct/algorithm/mult/comp0.core_instance0/U0/i_mult/gDSP.gDSP_only.iDSP/use_prim.appDSP[0].bppDSP[0].need_output_delay.output_delay/CLK
    SLICE_X89Y27         FDRE                                         r  PYNQ_Design_i/DUT_rec_0/U0/dut_struct/algorithm/mult/comp0.core_instance0/U0/i_mult/gDSP.gDSP_only.iDSP/use_prim.appDSP[0].bppDSP[0].need_output_delay.output_delay/d1.dout_i_reg[5]/C

Slack:                    inf
  Source:                 PYNQ_Design_i/DUT_rec_0/U0/dut_struct/algorithm/mult/comp0.core_instance0/U0/i_mult/gDSP.gDSP_only.iDSP/use_prim.appDSP[0].bppDSP[0].use_dsp.use_dsp48e2.iDSP48E2/DSP_C_DATA_INST/C_DATA[1]
                            (internal pin)
  Destination:            PYNQ_Design_i/DUT_rec_0/U0/dut_struct/algorithm/mult/comp0.core_instance0/U0/i_mult/gDSP.gDSP_only.iDSP/use_prim.appDSP[0].bppDSP[0].need_output_delay.output_delay/d1.dout_i_reg[1]/D
                            (rising edge-triggered cell FDRE clocked by clk_pl_0  {rise@0.000ns fall@5.156ns period=10.312ns})
  Path Group:             (none)
  Path Type:              Hold (Min at Fast Process Corner)
  Data Path Delay:        0.374ns  (logic 0.132ns (35.294%)  route 0.242ns (64.706%))
  Logic Levels:           2  (DSP_ALU=1 DSP_OUTPUT=1)
  Clock Uncertainty:      0.157ns  ((TSJ^2 + DJ^2)^1/2) / 2 + PE
    Total System Jitter     (TSJ):    0.050ns
    Discrete Jitter          (DJ):    0.310ns
    Phase Error              (PE):    0.000ns
  Clock Net Delay (Destination): 1.200ns (routing 0.282ns, distribution 0.918ns)

    Location             Delay type                Incr(ns)  Path(ns)    Netlist Resource(s)
  -------------------------------------------------------------------    -------------------
    DSP48E2_X18Y8        DSP_C_DATA                   0.000     0.000 r  PYNQ_Design_i/DUT_rec_0/U0/dut_struct/algorithm/mult/comp0.core_instance0/U0/i_mult/gDSP.gDSP_only.iDSP/use_prim.appDSP[0].bppDSP[0].use_dsp.use_dsp48e2.iDSP48E2/DSP_C_DATA_INST/C_DATA[1]
                         net (fo=2, routed)           0.000     0.000    PYNQ_Design_i/DUT_rec_0/U0/dut_struct/algorithm/mult/comp0.core_instance0/U0/i_mult/gDSP.gDSP_only.iDSP/use_prim.appDSP[0].bppDSP[0].use_dsp.use_dsp48e2.iDSP48E2/DSP_C_DATA.C_DATA<1>
    DSP48E2_X18Y8        DSP_ALU (Prop_DSP_ALU_DSP48E2_C_DATA[1]_ALU_OUT[1])
                                                      0.102     0.102 f  PYNQ_Design_i/DUT_rec_0/U0/dut_struct/algorithm/mult/comp0.core_instance0/U0/i_mult/gDSP.gDSP_only.iDSP/use_prim.appDSP[0].bppDSP[0].use_dsp.use_dsp48e2.iDSP48E2/DSP_ALU_INST/ALU_OUT[1]
                         net (fo=1, routed)           0.000     0.102    PYNQ_Design_i/DUT_rec_0/U0/dut_struct/algorithm/mult/comp0.core_instance0/U0/i_mult/gDSP.gDSP_only.iDSP/use_prim.appDSP[0].bppDSP[0].use_dsp.use_dsp48e2.iDSP48E2/DSP_ALU.ALU_OUT<1>
    DSP48E2_X18Y8        DSP_OUTPUT (Prop_DSP_OUTPUT_DSP48E2_ALU_OUT[1]_P[1])
                                                      0.030     0.132 r  PYNQ_Design_i/DUT_rec_0/U0/dut_struct/algorithm/mult/comp0.core_instance0/U0/i_mult/gDSP.gDSP_only.iDSP/use_prim.appDSP[0].bppDSP[0].use_dsp.use_dsp48e2.iDSP48E2/DSP_OUTPUT_INST/P[1]
                         net (fo=1, routed)           0.242     0.374    PYNQ_Design_i/DUT_rec_0/U0/dut_struct/algorithm/mult/comp0.core_instance0/U0/i_mult/gDSP.gDSP_only.iDSP/use_prim.appDSP[0].bppDSP[0].need_output_delay.output_delay/d1.dout_i_reg[16]_0[0]
    SLICE_X89Y27         FDRE                                         r  PYNQ_Design_i/DUT_rec_0/U0/dut_struct/algorithm/mult/comp0.core_instance0/U0/i_mult/gDSP.gDSP_only.iDSP/use_prim.appDSP[0].bppDSP[0].need_output_delay.output_delay/d1.dout_i_reg[1]/D
  -------------------------------------------------------------------    -------------------

                         (clock clk_pl_0 rise edge)
                                                      0.000     0.000 r  
    PS8_X0Y0             PS8                          0.000     0.000 r  PYNQ_Design_i/zynq_ultra_ps_e_0/U0/PS8_i/PLCLK[0]
                         net (fo=1, routed)           0.129     0.129    PYNQ_Design_i/zynq_ultra_ps_e_0/U0/pl_clk_unbuffered[0]
    BUFG_PS_X0Y58        BUFG_PS (Prop_BUFG_PS_I_O)
                                                      0.018     0.147 r  PYNQ_Design_i/zynq_ultra_ps_e_0/U0/buffer_pl_clk_0.PL_CLK_0_BUFG/O
    X2Y2 (CLOCK_ROOT)    net (fo=13302, routed)       1.200     1.347    PYNQ_Design_i/DUT_rec_0/U0/dut_struct/algorithm/mult/comp0.core_instance0/U0/i_mult/gDSP.gDSP_only.iDSP/use_prim.appDSP[0].bppDSP[0].need_output_delay.output_delay/CLK
    SLICE_X89Y27         FDRE                                         r  PYNQ_Design_i/DUT_rec_0/U0/dut_struct/algorithm/mult/comp0.core_instance0/U0/i_mult/gDSP.gDSP_only.iDSP/use_prim.appDSP[0].bppDSP[0].need_output_delay.output_delay/d1.dout_i_reg[1]/C

Slack:                    inf
  Source:                 PYNQ_Design_i/DUT_rec_0/U0/dut_struct/algorithm/mult/comp0.core_instance0/U0/i_mult/gDSP.gDSP_only.iDSP/use_prim.appDSP[0].bppDSP[0].use_dsp.use_dsp48e2.iDSP48E2/DSP_C_DATA_INST/C_DATA[2]
                            (internal pin)
  Destination:            PYNQ_Design_i/DUT_rec_0/U0/dut_struct/algorithm/mult/comp0.core_instance0/U0/i_mult/gDSP.gDSP_only.iDSP/use_prim.appDSP[0].bppDSP[0].need_output_delay.output_delay/d1.dout_i_reg[2]/D
                            (rising edge-triggered cell FDRE clocked by clk_pl_0  {rise@0.000ns fall@5.156ns period=10.312ns})
  Path Group:             (none)
  Path Type:              Hold (Min at Fast Process Corner)
  Data Path Delay:        0.374ns  (logic 0.132ns (35.294%)  route 0.242ns (64.706%))
  Logic Levels:           2  (DSP_ALU=1 DSP_OUTPUT=1)
  Clock Uncertainty:      0.157ns  ((TSJ^2 + DJ^2)^1/2) / 2 + PE
    Total System Jitter     (TSJ):    0.050ns
    Discrete Jitter          (DJ):    0.310ns
    Phase Error              (PE):    0.000ns
  Clock Net Delay (Destination): 1.200ns (routing 0.282ns, distribution 0.918ns)

    Location             Delay type                Incr(ns)  Path(ns)    Netlist Resource(s)
  -------------------------------------------------------------------    -------------------
    DSP48E2_X18Y8        DSP_C_DATA                   0.000     0.000 r  PYNQ_Design_i/DUT_rec_0/U0/dut_struct/algorithm/mult/comp0.core_instance0/U0/i_mult/gDSP.gDSP_only.iDSP/use_prim.appDSP[0].bppDSP[0].use_dsp.use_dsp48e2.iDSP48E2/DSP_C_DATA_INST/C_DATA[2]
                         net (fo=2, routed)           0.000     0.000    PYNQ_Design_i/DUT_rec_0/U0/dut_struct/algorithm/mult/comp0.core_instance0/U0/i_mult/gDSP.gDSP_only.iDSP/use_prim.appDSP[0].bppDSP[0].use_dsp.use_dsp48e2.iDSP48E2/DSP_C_DATA.C_DATA<2>
    DSP48E2_X18Y8        DSP_ALU (Prop_DSP_ALU_DSP48E2_C_DATA[2]_ALU_OUT[2])
                                                      0.102     0.102 f  PYNQ_Design_i/DUT_rec_0/U0/dut_struct/algorithm/mult/comp0.core_instance0/U0/i_mult/gDSP.gDSP_only.iDSP/use_prim.appDSP[0].bppDSP[0].use_dsp.use_dsp48e2.iDSP48E2/DSP_ALU_INST/ALU_OUT[2]
                         net (fo=1, routed)           0.000     0.102    PYNQ_Design_i/DUT_rec_0/U0/dut_struct/algorithm/mult/comp0.core_instance0/U0/i_mult/gDSP.gDSP_only.iDSP/use_prim.appDSP[0].bppDSP[0].use_dsp.use_dsp48e2.iDSP48E2/DSP_ALU.ALU_OUT<2>
    DSP48E2_X18Y8        DSP_OUTPUT (Prop_DSP_OUTPUT_DSP48E2_ALU_OUT[2]_P[2])
                                                      0.030     0.132 r  PYNQ_Design_i/DUT_rec_0/U0/dut_struct/algorithm/mult/comp0.core_instance0/U0/i_mult/gDSP.gDSP_only.iDSP/use_prim.appDSP[0].bppDSP[0].use_dsp.use_dsp48e2.iDSP48E2/DSP_OUTPUT_INST/P[2]
                         net (fo=1, routed)           0.242     0.374    PYNQ_Design_i/DUT_rec_0/U0/dut_struct/algorithm/mult/comp0.core_instance0/U0/i_mult/gDSP.gDSP_only.iDSP/use_prim.appDSP[0].bppDSP[0].need_output_delay.output_delay/d1.dout_i_reg[16]_0[1]
    SLICE_X89Y27         FDRE                                         r  PYNQ_Design_i/DUT_rec_0/U0/dut_struct/algorithm/mult/comp0.core_instance0/U0/i_mult/gDSP.gDSP_only.iDSP/use_prim.appDSP[0].bppDSP[0].need_output_delay.output_delay/d1.dout_i_reg[2]/D
  -------------------------------------------------------------------    -------------------

                         (clock clk_pl_0 rise edge)
                                                      0.000     0.000 r  
    PS8_X0Y0             PS8                          0.000     0.000 r  PYNQ_Design_i/zynq_ultra_ps_e_0/U0/PS8_i/PLCLK[0]
                         net (fo=1, routed)           0.129     0.129    PYNQ_Design_i/zynq_ultra_ps_e_0/U0/pl_clk_unbuffered[0]
    BUFG_PS_X0Y58        BUFG_PS (Prop_BUFG_PS_I_O)
                                                      0.018     0.147 r  PYNQ_Design_i/zynq_ultra_ps_e_0/U0/buffer_pl_clk_0.PL_CLK_0_BUFG/O
    X2Y2 (CLOCK_ROOT)    net (fo=13302, routed)       1.200     1.347    PYNQ_Design_i/DUT_rec_0/U0/dut_struct/algorithm/mult/comp0.core_instance0/U0/i_mult/gDSP.gDSP_only.iDSP/use_prim.appDSP[0].bppDSP[0].need_output_delay.output_delay/CLK
    SLICE_X89Y27         FDRE                                         r  PYNQ_Design_i/DUT_rec_0/U0/dut_struct/algorithm/mult/comp0.core_instance0/U0/i_mult/gDSP.gDSP_only.iDSP/use_prim.appDSP[0].bppDSP[0].need_output_delay.output_delay/d1.dout_i_reg[2]/C





