Sample in Buffer,Sample in Window,TRIGGER,s_axis_tx_tdata[0]_1[511:496]
Radix - UNSIGNED,UNSIGNED,UNSIGNED,SIGNED
0,0,0,-15515
1,1,0,-15515
2,2,0,-15515
3,3,0,-15515
4,4,0,15587
5,5,0,-789
6,6,0,-14992
7,7,0,10194
8,8,0,8597
9,9,0,-15507
10,10,0,-15507
11,11,0,-15507
12,12,0,-15507
13,13,0,-15507
14,14,0,-15507
15,15,0,-15507
16,16,0,-15507
17,17,0,789
18,18,0,14992
19,19,0,-8218
20,20,0,15507
21,21,0,-1176
22,22,0,-14683
23,23,0,-14683
24,24,0,-14683
25,25,0,-14683
26,26,0,-14683
27,27,0,-14683
28,28,0,-14683
29,29,0,-14683
30,30,0,10381
31,31,0,8171
32,32,0,-15417
33,33,0,1558
34,34,0,14683
35,35,0,-10381
36,36,0,-10381
37,37,0,-10381
38,38,0,-10381
39,39,0,-10381
40,40,0,-10381
41,41,0,-10381
42,42,0,-10381
43,43,0,-6806
44,44,0,14914
45,45,0,-2221
46,46,0,10540
47,47,0,6806
48,48,0,-14973
49,49,0,-14973
50,50,0,-14973
51,51,0,-14973
52,52,0,-14973
53,53,0,-14973
54,54,0,-14973
55,55,0,-14973
56,56,0,2221
57,57,0,13379
58,58,0,-10703
59,59,0,-6735
60,60,0,14816
61,61,0,-2561
62,62,0,-2561
63,63,0,-2561
64,64,0,-2561
65,65,0,-2561
66,66,0,-2561
67,67,0,-2561
68,68,0,-13210
69,69,0,10591
70,70,0,6332
71,71,0,-14700
72,72,0,2890
73,73,0,13062
74,74,0,13062
75,75,0,13062
76,76,0,13062
77,77,0,13062
78,78,0,13062
79,79,0,13062
80,80,0,13062
81,81,0,-10599
82,82,0,14525
83,83,0,-2532
84,84,0,-12907
85,85,0,10843
86,86,0,12054
87,87,0,12054
88,88,0,12054
89,89,0,12054
90,90,0,12054
91,91,0,12054
92,92,0,12054
93,93,0,12054
94,94,0,-10481
95,95,0,-5297
96,96,0,13804
97,97,0,-3363
98,98,0,-11873
99,99,0,10481
100,100,0,10481
101,101,0,10481
102,102,0,10481
103,103,0,10481
104,104,0,10481
105,105,0,10481
106,106,0,10481
107,107,0,5213
108,108,0,-13586
109,109,0,11509
110,110,0,-10531
111,111,0,-4903
112,112,0,13359
113,113,0,13359
114,114,0,13359
115,115,0,13359
116,116,0,13359
117,117,0,13359
118,118,0,13359
119,119,0,13359
120,120,0,-3255
121,121,0,-11317
122,122,0,10355
123,123,0,4821
124,124,0,-13144
125,125,0,12406
126,126,0,12406
127,127,0,12406
128,128,0,12406
129,129,0,12406
130,130,0,12406
131,131,0,12406
132,132,0,-3808
133,133,0,-9751
134,134,0,9925
135,135,0,3808
136,136,0,3808
137,137,0,3808
138,138,0,3808
139,139,0,3808
140,140,0,3808
141,141,0,3808
142,142,0,3808
143,143,0,3808
144,144,0,3808
145,145,0,-12229
146,146,0,-3445
147,147,0,11581
148,148,0,-3903
149,149,0,-9133
150,150,0,9633
151,151,0,9633
152,152,0,9633
153,153,0,9633
154,154,0,9633
155,155,0,9633
156,156,0,9633
157,157,0,9633
158,158,0,3363
159,159,0,-11581
160,160,0,3903
161,161,0,9133
162,162,0,-9472
163,163,0,-3363
164,164,0,-3363
165,165,0,-3363
166,166,0,-3363
167,167,0,-3363
168,168,0,-3363
169,169,0,-3363
170,170,0,-3363
171,171,0,-3955
172,172,0,8627
173,173,0,2139
174,174,0,-9713
175,175,0,3955
176,176,0,7390
177,177,0,7390
178,178,0,7390
179,179,0,7390
180,180,0,7390
181,181,0,7390
182,182,0,7390
183,183,0,7390
184,184,0,-8492
185,185,0,-1841
186,186,0,9363
187,187,0,-3823
188,188,0,-6990
189,189,0,7920
190,190,0,7920
191,191,0,7920
192,192,0,7920
193,193,0,7920
194,194,0,7920
195,195,0,7920
196,196,0,7920
197,197,0,1841
198,198,0,-9034
199,199,0,6592
200,200,0,-7731
201,201,0,-1499
202,202,0,8671
203,203,0,8671
204,204,0,8671
205,205,0,8671
206,206,0,8671
207,207,0,8671
208,208,0,8671
209,209,0,8671
210,210,0,-3748
211,211,0,-6348
212,212,0,7920
213,213,0,1499
214,214,0,-8671
215,215,0,7225
216,216,0,7225
217,217,0,7225
218,218,0,7225
219,219,0,7225
220,220,0,7225
221,221,0,7225
222,222,0,7225
223,223,0,-3473
224,224,0,-5080
225,225,0,6332
226,226,0,-7258
227,227,0,3453
228,228,0,4704
229,229,0,4704
230,230,0,4704
231,231,0,4704
232,232,0,4704
233,233,0,4704
234,234,0,4704
235,235,0,4704
236,236,0,-6332
237,237,0,-857
238,238,0,6478
239,239,0,-3273
240,240,0,-4459
241,241,0,6002
242,242,0,6002
243,243,0,6002
244,244,0,6002
245,245,0,6002
246,246,0,6002
247,247,0,6002
248,248,0,651
249,249,0,-6118
250,250,0,3273
251,251,0,4459
252,252,0,-5732
253,253,0,-615
254,254,0,-615
255,255,0,-615
256,256,0,-615
257,257,0,-615
258,258,0,-615
259,259,0,-615
260,260,0,-615
261,261,0,-2428
262,262,0,4115
263,263,0,98
264,264,0,-3810
265,265,0,2212
266,266,0,2371
267,267,0,2371
268,268,0,2371
269,269,0,2371
270,270,0,2371
271,271,0,2371
272,272,0,2371
273,273,0,2371
274,274,0,-3748
275,275,0,0
276,276,0,3435
277,277,0,-2067
278,278,0,-2139
279,279,0,3380
280,280,0,3380
281,281,0,3380
282,282,0,3380
283,283,0,3380
284,284,0,3380
285,285,0,3380
286,286,0,3380
287,287,0,88
288,288,0,-3435
289,289,0,2139
290,290,0,-3035
291,291,0,0
292,292,0,3059
293,293,0,3059
294,294,0,3059
295,295,0,3059
296,296,0,3059
297,297,0,3059
298,298,0,3059
299,299,0,3059
300,300,0,-1841
301,301,0,-1613
302,302,0,2680
303,303,0,0
304,304,0,-3035
305,305,0,1125
306,306,0,1125
307,307,0,1125
308,308,0,1125
309,309,0,1125
310,310,0,1125
311,311,0,1125
312,312,0,-765
313,313,0,-645
314,314,0,1169
315,315,0,-59
316,316,0,510
317,317,0,510
318,318,0,510
319,319,0,510
320,320,0,510
321,321,0,510
322,322,0,510
323,323,0,510
324,324,0,510
325,325,0,-780
326,326,0,59
327,327,0,750
328,328,0,-510
329,329,0,-207
330,330,0,-207
331,331,0,-207
332,332,0,-207
333,333,0,-207
334,334,0,-207
335,335,0,-207
336,336,0,392
337,337,0,-39
338,338,0,-371
339,339,0,263
340,340,0,0
341,341,0,-390
342,342,0,-390
343,343,0,-390
344,344,0,-390
345,345,0,-390
346,346,0,-390
347,347,0,-390
348,348,0,-390
349,349,0,30
350,350,0,1383
351,351,0,902
352,352,0,294
353,353,0,1791
354,354,0,-1700
355,355,0,-1700
356,356,0,-1700
357,357,0,-1700
358,358,0,-1700
359,359,0,-1700
360,360,0,-1700
361,361,0,-1700
362,362,0,-945
363,363,0,2378
364,364,0,-411
365,365,0,-2470
366,366,0,2029
367,367,0,1259
368,368,0,1259
369,369,0,1259
370,370,0,1259
371,371,0,1259
372,372,0,1259
373,373,0,1259
374,374,0,-2378
375,375,0,479
376,376,0,2470
377,377,0,-2029
378,378,0,-1259
379,379,0,2771
380,380,0,2771
381,381,0,2771
382,382,0,2771
383,383,0,2771
384,384,0,2771
385,385,0,2771
386,386,0,2771
387,387,0,-624
388,388,0,2315
389,389,0,1367
390,390,0,-3173
391,391,0,624
392,392,0,2819
393,393,0,2819
394,394,0,2819
395,395,0,2819
396,396,0,2819
397,397,0,2819
398,398,0,2819
399,399,0,2819
400,400,0,-4018
401,401,0,3601
402,402,0,1967
403,403,0,-5126
404,404,0,1249
405,405,0,4342
406,406,0,4342
407,407,0,4342
408,408,0,4342
409,409,0,4342
410,410,0,4342
411,411,0,4342
412,412,0,4342
413,413,0,-3892
414,414,0,-1967
415,415,0,-1341
416,416,0,-4589
417,417,0,4267
418,418,0,1986
419,419,0,1986
420,420,0,1986
421,421,0,1986
422,422,0,1986
423,423,0,1986
424,424,0,1986
425,425,0,1986
426,426,0,-5513
427,427,0,1341
428,428,0,4663
429,429,0,-4558
430,430,0,-1986
431,431,0,5889
432,432,0,5889
433,433,0,5889
434,434,0,5889
435,435,0,5889
436,436,0,5889
437,437,0,5889
438,438,0,5889
439,439,0,-1573
440,440,0,6315
441,441,0,2242
442,442,0,2721
443,443,0,6366
444,444,0,-6603
445,445,0,-6603
446,446,0,-6603
447,447,0,-6603
448,448,0,-6603
449,449,0,-6603
450,450,0,-6603
451,451,0,-6603
452,452,0,-2344
453,453,0,8073
454,454,0,-2721
455,455,0,-6640
456,456,0,7004
457,457,0,2247
458,458,0,2247
459,459,0,2247
460,460,0,2247
461,461,0,2247
462,462,0,2247
463,463,0,2247
464,464,0,-8413
465,465,0,2838
466,466,0,6910
467,467,0,-7288
468,468,0,-2338
469,469,0,8755
470,470,0,8755
471,471,0,8755
472,472,0,8755
473,473,0,8755
474,474,0,8755
475,475,0,8755
476,476,0,8755
477,477,0,-3155
478,478,0,7288
479,479,0,2338
480,480,0,-8755
481,481,0,3276
482,482,0,7143
483,483,0,7143
484,484,0,7143
485,485,0,7143
486,486,0,7143
487,487,0,7143
488,488,0,7143
489,489,0,7143
490,490,0,-7701
491,491,0,9044
492,492,0,2028
493,493,0,-10621
494,494,0,4575
495,495,0,7929
496,496,0,7929
497,497,0,7929
498,498,0,7929
499,499,0,7929
500,500,0,7929
501,501,0,7929
502,502,0,7929
503,503,0,-9311
504,504,0,-2088
505,505,0,-4575
506,506,0,-7929
507,507,0,9311
508,508,0,2147
509,509,0,2147
510,510,0,2147
511,511,0,2147
512,512,0,2147
513,513,0,2147
514,514,0,2147
515,515,0,2147
516,516,0,-10884
517,517,0,4704
518,518,0,7988
519,519,0,-9964
520,520,0,-1931
521,521,0,11175
522,522,0,11175
523,523,0,11175
524,524,0,11175
525,525,0,11175
526,526,0,11175
527,527,0,11175
528,528,0,11175
529,529,0,-5080
530,530,0,11449
531,531,0,1550
532,532,0,6242
533,533,0,8505
534,534,0,-11808
535,535,0,-11808
536,536,0,-11808
537,537,0,-11808
538,538,0,-11808
539,539,0,-11808
540,540,0,-11808
541,541,0,-11808
542,542,0,-1266
543,543,0,12668
544,544,0,-6366
545,545,0,-8596
546,546,0,12031
547,547,0,1266
548,548,0,1266
549,549,0,1266
550,550,0,1266
551,551,0,1266
552,552,0,1266
553,553,0,1266
554,554,0,-12840
555,555,0,6766
556,556,0,8596
557,557,0,-12031
558,558,0,-1290
559,559,0,12840
560,560,0,12840
561,561,0,12840
562,562,0,12840
563,563,0,12840
564,564,0,12840
565,565,0,12840
566,566,0,12840
567,567,0,-6766
568,568,0,12376
569,569,0,986
570,570,0,-13070
571,571,0,7288
572,572,0,8642
573,573,0,8642
574,574,0,8642
575,575,0,8642
576,576,0,8642
577,577,0,8642
578,578,0,8642
579,579,0,8642
580,580,0,-8608
581,581,0,13720
582,582,0,355
583,583,0,-13827
584,584,0,8320
585,585,0,8890
586,586,0,8890
587,587,0,8890
588,588,0,8890
589,589,0,8890
590,590,0,8890
591,591,0,8890
592,592,0,8890
593,593,0,-13720
594,594,0,0
595,595,0,-8427
596,596,0,-8718
597,597,0,13896
598,598,0,0
599,599,0,0
600,600,0,0
601,601,0,0
602,602,0,0
603,603,0,0
604,604,0,0
605,605,0,0
606,606,0,-14063
607,607,0,8823
608,608,0,8823
609,609,0,-14173
610,610,0,363
611,611,0,14063
612,612,0,14063
613,613,0,14063
614,614,0,14063
615,615,0,14063
616,616,0,14063
617,617,0,14063
618,618,0,14063
619,619,0,-9869
620,620,0,-8323
621,621,0,15091
622,622,0,-14485
623,623,0,10241
624,624,0,8118
625,625,0,8118
626,626,0,8118
627,627,0,8118
628,628,0,8118
629,629,0,8118
630,630,0,8118
631,631,0,8118
632,632,0,-15407
633,633,0,1548
634,634,0,14436
635,635,0,-10314
636,636,0,-8118
637,637,0,15317
638,638,0,15317
639,639,0,15317
640,640,0,15317
641,641,0,15317
642,642,0,15317
643,643,0,15317
644,644,0,-1548
645,645,0,-14530
646,646,0,10314
647,647,0,8118
648,648,0,-15507
649,649,0,1558
650,650,0,1558
651,651,0,1558
652,652,0,1558
653,653,0,1558
654,654,0,1558
655,655,0,1558
656,656,0,1558
657,657,0,14530
658,658,0,-7879
659,659,0,15679
660,660,0,-1567
661,661,0,-14615
662,662,0,2378
663,663,0,2378
664,664,0,2378
665,665,0,2378
666,666,0,2378
667,667,0,2378
668,668,0,2378
669,669,0,2378
670,670,0,14525
671,671,0,-11498
672,672,0,-7311
673,673,0,16085
674,674,0,-2787
675,675,0,-14380
676,676,0,-14380
677,677,0,-14380
678,678,0,-14380
679,679,0,-14380
680,680,0,-14380
681,681,0,-14380
682,682,0,-14380
683,683,0,11809
684,684,0,7331
685,685,0,2793
686,686,0,14380
687,687,0,-11834
688,688,0,-7331
689,689,0,-7331
690,690,0,-7331
691,691,0,-7331
692,692,0,-7331
693,693,0,-7331
694,694,0,-7331
695,695,0,-7331
696,696,0,16162
697,697,0,-3193
698,698,0,-14239
699,699,0,11834
700,700,0,6997
701,701,0,-6263
702,702,0,-6263
703,703,0,-6263
704,704,0,-6263
705,705,0,-6263
706,706,0,-6263
707,707,0,-6263
708,708,0,-6263
709,709,0,16320
710,710,0,-3589
711,711,0,-13826
712,712,0,6263
713,713,0,-16320
714,714,0,3970
715,715,0,3970
716,716,0,3970
717,717,0,3970
718,718,0,3970
719,719,0,3970
720,720,0,3970
721,721,0,3970
722,722,0,13804
723,723,0,-12631
724,724,0,-5880
725,725,0,16320
726,726,0,-3970
727,727,0,-13557
728,728,0,-13557
729,729,0,-13557
730,730,0,-13557
731,731,0,-13557
732,732,0,-13557
733,733,0,-13557
734,734,0,12604
735,735,0,5868
736,736,0,-16286
737,737,0,3962
738,738,0,13557
739,739,0,-12820
740,740,0,-12820
741,741,0,-12820
742,742,0,-12820
743,743,0,-12820
744,744,0,-12820
745,745,0,-12820
746,746,0,-12820
747,747,0,15981
748,748,0,-12766
749,749,0,12994
750,750,0,4613
751,751,0,-15888
752,752,0,5320
753,753,0,5320
754,754,0,5320
755,755,0,5320
756,756,0,5320
757,757,0,5320
758,758,0,5320
759,759,0,5320
760,760,0,12449
761,761,0,-12994
762,762,0,-4584
763,763,0,15660
764,764,0,-5643
765,765,0,-12120
766,766,0,-12120
767,767,0,-12120
768,768,0,-12120
769,769,0,-12120
770,770,0,-12120
771,771,0,-12120
772,772,0,-12120
773,773,0,13036
774,774,0,4182
775,775,0,5643
776,776,0,12360
777,777,0,-13036
778,778,0,-3780
779,779,0,-3780
780,780,0,-3780
781,781,0,-3780
782,782,0,-3780
783,783,0,-3780
784,784,0,-3780
785,785,0,-3780
786,786,0,15515
787,787,0,-5599
788,788,0,-12026
789,789,0,13143
790,790,0,4149
791,791,0,-3282
792,792,0,-3282
793,793,0,-3282
794,794,0,-3282
795,795,0,-3282
796,796,0,-3282
797,797,0,-3282
798,798,0,-3282
799,799,0,14700
800,800,0,-6332
801,801,0,-10974
802,802,0,2890
803,803,0,-14700
804,804,0,6002
805,805,0,6002
806,806,0,6002
807,807,0,6002
808,808,0,6002
809,809,0,6002
810,810,0,6002
811,811,0,6002
812,812,0,10599
813,813,0,-12733
814,814,0,-2890
815,815,0,14525
816,816,0,-6257
817,817,0,-10843
818,818,0,-10843
819,819,0,-10843
820,820,0,-10843
821,821,0,-10843
822,822,0,-10843
823,823,0,-10843
824,824,0,12907
825,825,0,2470
826,826,0,-14293
827,827,0,6497
828,828,0,10465
829,829,0,-12743
830,830,0,-12743
831,831,0,-12743
832,832,0,-12743
833,833,0,-12743
834,834,0,-12743
835,835,0,-12743
836,836,0,-12743
837,837,0,13138
838,838,0,-8838
839,839,0,12031
840,840,0,1290
841,841,0,-12840
842,842,0,6486
843,843,0,6486
844,844,0,6486
845,845,0,6486
846,846,0,6486
847,847,0,6486
848,848,0,6486
849,849,0,6486
850,850,0,8838
851,851,0,-12031
852,852,0,-1266
853,853,0,12603
854,854,0,-6366
855,855,0,-8674
856,856,0,-8674
857,857,0,-8674
858,858,0,-8674
859,859,0,-8674
860,860,0,-8674
861,861,0,-8674
862,862,0,-8674
863,863,0,11808
864,864,0,1266
865,865,0,6511
866,866,0,8272
867,867,0,-11808
868,868,0,-932
869,869,0,-932
870,870,0,-932
871,871,0,-932
872,872,0,-932
873,873,0,-932
874,874,0,-932
875,875,0,-932
876,876,0,12285
877,877,0,-6511
878,878,0,-8272
879,879,0,11462
880,880,0,913
881,881,0,-277
882,882,0,-277
883,883,0,-277
884,884,0,-277
885,885,0,-277
886,886,0,-277
887,887,0,-277
888,888,0,10811
889,889,0,-6336
890,890,0,-6555
891,891,0,10448
892,892,0,-10529
893,893,0,-10529
894,894,0,-10529
895,895,0,-10529
896,896,0,-10529
897,897,0,-10529
898,898,0,-10529
899,899,0,-10529
900,900,0,-10529
901,901,0,6555
902,902,0,-10448
903,903,0,-270
904,904,0,10529
905,905,0,-6336
906,906,0,-6336
907,907,0,-6336
908,908,0,-6336
909,909,0,-6336
910,910,0,-6336
911,911,0,-6336
912,912,0,-6162
913,913,0,10241
914,914,0,0
915,915,0,-10161
916,916,0,6162
917,917,0,6162
918,918,0,6162
919,919,0,6162
920,920,0,6162
921,921,0,6162
922,922,0,6162
923,923,0,6162
924,924,0,-9946
925,925,0,8098
926,926,0,-5725
927,927,0,-4690
928,928,0,-620
929,929,0,-620
930,930,0,-620
931,931,0,-620
932,932,0,-620
933,933,0,-620
934,934,0,-620
935,935,0,-620
936,936,0,-620
937,937,0,5502
938,938,0,4330
939,939,0,-8171
940,940,0,620
941,941,0,7782
942,942,0,7782
943,943,0,7782
944,944,0,7782
945,945,0,7782
946,946,0,7782
947,947,0,7782
948,948,0,-5423
949,949,0,-3980
950,950,0,7879
951,951,0,-792
952,952,0,-7383
953,953,0,5187
954,954,0,5187
955,955,0,5187
956,956,0,5187
957,957,0,5187
958,958,0,5187
959,959,0,5187
960,960,0,5187
961,961,0,3807
962,962,0,-7575
963,963,0,757
964,964,0,-5187
965,965,0,-3807
966,966,0,7225
967,967,0,7225
968,968,0,7225
969,969,0,7225
970,970,0,7225
971,971,0,7225
972,972,0,7225
973,973,0,7225
974,974,0,-945
975,975,0,1008
976,976,0,5600
977,977,0,-4169
978,978,0,-2651
979,979,0,5833
980,980,0,5833
981,981,0,5833
982,982,0,5833
983,983,0,5833
984,984,0,5833
985,985,0,5833
986,986,0,-1008
987,987,0,-5267
988,988,0,4270
989,989,0,2360
990,990,0,-5833
991,991,0,944
992,992,0,944
993,993,0,944
994,994,0,944
995,995,0,944
996,996,0,944
997,997,0,944
998,998,0,944
999,999,0,4868
1000,1000,0,-2360
1001,1001,0,5460
1002,1002,0,-1003
1003,1003,0,-4472
1004,1004,0,3722
1005,1005,0,3722
1006,1006,0,3722
1007,1007,0,3722
1008,1008,0,3722
1009,1009,0,3722
1010,1010,0,3722
1011,1011,0,3722
1012,1012,0,1927
1013,1013,0,-4720
1014,1014,0,2701
1015,1015,0,-2165
1016,1016,0,-1150
1017,1017,0,2798
1018,1018,0,2798
1019,1019,0,2798
1020,1020,0,2798
1021,1021,0,2798
1022,1022,0,2798
1023,1023,0,2798
1024,1024,0,2798
1025,1025,0,-747
1026,1026,0,-2329
1027,1027,0,810
1028,1028,0,-2401
1029,1029,0,747
1030,1030,0,1999
1031,1031,0,1999
1032,1032,0,1999
1033,1033,0,1999
1034,1034,0,1999
1035,1035,0,1999
1036,1036,0,1999
1037,1037,0,1999
1038,1038,0,-1858
1039,1039,0,-865
1040,1040,0,2401
1041,1041,0,-641
1042,1042,0,-1668
1043,1043,0,1581
1044,1044,0,1581
1045,1045,0,1581
1046,1046,0,1581
1047,1047,0,1581
1048,1048,0,1581
1049,1049,0,1581
1050,1050,0,1581
1051,1051,0,676
1052,1052,0,-2005
1053,1053,0,466
1054,1054,0,-1290
1055,1055,0,-541
1056,1056,0,1606
1057,1057,0,1606
1058,1058,0,1606
1059,1059,0,1606
1060,1060,0,1606
1061,1061,0,1606
1062,1062,0,1606
1063,1063,0,1606
1064,1064,0,-466
1065,1065,0,0
1066,1066,0,0
1067,1067,0,0
1068,1068,0,107
1069,1069,0,0
1070,1070,0,0
1071,1071,0,0
1072,1072,0,0
1073,1073,0,0
1074,1074,0,0
1075,1075,0,0
1076,1076,0,0
1077,1077,0,317
1078,1078,0,-334
1079,1079,0,-107
1080,1080,0,402
1081,1081,0,-289
1082,1082,0,-289
1083,1083,0,-289
1084,1084,0,-289
1085,1085,0,-289
1086,1086,0,-289
1087,1087,0,-289
1088,1088,0,-289
1089,1089,0,-317
1090,1090,0,214
1091,1091,0,-803
1092,1092,0,289
1093,1093,0,622
1094,1094,0,-679
1095,1095,0,-679
1096,1096,0,-679
1097,1097,0,-679
1098,1098,0,-679
1099,1099,0,-679
1100,1100,0,-679
1101,1101,0,-679
1102,1102,0,-214
1103,1103,0,1204
1104,1104,0,-2315
1105,1105,0,2781
1106,1106,0,624
1107,1107,0,-3173
1108,1108,0,-3173
1109,1109,0,-3173
1110,1110,0,-3173
1111,1111,0,-3173
1112,1112,0,-3173
1113,1113,0,-3173
1114,1114,0,-3173
1115,1115,0,1367
1116,1116,0,2600
1117,1117,0,-614
1118,1118,0,3551
1119,1119,0,-1535
1120,1120,0,-2815
1121,1121,0,-2815
1122,1122,0,-2815
1123,1123,0,-2815
1124,1124,0,-2815
1125,1125,0,-2815
1126,1126,0,-2815
1127,1127,0,-2815
1128,1128,0,3556
1129,1129,0,681
1130,1130,0,-3938
1131,1131,0,1790
1132,1132,0,2815
1133,1133,0,-3511
1134,1134,0,-3511
1135,1135,0,-3511
1136,1136,0,-3511
1137,1137,0,-3511
1138,1138,0,-3511
1139,1139,0,-3511
1140,1140,0,-3511
1141,1141,0,-747
1142,1142,0,4306
1143,1143,0,-1965
1144,1144,0,3903
1145,1145,0,698
1146,1146,0,-4686
1147,1147,0,-4686
1148,1148,0,-4686
1149,1149,0,-4686
1150,1150,0,-4686
1151,1151,0,-4686
1152,1152,0,-4686
1153,1153,0,-4686
1154,1154,0,2242
1155,1155,0,-3223
1156,1156,0,-4211
1157,1157,0,5732
1158,1158,0,615
1159,1159,0,-6118
1160,1160,0,-6118
1161,1161,0,-6118
1162,1162,0,-6118
1163,1163,0,-6118
1164,1164,0,-6118
1165,1165,0,-6118
1166,1166,0,3413
1167,1167,0,4211
1168,1168,0,-5732
1169,1169,0,-651
1170,1170,0,6441
1171,1171,0,-3413
1172,1172,0,-3413
1173,1173,0,-3413
1174,1174,0,-3413
1175,1175,0,-3413
1176,1176,0,-3413
1177,1177,0,-3413
1178,1178,0,-3413
1179,1179,0,-4444
1180,1180,0,515
1181,1181,0,-6795
1182,1182,0,3748
1183,1183,0,4575
1184,1184,0,-6472
1185,1185,0,-6472
1186,1186,0,-6472
1187,1187,0,-6472
1188,1188,0,-6472
1189,1189,0,-6472
1190,1190,0,-6472
1191,1191,0,-6472
1192,1192,0,-361
1193,1193,0,8643
1194,1194,0,-5422
1195,1195,0,-5241
1196,1196,0,8643
1197,1197,0,0
1198,1198,0,0
1199,1199,0,0
1200,1200,0,0
1201,1201,0,0
1202,1202,0,0
1203,1203,0,0
1204,1204,0,0
1205,1205,0,-8643
1206,1206,0,5620
1207,1207,0,-8643
1208,1208,0,231
1209,1209,0,8958
1210,1210,0,-5620
1211,1211,0,-5620
1212,1212,0,-5620
1213,1213,0,-5620
1214,1214,0,-5620
1215,1215,0,-5620
1216,1216,0,-5620
1217,1217,0,-5620
1218,1218,0,-5432
1219,1219,0,9340
1220,1220,0,-239
1221,1221,0,-9190
1222,1222,0,5620
1223,1223,0,5620
1224,1224,0,5620
1225,1225,0,5620
1226,1226,0,5620
1227,1227,0,5620
1228,1228,0,5620
1229,1229,0,5620
1230,1230,0,5620
1231,1231,0,-9340
1232,1232,0,239
1233,1233,0,9491
1234,1234,0,-5620
1235,1235,0,9646
1236,1236,0,-247
1237,1237,0,-247
1238,1238,0,-247
1239,1239,0,-247
1240,1240,0,-247
1241,1241,0,-247
1242,1242,0,-247
1243,1243,0,-247
1244,1244,0,-10959
1245,1245,0,810
1246,1246,0,10438
1247,1247,0,-7379
1248,1248,0,-5808
1249,1249,0,11304
1250,1250,0,11304
1251,1251,0,11304
1252,1252,0,11304
1253,1253,0,11304
1254,1254,0,11304
1255,1255,0,11304
1256,1256,0,-1136
1257,1257,0,-10591
1258,1258,0,7780
1259,1259,0,5956
1260,1260,0,-11304
1261,1261,0,1136
1262,1262,0,1136
1263,1263,0,1136
1264,1264,0,1136
1265,1265,0,1136
1266,1266,0,1136
1267,1267,0,1136
1268,1268,0,1136
1269,1269,0,10703
1270,1270,0,-5849
1271,1271,0,11578
1272,1272,0,-1163
1273,1273,0,-10848
1274,1274,0,7969
1275,1275,0,7969
1276,1276,0,7969
1277,1277,0,7969
1278,1278,0,7969
1279,1279,0,7969
1280,1280,0,7969
1281,1281,0,7969
1282,1282,0,-9305
1283,1283,0,-5917
1284,1284,0,13017
1285,1285,0,-1931
1286,1286,0,-11606
1287,1287,0,9305
1288,1288,0,9305
1289,1289,0,9305
1290,1290,0,9305
1291,1291,0,9305
1292,1292,0,9305
1293,1293,0,9305
1294,1294,0,9305
1295,1295,0,5917
1296,1296,0,-13017
1297,1297,0,11814
1298,1298,0,-9702
1299,1299,0,-6023
1300,1300,0,13250
1301,1301,0,13250
1302,1302,0,13250
1303,1303,0,13250
1304,1304,0,13250
1305,1305,0,13250
1306,1306,0,13250
1307,1307,0,13250
1308,1308,0,-2658
1309,1309,0,-12014
1310,1310,0,9702
1311,1311,0,5825
1312,1312,0,-13738
1313,1313,0,2701
1314,1314,0,2701
1315,1315,0,2701
1316,1316,0,2701
1317,1317,0,2701
1318,1318,0,2701
1319,1319,0,2701
1320,1320,0,2701
1321,1321,0,12044
1322,1322,0,-5267
1323,1323,0,14793
1324,1324,0,-12513
1325,1325,0,11449
1326,1326,0,5330
1327,1327,0,5330
1328,1328,0,5330
1329,1329,0,5330
1330,1330,0,5330
1331,1331,0,5330
1332,1332,0,5330
1333,1333,0,5330
1334,1334,0,-14961
1335,1335,0,3995
1336,1336,0,12454
1337,1337,0,-11579
1338,1338,0,-5391
1339,1339,0,14961
1340,1340,0,14961
1341,1341,0,14961
1342,1342,0,14961
1343,1343,0,14961
1344,1344,0,14961
1345,1345,0,14961
1346,1346,0,-3995
1347,1347,0,-12586
1348,1348,0,11933
1349,1349,0,5099
1350,1350,0,-15132
1351,1351,0,4037
1352,1352,0,4037
1353,1353,0,4037
1354,1354,0,4037
1355,1355,0,4037
1356,1356,0,4037
1357,1357,0,4037
1358,1358,0,4037
1359,1359,0,12586
1360,1360,0,-5150
1361,1361,0,15132
1362,1362,0,-4437
1363,1363,0,-12498
1364,1364,0,12278
1365,1365,0,12278
1366,1366,0,12278
1367,1367,0,12278
1368,1368,0,12278
1369,1369,0,12278
1370,1370,0,12278
1371,1371,0,12278
1372,1372,0,-13130
1373,1373,0,-4584
1374,1374,0,15888
1375,1375,0,-5320
1376,1376,0,-12449
1377,1377,0,13215
1378,1378,0,13215
1379,1379,0,13215
1380,1380,0,13215
1381,1381,0,13215
1382,1382,0,13215
1383,1383,0,13215
1384,1384,0,13215
1385,1385,0,4239
1386,1386,0,-15888
1387,1387,0,12603
1388,1388,0,-13215
1389,1389,0,-4264
1390,1390,0,15967
1391,1391,0,15967
1392,1392,0,15967
1393,1393,0,15967
1394,1394,0,15967
1395,1395,0,15967
1396,1396,0,15967
1397,1397,0,15967
1398,1398,0,-5783
1399,1399,0,-12422
1400,1400,0,13576
1401,1401,0,4264
1402,1402,0,-16025
1403,1403,0,5783
1404,1404,0,5783
1405,1405,0,5783
1406,1406,0,5783
1407,1407,0,5783
1408,1408,0,5783
1409,1409,0,5783
1410,1410,0,5783
1411,1411,0,12422
1412,1412,0,-3188
1413,1413,0,16217
1414,1414,0,-12107
1415,1415,0,14239
1416,1416,0,2798
1417,1417,0,2798
1418,1418,0,2798
1419,1419,0,2798
1420,1420,0,2798
1421,1421,0,2798
1422,1422,0,2798
1423,1423,0,2798
1424,1424,0,-16242
1425,1425,0,6997
1426,1426,0,11852
1427,1427,0,-14432
1428,1428,0,-2798
1429,1429,0,16242
1430,1430,0,16242
1431,1431,0,16242
1432,1432,0,16242
1433,1433,0,16242
1434,1434,0,16242
1435,1435,0,16242
1436,1436,0,-7364
1437,1437,0,-11581
1438,1438,0,14445
1439,1439,0,2800
1440,1440,0,-16202
1441,1441,0,7364
1442,1442,0,7364
1443,1443,0,7364
1444,1444,0,7364
1445,1445,0,7364
1446,1446,0,7364
1447,1447,0,7364
1448,1448,0,7364
1449,1449,0,11585
1450,1450,0,-2404
1451,1451,0,16206
1452,1452,0,-7721
1453,1453,0,-11581
1454,1454,0,14630
1455,1455,0,14630
1456,1456,0,14630
1457,1457,0,14630
1458,1458,0,14630
1459,1459,0,14630
1460,1460,0,14630
1461,1461,0,14630
1462,1462,0,-14866
1463,1463,0,-1594
1464,1464,0,15866
1465,1465,0,-8015
1466,1466,0,-10920
1467,1467,0,14973
1468,1468,0,14973
1469,1469,0,14973
1470,1470,0,14973
1471,1471,0,14973
1472,1472,0,14973
1473,1473,0,14973
1474,1474,0,14973
1475,1475,0,1589
1476,1476,0,-15813
1477,1477,0,10586
1478,1478,0,-14973
1479,1479,0,-1589
1480,1480,0,15813
1481,1481,0,15813
1482,1482,0,15813
1483,1483,0,15813
1484,1484,0,15813
1485,1485,0,15813
1486,1486,0,15813
1487,1487,0,15813
1488,1488,0,-8637
1489,1489,0,-10544
1490,1490,0,14914
1491,1491,0,1188
1492,1492,0,-15587
1493,1493,0,8637
1494,1494,0,8637
1495,1495,0,8637
1496,1496,0,8637
1497,1497,0,8637
1498,1498,0,8637
1499,1499,0,8637
1500,1500,0,8637
1501,1501,0,10194
1502,1502,0,0
1503,1503,0,15003
1504,1504,0,-9267
1505,1505,0,14772
1506,1506,0,0
1507,1507,0,0
1508,1508,0,0
1509,1509,0,0
1510,1510,0,0
1511,1511,0,0
1512,1512,0,0
1513,1513,0,0
1514,1514,0,-14648
1515,1515,0,9190
1516,1516,0,8883
1517,1517,0,-14762
1518,1518,0,0
1519,1519,0,14648
1520,1520,0,14648
1521,1521,0,14648
1522,1522,0,14648
1523,1523,0,14648
1524,1524,0,14648
1525,1525,0,14648
1526,1526,0,-9190
1527,1527,0,-8802
1528,1528,0,14628
1529,1529,0,0
1530,1530,0,-14514
1531,1531,0,9106
1532,1532,0,9106
1533,1533,0,9106
1534,1534,0,9106
1535,1535,0,9106
1536,1536,0,9106
1537,1537,0,9106
1538,1538,0,9106
1539,1539,0,8802
1540,1540,0,743
1541,1541,0,14252
1542,1542,0,-9313
1543,1543,0,-8410
1544,1544,0,14436
1545,1545,0,14436
1546,1546,0,14436
1547,1547,0,14436
1548,1548,0,14436
1549,1549,0,14436
1550,1550,0,14436
1551,1551,0,14436
1552,1552,0,-14016
1553,1553,0,1397
1554,1554,0,13171
1555,1555,0,-9311
1556,1556,0,-7329
1557,1557,0,13909
1558,1558,0,13909
1559,1559,0,13909
1560,1560,0,13909
1561,1561,0,13909
1562,1562,0,13909
1563,1563,0,13909
1564,1564,0,13909
1565,1565,0,-1378
1566,1566,0,-12847
1567,1567,0,7225
1568,1568,0,-13712
1569,1569,0,1378
1570,1570,0,12847
1571,1571,0,12847
1572,1572,0,12847
1573,1573,0,12847
1574,1574,0,12847
1575,1575,0,12847
1576,1576,0,12847
1577,1577,0,12847
1578,1578,0,-9179
1579,1579,0,-6927
1580,1580,0,13576
1581,1581,0,-1694
1582,1582,0,-12655
1583,1583,0,9394
1584,1584,0,9394
1585,1585,0,9394
1586,1586,0,9394
1587,1587,0,9394
1588,1588,0,9394
1589,1589,0,9394
1590,1590,0,9394
1591,1591,0,6715
1592,1592,0,2165
1593,1593,0,11170
1594,1594,0,-5304
1595,1595,0,12272
1596,1596,0,-2368
1597,1597,0,-2368
1598,1598,0,-2368
1599,1599,0,-2368
1600,1600,0,-2368
1601,1601,0,-2368
1602,1602,0,-2368
1603,1603,0,-2368
1604,1604,0,-10562
1605,1605,0,8995
1606,1606,0,5190
1607,1607,0,-12048
1608,1608,0,2075
1609,1609,0,10562
1610,1610,0,10562
1611,1611,0,10562
1612,1612,0,10562
1613,1613,0,10562
1614,1614,0,10562
1615,1615,0,10562
1616,1616,0,-8792
1617,1617,0,-4809
1618,1618,0,12048
1619,1619,0,-2315
1620,1620,0,-10324
1621,1621,0,8792
1622,1622,0,8792
1623,1623,0,8792
1624,1624,0,8792
1625,1625,0,8792
1626,1626,0,8792
1627,1627,0,8792
1628,1628,0,8792
1629,1629,0,4809
1630,1630,0,2315
1631,1631,0,10324
1632,1632,0,-8584
1633,1633,0,-4695
1634,1634,0,11529
1635,1635,0,11529
1636,1636,0,11529
1637,1637,0,11529
1638,1638,0,11529
1639,1639,0,11529
1640,1640,0,11529
1641,1641,0,11529
1642,1642,0,-10382
1643,1643,0,2526
1644,1644,0,8642
1645,1645,0,-7947
1646,1646,0,-3741
1647,1647,0,10068
1648,1648,0,10068
1649,1649,0,10068
1650,1650,0,10068
1651,1651,0,10068
1652,1652,0,10068
1653,1653,0,10068
1654,1654,0,10068
1655,1655,0,-2772
1656,1656,0,-8381
1657,1657,0,3396
1658,1658,0,-9757
1659,1659,0,2689
1660,1660,0,8115
1661,1661,0,8115
1662,1662,0,8115
1663,1663,0,8115
1664,1664,0,8115
1665,1665,0,8115
1666,1666,0,8115
1667,1667,0,8115
1668,1668,0,-7839
1669,1669,0,-3288
1670,1670,0,9757
1671,1671,0,-2739
1672,1672,0,-8115
1673,1673,0,7578
1674,1674,0,7578
1675,1675,0,7578
1676,1676,0,7578
1677,1677,0,7578
1678,1678,0,7578
1679,1679,0,7578
1680,1680,0,7578
1681,1681,0,2959
1682,1682,0,2602
1683,1683,0,6089
1684,1684,0,-1790
1685,1685,0,7358
1686,1686,0,-2651
1687,1687,0,-2651
1688,1688,0,-2651
1689,1689,0,-2651
1690,1690,0,-2651
1691,1691,0,-2651
1692,1692,0,-2651
1693,1693,0,-2651
1694,1694,0,-5694
1695,1695,0,5918
1696,1696,0,1702
1697,1697,0,-6986
1698,1698,0,2521
1699,1699,0,5694
1700,1700,0,5694
1701,1701,0,5694
1702,1702,0,5694
1703,1703,0,5694
1704,1704,0,5694
1705,1705,0,5694
1706,1706,0,-5918
1707,1707,0,-1702
1708,1708,0,6997
1709,1709,0,-2681
1710,1710,0,-5027
1711,1711,0,5695
1712,1712,0,5695
1713,1713,0,5695
1714,1714,0,5695
1715,1715,0,5695
1716,1716,0,5695
1717,1717,0,5695
1718,1718,0,5695
1719,1719,0,1455
1720,1720,0,2541
1721,1721,0,5027
1722,1722,0,-5378
1723,1723,0,-1455
1724,1724,0,6240
1725,1725,0,6240
1726,1726,0,6240
1727,1727,0,6240
1728,1728,0,6240
1729,1729,0,6240
1730,1730,0,6240
1731,1731,0,6240
1732,1732,0,-4704
1733,1733,0,2197
1734,1734,0,3445
1735,1735,0,-3903
1736,1736,0,-747
1737,1737,0,4323
1738,1738,0,4323
1739,1739,0,4323
1740,1740,0,4323
1741,1741,0,4323
1742,1742,0,4323
1743,1743,0,4323
1744,1744,0,4323
1745,1745,0,-1965
1746,1746,0,-3090
1747,1747,0,747
1748,1748,0,-4323
1749,1749,0,1965
1750,1750,0,3090
1751,1751,0,3090
1752,1752,0,3090
1753,1753,0,3090
1754,1754,0,3090
1755,1755,0,3090
1756,1756,0,3090
1757,1757,0,3090
1758,1758,0,-3556
1759,1759,0,-584
1760,1760,0,3938
1761,1761,0,-1790
1762,1762,0,-2815
1763,1763,0,3245
1764,1764,0,3245
1765,1765,0,3245
1766,1766,0,3245
1767,1767,0,3245
1768,1768,0,3245
1769,1769,0,3245
1770,1770,0,3245
1771,1771,0,197
1772,1772,0,-1957
1773,1773,0,826
1774,1774,0,-1833
1775,1775,0,-118
1776,1776,0,1558
1777,1777,0,1558
1778,1778,0,1558
1779,1779,0,1558
1780,1780,0,1558
1781,1781,0,1558
1782,1782,0,1558
1783,1783,0,1558
1784,1784,0,-826
1785,1785,0,-1049
1786,1786,0,1484
1787,1787,0,118
1788,1788,0,-1169
1789,1789,0,430
1790,1790,0,430
1791,1791,0,430
1792,1792,0,430
1793,1793,0,430
1794,1794,0,430
1795,1795,0,430
1796,1796,0,510
1797,1797,0,-1125
1798,1798,0,-39
1799,1799,0,780
1800,1800,0,-447
1801,1801,0,-510
1802,1802,0,-510
1803,1803,0,-510
1804,1804,0,-510
1805,1805,0,-510
1806,1806,0,-510
1807,1807,0,-510
1808,1808,0,-510
1809,1809,0,750
1810,1810,0,-387
1811,1811,0,430
1812,1812,0,255
1813,1813,0,-379
1814,1814,0,718
1815,1815,0,718
1816,1816,0,718
1817,1817,0,718
1818,1818,0,718
1819,1819,0,718
1820,1820,0,718
1821,1821,0,718
1822,1822,0,-1154
1823,1823,0,0
1824,1824,0,1145
1825,1825,0,-718
1826,1826,0,-925
1827,1827,0,1537
1828,1828,0,1537
1829,1829,0,1537
1830,1830,0,1537
1831,1831,0,1537
1832,1832,0,1537
1833,1833,0,1537
1834,1834,0,1537
1835,1835,0,-39
1836,1836,0,-1512
1837,1837,0,925
1838,1838,0,-1537
1839,1839,0,49
1840,1840,0,1888
1841,1841,0,1888
1842,1842,0,1888
1843,1843,0,1888
1844,1844,0,1888
1845,1845,0,1888
1846,1846,0,1888
1847,1847,0,1888
1848,1848,0,-1234
1849,1849,0,-1114
1850,1850,0,1919
1851,1851,0,-118
1852,1852,0,-2264
1853,1853,0,3678
1854,1854,0,3678
1855,1855,0,3678
1856,1856,0,3678
1857,1857,0,3678
1858,1858,0,3678
1859,1859,0,3678
1860,1860,0,-2600
1861,1861,0,-2047
1862,1862,0,3884
1863,1863,0,-390
1864,1864,0,2935
1865,1865,0,2935
1866,1866,0,2935
1867,1867,0,2935
1868,1868,0,2935
1869,1869,0,2935
1870,1870,0,2935
1871,1871,0,2935
1872,1872,0,2935
1873,1873,0,-3884
1874,1874,0,428
1875,1875,0,3995
1876,1876,0,-2935
1877,1877,0,-2247
1878,1878,0,-2247
1879,1879,0,-2247
1880,1880,0,-2247
1881,1881,0,-2247
1882,1882,0,-2247
1883,1883,0,-2247
1884,1884,0,4665
1885,1885,0,-466
1886,1886,0,-4348
1887,1887,0,3194
1888,1888,0,2344
1889,1889,0,-4640
1890,1890,0,-4640
1891,1891,0,-4640
1892,1892,0,-4640
1893,1893,0,-4640
1894,1894,0,-4640
1895,1895,0,-4640
1896,1896,0,-4640
1897,1897,0,466
1898,1898,0,-5073
1899,1899,0,-2985
1900,1900,0,-1198
1901,1901,0,-6178
1902,1902,0,5073
1903,1903,0,5073
1904,1904,0,5073
1905,1905,0,5073
1906,1906,0,5073
1907,1907,0,5073
1908,1908,0,5073
1909,1909,0,5073
1910,1910,0,3150
1911,1911,0,-7311
1912,1912,0,1259
1913,1913,0,6409
1914,1914,0,-5335
1915,1915,0,-3150
1916,1916,0,-3150
1917,1917,0,-3150
1918,1918,0,-3150
1919,1919,0,-3150
1920,1920,0,-3150
1921,1921,0,-3150
1922,1922,0,7311
1923,1923,0,-1437
1924,1924,0,-6720
1925,1925,0,5723
1926,1926,0,3130
1927,1927,0,-7666
1928,1928,0,-7666
1929,1929,0,-7666
1930,1930,0,-7666
1931,1931,0,-7666
1932,1932,0,-7666
1933,1933,0,-7666
1934,1934,0,-7666
1935,1935,0,1507
1936,1936,0,-6115
1937,1937,0,-3273
1938,1938,0,8037
1939,1939,0,-1576
1940,1940,0,-6927
1941,1941,0,-6927
1942,1942,0,-6927
1943,1943,0,-6927
1944,1944,0,-6927
1945,1945,0,-6927
1946,1946,0,-6927
1947,1947,0,-6927
1948,1948,0,7970
1949,1949,0,-7437
1950,1950,0,-3395
1951,1951,0,9757
1952,1952,0,-2603
1953,1953,0,-8115
1954,1954,0,-8115
1955,1955,0,-8115
1956,1956,0,-8115
1957,1957,0,-8115
1958,1958,0,-8115
1959,1959,0,-8115
1960,1960,0,-8115
1961,1961,0,7694
1962,1962,0,3288
1963,1963,0,2603
1964,1964,0,8241
1965,1965,0,-7947
1966,1966,0,-3396
1967,1967,0,-3396
1968,1968,0,-3396
1969,1969,0,-3396
1970,1970,0,-3396
1971,1971,0,-3396
1972,1972,0,-3396
1973,1973,0,-3396
1974,1974,0,10077
1975,1975,0,-3017
1976,1976,0,-8498
1977,1977,0,7947
1978,1978,0,3396
1979,1979,0,-10391
1980,1980,0,-10391
1981,1981,0,-10391
1982,1982,0,-10391
1983,1983,0,-10391
1984,1984,0,-10391
1985,1985,0,-10391
1986,1986,0,-10391
1987,1987,0,3017
1988,1988,0,-9866
1989,1989,0,-3238
1990,1990,0,-4369
1991,1991,0,-9384
1992,1992,0,10094
1993,1993,0,10094
1994,1994,0,10094
1995,1995,0,10094
1996,1996,0,10094
1997,1997,0,10094
1998,1998,0,10094
1999,1999,0,10094
2000,2000,0,2950
2001,2001,0,-12125
2002,2002,0,4369
2003,2003,0,9384
2004,2004,0,-10256
2005,2005,0,-3014
2006,2006,0,-3014
2007,2007,0,-3014
2008,2008,0,-3014
2009,2009,0,-3014
2010,2010,0,-3014
2011,2011,0,-3014
2012,2012,0,12372
2013,2013,0,-4748
2014,2014,0,-9590
2015,2015,0,10481
2016,2016,0,3014
2017,2017,0,-12631
2018,2018,0,-12631
2019,2019,0,-12631
2020,2020,0,-12631
2021,2021,0,-12631
2022,2022,0,-12631
2023,2023,0,-12631
2024,2024,0,-12631
2025,2025,0,4847
2026,2026,0,-10863
2027,2027,0,-3077
2028,2028,0,12631
2029,2029,0,-4943
2030,2030,0,-9780
2031,2031,0,-9780
2032,2032,0,-9780
2033,2033,0,-9780
2034,2034,0,-9780
2035,2035,0,-9780
2036,2036,0,-9780
2037,2037,0,-9780
2038,2038,0,10025
2039,2039,0,-12208
2040,2040,0,-2402
2041,2041,0,13901
2042,2042,0,-6318
2043,2043,0,-9937
2044,2044,0,-9937
2045,2045,0,-9937
2046,2046,0,-9937
2047,2047,0,-9937
2048,2048,0,-9937
2049,2049,0,-9937
2050,2050,0,-9937
2051,2051,0,12552
2052,2052,0,2402
2053,2053,0,6318
2054,2054,0,9937
2055,2055,0,-12394
2056,2056,0,-2402
2057,2057,0,-2402
2058,2058,0,-2402
2059,2059,0,-2402
2060,2060,0,-2402
2061,2061,0,-2402
2062,2062,0,-2402
2063,2063,0,-2402
2064,2064,0,13901
2065,2065,0,-6409
2066,2066,0,-9964
2067,2067,0,12907
2068,2068,0,2120
2069,2069,0,-14101
2070,2070,0,-14101
2071,2071,0,-14101
2072,2072,0,-14101
2073,2073,0,-14101
2074,2074,0,-14101
2075,2075,0,-14101
2076,2076,0,-14101
2077,2077,0,6409
2078,2078,0,-13838
2079,2079,0,-1498
2080,2080,0,-7859
2081,2081,0,-9984
2082,2082,0,14252
2083,2083,0,14252
2084,2084,0,14252
2085,2085,0,14252
2086,2086,0,14252
2087,2087,0,14252
2088,2088,0,14252
2089,2089,0,14252
2090,2090,0,1135
2091,2091,0,-14964
2092,2092,0,8253
2093,2093,0,9869
2094,2094,0,-14514
2095,2095,0,-763
2096,2096,0,-763
2097,2097,0,-763
2098,2098,0,-763
2099,2099,0,-763
2100,2100,0,-763
2101,2101,0,-763
2102,2102,0,14993
2103,2103,0,-8323
2104,2104,0,-9869
2105,2105,0,14514
2106,2106,0,1145
2107,2107,0,-15111
2108,2108,0,-15111
2109,2109,0,-15111
2110,2110,0,-15111
2111,2111,0,-15111
2112,2112,0,-15111
2113,2113,0,-15111
2114,2114,0,-15111
2115,2115,0,8711
2116,2116,0,-14628
2117,2117,0,-769
2118,2118,0,15111
2119,2119,0,-8773
2120,2120,0,-9715
2121,2121,0,-9715
2122,2122,0,-9715
2123,2123,0,-9715
2124,2124,0,-9715
2125,2125,0,-9715
2126,2126,0,-9715
2127,2127,0,-9715
2128,2128,0,9295
2129,2129,0,-15328
2130,2130,0,0
2131,2131,0,15328
2132,2132,0,-9616
2133,2133,0,-9295
2134,2134,0,-9295
2135,2135,0,-9295
2136,2136,0,-9295
2137,2137,0,-9295
2138,2138,0,-9295
2139,2139,0,-9295
2140,2140,0,-9295
2141,2141,0,15509
2142,2142,0,-398
2143,2143,0,9616
2144,2144,0,9332
2145,2145,0,-15509
2146,2146,0,398
2147,2147,0,398
2148,2148,0,398
2149,2149,0,398
2150,2150,0,398
2151,2151,0,398
2152,2152,0,398
2153,2153,0,398
2154,2154,0,15259
2155,2155,0,-10004
2156,2156,0,-9034
2157,2157,0,15561
2158,2158,0,-399
2159,2159,0,-15311
2160,2160,0,-15311
2161,2161,0,-15311
2162,2162,0,-15311
2163,2163,0,-15311
2164,2164,0,-15311
2165,2165,0,-15311
2166,2166,0,-15311
2167,2167,0,1205
2168,2168,0,15132
2169,2169,0,-10698
2170,2170,0,15986
2171,2171,0,-1206
2172,2172,0,-14979
2173,2173,0,-14979
2174,2174,0,-14979
2175,2175,0,-14979
2176,2176,0,-14979
2177,2177,0,-14979
2178,2178,0,-14979
2179,2179,0,-14979
2180,2180,0,10702
2181,2181,0,8423
2182,2182,0,-15986
2183,2183,0,1606
2184,2184,0,14974
2185,2185,0,-11000
2186,2186,0,-11000
2187,2187,0,-11000
2188,2188,0,-11000
2189,2189,0,-11000
2190,2190,0,-11000
2191,2191,0,-11000
2192,2192,0,-8420
2193,2193,0,15981
2194,2194,0,-2003
2195,2195,0,-14961
2196,2196,0,11000
2197,2197,0,8066
2198,2198,0,8066
2199,2199,0,8066
2200,2200,0,8066
2201,2201,0,8066
2202,2202,0,8066
2203,2203,0,8066
2204,2204,0,8066
2205,2205,0,-16050
2206,2206,0,-2378
2207,2207,0,-14476
2208,2208,0,11691
2209,2209,0,7258
2210,2210,0,-16031
2211,2211,0,-16031
2212,2212,0,-16031
2213,2213,0,-16031
2214,2214,0,-16031
2215,2215,0,-16031
2216,2216,0,-16031
2217,2217,0,-16031
2218,2218,0,2760
2219,2219,0,14237
2220,2220,0,-11638
2221,2221,0,-6870
2222,2222,0,15948
2223,2223,0,-3135
2224,2224,0,-3135
2225,2225,0,-3135
2226,2226,0,-3135
2227,2227,0,-3135
2228,2228,0,-3135
2229,2229,0,-3135
2230,2230,0,-3135
2231,2231,0,-14172
2232,2232,0,11638
2233,2233,0,-15948
2234,2234,0,2747
2235,2235,0,14172
2236,2236,0,-11638
2237,2237,0,-11638
2238,2238,0,-11638
2239,2239,0,-11638
2240,2240,0,-11638
2241,2241,0,-11638
2242,2242,0,-11638
2243,2243,0,-11638
2244,2244,0,12026
2245,2245,0,5599
2246,2246,0,-15538
2247,2247,0,3780
2248,2248,0,13143
2249,2249,0,-12026
2250,2250,0,-12026
2251,2251,0,-12026
2252,2252,0,-12026
2253,2253,0,-12026
2254,2254,0,-12026
2255,2255,0,-12026
2256,2256,0,-12026
2257,2257,0,-5954
2258,2258,0,15515
2259,2259,0,-4115
2260,2260,0,11925
2261,2261,0,5552
2262,2262,0,-15408
2263,2263,0,-15408
2264,2264,0,-15408
2265,2265,0,-15408
2266,2266,0,-15408
2267,2267,0,-15408
2268,2268,0,-15408
2269,2269,0,-15408
2270,2270,0,4077
2271,2271,0,12710
2272,2272,0,-12051
2273,2273,0,-5501
2274,2274,0,15268
2275,2275,0,-4077
2276,2276,0,-4077
2277,2277,0,-4077
2278,2278,0,-4077
2279,2279,0,-4077
2280,2280,0,-4077
2281,2281,0,-4077
2282,2282,0,-14634
2283,2283,0,4533
2284,2284,0,11606
2285,2285,0,-11814
2286,2286,0,-4194
2287,2287,0,14450
2288,2288,0,14450
2289,2289,0,14450
2290,2290,0,14450
2291,2291,0,14450
2292,2292,0,14450
2293,2293,0,14450
2294,2294,0,14450
2295,2295,0,-4533
2296,2296,0,11814
2297,2297,0,4194
2298,2298,0,-14449
2299,2299,0,4802
2300,2300,0,11238
2301,2301,0,11238
2302,2302,0,11238
2303,2303,0,11238
2304,2304,0,11238
2305,2305,0,11238
2306,2306,0,11238
2307,2307,0,11238
2308,2308,0,-11853
2309,2309,0,-4138
2310,2310,0,14251
2311,2311,0,-4802
2312,2312,0,-11079
2313,2313,0,11685
2314,2314,0,11685
2315,2315,0,11685
2316,2316,0,11685
2317,2317,0,11685
2318,2318,0,11685
2319,2319,0,11685
2320,2320,0,11685
2321,2321,0,3748
2322,2322,0,5132
2323,2323,0,-11020
2324,2324,0,-2471
2325,2325,0,12570
2326,2326,0,-5132
2327,2327,0,-5132
2328,2328,0,-5132
2329,2329,0,-5132
2330,2330,0,-5132
2331,2331,0,-5132
2332,2332,0,-5132
2333,2333,0,-5132
2334,2334,0,-9384
2335,2335,0,11020
2336,2336,0,2471
2337,2337,0,-12604
2338,2338,0,5132
2339,2339,0,9192
2340,2340,0,9192
2341,2341,0,9192
2342,2342,0,9192
2343,2343,0,9192
2344,2344,0,9192
2345,2345,0,9192
2346,2346,0,9192
2347,2347,0,-10794
2348,2348,0,-2420
2349,2349,0,12048
2350,2350,0,-8792
2351,2351,0,10794
2352,2352,0,2420
2353,2353,0,2420
2354,2354,0,2420
2355,2355,0,2420
2356,2356,0,2420
2357,2357,0,2420
2358,2358,0,2420
2359,2359,0,2420
2360,2360,0,-12048
2361,2361,0,5190
2362,2362,0,8792
2363,2363,0,-10465
2364,2364,0,-2029
2365,2365,0,9828
2366,2366,0,9828
2367,2367,0,9828
2368,2368,0,9828
2369,2369,0,9828
2370,2370,0,9828
2371,2371,0,9828
2372,2372,0,1310
2373,2373,0,-10496
2374,2374,0,5187
2375,2375,0,7379
2376,2376,0,-9502
2377,2377,0,-1019
2378,2378,0,-1019
2379,2379,0,-1019
2380,2380,0,-1019
2381,2381,0,-1019
2382,2382,0,-1019
2383,2383,0,-1019
2384,2384,0,-1019
2385,2385,0,10194
2386,2386,0,-7167
2387,2387,0,9396
2388,2388,0,1272
2389,2389,0,-9835
2390,2390,0,4968
2391,2391,0,4968
2392,2392,0,4968
2393,2393,0,4968
2394,2394,0,4968
2395,2395,0,4968
2396,2396,0,4968
2397,2397,0,4968
2398,2398,0,6769
2399,2399,0,-9215
2400,2400,0,-1234
2401,2401,0,9835
2402,2402,0,-5018
2403,2403,0,-8448
2404,2404,0,-8448
2405,2405,0,-8448
2406,2406,0,-8448
2407,2407,0,-8448
2408,2408,0,-8448
2409,2409,0,-8448
2410,2410,0,-8448
2411,2411,0,4870
2412,2412,0,5561
2413,2413,0,-413
2414,2414,0,8118
2415,2415,0,-4680
2416,2416,0,-5182
2417,2417,0,-5182
2418,2418,0,-5182
2419,2419,0,-5182
2420,2420,0,-5182
2421,2421,0,-5182
2422,2422,0,-5182
2423,2423,0,-5182
2424,2424,0,7859
2425,2425,0,198
2426,2426,0,-7728
2427,2427,0,4487
2428,2428,0,4968
2429,2429,0,-7604
2430,2430,0,-7604
2431,2431,0,-7604
2432,2432,0,-7604
2433,2433,0,-7604
2434,2434,0,-7604
2435,2435,0,-7604
2436,2436,0,-7604
2437,2437,0,-198
2438,2438,0,7783
2439,2439,0,-4487
2440,2440,0,7334
2441,2441,0,190
2442,2442,0,308
2443,2443,0,308
2444,2444,0,308
2445,2445,0,308
2446,2446,0,308
2447,2447,0,308
2448,2448,0,308
2449,2449,0,308
2450,2450,0,5904
2451,2451,0,-3858
2452,2452,0,-3610
2453,2453,0,6000
2454,2454,0,-289
2455,2455,0,-5501
2456,2456,0,-5501
2457,2457,0,-5501
2458,2458,0,-5501
2459,2459,0,-5501
2460,2460,0,-5501
2461,2461,0,-5501
2462,2462,0,3628
2463,2463,0,3276
2464,2464,0,-5683
2465,2465,0,271
2466,2466,0,5150
2467,2467,0,-3502
2468,2468,0,-3502
2469,2469,0,-3502
2470,2470,0,-3502
2471,2471,0,-3502
2472,2472,0,-3502
2473,2473,0,-3502
2474,2474,0,-3502
2475,2475,0,-3066
2476,2476,0,-271
2477,2477,0,-4795
2478,2478,0,3260
2479,2479,0,2953
2480,2480,0,-2600
2481,2481,0,-2600
2482,2482,0,-2600
2483,2483,0,-2600
2484,2484,0,-2600
2485,2485,0,-2600
2486,2486,0,-2600
2487,2487,0,-2600
2488,2488,0,-1769
2489,2489,0,3521
2490,2490,0,-352
2491,2491,0,-3282
2492,2492,0,2411
2493,2493,0,1769
2494,2494,0,1769
2495,2495,0,1769
2496,2496,0,1769
2497,2497,0,1769
2498,2498,0,1769
2499,2499,0,1769
2500,2500,0,1769
2501,2501,0,-3135
2502,2502,0,391
2503,2503,0,-2204
2504,2504,0,-1576
2505,2505,0,2760
2506,2506,0,-343
2507,2507,0,-343
2508,2508,0,-343
2509,2509,0,-343
2510,2510,0,-343
2511,2511,0,-343
2512,2512,0,-343
2513,2513,0,-343
2514,2514,0,-2532
2515,2515,0,1931
2516,2516,0,1320
2517,2517,0,-2747
2518,2518,0,343
2519,2519,0,-206
2520,2520,0,-206
2521,2521,0,-206
2522,2522,0,-206
2523,2523,0,-206
2524,2524,0,-206
2525,2525,0,-206
2526,2526,0,-206
2527,2527,0,-700
2528,2528,0,582
2529,2529,0,515
2530,2530,0,157
2531,2531,0,700
2532,2532,0,-596
2533,2533,0,-596
2534,2534,0,-596
2535,2535,0,-596
2536,2536,0,-596
2537,2537,0,-596
2538,2538,0,-596
2539,2539,0,-596
2540,2540,0,-163
2541,2541,0,798
2542,2542,0,-88
2543,2543,0,-350
2544,2544,0,298
2545,2545,0,0
2546,2546,0,0
2547,2547,0,0
2548,2548,0,0
2549,2549,0,0
2550,2550,0,0
2551,2551,0,0
2552,2552,0,0
2553,2553,0,0
2554,2554,0,350
2555,2555,0,0
2556,2556,0,0
2557,2557,0,0
2558,2558,0,0
2559,2559,0,0
2560,2560,0,0
2561,2561,0,0
2562,2562,0,0
2563,2563,0,0
2564,2564,0,0
2565,2565,0,1668
2566,2566,0,-676
2567,2567,0,2403
2568,2568,0,-698
2569,2569,0,-1966
2570,2570,0,1895
2571,2571,0,1895
2572,2572,0,1895
2573,2573,0,1895
2574,2574,0,1895
2575,2575,0,1895
2576,2576,0,1895
2577,2577,0,1895
2578,2578,0,810
2579,2579,0,-2403
2580,2580,0,813
2581,2581,0,2290
2582,2582,0,-2250
2583,2583,0,-879
2584,2584,0,-879
2585,2585,0,-879
2586,2586,0,-879
2587,2587,0,-879
2588,2588,0,-879
2589,2589,0,-879
2590,2590,0,-879
2591,2591,0,2800
2592,2592,0,-813
2593,2593,0,2250
2594,2594,0,1003
2595,2595,0,-3197
2596,2596,0,1126
2597,2597,0,1126
2598,2598,0,1126
2599,2599,0,1126
2600,2600,0,1126
2601,2601,0,1126
2602,2602,0,1126
2603,2603,0,1126
2604,2604,0,2884
2605,2605,0,-2935
2606,2606,0,-1042
2607,2607,0,3590
2608,2608,0,-1126
2609,2609,0,1850
2610,2610,0,1850
2611,2611,0,1850
2612,2612,0,1850
2613,2613,0,1850
2614,2614,0,1850
2615,2615,0,1850
2616,2616,0,3973
2617,2617,0,-4342
2618,2618,0,-1249
2619,2619,0,5133
2620,2620,0,-4267
2621,2621,0,-4267
2622,2622,0,-4267
2623,2623,0,-4267
2624,2624,0,-4267
2625,2625,0,-4267
2626,2626,0,-4267
2627,2627,0,-4267
2628,2628,0,-4267
2629,2629,0,1341
2630,2630,0,-5505
2631,2631,0,2257
2632,2632,0,4465
2633,2633,0,-4982
2634,2634,0,-4982
2635,2635,0,-4982
2636,2636,0,-4982
2637,2637,0,-4982
2638,2638,0,-4982
2639,2639,0,-4982
2640,2640,0,-1292
2641,2641,0,5880
2642,2642,0,-2541
2643,2643,0,-4748
2644,2644,0,5378
2645,2645,0,1374
2646,2646,0,1374
2647,2647,0,1374
2648,2648,0,1374
2649,2649,0,1374
2650,2650,0,1374
2651,2651,0,1374
2652,2652,0,1374
2653,2653,0,-6240
2654,2654,0,5594
2655,2655,0,-7122
2656,2656,0,7988
2657,2657,0,-3631
2658,2658,0,-5710
2659,2659,0,-5710
2660,2660,0,-5710
2661,2661,0,-5710
2662,2662,0,-5710
2663,2663,0,-5710
2664,2664,0,-5710
2665,2665,0,-5710
2666,2666,0,7213
2667,2667,0,1236
2668,2668,0,-8299
2669,2669,0,3971
2670,2670,0,5808
2671,2671,0,-7524
2672,2672,0,-7524
2673,2673,0,-7524
2674,2674,0,-7524
2675,2675,0,-7524
2676,2676,0,-7524
2677,2677,0,-7524
2678,2678,0,-1286
2679,2679,0,8637
2680,2680,0,-4132
2681,2681,0,-6044
2682,2682,0,7924
2683,2683,0,1286
2684,2684,0,1286
2685,2685,0,1286
2686,2686,0,1286
2687,2687,0,1286
2688,2688,0,1286
2689,2689,0,1286
2690,2690,0,1286
2691,2691,0,-8927
2692,2692,0,6277
2693,2693,0,-8229
2694,2694,0,-1114
2695,2695,0,9253
2696,2696,0,-4650
2697,2697,0,-4650
2698,2698,0,-4650
2699,2699,0,-4650
2700,2700,0,-4650
2701,2701,0,-4650
2702,2702,0,-4650
2703,2703,0,-4650
2704,2704,0,5344
2705,2705,0,6789
2706,2706,0,-9984
2707,2707,0,-787
2708,2708,0,10381
2709,2709,0,-5725
2710,2710,0,-5725
2711,2711,0,-5725
2712,2712,0,-5725
2713,2713,0,-5725
2714,2714,0,-5725
2715,2715,0,-5725
2716,2716,0,-5725
2717,2717,0,-6990
2718,2718,0,9887
2719,2719,0,-10381
2720,2720,0,5887
2721,2721,0,6980
2722,2722,0,-10266
2723,2723,0,-10266
2724,2724,0,-10266
2725,2725,0,-10266
2726,2726,0,-10266
2727,2727,0,-10266
2728,2728,0,-10266
2729,2729,0,-10266
2730,2730,0,-540
2731,2731,0,10673
2732,2732,0,-6044
2733,2733,0,-6951
2734,2734,0,10637
2735,2735,0,554
2736,2736,0,554
2737,2737,0,554
2738,2738,0,554
2739,2739,0,554
2740,2740,0,554
2741,2741,0,554
2742,2742,0,554
2743,2743,0,-11165
2744,2744,0,7293
2745,2745,0,-12360
2746,2746,0,12162
2747,2747,0,-7694
2748,2748,0,-7437
2749,2749,0,-7437
2750,2750,0,-7437
2751,2751,0,-7437
2752,2752,0,-7437
2753,2753,0,-7437
2754,2754,0,-7437
2755,2755,0,-7437
2756,2756,0,12683
2757,2757,0,-317
2758,2758,0,-12391
2759,2759,0,7947
2760,2760,0,7311
2761,2761,0,-12683
2762,2762,0,-12683
2763,2763,0,-12683
2764,2764,0,-12683
2765,2765,0,-12683
2766,2766,0,-12683
2767,2767,0,-12683
2768,2768,0,323
2769,2769,0,12498
2770,2770,0,-8498
2771,2771,0,-7442
2772,2772,0,12683
2773,2773,0,-657
2774,2774,0,-657
2775,2775,0,-657
2776,2776,0,-657
2777,2777,0,-657
2778,2778,0,-657
2779,2779,0,-657
2780,2780,0,-657
2781,2781,0,-12498
2782,2782,0,7288
2783,2783,0,-13215
2784,2784,0,1002
2785,2785,0,12586
2786,2786,0,-8642
2787,2787,0,-8642
2788,2788,0,-8642
2789,2789,0,-8642
2790,2790,0,-8642
2791,2791,0,-8642
2792,2792,0,-8642
2793,2793,0,-8642
2794,2794,0,9704
2795,2795,0,7122
2796,2796,0,-14098
2797,2797,0,1769
2798,2798,0,13229
2799,2799,0,-9828
2800,2800,0,-9828
2801,2801,0,-9828
2802,2802,0,-9828
2803,2803,0,-9828
2804,2804,0,-9828
2805,2805,0,-9828
2806,2806,0,-9828
2807,2807,0,-6899
2808,2808,0,14353
2809,2809,0,-13379
2810,2810,0,10091
2811,2811,0,6982
2812,2812,0,-14593
2813,2813,0,-14593
2814,2814,0,-14593
2815,2815,0,-14593
2816,2816,0,-14593
2817,2817,0,-14593
2818,2818,0,-14593
2819,2819,0,-14593
2820,2820,0,2173
2821,2821,0,13389
2822,2822,0,-10328
2823,2823,0,-7061
2824,2824,0,14526
2825,2825,0,-2198
2826,2826,0,-2198
2827,2827,0,-2198
2828,2828,0,-2198
2829,2829,0,-2198
2830,2830,0,-2198
2831,2831,0,-2198
2832,2832,0,-2198
2833,2833,0,-13379
2834,2834,0,6354
2835,2835,0,-15603
2836,2836,0,13642
2837,2837,0,-11617
2838,2838,0,-6399
2839,2839,0,-6399
2840,2840,0,-6399
2841,2841,0,-6399
2842,2842,0,-6399
2843,2843,0,-6399
2844,2844,0,-6399
2845,2845,0,-6399
2846,2846,0,15714
2847,2847,0,-3081
2848,2848,0,-13544
2849,2849,0,11957
2850,2850,0,6399
2851,2851,0,-15816
2852,2852,0,-15816
2853,2853,0,-15816
2854,2854,0,-15816
2855,2855,0,-15816
2856,2856,0,-15816
2857,2857,0,-15816
2858,2858,0,3482
2859,2859,0,13632
2860,2860,0,-11776
2861,2861,0,-6082
2862,2862,0,15943
2863,2863,0,-3482
2864,2864,0,-3482
2865,2865,0,-3482
2866,2866,0,-3482
2867,2867,0,-3482
2868,2868,0,-3482
2869,2869,0,-3482
2870,2870,0,-3482
2871,2871,0,-13632
2872,2872,0,6118
2873,2873,0,-15943
2874,2874,0,3884
2875,2875,0,13712
2876,2876,0,-12105
2877,2877,0,-12105
2878,2878,0,-12105
2879,2879,0,-12105
2880,2880,0,-12105
2881,2881,0,-12105
2882,2882,0,-12105
2883,2883,0,-12105
2884,2884,0,13097
2885,2885,0,5478
2886,2886,0,-16300
2887,2887,0,4733
2888,2888,0,13331
2889,2889,0,-13097
2890,2890,0,-13097
2891,2891,0,-13097
2892,2892,0,-13097
2893,2893,0,-13097
2894,2894,0,-13097
2895,2895,0,-13097
2896,2896,0,-13097
2897,2897,0,-5493
2898,2898,0,16339
2899,2899,0,-13359
2900,2900,0,13124
2901,2901,0,5133
2902,2902,0,-16340
2903,2903,0,-16340
2904,2904,0,-16340
2905,2905,0,-16340
2906,2906,0,-16340
2907,2907,0,-16340
2908,2908,0,-16340
2909,2909,0,-16340
2910,2910,0,5133
2911,2911,0,13359
2912,2912,0,-13380
2913,2913,0,-4750
2914,2914,0,16364
2915,2915,0,-5133
2916,2916,0,-5133
2917,2917,0,-5133
2918,2918,0,-5133
2919,2919,0,-5133
2920,2920,0,-5133
2921,2921,0,-5133
2922,2922,0,-5133
2923,2923,0,-6240
2924,2924,0,-12346
2925,2925,0,13775
2926,2926,0,-16261
2927,2927,0,6240
2928,2928,0,12346
2929,2929,0,12346
2930,2930,0,12346
2931,2931,0,12346
2932,2932,0,12346
2933,2933,0,12346
2934,2934,0,12346
2935,2935,0,12346
2936,2936,0,-13775
2937,2937,0,-3962
2938,2938,0,16261
2939,2939,0,-6223
2940,2940,0,-12313
2941,2941,0,13947
2942,2942,0,13947
2943,2943,0,13947
2944,2944,0,13947
2945,2945,0,13947
2946,2946,0,13947
2947,2947,0,13947
2948,2948,0,3563
2949,2949,0,-16183
2950,2950,0,6223
2951,2951,0,12313
2952,2952,0,-14101
2953,2953,0,-3162
2954,2954,0,-3162
2955,2955,0,-3162
2956,2956,0,-3162
2957,2957,0,-3162
2958,2958,0,-3162
2959,2959,0,-3162
2960,2960,0,-3162
2961,2961,0,16128
2962,2962,0,-11961
2963,2963,0,14046
2964,2964,0,3551
2965,2965,0,-14104
2966,2966,0,-2717
2967,2967,0,-2717
2968,2968,0,-2717
2969,2969,0,-2717
2970,2970,0,-2717
2971,2971,0,-2717
2972,2972,0,-2717
2973,2973,0,-2717
2974,2974,0,15721
2975,2975,0,-7100
2976,2976,0,-11165
2977,2977,0,14104
2978,2978,0,2317
2979,2979,0,-15448
2980,2980,0,-15448
2981,2981,0,-15448
2982,2982,0,-15448
2983,2983,0,-15448
2984,2984,0,-15448
2985,2985,0,-15448
2986,2986,0,-15448
2987,2987,0,7391
2988,2988,0,11086
2989,2989,0,-2300
2990,2990,0,15258
2991,2991,0,-7334
2992,2992,0,-10727
2993,2993,0,-10727
2994,2994,0,-10727
2995,2995,0,-10727
2996,2996,0,-10727
2997,2997,0,-10727
2998,2998,0,-10727
2999,2999,0,-10727
3000,3000,0,14063
3001,3001,0,1904
3002,3002,0,-15258
3003,3003,0,7334
3004,3004,0,14615
3005,3005,0,-7700
3006,3006,0,-7700
3007,3007,0,-7700
3008,3008,0,-7700
3009,3009,0,-7700
3010,3010,0,-7700
3011,3011,0,-7700
3012,3012,0,-7700
3013,3013,0,-9783
3014,3014,0,13838
3015,3015,0,1090
3016,3016,0,7614
3017,3017,0,9284
3018,3018,0,-13654
3019,3019,0,-13654
3020,3020,0,-13654
3021,3021,0,-13654
3022,3022,0,-13654
3023,3023,0,-13654
3024,3024,0,-13654
3025,3025,0,-13654
3026,3026,0,-1077
3027,3027,0,14367
3028,3028,0,-7924
3029,3029,0,-9284
3030,3030,0,13654
3031,3031,0,718
3032,3032,0,718
3033,3033,0,718
3034,3034,0,718
3035,3035,0,718
3036,3036,0,718
3037,3037,0,718
3038,3038,0,-14196
3039,3039,0,8028
3040,3040,0,8890
3041,3041,0,-13481
3042,3042,0,13143
3043,3043,0,0
3044,3044,0,0
3045,3045,0,0
3046,3046,0,0
3047,3047,0,0
3048,3048,0,0
3049,3049,0,0
3050,3050,0,0
3051,3051,0,-12935
3052,3052,0,8115
3053,3053,0,-12819
3054,3054,0,0
3055,3055,0,12613
3056,3056,0,-7839
3057,3057,0,-7839
3058,3058,0,-7839
3059,3059,0,-7839
3060,3060,0,-7839
3061,3061,0,-7839
3062,3062,0,-7839
3063,3063,0,-7839
3064,3064,0,-7578
3065,3065,0,12593
3066,3066,0,-323
3067,3067,0,-12391
3068,3068,0,8096
3069,3069,0,7311
3070,3070,0,7311
3071,3071,0,7311
3072,3072,0,7311
3073,3073,0,7311
3074,3074,0,7311
3075,3075,0,7311
3076,3076,0,7311
3077,3077,0,-12593
3078,3078,0,323
3079,3079,0,-7947
3080,3080,0,-7176
3081,3081,0,-1136
3082,3082,0,-10591
3083,3083,0,-10591
3084,3084,0,-10591
3085,3085,0,-10591
3086,3086,0,-10591
3087,3087,0,-10591
3088,3088,0,-10591
3089,3089,0,-10591
3090,3090,0,7567
3091,3091,0,5956
3092,3092,0,-11304
3093,3093,0,1107
3094,3094,0,10328
3095,3095,0,-7587
3096,3096,0,-7587
3097,3097,0,-7587
3098,3098,0,-7587
3099,3099,0,-7587
3100,3100,0,-7587
3101,3101,0,-7587
3102,3102,0,-7587
3103,3103,0,-5568
3104,3104,0,11023
3105,3105,0,-1347
3106,3106,0,7587
3107,3107,0,5568
3108,3108,0,-10791
3109,3109,0,-10791
3110,3110,0,-10791
3111,3111,0,-10791
3112,3112,0,-10791
3113,3113,0,-10791
3114,3114,0,-10791
3115,3115,0,-10791
3116,3116,0,1347
3117,3117,0,9947
3118,3118,0,-7389
3119,3119,0,-5275
3120,3120,0,10791
3121,3121,0,-1347
3122,3122,0,-1347
3123,3123,0,-1347
3124,3124,0,-1347
3125,3125,0,-1347
3126,3126,0,-1347
3127,3127,0,-1347
3128,3128,0,-9674
3129,3129,0,7379
3130,3130,0,5045
3131,3131,0,-10241
3132,3132,0,9034
3133,3133,0,-1776
3134,3134,0,-1776
3135,3135,0,-1776
3136,3136,0,-1776
3137,3137,0,-1776
3138,3138,0,-1776
3139,3139,0,-1776
3140,3140,0,-1776
3141,3141,0,-8028
3142,3142,0,3892
3143,3143,0,-9034
3144,3144,0,1776
3145,3145,0,7627
3146,3146,0,-6592
3147,3147,0,-6592
3148,3148,0,-6592
3149,3149,0,-6592
3150,3150,0,-6592
3151,3151,0,-6592
3152,3152,0,-6592
3153,3153,0,-6592
3154,3154,0,-3892
3155,3155,0,8700
3156,3156,0,-1710
3157,3157,0,-7627
3158,3158,0,6241
3159,3159,0,3413
3160,3160,0,3413
3161,3161,0,3413
3162,3162,0,3413
3163,3163,0,3413
3164,3164,0,3413
3165,3165,0,3413
3166,3166,0,3413
3167,3167,0,-8382
3168,3168,0,1643
3169,3169,0,-6378
3170,3170,0,-3413
3171,3171,0,-1672
3172,3172,0,-5213
3173,3173,0,-5213
3174,3174,0,-5213
3175,3175,0,-5213
3176,3176,0,-5213
3177,3177,0,-5213
3178,3178,0,-5213
3179,3179,0,-5213
3180,3180,0,4943
3181,3181,0,2112
3182,3182,0,-6268
3183,3183,0,1820
3184,3184,0,5213
3185,3185,0,-4943
3186,3186,0,-4943
3187,3187,0,-4943
3188,3188,0,-4943
3189,3189,0,-4943
3190,3190,0,-4943
3191,3191,0,-4943
3192,3192,0,-1986
3193,3193,0,5895
3194,3194,0,-1712
3195,3195,0,-4821
3196,3196,0,1731
3197,3197,0,1731
3198,3198,0,1731
3199,3199,0,1731
3200,3200,0,1731
3201,3201,0,1731
3202,3202,0,1731
3203,3203,0,1731
3204,3204,0,1731
3205,3205,0,3777
3206,3206,0,4433
3207,3207,0,-4433
3208,3208,0,-1731
3209,3209,0,5519
3210,3210,0,5519
3211,3211,0,5519
3212,3212,0,5519
3213,3213,0,5519
3214,3214,0,5519
3215,3215,0,5519
3216,3216,0,-1612
3217,3217,0,-4128
3218,3218,0,4433
3219,3219,0,1612
3220,3220,0,-5140
3221,3221,0,3193
3222,3222,0,3193
3223,3223,0,3193
3224,3224,0,3193
3225,3225,0,3193
3226,3226,0,3193
3227,3227,0,3193
3228,3228,0,-1150
3229,3229,0,-2471
3230,3230,0,2701
3231,3231,0,777
3232,3232,0,1150
3233,3233,0,1150
3234,3234,0,1150
3235,3235,0,1150
3236,3236,0,1150
3237,3237,0,1150
3238,3238,0,1150
3239,3239,0,1150
3240,3240,0,1150
3241,3241,0,-2701
3242,3242,0,-777
3243,3243,0,2793
3244,3244,0,-1150
3245,3245,0,-2165
3246,3246,0,-2165
3247,3247,0,-2165
3248,3248,0,-2165
3249,3249,0,-2165
3250,3250,0,-2165
3251,3251,0,-2165
3252,3252,0,2402
3253,3253,0,527
3254,3254,0,-2793
3255,3255,0,1072
3256,3256,0,2121
3257,3257,0,-2366
3258,3258,0,-2366
3259,3259,0,-2366
3260,3260,0,-2366
3261,3261,0,-2366
3262,3262,0,-2366
3263,3263,0,-2366
3264,3264,0,-2366
3265,3265,0,-527
3266,3266,0,-181
3267,3267,0,0
3268,3268,0,0
3269,3269,0,-398
3270,3270,0,0
3271,3271,0,0
3272,3272,0,0
3273,3273,0,0
3274,3274,0,0
3275,3275,0,0
3276,3276,0,0
3277,3277,0,0
3278,3278,0,0
3279,3279,0,0
3280,3280,0,0
3281,3281,0,0
3282,3282,0,0
3283,3283,0,0
3284,3284,0,0
3285,3285,0,0
3286,3286,0,0
3287,3287,0,0
3288,3288,0,0
3289,3289,0,0
3290,3290,0,-363
3291,3291,0,-59
3292,3292,0,396
3293,3293,0,-181
3294,3294,0,-284
3295,3295,0,359
3296,3296,0,359
3297,3297,0,359
3298,3298,0,359
3299,3299,0,359
3300,3300,0,359
3301,3301,0,359
3302,3302,0,359
3303,3303,0,59
3304,3304,0,379
3305,3305,0,554
3306,3306,0,-718
3307,3307,0,-148
3308,3308,0,1182
3309,3309,0,1182
3310,3310,0,1182
3311,3311,0,1182
3312,3312,0,1182
3313,3313,0,1182
3314,3314,0,1182
3315,3315,0,1182
3316,3316,0,-2717
3317,3317,0,1440
3318,3318,0,1830
3319,3319,0,-2588
3320,3320,0,-235
3321,3321,0,3101
3322,3322,0,3101
3323,3323,0,3101
3324,3324,0,3101
3325,3325,0,3101
3326,3326,0,3101
3327,3327,0,3101
3328,3328,0,3101
3329,3329,0,-1710
3330,3330,0,-2028
3331,3331,0,235
3332,3332,0,-3101
3333,3333,0,1710
3334,3334,0,2277
3335,3335,0,2277
3336,3336,0,2277
3337,3337,0,2277
3338,3338,0,2277
3339,3339,0,2277
3340,3340,0,2277
3341,3341,0,2277
3342,3342,0,-3349
3343,3343,0,-176
3344,3344,0,3482
3345,3345,0,-1921
3346,3346,0,-2449
3347,3347,0,3748
3348,3348,0,3748
3349,3349,0,3748
3350,3350,0,3748
3351,3351,0,3748
3352,3352,0,3748
3353,3353,0,3748
3354,3354,0,3748
3355,3355,0,195
3356,3356,0,3513
3357,3357,0,3395
3358,3358,0,0
3359,3359,0,5552
3360,3360,0,-3628
3361,3361,0,-3628
3362,3362,0,-3628
3363,3363,0,-3628
3364,3364,0,-3628
3365,3365,0,-3628
3366,3366,0,-3628
3367,3367,0,-3628
3368,3368,0,-3395
3369,3369,0,5643
3370,3370,0,-154
3371,3371,0,-5904
3372,3372,0,3858
3373,3373,0,3689
3374,3374,0,3689
3375,3375,0,3689
3376,3376,0,3689
3377,3377,0,3689
3378,3378,0,3689
3379,3379,0,3689
3380,3380,0,-6399
3381,3381,0,154
3382,3382,0,5904
3383,3383,0,-4085
3384,3384,0,-3689
3385,3385,0,6399
3386,3386,0,6399
3387,3387,0,6399
3388,3388,0,6399
3389,3389,0,6399
3390,3390,0,6399
3391,3391,0,6399
3392,3392,0,6399
3393,3393,0,-326
3394,3394,0,4085
3395,3395,0,3892
3396,3396,0,-6751
3397,3397,0,344
3398,3398,0,6536
3399,3399,0,6536
3400,3400,0,6536
3401,3401,0,6536
3402,3402,0,6536
3403,3403,0,6536
3404,3404,0,6536
3405,3405,0,6536
3406,3406,0,-7700
3407,3407,0,5502
3408,3408,0,4320
3409,3409,0,-8597
3410,3410,0,859
3411,3411,0,8014
3412,3412,0,8014
3413,3413,0,8014
3414,3414,0,8014
3415,3415,0,8014
3416,3416,0,8014
3417,3417,0,8014
3418,3418,0,8014
3419,3419,0,-5887
3420,3420,0,-4320
3421,3421,0,-1114
3422,3422,0,-8014
3423,3423,0,6277
3424,3424,0,4291
3425,3425,0,4291
3426,3426,0,4291
3427,3427,0,4291
3428,3428,0,4291
3429,3429,0,4291
3430,3430,0,4291
3431,3431,0,4291
3432,3432,0,-8927
3433,3433,0,1114
3434,3434,0,8528
3435,3435,0,-6505
3436,3436,0,-4447
3437,3437,0,9616
3438,3438,0,9616
3439,3439,0,9616
3440,3440,0,9616
3441,3441,0,9616
3442,3442,0,9616
3443,3443,0,9616
3444,3444,0,-1432
3445,3445,0,8371
3446,3446,0,4578
3447,3447,0,-11243
3448,3448,0,9690
3449,3449,0,9690
3450,3450,0,9690
3451,3451,0,9690
3452,3452,0,9690
3453,3453,0,9690
3454,3454,0,9690
3455,3455,0,9690
3456,3456,0,9690
3457,3457,0,-4578
3458,3458,0,11213
3459,3459,0,-2204
3460,3460,0,-9937
3461,3461,0,8772
3462,3462,0,8772
3463,3463,0,8772
3464,3464,0,8772
3465,3465,0,8772
3466,3466,0,8772
3467,3467,0,8772
3468,3468,0,4433
3469,3469,0,-11529
3470,3470,0,2538
3471,3471,0,10080
3472,3472,0,-8985
3473,3473,0,-4541
3474,3474,0,-4541
3475,3475,0,-4541
3476,3476,0,-4541
3477,3477,0,-4541
3478,3478,0,-4541
3479,3479,0,-4541
3480,3480,0,11809
3481,3481,0,-2883
3482,3482,0,-10178
3483,3483,0,9192
3484,3484,0,-11834
3485,3485,0,-11834
3486,3486,0,-11834
3487,3487,0,-11834
3488,3488,0,-11834
3489,3489,0,-11834
3490,3490,0,-11834
3491,3491,0,-11834
3492,3492,0,-11834
3493,3493,0,10412
3494,3494,0,-10760
3495,3495,0,10375
3496,3496,0,4433
3497,3497,0,-13156
3498,3498,0,-13156
3499,3499,0,-13156
3500,3500,0,-13156
3501,3501,0,-13156
3502,3502,0,-13156
3503,3503,0,-13156
3504,3504,0,3820
3505,3505,0,10952
3506,3506,0,-10760
3507,3507,0,-4202
3508,3508,0,13623
3509,3509,0,-4273
3510,3510,0,-4273
3511,3511,0,-4273
3512,3512,0,-4273
3513,3513,0,-4273
3514,3514,0,-4273
3515,3515,0,-4273
3516,3516,0,-4273
3517,3517,0,-10942
3518,3518,0,10942
3519,3519,0,4273
3520,3520,0,3955
3521,3521,0,10942
3522,3522,0,-11317
3523,3523,0,-11317
3524,3524,0,-11317
3525,3525,0,-11317
3526,3526,0,-11317
3527,3527,0,-11317
3528,3528,0,-11317
3529,3529,0,-11317
3530,3530,0,-4273
3531,3531,0,13623
3532,3532,0,-4342
3533,3533,0,12513
3534,3534,0,3599
3535,3535,0,-14793
3536,3536,0,-14793
3537,3537,0,-14793
3538,3538,0,-14793
3539,3539,0,-14793
3540,3540,0,-14793
3541,3541,0,-14793
3542,3542,0,5668
3543,3543,0,11342
3544,3544,0,-12847
3545,3545,0,-3282
3546,3546,0,14938
3547,3547,0,-5732
3548,3548,0,-5732
3549,3549,0,-5732
3550,3550,0,-5732
3551,3551,0,-5732
3552,3552,0,-5732
3553,3553,0,-5732
3554,3554,0,-5732
3555,3555,0,-11342
3556,3556,0,3639
3557,3557,0,-14938
3558,3558,0,5793
3559,3559,0,11216
3560,3560,0,-12983
3561,3561,0,-12983
3562,3562,0,-12983
3563,3563,0,-12983
3564,3564,0,-12983
3565,3565,0,-12983
3566,3566,0,-12983
3567,3567,0,-12983
3568,3568,0,-3317
3569,3569,0,15212
3570,3570,0,-6195
3571,3571,0,-11326
3572,3572,0,13111
3573,3573,0,2982
3574,3574,0,2982
3575,3575,0,2982
3576,3576,0,2982
3577,3577,0,2982
3578,3578,0,2982
3579,3579,0,2982
3580,3580,0,2982
3581,3581,0,-15212
3582,3582,0,6195
3583,3583,0,-11238
3584,3584,0,14196
3585,3585,0,2332
3586,3586,0,-15659
3587,3587,0,-15659
3588,3588,0,-15659
3589,3589,0,-15659
3590,3590,0,-15659
3591,3591,0,-15659
3592,3592,0,-15659
3593,3593,0,-15659
3594,3594,0,7146
3595,3595,0,11023
3596,3596,0,-14451
3597,3597,0,-1957
3598,3598,0,15751
3599,3599,0,-7536
3600,3600,0,-7536
3601,3601,0,-7536
3602,3602,0,-7536
3603,3603,0,-7536
3604,3604,0,-7536
3605,3605,0,-7536
3606,3606,0,-7536
3607,3607,0,-11023
3608,3608,0,14279
3609,3609,0,2346
3610,3610,0,7920
3611,3611,0,11080
3612,3612,0,-14526
3613,3613,0,-14526
3614,3614,0,-14526
3615,3615,0,-14526
3616,3616,0,-14526
3617,3617,0,-14526
3618,3618,0,-14526
3619,3619,0,-14526
3620,3620,0,-1967
3621,3621,0,15833
3622,3622,0,-7957
3623,3623,0,15096
3624,3624,0,1204
3625,3625,0,-15874
3626,3626,0,-15874
3627,3627,0,-15874
3628,3628,0,-15874
3629,3629,0,-15874
3630,3630,0,-15874
3631,3631,0,-15874
3632,3632,0,8755
3633,3633,0,10382
3634,3634,0,-15268
3635,3635,0,-804
3636,3636,0,15786
3637,3637,0,-8755
3638,3638,0,-8755
3639,3639,0,-8755
3640,3640,0,-8755
3641,3641,0,-8755
3642,3642,0,-8755
3643,3643,0,-8755
3644,3644,0,-8755
3645,3645,0,-10391
3646,3646,0,804
3647,3647,0,-15791
3648,3648,0,9103
3649,3649,0,10080
3650,3650,0,-15427
3651,3651,0,-15427
3652,3652,0,-15427
3653,3653,0,-15427
3654,3654,0,-15427
3655,3655,0,-15427
3656,3656,0,-15427
3657,3657,0,-15427
3658,3658,0,-804
3659,3659,0,15791
3660,3660,0,-9431
3661,3661,0,-10080
3662,3662,0,15422
3663,3663,0,402
3664,3664,0,402
3665,3665,0,402
3666,3666,0,402
3667,3667,0,402
3668,3668,0,402
3669,3669,0,402
3670,3670,0,402
3671,3671,0,-15674
3672,3672,0,9431
3673,3673,0,-9034
3674,3674,0,15561
3675,3675,0,-399
3676,3676,0,-15259
3677,3677,0,-15259
3678,3678,0,-15259
3679,3679,0,-15259
3680,3680,0,-15259
3681,3681,0,-15259
3682,3682,0,-15259
3683,3683,0,-15259
3684,3684,0,9971
3685,3685,0,9004
3686,3686,0,-15509
3687,3687,0,795
3688,3688,0,15061
3689,3689,0,-9971
3690,3690,0,-9971
3691,3691,0,-9971
3692,3692,0,-9971
3693,3693,0,-9971
3694,3694,0,-9971
3695,3695,0,-9971
3696,3696,0,-9971
3697,3697,0,-8969
3698,3698,0,15558
3699,3699,0,-789
3700,3700,0,10194
3701,3701,0,8597
3702,3702,0,-15587
3703,3703,0,-15587
3704,3704,0,-15587
3705,3705,0,-15587
3706,3706,0,-15587
3707,3707,0,-15587
3708,3708,0,-15587
3709,3709,0,-15587
3710,3710,0,792
3711,3711,0,14992
3712,3712,0,-10194
3713,3713,0,15258
3714,3714,0,-1904
3715,3715,0,-14063
3716,3716,0,-14063
3717,3717,0,-14063
3718,3718,0,-14063
3719,3719,0,-14063
3720,3720,0,-14063
3721,3721,0,-14063
3722,3722,0,10448
3723,3723,0,7272
3724,3724,0,-15200
3725,3725,0,1888
3726,3726,0,13945
3727,3727,0,-10637
3728,3728,0,-10637
3729,3729,0,-10637
3730,3730,0,-10637
3731,3731,0,-10637
3732,3732,0,-10637
3733,3733,0,-10637
3734,3734,0,-10637
3735,3735,0,-7272
3736,3736,0,-1871
3737,3737,0,-13818
3738,3738,0,10540
3739,3739,0,7206
3740,3740,0,-14914
3741,3741,0,-14914
3742,3742,0,-14914
3743,3743,0,-14914
3744,3744,0,-14914
3745,3745,0,-14914
3746,3746,0,-14914
3747,3747,0,-14914
3748,3748,0,2243
3749,3749,0,13521
3750,3750,0,-10703
3751,3751,0,-6806
3752,3752,0,14973
3753,3753,0,-2588
3754,3754,0,-2588
3755,3755,0,-2588
3756,3756,0,-2588
3757,3757,0,-2588
3758,3758,0,-2588
3759,3759,0,-2588
3760,3760,0,-2588
3761,3761,0,-13521
3762,3762,0,10591
3763,3763,0,-5856
3764,3764,0,14187
3765,3765,0,-2781
3766,3766,0,-12404
3767,3767,0,-12404
3768,3768,0,-12404
3769,3769,0,-12404
3770,3770,0,-12404
3771,3771,0,-12404
3772,3772,0,-12404
3773,3773,0,-12404
3774,3774,0,10562
3775,3775,0,5777
3776,3776,0,-13985
3777,3777,0,3079
3778,3778,0,12054
3779,3779,0,-10641
3780,3780,0,-10641
3781,3781,0,-10641
3782,3782,0,-10641
3783,3783,0,-10641
3784,3784,0,-10641
3785,3785,0,-10641
3786,3786,0,-10641
3787,3787,0,-5695
3788,3788,0,14015
3789,3789,0,-3363
3790,3790,0,10481
3791,3791,0,5297
3792,3792,0,-13804
3793,3793,0,-13804
3794,3794,0,-13804
3795,3795,0,-13804
3796,3796,0,-13804
3797,3797,0,-13804
3798,3798,0,-13804
3799,3799,0,-13804
3800,3800,0,3363
3801,3801,0,11509
3802,3802,0,-10315
3803,3803,0,12406
3804,3804,0,-3892
3805,3805,0,-9965
3806,3806,0,-9965
3807,3807,0,-9965
3808,3808,0,-9965
3809,3809,0,-9965
3810,3810,0,-9965
3811,3811,0,-9965
3812,3812,0,9965
3813,3813,0,3524
3814,3814,0,-12139
3815,3815,0,3808
3816,3816,0,10143
3817,3817,0,-9925
3818,3818,0,-9925
3819,3819,0,-9925
3820,3820,0,-9925
3821,3821,0,-9925
3822,3822,0,-9925
3823,3823,0,-9925
3824,3824,0,-9925
3825,3825,0,-3524
3826,3826,0,-3997
3827,3827,0,-9531
3828,3828,0,9925
3829,3829,0,3808
3830,3830,0,-11862
3831,3831,0,-11862
3832,3832,0,-11862
3833,3833,0,-11862
3834,3834,0,-11862
3835,3835,0,-11862
3836,3836,0,-11862
3837,3837,0,-11862
3838,3838,0,3997
3839,3839,0,9531
3840,3840,0,-9633
3841,3841,0,-3363
3842,3842,0,11581
3843,3843,0,-3903
3844,3844,0,-3903
3845,3845,0,-3903
3846,3846,0,-3903
3847,3847,0,-3903
3848,3848,0,-3903
3849,3849,0,-3903
3850,3850,0,-3903
3851,3851,0,-9305
3852,3852,0,9633
3853,3853,0,-2209
3854,3854,0,10031
3855,3855,0,-4085
3856,3856,0,-7633
3857,3857,0,-7633
3858,3858,0,-7633
3859,3859,0,-7633
3860,3860,0,-7633
3861,3861,0,-7633
3862,3862,0,-7633
3863,3863,0,-7633
3864,3864,0,8646
3865,3865,0,2209
3866,3866,0,-10053
3867,3867,0,3858
3868,3868,0,7633
3869,3869,0,-8492
3870,3870,0,-8492
3871,3871,0,-8492
3872,3872,0,-8492
3873,3873,0,-8492
3874,3874,0,-8492
3875,3875,0,-8492
3876,3876,0,-2139
3877,3877,0,9713
3878,3878,0,-3955
3879,3879,0,-7232
3880,3880,0,1841
3881,3881,0,1841
3882,3882,0,1841
3883,3883,0,1841
3884,3884,0,1841
3885,3885,0,1841
3886,3886,0,1841
3887,3887,0,1841
3888,3888,0,1841
3889,3889,0,3823
3890,3890,0,6592
3891,3891,0,-6982
3892,3892,0,-1133
3893,3893,0,7258
3894,3894,0,7258
3895,3895,0,7258
3896,3896,0,7258
3897,3897,0,7258
3898,3898,0,7258
3899,3899,0,7258
3900,3900,0,-3473
3901,3901,0,-5080
3902,3902,0,6659
3903,3903,0,902
3904,3904,0,-7258
3905,3905,0,3473
3906,3906,0,3473
3907,3907,0,3473
3908,3908,0,3473
3909,3909,0,3473
3910,3910,0,3473
3911,3911,0,3473
3912,3912,0,3473
3913,3913,0,5080
3914,3914,0,-6659
3915,3915,0,-857
3916,3916,0,-3453
3917,3917,0,-4459
3918,3918,0,6070
3919,3919,0,6070
3920,3920,0,6070
3921,3921,0,6070
3922,3922,0,6070
3923,3923,0,6070
3924,3924,0,6070
3925,3925,0,6070
3926,3926,0,651
3927,3927,0,-6512
3928,3928,0,3273
3929,3929,0,4459
3930,3930,0,-5732
3931,3931,0,-615
3932,3932,0,-615
3933,3933,0,-615
3934,3934,0,-615
3935,3935,0,-615
3936,3936,0,-615
3937,3937,0,-615
3938,3938,0,6118
3939,3939,0,-3223
3940,3940,0,-4095
3941,3941,0,2544
3942,3942,0,3260
3943,3943,0,-4437
3944,3944,0,-4437
3945,3945,0,-4437
3946,3946,0,-4437
3947,3947,0,-4437
3948,3948,0,-4437
3949,3949,0,-4437
3950,3950,0,-4437
3951,3951,0,-233
3952,3952,0,-2642
3953,3953,0,-2689
3954,3954,0,4115
3955,3955,0,233
3956,3956,0,-4212
3957,3957,0,-4212
3958,3958,0,-4212
3959,3959,0,-4212
3960,3960,0,-4212
3961,3961,0,-4212
3962,3962,0,-4212
3963,3963,0,-4212
3964,3964,0,2428
3965,3965,0,2689
3966,3966,0,-3748
3967,3967,0,-98
3968,3968,0,3810
3969,3969,0,-2292
3970,3970,0,-2292
3971,3971,0,-2292
3972,3972,0,-2292
3973,3973,0,-2292
3974,3974,0,-2292
3975,3975,0,-2292
3976,3976,0,-2292
3977,3977,0,-2371
3978,3978,0,3748
3979,3979,0,49
3980,3980,0,1888
3981,3981,0,-1234
3982,3982,0,-1114
3983,3983,0,-1114
3984,3984,0,-1114
3985,3985,0,-1114
3986,3986,0,-1114
3987,3987,0,-1114
3988,3988,0,-1114
3989,3989,0,-1114
3990,3990,0,2300
3991,3991,0,-49
3992,3992,0,-1888
3993,3993,0,1234
3994,3994,0,1114
3995,3995,0,-1548
3996,3996,0,-1548
3997,3997,0,-1548
3998,3998,0,-1548
3999,3999,0,-1548
4000,4000,0,-1548
4001,4001,0,-1548
4002,4002,0,-1548
4003,4003,0,79
4004,4004,0,1512
4005,4005,0,-988
4006,4006,0,1169
4007,4007,0,-59
4008,4008,0,-1125
4009,4009,0,-1125
4010,4010,0,-1125
4011,4011,0,-1125
4012,4012,0,-1125
4013,4013,0,-1125
4014,4014,0,-1125
4015,4015,0,-1125
4016,4016,0,765
4017,4017,0,430
4018,4018,0,-780
4019,4019,0,-735
4020,4020,0,540
4021,4021,0,568
4022,4022,0,568
4023,4023,0,568
4024,4024,0,568
4025,4025,0,568
4026,4026,0,568
4027,4027,0,568
4028,4028,0,-1188
4029,4029,0,177
4030,4030,0,1452
4031,4031,0,-1107
4032,4032,0,-757
4033,4033,0,1582
4034,4034,0,1582
4035,4035,0,1582
4036,4036,0,1582
4037,4037,0,1582
4038,4038,0,1582
4039,4039,0,1582
4040,4040,0,1582
4041,4041,0,-236
4042,4042,0,1107
4043,4043,0,757
4044,4044,0,-1582
4045,4045,0,197
4046,4046,0,1435
4047,4047,0,1435
4048,4048,0,1435
4049,4049,0,1435
4050,4050,0,1435
4051,4051,0,1435
4052,4052,0,1435
4053,4053,0,1435
4054,4054,0,-1418
4055,4055,0,-902
4056,4056,0,1976
4057,4057,0,-294
4058,4058,0,-1791
4059,4059,0,1418
4060,4060,0,1418
4061,4061,0,1418
4062,4062,0,1418
4063,4063,0,1418
4064,4064,0,1418
4065,4065,0,1418
4066,4066,0,1418
4067,4067,0,1081
4068,4068,0,-2378
4069,4069,0,-872
4070,4070,0,-3464
4071,4071,0,2950
4072,4072,0,1613
4073,4073,0,1613
4074,4074,0,1613
4075,4075,0,1613
4076,4076,0,1613
4077,4077,0,1613
4078,4078,0,1613
4079,4079,0,1613
4080,4080,0,-4349
4081,4081,0,872
4082,4082,0,3464
4083,4083,0,-3309
4084,4084,0,-1672
4085,4085,0,4349
4086,4086,0,4349
4087,4087,0,4349
4088,4088,0,4349
4089,4089,0,4349
4090,4090,0,4349
4091,4091,0,4349
4092,4092,0,4349
4093,4093,0,-1042
4094,4094,0,-3748
4095,4095,0,3309
4096,4096,0,-4743
4097,4097,0,1156
4098,4098,0,4079
4099,4099,0,4079
4100,4100,0,4079
4101,4101,0,4079
4102,4102,0,4079
4103,4103,0,4079
4104,4104,0,4079
4105,4105,0,4079
4106,4106,0,-3892
4107,4107,0,-1820
4108,4108,0,5126
4109,4109,0,-5627
4110,4110,0,5627
4111,4111,0,2311
4112,4112,0,2311
4113,4113,0,2311
4114,4114,0,2311
4115,4115,0,2311
4116,4116,0,2311
4117,4117,0,2311
4118,4118,0,-7367
4119,4119,0,2311
4120,4120,0,6023
4121,4121,0,-5917
4122,4122,0,-2311
4123,4123,0,7366
4124,4124,0,7366
4125,4125,0,7366
4126,4126,0,7366
4127,4127,0,7366
4128,4128,0,7366
4129,4129,0,7366
4130,4130,0,7366
4131,4131,0,-2311
4132,4132,0,6315
4133,4133,0,2242
4134,4134,0,-7724
4135,4135,0,2602
4136,4136,0,6204
4137,4137,0,6204
4138,4138,0,6204
4139,4139,0,6204
4140,4140,0,6204
4141,4141,0,6204
4142,4142,0,6204
4143,4143,0,6204
4144,4144,0,-6603
4145,4145,0,-2242
4146,4146,0,8073
4147,4147,0,-2721
4148,4148,0,-6366
4149,4149,0,6715
4150,4150,0,6715
4151,4151,0,6715
4152,4152,0,6715
4153,4153,0,6715
4154,4154,0,6715
4155,4155,0,6715
4156,4156,0,6715
4157,4157,0,2154
4158,4158,0,-8073
4159,4159,0,-3610
4160,4160,0,-7390
4161,4161,0,8371
4162,4162,0,2371
4163,4163,0,2371
4164,4164,0,2371
4165,4165,0,2371
4166,4166,0,2371
4167,4167,0,2371
4168,4168,0,2371
4169,4169,0,2371
4170,4170,0,-10031
4171,4171,0,4085
4172,4172,0,7633
4173,4173,0,-8371
4174,4174,0,-2139
4175,4175,0,10031
4176,4176,0,10031
4177,4177,0,10031
4178,4178,0,10031
4179,4179,0,10031
4180,4180,0,10031
4181,4181,0,10031
4182,4182,0,10031
4183,4183,0,-4085
4184,4184,0,-7469
4185,4185,0,8646
4186,4186,0,-10344
4187,4187,0,4085
4188,4188,0,7701
4189,4189,0,7701
4190,4190,0,7701
4191,4191,0,7701
4192,4192,0,7701
4193,4193,0,7701
4194,4194,0,7701
4195,4195,0,7701
4196,4196,0,-9311
4197,4197,0,-2088
4198,4198,0,10621
4199,4199,0,-8182
4200,4200,0,10974
4201,4201,0,1741
4202,4202,0,1741
4203,4203,0,1741
4204,4204,0,1741
4205,4205,0,1741
4206,4206,0,1741
4207,4207,0,1741
4208,4208,0,-11961
4209,4209,0,5723
4210,4210,0,8371
4211,4211,0,-10974
4212,4212,0,-1781
4213,4213,0,12167
4214,4214,0,12167
4215,4215,0,12167
4216,4216,0,12167
4217,4217,0,12167
4218,4218,0,12167
4219,4219,0,12167
4220,4220,0,12167
4221,4221,0,-6115
4222,4222,0,11215
4223,4223,0,1519
4224,4224,0,-12422
4225,4225,0,6242
4226,4226,0,8505
4227,4227,0,8505
4228,4228,0,8505
4229,4229,0,8505
4230,4230,0,8505
4231,4231,0,8505
4232,4232,0,8505
4233,4233,0,8505
4234,4234,0,-11579
4235,4235,0,-1550
4236,4236,0,12603
4237,4237,0,-6366
4238,4238,0,-8505
4239,4239,0,11808
4240,4240,0,11808
4241,4241,0,11808
4242,4242,0,11808
4243,4243,0,11808
4244,4244,0,11808
4245,4245,0,11808
4246,4246,0,11808
4247,4247,0,1266
4248,4248,0,-12840
4249,4249,0,-7406
4250,4250,0,-8646
4251,4251,0,13232
4252,4252,0,690
4253,4253,0,690
4254,4254,0,690
4255,4255,0,690
4256,4256,0,690
4257,4257,0,690
4258,4258,0,690
4259,4259,0,690
4260,4260,0,-13544
4261,4261,0,7807
4262,4262,0,8915
4263,4263,0,-13232
4264,4264,0,-345
4265,4265,0,13544
4266,4266,0,13544
4267,4267,0,13544
4268,4268,0,13544
4269,4269,0,13544
4270,4270,0,13544
4271,4271,0,13544
4272,4272,0,13544
4273,4273,0,-7920
4274,4274,0,-8770
4275,4275,0,13422
4276,4276,0,-13827
4277,4277,0,8320
4278,4278,0,8770
4279,4279,0,8770
4280,4280,0,8770
4281,4281,0,8770
4282,4282,0,8770
4283,4283,0,8770
4284,4284,0,8770
4285,4285,0,8770
4286,4286,0,-13422
4287,4287,0,-355
4288,4288,0,13827
4289,4289,0,-8492
4290,4290,0,14732
4291,4291,0,-750
4292,4292,0,-750
4293,4293,0,-750
4294,4294,0,-750
4295,4295,0,-750
4296,4296,0,-750
4297,4297,0,-750
4298,4298,0,-14393
4299,4299,0,9787
4300,4300,0,8253
4301,4301,0,-14964
4302,4302,0,757
4303,4303,0,14393
4304,4304,0,14393
4305,4305,0,14393
4306,4306,0,14393
4307,4307,0,14393
4308,4308,0,14393
4309,4309,0,14393
4310,4310,0,14393
4311,4311,0,-9787
4312,4312,0,14993
4313,4313,0,-763
4314,4314,0,-14514
4315,4315,0,9869
4316,4316,0,8388
4317,4317,0,8388
4318,4318,0,8388
4319,4319,0,8388
4320,4320,0,8388
4321,4321,0,8388
4322,4322,0,8388
4323,4323,0,8388
4324,4324,0,-15209
4325,4325,0,1154
4326,4326,0,14485
4327,4327,0,-10241
4328,4328,0,-8388
4329,4329,0,15209
4330,4330,0,15209
4331,4331,0,15209
4332,4332,0,15209
4333,4333,0,15209
4334,4334,0,15209
4335,4335,0,15209
4336,4336,0,15209
4337,4337,0,-1154
4338,4338,0,-14485
4339,4339,0,-11131
4340,4340,0,-7610
4341,4341,0,15906
4342,4342,0,-2369
4343,4343,0,-2369
4344,4344,0,-2369
4345,4345,0,-2369
4346,4346,0,-2369
4347,4347,0,-2369
4348,4348,0,-2369
4349,4349,0,-2369
4350,4350,0,-14593
4351,4351,0,11459
4352,4352,0,7640
4353,4353,0,-16031
4354,4354,0,2378
4355,4355,0,14525
4356,4356,0,14525
4357,4357,0,14525
4358,4358,0,14525
4359,4359,0,14525
4360,4360,0,14525
4361,4361,0,14525
4362,4362,0,14525
4363,4363,0,-11498
4364,4364,0,-7287
4365,4365,0,16085
4366,4366,0,-14525
4367,4367,0,11498
4368,4368,0,7311
4369,4369,0,7311
4370,4370,0,7311
4371,4371,0,7311
4372,4372,0,7311
4373,4373,0,7311
4374,4374,0,7311
4375,4375,0,7311
4376,4376,0,-16128
4377,4377,0,2780
4378,4378,0,14380
4379,4379,0,-6637
4380,4380,0,16335
4381,4381,0,-3980
4382,4382,0,-3980
4383,4383,0,-3980
4384,4384,0,-3980
4385,4385,0,-3980
4386,4386,0,-3980
4387,4387,0,-3980
4388,4388,0,-13826
4389,4389,0,12391
4390,4390,0,6268
4391,4391,0,-16320
4392,4392,0,3976
4393,4393,0,14036
4394,4394,0,14036
4395,4395,0,14036
4396,4396,0,14036
4397,4397,0,14036
4398,4398,0,14036
4399,4399,0,14036
4400,4400,0,14036
4401,4401,0,-12391
4402,4402,0,16320
4403,4403,0,-3970
4404,4404,0,-13804
4405,4405,0,12372
4406,4406,0,5880
4407,4407,0,5880
4408,4408,0,5880
4409,4409,0,5880
4410,4410,0,5880
4411,4411,0,5880
4412,4412,0,5880
4413,4413,0,5880
4414,4414,0,-16286
4415,4415,0,4349
4416,4416,0,13557
4417,4417,0,-12604
4418,4418,0,-5880
4419,4419,0,16286
4420,4420,0,16286
4421,4421,0,16286
4422,4422,0,16286
4423,4423,0,16286
4424,4424,0,16286
4425,4425,0,16286
4426,4426,0,16286
4427,4427,0,-4349
4428,4428,0,-13775
4429,4429,0,-12907
4430,4430,0,-5015
4431,4431,0,15986
4432,4432,0,-5015
4433,4433,0,-5015
4434,4434,0,-5015
4435,4435,0,-5015
4436,4436,0,-5015
4437,4437,0,-5015
4438,4438,0,-5015
4439,4439,0,-5015
4440,4440,0,-12840
4441,4441,0,12840
4442,4442,0,4640
4443,4443,0,-15888
4444,4444,0,4985
4445,4445,0,12766
4446,4446,0,12766
4447,4447,0,12766
4448,4448,0,12766
4449,4449,0,12766
4450,4450,0,12766
4451,4451,0,12766
4452,4452,0,12766
4453,4453,0,-12994
4454,4454,0,-4613
4455,4455,0,15888
4456,4456,0,-12766
4457,4457,0,12994
4458,4458,0,4584
4459,4459,0,4584
4460,4460,0,4584
4461,4461,0,4584
4462,4462,0,4584
4463,4463,0,4584
4464,4464,0,4584
4465,4465,0,4584
4466,4466,0,-15786
4467,4467,0,5320
4468,4468,0,12449
4469,4469,0,-2922
4470,4470,0,14906
4471,4471,0,-6070
4472,4472,0,-6070
4473,4473,0,-6070
4474,4474,0,-6070
4475,4475,0,-6070
4476,4476,0,-6070
4477,4477,0,-6070
4478,4478,0,-11098
4479,4479,0,13033
4480,4480,0,2922
4481,4481,0,-14906
4482,4482,0,6332
4483,4483,0,10974
4484,4484,0,10974
4485,4485,0,10974
4486,4486,0,10974
4487,4487,0,10974
4488,4488,0,10974
4489,4489,0,10974
4490,4490,0,10974
4491,4491,0,-13033
4492,4492,0,14700
4493,4493,0,-6332
4494,4494,0,-10599
4495,4495,0,12887
4496,4496,0,2855
4497,4497,0,2855
4498,4498,0,2855
4499,4499,0,2855
4500,4500,0,2855
4501,4501,0,2855
4502,4502,0,2855
4503,4503,0,2855
4504,4504,0,-14525
4505,4505,0,6257
4506,4506,0,10465
4507,4507,0,-12743
4508,4508,0,-2470
4509,4509,0,14525
4510,4510,0,14525
4511,4511,0,14525
4512,4512,0,14525
4513,4513,0,14525
4514,4514,0,14525
4515,4515,0,14525
4516,4516,0,14525
4517,4517,0,-6178
4518,4518,0,-10465
4519,4519,0,-12315
4520,4520,0,-1668
4521,4521,0,13361
4522,4522,0,-6422
4523,4523,0,-6422
4524,4524,0,-6422
4525,4525,0,-6422
4526,4526,0,-6422
4527,4527,0,-6422
4528,4528,0,-6422
4529,4529,0,-6422
4530,4530,0,-9394
4531,4531,0,12109
4532,4532,0,1640
4533,4533,0,-13138
4534,4534,0,6486
4535,4535,0,8838
4536,4536,0,8838
4537,4537,0,8838
4538,4538,0,8838
4539,4539,0,8838
4540,4540,0,8838
4541,4541,0,8838
4542,4542,0,8838
4543,4543,0,-12031
4544,4544,0,-1290
4545,4545,0,12907
4546,4546,0,-8838
4547,4547,0,12031
4548,4548,0,1290
4549,4549,0,1290
4550,4550,0,1290
4551,4551,0,1290
4552,4552,0,1290
4553,4553,0,1290
4554,4554,0,1290
4555,4555,0,1290
4556,4556,0,-12603
4557,4557,0,6640
4558,4558,0,8674
4559,4559,0,-569
4560,4560,0,11165
4561,4561,0,-6505
4562,4562,0,-6505
4563,4563,0,-6505
4564,4564,0,-6505
4565,4565,0,-6505
4566,4566,0,-6505
4567,4567,0,-6505
4568,4568,0,-7127
4569,4569,0,10637
4570,4570,0,277
4571,4571,0,-10888
4572,4572,0,6505
4573,4573,0,6555
4574,4574,0,6555
4575,4575,0,6555
4576,4576,0,6555
4577,4577,0,6555
4578,4578,0,6555
4579,4579,0,6555
4580,4580,0,6555
4581,4581,0,-10448
4582,4582,0,10811
4583,4583,0,-6336
4584,4584,0,-6555
4585,4585,0,10448
4586,4586,0,270
4587,4587,0,270
4588,4588,0,270
4589,4589,0,270
4590,4590,0,270
4591,4591,0,270
4592,4592,0,270
4593,4593,0,270
4594,4594,0,-10529
4595,4595,0,6162
4596,4596,0,6375
4597,4597,0,-10161
4598,4598,0,0
4599,4599,0,9869
4600,4600,0,9869
4601,4601,0,9869
4602,4602,0,9869
4603,4603,0,9869
4604,4604,0,9869
4605,4605,0,9869
4606,4606,0,9869
4607,4607,0,-6192
4608,4608,0,-5985
4609,4609,0,-8830
4610,4610,0,447
4611,4611,0,8492
4612,4612,0,-5775
4613,4613,0,-5775
4614,4614,0,-5775
4615,4615,0,-5775
4616,4616,0,-5775
4617,4617,0,-5775
4618,4618,0,-5775
4619,4619,0,-5775
4620,4620,0,-4690
4621,4621,0,8503
4622,4622,0,-670
4623,4623,0,-8098
4624,4624,0,5725
4625,4625,0,4506
4626,4626,0,4506
4627,4627,0,4506
4628,4628,0,4506
4629,4629,0,4506
4630,4630,0,4506
4631,4631,0,4506
4632,4632,0,-8503
4633,4633,0,620
4634,4634,0,7782
4635,4635,0,-5561
4636,4636,0,8218
4637,4637,0,8218
4638,4638,0,8218
4639,4639,0,8218
4640,4640,0,8218
4641,4641,0,8218
4642,4642,0,8218
4643,4643,0,8218
4644,4644,0,8218
4645,4645,0,-7782
4646,4646,0,5502
4647,4647,0,3130
4648,4648,0,-6178
4649,4649,0,920
4650,4650,0,920
4651,4651,0,920
4652,4652,0,920
4653,4653,0,920
4654,4654,0,920
4655,4655,0,920
4656,4656,0,5600
4657,4657,0,-4578
4658,4658,0,-2819
4659,4659,0,6202
4660,4660,0,-920
4661,4661,0,-5200
4662,4662,0,-5200
4663,4663,0,-5200
4664,4664,0,-5200
4665,4665,0,-5200
4666,4666,0,-5200
4667,4667,0,-5200
4668,4668,0,4169
4669,4669,0,2521
4670,4670,0,-5833
4671,4671,0,944
4672,4672,0,-3997
4673,4673,0,-3997
4674,4674,0,-3997
4675,4675,0,-3997
4676,4676,0,-3997
4677,4677,0,-3997
4678,4678,0,-3997
4679,4679,0,-3997
4680,4680,0,-3997
4681,4681,0,5460
4682,4682,0,-944
4683,4683,0,-4868
4684,4684,0,3722
4685,4685,0,2360
4686,4686,0,2360
4687,4687,0,2360
4688,4688,0,2360
4689,4689,0,2360
4690,4690,0,2360
4691,4691,0,2360
4692,4692,0,-5460
4693,4693,0,879
4694,4694,0,4472
4695,4695,0,-3808
4696,4696,0,-3415
4697,4697,0,2718
4698,4698,0,2718
4699,4699,0,2718
4700,4700,0,2718
4701,4701,0,2718
4702,4702,0,2718
4703,4703,0,2718
4704,4704,0,2718
4705,4705,0,1374
4706,4706,0,-3580
4707,4707,0,777
4708,4708,0,-2718
4709,4709,0,-1223
4710,4710,0,3188
4711,4711,0,3188
4712,4712,0,3188
4713,4713,0,3188
4714,4714,0,3188
4715,4715,0,3188
4716,4716,0,3188
4717,4717,0,3188
4718,4718,0,-777
4719,4719,0,-2701
4720,4720,0,2165
4721,4721,0,1223
4722,4722,0,-2798
4723,4723,0,747
4724,4724,0,747
4725,4725,0,747
4726,4726,0,747
4727,4727,0,747
4728,4728,0,747
4729,4729,0,747
4730,4730,0,2366
4731,4731,0,-2165
4732,4732,0,-810
4733,4733,0,2403
4734,4734,0,-1206
4735,4735,0,378
4736,4736,0,378
4737,4737,0,378
4738,4738,0,378
4739,4739,0,378
4740,4740,0,378
4741,4741,0,378
4742,4742,0,378
4743,4743,0,657
4744,4744,0,-252
4745,4745,0,402
4746,4746,0,-135
4747,4747,0,-317
4748,4748,0,329
4749,4749,0,329
4750,4750,0,329
4751,4751,0,329
4752,4752,0,329
4753,4753,0,329
4754,4754,0,329
4755,4755,0,329
4756,4756,0,117
4757,4757,0,-402
4758,4758,0,126
4759,4759,0,323
4760,4760,0,-329
4761,4761,0,-117
4762,4762,0,-117
4763,4763,0,-117
4764,4764,0,-117
4765,4765,0,-117
4766,4766,0,-117
4767,4767,0,-117
4768,4768,0,-117
4769,4769,0,0
4770,4770,0,0
4771,4771,0,0
4772,4772,0,-107
4773,4773,0,-767
4774,4774,0,-1519
4775,4775,0,-1519
4776,4776,0,-1519
4777,4777,0,-1519
4778,4778,0,-1519
4779,4779,0,-1519
4780,4780,0,-1519
4781,4781,0,-1519
4782,4782,0,2062
4783,4783,0,469
4784,4784,0,-2392
4785,4785,0,974
4786,4786,0,1781
4787,4787,0,-2437
4788,4788,0,-2437
4789,4789,0,-2437
4790,4790,0,-2437
4791,4791,0,-2437
4792,4792,0,-2437
4793,4793,0,-2437
4794,4794,0,-2437
4795,4795,0,-614
4796,4796,0,2780
4797,4797,0,-1367
4798,4798,0,2819
4799,4799,0,624
4800,4800,0,-3173
4801,4801,0,-3173
4802,4802,0,-3173
4803,4803,0,-3173
4804,4804,0,-3173
4805,4805,0,-3173
4806,4806,0,-3173
4807,4807,0,-3173
4808,4808,0,1367
4809,4809,0,2315
4810,4810,0,-2781
4811,4811,0,-624
4812,4812,0,3563
4813,4813,0,-1367
4814,4814,0,-1367
4815,4815,0,-1367
4816,4816,0,-1367
4817,4817,0,-1367
4818,4818,0,-1367
4819,4819,0,-1367
4820,4820,0,-2600
4821,4821,0,3166
4822,4822,0,614
4823,4823,0,-3563
4824,4824,0,5064
4825,4825,0,-2423
4826,4826,0,-2423
4827,4827,0,-2423
4828,4828,0,-2423
4829,4829,0,-2423
4830,4830,0,-2423
4831,4831,0,-2423
4832,4832,0,-2423
4833,4833,0,-3806
4834,4834,0,676
4835,4835,0,-5413
4836,4836,0,2721
4837,4837,0,3707
4838,4838,0,-4990
4839,4839,0,-4990
4840,4840,0,-4990
4841,4841,0,-4990
4842,4842,0,-4990
4843,4843,0,-4990
4844,4844,0,-4990
4845,4845,0,-4990
4846,4846,0,-722
4847,4847,0,5783
4848,4848,0,-2906
4849,4849,0,-3960
4850,4850,0,5391
4851,4851,0,722
4852,4852,0,722
4853,4853,0,722
4854,4854,0,722
4855,4855,0,722
4856,4856,0,722
4857,4857,0,722
4858,4858,0,722
4859,4859,0,-5753
4860,4860,0,3223
4861,4861,0,-5732
4862,4862,0,-615
4863,4863,0,-4487
4864,4864,0,-4968
4865,4865,0,-4968
4866,4866,0,-4968
4867,4867,0,-4968
4868,4868,0,-4968
4869,4869,0,-4968
4870,4870,0,-4968
4871,4871,0,-4968
4872,4872,0,7604
4873,4873,0,207
4874,4874,0,-8060
4875,4875,0,4850
4876,4876,0,5182
4877,4877,0,-7931
4878,4878,0,-7931
4879,4879,0,-7931
4880,4880,0,-7931
4881,4881,0,-7931
4882,4882,0,-7931
4883,4883,0,-7931
4884,4884,0,-207
4885,4885,0,8060
4886,4886,0,-4680
4887,4887,0,-5222
4888,4888,0,0
4889,4889,0,0
4890,4890,0,0
4891,4891,0,0
4892,4892,0,0
4893,4893,0,0
4894,4894,0,0
4895,4895,0,0
4896,4896,0,0
4897,4897,0,5047
4898,4898,0,5241
4899,4899,0,-8643
4900,4900,0,0
4901,4901,0,8711
4902,4902,0,8711
4903,4903,0,8711
4904,4904,0,8711
4905,4905,0,8711
4906,4906,0,8711
4907,4907,0,8711
4908,4908,0,-5422
4909,4909,0,-5241
4910,4910,0,8643
4911,4911,0,0
4912,4912,0,-8958
4913,4913,0,9984
4914,4914,0,9984
4915,4915,0,9984
4916,4916,0,9984
4917,4917,0,9984
4918,4918,0,9984
4919,4919,0,9984
4920,4920,0,-6789
4921,4921,0,-5945
4922,4922,0,10314
4923,4923,0,-525
4924,4924,0,6980
4925,4925,0,6980
4926,4926,0,6980
4927,4927,0,6980
4928,4928,0,6980
4929,4929,0,6980
4930,4930,0,6980
4931,4931,0,6980
4932,4932,0,6980
4933,4933,0,-10673
4934,4934,0,831
4935,4935,0,10438
4936,4936,0,-7187
4937,4937,0,-5808
4938,4938,0,-5808
4939,4939,0,-5808
4940,4940,0,-5808
4941,4941,0,-5808
4942,4942,0,-5808
4943,4943,0,-5808
4944,4944,0,10673
4945,4945,0,-831
4946,4946,0,-10438
4947,4947,0,7379
4948,4948,0,5808
4949,4949,0,-10959
4950,4950,0,-10959
4951,4951,0,-10959
4952,4952,0,-10959
4953,4953,0,-10959
4954,4954,0,-10959
4955,4955,0,-10959
4956,4956,0,831
4957,4957,0,-9133
4958,4958,0,-5970
4959,4959,0,12727
4960,4960,0,-11606
4961,4961,0,-11606
4962,4962,0,-11606
4963,4963,0,-11606
4964,4964,0,-11606
4965,4965,0,-11606
4966,4966,0,-11606
4967,4967,0,-11606
4968,4968,0,-11606
4969,4969,0,5917
4970,4970,0,-13017
4971,4971,0,2250
4972,4972,0,11606
4973,4973,0,-9305
4974,4974,0,-9305
4975,4975,0,-9305
4976,4976,0,-9305
4977,4977,0,-9305
4978,4978,0,-9305
4979,4979,0,-9305
4980,4980,0,-5917
4981,4981,0,13017
4982,4982,0,-2290
4983,4983,0,-11814
4984,4984,0,9702
4985,4985,0,5727
4986,4986,0,5727
4987,4987,0,5727
4988,4988,0,5727
4989,4989,0,5727
4990,4990,0,5727
4991,4991,0,5727
4992,4992,0,5727
4993,4993,0,-13250
4994,4994,0,2658
4995,4995,0,11814
4996,4996,0,-5825
4997,4997,0,13521
4998,4998,0,-2329
4999,4999,0,-2329
5000,5000,0,-2329
5001,5001,0,-2329
5002,5002,0,-2329
5003,5003,0,-2329
5004,5004,0,-2329
5005,5005,0,-2329
5006,5006,0,-11853
5007,5007,0,12394
5008,5008,0,-10941
5009,5009,0,-5530
5010,5010,0,14410
5011,5011,0,-3556
5012,5012,0,-3556
5013,5013,0,-3556
5014,5014,0,-3556
5015,5015,0,-3556
5016,5016,0,-3556
5017,5017,0,-3556
5018,5018,0,-12364
5019,5019,0,11313
5020,5020,0,5600
5021,5021,0,-14595
5022,5022,0,3599
5023,5023,0,12513
5024,5024,0,12513
5025,5025,0,12513
5026,5026,0,12513
5027,5027,0,12513
5028,5028,0,12513
5029,5029,0,12513
5030,5030,0,12513
5031,5031,0,-11449
5032,5032,0,14961
5033,5033,0,-3950
5034,5034,0,-12454
5035,5035,0,11808
5036,5036,0,5391
5037,5037,0,5391
5038,5038,0,5391
5039,5039,0,5391
5040,5040,0,5391
5041,5041,0,5391
5042,5042,0,5391
5043,5043,0,5391
5044,5044,0,-14961
5045,5045,0,3995
5046,5046,0,-12819
5047,5047,0,-4551
5048,5048,0,15674
5049,5049,0,-4918
5050,5050,0,-4918
5051,5051,0,-4918
5052,5052,0,-4918
5053,5053,0,-4918
5054,5054,0,-4918
5055,5055,0,-4918
5056,5056,0,-4918
5057,5057,0,-12683
5058,5058,0,13215
5059,5059,0,-15786
5060,5060,0,5320
5061,5061,0,12529
5062,5062,0,-13215
5063,5063,0,-13215
5064,5064,0,-13215
5065,5065,0,-13215
5066,5066,0,-13215
5067,5067,0,-13215
5068,5068,0,-13215
5069,5069,0,-13215
5070,5070,0,-4613
5071,5071,0,15888
5072,5072,0,-5354
5073,5073,0,-12529
5074,5074,0,13215
5075,5075,0,4264
5076,5076,0,4264
5077,5077,0,4264
5078,5078,0,4264
5079,5079,0,4264
5080,5080,0,4264
5081,5081,0,4264
5082,5082,0,4264
5083,5083,0,-15967
5084,5084,0,5753
5085,5085,0,12422
5086,5086,0,-3904
5087,5087,0,16025
5088,5088,0,-5783
5089,5089,0,-5783
5090,5090,0,-5783
5091,5091,0,-5783
5092,5092,0,-5783
5093,5093,0,-5783
5094,5094,0,-5783
5095,5095,0,-5783
5096,5096,0,-12422
5097,5097,0,12081
5098,5098,0,-14187
5099,5099,0,-3573
5100,5100,0,16226
5101,5101,0,-6607
5102,5102,0,-6607
5103,5103,0,-6607
5104,5104,0,-6607
5105,5105,0,-6607
5106,5106,0,-6607
5107,5107,0,-6607
5108,5108,0,-12107
5109,5109,0,14187
5110,5110,0,3188
5111,5111,0,-16217
5112,5112,0,6986
5113,5113,0,11852
5114,5114,0,11852
5115,5115,0,11852
5116,5116,0,11852
5117,5117,0,11852
5118,5118,0,11852
5119,5119,0,11852
5120,5120,0,11852
5121,5121,0,-14432
5122,5122,0,16242
5123,5123,0,-6997
5124,5124,0,-11852
5125,5125,0,14432
5126,5126,0,2800
5127,5127,0,2800
5128,5128,0,2800
5129,5129,0,2800
5130,5130,0,2800
5131,5131,0,2800
5132,5132,0,2800
5133,5133,0,2800
5134,5134,0,-16242
5135,5135,0,7364
5136,5136,0,-14906
5137,5137,0,-1598
5138,5138,0,15992
5139,5139,0,-8037
5140,5140,0,-8037
5141,5141,0,-8037
5142,5142,0,-8037
5143,5143,0,-8037
5144,5144,0,-8037
5145,5145,0,-8037
5146,5146,0,-8037
5147,5147,0,-10920
5148,5148,0,14866
5149,5149,0,-15948
5150,5150,0,8015
5151,5151,0,10920
5152,5152,0,-14866
5153,5153,0,-14866
5154,5154,0,-14866
5155,5155,0,-14866
5156,5156,0,-14866
5157,5157,0,-14866
5158,5158,0,-14866
5159,5159,0,-14866
5160,5160,0,-1594
5161,5161,0,15813
5162,5162,0,-8332
5163,5163,0,-10586
5164,5164,0,14973
5165,5165,0,1589
5166,5166,0,1589
5167,5167,0,1589
5168,5168,0,1589
5169,5169,0,1589
5170,5170,0,1589
5171,5171,0,1589
5172,5172,0,-15813
5173,5173,0,8299
5174,5174,0,10544
5175,5175,0,-14914
5176,5176,0,15659
5177,5177,0,15659
5178,5178,0,15659
5179,5179,0,15659
5180,5180,0,15659
5181,5181,0,15659
5182,5182,0,15659
5183,5183,0,15659
5184,5184,0,15659
5185,5185,0,-10194
5186,5186,0,9715
5187,5187,0,-14762
5188,5188,0,0
5189,5189,0,15003
5190,5190,0,15003
5191,5191,0,15003
5192,5192,0,15003
5193,5193,0,15003
5194,5194,0,15003
5195,5195,0,15003
5196,5196,0,-9028
5197,5197,0,-9646
5198,5198,0,14772
5199,5199,0,0
5200,5200,0,-14887
5201,5201,0,9267
5202,5202,0,9267
5203,5203,0,9267
5204,5204,0,9267
5205,5205,0,9267
5206,5206,0,9267
5207,5207,0,9267
5208,5208,0,9267
5209,5209,0,-14648
5210,5210,0,0
5211,5211,0,14772
5212,5212,0,-8883
5213,5213,0,-8883
5214,5214,0,-8883
5215,5215,0,-8883
5216,5216,0,-8883
5217,5217,0,-8883
5218,5218,0,-8883
5219,5219,0,-8883
5220,5220,0,-8883
5221,5221,0,0
5222,5222,0,-14648
5223,5223,0,-13521
5224,5224,0,9284
5225,5225,0,7428
5226,5226,0,7428
5227,5227,0,7428
5228,5228,0,7428
5229,5229,0,7428
5230,5230,0,7428
5231,5231,0,7428
5232,5232,0,-14098
5233,5233,0,1063
5234,5234,0,13350
5235,5235,0,-9438
5236,5236,0,-7428
5237,5237,0,14016
5238,5238,0,14016
5239,5239,0,14016
5240,5240,0,14016
5241,5241,0,14016
5242,5242,0,14016
5243,5243,0,14016
5244,5244,0,14016
5245,5245,0,-1049
5246,5246,0,-13171
5247,5247,0,9311
5248,5248,0,-13909
5249,5249,0,1378
5250,5250,0,13033
5251,5251,0,13033
5252,5252,0,13033
5253,5253,0,13033
5254,5254,0,13033
5255,5255,0,13033
5256,5256,0,13033
5257,5257,0,13033
5258,5258,0,-9438
5259,5259,0,-7225
5260,5260,0,13712
5261,5261,0,-1378
5262,5262,0,-12847
5263,5263,0,9179
5264,5264,0,9179
5265,5265,0,9179
5266,5266,0,9179
5267,5267,0,9179
5268,5268,0,9179
5269,5269,0,9179
5270,5270,0,6927
5271,5271,0,-13576
5272,5272,0,-6204
5273,5273,0,12727
5274,5274,0,-2208
5275,5275,0,-11537
5276,5276,0,-11537
5277,5277,0,-11537
5278,5278,0,-11537
5279,5279,0,-11537
5280,5280,0,-11537
5281,5281,0,-11537
5282,5282,0,-11537
5283,5283,0,9133
5284,5284,0,-12777
5285,5285,0,2165
5286,5286,0,11170
5287,5287,0,-9173
5288,5288,0,-5694
5289,5289,0,-5694
5290,5290,0,-5694
5291,5291,0,-5694
5292,5292,0,-5694
5293,5293,0,-5694
5294,5294,0,-5694
5295,5295,0,-5694
5296,5296,0,12528
5297,5297,0,-2121
5298,5298,0,-10941
5299,5299,0,8985
5300,5300,0,5304
5301,5301,0,-12272
5302,5302,0,-12272
5303,5303,0,-12272
5304,5304,0,-12272
5305,5305,0,-12272
5306,5306,0,-12272
5307,5307,0,-12272
5308,5308,0,-12272
5309,5309,0,2121
5310,5310,0,10941
5311,5311,0,-9690
5312,5312,0,8331
5313,5313,0,4323
5314,5314,0,-10973
5315,5315,0,-10973
5316,5316,0,-10973
5317,5317,0,-10973
5318,5318,0,-10973
5319,5319,0,-10973
5320,5320,0,-10973
5321,5321,0,-10973
5322,5322,0,2674
5323,5323,0,9438
5324,5324,0,-8272
5325,5325,0,-3851
5326,5326,0,10672
5327,5327,0,-2600
5328,5328,0,-2600
5329,5329,0,-2600
5330,5330,0,-2600
5331,5331,0,-2600
5332,5332,0,-2600
5333,5333,0,-2600
5334,5334,0,-2600
5335,5335,0,-9041
5336,5336,0,8272
5337,5337,0,3851
5338,5338,0,2600
5339,5339,0,9041
5340,5340,0,-8194
5341,5341,0,-8194
5342,5342,0,-8194
5343,5343,0,-8194
5344,5344,0,-8194
5345,5345,0,-8194
5346,5346,0,-8194
5347,5347,0,-8194
5348,5348,0,-3502
5349,5349,0,2855
5350,5350,0,-9102
5351,5351,0,2855
5352,5352,0,7041
5353,5353,0,-7442
5354,5354,0,-7442
5355,5355,0,-7442
5356,5356,0,-7442
5357,5357,0,-7442
5358,5358,0,-7442
5359,5359,0,-7442
5360,5360,0,-2855
5361,5361,0,8766
5362,5362,0,-2750
5363,5363,0,-7041
5364,5364,0,7167
5365,5365,0,2750
5366,5366,0,2750
5367,5367,0,2750
5368,5368,0,2750
5369,5369,0,2750
5370,5370,0,2750
5371,5371,0,2750
5372,5372,0,2750
5373,5373,0,-8765
5374,5374,0,6766
5375,5375,0,-6887
5376,5376,0,-2445
5377,5377,0,8073
5378,5378,0,-2721
5379,5379,0,-2721
5380,5380,0,-2721
5381,5381,0,-2721
5382,5382,0,-2721
5383,5383,0,-2721
5384,5384,0,-2721
5385,5385,0,-2721
5386,5386,0,-6366
5387,5387,0,6715
5388,5388,0,-6253
5389,5389,0,2541
5390,5390,0,4748
5391,5391,0,-5378
5392,5392,0,-5378
5393,5393,0,-5378
5394,5394,0,-5378
5395,5395,0,-5378
5396,5396,0,-5378
5397,5397,0,-5378
5398,5398,0,-5378
5399,5399,0,-1374
5400,5400,0,5868
5401,5401,0,-4369
5402,5402,0,5130
5403,5403,0,1292
5404,5404,0,-5852
5405,5405,0,-5852
5406,5406,0,-5852
5407,5407,0,-5852
5408,5408,0,-5852
5409,5409,0,-5852
5410,5410,0,-5852
5411,5411,0,-5852
5412,5412,0,2390
5413,5413,0,4090
5414,5414,0,-4802
5415,5415,0,-1077
5416,5416,0,5493
5417,5417,0,-2237
5418,5418,0,-2237
5419,5419,0,-2237
5420,5420,0,-2237
5421,5421,0,-2237
5422,5422,0,-2237
5423,5423,0,-2237
5424,5424,0,-2237
5425,5425,0,-4090
5426,5426,0,4802
5427,5427,0,879
5428,5428,0,2197
5429,5429,0,3722
5430,5430,0,-4533
5431,5431,0,-4533
5432,5432,0,-4533
5433,5433,0,-4533
5434,5434,0,-4533
5435,5435,0,-4533
5436,5436,0,-4533
5437,5437,0,-4533
5438,5438,0,-1003
5439,5439,0,391
5440,5440,0,-3135
5441,5441,0,1507
5442,5442,0,2204
5443,5443,0,-2890
5444,5444,0,-2890
5445,5445,0,-2890
5446,5446,0,-2890
5447,5447,0,-2890
5448,5448,0,-2890
5449,5449,0,-2890
5450,5450,0,-391
5451,5451,0,3135
5452,5452,0,-1381
5453,5453,0,-1881
5454,5454,0,2561
5455,5455,0,275
5456,5456,0,275
5457,5457,0,275
5458,5458,0,275
5459,5459,0,275
5460,5460,0,275
5461,5461,0,275
5462,5462,0,275
5463,5463,0,-2747
5464,5464,0,1931
5465,5465,0,-2561
5466,5466,0,-236
5467,5467,0,2346
5468,5468,0,-1185
5469,5469,0,-1185
5470,5470,0,-1185
5471,5471,0,-1185
5472,5472,0,-1185
5473,5473,0,-1185
5474,5474,0,-1185
5475,5475,0,-1185
5476,5476,0,-1614
5477,5477,0,-255
5478,5478,0,379
5479,5479,0,0
5480,5480,0,0
5481,5481,0,223
5482,5482,0,223
5483,5483,0,223
5484,5484,0,223
5485,5485,0,223
5486,5486,0,223
5487,5487,0,223
5488,5488,0,223
5489,5489,0,0
5490,5490,0,0
5491,5491,0,-385
5492,5492,0,231
5493,5493,0,239
5494,5494,0,-379
5495,5495,0,-379
5496,5496,0,-379
5497,5497,0,-379
5498,5498,0,-379
5499,5499,0,-379
5500,5500,0,-379
5501,5501,0,-379
5502,5502,0,-10
5503,5503,0,385
5504,5504,0,-231
5505,5505,0,-239
5506,5506,0,763
5507,5507,0,10
5508,5508,0,10
5509,5509,0,10
5510,5510,0,10
5511,5511,0,10
5512,5512,0,10
5513,5513,0,10
5514,5514,0,10
5515,5515,0,-385
5516,5516,0,463
5517,5517,0,479
5518,5518,0,0
5519,5519,0,769
5520,5520,0,-59
5521,5521,0,-59
5522,5522,0,-59
5523,5523,0,-59
5524,5524,0,-59
5525,5525,0,-59
5526,5526,0,-59
5527,5527,0,-59
5528,5528,0,-2264
5529,5529,0,1723
5530,5530,0,1336
5531,5531,0,-2700
5532,5532,0,137
5533,5533,0,2613
5534,5534,0,2613
5535,5535,0,2613
5536,5536,0,2613
5537,5537,0,2613
5538,5538,0,2613
5539,5539,0,2613
5540,5540,0,-2028
5541,5541,0,-1710
5542,5542,0,3101
5543,5543,0,-235
5544,5544,0,-2982
5545,5545,0,2028
5546,5546,0,2028
5547,5547,0,2028
5548,5548,0,2028
5549,5549,0,2028
5550,5550,0,2028
5551,5551,0,2028
5552,5552,0,2028
5553,5553,0,1710
5554,5554,0,264
5555,5555,0,3317
5556,5556,0,-2277
5557,5557,0,-1921
5558,5558,0,3544
5559,5559,0,3544
5560,5560,0,3544
5561,5561,0,3544
5562,5562,0,3544
5563,5563,0,3544
5564,5564,0,3544
5565,5565,0,3544
5566,5566,0,2533
5567,5567,0,-5041
5568,5568,0,629
5569,5569,0,4990
5570,5570,0,-3544
5571,5571,0,-2602
5572,5572,0,-2602
5573,5573,0,-2602
5574,5574,0,-2602
5575,5575,0,-2602
5576,5576,0,-2602
5577,5577,0,-2602
5578,5578,0,-2602
5579,5579,0,5438
5580,5580,0,-810
5581,5581,0,3806
5582,5582,0,2780
5583,5583,0,-5810
5584,5584,0,676
5585,5585,0,676
5586,5586,0,676
5587,5587,0,676
5588,5588,0,676
5589,5589,0,676
5590,5590,0,676
5591,5591,0,676
5592,5592,0,5330
5593,5593,0,-4066
5594,5594,0,-2780
5595,5595,0,5810
5596,5596,0,-920
5597,5597,0,1507
5598,5598,0,1507
5599,5599,0,1507
5600,5600,0,1507
5601,5601,0,1507
5602,5602,0,1507
5603,5603,0,1507
5604,5604,0,1507
5605,5605,0,6720
5606,5606,0,-5723
5607,5607,0,-3130
5608,5608,0,-1507
5609,5609,0,-6927
5610,5610,0,6115
5611,5611,0,6115
5612,5612,0,6115
5613,5613,0,6115
5614,5614,0,6115
5615,5615,0,6115
5616,5616,0,6115
5617,5617,0,6115
5618,5618,0,3273
5619,5619,0,-8037
5620,5620,0,1769
5621,5621,0,7225
5622,5622,0,-6378
5623,5623,0,-3223
5624,5624,0,-3223
5625,5625,0,-3223
5626,5626,0,-3223
5627,5627,0,-3223
5628,5628,0,-3223
5629,5629,0,-3223
5630,5630,0,8382
5631,5631,0,-1846
5632,5632,0,-7225
5633,5633,0,6378
5634,5634,0,3223
5635,5635,0,-8382
5636,5636,0,-8382
5637,5637,0,-8382
5638,5638,0,-8382
5639,5639,0,-8382
5640,5640,0,-8382
5641,5641,0,-8382
5642,5642,0,-8382
5643,5643,0,8381
5644,5644,0,-3502
5645,5645,0,10391
5646,5646,0,-3017
5647,5647,0,-8750
5648,5648,0,8596
5649,5649,0,8596
5650,5650,0,8596
5651,5651,0,8596
5652,5652,0,8596
5653,5653,0,8596
5654,5654,0,8596
5655,5655,0,8596
5656,5656,0,3502
5657,5657,0,-10391
5658,5658,0,3106
5659,5659,0,8596
5660,5660,0,-8596
5661,5661,0,-3357
5662,5662,0,-3357
5663,5663,0,-3357
5664,5664,0,-3357
5665,5665,0,-3357
5666,5666,0,-3357
5667,5667,0,-3357
5668,5668,0,-3357
5669,5669,0,10701
5670,5670,0,-3106
5671,5671,0,8996
5672,5672,0,3452
5673,5673,0,-11003
5674,5674,0,3452
5675,5675,0,3452
5676,5676,0,3452
5677,5677,0,3452
5678,5678,0,3452
5679,5679,0,3452
5680,5680,0,3452
5681,5681,0,3452
5682,5682,0,9074
5683,5683,0,-8996
5684,5684,0,-3279
5685,5685,0,11294
5686,5686,0,-3806
5687,5687,0,4465
5688,5688,0,4465
5689,5689,0,4465
5690,5690,0,4465
5691,5691,0,4465
5692,5692,0,4465
5693,5693,0,4465
5694,5694,0,9590
5695,5695,0,-10863
5696,5696,0,-3077
5697,5697,0,12631
5698,5698,0,-9590
5699,5699,0,-9590
5700,5700,0,-9590
5701,5701,0,-9590
5702,5702,0,-9590
5703,5703,0,-9590
5704,5704,0,-9590
5705,5705,0,-9590
5706,5706,0,-9590
5707,5707,0,2830
5708,5708,0,-12854
5709,5709,0,4943
5710,5710,0,9570
5711,5711,0,-11079
5712,5712,0,-11079
5713,5713,0,-11079
5714,5714,0,-11079
5715,5715,0,-11079
5716,5716,0,-11079
5717,5717,0,-11079
5718,5718,0,-2884
5719,5719,0,13097
5720,5720,0,-5333
5721,5721,0,-9780
5722,5722,0,11288
5723,5723,0,2568
5724,5724,0,2568
5725,5725,0,2568
5726,5726,0,2568
5727,5727,0,2568
5728,5728,0,2568
5729,5729,0,2568
5730,5730,0,2568
5731,5731,0,-13295
5732,5732,0,10080
5733,5733,0,-12733
5734,5734,0,14046
5735,5735,0,-6812
5736,5736,0,-9964
5737,5737,0,-9964
5738,5738,0,-9964
5739,5739,0,-9964
5740,5740,0,-9964
5741,5741,0,-9964
5742,5742,0,-9964
5743,5743,0,-9964
5744,5744,0,12907
5745,5745,0,2120
5746,5746,0,-14419
5747,5747,0,6899
5748,5748,0,9964
5749,5749,0,-12907
5750,5750,0,-12907
5751,5751,0,-12907
5752,5752,0,-12907
5753,5753,0,-12907
5754,5754,0,-12907
5755,5755,0,-12907
5756,5756,0,-1791
5757,5757,0,14353
5758,5758,0,-6899
5759,5759,0,-10091
5760,5760,0,13229
5761,5761,0,1813
5762,5762,0,1813
5763,5763,0,1813
5764,5764,0,1813
5765,5765,0,1813
5766,5766,0,1813
5767,5767,0,1813
5768,5768,0,1813
5769,5769,0,-14526
5770,5770,0,9947
5771,5771,0,-13694
5772,5772,0,-1813
5773,5773,0,14615
5774,5774,0,-7383
5775,5775,0,-7383
5776,5776,0,-7383
5777,5777,0,-7383
5778,5778,0,-7383
5779,5779,0,-7383
5780,5780,0,-7383
5781,5781,0,-7383
5782,5782,0,8253
5783,5783,0,9869
5784,5784,0,-14373
5785,5785,0,-763
5786,5786,0,15111
5787,5787,0,-8323
5788,5788,0,-8323
5789,5789,0,-8323
5790,5790,0,-8323
5791,5791,0,-8323
5792,5792,0,-8323
5793,5793,0,-8323
5794,5794,0,-8323
5795,5795,0,-9869
5796,5796,0,14628
5797,5797,0,-15111
5798,5798,0,8773
5799,5799,0,9646
5800,5800,0,-14868
5801,5801,0,-14868
5802,5802,0,-14868
5803,5803,0,-14868
5804,5804,0,-14868
5805,5805,0,-14868
5806,5806,0,-14868
5807,5807,0,-14868
5808,5808,0,-769
5809,5809,0,15218
5810,5810,0,-8773
5811,5811,0,-9715
5812,5812,0,14868
5813,5813,0,775
5814,5814,0,775
5815,5815,0,775
5816,5816,0,775
5817,5817,0,775
5818,5818,0,775
5819,5819,0,775
5820,5820,0,775
5821,5821,0,-15218
5822,5822,0,9034
5823,5823,0,-15672
5824,5824,0,15212
5825,5825,0,-10344
5826,5826,0,-9059
5827,5827,0,-9059
5828,5828,0,-9059
5829,5829,0,-9059
5830,5830,0,-9059
5831,5831,0,-9059
5832,5832,0,-9059
5833,5833,0,-9059
5834,5834,0,15714
5835,5835,0,-399
5836,5836,0,-15212
5837,5837,0,10344
5838,5838,0,9059
5839,5839,0,-15714
5840,5840,0,-15714
5841,5841,0,-15714
5842,5842,0,-15714
5843,5843,0,-15714
5844,5844,0,-15714
5845,5845,0,-15714
5846,5846,0,802
5847,5847,0,15244
5848,5848,0,-10366
5849,5849,0,-8742
5850,5850,0,15850
5851,5851,0,-802
5852,5852,0,-802
5853,5853,0,-802
5854,5854,0,-802
5855,5855,0,-802
5856,5856,0,-802
5857,5857,0,-802
5858,5858,0,-802
5859,5859,0,-15119
5860,5860,0,8755
5861,5861,0,-15874
5862,5862,0,803
5863,5863,0,15119
5864,5864,0,-10698
5865,5865,0,-10698
5866,5866,0,-10698
5867,5867,0,-10698
5868,5868,0,-10698
5869,5869,0,-10698
5870,5870,0,-10698
5871,5871,0,-10698
5872,5872,0,11267
5873,5873,0,7703
5874,5874,0,-16050
5875,5875,0,2397
5876,5876,0,14771
5877,5877,0,-11267
5878,5878,0,-11267
5879,5879,0,-11267
5880,5880,0,-11267
5881,5881,0,-11267
5882,5882,0,-11267
5883,5883,0,-11267
5884,5884,0,-11267
5885,5885,0,-8054
5886,5886,0,16025
5887,5887,0,-14564
5888,5888,0,11243
5889,5889,0,7686
5890,5890,0,-16065
5891,5891,0,-16065
5892,5892,0,-16065
5893,5893,0,-16065
5894,5894,0,-16065
5895,5895,0,-16065
5896,5896,0,-16065
5897,5897,0,-16065
5898,5898,0,1996
5899,5899,0,14525
5900,5900,0,-11498
5901,5901,0,-7666
5902,5902,0,16085
5903,5903,0,-2386
5904,5904,0,-2386
5905,5905,0,-2386
5906,5906,0,-2386
5907,5907,0,-2386
5908,5908,0,-2386
5909,5909,0,-2386
5910,5910,0,-2386
5911,5911,0,-13828
5912,5912,0,11957
5913,5913,0,6043
5914,5914,0,3460
5915,5915,0,13739
5916,5916,0,-11700
5917,5917,0,-11700
5918,5918,0,-11700
5919,5919,0,-11700
5920,5920,0,-11700
5921,5921,0,-11700
5922,5922,0,-11700
5923,5923,0,-11700
5924,5924,0,-6399
5925,5925,0,15714
5926,5926,0,-3810
5927,5927,0,-13246
5928,5928,0,11872
5929,5929,0,6000
5930,5930,0,6000
5931,5931,0,6000
5932,5932,0,6000
5933,5933,0,6000
5934,5934,0,6000
5935,5935,0,6000
5936,5936,0,-15636
5937,5937,0,3810
5938,5938,0,13448
5939,5939,0,-11872
5940,5940,0,-5954
5941,5941,0,15515
5942,5942,0,15515
5943,5943,0,15515
5944,5944,0,15515
5945,5945,0,15515
5946,5946,0,15515
5947,5947,0,15515
5948,5948,0,15515
5949,5949,0,-3780
5950,5950,0,11925
5951,5951,0,5599
5952,5952,0,-15408
5953,5953,0,3748
5954,5954,0,14974
5955,5955,0,14974
5956,5956,0,14974
5957,5957,0,14974
5958,5958,0,14974
5959,5959,0,14974
5960,5960,0,14974
5961,5961,0,14974
5962,5962,0,-4348
5963,5963,0,-12109
5964,5964,0,11897
5965,5965,0,4646
5966,5966,0,-14806
5967,5967,0,4646
5968,5968,0,4646
5969,5969,0,4646
5970,5970,0,4646
5971,5971,0,4646
5972,5972,0,4646
5973,5973,0,4646
5974,5974,0,4646
5975,5975,0,11755
5976,5976,0,-11755
5977,5977,0,14634
5978,5978,0,-4591
5979,5979,0,-11755
5980,5980,0,11755
5981,5981,0,11755
5982,5982,0,11755
5983,5983,0,11755
5984,5984,0,11755
5985,5985,0,11755
5986,5986,0,11755
5987,5987,0,11755
5988,5988,0,4194
5989,5989,0,-14445
5990,5990,0,4533
5991,5991,0,11238
5992,5992,0,-11655
5993,5993,0,11509
5994,5994,0,11509
5995,5995,0,11509
5996,5996,0,11509
5997,5997,0,11509
5998,5998,0,11509
5999,5999,0,11509
6000,6000,0,11509
6001,6001,0,3310
6002,6002,0,-13607
6003,6003,0,5126
6004,6004,0,-11317
6005,6005,0,-3255
6006,6006,0,13359
6007,6007,0,13359
6008,6008,0,13359
6009,6009,0,13359
6010,6010,0,13359
6011,6011,0,13359
6012,6012,0,13359
6013,6013,0,13359
6014,6014,0,-5126
6015,6015,0,-9965
6016,6016,0,11288
6017,6017,0,2884
6018,6018,0,-13124
6019,6019,0,5036
6020,6020,0,5036
6021,6021,0,5036
6022,6022,0,5036
6023,6023,0,5036
6024,6024,0,5036
6025,6025,0,5036
6026,6026,0,9965
6027,6027,0,-11288
6028,6028,0,-2884
6029,6029,0,12854
6030,6030,0,-5234
6031,6031,0,-9780
6032,6032,0,-9780
6033,6033,0,-9780
6034,6034,0,-9780
6035,6035,0,-9780
6036,6036,0,-9780
6037,6037,0,-9780
6038,6038,0,-9780
6039,6039,0,1658
6040,6040,0,5326
6041,6041,0,7790
6042,6042,0,-10213
6043,6043,0,-1658
6044,6044,0,11131
6045,6045,0,11131
6046,6046,0,11131
6047,6047,0,11131
6048,6048,0,11131
6049,6049,0,11131
6050,6050,0,11131
6051,6051,0,11131
6052,6052,0,-5326
6053,6053,0,-7988
6054,6054,0,10091
6055,6055,0,1347
6056,6056,0,-10791
6057,6057,0,5187
6058,6058,0,5187
6059,6059,0,5187
6060,6060,0,5187
6061,6061,0,5187
6062,6062,0,5187
6063,6063,0,5187
6064,6064,0,5187
6065,6065,0,7587
6066,6066,0,-9947
6067,6067,0,10544
6068,6068,0,-5275
6069,6069,0,-7187
6070,6070,0,9674
6071,6071,0,9674
6072,6072,0,9674
6073,6073,0,9674
6074,6074,0,9674
6075,6075,0,9674
6076,6076,0,9674
6077,6077,0,9674
6078,6078,0,1310
6079,6079,0,-10496
6080,6080,0,5123
6081,6081,0,6980
6082,6082,0,-9502
6083,6083,0,8492
6084,6084,0,8492
6085,6085,0,8492
6086,6086,0,8492
6087,6087,0,8492
6088,6088,0,8492
6089,6089,0,8492
6090,6090,0,8492
6091,6091,0,670
6092,6092,0,-8830
6093,6093,0,4870
6094,6094,0,-8178
6095,6095,0,-430
6096,6096,0,8503
6097,6097,0,8503
6098,6098,0,8503
6099,6099,0,8503
6100,6100,0,8503
6101,6101,0,8503
6102,6102,0,8503
6103,6103,0,8503
6104,6104,0,-4690
6105,6105,0,-5561
6106,6106,0,7931
6107,6107,0,413
6108,6108,0,-8118
6109,6109,0,4680
6110,6110,0,4680
6111,6111,0,4680
6112,6112,0,4680
6113,6113,0,4680
6114,6114,0,4680
6115,6115,0,4680
6116,6116,0,5344
6117,6117,0,-7859
6118,6118,0,-413
6119,6119,0,8118
6120,6120,0,-4487
6121,6121,0,-4968
6122,6122,0,-4968
6123,6123,0,-4968
6124,6124,0,-4968
6125,6125,0,-4968
6126,6126,0,-4968
6127,6127,0,-4968
6128,6128,0,-4968
6129,6129,0,-154
6130,6130,0,3602
6131,6131,0,3610
6132,6132,0,-6043
6133,6133,0,289
6134,6134,0,5904
6135,6135,0,5904
6136,6136,0,5904
6137,6137,0,5904
6138,6138,0,5904
6139,6139,0,5904
6140,6140,0,5904
6141,6141,0,5904
6142,6142,0,-3628
6143,6143,0,-2953
6144,6144,0,5320
6145,6145,0,-271
6146,6146,0,-5501
6147,6147,0,3502
6148,6148,0,3502
6149,6149,0,3502
6150,6150,0,3502
6151,6151,0,3502
6152,6152,0,3502
6153,6153,0,3502
6154,6154,0,3502
6155,6155,0,3066
6156,6156,0,-4985
6157,6157,0,4750
6158,6158,0,-3260
6159,6159,0,-2750
6160,6160,0,4985
6161,6161,0,4985
6162,6162,0,4985
6163,6163,0,4985
6164,6164,0,4985
6165,6165,0,4985
6166,6166,0,4985
6167,6167,0,4985
6168,6168,0,-378
6169,6169,0,-4748
6170,6170,0,3260
6171,6171,0,2750
6172,6172,0,-4985
6173,6173,0,3521
6174,6174,0,3521
6175,6175,0,3521
6176,6176,0,3521
6177,6177,0,3521
6178,6178,0,3521
6179,6179,0,3521
6180,6180,0,-439
6181,6181,0,-3282
6182,6182,0,2147
6183,6183,0,1507
6184,6184,0,391
6185,6185,0,391
6186,6186,0,391
6187,6187,0,391
6188,6188,0,391
6189,6189,0,391
6190,6190,0,391
6191,6191,0,391
6192,6192,0,391
6193,6193,0,-1931
6194,6194,0,-1320
6195,6195,0,2747
6196,6196,0,-411
6197,6197,0,-2502
6198,6198,0,-2502
6199,6199,0,-2502
6200,6200,0,-2502
6201,6201,0,-2502
6202,6202,0,-2502
6203,6203,0,-2502
6204,6204,0,1931
6205,6205,0,1133
6206,6206,0,-2369
6207,6207,0,353
6208,6208,0,2173
6209,6209,0,-1700
6210,6210,0,-1700
6211,6211,0,-1700
6212,6212,0,-1700
6213,6213,0,-1700
6214,6214,0,-1700
6215,6215,0,-1700
6216,6216,0,-1700
6217,6217,0,-902
6218,6218,0,-78
6219,6219,0,0
6220,6220,0,0
6221,6221,0,401
6222,6222,0,-88
6223,6223,0,-88
6224,6224,0,-88
6225,6225,0,-88
6226,6226,0,-88
6227,6227,0,-88
6228,6228,0,-88
6229,6229,0,-88
6230,6230,0,0
6231,6231,0,0
6232,6232,0,154
6233,6233,0,-401
6234,6234,0,88
6235,6235,0,345
6236,6236,0,345
6237,6237,0,345
6238,6238,0,345
6239,6239,0,345
6240,6240,0,345
6241,6241,0,345
6242,6242,0,-304
6243,6243,0,-154
6244,6244,0,400
6245,6245,0,-195
6246,6246,0,-679
6247,6247,0,609
6248,6248,0,609
6249,6249,0,609
6250,6250,0,609
6251,6251,0,609
6252,6252,0,609
6253,6253,0,609
6254,6254,0,609
6255,6255,0,289
6256,6256,0,293
6257,6257,0,1018
6258,6258,0,-609
6259,6259,0,-434
6260,6260,0,1204
6261,6261,0,1204
6262,6262,0,1204
6263,6263,0,1204
6264,6264,0,1204
6265,6265,0,1204
6266,6266,0,1204
6267,6267,0,1204
6268,6268,0,-2800
6269,6269,0,813
6270,6270,0,2290
6271,6271,0,-2568
6272,6272,0,-1003
6273,6273,0,3197
6274,6274,0,3197
6275,6275,0,3197
6276,6276,0,3197
6277,6277,0,3197
6278,6278,0,3197
6279,6279,0,3197
6280,6280,0,3197
6281,6281,0,-1003
6282,6282,0,-2613
6283,6283,0,1126
6284,6284,0,-3196
6285,6285,0,1126
6286,6286,0,2884
6287,6287,0,2884
6288,6288,0,2884
6289,6289,0,2884
6290,6290,0,2884
6291,6291,0,2884
6292,6292,0,2884
6293,6293,0,2884
6294,6294,0,-2935
6295,6295,0,-1042
6296,6296,0,3980
6297,6297,0,-1341
6298,6298,0,-3138
6299,6299,0,3255
6300,6300,0,3255
6301,6301,0,3255
6302,6302,0,3255
6303,6303,0,3255
6304,6304,0,3255
6305,6305,0,3255
6306,6306,0,3255
6307,6307,0,1156
6308,6308,0,2257
6309,6309,0,4465
6310,6310,0,-1374
6311,6311,0,6240
6312,6312,0,-2541
6313,6313,0,-2541
6314,6314,0,-2541
6315,6315,0,-2541
6316,6316,0,-2541
6317,6317,0,-2541
6318,6318,0,-2541
6319,6319,0,-2541
6320,6320,0,-4748
6321,6321,0,5777
6322,6322,0,1295
6323,6323,0,-6607
6324,6324,0,2691
6325,6325,0,4919
6326,6326,0,4919
6327,6327,0,4919
6328,6328,0,4919
6329,6329,0,4919
6330,6330,0,4919
6331,6331,0,4919
6332,6332,0,-5777
6333,6333,0,-1455
6334,6334,0,6952
6335,6335,0,-2839
6336,6336,0,-4919
6337,6337,0,6095
6338,6338,0,6095
6339,6339,0,6095
6340,6340,0,6095
6341,6341,0,6095
6342,6342,0,6095
6343,6343,0,6095
6344,6344,0,6095
6345,6345,0,1367
6346,6346,0,2839
6347,6347,0,5190
6348,6348,0,-6095
6349,6349,0,-1259
6350,6350,0,7311
6351,6351,0,7311
6352,6352,0,7311
6353,6353,0,7311
6354,6354,0,7311
6355,6355,0,7311
6356,6356,0,7311
6357,6357,0,7311
6358,6358,0,-8637
6359,6359,0,4132
6360,6360,0,6044
6361,6361,0,-7830
6362,6362,0,-1114
6363,6363,0,8969
6364,6364,0,8969
6365,6365,0,8969
6366,6366,0,8969
6367,6367,0,8969
6368,6368,0,8969
6369,6369,0,8969
6370,6370,0,8969
6371,6371,0,-4132
6372,6372,0,-6044
6373,6373,0,1114
6374,6374,0,-8927
6375,6375,0,4650
6376,6376,0,6505
6377,6377,0,6505
6378,6378,0,6505
6379,6379,0,6505
6380,6380,0,6505
6381,6381,0,6505
6382,6382,0,6505
6383,6383,0,6505
6384,6384,0,-8625
6385,6385,0,-1155
6386,6386,0,9253
6387,6387,0,-4650
6388,6388,0,-6505
6389,6389,0,8923
6390,6390,0,8923
6391,6391,0,8923
6392,6392,0,8923
6393,6393,0,8923
6394,6394,0,8923
6395,6395,0,8923
6396,6396,0,957
6397,6397,0,5887
6398,6398,0,7167
6399,6399,0,-10540
6400,6400,0,11165
6401,6401,0,11165
6402,6402,0,11165
6403,6403,0,11165
6404,6404,0,11165
6405,6405,0,11165
6406,6406,0,11165
6407,6407,0,11165
6408,6408,0,11165
6409,6409,0,-7127
6410,6410,0,10908
6411,6411,0,569
6412,6412,0,-11165
6413,6413,0,6833
6414,6414,0,6833
6415,6415,0,6833
6416,6416,0,6833
6417,6417,0,6833
6418,6418,0,6833
6419,6419,0,6833
6420,6420,0,7127
6421,6421,0,-10908
6422,6422,0,-291
6423,6423,0,11355
6424,6424,0,-6592
6425,6425,0,-7300
6426,6426,0,-7300
6427,6427,0,-7300
6428,6428,0,-7300
6429,6429,0,-7300
6430,6430,0,-7300
6431,6431,0,-7300
6432,6432,0,-7300
6433,6433,0,11527
6434,6434,0,0
6435,6435,0,-11527
6436,6436,0,7232
6437,6437,0,-11780
6438,6438,0,0
6439,6439,0,0
6440,6440,0,0
6441,6441,0,0
6442,6442,0,0
6443,6443,0,0
6444,6444,0,0
6445,6445,0,0
6446,6446,0,11780
6447,6447,0,-12391
6448,6448,0,8096
6449,6449,0,7167
6450,6450,0,-12910
6451,6451,0,657
6452,6452,0,657
6453,6453,0,657
6454,6454,0,657
6455,6455,0,657
6456,6456,0,657
6457,6457,0,657
6458,6458,0,12498
6459,6459,0,-8642
6460,6460,0,-7288
6461,6461,0,12910
6462,6462,0,-669
6463,6463,0,-12710
6464,6464,0,-12710
6465,6465,0,-12710
6466,6466,0,-12710
6467,6467,0,-12710
6468,6468,0,-12710
6469,6469,0,-12710
6470,6470,0,-12710
6471,6471,0,8642
6472,6472,0,-13130
6473,6473,0,1002
6474,6474,0,12788
6475,6475,0,-9041
6476,6476,0,-7116
6477,6477,0,-7116
6478,6478,0,-7116
6479,6479,0,-7116
6480,6480,0,-7116
6481,6481,0,-7116
6482,6482,0,-7116
6483,6483,0,-7116
6484,6484,0,13427
6485,6485,0,-1034
6486,6486,0,10591
6487,6487,0,7061
6488,6488,0,-14758
6489,6489,0,1833
6490,6490,0,1833
6491,6491,0,1833
6492,6492,0,1833
6493,6493,0,1833
6494,6494,0,1833
6495,6495,0,1833
6496,6496,0,1833
6497,6497,0,13540
6498,6498,0,-10328
6499,6499,0,14758
6500,6500,0,-2221
6501,6501,0,-13379
6502,6502,0,10703
6503,6503,0,10703
6504,6504,0,10703
6505,6505,0,10703
6506,6506,0,10703
6507,6507,0,10703
6508,6508,0,10703
6509,6509,0,10703
6510,6510,0,7136
6511,6511,0,-14914
6512,6512,0,2613
6513,6513,0,13481
6514,6514,0,-10809
6515,6515,0,-6873
6516,6516,0,-6873
6517,6517,0,-6873
6518,6518,0,-6873
6519,6519,0,-6873
6520,6520,0,-6873
6521,6521,0,-6873
6522,6522,0,-6873
6523,6523,0,15120
6524,6524,0,-2613
6525,6525,0,-13654
6526,6526,0,6596
6527,6527,0,-15311
6528,6528,0,2637
6529,6529,0,2637
6530,6530,0,2637
6531,6531,0,2637
6532,6532,0,2637
6533,6533,0,2637
6534,6534,0,2637
6535,6535,0,2637
6536,6536,0,13605
6537,6537,0,-13712
6538,6538,0,12105
6539,6539,0,6118
6540,6540,0,-15943
6541,6541,0,3884
6542,6542,0,3884
6543,6543,0,3884
6544,6544,0,3884
6545,6545,0,3884
6546,6546,0,3884
6547,6547,0,3884
6548,6548,0,13712
6549,6549,0,-12357
6550,6550,0,-6118
6551,6551,0,15943
6552,6552,0,-3884
6553,6553,0,-13712
6554,6554,0,-13712
6555,6555,0,-13712
6556,6556,0,-13712
6557,6557,0,-13712
6558,6558,0,-13712
6559,6559,0,-13712
6560,6560,0,-13712
6561,6561,0,12422
6562,6562,0,-16025
6563,6563,0,3904
6564,6564,0,13576
6565,6565,0,-12479
6566,6566,0,-5783
6567,6567,0,-5783
6568,6568,0,-5783
6569,6569,0,-5783
6570,6570,0,-5783
6571,6571,0,-5783
6572,6572,0,-5783
6573,6573,0,-5783
6574,6574,0,16124
6575,6575,0,-4306
6576,6576,0,13380
6577,6577,0,4750
6578,6578,0,-16364
6579,6579,0,5133
6580,6580,0,5133
6581,6581,0,5133
6582,6582,0,5133
6583,6583,0,5133
6584,6584,0,5133
6585,6585,0,5133
6586,6586,0,5133
6587,6587,0,13156
6588,6588,0,-13391
6589,6589,0,16379
6590,6590,0,-5138
6591,6591,0,-13156
6592,6592,0,13623
6593,6593,0,13623
6594,6594,0,13623
6595,6595,0,13623
6596,6596,0,13623
6597,6597,0,13623
6598,6598,0,13623
6599,6599,0,13623
6600,6600,0,4370
6601,6601,0,-16365
6602,6602,0,5520
6603,6603,0,12917
6604,6604,0,-13623
6605,6605,0,-4369
6606,6606,0,-4369
6607,6607,0,-4369
6608,6608,0,-4369
6609,6609,0,-4369
6610,6610,0,-4369
6611,6611,0,-4369
6612,6612,0,-4369
6613,6613,0,16360
6614,6614,0,-5895
6615,6615,0,-12913
6616,6616,0,4365
6617,6617,0,-16345
6618,6618,0,5518
6619,6619,0,5518
6620,6620,0,5518
6621,6621,0,5518
6622,6622,0,5518
6623,6623,0,5518
6624,6624,0,5518
6625,6625,0,5518
6626,6626,0,12913
6627,6627,0,-12008
6628,6628,0,14101
6629,6629,0,3551
6630,6630,0,-16128
6631,6631,0,6568
6632,6632,0,6568
6633,6633,0,6568
6634,6634,0,6568
6635,6635,0,6568
6636,6636,0,6568
6637,6637,0,6568
6638,6638,0,12008
6639,6639,0,-13901
6640,6640,0,-3551
6641,6641,0,16128
6642,6642,0,-6542
6643,6643,0,-11961
6644,6644,0,-11961
6645,6645,0,-11961
6646,6646,0,-11961
6647,6647,0,-11961
6648,6648,0,-11961
6649,6649,0,-11961
6650,6650,0,-11961
6651,6651,0,14046
6652,6652,0,-15948
6653,6653,0,6870
6654,6654,0,11906
6655,6655,0,-14098
6656,6656,0,-2733
6657,6657,0,-2733
6658,6658,0,-2733
6659,6659,0,-2733
6660,6660,0,-2733
6661,6661,0,-2733
6662,6662,0,-2733
6663,6663,0,-2733
6664,6664,0,15813
6665,6665,0,15258
6666,6666,0,-7334
6667,6667,0,-10727
6668,6668,0,14063
6669,6669,0,1904
6670,6670,0,1904
6671,6671,0,1904
6672,6672,0,1904
6673,6673,0,1904
6674,6674,0,1904
6675,6675,0,1904
6676,6676,0,1904
6677,6677,0,-15130
6678,6678,0,7604
6679,6679,0,-13945
6680,6680,0,-1888
6681,6681,0,14915
6682,6682,0,-7534
6683,6683,0,-7534
6684,6684,0,-7534
6685,6685,0,-7534
6686,6686,0,-7534
6687,6687,0,-7534
6688,6688,0,-7534
6689,6689,0,-7534
6690,6690,0,-10266
6691,6691,0,13975
6692,6692,0,1871
6693,6693,0,-14992
6694,6694,0,7534
6695,6695,0,10166
6696,6696,0,10166
6697,6697,0,10166
6698,6698,0,10166
6699,6699,0,10166
6700,6700,0,10166
6701,6701,0,10166
6702,6702,0,10166
6703,6703,0,-13838
6704,6704,0,-1484
6705,6705,0,14769
6706,6706,0,-9887
6707,6707,0,13838
6708,6708,0,8770
6709,6709,0,8770
6710,6710,0,8770
6711,6711,0,8770
6712,6712,0,8770
6713,6713,0,8770
6714,6714,0,8770
6715,6715,0,8770
6716,6716,0,-13300
6717,6717,0,-350
6718,6718,0,13739
6719,6719,0,-7920
6720,6720,0,-8770
6721,6721,0,13422
6722,6722,0,13422
6723,6723,0,13422
6724,6724,0,13422
6725,6725,0,13422
6726,6726,0,13422
6727,6727,0,13422
6728,6728,0,345
6729,6729,0,-13448
6730,6730,0,8092
6731,6731,0,8646
6732,6732,0,-13232
6733,6733,0,-340
6734,6734,0,-340
6735,6735,0,-340
6736,6736,0,-340
6737,6737,0,-340
6738,6738,0,-340
6739,6739,0,-340
6740,6740,0,-340
6741,6741,0,13448
6742,6742,0,-8246
6743,6743,0,13143
6744,6744,0,0
6745,6745,0,-13246
6746,6746,0,634
6747,6747,0,634
6748,6748,0,634
6749,6749,0,634
6750,6750,0,634
6751,6751,0,634
6752,6752,0,634
6753,6753,0,634
6754,6754,0,12162
6755,6755,0,-7792
6756,6756,0,-7036
6757,6757,0,12206
6758,6758,0,-622
6759,6759,0,-11925
6760,6760,0,-11925
6761,6761,0,-11925
6762,6762,0,-11925
6763,6763,0,-11925
6764,6764,0,-11925
6765,6765,0,-11925
6766,6766,0,-11925
6767,6767,0,7870
6768,6768,0,6637
6769,6769,0,913
6770,6770,0,11575
6771,6771,0,-7870
6772,6772,0,-6892
6773,6773,0,-6892
6774,6774,0,-6892
6775,6775,0,-6892
6776,6776,0,-6892
6777,6777,0,-6892
6778,6778,0,-6892
6779,6779,0,-6892
6780,6780,0,11957
6781,6781,0,-893
6782,6782,0,-11216
6783,6783,0,7929
6784,6784,0,6495
6785,6785,0,-5423
6786,6786,0,-5423
6787,6787,0,-5423
6788,6788,0,-5423
6789,6789,0,-5423
6790,6790,0,-5423
6791,6791,0,-5423
6792,6792,0,-5423
6793,6793,0,10791
6794,6794,0,-1079
6795,6795,0,-9947
6796,6796,0,5275
6797,6797,0,-10496
6798,6798,0,1347
6799,6799,0,1347
6800,6800,0,1347
6801,6801,0,1347
6802,6802,0,1347
6803,6803,0,1347
6804,6804,0,1347
6805,6805,0,1347
6806,6806,0,9674
6807,6807,0,-7167
6808,6808,0,-4900
6809,6809,0,10241
6810,6810,0,-1310
6811,6811,0,-9674
6812,6812,0,-9674
6813,6813,0,-9674
6814,6814,0,-9674
6815,6815,0,-9674
6816,6816,0,-9674
6817,6817,0,-9674
6818,6818,0,7167
6819,6819,0,4900
6820,6820,0,-10241
6821,6821,0,1525
6822,6822,0,9396
6823,6823,0,-7127
6824,6824,0,-7127
6825,6825,0,-7127
6826,6826,0,-7127
6827,6827,0,-7127
6828,6828,0,-7127
6829,6829,0,-7127
6830,6830,0,-7127
6831,6831,0,8382
6832,6832,0,-7329
6833,6833,0,6241
6834,6834,0,3413
6835,6835,0,-8037
6836,6836,0,1769
6837,6837,0,1769
6838,6838,0,1769
6839,6839,0,1769
6840,6840,0,1769
6841,6841,0,1769
6842,6842,0,1769
6843,6843,0,1769
6844,6844,0,6927
6845,6845,0,-6115
6846,6846,0,-2956
6847,6847,0,7703
6848,6848,0,-1692
6849,6849,0,-6927
6850,6850,0,-6927
6851,6851,0,-6927
6852,6852,0,-6927
6853,6853,0,-6927
6854,6854,0,-6927
6855,6855,0,-6927
6856,6856,0,-6927
6857,6857,0,5848
6858,6858,0,2956
6859,6859,0,1790
6860,6860,0,6224
6861,6861,0,-5578
6862,6862,0,-2956
6863,6863,0,-2956
6864,6864,0,-2956
6865,6865,0,-2956
6866,6866,0,-2956
6867,6867,0,-2956
6868,6868,0,-2956
6869,6869,0,-2956
6870,6870,0,7346
6871,6871,0,-1790
6872,6872,0,-6224
6873,6873,0,5694
6874,6874,0,2819
6875,6875,0,-1731
6876,6876,0,-1731
6877,6877,0,-1731
6878,6878,0,-1731
6879,6879,0,-1731
6880,6880,0,-1731
6881,6881,0,-1731
6882,6882,0,5895
6883,6883,0,-1731
6884,6884,0,-4433
6885,6885,0,4433
6886,6886,0,-7567
6887,6887,0,-5519
6888,6888,0,-5519
6889,6889,0,-5519
6890,6890,0,-5519
6891,6891,0,-5519
6892,6892,0,-5519
6893,6893,0,-5519
6894,6894,0,-5519
6895,6895,0,4128
6896,6896,0,-4202
6897,6897,0,-1612
6898,6898,0,5140
6899,6899,0,-1612
6900,6900,0,-3820
6901,6901,0,-3820
6902,6902,0,-3820
6903,6903,0,-3820
6904,6904,0,-3820
6905,6905,0,-3820
6906,6906,0,-3820
6907,6907,0,-3820
6908,6908,0,3888
6909,6909,0,1612
6910,6910,0,-4756
6911,6911,0,1492
6912,6912,0,3445
6913,6913,0,2471
6914,6914,0,2471
6915,6915,0,2471
6916,6916,0,2471
6917,6917,0,2471
6918,6918,0,2471
6919,6919,0,2471
6920,6920,0,2471
6921,6921,0,-2366
6922,6922,0,2793
6923,6923,0,-920
6924,6924,0,-1820
6925,6925,0,2062
6926,6926,0,584
6927,6927,0,584
6928,6928,0,584
6929,6929,0,584
6930,6930,0,584
6931,6931,0,584
6932,6932,0,584
6933,6933,0,584
6934,6934,0,-2397
6935,6935,0,813
6936,6936,0,1486
6937,6937,0,-1745
6938,6938,0,-439
6939,6939,0,1996
6940,6940,0,1996
6941,6941,0,1996
6942,6942,0,1996
6943,6943,0,1996
6944,6944,0,1996
6945,6945,0,1996
6946,6946,0,1996
6947,6947,0,-813
6948,6948,0,-1486
6949,6949,0,352
6950,6950,0,-1996
6951,6951,0,651
6952,6952,0,1190
6953,6953,0,1190
6954,6954,0,1190
6955,6955,0,1190
6956,6956,0,1190
6957,6957,0,1190
6958,6958,0,1190
6959,6959,0,1190
6960,6960,0,-1378
6961,6961,0,-313
6962,6962,0,1196
6963,6963,0,379
6964,6964,0,554
6965,6965,0,-359
6966,6966,0,-359
6967,6967,0,-359
6968,6968,0,-359
6969,6969,0,-359
6970,6970,0,-359
6971,6971,0,-359
6972,6972,0,-118
6973,6973,0,792
6974,6974,0,-379
6975,6975,0,-554
6976,6976,0,148
6977,6977,0,148
6978,6978,0,148
6979,6979,0,148
6980,6980,0,148
6981,6981,0,148
6982,6982,0,148
6983,6983,0,148
6984,6984,0,148
6985,6985,0,594
6986,6986,0,831
6987,6987,0,-1090
6988,6988,0,-148
6989,6989,0,1575
6990,6990,0,-792
6991,6991,0,-792
6992,6992,0,-792
6993,6993,0,-792
6994,6994,0,-792
6995,6995,0,-792
6996,6996,0,-792
6997,6997,0,-792
6998,6998,0,-1079
6999,6999,0,1468
7000,7000,0,197
7001,7001,0,-1575
7002,7002,0,1031
7003,7003,0,1347
7004,7004,0,1347
7005,7005,0,1347
7006,7006,0,1347
7007,7007,0,1347
7008,7008,0,1347
7009,7009,0,1347
7010,7010,0,1347
7011,7011,0,-1833
7012,7012,0,3349
7013,7013,0,176
7014,7014,0,-3482
7015,7015,0,1995
7016,7016,0,2209
7017,7017,0,2209
7018,7018,0,2209
7019,7019,0,2209
7020,7020,0,2209
7021,7021,0,2209
7022,7022,0,2209
7023,7023,0,2209
7024,7024,0,-3349
7025,7025,0,-195
7026,7026,0,3837
7027,7027,0,-2212
7028,7028,0,-2449
7029,7029,0,3714
7030,7030,0,3714
7031,7031,0,3714
7032,7032,0,3714
7033,7033,0,3714
7034,7034,0,3714
7035,7035,0,3714
7036,7036,0,3714
7037,7037,0,195
7038,7038,0,-3837
7039,7039,0,2689
7040,7040,0,-4115
7041,7041,0,-107
7042,7042,0,4182
7043,7043,0,4182
7044,7044,0,4182
7045,7045,0,4182
7046,7046,0,4182
7047,7047,0,4182
7048,7048,0,4182
7049,7049,0,4182
7050,7050,0,-2428
7051,7051,0,-5904
7052,7052,0,3628
7053,7053,0,3395
7054,7054,0,-5643
7055,7055,0,308
7056,7056,0,308
7057,7057,0,308
7058,7058,0,308
7059,7059,0,308
7060,7060,0,308
7061,7061,0,308
7062,7062,0,308
7063,7063,0,5904
7064,7064,0,-3858
7065,7065,0,-3610
7066,7066,0,-326
7067,7067,0,-6251
7068,7068,0,4085
7069,7069,0,4085
7070,7070,0,4085
7071,7071,0,4085
7072,7072,0,4085
7073,7073,0,4085
7074,7074,0,4085
7075,7075,0,4085
7076,7076,0,3689
7077,7077,0,-6399
7078,7078,0,326
7079,7079,0,6536
7080,7080,0,-4444
7081,7081,0,-3892
7082,7082,0,-3892
7083,7083,0,-3892
7084,7084,0,-3892
7085,7085,0,-3892
7086,7086,0,-3892
7087,7087,0,-3892
7088,7088,0,6751
7089,7089,0,-344
7090,7090,0,826
7091,7091,0,7700
7092,7092,0,-5502
7093,7093,0,-4152
7094,7094,0,-4152
7095,7095,0,-4152
7096,7096,0,-4152
7097,7097,0,-4152
7098,7098,0,-4152
7099,7099,0,-4152
7100,7100,0,-4152
7101,7101,0,8597
7102,7102,0,-8014
7103,7103,0,5887
7104,7104,0,4320
7105,7105,0,-8927
7106,7106,0,1114
7107,7107,0,1114
7108,7108,0,1114
7109,7109,0,1114
7110,7110,0,1114
7111,7111,0,1114
7112,7112,0,1114
7113,7113,0,1114
7114,7114,0,8229
7115,7115,0,-6277
7116,7116,0,-4487
7117,7117,0,8927
7118,7118,0,-1114
7119,7119,0,-8229
7120,7120,0,-8229
7121,7121,0,-8229
7122,7122,0,-8229
7123,7123,0,-8229
7124,7124,0,-8229
7125,7125,0,-8229
7126,7126,0,-8229
7127,7127,0,6505
7128,7128,0,4447
7129,7129,0,-4812
7130,7130,0,10586
7131,7131,0,-1830
7132,7132,0,-9574
7133,7133,0,-9574
7134,7134,0,-9574
7135,7135,0,-9574
7136,7136,0,-9574
7137,7137,0,-9574
7138,7138,0,-9574
7139,7139,0,-9574
7140,7140,0,7750
7141,7141,0,4704
7142,7142,0,-10920
7143,7143,0,2147
7144,7144,0,9574
7145,7145,0,-7969
7146,7146,0,-7969
7147,7147,0,-7969
7148,7148,0,-7969
7149,7149,0,-7969
7150,7150,0,-7969
7151,7151,0,-7969
7152,7152,0,-7969
7153,7153,0,-4578
7154,7154,0,11243
7155,7155,0,-2204
7156,7156,0,8371
7157,7157,0,4578
7158,7158,0,-11213
7159,7159,0,-11213
7160,7160,0,-11213
7161,7161,0,-11213
7162,7162,0,-11213
7163,7163,0,-11213
7164,7164,0,-11213
7165,7165,0,-11213
7166,7166,0,2204
7167,7167,0,-3378
7168,7168,0,-10531
7169,7169,0,9790
7170,7170,0,4558
7171,7171,0,-12650
7172,7172,0,-12650
7173,7173,0,-12650
7174,7174,0,-12650
7175,7175,0,-12650
7176,7176,0,-12650
7177,7177,0,-12650
7178,7178,0,3378
7179,7179,0,10740
7180,7180,0,-10183
7181,7181,0,-4558
7182,7182,0,12913
7183,7183,0,-3749
7184,7184,0,-3749
7185,7185,0,-3749
7186,7186,0,-3749
7187,7187,0,-3749
7188,7188,0,-3749
7189,7189,0,-3749
7190,7190,0,-3749
7191,7191,0,-10740
7192,7192,0,4649
7193,7193,0,-12913
7194,7194,0,3820
7195,7195,0,10942
7196,7196,0,-10570
7197,7197,0,-10570
7198,7198,0,-10570
7199,7199,0,-10570
7200,7200,0,-10570
7201,7201,0,-10570
7202,7202,0,-10570
7203,7203,0,-10570
7204,7204,0,-4433
7205,7205,0,-3802
7206,7206,0,14251
7207,7207,0,-4802
7208,7208,0,-11238
7209,7209,0,11853
7210,7210,0,11853
7211,7211,0,11853
7212,7212,0,11853
7213,7213,0,11853
7214,7214,0,11853
7215,7215,0,11853
7216,7216,0,11853
7217,7217,0,4138
7218,7218,0,-14432
7219,7219,0,11170
7220,7220,0,-12014
7221,7221,0,-3903
7222,7222,0,14617
7223,7223,0,14617
7224,7224,0,14617
7225,7225,0,14617
7226,7226,0,14617
7227,7227,0,14617
7228,7228,0,14617
7229,7229,0,14617
7230,7230,0,-5267
7231,7231,0,-11313
7232,7232,0,12364
7233,7233,0,3556
7234,7234,0,-14617
7235,7235,0,5668
7236,7236,0,5668
7237,7237,0,5668
7238,7238,0,5668
7239,7239,0,5668
7240,7240,0,5668
7241,7241,0,5668
7242,7242,0,5668
7243,7243,0,11449
7244,7244,0,-12513
7245,7245,0,-3599
7246,7246,0,-5732
7247,7247,0,-11342
7248,7248,0,6251
7249,7249,0,6251
7250,7250,0,6251
7251,7251,0,6251
7252,7252,0,6251
7253,7253,0,6251
7254,7254,0,6251
7255,7255,0,6251
7256,7256,0,11430
7257,7257,0,-13422
7258,7258,0,-3010
7259,7259,0,15388
7260,7260,0,-6651
7261,7261,0,-11267
7262,7262,0,-11267
7263,7263,0,-11267
7264,7264,0,-11267
7265,7265,0,-11267
7266,7266,0,-11267
7267,7267,0,-11267
7268,7268,0,13720
7269,7269,0,2680
7270,7270,0,-15440
7271,7271,0,6651
7272,7272,0,11355
7273,7273,0,-13827
7274,7274,0,-13827
7275,7275,0,-13827
7276,7276,0,-13827
7277,7277,0,-13827
7278,7278,0,-13827
7279,7279,0,-13827
7280,7280,0,-13827
7281,7281,0,-2680
7282,7282,0,-6703
7283,7283,0,-11355
7284,7284,0,13926
7285,7285,0,2332
7286,7286,0,-14526
7287,7287,0,-14526
7288,7288,0,-14526
7289,7289,0,-14526
7290,7290,0,-14526
7291,7291,0,-14526
7292,7292,0,-14526
7293,7293,0,-14526
7294,7294,0,-1976
7295,7295,0,15833
7296,7296,0,-7957
7297,7297,0,-11131
7298,7298,0,14758
7299,7299,0,1589
7300,7300,0,1589
7301,7301,0,1589
7302,7302,0,1589
7303,7303,0,1589
7304,7304,0,1589
7305,7305,0,1589
7306,7306,0,1589
7307,7307,0,-15813
7308,7308,0,7988
7309,7309,0,-14816
7310,7310,0,-1589
7311,7311,0,15813
7312,7312,0,-7988
7313,7313,0,-7988
7314,7314,0,-7988
7315,7315,0,-7988
7316,7316,0,-7988
7317,7317,0,-7988
7318,7318,0,-7988
7319,7319,0,-7988
7320,7320,0,-10920
7321,7321,0,14866
7322,7322,0,1594
7323,7323,0,-15866
7324,7324,0,8360
7325,7325,0,-9102
7326,7326,0,-9102
7327,7327,0,-9102
7328,7328,0,-9102
7329,7329,0,-9102
7330,7330,0,-9102
7331,7331,0,-9102
7332,7332,0,-9102
7333,7333,0,-10080
7334,7334,0,15426
7335,7335,0,402
7336,7336,0,9431
7337,7337,0,10080
7338,7338,0,-15422
7339,7339,0,-15422
7340,7340,0,-15422
7341,7341,0,-15422
7342,7342,0,-15422
7343,7343,0,-15422
7344,7344,0,-15422
7345,7345,0,-15422
7346,7346,0,-402
7347,7347,0,15674
7348,7348,0,-9431
7349,7349,0,-9757
7350,7350,0,15422
7351,7351,0,0
7352,7352,0,0
7353,7353,0,0
7354,7354,0,0
7355,7355,0,0
7356,7356,0,0
7357,7357,0,0
7358,7358,0,-15674
7359,7359,0,9748
7360,7360,0,9748
7361,7361,0,-15538
7362,7362,0,-402
7363,7363,0,15660
7364,7364,0,15660
7365,7365,0,15660
7366,7366,0,15660
7367,7367,0,15660
7368,7368,0,15660
7369,7369,0,15660
7370,7370,0,15660
7371,7371,0,-8637
7372,7372,0,-789
7373,7373,0,-14992
7374,7374,0,10194
7375,7375,0,8597
7376,7376,0,-15507
7377,7377,0,-15507
7378,7378,0,-15507
7379,7379,0,-15507
7380,7380,0,-15507
7381,7381,0,-15507
7382,7382,0,-15507
7383,7383,0,-15507
7384,7384,0,1176
7385,7385,0,14992
7386,7386,0,-10194
7387,7387,0,-8553
7388,7388,0,15507
7389,7389,0,-1558
7390,7390,0,-1558
7391,7391,0,-1558
7392,7392,0,-1558
7393,7393,0,-1558
7394,7394,0,-1558
7395,7395,0,-1558
7396,7396,0,-1558
7397,7397,0,-14683
7398,7398,0,10381
7399,7399,0,-15507
7400,7400,0,1169
7401,7401,0,14683
7402,7402,0,-10604
7403,7403,0,-10604
7404,7404,0,-10604
7405,7405,0,-10604
7406,7406,0,-10604
7407,7407,0,-10604
7408,7408,0,-10604
7409,7409,0,-10604
7410,7410,0,-7783
7411,7411,0,15407
7412,7412,0,-1548
7413,7413,0,-14436
7414,7414,0,10604
7415,7415,0,-10540
7416,7416,0,-10540
7417,7417,0,-10540
7418,7418,0,-10540
7419,7419,0,-10540
7420,7420,0,-10540
7421,7421,0,-10540
7422,7422,0,-7206
7423,7423,0,15061
7424,7424,0,-2243
7425,7425,0,-13521
7426,7426,0,6806
7427,7427,0,6806
7428,7428,0,6806
7429,7429,0,6806
7430,7430,0,6806
7431,7431,0,6806
7432,7432,0,6806
7433,7433,0,6806
7434,7434,0,6806
7435,7435,0,2221
7436,7436,0,13210
7437,7437,0,-10591
7438,7438,0,-6735
7439,7439,0,14816
7440,7440,0,14816
7441,7441,0,14816
7442,7442,0,14816
7443,7443,0,14816
7444,7444,0,14816
7445,7445,0,14816
7446,7446,0,-2532
7447,7447,0,-13210
7448,7448,0,10591
7449,7449,0,6332
7450,7450,0,-14700
7451,7451,0,2532
7452,7452,0,2532
7453,7453,0,2532
7454,7454,0,2532
7455,7455,0,2532
7456,7456,0,2532
7457,7457,0,2532
7458,7458,0,2532
7459,7459,0,13062
7460,7460,0,-5297
7461,7461,0,13586
7462,7462,0,-11509
7463,7463,0,10531
7464,7464,0,5297
7465,7465,0,5297
7466,7466,0,5297
7467,7467,0,5297
7468,7468,0,5297
7469,7469,0,5297
7470,7470,0,5297
7471,7471,0,5297
7472,7472,0,-13586
7473,7473,0,3310
7474,7474,0,11509
7475,7475,0,-10355
7476,7476,0,-4821
7477,7477,0,13380
7478,7478,0,13380
7479,7479,0,13380
7480,7480,0,13380
7481,7481,0,13380
7482,7482,0,13380
7483,7483,0,13380
7484,7484,0,-3573
7485,7485,0,-11138
7486,7486,0,10355
7487,7487,0,4821
7488,7488,0,-13380
7489,7489,0,3510
7490,7490,0,3510
7491,7491,0,3510
7492,7492,0,3510
7493,7493,0,3510
7494,7494,0,3510
7495,7495,0,3510
7496,7496,0,3510
7497,7497,0,10942
7498,7498,0,-4990
7499,7499,0,13144
7500,7500,0,-3510
7501,7501,0,-10560
7502,7502,0,10183
7503,7503,0,10183
7504,7504,0,10183
7505,7505,0,10183
7506,7506,0,10183
7507,7507,0,10183
7508,7508,0,10183
7509,7509,0,10183
7510,7510,0,-9702
7511,7511,0,-3445
7512,7512,0,11862
7513,7513,0,-3997
7514,7514,0,-9531
7515,7515,0,9702
7516,7516,0,9702
7517,7517,0,9702
7518,7518,0,9702
7519,7519,0,9702
7520,7520,0,9702
7521,7521,0,9702
7522,7522,0,9702
7523,7523,0,3363
7524,7524,0,-11581
7525,7525,0,11183
7526,7526,0,-9633
7527,7527,0,-3013
7528,7528,0,11284
7529,7529,0,11284
7530,7530,0,11284
7531,7531,0,11284
7532,7532,0,11284
7533,7533,0,11284
7534,7534,0,11284
7535,7535,0,11284
7536,7536,0,-3903
7537,7537,0,-8907
7538,7538,0,9296
7539,7539,0,2935
7540,7540,0,-10990
7541,7541,0,3960
7542,7542,0,3960
7543,7543,0,3960
7544,7544,0,3960
7545,7545,0,3960
7546,7546,0,3960
7547,7547,0,3960
7548,7548,0,8505
7549,7549,0,-2067
7550,7550,0,9363
7551,7551,0,-4034
7552,7552,0,8208
7553,7553,0,8208
7554,7554,0,8208
7555,7555,0,8208
7556,7556,0,8208
7557,7557,0,8208
7558,7558,0,8208
7559,7559,0,8208
7560,7560,0,8208
7561,7561,0,-9034
7562,7562,0,3892
7563,7563,0,6592
7564,7564,0,-8028
7565,7565,0,-1776
7566,7566,0,-1776
7567,7567,0,-1776
7568,7568,0,-1776
7569,7569,0,-1776
7570,7570,0,-1776
7571,7571,0,-1776
7572,7572,0,9034
7573,7573,0,-3892
7574,7574,0,-6592
7575,7575,0,7731
7576,7576,0,1440
7577,7577,0,-8332
7578,7578,0,-8332
7579,7579,0,-8332
7580,7580,0,-8332
7581,7581,0,-8332
7582,7582,0,-8332
7583,7583,0,-8332
7584,7584,0,-8332
7585,7585,0,3787
7586,7586,0,5956
7587,7587,0,-7428
7588,7588,0,8332
7589,7589,0,-3787
7590,7590,0,-5710
7591,7591,0,-5710
7592,7592,0,-5710
7593,7593,0,-5710
7594,7594,0,-5710
7595,7595,0,-5710
7596,7596,0,-5710
7597,7597,0,-5710
7598,7598,0,7213
7599,7599,0,-6070
7600,7600,0,-651
7601,7601,0,6478
7602,7602,0,-3273
7603,7603,0,-4459
7604,7604,0,-4459
7605,7605,0,-4459
7606,7606,0,-4459
7607,7607,0,-4459
7608,7608,0,-4459
7609,7609,0,-4459
7610,7610,0,6002
7611,7611,0,651
7612,7612,0,-6118
7613,7613,0,3223
7614,7614,0,4095
7615,7615,0,-5793
7616,7616,0,-5793
7617,7617,0,-5793
7618,7618,0,-5793
7619,7619,0,-5793
7620,7620,0,-5793
7621,7621,0,-5793
7622,7622,0,-5793
7623,7623,0,-615
7624,7624,0,-3223
7625,7625,0,-4211
7626,7626,0,5391
7627,7627,0,434
7628,7628,0,-5720
7629,7629,0,-5720
7630,7630,0,-5720
7631,7631,0,-5720
7632,7632,0,-5720
7633,7633,0,-5720
7634,7634,0,-5720
7635,7635,0,-5720
7636,7636,0,3031
7637,7637,0,3502
7638,7638,0,-98
7639,7639,0,3810
7640,7640,0,-2292
7641,7641,0,-2209
7642,7642,0,-2209
7643,7643,0,-2209
7644,7644,0,-2209
7645,7645,0,-2209
7646,7646,0,-2209
7647,7647,0,-2209
7648,7648,0,-2209
7649,7649,0,3380
7650,7650,0,88
7651,7651,0,1841
7652,7652,0,1904
7653,7653,0,-3035
7654,7654,0,0
7655,7655,0,0
7656,7656,0,0
7657,7657,0,0
7658,7658,0,0
7659,7659,0,0
7660,7660,0,0
7661,7661,0,0
7662,7662,0,2660
7663,7663,0,-1669
7664,7664,0,-1613
7665,7665,0,2680
7666,7666,0,-69
7667,7667,0,-2637
7668,7668,0,-2637
7669,7669,0,-2637
7670,7670,0,-2637
7671,7671,0,-2637
7672,7672,0,-2637
7673,7673,0,-2637
7674,7674,0,-2637
7675,7675,0,1669
7676,7676,0,1613
7677,7677,0,-2680
7678,7678,0,2660
7679,7679,0,-1479
7680,7680,0,-1384
7681,7681,0,-1384
7682,7682,0,-1384
7683,7683,0,-1384
7684,7684,0,-1384
7685,7685,0,-1384
7686,7686,0,-1384
7687,7687,0,-1384
7688,7688,0,2300
7689,7689,0,-780
7690,7690,0,59
7691,7691,0,750
7692,7692,0,-510
7693,7693,0,-430
7694,7694,0,-430
7695,7695,0,-430
7696,7696,0,-430
7697,7697,0,-430
7698,7698,0,-430
7699,7699,0,-430
7700,7700,0,392
7701,7701,0,-39
7702,7702,0,-371
7703,7703,0,263
7704,7704,0,215
7705,7705,0,-392
7706,7706,0,-392
7707,7707,0,-392
7708,7708,0,-392
7709,7709,0,-392
7710,7710,0,-392
7711,7711,0,-392
7712,7712,0,-392
7713,7713,0,0
7714,7714,0,0
7715,7715,0,0
7716,7716,0,0
7717,7717,0,39
7718,7718,0,368
7719,7719,0,368
7720,7720,0,368
7721,7721,0,368
7722,7722,0,368
7723,7723,0,368
7724,7724,0,368
7725,7725,0,368
7726,7726,0,-263
7727,7727,0,-1081
7728,7728,0,2378
7729,7729,0,-411
7730,7730,0,-2120
7731,7731,0,1700
7732,7732,0,1700
7733,7733,0,1700
7734,7734,0,1700
7735,7735,0,1700
7736,7736,0,1700
7737,7737,0,1700
7738,7738,0,1700
7739,7739,0,1198
7740,7740,0,-2780
7741,7741,0,2470
7742,7742,0,-1981
7743,7743,0,-1198
7744,7744,0,3173
7745,7745,0,3173
7746,7746,0,3173
7747,7747,0,3173
7748,7748,0,3173
7749,7749,0,3173
7750,7750,0,3173
7751,7751,0,3173
7752,7752,0,-546
7753,7753,0,-2819
7754,7754,0,2315
7755,7755,0,1367
7756,7756,0,-3173
7757,7757,0,700
7758,7758,0,700
7759,7759,0,700
7760,7760,0,700
7761,7761,0,700
7762,7762,0,700
7763,7763,0,700
7764,7764,0,2781
7765,7765,0,-2660
7766,7766,0,-1535
7767,7767,0,3563
7768,7768,0,-3124
7769,7769,0,-3124
7770,7770,0,-3124
7771,7771,0,-3124
7772,7772,0,-3124
7773,7773,0,-3124
7774,7774,0,-3124
7775,7775,0,-3124
7776,7776,0,-3124
7777,7777,0,4663
7778,7778,0,-4267
7779,7779,0,-1967
7780,7780,0,5513
7781,7781,0,-1472
7782,7782,0,-1472
7783,7783,0,-1472
7784,7784,0,-1472
7785,7785,0,-1472
7786,7786,0,-1472
7787,7787,0,-1472
7788,7788,0,-4663
7789,7789,0,4649
7790,7790,0,2122
7791,7791,0,-5889
7792,7792,0,1573
7793,7793,0,4903
7794,7794,0,4903
7795,7795,0,4903
7796,7796,0,4903
7797,7797,0,4903
7798,7798,0,4903
7799,7799,0,4903
7800,7800,0,-4558
7801,7801,0,-1986
7802,7802,0,5889
7803,7803,0,-1573
7804,7804,0,4558
7805,7805,0,4558
7806,7806,0,4558
7807,7807,0,4558
7808,7808,0,4558
7809,7809,0,4558
7810,7810,0,4558
7811,7811,0,4558
7812,7812,0,4558
7813,7813,0,-6268
7814,7814,0,7721
7815,7815,0,-2602
7816,7816,0,-6089
7817,7817,0,6315
7818,7818,0,6315
7819,7819,0,6315
7820,7820,0,6315
7821,7821,0,6315
7822,7822,0,6315
7823,7823,0,6315
7824,7824,0,2242
7825,7825,0,-8073
7826,7826,0,2721
7827,7827,0,6366
7828,7828,0,-6715
7829,7829,0,-2344
7830,7830,0,-2344
7831,7831,0,-2344
7832,7832,0,-2344
7833,7833,0,-2344
7834,7834,0,-2344
7835,7835,0,-2344
7836,7836,0,-2344
7837,7837,0,8413
7838,7838,0,-2838
7839,7839,0,-6640
7840,7840,0,2247
7841,7841,0,-8755
7842,7842,0,3155
7843,7843,0,3155
7844,7844,0,3155
7845,7845,0,3155
7846,7846,0,3155
7847,7847,0,3155
7848,7848,0,3155
7849,7849,0,3155
7850,7850,0,6776
7851,7851,0,-7406
7852,7852,0,-2338
7853,7853,0,-4212
7854,7854,0,-7701
7855,7855,0,9044
7856,7856,0,9044
7857,7857,0,9044
7858,7858,0,9044
7859,7859,0,9044
7860,7860,0,9044
7861,7861,0,9044
7862,7862,0,2277
7863,7863,0,-10344
7864,7864,0,4575
7865,7865,0,7750
7866,7866,0,-9311
7867,7867,0,-2088
7868,7868,0,-2088
7869,7869,0,-2088
7870,7870,0,-2088
7871,7871,0,-2088
7872,7872,0,-2088
7873,7873,0,-2088
7874,7874,0,-2088
7875,7875,0,10621
7876,7876,0,-7969
7877,7877,0,9311
7878,7878,0,2147
7879,7879,0,-11175
7880,7880,0,5080
7881,7881,0,5080
7882,7882,0,5080
7883,7883,0,5080
7884,7884,0,5080
7885,7885,0,5080
7886,7886,0,5080
7887,7887,0,5080
7888,7888,0,7988
7889,7889,0,-9964
7890,7890,0,-1931
7891,7891,0,10920
7892,7892,0,-4830
7893,7893,0,-8192
7894,7894,0,-8192
7895,7895,0,-8192
7896,7896,0,-8192
7897,7897,0,-8192
7898,7898,0,-8192
7899,7899,0,-8192
7900,7900,0,-8192
7901,7901,0,10348
7902,7902,0,1931
7903,7903,0,12167
7904,7904,0,-6115
7905,7905,0,-8554
7906,7906,0,11579
7907,7907,0,11579
7908,7908,0,11579
7909,7909,0,11579
7910,7910,0,11579
7911,7911,0,11579
7912,7912,0,11579
7913,7913,0,11579
7914,7914,0,1241
7915,7915,0,-12422
7916,7916,0,6640
7917,7917,0,8674
7918,7918,0,-11808
7919,7919,0,-1266
7920,7920,0,-1266
7921,7921,0,-1266
7922,7922,0,-1266
7923,7923,0,-1266
7924,7924,0,-1266
7925,7925,0,-1266
7926,7926,0,-1266
7927,7927,0,12603
7928,7928,0,-6366
7929,7929,0,-8596
7930,7930,0,1290
7931,7931,0,-12840
7932,7932,0,6766
7933,7933,0,6766
7934,7934,0,6766
7935,7935,0,6766
7936,7936,0,6766
7937,7937,0,6766
7938,7938,0,6766
7939,7939,0,6766
7940,7940,0,8838
7941,7941,0,-12158
7942,7942,0,-986
7943,7943,0,-7920
7944,7944,0,-8770
7945,7945,0,13422
7946,7946,0,13422
7947,7947,0,13422
7948,7948,0,13422
7949,7949,0,13422
7950,7950,0,13422
7951,7951,0,13422
7952,7952,0,355
7953,7953,0,-13896
7954,7954,0,8427
7955,7955,0,8608
7956,7956,0,-13605
7957,7957,0,0
7958,7958,0,0
7959,7959,0,0
7960,7960,0,0
7961,7961,0,0
7962,7962,0,0
7963,7963,0,0
7964,7964,0,0
7965,7965,0,13896
7966,7966,0,-8718
7967,7967,0,14063
7968,7968,0,0
7969,7969,0,-14063
7970,7970,0,8823
7971,7971,0,8823
7972,7972,0,8823
7973,7973,0,8823
7974,7974,0,8823
7975,7975,0,8823
7976,7976,0,8823
7977,7977,0,8823
7978,7978,0,8528
7979,7979,0,-14063
7980,7980,0,0
7981,7981,0,14063
7982,7982,0,-8923
7983,7983,0,-8528
7984,7984,0,-8528
7985,7985,0,-8528
7986,7986,0,-8528
7987,7987,0,-8528
7988,7988,0,-8528
7989,7989,0,-8528
7990,7990,0,-8528
7991,7991,0,14334
7992,7992,0,0
7993,7993,0,14514
7994,7994,0,-9869
7995,7995,0,-8323
7996,7996,0,15209
7997,7997,0,15209
7998,7998,0,15209
7999,7999,0,15209
8000,8000,0,15209
8001,8001,0,15209
8002,8002,0,15209
8003,8003,0,15209
8004,8004,0,-1154
8005,8005,0,-14485
8006,8006,0,10241
8007,8007,0,8060
8008,8008,0,-15209
8009,8009,0,1154
8010,8010,0,1154
8011,8011,0,1154
8012,8012,0,1154
8013,8013,0,1154
8014,8014,0,1154
8015,8015,0,1154
8016,8016,0,1154
8017,8017,0,14589
8018,8018,0,-10314
8019,8019,0,-8118
8020,8020,0,-1162
8021,8021,0,-14589
8022,8022,0,10314
8023,8023,0,10314
8024,8024,0,10314
8025,8025,0,10314
8026,8026,0,10314
8027,8027,0,10314
8028,8028,0,10314
8029,8029,0,10314
8030,8030,0,8171
8031,8031,0,-15507
8032,8032,0,1558
8033,8033,0,-11498
8034,8034,0,-7311
8035,8035,0,16128
8036,8036,0,16128
8037,8037,0,16128
8038,8038,0,16128
8039,8039,0,16128
8040,8040,0,16128
8041,8041,0,16128
8042,8042,0,-2787
8043,8043,0,-14380
8044,8044,0,11498
8045,8045,0,7331
8046,8046,0,-16217
8047,8047,0,2793
8048,8048,0,2793
8049,8049,0,2793
8050,8050,0,2793
8051,8051,0,2793
8052,8052,0,2793
8053,8053,0,2793
8054,8054,0,2793
8055,8055,0,14410
8056,8056,0,-6986
8057,8057,0,16217
8058,8058,0,-2793
8059,8059,0,-14239
8060,8060,0,12125
8061,8061,0,12125
8062,8062,0,12125
8063,8063,0,12125
8064,8064,0,12125
8065,8065,0,12125
8066,8066,0,12125
8067,8067,0,12125
8068,8068,0,6997
8069,8069,0,-16242
8070,8070,0,3193
8071,8071,0,14239
8072,8072,0,-12136
8073,8073,0,-6632
8074,8074,0,-6632
8075,8075,0,-6632
8076,8076,0,-6632
8077,8077,0,-6632
8078,8078,0,-6632
8079,8079,0,-6632
8080,8080,0,-6632
8081,8081,0,16242
8082,8082,0,-3196
8083,8083,0,13804
8084,8084,0,-12631
8085,8085,0,-5880
8086,8086,0,16320
8087,8087,0,16320
8088,8088,0,16320
8089,8089,0,16320
8090,8090,0,16320
8091,8091,0,16320
8092,8092,0,16320
8093,8093,0,16320
8094,8094,0,-4349
8095,8095,0,-13804
8096,8096,0,12854
8097,8097,0,5868
8098,8098,0,-16286
8099,8099,0,4349
8100,8100,0,4349
8101,8101,0,4349
8102,8102,0,4349
8103,8103,0,4349
8104,8104,0,4349
8105,8105,0,4349
8106,8106,0,4349
8107,8107,0,13775
8108,8108,0,-12604
8109,8109,0,-5852
8110,8110,0,-4337
8111,8111,0,-13521
8112,8112,0,12820
8113,8113,0,12820
8114,8114,0,12820
8115,8115,0,12820
8116,8116,0,12820
8117,8117,0,12820
8118,8118,0,12820
8119,8119,0,12820
8120,8120,0,5478
8121,8121,0,-16242
8122,8122,0,4323
8123,8123,0,-13130
8124,8124,0,-4212
8125,8125,0,15772
8126,8126,0,15772
8127,8127,0,15772
8128,8128,0,15772
8129,8129,0,15772
8130,8130,0,15772
8131,8131,0,15772
8132,8132,0,-5643
8133,8133,0,-12360
8134,8134,0,13130
8135,8135,0,4182
8136,8136,0,-15660
8137,8137,0,5282
8138,8138,0,5282
8139,8139,0,5282
8140,8140,0,5282
8141,8141,0,5282
8142,8142,0,5282
8143,8143,0,5282
8144,8144,0,5282
8145,8145,0,12120
8146,8146,0,-4182
8147,8147,0,15660
8148,8148,0,-5599
8149,8149,0,-12026
8150,8150,0,13143
8151,8151,0,13143
8152,8152,0,13143
8153,8153,0,13143
8154,8154,0,13143
8155,8155,0,13143
8156,8156,0,13143
8157,8157,0,13143
8158,8158,0,3780
8159,8159,0,-15538
8160,8160,0,5599
8161,8161,0,11681
8162,8162,0,-13232
8163,8163,0,-3748
8164,8164,0,-3748
8165,8165,0,-3748
8166,8166,0,-3748
8167,8167,0,-3748
8168,8168,0,-3748
8169,8169,0,-3748
8170,8170,0,-3748
8171,8171,0,15385
8172,8172,0,-5552
8173,8173,0,10727
8174,8174,0,-12887
8175,8175,0,-2855
8176,8176,0,14525
8177,8177,0,14525
8178,8178,0,14525
8179,8179,0,14525
8180,8180,0,14525
8181,8181,0,14525
8182,8182,0,14525
8183,8183,0,14525
8184,8184,0,-6257
8185,8185,0,-10465
8186,8186,0,12743
8187,8187,0,2502
8188,8188,0,-14293
8189,8189,0,6178
8190,8190,0,6178
8191,8191,0,6178
8192,8192,1,6178
8193,8193,0,6178
8194,8194,0,6178
8195,8195,0,6178
8196,8196,0,6178
8197,8197,0,10465
8198,8198,0,-12743
8199,8199,0,-2437
8200,8200,0,-6409
8201,8201,0,-10080
8202,8202,0,12733
8203,8203,0,12733
8204,8204,0,12733
8205,8205,0,12733
8206,8206,0,12733
8207,8207,0,12733
8208,8208,0,12733
8209,8209,0,12733
8210,8210,0,2437
8211,8211,0,-14101
8212,8212,0,6486
8213,8213,0,8838
8214,8214,0,-12031
8215,8215,0,-1266
8216,8216,0,-1266
8217,8217,0,-1266
8218,8218,0,-1266
8219,8219,0,-1266
8220,8220,0,-1266
8221,8221,0,-1266
8222,8222,0,12603
8223,8223,0,-6366
8224,8224,0,-8674
8225,8225,0,11808
8226,8226,0,932
8227,8227,0,-12285
8228,8228,0,-12285
8229,8229,0,-12285
8230,8230,0,-12285
8231,8231,0,-12285
8232,8232,0,-12285
8233,8233,0,-12285
8234,8234,0,-12285
8235,8235,0,6511
8236,8236,0,-11701
8237,8237,0,-932
8238,8238,0,12357
8239,8239,0,-6637
8240,8240,0,-8103
8241,8241,0,-8103
8242,8242,0,-8103
8243,8243,0,-8103
8244,8244,0,-8103
8245,8245,0,-8103
8246,8246,0,-8103
8247,8247,0,-8103
8248,8248,0,11701
8249,8249,0,913
8250,8250,0,-12034
8251,8251,0,6637
8252,8252,0,8103
8253,8253,0,-11462
8254,8254,0,-11462
8255,8255,0,-11462
8256,8256,0,-11462
8257,8257,0,-11462
8258,8258,0,-11462
8259,8259,0,-11462
8260,8260,0,-11462
8261,8261,0,-596
8262,8262,0,11776
8263,8263,0,-10529
8264,8264,0,6336
8265,8265,0,6555
8266,8266,0,-10448
8267,8267,0,-10448
8268,8268,0,-10448
8269,8269,0,-10448
8270,8270,0,-10448
8271,8271,0,-10448
8272,8272,0,-10448
8273,8273,0,-10448
8274,8274,0,0
8275,8275,0,10529
8276,8276,0,-6162
8277,8277,0,-6162
8278,8278,0,10161
8279,8279,0,-255
8280,8280,0,-255
8281,8281,0,-255
8282,8282,0,-255
8283,8283,0,-255
8284,8284,0,-255
8285,8285,0,-255
8286,8286,0,-255
8287,8287,0,-9869
8288,8288,0,6192
8289,8289,0,6162
8290,8290,0,2303
8291,8291,0,9787
8292,8292,0,-6192
8293,8293,0,-6192
8294,8294,0,-6192
8295,8295,0,-6192
8296,8296,0,-6192
8297,8297,0,-6192
8298,8298,0,-6192
8299,8299,0,-6192
8300,8300,0,-5985
8301,8301,0,4870
8302,8302,0,-8503
8303,8303,0,670
8304,8304,0,8098
8305,8305,0,-5561
8306,8306,0,-5561
8307,8307,0,-5561
8308,8308,0,-5561
8309,8309,0,-5561
8310,8310,0,-5561
8311,8311,0,-5561
8312,8312,0,-4506
8313,8313,0,8503
8314,8314,0,-645
8315,8315,0,-8098
8316,8316,0,5502
8317,8317,0,4690
8318,8318,0,4690
8319,8319,0,4690
8320,8320,0,4690
8321,8321,0,4690
8322,8322,0,4690
8323,8323,0,4690
8324,8324,0,4690
8325,8325,0,-8171
8326,8326,0,5734
8327,8327,0,-5502
8328,8328,0,-4330
8329,8329,0,7879
8330,8330,0,-792
8331,8331,0,-792
8332,8332,0,-792
8333,8333,0,-792
8334,8334,0,-792
8335,8335,0,-792
8336,8336,0,-792
8337,8337,0,-792
8338,8338,0,-7461
8339,8339,0,5275
8340,8340,0,-6178
8341,8341,0,920
8342,8342,0,5200
8343,8343,0,-4169
8344,8344,0,-4169
8345,8345,0,-4169
8346,8346,0,-4169
8347,8347,0,-4169
8348,8348,0,-4169
8349,8349,0,-4169
8350,8350,0,-4169
8351,8351,0,-2651
8352,8352,0,5833
8353,8353,0,-5267
8354,8354,0,4169
8355,8355,0,2482
8356,8356,0,-5460
8357,8357,0,-5460
8358,8358,0,-5460
8359,8359,0,-5460
8360,8360,0,-5460
8361,8361,0,-5460
8362,8362,0,-5460
8363,8363,0,-5460
8364,8364,0,944
8365,8365,0,4868
8366,8366,0,-3997
8367,8367,0,-2482
8368,8368,0,5101
8369,8369,0,-1003
8370,8370,0,-1003
8371,8371,0,-1003
8372,8372,0,-1003
8373,8373,0,-1003
8374,8374,0,-1003
8375,8375,0,-1003
8376,8376,0,-4533
8377,8377,0,3722
8378,8378,0,2197
8379,8379,0,-5101
8380,8380,0,4472
8381,8381,0,4472
8382,8382,0,4472
8383,8383,0,4472
8384,8384,0,4472
8385,8385,0,4472
8386,8386,0,4472
8387,8387,0,4472
8388,8388,0,4472
8389,8389,0,-4081
8390,8390,0,1150
8391,8391,0,-3193
8392,8392,0,747
8393,8393,0,2366
8394,8394,0,2366
8395,8395,0,2366
8396,8396,0,2366
8397,8397,0,2366
8398,8398,0,2366
8399,8399,0,2366
8400,8400,0,-2471
8401,8401,0,-1008
8402,8402,0,2798
8403,8403,0,-747
8404,8404,0,-2329
8405,8405,0,2165
8406,8406,0,2165
8407,8407,0,2165
8408,8408,0,2165
8409,8409,0,2165
8410,8410,0,2165
8411,8411,0,2165
8412,8412,0,1008
8413,8413,0,-2798
8414,8414,0,641
8415,8415,0,1999
8416,8416,0,-810
8417,8417,0,-810
8418,8418,0,-810
8419,8419,0,-810
8420,8420,0,-810
8421,8421,0,-810
8422,8422,0,-810
8423,8423,0,-810
8424,8424,0,-810
8425,8425,0,-641
8426,8426,0,-1640
8427,8427,0,329
8428,8428,0,0
8429,8429,0,0
8430,8430,0,0
8431,8431,0,0
8432,8432,0,0
8433,8433,0,0
8434,8434,0,0
8435,8435,0,0
8436,8436,0,0
8437,8437,0,-317
8438,8438,0,334
8439,8439,0,107
8440,8440,0,-402
8441,8441,0,135
8442,8442,0,135
8443,8443,0,135
8444,8444,0,135
8445,8445,0,135
8446,8446,0,135
8447,8447,0,135
8448,8448,0,135
8449,8449,0,317
8450,8450,0,-334
8451,8451,0,-107
8452,8452,0,-135
8453,8453,0,-317
8454,8454,0,669
8455,8455,0,669
8456,8456,0,669
8457,8457,0,669
8458,8458,0,669
8459,8459,0,669
8460,8460,0,669
8461,8461,0,669
8462,8462,0,195
8463,8463,0,-802
8464,8464,0,289
8465,8465,0,622
8466,8466,0,-1018
8467,8467,0,-293
8468,8468,0,-293
8469,8469,0,-293
8470,8470,0,-293
8471,8471,0,-293
8472,8472,0,-293
8473,8473,0,-293
8474,8474,0,1202
8475,8475,0,-434
8476,8476,0,-1216
8477,8477,0,1198
8478,8478,0,2075
8479,8479,0,-2437
8480,8480,0,-2437
8481,8481,0,-2437
8482,8482,0,-2437
8483,8483,0,-2437
8484,8484,0,-2437
8485,8485,0,-2437
8486,8486,0,-2437
8487,8487,0,-624
8488,8488,0,-1295
8489,8489,0,-2368
8490,8490,0,2781
8491,8491,0,614
8492,8492,0,-3173
8493,8493,0,-3173
8494,8494,0,-3173
8495,8495,0,-3173
8496,8496,0,-3173
8497,8497,0,-3173
8498,8498,0,-3173
8499,8499,0,-3173
8500,8500,0,1535
8501,8501,0,2600
8502,8502,0,-3124
8503,8503,0,-614
8504,8504,0,3938
8505,8505,0,-1614
8506,8506,0,-1614
8507,8507,0,-1614
8508,8508,0,-1614
8509,8509,0,-1614
8510,8510,0,-1614
8511,8511,0,-1614
8512,8512,0,-1614
8513,8513,0,-2600
8514,8514,0,3166
8515,8515,0,-676
8516,8516,0,5413
8517,8517,0,-2721
8518,8518,0,-3806
8519,8519,0,-3806
8520,8520,0,-3806
8521,8521,0,-3806
8522,8522,0,-3806
8523,8523,0,-3806
8524,8524,0,-3806
8525,8525,0,-3806
8526,8526,0,5391
8527,8527,0,578
8528,8528,0,-5753
8529,8529,0,3031
8530,8530,0,3960
8531,8531,0,-5391
8532,8532,0,-5391
8533,8533,0,-5391
8534,8534,0,-5391
8535,8535,0,-5391
8536,8536,0,-5391
8537,8537,0,-5391
8538,8538,0,-5391
8539,8539,0,-578
8540,8540,0,6118
8541,8541,0,-3090
8542,8542,0,5732
8543,8543,0,615
8544,8544,0,-6118
8545,8545,0,-6118
8546,8546,0,-6118
8547,8547,0,-6118
8548,8548,0,-6118
8549,8549,0,-6118
8550,8550,0,-6118
8551,8551,0,-6118
8552,8552,0,3223
8553,8553,0,4337
8554,8554,0,-6134
8555,8555,0,8060
8556,8556,0,-4850
8557,8557,0,-5182
8558,8558,0,-5182
8559,8559,0,-5182
8560,8560,0,-5182
8561,8561,0,-5182
8562,8562,0,-5182
8563,8563,0,-5182
8564,8564,0,8323
8565,8565,0,215
8566,8566,0,-8060
8567,8567,0,5047
8568,8568,0,5222
8569,8569,0,-8323
8570,8570,0,-8323
8571,8571,0,-8323
8572,8572,0,-8323
8573,8573,0,-8323
8574,8574,0,-8323
8575,8575,0,-8323
8576,8576,0,-8323
8577,8577,0,-215
8578,8578,0,-5047
8579,8579,0,-5222
8580,8580,0,8643
8581,8581,0,0
8582,8582,0,-8643
8583,8583,0,-8643
8584,8584,0,-8643
8585,8585,0,-8643
8586,8586,0,-8643
8587,8587,0,-8643
8588,8588,0,-8643
8589,8589,0,-8643
8590,8590,0,5241
8591,8591,0,5422
8592,8592,0,-8643
8593,8593,0,0
8594,8594,0,8958
8595,8595,0,-5620
8596,8596,0,-5620
8597,8597,0,-5620
8598,8598,0,-5620
8599,8599,0,-5620
8600,8600,0,-5620
8601,8601,0,-5620
8602,8602,0,-5620
8603,8603,0,-5620
8604,8604,0,9340
8605,8605,0,810
8606,8606,0,9984
8607,8607,0,-6789
8608,8608,0,-5887
8609,8609,0,-5887
8610,8610,0,-5887
8611,8611,0,-5887
8612,8612,0,-5887
8613,8613,0,-5887
8614,8614,0,-5887
8615,8615,0,-5887
8616,8616,0,10673
8617,8617,0,-810
8618,8618,0,-10266
8619,8619,0,6980
8620,8620,0,5887
8621,8621,0,-11023
8622,8622,0,-11023
8623,8623,0,-11023
8624,8624,0,-11023
8625,8625,0,-11023
8626,8626,0,-11023
8627,8627,0,-11023
8628,8628,0,1107
8629,8629,0,10591
8630,8630,0,-7567
8631,8631,0,-5956
8632,8632,0,-1136
8633,8633,0,-1136
8634,8634,0,-1136
8635,8635,0,-1136
8636,8636,0,-1136
8637,8637,0,-1136
8638,8638,0,-1136
8639,8639,0,-1136
8640,8640,0,-1136
8641,8641,0,7567
8642,8642,0,5956
8643,8643,0,-11304
8644,8644,0,11606
8645,8645,0,-9305
8646,8646,0,-9305
8647,8647,0,-9305
8648,8648,0,-9305
8649,8649,0,-9305
8650,8650,0,-9305
8651,8651,0,-9305
8652,8652,0,-5917
8653,8653,0,13017
8654,8654,0,-2250
8655,8655,0,-11755
8656,8656,0,9305
8657,8657,0,5917
8658,8658,0,5917
8659,8659,0,5917
8660,8660,0,5917
8661,8661,0,5917
8662,8662,0,5917
8663,8663,0,5917
8664,8664,0,-13017
8665,8665,0,2250
8666,8666,0,11814
8667,8667,0,-9702
8668,8668,0,13521
8669,8669,0,13521
8670,8670,0,13521
8671,8671,0,13521
8672,8672,0,13521
8673,8673,0,13521
8674,8674,0,13521
8675,8675,0,13521
8676,8676,0,13521
8677,8677,0,-11814
8678,8678,0,9866
8679,8679,0,5825
8680,8680,0,-13521
8681,8681,0,2658
8682,8682,0,2658
8683,8683,0,2658
8684,8684,0,2658
8685,8685,0,2658
8686,8686,0,2658
8687,8687,0,2658
8688,8688,0,12044
8689,8689,0,-10256
8690,8690,0,-5918
8691,8691,0,13775
8692,8692,0,-2701
8693,8693,0,3556
8694,8694,0,3556
8695,8695,0,3556
8696,8696,0,3556
8697,8697,0,3556
8698,8698,0,3556
8699,8699,0,3556
8700,8700,0,12364
8701,8701,0,-11313
8702,8702,0,-5600
8703,8703,0,14771
8704,8704,0,-12513
8705,8705,0,-12513
8706,8706,0,-12513
8707,8707,0,-12513
8708,8708,0,-12513
8709,8709,0,-12513
8710,8710,0,-12513
8711,8711,0,-12513
8712,8712,0,-12513
8713,8713,0,5330
8714,8714,0,-14793
8715,8715,0,3599
8716,8716,0,12655
8717,8717,0,-11808
8718,8718,0,-11808
8719,8719,0,-11808
8720,8720,0,-11808
8721,8721,0,-11808
8722,8722,0,-11808
8723,8723,0,-11808
8724,8724,0,-5046
8725,8725,0,14961
8726,8726,0,-3995
8727,8727,0,-12454
8728,8728,0,11933
8729,8729,0,5099
8730,8730,0,5099
8731,8731,0,5099
8732,8732,0,5099
8733,8733,0,5099
8734,8734,0,5099
8735,8735,0,5099
8736,8736,0,5099
8737,8737,0,-15132
8738,8738,0,12449
8739,8739,0,-13215
8740,8740,0,15784
8741,8741,0,-5354
8742,8742,0,-12529
8743,8743,0,-12529
8744,8744,0,-12529
8745,8745,0,-12529
8746,8746,0,-12529
8747,8747,0,-12529
8748,8748,0,-12529
8749,8749,0,-12529
8750,8750,0,12994
8751,8751,0,4239
8752,8752,0,-15967
8753,8753,0,5753
8754,8754,0,12357
8755,8755,0,-13292
8756,8756,0,-13292
8757,8757,0,-13292
8758,8758,0,-13292
8759,8759,0,-13292
8760,8760,0,-13292
8761,8761,0,-13292
8762,8762,0,-4264
8763,8763,0,15967
8764,8764,0,-5753
8765,8765,0,-12357
8766,8766,0,13576
8767,8767,0,3904
8768,8768,0,3904
8769,8769,0,3904
8770,8770,0,3904
8771,8771,0,3904
8772,8772,0,3904
8773,8773,0,3904
8774,8774,0,3904
8775,8775,0,-16025
8776,8776,0,12422
8777,8777,0,-13576
8778,8778,0,-3904
8779,8779,0,16050
8780,8780,0,-5783
8781,8781,0,-5783
8782,8782,0,-5783
8783,8783,0,-5783
8784,8784,0,-5783
8785,8785,0,-5783
8786,8786,0,-5783
8787,8787,0,-5783
8788,8788,0,6607
8789,8789,0,12107
8790,8790,0,-14410
8791,8791,0,-3188
8792,8792,0,16217
8793,8793,0,-6997
8794,8794,0,-6997
8795,8795,0,-6997
8796,8796,0,-6997
8797,8797,0,-6997
8798,8798,0,-6997
8799,8799,0,-6997
8800,8800,0,-6997
8801,8801,0,-11852
8802,8802,0,14432
8803,8803,0,-16242
8804,8804,0,6997
8805,8805,0,11852
8806,8806,0,-14432
8807,8807,0,-14432
8808,8808,0,-14432
8809,8809,0,-14432
8810,8810,0,-14432
8811,8811,0,-14432
8812,8812,0,-14432
8813,8813,0,-14432
8814,8814,0,-2800
8815,8815,0,16202
8816,8816,0,-7364
8817,8817,0,-11581
8818,8818,0,14445
8819,8819,0,2800
8820,8820,0,2800
8821,8821,0,2800
8822,8822,0,2800
8823,8823,0,2800
8824,8824,0,2800
8825,8825,0,2800
8826,8826,0,2800
8827,8827,0,-16202
8828,8828,0,10920
8829,8829,0,-14866
8830,8830,0,15866
8831,8831,0,-8015
8832,8832,0,-10586
8833,8833,0,-10586
8834,8834,0,-10586
8835,8835,0,-10586
8836,8836,0,-10586
8837,8837,0,-10586
8838,8838,0,-10586
8839,8839,0,-10586
8840,8840,0,14973
8841,8841,0,1589
8842,8842,0,-15813
8843,8843,0,8332
8844,8844,0,10586
8845,8845,0,-14914
8846,8846,0,-14914
8847,8847,0,-14914
8848,8848,0,-14914
8849,8849,0,-14914
8850,8850,0,-14914
8851,8851,0,-14914
8852,8852,0,-1192
8853,8853,0,15659
8854,8854,0,-8299
8855,8855,0,-10241
8856,8856,0,14992
8857,8857,0,1182
8858,8858,0,1182
8859,8859,0,1182
8860,8860,0,1182
8861,8861,0,1182
8862,8862,0,1182
8863,8863,0,1182
8864,8864,0,1182
8865,8865,0,-15587
8866,8866,0,8242
8867,8867,0,-14914
8868,8868,0,-1182
8869,8869,0,15587
8870,8870,0,-8597
8871,8871,0,-8597
8872,8872,0,-8597
8873,8873,0,-8597
8874,8874,0,-8597
8875,8875,0,-8597
8876,8876,0,-8597
8877,8877,0,-8597
8878,8878,0,9028
8879,8879,0,9340
8880,8880,0,-14772
8881,8881,0,0
8882,8882,0,14772
8883,8883,0,-9190
8884,8884,0,-9190
8885,8885,0,-9190
8886,8886,0,-9190
8887,8887,0,-9190
8888,8888,0,-9190
8889,8889,0,-9190
8890,8890,0,-9190
8891,8891,0,-8883
8892,8892,0,14762
8893,8893,0,-14648
8894,8894,0,9190
8895,8895,0,9190
8896,8896,0,-14628
8897,8897,0,-14628
8898,8898,0,-14628
8899,8899,0,-14628
8900,8900,0,-14628
8901,8901,0,-14628
8902,8902,0,-14628
8903,8903,0,-14628
8904,8904,0,375
8905,8905,0,14648
8906,8906,0,-9106
8907,8907,0,-8802
8908,8908,0,14628
8909,8909,0,-375
8910,8910,0,-375
8911,8911,0,-375
8912,8912,0,-375
8913,8913,0,-375
8914,8914,0,-375
8915,8915,0,-375
8916,8916,0,-14196
8917,8917,0,1077
8918,8918,0,13654
8919,8919,0,-9284
8920,8920,0,14196
8921,8921,0,14196
8922,8922,0,14196
8923,8923,0,14196
8924,8924,0,14196
8925,8925,0,14196
8926,8926,0,14196
8927,8927,0,14196
8928,8928,0,14196
8929,8929,0,-13350
8930,8930,0,9167
8931,8931,0,7731
8932,8932,0,-14016
8933,8933,0,1063
8934,8934,0,13171
8935,8935,0,13171
8936,8936,0,13171
8937,8937,0,13171
8938,8938,0,13171
8939,8939,0,13171
8940,8940,0,13171
8941,8941,0,13171
8942,8942,0,-9311
8943,8943,0,-7329
8944,8944,0,13712
8945,8945,0,-1378
8946,8946,0,-12847
8947,8947,0,9438
8948,8948,0,9438
8949,8949,0,9438
8950,8950,0,9438
8951,8951,0,9438
8952,8952,0,9438
8953,8953,0,9438
8954,8954,0,9438
8955,8955,0,6927
8956,8956,0,12966
8957,8957,0,-1931
8958,8958,0,-11755
8959,8959,0,9074
8960,8960,0,5917
8961,8961,0,5917
8962,8962,0,5917
8963,8963,0,5917
8964,8964,0,5917
8965,8965,0,5917
8966,8966,0,5917
8967,8967,0,5917
8968,8968,0,-12777
8969,8969,0,1895
8970,8970,0,11391
8971,8971,0,-9133
8972,8972,0,-5807
8973,8973,0,12777
8974,8974,0,12777
8975,8975,0,12777
8976,8976,0,12777
8977,8977,0,12777
8978,8978,0,12777
8979,8979,0,12777
8980,8980,0,12777
8981,8981,0,-1895
8982,8982,0,-11537
8983,8983,0,5694
8984,8984,0,-12528
8985,8985,0,2165
8986,8986,0,10941
8987,8987,0,10941
8988,8988,0,10941
8989,8989,0,10941
8990,8990,0,10941
8991,8991,0,10941
8992,8992,0,10941
8993,8993,0,10941
8994,8994,0,-2475
8995,8995,0,-9690
8996,8996,0,8554
8997,8997,0,4578
8998,8998,0,-11267
8999,8999,0,2475
9000,9000,0,2475
9001,9001,0,2475
9002,9002,0,2475
9003,9003,0,2475
9004,9004,0,2475
9005,9005,0,2475
9006,9006,0,2475
9007,9007,0,9690
9008,9008,0,-8554
9009,9009,0,-4323
9010,9010,0,-2674
9011,9011,0,-9438
9012,9012,0,8331
9013,9013,0,8331
9014,9014,0,8331
9015,9015,0,8331
9016,9016,0,8331
9017,9017,0,8331
9018,9018,0,8331
9019,9019,0,8331
9020,9020,0,4211
9021,9021,0,-10689
9022,9022,0,2854
9023,9023,0,9041
9024,9024,0,-8272
9025,9025,0,-4095
9026,9026,0,-4095
9027,9027,0,-4095
9028,9028,0,-4095
9029,9029,0,-4095
9030,9030,0,-4095
9031,9031,0,-4095
9032,9032,0,2959
9033,9033,0,-9431
9034,9034,0,2855
9035,9035,0,7713
9036,9036,0,-7578
9037,9037,0,-2855
9038,9038,0,-2855
9039,9039,0,-2855
9040,9040,0,-2855
9041,9041,0,-2855
9042,9042,0,-2855
9043,9043,0,-2855
9044,9044,0,-2855
9045,9045,0,9102
9046,9046,0,-7442
9047,9047,0,7311
9048,9048,0,2855
9049,9049,0,-8766
9050,9050,0,2750
9051,9051,0,2750
9052,9052,0,2750
9053,9053,0,2750
9054,9054,0,2750
9055,9055,0,2750
9056,9056,0,2750
9057,9057,0,2750
9058,9058,0,7041
9059,9059,0,-7167
9060,9060,0,-2750
9061,9061,0,8763
9062,9062,0,-2838
9063,9063,0,-7041
9064,9064,0,-7041
9065,9065,0,-7041
9066,9066,0,-7041
9067,9067,0,-7041
9068,9068,0,-7041
9069,9069,0,-7041
9070,9070,0,-7041
9071,9071,0,6887
9072,9072,0,-5918
9073,9073,0,6986
9074,9074,0,-2541
9075,9075,0,-5027
9076,9076,0,5918
9077,9077,0,5918
9078,9078,0,5918
9079,9079,0,5918
9080,9080,0,5918
9081,9081,0,5918
9082,9082,0,5918
9083,9083,0,5918
9084,9084,0,1613
9085,9085,0,-6621
9086,9086,0,2541
9087,9087,0,5027
9088,9088,0,-5378
9089,9089,0,-1374
9090,9090,0,-1374
9091,9091,0,-1374
9092,9092,0,-1374
9093,9093,0,-1374
9094,9094,0,-1374
9095,9095,0,-1374
9096,9096,0,-1374
9097,9097,0,6240
9098,9098,0,-2541
9099,9099,0,-4646
9100,9100,0,1292
9101,9101,0,-6240
9102,9102,0,2390
9103,9103,0,2390
9104,9104,0,2390
9105,9105,0,2390
9106,9106,0,2390
9107,9107,0,2390
9108,9108,0,2390
9109,9109,0,2390
9110,9110,0,4704
9111,9111,0,-1965
9112,9112,0,-3165
9113,9113,0,3903
9114,9114,0,747
9115,9115,0,-4323
9116,9116,0,-4323
9117,9117,0,-4323
9118,9118,0,-4323
9119,9119,0,-4323
9120,9120,0,-4323
9121,9121,0,-4323
9122,9122,0,1965
9123,9123,0,2815
9124,9124,0,-3556
9125,9125,0,-584
9126,9126,0,3938
9127,9127,0,-1790
9128,9128,0,-1790
9129,9129,0,-1790
9130,9130,0,-1790
9131,9131,0,-1790
9132,9132,0,-1790
9133,9133,0,-1790
9134,9134,0,-1790
9135,9135,0,-2475
9136,9136,0,584
9137,9137,0,-3537
9138,9138,0,1692
9139,9139,0,2204
9140,9140,0,-2890
9141,9141,0,-2890
9142,9142,0,-2890
9143,9143,0,-2890
9144,9144,0,-2890
9145,9145,0,-2890
9146,9146,0,-2890
9147,9147,0,-2890
9148,9148,0,1833
9149,9149,0,197
9150,9150,0,-1957
9151,9151,0,1031
9152,9152,0,1310
9153,9153,0,-1833
9154,9154,0,-1833
9155,9155,0,-1833
9156,9156,0,-1833
9157,9157,0,-1833
9158,9158,0,-1833
9159,9159,0,-1833
9160,9160,0,-1833
9161,9161,0,-118
9162,9162,0,1558
9163,9163,0,-1049
9164,9164,0,1114
9165,9165,0,59
9166,9166,0,-1169
9167,9167,0,-1169
9168,9168,0,-1169
9169,9169,0,-1169
9170,9170,0,-1169
9171,9171,0,-1169
9172,9172,0,-1169
9173,9173,0,-1169
9174,9174,0,430
9175,9175,0,510
9176,9176,0,-1114
9177,9177,0,-39
9178,9178,0,775
9179,9179,0,-430
9180,9180,0,-430
9181,9181,0,-430
9182,9182,0,-430
9183,9183,0,-430
9184,9184,0,-430
9185,9185,0,-430
9186,9186,0,-430
9187,9187,0,-247
9188,9188,0,39
9189,9189,0,1525
9190,9190,0,-925
9191,9191,0,1537
9192,9192,0,-39
9193,9193,0,-39
9194,9194,0,-39
9195,9195,0,-39
9196,9196,0,-39
9197,9197,0,-39
9198,9198,0,-39
9199,9199,0,-39
9200,9200,0,-1512
9201,9201,0,957
9202,9202,0,1114
9203,9203,0,-1919
9204,9204,0,49
9205,9205,0,1525
9206,9206,0,1525
9207,9207,0,1525
9208,9208,0,1525
9209,9209,0,1525
9210,9210,0,1525
9211,9211,0,1525
9212,9212,0,-1195
9213,9213,0,-1336
9214,9214,0,2317
9215,9215,0,-59
9216,9216,0,-1888
9217,9217,0,1234
9218,9218,0,1234
9219,9219,0,1234
9220,9220,0,1234
9221,9221,0,1234
9222,9222,0,1234
9223,9223,0,1234
9224,9224,0,1234
9225,9225,0,1336
9226,9226,0,118
9227,9227,0,2264
9228,9228,0,-1479
9229,9229,0,-1556
9230,9230,0,2700
9231,9231,0,2700
9232,9232,0,2700
9233,9233,0,2700
9234,9234,0,2700
9235,9235,0,2700
9236,9236,0,2700
9237,9237,0,2700
9238,9238,0,-4264
9239,9239,0,428
9240,9240,0,4348
9241,9241,0,-3194
9242,9242,0,-2344
9243,9243,0,4665
9244,9244,0,4665
9245,9245,0,4665
9246,9246,0,4665
9247,9247,0,4665
9248,9248,0,4665
9249,9249,0,4665
9250,9250,0,4665
9251,9251,0,-582
9252,9252,0,-4348
9253,9253,0,2344
9254,9254,0,-4640
9255,9255,0,466
9256,9256,0,4348
9257,9257,0,4348
9258,9258,0,4348
9259,9259,0,4348
9260,9260,0,4348
9261,9261,0,4348
9262,9262,0,4348
9263,9263,0,4348
9264,9264,0,-3544
9265,9265,0,-2533
9266,9266,0,5041
9267,9267,0,-629
9268,9268,0,-4646
9269,9269,0,3806
9270,9270,0,3806
9271,9271,0,3806
9272,9272,0,3806
9273,9273,0,3806
9274,9274,0,3806
9275,9275,0,3806
9276,9276,0,2602
9277,9277,0,1198
9278,9278,0,6178
9279,9279,0,-5335
9280,9280,0,7311
9281,9281,0,7311
9282,9282,0,7311
9283,9283,0,7311
9284,9284,0,7311
9285,9285,0,7311
9286,9286,0,7311
9287,9287,0,7311
9288,9288,0,7311
9289,9289,0,-6720
9290,9290,0,5723
9291,9291,0,3302
9292,9292,0,-7666
9293,9293,0,1507
9294,9294,0,1507
9295,9295,0,1507
9296,9296,0,1507
9297,9297,0,1507
9298,9298,0,1507
9299,9299,0,1507
9300,9300,0,6927
9301,9301,0,-5983
9302,9302,0,-3273
9303,9303,0,8037
9304,9304,0,-1769
9305,9305,0,-7026
9306,9306,0,-7026
9307,9307,0,-7026
9308,9308,0,-7026
9309,9309,0,-7026
9310,9310,0,-7026
9311,9311,0,-7026
9312,9312,0,-7026
9313,9313,0,5983
9314,9314,0,3413
9315,9315,0,-8037
9316,9316,0,7225
9317,9317,0,-6378
9318,9318,0,-3413
9319,9319,0,-3413
9320,9320,0,-3413
9321,9321,0,-3413
9322,9322,0,-3413
9323,9323,0,-3413
9324,9324,0,-3413
9325,9325,0,-3413
9326,9326,0,8382
9327,9327,0,-10077
9328,9328,0,2926
9329,9329,0,8381
9330,9330,0,-7947
9331,9331,0,-3396
9332,9332,0,-3396
9333,9333,0,-3396
9334,9334,0,-3396
9335,9335,0,-3396
9336,9336,0,-3396
9337,9337,0,-3396
9338,9338,0,10077
9339,9339,0,-3017
9340,9340,0,-8498
9341,9341,0,8349
9342,9342,0,3396
9343,9343,0,-10391
9344,9344,0,-10391
9345,9345,0,-10391
9346,9346,0,-10391
9347,9347,0,-10391
9348,9348,0,-10391
9349,9349,0,-10391
9350,9350,0,-10391
9351,9351,0,3357
9352,9352,0,-8596
9353,9353,0,-3502
9354,9354,0,10391
9355,9355,0,-3106
9356,9356,0,-8750
9357,9357,0,-8750
9358,9358,0,-8750
9359,9359,0,-8750
9360,9360,0,-8750
9361,9361,0,-8750
9362,9362,0,-8750
9363,9363,0,-8750
9364,9364,0,8596
9365,9365,0,3357
9366,9366,0,4369
9367,9367,0,9590
9368,9368,0,-10094
9369,9369,0,-3014
9370,9370,0,-3014
9371,9371,0,-3014
9372,9372,0,-3014
9373,9373,0,-3014
9374,9374,0,-3014
9375,9375,0,-3014
9376,9376,0,-3014
9377,9377,0,12372
9378,9378,0,-4748
9379,9379,0,10481
9380,9380,0,3014
9381,9381,0,-12631
9382,9382,0,4847
9383,9383,0,4847
9384,9384,0,4847
9385,9385,0,4847
9386,9386,0,4847
9387,9387,0,4847
9388,9388,0,4847
9389,9389,0,4847
9390,9390,0,9590
9391,9391,0,-10863
9392,9392,0,-3077
9393,9393,0,12631
9394,9394,0,-4847
9395,9395,0,-9590
9396,9396,0,-9590
9397,9397,0,-9590
9398,9398,0,-9590
9399,9399,0,-9590
9400,9400,0,-9590
9401,9401,0,-9590
9402,9402,0,-9590
9403,9403,0,11079
9404,9404,0,2830
9405,9405,0,-12854
9406,9406,0,9965
9407,9407,0,-11450
9408,9408,0,-2884
9409,9409,0,-2884
9410,9410,0,-2884
9411,9411,0,-2884
9412,9412,0,-2884
9413,9413,0,-2884
9414,9414,0,-2884
9415,9415,0,-2884
9416,9416,0,13295
9417,9417,0,-13901
9418,9418,0,6318
9419,9419,0,10178
9420,9420,0,-12394
9421,9421,0,-2402
9422,9422,0,-2402
9423,9423,0,-2402
9424,9424,0,-2402
9425,9425,0,-2402
9426,9426,0,-2402
9427,9427,0,-2402
9428,9428,0,13901
9429,9429,0,-6409
9430,9430,0,-9964
9431,9431,0,12907
9432,9432,0,2120
9433,9433,0,-14237
9434,9434,0,-14237
9435,9435,0,-14237
9436,9436,0,-14237
9437,9437,0,-14237
9438,9438,0,-14237
9439,9439,0,-14237
9440,9440,0,-14237
9441,9441,0,6409
9442,9442,0,-12907
9443,9443,0,-2120
9444,9444,0,14237
9445,9445,0,-6812
9446,9446,0,-10091
9447,9447,0,-10091
9448,9448,0,-10091
9449,9449,0,-10091
9450,9450,0,-10091
9451,9451,0,-10091
9452,9452,0,-10091
9453,9453,0,-10091
9454,9454,0,12907
9455,9455,0,1135
9456,9456,0,-14964
9457,9457,0,8253
9458,9458,0,10076
9459,9459,0,-14252
9460,9460,0,-14252
9461,9461,0,-14252
9462,9462,0,-14252
9463,9463,0,-14252
9464,9464,0,-14252
9465,9465,0,-14252
9466,9466,0,-14252
9467,9467,0,-763
9468,9468,0,15091
9469,9469,0,-9869
9470,9470,0,14514
9471,9471,0,769
9472,9472,0,-15111
9473,9473,0,-15111
9474,9474,0,-15111
9475,9475,0,-15111
9476,9476,0,-15111
9477,9477,0,-15111
9478,9478,0,-15111
9479,9479,0,-15111
9480,9480,0,8388
9481,9481,0,9869
9482,9482,0,-14628
9483,9483,0,-769
9484,9484,0,15111
9485,9485,0,-8711
9486,9486,0,-8711
9487,9487,0,-8711
9488,9488,0,-8711
9489,9489,0,-8711
9490,9490,0,-8711
9491,9491,0,-8711
9492,9492,0,-9715
9493,9493,0,14628
9494,9494,0,387
9495,9495,0,-15111
9496,9496,0,9715
9497,9497,0,9715
9498,9498,0,9715
9499,9499,0,9715
9500,9500,0,9715
9501,9501,0,9715
9502,9502,0,9715
9503,9503,0,9715
9504,9504,0,9715
9505,9505,0,-9295
9506,9506,0,15448
9507,9507,0,-398
9508,9508,0,-15259
9509,9509,0,9971
9510,9510,0,9971
9511,9511,0,9971
9512,9512,0,9971
9513,9513,0,9971
9514,9514,0,9971
9515,9515,0,9971
9516,9516,0,9004
9517,9517,0,-15509
9518,9518,0,398
9519,9519,0,15259
9520,9520,0,-9654
9521,9521,0,-9363
9522,9522,0,-9363
9523,9523,0,-9363
9524,9524,0,-9363
9525,9525,0,-9363
9526,9526,0,-9363
9527,9527,0,-9363
9528,9528,0,15672
9529,9529,0,-798
9530,9530,0,-15311
9531,9531,0,10004
9532,9532,0,-15714
9533,9533,0,-15714
9534,9534,0,-15714
9535,9535,0,-15714
9536,9536,0,-15714
9537,9537,0,-15714
9538,9538,0,-15714
9539,9539,0,-15714
9540,9540,0,-15714
9541,9541,0,15212
9542,9542,0,-14979
9543,9543,0,10702
9544,9544,0,8423
9545,9545,0,-15986
9546,9546,0,-15986
9547,9547,0,-15986
9548,9548,0,-15986
9549,9549,0,-15986
9550,9550,0,-15986
9551,9551,0,-15986
9552,9552,0,1606
9553,9553,0,14974
9554,9554,0,-11000
9555,9555,0,-8420
9556,9556,0,15981
9557,9557,0,-2003
9558,9558,0,-2003
9559,9559,0,-2003
9560,9560,0,-2003
9561,9561,0,-2003
9562,9562,0,-2003
9563,9563,0,-2003
9564,9564,0,-2003
9565,9565,0,-14793
9566,9566,0,10990
9567,9567,0,8066
9568,9568,0,1604
9569,9569,0,14961
9570,9570,0,-11267
9571,9571,0,-11267
9572,9572,0,-11267
9573,9573,0,-11267
9574,9574,0,-11267
9575,9575,0,-11267
9576,9576,0,-11267
9577,9577,0,-11267
9578,9578,0,-7703
9579,9579,0,16025
9580,9580,0,-2760
9581,9581,0,-14172
9582,9582,0,11638
9583,9583,0,6870
9584,9584,0,6870
9585,9585,0,6870
9586,9586,0,6870
9587,9587,0,6870
9588,9588,0,6870
9589,9589,0,6870
9590,9590,0,-15948
9591,9591,0,2747
9592,9592,0,14172
9593,9593,0,-11638
9594,9594,0,-6835
9595,9595,0,15866
9596,9596,0,15866
9597,9597,0,15866
9598,9598,0,15866
9599,9599,0,15866
9600,9600,0,15866
9601,9601,0,15866
9602,9602,0,15866
9603,9603,0,-3119
9604,9604,0,11845
9605,9605,0,6441
9606,9606,0,-15816
9607,9607,0,3101
9608,9608,0,13828
9609,9609,0,13828
9610,9610,0,13828
9611,9611,0,13828
9612,9612,0,13828
9613,9613,0,13828
9614,9614,0,13828
9615,9615,0,13828
9616,9616,0,-11957
9617,9617,0,-6399
9618,9618,0,15816
9619,9619,0,-3460
9620,9620,0,-13544
9621,9621,0,11700
9622,9622,0,11700
9623,9623,0,11700
9624,9624,0,11700
9625,9625,0,11700
9626,9626,0,11700
9627,9627,0,11700
9628,9628,0,11700
9629,9629,0,6399
9630,9630,0,-15636
9631,9631,0,15132
9632,9632,0,-4077
9633,9633,0,-12710
9634,9634,0,12051
9635,9635,0,12051
9636,9636,0,12051
9637,9637,0,12051
9638,9638,0,12051
9639,9639,0,12051
9640,9640,0,12051
9641,9641,0,12051
9642,9642,0,5501
9643,9643,0,-15119
9644,9644,0,4394
9645,9645,0,12586
9646,9646,0,-11933
9647,9647,0,-5099
9648,9648,0,-5099
9649,9649,0,-5099
9650,9650,0,-5099
9651,9651,0,-5099
9652,9652,0,-5099
9653,9653,0,-5099
9654,9654,0,-5099
9655,9655,0,14974
9656,9656,0,-4348
9657,9657,0,-12246
9658,9658,0,5046
9659,9659,0,-14806
9660,9660,0,4299
9661,9661,0,4299
9662,9662,0,4299
9663,9663,0,4299
9664,9664,0,4299
9665,9665,0,4299
9666,9666,0,4299
9667,9667,0,4299
9668,9668,0,12246
9669,9669,0,-11238
9670,9670,0,11685
9671,9671,0,4079
9672,9672,0,-14049
9673,9673,0,4734
9674,9674,0,4734
9675,9675,0,4734
9676,9676,0,4734
9677,9677,0,4734
9678,9678,0,4734
9679,9679,0,4734
9680,9680,0,10700
9681,9681,0,-11694
9682,9682,0,-3363
9683,9683,0,13826
9684,9684,0,-4982
9685,9685,0,-10700
9686,9686,0,-10700
9687,9687,0,-10700
9688,9688,0,-10700
9689,9689,0,-10700
9690,9690,0,-10700
9691,9691,0,-10700
9692,9692,0,-10700
9693,9693,0,11509
9694,9694,0,-13607
9695,9695,0,5213
9696,9696,0,10531
9697,9697,0,-11509
9698,9698,0,-3255
9699,9699,0,-3255
9700,9700,0,-3255
9701,9701,0,-3255
9702,9702,0,-3255
9703,9703,0,-3255
9704,9704,0,-3255
9705,9705,0,-3255
9706,9706,0,13359
9707,9707,0,-5126
9708,9708,0,10706
9709,9709,0,2075
9710,9710,0,-12048
9711,9711,0,5190
9712,9712,0,5190
9713,9713,0,5190
9714,9714,0,5190
9715,9715,0,5190
9716,9716,0,5190
9717,9717,0,5190
9718,9718,0,5190
9719,9719,0,8594
9720,9720,0,-10706
9721,9721,0,11483
9722,9722,0,-5335
9723,9723,0,-8594
9724,9724,0,10465
9725,9725,0,10465
9726,9726,0,10465
9727,9727,0,10465
9728,9728,0,10465
9729,9729,0,10465
9730,9730,0,10465
9731,9731,0,10465
9732,9732,0,1700
9733,9733,0,-11459
9734,9734,0,5209
9735,9735,0,8192
9736,9736,0,-10217
9737,9737,0,-1981
9738,9738,0,-1981
9739,9739,0,-1981
9740,9740,0,-1981
9741,9741,0,-1981
9742,9742,0,-1981
9743,9743,0,-1981
9744,9744,0,11131
9745,9745,0,-5080
9746,9746,0,-8192
9747,9747,0,10348
9748,9748,0,-11097
9749,9749,0,-11131
9750,9750,0,-11131
9751,9751,0,-11131
9752,9752,0,-11131
9753,9753,0,-11131
9754,9754,0,-11131
9755,9755,0,-11131
9756,9756,0,-11131
9757,9757,0,5908
9758,9758,0,-6769
9759,9759,0,8923
9760,9760,0,988
9761,9761,0,-9835
9762,9762,0,5018
9763,9763,0,5018
9764,9764,0,5018
9765,9765,0,5018
9766,9766,0,5018
9767,9767,0,5018
9768,9768,0,5018
9769,9769,0,5018
9770,9770,0,6375
9771,9771,0,-8923
9772,9772,0,-718
9773,9773,0,9151
9774,9774,0,-5018
9775,9775,0,-6162
9776,9776,0,-6162
9777,9777,0,-6162
9778,9778,0,-6162
9779,9779,0,-6162
9780,9780,0,-6162
9781,9781,0,-6162
9782,9782,0,-6162
9783,9783,0,8716
9784,9784,0,-11165
9785,9785,0,4870
9786,9786,0,5775
9787,9787,0,-8410
9788,9788,0,-430
9789,9789,0,-430
9790,9790,0,-430
9791,9791,0,-430
9792,9792,0,-430
9793,9793,0,-430
9794,9794,0,-430
9795,9795,0,-430
9796,9796,0,8448
9797,9797,0,7049
9798,9798,0,-4388
9799,9799,0,-4242
9800,9800,0,6995
9801,9801,0,0
9802,9802,0,0
9803,9803,0,0
9804,9804,0,0
9805,9805,0,0
9806,9806,0,0
9807,9807,0,0
9808,9808,0,0
9809,9809,0,-6651
9810,9810,0,4173
9811,9811,0,-6612
9812,9812,0,163
9813,9813,0,6251
9814,9814,0,-3955
9815,9815,0,-3955
9816,9816,0,-3955
9817,9817,0,-3955
9818,9818,0,-3955
9819,9819,0,-3955
9820,9820,0,-3955
9821,9821,0,-3955
9822,9822,0,-4034
9823,9823,0,6354
9824,9824,0,-154
9825,9825,0,-5904
9826,9826,0,3858
9827,9827,0,3823
9828,9828,0,3823
9829,9829,0,3823
9830,9830,0,3823
9831,9831,0,3823
9832,9832,0,3823
9833,9833,0,3823
9834,9834,0,-6043
9835,9835,0,308
9836,9836,0,5904
9837,9837,0,-3858
9838,9838,0,6000
9839,9839,0,6000
9840,9840,0,6000
9841,9841,0,6000
9842,9842,0,6000
9843,9843,0,6000
9844,9844,0,6000
9845,9845,0,6000
9846,9846,0,6000
9847,9847,0,-4613
9848,9848,0,428
9849,9849,0,4037
9850,9850,0,-2854
9851,9851,0,-2247
9852,9852,0,4264
9853,9853,0,4264
9854,9854,0,4264
9855,9855,0,4264
9856,9856,0,4264
9857,9857,0,4264
9858,9858,0,4264
9859,9859,0,4264
9860,9860,0,-428
9861,9861,0,-3639
9862,9862,0,2854
9863,9863,0,2047
9864,9864,0,-3904
9865,9865,0,390
9866,9866,0,390
9867,9867,0,390
9868,9868,0,390
9869,9869,0,390
9870,9870,0,390
9871,9871,0,390
9872,9872,0,390
9873,9873,0,3639
9874,9874,0,-1769
9875,9875,0,3521
9876,9876,0,-439
9877,9877,0,-3282
9878,9878,0,343
9879,9879,0,343
9880,9880,0,343
9881,9881,0,343
9882,9882,0,343
9883,9883,0,343
9884,9884,0,343
9885,9885,0,343
9886,9886,0,1791
9887,9887,0,-1418
9888,9888,0,-902
9889,9889,0,1984
9890,9890,0,-275
9891,9891,0,-1416
9892,9892,0,-1416
9893,9893,0,-1416
9894,9894,0,-1416
9895,9895,0,-1416
9896,9896,0,-1416
9897,9897,0,-1416
9898,9898,0,-1416
9899,9899,0,1136
9900,9900,0,722
9901,9901,0,275
9902,9902,0,1416
9903,9903,0,-1136
9904,9904,0,-515
9905,9905,0,-515
9906,9906,0,-515
9907,9907,0,-515
9908,9908,0,-515
9909,9909,0,-515
9910,9910,0,-515
9911,9911,0,-515
9912,9912,0,1196
9913,9913,0,-206
9914,9914,0,-700
9915,9915,0,582
9916,9916,0,515
9917,9917,0,308
9918,9918,0,308
9919,9919,0,308
9920,9920,0,308
9921,9921,0,308
9922,9922,0,308
9923,9923,0,308
9924,9924,0,308
9925,9925,0,-802
9926,9926,0,195
9927,9927,0,679
9928,9928,0,-434
9929,9929,0,1202
9930,9930,0,-195
9931,9931,0,-195
9932,9932,0,-195
9933,9933,0,-195
9934,9934,0,-195
9935,9935,0,-195
9936,9936,0,-195
9937,9937,0,-195
9938,9938,0,-1018
9939,9939,0,932
9940,9940,0,434
9941,9941,0,-1604
9942,9942,0,322
9943,9943,0,1018
9944,9944,0,1018
9945,9945,0,1018
9946,9946,0,1018
9947,9947,0,1018
9948,9948,0,1018
9949,9949,0,1018
9950,9950,0,-932
9951,9951,0,-434
9952,9952,0,1604
9953,9953,0,-428
9954,9954,0,-1335
9955,9955,0,1581
9956,9956,0,1581
9957,9957,0,1581
9958,9958,0,1581
9959,9959,0,1581
9960,9960,0,1581
9961,9961,0,1581
9962,9962,0,1581
9963,9963,0,-3980
9964,9964,0,3138
9965,9965,0,-3310
9966,9966,0,-1156
9967,9967,0,3980
9968,9968,0,-1341
9969,9969,0,-1341
9970,9970,0,-1341
9971,9971,0,-1341
9972,9972,0,-1341
9973,9973,0,-1341
9974,9974,0,-1341
9975,9975,0,-1341
9976,9976,0,-3198
9977,9977,0,3573
9978,9978,0,1166
9979,9979,0,-4750
9980,9980,0,1712
9981,9981,0,3749
9982,9982,0,3749
9983,9983,0,3749
9984,9984,0,3749
9985,9985,0,3749
9986,9986,0,3749
9987,9987,0,3749
9988,9988,0,3749
9989,9989,0,-3955
9990,9990,0,-1166
9991,9991,0,-1602
9992,9992,0,-3676
9993,9993,0,3955
9994,9994,0,1269
9995,9995,0,1269
9996,9996,0,1269
9997,9997,0,1269
9998,9998,0,1269
9999,9999,0,1269
10000,10000,0,1269
10001,10001,0,1269
10002,10002,0,-5133
10003,10003,0,1850
10004,10004,0,3973
10005,10005,0,-4342
10006,10006,0,-1249
10007,10007,0,1455
10008,10008,0,1455
10009,10009,0,1455
10010,10010,0,1455
10011,10011,0,1455
10012,10012,0,1455
10013,10013,0,1455
10014,10014,0,1455
10015,10015,0,-6607
10016,10016,0,2691
10017,10017,0,4919
10018,10018,0,-1367
10019,10019,0,6952
10020,10020,0,-2995
10021,10021,0,-2995
10022,10022,0,-2995
10023,10023,0,-2995
10024,10024,0,-2995
10025,10025,0,-2995
10026,10026,0,-2995
10027,10027,0,-2995
10028,10028,0,-5190
10029,10029,0,6409
10030,10030,0,1367
10031,10031,0,-6952
10032,10032,0,3150
10033,10033,0,5335
10034,10034,0,5335
10035,10035,0,5335
10036,10036,0,5335
10037,10037,0,5335
10038,10038,0,5335
10039,10039,0,5335
10040,10040,0,-6409
10041,10041,0,-1259
10042,10042,0,7640
10043,10043,0,-3302
10044,10044,0,-5594
10045,10045,0,6812
10046,10046,0,6812
10047,10047,0,6812
10048,10048,0,6812
10049,10049,0,6812
10050,10050,0,6812
10051,10051,0,6812
10052,10052,0,6812
10053,10053,0,-9253
10054,10054,0,6336
10055,10055,0,-8528
10056,10056,0,-1195
10057,10057,0,9523
10058,10058,0,-5018
10059,10059,0,-5018
10060,10060,0,-5018
10061,10061,0,-5018
10062,10062,0,-5018
10063,10063,0,-5018
10064,10064,0,-5018
10065,10065,0,-5018
10066,10066,0,-6555
10067,10067,0,8923
10068,10068,0,988
10069,10069,0,-9835
10070,10070,0,4968
10071,10071,0,6769
10072,10072,0,6769
10073,10073,0,6769
10074,10074,0,6769
10075,10075,0,6769
10076,10076,0,6769
10077,10077,0,6769
10078,10078,0,6769
10079,10079,0,-9215
10080,10080,0,-988
10081,10081,0,-7646
10082,10082,0,-6789
10083,10083,0,9603
10084,10084,0,765
10085,10085,0,765
10086,10086,0,765
10087,10087,0,765
10088,10088,0,765
10089,10089,0,765
10090,10090,0,765
10091,10091,0,765
10092,10092,0,-10142
10093,10093,0,5725
10094,10094,0,6990
10095,10095,0,-9603
10096,10096,0,-787
10097,10097,0,291
10098,10098,0,291
10099,10099,0,291
10100,10100,0,291
10101,10101,0,291
10102,10102,0,291
10103,10103,0,291
10104,10104,0,-11436
10105,10105,0,6833
10106,10106,0,7232
10107,10107,0,-11527
10108,10108,0,11355
10109,10109,0,11355
10110,10110,0,11355
10111,10111,0,11355
10112,10112,0,11355
10113,10113,0,11355
10114,10114,0,11355
10115,10115,0,11355
10116,10116,0,11355
10117,10117,0,-7230
10118,10118,0,11527
10119,10119,0,0
10120,10120,0,-11780
10121,10121,0,7390
10122,10122,0,7390
10123,10123,0,7390
10124,10124,0,7390
10125,10125,0,7390
10126,10126,0,7390
10127,10127,0,7390
10128,10128,0,7143
10129,10129,0,-11872
10130,10130,0,0
10131,10131,0,11780
10132,10132,0,-7390
10133,10133,0,-7390
10134,10134,0,-7390
10135,10135,0,-7390
10136,10136,0,-7390
10137,10137,0,-7390
10138,10138,0,-7390
10139,10139,0,-7390
10140,10140,0,11780
10141,10141,0,-12914
10142,10142,0,9041
10143,10143,0,7116
10144,10144,0,1034
10145,10145,0,1034
10146,10146,0,1034
10147,10147,0,1034
10148,10148,0,1034
10149,10149,0,1034
10150,10150,0,1034
10151,10151,0,1034
10152,10152,0,1034
10153,10153,0,-11227
10154,10154,0,-7225
10155,10155,0,13712
10156,10156,0,-1034
10157,10157,0,-12983
10158,10158,0,-12983
10159,10159,0,-12983
10160,10160,0,-12983
10161,10161,0,-12983
10162,10162,0,-12983
10163,10163,0,-12983
10164,10164,0,9179
10165,10165,0,7329
10166,10166,0,-13909
10167,10167,0,1397
10168,10168,0,13033
10169,10169,0,-9574
10170,10170,0,-9574
10171,10171,0,-9574
10172,10172,0,-9574
10173,10173,0,-9574
10174,10174,0,-9574
10175,10175,0,-9574
10176,10176,0,-9574
10177,10177,0,-7122
10178,10178,0,13909
10179,10179,0,-1397
10180,10180,0,9704
10181,10181,0,7122
10182,10182,0,-14098
10183,10183,0,-14098
10184,10184,0,-14098
10185,10185,0,-14098
10186,10186,0,-14098
10187,10187,0,-14098
10188,10188,0,-14098
10189,10189,0,-14098
10190,10190,0,1769
10191,10191,0,-2221
10192,10192,0,-13654
10193,10193,0,10703
10194,10194,0,6873
10195,10195,0,-15120
10196,10196,0,-15120
10197,10197,0,-15120
10198,10198,0,-15120
10199,10199,0,-15120
10200,10200,0,-15120
10201,10201,0,-15120
10202,10202,0,2613
10203,10203,0,13605
10204,10204,0,-10809
10205,10205,0,-6596
10206,10206,0,15311
10207,10207,0,-2637
10208,10208,0,-2637
10209,10209,0,-2637
10210,10210,0,-2637
10211,10211,0,-2637
10212,10212,0,-2637
10213,10213,0,-2637
10214,10214,0,-2637
10215,10215,0,-13605
10216,10216,0,6596
10217,10217,0,-15440
10218,10218,0,3035
10219,10219,0,13720
10220,10220,0,-11527
10221,10221,0,-11527
10222,10222,0,-11527
10223,10223,0,-11527
10224,10224,0,-11527
10225,10225,0,-11527
10226,10226,0,-11527
10227,10227,0,-11527
10228,10228,0,-6651
10229,10229,0,15440
10230,10230,0,-13576
10231,10231,0,12422
10232,10232,0,5783
10233,10233,0,-16025
10234,10234,0,-16025
10235,10235,0,-16025
10236,10236,0,-16025
10237,10237,0,-16025
10238,10238,0,-16025
10239,10239,0,-16025
10240,10240,0,-16025
10241,10241,0,4306
10242,10242,0,13423
10243,10243,0,-5833
10244,10244,0,16124
10245,10245,0,-4323
10246,10246,0,-13475
10247,10247,0,-13475
10248,10248,0,-13475
10249,10249,0,-13475
10250,10250,0,-13475
10251,10251,0,-13475
10252,10252,0,-13475
10253,10253,0,-13475
10254,10254,0,12777
10255,10255,0,5833
10256,10256,0,-16256
10257,10257,0,4720
10258,10258,0,13521
10259,10259,0,-12820
10260,10260,0,-12820
10261,10261,0,-12820
10262,10262,0,-12820
10263,10263,0,-12820
10264,10264,0,-12820
10265,10265,0,-12820
10266,10266,0,-12820
10267,10267,0,-5478
10268,10268,0,16242
10269,10269,0,-4720
10270,10270,0,15145
10271,10271,0,5493
10272,10272,0,-16256
10273,10273,0,-16256
10274,10274,0,-16256
10275,10275,0,-16256
10276,10276,0,-16256
10277,10277,0,-16256
10278,10278,0,-16256
10279,10279,0,-16256
10280,10280,0,4733
10281,10281,0,-5519
10282,10282,0,-12916
10283,10283,0,13395
10284,10284,0,4370
10285,10285,0,-16360
10286,10286,0,-16360
10287,10287,0,-16360
10288,10288,0,-16360
10289,10289,0,-16360
10290,10290,0,-16360
10291,10291,0,-16360
10292,10292,0,5519
10293,10293,0,12913
10294,10294,0,-13619
10295,10295,0,-4369
10296,10296,0,16360
10297,10297,0,-5518
10298,10298,0,-5518
10299,10299,0,-5518
10300,10300,0,-5518
10301,10301,0,-5518
10302,10302,0,-5518
10303,10303,0,-5518
10304,10304,0,-5518
10305,10305,0,-12913
10306,10306,0,4399
10307,10307,0,-16345
10308,10308,0,5889
10309,10309,0,12650
10310,10310,0,-13804
10311,10311,0,-13804
10312,10312,0,-13804
10313,10313,0,-13804
10314,10314,0,-13804
10315,10315,0,-13804
10316,10316,0,-13804
10317,10317,0,-13804
10318,10318,0,-3970
10319,10319,0,16320
10320,10320,0,-11638
10321,10321,0,14172
10322,10322,0,3135
10323,10323,0,-15948
10324,10324,0,-15948
10325,10325,0,-15948
10326,10326,0,-15948
10327,10327,0,-15948
10328,10328,0,-15948
10329,10329,0,-15948
10330,10330,0,-15948
10331,10331,0,6835
10332,10332,0,11578
10333,10333,0,-653
10334,10334,0,15813
10335,10335,0,-6835
10336,10336,0,-11238
10337,10337,0,-11238
10338,10338,0,-11238
10339,10339,0,-11238
10340,10340,0,-11238
10341,10341,0,-11238
10342,10342,0,-11238
10343,10343,0,-11238
10344,10344,0,14098
10345,10345,0,2332
10346,10346,0,-15721
10347,10347,0,7146
10348,10348,0,11510
10349,10349,0,-14196
10350,10350,0,-14196
10351,10351,0,-14196
10352,10352,0,-14196
10353,10353,0,-14196
10354,10354,0,-14196
10355,10355,0,-14196
10356,10356,0,-2317
10357,10357,0,15619
10358,10358,0,-7444
10359,10359,0,-11165
10360,10360,0,269
10361,10361,0,2317
10362,10362,0,2317
10363,10363,0,2317
10364,10364,0,2317
10365,10365,0,2317
10366,10366,0,2317
10367,10367,0,2317
10368,10368,0,2317
10369,10369,0,5597
10370,10370,0,-7534
10371,10371,0,-9887
10372,10372,0,13985
10373,10373,0,1484
10374,10374,0,-14769
10375,10375,0,-14769
10376,10376,0,-14769
10377,10377,0,-14769
10378,10378,0,-14769
10379,10379,0,-14769
10380,10380,0,-14769
10381,10381,0,-14769
10382,10382,0,7782
10383,10383,0,10166
10384,10384,0,-13694
10385,10385,0,-1102
10386,10386,0,14530
10387,10387,0,-7700
10388,10388,0,-7700
10389,10389,0,-7700
10390,10390,0,-7700
10391,10391,0,-7700
10392,10392,0,-7700
10393,10393,0,-7700
10394,10394,0,-7700
10395,10395,0,-9396
10396,10396,0,1090
10397,10397,0,-14367
10398,10398,0,7614
10399,10399,0,9674
10400,10400,0,-13684
10401,10401,0,-13684
10402,10402,0,-13684
10403,10403,0,-13684
10404,10404,0,-13684
10405,10405,0,-13684
10406,10406,0,-13684
10407,10407,0,-13684
10408,10408,0,-1090
10409,10409,0,0
10410,10410,0,13246
10411,10411,0,-7970
10412,10412,0,-8246
10413,10413,0,12935
10414,10414,0,12935
10415,10415,0,12935
10416,10416,0,12935
10417,10417,0,12935
10418,10418,0,12935
10419,10419,0,12935
10420,10420,0,12935
10421,10421,0,0
10422,10422,0,-12935
10423,10423,0,8115
10424,10424,0,-12935
10425,10425,0,0
10426,10426,0,12719
10427,10427,0,12719
10428,10428,0,12719
10429,10429,0,12719
10430,10430,0,12719
10431,10431,0,12719
10432,10432,0,12719
10433,10433,0,12719
10434,10434,0,-7980
10435,10435,0,-7713
10436,10436,0,12719
10437,10437,0,0
10438,10438,0,-12719
10439,10439,0,7839
10440,10440,0,7839
10441,10441,0,7839
10442,10442,0,7839
10443,10443,0,7839
10444,10444,0,7839
10445,10445,0,7839
10446,10446,0,7839
10447,10447,0,7311
10448,10448,0,-12449
10449,10449,0,317
10450,10450,0,-7947
10451,10451,0,-7176
10452,10452,0,7750
10453,10453,0,7750
10454,10454,0,7750
10455,10455,0,7750
10456,10456,0,7750
10457,10457,0,7750
10458,10458,0,7750
10459,10459,0,7750
10460,10460,0,6348
10461,10461,0,-11510
10462,10462,0,873
10463,10463,0,10963
10464,10464,0,-7750
10465,10465,0,-5956
10466,10466,0,-5956
10467,10467,0,-5956
10468,10468,0,-5956
10469,10469,0,-5956
10470,10470,0,-5956
10471,10471,0,-5956
10472,10472,0,11510
10473,10473,0,-873
10474,10474,0,-10963
10475,10475,0,7567
10476,10476,0,5568
10477,10477,0,-11023
10478,10478,0,-11023
10479,10479,0,-11023
10480,10480,0,-11023
10481,10481,0,-11023
10482,10482,0,-11023
10483,10483,0,-11023
10484,10484,0,-11023
10485,10485,0,1107
10486,10486,0,-7587
10487,10487,0,-5808
10488,10488,0,11023
10489,10489,0,-1383
10490,10490,0,-9932
10491,10491,0,-9932
10492,10492,0,-9932
10493,10493,0,-9932
10494,10494,0,-9932
10495,10495,0,-9932
10496,10496,0,-9932
10497,10497,0,-9932
10498,10498,0,1479
10499,10499,0,9004
10500,10500,0,-6901
10501,10501,0,-4752
10502,10502,0,9654
10503,10503,0,-1669
10504,10504,0,-1669
10505,10505,0,-1669
10506,10506,0,-1669
10507,10507,0,-1669
10508,10508,0,-1669
10509,10509,0,-1669
10510,10510,0,-1669
10511,10511,0,-8608
10512,10512,0,6901
10513,10513,0,-9363
10514,10514,0,1613
10515,10515,0,8320
10516,10516,0,-6592
10517,10517,0,-6592
10518,10518,0,-6592
10519,10519,0,-6592
10520,10520,0,-6592
10521,10521,0,-6592
10522,10522,0,-6592
10523,10523,0,-6592
10524,10524,0,-3892
10525,10525,0,9034
10526,10526,0,-1776
10527,10527,0,-8320
10528,10528,0,6744
10529,10529,0,-6115
10530,10530,0,-6115
10531,10531,0,-6115
10532,10532,0,-6115
10533,10533,0,-6115
10534,10534,0,-6115
10535,10535,0,-6115
10536,10536,0,-2956
10537,10537,0,7703
10538,10538,0,-1692
10539,10539,0,-6625
10540,10540,0,2819
10541,10541,0,2819
10542,10542,0,2819
10543,10543,0,2819
10544,10544,0,2819
10545,10545,0,2819
10546,10546,0,2819
10547,10547,0,2819
10548,10548,0,2819
10549,10549,0,1790
10550,10550,0,6224
10551,10551,0,-5694
10552,10552,0,-2521
10553,10553,0,7346
10554,10554,0,7346
10555,10555,0,7346
10556,10556,0,7346
10557,10557,0,7346
10558,10558,0,7346
10559,10559,0,7346
10560,10560,0,-1702
10561,10561,0,-5918
10562,10562,0,5415
10563,10563,0,2390
10564,10564,0,-6997
10565,10565,0,1702
10566,10566,0,1702
10567,10567,0,1702
10568,10568,0,1702
10569,10569,0,1702
10570,10570,0,1702
10571,10571,0,1702
10572,10572,0,5609
10573,10573,0,-1381
10574,10574,0,4755
10575,10575,0,-1492
10576,10576,0,3888
10577,10577,0,3888
10578,10578,0,3888
10579,10579,0,3888
10580,10580,0,3888
10581,10581,0,3888
10582,10582,0,3888
10583,10583,0,3888
10584,10584,0,3888
10585,10585,0,-4369
10586,10586,0,1472
10587,10587,0,3445
10588,10588,0,-3573
10589,10589,0,-1269
10590,10590,0,-1269
10591,10591,0,-1269
10592,10592,0,-1269
10593,10593,0,-1269
10594,10594,0,-1269
10595,10595,0,-1269
10596,10596,0,3976
10597,10597,0,-1433
10598,10598,0,-3138
10599,10599,0,3310
10600,10600,0,1062
10601,10601,0,-3586
10602,10602,0,-3586
10603,10603,0,-3586
10604,10604,0,-3586
10605,10605,0,-3586
10606,10606,0,-3586
10607,10607,0,-3586
10608,10608,0,-3586
10609,10609,0,1433
10610,10610,0,3138
10611,10611,0,-2985
10612,10612,0,3586
10613,10613,0,-1150
10614,10614,0,-2471
10615,10615,0,-2471
10616,10616,0,-2471
10617,10617,0,-2471
10618,10618,0,-2471
10619,10619,0,-2471
10620,10620,0,-2471
10621,10621,0,-2471
10622,10622,0,2701
10623,10623,0,-1745
10624,10624,0,-439
10625,10625,0,1598
10626,10626,0,-651
10627,10627,0,-1190
10628,10628,0,-1190
10629,10629,0,-1190
10630,10630,0,-1190
10631,10631,0,-1190
10632,10632,0,-1190
10633,10633,0,-1190
10634,10634,0,1397
10635,10635,0,235
10636,10636,0,-1196
10637,10637,0,651
10638,10638,0,1190
10639,10639,0,-1049
10640,10640,0,-1049
10641,10641,0,-1049
10642,10642,0,-1049
10643,10643,0,-1049
10644,10644,0,-1049
10645,10645,0,-1049
10646,10646,0,-1049
10647,10647,0,-235
10648,10648,0,-515
10649,10649,0,-582
10650,10650,0,1049
10651,10651,0,157
10652,10652,0,-798
10653,10653,0,-798
10654,10654,0,-798
10655,10655,0,-798
10656,10656,0,-798
10657,10657,0,-798
10658,10658,0,-798
10659,10659,0,-798
10660,10660,0,344
10661,10661,0,-594
10662,10662,0,-831
10663,10663,0,1090
10664,10664,0,148
10665,10665,0,-1575
10666,10666,0,-1575
10667,10667,0,-1575
10668,10668,0,-1575
10669,10669,0,-1575
10670,10670,0,-1575
10671,10671,0,-1575
10672,10672,0,-1575
10673,10673,0,568
10674,10674,0,1079
10675,10675,0,-197
10676,10676,0,1567
10677,10677,0,-792
10678,10678,0,-1347
10679,10679,0,-1347
10680,10680,0,-1347
10681,10681,0,-1347
10682,10682,0,-1347
10683,10683,0,-1347
10684,10684,0,-1347
10685,10685,0,-1347
10686,10686,0,1833
10687,10687,0,245
10688,10688,0,-1957
10689,10689,0,1236
10690,10690,0,1310
10691,10691,0,-1833
10692,10692,0,-1833
10693,10693,0,-1833
10694,10694,0,-1833
10695,10695,0,-1833
10696,10696,0,-1833
10697,10697,0,-1833
10698,10698,0,-1833
10699,10699,0,-236
10700,10700,0,2346
10701,10701,0,-1236
10702,10702,0,2588
10703,10703,0,206
10704,10704,0,-4212
10705,10705,0,-4212
10706,10706,0,-4212
10707,10707,0,-4212
10708,10708,0,-4212
10709,10709,0,-4212
10710,10710,0,-4212
10711,10711,0,-4212
10712,10712,0,2516
10713,10713,0,2833
10714,10714,0,-4115
10715,10715,0,-117
10716,10716,0,4880
10717,10717,0,-2959
10718,10718,0,-2959
10719,10719,0,-2959
10720,10720,0,-2959
10721,10721,0,-2959
10722,10722,0,-2959
10723,10723,0,-2959
10724,10724,0,-3062
10725,10725,0,4880
10726,10726,0,117
10727,10727,0,-4918
10728,10728,0,2959
10729,10729,0,3062
10730,10730,0,3062
10731,10731,0,3062
10732,10732,0,3062
10733,10733,0,3062
10734,10734,0,3062
10735,10735,0,3062
10736,10736,0,3062
10737,10737,0,-4880
10738,10738,0,4880
10739,10739,0,-3178
10740,10740,0,-3288
10741,10741,0,5241
10742,10742,0,-145
10743,10743,0,-145
10744,10744,0,-145
10745,10745,0,-145
10746,10746,0,-145
10747,10747,0,-145
10748,10748,0,-145
10749,10749,0,-145
10750,10750,0,-5552
10751,10751,0,3513
10752,10752,0,3395
10753,10753,0,-5643
10754,10754,0,-3892
10755,10755,0,7146
10756,10756,0,7146
10757,10757,0,7146
10758,10758,0,7146
10759,10759,0,7146
10760,10760,0,7146
10761,10761,0,7146
10762,10762,0,7146
10763,10763,0,-542
10764,10764,0,-6806
10765,10765,0,3941
10766,10766,0,-7146
10767,10767,0,568
10768,10768,0,7136
10769,10769,0,7136
10770,10770,0,7136
10771,10771,0,7136
10772,10772,0,7136
10773,10773,0,7136
10774,10774,0,7136
10775,10775,0,7136
10776,10776,0,-5045
10777,10777,0,-3971
10778,10778,0,7492
10779,10779,0,-568
10780,10780,0,-7136
10781,10781,0,5045
10782,10782,0,5045
10783,10783,0,5045
10784,10784,0,5045
10785,10785,0,5045
10786,10786,0,5045
10787,10787,0,5045
10788,10788,0,5045
10789,10789,0,4152
10790,10790,0,-8218
10791,10791,0,792
10792,10792,0,-1155
10793,10793,0,-8528
10794,10794,0,6730
10795,10795,0,6730
10796,10796,0,6730
10797,10797,0,6730
10798,10798,0,6730
10799,10799,0,6730
10800,10800,0,6730
10801,10801,0,6730
10802,10802,0,4601
10803,10803,0,-9295
10804,10804,0,1432
10805,10805,0,9004
10806,10806,0,-7127
10807,10807,0,-4388
10808,10808,0,-4388
10809,10809,0,-4388
10810,10810,0,-4388
10811,10811,0,-4388
10812,10812,0,-4388
10813,10813,0,-4388
10814,10814,0,9971
10815,10815,0,-1432
10816,10816,0,-9004
10817,10817,0,7127
10818,10818,0,4532
10819,10819,0,-9971
10820,10820,0,-9971
10821,10821,0,-9971
10822,10822,0,-9971
10823,10823,0,-9971
10824,10824,0,-9971
10825,10825,0,-9971
10826,10826,0,-9971
10827,10827,0,1777
10828,10828,0,-7528
10829,10829,0,-4444
10830,10830,0,10281
10831,10831,0,-11529
10832,10832,0,2538
10833,10833,0,2538
10834,10834,0,2538
10835,10835,0,2538
10836,10836,0,2538
10837,10837,0,2538
10838,10838,0,2538
10839,10839,0,2538
10840,10840,0,9937
10841,10841,0,-8584
10842,10842,0,-4695
10843,10843,0,11529
10844,10844,0,-2600
10845,10845,0,-10178
10846,10846,0,-10178
10847,10847,0,-10178
10848,10848,0,-10178
10849,10849,0,-10178
10850,10850,0,-10178
10851,10851,0,-10178
10852,10852,0,-10178
10853,10853,0,8985
10854,10854,0,4646
10855,10855,0,2950
10856,10856,0,10256
10857,10857,0,-9192
10858,10858,0,-4646
10859,10859,0,-4646
10860,10860,0,-4646
10861,10861,0,-4646
10862,10862,0,-4646
10863,10863,0,-4646
10864,10864,0,-4646
10865,10865,0,-4646
10866,10866,0,12107
10867,10867,0,-2950
10868,10868,0,-10481
10869,10869,0,9590
10870,10870,0,10952
10871,10871,0,-10760
10872,10872,0,-10760
10873,10873,0,-10760
10874,10874,0,-10760
10875,10875,0,-10760
10876,10876,0,-10760
10877,10877,0,-10760
10878,10878,0,-10760
10879,10879,0,-4513
10880,10880,0,13396
10881,10881,0,-3888
10882,10882,0,10942
10883,10883,0,4273
10884,10884,0,-13619
10885,10885,0,-13619
10886,10886,0,-13619
10887,10887,0,-13619
10888,10888,0,-13619
10889,10889,0,-13619
10890,10890,0,-13619
10891,10891,0,-13619
10892,10892,0,4273
10893,10893,0,11118
10894,10894,0,-11317
10895,10895,0,-4273
10896,10896,0,13838
10897,10897,0,-4663
10898,10898,0,-4663
10899,10899,0,-4663
10900,10900,0,-4663
10901,10901,0,-4663
10902,10902,0,-4663
10903,10903,0,-4663
10904,10904,0,-11118
10905,10905,0,11317
10906,10906,0,4342
10907,10907,0,-13838
10908,10908,0,14617
10909,10909,0,-5668
10910,10910,0,-5668
10911,10911,0,-5668
10912,10912,0,-5668
10913,10913,0,-5668
10914,10914,0,-5668
10915,10915,0,-5668
10916,10916,0,-5668
10917,10917,0,-11449
10918,10918,0,3599
10919,10919,0,-14771
10920,10920,0,5668
10921,10921,0,11449
10922,10922,0,-12655
10923,10923,0,-12655
10924,10924,0,-12655
10925,10925,0,-12655
10926,10926,0,-12655
10927,10927,0,-12655
10928,10928,0,-12655
10929,10929,0,-12655
10930,10930,0,-3282
10931,10931,0,14938
10932,10932,0,-5732
10933,10933,0,-11342
10934,10934,0,12983
10935,10935,0,3317
10936,10936,0,3317
10937,10937,0,3317
10938,10938,0,3317
10939,10939,0,3317
10940,10940,0,3317
10941,10941,0,3317
10942,10942,0,3317
10943,10943,0,-15064
10944,10944,0,6134
10945,10945,0,-12983
10946,10946,0,-11355
10947,10947,0,13827
10948,10948,0,2680
10949,10949,0,2680
10950,10950,0,2680
10951,10951,0,2680
10952,10952,0,2680
10953,10953,0,2680
10954,10954,0,2680
10955,10955,0,2680
10956,10956,0,-15509
10957,10957,0,6703
10958,10958,0,11436
10959,10959,0,-14104
10960,10960,0,-2317
10961,10961,0,15619
10962,10962,0,15619
10963,10963,0,15619
10964,10964,0,15619
10965,10965,0,15619
10966,10966,0,15619
10967,10967,0,15619
10968,10968,0,-7100
10969,10969,0,-11238
10970,10970,0,14196
10971,10971,0,2332
10972,10972,0,7492
10973,10973,0,7492
10974,10974,0,7492
10975,10975,0,7492
10976,10976,0,7492
10977,10977,0,7492
10978,10978,0,7492
10979,10979,0,7492
10980,10980,0,7492
10981,10981,0,-14196
10982,10982,0,-2346
10983,10983,0,15751
10984,10984,0,-7536
10985,10985,0,7988
10986,10986,0,7988
10987,10987,0,7988
10988,10988,0,7988
10989,10989,0,7988
10990,10990,0,7988
10991,10991,0,7988
10992,10992,0,10920
10993,10993,0,-14866
10994,10994,0,-1594
10995,10995,0,15866
10996,10996,0,-8382
10997,10997,0,-10650
10998,10998,0,-10650
10999,10999,0,-10650
11000,11000,0,-10650
11001,11001,0,-10650
11002,11002,0,-10650
11003,11003,0,-10650
11004,11004,0,15064
11005,11005,0,1200
11006,11006,0,-15909
11007,11007,0,8742
11008,11008,0,-15064
11009,11009,0,-15064
11010,11010,0,-15064
11011,11011,0,-15064
11012,11012,0,-15064
11013,11013,0,-15064
11014,11014,0,-15064
11015,11015,0,-15064
11016,11016,0,-15064
11017,11017,0,15850
11018,11018,0,-8400
11019,11019,0,-10366
11020,11020,0,15268
11021,11021,0,1204
11022,11022,0,1204
11023,11023,0,1204
11024,11024,0,1204
11025,11025,0,1204
11026,11026,0,1204
11027,11027,0,1204
11028,11028,0,0
11029,11029,0,15660
11030,11030,0,-9423
11031,11031,0,-9733
11032,11032,0,15515
11033,11033,0,0
11034,11034,0,0
11035,11035,0,0
11036,11036,0,0
11037,11037,0,0
11038,11038,0,0
11039,11039,0,0
11040,11040,0,0
11041,11041,0,-15515
11042,11042,0,9733
11043,11043,0,9733
11044,11044,0,0
11045,11045,0,15515
11046,11046,0,-9733
11047,11047,0,-9733
11048,11048,0,-9733
11049,11049,0,-9733
11050,11050,0,-9733
11051,11051,0,-9733
11052,11052,0,-9733
11053,11053,0,-9733
11054,11054,0,-9389
11055,11055,0,15482
11056,11056,0,-400
11057,11057,0,-15352
11058,11058,0,9713
11059,11059,0,9389
11060,11060,0,9389
11061,11061,0,9389
11062,11062,0,9389
11063,11063,0,9389
11064,11064,0,9389
11065,11065,0,9389
11066,11066,0,-10194
11067,11067,0,-8597
11068,11068,0,15587
11069,11069,0,-1176
11070,11070,0,-14915
11071,11071,0,10442
11072,11072,0,10442
11073,11073,0,10442
11074,11074,0,10442
11075,11075,0,10442
11076,11076,0,10442
11077,11077,0,10442
11078,11078,0,10442
11079,11079,0,8553
11080,11080,0,1176
11081,11081,0,14683
11082,11082,0,-10381
11083,11083,0,-8171
11084,11084,0,15507
11085,11085,0,15507
11086,11086,0,15507
11087,11087,0,15507
11088,11088,0,15507
11089,11089,0,15507
11090,11090,0,15507
11091,11091,0,15507
11092,11092,0,-1169
11093,11093,0,-14683
11094,11094,0,10381
11095,11095,0,8171
11096,11096,0,-15507
11097,11097,0,1548
11098,11098,0,1548
11099,11099,0,1548
11100,11100,0,1548
11101,11101,0,1548
11102,11102,0,1548
11103,11103,0,1548
11104,11104,0,1548
11105,11105,0,14436
11106,11106,0,-13818
11107,11107,0,7204
11108,11108,0,-15061
11109,11109,0,2588
11110,11110,0,13521
11111,11111,0,13521
11112,11112,0,13521
11113,11113,0,13521
11114,11114,0,13521
11115,11115,0,13521
11116,11116,0,13521
11117,11117,0,13521
11118,11118,0,-10703
11119,11119,0,-6806
11120,11120,0,14816
11121,11121,0,-2588
11122,11122,0,-13521
11123,11123,0,10591
11124,11124,0,10591
11125,11125,0,10591
11126,11126,0,10591
11127,11127,0,10591
11128,11128,0,10591
11129,11129,0,10591
11130,11130,0,6735
11131,11131,0,-14816
11132,11132,0,2561
11133,11133,0,13062
11134,11134,0,-7023
11135,11135,0,-6735
11136,11136,0,-6735
11137,11137,0,-6735
11138,11138,0,-6735
11139,11139,0,-6735
11140,11140,0,-6735
11141,11141,0,-6735
11142,11142,0,-6735
11143,11143,0,5376
11144,11144,0,-14015
11145,11145,0,3079
11146,11146,0,12054
11147,11147,0,-10481
11148,11148,0,-5297
11149,11149,0,-5297
11150,11150,0,-5297
11151,11151,0,-5297
11152,11152,0,-5297
11153,11153,0,-5297
11154,11154,0,-5297
11155,11155,0,-5297
11156,11156,0,14015
11157,11157,0,-3363
11158,11158,0,-12054
11159,11159,0,10481
11160,11160,0,5297
11161,11161,0,-13804
11162,11162,0,-13804
11163,11163,0,-13804
11164,11164,0,-13804
11165,11165,0,-13804
11166,11166,0,-13804
11167,11167,0,-13804
11168,11168,0,-13804
11169,11169,0,3310
11170,11170,0,-8483
11171,11171,0,-5213
11172,11172,0,13607
11173,11173,0,-3573
11174,11174,0,-11317
11175,11175,0,-11317
11176,11176,0,-11317
11177,11177,0,-11317
11178,11178,0,-11317
11179,11179,0,-11317
11180,11180,0,-11317
11181,11181,0,-11317
11182,11182,0,10355
11183,11183,0,-9965
11184,11184,0,-3892
11185,11185,0,12406
11186,11186,0,-3892
11187,11187,0,-10143
11188,11188,0,-10143
11189,11189,0,-10143
11190,11190,0,-10143
11191,11191,0,-10143
11192,11192,0,-10143
11193,11193,0,-10143
11194,11194,0,-10143
11195,11195,0,9965
11196,11196,0,3892
11197,11197,0,3808
11198,11198,0,9751
11199,11199,0,-9925
11200,11200,0,-3524
11201,11201,0,-3524
11202,11202,0,-3524
11203,11203,0,-3524
11204,11204,0,-3524
11205,11205,0,-3524
11206,11206,0,-3524
11207,11207,0,-3524
11208,11208,0,12140
11209,11209,0,-3808
11210,11210,0,-9751
11211,11211,0,9702
11212,11212,0,3445
11213,11213,0,-11581
11214,11214,0,-11581
11215,11215,0,-11581
11216,11216,0,-11581
11217,11217,0,-11581
11218,11218,0,-11581
11219,11219,0,-11581
11220,11220,0,3903
11221,11221,0,-8915
11222,11222,0,-2526
11223,11223,0,10031
11224,11224,0,-7469
11225,11225,0,-7469
11226,11226,0,-7469
11227,11227,0,-7469
11228,11228,0,-7469
11229,11229,0,-7469
11230,11230,0,-7469
11231,11231,0,-7469
11232,11232,0,-7469
11233,11233,0,163
11234,11234,0,-10031
11235,11235,0,3955
11236,11236,0,7633
11237,11237,0,-8646
11238,11238,0,-2139
11239,11239,0,-2139
11240,11240,0,-2139
11241,11241,0,-2139
11242,11242,0,-2139
11243,11243,0,-2139
11244,11244,0,-2139
11245,11245,0,-2139
11246,11246,0,9713
11247,11247,0,-3955
11248,11248,0,-6990
11249,11249,0,8208
11250,11250,0,1841
11251,11251,0,-9389
11252,11252,0,-9389
11253,11253,0,-9389
11254,11254,0,-9389
11255,11255,0,-9389
11256,11256,0,-9389
11257,11257,0,-9389
11258,11258,0,-9389
11259,11259,0,4034
11260,11260,0,-5980
11261,11261,0,-1776
11262,11262,0,9034
11263,11263,0,-3892
11264,11264,0,-6592
11265,11265,0,-6592
11266,11266,0,-6592
11267,11267,0,-6592
11268,11268,0,-6592
11269,11269,0,-6592
11270,11270,0,-6592
11271,11271,0,-6592
11272,11272,0,5326
11273,11273,0,-6899
11274,11274,0,-902
11275,11275,0,7610
11276,11276,0,-3641
11277,11277,0,-5326
11278,11278,0,-5326
11279,11279,0,-5326
11280,11280,0,-5326
11281,11281,0,-5326
11282,11282,0,-5326
11283,11283,0,-5326
11284,11284,0,-5326
11285,11285,0,6580
11286,11286,0,1081
11287,11287,0,3473
11288,11288,0,5080
11289,11289,0,-6659
11290,11290,0,-857
11291,11291,0,-857
11292,11292,0,-857
11293,11293,0,-857
11294,11294,0,-857
11295,11295,0,-857
11296,11296,0,-857
11297,11297,0,-857
11298,11298,0,6870
11299,11299,0,-3453
11300,11300,0,-4830
11301,11301,0,6332
11302,11302,0,857
11303,11303,0,-6870
11304,11304,0,-6870
11305,11305,0,-6870
11306,11306,0,-6870
11307,11307,0,-6870
11308,11308,0,-6870
11309,11309,0,-6870
11310,11310,0,-6870
11311,11311,0,2750
11312,11312,0,3017
11313,11313,0,-4437
11314,11314,0,4584
11315,11315,0,-2428
11316,11316,0,-2689
11317,11317,0,-2689
11318,11318,0,-2689
11319,11319,0,-2689
11320,11320,0,-2689
11321,11321,0,-2689
11322,11322,0,-2689
11323,11323,0,-2689
11324,11324,0,4077
11325,11325,0,107
11326,11326,0,-4212
11327,11327,0,2428
11328,11328,0,2689
11329,11329,0,-4115
11330,11330,0,-4115
11331,11331,0,-4115
11332,11332,0,-4115
11333,11333,0,-4115
11334,11334,0,-4115
11335,11335,0,-4115
11336,11336,0,-98
11337,11337,0,3837
11338,11338,0,-2292
11339,11339,0,-2371
11340,11340,0,3780
11341,11341,0,98
11342,11342,0,98
11343,11343,0,98
11344,11344,0,98
11345,11345,0,98
11346,11346,0,98
11347,11347,0,98
11348,11348,0,98
11349,11349,0,-3810
11350,11350,0,2139
11351,11351,0,-3409
11352,11352,0,-88
11353,11353,0,3435
11354,11354,0,-98
11355,11355,0,-98
11356,11356,0,-98
11357,11357,0,-98
11358,11358,0,-98
11359,11359,0,-98
11360,11360,0,-98
11361,11361,0,-98
11362,11362,0,-1888
11363,11363,0,1019
11364,11364,0,892
11365,11365,0,-1548
11366,11366,0,79
11367,11367,0,1498
11368,11368,0,1498
11369,11369,0,1498
11370,11370,0,1498
11371,11371,0,1498
11372,11372,0,1498
11373,11373,0,1498
11374,11374,0,1498
11375,11375,0,-1019
11376,11376,0,-892
11377,11377,0,-2395
11378,11378,0,-1125
11379,11379,0,765
11380,11380,0,645
11381,11381,0,645
11382,11382,0,645
11383,11383,0,645
11384,11384,0,645
11385,11385,0,645
11386,11386,0,645
11387,11387,0,645
11388,11388,0,-1169
11389,11389,0,59
11390,11390,0,1125
11391,11391,0,-510
11392,11392,0,-430
11393,11393,0,-396
11394,11394,0,-396
11395,11395,0,-396
11396,11396,0,-396
11397,11397,0,-396
11398,11398,0,-396
11399,11399,0,-396
11400,11400,0,789
11401,11401,0,-79
11402,11402,0,-735
11403,11403,0,831
11404,11404,0,-1182
11405,11405,0,-1182
11406,11406,0,-1182
11407,11407,0,-1182
11408,11408,0,-1182
11409,11409,0,-1182
11410,11410,0,-1182
11411,11411,0,-1182
11412,11412,0,-1182
11413,11413,0,1090
11414,11414,0,-831
11415,11415,0,-568
11416,11416,0,1182
11417,11417,0,-148
11418,11418,0,-148
11419,11419,0,-148
11420,11420,0,-148
11421,11421,0,-148
11422,11422,0,-148
11423,11423,0,-148
11424,11424,0,-1090
11425,11425,0,1107
11426,11426,0,757
11427,11427,0,-1582
11428,11428,0,197
11429,11429,0,1435
11430,11430,0,1435
11431,11431,0,1435
11432,11432,0,1435
11433,11433,0,1435
11434,11434,0,1435
11435,11435,0,1435
11436,11436,0,-1418
11437,11437,0,3962
11438,11438,0,-872
11439,11439,0,-3464
11440,11440,0,3720
11441,11441,0,1672
11442,11442,0,1672
11443,11443,0,1672
11444,11444,0,1672
11445,11445,0,1672
11446,11446,0,1672
11447,11447,0,1672
11448,11448,0,1672
11449,11449,0,3006
11450,11450,0,3748
11451,11451,0,-3309
11452,11452,0,-1820
11453,11453,0,4743
11454,11454,0,-1156
11455,11455,0,-1156
11456,11456,0,-1156
11457,11457,0,-1156
11458,11458,0,-1156
11459,11459,0,-1156
11460,11460,0,-1156
11461,11461,0,-1156
11462,11462,0,-4079
11463,11463,0,3601
11464,11464,0,1927
11465,11465,0,-4743
11466,11466,0,1249
11467,11467,0,4342
11468,11468,0,4342
11469,11469,0,4342
11470,11470,0,4342
11471,11471,0,4342
11472,11472,0,4342
11473,11473,0,4342
11474,11474,0,4342
11475,11475,0,-3892
11476,11476,0,5126
11477,11477,0,-1249
11478,11478,0,-4342
11479,11479,0,3973
11480,11480,0,1967
11481,11481,0,1967
11482,11482,0,1967
11483,11483,0,1967
11484,11484,0,1967
11485,11485,0,1967
11486,11486,0,1967
11487,11487,0,1967
11488,11488,0,-2197
11489,11489,0,6637
11490,11490,0,-2197
11491,11491,0,-5627
11492,11492,0,5627
11493,11493,0,2197
11494,11494,0,2197
11495,11495,0,2197
11496,11496,0,2197
11497,11497,0,2197
11498,11498,0,2197
11499,11499,0,2197
11500,11500,0,2197
11501,11501,0,-7003
11502,11502,0,2033
11503,11503,0,-5917
11504,11504,0,-2311
11505,11505,0,7366
11506,11506,0,-2311
11507,11507,0,-2311
11508,11508,0,-2311
11509,11509,0,-2311
11510,11510,0,-2311
11511,11511,0,-2311
11512,11512,0,-2311
11513,11513,0,-2311
11514,11514,0,-6204
11515,11515,0,6315
11516,11516,0,2311
11517,11517,0,-7724
11518,11518,0,2423
11519,11519,0,6366
11520,11520,0,6366
11521,11521,0,6366
11522,11522,0,6366
11523,11523,0,6366
11524,11524,0,6366
11525,11525,0,6366
11526,11526,0,6366
11527,11527,0,7293
11528,11528,0,-7970
11529,11529,0,-2292
11530,11530,0,-3735
11531,11531,0,-7390
11532,11532,0,8371
11533,11533,0,8371
11534,11534,0,8371
11535,11535,0,8371
11536,11536,0,8371
11537,11537,0,8371
11538,11538,0,8371
11539,11539,0,8371
11540,11540,0,2139
11541,11541,0,-10031
11542,11542,0,4085
11543,11543,0,7633
11544,11544,0,-8646
11545,11545,0,-2209
11546,11546,0,-2209
11547,11547,0,-2209
11548,11548,0,-2209
11549,11549,0,-2209
11550,11550,0,-2209
11551,11551,0,-2209
11552,11552,0,10031
11553,11553,0,-3858
11554,11554,0,-7633
11555,11555,0,8646
11556,11556,0,2209
11557,11557,0,-10316
11558,11558,0,-10316
11559,11559,0,-10316
11560,11560,0,-10316
11561,11561,0,-10316
11562,11562,0,-10316
11563,11563,0,-10316
11564,11564,0,-10316
11565,11565,0,4212
11566,11566,0,-9044
11567,11567,0,-2277
11568,11568,0,10316
11569,11569,0,1741
11570,11570,0,-11691
11571,11571,0,-11691
11572,11572,0,-11691
11573,11573,0,-11691
11574,11574,0,-11691
11575,11575,0,-11691
11576,11576,0,-11691
11577,11577,0,-11691
11578,11578,0,5594
11579,11579,0,8390
11580,11580,0,-10348
11581,11581,0,-1741
11582,11582,0,11691
11583,11583,0,-5335
11584,11584,0,-5335
11585,11585,0,-5335
11586,11586,0,-5335
11587,11587,0,-5335
11588,11588,0,-5335
11589,11589,0,-5335
11590,11590,0,-5335
11591,11591,0,-8390
11592,11592,0,10974
11593,11593,0,-11906
11594,11594,0,5723
11595,11595,0,8371
11596,11596,0,-10843
11597,11597,0,-10843
11598,11598,0,-10843
11599,11599,0,-10843
11600,11600,0,-10843
11601,11601,0,-10843
11602,11602,0,-10843
11603,11603,0,-10843
11604,11604,0,-1486
11605,11605,0,12167
11606,11606,0,-6115
11607,11607,0,-8554
11608,11608,0,6887
11609,11609,0,8596
11610,11610,0,8596
11611,11611,0,8596
11612,11612,0,8596
11613,11613,0,8596
11614,11614,0,8596
11615,11615,0,8596
11616,11616,0,8596
11617,11617,0,-12376
11618,11618,0,-1002
11619,11619,0,12994
11620,11620,0,-8750
11621,11621,0,12586
11622,11622,0,669
11623,11623,0,669
11624,11624,0,669
11625,11625,0,669
11626,11626,0,669
11627,11627,0,669
11628,11628,0,669
11629,11629,0,669
11630,11630,0,-13215
11631,11631,0,7406
11632,11632,0,8781
11633,11633,0,-12914
11634,11634,0,-679
11635,11635,0,13341
11636,11636,0,13341
11637,11637,0,13341
11638,11638,0,13341
11639,11639,0,13341
11640,11640,0,13341
11641,11641,0,13341
11642,11642,0,-7406
11643,11643,0,-8781
11644,11644,0,12914
11645,11645,0,679
11646,11646,0,0
11647,11647,0,14004
11648,11648,0,14004
11649,11649,0,14004
11650,11650,0,14004
11651,11651,0,14004
11652,11652,0,14004
11653,11653,0,14004
11654,11654,0,14004
11655,11655,0,-8823
11656,11656,0,14334
11657,11657,0,-368
11658,11658,0,-14103
11659,11659,0,8923
11660,11660,0,8528
11661,11661,0,8528
11662,11662,0,8528
11663,11663,0,8528
11664,11664,0,8528
11665,11665,0,8528
11666,11666,0,8528
11667,11667,0,8528
11668,11668,0,-14334
11669,11669,0,368
11670,11670,0,14252
11671,11671,0,-9215
11672,11672,0,-8625
11673,11673,0,14485
11674,11674,0,14485
11675,11675,0,14485
11676,11676,0,14485
11677,11677,0,14485
11678,11678,0,14485
11679,11679,0,14485
11680,11680,0,14485
11681,11681,0,-371
11682,11682,0,-14252
11683,11683,0,8410
11684,11684,0,-14732
11685,11685,0,14530
11686,11686,0,-10314
11687,11687,0,-10314
11688,11688,0,-10314
11689,11689,0,-10314
11690,11690,0,-10314
11691,11691,0,-10314
11692,11692,0,-10314
11693,11693,0,-10314
11694,11694,0,-8171
11695,11695,0,15587
11696,11696,0,-1558
11697,11697,0,-14530
11698,11698,0,10736
11699,11699,0,7833
11700,11700,0,7833
11701,11701,0,7833
11702,11702,0,7833
11703,11703,0,7833
11704,11704,0,7833
11705,11705,0,7833
11706,11706,0,7833
11707,11707,0,-15679
11708,11708,0,1957
11709,11709,0,14615
11710,11710,0,-7879
11711,11711,0,15679
11712,11712,0,-1957
11713,11713,0,-1957
11714,11714,0,-1957
11715,11715,0,-1957
11716,11716,0,-1957
11717,11717,0,-1957
11718,11718,0,-1957
11719,11719,0,-1957
11720,11720,0,-14615
11721,11721,0,10791
11722,11722,0,7575
11723,11723,0,-15760
11724,11724,0,1967
11725,11725,0,14526
11726,11726,0,14526
11727,11727,0,14526
11728,11728,0,14526
11729,11729,0,14526
11730,11730,0,14526
11731,11731,0,14526
11732,11732,0,-11131
11733,11733,0,-7610
11734,11734,0,15906
11735,11735,0,-2369
11736,11736,0,3188
11737,11737,0,14217
11738,11738,0,14217
11739,11739,0,14217
11740,11740,0,14217
11741,11741,0,14217
11742,11742,0,14217
11743,11743,0,14217
11744,11744,0,14217
11745,11745,0,-11834
11746,11746,0,16242
11747,11747,0,-3193
11748,11748,0,-14239
11749,11749,0,12136
11750,11750,0,6632
11751,11751,0,6632
11752,11752,0,6632
11753,11753,0,6632
11754,11754,0,6632
11755,11755,0,6632
11756,11756,0,6632
11757,11757,0,6632
11758,11758,0,-16242
11759,11759,0,3196
11760,11760,0,14251
11761,11761,0,-12136
11762,11762,0,-6637
11763,11763,0,16256
11764,11764,0,16256
11765,11765,0,16256
11766,11766,0,16256
11767,11767,0,16256
11768,11768,0,16256
11769,11769,0,16256
11770,11770,0,16256
11771,11771,0,-3196
11772,11772,0,-14251
11773,11773,0,6270
11774,11774,0,-12604
11775,11775,0,-5868
11776,11776,0,16286
11777,11777,0,16286
11778,11778,0,16286
11779,11779,0,16286
11780,11780,0,16286
11781,11781,0,16286
11782,11782,0,16286
11783,11783,0,16286
11784,11784,0,-4349
11785,11785,0,-13557
11786,11786,0,12604
11787,11787,0,5868
11788,11788,0,-16242
11789,11789,0,4337
11790,11790,0,4337
11791,11791,0,4337
11792,11792,0,4337
11793,11793,0,4337
11794,11794,0,4337
11795,11795,0,4337
11796,11796,0,13521
11797,11797,0,-12777
11798,11798,0,-5460
11799,11799,0,16242
11800,11800,0,-13521
11801,11801,0,-13521
11802,11802,0,-13521
11803,11803,0,-13521
11804,11804,0,-13521
11805,11805,0,-13521
11806,11806,0,-13521
11807,11807,0,-13521
11808,11808,0,-13521
11809,11809,0,5064
11810,11810,0,-16143
11811,11811,0,4686
11812,11812,0,13198
11813,11813,0,-12766
11814,11814,0,12994
11815,11815,0,12994
11816,11816,0,12994
11817,11817,0,12994
11818,11818,0,12994
11819,11819,0,12994
11820,11820,0,12994
11821,11821,0,12994
11822,11822,0,4584
11823,11823,0,-15786
11824,11824,0,5643
11825,11825,0,12360
11826,11826,0,-13130
11827,11827,0,-4182
11828,11828,0,-4182
11829,11829,0,-4182
11830,11830,0,-4182
11831,11831,0,-4182
11832,11832,0,-4182
11833,11833,0,-4182
11834,11834,0,-4182
11835,11835,0,15660
11836,11836,0,-12360
11837,11837,0,13143
11838,11838,0,4149
11839,11839,0,-15660
11840,11840,0,5599
11841,11841,0,5599
11842,11842,0,5599
11843,11843,0,5599
11844,11844,0,5599
11845,11845,0,5599
11846,11846,0,5599
11847,11847,0,5599
11848,11848,0,12026
11849,11849,0,-13143
11850,11850,0,-3780
11851,11851,0,15538
11852,11852,0,3282
11853,11853,0,-14906
11854,11854,0,-14906
11855,11855,0,-14906
11856,11856,0,-14906
11857,11857,0,-14906
11858,11858,0,-14906
11859,11859,0,-14906
11860,11860,0,-14906
11861,11861,0,6070
11862,11862,0,11098
11863,11863,0,-842
11864,11864,0,14525
11865,11865,0,-6257
11866,11866,0,-10599
11867,11867,0,-10599
11868,11868,0,-10599
11869,11869,0,-10599
11870,11870,0,-10599
11871,11871,0,-10599
11872,11872,0,-10599
11873,11873,0,-10599
11874,11874,0,12733
11875,11875,0,2855
11876,11876,0,-14525
11877,11877,0,6257
11878,11878,0,10599
11879,11879,0,-12733
11880,11880,0,-12733
11881,11881,0,-12733
11882,11882,0,-12733
11883,11883,0,-12733
11884,11884,0,-12733
11885,11885,0,-12733
11886,11886,0,-12733
11887,11887,0,-2855
11888,11888,0,14525
11889,11889,0,-6178
11890,11890,0,9394
11891,11891,0,-12315
11892,11892,0,-1668
11893,11893,0,-1668
11894,11894,0,-1668
11895,11895,0,-1668
11896,11896,0,-1668
11897,11897,0,-1668
11898,11898,0,-1668
11899,11899,0,-1668
11900,11900,0,13423
11901,11901,0,-6422
11902,11902,0,-9394
11903,11903,0,12109
11904,11904,0,1313
11905,11905,0,-13138
11906,11906,0,-13138
11907,11907,0,-13138
11908,11908,0,-13138
11909,11909,0,-13138
11910,11910,0,-13138
11911,11911,0,-13138
11912,11912,0,6603
11913,11913,0,8838
11914,11914,0,-12031
11915,11915,0,-1640
11916,11916,0,12907
11917,11917,0,-6486
11918,11918,0,-6486
11919,11919,0,-6486
11920,11920,0,-6486
11921,11921,0,-6486
11922,11922,0,-6486
11923,11923,0,-6486
11924,11924,0,-6486
11925,11925,0,-8838
11926,11926,0,1290
11927,11927,0,-12840
11928,11928,0,6486
11929,11929,0,-6592
11930,11930,0,-7300
11931,11931,0,-7300
11932,11932,0,-7300
11933,11933,0,-7300
11934,11934,0,-7300
11935,11935,0,-7300
11936,11936,0,-7300
11937,11937,0,-7300
11938,11938,0,11071
11939,11939,0,284
11940,11940,0,-11165
11941,11941,0,6436
11942,11942,0,7127
11943,11943,0,-10908
11944,11944,0,-10908
11945,11945,0,-10908
11946,11946,0,-10908
11947,11947,0,-10908
11948,11948,0,-10908
11949,11949,0,-10908
11950,11950,0,-10908
11951,11951,0,-569
11952,11952,0,10811
11953,11953,0,-6951
11954,11954,0,10637
11955,11955,0,277
11956,11956,0,-10811
11957,11957,0,-10811
11958,11958,0,-10811
11959,11959,0,-10811
11960,11960,0,-10811
11961,11961,0,-10811
11962,11962,0,-10811
11963,11963,0,-10811
11964,11964,0,6505
11965,11965,0,6555
11966,11966,0,-10727
11967,11967,0,-277
11968,11968,0,9646
11969,11969,0,-247
11970,11970,0,-247
11971,11971,0,-247
11972,11972,0,-247
11973,11973,0,-247
11974,11974,0,-247
11975,11975,0,-247
11976,11976,0,-9190
11977,11977,0,6005
11978,11978,0,5422
11979,11979,0,-9092
11980,11980,0,8802
11981,11981,0,8802
11982,11982,0,8802
11983,11983,0,8802
11984,11984,0,8802
11985,11985,0,8802
11986,11986,0,8802
11987,11987,0,8802
11988,11988,0,8802
11989,11989,0,-5241
11990,11990,0,9092
11991,11991,0,-463
11992,11992,0,-8802
11993,11993,0,5804
11994,11994,0,5804
11995,11995,0,5804
11996,11996,0,5804
11997,11997,0,5804
11998,11998,0,5804
11999,11999,0,5804
12000,12000,0,5241
12001,12001,0,-8830
12002,12002,0,447
12003,12003,0,8492
12004,12004,0,-5775
12005,12005,0,5187
12006,12006,0,5187
12007,12007,0,5187
12008,12008,0,5187
12009,12009,0,5187
12010,12010,0,5187
12011,12011,0,5187
12012,12012,0,3631
12013,12013,0,-7225
12014,12014,0,902
12015,12015,0,7061
12016,12016,0,-3631
12017,12017,0,-3631
12018,12018,0,-3631
12019,12019,0,-3631
12020,12020,0,-3631
12021,12021,0,-3631
12022,12022,0,-3631
12023,12023,0,-3631
12024,12024,0,-3631
12025,12025,0,-904
12026,12026,0,-6332
12027,12027,0,4830
12028,12028,0,3302
12029,12029,0,-6902
12030,12030,0,1028
12031,12031,0,1028
12032,12032,0,1028
12033,12033,0,1028
12034,12034,0,1028
12035,12035,0,1028
12036,12036,0,1028
12037,12037,0,1028
12038,12038,0,6332
12039,12039,0,-4830
12040,12040,0,-3302
12041,12041,0,6870
12042,12042,0,-974
12043,12043,0,-5931
12044,12044,0,-5931
12045,12045,0,-5931
12046,12046,0,-5931
12047,12047,0,-5931
12048,12048,0,-5931
12049,12049,0,-5931
12050,12050,0,-5931
12051,12051,0,2033
12052,12052,0,2972
12053,12053,0,4138
12054,12054,0,-3524
12055,12055,0,-1771
12056,12056,0,4349
12057,12057,0,4349
12058,12058,0,4349
12059,12059,0,4349
12060,12060,0,4349
12061,12061,0,4349
12062,12062,0,4349
12063,12063,0,4349
12064,12064,0,-853
12065,12065,0,-3802
12066,12066,0,3238
12067,12067,0,1613
12068,12068,0,-4349
12069,12069,0,872
12070,12070,0,872
12071,12071,0,872
12072,12072,0,872
12073,12073,0,872
12074,12074,0,872
12075,12075,0,872
12076,12076,0,872
12077,12077,0,3415
12078,12078,0,-2950
12079,12079,0,3324
12080,12080,0,-872
12081,12081,0,-3079
12082,12082,0,2718
12083,12083,0,2718
12084,12084,0,2718
12085,12085,0,2718
12086,12086,0,2718
12087,12087,0,2718
12088,12088,0,2718
12089,12089,0,2718
12090,12090,0,1374
12091,12091,0,-3580
12092,12092,0,777
12093,12093,0,3033
12094,12094,0,-2471
12095,12095,0,1266
12096,12096,0,1266
12097,12097,0,1266
12098,12098,0,1266
12099,12099,0,1266
12100,12100,0,1266
12101,12101,0,1266
12102,12102,0,1266
12103,12103,0,504
12104,12104,0,-1606
12105,12105,0,466
12106,12106,0,-1290
12107,12107,0,-378
12108,12108,0,1606
12109,12109,0,1606
12110,12110,0,1606
12111,12111,0,1606
12112,12112,0,1606
12113,12113,0,1606
12114,12114,0,1606
12115,12115,0,1606
12116,12116,0,-350
12117,12117,0,-986
12118,12118,0,968
12119,12119,0,378
12120,12120,0,-1206
12121,12121,0,350
12122,12122,0,350
12123,12123,0,350
12124,12124,0,350
12125,12125,0,350
12126,12126,0,350
12127,12127,0,350
12128,12128,0,646
12129,12129,0,-657
12130,12130,0,-252
12131,12131,0,402
12132,12132,0,-252
12133,12133,0,461
12134,12134,0,461
12135,12135,0,461
12136,12136,0,461
12137,12137,0,461
12138,12138,0,461
12139,12139,0,461
12140,12140,0,461
12141,12141,0,932
12142,12142,0,-390
12143,12143,0,1602
12144,12144,0,-578
12145,12145,0,-1216
12146,12146,0,1720
12147,12147,0,1720
12148,12148,0,1720
12149,12149,0,1720
12150,12150,0,1720
12151,12151,0,1720
12152,12152,0,1720
12153,12153,0,1720
12154,12154,0,439
12155,12155,0,-1996
12156,12156,0,767
12157,12157,0,1519
12158,12158,0,-1720
12159,12159,0,-487
12160,12160,0,-487
12161,12161,0,-487
12162,12162,0,-487
12163,12163,0,-487
12164,12164,0,-487
12165,12165,0,-487
12166,12166,0,-487
12167,12167,0,1996
12168,12168,0,-974
12169,12169,0,2092
12170,12170,0,527
12171,12171,0,-2780
12172,12172,0,1135
12173,12173,0,1135
12174,12174,0,1135
12175,12175,0,1135
12176,12176,0,1135
12177,12177,0,1135
12178,12178,0,1135
12179,12179,0,1135
12180,12180,0,1781
12181,12181,0,-2062
12182,12182,0,-614
12183,12183,0,3511
12184,12184,0,681
12185,12185,0,-4306
12186,12186,0,-4306
12187,12187,0,-4306
12188,12188,0,-4306
12189,12189,0,-4306
12190,12190,0,-4306
12191,12191,0,-4306
12192,12192,0,-4306
12193,12193,0,2060
12194,12194,0,3279
12195,12195,0,-4248
12196,12196,0,4686
12197,12197,0,-1965
12198,12198,0,-3363
12199,12199,0,-3363
12200,12200,0,-3363
12201,12201,0,-3363
12202,12202,0,-3363
12203,12203,0,-3363
12204,12204,0,-3363
12205,12205,0,-3363
12206,12206,0,4646
12207,12207,0,629
12208,12208,0,-5041
12209,12209,0,2423
12210,12210,0,3544
12211,12211,0,-4646
12212,12212,0,-4646
12213,12213,0,-4646
12214,12214,0,-4646
12215,12215,0,-4646
12216,12216,0,-4646
12217,12217,0,-4646
12218,12218,0,-754
12219,12219,0,5064
12220,12220,0,-2423
12221,12221,0,-6478
12222,12222,0,3413
12223,12223,0,4337
12224,12224,0,4337
12225,12225,0,4337
12226,12226,0,4337
12227,12227,0,4337
12228,12228,0,4337
12229,12229,0,4337
12230,12230,0,4337
12231,12231,0,-6472
12232,12232,0,7049
12233,12233,0,-3748
12234,12234,0,-4673
12235,12235,0,6873
12236,12236,0,515
12237,12237,0,515
12238,12238,0,515
12239,12239,0,515
12240,12240,0,515
12241,12241,0,515
12242,12242,0,515
12243,12243,0,515
12244,12244,0,-7146
12245,12245,0,3941
12246,12246,0,4673
12247,12247,0,-6806
12248,12248,0,-361
12249,12249,0,7444
12250,12250,0,7444
12251,12251,0,7444
12252,12252,0,7444
12253,12253,0,7444
12254,12254,0,7444
12255,12255,0,7444
12256,12256,0,7444
12257,12257,0,-4132
12258,12258,0,-4900
12259,12259,0,-8643
12260,12260,0,0
12261,12261,0,8958
12262,12262,0,-5620
12263,12263,0,-5620
12264,12264,0,-5620
12265,12265,0,-5620
12266,12266,0,-5620
12267,12267,0,-5620
12268,12268,0,-5620
12269,12269,0,-5620
12270,12270,0,-5432
12271,12271,0,8958
12272,12272,0,0
12273,12273,0,-8958
12274,12274,0,5620
12275,12275,0,5432
12276,12276,0,5432
12277,12277,0,5432
12278,12278,0,5432
12279,12279,0,5432
12280,12280,0,5432
12281,12281,0,5432
12282,12282,0,5432
12283,12283,0,-8958
12284,12284,0,0
12285,12285,0,8958
12286,12286,0,-5422
12287,12287,0,9340
12288,12288,0,-239
12289,12289,0,-239
12290,12290,0,-239
12291,12291,0,-239
12292,12292,0,-239
12293,12293,0,-239
12294,12294,0,-239
12295,12295,0,-239
12296,12296,0,-9267
12297,12297,0,6202
12298,12298,0,5600
12299,12299,0,1136
12300,12300,0,10591
12301,12301,0,-7567
12302,12302,0,-7567
12303,12303,0,-7567
12304,12304,0,-7567
12305,12305,0,-7567
12306,12306,0,-7567
12307,12307,0,-7567
12308,12308,0,-5956
12309,12309,0,11304
12310,12310,0,-1163
12311,12311,0,-10848
12312,12312,0,7969
12313,12313,0,5849
12314,12314,0,5849
12315,12315,0,5849
12316,12316,0,5849
12317,12317,0,5849
12318,12318,0,5849
12319,12319,0,5849
12320,12320,0,5849
12321,12321,0,-11578
12322,12322,0,10848
12323,12323,0,-8153
12324,12324,0,-5983
12325,12325,0,11906
12326,12326,0,-1190
12327,12327,0,-1190
12328,12328,0,-1190
12329,12329,0,-1190
12330,12330,0,-1190
12331,12331,0,-1190
12332,12332,0,-1190
12333,12333,0,-1190
12334,12334,0,-10974
12335,12335,0,8554
12336,12336,0,6115
12337,12337,0,-12167
12338,12338,0,1519
12339,12339,0,11215
12340,12340,0,11215
12341,12341,0,11215
12342,12342,0,11215
12343,12343,0,11215
12344,12344,0,11215
12345,12345,0,11215
12346,12346,0,11215
12347,12347,0,-8554
12348,12348,0,-6115
12349,12349,0,-13250
12350,12350,0,2658
12351,12351,0,12014
12352,12352,0,-9866
12353,12353,0,-9866
12354,12354,0,-9866
12355,12355,0,-9866
12356,12356,0,-9866
12357,12357,0,-9866
12358,12358,0,-9866
12359,12359,0,-9866
12360,12360,0,-5825
12361,12361,0,13521
12362,12362,0,-2329
12363,12363,0,-12014
12364,12364,0,10256
12365,12365,0,5918
12366,12366,0,5918
12367,12367,0,5918
12368,12368,0,5918
12369,12369,0,5918
12370,12370,0,5918
12371,12371,0,5918
12372,12372,0,-13738
12373,12373,0,2701
12374,12374,0,12044
12375,12375,0,-10256
12376,12376,0,13738
12377,12377,0,13738
12378,12378,0,13738
12379,12379,0,13738
12380,12380,0,13738
12381,12381,0,13738
12382,12382,0,13738
12383,12383,0,13738
12384,12384,0,13738
12385,12385,0,-12054
12386,12386,0,10412
12387,12387,0,12513
12388,12388,0,-11449
12389,12389,0,-5391
12390,12390,0,14793
12391,12391,0,14793
12392,12392,0,14793
12393,12393,0,14793
12394,12394,0,14793
12395,12395,0,14793
12396,12396,0,14793
12397,12397,0,14793
12398,12398,0,-3995
12399,12399,0,-12513
12400,12400,0,11449
12401,12401,0,5391
12402,12402,0,-14961
12403,12403,0,3995
12404,12404,0,3995
12405,12405,0,3995
12406,12406,0,3995
12407,12407,0,3995
12408,12408,0,3995
12409,12409,0,3995
12410,12410,0,3995
12411,12411,0,12586
12412,12412,0,-6857
12413,12413,0,15119
12414,12414,0,-4437
12415,12415,0,-12498
12416,12416,0,12278
12417,12417,0,12278
12418,12418,0,12278
12419,12419,0,12278
12420,12420,0,12278
12421,12421,0,12278
12422,12422,0,12278
12423,12423,0,12278
12424,12424,0,5150
12425,12425,0,-15281
12426,12426,0,4437
12427,12427,0,-5320
12428,12428,0,-12683
12429,12429,0,12910
12430,12430,0,12910
12431,12431,0,12910
12432,12432,0,12910
12433,12433,0,12910
12434,12434,0,12910
12435,12435,0,12910
12436,12436,0,12910
12437,12437,0,4584
12438,12438,0,-15874
12439,12439,0,12497
12440,12440,0,-13215
12441,12441,0,-4239
12442,12442,0,15874
12443,12443,0,15874
12444,12444,0,15874
12445,12445,0,15874
12446,12446,0,15874
12447,12447,0,15874
12448,12448,0,15874
12449,12449,0,15874
12450,12450,0,-5753
12451,12451,0,-12529
12452,12452,0,13215
12453,12453,0,4264
12454,12454,0,-15967
12455,12455,0,5385
12456,12456,0,5385
12457,12457,0,5385
12458,12458,0,5385
12459,12459,0,5385
12460,12460,0,5385
12461,12461,0,5385
12462,12462,0,12357
12463,12463,0,-13576
12464,12464,0,-3904
12465,12465,0,3563
12466,12466,0,4303
12467,12467,0,6607
12468,12468,0,6607
12469,12469,0,6607
12470,12470,0,6607
12471,12471,0,6607
12472,12472,0,6607
12473,12473,0,6607
12474,12474,0,6607
12475,12475,0,-13931
12476,12476,0,-3181
12477,12477,0,16226
12478,12478,0,-6621
12479,12479,0,-12107
12480,12480,0,-12107
12481,12481,0,-12107
12482,12482,0,-12107
12483,12483,0,-12107
12484,12484,0,-12107
12485,12485,0,-12107
12486,12486,0,14217
12487,12487,0,3188
12488,12488,0,-16242
12489,12489,0,6997
12490,12490,0,11852
12491,12491,0,-14432
12492,12492,0,-14432
12493,12493,0,-14432
12494,12494,0,-14432
12495,12495,0,-14432
12496,12496,0,-14432
12497,12497,0,-14432
12498,12498,0,-2798
12499,12499,0,16242
12500,12500,0,-6997
12501,12501,0,-11862
12502,12502,0,11299
12503,12503,0,11267
12504,12504,0,11267
12505,12505,0,11267
12506,12506,0,11267
12507,12507,0,11267
12508,12508,0,11267
12509,12509,0,11267
12510,12510,0,11267
12511,12511,0,-2401
12512,12512,0,16124
12513,12513,0,-7703
12514,12514,0,-11267
12515,12515,0,14771
12516,12516,0,1996
12517,12517,0,1996
12518,12518,0,1996
12519,12519,0,1996
12520,12520,0,1996
12521,12521,0,1996
12522,12522,0,1996
12523,12523,0,1996
12524,12524,0,-16025
12525,12525,0,8037
12526,12526,0,10950
12527,12527,0,-14906
12528,12528,0,-1996
12529,12529,0,15909
12530,12530,0,15909
12531,12531,0,15909
12532,12532,0,15909
12533,12533,0,15909
12534,12534,0,15909
12535,12535,0,15909
12536,12536,0,15909
12537,12537,0,-8037
12538,12538,0,12816
12539,12539,0,1594
12540,12540,0,-15866
12541,12541,0,10083
12542,12542,0,-14828
12543,12543,0,-14828
12544,12544,0,-14828
12545,12545,0,-14828
12546,12546,0,-14828
12547,12547,0,-14828
12548,12548,0,-14828
12549,12549,0,-14828
12550,12550,0,-780
12551,12551,0,15218
12552,12552,0,-8830
12553,12553,0,-9715
12554,12554,0,14868
12555,12555,0,387
12556,12556,0,387
12557,12557,0,387
12558,12558,0,387
12559,12559,0,387
12560,12560,0,387
12561,12561,0,387
12562,12562,0,387
12563,12563,0,-15003
12564,12564,0,9028
12565,12565,0,-14868
12566,12566,0,-385
12567,12567,0,15003
12568,12568,0,-9028
12569,12569,0,-9028
12570,12570,0,-9028
12571,12571,0,-9028
12572,12572,0,-9028
12573,12573,0,-9028
12574,12574,0,-9028
12575,12575,0,-9028
12576,12576,0,-9340
12577,12577,0,14772
12578,12578,0,0
12579,12579,0,-14887
12580,12580,0,9267
12581,12581,0,9267
12582,12582,0,9267
12583,12583,0,9267
12584,12584,0,9267
12585,12585,0,9267
12586,12586,0,9267
12587,12587,0,9267
12588,12588,0,-14772
12589,12589,0,0
12590,12590,0,14648
12591,12591,0,13818
12592,12592,0,-8229
12593,12593,0,-8229
12594,12594,0,-8229
12595,12595,0,-8229
12596,12596,0,-8229
12597,12597,0,-8229
12598,12598,0,-8229
12599,12599,0,-8229
12600,12600,0,-8229
12601,12601,0,-3125
12602,12602,0,-13654
12603,12603,0,9438
12604,12604,0,7830
12605,12605,0,-14196
12606,12606,0,1063
12607,12607,0,1063
12608,12608,0,1063
12609,12609,0,1063
12610,12610,0,1063
12611,12611,0,1063
12612,12612,0,1063
12613,12613,0,1063
12614,12614,0,13350
12615,12615,0,-9438
12616,12616,0,-7428
12617,12617,0,14016
12618,12618,0,-1063
12619,12619,0,-13350
12620,12620,0,-13350
12621,12621,0,-13350
12622,12622,0,-13350
12623,12623,0,-13350
12624,12624,0,-13350
12625,12625,0,-13350
12626,12626,0,-13350
12627,12627,0,9438
12628,12628,0,-14167
12629,12629,0,1397
12630,12630,0,12847
12631,12631,0,-9311
12632,12632,0,-7225
12633,12633,0,-7225
12634,12634,0,-7225
12635,12635,0,-7225
12636,12636,0,-7225
12637,12637,0,-7225
12638,12638,0,-7225
12639,12639,0,-7225
12640,12640,0,13783
12641,12641,0,-1378
12642,12642,0,9133
12643,12643,0,5807
12644,12644,0,-12528
12645,12645,0,2165
12646,12646,0,2165
12647,12647,0,2165
12648,12648,0,2165
12649,12649,0,2165
12650,12650,0,2165
12651,12651,0,2165
12652,12652,0,2165
12653,12653,0,11170
12654,12654,0,-8955
12655,12655,0,12528
12656,12656,0,-2165
12657,12657,0,-10941
12658,12658,0,8985
12659,12659,0,8985
12660,12660,0,8985
12661,12661,0,8985
12662,12662,0,8985
12663,12663,0,8985
12664,12664,0,8985
12665,12665,0,8985
12666,12666,0,5304
12667,12667,0,-12313
12668,12668,0,2121
12669,12669,0,10562
12670,12670,0,-8995
12671,12671,0,-5190
12672,12672,0,-5190
12673,12673,0,-5190
12674,12674,0,-5190
12675,12675,0,-5190
12676,12676,0,-5190
12677,12677,0,-5190
12678,12678,0,-5190
12679,12679,0,12313
12680,12680,0,-2368
12681,12681,0,-10324
12682,12682,0,4809
12683,12683,0,-11777
12684,12684,0,2368
12685,12685,0,2368
12686,12686,0,2368
12687,12687,0,2368
12688,12688,0,2368
12689,12689,0,2368
12690,12690,0,2368
12691,12691,0,2368
12692,12692,0,10562
12693,12693,0,-9041
12694,12694,0,8272
12695,12695,0,3851
12696,12696,0,-10689
12697,12697,0,2600
12698,12698,0,2600
12699,12699,0,2600
12700,12700,0,2600
12701,12701,0,2600
12702,12702,0,2600
12703,12703,0,2600
12704,12704,0,9041
12705,12705,0,-8272
12706,12706,0,-3741
12707,12707,0,10382
12708,12708,0,-2772
12709,12709,0,-8642
12710,12710,0,-8642
12711,12711,0,-8642
12712,12712,0,-8642
12713,12713,0,-8642
12714,12714,0,-8642
12715,12715,0,-8642
12716,12716,0,-8642
12717,12717,0,8035
12718,12718,0,-10382
12719,12719,0,2689
12720,12720,0,7980
12721,12721,0,-7694
12722,12722,0,-3288
12723,12723,0,-3288
12724,12724,0,-3288
12725,12725,0,-3288
12726,12726,0,-3288
12727,12727,0,-3288
12728,12728,0,-3288
12729,12729,0,-3288
12730,12730,0,9757
12731,12731,0,-2833
12732,12732,0,6603
12733,12733,0,2154
12734,12734,0,-8066
12735,12735,0,2721
12736,12736,0,2721
12737,12737,0,2721
12738,12738,0,2721
12739,12739,0,2721
12740,12740,0,2721
12741,12741,0,2721
12742,12742,0,2721
12743,12743,0,6089
12744,12744,0,-6422
12745,12745,0,8073
12746,12746,0,-2602
12747,12747,0,-5694
12748,12748,0,6224
12749,12749,0,6224
12750,12750,0,6224
12751,12751,0,6224
12752,12752,0,6224
12753,12753,0,6224
12754,12754,0,6224
12755,12755,0,6224
12756,12756,0,1965
12757,12757,0,-7714
12758,12758,0,2651
12759,12759,0,5694
12760,12760,0,-6224
12761,12761,0,-1702
12762,12762,0,-1702
12763,12763,0,-1702
12764,12764,0,-1702
12765,12765,0,-1702
12766,12766,0,-1702
12767,12767,0,-1702
12768,12768,0,-1702
12769,12769,0,7346
12770,12770,0,-2651
12771,12771,0,-5415
12772,12772,0,1702
12773,12773,0,-6997
12774,12774,0,2681
12775,12775,0,2681
12776,12776,0,2681
12777,12777,0,2681
12778,12778,0,2681
12779,12779,0,2681
12780,12780,0,2681
12781,12781,0,2681
12782,12782,0,5027
12783,12783,0,-3722
12784,12784,0,4533
12785,12785,0,1003
12786,12786,0,-5101
12787,12787,0,2197
12788,12788,0,2197
12789,12789,0,2197
12790,12790,0,2197
12791,12791,0,2197
12792,12792,0,2197
12793,12793,0,2197
12794,12794,0,3808
12795,12795,0,-4533
12796,12796,0,-813
12797,12797,0,4704
12798,12798,0,-2138
12799,12799,0,-3363
12800,12800,0,-3363
12801,12801,0,-3363
12802,12802,0,-3363
12803,12803,0,-3363
12804,12804,0,-3363
12805,12805,0,-3363
12806,12806,0,-3363
12807,12807,0,4194
12808,12808,0,-6371
12809,12809,0,2138
12810,12810,0,3090
12811,12811,0,-3903
12812,12812,0,-584
12813,12813,0,-584
12814,12814,0,-584
12815,12815,0,-584
12816,12816,0,-584
12817,12817,0,-584
12818,12818,0,-584
12819,12819,0,-584
12820,12820,0,3922
12821,12821,0,-1790
12822,12822,0,2198
12823,12823,0,197
12824,12824,0,-1957
12825,12825,0,1031
12826,12826,0,1031
12827,12827,0,1031
12828,12828,0,1031
12829,12829,0,1031
12830,12830,0,1031
12831,12831,0,1031
12832,12832,0,1031
12833,12833,0,1347
12834,12834,0,-1853
12835,12835,0,4005
12836,12836,0,-826
12837,12837,0,-1049
12838,12838,0,1833
12839,12839,0,1833
12840,12840,0,1833
12841,12841,0,1833
12842,12842,0,1833
12843,12843,0,1833
12844,12844,0,1833
12845,12845,0,1833
12846,12846,0,118
12847,12847,0,-1558
12848,12848,0,826
12849,12849,0,1049
12850,12850,0,-1114
12851,12851,0,-89
12852,12852,0,-89
12853,12853,0,-89
12854,12854,0,-89
12855,12855,0,-89
12856,12856,0,-89
12857,12857,0,-89
12858,12858,0,-89
12859,12859,0,1169
12860,12860,0,-645
12861,12861,0,-787
12862,12862,0,59
12863,12863,0,-775
12864,12864,0,430
12865,12865,0,430
12866,12866,0,430
12867,12867,0,430
12868,12868,0,430
12869,12869,0,430
12870,12870,0,430
12871,12871,0,430
12872,12872,0,510
12873,12873,0,479
12874,12874,0,-763
12875,12875,0,0
12876,12876,0,1145
12877,12877,0,-718
12878,12878,0,-718
12879,12879,0,-718
12880,12880,0,-718
12881,12881,0,-718
12882,12882,0,-718
12883,12883,0,-718
12884,12884,0,-718
12885,12885,0,1154
12886,12886,0,0
12887,12887,0,-1525
12888,12888,0,718
12889,12889,0,925
12890,12890,0,925
12891,12891,0,925
12892,12892,0,925
12893,12893,0,925
12894,12894,0,925
12895,12895,0,925
12896,12896,0,925
12897,12897,0,-1145
12898,12898,0,1224
12899,12899,0,-957
12900,12900,0,-925
12901,12901,0,1537
12902,12902,0,-49
12903,12903,0,-49
12904,12904,0,-49
12905,12905,0,-49
12906,12906,0,-49
12907,12907,0,-49
12908,12908,0,-49
12909,12909,0,-49
12910,12910,0,-1888
12911,12911,0,1234
12912,12912,0,-3884
12913,12913,0,390
12914,12914,0,3678
12915,12915,0,-2600
12916,12916,0,-2600
12917,12917,0,-2600
12918,12918,0,-2600
12919,12919,0,-2600
12920,12920,0,-2600
12921,12921,0,-2600
12922,12922,0,-2600
12923,12923,0,-2047
12924,12924,0,3884
12925,12925,0,-3995
12926,12926,0,2854
12927,12927,0,2247
12928,12928,0,-4640
12929,12929,0,-4640
12930,12930,0,-4640
12931,12931,0,-4640
12932,12932,0,-4640
12933,12933,0,-4640
12934,12934,0,-4640
12935,12935,0,-4640
12936,12936,0,466
12937,12937,0,4348
12938,12938,0,-3194
12939,12939,0,-2344
12940,12940,0,4665
12941,12941,0,-466
12942,12942,0,-466
12943,12943,0,-466
12944,12944,0,-466
12945,12945,0,-466
12946,12946,0,-466
12947,12947,0,-466
12948,12948,0,-4699
12949,12949,0,3452
12950,12950,0,2533
12951,12951,0,-5041
12952,12952,0,4646
12953,12953,0,4646
12954,12954,0,4646
12955,12955,0,4646
12956,12956,0,4646
12957,12957,0,4646
12958,12958,0,4646
12959,12959,0,4646
12960,12960,0,4646
12961,12961,0,-2860
12962,12962,0,2985
12963,12963,0,-6929
12964,12964,0,1198
12965,12965,0,6178
12966,12966,0,-5073
12967,12967,0,-5073
12968,12968,0,-5073
12969,12969,0,-5073
12970,12970,0,-5073
12971,12971,0,-5073
12972,12972,0,-5073
12973,12973,0,-5073
12974,12974,0,-3150
12975,12975,0,7311
12976,12976,0,-1437
12977,12977,0,-6497
12978,12978,0,5335
12979,12979,0,3150
12980,12980,0,3150
12981,12981,0,3150
12982,12982,0,3150
12983,12983,0,3150
12984,12984,0,3150
12985,12985,0,3150
12986,12986,0,3150
12987,12987,0,-7311
12988,12988,0,6409
12989,12989,0,-5335
12990,12990,0,-3130
12991,12991,0,7686
12992,12992,0,-1507
12993,12993,0,-1507
12994,12994,0,-1507
12995,12995,0,-1507
12996,12996,0,-1507
12997,12997,0,-1507
12998,12998,0,-1507
12999,12999,0,-1507
13000,13000,0,-6927
13001,13001,0,-8115
13002,13002,0,7694
13003,13003,0,3513
13004,13004,0,-9423
13005,13005,0,2603
13006,13006,0,2603
13007,13007,0,2603
13008,13008,0,2603
13009,13009,0,2603
13010,13010,0,2603
13011,13011,0,2603
13012,13012,0,2603
13013,13013,0,8115
13014,13014,0,-7694
13015,13015,0,9748
13016,13016,0,-2689
13017,13017,0,-8381
13018,13018,0,7694
13019,13019,0,7694
13020,13020,0,7694
13021,13021,0,7694
13022,13022,0,7694
13023,13023,0,7694
13024,13024,0,7694
13025,13025,0,7694
13026,13026,0,3396
13027,13027,0,-10391
13028,13028,0,3017
13029,13029,0,8498
13030,13030,0,-7947
13031,13031,0,-3260
13032,13032,0,-3260
13033,13033,0,-3260
13034,13034,0,-3260
13035,13035,0,-3260
13036,13036,0,-3260
13037,13037,0,-3260
13038,13038,0,-3260
13039,13039,0,10394
13040,13040,0,-3017
13041,13041,0,-8498
13042,13042,0,3101
13043,13043,0,-10698
13044,13044,0,-3090
13045,13045,0,-3090
13046,13046,0,-3090
13047,13047,0,-3090
13048,13048,0,-3090
13049,13049,0,-3090
13050,13050,0,-3090
13051,13051,0,-3090
13052,13052,0,11852
13053,13053,0,-3997
13054,13054,0,-9355
13055,13055,0,9866
13056,13056,0,3238
13057,13057,0,-12125
13058,13058,0,-12125
13059,13059,0,-12125
13060,13060,0,-12125
13061,13061,0,-12125
13062,13062,0,-12125
13063,13063,0,-12125
13064,13064,0,4369
13065,13065,0,9355
13066,13066,0,-10094
13067,13067,0,-2950
13068,13068,0,12125
13069,13069,0,-4369
13070,13070,0,-4369
13071,13071,0,-4369
13072,13072,0,-4369
13073,13073,0,-4369
13074,13074,0,-4369
13075,13075,0,-4369
13076,13076,0,-4369
13077,13077,0,-9590
13078,13078,0,2756
13079,13079,0,-12372
13080,13080,0,4748
13081,13081,0,9590
13082,13082,0,-5428
13083,13083,0,-5428
13084,13084,0,-5428
13085,13085,0,-5428
13086,13086,0,-5428
13087,13087,0,-5428
13088,13088,0,-5428
13089,13089,0,-5428
13090,13090,0,-9925
13091,13091,0,11655
13092,13092,0,2658
13093,13093,0,-13521
13094,13094,0,5825
13095,13095,0,10094
13096,13096,0,10094
13097,13097,0,10094
13098,13098,0,10094
13099,13099,0,10094
13100,13100,0,10094
13101,13101,0,10094
13102,13102,0,10094
13103,13103,0,-11853
13104,13104,0,-2658
13105,13105,0,-5918
13106,13106,0,-9866
13107,13107,0,12208
13108,13108,0,2701
13109,13109,0,2701
13110,13110,0,2701
13111,13111,0,2701
13112,13112,0,2701
13113,13113,0,2701
13114,13114,0,2701
13115,13115,0,2701
13116,13116,0,-13738
13117,13117,0,5918
13118,13118,0,10025
13119,13119,0,-12394
13120,13120,0,-2402
13121,13121,0,1813
13122,13122,0,1813
13123,13123,0,1813
13124,13124,0,1813
13125,13125,0,1813
13126,13126,0,1813
13127,13127,0,1813
13128,13128,0,-14526
13129,13129,0,7383
13130,13130,0,10059
13131,13131,0,-13694
13132,13132,0,14691
13133,13133,0,14691
13134,13134,0,14691
13135,13135,0,14691
13136,13136,0,14691
13137,13137,0,14691
13138,13138,0,14691
13139,13139,0,14691
13140,13140,0,14691
13141,13141,0,-10059
13142,13142,0,13694
13143,13143,0,1833
13144,13144,0,-14691
13145,13145,0,7383
13146,13146,0,7383
13147,13147,0,7383
13148,13148,0,7383
13149,13149,0,7383
13150,13150,0,7383
13151,13151,0,7383
13152,13152,0,9887
13153,13153,0,-13985
13154,13154,0,-1484
13155,13155,0,14769
13156,13156,0,-7782
13157,13157,0,-10166
13158,13158,0,-10166
13159,13159,0,-10166
13160,13160,0,-10166
13161,13161,0,-10166
13162,13162,0,-10166
13163,13163,0,-10166
13164,13164,0,8773
13165,13165,0,9715
13166,13166,0,-14628
13167,13167,0,-387
13168,13168,0,-8773
13169,13169,0,-8773
13170,13170,0,-8773
13171,13171,0,-8773
13172,13172,0,-8773
13173,13173,0,-8773
13174,13174,0,-8773
13175,13175,0,-8773
13176,13176,0,-8773
13177,13177,0,14964
13178,13178,0,390
13179,13179,0,-15209
13180,13180,0,9151
13181,13181,0,9778
13182,13182,0,-14964
13183,13183,0,-14964
13184,13184,0,-14964
13185,13185,0,-14964
13186,13186,0,-14964
13187,13187,0,-14964
13188,13188,0,-14964
13189,13189,0,-14964
13190,13190,0,-390
13191,13191,0,15298
13192,13192,0,-9151
13193,13193,0,-9778
13194,13194,0,15052
13195,13195,0,0
13196,13196,0,0
13197,13197,0,0
13198,13198,0,0
13199,13199,0,0
13200,13200,0,0
13201,13201,0,0
13202,13202,0,0
13203,13203,0,-15298
13204,13204,0,-10004
13205,13205,0,-9059
13206,13206,0,15714
13207,13207,0,-800
13208,13208,0,-15212
13209,13209,0,-15212
13210,13210,0,-15212
13211,13211,0,-15212
13212,13212,0,-15212
13213,13213,0,-15212
13214,13214,0,-15212
13215,13215,0,-15212
13216,13216,0,10344
13217,13217,0,9059
13218,13218,0,-15714
13219,13219,0,802
13220,13220,0,15244
13221,13221,0,-10053
13222,13222,0,-10053
13223,13223,0,-10053
13224,13224,0,-10053
13225,13225,0,-10053
13226,13226,0,-10053
13227,13227,0,-10053
13228,13228,0,-10053
13229,13229,0,-8742
13230,13230,0,15874
13231,13231,0,-15244
13232,13232,0,10366
13233,13233,0,8755
13234,13234,0,-15888
13235,13235,0,-15888
13236,13236,0,-15888
13237,13237,0,-15888
13238,13238,0,-15888
13239,13239,0,-15888
13240,13240,0,-15888
13241,13241,0,-15888
13242,13242,0,-8066
13243,13243,0,16050
13244,13244,0,-2003
13245,13245,0,-14793
13246,13246,0,10990
13247,13247,0,8066
13248,13248,0,8066
13249,13249,0,8066
13250,13250,0,8066
13251,13251,0,8066
13252,13252,0,8066
13253,13253,0,8066
13254,13254,0,8066
13255,13255,0,-16050
13256,13256,0,2003
13257,13257,0,14771
13258,13258,0,-7686
13259,13259,0,16065
13260,13260,0,-2000
13261,13261,0,-2000
13262,13262,0,-2000
13263,13263,0,-2000
13264,13264,0,-2000
13265,13265,0,-2000
13266,13266,0,-2000
13267,13267,0,-2000
13268,13268,0,-14771
13269,13269,0,11243
13270,13270,0,7311
13271,13271,0,-16022
13272,13272,0,2386
13273,13273,0,14525
13274,13274,0,14525
13275,13275,0,14525
13276,13276,0,14525
13277,13277,0,14525
13278,13278,0,14525
13279,13279,0,14525
13280,13280,0,-13909
13281,13281,0,11638
13282,13282,0,6835
13283,13283,0,-15866
13284,13284,0,3119
13285,13285,0,13909
13286,13286,0,13909
13287,13287,0,13909
13288,13288,0,13909
13289,13289,0,13909
13290,13290,0,13909
13291,13291,0,13909
13292,13292,0,13909
13293,13293,0,-11845
13294,13294,0,15816
13295,13295,0,-3482
13296,13296,0,-13828
13297,13297,0,11776
13298,13298,0,6441
13299,13299,0,6441
13300,13300,0,6441
13301,13301,0,6441
13302,13302,0,6441
13303,13303,0,6441
13304,13304,0,6441
13305,13305,0,6441
13306,13306,0,-15714
13307,13307,0,3460
13308,13308,0,13544
13309,13309,0,-11957
13310,13310,0,-6399
13311,13311,0,15714
13312,13312,0,15714
13313,13313,0,15714
13314,13314,0,15714
13315,13315,0,15714
13316,13316,0,15714
13317,13317,0,15714
13318,13318,0,15714
13319,13319,0,-3435
13320,13320,0,4077
13321,13321,0,-11793
13322,13322,0,-5448
13323,13323,0,15119
13324,13324,0,-4037
13325,13325,0,-4037
13326,13326,0,-4037
13327,13327,0,-4037
13328,13328,0,-4037
13329,13329,0,-4037
13330,13330,0,-4037
13331,13331,0,-4037
13332,13332,0,-12246
13333,13333,0,12031
13334,13334,0,4699
13335,13335,0,-14974
13336,13336,0,4348
13337,13337,0,12246
13338,13338,0,12246
13339,13339,0,12246
13340,13340,0,12246
13341,13341,0,12246
13342,13342,0,12246
13343,13343,0,12246
13344,13344,0,12246
13345,13345,0,-12031
13346,13346,0,-5046
13347,13347,0,14806
13348,13348,0,-9944
13349,13349,0,11897
13350,13350,0,4646
13351,13351,0,4646
13352,13352,0,4646
13353,13353,0,4646
13354,13354,0,4646
13355,13355,0,4646
13356,13356,0,4646
13357,13357,0,4646
13358,13358,0,-11685
13359,13359,0,-3748
13360,13360,0,14036
13361,13361,0,-4982
13362,13362,0,-11079
13363,13363,0,11694
13364,13364,0,11694
13365,13365,0,11694
13366,13366,0,11694
13367,13367,0,11694
13368,13368,0,11694
13369,13369,0,11694
13370,13370,0,3363
13371,13371,0,-13826
13372,13372,0,4903
13373,13373,0,10531
13374,13374,0,-11509
13375,13375,0,-3692
13376,13376,0,-3692
13377,13377,0,-3692
13378,13378,0,-3692
13379,13379,0,-3692
13380,13380,0,-3692
13381,13381,0,-3692
13382,13382,0,-3692
13383,13383,0,13607
13384,13384,0,-8481
13385,13385,0,11509
13386,13386,0,3310
13387,13387,0,-13359
13388,13388,0,5126
13389,13389,0,5126
13390,13390,0,5126
13391,13391,0,5126
13392,13392,0,5126
13393,13393,0,5126
13394,13394,0,5126
13395,13395,0,5126
13396,13396,0,-5304
13397,13397,0,-9192
13398,13398,0,10794
13399,13399,0,2420
13400,13400,0,-12313
13401,13401,0,5304
13402,13402,0,5304
13403,13403,0,5304
13404,13404,0,5304
13405,13405,0,5304
13406,13406,0,5304
13407,13407,0,5304
13408,13408,0,5304
13409,13409,0,8792
13410,13410,0,-10794
13411,13411,0,9960
13412,13412,0,-5190
13413,13413,0,-8792
13414,13414,0,10706
13415,13415,0,10706
13416,13416,0,10706
13417,13417,0,10706
13418,13418,0,10706
13419,13419,0,10706
13420,13420,0,10706
13421,13421,0,10706
13422,13422,0,2075
13423,13423,0,-12048
13424,13424,0,5335
13425,13425,0,8390
13426,13426,0,-10465
13427,13427,0,-2029
13428,13428,0,-2029
13429,13429,0,-2029
13430,13430,0,-2029
13431,13431,0,-2029
13432,13432,0,-2029
13433,13433,0,-2029
13434,13434,0,-1272
13435,13435,0,10142
13436,13436,0,-5123
13437,13437,0,-6584
13438,13438,0,1022
13439,13439,0,988
13440,13440,0,988
13441,13441,0,988
13442,13442,0,988
13443,13443,0,988
13444,13444,0,988
13445,13445,0,988
13446,13446,0,988
13447,13447,0,7452
13448,13448,0,6769
13449,13449,0,-9017
13450,13450,0,-957
13451,13451,0,9523
13452,13452,0,-5018
13453,13453,0,-5018
13454,13454,0,-5018
13455,13455,0,-5018
13456,13456,0,-5018
13457,13457,0,-5018
13458,13458,0,-5018
13459,13459,0,-5018
13460,13460,0,-6162
13461,13461,0,8716
13462,13462,0,694
13463,13463,0,-9151
13464,13464,0,5018
13465,13465,0,6162
13466,13466,0,6162
13467,13467,0,6162
13468,13468,0,6162
13469,13469,0,6162
13470,13470,0,6162
13471,13471,0,6162
13472,13472,0,6162
13473,13473,0,-8716
13474,13474,0,11102
13475,13475,0,-5047
13476,13476,0,-5775
13477,13477,0,8492
13478,13478,0,-7334
13479,13479,0,-7334
13480,13480,0,-7334
13481,13481,0,-7334
13482,13482,0,-7334
13483,13483,0,-7334
13484,13484,0,-7334
13485,13485,0,-7334
13486,13486,0,0
13487,13487,0,6995
13488,13488,0,-4242
13489,13489,0,-4388
13490,13490,0,6995
13491,13491,0,0
13492,13492,0,0
13493,13493,0,0
13494,13494,0,0
13495,13495,0,0
13496,13496,0,0
13497,13497,0,0
13498,13498,0,0
13499,13499,0,-6995
13500,13500,0,4388
13501,13501,0,-6363
13502,13502,0,0
13503,13503,0,6651
13504,13504,0,-4173
13505,13505,0,-4173
13506,13506,0,-4173
13507,13507,0,-4173
13508,13508,0,-4173
13509,13509,0,-4173
13510,13510,0,-4173
13511,13511,0,-4173
13512,13512,0,-4034
13513,13513,0,6703
13514,13514,0,0
13515,13515,0,-6304
13516,13516,0,3955
13517,13517,0,-3260
13518,13518,0,-3260
13519,13519,0,-3260
13520,13520,0,-3260
13521,13521,0,-3260
13522,13522,0,-3260
13523,13523,0,-3260
13524,13524,0,-2953
13525,13525,0,5320
13526,13526,0,-252
13527,13527,0,-4795
13528,13528,0,2750
13529,13529,0,2750
13530,13530,0,2750
13531,13531,0,2750
13532,13532,0,2750
13533,13533,0,2750
13534,13534,0,2750
13535,13535,0,2750
13536,13536,0,2750
13537,13537,0,378
13538,13538,0,4394
13539,13539,0,-3106
13540,13540,0,-2544
13541,13541,0,4264
13542,13542,0,4264
13543,13543,0,4264
13544,13544,0,4264
13545,13545,0,4264
13546,13546,0,4264
13547,13547,0,4264
13548,13548,0,-428
13549,13549,0,-3995
13550,13550,0,2935
13551,13551,0,2047
13552,13552,0,-3884
13553,13553,0,390
13554,13554,0,390
13555,13555,0,390
13556,13556,0,390
13557,13557,0,390
13558,13558,0,390
13559,13559,0,390
13560,13560,0,3639
13561,13561,0,-902
13562,13562,0,2369
13563,13563,0,-294
13564,13564,0,1418
13565,13565,0,1418
13566,13566,0,1418
13567,13567,0,1418
13568,13568,0,1418
13569,13569,0,1418
13570,13570,0,1418
13571,13571,0,1418
13572,13572,0,1418
13573,13573,0,-1976
13574,13574,0,343
13575,13575,0,1416
13576,13576,0,-1136
13577,13577,0,-687
13578,13578,0,-687
13579,13579,0,-687
13580,13580,0,-687
13581,13581,0,-687
13582,13582,0,-687
13583,13583,0,-687
13584,13584,0,1594
13585,13585,0,-275
13586,13586,0,-1416
13587,13587,0,873
13588,13588,0,515
13589,13589,0,-1192
13590,13590,0,-1192
13591,13591,0,-1192
13592,13592,0,-1192
13593,13593,0,-1192
13594,13594,0,-1192
13595,13595,0,-1192
13596,13596,0,-1192
13597,13597,0,206
13598,13598,0,700
13599,13599,0,-582
13600,13600,0,798
13601,13601,0,-157
13602,13602,0,-709
13603,13603,0,-709
13604,13604,0,-709
13605,13605,0,-709
13606,13606,0,-709
13607,13607,0,-709
13608,13608,0,-709
13609,13609,0,-709
13610,13610,0,582
13611,13611,0,622
13612,13612,0,308
13613,13613,0,-802
13614,13614,0,293
13615,13615,0,679
13616,13616,0,679
13617,13617,0,679
13618,13618,0,679
13619,13619,0,679
13620,13620,0,679
13621,13621,0,679
13622,13622,0,-932
13623,13623,0,-434
13624,13624,0,1204
13625,13625,0,-293
13626,13626,0,-1335
13627,13627,0,1266
13628,13628,0,1266
13629,13629,0,1266
13630,13630,0,1266
13631,13631,0,1266
13632,13632,0,1266
13633,13633,0,1266
13634,13634,0,1266
13635,13635,0,578
13636,13636,0,428
13637,13637,0,1357
13638,13638,0,-1241
13639,13639,0,-722
13640,13640,0,2003
13641,13641,0,2003
13642,13642,0,2003
13643,13643,0,2003
13644,13644,0,2003
13645,13645,0,2003
13646,13646,0,2003
13647,13647,0,2003
13648,13648,0,-535
13649,13649,0,-1668
13650,13650,0,1156
13651,13651,0,-3980
13652,13652,0,1472
13653,13653,0,3445
13654,13654,0,3445
13655,13655,0,3445
13656,13656,0,3445
13657,13657,0,3445
13658,13658,0,3445
13659,13659,0,3445
13660,13660,0,3445
13661,13661,0,-3634
13662,13662,0,-1166
13663,13663,0,-1472
13664,13664,0,-3445
13665,13665,0,3634
13666,13666,0,1269
13667,13667,0,1269
13668,13668,0,1269
13669,13669,0,1269
13670,13670,0,1269
13671,13671,0,1269
13672,13672,0,1269
13673,13673,0,1269
13674,13674,0,-4750
13675,13675,0,1602
13676,13676,0,3749
13677,13677,0,-3955
13678,13678,0,-1269
13679,13679,0,5133
13680,13680,0,5133
13681,13681,0,5133
13682,13682,0,5133
13683,13683,0,5133
13684,13684,0,5133
13685,13685,0,5133
13686,13686,0,5133
13687,13687,0,-1850
13688,13688,0,-3749
13689,13689,0,4342
13690,13690,0,-5133
13691,13691,0,2112
13692,13692,0,4267
13693,13693,0,4267
13694,13694,0,4267
13695,13695,0,4267
13696,13696,0,4267
13697,13697,0,4267
13698,13698,0,4267
13699,13699,0,4267
13700,13700,0,-4342
13701,13701,0,6095
13702,13702,0,1367
13703,13703,0,-6971
13704,13704,0,2995
13705,13705,0,5335
13706,13706,0,5335
13707,13707,0,5335
13708,13708,0,5335
13709,13709,0,5335
13710,13710,0,5335
13711,13711,0,5335
13712,13712,0,-6095
13713,13713,0,-1259
13714,13714,0,7287
13715,13715,0,-3150
13716,13716,0,-5335
13717,13717,0,6497
13718,13718,0,6497
13719,13719,0,6497
13720,13720,0,6497
13721,13721,0,6497
13722,13722,0,6497
13723,13723,0,6497
13724,13724,0,6497
13725,13725,0,1320
13726,13726,0,3473
13727,13727,0,5594
13728,13728,0,-6812
13729,13729,0,-1320
13730,13730,0,7666
13731,13731,0,7666
13732,13732,0,7666
13733,13733,0,7666
13734,13734,0,7666
13735,13735,0,7666
13736,13736,0,7666
13737,13737,0,7666
13738,13738,0,-3473
13739,13739,0,-5710
13740,13740,0,957
13741,13741,0,-9523
13742,13742,0,5018
13743,13743,0,6555
13744,13744,0,6555
13745,13745,0,6555
13746,13746,0,6555
13747,13747,0,6555
13748,13748,0,6555
13749,13749,0,6555
13750,13750,0,6555
13751,13751,0,-8923
13752,13752,0,-988
13753,13753,0,-7016
13754,13754,0,-6769
13755,13755,0,9215
13756,13756,0,988
13757,13757,0,988
13758,13758,0,988
13759,13759,0,988
13760,13760,0,988
13761,13761,0,988
13762,13762,0,988
13763,13763,0,988
13764,13764,0,-10142
13765,13765,0,5182
13766,13766,0,6584
13767,13767,0,-9603
13768,13768,0,-787
13769,13769,0,10381
13770,13770,0,10381
13771,13771,0,10381
13772,13772,0,10381
13773,13773,0,10381
13774,13774,0,10381
13775,13775,0,10381
13776,13776,0,10381
13777,13777,0,-5725
13778,13778,0,-6789
13779,13779,0,9887
13780,13780,0,-10381
13781,13781,0,5725
13782,13782,0,6980
13783,13783,0,6980
13784,13784,0,6980
13785,13785,0,6980
13786,13786,0,6980
13787,13787,0,6980
13788,13788,0,6980
13789,13789,0,6980
13790,13790,0,-10266
13791,13791,0,11173
13792,13792,0,291
13793,13793,0,-11527
13794,13794,0,6990
13795,13795,0,7232
13796,13796,0,7232
13797,13797,0,7232
13798,13798,0,7232
13799,13799,0,7232
13800,13800,0,7232
13801,13801,0,7232
13802,13802,0,-11527
13803,13803,0,0
13804,13804,0,11780
13805,13805,0,-7390
13806,13806,0,-7143
13807,13807,0,11872
13808,13808,0,11872
13809,13809,0,11872
13810,13810,0,11872
13811,13811,0,11872
13812,13812,0,11872
13813,13813,0,11872
13814,13814,0,11872
13815,13815,0,0
13816,13816,0,7390
13817,13817,0,7293
13818,13818,0,-12120
13819,13819,0,311
13820,13820,0,12026
13821,13821,0,12026
13822,13822,0,12026
13823,13823,0,12026
13824,13824,0,12026
13825,13825,0,12026
13826,13826,0,12026
13827,13827,0,12026
13828,13828,0,-7545
13829,13829,0,-12710
13830,13830,0,8642
13831,13831,0,7288
13832,13832,0,-13427
13833,13833,0,669
13834,13834,0,669
13835,13835,0,669
13836,13836,0,669
13837,13837,0,669
13838,13838,0,669
13839,13839,0,669
13840,13840,0,669
13841,13841,0,12710
13842,13842,0,-8781
13843,13843,0,13427
13844,13844,0,-1034
13845,13845,0,-12788
13846,13846,0,9179
13847,13847,0,9179
13848,13848,0,9179
13849,13849,0,9179
13850,13850,0,9179
13851,13851,0,9179
13852,13852,0,9179
13853,13853,0,9179
13854,13854,0,7225
13855,13855,0,-13712
13856,13856,0,1034
13857,13857,0,13033
13858,13858,0,-9574
13859,13859,0,-7026
13860,13860,0,-7026
13861,13861,0,-7026
13862,13862,0,-7026
13863,13863,0,-7026
13864,13864,0,-7026
13865,13865,0,-7026
13866,13866,0,-7026
13867,13867,0,13909
13868,13868,0,-1397
13869,13869,0,2198
13870,13870,0,-10328
13871,13871,0,-6806
13872,13872,0,14973
13873,13873,0,14973
13874,13874,0,14973
13875,13875,0,14973
13876,13876,0,14973
13877,13877,0,14973
13878,13878,0,14973
13879,13879,0,14973
13880,13880,0,-2588
13881,13881,0,-13521
13882,13882,0,10703
13883,13883,0,6806
13884,13884,0,-14973
13885,13885,0,2221
13886,13886,0,2221
13887,13887,0,2221
13888,13888,0,2221
13889,13889,0,2221
13890,13890,0,2221
13891,13891,0,2221
13892,13892,0,13521
13893,13893,0,-11071
13894,13894,0,-6873
13895,13895,0,15120
13896,13896,0,-2613
13897,13897,0,-13605
13898,13898,0,-13605
13899,13899,0,-13605
13900,13900,0,-13605
13901,13901,0,-13605
13902,13902,0,-13605
13903,13903,0,-13605
13904,13904,0,-13605
13905,13905,0,11173
13906,13906,0,-6399
13907,13907,0,15816
13908,13908,0,-3482
13909,13909,0,-13632
13910,13910,0,12034
13911,13911,0,12034
13912,13912,0,12034
13913,13913,0,12034
13914,13914,0,12034
13915,13915,0,12034
13916,13916,0,12034
13917,13917,0,12034
13918,13918,0,6441
13919,13919,0,-15816
13920,13920,0,3482
13921,13921,0,13712
13922,13922,0,-12105
13923,13923,0,-6118
13924,13924,0,-6118
13925,13925,0,-6118
13926,13926,0,-6118
13927,13927,0,-6118
13928,13928,0,-6118
13929,13929,0,-6118
13930,13930,0,-6118
13931,13931,0,15943
13932,13932,0,-3884
13933,13933,0,11909
13934,13934,0,5783
13935,13935,0,-16124
13936,13936,0,4306
13937,13937,0,4306
13938,13938,0,4306
13939,13939,0,4306
13940,13940,0,4306
13941,13941,0,4306
13942,13942,0,4306
13943,13943,0,4306
13944,13944,0,13423
13945,13945,0,-4733
13946,13946,0,-13331
13947,13947,0,12854
13948,13948,0,5115
13949,13949,0,-16339
13950,13950,0,-16339
13951,13951,0,-16339
13952,13952,0,-16339
13953,13953,0,-16339
13954,13954,0,-16339
13955,13955,0,-16339
13956,13956,0,5126
13957,13957,0,13124
13958,13958,0,-13380
13959,13959,0,-5126
13960,13960,0,-5160
13961,13961,0,-5126
13962,13962,0,-5126
13963,13963,0,-5126
13964,13964,0,-5126
13965,13965,0,-5126
13966,13966,0,-5126
13967,13967,0,-5126
13968,13968,0,-5126
13969,13969,0,15192
13970,13970,0,5133
13971,13971,0,-16364
13972,13972,0,5133
13973,13973,0,13144
13974,13974,0,-13391
13975,13975,0,-13391
13976,13976,0,-13391
13977,13977,0,-13391
13978,13978,0,-13391
13979,13979,0,-13391
13980,13980,0,-13391
13981,13981,0,-13391
13982,13982,0,-4755
13983,13983,0,16374
13984,13984,0,-12604
13985,13985,0,13775
13986,13986,0,3563
13987,13987,0,-16217
13988,13988,0,-16217
13989,13989,0,-16217
13990,13990,0,-16217
13991,13991,0,-16217
13992,13992,0,-16217
13993,13993,0,-16217
13994,13994,0,-16217
13995,13995,0,6240
13996,13996,0,-13947
13997,13997,0,-3563
13998,13998,0,16128
13999,13999,0,-6568
14000,14000,0,-12008
14001,14001,0,-12008
14002,14002,0,-12008
14003,14003,0,-12008
14004,14004,0,-12008
14005,14005,0,-12008
14006,14006,0,-12008
14007,14007,0,-12008
14008,14008,0,14101
14009,14009,0,3162
14010,14010,0,-16022
14011,14011,0,6542
14012,14012,0,12008
14013,14013,0,-13901
14014,14014,0,-13901
14015,14015,0,-13901
14016,14016,0,-13901
14017,14017,0,-13901
14018,14018,0,-13901
14019,14019,0,-13901
14020,14020,0,-13901
14021,14021,0,-3149
14022,14022,0,16022
14023,14023,0,-11638
14024,14024,0,13981
14025,14025,0,3135
14026,14026,0,-16022
14027,14027,0,-16022
14028,14028,0,-16022
14029,14029,0,-16022
14030,14030,0,-16022
14031,14031,0,-16022
14032,14032,0,-16022
14033,14033,0,-16022
14034,14034,0,-14104
14035,14035,0,-2317
14036,14036,0,15619
14037,14037,0,-7391
14038,14038,0,-10811
14039,14039,0,14004
14040,14040,0,14004
14041,14041,0,14004
14042,14042,0,14004
14043,14043,0,14004
14044,14044,0,14004
14045,14045,0,14004
14046,14046,0,14004
14047,14047,0,2300
14048,14048,0,-15258
14049,14049,0,7334
14050,14050,0,-14004
14051,14051,0,-1904
14052,14052,0,15258
14053,14053,0,15258
14054,14054,0,15258
14055,14055,0,15258
14056,14056,0,15258
14057,14057,0,15258
14058,14058,0,15258
14059,14059,0,15258
14060,14060,0,-7334
14061,14061,0,-10727
14062,14062,0,14063
14063,14063,0,1904
14064,14064,0,-15130
14065,14065,0,7604
14066,14066,0,7604
14067,14067,0,7604
14068,14068,0,7604
14069,14069,0,7604
14070,14070,0,7604
14071,14071,0,7604
14072,14072,0,-7924
14073,14073,0,-9396
14074,14074,0,13684
14075,14075,0,718
14076,14076,0,-14196
14077,14077,0,7830
14078,14078,0,7830
14079,14079,0,7830
14080,14080,0,7830
14081,14081,0,7830
14082,14082,0,7830
14083,14083,0,7830
14084,14084,0,7830
14085,14085,0,9559
14086,14086,0,-709
14087,14087,0,13926
14088,14088,0,-7830
14089,14089,0,-9167
14090,14090,0,13481
14091,14091,0,13481
14092,14092,0,13481
14093,14093,0,13481
14094,14094,0,13481
14095,14095,0,13481
14096,14096,0,13481
14097,14097,0,13481
14098,14098,0,709
14099,14099,0,-13739
14100,14100,0,7920
14101,14101,0,8770
14102,14102,0,-13481
14103,14103,0,-709
14104,14104,0,-709
14105,14105,0,-709
14106,14106,0,-709
14107,14107,0,-709
14108,14108,0,-709
14109,14109,0,-709
14110,14110,0,-709
14111,14111,0,13739
14112,14112,0,-12613
14113,14113,0,7578
14114,14114,0,-12593
14115,14115,0,329
14116,14116,0,12391
14117,14117,0,12391
14118,14118,0,12391
14119,14119,0,12391
14120,14120,0,12391
14121,14121,0,12391
14122,14122,0,12391
14123,14123,0,12391
14124,14124,0,-7980
14125,14125,0,-7578
14126,14126,0,12449
14127,14127,0,-317
14128,14128,0,-12162
14129,14129,0,7947
14130,14130,0,7947
14131,14131,0,7947
14132,14132,0,7947
14133,14133,0,7947
14134,14134,0,7947
14135,14135,0,7947
14136,14136,0,7176
14137,14137,0,-12360
14138,14138,0,634
14139,14139,0,12162
14140,14140,0,-7176
14141,14141,0,-7176
14142,14142,0,-7176
14143,14143,0,-7176
14144,14144,0,-7176
14145,14145,0,-7176
14146,14146,0,-7176
14147,14147,0,-7176
14148,14148,0,-7176
14149,14149,0,6100
14150,14150,0,-11304
14151,14151,0,873
14152,14152,0,10703
14153,14153,0,-7567
14154,14154,0,-7567
14155,14155,0,-7567
14156,14156,0,-7567
14157,14157,0,-7567
14158,14158,0,-7567
14159,14159,0,-7567
14160,14160,0,-5956
14161,14161,0,11304
14162,14162,0,-1107
14163,14163,0,-10328
14164,14164,0,7587
14165,14165,0,5568
14166,14166,0,5568
14167,14167,0,5568
14168,14168,0,5568
14169,14169,0,5568
14170,14170,0,5568
14171,14171,0,5568
14172,14172,0,-11080
14173,14173,0,1107
14174,14174,0,10328
14175,14175,0,-7389
14176,14176,0,10791
14177,14177,0,10791
14178,14178,0,10791
14179,14179,0,10791
14180,14180,0,10791
14181,14181,0,10791
14182,14182,0,10791
14183,14183,0,10791
14184,14184,0,10791
14185,14185,0,-10059
14186,14186,0,8718
14187,14187,0,-6833
14188,14188,0,-4034
14189,14189,0,9332
14190,14190,0,-1669
14191,14191,0,-1669
14192,14192,0,-1669
14193,14193,0,-1669
14194,14194,0,-1669
14195,14195,0,-1669
14196,14196,0,-1669
14197,14197,0,-1669
14198,14198,0,-8320
14199,14199,0,6833
14200,14200,0,4034
14201,14201,0,-9363
14202,14202,0,1613
14203,14203,0,8320
14204,14204,0,8320
14205,14205,0,8320
14206,14206,0,8320
14207,14207,0,8320
14208,14208,0,8320
14209,14209,0,8320
14210,14210,0,8320
14211,14211,0,-6833
14212,14212,0,8776
14213,14213,0,-1776
14214,14214,0,-7627
14215,14215,0,6592
14216,14216,0,3552
14217,14217,0,3552
14218,14218,0,3552
14219,14219,0,3552
14220,14220,0,3552
14221,14221,0,3552
14222,14222,0,3552
14223,14223,0,3552
14224,14224,0,-8700
14225,14225,0,1710
14226,14226,0,-5415
14227,14227,0,-2521
14228,14228,0,6632
14229,14229,0,-1771
14230,14230,0,-1771
14231,14231,0,-1771
14232,14232,0,-1771
14233,14233,0,-1771
14234,14234,0,-1771
14235,14235,0,-1771
14236,14236,0,-1771
14237,14237,0,-5918
14238,14238,0,5132
14239,14239,0,-6632
14240,14240,0,1672
14241,14241,0,5213
14242,14242,0,-5132
14243,14243,0,-5132
14244,14244,0,-5132
14245,14245,0,-5132
14246,14246,0,-5132
14247,14247,0,-5132
14248,14248,0,-5132
14249,14249,0,-5132
14250,14250,0,-2112
14251,14251,0,6268
14252,14252,0,-1712
14253,14253,0,-4821
14254,14254,0,4943
14255,14255,0,2112
14256,14256,0,2112
14257,14257,0,2112
14258,14258,0,2112
14259,14259,0,2112
14260,14260,0,2112
14261,14261,0,2112
14262,14262,0,-5895
14263,14263,0,1712
14264,14264,0,4903
14265,14265,0,-4649
14266,14266,0,7568
14267,14267,0,5520
14268,14268,0,5520
14269,14269,0,5520
14270,14270,0,5520
14271,14271,0,5520
14272,14272,0,5520
14273,14273,0,5520
14274,14274,0,5520
14275,14275,0,-4515
14276,14276,0,3138
14277,14277,0,-3310
14278,14278,0,-958
14279,14279,0,3586
14280,14280,0,-1292
14281,14281,0,-1292
14282,14282,0,-1292
14283,14283,0,-1292
14284,14284,0,-1292
14285,14285,0,-1292
14286,14286,0,-1292
14287,14287,0,-1292
14288,14288,0,-3138
14289,14289,0,3033
14290,14290,0,958
14291,14291,0,-3586
14292,14292,0,1150
14293,14293,0,2775
14294,14294,0,2775
14295,14295,0,2775
14296,14296,0,2775
14297,14297,0,2775
14298,14298,0,2775
14299,14299,0,2775
14300,14300,0,2775
14301,14301,0,-2985
14302,14302,0,3190
14303,14303,0,-1150
14304,14304,0,-2471
14305,14305,0,2701
14306,14306,0,777
14307,14307,0,777
14308,14308,0,777
14309,14309,0,777
14310,14310,0,777
14311,14311,0,777
14312,14312,0,777
14313,14313,0,777
14314,14314,0,-2793
14315,14315,0,1072
14316,14316,0,-700
14317,14317,0,-137
14318,14318,0,795
14319,14319,0,-344
14320,14320,0,-344
14321,14321,0,-344
14322,14322,0,-344
14323,14323,0,-344
14324,14324,0,-344
14325,14325,0,-344
14326,14326,0,-344
14327,14327,0,-582
14328,14328,0,709
14329,14329,0,-2480
14330,14330,0,181
14331,14331,0,284
14332,14332,0,-355
14333,14333,0,-355
14334,14334,0,-355
14335,14335,0,-355
14336,14336,0,-355
14337,14337,0,-355
14338,14338,0,-355
14339,14339,0,-355
14340,14340,0,-69
14341,14341,0,0
14342,14342,0,0
14343,14343,0,0
14344,14344,0,0
14345,14345,0,0
14346,14346,0,0
14347,14347,0,0
14348,14348,0,0
14349,14349,0,0
14350,14350,0,0
14351,14351,0,0
14352,14352,0,396
14353,14353,0,0
14354,14354,0,0
14355,14355,0,359
14356,14356,0,-2442
14357,14357,0,-396
14358,14358,0,-396
14359,14359,0,-396
14360,14360,0,-396
14361,14361,0,-396
14362,14362,0,-396
14363,14363,0,-396
14364,14364,0,-396
14365,14365,0,810
14366,14366,0,-1310
14367,14367,0,1833
14368,14368,0,236
14369,14369,0,-2346
14370,14370,0,1236
14371,14371,0,1236
14372,14372,0,1236
14373,14373,0,1236
14374,14374,0,1236
14375,14375,0,1236
14376,14376,0,1236
14377,14377,0,1236
14378,14378,0,1570
14379,14379,0,-2221
14380,14380,0,-236
14381,14381,0,2733
14382,14382,0,-1499
14383,14383,0,-1830
14384,14384,0,-1830
14385,14385,0,-1830
14386,14386,0,-1830
14387,14387,0,-1830
14388,14388,0,-1830
14389,14389,0,-1830
14390,14390,0,-1830
14391,14391,0,2588
14392,14392,0,-3357
14393,14393,0,1710
14394,14394,0,2028
14395,14395,0,-2982
14396,14396,0,-235
14397,14397,0,-235
14398,14398,0,-235
14399,14399,0,-235
14400,14400,0,-235
14401,14401,0,-235
14402,14402,0,-235
14403,14403,0,-235
14404,14404,0,3460
14405,14405,0,117
14406,14406,0,-4551
14407,14407,0,2959
14408,14408,0,3062
14409,14409,0,-4880
14410,14410,0,-4880
14411,14411,0,-4880
14412,14412,0,-4880
14413,14413,0,-4880
14414,14414,0,-4880
14415,14415,0,-4880
14416,14416,0,-4880
14417,14417,0,-117
14418,14418,0,4918
14419,14419,0,-3062
14420,14420,0,5282
14421,14421,0,0
14422,14422,0,-5241
14423,14423,0,-5241
14424,14424,0,-5241
14425,14425,0,-5241
14426,14426,0,-5241
14427,14427,0,-5241
14428,14428,0,-5241
14429,14429,0,-5241
14430,14430,0,3288
14431,14431,0,3288
14432,14432,0,-5241
14433,14433,0,145
14434,14434,0,5552
14435,14435,0,-3513
14436,14436,0,-3513
14437,14437,0,-3513
14438,14438,0,-3513
14439,14439,0,-3513
14440,14440,0,-3513
14441,14441,0,-3513
14442,14442,0,-3395
14443,14443,0,5643
14444,14444,0,-6751
14445,14445,0,542
14446,14446,0,-4961
14447,14447,0,-4673
14448,14448,0,-4673
14449,14449,0,-4673
14450,14450,0,-4673
14451,14451,0,-4673
14452,14452,0,-4673
14453,14453,0,-4673
14454,14454,0,-4673
14455,14455,0,5190
14456,14456,0,-568
14457,14457,0,-7136
14458,14458,0,5045
14459,14459,0,3971
14460,14460,0,-7879
14461,14461,0,-7879
14462,14462,0,-7879
14463,14463,0,-7879
14464,14464,0,-7879
14465,14465,0,-7879
14466,14466,0,-7879
14467,14467,0,-7879
14468,14468,0,594
14469,14469,0,7461
14470,14470,0,-5045
14471,14471,0,-4152
14472,14472,0,8218
14473,14473,0,-792
14474,14474,0,-792
14475,14475,0,-792
14476,14476,0,-792
14477,14477,0,-792
14478,14478,0,-792
14479,14479,0,-792
14480,14480,0,-792
14481,14481,0,-7461
14482,14482,0,4313
14483,14483,0,-9932
14484,14484,0,1723
14485,14485,0,9004
14486,14486,0,-7127
14487,14487,0,-7127
14488,14488,0,-7127
14489,14489,0,-7127
14490,14490,0,-7127
14491,14491,0,-7127
14492,14492,0,-7127
14493,14493,0,-7127
14494,14494,0,-4532
14495,14495,0,9971
14496,14496,0,-1479
14497,14497,0,-9004
14498,14498,0,7127
14499,14499,0,4673
14500,14500,0,4673
14501,14501,0,4673
14502,14502,0,4673
14503,14503,0,4673
14504,14504,0,4673
14505,14505,0,4673
14506,14506,0,4673
14507,14507,0,-10281
14508,14508,0,1777
14509,14509,0,-8038
14510,14510,0,-4812
14511,14511,0,10586
14512,14512,0,-1830
14513,14513,0,-1830
14514,14514,0,-1830
14515,14515,0,-1830
14516,14516,0,-1830
14517,14517,0,-1830
14518,14518,0,-1830
14519,14519,0,-1830
14520,14520,0,-9438
14521,14521,0,7750
14522,14522,0,4575
14523,14523,0,-10920
14524,14524,0,2147
14525,14525,0,9704
14526,14526,0,9704
14527,14527,0,9704
14528,14528,0,9704
14529,14529,0,9704
14530,14530,0,9704
14531,14531,0,9704
14532,14532,0,-2600
14533,14533,0,-10412
14534,14534,0,9590
14535,14535,0,4465
14536,14536,0,3012
14537,14537,0,3014
14538,14538,0,3014
14539,14539,0,3014
14540,14540,0,3014
14541,14541,0,3014
14542,14542,0,3014
14543,14543,0,3014
14544,14544,0,3014
14545,14545,0,-9592
14546,14546,0,-4748
14547,14547,0,12391
14548,14548,0,-3378
14549,14549,0,-10700
14550,14550,0,9790
14551,14551,0,9790
14552,14552,0,9790
14553,14553,0,9790
14554,14554,0,9790
14555,14555,0,9790
14556,14556,0,9790
14557,14557,0,9790
14558,14558,0,4465
14559,14559,0,-12650
14560,14560,0,3445
14561,14561,0,10740
14562,14562,0,-10183
14563,14563,0,-4558
14564,14564,0,-4558
14565,14565,0,-4558
14566,14566,0,-4558
14567,14567,0,-4558
14568,14568,0,-4558
14569,14569,0,-4558
14570,14570,0,-4558
14571,14571,0,12901
14572,14572,0,4663
14573,14573,0,11118
14574,14574,0,-11490
14575,14575,0,-4079
14576,14576,0,13838
14577,14577,0,13838
14578,14578,0,13838
14579,14579,0,13838
14580,14580,0,13838
14581,14581,0,13838
14582,14582,0,13838
14583,14583,0,13838
14584,14584,0,-4734
14585,14585,0,-11118
14586,14586,0,11490
14587,14587,0,3802
14588,14588,0,-14251
14589,14589,0,4802
14590,14590,0,4802
14591,14591,0,4802
14592,14592,0,4802
14593,14593,0,4802
14594,14594,0,4802
14595,14595,0,4802
14596,14596,0,4802
14597,14597,0,11238
14598,14598,0,-11853
14599,14599,0,14251
14600,14600,0,-4802
14601,14601,0,-11391
14602,14602,0,12014
14603,14603,0,12014
14604,14604,0,12014
14605,14605,0,12014
14606,14606,0,12014
14607,14607,0,12014
14608,14608,0,12014
14609,14609,0,12014
14610,14610,0,11462
14611,14611,0,-12983
14612,14612,0,-3282
14613,14613,0,15064
14614,14614,0,-5793
14615,14615,0,-11216
14616,14616,0,-11216
14617,14617,0,-11216
14618,14618,0,-11216
14619,14619,0,-11216
14620,14620,0,-11216
14621,14621,0,-11216
14622,14622,0,-11216
14623,14623,0,12983
14624,14624,0,3317
14625,14625,0,-15064
14626,14626,0,11462
14627,14627,0,-13111
14628,14628,0,-3010
14629,14629,0,-3010
14630,14630,0,-3010
14631,14631,0,-3010
14632,14632,0,-3010
14633,14633,0,-3010
14634,14634,0,-3010
14635,14635,0,-3010
14636,14636,0,15311
14637,14637,0,-6251
14638,14638,0,-11430
14639,14639,0,13422
14640,14640,0,3010
14641,14641,0,-15352
14642,14642,0,-15352
14643,14643,0,-15352
14644,14644,0,-15352
14645,14645,0,-15352
14646,14646,0,-15352
14647,14647,0,-15352
14648,14648,0,15659
14649,14649,0,-7492
14650,14650,0,-11238
14651,14651,0,14451
14652,14652,0,2346
14653,14653,0,-15751
14654,14654,0,-15751
14655,14655,0,-15751
14656,14656,0,-15751
14657,14657,0,-15751
14658,14658,0,-15751
14659,14659,0,-15751
14660,14660,0,-15751
14661,14661,0,7536
14662,14662,0,-14526
14663,14663,0,-1967
14664,14664,0,15833
14665,14665,0,-7536
14666,14666,0,-11023
14667,14667,0,-11023
14668,14668,0,-11023
14669,14669,0,-11023
14670,14670,0,-11023
14671,14671,0,-11023
14672,14672,0,-11023
14673,14673,0,-11023
14674,14674,0,14526
14675,14675,0,1967
14676,14676,0,-15760
14677,14677,0,7575
14678,14678,0,11080
14679,14679,0,-14526
14680,14680,0,-14526
14681,14681,0,-14526
14682,14682,0,-14526
14683,14683,0,-14526
14684,14684,0,-14526
14685,14685,0,-14526
14686,14686,0,-14526
14687,14687,0,-1976
14688,14688,0,1200
14689,14689,0,8742
14690,14690,0,10366
14691,14691,0,-15268
14692,14692,0,-803
14693,14693,0,-803
14694,14694,0,-803
14695,14695,0,-803
14696,14696,0,-803
14697,14697,0,-803
14698,14698,0,-803
14699,14699,0,-803
14700,14700,0,15772
14701,14701,0,-8755
14702,14702,0,-10077
14703,14703,0,15281
14704,14704,0,804
14705,14705,0,-15786
14706,14706,0,-15786
14707,14707,0,-15786
14708,14708,0,-15786
14709,14709,0,-15786
14710,14710,0,-15786
14711,14711,0,-15786
14712,14712,0,9100
14713,14713,0,10077
14714,14714,0,-15422
14715,14715,0,-804
14716,14716,0,-9102
14717,14717,0,-9102
14718,14718,0,-9102
14719,14719,0,-9102
14720,14720,0,-9102
14721,14721,0,-9102
14722,14722,0,-9102
14723,14723,0,-9102
14724,14724,0,-9102
14725,14725,0,9733
14726,14726,0,9389
14727,14727,0,-15603
14728,14728,0,400
14729,14729,0,15482
14730,14730,0,15482
14731,14731,0,15482
14732,14732,0,15482
14733,14733,0,15482
14734,14734,0,15482
14735,14735,0,15482
14736,14736,0,-9713
14737,14737,0,-9389
14738,14738,0,15561
14739,14739,0,0
14740,14740,0,-15311
14741,14741,0,10004
14742,14742,0,10004
14743,14743,0,10004
14744,14744,0,10004
14745,14745,0,10004
14746,14746,0,10004
14747,14747,0,10004
14748,14748,0,9363
14749,14749,0,-15561
14750,14750,0,398
14751,14751,0,15311
14752,14752,0,-9004
14753,14753,0,-9004
14754,14754,0,-9004
14755,14755,0,-9004
14756,14756,0,-9004
14757,14757,0,-9004
14758,14758,0,-9004
14759,14759,0,-9004
14760,14760,0,-9004
14761,14761,0,-795
14762,14762,0,1169
14763,14763,0,14436
14764,14764,0,-10381
14765,14765,0,-8118
14766,14766,0,15407
14767,14767,0,15407
14768,14768,0,15407
14769,14769,0,15407
14770,14770,0,15407
14771,14771,0,15407
14772,14772,0,15407
14773,14773,0,15407
14774,14774,0,-1162
14775,14775,0,-14436
14776,14776,0,10529
14777,14777,0,7783
14778,14778,0,-15407
14779,14779,0,1537
14780,14780,0,1537
14781,14781,0,1537
14782,14782,0,1537
14783,14783,0,1537
14784,14784,0,1537
14785,14785,0,1537
14786,14786,0,1537
14787,14787,0,14334
14788,14788,0,-7668
14789,14789,0,15258
14790,14790,0,-1904
14791,14791,0,-14063
14792,14792,0,10448
14793,14793,0,10448
14794,14794,0,10448
14795,14795,0,10448
14796,14796,0,10448
14797,14797,0,10448
14798,14798,0,10448
14799,14799,0,10448
14800,14800,0,7334
14801,14801,0,-15258
14802,14802,0,13062
14803,14803,0,-10599
14804,14804,0,-6332
14805,14805,0,14651
14806,14806,0,14651
14807,14807,0,14651
14808,14808,0,14651
14809,14809,0,14651
14810,14810,0,14651
14811,14811,0,14651
14812,14812,0,14651
14813,14813,0,-2502
14814,14814,0,-12733
14815,14815,0,5856
14816,14816,0,-14341
14817,14817,0,2855
14818,14818,0,12572
14819,14819,0,12572
14820,14820,0,12572
14821,14821,0,12572
14822,14822,0,12572
14823,14823,0,12572
14824,14824,0,12572
14825,14825,0,12572
14826,14826,0,-10706
14827,14827,0,-5856
14828,14828,0,14341
14829,14829,0,-3166
14830,14830,0,-12572
14831,14831,0,10562
14832,14832,0,10562
14833,14833,0,10562
14834,14834,0,10562
14835,14835,0,10562
14836,14836,0,10562
14837,14837,0,10562
14838,14838,0,5777
14839,14839,0,-14187
14840,14840,0,2781
14841,14841,0,12404
14842,14842,0,-7743
14843,14843,0,-5695
14844,14844,0,-5695
14845,14845,0,-5695
14846,14846,0,-5695
14847,14847,0,-5695
14848,14848,0,-5695
14849,14849,0,-5695
14850,14850,0,-5695
14851,14851,0,-3124
14852,14852,0,3510
14853,14853,0,10942
14854,14854,0,-10375
14855,14855,0,-4433
14856,14856,0,13144
14857,14857,0,13144
14858,14858,0,13144
14859,14859,0,13144
14860,14860,0,13144
14861,14861,0,13144
14862,14862,0,13144
14863,14863,0,13144
14864,14864,0,-3510
14865,14865,0,-10560
14866,14866,0,10183
14867,14867,0,4351
14868,14868,0,-12901
14869,14869,0,3749
14870,14870,0,3749
14871,14871,0,3749
14872,14872,0,3749
14873,14873,0,3749
14874,14874,0,3749
14875,14875,0,3749
14876,14876,0,3749
14877,14877,0,10355
14878,14878,0,-4267
14879,14879,0,12661
14880,14880,0,-3676
14881,14881,0,-10355
14882,14882,0,9965
14883,14883,0,9965
14884,14884,0,9965
14885,14885,0,9965
14886,14886,0,9965
14887,14887,0,9965
14888,14888,0,9965
14889,14889,0,9965
14890,14890,0,4267
14891,14891,0,-12661
14892,14892,0,8674
14893,14893,0,-9296
14894,14894,0,-2674
14895,14895,0,10990
14896,14896,0,10990
14897,14897,0,10990
14898,14898,0,10990
14899,14899,0,10990
14900,14900,0,10990
14901,14901,0,10990
14902,14902,0,10990
14903,14903,0,-3851
14904,14904,0,-8272
14905,14905,0,2600
14906,14906,0,-10672
14907,14907,0,3851
14908,14908,0,7870
14909,14909,0,7870
14910,14910,0,7870
14911,14911,0,7870
14912,14912,0,7870
14913,14913,0,7870
14914,14914,0,7870
14915,14915,0,7870
14916,14916,0,-8915
14917,14917,0,-2277
14918,14918,0,10366
14919,14919,0,-3978
14920,14920,0,-8035
14921,14921,0,8781
14922,14922,0,8781
14923,14923,0,8781
14924,14924,0,8781
14925,14925,0,8781
14926,14926,0,8781
14927,14927,0,8781
14928,14928,0,8781
14929,14929,0,2209
14930,14930,0,-10031
14931,14931,0,4085
14932,14932,0,-8646
14933,14933,0,-2209
14934,14934,0,9713
14935,14935,0,9713
14936,14936,0,9713
14937,14937,0,9713
14938,14938,0,9713
14939,14939,0,9713
14940,14940,0,9713
14941,14941,0,9713
14942,14942,0,-3955
14943,14943,0,3941
14944,14944,0,6348
14945,14945,0,-7428
14946,14946,0,-1440
14947,14947,0,8332
14948,14948,0,8332
14949,14949,0,8332
14950,14950,0,8332
14951,14951,0,8332
14952,14952,0,8332
14953,14953,0,8332
14954,14954,0,-3787
14955,14955,0,-5956
14956,14956,0,7428
14957,14957,0,1440
14958,14958,0,-7957
14959,14959,0,3631
14960,14960,0,3631
14961,14961,0,3631
14962,14962,0,3631
14963,14963,0,3631
14964,14964,0,3631
14965,14965,0,3631
14966,14966,0,3631
14967,14967,0,5710
14968,14968,0,-1185
14969,14969,0,7610
14970,14970,0,-3631
14971,14971,0,-5461
14972,14972,0,6899
14973,14973,0,6899
14974,14974,0,6899
14975,14975,0,6899
14976,14976,0,6899
14977,14977,0,6899
14978,14978,0,6899
14979,14979,0,6899
14980,14980,0,1133
14981,14981,0,-5732
14982,14982,0,-615
14983,14983,0,6118
14984,14984,0,-3223
14985,14985,0,-3851
14986,14986,0,-3851
14987,14987,0,-3851
14988,14988,0,-3851
14989,14989,0,-3851
14990,14990,0,-3851
14991,14991,0,-3851
14992,14992,0,-3851
14993,14993,0,5448
14994,14994,0,434
14995,14995,0,3031
14996,14996,0,3851
14997,14997,0,-5448
14998,14998,0,-406
14999,14999,0,-406
15000,15000,0,-406
15001,15001,0,-406
15002,15002,0,-406
15003,15003,0,-406
15004,15004,0,-406
15005,15005,0,-406
15006,15006,0,5354
15007,15007,0,-2838
15008,15008,0,-3605
15009,15009,0,5099
15010,15010,0,378
15011,15011,0,-4985
15012,15012,0,-4985
15013,15013,0,-4985
15014,15014,0,-4985
15015,15015,0,-4985
15016,15016,0,-4985
15017,15017,0,-4985
15018,15018,0,-4985
15019,15019,0,2750
15020,15020,0,3260
15021,15021,0,-2139
15022,15022,0,0
15023,15023,0,-3435
15024,15024,0,2067
15025,15025,0,2067
15026,15026,0,2067
15027,15027,0,2067
15028,15028,0,2067
15029,15029,0,2067
15030,15030,0,2067
15031,15031,0,2067
15032,15032,0,2139
15033,15033,0,-3409
15034,15034,0,0
15035,15035,0,3035
15036,15036,0,-1904
15037,15037,0,-1904
15038,15038,0,-1904
15039,15039,0,-1904
15040,15040,0,-1904
15041,15041,0,-1904
15042,15042,0,-1904
15043,15043,0,-1904
15044,15044,0,3035
15045,15045,0,0
15046,15046,0,-3035
15047,15047,0,1669
15048,15048,0,1384
15049,15049,0,-2300
15050,15050,0,-2300
15051,15051,0,-2300
15052,15052,0,-2300
15053,15053,0,-2300
15054,15054,0,-2300
15055,15055,0,-2300
15056,15056,0,-2300
15057,15057,0,59
15058,15058,0,-743
15059,15059,0,510
15060,15060,0,430
15061,15061,0,-780
15062,15062,0,59
15063,15063,0,59
15064,15064,0,59
15065,15065,0,59
15066,15066,0,59
15067,15067,0,59
15068,15068,0,59
15069,15069,0,59
15070,15070,0,750
15071,15071,0,-525
15072,15072,0,-207
15073,15073,0,780
15074,15074,0,-30
15075,15075,0,-371
15076,15076,0,-371
15077,15077,0,-371
15078,15078,0,-371
15079,15079,0,-371
15080,15080,0,-371
15081,15081,0,-371
15082,15082,0,-371
15083,15083,0,263
15084,15084,0,0
15085,15085,0,0
15086,15086,0,0
15087,15087,0,0
15088,15088,0,0
15089,15089,0,0
15090,15090,0,0
15091,15091,0,0
15092,15092,0,0
15093,15093,0,0
15094,15094,0,0
15095,15095,0,0
15096,15096,0,0
15097,15097,0,-757
15098,15098,0,1582
15099,15099,0,-197
15100,15100,0,-1791
15101,15101,0,1418
15102,15102,0,1418
15103,15103,0,1418
15104,15104,0,1418
15105,15105,0,1418
15106,15106,0,1418
15107,15107,0,1418
15108,15108,0,945
15109,15109,0,-1976
15110,15110,0,343
15111,15111,0,1791
15112,15112,0,-902
15113,15113,0,-902
15114,15114,0,-902
15115,15115,0,-902
15116,15116,0,-902
15117,15117,0,-902
15118,15118,0,-902
15119,15119,0,-902
15120,15120,0,-902
15121,15121,0,-411
15122,15122,0,-2470
15123,15123,0,2029
15124,15124,0,1198
15125,15125,0,-2771
15126,15126,0,-2771
15127,15127,0,-2771
15128,15128,0,-2771
15129,15129,0,-2771
15130,15130,0,-2771
15131,15131,0,-2771
15132,15132,0,479
15133,15133,0,2470
15134,15134,0,-2315
15135,15135,0,4743
15136,15136,0,-1156
15137,15137,0,-4342
15138,15138,0,-4342
15139,15139,0,-4342
15140,15140,0,-4342
15141,15141,0,-4342
15142,15142,0,-4342
15143,15143,0,-4342
15144,15144,0,-4342
15145,15145,0,3892
15146,15146,0,1967
15147,15147,0,-4743
15148,15148,0,4342
15149,15149,0,-3973
15150,15150,0,-1986
15151,15151,0,-1986
15152,15152,0,-1986
15153,15153,0,-1986
15154,15154,0,-1986
15155,15155,0,-1986
15156,15156,0,-1986
15157,15157,0,-1986
15158,15158,0,5513
15159,15159,0,-1249
15160,15160,0,-4663
15161,15161,0,4267
15162,15162,0,1986
15163,15163,0,-5505
15164,15164,0,-5505
15165,15165,0,-5505
15166,15166,0,-5505
15167,15167,0,-5505
15168,15168,0,-5505
15169,15169,0,-5505
15170,15170,0,1472
15171,15171,0,4903
15172,15172,0,-4649
15173,15173,0,-2122
15174,15174,0,5889
15175,15175,0,-1573
15176,15176,0,-1573
15177,15177,0,-1573
15178,15178,0,-1573
15179,15179,0,-1573
15180,15180,0,-1573
15181,15181,0,-1573
15182,15182,0,-1573
15183,15183,0,-4903
15184,15184,0,2311
15185,15185,0,6023
15186,15186,0,-6023
15187,15187,0,-2242
15188,15188,0,7724
15189,15189,0,7724
15190,15190,0,7724
15191,15191,0,7724
15192,15192,0,7724
15193,15193,0,7724
15194,15194,0,7724
15195,15195,0,7724
15196,15196,0,-2602
15197,15197,0,-6204
15198,15198,0,6315
15199,15199,0,2242
15200,15200,0,-8073
15201,15201,0,2721
15202,15202,0,2721
15203,15203,0,2721
15204,15204,0,2721
15205,15205,0,2721
15206,15206,0,2721
15207,15207,0,2721
15208,15208,0,2721
15209,15209,0,6366
15210,15210,0,-6715
15211,15211,0,8413
15212,15212,0,-2838
15213,15213,0,-6366
15214,15214,0,7004
15215,15215,0,7004
15216,15216,0,7004
15217,15217,0,7004
15218,15218,0,7004
15219,15219,0,7004
15220,15220,0,7004
15221,15221,0,7004
15222,15222,0,2338
15223,15223,0,-2139
15224,15224,0,9733
15225,15225,0,-3735
15226,15226,0,-7390
15227,15227,0,8646
15228,15228,0,8646
15229,15229,0,8646
15230,15230,0,8646
15231,15231,0,8646
15232,15232,0,8646
15233,15233,0,8646
15234,15234,0,2139
15235,15235,0,-10031
15236,15236,0,4085
15237,15237,0,7633
15238,15238,0,-1994
15239,15239,0,-2028
15240,15240,0,-2028
15241,15241,0,-2028
15242,15242,0,-2028
15243,15243,0,-2028
15244,15244,0,-2028
15245,15245,0,-2028
15246,15246,0,-2028
15247,15247,0,-4436
15248,15248,0,-7701
15249,15249,0,9044
15250,15250,0,2277
15251,15251,0,-10344
15252,15252,0,4337
15253,15253,0,4337
15254,15254,0,4337
15255,15255,0,4337
15256,15256,0,4337
15257,15257,0,4337
15258,15258,0,4337
15259,15259,0,4337
15260,15260,0,7929
15261,15261,0,-9311
15262,15262,0,10599
15263,15263,0,1741
15264,15264,0,-11691
15265,15265,0,5723
15266,15266,0,5723
15267,15267,0,5723
15268,15268,0,5723
15269,15269,0,5723
15270,15270,0,5723
15271,15271,0,5723
15272,15272,0,5723
15273,15273,0,8371
15274,15274,0,-3789
15275,15275,0,11961
15276,15276,0,-5723
15277,15277,0,-8371
15278,15278,0,11215
15279,15279,0,11215
15280,15280,0,11215
15281,15281,0,11215
15282,15282,0,11215
15283,15283,0,11215
15284,15284,0,11215
15285,15285,0,11215
15286,15286,0,1519
15287,15287,0,-12167
15288,15288,0,5723
15289,15289,0,8554
15290,15290,0,-11215
15291,15291,0,-1519
15292,15292,0,-1519
15293,15293,0,-1519
15294,15294,0,-1519
15295,15295,0,-1519
15296,15296,0,-1519
15297,15297,0,-1519
15298,15298,0,-1519
15299,15299,0,12422
15300,15300,0,-6242
15301,15301,0,6887
15302,15302,0,8898
15303,15303,0,-12710
15304,15304,0,-669
15305,15305,0,-669
15306,15306,0,-669
15307,15307,0,-669
15308,15308,0,-669
15309,15309,0,-669
15310,15310,0,-669
15311,15311,0,-669
15312,15312,0,13215
15313,15313,0,-7288
15314,15314,0,-8642
15315,15315,0,12710
15316,15316,0,1018
15317,15317,0,-13427
15318,15318,0,-13427
15319,15319,0,-13427
15320,15320,0,-13427
15321,15321,0,-13427
15322,15322,0,-13427
15323,15323,0,-13427
15324,15324,0,7406
15325,15325,0,8646
15326,15326,0,-13111
15327,15327,0,-679
15328,15328,0,-7807
15329,15329,0,-7807
15330,15330,0,-7807
15331,15331,0,-7807
15332,15332,0,-7807
15333,15333,0,-7807
15334,15334,0,-7807
15335,15335,0,-7807
15336,15336,0,-7807
15337,15337,0,13232
15338,15338,0,-14334
15339,15339,0,368
15340,15340,0,14063
15341,15341,0,-8923
15342,15342,0,-8528
15343,15343,0,-8528
15344,15344,0,-8528
15345,15345,0,-8528
15346,15346,0,-8528
15347,15347,0,-8528
15348,15348,0,-8528
15349,15349,0,-8528
15350,15350,0,14334
15351,15351,0,-368
15352,15352,0,-14222
15353,15353,0,8923
15354,15354,0,8410
15355,15355,0,-14589
15356,15356,0,-14589
15357,15357,0,-14589
15358,15358,0,-14589
15359,15359,0,-14589
15360,15360,0,-14589
15361,15361,0,-14589
15362,15362,0,-14589
15363,15363,0,371
15364,15364,0,-11331
15365,15365,0,-8410
15366,15366,0,14732
15367,15367,0,-750
15368,15368,0,-14262
15369,15369,0,-14262
15370,15370,0,-14262
15371,15371,0,-14262
15372,15372,0,-14262
15373,15373,0,-14262
15374,15374,0,-14262
15375,15375,0,-14262
15376,15376,0,9697
15377,15377,0,8492
15378,15378,0,1558
15379,15379,0,14530
15380,15380,0,-10673
15381,15381,0,-7879
15382,15382,0,-7879
15383,15383,0,-7879
15384,15384,0,-7879
15385,15385,0,-7879
15386,15386,0,-7879
15387,15387,0,-7879
15388,15388,0,-7879
15389,15389,0,15679
15390,15390,0,-1567
15391,15391,0,8432
15392,15392,0,7879
15393,15393,0,-15679
15394,15394,0,1967
15395,15395,0,1967
15396,15396,0,1967
15397,15397,0,1967
15398,15398,0,1967
15399,15399,0,1967
15400,15400,0,1967
15401,15401,0,1967
15402,15402,0,14526
15403,15403,0,-10791
15404,15404,0,-7920
15405,15405,0,15760
15406,15406,0,-1967
15407,15407,0,-14526
15408,15408,0,-14526
15409,15409,0,-14526
15410,15410,0,-14526
15411,15411,0,-14526
15412,15412,0,-14526
15413,15413,0,-14526
15414,15414,0,11131
15415,15415,0,7610
15416,15416,0,-15833
15417,15417,0,1976
15418,15418,0,-9699
15419,15419,0,-11459
15420,15420,0,-11459
15421,15421,0,-11459
15422,15422,0,-11459
15423,15423,0,-11459
15424,15424,0,-11459
15425,15425,0,-11459
15426,15426,0,-11459
15427,15427,0,13920
15428,15428,0,-16217
15429,15429,0,2793
15430,15430,0,14239
15431,15431,0,-12125
15432,15432,0,-12125
15433,15433,0,-12125
15434,15434,0,-12125
15435,15435,0,-12125
15436,15436,0,-12125
15437,15437,0,-12125
15438,15438,0,-6997
15439,15439,0,16300
15440,15440,0,-3589
15441,15441,0,-14251
15442,15442,0,12136
15443,15443,0,6637
15444,15444,0,6637
15445,15445,0,6637
15446,15446,0,6637
15447,15447,0,6637
15448,15448,0,6637
15449,15449,0,6637
15450,15450,0,-16300
15451,15451,0,3196
15452,15452,0,14251
15453,15453,0,-12136
15454,15454,0,13969
15455,15455,0,16305
15456,15456,0,16305
15457,15457,0,16305
15458,15458,0,16305
15459,15459,0,16305
15460,15460,0,16305
15461,15461,0,16305
15462,15462,0,16305
15463,15463,0,-16065
15464,15464,0,12406
15465,15465,0,13775
15466,15466,0,-12854
15467,15467,0,-5478
15468,15468,0,16286
15469,15469,0,16286
15470,15470,0,16286
15471,15471,0,16286
15472,15472,0,16286
15473,15473,0,16286
15474,15474,0,16286
15475,15475,0,16286
15476,15476,0,-4337
15477,15477,0,-13521
15478,15478,0,12820
15479,15479,0,5460
15480,15480,0,-16242
15481,15481,0,4337
15482,15482,0,4337
15483,15483,0,4337
15484,15484,0,4337
15485,15485,0,4337
15486,15486,0,4337
15487,15487,0,4337
15488,15488,0,4337
15489,15489,0,13475
15490,15490,0,-5202
15491,15491,0,16138
15492,15492,0,-4686
15493,15493,0,-13475
15494,15494,0,12966
15495,15495,0,12966
15496,15496,0,12966
15497,15497,0,12966
15498,15498,0,12966
15499,15499,0,12966
15500,15500,0,12966
15501,15501,0,12966
15502,15502,0,5064
15503,15503,0,-16138
15504,15504,0,4686
15505,15505,0,-5320
15506,15506,0,-12449
15507,15507,0,13130
15508,15508,0,13130
15509,15509,0,13130
15510,15510,0,13130
15511,15511,0,13130
15512,15512,0,13130
15513,15513,0,13130
15514,15514,0,13130
15515,15515,0,4182
15516,15516,0,-15786
15517,15517,0,9978
15518,15518,0,-13143
15519,15519,0,-4149
15520,15520,0,15538
15521,15521,0,15538
15522,15522,0,15538
15523,15523,0,15538
15524,15524,0,15538
15525,15525,0,15538
15526,15526,0,15538
15527,15527,0,15538
15528,15528,0,-5599
15529,15529,0,-12026
15530,15530,0,13143
15531,15531,0,4149
15532,15532,0,-15385
15533,15533,0,5552
15534,15534,0,5552
15535,15535,0,5552
15536,15536,0,5552
15537,15537,0,5552
15538,15538,0,5552
15539,15539,0,5552
15540,15540,0,12026
15541,15541,0,-13033
15542,15542,0,-3748
15543,15543,0,14525
15544,15544,0,-10843
15545,15545,0,-10843
15546,15546,0,-10843
15547,15547,0,-10843
15548,15548,0,-10843
15549,15549,0,-10843
15550,15550,0,-10843
15551,15551,0,-10843
15552,15552,0,-10843
15553,15553,0,166
15554,15554,0,-14525
15555,15555,0,6257
15556,15556,0,10465
15557,15557,0,-12733
15558,15558,0,-2437
15559,15559,0,-2437
15560,15560,0,-2437
15561,15561,0,-2437
15562,15562,0,-2437
15563,15563,0,-2437
15564,15564,0,-2437
15565,15565,0,-2437
15566,15566,0,14101
15567,15567,0,-6497
15568,15568,0,-10080
15569,15569,0,12733
15570,15570,0,2062
15571,15571,0,-13846
15572,15572,0,-13846
15573,15573,0,-13846
15574,15574,0,-13846
15575,15575,0,-13846
15576,15576,0,-13846
15577,15577,0,-13846
15578,15578,0,-13846
15579,15579,0,6318
15580,15580,0,-12552
15581,15581,0,-2062
15582,15582,0,13846
15583,15583,0,-6318
15584,15584,0,-9937
15585,15585,0,-9937
15586,15586,0,-9937
15587,15587,0,-9937
15588,15588,0,-9937
15589,15589,0,-9937
15590,15590,0,-9937
15591,15591,0,-9937
15592,15592,0,12552
15593,15593,0,950
15594,15594,0,-12603
15595,15595,0,6511
15596,15596,0,8272
15597,15597,0,-11808
15598,15598,0,-11808
15599,15599,0,-11808
15600,15600,0,-11808
15601,15601,0,-11808
15602,15602,0,-11808
15603,15603,0,-11808
15604,15604,0,-11808
15605,15605,0,-932
15606,15606,0,12285
15607,15607,0,-8272
15608,15608,0,11462
15609,15609,0,913
15610,15610,0,-12034
15611,15611,0,-12034
15612,15612,0,-12034
15613,15613,0,-12034
15614,15614,0,-12034
15615,15615,0,-12034
15616,15616,0,-12034
15617,15617,0,-12034
15618,15618,0,6637
15619,15619,0,8103
15620,15620,0,-11462
15621,15621,0,-893
15622,15622,0,11700
15623,15623,0,-6495
15624,15624,0,-6495
15625,15625,0,-6495
15626,15626,0,-6495
15627,15627,0,-6495
15628,15628,0,-6495
15629,15629,0,-6495
15630,15630,0,-6495
15631,15631,0,-7701
15632,15632,0,11326
15633,15633,0,893
15634,15634,0,6592
15635,15635,0,7300
15636,15636,0,-11071
15637,15637,0,-11071
15638,15638,0,-11071
15639,15639,0,-11071
15640,15640,0,-11071
15641,15641,0,-11071
15642,15642,0,-11071
15643,15643,0,-11071
15644,15644,0,-6162
15645,15645,0,10161
15646,15646,0,-255
15647,15647,0,-9869
15648,15648,0,6192
15649,15649,0,6375
15650,15650,0,6375
15651,15651,0,6375
15652,15652,0,6375
15653,15653,0,6375
15654,15654,0,6375
15655,15655,0,6375
15656,15656,0,-10161
15657,15657,0,0
15658,15658,0,9869
15659,15659,0,-6192
15660,15660,0,-5985
15661,15661,0,9646
15662,15662,0,9646
15663,15663,0,9646
15664,15664,0,9646
15665,15665,0,9646
15666,15666,0,9646
15667,15667,0,9646
15668,15668,0,9646
15669,15669,0,-247
15670,15670,0,6005
15671,15671,0,5422
15672,15672,0,-9406
15673,15673,0,239
15674,15674,0,9491
15675,15675,0,9491
15676,15676,0,9491
15677,15677,0,9491
15678,15678,0,9491
15679,15679,0,9491
15680,15680,0,9491
15681,15681,0,9491
15682,15682,0,-7782
15683,15683,0,5725
15684,15684,0,4506
15685,15685,0,-8171
15686,15686,0,620
15687,15687,0,7383
15688,15688,0,7383
15689,15689,0,7383
15690,15690,0,7383
15691,15691,0,7383
15692,15692,0,7383
15693,15693,0,7383
15694,15694,0,7383
15695,15695,0,-5275
15696,15696,0,-4152
15697,15697,0,-792
15698,15698,0,-7061
15699,15699,0,5187
15700,15700,0,3807
15701,15701,0,3807
15702,15702,0,3807
15703,15703,0,3807
15704,15704,0,3807
15705,15705,0,3807
15706,15706,0,3807
15707,15707,0,3807
15708,15708,0,-7575
15709,15709,0,757
15710,15710,0,7061
15711,15711,0,-5187
15712,15712,0,-3807
15713,15713,0,7575
15714,15714,0,7575
15715,15715,0,7575
15716,15716,0,7575
15717,15717,0,7575
15718,15718,0,7575
15719,15719,0,7575
15720,15720,0,7575
15721,15721,0,-757
15722,15722,0,4270
15723,15723,0,2360
15724,15724,0,944
15725,15725,0,4472
15726,15726,0,-3722
15727,15727,0,-3722
15728,15728,0,-3722
15729,15729,0,-3722
15730,15730,0,-3722
15731,15731,0,-3722
15732,15732,0,-3722
15733,15733,0,-3722
15734,15734,0,-2197
15735,15735,0,5101
15736,15736,0,-944
15737,15737,0,-4533
15738,15738,0,3722
15739,15739,0,2197
15740,15740,0,2197
15741,15741,0,2197
15742,15742,0,2197
15743,15743,0,2197
15744,15744,0,2197
15745,15745,0,2197
15746,15746,0,-5101
15747,15747,0,1003
15748,15748,0,4138
15749,15749,0,-3524
15750,15750,0,-2033
15751,15751,0,4720
15752,15752,0,4720
15753,15753,0,4720
15754,15754,0,4720
15755,15755,0,4720
15756,15756,0,4720
15757,15757,0,4720
15758,15758,0,4720
15759,15759,0,-928
15760,15760,0,3309
15761,15761,0,1771
15762,15762,0,-4349
15763,15763,0,958
15764,15764,0,3802
15765,15765,0,3802
15766,15766,0,3802
15767,15767,0,3802
15768,15768,0,3802
15769,15769,0,3802
15770,15770,0,3802
15771,15771,0,3802
15772,15772,0,-2329
15773,15773,0,2165
15774,15774,0,1008
15775,15775,0,-2401
15776,15776,0,641
15777,15777,0,1999
15778,15778,0,1999
15779,15779,0,1999
15780,15780,0,1999
15781,15781,0,1999
15782,15782,0,1999
15783,15783,0,1999
15784,15784,0,1999
15785,15785,0,-1895
15786,15786,0,-810
15787,15787,0,-641
15788,15788,0,-1999
15789,15789,0,1895
15790,15790,0,676
15791,15791,0,676
15792,15792,0,676
15793,15793,0,676
15794,15794,0,676
15795,15795,0,676
15796,15796,0,676
15797,15797,0,676
15798,15798,0,-1606
15799,15799,0,582
15800,15800,0,1668
15801,15801,0,-1290
15802,15802,0,-504
15803,15803,0,1606
15804,15804,0,1606
15805,15805,0,1606
15806,15806,0,1606
15807,15807,0,1606
15808,15808,0,1606
15809,15809,0,1606
15810,15810,0,1606
15811,15811,0,-466
15812,15812,0,-334
15813,15813,0,-107
15814,15814,0,-2081
15815,15815,0,-622
15816,15816,0,679
15817,15817,0,679
15818,15818,0,679
15819,15819,0,679
15820,15820,0,679
15821,15821,0,679
15822,15822,0,679
15823,15823,0,679
15824,15824,0,214
15825,15825,0,-803
15826,15826,0,434
15827,15827,0,622
15828,15828,0,-1018
15829,15829,0,-293
15830,15830,0,-293
15831,15831,0,-293
15832,15832,0,-293
15833,15833,0,-293
15834,15834,0,-293
15835,15835,0,-293
15836,15836,0,1202
15837,15837,0,-434
15838,15838,0,-932
15839,15839,0,1357
15840,15840,0,293
15841,15841,0,-1602
15842,15842,0,-1602
15843,15843,0,-1602
15844,15844,0,-1602
15845,15845,0,-1602
15846,15846,0,-1602
15847,15847,0,-1602
15848,15848,0,-1602
15849,15849,0,615
15850,15850,0,-3768
15851,15851,0,-439
15852,15852,0,2000
15853,15853,0,-767
15854,15854,0,-1519
15855,15855,0,-1519
15856,15856,0,-1519
15857,15857,0,-1519
15858,15858,0,-1519
15859,15859,0,-1519
15860,15860,0,-1519
15861,15861,0,-1519
15862,15862,0,2600
15863,15863,0,-3166
15864,15864,0,-614
15865,15865,0,3563
15866,15866,0,-1535
15867,15867,0,-2600
15868,15868,0,-2600
15869,15869,0,-2600
15870,15870,0,-2600
15871,15871,0,-2600
15872,15872,0,-2600
15873,15873,0,-2600
15874,15874,0,-2600
15875,15875,0,3556
15876,15876,0,681
15877,15877,0,1790
15878,15878,0,2815
15879,15879,0,-3511
15880,15880,0,-681
15881,15881,0,-681
15882,15882,0,-681
15883,15883,0,-681
15884,15884,0,-681
15885,15885,0,-681
15886,15886,0,-681
15887,15887,0,-681
15888,15888,0,4306
15889,15889,0,-2060
15890,15890,0,-3090
15891,15891,0,3903
15892,15892,0,698
15893,15893,0,-4686
15894,15894,0,-4686
15895,15895,0,-4686
15896,15896,0,-4686
15897,15897,0,-4686
15898,15898,0,-4686
15899,15899,0,-4686
15900,15900,0,1965
15901,15901,0,-6134
15902,15902,0,-651
15903,15903,0,6441
15904,15904,0,-6387
15905,15905,0,-4337
15906,15906,0,-4337
15907,15907,0,-4337
15908,15908,0,-4337
15909,15909,0,-4337
15910,15910,0,-4337
15911,15911,0,-4337
15912,15912,0,-4337
15913,15913,0,907
15914,15914,0,-6795
15915,15915,0,3748
15916,15916,0,4444
15917,15917,0,-6472
15918,15918,0,-515
15919,15919,0,-515
15920,15920,0,-515
15921,15921,0,-515
15922,15922,0,-515
15923,15923,0,-515
15924,15924,0,-515
15925,15925,0,-515
15926,15926,0,6795
15927,15927,0,-3941
15928,15928,0,-4673
15929,15929,0,6873
15930,15930,0,361
15931,15931,0,-7146
15932,15932,0,-7146
15933,15933,0,-7146
15934,15934,0,-7146
15935,15935,0,-7146
15936,15936,0,-7146
15937,15937,0,-7146
15938,15938,0,-7146
15939,15939,0,4291
15940,15940,0,-7208
15941,15941,0,-379
15942,15942,0,7444
15943,15943,0,-4291
15944,15944,0,-4900
15945,15945,0,-4900
15946,15946,0,-4900
15947,15947,0,-4900
15948,15948,0,-4900
15949,15949,0,-4900
15950,15950,0,-4900
15951,15951,0,-4900
15952,15952,0,5432
15953,15953,0,-8958
15954,15954,0,0
15955,15955,0,8958
15956,15956,0,-5620
15957,15957,0,-5432
15958,15958,0,-5432
15959,15959,0,-5432
15960,15960,0,-5432
15961,15961,0,-5432
15962,15962,0,-5432
15963,15963,0,-5432
15964,15964,0,-5432
15965,15965,0,9340
15966,15966,0,-239
15967,15967,0,8053
15968,15968,0,5620
15969,15969,0,-9340
15970,15970,0,239
15971,15971,0,239
15972,15972,0,239
15973,15973,0,239
15974,15974,0,239
15975,15975,0,239
15976,15976,0,239
15977,15977,0,239
15978,15978,0,9190
15979,15979,0,-6202
15980,15980,0,-5600
15981,15981,0,9715
15982,15982,0,-495
15983,15983,0,-9404
15984,15984,0,-9404
15985,15985,0,-9404
15986,15986,0,-9404
15987,15987,0,-9404
15988,15988,0,-9404
15989,15989,0,-9404
15990,15990,0,1107
15991,15991,0,10438
15992,15992,0,-7379
15993,15993,0,-5808
15994,15994,0,-1392
15995,15995,0,-1136
15996,15996,0,-1136
15997,15997,0,-1136
15998,15998,0,-1136
15999,15999,0,-1136
16000,16000,0,-1136
16001,16001,0,-1136
16002,16002,0,-1136
16003,16003,0,5732
16004,16004,0,5710
16005,16005,0,-11304
16006,16006,0,1136
16007,16007,0,10848
16008,16008,0,-7969
16009,16009,0,-7969
16010,16010,0,-7969
16011,16011,0,-7969
16012,16012,0,-7969
16013,16013,0,-7969
16014,16014,0,-7969
16015,16015,0,-7969
16016,16016,0,-5849
16017,16017,0,11638
16018,16018,0,-1163
16019,16019,0,-10848
16020,16020,0,8371
16021,16021,0,5983
16022,16022,0,5983
16023,16023,0,5983
16024,16024,0,5983
16025,16025,0,5983
16026,16026,0,5983
16027,16027,0,5983
16028,16028,0,5983
16029,16029,0,-11906
16030,16030,0,-4011
16031,16031,0,-11755
16032,16032,0,9305
16033,16033,0,5917
16034,16034,0,-13295
16035,16035,0,-13295
16036,16036,0,-13295
16037,16037,0,-13295
16038,16038,0,-13295
16039,16039,0,-13295
16040,16040,0,-13295
16041,16041,0,-13295
16042,16042,0,2290
16043,16043,0,11814
16044,16044,0,-9472
16045,16045,0,-6023
16046,16046,0,13250
16047,16047,0,-2658
16048,16048,0,-2658
16049,16049,0,-2658
16050,16050,0,-2658
16051,16051,0,-2658
16052,16052,0,-2658
16053,16053,0,-2658
16054,16054,0,-2658
16055,16055,0,-12014
16056,16056,0,9866
16057,16057,0,-15825
16058,16058,0,2658
16059,16059,0,12014
16060,16060,0,-9866
16061,16061,0,-9866
16062,16062,0,-9866
16063,16063,0,-9866
16064,16064,0,-9866
16065,16065,0,-9866
16066,16066,0,-9866
16067,16067,0,-9866
16068,16068,0,11081
16069,16069,0,5530
16070,16070,0,-14410
16071,16071,0,3556
16072,16072,0,12364
16073,16073,0,-11081
16074,16074,0,-11081
16075,16075,0,-11081
16076,16076,0,-11081
16077,16077,0,-11081
16078,16078,0,-11081
16079,16079,0,-11081
16080,16080,0,-11081
16081,16081,0,-5600
16082,16082,0,14771
16083,16083,0,-3950
16084,16084,0,11449
16085,16085,0,5391
16086,16086,0,-14793
16087,16087,0,-14793
16088,16088,0,-14793
16089,16089,0,-14793
16090,16090,0,-14793
16091,16091,0,-14793
16092,16092,0,-14793
16093,16093,0,-14793
16094,16094,0,3995
16095,16095,0,12513
16096,16096,0,-11579
16097,16097,0,-5046
16098,16098,0,14961
16099,16099,0,-4037
16100,16100,0,-4037
16101,16101,0,-4037
16102,16102,0,-4037
16103,16103,0,-4037
16104,16104,0,-4037
16105,16105,0,-4037
16106,16106,0,-15557
16107,16107,0,4880
16108,16108,0,12593
16109,16109,0,-12819
16110,16110,0,-4551
16111,16111,0,15674
16112,16112,0,15674
16113,16113,0,15674
16114,16114,0,15674
16115,16115,0,15674
16116,16116,0,15674
16117,16117,0,15674
16118,16118,0,15674
16119,16119,0,-4918
16120,16120,0,14958
16121,16121,0,4551
16122,16122,0,-15786
16123,16123,0,5320
16124,16124,0,12449
16125,16125,0,12449
16126,16126,0,12449
16127,16127,0,12449
16128,16128,0,12449
16129,16129,0,12449
16130,16130,0,12449
16131,16131,0,12449
16132,16132,0,-13130
16133,16133,0,-4584
16134,16134,0,15888
16135,16135,0,-5320
16136,16136,0,-12529
16137,16137,0,13215
16138,16138,0,13215
16139,16139,0,13215
16140,16140,0,13215
16141,16141,0,13215
16142,16142,0,13215
16143,16143,0,13215
16144,16144,0,13215
16145,16145,0,4239
16146,16146,0,6590
16147,16147,0,-13947
16148,16148,0,-3563
16149,16149,0,16226
16150,16150,0,-6607
16151,16151,0,-6607
16152,16152,0,-6607
16153,16153,0,-6607
16154,16154,0,-6607
16155,16155,0,-6607
16156,16156,0,-6607
16157,16157,0,-6607
16158,16158,0,-12081
16159,16159,0,14217
16160,16160,0,3188
16161,16161,0,-16226
16162,16162,0,6986
16163,16163,0,12107
16164,16164,0,12107
16165,16165,0,12107
16166,16166,0,12107
16167,16167,0,12107
16168,16168,0,12107
16169,16169,0,12107
16170,16170,0,-14217
16171,16171,0,-3188
16172,16172,0,16217
16173,16173,0,-6986
16174,16174,0,14013
16175,16175,0,14239
16176,16176,0,14239
16177,16177,0,14239
16178,16178,0,14239
16179,16179,0,14239
16180,16180,0,14239
16181,16181,0,14239
16182,16182,0,14239
16183,16183,0,-14194
16184,16184,0,6997
16185,16185,0,11852
16186,16186,0,-14432
16187,16187,0,-2800
16188,16188,0,-11284
16189,16189,0,-11284
16190,16190,0,-11284
16191,16191,0,-11284
16192,16192,0,-11284
16193,16193,0,-11284
16194,16194,0,-11284
16195,16195,0,-11284
16196,16196,0,14793
16197,16197,0,2401
16198,16198,0,-16099
16199,16199,0,8054
16200,16200,0,10973
16201,16201,0,-14771
16202,16202,0,-14771
16203,16203,0,-14771
16204,16204,0,-14771
16205,16205,0,-14771
16206,16206,0,-14771
16207,16207,0,-14771
16208,16208,0,-14771
16209,16209,0,-2000
16210,16210,0,-5991
16211,16211,0,-11243
16212,16212,0,14740
16213,16213,0,1996
16214,16214,0,-15909
16215,16215,0,-15909
16216,16216,0,-15909
16217,16217,0,-15909
16218,16218,0,-15909
16219,16219,0,-15909
16220,16220,0,-15909
16221,16221,0,-15909
16222,16222,0,8037
16223,16223,0,10920
16224,16224,0,-14866
16225,16225,0,-1594
16226,16226,0,15948
16227,16227,0,-15507
16228,16228,0,-15507
16229,16229,0,-15507
16230,16230,0,-15507
16231,16231,0,-15507
16232,16232,0,-15507
16233,16233,0,-15507
16234,16234,0,-15507
16235,16235,0,8553
16236,16236,0,10142
16237,16237,0,-2860
16238,16238,0,15317
16239,16239,0,-8830
16240,16240,0,-10083
16241,16241,0,-10083
16242,16242,0,-10083
16243,16243,0,-10083
16244,16244,0,-10083
16245,16245,0,-10083
16246,16246,0,-10083
16247,16247,0,-10083
16248,16248,0,14964
16249,16249,0,387
16250,16250,0,-15317
16251,16251,0,9092
16252,16252,0,9715
16253,16253,0,-14868
16254,16254,0,-14868
16255,16255,0,-14868
16256,16256,0,-14868
16257,16257,0,-14868
16258,16258,0,-14868
16259,16259,0,-14868
16260,16260,0,-387
16261,16261,0,15111
16262,16262,0,-8773
16263,16263,0,-9646
16264,16264,0,2179
16265,16265,0,385
16266,16266,0,385
16267,16267,0,385
16268,16268,0,385
16269,16269,0,385
16270,16270,0,385
16271,16271,0,385
16272,16272,0,385
16273,16273,0,8610
16274,16274,0,-14436
16275,16275,0,735
16276,16276,0,13818
16277,16277,0,-9112
16278,16278,0,-7924
16279,16279,0,-7924
16280,16280,0,-7924
16281,16281,0,-7924
16282,16282,0,-7924
16283,16283,0,-7924
16284,16284,0,-7924
16285,16285,0,-7924
16286,16286,0,14367
16287,16287,0,-727
16288,16288,0,-13818
16289,16289,0,9284
16290,16290,0,7830
16291,16291,0,-14274
16292,16292,0,-14274
16293,16293,0,-14274
16294,16294,0,-14274
16295,16295,0,-14274
16296,16296,0,-14274
16297,16297,0,-14274
16298,16298,0,-14274
16299,16299,0,1077
16300,16300,0,-11620
16301,16301,0,-7830
16302,16302,0,14016
16303,16303,0,-1063
16304,16304,0,-13350
16305,16305,0,-13350
16306,16306,0,-13350
16307,16307,0,-13350
16308,16308,0,-13350
16309,16309,0,-13350
16310,16310,0,-13350
16311,16311,0,-13350
16312,16312,0,9167
16313,16313,0,7428
16314,16314,0,-13909
16315,16315,0,1049
16316,16316,0,13171
16317,16317,0,-12315
16318,16318,0,-12315
16319,16319,0,-12315
16320,16320,0,-12315
16321,16321,0,-12315
16322,16322,0,-12315
16323,16323,0,-12315
16324,16324,0,-12315
16325,16325,0,9237
16326,16326,0,6315
16327,16327,0,3755
16328,16328,0,11755
16329,16329,0,-9305
16330,16330,0,-6315
16331,16331,0,-6315
16332,16332,0,-6315
16333,16333,0,-6315
16334,16334,0,-6315
16335,16335,0,-6315
16336,16336,0,-6315
16337,16337,0,-6315
16338,16338,0,13017
16339,16339,0,-1931
16340,16340,0,-11755
16341,16341,0,9074
16342,16342,0,6204
16343,16343,0,-12966
16344,16344,0,-12966
16345,16345,0,-12966
16346,16346,0,-12966
16347,16347,0,-12966
16348,16348,0,-12966
16349,16349,0,-12966
16350,16350,0,1895
16351,16351,0,11391
16352,16352,0,-9133
16353,16353,0,-5807
16354,16354,0,-2133
16355,16355,0,-2165
16356,16356,0,-2165
16357,16357,0,-2165
16358,16358,0,-2165
16359,16359,0,-2165
16360,16360,0,-2165
16361,16361,0,-2165
16362,16362,0,-2165
16363,16363,0,4579
16364,16364,0,-11243
16365,16365,0,2475
16366,16366,0,9690
16367,16367,0,-8505
16368,16368,0,-4211
16369,16369,0,-4211
16370,16370,0,-4211
16371,16371,0,-4211
16372,16372,0,-4211
16373,16373,0,-4211
16374,16374,0,-4211
16375,16375,0,-4211
16376,16376,0,10973
16377,16377,0,-2674
16378,16378,0,-9296
16379,16379,0,8331
16380,16380,0,4211
16381,16381,0,-10973
16382,16382,0,-10973
16383,16383,0,-10973
