Copyright 1986-2022 Xilinx, Inc. All Rights Reserved. Copyright 2022-2024 Advanced Micro Devices, Inc. All Rights Reserved.
--------------------------------------------------------------------------------------------------------------------------------------------------------------------------------------------------------------------------------------------------
| Tool Version      : Vivado v.2024.1 (win64) Build 5076996 Wed May 22 18:37:14 MDT 2024
| Date              : Tue Feb 25 12:43:29 2025
| Host              : EEE-R446-25 running 64-bit major release  (build 9200)
| Command           : report_timing_summary -max_paths 10 -report_unconstrained -file work_pls_wrapper_timing_summary_routed.rpt -pb work_pls_wrapper_timing_summary_routed.pb -rpx work_pls_wrapper_timing_summary_routed.rpx -warn_on_violation
| Design            : work_pls_wrapper
| Device            : xczu28dr-ffvg1517
| Speed File        : -2  PRODUCTION 1.30 05-03-2022
| Design State      : Routed
| Temperature Grade : E
--------------------------------------------------------------------------------------------------------------------------------------------------------------------------------------------------------------------------------------------------

Timing Summary Report

------------------------------------------------------------------------------------------------
| Timer Settings
| --------------
------------------------------------------------------------------------------------------------

  Enable Multi Corner Analysis               :  Yes
  Enable Pessimism Removal                   :  Yes
  Pessimism Removal Resolution               :  Nearest Common Node
  Enable Input Delay Default Clock           :  No
  Enable Preset / Clear Arcs                 :  No
  Disable Flight Delays                      :  No
  Ignore I/O Paths                           :  No
  Timing Early Launch at Borrowing Latches   :  No
  Borrow Time for Max Delay Exceptions       :  Yes
  Merge Timing Exceptions                    :  Yes
  Inter-SLR Compensation                     :  Conservative

  Corner  Analyze    Analyze    
  Name    Max Paths  Min Paths  
  ------  ---------  ---------  
  Slow    Yes        Yes        
  Fast    Yes        Yes        


------------------------------------------------------------------------------------------------
| Report Methodology
| ------------------
------------------------------------------------------------------------------------------------

No report available as report_methodology has not been run prior. Run report_methodology on the current design for the summary of methodology violations.



check_timing report

Table of Contents
-----------------
1. checking no_clock (2)
2. checking constant_clock (0)
3. checking pulse_width_clock (0)
4. checking unconstrained_internal_endpoints (0)
5. checking no_input_delay (0)
6. checking no_output_delay (0)
7. checking multiple_clock (0)
8. checking generated_clocks (0)
9. checking loops (0)
10. checking partial_input_delay (0)
11. checking partial_output_delay (0)
12. checking latch_loops (0)

1. checking no_clock (2)
------------------------
 There are 2 register/latch pins with no clock (HIGH)


2. checking constant_clock (0)
------------------------------
 There are 0 register/latch pins with constant_clock.


3. checking pulse_width_clock (0)
---------------------------------
 There are 0 register/latch pins which need pulse_width check


4. checking unconstrained_internal_endpoints (0)
------------------------------------------------
 There are 0 pins that are not constrained for maximum delay.

 There are 0 pins that are not constrained for maximum delay due to constant clock.


5. checking no_input_delay (0)
------------------------------
 There are 0 input ports with no input delay specified.

 There are 0 input ports with no input delay but user has a false path constraint.


6. checking no_output_delay (0)
-------------------------------
 There are 0 ports with no output delay specified.

 There are 0 ports with no output delay but user has a false path constraint

 There are 0 ports with no output delay but with a timing clock defined on it or propagating through it


7. checking multiple_clock (0)
------------------------------
 There are 0 register/latch pins with multiple clocks.


8. checking generated_clocks (0)
--------------------------------
 There are 0 generated clocks that are not connected to a clock source.


9. checking loops (0)
---------------------
 There are 0 combinational loops in the design.


10. checking partial_input_delay (0)
------------------------------------
 There are 0 input ports with partial input delay specified.


11. checking partial_output_delay (0)
-------------------------------------
 There are 0 ports with partial output delay specified.


12. checking latch_loops (0)
----------------------------
 There are 0 combinational latch loops in the design through latch input



------------------------------------------------------------------------------------------------
| Design Timing Summary
| ---------------------
------------------------------------------------------------------------------------------------

    WNS(ns)      TNS(ns)  TNS Failing Endpoints  TNS Total Endpoints      WHS(ns)      THS(ns)  THS Failing Endpoints  THS Total Endpoints     WPWS(ns)     TPWS(ns)  TPWS Failing Endpoints  TPWS Total Endpoints  
    -------      -------  ---------------------  -------------------      -------      -------  ---------------------  -------------------     --------     --------  ----------------------  --------------------  
      3.739        0.000                      0                23234        0.019        0.000                      0                23234        3.556        0.000                       0                  7476  


All user specified timing constraints are met.


------------------------------------------------------------------------------------------------
| Clock Summary
| -------------
------------------------------------------------------------------------------------------------

Clock             Waveform(ns)         Period(ns)      Frequency(MHz)
-----             ------------         ----------      --------------
RFADC0_CLK        {0.000 15.625}       31.250          32.000          
RFADC0_CLK_dummy  {0.000 15.625}       31.250          32.000          
RFADC1_CLK        {0.000 5.000}        10.000          100.000         
RFADC1_CLK_dummy  {0.000 5.000}        10.000          100.000         
RFADC1_FABCLK0    {0.000 5.000}        10.000          100.000         
RFADC1_FABCLK1    {0.000 5.000}        10.000          100.000         
RFADC1_FABCLK2    {0.000 5.000}        10.000          100.000         
RFADC1_FABCLK3    {0.000 5.000}        10.000          100.000         
RFADC2_CLK        {0.000 5.000}        10.000          100.000         
RFADC2_CLK_dummy  {0.000 5.000}        10.000          100.000         
RFADC2_FABCLK0    {0.000 5.000}        10.000          100.000         
RFADC2_FABCLK1    {0.000 5.000}        10.000          100.000         
RFADC2_FABCLK2    {0.000 5.000}        10.000          100.000         
RFADC2_FABCLK3    {0.000 5.000}        10.000          100.000         
RFADC3_CLK        {0.000 5.000}        10.000          100.000         
RFADC3_CLK_dummy  {0.000 5.000}        10.000          100.000         
RFADC3_FABCLK0    {0.000 5.000}        10.000          100.000         
RFADC3_FABCLK1    {0.000 5.000}        10.000          100.000         
RFADC3_FABCLK2    {0.000 5.000}        10.000          100.000         
RFADC3_FABCLK3    {0.000 5.000}        10.000          100.000         
RFDAC0_CLK        {0.000 3.907}        7.813           127.992         
RFDAC1_CLK        {0.000 5.000}        10.000          100.000         
RFDAC1_FABCLK0    {0.000 5.000}        10.000          100.000         
RFDAC1_FABCLK1    {0.000 5.000}        10.000          100.000         
RFDAC1_FABCLK2    {0.000 5.000}        10.000          100.000         
RFDAC1_FABCLK3    {0.000 5.000}        10.000          100.000         
clk_pl_0          {0.000 5.156}        10.312          96.974          


------------------------------------------------------------------------------------------------
| Intra Clock Table
| -----------------
------------------------------------------------------------------------------------------------

Clock             WNS(ns)      TNS(ns)  TNS Failing Endpoints  TNS Total Endpoints      WHS(ns)      THS(ns)  THS Failing Endpoints  THS Total Endpoints     WPWS(ns)     TPWS(ns)  TPWS Failing Endpoints  TPWS Total Endpoints  
-----             -------      -------  ---------------------  -------------------      -------      -------  ---------------------  -------------------     --------     --------  ----------------------  --------------------  
clk_pl_0            3.739        0.000                      0                23234        0.019        0.000                      0                23234        3.556        0.000                       0                  7476  


------------------------------------------------------------------------------------------------
| Inter Clock Table
| -----------------
------------------------------------------------------------------------------------------------

From Clock    To Clock          WNS(ns)      TNS(ns)  TNS Failing Endpoints  TNS Total Endpoints      WHS(ns)      THS(ns)  THS Failing Endpoints  THS Total Endpoints  
----------    --------          -------      -------  ---------------------  -------------------      -------      -------  ---------------------  -------------------  


------------------------------------------------------------------------------------------------
| Other Path Groups Table
| -----------------------
------------------------------------------------------------------------------------------------

Path Group    From Clock    To Clock          WNS(ns)      TNS(ns)  TNS Failing Endpoints  TNS Total Endpoints      WHS(ns)      THS(ns)  THS Failing Endpoints  THS Total Endpoints  
----------    ----------    --------          -------      -------  ---------------------  -------------------      -------      -------  ---------------------  -------------------  


------------------------------------------------------------------------------------------------
| User Ignored Path Table
| -----------------------
------------------------------------------------------------------------------------------------

Path Group    From Clock    To Clock    
----------    ----------    --------    
(none)                      clk_pl_0      
(none)        RFADC0_CLK    clk_pl_0      
(none)        RFADC1_CLK    clk_pl_0      
(none)        RFADC2_CLK    clk_pl_0      
(none)        RFADC3_CLK    clk_pl_0      
(none)        RFDAC0_CLK    clk_pl_0      
(none)        RFDAC1_CLK    clk_pl_0      
(none)        clk_pl_0      clk_pl_0      


------------------------------------------------------------------------------------------------
| Unconstrained Path Table
| ------------------------
------------------------------------------------------------------------------------------------

Path Group    From Clock    To Clock    
----------    ----------    --------    
(none)        clk_pl_0                    
(none)                      clk_pl_0      


------------------------------------------------------------------------------------------------
| Timing Details
| --------------
------------------------------------------------------------------------------------------------


---------------------------------------------------------------------------------------------------
From Clock:  clk_pl_0
  To Clock:  clk_pl_0

Setup :            0  Failing Endpoints,  Worst Slack        3.739ns,  Total Violation        0.000ns
Hold  :            0  Failing Endpoints,  Worst Slack        0.019ns,  Total Violation        0.000ns
PW    :            0  Failing Endpoints,  Worst Slack        3.556ns,  Total Violation        0.000ns
---------------------------------------------------------------------------------------------------


Max Delay Paths
--------------------------------------------------------------------------------------
Slack (MET) :             3.739ns  (required time - arrival time)
  Source:                 work_pls_i/usp_rf_data_converter_0/inst/i_axi_lite_ipif/I_SLAVE_ATTACHMENT/bus2ip_addr_reg_reg[14]/C
                            (rising edge-triggered cell FDRE clocked by clk_pl_0  {rise@0.000ns fall@5.156ns period=10.312ns})
  Destination:            work_pls_i/usp_rf_data_converter_0/inst/i_axi_lite_ipif/I_SLAVE_ATTACHMENT/DATA_PHASE_WDT.I_DPTO_COUNTER/icount_out_reg[12]/D
                            (rising edge-triggered cell FDRE clocked by clk_pl_0  {rise@0.000ns fall@5.156ns period=10.312ns})
  Path Group:             clk_pl_0
  Path Type:              Setup (Max at Slow Process Corner)
  Requirement:            10.312ns  (clk_pl_0 rise@10.312ns - clk_pl_0 rise@0.000ns)
  Data Path Delay:        6.379ns  (logic 1.032ns (16.178%)  route 5.347ns (83.822%))
  Logic Levels:           9  (CARRY8=2 LUT6=7)
  Clock Path Skew:        -0.060ns (DCD - SCD + CPR)
    Destination Clock Delay (DCD):    1.717ns = ( 12.029 - 10.312 ) 
    Source Clock Delay      (SCD):    1.935ns
    Clock Pessimism Removal (CPR):    0.158ns
  Clock Uncertainty:      0.159ns  ((TSJ^2 + DJ^2)^1/2) / 2 + PE
    Total System Jitter     (TSJ):    0.071ns
    Discrete Jitter          (DJ):    0.310ns
    Phase Error              (PE):    0.000ns
  Clock Net Delay (Source):      1.709ns (routing 0.467ns, distribution 1.242ns)
  Clock Net Delay (Destination): 1.535ns (routing 0.423ns, distribution 1.112ns)

    Location             Delay type                Incr(ns)  Path(ns)    Netlist Resource(s)
  -------------------------------------------------------------------    -------------------
                         (clock clk_pl_0 rise edge)
                                                      0.000     0.000 r  
    PS8_X0Y0             PS8                          0.000     0.000 r  work_pls_i/zynq_ultra_ps_e_0/U0/PS8_i/PLCLK[0]
                         net (fo=1, routed)           0.198     0.198    work_pls_i/zynq_ultra_ps_e_0/U0/pl_clk_unbuffered[0]
    BUFG_PS_X0Y58        BUFG_PS (Prop_BUFG_PS_I_O)
                                                      0.028     0.226 r  work_pls_i/zynq_ultra_ps_e_0/U0/buffer_pl_clk_0.PL_CLK_0_BUFG/O
    X2Y2 (CLOCK_ROOT)    net (fo=7597, routed)        1.709     1.935    work_pls_i/usp_rf_data_converter_0/inst/i_axi_lite_ipif/I_SLAVE_ATTACHMENT/s_axi_aclk
    SLICE_X62Y131        FDRE                                         r  work_pls_i/usp_rf_data_converter_0/inst/i_axi_lite_ipif/I_SLAVE_ATTACHMENT/bus2ip_addr_reg_reg[14]/C
  -------------------------------------------------------------------    -------------------
    SLICE_X62Y131        FDRE (Prop_HFF2_SLICEL_C_Q)
                                                      0.080     2.015 r  work_pls_i/usp_rf_data_converter_0/inst/i_axi_lite_ipif/I_SLAVE_ATTACHMENT/bus2ip_addr_reg_reg[14]/Q
                         net (fo=117, routed)         2.449     4.464    work_pls_i/usp_rf_data_converter_0/inst/i_axi_lite_ipif/I_SLAVE_ATTACHMENT/I_DECODER/axi_RdAck_r_reg[11]
    SLICE_X113Y130       LUT6 (Prop_G6LUT_SLICEM_I1_O)
                                                      0.150     4.614 r  work_pls_i/usp_rf_data_converter_0/inst/i_axi_lite_ipif/I_SLAVE_ATTACHMENT/I_DECODER/FSM_onehot_state[4]_i_6/O
                         net (fo=8, routed)           0.382     4.996    work_pls_i/usp_rf_data_converter_0/inst/i_axi_lite_ipif/I_SLAVE_ATTACHMENT/I_DECODER/dac_disable
    SLICE_X110Y137       LUT6 (Prop_C6LUT_SLICEM_I1_O)
                                                      0.145     5.141 r  work_pls_i/usp_rf_data_converter_0/inst/i_axi_lite_ipif/I_SLAVE_ATTACHMENT/I_DECODER/s_axi_wready_reg_i_4/O
                         net (fo=1, routed)           0.251     5.392    work_pls_i/usp_rf_data_converter_0/inst/i_axi_lite_ipif/I_SLAVE_ATTACHMENT/I_DECODER/drp_WrAck[1]
    SLICE_X113Y134       LUT6 (Prop_H6LUT_SLICEM_I0_O)
                                                      0.152     5.544 r  work_pls_i/usp_rf_data_converter_0/inst/i_axi_lite_ipif/I_SLAVE_ATTACHMENT/I_DECODER/s_axi_wready_reg_i_3/O
                         net (fo=5, routed)           1.483     7.027    work_pls_i/usp_rf_data_converter_0/inst/i_axi_lite_ipif/I_SLAVE_ATTACHMENT/I_DECODER/IP2Bus_WrAck0
    SLICE_X63Y131        LUT6 (Prop_F6LUT_SLICEM_I5_O)
                                                      0.123     7.150 r  work_pls_i/usp_rf_data_converter_0/inst/i_axi_lite_ipif/I_SLAVE_ATTACHMENT/I_DECODER/icount_out0_carry_i_13/O
                         net (fo=1, routed)           0.081     7.231    work_pls_i/usp_rf_data_converter_0/inst/i_axi_lite_ipif/I_SLAVE_ATTACHMENT/DATA_PHASE_WDT.I_DPTO_COUNTER/icount_out0_carry_0
    SLICE_X63Y130        LUT6 (Prop_F6LUT_SLICEM_I4_O)
                                                      0.037     7.268 r  work_pls_i/usp_rf_data_converter_0/inst/i_axi_lite_ipif/I_SLAVE_ATTACHMENT/DATA_PHASE_WDT.I_DPTO_COUNTER/icount_out0_carry_i_9/O
                         net (fo=1, routed)           0.353     7.621    work_pls_i/usp_rf_data_converter_0/inst/i_axi_lite_ipif/I_SLAVE_ATTACHMENT/DATA_PHASE_WDT.I_DPTO_COUNTER/icount_out0_carry_i_9_n_0
    SLICE_X60Y130        CARRY8 (Prop_CARRY8_SLICEM_S[0]_CO[7])
                                                      0.192     7.813 r  work_pls_i/usp_rf_data_converter_0/inst/i_axi_lite_ipif/I_SLAVE_ATTACHMENT/DATA_PHASE_WDT.I_DPTO_COUNTER/icount_out0_carry/CO[7]
                         net (fo=1, routed)           0.026     7.839    work_pls_i/usp_rf_data_converter_0/inst/i_axi_lite_ipif/I_SLAVE_ATTACHMENT/DATA_PHASE_WDT.I_DPTO_COUNTER/icount_out0_carry_n_0
    SLICE_X60Y131        CARRY8 (Prop_CARRY8_SLICEM_CI_O[3])
                                                      0.082     7.921 r  work_pls_i/usp_rf_data_converter_0/inst/i_axi_lite_ipif/I_SLAVE_ATTACHMENT/DATA_PHASE_WDT.I_DPTO_COUNTER/icount_out0_carry__0/O[3]
                         net (fo=1, routed)           0.177     8.098    work_pls_i/usp_rf_data_converter_0/inst/i_axi_lite_ipif/I_SLAVE_ATTACHMENT/DATA_PHASE_WDT.I_DPTO_COUNTER/icount_out0_carry__0_n_12
    SLICE_X62Y131        LUT6 (Prop_C6LUT_SLICEL_I5_O)
                                                      0.035     8.133 r  work_pls_i/usp_rf_data_converter_0/inst/i_axi_lite_ipif/I_SLAVE_ATTACHMENT/DATA_PHASE_WDT.I_DPTO_COUNTER/icount_out[12]_i_3/O
                         net (fo=1, routed)           0.096     8.229    work_pls_i/usp_rf_data_converter_0/inst/i_axi_lite_ipif/I_SLAVE_ATTACHMENT/DATA_PHASE_WDT.I_DPTO_COUNTER/p_1_in[12]
    SLICE_X64Y131        LUT6 (Prop_D6LUT_SLICEL_I4_O)
                                                      0.036     8.265 r  work_pls_i/usp_rf_data_converter_0/inst/i_axi_lite_ipif/I_SLAVE_ATTACHMENT/DATA_PHASE_WDT.I_DPTO_COUNTER/icount_out[12]_i_1/O
                         net (fo=1, routed)           0.049     8.314    work_pls_i/usp_rf_data_converter_0/inst/i_axi_lite_ipif/I_SLAVE_ATTACHMENT/DATA_PHASE_WDT.I_DPTO_COUNTER/icount_out[12]_i_1_n_0
    SLICE_X64Y131        FDRE                                         r  work_pls_i/usp_rf_data_converter_0/inst/i_axi_lite_ipif/I_SLAVE_ATTACHMENT/DATA_PHASE_WDT.I_DPTO_COUNTER/icount_out_reg[12]/D
  -------------------------------------------------------------------    -------------------

                         (clock clk_pl_0 rise edge)
                                                     10.312    10.312 r  
    PS8_X0Y0             PS8                          0.000    10.312 r  work_pls_i/zynq_ultra_ps_e_0/U0/PS8_i/PLCLK[0]
                         net (fo=1, routed)           0.157    10.469    work_pls_i/zynq_ultra_ps_e_0/U0/pl_clk_unbuffered[0]
    BUFG_PS_X0Y58        BUFG_PS (Prop_BUFG_PS_I_O)
                                                      0.025    10.494 r  work_pls_i/zynq_ultra_ps_e_0/U0/buffer_pl_clk_0.PL_CLK_0_BUFG/O
    X2Y2 (CLOCK_ROOT)    net (fo=7597, routed)        1.535    12.029    work_pls_i/usp_rf_data_converter_0/inst/i_axi_lite_ipif/I_SLAVE_ATTACHMENT/DATA_PHASE_WDT.I_DPTO_COUNTER/s_axi_aclk
    SLICE_X64Y131        FDRE                                         r  work_pls_i/usp_rf_data_converter_0/inst/i_axi_lite_ipif/I_SLAVE_ATTACHMENT/DATA_PHASE_WDT.I_DPTO_COUNTER/icount_out_reg[12]/C
                         clock pessimism              0.158    12.187    
                         clock uncertainty           -0.159    12.028    
    SLICE_X64Y131        FDRE (Setup_DFF_SLICEL_C_D)
                                                      0.025    12.053    work_pls_i/usp_rf_data_converter_0/inst/i_axi_lite_ipif/I_SLAVE_ATTACHMENT/DATA_PHASE_WDT.I_DPTO_COUNTER/icount_out_reg[12]
  -------------------------------------------------------------------
                         required time                         12.053    
                         arrival time                          -8.314    
  -------------------------------------------------------------------
                         slack                                  3.739    

Slack (MET) :             3.781ns  (required time - arrival time)
  Source:                 work_pls_i/usp_rf_data_converter_0/inst/i_axi_lite_ipif/I_SLAVE_ATTACHMENT/bus2ip_addr_reg_reg[14]/C
                            (rising edge-triggered cell FDRE clocked by clk_pl_0  {rise@0.000ns fall@5.156ns period=10.312ns})
  Destination:            work_pls_i/usp_rf_data_converter_0/inst/i_axi_lite_ipif/I_SLAVE_ATTACHMENT/DATA_PHASE_WDT.I_DPTO_COUNTER/icount_out_reg[10]/D
                            (rising edge-triggered cell FDRE clocked by clk_pl_0  {rise@0.000ns fall@5.156ns period=10.312ns})
  Path Group:             clk_pl_0
  Path Type:              Setup (Max at Slow Process Corner)
  Requirement:            10.312ns  (clk_pl_0 rise@10.312ns - clk_pl_0 rise@0.000ns)
  Data Path Delay:        6.259ns  (logic 1.006ns (16.073%)  route 5.253ns (83.927%))
  Logic Levels:           8  (CARRY8=2 LUT6=6)
  Clock Path Skew:        -0.138ns (DCD - SCD + CPR)
    Destination Clock Delay (DCD):    1.645ns = ( 11.957 - 10.312 ) 
    Source Clock Delay      (SCD):    1.935ns
    Clock Pessimism Removal (CPR):    0.152ns
  Clock Uncertainty:      0.159ns  ((TSJ^2 + DJ^2)^1/2) / 2 + PE
    Total System Jitter     (TSJ):    0.071ns
    Discrete Jitter          (DJ):    0.310ns
    Phase Error              (PE):    0.000ns
  Clock Net Delay (Source):      1.709ns (routing 0.467ns, distribution 1.242ns)
  Clock Net Delay (Destination): 1.463ns (routing 0.423ns, distribution 1.040ns)

    Location             Delay type                Incr(ns)  Path(ns)    Netlist Resource(s)
  -------------------------------------------------------------------    -------------------
                         (clock clk_pl_0 rise edge)
                                                      0.000     0.000 r  
    PS8_X0Y0             PS8                          0.000     0.000 r  work_pls_i/zynq_ultra_ps_e_0/U0/PS8_i/PLCLK[0]
                         net (fo=1, routed)           0.198     0.198    work_pls_i/zynq_ultra_ps_e_0/U0/pl_clk_unbuffered[0]
    BUFG_PS_X0Y58        BUFG_PS (Prop_BUFG_PS_I_O)
                                                      0.028     0.226 r  work_pls_i/zynq_ultra_ps_e_0/U0/buffer_pl_clk_0.PL_CLK_0_BUFG/O
    X2Y2 (CLOCK_ROOT)    net (fo=7597, routed)        1.709     1.935    work_pls_i/usp_rf_data_converter_0/inst/i_axi_lite_ipif/I_SLAVE_ATTACHMENT/s_axi_aclk
    SLICE_X62Y131        FDRE                                         r  work_pls_i/usp_rf_data_converter_0/inst/i_axi_lite_ipif/I_SLAVE_ATTACHMENT/bus2ip_addr_reg_reg[14]/C
  -------------------------------------------------------------------    -------------------
    SLICE_X62Y131        FDRE (Prop_HFF2_SLICEL_C_Q)
                                                      0.080     2.015 r  work_pls_i/usp_rf_data_converter_0/inst/i_axi_lite_ipif/I_SLAVE_ATTACHMENT/bus2ip_addr_reg_reg[14]/Q
                         net (fo=117, routed)         2.449     4.464    work_pls_i/usp_rf_data_converter_0/inst/i_axi_lite_ipif/I_SLAVE_ATTACHMENT/I_DECODER/axi_RdAck_r_reg[11]
    SLICE_X113Y130       LUT6 (Prop_G6LUT_SLICEM_I1_O)
                                                      0.150     4.614 r  work_pls_i/usp_rf_data_converter_0/inst/i_axi_lite_ipif/I_SLAVE_ATTACHMENT/I_DECODER/FSM_onehot_state[4]_i_6/O
                         net (fo=8, routed)           0.382     4.996    work_pls_i/usp_rf_data_converter_0/inst/i_axi_lite_ipif/I_SLAVE_ATTACHMENT/I_DECODER/dac_disable
    SLICE_X110Y137       LUT6 (Prop_C6LUT_SLICEM_I1_O)
                                                      0.145     5.141 r  work_pls_i/usp_rf_data_converter_0/inst/i_axi_lite_ipif/I_SLAVE_ATTACHMENT/I_DECODER/s_axi_wready_reg_i_4/O
                         net (fo=1, routed)           0.251     5.392    work_pls_i/usp_rf_data_converter_0/inst/i_axi_lite_ipif/I_SLAVE_ATTACHMENT/I_DECODER/drp_WrAck[1]
    SLICE_X113Y134       LUT6 (Prop_H6LUT_SLICEM_I0_O)
                                                      0.152     5.544 r  work_pls_i/usp_rf_data_converter_0/inst/i_axi_lite_ipif/I_SLAVE_ATTACHMENT/I_DECODER/s_axi_wready_reg_i_3/O
                         net (fo=5, routed)           1.483     7.027    work_pls_i/usp_rf_data_converter_0/inst/i_axi_lite_ipif/I_SLAVE_ATTACHMENT/I_DECODER/IP2Bus_WrAck0
    SLICE_X63Y131        LUT6 (Prop_F6LUT_SLICEM_I5_O)
                                                      0.123     7.150 r  work_pls_i/usp_rf_data_converter_0/inst/i_axi_lite_ipif/I_SLAVE_ATTACHMENT/I_DECODER/icount_out0_carry_i_13/O
                         net (fo=1, routed)           0.081     7.231    work_pls_i/usp_rf_data_converter_0/inst/i_axi_lite_ipif/I_SLAVE_ATTACHMENT/DATA_PHASE_WDT.I_DPTO_COUNTER/icount_out0_carry_0
    SLICE_X63Y130        LUT6 (Prop_F6LUT_SLICEM_I4_O)
                                                      0.037     7.268 r  work_pls_i/usp_rf_data_converter_0/inst/i_axi_lite_ipif/I_SLAVE_ATTACHMENT/DATA_PHASE_WDT.I_DPTO_COUNTER/icount_out0_carry_i_9/O
                         net (fo=1, routed)           0.353     7.621    work_pls_i/usp_rf_data_converter_0/inst/i_axi_lite_ipif/I_SLAVE_ATTACHMENT/DATA_PHASE_WDT.I_DPTO_COUNTER/icount_out0_carry_i_9_n_0
    SLICE_X60Y130        CARRY8 (Prop_CARRY8_SLICEM_S[0]_CO[7])
                                                      0.192     7.813 r  work_pls_i/usp_rf_data_converter_0/inst/i_axi_lite_ipif/I_SLAVE_ATTACHMENT/DATA_PHASE_WDT.I_DPTO_COUNTER/icount_out0_carry/CO[7]
                         net (fo=1, routed)           0.026     7.839    work_pls_i/usp_rf_data_converter_0/inst/i_axi_lite_ipif/I_SLAVE_ATTACHMENT/DATA_PHASE_WDT.I_DPTO_COUNTER/icount_out0_carry_n_0
    SLICE_X60Y131        CARRY8 (Prop_CARRY8_SLICEM_CI_O[1])
                                                      0.076     7.915 r  work_pls_i/usp_rf_data_converter_0/inst/i_axi_lite_ipif/I_SLAVE_ATTACHMENT/DATA_PHASE_WDT.I_DPTO_COUNTER/icount_out0_carry__0/O[1]
                         net (fo=1, routed)           0.177     8.092    work_pls_i/usp_rf_data_converter_0/inst/i_axi_lite_ipif/I_SLAVE_ATTACHMENT/DATA_PHASE_WDT.I_DPTO_COUNTER/icount_out0_carry__0_n_14
    SLICE_X59Y131        LUT6 (Prop_H6LUT_SLICEL_I5_O)
                                                      0.051     8.143 r  work_pls_i/usp_rf_data_converter_0/inst/i_axi_lite_ipif/I_SLAVE_ATTACHMENT/DATA_PHASE_WDT.I_DPTO_COUNTER/icount_out[10]_i_1/O
                         net (fo=1, routed)           0.051     8.194    work_pls_i/usp_rf_data_converter_0/inst/i_axi_lite_ipif/I_SLAVE_ATTACHMENT/DATA_PHASE_WDT.I_DPTO_COUNTER/p_1_in[10]
    SLICE_X59Y131        FDRE                                         r  work_pls_i/usp_rf_data_converter_0/inst/i_axi_lite_ipif/I_SLAVE_ATTACHMENT/DATA_PHASE_WDT.I_DPTO_COUNTER/icount_out_reg[10]/D
  -------------------------------------------------------------------    -------------------

                         (clock clk_pl_0 rise edge)
                                                     10.312    10.312 r  
    PS8_X0Y0             PS8                          0.000    10.312 r  work_pls_i/zynq_ultra_ps_e_0/U0/PS8_i/PLCLK[0]
                         net (fo=1, routed)           0.157    10.469    work_pls_i/zynq_ultra_ps_e_0/U0/pl_clk_unbuffered[0]
    BUFG_PS_X0Y58        BUFG_PS (Prop_BUFG_PS_I_O)
                                                      0.025    10.494 r  work_pls_i/zynq_ultra_ps_e_0/U0/buffer_pl_clk_0.PL_CLK_0_BUFG/O
    X2Y2 (CLOCK_ROOT)    net (fo=7597, routed)        1.463    11.957    work_pls_i/usp_rf_data_converter_0/inst/i_axi_lite_ipif/I_SLAVE_ATTACHMENT/DATA_PHASE_WDT.I_DPTO_COUNTER/s_axi_aclk
    SLICE_X59Y131        FDRE                                         r  work_pls_i/usp_rf_data_converter_0/inst/i_axi_lite_ipif/I_SLAVE_ATTACHMENT/DATA_PHASE_WDT.I_DPTO_COUNTER/icount_out_reg[10]/C
                         clock pessimism              0.152    12.109    
                         clock uncertainty           -0.159    11.950    
    SLICE_X59Y131        FDRE (Setup_HFF_SLICEL_C_D)
                                                      0.025    11.975    work_pls_i/usp_rf_data_converter_0/inst/i_axi_lite_ipif/I_SLAVE_ATTACHMENT/DATA_PHASE_WDT.I_DPTO_COUNTER/icount_out_reg[10]
  -------------------------------------------------------------------
                         required time                         11.975    
                         arrival time                          -8.194    
  -------------------------------------------------------------------
                         slack                                  3.781    

Slack (MET) :             3.837ns  (required time - arrival time)
  Source:                 work_pls_i/usp_rf_data_converter_0/inst/i_axi_lite_ipif/I_SLAVE_ATTACHMENT/bus2ip_addr_reg_reg[14]/C
                            (rising edge-triggered cell FDRE clocked by clk_pl_0  {rise@0.000ns fall@5.156ns period=10.312ns})
  Destination:            work_pls_i/usp_rf_data_converter_0/inst/i_axi_lite_ipif/I_SLAVE_ATTACHMENT/DATA_PHASE_WDT.I_DPTO_COUNTER/icount_out_reg[5]/D
                            (rising edge-triggered cell FDRE clocked by clk_pl_0  {rise@0.000ns fall@5.156ns period=10.312ns})
  Path Group:             clk_pl_0
  Path Type:              Setup (Max at Slow Process Corner)
  Requirement:            10.312ns  (clk_pl_0 rise@10.312ns - clk_pl_0 rise@0.000ns)
  Data Path Delay:        6.213ns  (logic 1.015ns (16.336%)  route 5.198ns (83.664%))
  Logic Levels:           7  (CARRY8=1 LUT6=6)
  Clock Path Skew:        -0.127ns (DCD - SCD + CPR)
    Destination Clock Delay (DCD):    1.656ns = ( 11.968 - 10.312 ) 
    Source Clock Delay      (SCD):    1.935ns
    Clock Pessimism Removal (CPR):    0.152ns
  Clock Uncertainty:      0.159ns  ((TSJ^2 + DJ^2)^1/2) / 2 + PE
    Total System Jitter     (TSJ):    0.071ns
    Discrete Jitter          (DJ):    0.310ns
    Phase Error              (PE):    0.000ns
  Clock Net Delay (Source):      1.709ns (routing 0.467ns, distribution 1.242ns)
  Clock Net Delay (Destination): 1.474ns (routing 0.423ns, distribution 1.051ns)

    Location             Delay type                Incr(ns)  Path(ns)    Netlist Resource(s)
  -------------------------------------------------------------------    -------------------
                         (clock clk_pl_0 rise edge)
                                                      0.000     0.000 r  
    PS8_X0Y0             PS8                          0.000     0.000 r  work_pls_i/zynq_ultra_ps_e_0/U0/PS8_i/PLCLK[0]
                         net (fo=1, routed)           0.198     0.198    work_pls_i/zynq_ultra_ps_e_0/U0/pl_clk_unbuffered[0]
    BUFG_PS_X0Y58        BUFG_PS (Prop_BUFG_PS_I_O)
                                                      0.028     0.226 r  work_pls_i/zynq_ultra_ps_e_0/U0/buffer_pl_clk_0.PL_CLK_0_BUFG/O
    X2Y2 (CLOCK_ROOT)    net (fo=7597, routed)        1.709     1.935    work_pls_i/usp_rf_data_converter_0/inst/i_axi_lite_ipif/I_SLAVE_ATTACHMENT/s_axi_aclk
    SLICE_X62Y131        FDRE                                         r  work_pls_i/usp_rf_data_converter_0/inst/i_axi_lite_ipif/I_SLAVE_ATTACHMENT/bus2ip_addr_reg_reg[14]/C
  -------------------------------------------------------------------    -------------------
    SLICE_X62Y131        FDRE (Prop_HFF2_SLICEL_C_Q)
                                                      0.080     2.015 r  work_pls_i/usp_rf_data_converter_0/inst/i_axi_lite_ipif/I_SLAVE_ATTACHMENT/bus2ip_addr_reg_reg[14]/Q
                         net (fo=117, routed)         2.449     4.464    work_pls_i/usp_rf_data_converter_0/inst/i_axi_lite_ipif/I_SLAVE_ATTACHMENT/I_DECODER/axi_RdAck_r_reg[11]
    SLICE_X113Y130       LUT6 (Prop_G6LUT_SLICEM_I1_O)
                                                      0.150     4.614 r  work_pls_i/usp_rf_data_converter_0/inst/i_axi_lite_ipif/I_SLAVE_ATTACHMENT/I_DECODER/FSM_onehot_state[4]_i_6/O
                         net (fo=8, routed)           0.382     4.996    work_pls_i/usp_rf_data_converter_0/inst/i_axi_lite_ipif/I_SLAVE_ATTACHMENT/I_DECODER/dac_disable
    SLICE_X110Y137       LUT6 (Prop_C6LUT_SLICEM_I1_O)
                                                      0.145     5.141 r  work_pls_i/usp_rf_data_converter_0/inst/i_axi_lite_ipif/I_SLAVE_ATTACHMENT/I_DECODER/s_axi_wready_reg_i_4/O
                         net (fo=1, routed)           0.251     5.392    work_pls_i/usp_rf_data_converter_0/inst/i_axi_lite_ipif/I_SLAVE_ATTACHMENT/I_DECODER/drp_WrAck[1]
    SLICE_X113Y134       LUT6 (Prop_H6LUT_SLICEM_I0_O)
                                                      0.152     5.544 r  work_pls_i/usp_rf_data_converter_0/inst/i_axi_lite_ipif/I_SLAVE_ATTACHMENT/I_DECODER/s_axi_wready_reg_i_3/O
                         net (fo=5, routed)           1.483     7.027    work_pls_i/usp_rf_data_converter_0/inst/i_axi_lite_ipif/I_SLAVE_ATTACHMENT/I_DECODER/IP2Bus_WrAck0
    SLICE_X63Y131        LUT6 (Prop_F6LUT_SLICEM_I5_O)
                                                      0.123     7.150 r  work_pls_i/usp_rf_data_converter_0/inst/i_axi_lite_ipif/I_SLAVE_ATTACHMENT/I_DECODER/icount_out0_carry_i_13/O
                         net (fo=1, routed)           0.081     7.231    work_pls_i/usp_rf_data_converter_0/inst/i_axi_lite_ipif/I_SLAVE_ATTACHMENT/DATA_PHASE_WDT.I_DPTO_COUNTER/icount_out0_carry_0
    SLICE_X63Y130        LUT6 (Prop_F6LUT_SLICEM_I4_O)
                                                      0.037     7.268 r  work_pls_i/usp_rf_data_converter_0/inst/i_axi_lite_ipif/I_SLAVE_ATTACHMENT/DATA_PHASE_WDT.I_DPTO_COUNTER/icount_out0_carry_i_9/O
                         net (fo=1, routed)           0.353     7.621    work_pls_i/usp_rf_data_converter_0/inst/i_axi_lite_ipif/I_SLAVE_ATTACHMENT/DATA_PHASE_WDT.I_DPTO_COUNTER/icount_out0_carry_i_9_n_0
    SLICE_X60Y130        CARRY8 (Prop_CARRY8_SLICEM_S[0]_O[4])
                                                      0.206     7.827 r  work_pls_i/usp_rf_data_converter_0/inst/i_axi_lite_ipif/I_SLAVE_ATTACHMENT/DATA_PHASE_WDT.I_DPTO_COUNTER/icount_out0_carry/O[4]
                         net (fo=1, routed)           0.127     7.954    work_pls_i/usp_rf_data_converter_0/inst/i_axi_lite_ipif/I_SLAVE_ATTACHMENT/DATA_PHASE_WDT.I_DPTO_COUNTER/icount_out0_carry_n_11
    SLICE_X60Y129        LUT6 (Prop_D6LUT_SLICEM_I5_O)
                                                      0.122     8.076 r  work_pls_i/usp_rf_data_converter_0/inst/i_axi_lite_ipif/I_SLAVE_ATTACHMENT/DATA_PHASE_WDT.I_DPTO_COUNTER/icount_out[5]_i_1/O
                         net (fo=1, routed)           0.072     8.148    work_pls_i/usp_rf_data_converter_0/inst/i_axi_lite_ipif/I_SLAVE_ATTACHMENT/DATA_PHASE_WDT.I_DPTO_COUNTER/p_1_in[5]
    SLICE_X60Y129        FDRE                                         r  work_pls_i/usp_rf_data_converter_0/inst/i_axi_lite_ipif/I_SLAVE_ATTACHMENT/DATA_PHASE_WDT.I_DPTO_COUNTER/icount_out_reg[5]/D
  -------------------------------------------------------------------    -------------------

                         (clock clk_pl_0 rise edge)
                                                     10.312    10.312 r  
    PS8_X0Y0             PS8                          0.000    10.312 r  work_pls_i/zynq_ultra_ps_e_0/U0/PS8_i/PLCLK[0]
                         net (fo=1, routed)           0.157    10.469    work_pls_i/zynq_ultra_ps_e_0/U0/pl_clk_unbuffered[0]
    BUFG_PS_X0Y58        BUFG_PS (Prop_BUFG_PS_I_O)
                                                      0.025    10.494 r  work_pls_i/zynq_ultra_ps_e_0/U0/buffer_pl_clk_0.PL_CLK_0_BUFG/O
    X2Y2 (CLOCK_ROOT)    net (fo=7597, routed)        1.474    11.968    work_pls_i/usp_rf_data_converter_0/inst/i_axi_lite_ipif/I_SLAVE_ATTACHMENT/DATA_PHASE_WDT.I_DPTO_COUNTER/s_axi_aclk
    SLICE_X60Y129        FDRE                                         r  work_pls_i/usp_rf_data_converter_0/inst/i_axi_lite_ipif/I_SLAVE_ATTACHMENT/DATA_PHASE_WDT.I_DPTO_COUNTER/icount_out_reg[5]/C
                         clock pessimism              0.152    12.120    
                         clock uncertainty           -0.159    11.961    
    SLICE_X60Y129        FDRE (Setup_DFF_SLICEM_C_D)
                                                      0.025    11.986    work_pls_i/usp_rf_data_converter_0/inst/i_axi_lite_ipif/I_SLAVE_ATTACHMENT/DATA_PHASE_WDT.I_DPTO_COUNTER/icount_out_reg[5]
  -------------------------------------------------------------------
                         required time                         11.986    
                         arrival time                          -8.148    
  -------------------------------------------------------------------
                         slack                                  3.837    

Slack (MET) :             3.858ns  (required time - arrival time)
  Source:                 work_pls_i/usp_rf_data_converter_0/inst/i_axi_lite_ipif/I_SLAVE_ATTACHMENT/bus2ip_addr_reg_reg[14]/C
                            (rising edge-triggered cell FDRE clocked by clk_pl_0  {rise@0.000ns fall@5.156ns period=10.312ns})
  Destination:            work_pls_i/usp_rf_data_converter_0/inst/i_axi_lite_ipif/I_SLAVE_ATTACHMENT/DATA_PHASE_WDT.I_DPTO_COUNTER/icount_out_reg[11]/D
                            (rising edge-triggered cell FDRE clocked by clk_pl_0  {rise@0.000ns fall@5.156ns period=10.312ns})
  Path Group:             clk_pl_0
  Path Type:              Setup (Max at Slow Process Corner)
  Requirement:            10.312ns  (clk_pl_0 rise@10.312ns - clk_pl_0 rise@0.000ns)
  Data Path Delay:        6.182ns  (logic 0.981ns (15.868%)  route 5.201ns (84.132%))
  Logic Levels:           8  (CARRY8=2 LUT6=6)
  Clock Path Skew:        -0.138ns (DCD - SCD + CPR)
    Destination Clock Delay (DCD):    1.645ns = ( 11.957 - 10.312 ) 
    Source Clock Delay      (SCD):    1.935ns
    Clock Pessimism Removal (CPR):    0.152ns
  Clock Uncertainty:      0.159ns  ((TSJ^2 + DJ^2)^1/2) / 2 + PE
    Total System Jitter     (TSJ):    0.071ns
    Discrete Jitter          (DJ):    0.310ns
    Phase Error              (PE):    0.000ns
  Clock Net Delay (Source):      1.709ns (routing 0.467ns, distribution 1.242ns)
  Clock Net Delay (Destination): 1.463ns (routing 0.423ns, distribution 1.040ns)

    Location             Delay type                Incr(ns)  Path(ns)    Netlist Resource(s)
  -------------------------------------------------------------------    -------------------
                         (clock clk_pl_0 rise edge)
                                                      0.000     0.000 r  
    PS8_X0Y0             PS8                          0.000     0.000 r  work_pls_i/zynq_ultra_ps_e_0/U0/PS8_i/PLCLK[0]
                         net (fo=1, routed)           0.198     0.198    work_pls_i/zynq_ultra_ps_e_0/U0/pl_clk_unbuffered[0]
    BUFG_PS_X0Y58        BUFG_PS (Prop_BUFG_PS_I_O)
                                                      0.028     0.226 r  work_pls_i/zynq_ultra_ps_e_0/U0/buffer_pl_clk_0.PL_CLK_0_BUFG/O
    X2Y2 (CLOCK_ROOT)    net (fo=7597, routed)        1.709     1.935    work_pls_i/usp_rf_data_converter_0/inst/i_axi_lite_ipif/I_SLAVE_ATTACHMENT/s_axi_aclk
    SLICE_X62Y131        FDRE                                         r  work_pls_i/usp_rf_data_converter_0/inst/i_axi_lite_ipif/I_SLAVE_ATTACHMENT/bus2ip_addr_reg_reg[14]/C
  -------------------------------------------------------------------    -------------------
    SLICE_X62Y131        FDRE (Prop_HFF2_SLICEL_C_Q)
                                                      0.080     2.015 r  work_pls_i/usp_rf_data_converter_0/inst/i_axi_lite_ipif/I_SLAVE_ATTACHMENT/bus2ip_addr_reg_reg[14]/Q
                         net (fo=117, routed)         2.449     4.464    work_pls_i/usp_rf_data_converter_0/inst/i_axi_lite_ipif/I_SLAVE_ATTACHMENT/I_DECODER/axi_RdAck_r_reg[11]
    SLICE_X113Y130       LUT6 (Prop_G6LUT_SLICEM_I1_O)
                                                      0.150     4.614 r  work_pls_i/usp_rf_data_converter_0/inst/i_axi_lite_ipif/I_SLAVE_ATTACHMENT/I_DECODER/FSM_onehot_state[4]_i_6/O
                         net (fo=8, routed)           0.382     4.996    work_pls_i/usp_rf_data_converter_0/inst/i_axi_lite_ipif/I_SLAVE_ATTACHMENT/I_DECODER/dac_disable
    SLICE_X110Y137       LUT6 (Prop_C6LUT_SLICEM_I1_O)
                                                      0.145     5.141 r  work_pls_i/usp_rf_data_converter_0/inst/i_axi_lite_ipif/I_SLAVE_ATTACHMENT/I_DECODER/s_axi_wready_reg_i_4/O
                         net (fo=1, routed)           0.251     5.392    work_pls_i/usp_rf_data_converter_0/inst/i_axi_lite_ipif/I_SLAVE_ATTACHMENT/I_DECODER/drp_WrAck[1]
    SLICE_X113Y134       LUT6 (Prop_H6LUT_SLICEM_I0_O)
                                                      0.152     5.544 r  work_pls_i/usp_rf_data_converter_0/inst/i_axi_lite_ipif/I_SLAVE_ATTACHMENT/I_DECODER/s_axi_wready_reg_i_3/O
                         net (fo=5, routed)           1.483     7.027    work_pls_i/usp_rf_data_converter_0/inst/i_axi_lite_ipif/I_SLAVE_ATTACHMENT/I_DECODER/IP2Bus_WrAck0
    SLICE_X63Y131        LUT6 (Prop_F6LUT_SLICEM_I5_O)
                                                      0.123     7.150 r  work_pls_i/usp_rf_data_converter_0/inst/i_axi_lite_ipif/I_SLAVE_ATTACHMENT/I_DECODER/icount_out0_carry_i_13/O
                         net (fo=1, routed)           0.081     7.231    work_pls_i/usp_rf_data_converter_0/inst/i_axi_lite_ipif/I_SLAVE_ATTACHMENT/DATA_PHASE_WDT.I_DPTO_COUNTER/icount_out0_carry_0
    SLICE_X63Y130        LUT6 (Prop_F6LUT_SLICEM_I4_O)
                                                      0.037     7.268 r  work_pls_i/usp_rf_data_converter_0/inst/i_axi_lite_ipif/I_SLAVE_ATTACHMENT/DATA_PHASE_WDT.I_DPTO_COUNTER/icount_out0_carry_i_9/O
                         net (fo=1, routed)           0.353     7.621    work_pls_i/usp_rf_data_converter_0/inst/i_axi_lite_ipif/I_SLAVE_ATTACHMENT/DATA_PHASE_WDT.I_DPTO_COUNTER/icount_out0_carry_i_9_n_0
    SLICE_X60Y130        CARRY8 (Prop_CARRY8_SLICEM_S[0]_CO[7])
                                                      0.192     7.813 r  work_pls_i/usp_rf_data_converter_0/inst/i_axi_lite_ipif/I_SLAVE_ATTACHMENT/DATA_PHASE_WDT.I_DPTO_COUNTER/icount_out0_carry/CO[7]
                         net (fo=1, routed)           0.026     7.839    work_pls_i/usp_rf_data_converter_0/inst/i_axi_lite_ipif/I_SLAVE_ATTACHMENT/DATA_PHASE_WDT.I_DPTO_COUNTER/icount_out0_carry_n_0
    SLICE_X60Y131        CARRY8 (Prop_CARRY8_SLICEM_CI_O[2])
                                                      0.067     7.906 r  work_pls_i/usp_rf_data_converter_0/inst/i_axi_lite_ipif/I_SLAVE_ATTACHMENT/DATA_PHASE_WDT.I_DPTO_COUNTER/icount_out0_carry__0/O[2]
                         net (fo=1, routed)           0.128     8.034    work_pls_i/usp_rf_data_converter_0/inst/i_axi_lite_ipif/I_SLAVE_ATTACHMENT/DATA_PHASE_WDT.I_DPTO_COUNTER/icount_out0_carry__0_n_13
    SLICE_X59Y131        LUT6 (Prop_G6LUT_SLICEL_I5_O)
                                                      0.035     8.069 r  work_pls_i/usp_rf_data_converter_0/inst/i_axi_lite_ipif/I_SLAVE_ATTACHMENT/DATA_PHASE_WDT.I_DPTO_COUNTER/icount_out[11]_i_2/O
                         net (fo=1, routed)           0.048     8.117    work_pls_i/usp_rf_data_converter_0/inst/i_axi_lite_ipif/I_SLAVE_ATTACHMENT/DATA_PHASE_WDT.I_DPTO_COUNTER/p_1_in[11]
    SLICE_X59Y131        FDRE                                         r  work_pls_i/usp_rf_data_converter_0/inst/i_axi_lite_ipif/I_SLAVE_ATTACHMENT/DATA_PHASE_WDT.I_DPTO_COUNTER/icount_out_reg[11]/D
  -------------------------------------------------------------------    -------------------

                         (clock clk_pl_0 rise edge)
                                                     10.312    10.312 r  
    PS8_X0Y0             PS8                          0.000    10.312 r  work_pls_i/zynq_ultra_ps_e_0/U0/PS8_i/PLCLK[0]
                         net (fo=1, routed)           0.157    10.469    work_pls_i/zynq_ultra_ps_e_0/U0/pl_clk_unbuffered[0]
    BUFG_PS_X0Y58        BUFG_PS (Prop_BUFG_PS_I_O)
                                                      0.025    10.494 r  work_pls_i/zynq_ultra_ps_e_0/U0/buffer_pl_clk_0.PL_CLK_0_BUFG/O
    X2Y2 (CLOCK_ROOT)    net (fo=7597, routed)        1.463    11.957    work_pls_i/usp_rf_data_converter_0/inst/i_axi_lite_ipif/I_SLAVE_ATTACHMENT/DATA_PHASE_WDT.I_DPTO_COUNTER/s_axi_aclk
    SLICE_X59Y131        FDRE                                         r  work_pls_i/usp_rf_data_converter_0/inst/i_axi_lite_ipif/I_SLAVE_ATTACHMENT/DATA_PHASE_WDT.I_DPTO_COUNTER/icount_out_reg[11]/C
                         clock pessimism              0.152    12.109    
                         clock uncertainty           -0.159    11.950    
    SLICE_X59Y131        FDRE (Setup_GFF_SLICEL_C_D)
                                                      0.025    11.975    work_pls_i/usp_rf_data_converter_0/inst/i_axi_lite_ipif/I_SLAVE_ATTACHMENT/DATA_PHASE_WDT.I_DPTO_COUNTER/icount_out_reg[11]
  -------------------------------------------------------------------
                         required time                         11.975    
                         arrival time                          -8.117    
  -------------------------------------------------------------------
                         slack                                  3.858    

Slack (MET) :             3.869ns  (required time - arrival time)
  Source:                 work_pls_i/usp_rf_data_converter_0/inst/i_axi_lite_ipif/I_SLAVE_ATTACHMENT/bus2ip_addr_reg_reg[14]/C
                            (rising edge-triggered cell FDRE clocked by clk_pl_0  {rise@0.000ns fall@5.156ns period=10.312ns})
  Destination:            work_pls_i/usp_rf_data_converter_0/inst/i_axi_lite_ipif/I_SLAVE_ATTACHMENT/DATA_PHASE_WDT.I_DPTO_COUNTER/icount_out_reg[9]/D
                            (rising edge-triggered cell FDRE clocked by clk_pl_0  {rise@0.000ns fall@5.156ns period=10.312ns})
  Path Group:             clk_pl_0
  Path Type:              Setup (Max at Slow Process Corner)
  Requirement:            10.312ns  (clk_pl_0 rise@10.312ns - clk_pl_0 rise@0.000ns)
  Data Path Delay:        6.171ns  (logic 0.970ns (15.718%)  route 5.201ns (84.282%))
  Logic Levels:           8  (CARRY8=2 LUT6=6)
  Clock Path Skew:        -0.138ns (DCD - SCD + CPR)
    Destination Clock Delay (DCD):    1.645ns = ( 11.957 - 10.312 ) 
    Source Clock Delay      (SCD):    1.935ns
    Clock Pessimism Removal (CPR):    0.152ns
  Clock Uncertainty:      0.159ns  ((TSJ^2 + DJ^2)^1/2) / 2 + PE
    Total System Jitter     (TSJ):    0.071ns
    Discrete Jitter          (DJ):    0.310ns
    Phase Error              (PE):    0.000ns
  Clock Net Delay (Source):      1.709ns (routing 0.467ns, distribution 1.242ns)
  Clock Net Delay (Destination): 1.463ns (routing 0.423ns, distribution 1.040ns)

    Location             Delay type                Incr(ns)  Path(ns)    Netlist Resource(s)
  -------------------------------------------------------------------    -------------------
                         (clock clk_pl_0 rise edge)
                                                      0.000     0.000 r  
    PS8_X0Y0             PS8                          0.000     0.000 r  work_pls_i/zynq_ultra_ps_e_0/U0/PS8_i/PLCLK[0]
                         net (fo=1, routed)           0.198     0.198    work_pls_i/zynq_ultra_ps_e_0/U0/pl_clk_unbuffered[0]
    BUFG_PS_X0Y58        BUFG_PS (Prop_BUFG_PS_I_O)
                                                      0.028     0.226 r  work_pls_i/zynq_ultra_ps_e_0/U0/buffer_pl_clk_0.PL_CLK_0_BUFG/O
    X2Y2 (CLOCK_ROOT)    net (fo=7597, routed)        1.709     1.935    work_pls_i/usp_rf_data_converter_0/inst/i_axi_lite_ipif/I_SLAVE_ATTACHMENT/s_axi_aclk
    SLICE_X62Y131        FDRE                                         r  work_pls_i/usp_rf_data_converter_0/inst/i_axi_lite_ipif/I_SLAVE_ATTACHMENT/bus2ip_addr_reg_reg[14]/C
  -------------------------------------------------------------------    -------------------
    SLICE_X62Y131        FDRE (Prop_HFF2_SLICEL_C_Q)
                                                      0.080     2.015 r  work_pls_i/usp_rf_data_converter_0/inst/i_axi_lite_ipif/I_SLAVE_ATTACHMENT/bus2ip_addr_reg_reg[14]/Q
                         net (fo=117, routed)         2.449     4.464    work_pls_i/usp_rf_data_converter_0/inst/i_axi_lite_ipif/I_SLAVE_ATTACHMENT/I_DECODER/axi_RdAck_r_reg[11]
    SLICE_X113Y130       LUT6 (Prop_G6LUT_SLICEM_I1_O)
                                                      0.150     4.614 r  work_pls_i/usp_rf_data_converter_0/inst/i_axi_lite_ipif/I_SLAVE_ATTACHMENT/I_DECODER/FSM_onehot_state[4]_i_6/O
                         net (fo=8, routed)           0.382     4.996    work_pls_i/usp_rf_data_converter_0/inst/i_axi_lite_ipif/I_SLAVE_ATTACHMENT/I_DECODER/dac_disable
    SLICE_X110Y137       LUT6 (Prop_C6LUT_SLICEM_I1_O)
                                                      0.145     5.141 r  work_pls_i/usp_rf_data_converter_0/inst/i_axi_lite_ipif/I_SLAVE_ATTACHMENT/I_DECODER/s_axi_wready_reg_i_4/O
                         net (fo=1, routed)           0.251     5.392    work_pls_i/usp_rf_data_converter_0/inst/i_axi_lite_ipif/I_SLAVE_ATTACHMENT/I_DECODER/drp_WrAck[1]
    SLICE_X113Y134       LUT6 (Prop_H6LUT_SLICEM_I0_O)
                                                      0.152     5.544 r  work_pls_i/usp_rf_data_converter_0/inst/i_axi_lite_ipif/I_SLAVE_ATTACHMENT/I_DECODER/s_axi_wready_reg_i_3/O
                         net (fo=5, routed)           1.483     7.027    work_pls_i/usp_rf_data_converter_0/inst/i_axi_lite_ipif/I_SLAVE_ATTACHMENT/I_DECODER/IP2Bus_WrAck0
    SLICE_X63Y131        LUT6 (Prop_F6LUT_SLICEM_I5_O)
                                                      0.123     7.150 r  work_pls_i/usp_rf_data_converter_0/inst/i_axi_lite_ipif/I_SLAVE_ATTACHMENT/I_DECODER/icount_out0_carry_i_13/O
                         net (fo=1, routed)           0.081     7.231    work_pls_i/usp_rf_data_converter_0/inst/i_axi_lite_ipif/I_SLAVE_ATTACHMENT/DATA_PHASE_WDT.I_DPTO_COUNTER/icount_out0_carry_0
    SLICE_X63Y130        LUT6 (Prop_F6LUT_SLICEM_I4_O)
                                                      0.037     7.268 r  work_pls_i/usp_rf_data_converter_0/inst/i_axi_lite_ipif/I_SLAVE_ATTACHMENT/DATA_PHASE_WDT.I_DPTO_COUNTER/icount_out0_carry_i_9/O
                         net (fo=1, routed)           0.353     7.621    work_pls_i/usp_rf_data_converter_0/inst/i_axi_lite_ipif/I_SLAVE_ATTACHMENT/DATA_PHASE_WDT.I_DPTO_COUNTER/icount_out0_carry_i_9_n_0
    SLICE_X60Y130        CARRY8 (Prop_CARRY8_SLICEM_S[0]_CO[7])
                                                      0.192     7.813 r  work_pls_i/usp_rf_data_converter_0/inst/i_axi_lite_ipif/I_SLAVE_ATTACHMENT/DATA_PHASE_WDT.I_DPTO_COUNTER/icount_out0_carry/CO[7]
                         net (fo=1, routed)           0.026     7.839    work_pls_i/usp_rf_data_converter_0/inst/i_axi_lite_ipif/I_SLAVE_ATTACHMENT/DATA_PHASE_WDT.I_DPTO_COUNTER/icount_out0_carry_n_0
    SLICE_X60Y131        CARRY8 (Prop_CARRY8_SLICEM_CI_O[0])
                                                      0.056     7.895 r  work_pls_i/usp_rf_data_converter_0/inst/i_axi_lite_ipif/I_SLAVE_ATTACHMENT/DATA_PHASE_WDT.I_DPTO_COUNTER/icount_out0_carry__0/O[0]
                         net (fo=1, routed)           0.125     8.020    work_pls_i/usp_rf_data_converter_0/inst/i_axi_lite_ipif/I_SLAVE_ATTACHMENT/DATA_PHASE_WDT.I_DPTO_COUNTER/icount_out0_carry__0_n_15
    SLICE_X59Y131        LUT6 (Prop_F6LUT_SLICEL_I5_O)
                                                      0.035     8.055 r  work_pls_i/usp_rf_data_converter_0/inst/i_axi_lite_ipif/I_SLAVE_ATTACHMENT/DATA_PHASE_WDT.I_DPTO_COUNTER/icount_out[9]_i_1/O
                         net (fo=1, routed)           0.051     8.106    work_pls_i/usp_rf_data_converter_0/inst/i_axi_lite_ipif/I_SLAVE_ATTACHMENT/DATA_PHASE_WDT.I_DPTO_COUNTER/p_1_in[9]
    SLICE_X59Y131        FDRE                                         r  work_pls_i/usp_rf_data_converter_0/inst/i_axi_lite_ipif/I_SLAVE_ATTACHMENT/DATA_PHASE_WDT.I_DPTO_COUNTER/icount_out_reg[9]/D
  -------------------------------------------------------------------    -------------------

                         (clock clk_pl_0 rise edge)
                                                     10.312    10.312 r  
    PS8_X0Y0             PS8                          0.000    10.312 r  work_pls_i/zynq_ultra_ps_e_0/U0/PS8_i/PLCLK[0]
                         net (fo=1, routed)           0.157    10.469    work_pls_i/zynq_ultra_ps_e_0/U0/pl_clk_unbuffered[0]
    BUFG_PS_X0Y58        BUFG_PS (Prop_BUFG_PS_I_O)
                                                      0.025    10.494 r  work_pls_i/zynq_ultra_ps_e_0/U0/buffer_pl_clk_0.PL_CLK_0_BUFG/O
    X2Y2 (CLOCK_ROOT)    net (fo=7597, routed)        1.463    11.957    work_pls_i/usp_rf_data_converter_0/inst/i_axi_lite_ipif/I_SLAVE_ATTACHMENT/DATA_PHASE_WDT.I_DPTO_COUNTER/s_axi_aclk
    SLICE_X59Y131        FDRE                                         r  work_pls_i/usp_rf_data_converter_0/inst/i_axi_lite_ipif/I_SLAVE_ATTACHMENT/DATA_PHASE_WDT.I_DPTO_COUNTER/icount_out_reg[9]/C
                         clock pessimism              0.152    12.109    
                         clock uncertainty           -0.159    11.950    
    SLICE_X59Y131        FDRE (Setup_FFF_SLICEL_C_D)
                                                      0.025    11.975    work_pls_i/usp_rf_data_converter_0/inst/i_axi_lite_ipif/I_SLAVE_ATTACHMENT/DATA_PHASE_WDT.I_DPTO_COUNTER/icount_out_reg[9]
  -------------------------------------------------------------------
                         required time                         11.975    
                         arrival time                          -8.106    
  -------------------------------------------------------------------
                         slack                                  3.869    

Slack (MET) :             3.890ns  (required time - arrival time)
  Source:                 work_pls_i/usp_rf_data_converter_0/inst/i_axi_lite_ipif/I_SLAVE_ATTACHMENT/bus2ip_addr_reg_reg[14]/C
                            (rising edge-triggered cell FDRE clocked by clk_pl_0  {rise@0.000ns fall@5.156ns period=10.312ns})
  Destination:            work_pls_i/usp_rf_data_converter_0/inst/i_axi_lite_ipif/I_SLAVE_ATTACHMENT/DATA_PHASE_WDT.I_DPTO_COUNTER/icount_out_reg[8]/D
                            (rising edge-triggered cell FDRE clocked by clk_pl_0  {rise@0.000ns fall@5.156ns period=10.312ns})
  Path Group:             clk_pl_0
  Path Type:              Setup (Max at Slow Process Corner)
  Requirement:            10.312ns  (clk_pl_0 rise@10.312ns - clk_pl_0 rise@0.000ns)
  Data Path Delay:        6.160ns  (logic 0.981ns (15.925%)  route 5.179ns (84.075%))
  Logic Levels:           7  (CARRY8=1 LUT6=6)
  Clock Path Skew:        -0.127ns (DCD - SCD + CPR)
    Destination Clock Delay (DCD):    1.656ns = ( 11.968 - 10.312 ) 
    Source Clock Delay      (SCD):    1.935ns
    Clock Pessimism Removal (CPR):    0.152ns
  Clock Uncertainty:      0.159ns  ((TSJ^2 + DJ^2)^1/2) / 2 + PE
    Total System Jitter     (TSJ):    0.071ns
    Discrete Jitter          (DJ):    0.310ns
    Phase Error              (PE):    0.000ns
  Clock Net Delay (Source):      1.709ns (routing 0.467ns, distribution 1.242ns)
  Clock Net Delay (Destination): 1.474ns (routing 0.423ns, distribution 1.051ns)

    Location             Delay type                Incr(ns)  Path(ns)    Netlist Resource(s)
  -------------------------------------------------------------------    -------------------
                         (clock clk_pl_0 rise edge)
                                                      0.000     0.000 r  
    PS8_X0Y0             PS8                          0.000     0.000 r  work_pls_i/zynq_ultra_ps_e_0/U0/PS8_i/PLCLK[0]
                         net (fo=1, routed)           0.198     0.198    work_pls_i/zynq_ultra_ps_e_0/U0/pl_clk_unbuffered[0]
    BUFG_PS_X0Y58        BUFG_PS (Prop_BUFG_PS_I_O)
                                                      0.028     0.226 r  work_pls_i/zynq_ultra_ps_e_0/U0/buffer_pl_clk_0.PL_CLK_0_BUFG/O
    X2Y2 (CLOCK_ROOT)    net (fo=7597, routed)        1.709     1.935    work_pls_i/usp_rf_data_converter_0/inst/i_axi_lite_ipif/I_SLAVE_ATTACHMENT/s_axi_aclk
    SLICE_X62Y131        FDRE                                         r  work_pls_i/usp_rf_data_converter_0/inst/i_axi_lite_ipif/I_SLAVE_ATTACHMENT/bus2ip_addr_reg_reg[14]/C
  -------------------------------------------------------------------    -------------------
    SLICE_X62Y131        FDRE (Prop_HFF2_SLICEL_C_Q)
                                                      0.080     2.015 r  work_pls_i/usp_rf_data_converter_0/inst/i_axi_lite_ipif/I_SLAVE_ATTACHMENT/bus2ip_addr_reg_reg[14]/Q
                         net (fo=117, routed)         2.449     4.464    work_pls_i/usp_rf_data_converter_0/inst/i_axi_lite_ipif/I_SLAVE_ATTACHMENT/I_DECODER/axi_RdAck_r_reg[11]
    SLICE_X113Y130       LUT6 (Prop_G6LUT_SLICEM_I1_O)
                                                      0.150     4.614 r  work_pls_i/usp_rf_data_converter_0/inst/i_axi_lite_ipif/I_SLAVE_ATTACHMENT/I_DECODER/FSM_onehot_state[4]_i_6/O
                         net (fo=8, routed)           0.382     4.996    work_pls_i/usp_rf_data_converter_0/inst/i_axi_lite_ipif/I_SLAVE_ATTACHMENT/I_DECODER/dac_disable
    SLICE_X110Y137       LUT6 (Prop_C6LUT_SLICEM_I1_O)
                                                      0.145     5.141 r  work_pls_i/usp_rf_data_converter_0/inst/i_axi_lite_ipif/I_SLAVE_ATTACHMENT/I_DECODER/s_axi_wready_reg_i_4/O
                         net (fo=1, routed)           0.251     5.392    work_pls_i/usp_rf_data_converter_0/inst/i_axi_lite_ipif/I_SLAVE_ATTACHMENT/I_DECODER/drp_WrAck[1]
    SLICE_X113Y134       LUT6 (Prop_H6LUT_SLICEM_I0_O)
                                                      0.152     5.544 r  work_pls_i/usp_rf_data_converter_0/inst/i_axi_lite_ipif/I_SLAVE_ATTACHMENT/I_DECODER/s_axi_wready_reg_i_3/O
                         net (fo=5, routed)           1.483     7.027    work_pls_i/usp_rf_data_converter_0/inst/i_axi_lite_ipif/I_SLAVE_ATTACHMENT/I_DECODER/IP2Bus_WrAck0
    SLICE_X63Y131        LUT6 (Prop_F6LUT_SLICEM_I5_O)
                                                      0.123     7.150 r  work_pls_i/usp_rf_data_converter_0/inst/i_axi_lite_ipif/I_SLAVE_ATTACHMENT/I_DECODER/icount_out0_carry_i_13/O
                         net (fo=1, routed)           0.081     7.231    work_pls_i/usp_rf_data_converter_0/inst/i_axi_lite_ipif/I_SLAVE_ATTACHMENT/DATA_PHASE_WDT.I_DPTO_COUNTER/icount_out0_carry_0
    SLICE_X63Y130        LUT6 (Prop_F6LUT_SLICEM_I4_O)
                                                      0.037     7.268 r  work_pls_i/usp_rf_data_converter_0/inst/i_axi_lite_ipif/I_SLAVE_ATTACHMENT/DATA_PHASE_WDT.I_DPTO_COUNTER/icount_out0_carry_i_9/O
                         net (fo=1, routed)           0.353     7.621    work_pls_i/usp_rf_data_converter_0/inst/i_axi_lite_ipif/I_SLAVE_ATTACHMENT/DATA_PHASE_WDT.I_DPTO_COUNTER/icount_out0_carry_i_9_n_0
    SLICE_X60Y130        CARRY8 (Prop_CARRY8_SLICEM_S[0]_O[7])
                                                      0.241     7.862 r  work_pls_i/usp_rf_data_converter_0/inst/i_axi_lite_ipif/I_SLAVE_ATTACHMENT/DATA_PHASE_WDT.I_DPTO_COUNTER/icount_out0_carry/O[7]
                         net (fo=1, routed)           0.127     7.989    work_pls_i/usp_rf_data_converter_0/inst/i_axi_lite_ipif/I_SLAVE_ATTACHMENT/DATA_PHASE_WDT.I_DPTO_COUNTER/icount_out0_carry_n_8
    SLICE_X60Y129        LUT6 (Prop_A6LUT_SLICEM_I5_O)
                                                      0.053     8.042 r  work_pls_i/usp_rf_data_converter_0/inst/i_axi_lite_ipif/I_SLAVE_ATTACHMENT/DATA_PHASE_WDT.I_DPTO_COUNTER/icount_out[8]_i_1/O
                         net (fo=1, routed)           0.053     8.095    work_pls_i/usp_rf_data_converter_0/inst/i_axi_lite_ipif/I_SLAVE_ATTACHMENT/DATA_PHASE_WDT.I_DPTO_COUNTER/p_1_in[8]
    SLICE_X60Y129        FDRE                                         r  work_pls_i/usp_rf_data_converter_0/inst/i_axi_lite_ipif/I_SLAVE_ATTACHMENT/DATA_PHASE_WDT.I_DPTO_COUNTER/icount_out_reg[8]/D
  -------------------------------------------------------------------    -------------------

                         (clock clk_pl_0 rise edge)
                                                     10.312    10.312 r  
    PS8_X0Y0             PS8                          0.000    10.312 r  work_pls_i/zynq_ultra_ps_e_0/U0/PS8_i/PLCLK[0]
                         net (fo=1, routed)           0.157    10.469    work_pls_i/zynq_ultra_ps_e_0/U0/pl_clk_unbuffered[0]
    BUFG_PS_X0Y58        BUFG_PS (Prop_BUFG_PS_I_O)
                                                      0.025    10.494 r  work_pls_i/zynq_ultra_ps_e_0/U0/buffer_pl_clk_0.PL_CLK_0_BUFG/O
    X2Y2 (CLOCK_ROOT)    net (fo=7597, routed)        1.474    11.968    work_pls_i/usp_rf_data_converter_0/inst/i_axi_lite_ipif/I_SLAVE_ATTACHMENT/DATA_PHASE_WDT.I_DPTO_COUNTER/s_axi_aclk
    SLICE_X60Y129        FDRE                                         r  work_pls_i/usp_rf_data_converter_0/inst/i_axi_lite_ipif/I_SLAVE_ATTACHMENT/DATA_PHASE_WDT.I_DPTO_COUNTER/icount_out_reg[8]/C
                         clock pessimism              0.152    12.120    
                         clock uncertainty           -0.159    11.961    
    SLICE_X60Y129        FDRE (Setup_AFF_SLICEM_C_D)
                                                      0.025    11.986    work_pls_i/usp_rf_data_converter_0/inst/i_axi_lite_ipif/I_SLAVE_ATTACHMENT/DATA_PHASE_WDT.I_DPTO_COUNTER/icount_out_reg[8]
  -------------------------------------------------------------------
                         required time                         11.986    
                         arrival time                          -8.095    
  -------------------------------------------------------------------
                         slack                                  3.890    

Slack (MET) :             3.890ns  (required time - arrival time)
  Source:                 work_pls_i/usp_rf_data_converter_0/inst/i_axi_lite_ipif/I_SLAVE_ATTACHMENT/bus2ip_addr_reg_reg[14]/C
                            (rising edge-triggered cell FDRE clocked by clk_pl_0  {rise@0.000ns fall@5.156ns period=10.312ns})
  Destination:            work_pls_i/usp_rf_data_converter_0/inst/i_axi_lite_ipif/I_SLAVE_ATTACHMENT/DATA_PHASE_WDT.I_DPTO_COUNTER/icount_out_reg[6]/D
                            (rising edge-triggered cell FDRE clocked by clk_pl_0  {rise@0.000ns fall@5.156ns period=10.312ns})
  Path Group:             clk_pl_0
  Path Type:              Setup (Max at Slow Process Corner)
  Requirement:            10.312ns  (clk_pl_0 rise@10.312ns - clk_pl_0 rise@0.000ns)
  Data Path Delay:        6.160ns  (logic 0.964ns (15.649%)  route 5.196ns (84.351%))
  Logic Levels:           7  (CARRY8=1 LUT6=6)
  Clock Path Skew:        -0.127ns (DCD - SCD + CPR)
    Destination Clock Delay (DCD):    1.656ns = ( 11.968 - 10.312 ) 
    Source Clock Delay      (SCD):    1.935ns
    Clock Pessimism Removal (CPR):    0.152ns
  Clock Uncertainty:      0.159ns  ((TSJ^2 + DJ^2)^1/2) / 2 + PE
    Total System Jitter     (TSJ):    0.071ns
    Discrete Jitter          (DJ):    0.310ns
    Phase Error              (PE):    0.000ns
  Clock Net Delay (Source):      1.709ns (routing 0.467ns, distribution 1.242ns)
  Clock Net Delay (Destination): 1.474ns (routing 0.423ns, distribution 1.051ns)

    Location             Delay type                Incr(ns)  Path(ns)    Netlist Resource(s)
  -------------------------------------------------------------------    -------------------
                         (clock clk_pl_0 rise edge)
                                                      0.000     0.000 r  
    PS8_X0Y0             PS8                          0.000     0.000 r  work_pls_i/zynq_ultra_ps_e_0/U0/PS8_i/PLCLK[0]
                         net (fo=1, routed)           0.198     0.198    work_pls_i/zynq_ultra_ps_e_0/U0/pl_clk_unbuffered[0]
    BUFG_PS_X0Y58        BUFG_PS (Prop_BUFG_PS_I_O)
                                                      0.028     0.226 r  work_pls_i/zynq_ultra_ps_e_0/U0/buffer_pl_clk_0.PL_CLK_0_BUFG/O
    X2Y2 (CLOCK_ROOT)    net (fo=7597, routed)        1.709     1.935    work_pls_i/usp_rf_data_converter_0/inst/i_axi_lite_ipif/I_SLAVE_ATTACHMENT/s_axi_aclk
    SLICE_X62Y131        FDRE                                         r  work_pls_i/usp_rf_data_converter_0/inst/i_axi_lite_ipif/I_SLAVE_ATTACHMENT/bus2ip_addr_reg_reg[14]/C
  -------------------------------------------------------------------    -------------------
    SLICE_X62Y131        FDRE (Prop_HFF2_SLICEL_C_Q)
                                                      0.080     2.015 r  work_pls_i/usp_rf_data_converter_0/inst/i_axi_lite_ipif/I_SLAVE_ATTACHMENT/bus2ip_addr_reg_reg[14]/Q
                         net (fo=117, routed)         2.449     4.464    work_pls_i/usp_rf_data_converter_0/inst/i_axi_lite_ipif/I_SLAVE_ATTACHMENT/I_DECODER/axi_RdAck_r_reg[11]
    SLICE_X113Y130       LUT6 (Prop_G6LUT_SLICEM_I1_O)
                                                      0.150     4.614 r  work_pls_i/usp_rf_data_converter_0/inst/i_axi_lite_ipif/I_SLAVE_ATTACHMENT/I_DECODER/FSM_onehot_state[4]_i_6/O
                         net (fo=8, routed)           0.382     4.996    work_pls_i/usp_rf_data_converter_0/inst/i_axi_lite_ipif/I_SLAVE_ATTACHMENT/I_DECODER/dac_disable
    SLICE_X110Y137       LUT6 (Prop_C6LUT_SLICEM_I1_O)
                                                      0.145     5.141 r  work_pls_i/usp_rf_data_converter_0/inst/i_axi_lite_ipif/I_SLAVE_ATTACHMENT/I_DECODER/s_axi_wready_reg_i_4/O
                         net (fo=1, routed)           0.251     5.392    work_pls_i/usp_rf_data_converter_0/inst/i_axi_lite_ipif/I_SLAVE_ATTACHMENT/I_DECODER/drp_WrAck[1]
    SLICE_X113Y134       LUT6 (Prop_H6LUT_SLICEM_I0_O)
                                                      0.152     5.544 r  work_pls_i/usp_rf_data_converter_0/inst/i_axi_lite_ipif/I_SLAVE_ATTACHMENT/I_DECODER/s_axi_wready_reg_i_3/O
                         net (fo=5, routed)           1.483     7.027    work_pls_i/usp_rf_data_converter_0/inst/i_axi_lite_ipif/I_SLAVE_ATTACHMENT/I_DECODER/IP2Bus_WrAck0
    SLICE_X63Y131        LUT6 (Prop_F6LUT_SLICEM_I5_O)
                                                      0.123     7.150 r  work_pls_i/usp_rf_data_converter_0/inst/i_axi_lite_ipif/I_SLAVE_ATTACHMENT/I_DECODER/icount_out0_carry_i_13/O
                         net (fo=1, routed)           0.081     7.231    work_pls_i/usp_rf_data_converter_0/inst/i_axi_lite_ipif/I_SLAVE_ATTACHMENT/DATA_PHASE_WDT.I_DPTO_COUNTER/icount_out0_carry_0
    SLICE_X63Y130        LUT6 (Prop_F6LUT_SLICEM_I4_O)
                                                      0.037     7.268 r  work_pls_i/usp_rf_data_converter_0/inst/i_axi_lite_ipif/I_SLAVE_ATTACHMENT/DATA_PHASE_WDT.I_DPTO_COUNTER/icount_out0_carry_i_9/O
                         net (fo=1, routed)           0.353     7.621    work_pls_i/usp_rf_data_converter_0/inst/i_axi_lite_ipif/I_SLAVE_ATTACHMENT/DATA_PHASE_WDT.I_DPTO_COUNTER/icount_out0_carry_i_9_n_0
    SLICE_X60Y130        CARRY8 (Prop_CARRY8_SLICEM_S[0]_O[5])
                                                      0.240     7.861 r  work_pls_i/usp_rf_data_converter_0/inst/i_axi_lite_ipif/I_SLAVE_ATTACHMENT/DATA_PHASE_WDT.I_DPTO_COUNTER/icount_out0_carry/O[5]
                         net (fo=1, routed)           0.131     7.992    work_pls_i/usp_rf_data_converter_0/inst/i_axi_lite_ipif/I_SLAVE_ATTACHMENT/DATA_PHASE_WDT.I_DPTO_COUNTER/icount_out0_carry_n_10
    SLICE_X60Y129        LUT6 (Prop_C6LUT_SLICEM_I5_O)
                                                      0.037     8.029 r  work_pls_i/usp_rf_data_converter_0/inst/i_axi_lite_ipif/I_SLAVE_ATTACHMENT/DATA_PHASE_WDT.I_DPTO_COUNTER/icount_out[6]_i_1/O
                         net (fo=1, routed)           0.066     8.095    work_pls_i/usp_rf_data_converter_0/inst/i_axi_lite_ipif/I_SLAVE_ATTACHMENT/DATA_PHASE_WDT.I_DPTO_COUNTER/p_1_in[6]
    SLICE_X60Y129        FDRE                                         r  work_pls_i/usp_rf_data_converter_0/inst/i_axi_lite_ipif/I_SLAVE_ATTACHMENT/DATA_PHASE_WDT.I_DPTO_COUNTER/icount_out_reg[6]/D
  -------------------------------------------------------------------    -------------------

                         (clock clk_pl_0 rise edge)
                                                     10.312    10.312 r  
    PS8_X0Y0             PS8                          0.000    10.312 r  work_pls_i/zynq_ultra_ps_e_0/U0/PS8_i/PLCLK[0]
                         net (fo=1, routed)           0.157    10.469    work_pls_i/zynq_ultra_ps_e_0/U0/pl_clk_unbuffered[0]
    BUFG_PS_X0Y58        BUFG_PS (Prop_BUFG_PS_I_O)
                                                      0.025    10.494 r  work_pls_i/zynq_ultra_ps_e_0/U0/buffer_pl_clk_0.PL_CLK_0_BUFG/O
    X2Y2 (CLOCK_ROOT)    net (fo=7597, routed)        1.474    11.968    work_pls_i/usp_rf_data_converter_0/inst/i_axi_lite_ipif/I_SLAVE_ATTACHMENT/DATA_PHASE_WDT.I_DPTO_COUNTER/s_axi_aclk
    SLICE_X60Y129        FDRE                                         r  work_pls_i/usp_rf_data_converter_0/inst/i_axi_lite_ipif/I_SLAVE_ATTACHMENT/DATA_PHASE_WDT.I_DPTO_COUNTER/icount_out_reg[6]/C
                         clock pessimism              0.152    12.120    
                         clock uncertainty           -0.159    11.961    
    SLICE_X60Y129        FDRE (Setup_CFF_SLICEM_C_D)
                                                      0.025    11.986    work_pls_i/usp_rf_data_converter_0/inst/i_axi_lite_ipif/I_SLAVE_ATTACHMENT/DATA_PHASE_WDT.I_DPTO_COUNTER/icount_out_reg[6]
  -------------------------------------------------------------------
                         required time                         11.986    
                         arrival time                          -8.095    
  -------------------------------------------------------------------
                         slack                                  3.890    

Slack (MET) :             3.902ns  (required time - arrival time)
  Source:                 work_pls_i/usp_rf_data_converter_0/inst/i_axi_lite_ipif/I_SLAVE_ATTACHMENT/bus2ip_addr_reg_reg[14]/C
                            (rising edge-triggered cell FDRE clocked by clk_pl_0  {rise@0.000ns fall@5.156ns period=10.312ns})
  Destination:            work_pls_i/usp_rf_data_converter_0/inst/i_axi_lite_ipif/I_SLAVE_ATTACHMENT/DATA_PHASE_WDT.I_DPTO_COUNTER/icount_out_reg[7]/D
                            (rising edge-triggered cell FDRE clocked by clk_pl_0  {rise@0.000ns fall@5.156ns period=10.312ns})
  Path Group:             clk_pl_0
  Path Type:              Setup (Max at Slow Process Corner)
  Requirement:            10.312ns  (clk_pl_0 rise@10.312ns - clk_pl_0 rise@0.000ns)
  Data Path Delay:        6.148ns  (logic 0.965ns (15.696%)  route 5.183ns (84.304%))
  Logic Levels:           7  (CARRY8=1 LUT6=6)
  Clock Path Skew:        -0.127ns (DCD - SCD + CPR)
    Destination Clock Delay (DCD):    1.656ns = ( 11.968 - 10.312 ) 
    Source Clock Delay      (SCD):    1.935ns
    Clock Pessimism Removal (CPR):    0.152ns
  Clock Uncertainty:      0.159ns  ((TSJ^2 + DJ^2)^1/2) / 2 + PE
    Total System Jitter     (TSJ):    0.071ns
    Discrete Jitter          (DJ):    0.310ns
    Phase Error              (PE):    0.000ns
  Clock Net Delay (Source):      1.709ns (routing 0.467ns, distribution 1.242ns)
  Clock Net Delay (Destination): 1.474ns (routing 0.423ns, distribution 1.051ns)

    Location             Delay type                Incr(ns)  Path(ns)    Netlist Resource(s)
  -------------------------------------------------------------------    -------------------
                         (clock clk_pl_0 rise edge)
                                                      0.000     0.000 r  
    PS8_X0Y0             PS8                          0.000     0.000 r  work_pls_i/zynq_ultra_ps_e_0/U0/PS8_i/PLCLK[0]
                         net (fo=1, routed)           0.198     0.198    work_pls_i/zynq_ultra_ps_e_0/U0/pl_clk_unbuffered[0]
    BUFG_PS_X0Y58        BUFG_PS (Prop_BUFG_PS_I_O)
                                                      0.028     0.226 r  work_pls_i/zynq_ultra_ps_e_0/U0/buffer_pl_clk_0.PL_CLK_0_BUFG/O
    X2Y2 (CLOCK_ROOT)    net (fo=7597, routed)        1.709     1.935    work_pls_i/usp_rf_data_converter_0/inst/i_axi_lite_ipif/I_SLAVE_ATTACHMENT/s_axi_aclk
    SLICE_X62Y131        FDRE                                         r  work_pls_i/usp_rf_data_converter_0/inst/i_axi_lite_ipif/I_SLAVE_ATTACHMENT/bus2ip_addr_reg_reg[14]/C
  -------------------------------------------------------------------    -------------------
    SLICE_X62Y131        FDRE (Prop_HFF2_SLICEL_C_Q)
                                                      0.080     2.015 r  work_pls_i/usp_rf_data_converter_0/inst/i_axi_lite_ipif/I_SLAVE_ATTACHMENT/bus2ip_addr_reg_reg[14]/Q
                         net (fo=117, routed)         2.449     4.464    work_pls_i/usp_rf_data_converter_0/inst/i_axi_lite_ipif/I_SLAVE_ATTACHMENT/I_DECODER/axi_RdAck_r_reg[11]
    SLICE_X113Y130       LUT6 (Prop_G6LUT_SLICEM_I1_O)
                                                      0.150     4.614 r  work_pls_i/usp_rf_data_converter_0/inst/i_axi_lite_ipif/I_SLAVE_ATTACHMENT/I_DECODER/FSM_onehot_state[4]_i_6/O
                         net (fo=8, routed)           0.382     4.996    work_pls_i/usp_rf_data_converter_0/inst/i_axi_lite_ipif/I_SLAVE_ATTACHMENT/I_DECODER/dac_disable
    SLICE_X110Y137       LUT6 (Prop_C6LUT_SLICEM_I1_O)
                                                      0.145     5.141 r  work_pls_i/usp_rf_data_converter_0/inst/i_axi_lite_ipif/I_SLAVE_ATTACHMENT/I_DECODER/s_axi_wready_reg_i_4/O
                         net (fo=1, routed)           0.251     5.392    work_pls_i/usp_rf_data_converter_0/inst/i_axi_lite_ipif/I_SLAVE_ATTACHMENT/I_DECODER/drp_WrAck[1]
    SLICE_X113Y134       LUT6 (Prop_H6LUT_SLICEM_I0_O)
                                                      0.152     5.544 r  work_pls_i/usp_rf_data_converter_0/inst/i_axi_lite_ipif/I_SLAVE_ATTACHMENT/I_DECODER/s_axi_wready_reg_i_3/O
                         net (fo=5, routed)           1.483     7.027    work_pls_i/usp_rf_data_converter_0/inst/i_axi_lite_ipif/I_SLAVE_ATTACHMENT/I_DECODER/IP2Bus_WrAck0
    SLICE_X63Y131        LUT6 (Prop_F6LUT_SLICEM_I5_O)
                                                      0.123     7.150 r  work_pls_i/usp_rf_data_converter_0/inst/i_axi_lite_ipif/I_SLAVE_ATTACHMENT/I_DECODER/icount_out0_carry_i_13/O
                         net (fo=1, routed)           0.081     7.231    work_pls_i/usp_rf_data_converter_0/inst/i_axi_lite_ipif/I_SLAVE_ATTACHMENT/DATA_PHASE_WDT.I_DPTO_COUNTER/icount_out0_carry_0
    SLICE_X63Y130        LUT6 (Prop_F6LUT_SLICEM_I4_O)
                                                      0.037     7.268 r  work_pls_i/usp_rf_data_converter_0/inst/i_axi_lite_ipif/I_SLAVE_ATTACHMENT/DATA_PHASE_WDT.I_DPTO_COUNTER/icount_out0_carry_i_9/O
                         net (fo=1, routed)           0.353     7.621    work_pls_i/usp_rf_data_converter_0/inst/i_axi_lite_ipif/I_SLAVE_ATTACHMENT/DATA_PHASE_WDT.I_DPTO_COUNTER/icount_out0_carry_i_9_n_0
    SLICE_X60Y130        CARRY8 (Prop_CARRY8_SLICEM_S[0]_O[6])
                                                      0.226     7.847 r  work_pls_i/usp_rf_data_converter_0/inst/i_axi_lite_ipif/I_SLAVE_ATTACHMENT/DATA_PHASE_WDT.I_DPTO_COUNTER/icount_out0_carry/O[6]
                         net (fo=1, routed)           0.125     7.972    work_pls_i/usp_rf_data_converter_0/inst/i_axi_lite_ipif/I_SLAVE_ATTACHMENT/DATA_PHASE_WDT.I_DPTO_COUNTER/icount_out0_carry_n_9
    SLICE_X60Y129        LUT6 (Prop_B6LUT_SLICEM_I5_O)
                                                      0.052     8.024 r  work_pls_i/usp_rf_data_converter_0/inst/i_axi_lite_ipif/I_SLAVE_ATTACHMENT/DATA_PHASE_WDT.I_DPTO_COUNTER/icount_out[7]_i_1/O
                         net (fo=1, routed)           0.059     8.083    work_pls_i/usp_rf_data_converter_0/inst/i_axi_lite_ipif/I_SLAVE_ATTACHMENT/DATA_PHASE_WDT.I_DPTO_COUNTER/p_1_in[7]
    SLICE_X60Y129        FDRE                                         r  work_pls_i/usp_rf_data_converter_0/inst/i_axi_lite_ipif/I_SLAVE_ATTACHMENT/DATA_PHASE_WDT.I_DPTO_COUNTER/icount_out_reg[7]/D
  -------------------------------------------------------------------    -------------------

                         (clock clk_pl_0 rise edge)
                                                     10.312    10.312 r  
    PS8_X0Y0             PS8                          0.000    10.312 r  work_pls_i/zynq_ultra_ps_e_0/U0/PS8_i/PLCLK[0]
                         net (fo=1, routed)           0.157    10.469    work_pls_i/zynq_ultra_ps_e_0/U0/pl_clk_unbuffered[0]
    BUFG_PS_X0Y58        BUFG_PS (Prop_BUFG_PS_I_O)
                                                      0.025    10.494 r  work_pls_i/zynq_ultra_ps_e_0/U0/buffer_pl_clk_0.PL_CLK_0_BUFG/O
    X2Y2 (CLOCK_ROOT)    net (fo=7597, routed)        1.474    11.968    work_pls_i/usp_rf_data_converter_0/inst/i_axi_lite_ipif/I_SLAVE_ATTACHMENT/DATA_PHASE_WDT.I_DPTO_COUNTER/s_axi_aclk
    SLICE_X60Y129        FDRE                                         r  work_pls_i/usp_rf_data_converter_0/inst/i_axi_lite_ipif/I_SLAVE_ATTACHMENT/DATA_PHASE_WDT.I_DPTO_COUNTER/icount_out_reg[7]/C
                         clock pessimism              0.152    12.120    
                         clock uncertainty           -0.159    11.961    
    SLICE_X60Y129        FDRE (Setup_BFF_SLICEM_C_D)
                                                      0.025    11.986    work_pls_i/usp_rf_data_converter_0/inst/i_axi_lite_ipif/I_SLAVE_ATTACHMENT/DATA_PHASE_WDT.I_DPTO_COUNTER/icount_out_reg[7]
  -------------------------------------------------------------------
                         required time                         11.986    
                         arrival time                          -8.083    
  -------------------------------------------------------------------
                         slack                                  3.902    

Slack (MET) :             3.916ns  (required time - arrival time)
  Source:                 work_pls_i/usp_rf_data_converter_0/inst/i_axi_lite_ipif/I_SLAVE_ATTACHMENT/bus2ip_addr_reg_reg[14]/C
                            (rising edge-triggered cell FDRE clocked by clk_pl_0  {rise@0.000ns fall@5.156ns period=10.312ns})
  Destination:            work_pls_i/usp_rf_data_converter_0/inst/i_axi_lite_ipif/I_SLAVE_ATTACHMENT/DATA_PHASE_WDT.I_DPTO_COUNTER/icount_out_reg[3]/D
                            (rising edge-triggered cell FDRE clocked by clk_pl_0  {rise@0.000ns fall@5.156ns period=10.312ns})
  Path Group:             clk_pl_0
  Path Type:              Setup (Max at Slow Process Corner)
  Requirement:            10.312ns  (clk_pl_0 rise@10.312ns - clk_pl_0 rise@0.000ns)
  Data Path Delay:        6.123ns  (logic 0.943ns (15.401%)  route 5.180ns (84.599%))
  Logic Levels:           7  (CARRY8=1 LUT6=6)
  Clock Path Skew:        -0.139ns (DCD - SCD + CPR)
    Destination Clock Delay (DCD):    1.644ns = ( 11.956 - 10.312 ) 
    Source Clock Delay      (SCD):    1.935ns
    Clock Pessimism Removal (CPR):    0.152ns
  Clock Uncertainty:      0.159ns  ((TSJ^2 + DJ^2)^1/2) / 2 + PE
    Total System Jitter     (TSJ):    0.071ns
    Discrete Jitter          (DJ):    0.310ns
    Phase Error              (PE):    0.000ns
  Clock Net Delay (Source):      1.709ns (routing 0.467ns, distribution 1.242ns)
  Clock Net Delay (Destination): 1.462ns (routing 0.423ns, distribution 1.039ns)

    Location             Delay type                Incr(ns)  Path(ns)    Netlist Resource(s)
  -------------------------------------------------------------------    -------------------
                         (clock clk_pl_0 rise edge)
                                                      0.000     0.000 r  
    PS8_X0Y0             PS8                          0.000     0.000 r  work_pls_i/zynq_ultra_ps_e_0/U0/PS8_i/PLCLK[0]
                         net (fo=1, routed)           0.198     0.198    work_pls_i/zynq_ultra_ps_e_0/U0/pl_clk_unbuffered[0]
    BUFG_PS_X0Y58        BUFG_PS (Prop_BUFG_PS_I_O)
                                                      0.028     0.226 r  work_pls_i/zynq_ultra_ps_e_0/U0/buffer_pl_clk_0.PL_CLK_0_BUFG/O
    X2Y2 (CLOCK_ROOT)    net (fo=7597, routed)        1.709     1.935    work_pls_i/usp_rf_data_converter_0/inst/i_axi_lite_ipif/I_SLAVE_ATTACHMENT/s_axi_aclk
    SLICE_X62Y131        FDRE                                         r  work_pls_i/usp_rf_data_converter_0/inst/i_axi_lite_ipif/I_SLAVE_ATTACHMENT/bus2ip_addr_reg_reg[14]/C
  -------------------------------------------------------------------    -------------------
    SLICE_X62Y131        FDRE (Prop_HFF2_SLICEL_C_Q)
                                                      0.080     2.015 r  work_pls_i/usp_rf_data_converter_0/inst/i_axi_lite_ipif/I_SLAVE_ATTACHMENT/bus2ip_addr_reg_reg[14]/Q
                         net (fo=117, routed)         2.449     4.464    work_pls_i/usp_rf_data_converter_0/inst/i_axi_lite_ipif/I_SLAVE_ATTACHMENT/I_DECODER/axi_RdAck_r_reg[11]
    SLICE_X113Y130       LUT6 (Prop_G6LUT_SLICEM_I1_O)
                                                      0.150     4.614 r  work_pls_i/usp_rf_data_converter_0/inst/i_axi_lite_ipif/I_SLAVE_ATTACHMENT/I_DECODER/FSM_onehot_state[4]_i_6/O
                         net (fo=8, routed)           0.382     4.996    work_pls_i/usp_rf_data_converter_0/inst/i_axi_lite_ipif/I_SLAVE_ATTACHMENT/I_DECODER/dac_disable
    SLICE_X110Y137       LUT6 (Prop_C6LUT_SLICEM_I1_O)
                                                      0.145     5.141 r  work_pls_i/usp_rf_data_converter_0/inst/i_axi_lite_ipif/I_SLAVE_ATTACHMENT/I_DECODER/s_axi_wready_reg_i_4/O
                         net (fo=1, routed)           0.251     5.392    work_pls_i/usp_rf_data_converter_0/inst/i_axi_lite_ipif/I_SLAVE_ATTACHMENT/I_DECODER/drp_WrAck[1]
    SLICE_X113Y134       LUT6 (Prop_H6LUT_SLICEM_I0_O)
                                                      0.152     5.544 r  work_pls_i/usp_rf_data_converter_0/inst/i_axi_lite_ipif/I_SLAVE_ATTACHMENT/I_DECODER/s_axi_wready_reg_i_3/O
                         net (fo=5, routed)           1.483     7.027    work_pls_i/usp_rf_data_converter_0/inst/i_axi_lite_ipif/I_SLAVE_ATTACHMENT/I_DECODER/IP2Bus_WrAck0
    SLICE_X63Y131        LUT6 (Prop_F6LUT_SLICEM_I5_O)
                                                      0.123     7.150 r  work_pls_i/usp_rf_data_converter_0/inst/i_axi_lite_ipif/I_SLAVE_ATTACHMENT/I_DECODER/icount_out0_carry_i_13/O
                         net (fo=1, routed)           0.081     7.231    work_pls_i/usp_rf_data_converter_0/inst/i_axi_lite_ipif/I_SLAVE_ATTACHMENT/DATA_PHASE_WDT.I_DPTO_COUNTER/icount_out0_carry_0
    SLICE_X63Y130        LUT6 (Prop_F6LUT_SLICEM_I4_O)
                                                      0.037     7.268 r  work_pls_i/usp_rf_data_converter_0/inst/i_axi_lite_ipif/I_SLAVE_ATTACHMENT/DATA_PHASE_WDT.I_DPTO_COUNTER/icount_out0_carry_i_9/O
                         net (fo=1, routed)           0.353     7.621    work_pls_i/usp_rf_data_converter_0/inst/i_axi_lite_ipif/I_SLAVE_ATTACHMENT/DATA_PHASE_WDT.I_DPTO_COUNTER/icount_out0_carry_i_9_n_0
    SLICE_X60Y130        CARRY8 (Prop_CARRY8_SLICEM_S[0]_O[2])
                                                      0.134     7.755 r  work_pls_i/usp_rf_data_converter_0/inst/i_axi_lite_ipif/I_SLAVE_ATTACHMENT/DATA_PHASE_WDT.I_DPTO_COUNTER/icount_out0_carry/O[2]
                         net (fo=1, routed)           0.132     7.887    work_pls_i/usp_rf_data_converter_0/inst/i_axi_lite_ipif/I_SLAVE_ATTACHMENT/DATA_PHASE_WDT.I_DPTO_COUNTER/icount_out0_carry_n_13
    SLICE_X59Y130        LUT6 (Prop_D6LUT_SLICEL_I5_O)
                                                      0.122     8.009 r  work_pls_i/usp_rf_data_converter_0/inst/i_axi_lite_ipif/I_SLAVE_ATTACHMENT/DATA_PHASE_WDT.I_DPTO_COUNTER/icount_out[3]_i_1/O
                         net (fo=1, routed)           0.049     8.058    work_pls_i/usp_rf_data_converter_0/inst/i_axi_lite_ipif/I_SLAVE_ATTACHMENT/DATA_PHASE_WDT.I_DPTO_COUNTER/p_1_in[3]
    SLICE_X59Y130        FDRE                                         r  work_pls_i/usp_rf_data_converter_0/inst/i_axi_lite_ipif/I_SLAVE_ATTACHMENT/DATA_PHASE_WDT.I_DPTO_COUNTER/icount_out_reg[3]/D
  -------------------------------------------------------------------    -------------------

                         (clock clk_pl_0 rise edge)
                                                     10.312    10.312 r  
    PS8_X0Y0             PS8                          0.000    10.312 r  work_pls_i/zynq_ultra_ps_e_0/U0/PS8_i/PLCLK[0]
                         net (fo=1, routed)           0.157    10.469    work_pls_i/zynq_ultra_ps_e_0/U0/pl_clk_unbuffered[0]
    BUFG_PS_X0Y58        BUFG_PS (Prop_BUFG_PS_I_O)
                                                      0.025    10.494 r  work_pls_i/zynq_ultra_ps_e_0/U0/buffer_pl_clk_0.PL_CLK_0_BUFG/O
    X2Y2 (CLOCK_ROOT)    net (fo=7597, routed)        1.462    11.956    work_pls_i/usp_rf_data_converter_0/inst/i_axi_lite_ipif/I_SLAVE_ATTACHMENT/DATA_PHASE_WDT.I_DPTO_COUNTER/s_axi_aclk
    SLICE_X59Y130        FDRE                                         r  work_pls_i/usp_rf_data_converter_0/inst/i_axi_lite_ipif/I_SLAVE_ATTACHMENT/DATA_PHASE_WDT.I_DPTO_COUNTER/icount_out_reg[3]/C
                         clock pessimism              0.152    12.108    
                         clock uncertainty           -0.159    11.949    
    SLICE_X59Y130        FDRE (Setup_DFF_SLICEL_C_D)
                                                      0.025    11.974    work_pls_i/usp_rf_data_converter_0/inst/i_axi_lite_ipif/I_SLAVE_ATTACHMENT/DATA_PHASE_WDT.I_DPTO_COUNTER/icount_out_reg[3]
  -------------------------------------------------------------------
                         required time                         11.974    
                         arrival time                          -8.058    
  -------------------------------------------------------------------
                         slack                                  3.916    

Slack (MET) :             4.007ns  (required time - arrival time)
  Source:                 work_pls_i/usp_rf_data_converter_0/inst/i_axi_lite_ipif/I_SLAVE_ATTACHMENT/bus2ip_addr_reg_reg[14]/C
                            (rising edge-triggered cell FDRE clocked by clk_pl_0  {rise@0.000ns fall@5.156ns period=10.312ns})
  Destination:            work_pls_i/usp_rf_data_converter_0/inst/i_axi_lite_ipif/I_SLAVE_ATTACHMENT/DATA_PHASE_WDT.I_DPTO_COUNTER/icount_out_reg[4]/D
                            (rising edge-triggered cell FDRE clocked by clk_pl_0  {rise@0.000ns fall@5.156ns period=10.312ns})
  Path Group:             clk_pl_0
  Path Type:              Setup (Max at Slow Process Corner)
  Requirement:            10.312ns  (clk_pl_0 rise@10.312ns - clk_pl_0 rise@0.000ns)
  Data Path Delay:        6.032ns  (logic 0.861ns (14.274%)  route 5.171ns (85.726%))
  Logic Levels:           7  (CARRY8=1 LUT6=6)
  Clock Path Skew:        -0.139ns (DCD - SCD + CPR)
    Destination Clock Delay (DCD):    1.644ns = ( 11.956 - 10.312 ) 
    Source Clock Delay      (SCD):    1.935ns
    Clock Pessimism Removal (CPR):    0.152ns
  Clock Uncertainty:      0.159ns  ((TSJ^2 + DJ^2)^1/2) / 2 + PE
    Total System Jitter     (TSJ):    0.071ns
    Discrete Jitter          (DJ):    0.310ns
    Phase Error              (PE):    0.000ns
  Clock Net Delay (Source):      1.709ns (routing 0.467ns, distribution 1.242ns)
  Clock Net Delay (Destination): 1.462ns (routing 0.423ns, distribution 1.039ns)

    Location             Delay type                Incr(ns)  Path(ns)    Netlist Resource(s)
  -------------------------------------------------------------------    -------------------
                         (clock clk_pl_0 rise edge)
                                                      0.000     0.000 r  
    PS8_X0Y0             PS8                          0.000     0.000 r  work_pls_i/zynq_ultra_ps_e_0/U0/PS8_i/PLCLK[0]
                         net (fo=1, routed)           0.198     0.198    work_pls_i/zynq_ultra_ps_e_0/U0/pl_clk_unbuffered[0]
    BUFG_PS_X0Y58        BUFG_PS (Prop_BUFG_PS_I_O)
                                                      0.028     0.226 r  work_pls_i/zynq_ultra_ps_e_0/U0/buffer_pl_clk_0.PL_CLK_0_BUFG/O
    X2Y2 (CLOCK_ROOT)    net (fo=7597, routed)        1.709     1.935    work_pls_i/usp_rf_data_converter_0/inst/i_axi_lite_ipif/I_SLAVE_ATTACHMENT/s_axi_aclk
    SLICE_X62Y131        FDRE                                         r  work_pls_i/usp_rf_data_converter_0/inst/i_axi_lite_ipif/I_SLAVE_ATTACHMENT/bus2ip_addr_reg_reg[14]/C
  -------------------------------------------------------------------    -------------------
    SLICE_X62Y131        FDRE (Prop_HFF2_SLICEL_C_Q)
                                                      0.080     2.015 r  work_pls_i/usp_rf_data_converter_0/inst/i_axi_lite_ipif/I_SLAVE_ATTACHMENT/bus2ip_addr_reg_reg[14]/Q
                         net (fo=117, routed)         2.449     4.464    work_pls_i/usp_rf_data_converter_0/inst/i_axi_lite_ipif/I_SLAVE_ATTACHMENT/I_DECODER/axi_RdAck_r_reg[11]
    SLICE_X113Y130       LUT6 (Prop_G6LUT_SLICEM_I1_O)
                                                      0.150     4.614 r  work_pls_i/usp_rf_data_converter_0/inst/i_axi_lite_ipif/I_SLAVE_ATTACHMENT/I_DECODER/FSM_onehot_state[4]_i_6/O
                         net (fo=8, routed)           0.382     4.996    work_pls_i/usp_rf_data_converter_0/inst/i_axi_lite_ipif/I_SLAVE_ATTACHMENT/I_DECODER/dac_disable
    SLICE_X110Y137       LUT6 (Prop_C6LUT_SLICEM_I1_O)
                                                      0.145     5.141 r  work_pls_i/usp_rf_data_converter_0/inst/i_axi_lite_ipif/I_SLAVE_ATTACHMENT/I_DECODER/s_axi_wready_reg_i_4/O
                         net (fo=1, routed)           0.251     5.392    work_pls_i/usp_rf_data_converter_0/inst/i_axi_lite_ipif/I_SLAVE_ATTACHMENT/I_DECODER/drp_WrAck[1]
    SLICE_X113Y134       LUT6 (Prop_H6LUT_SLICEM_I0_O)
                                                      0.152     5.544 r  work_pls_i/usp_rf_data_converter_0/inst/i_axi_lite_ipif/I_SLAVE_ATTACHMENT/I_DECODER/s_axi_wready_reg_i_3/O
                         net (fo=5, routed)           1.483     7.027    work_pls_i/usp_rf_data_converter_0/inst/i_axi_lite_ipif/I_SLAVE_ATTACHMENT/I_DECODER/IP2Bus_WrAck0
    SLICE_X63Y131        LUT6 (Prop_F6LUT_SLICEM_I5_O)
                                                      0.123     7.150 r  work_pls_i/usp_rf_data_converter_0/inst/i_axi_lite_ipif/I_SLAVE_ATTACHMENT/I_DECODER/icount_out0_carry_i_13/O
                         net (fo=1, routed)           0.081     7.231    work_pls_i/usp_rf_data_converter_0/inst/i_axi_lite_ipif/I_SLAVE_ATTACHMENT/DATA_PHASE_WDT.I_DPTO_COUNTER/icount_out0_carry_0
    SLICE_X63Y130        LUT6 (Prop_F6LUT_SLICEM_I4_O)
                                                      0.037     7.268 r  work_pls_i/usp_rf_data_converter_0/inst/i_axi_lite_ipif/I_SLAVE_ATTACHMENT/DATA_PHASE_WDT.I_DPTO_COUNTER/icount_out0_carry_i_9/O
                         net (fo=1, routed)           0.353     7.621    work_pls_i/usp_rf_data_converter_0/inst/i_axi_lite_ipif/I_SLAVE_ATTACHMENT/DATA_PHASE_WDT.I_DPTO_COUNTER/icount_out0_carry_i_9_n_0
    SLICE_X60Y130        CARRY8 (Prop_CARRY8_SLICEM_S[0]_O[3])
                                                      0.139     7.760 r  work_pls_i/usp_rf_data_converter_0/inst/i_axi_lite_ipif/I_SLAVE_ATTACHMENT/DATA_PHASE_WDT.I_DPTO_COUNTER/icount_out0_carry/O[3]
                         net (fo=1, routed)           0.122     7.882    work_pls_i/usp_rf_data_converter_0/inst/i_axi_lite_ipif/I_SLAVE_ATTACHMENT/DATA_PHASE_WDT.I_DPTO_COUNTER/icount_out0_carry_n_12
    SLICE_X59Y130        LUT6 (Prop_C6LUT_SLICEL_I5_O)
                                                      0.035     7.917 r  work_pls_i/usp_rf_data_converter_0/inst/i_axi_lite_ipif/I_SLAVE_ATTACHMENT/DATA_PHASE_WDT.I_DPTO_COUNTER/icount_out[4]_i_1/O
                         net (fo=1, routed)           0.050     7.967    work_pls_i/usp_rf_data_converter_0/inst/i_axi_lite_ipif/I_SLAVE_ATTACHMENT/DATA_PHASE_WDT.I_DPTO_COUNTER/p_1_in[4]
    SLICE_X59Y130        FDRE                                         r  work_pls_i/usp_rf_data_converter_0/inst/i_axi_lite_ipif/I_SLAVE_ATTACHMENT/DATA_PHASE_WDT.I_DPTO_COUNTER/icount_out_reg[4]/D
  -------------------------------------------------------------------    -------------------

                         (clock clk_pl_0 rise edge)
                                                     10.312    10.312 r  
    PS8_X0Y0             PS8                          0.000    10.312 r  work_pls_i/zynq_ultra_ps_e_0/U0/PS8_i/PLCLK[0]
                         net (fo=1, routed)           0.157    10.469    work_pls_i/zynq_ultra_ps_e_0/U0/pl_clk_unbuffered[0]
    BUFG_PS_X0Y58        BUFG_PS (Prop_BUFG_PS_I_O)
                                                      0.025    10.494 r  work_pls_i/zynq_ultra_ps_e_0/U0/buffer_pl_clk_0.PL_CLK_0_BUFG/O
    X2Y2 (CLOCK_ROOT)    net (fo=7597, routed)        1.462    11.956    work_pls_i/usp_rf_data_converter_0/inst/i_axi_lite_ipif/I_SLAVE_ATTACHMENT/DATA_PHASE_WDT.I_DPTO_COUNTER/s_axi_aclk
    SLICE_X59Y130        FDRE                                         r  work_pls_i/usp_rf_data_converter_0/inst/i_axi_lite_ipif/I_SLAVE_ATTACHMENT/DATA_PHASE_WDT.I_DPTO_COUNTER/icount_out_reg[4]/C
                         clock pessimism              0.152    12.108    
                         clock uncertainty           -0.159    11.949    
    SLICE_X59Y130        FDRE (Setup_CFF_SLICEL_C_D)
                                                      0.025    11.974    work_pls_i/usp_rf_data_converter_0/inst/i_axi_lite_ipif/I_SLAVE_ATTACHMENT/DATA_PHASE_WDT.I_DPTO_COUNTER/icount_out_reg[4]
  -------------------------------------------------------------------
                         required time                         11.974    
                         arrival time                          -7.967    
  -------------------------------------------------------------------
                         slack                                  4.007    





Min Delay Paths
--------------------------------------------------------------------------------------
Slack (MET) :             0.019ns  (arrival time - required time)
  Source:                 work_pls_i/usp_rf_data_converter_0/inst/work_pls_usp_rf_data_converter_0_0_rf_wrapper_i/por_state_machine_i/mem_data_adc0_reg[21]/C
                            (rising edge-triggered cell FDRE clocked by clk_pl_0  {rise@0.000ns fall@5.156ns period=10.312ns})
  Destination:            work_pls_i/usp_rf_data_converter_0/inst/work_pls_usp_rf_data_converter_0_0_rf_wrapper_i/por_state_machine_i/por_fsm_adc0/por_timer_start_val_reg[21]/D
                            (rising edge-triggered cell FDRE clocked by clk_pl_0  {rise@0.000ns fall@5.156ns period=10.312ns})
  Path Group:             clk_pl_0
  Path Type:              Hold (Min at Slow Process Corner)
  Requirement:            0.000ns  (clk_pl_0 rise@0.000ns - clk_pl_0 rise@0.000ns)
  Data Path Delay:        0.131ns  (logic 0.058ns (44.139%)  route 0.073ns (55.861%))
  Logic Levels:           0  
  Clock Path Skew:        0.050ns (DCD - SCD - CPR)
    Destination Clock Delay (DCD):    2.292ns
    Source Clock Delay      (SCD):    2.006ns
    Clock Pessimism Removal (CPR):    0.236ns
  Clock Net Delay (Source):      1.824ns (routing 0.423ns, distribution 1.401ns)
  Clock Net Delay (Destination): 2.066ns (routing 0.467ns, distribution 1.599ns)

    Location             Delay type                Incr(ns)  Path(ns)    Netlist Resource(s)
  -------------------------------------------------------------------    -------------------
                         (clock clk_pl_0 rise edge)
                                                      0.000     0.000 r  
    PS8_X0Y0             PS8                          0.000     0.000 r  work_pls_i/zynq_ultra_ps_e_0/U0/PS8_i/PLCLK[0]
                         net (fo=1, routed)           0.157     0.157    work_pls_i/zynq_ultra_ps_e_0/U0/pl_clk_unbuffered[0]
    BUFG_PS_X0Y58        BUFG_PS (Prop_BUFG_PS_I_O)
                                                      0.025     0.182 r  work_pls_i/zynq_ultra_ps_e_0/U0/buffer_pl_clk_0.PL_CLK_0_BUFG/O
    X2Y2 (CLOCK_ROOT)    net (fo=7597, routed)        1.824     2.006    work_pls_i/usp_rf_data_converter_0/inst/work_pls_usp_rf_data_converter_0_0_rf_wrapper_i/por_state_machine_i/aux_clk
    SLICE_X111Y111       FDRE                                         r  work_pls_i/usp_rf_data_converter_0/inst/work_pls_usp_rf_data_converter_0_0_rf_wrapper_i/por_state_machine_i/mem_data_adc0_reg[21]/C
  -------------------------------------------------------------------    -------------------
    SLICE_X111Y111       FDRE (Prop_FFF_SLICEL_C_Q)
                                                      0.058     2.064 r  work_pls_i/usp_rf_data_converter_0/inst/work_pls_usp_rf_data_converter_0_0_rf_wrapper_i/por_state_machine_i/mem_data_adc0_reg[21]/Q
                         net (fo=11, routed)          0.073     2.137    work_pls_i/usp_rf_data_converter_0/inst/work_pls_usp_rf_data_converter_0_0_rf_wrapper_i/por_state_machine_i/por_fsm_adc0/mem_data[21]
    SLICE_X111Y113       FDRE                                         r  work_pls_i/usp_rf_data_converter_0/inst/work_pls_usp_rf_data_converter_0_0_rf_wrapper_i/por_state_machine_i/por_fsm_adc0/por_timer_start_val_reg[21]/D
  -------------------------------------------------------------------    -------------------

                         (clock clk_pl_0 rise edge)
                                                      0.000     0.000 r  
    PS8_X0Y0             PS8                          0.000     0.000 r  work_pls_i/zynq_ultra_ps_e_0/U0/PS8_i/PLCLK[0]
                         net (fo=1, routed)           0.198     0.198    work_pls_i/zynq_ultra_ps_e_0/U0/pl_clk_unbuffered[0]
    BUFG_PS_X0Y58        BUFG_PS (Prop_BUFG_PS_I_O)
                                                      0.028     0.226 r  work_pls_i/zynq_ultra_ps_e_0/U0/buffer_pl_clk_0.PL_CLK_0_BUFG/O
    X2Y2 (CLOCK_ROOT)    net (fo=7597, routed)        2.066     2.292    work_pls_i/usp_rf_data_converter_0/inst/work_pls_usp_rf_data_converter_0_0_rf_wrapper_i/por_state_machine_i/por_fsm_adc0/aux_clk
    SLICE_X111Y113       FDRE                                         r  work_pls_i/usp_rf_data_converter_0/inst/work_pls_usp_rf_data_converter_0_0_rf_wrapper_i/por_state_machine_i/por_fsm_adc0/por_timer_start_val_reg[21]/C
                         clock pessimism             -0.236     2.056    
    SLICE_X111Y113       FDRE (Hold_GFF2_SLICEL_C_D)
                                                      0.062     2.118    work_pls_i/usp_rf_data_converter_0/inst/work_pls_usp_rf_data_converter_0_0_rf_wrapper_i/por_state_machine_i/por_fsm_adc0/por_timer_start_val_reg[21]
  -------------------------------------------------------------------
                         required time                         -2.118    
                         arrival time                           2.137    
  -------------------------------------------------------------------
                         slack                                  0.019    

Slack (MET) :             0.019ns  (arrival time - required time)
  Source:                 work_pls_i/axi_smc/inst/s00_nodes/s00_w_node/inst/inst_mi_handler/gen_normal_area.gen_upsizer.inst_upsizer/gen_w_ch.accum_reg[bytes][12][userdata][4]/C
                            (rising edge-triggered cell FDRE clocked by clk_pl_0  {rise@0.000ns fall@5.156ns period=10.312ns})
  Destination:            work_pls_i/axi_smc/inst/s00_nodes/s00_w_node/inst/inst_mi_handler/gen_normal_area.inst_fifo_node_payld/gen_xpm_memory_fifo.inst_fifo/gen_mem_rep[0].inst_xpm_memory/xpm_memory_base_inst/gen_wr_a.gen_word_narrow.mem_reg_0_31_126_139/RAMB_D1/I
                            (rising edge-triggered cell RAMD32 clocked by clk_pl_0  {rise@0.000ns fall@5.156ns period=10.312ns})
  Path Group:             clk_pl_0
  Path Type:              Hold (Min at Slow Process Corner)
  Requirement:            0.000ns  (clk_pl_0 rise@0.000ns - clk_pl_0 rise@0.000ns)
  Data Path Delay:        0.162ns  (logic 0.058ns (35.802%)  route 0.104ns (64.198%))
  Logic Levels:           0  
  Clock Path Skew:        0.083ns (DCD - SCD - CPR)
    Destination Clock Delay (DCD):    2.082ns
    Source Clock Delay      (SCD):    1.771ns
    Clock Pessimism Removal (CPR):    0.229ns
  Clock Net Delay (Source):      1.589ns (routing 0.423ns, distribution 1.166ns)
  Clock Net Delay (Destination): 1.856ns (routing 0.467ns, distribution 1.389ns)

    Location             Delay type                Incr(ns)  Path(ns)    Netlist Resource(s)
  -------------------------------------------------------------------    -------------------
                         (clock clk_pl_0 rise edge)
                                                      0.000     0.000 r  
    PS8_X0Y0             PS8                          0.000     0.000 r  work_pls_i/zynq_ultra_ps_e_0/U0/PS8_i/PLCLK[0]
                         net (fo=1, routed)           0.157     0.157    work_pls_i/zynq_ultra_ps_e_0/U0/pl_clk_unbuffered[0]
    BUFG_PS_X0Y58        BUFG_PS (Prop_BUFG_PS_I_O)
                                                      0.025     0.182 r  work_pls_i/zynq_ultra_ps_e_0/U0/buffer_pl_clk_0.PL_CLK_0_BUFG/O
    X2Y2 (CLOCK_ROOT)    net (fo=7597, routed)        1.589     1.771    work_pls_i/axi_smc/inst/s00_nodes/s00_w_node/inst/inst_mi_handler/gen_normal_area.gen_upsizer.inst_upsizer/s_sc_aclk
    SLICE_X25Y9          FDRE                                         r  work_pls_i/axi_smc/inst/s00_nodes/s00_w_node/inst/inst_mi_handler/gen_normal_area.gen_upsizer.inst_upsizer/gen_w_ch.accum_reg[bytes][12][userdata][4]/C
  -------------------------------------------------------------------    -------------------
    SLICE_X25Y9          FDRE (Prop_FFF_SLICEL_C_Q)
                                                      0.058     1.829 r  work_pls_i/axi_smc/inst/s00_nodes/s00_w_node/inst/inst_mi_handler/gen_normal_area.gen_upsizer.inst_upsizer/gen_w_ch.accum_reg[bytes][12][userdata][4]/Q
                         net (fo=1, routed)           0.104     1.933    work_pls_i/axi_smc/inst/s00_nodes/s00_w_node/inst/inst_mi_handler/gen_normal_area.inst_fifo_node_payld/gen_xpm_memory_fifo.inst_fifo/gen_mem_rep[0].inst_xpm_memory/xpm_memory_base_inst/gen_wr_a.gen_word_narrow.mem_reg_0_31_126_139/DIB1
    SLICE_X24Y9          RAMD32                                       r  work_pls_i/axi_smc/inst/s00_nodes/s00_w_node/inst/inst_mi_handler/gen_normal_area.inst_fifo_node_payld/gen_xpm_memory_fifo.inst_fifo/gen_mem_rep[0].inst_xpm_memory/xpm_memory_base_inst/gen_wr_a.gen_word_narrow.mem_reg_0_31_126_139/RAMB_D1/I
  -------------------------------------------------------------------    -------------------

                         (clock clk_pl_0 rise edge)
                                                      0.000     0.000 r  
    PS8_X0Y0             PS8                          0.000     0.000 r  work_pls_i/zynq_ultra_ps_e_0/U0/PS8_i/PLCLK[0]
                         net (fo=1, routed)           0.198     0.198    work_pls_i/zynq_ultra_ps_e_0/U0/pl_clk_unbuffered[0]
    BUFG_PS_X0Y58        BUFG_PS (Prop_BUFG_PS_I_O)
                                                      0.028     0.226 r  work_pls_i/zynq_ultra_ps_e_0/U0/buffer_pl_clk_0.PL_CLK_0_BUFG/O
    X2Y2 (CLOCK_ROOT)    net (fo=7597, routed)        1.856     2.082    work_pls_i/axi_smc/inst/s00_nodes/s00_w_node/inst/inst_mi_handler/gen_normal_area.inst_fifo_node_payld/gen_xpm_memory_fifo.inst_fifo/gen_mem_rep[0].inst_xpm_memory/xpm_memory_base_inst/gen_wr_a.gen_word_narrow.mem_reg_0_31_126_139/WCLK
    SLICE_X24Y9          RAMD32                                       r  work_pls_i/axi_smc/inst/s00_nodes/s00_w_node/inst/inst_mi_handler/gen_normal_area.inst_fifo_node_payld/gen_xpm_memory_fifo.inst_fifo/gen_mem_rep[0].inst_xpm_memory/xpm_memory_base_inst/gen_wr_a.gen_word_narrow.mem_reg_0_31_126_139/RAMB_D1/CLK
                         clock pessimism             -0.229     1.854    
    SLICE_X24Y9          RAMD32 (Hold_B6LUT_SLICEM_CLK_I)
                                                      0.060     1.914    work_pls_i/axi_smc/inst/s00_nodes/s00_w_node/inst/inst_mi_handler/gen_normal_area.inst_fifo_node_payld/gen_xpm_memory_fifo.inst_fifo/gen_mem_rep[0].inst_xpm_memory/xpm_memory_base_inst/gen_wr_a.gen_word_narrow.mem_reg_0_31_126_139/RAMB_D1
  -------------------------------------------------------------------
                         required time                         -1.914    
                         arrival time                           1.933    
  -------------------------------------------------------------------
                         slack                                  0.019    

Slack (MET) :             0.019ns  (arrival time - required time)
  Source:                 work_pls_i/axi_smc/inst/s00_nodes/s00_w_node/inst/inst_mi_handler/gen_normal_area.gen_upsizer.inst_upsizer/gen_w_ch.accum_reg[bytes][14][userdata][0]/C
                            (rising edge-triggered cell FDRE clocked by clk_pl_0  {rise@0.000ns fall@5.156ns period=10.312ns})
  Destination:            work_pls_i/axi_smc/inst/s00_nodes/s00_w_node/inst/inst_mi_handler/gen_normal_area.inst_fifo_node_payld/gen_xpm_memory_fifo.inst_fifo/gen_mem_rep[0].inst_xpm_memory/xpm_memory_base_inst/gen_wr_a.gen_word_narrow.mem_reg_0_31_140_153/RAMB_D1/I
                            (rising edge-triggered cell RAMD32 clocked by clk_pl_0  {rise@0.000ns fall@5.156ns period=10.312ns})
  Path Group:             clk_pl_0
  Path Type:              Hold (Min at Slow Process Corner)
  Requirement:            0.000ns  (clk_pl_0 rise@0.000ns - clk_pl_0 rise@0.000ns)
  Data Path Delay:        0.162ns  (logic 0.058ns (35.802%)  route 0.104ns (64.198%))
  Logic Levels:           0  
  Clock Path Skew:        0.083ns (DCD - SCD - CPR)
    Destination Clock Delay (DCD):    2.081ns
    Source Clock Delay      (SCD):    1.771ns
    Clock Pessimism Removal (CPR):    0.228ns
  Clock Net Delay (Source):      1.589ns (routing 0.423ns, distribution 1.166ns)
  Clock Net Delay (Destination): 1.855ns (routing 0.467ns, distribution 1.388ns)

    Location             Delay type                Incr(ns)  Path(ns)    Netlist Resource(s)
  -------------------------------------------------------------------    -------------------
                         (clock clk_pl_0 rise edge)
                                                      0.000     0.000 r  
    PS8_X0Y0             PS8                          0.000     0.000 r  work_pls_i/zynq_ultra_ps_e_0/U0/PS8_i/PLCLK[0]
                         net (fo=1, routed)           0.157     0.157    work_pls_i/zynq_ultra_ps_e_0/U0/pl_clk_unbuffered[0]
    BUFG_PS_X0Y58        BUFG_PS (Prop_BUFG_PS_I_O)
                                                      0.025     0.182 r  work_pls_i/zynq_ultra_ps_e_0/U0/buffer_pl_clk_0.PL_CLK_0_BUFG/O
    X2Y2 (CLOCK_ROOT)    net (fo=7597, routed)        1.589     1.771    work_pls_i/axi_smc/inst/s00_nodes/s00_w_node/inst/inst_mi_handler/gen_normal_area.gen_upsizer.inst_upsizer/s_sc_aclk
    SLICE_X25Y10         FDRE                                         r  work_pls_i/axi_smc/inst/s00_nodes/s00_w_node/inst/inst_mi_handler/gen_normal_area.gen_upsizer.inst_upsizer/gen_w_ch.accum_reg[bytes][14][userdata][0]/C
  -------------------------------------------------------------------    -------------------
    SLICE_X25Y10         FDRE (Prop_FFF_SLICEL_C_Q)
                                                      0.058     1.829 r  work_pls_i/axi_smc/inst/s00_nodes/s00_w_node/inst/inst_mi_handler/gen_normal_area.gen_upsizer.inst_upsizer/gen_w_ch.accum_reg[bytes][14][userdata][0]/Q
                         net (fo=1, routed)           0.104     1.933    work_pls_i/axi_smc/inst/s00_nodes/s00_w_node/inst/inst_mi_handler/gen_normal_area.inst_fifo_node_payld/gen_xpm_memory_fifo.inst_fifo/gen_mem_rep[0].inst_xpm_memory/xpm_memory_base_inst/gen_wr_a.gen_word_narrow.mem_reg_0_31_140_153/DIB1
    SLICE_X24Y10         RAMD32                                       r  work_pls_i/axi_smc/inst/s00_nodes/s00_w_node/inst/inst_mi_handler/gen_normal_area.inst_fifo_node_payld/gen_xpm_memory_fifo.inst_fifo/gen_mem_rep[0].inst_xpm_memory/xpm_memory_base_inst/gen_wr_a.gen_word_narrow.mem_reg_0_31_140_153/RAMB_D1/I
  -------------------------------------------------------------------    -------------------

                         (clock clk_pl_0 rise edge)
                                                      0.000     0.000 r  
    PS8_X0Y0             PS8                          0.000     0.000 r  work_pls_i/zynq_ultra_ps_e_0/U0/PS8_i/PLCLK[0]
                         net (fo=1, routed)           0.198     0.198    work_pls_i/zynq_ultra_ps_e_0/U0/pl_clk_unbuffered[0]
    BUFG_PS_X0Y58        BUFG_PS (Prop_BUFG_PS_I_O)
                                                      0.028     0.226 r  work_pls_i/zynq_ultra_ps_e_0/U0/buffer_pl_clk_0.PL_CLK_0_BUFG/O
    X2Y2 (CLOCK_ROOT)    net (fo=7597, routed)        1.855     2.081    work_pls_i/axi_smc/inst/s00_nodes/s00_w_node/inst/inst_mi_handler/gen_normal_area.inst_fifo_node_payld/gen_xpm_memory_fifo.inst_fifo/gen_mem_rep[0].inst_xpm_memory/xpm_memory_base_inst/gen_wr_a.gen_word_narrow.mem_reg_0_31_140_153/WCLK
    SLICE_X24Y10         RAMD32                                       r  work_pls_i/axi_smc/inst/s00_nodes/s00_w_node/inst/inst_mi_handler/gen_normal_area.inst_fifo_node_payld/gen_xpm_memory_fifo.inst_fifo/gen_mem_rep[0].inst_xpm_memory/xpm_memory_base_inst/gen_wr_a.gen_word_narrow.mem_reg_0_31_140_153/RAMB_D1/CLK
                         clock pessimism             -0.228     1.854    
    SLICE_X24Y10         RAMD32 (Hold_B6LUT_SLICEM_CLK_I)
                                                      0.060     1.914    work_pls_i/axi_smc/inst/s00_nodes/s00_w_node/inst/inst_mi_handler/gen_normal_area.inst_fifo_node_payld/gen_xpm_memory_fifo.inst_fifo/gen_mem_rep[0].inst_xpm_memory/xpm_memory_base_inst/gen_wr_a.gen_word_narrow.mem_reg_0_31_140_153/RAMB_D1
  -------------------------------------------------------------------
                         required time                         -1.914    
                         arrival time                           1.933    
  -------------------------------------------------------------------
                         slack                                  0.019    

Slack (MET) :             0.022ns  (arrival time - required time)
  Source:                 work_pls_i/Receiver_0/U0/sin_wave_demodulate_struct/dut/algorithm/fir_compiler_7_2/sin_wave_demodulate_fir_compiler_v7_2_i0_instance/U0/i_synth/g_single_rate.i_single_rate/g_parallel.g_paths[0].g_symmetric.g_data_array.g_data[7].g_data_buff.i_data_buf/g_buff.i_buff/gen_reg.d_reg_reg[3]/C
                            (rising edge-triggered cell FDRE clocked by clk_pl_0  {rise@0.000ns fall@5.156ns period=10.312ns})
  Destination:            work_pls_i/Receiver_0/U0/sin_wave_demodulate_struct/dut/algorithm/fir_compiler_7_2/sin_wave_demodulate_fir_compiler_v7_2_i0_instance/U0/i_synth/g_single_rate.i_single_rate/g_parallel.g_paths[0].g_symmetric.g_data_array.g_data[8].g_data_buff.i_data_buf/g_buff.i_buff/gen_reg.d_reg_reg[3]/D
                            (rising edge-triggered cell FDRE clocked by clk_pl_0  {rise@0.000ns fall@5.156ns period=10.312ns})
  Path Group:             clk_pl_0
  Path Type:              Hold (Min at Slow Process Corner)
  Requirement:            0.000ns  (clk_pl_0 rise@0.000ns - clk_pl_0 rise@0.000ns)
  Data Path Delay:        0.142ns  (logic 0.060ns (42.134%)  route 0.082ns (57.866%))
  Logic Levels:           0  
  Clock Path Skew:        0.059ns (DCD - SCD - CPR)
    Destination Clock Delay (DCD):    2.020ns
    Source Clock Delay      (SCD):    1.742ns
    Clock Pessimism Removal (CPR):    0.219ns
  Clock Net Delay (Source):      1.560ns (routing 0.423ns, distribution 1.137ns)
  Clock Net Delay (Destination): 1.794ns (routing 0.467ns, distribution 1.327ns)

    Location             Delay type                Incr(ns)  Path(ns)    Netlist Resource(s)
  -------------------------------------------------------------------    -------------------
                         (clock clk_pl_0 rise edge)
                                                      0.000     0.000 r  
    PS8_X0Y0             PS8                          0.000     0.000 r  work_pls_i/zynq_ultra_ps_e_0/U0/PS8_i/PLCLK[0]
                         net (fo=1, routed)           0.157     0.157    work_pls_i/zynq_ultra_ps_e_0/U0/pl_clk_unbuffered[0]
    BUFG_PS_X0Y58        BUFG_PS (Prop_BUFG_PS_I_O)
                                                      0.025     0.182 r  work_pls_i/zynq_ultra_ps_e_0/U0/buffer_pl_clk_0.PL_CLK_0_BUFG/O
    X2Y2 (CLOCK_ROOT)    net (fo=7597, routed)        1.560     1.742    work_pls_i/Receiver_0/U0/sin_wave_demodulate_struct/dut/algorithm/fir_compiler_7_2/sin_wave_demodulate_fir_compiler_v7_2_i0_instance/U0/i_synth/g_single_rate.i_single_rate/g_parallel.g_paths[0].g_symmetric.g_data_array.g_data[7].g_data_buff.i_data_buf/g_buff.i_buff/aclk
    SLICE_X31Y22         FDRE                                         r  work_pls_i/Receiver_0/U0/sin_wave_demodulate_struct/dut/algorithm/fir_compiler_7_2/sin_wave_demodulate_fir_compiler_v7_2_i0_instance/U0/i_synth/g_single_rate.i_single_rate/g_parallel.g_paths[0].g_symmetric.g_data_array.g_data[7].g_data_buff.i_data_buf/g_buff.i_buff/gen_reg.d_reg_reg[3]/C
  -------------------------------------------------------------------    -------------------
    SLICE_X31Y22         FDRE (Prop_BFF2_SLICEM_C_Q)
                                                      0.060     1.802 r  work_pls_i/Receiver_0/U0/sin_wave_demodulate_struct/dut/algorithm/fir_compiler_7_2/sin_wave_demodulate_fir_compiler_v7_2_i0_instance/U0/i_synth/g_single_rate.i_single_rate/g_parallel.g_paths[0].g_symmetric.g_data_array.g_data[7].g_data_buff.i_data_buf/g_buff.i_buff/gen_reg.d_reg_reg[3]/Q
                         net (fo=2, routed)           0.082     1.884    work_pls_i/Receiver_0/U0/sin_wave_demodulate_struct/dut/algorithm/fir_compiler_7_2/sin_wave_demodulate_fir_compiler_v7_2_i0_instance/U0/i_synth/g_single_rate.i_single_rate/g_parallel.g_paths[0].g_symmetric.g_data_array.g_data[8].g_data_buff.i_data_buf/g_buff.i_buff/gen_reg.d_reg_reg[3]_1
    SLICE_X31Y20         FDRE                                         r  work_pls_i/Receiver_0/U0/sin_wave_demodulate_struct/dut/algorithm/fir_compiler_7_2/sin_wave_demodulate_fir_compiler_v7_2_i0_instance/U0/i_synth/g_single_rate.i_single_rate/g_parallel.g_paths[0].g_symmetric.g_data_array.g_data[8].g_data_buff.i_data_buf/g_buff.i_buff/gen_reg.d_reg_reg[3]/D
  -------------------------------------------------------------------    -------------------

                         (clock clk_pl_0 rise edge)
                                                      0.000     0.000 r  
    PS8_X0Y0             PS8                          0.000     0.000 r  work_pls_i/zynq_ultra_ps_e_0/U0/PS8_i/PLCLK[0]
                         net (fo=1, routed)           0.198     0.198    work_pls_i/zynq_ultra_ps_e_0/U0/pl_clk_unbuffered[0]
    BUFG_PS_X0Y58        BUFG_PS (Prop_BUFG_PS_I_O)
                                                      0.028     0.226 r  work_pls_i/zynq_ultra_ps_e_0/U0/buffer_pl_clk_0.PL_CLK_0_BUFG/O
    X2Y2 (CLOCK_ROOT)    net (fo=7597, routed)        1.794     2.020    work_pls_i/Receiver_0/U0/sin_wave_demodulate_struct/dut/algorithm/fir_compiler_7_2/sin_wave_demodulate_fir_compiler_v7_2_i0_instance/U0/i_synth/g_single_rate.i_single_rate/g_parallel.g_paths[0].g_symmetric.g_data_array.g_data[8].g_data_buff.i_data_buf/g_buff.i_buff/aclk
    SLICE_X31Y20         FDRE                                         r  work_pls_i/Receiver_0/U0/sin_wave_demodulate_struct/dut/algorithm/fir_compiler_7_2/sin_wave_demodulate_fir_compiler_v7_2_i0_instance/U0/i_synth/g_single_rate.i_single_rate/g_parallel.g_paths[0].g_symmetric.g_data_array.g_data[8].g_data_buff.i_data_buf/g_buff.i_buff/gen_reg.d_reg_reg[3]/C
                         clock pessimism             -0.219     1.801    
    SLICE_X31Y20         FDRE (Hold_GFF2_SLICEM_C_D)
                                                      0.062     1.863    work_pls_i/Receiver_0/U0/sin_wave_demodulate_struct/dut/algorithm/fir_compiler_7_2/sin_wave_demodulate_fir_compiler_v7_2_i0_instance/U0/i_synth/g_single_rate.i_single_rate/g_parallel.g_paths[0].g_symmetric.g_data_array.g_data[8].g_data_buff.i_data_buf/g_buff.i_buff/gen_reg.d_reg_reg[3]
  -------------------------------------------------------------------
                         required time                         -1.863    
                         arrival time                           1.884    
  -------------------------------------------------------------------
                         slack                                  0.022    

Slack (MET) :             0.024ns  (arrival time - required time)
  Source:                 work_pls_i/Receiver_0/U0/sin_wave_demodulate_struct/dut/algorithm/fir_compiler_7_2/sin_wave_demodulate_fir_compiler_v7_2_i0_instance/U0/i_synth/g_single_rate.i_single_rate/g_parallel.g_paths[0].g_symmetric.g_data_array.g_data[5].g_data_buff.i_data_buf/g_buff.i_buff/gen_reg.d_reg_reg[6]/C
                            (rising edge-triggered cell FDRE clocked by clk_pl_0  {rise@0.000ns fall@5.156ns period=10.312ns})
  Destination:            work_pls_i/Receiver_0/U0/sin_wave_demodulate_struct/dut/algorithm/fir_compiler_7_2/sin_wave_demodulate_fir_compiler_v7_2_i0_instance/U0/i_synth/g_single_rate.i_single_rate/g_parallel.g_paths[0].g_symmetric.g_data_array.g_data[6].i_data_casc_dly/gen_dly.gen_shiftreg.gen_rtl_delay.delay_bus_reg[2][6]_srl3/D
                            (rising edge-triggered cell SRL16E clocked by clk_pl_0  {rise@0.000ns fall@5.156ns period=10.312ns})
  Path Group:             clk_pl_0
  Path Type:              Hold (Min at Slow Process Corner)
  Requirement:            0.000ns  (clk_pl_0 rise@0.000ns - clk_pl_0 rise@0.000ns)
  Data Path Delay:        0.145ns  (logic 0.060ns (41.443%)  route 0.085ns (58.557%))
  Logic Levels:           0  
  Clock Path Skew:        0.095ns (DCD - SCD - CPR)
    Destination Clock Delay (DCD):    2.054ns
    Source Clock Delay      (SCD):    1.740ns
    Clock Pessimism Removal (CPR):    0.219ns
  Clock Net Delay (Source):      1.558ns (routing 0.423ns, distribution 1.135ns)
  Clock Net Delay (Destination): 1.828ns (routing 0.467ns, distribution 1.361ns)

    Location             Delay type                Incr(ns)  Path(ns)    Netlist Resource(s)
  -------------------------------------------------------------------    -------------------
                         (clock clk_pl_0 rise edge)
                                                      0.000     0.000 r  
    PS8_X0Y0             PS8                          0.000     0.000 r  work_pls_i/zynq_ultra_ps_e_0/U0/PS8_i/PLCLK[0]
                         net (fo=1, routed)           0.157     0.157    work_pls_i/zynq_ultra_ps_e_0/U0/pl_clk_unbuffered[0]
    BUFG_PS_X0Y58        BUFG_PS (Prop_BUFG_PS_I_O)
                                                      0.025     0.182 r  work_pls_i/zynq_ultra_ps_e_0/U0/buffer_pl_clk_0.PL_CLK_0_BUFG/O
    X2Y2 (CLOCK_ROOT)    net (fo=7597, routed)        1.558     1.740    work_pls_i/Receiver_0/U0/sin_wave_demodulate_struct/dut/algorithm/fir_compiler_7_2/sin_wave_demodulate_fir_compiler_v7_2_i0_instance/U0/i_synth/g_single_rate.i_single_rate/g_parallel.g_paths[0].g_symmetric.g_data_array.g_data[5].g_data_buff.i_data_buf/g_buff.i_buff/aclk
    SLICE_X31Y29         FDRE                                         r  work_pls_i/Receiver_0/U0/sin_wave_demodulate_struct/dut/algorithm/fir_compiler_7_2/sin_wave_demodulate_fir_compiler_v7_2_i0_instance/U0/i_synth/g_single_rate.i_single_rate/g_parallel.g_paths[0].g_symmetric.g_data_array.g_data[5].g_data_buff.i_data_buf/g_buff.i_buff/gen_reg.d_reg_reg[6]/C
  -------------------------------------------------------------------    -------------------
    SLICE_X31Y29         FDRE (Prop_GFF2_SLICEM_C_Q)
                                                      0.060     1.800 r  work_pls_i/Receiver_0/U0/sin_wave_demodulate_struct/dut/algorithm/fir_compiler_7_2/sin_wave_demodulate_fir_compiler_v7_2_i0_instance/U0/i_synth/g_single_rate.i_single_rate/g_parallel.g_paths[0].g_symmetric.g_data_array.g_data[5].g_data_buff.i_data_buf/g_buff.i_buff/gen_reg.d_reg_reg[6]/Q
                         net (fo=2, routed)           0.085     1.885    work_pls_i/Receiver_0/U0/sin_wave_demodulate_struct/dut/algorithm/fir_compiler_7_2/sin_wave_demodulate_fir_compiler_v7_2_i0_instance/U0/i_synth/g_single_rate.i_single_rate/g_parallel.g_paths[0].g_symmetric.g_data_array.g_data[6].i_data_casc_dly/gen_dly.gen_shiftreg.gen_rtl_delay.delay_bus_reg[3][6]_0
    SLICE_X31Y27         SRL16E                                       r  work_pls_i/Receiver_0/U0/sin_wave_demodulate_struct/dut/algorithm/fir_compiler_7_2/sin_wave_demodulate_fir_compiler_v7_2_i0_instance/U0/i_synth/g_single_rate.i_single_rate/g_parallel.g_paths[0].g_symmetric.g_data_array.g_data[6].i_data_casc_dly/gen_dly.gen_shiftreg.gen_rtl_delay.delay_bus_reg[2][6]_srl3/D
  -------------------------------------------------------------------    -------------------

                         (clock clk_pl_0 rise edge)
                                                      0.000     0.000 r  
    PS8_X0Y0             PS8                          0.000     0.000 r  work_pls_i/zynq_ultra_ps_e_0/U0/PS8_i/PLCLK[0]
                         net (fo=1, routed)           0.198     0.198    work_pls_i/zynq_ultra_ps_e_0/U0/pl_clk_unbuffered[0]
    BUFG_PS_X0Y58        BUFG_PS (Prop_BUFG_PS_I_O)
                                                      0.028     0.226 r  work_pls_i/zynq_ultra_ps_e_0/U0/buffer_pl_clk_0.PL_CLK_0_BUFG/O
    X2Y2 (CLOCK_ROOT)    net (fo=7597, routed)        1.828     2.054    work_pls_i/Receiver_0/U0/sin_wave_demodulate_struct/dut/algorithm/fir_compiler_7_2/sin_wave_demodulate_fir_compiler_v7_2_i0_instance/U0/i_synth/g_single_rate.i_single_rate/g_parallel.g_paths[0].g_symmetric.g_data_array.g_data[6].i_data_casc_dly/aclk
    SLICE_X31Y27         SRL16E                                       r  work_pls_i/Receiver_0/U0/sin_wave_demodulate_struct/dut/algorithm/fir_compiler_7_2/sin_wave_demodulate_fir_compiler_v7_2_i0_instance/U0/i_synth/g_single_rate.i_single_rate/g_parallel.g_paths[0].g_symmetric.g_data_array.g_data[6].i_data_casc_dly/gen_dly.gen_shiftreg.gen_rtl_delay.delay_bus_reg[2][6]_srl3/CLK
                         clock pessimism             -0.219     1.835    
    SLICE_X31Y27         SRL16E (Hold_E6LUT_SLICEM_CLK_D)
                                                      0.026     1.861    work_pls_i/Receiver_0/U0/sin_wave_demodulate_struct/dut/algorithm/fir_compiler_7_2/sin_wave_demodulate_fir_compiler_v7_2_i0_instance/U0/i_synth/g_single_rate.i_single_rate/g_parallel.g_paths[0].g_symmetric.g_data_array.g_data[6].i_data_casc_dly/gen_dly.gen_shiftreg.gen_rtl_delay.delay_bus_reg[2][6]_srl3
  -------------------------------------------------------------------
                         required time                         -1.861    
                         arrival time                           1.885    
  -------------------------------------------------------------------
                         slack                                  0.024    

Slack (MET) :             0.025ns  (arrival time - required time)
  Source:                 work_pls_i/Receiver_0/U0/sin_wave_demodulate_struct/dut/algorithm/fir_compiler_7_2/sin_wave_demodulate_fir_compiler_v7_2_i0_instance/U0/i_synth/g_single_rate.i_single_rate/g_parallel.g_paths[0].g_symmetric.g_data_array.g_data[5].g_data_buff.i_data_buf/g_buff.i_buff/gen_reg.d_reg_reg[8]/C
                            (rising edge-triggered cell FDRE clocked by clk_pl_0  {rise@0.000ns fall@5.156ns period=10.312ns})
  Destination:            work_pls_i/Receiver_0/U0/sin_wave_demodulate_struct/dut/algorithm/fir_compiler_7_2/sin_wave_demodulate_fir_compiler_v7_2_i0_instance/U0/i_synth/g_single_rate.i_single_rate/g_parallel.g_paths[0].g_symmetric.g_data_array.g_data[6].i_data_casc_dly/gen_dly.gen_shiftreg.gen_rtl_delay.delay_bus_reg[2][8]_srl3/D
                            (rising edge-triggered cell SRL16E clocked by clk_pl_0  {rise@0.000ns fall@5.156ns period=10.312ns})
  Path Group:             clk_pl_0
  Path Type:              Hold (Min at Slow Process Corner)
  Requirement:            0.000ns  (clk_pl_0 rise@0.000ns - clk_pl_0 rise@0.000ns)
  Data Path Delay:        0.140ns  (logic 0.058ns (41.494%)  route 0.082ns (58.506%))
  Logic Levels:           0  
  Clock Path Skew:        0.095ns (DCD - SCD - CPR)
    Destination Clock Delay (DCD):    2.054ns
    Source Clock Delay      (SCD):    1.740ns
    Clock Pessimism Removal (CPR):    0.219ns
  Clock Net Delay (Source):      1.558ns (routing 0.423ns, distribution 1.135ns)
  Clock Net Delay (Destination): 1.828ns (routing 0.467ns, distribution 1.361ns)

    Location             Delay type                Incr(ns)  Path(ns)    Netlist Resource(s)
  -------------------------------------------------------------------    -------------------
                         (clock clk_pl_0 rise edge)
                                                      0.000     0.000 r  
    PS8_X0Y0             PS8                          0.000     0.000 r  work_pls_i/zynq_ultra_ps_e_0/U0/PS8_i/PLCLK[0]
                         net (fo=1, routed)           0.157     0.157    work_pls_i/zynq_ultra_ps_e_0/U0/pl_clk_unbuffered[0]
    BUFG_PS_X0Y58        BUFG_PS (Prop_BUFG_PS_I_O)
                                                      0.025     0.182 r  work_pls_i/zynq_ultra_ps_e_0/U0/buffer_pl_clk_0.PL_CLK_0_BUFG/O
    X2Y2 (CLOCK_ROOT)    net (fo=7597, routed)        1.558     1.740    work_pls_i/Receiver_0/U0/sin_wave_demodulate_struct/dut/algorithm/fir_compiler_7_2/sin_wave_demodulate_fir_compiler_v7_2_i0_instance/U0/i_synth/g_single_rate.i_single_rate/g_parallel.g_paths[0].g_symmetric.g_data_array.g_data[5].g_data_buff.i_data_buf/g_buff.i_buff/aclk
    SLICE_X31Y29         FDRE                                         r  work_pls_i/Receiver_0/U0/sin_wave_demodulate_struct/dut/algorithm/fir_compiler_7_2/sin_wave_demodulate_fir_compiler_v7_2_i0_instance/U0/i_synth/g_single_rate.i_single_rate/g_parallel.g_paths[0].g_symmetric.g_data_array.g_data[5].g_data_buff.i_data_buf/g_buff.i_buff/gen_reg.d_reg_reg[8]/C
  -------------------------------------------------------------------    -------------------
    SLICE_X31Y29         FDRE (Prop_HFF_SLICEM_C_Q)
                                                      0.058     1.798 r  work_pls_i/Receiver_0/U0/sin_wave_demodulate_struct/dut/algorithm/fir_compiler_7_2/sin_wave_demodulate_fir_compiler_v7_2_i0_instance/U0/i_synth/g_single_rate.i_single_rate/g_parallel.g_paths[0].g_symmetric.g_data_array.g_data[5].g_data_buff.i_data_buf/g_buff.i_buff/gen_reg.d_reg_reg[8]/Q
                         net (fo=2, routed)           0.082     1.880    work_pls_i/Receiver_0/U0/sin_wave_demodulate_struct/dut/algorithm/fir_compiler_7_2/sin_wave_demodulate_fir_compiler_v7_2_i0_instance/U0/i_synth/g_single_rate.i_single_rate/g_parallel.g_paths[0].g_symmetric.g_data_array.g_data[6].i_data_casc_dly/gen_dly.gen_shiftreg.gen_rtl_delay.delay_bus_reg[3][8]_0
    SLICE_X31Y27         SRL16E                                       r  work_pls_i/Receiver_0/U0/sin_wave_demodulate_struct/dut/algorithm/fir_compiler_7_2/sin_wave_demodulate_fir_compiler_v7_2_i0_instance/U0/i_synth/g_single_rate.i_single_rate/g_parallel.g_paths[0].g_symmetric.g_data_array.g_data[6].i_data_casc_dly/gen_dly.gen_shiftreg.gen_rtl_delay.delay_bus_reg[2][8]_srl3/D
  -------------------------------------------------------------------    -------------------

                         (clock clk_pl_0 rise edge)
                                                      0.000     0.000 r  
    PS8_X0Y0             PS8                          0.000     0.000 r  work_pls_i/zynq_ultra_ps_e_0/U0/PS8_i/PLCLK[0]
                         net (fo=1, routed)           0.198     0.198    work_pls_i/zynq_ultra_ps_e_0/U0/pl_clk_unbuffered[0]
    BUFG_PS_X0Y58        BUFG_PS (Prop_BUFG_PS_I_O)
                                                      0.028     0.226 r  work_pls_i/zynq_ultra_ps_e_0/U0/buffer_pl_clk_0.PL_CLK_0_BUFG/O
    X2Y2 (CLOCK_ROOT)    net (fo=7597, routed)        1.828     2.054    work_pls_i/Receiver_0/U0/sin_wave_demodulate_struct/dut/algorithm/fir_compiler_7_2/sin_wave_demodulate_fir_compiler_v7_2_i0_instance/U0/i_synth/g_single_rate.i_single_rate/g_parallel.g_paths[0].g_symmetric.g_data_array.g_data[6].i_data_casc_dly/aclk
    SLICE_X31Y27         SRL16E                                       r  work_pls_i/Receiver_0/U0/sin_wave_demodulate_struct/dut/algorithm/fir_compiler_7_2/sin_wave_demodulate_fir_compiler_v7_2_i0_instance/U0/i_synth/g_single_rate.i_single_rate/g_parallel.g_paths[0].g_symmetric.g_data_array.g_data[6].i_data_casc_dly/gen_dly.gen_shiftreg.gen_rtl_delay.delay_bus_reg[2][8]_srl3/CLK
                         clock pessimism             -0.219     1.835    
    SLICE_X31Y27         SRL16E (Hold_G6LUT_SLICEM_CLK_D)
                                                      0.020     1.855    work_pls_i/Receiver_0/U0/sin_wave_demodulate_struct/dut/algorithm/fir_compiler_7_2/sin_wave_demodulate_fir_compiler_v7_2_i0_instance/U0/i_synth/g_single_rate.i_single_rate/g_parallel.g_paths[0].g_symmetric.g_data_array.g_data[6].i_data_casc_dly/gen_dly.gen_shiftreg.gen_rtl_delay.delay_bus_reg[2][8]_srl3
  -------------------------------------------------------------------
                         required time                         -1.855    
                         arrival time                           1.880    
  -------------------------------------------------------------------
                         slack                                  0.025    

Slack (MET) :             0.025ns  (arrival time - required time)
  Source:                 work_pls_i/Receiver_0/U0/sin_wave_demodulate_struct/dut/algorithm/fir_compiler_7_2/sin_wave_demodulate_fir_compiler_v7_2_i0_instance/U0/i_synth/g_single_rate.i_single_rate/g_parallel.g_paths[0].g_symmetric.g_data_sym_array.g_data_sym[8].g_data_sym_casc_buff.i_data_sym_casc_buff/g_buff.i_buff/gen_dly.gen_shiftreg.gen_rtl_delay.delay_bus_reg[1][9]/C
                            (rising edge-triggered cell FDRE clocked by clk_pl_0  {rise@0.000ns fall@5.156ns period=10.312ns})
  Destination:            work_pls_i/Receiver_0/U0/sin_wave_demodulate_struct/dut/algorithm/fir_compiler_7_2/sin_wave_demodulate_fir_compiler_v7_2_i0_instance/U0/i_synth/g_single_rate.i_single_rate/g_parallel.g_paths[0].g_symmetric.g_data_sym_array.g_data_sym[7].g_data_sym_casc_buff.i_data_sym_casc_buff/g_buff.i_buff/gen_dly.gen_shiftreg.gen_rtl_delay.delay_bus_reg[0][9]_srl1/D
                            (rising edge-triggered cell SRL16E clocked by clk_pl_0  {rise@0.000ns fall@5.156ns period=10.312ns})
  Path Group:             clk_pl_0
  Path Type:              Hold (Min at Slow Process Corner)
  Requirement:            0.000ns  (clk_pl_0 rise@0.000ns - clk_pl_0 rise@0.000ns)
  Data Path Delay:        0.136ns  (logic 0.058ns (42.717%)  route 0.078ns (57.283%))
  Logic Levels:           0  
  Clock Path Skew:        0.079ns (DCD - SCD - CPR)
    Destination Clock Delay (DCD):    2.052ns
    Source Clock Delay      (SCD):    1.754ns
    Clock Pessimism Removal (CPR):    0.219ns
  Clock Net Delay (Source):      1.572ns (routing 0.423ns, distribution 1.149ns)
  Clock Net Delay (Destination): 1.826ns (routing 0.467ns, distribution 1.359ns)

    Location             Delay type                Incr(ns)  Path(ns)    Netlist Resource(s)
  -------------------------------------------------------------------    -------------------
                         (clock clk_pl_0 rise edge)
                                                      0.000     0.000 r  
    PS8_X0Y0             PS8                          0.000     0.000 r  work_pls_i/zynq_ultra_ps_e_0/U0/PS8_i/PLCLK[0]
                         net (fo=1, routed)           0.157     0.157    work_pls_i/zynq_ultra_ps_e_0/U0/pl_clk_unbuffered[0]
    BUFG_PS_X0Y58        BUFG_PS (Prop_BUFG_PS_I_O)
                                                      0.025     0.182 r  work_pls_i/zynq_ultra_ps_e_0/U0/buffer_pl_clk_0.PL_CLK_0_BUFG/O
    X2Y2 (CLOCK_ROOT)    net (fo=7597, routed)        1.572     1.754    work_pls_i/Receiver_0/U0/sin_wave_demodulate_struct/dut/algorithm/fir_compiler_7_2/sin_wave_demodulate_fir_compiler_v7_2_i0_instance/U0/i_synth/g_single_rate.i_single_rate/g_parallel.g_paths[0].g_symmetric.g_data_sym_array.g_data_sym[8].g_data_sym_casc_buff.i_data_sym_casc_buff/g_buff.i_buff/aclk
    SLICE_X30Y21         FDRE                                         r  work_pls_i/Receiver_0/U0/sin_wave_demodulate_struct/dut/algorithm/fir_compiler_7_2/sin_wave_demodulate_fir_compiler_v7_2_i0_instance/U0/i_synth/g_single_rate.i_single_rate/g_parallel.g_paths[0].g_symmetric.g_data_sym_array.g_data_sym[8].g_data_sym_casc_buff.i_data_sym_casc_buff/g_buff.i_buff/gen_dly.gen_shiftreg.gen_rtl_delay.delay_bus_reg[1][9]/C
  -------------------------------------------------------------------    -------------------
    SLICE_X30Y21         FDRE (Prop_HFF_SLICEM_C_Q)
                                                      0.058     1.812 r  work_pls_i/Receiver_0/U0/sin_wave_demodulate_struct/dut/algorithm/fir_compiler_7_2/sin_wave_demodulate_fir_compiler_v7_2_i0_instance/U0/i_synth/g_single_rate.i_single_rate/g_parallel.g_paths[0].g_symmetric.g_data_sym_array.g_data_sym[8].g_data_sym_casc_buff.i_data_sym_casc_buff/g_buff.i_buff/gen_dly.gen_shiftreg.gen_rtl_delay.delay_bus_reg[1][9]/Q
                         net (fo=2, routed)           0.078     1.890    work_pls_i/Receiver_0/U0/sin_wave_demodulate_struct/dut/algorithm/fir_compiler_7_2/sin_wave_demodulate_fir_compiler_v7_2_i0_instance/U0/i_synth/g_single_rate.i_single_rate/g_parallel.g_paths[0].g_symmetric.g_data_sym_array.g_data_sym[7].g_data_sym_casc_buff.i_data_sym_casc_buff/g_buff.i_buff/A[7]
    SLICE_X30Y23         SRL16E                                       r  work_pls_i/Receiver_0/U0/sin_wave_demodulate_struct/dut/algorithm/fir_compiler_7_2/sin_wave_demodulate_fir_compiler_v7_2_i0_instance/U0/i_synth/g_single_rate.i_single_rate/g_parallel.g_paths[0].g_symmetric.g_data_sym_array.g_data_sym[7].g_data_sym_casc_buff.i_data_sym_casc_buff/g_buff.i_buff/gen_dly.gen_shiftreg.gen_rtl_delay.delay_bus_reg[0][9]_srl1/D
  -------------------------------------------------------------------    -------------------

                         (clock clk_pl_0 rise edge)
                                                      0.000     0.000 r  
    PS8_X0Y0             PS8                          0.000     0.000 r  work_pls_i/zynq_ultra_ps_e_0/U0/PS8_i/PLCLK[0]
                         net (fo=1, routed)           0.198     0.198    work_pls_i/zynq_ultra_ps_e_0/U0/pl_clk_unbuffered[0]
    BUFG_PS_X0Y58        BUFG_PS (Prop_BUFG_PS_I_O)
                                                      0.028     0.226 r  work_pls_i/zynq_ultra_ps_e_0/U0/buffer_pl_clk_0.PL_CLK_0_BUFG/O
    X2Y2 (CLOCK_ROOT)    net (fo=7597, routed)        1.826     2.052    work_pls_i/Receiver_0/U0/sin_wave_demodulate_struct/dut/algorithm/fir_compiler_7_2/sin_wave_demodulate_fir_compiler_v7_2_i0_instance/U0/i_synth/g_single_rate.i_single_rate/g_parallel.g_paths[0].g_symmetric.g_data_sym_array.g_data_sym[7].g_data_sym_casc_buff.i_data_sym_casc_buff/g_buff.i_buff/aclk
    SLICE_X30Y23         SRL16E                                       r  work_pls_i/Receiver_0/U0/sin_wave_demodulate_struct/dut/algorithm/fir_compiler_7_2/sin_wave_demodulate_fir_compiler_v7_2_i0_instance/U0/i_synth/g_single_rate.i_single_rate/g_parallel.g_paths[0].g_symmetric.g_data_sym_array.g_data_sym[7].g_data_sym_casc_buff.i_data_sym_casc_buff/g_buff.i_buff/gen_dly.gen_shiftreg.gen_rtl_delay.delay_bus_reg[0][9]_srl1/CLK
                         clock pessimism             -0.219     1.833    
    SLICE_X30Y23         SRL16E (Hold_H6LUT_SLICEM_CLK_D)
                                                      0.032     1.865    work_pls_i/Receiver_0/U0/sin_wave_demodulate_struct/dut/algorithm/fir_compiler_7_2/sin_wave_demodulate_fir_compiler_v7_2_i0_instance/U0/i_synth/g_single_rate.i_single_rate/g_parallel.g_paths[0].g_symmetric.g_data_sym_array.g_data_sym[7].g_data_sym_casc_buff.i_data_sym_casc_buff/g_buff.i_buff/gen_dly.gen_shiftreg.gen_rtl_delay.delay_bus_reg[0][9]_srl1
  -------------------------------------------------------------------
                         required time                         -1.865    
                         arrival time                           1.890    
  -------------------------------------------------------------------
                         slack                                  0.025    

Slack (MET) :             0.025ns  (arrival time - required time)
  Source:                 work_pls_i/axi_dma/U0/I_PRMRY_DATAMOVER/GEN_S2MM_FULL.I_S2MM_FULL_WRAPPER/ENABLE_AXIS_SKID.I_S2MM_STRM_SKID_BUF/sig_data_reg_out_reg[29]/C
                            (rising edge-triggered cell FDRE clocked by clk_pl_0  {rise@0.000ns fall@5.156ns period=10.312ns})
  Destination:            work_pls_i/axi_dma/U0/I_PRMRY_DATAMOVER/GEN_S2MM_FULL.I_S2MM_FULL_WRAPPER/GEN_INCLUDE_REALIGNER.I_S2MM_REALIGNER/GEN_INCLUDE_SCATTER.I_S2MM_SCATTER/I_MSSAI_SKID_BUF/sig_data_reg_out_reg[29]/D
                            (rising edge-triggered cell FDRE clocked by clk_pl_0  {rise@0.000ns fall@5.156ns period=10.312ns})
  Path Group:             clk_pl_0
  Path Type:              Hold (Min at Slow Process Corner)
  Requirement:            0.000ns  (clk_pl_0 rise@0.000ns - clk_pl_0 rise@0.000ns)
  Data Path Delay:        0.166ns  (logic 0.080ns (48.103%)  route 0.086ns (51.897%))
  Logic Levels:           1  (LUT3=1)
  Clock Path Skew:        0.081ns (DCD - SCD - CPR)
    Destination Clock Delay (DCD):    1.978ns
    Source Clock Delay      (SCD):    1.727ns
    Clock Pessimism Removal (CPR):    0.171ns
  Clock Net Delay (Source):      1.545ns (routing 0.423ns, distribution 1.122ns)
  Clock Net Delay (Destination): 1.752ns (routing 0.467ns, distribution 1.285ns)

    Location             Delay type                Incr(ns)  Path(ns)    Netlist Resource(s)
  -------------------------------------------------------------------    -------------------
                         (clock clk_pl_0 rise edge)
                                                      0.000     0.000 r  
    PS8_X0Y0             PS8                          0.000     0.000 r  work_pls_i/zynq_ultra_ps_e_0/U0/PS8_i/PLCLK[0]
                         net (fo=1, routed)           0.157     0.157    work_pls_i/zynq_ultra_ps_e_0/U0/pl_clk_unbuffered[0]
    BUFG_PS_X0Y58        BUFG_PS (Prop_BUFG_PS_I_O)
                                                      0.025     0.182 r  work_pls_i/zynq_ultra_ps_e_0/U0/buffer_pl_clk_0.PL_CLK_0_BUFG/O
    X2Y2 (CLOCK_ROOT)    net (fo=7597, routed)        1.545     1.727    work_pls_i/axi_dma/U0/I_PRMRY_DATAMOVER/GEN_S2MM_FULL.I_S2MM_FULL_WRAPPER/ENABLE_AXIS_SKID.I_S2MM_STRM_SKID_BUF/m_axi_s2mm_aclk
    SLICE_X34Y25         FDRE                                         r  work_pls_i/axi_dma/U0/I_PRMRY_DATAMOVER/GEN_S2MM_FULL.I_S2MM_FULL_WRAPPER/ENABLE_AXIS_SKID.I_S2MM_STRM_SKID_BUF/sig_data_reg_out_reg[29]/C
  -------------------------------------------------------------------    -------------------
    SLICE_X34Y25         FDRE (Prop_CFF_SLICEM_C_Q)
                                                      0.058     1.785 r  work_pls_i/axi_dma/U0/I_PRMRY_DATAMOVER/GEN_S2MM_FULL.I_S2MM_FULL_WRAPPER/ENABLE_AXIS_SKID.I_S2MM_STRM_SKID_BUF/sig_data_reg_out_reg[29]/Q
                         net (fo=2, routed)           0.064     1.849    work_pls_i/axi_dma/U0/I_PRMRY_DATAMOVER/GEN_S2MM_FULL.I_S2MM_FULL_WRAPPER/GEN_INCLUDE_REALIGNER.I_S2MM_REALIGNER/GEN_INCLUDE_SCATTER.I_S2MM_SCATTER/I_MSSAI_SKID_BUF/sig_data_skid_reg_reg[31]_0[29]
    SLICE_X33Y24         LUT3 (Prop_G6LUT_SLICEL_I1_O)
                                                      0.022     1.871 r  work_pls_i/axi_dma/U0/I_PRMRY_DATAMOVER/GEN_S2MM_FULL.I_S2MM_FULL_WRAPPER/GEN_INCLUDE_REALIGNER.I_S2MM_REALIGNER/GEN_INCLUDE_SCATTER.I_S2MM_SCATTER/I_MSSAI_SKID_BUF/sig_data_reg_out[29]_i_1/O
                         net (fo=1, routed)           0.022     1.893    work_pls_i/axi_dma/U0/I_PRMRY_DATAMOVER/GEN_S2MM_FULL.I_S2MM_FULL_WRAPPER/GEN_INCLUDE_REALIGNER.I_S2MM_REALIGNER/GEN_INCLUDE_SCATTER.I_S2MM_SCATTER/I_MSSAI_SKID_BUF/sig_data_skid_mux_out[29]
    SLICE_X33Y24         FDRE                                         r  work_pls_i/axi_dma/U0/I_PRMRY_DATAMOVER/GEN_S2MM_FULL.I_S2MM_FULL_WRAPPER/GEN_INCLUDE_REALIGNER.I_S2MM_REALIGNER/GEN_INCLUDE_SCATTER.I_S2MM_SCATTER/I_MSSAI_SKID_BUF/sig_data_reg_out_reg[29]/D
  -------------------------------------------------------------------    -------------------

                         (clock clk_pl_0 rise edge)
                                                      0.000     0.000 r  
    PS8_X0Y0             PS8                          0.000     0.000 r  work_pls_i/zynq_ultra_ps_e_0/U0/PS8_i/PLCLK[0]
                         net (fo=1, routed)           0.198     0.198    work_pls_i/zynq_ultra_ps_e_0/U0/pl_clk_unbuffered[0]
    BUFG_PS_X0Y58        BUFG_PS (Prop_BUFG_PS_I_O)
                                                      0.028     0.226 r  work_pls_i/zynq_ultra_ps_e_0/U0/buffer_pl_clk_0.PL_CLK_0_BUFG/O
    X2Y2 (CLOCK_ROOT)    net (fo=7597, routed)        1.752     1.978    work_pls_i/axi_dma/U0/I_PRMRY_DATAMOVER/GEN_S2MM_FULL.I_S2MM_FULL_WRAPPER/GEN_INCLUDE_REALIGNER.I_S2MM_REALIGNER/GEN_INCLUDE_SCATTER.I_S2MM_SCATTER/I_MSSAI_SKID_BUF/m_axi_s2mm_aclk
    SLICE_X33Y24         FDRE                                         r  work_pls_i/axi_dma/U0/I_PRMRY_DATAMOVER/GEN_S2MM_FULL.I_S2MM_FULL_WRAPPER/GEN_INCLUDE_REALIGNER.I_S2MM_REALIGNER/GEN_INCLUDE_SCATTER.I_S2MM_SCATTER/I_MSSAI_SKID_BUF/sig_data_reg_out_reg[29]/C
                         clock pessimism             -0.171     1.808    
    SLICE_X33Y24         FDRE (Hold_GFF_SLICEL_C_D)
                                                      0.060     1.868    work_pls_i/axi_dma/U0/I_PRMRY_DATAMOVER/GEN_S2MM_FULL.I_S2MM_FULL_WRAPPER/GEN_INCLUDE_REALIGNER.I_S2MM_REALIGNER/GEN_INCLUDE_SCATTER.I_S2MM_SCATTER/I_MSSAI_SKID_BUF/sig_data_reg_out_reg[29]
  -------------------------------------------------------------------
                         required time                         -1.868    
                         arrival time                           1.893    
  -------------------------------------------------------------------
                         slack                                  0.025    

Slack (MET) :             0.026ns  (arrival time - required time)
  Source:                 work_pls_i/axi_dma/U0/I_PRMRY_DATAMOVER/GEN_S2MM_FULL.I_S2MM_FULL_WRAPPER/GEN_INCLUDE_IBTTCC.I_S2MM_MSTR_IBTTCC/sig_child_addr_cntr_lsh_reg[6]/C
                            (rising edge-triggered cell FDRE clocked by clk_pl_0  {rise@0.000ns fall@5.156ns period=10.312ns})
  Destination:            work_pls_i/axi_dma/U0/I_PRMRY_DATAMOVER/GEN_S2MM_FULL.I_S2MM_FULL_WRAPPER/GEN_INCLUDE_IBTTCC.I_S2MM_MSTR_IBTTCC/sig_xfer_addr_reg_reg[6]/D
                            (rising edge-triggered cell FDRE clocked by clk_pl_0  {rise@0.000ns fall@5.156ns period=10.312ns})
  Path Group:             clk_pl_0
  Path Type:              Hold (Min at Slow Process Corner)
  Requirement:            0.000ns  (clk_pl_0 rise@0.000ns - clk_pl_0 rise@0.000ns)
  Data Path Delay:        0.194ns  (logic 0.059ns (30.399%)  route 0.135ns (69.601%))
  Logic Levels:           0  
  Clock Path Skew:        0.108ns (DCD - SCD - CPR)
    Destination Clock Delay (DCD):    2.024ns
    Source Clock Delay      (SCD):    1.746ns
    Clock Pessimism Removal (CPR):    0.170ns
  Clock Net Delay (Source):      1.564ns (routing 0.423ns, distribution 1.141ns)
  Clock Net Delay (Destination): 1.798ns (routing 0.467ns, distribution 1.331ns)

    Location             Delay type                Incr(ns)  Path(ns)    Netlist Resource(s)
  -------------------------------------------------------------------    -------------------
                         (clock clk_pl_0 rise edge)
                                                      0.000     0.000 r  
    PS8_X0Y0             PS8                          0.000     0.000 r  work_pls_i/zynq_ultra_ps_e_0/U0/PS8_i/PLCLK[0]
                         net (fo=1, routed)           0.157     0.157    work_pls_i/zynq_ultra_ps_e_0/U0/pl_clk_unbuffered[0]
    BUFG_PS_X0Y58        BUFG_PS (Prop_BUFG_PS_I_O)
                                                      0.025     0.182 r  work_pls_i/zynq_ultra_ps_e_0/U0/buffer_pl_clk_0.PL_CLK_0_BUFG/O
    X2Y2 (CLOCK_ROOT)    net (fo=7597, routed)        1.564     1.746    work_pls_i/axi_dma/U0/I_PRMRY_DATAMOVER/GEN_S2MM_FULL.I_S2MM_FULL_WRAPPER/GEN_INCLUDE_IBTTCC.I_S2MM_MSTR_IBTTCC/m_axi_s2mm_aclk
    SLICE_X25Y33         FDRE                                         r  work_pls_i/axi_dma/U0/I_PRMRY_DATAMOVER/GEN_S2MM_FULL.I_S2MM_FULL_WRAPPER/GEN_INCLUDE_IBTTCC.I_S2MM_MSTR_IBTTCC/sig_child_addr_cntr_lsh_reg[6]/C
  -------------------------------------------------------------------    -------------------
    SLICE_X25Y33         FDRE (Prop_GFF_SLICEL_C_Q)
                                                      0.059     1.805 r  work_pls_i/axi_dma/U0/I_PRMRY_DATAMOVER/GEN_S2MM_FULL.I_S2MM_FULL_WRAPPER/GEN_INCLUDE_IBTTCC.I_S2MM_MSTR_IBTTCC/sig_child_addr_cntr_lsh_reg[6]/Q
                         net (fo=4, routed)           0.135     1.940    work_pls_i/axi_dma/U0/I_PRMRY_DATAMOVER/GEN_S2MM_FULL.I_S2MM_FULL_WRAPPER/GEN_INCLUDE_IBTTCC.I_S2MM_MSTR_IBTTCC/sig_child_addr_cntr_lsh_reg[6]
    SLICE_X25Y29         FDRE                                         r  work_pls_i/axi_dma/U0/I_PRMRY_DATAMOVER/GEN_S2MM_FULL.I_S2MM_FULL_WRAPPER/GEN_INCLUDE_IBTTCC.I_S2MM_MSTR_IBTTCC/sig_xfer_addr_reg_reg[6]/D
  -------------------------------------------------------------------    -------------------

                         (clock clk_pl_0 rise edge)
                                                      0.000     0.000 r  
    PS8_X0Y0             PS8                          0.000     0.000 r  work_pls_i/zynq_ultra_ps_e_0/U0/PS8_i/PLCLK[0]
                         net (fo=1, routed)           0.198     0.198    work_pls_i/zynq_ultra_ps_e_0/U0/pl_clk_unbuffered[0]
    BUFG_PS_X0Y58        BUFG_PS (Prop_BUFG_PS_I_O)
                                                      0.028     0.226 r  work_pls_i/zynq_ultra_ps_e_0/U0/buffer_pl_clk_0.PL_CLK_0_BUFG/O
    X2Y2 (CLOCK_ROOT)    net (fo=7597, routed)        1.798     2.024    work_pls_i/axi_dma/U0/I_PRMRY_DATAMOVER/GEN_S2MM_FULL.I_S2MM_FULL_WRAPPER/GEN_INCLUDE_IBTTCC.I_S2MM_MSTR_IBTTCC/m_axi_s2mm_aclk
    SLICE_X25Y29         FDRE                                         r  work_pls_i/axi_dma/U0/I_PRMRY_DATAMOVER/GEN_S2MM_FULL.I_S2MM_FULL_WRAPPER/GEN_INCLUDE_IBTTCC.I_S2MM_MSTR_IBTTCC/sig_xfer_addr_reg_reg[6]/C
                         clock pessimism             -0.170     1.854    
    SLICE_X25Y29         FDRE (Hold_HFF_SLICEL_C_D)
                                                      0.060     1.914    work_pls_i/axi_dma/U0/I_PRMRY_DATAMOVER/GEN_S2MM_FULL.I_S2MM_FULL_WRAPPER/GEN_INCLUDE_IBTTCC.I_S2MM_MSTR_IBTTCC/sig_xfer_addr_reg_reg[6]
  -------------------------------------------------------------------
                         required time                         -1.914    
                         arrival time                           1.940    
  -------------------------------------------------------------------
                         slack                                  0.026    

Slack (MET) :             0.027ns  (arrival time - required time)
  Source:                 work_pls_i/Receiver_0/U0/sin_wave_demodulate_struct/dut/algorithm/fir_compiler_7_2/sin_wave_demodulate_fir_compiler_v7_2_i0_instance/U0/i_synth/g_single_rate.i_single_rate/g_parallel.g_paths[0].g_symmetric.g_data_sym_array.g_data_sym[8].g_data_sym_casc_buff.i_data_sym_casc_buff/g_buff.i_buff/gen_dly.gen_shiftreg.gen_rtl_delay.delay_bus_reg[1][10]/C
                            (rising edge-triggered cell FDRE clocked by clk_pl_0  {rise@0.000ns fall@5.156ns period=10.312ns})
  Destination:            work_pls_i/Receiver_0/U0/sin_wave_demodulate_struct/dut/algorithm/fir_compiler_7_2/sin_wave_demodulate_fir_compiler_v7_2_i0_instance/U0/i_synth/g_single_rate.i_single_rate/g_parallel.g_paths[0].g_symmetric.g_data_sym_array.g_data_sym[7].g_data_sym_casc_buff.i_data_sym_casc_buff/g_buff.i_buff/gen_dly.gen_shiftreg.gen_rtl_delay.delay_bus_reg[0][10]_srl1/D
                            (rising edge-triggered cell SRL16E clocked by clk_pl_0  {rise@0.000ns fall@5.156ns period=10.312ns})
  Path Group:             clk_pl_0
  Path Type:              Hold (Min at Slow Process Corner)
  Requirement:            0.000ns  (clk_pl_0 rise@0.000ns - clk_pl_0 rise@0.000ns)
  Data Path Delay:        0.160ns  (logic 0.060ns (37.568%)  route 0.100ns (62.432%))
  Logic Levels:           0  
  Clock Path Skew:        0.078ns (DCD - SCD - CPR)
    Destination Clock Delay (DCD):    2.052ns
    Source Clock Delay      (SCD):    1.755ns
    Clock Pessimism Removal (CPR):    0.219ns
  Clock Net Delay (Source):      1.573ns (routing 0.423ns, distribution 1.150ns)
  Clock Net Delay (Destination): 1.826ns (routing 0.467ns, distribution 1.359ns)

    Location             Delay type                Incr(ns)  Path(ns)    Netlist Resource(s)
  -------------------------------------------------------------------    -------------------
                         (clock clk_pl_0 rise edge)
                                                      0.000     0.000 r  
    PS8_X0Y0             PS8                          0.000     0.000 r  work_pls_i/zynq_ultra_ps_e_0/U0/PS8_i/PLCLK[0]
                         net (fo=1, routed)           0.157     0.157    work_pls_i/zynq_ultra_ps_e_0/U0/pl_clk_unbuffered[0]
    BUFG_PS_X0Y58        BUFG_PS (Prop_BUFG_PS_I_O)
                                                      0.025     0.182 r  work_pls_i/zynq_ultra_ps_e_0/U0/buffer_pl_clk_0.PL_CLK_0_BUFG/O
    X2Y2 (CLOCK_ROOT)    net (fo=7597, routed)        1.573     1.755    work_pls_i/Receiver_0/U0/sin_wave_demodulate_struct/dut/algorithm/fir_compiler_7_2/sin_wave_demodulate_fir_compiler_v7_2_i0_instance/U0/i_synth/g_single_rate.i_single_rate/g_parallel.g_paths[0].g_symmetric.g_data_sym_array.g_data_sym[8].g_data_sym_casc_buff.i_data_sym_casc_buff/g_buff.i_buff/aclk
    SLICE_X30Y21         FDRE                                         r  work_pls_i/Receiver_0/U0/sin_wave_demodulate_struct/dut/algorithm/fir_compiler_7_2/sin_wave_demodulate_fir_compiler_v7_2_i0_instance/U0/i_synth/g_single_rate.i_single_rate/g_parallel.g_paths[0].g_symmetric.g_data_sym_array.g_data_sym[8].g_data_sym_casc_buff.i_data_sym_casc_buff/g_buff.i_buff/gen_dly.gen_shiftreg.gen_rtl_delay.delay_bus_reg[1][10]/C
  -------------------------------------------------------------------    -------------------
    SLICE_X30Y21         FDRE (Prop_AFF2_SLICEM_C_Q)
                                                      0.060     1.815 r  work_pls_i/Receiver_0/U0/sin_wave_demodulate_struct/dut/algorithm/fir_compiler_7_2/sin_wave_demodulate_fir_compiler_v7_2_i0_instance/U0/i_synth/g_single_rate.i_single_rate/g_parallel.g_paths[0].g_symmetric.g_data_sym_array.g_data_sym[8].g_data_sym_casc_buff.i_data_sym_casc_buff/g_buff.i_buff/gen_dly.gen_shiftreg.gen_rtl_delay.delay_bus_reg[1][10]/Q
                         net (fo=2, routed)           0.100     1.915    work_pls_i/Receiver_0/U0/sin_wave_demodulate_struct/dut/algorithm/fir_compiler_7_2/sin_wave_demodulate_fir_compiler_v7_2_i0_instance/U0/i_synth/g_single_rate.i_single_rate/g_parallel.g_paths[0].g_symmetric.g_data_sym_array.g_data_sym[7].g_data_sym_casc_buff.i_data_sym_casc_buff/g_buff.i_buff/A[8]
    SLICE_X30Y23         SRL16E                                       r  work_pls_i/Receiver_0/U0/sin_wave_demodulate_struct/dut/algorithm/fir_compiler_7_2/sin_wave_demodulate_fir_compiler_v7_2_i0_instance/U0/i_synth/g_single_rate.i_single_rate/g_parallel.g_paths[0].g_symmetric.g_data_sym_array.g_data_sym[7].g_data_sym_casc_buff.i_data_sym_casc_buff/g_buff.i_buff/gen_dly.gen_shiftreg.gen_rtl_delay.delay_bus_reg[0][10]_srl1/D
  -------------------------------------------------------------------    -------------------

                         (clock clk_pl_0 rise edge)
                                                      0.000     0.000 r  
    PS8_X0Y0             PS8                          0.000     0.000 r  work_pls_i/zynq_ultra_ps_e_0/U0/PS8_i/PLCLK[0]
                         net (fo=1, routed)           0.198     0.198    work_pls_i/zynq_ultra_ps_e_0/U0/pl_clk_unbuffered[0]
    BUFG_PS_X0Y58        BUFG_PS (Prop_BUFG_PS_I_O)
                                                      0.028     0.226 r  work_pls_i/zynq_ultra_ps_e_0/U0/buffer_pl_clk_0.PL_CLK_0_BUFG/O
    X2Y2 (CLOCK_ROOT)    net (fo=7597, routed)        1.826     2.052    work_pls_i/Receiver_0/U0/sin_wave_demodulate_struct/dut/algorithm/fir_compiler_7_2/sin_wave_demodulate_fir_compiler_v7_2_i0_instance/U0/i_synth/g_single_rate.i_single_rate/g_parallel.g_paths[0].g_symmetric.g_data_sym_array.g_data_sym[7].g_data_sym_casc_buff.i_data_sym_casc_buff/g_buff.i_buff/aclk
    SLICE_X30Y23         SRL16E                                       r  work_pls_i/Receiver_0/U0/sin_wave_demodulate_struct/dut/algorithm/fir_compiler_7_2/sin_wave_demodulate_fir_compiler_v7_2_i0_instance/U0/i_synth/g_single_rate.i_single_rate/g_parallel.g_paths[0].g_symmetric.g_data_sym_array.g_data_sym[7].g_data_sym_casc_buff.i_data_sym_casc_buff/g_buff.i_buff/gen_dly.gen_shiftreg.gen_rtl_delay.delay_bus_reg[0][10]_srl1/CLK
                         clock pessimism             -0.219     1.833    
    SLICE_X30Y23         SRL16E (Hold_A5LUT_SLICEM_CLK_D)
                                                      0.055     1.888    work_pls_i/Receiver_0/U0/sin_wave_demodulate_struct/dut/algorithm/fir_compiler_7_2/sin_wave_demodulate_fir_compiler_v7_2_i0_instance/U0/i_synth/g_single_rate.i_single_rate/g_parallel.g_paths[0].g_symmetric.g_data_sym_array.g_data_sym[7].g_data_sym_casc_buff.i_data_sym_casc_buff/g_buff.i_buff/gen_dly.gen_shiftreg.gen_rtl_delay.delay_bus_reg[0][10]_srl1
  -------------------------------------------------------------------
                         required time                         -1.888    
                         arrival time                           1.915    
  -------------------------------------------------------------------
                         slack                                  0.027    





Pulse Width Checks
--------------------------------------------------------------------------------------
Clock Name:         clk_pl_0
Waveform(ns):       { 0.000 5.156 }
Period(ns):         10.312
Sources:            { work_pls_i/zynq_ultra_ps_e_0/U0/PS8_i/PLCLK[0] }

Check Type        Corner  Lib Pin           Reference Pin  Required(ns)  Actual(ns)  Slack(ns)  Location    Pin
Min Period        n/a     HSADC/DCLK        n/a            4.000         10.312      6.312      HSADC_X0Y0  work_pls_i/usp_rf_data_converter_0/inst/work_pls_usp_rf_data_converter_0_0_rf_wrapper_i/rx0_u_adc/DCLK
Min Period        n/a     HSADC/DCLK        n/a            4.000         10.312      6.312      HSADC_X0Y1  work_pls_i/usp_rf_data_converter_0/inst/work_pls_usp_rf_data_converter_0_0_rf_wrapper_i/rx1_u_adc/DCLK
Min Period        n/a     HSADC/DCLK        n/a            4.000         10.312      6.312      HSADC_X0Y2  work_pls_i/usp_rf_data_converter_0/inst/work_pls_usp_rf_data_converter_0_0_rf_wrapper_i/rx2_u_adc/DCLK
Min Period        n/a     HSADC/DCLK        n/a            4.000         10.312      6.312      HSADC_X0Y3  work_pls_i/usp_rf_data_converter_0/inst/work_pls_usp_rf_data_converter_0_0_rf_wrapper_i/rx3_u_adc/DCLK
Min Period        n/a     HSDAC/DCLK        n/a            4.000         10.312      6.312      HSDAC_X0Y0  work_pls_i/usp_rf_data_converter_0/inst/work_pls_usp_rf_data_converter_0_0_rf_wrapper_i/tx0_u_dac/DCLK
Min Period        n/a     HSDAC/DCLK        n/a            4.000         10.312      6.312      HSDAC_X0Y1  work_pls_i/usp_rf_data_converter_0/inst/work_pls_usp_rf_data_converter_0_0_rf_wrapper_i/tx1_u_dac/DCLK
Min Period        n/a     PS8/MAXIGP2ACLK   n/a            3.000         10.312      7.312      PS8_X0Y0    work_pls_i/zynq_ultra_ps_e_0/U0/PS8_i/MAXIGP2ACLK
Min Period        n/a     PS8/SAXIGP0RCLK   n/a            3.000         10.312      7.312      PS8_X0Y0    work_pls_i/zynq_ultra_ps_e_0/U0/PS8_i/SAXIGP0RCLK
Min Period        n/a     PS8/SAXIGP0WCLK   n/a            3.000         10.312      7.312      PS8_X0Y0    work_pls_i/zynq_ultra_ps_e_0/U0/PS8_i/SAXIGP0WCLK
Min Period        n/a     HSADC/PLL_MONCLK  n/a            2.500         10.312      7.812      HSADC_X0Y0  work_pls_i/usp_rf_data_converter_0/inst/work_pls_usp_rf_data_converter_0_0_rf_wrapper_i/rx0_u_adc/PLL_MONCLK
Low Pulse Width   Slow    HSADC/DCLK        n/a            1.600         5.156       3.556      HSADC_X0Y0  work_pls_i/usp_rf_data_converter_0/inst/work_pls_usp_rf_data_converter_0_0_rf_wrapper_i/rx0_u_adc/DCLK
Low Pulse Width   Fast    HSADC/DCLK        n/a            1.600         5.156       3.556      HSADC_X0Y0  work_pls_i/usp_rf_data_converter_0/inst/work_pls_usp_rf_data_converter_0_0_rf_wrapper_i/rx0_u_adc/DCLK
Low Pulse Width   Slow    HSADC/DCLK        n/a            1.600         5.156       3.556      HSADC_X0Y1  work_pls_i/usp_rf_data_converter_0/inst/work_pls_usp_rf_data_converter_0_0_rf_wrapper_i/rx1_u_adc/DCLK
Low Pulse Width   Fast    HSADC/DCLK        n/a            1.600         5.156       3.556      HSADC_X0Y1  work_pls_i/usp_rf_data_converter_0/inst/work_pls_usp_rf_data_converter_0_0_rf_wrapper_i/rx1_u_adc/DCLK
Low Pulse Width   Slow    HSADC/DCLK        n/a            1.600         5.156       3.556      HSADC_X0Y2  work_pls_i/usp_rf_data_converter_0/inst/work_pls_usp_rf_data_converter_0_0_rf_wrapper_i/rx2_u_adc/DCLK
Low Pulse Width   Fast    HSADC/DCLK        n/a            1.600         5.156       3.556      HSADC_X0Y2  work_pls_i/usp_rf_data_converter_0/inst/work_pls_usp_rf_data_converter_0_0_rf_wrapper_i/rx2_u_adc/DCLK
Low Pulse Width   Slow    HSADC/DCLK        n/a            1.600         5.156       3.556      HSADC_X0Y3  work_pls_i/usp_rf_data_converter_0/inst/work_pls_usp_rf_data_converter_0_0_rf_wrapper_i/rx3_u_adc/DCLK
Low Pulse Width   Fast    HSADC/DCLK        n/a            1.600         5.156       3.556      HSADC_X0Y3  work_pls_i/usp_rf_data_converter_0/inst/work_pls_usp_rf_data_converter_0_0_rf_wrapper_i/rx3_u_adc/DCLK
Low Pulse Width   Slow    HSDAC/DCLK        n/a            1.600         5.156       3.556      HSDAC_X0Y0  work_pls_i/usp_rf_data_converter_0/inst/work_pls_usp_rf_data_converter_0_0_rf_wrapper_i/tx0_u_dac/DCLK
Low Pulse Width   Fast    HSDAC/DCLK        n/a            1.600         5.156       3.556      HSDAC_X0Y0  work_pls_i/usp_rf_data_converter_0/inst/work_pls_usp_rf_data_converter_0_0_rf_wrapper_i/tx0_u_dac/DCLK
High Pulse Width  Slow    HSADC/DCLK        n/a            1.600         5.156       3.556      HSADC_X0Y0  work_pls_i/usp_rf_data_converter_0/inst/work_pls_usp_rf_data_converter_0_0_rf_wrapper_i/rx0_u_adc/DCLK
High Pulse Width  Fast    HSADC/DCLK        n/a            1.600         5.156       3.556      HSADC_X0Y0  work_pls_i/usp_rf_data_converter_0/inst/work_pls_usp_rf_data_converter_0_0_rf_wrapper_i/rx0_u_adc/DCLK
High Pulse Width  Slow    HSADC/DCLK        n/a            1.600         5.156       3.556      HSADC_X0Y1  work_pls_i/usp_rf_data_converter_0/inst/work_pls_usp_rf_data_converter_0_0_rf_wrapper_i/rx1_u_adc/DCLK
High Pulse Width  Fast    HSADC/DCLK        n/a            1.600         5.156       3.556      HSADC_X0Y1  work_pls_i/usp_rf_data_converter_0/inst/work_pls_usp_rf_data_converter_0_0_rf_wrapper_i/rx1_u_adc/DCLK
High Pulse Width  Slow    HSADC/DCLK        n/a            1.600         5.156       3.556      HSADC_X0Y2  work_pls_i/usp_rf_data_converter_0/inst/work_pls_usp_rf_data_converter_0_0_rf_wrapper_i/rx2_u_adc/DCLK
High Pulse Width  Fast    HSADC/DCLK        n/a            1.600         5.156       3.556      HSADC_X0Y2  work_pls_i/usp_rf_data_converter_0/inst/work_pls_usp_rf_data_converter_0_0_rf_wrapper_i/rx2_u_adc/DCLK
High Pulse Width  Slow    HSADC/DCLK        n/a            1.600         5.156       3.556      HSADC_X0Y3  work_pls_i/usp_rf_data_converter_0/inst/work_pls_usp_rf_data_converter_0_0_rf_wrapper_i/rx3_u_adc/DCLK
High Pulse Width  Fast    HSADC/DCLK        n/a            1.600         5.156       3.556      HSADC_X0Y3  work_pls_i/usp_rf_data_converter_0/inst/work_pls_usp_rf_data_converter_0_0_rf_wrapper_i/rx3_u_adc/DCLK
High Pulse Width  Slow    HSDAC/DCLK        n/a            1.600         5.156       3.556      HSDAC_X0Y0  work_pls_i/usp_rf_data_converter_0/inst/work_pls_usp_rf_data_converter_0_0_rf_wrapper_i/tx0_u_dac/DCLK
High Pulse Width  Fast    HSDAC/DCLK        n/a            1.600         5.156       3.556      HSDAC_X0Y0  work_pls_i/usp_rf_data_converter_0/inst/work_pls_usp_rf_data_converter_0_0_rf_wrapper_i/tx0_u_dac/DCLK



--------------------------------------------------------------------------------------
Path Group:  (none)
From Clock:  
  To Clock:  clk_pl_0

Max Delay            97 Endpoints
Min Delay            97 Endpoints
--------------------------------------------------------------------------------------


Max Delay Paths
--------------------------------------------------------------------------------------
Slack:                    inf
  Source:                 work_pls_i/usp_rf_data_converter_0/inst/work_pls_usp_rf_data_converter_0_0_rf_wrapper_i/tx1_u_dac/STATUS_DAC3[15]
                            (internal pin)
  Destination:            work_pls_i/usp_rf_data_converter_0/inst/i_work_pls_usp_rf_data_converter_0_0_irq_sync/sync_dac13_fifo_irq/syncstages_ff_reg[0]/D
                            (rising edge-triggered cell FDRE clocked by clk_pl_0  {rise@0.000ns fall@5.156ns period=10.312ns})
  Path Group:             (none)
  Path Type:              Setup (Max at Slow Process Corner)
  Data Path Delay:        2.438ns  (logic 0.000ns (0.000%)  route 2.438ns (100.000%))
  Logic Levels:           0  
  Clock Uncertainty:      0.157ns  ((TSJ^2 + DJ^2)^1/2) / 2 + PE
    Total System Jitter     (TSJ):    0.050ns
    Discrete Jitter          (DJ):    0.310ns
    Phase Error              (PE):    0.000ns
  Clock Net Delay (Destination): 1.822ns (routing 0.423ns, distribution 1.399ns)
  Timing Exception:       False Path

    Location             Delay type                Incr(ns)  Path(ns)    Netlist Resource(s)
  -------------------------------------------------------------------    -------------------
    HSDAC_X0Y1           HSDAC                        0.000     0.000 r  work_pls_i/usp_rf_data_converter_0/inst/work_pls_usp_rf_data_converter_0_0_rf_wrapper_i/tx1_u_dac/STATUS_DAC3[15]
                         net (fo=1, routed)           2.438     2.438    work_pls_i/usp_rf_data_converter_0/inst/i_work_pls_usp_rf_data_converter_0_0_irq_sync/sync_dac13_fifo_irq/src_in
    SLICE_X114Y103       FDRE                                         r  work_pls_i/usp_rf_data_converter_0/inst/i_work_pls_usp_rf_data_converter_0_0_irq_sync/sync_dac13_fifo_irq/syncstages_ff_reg[0]/D
  -------------------------------------------------------------------    -------------------

                         (clock clk_pl_0 rise edge)
                                                      0.000     0.000 r  
    PS8_X0Y0             PS8                          0.000     0.000 r  work_pls_i/zynq_ultra_ps_e_0/U0/PS8_i/PLCLK[0]
                         net (fo=1, routed)           0.157     0.157    work_pls_i/zynq_ultra_ps_e_0/U0/pl_clk_unbuffered[0]
    BUFG_PS_X0Y58        BUFG_PS (Prop_BUFG_PS_I_O)
                                                      0.025     0.182 r  work_pls_i/zynq_ultra_ps_e_0/U0/buffer_pl_clk_0.PL_CLK_0_BUFG/O
    X2Y2 (CLOCK_ROOT)    net (fo=7597, routed)        1.822     2.004    work_pls_i/usp_rf_data_converter_0/inst/i_work_pls_usp_rf_data_converter_0_0_irq_sync/sync_dac13_fifo_irq/dest_clk
    SLICE_X114Y103       FDRE                                         r  work_pls_i/usp_rf_data_converter_0/inst/i_work_pls_usp_rf_data_converter_0_0_irq_sync/sync_dac13_fifo_irq/syncstages_ff_reg[0]/C

Slack:                    inf
  Source:                 work_pls_i/usp_rf_data_converter_0/inst/work_pls_usp_rf_data_converter_0_0_rf_wrapper_i/tx1_u_dac/STATUS_DAC2[15]
                            (internal pin)
  Destination:            work_pls_i/usp_rf_data_converter_0/inst/i_work_pls_usp_rf_data_converter_0_0_irq_sync/sync_dac12_fifo_irq/syncstages_ff_reg[0]/D
                            (rising edge-triggered cell FDRE clocked by clk_pl_0  {rise@0.000ns fall@5.156ns period=10.312ns})
  Path Group:             (none)
  Path Type:              Setup (Max at Slow Process Corner)
  Data Path Delay:        2.278ns  (logic 0.000ns (0.000%)  route 2.278ns (100.000%))
  Logic Levels:           0  
  Clock Uncertainty:      0.157ns  ((TSJ^2 + DJ^2)^1/2) / 2 + PE
    Total System Jitter     (TSJ):    0.050ns
    Discrete Jitter          (DJ):    0.310ns
    Phase Error              (PE):    0.000ns
  Clock Net Delay (Destination): 1.819ns (routing 0.423ns, distribution 1.396ns)
  Timing Exception:       False Path

    Location             Delay type                Incr(ns)  Path(ns)    Netlist Resource(s)
  -------------------------------------------------------------------    -------------------
    HSDAC_X0Y1           HSDAC                        0.000     0.000 r  work_pls_i/usp_rf_data_converter_0/inst/work_pls_usp_rf_data_converter_0_0_rf_wrapper_i/tx1_u_dac/STATUS_DAC2[15]
                         net (fo=1, routed)           2.278     2.278    work_pls_i/usp_rf_data_converter_0/inst/i_work_pls_usp_rf_data_converter_0_0_irq_sync/sync_dac12_fifo_irq/src_in
    SLICE_X117Y108       FDRE                                         r  work_pls_i/usp_rf_data_converter_0/inst/i_work_pls_usp_rf_data_converter_0_0_irq_sync/sync_dac12_fifo_irq/syncstages_ff_reg[0]/D
  -------------------------------------------------------------------    -------------------

                         (clock clk_pl_0 rise edge)
                                                      0.000     0.000 r  
    PS8_X0Y0             PS8                          0.000     0.000 r  work_pls_i/zynq_ultra_ps_e_0/U0/PS8_i/PLCLK[0]
                         net (fo=1, routed)           0.157     0.157    work_pls_i/zynq_ultra_ps_e_0/U0/pl_clk_unbuffered[0]
    BUFG_PS_X0Y58        BUFG_PS (Prop_BUFG_PS_I_O)
                                                      0.025     0.182 r  work_pls_i/zynq_ultra_ps_e_0/U0/buffer_pl_clk_0.PL_CLK_0_BUFG/O
    X2Y2 (CLOCK_ROOT)    net (fo=7597, routed)        1.819     2.001    work_pls_i/usp_rf_data_converter_0/inst/i_work_pls_usp_rf_data_converter_0_0_irq_sync/sync_dac12_fifo_irq/dest_clk
    SLICE_X117Y108       FDRE                                         r  work_pls_i/usp_rf_data_converter_0/inst/i_work_pls_usp_rf_data_converter_0_0_irq_sync/sync_dac12_fifo_irq/syncstages_ff_reg[0]/C

Slack:                    inf
  Source:                 work_pls_i/usp_rf_data_converter_0/inst/work_pls_usp_rf_data_converter_0_0_rf_wrapper_i/tx1_u_dac/STATUS_DAC1[14]
                            (internal pin)
  Destination:            work_pls_i/usp_rf_data_converter_0/inst/i_work_pls_usp_rf_data_converter_0_0_irq_sync/sync_dac11_data_irq/syncstages_ff_reg[0]/D
                            (rising edge-triggered cell FDRE clocked by clk_pl_0  {rise@0.000ns fall@5.156ns period=10.312ns})
  Path Group:             (none)
  Path Type:              Setup (Max at Slow Process Corner)
  Data Path Delay:        2.265ns  (logic 0.000ns (0.000%)  route 2.265ns (100.000%))
  Logic Levels:           0  
  Clock Uncertainty:      0.157ns  ((TSJ^2 + DJ^2)^1/2) / 2 + PE
    Total System Jitter     (TSJ):    0.050ns
    Discrete Jitter          (DJ):    0.310ns
    Phase Error              (PE):    0.000ns
  Clock Net Delay (Destination): 1.810ns (routing 0.423ns, distribution 1.387ns)
  Timing Exception:       False Path

    Location             Delay type                Incr(ns)  Path(ns)    Netlist Resource(s)
  -------------------------------------------------------------------    -------------------
    HSDAC_X0Y1           HSDAC                        0.000     0.000 r  work_pls_i/usp_rf_data_converter_0/inst/work_pls_usp_rf_data_converter_0_0_rf_wrapper_i/tx1_u_dac/STATUS_DAC1[14]
                         net (fo=1, routed)           2.265     2.265    work_pls_i/usp_rf_data_converter_0/inst/i_work_pls_usp_rf_data_converter_0_0_irq_sync/sync_dac11_data_irq/src_in
    SLICE_X111Y99        FDRE                                         r  work_pls_i/usp_rf_data_converter_0/inst/i_work_pls_usp_rf_data_converter_0_0_irq_sync/sync_dac11_data_irq/syncstages_ff_reg[0]/D
  -------------------------------------------------------------------    -------------------

                         (clock clk_pl_0 rise edge)
                                                      0.000     0.000 r  
    PS8_X0Y0             PS8                          0.000     0.000 r  work_pls_i/zynq_ultra_ps_e_0/U0/PS8_i/PLCLK[0]
                         net (fo=1, routed)           0.157     0.157    work_pls_i/zynq_ultra_ps_e_0/U0/pl_clk_unbuffered[0]
    BUFG_PS_X0Y58        BUFG_PS (Prop_BUFG_PS_I_O)
                                                      0.025     0.182 r  work_pls_i/zynq_ultra_ps_e_0/U0/buffer_pl_clk_0.PL_CLK_0_BUFG/O
    X2Y2 (CLOCK_ROOT)    net (fo=7597, routed)        1.810     1.992    work_pls_i/usp_rf_data_converter_0/inst/i_work_pls_usp_rf_data_converter_0_0_irq_sync/sync_dac11_data_irq/dest_clk
    SLICE_X111Y99        FDRE                                         r  work_pls_i/usp_rf_data_converter_0/inst/i_work_pls_usp_rf_data_converter_0_0_irq_sync/sync_dac11_data_irq/syncstages_ff_reg[0]/C

Slack:                    inf
  Source:                 work_pls_i/usp_rf_data_converter_0/inst/work_pls_usp_rf_data_converter_0_0_rf_wrapper_i/tx1_u_dac/STATUS_DAC3[14]
                            (internal pin)
  Destination:            work_pls_i/usp_rf_data_converter_0/inst/i_work_pls_usp_rf_data_converter_0_0_irq_sync/sync_dac13_data_irq/syncstages_ff_reg[0]/D
                            (rising edge-triggered cell FDRE clocked by clk_pl_0  {rise@0.000ns fall@5.156ns period=10.312ns})
  Path Group:             (none)
  Path Type:              Setup (Max at Slow Process Corner)
  Data Path Delay:        2.263ns  (logic 0.000ns (0.000%)  route 2.263ns (100.000%))
  Logic Levels:           0  
  Clock Uncertainty:      0.157ns  ((TSJ^2 + DJ^2)^1/2) / 2 + PE
    Total System Jitter     (TSJ):    0.050ns
    Discrete Jitter          (DJ):    0.310ns
    Phase Error              (PE):    0.000ns
  Clock Net Delay (Destination): 1.818ns (routing 0.423ns, distribution 1.395ns)
  Timing Exception:       False Path

    Location             Delay type                Incr(ns)  Path(ns)    Netlist Resource(s)
  -------------------------------------------------------------------    -------------------
    HSDAC_X0Y1           HSDAC                        0.000     0.000 r  work_pls_i/usp_rf_data_converter_0/inst/work_pls_usp_rf_data_converter_0_0_rf_wrapper_i/tx1_u_dac/STATUS_DAC3[14]
                         net (fo=1, routed)           2.263     2.263    work_pls_i/usp_rf_data_converter_0/inst/i_work_pls_usp_rf_data_converter_0_0_irq_sync/sync_dac13_data_irq/src_in
    SLICE_X117Y106       FDRE                                         r  work_pls_i/usp_rf_data_converter_0/inst/i_work_pls_usp_rf_data_converter_0_0_irq_sync/sync_dac13_data_irq/syncstages_ff_reg[0]/D
  -------------------------------------------------------------------    -------------------

                         (clock clk_pl_0 rise edge)
                                                      0.000     0.000 r  
    PS8_X0Y0             PS8                          0.000     0.000 r  work_pls_i/zynq_ultra_ps_e_0/U0/PS8_i/PLCLK[0]
                         net (fo=1, routed)           0.157     0.157    work_pls_i/zynq_ultra_ps_e_0/U0/pl_clk_unbuffered[0]
    BUFG_PS_X0Y58        BUFG_PS (Prop_BUFG_PS_I_O)
                                                      0.025     0.182 r  work_pls_i/zynq_ultra_ps_e_0/U0/buffer_pl_clk_0.PL_CLK_0_BUFG/O
    X2Y2 (CLOCK_ROOT)    net (fo=7597, routed)        1.818     2.000    work_pls_i/usp_rf_data_converter_0/inst/i_work_pls_usp_rf_data_converter_0_0_irq_sync/sync_dac13_data_irq/dest_clk
    SLICE_X117Y106       FDRE                                         r  work_pls_i/usp_rf_data_converter_0/inst/i_work_pls_usp_rf_data_converter_0_0_irq_sync/sync_dac13_data_irq/syncstages_ff_reg[0]/C

Slack:                    inf
  Source:                 work_pls_i/usp_rf_data_converter_0/inst/work_pls_usp_rf_data_converter_0_0_rf_wrapper_i/tx1_u_dac/STATUS_DAC0[15]
                            (internal pin)
  Destination:            work_pls_i/usp_rf_data_converter_0/inst/i_work_pls_usp_rf_data_converter_0_0_irq_sync/sync_dac10_fifo_irq/syncstages_ff_reg[0]/D
                            (rising edge-triggered cell FDRE clocked by clk_pl_0  {rise@0.000ns fall@5.156ns period=10.312ns})
  Path Group:             (none)
  Path Type:              Setup (Max at Slow Process Corner)
  Data Path Delay:        2.148ns  (logic 0.000ns (0.000%)  route 2.148ns (100.000%))
  Logic Levels:           0  
  Clock Uncertainty:      0.157ns  ((TSJ^2 + DJ^2)^1/2) / 2 + PE
    Total System Jitter     (TSJ):    0.050ns
    Discrete Jitter          (DJ):    0.310ns
    Phase Error              (PE):    0.000ns
  Clock Net Delay (Destination): 1.823ns (routing 0.423ns, distribution 1.400ns)
  Timing Exception:       False Path

    Location             Delay type                Incr(ns)  Path(ns)    Netlist Resource(s)
  -------------------------------------------------------------------    -------------------
    HSDAC_X0Y1           HSDAC                        0.000     0.000 r  work_pls_i/usp_rf_data_converter_0/inst/work_pls_usp_rf_data_converter_0_0_rf_wrapper_i/tx1_u_dac/STATUS_DAC0[15]
                         net (fo=1, routed)           2.148     2.148    work_pls_i/usp_rf_data_converter_0/inst/i_work_pls_usp_rf_data_converter_0_0_irq_sync/sync_dac10_fifo_irq/src_in
    SLICE_X113Y103       FDRE                                         r  work_pls_i/usp_rf_data_converter_0/inst/i_work_pls_usp_rf_data_converter_0_0_irq_sync/sync_dac10_fifo_irq/syncstages_ff_reg[0]/D
  -------------------------------------------------------------------    -------------------

                         (clock clk_pl_0 rise edge)
                                                      0.000     0.000 r  
    PS8_X0Y0             PS8                          0.000     0.000 r  work_pls_i/zynq_ultra_ps_e_0/U0/PS8_i/PLCLK[0]
                         net (fo=1, routed)           0.157     0.157    work_pls_i/zynq_ultra_ps_e_0/U0/pl_clk_unbuffered[0]
    BUFG_PS_X0Y58        BUFG_PS (Prop_BUFG_PS_I_O)
                                                      0.025     0.182 r  work_pls_i/zynq_ultra_ps_e_0/U0/buffer_pl_clk_0.PL_CLK_0_BUFG/O
    X2Y2 (CLOCK_ROOT)    net (fo=7597, routed)        1.823     2.005    work_pls_i/usp_rf_data_converter_0/inst/i_work_pls_usp_rf_data_converter_0_0_irq_sync/sync_dac10_fifo_irq/dest_clk
    SLICE_X113Y103       FDRE                                         r  work_pls_i/usp_rf_data_converter_0/inst/i_work_pls_usp_rf_data_converter_0_0_irq_sync/sync_dac10_fifo_irq/syncstages_ff_reg[0]/C

Slack:                    inf
  Source:                 work_pls_i/usp_rf_data_converter_0/inst/work_pls_usp_rf_data_converter_0_0_rf_wrapper_i/tx1_u_dac/STATUS_DAC2[14]
                            (internal pin)
  Destination:            work_pls_i/usp_rf_data_converter_0/inst/i_work_pls_usp_rf_data_converter_0_0_irq_sync/sync_dac12_data_irq/syncstages_ff_reg[0]/D
                            (rising edge-triggered cell FDRE clocked by clk_pl_0  {rise@0.000ns fall@5.156ns period=10.312ns})
  Path Group:             (none)
  Path Type:              Setup (Max at Slow Process Corner)
  Data Path Delay:        2.145ns  (logic 0.000ns (0.000%)  route 2.145ns (100.000%))
  Logic Levels:           0  
  Clock Uncertainty:      0.157ns  ((TSJ^2 + DJ^2)^1/2) / 2 + PE
    Total System Jitter     (TSJ):    0.050ns
    Discrete Jitter          (DJ):    0.310ns
    Phase Error              (PE):    0.000ns
  Clock Net Delay (Destination): 1.819ns (routing 0.423ns, distribution 1.396ns)
  Timing Exception:       False Path

    Location             Delay type                Incr(ns)  Path(ns)    Netlist Resource(s)
  -------------------------------------------------------------------    -------------------
    HSDAC_X0Y1           HSDAC                        0.000     0.000 r  work_pls_i/usp_rf_data_converter_0/inst/work_pls_usp_rf_data_converter_0_0_rf_wrapper_i/tx1_u_dac/STATUS_DAC2[14]
                         net (fo=1, routed)           2.145     2.145    work_pls_i/usp_rf_data_converter_0/inst/i_work_pls_usp_rf_data_converter_0_0_irq_sync/sync_dac12_data_irq/src_in
    SLICE_X118Y107       FDRE                                         r  work_pls_i/usp_rf_data_converter_0/inst/i_work_pls_usp_rf_data_converter_0_0_irq_sync/sync_dac12_data_irq/syncstages_ff_reg[0]/D
  -------------------------------------------------------------------    -------------------

                         (clock clk_pl_0 rise edge)
                                                      0.000     0.000 r  
    PS8_X0Y0             PS8                          0.000     0.000 r  work_pls_i/zynq_ultra_ps_e_0/U0/PS8_i/PLCLK[0]
                         net (fo=1, routed)           0.157     0.157    work_pls_i/zynq_ultra_ps_e_0/U0/pl_clk_unbuffered[0]
    BUFG_PS_X0Y58        BUFG_PS (Prop_BUFG_PS_I_O)
                                                      0.025     0.182 r  work_pls_i/zynq_ultra_ps_e_0/U0/buffer_pl_clk_0.PL_CLK_0_BUFG/O
    X2Y2 (CLOCK_ROOT)    net (fo=7597, routed)        1.819     2.001    work_pls_i/usp_rf_data_converter_0/inst/i_work_pls_usp_rf_data_converter_0_0_irq_sync/sync_dac12_data_irq/dest_clk
    SLICE_X118Y107       FDRE                                         r  work_pls_i/usp_rf_data_converter_0/inst/i_work_pls_usp_rf_data_converter_0_0_irq_sync/sync_dac12_data_irq/syncstages_ff_reg[0]/C

Slack:                    inf
  Source:                 work_pls_i/usp_rf_data_converter_0/inst/work_pls_usp_rf_data_converter_0_0_rf_wrapper_i/tx1_u_dac/STATUS_COMMON[1]
                            (internal pin)
  Destination:            work_pls_i/usp_rf_data_converter_0/inst/work_pls_usp_rf_data_converter_0_0_rf_wrapper_i/cdc_dac1_supplies_up_i/syncstages_ff_reg[0]/D
                            (rising edge-triggered cell FDRE clocked by clk_pl_0  {rise@0.000ns fall@5.156ns period=10.312ns})
  Path Group:             (none)
  Path Type:              Setup (Max at Slow Process Corner)
  Data Path Delay:        2.129ns  (logic 0.000ns (0.000%)  route 2.129ns (100.000%))
  Logic Levels:           0  
  Clock Uncertainty:      0.157ns  ((TSJ^2 + DJ^2)^1/2) / 2 + PE
    Total System Jitter     (TSJ):    0.050ns
    Discrete Jitter          (DJ):    0.310ns
    Phase Error              (PE):    0.000ns
  Clock Net Delay (Destination): 1.804ns (routing 0.423ns, distribution 1.381ns)
  Timing Exception:       False Path

    Location             Delay type                Incr(ns)  Path(ns)    Netlist Resource(s)
  -------------------------------------------------------------------    -------------------
    HSDAC_X0Y1           HSDAC                        0.000     0.000 r  work_pls_i/usp_rf_data_converter_0/inst/work_pls_usp_rf_data_converter_0_0_rf_wrapper_i/tx1_u_dac/STATUS_COMMON[1]
                         net (fo=2, routed)           2.129     2.129    work_pls_i/usp_rf_data_converter_0/inst/work_pls_usp_rf_data_converter_0_0_rf_wrapper_i/cdc_dac1_supplies_up_i/src_in
    SLICE_X112Y139       FDRE                                         r  work_pls_i/usp_rf_data_converter_0/inst/work_pls_usp_rf_data_converter_0_0_rf_wrapper_i/cdc_dac1_supplies_up_i/syncstages_ff_reg[0]/D
  -------------------------------------------------------------------    -------------------

                         (clock clk_pl_0 rise edge)
                                                      0.000     0.000 r  
    PS8_X0Y0             PS8                          0.000     0.000 r  work_pls_i/zynq_ultra_ps_e_0/U0/PS8_i/PLCLK[0]
                         net (fo=1, routed)           0.157     0.157    work_pls_i/zynq_ultra_ps_e_0/U0/pl_clk_unbuffered[0]
    BUFG_PS_X0Y58        BUFG_PS (Prop_BUFG_PS_I_O)
                                                      0.025     0.182 r  work_pls_i/zynq_ultra_ps_e_0/U0/buffer_pl_clk_0.PL_CLK_0_BUFG/O
    X2Y2 (CLOCK_ROOT)    net (fo=7597, routed)        1.804     1.986    work_pls_i/usp_rf_data_converter_0/inst/work_pls_usp_rf_data_converter_0_0_rf_wrapper_i/cdc_dac1_supplies_up_i/dest_clk
    SLICE_X112Y139       FDRE                                         r  work_pls_i/usp_rf_data_converter_0/inst/work_pls_usp_rf_data_converter_0_0_rf_wrapper_i/cdc_dac1_supplies_up_i/syncstages_ff_reg[0]/C

Slack:                    inf
  Source:                 work_pls_i/usp_rf_data_converter_0/inst/work_pls_usp_rf_data_converter_0_0_rf_wrapper_i/tx1_u_dac/STATUS_DAC0[14]
                            (internal pin)
  Destination:            work_pls_i/usp_rf_data_converter_0/inst/i_work_pls_usp_rf_data_converter_0_0_irq_sync/sync_dac10_data_irq/syncstages_ff_reg[0]/D
                            (rising edge-triggered cell FDRE clocked by clk_pl_0  {rise@0.000ns fall@5.156ns period=10.312ns})
  Path Group:             (none)
  Path Type:              Setup (Max at Slow Process Corner)
  Data Path Delay:        2.075ns  (logic 0.000ns (0.000%)  route 2.075ns (100.000%))
  Logic Levels:           0  
  Clock Uncertainty:      0.157ns  ((TSJ^2 + DJ^2)^1/2) / 2 + PE
    Total System Jitter     (TSJ):    0.050ns
    Discrete Jitter          (DJ):    0.310ns
    Phase Error              (PE):    0.000ns
  Clock Net Delay (Destination): 1.820ns (routing 0.423ns, distribution 1.397ns)
  Timing Exception:       False Path

    Location             Delay type                Incr(ns)  Path(ns)    Netlist Resource(s)
  -------------------------------------------------------------------    -------------------
    HSDAC_X0Y1           HSDAC                        0.000     0.000 r  work_pls_i/usp_rf_data_converter_0/inst/work_pls_usp_rf_data_converter_0_0_rf_wrapper_i/tx1_u_dac/STATUS_DAC0[14]
                         net (fo=1, routed)           2.075     2.075    work_pls_i/usp_rf_data_converter_0/inst/i_work_pls_usp_rf_data_converter_0_0_irq_sync/sync_dac10_data_irq/src_in
    SLICE_X113Y100       FDRE                                         r  work_pls_i/usp_rf_data_converter_0/inst/i_work_pls_usp_rf_data_converter_0_0_irq_sync/sync_dac10_data_irq/syncstages_ff_reg[0]/D
  -------------------------------------------------------------------    -------------------

                         (clock clk_pl_0 rise edge)
                                                      0.000     0.000 r  
    PS8_X0Y0             PS8                          0.000     0.000 r  work_pls_i/zynq_ultra_ps_e_0/U0/PS8_i/PLCLK[0]
                         net (fo=1, routed)           0.157     0.157    work_pls_i/zynq_ultra_ps_e_0/U0/pl_clk_unbuffered[0]
    BUFG_PS_X0Y58        BUFG_PS (Prop_BUFG_PS_I_O)
                                                      0.025     0.182 r  work_pls_i/zynq_ultra_ps_e_0/U0/buffer_pl_clk_0.PL_CLK_0_BUFG/O
    X2Y2 (CLOCK_ROOT)    net (fo=7597, routed)        1.820     2.002    work_pls_i/usp_rf_data_converter_0/inst/i_work_pls_usp_rf_data_converter_0_0_irq_sync/sync_dac10_data_irq/dest_clk
    SLICE_X113Y100       FDRE                                         r  work_pls_i/usp_rf_data_converter_0/inst/i_work_pls_usp_rf_data_converter_0_0_irq_sync/sync_dac10_data_irq/syncstages_ff_reg[0]/C

Slack:                    inf
  Source:                 work_pls_i/usp_rf_data_converter_0/inst/work_pls_usp_rf_data_converter_0_0_rf_wrapper_i/tx1_u_dac/STATUS_DAC1[15]
                            (internal pin)
  Destination:            work_pls_i/usp_rf_data_converter_0/inst/i_work_pls_usp_rf_data_converter_0_0_irq_sync/sync_dac11_fifo_irq/syncstages_ff_reg[0]/D
                            (rising edge-triggered cell FDRE clocked by clk_pl_0  {rise@0.000ns fall@5.156ns period=10.312ns})
  Path Group:             (none)
  Path Type:              Setup (Max at Slow Process Corner)
  Data Path Delay:        2.019ns  (logic 0.000ns (0.000%)  route 2.019ns (100.000%))
  Logic Levels:           0  
  Clock Uncertainty:      0.157ns  ((TSJ^2 + DJ^2)^1/2) / 2 + PE
    Total System Jitter     (TSJ):    0.050ns
    Discrete Jitter          (DJ):    0.310ns
    Phase Error              (PE):    0.000ns
  Clock Net Delay (Destination): 1.828ns (routing 0.423ns, distribution 1.405ns)
  Timing Exception:       False Path

    Location             Delay type                Incr(ns)  Path(ns)    Netlist Resource(s)
  -------------------------------------------------------------------    -------------------
    HSDAC_X0Y1           HSDAC                        0.000     0.000 r  work_pls_i/usp_rf_data_converter_0/inst/work_pls_usp_rf_data_converter_0_0_rf_wrapper_i/tx1_u_dac/STATUS_DAC1[15]
                         net (fo=1, routed)           2.019     2.019    work_pls_i/usp_rf_data_converter_0/inst/i_work_pls_usp_rf_data_converter_0_0_irq_sync/sync_dac11_fifo_irq/src_in
    SLICE_X116Y113       FDRE                                         r  work_pls_i/usp_rf_data_converter_0/inst/i_work_pls_usp_rf_data_converter_0_0_irq_sync/sync_dac11_fifo_irq/syncstages_ff_reg[0]/D
  -------------------------------------------------------------------    -------------------

                         (clock clk_pl_0 rise edge)
                                                      0.000     0.000 r  
    PS8_X0Y0             PS8                          0.000     0.000 r  work_pls_i/zynq_ultra_ps_e_0/U0/PS8_i/PLCLK[0]
                         net (fo=1, routed)           0.157     0.157    work_pls_i/zynq_ultra_ps_e_0/U0/pl_clk_unbuffered[0]
    BUFG_PS_X0Y58        BUFG_PS (Prop_BUFG_PS_I_O)
                                                      0.025     0.182 r  work_pls_i/zynq_ultra_ps_e_0/U0/buffer_pl_clk_0.PL_CLK_0_BUFG/O
    X2Y2 (CLOCK_ROOT)    net (fo=7597, routed)        1.828     2.010    work_pls_i/usp_rf_data_converter_0/inst/i_work_pls_usp_rf_data_converter_0_0_irq_sync/sync_dac11_fifo_irq/dest_clk
    SLICE_X116Y113       FDRE                                         r  work_pls_i/usp_rf_data_converter_0/inst/i_work_pls_usp_rf_data_converter_0_0_irq_sync/sync_dac11_fifo_irq/syncstages_ff_reg[0]/C

Slack:                    inf
  Source:                 work_pls_i/usp_rf_data_converter_0/inst/work_pls_usp_rf_data_converter_0_0_rf_wrapper_i/tx0_u_dac/STATUS_DAC3[14]
                            (internal pin)
  Destination:            work_pls_i/usp_rf_data_converter_0/inst/i_work_pls_usp_rf_data_converter_0_0_irq_sync/sync_dac03_data_irq/syncstages_ff_reg[0]/D
                            (rising edge-triggered cell FDRE clocked by clk_pl_0  {rise@0.000ns fall@5.156ns period=10.312ns})
  Path Group:             (none)
  Path Type:              Setup (Max at Slow Process Corner)
  Data Path Delay:        1.994ns  (logic 0.000ns (0.000%)  route 1.994ns (100.000%))
  Logic Levels:           0  
  Clock Uncertainty:      0.157ns  ((TSJ^2 + DJ^2)^1/2) / 2 + PE
    Total System Jitter     (TSJ):    0.050ns
    Discrete Jitter          (DJ):    0.310ns
    Phase Error              (PE):    0.000ns
  Clock Net Delay (Destination): 1.816ns (routing 0.423ns, distribution 1.393ns)
  Timing Exception:       False Path

    Location             Delay type                Incr(ns)  Path(ns)    Netlist Resource(s)
  -------------------------------------------------------------------    -------------------
    HSDAC_X0Y0           HSDAC                        0.000     0.000 r  work_pls_i/usp_rf_data_converter_0/inst/work_pls_usp_rf_data_converter_0_0_rf_wrapper_i/tx0_u_dac/STATUS_DAC3[14]
                         net (fo=1, routed)           1.994     1.994    work_pls_i/usp_rf_data_converter_0/inst/i_work_pls_usp_rf_data_converter_0_0_irq_sync/sync_dac03_data_irq/src_in
    SLICE_X113Y107       FDRE                                         r  work_pls_i/usp_rf_data_converter_0/inst/i_work_pls_usp_rf_data_converter_0_0_irq_sync/sync_dac03_data_irq/syncstages_ff_reg[0]/D
  -------------------------------------------------------------------    -------------------

                         (clock clk_pl_0 rise edge)
                                                      0.000     0.000 r  
    PS8_X0Y0             PS8                          0.000     0.000 r  work_pls_i/zynq_ultra_ps_e_0/U0/PS8_i/PLCLK[0]
                         net (fo=1, routed)           0.157     0.157    work_pls_i/zynq_ultra_ps_e_0/U0/pl_clk_unbuffered[0]
    BUFG_PS_X0Y58        BUFG_PS (Prop_BUFG_PS_I_O)
                                                      0.025     0.182 r  work_pls_i/zynq_ultra_ps_e_0/U0/buffer_pl_clk_0.PL_CLK_0_BUFG/O
    X2Y2 (CLOCK_ROOT)    net (fo=7597, routed)        1.816     1.998    work_pls_i/usp_rf_data_converter_0/inst/i_work_pls_usp_rf_data_converter_0_0_irq_sync/sync_dac03_data_irq/dest_clk
    SLICE_X113Y107       FDRE                                         r  work_pls_i/usp_rf_data_converter_0/inst/i_work_pls_usp_rf_data_converter_0_0_irq_sync/sync_dac03_data_irq/syncstages_ff_reg[0]/C





Min Delay Paths
--------------------------------------------------------------------------------------
Slack:                    inf
  Source:                 work_pls_i/usp_rf_data_converter_0/inst/work_pls_usp_rf_data_converter_0_0_rf_wrapper_i/rx1_u_adc/STATUS_ADC1[15]
                            (internal pin)
  Destination:            work_pls_i/usp_rf_data_converter_0/inst/i_work_pls_usp_rf_data_converter_0_0_irq_sync/sync_adc11_fifo_irq/syncstages_ff_reg[0]/D
                            (rising edge-triggered cell FDRE clocked by clk_pl_0  {rise@0.000ns fall@5.156ns period=10.312ns})
  Path Group:             (none)
  Path Type:              Hold (Min at Fast Process Corner)
  Data Path Delay:        0.134ns  (logic 0.000ns (0.000%)  route 0.134ns (100.000%))
  Logic Levels:           0  
  Clock Uncertainty:      0.157ns  ((TSJ^2 + DJ^2)^1/2) / 2 + PE
    Total System Jitter     (TSJ):    0.050ns
    Discrete Jitter          (DJ):    0.310ns
    Phase Error              (PE):    0.000ns
  Clock Net Delay (Destination): 1.264ns (routing 0.282ns, distribution 0.982ns)
  Timing Exception:       False Path

    Location             Delay type                Incr(ns)  Path(ns)    Netlist Resource(s)
  -------------------------------------------------------------------    -------------------
    HSADC_X0Y1           HSADC                        0.000     0.000 r  work_pls_i/usp_rf_data_converter_0/inst/work_pls_usp_rf_data_converter_0_0_rf_wrapper_i/rx1_u_adc/STATUS_ADC1[15]
                         net (fo=1, routed)           0.134     0.134    work_pls_i/usp_rf_data_converter_0/inst/i_work_pls_usp_rf_data_converter_0_0_irq_sync/sync_adc11_fifo_irq/src_in
    SLICE_X118Y81        FDRE                                         r  work_pls_i/usp_rf_data_converter_0/inst/i_work_pls_usp_rf_data_converter_0_0_irq_sync/sync_adc11_fifo_irq/syncstages_ff_reg[0]/D
  -------------------------------------------------------------------    -------------------

                         (clock clk_pl_0 rise edge)
                                                      0.000     0.000 r  
    PS8_X0Y0             PS8                          0.000     0.000 r  work_pls_i/zynq_ultra_ps_e_0/U0/PS8_i/PLCLK[0]
                         net (fo=1, routed)           0.129     0.129    work_pls_i/zynq_ultra_ps_e_0/U0/pl_clk_unbuffered[0]
    BUFG_PS_X0Y58        BUFG_PS (Prop_BUFG_PS_I_O)
                                                      0.018     0.147 r  work_pls_i/zynq_ultra_ps_e_0/U0/buffer_pl_clk_0.PL_CLK_0_BUFG/O
    X2Y2 (CLOCK_ROOT)    net (fo=7597, routed)        1.264     1.411    work_pls_i/usp_rf_data_converter_0/inst/i_work_pls_usp_rf_data_converter_0_0_irq_sync/sync_adc11_fifo_irq/dest_clk
    SLICE_X118Y81        FDRE                                         r  work_pls_i/usp_rf_data_converter_0/inst/i_work_pls_usp_rf_data_converter_0_0_irq_sync/sync_adc11_fifo_irq/syncstages_ff_reg[0]/C

Slack:                    inf
  Source:                 work_pls_i/usp_rf_data_converter_0/inst/work_pls_usp_rf_data_converter_0_0_rf_wrapper_i/rx2_u_adc/STATUS_ADC0[3]
                            (internal pin)
  Destination:            work_pls_i/usp_rf_data_converter_0/inst/i_work_pls_usp_rf_data_converter_0_0_irq_sync/sync_adc20_over_range/syncstages_ff_reg[0]/D
                            (rising edge-triggered cell FDRE clocked by clk_pl_0  {rise@0.000ns fall@5.156ns period=10.312ns})
  Path Group:             (none)
  Path Type:              Hold (Min at Fast Process Corner)
  Data Path Delay:        0.143ns  (logic 0.000ns (0.000%)  route 0.143ns (100.000%))
  Logic Levels:           0  
  Clock Uncertainty:      0.157ns  ((TSJ^2 + DJ^2)^1/2) / 2 + PE
    Total System Jitter     (TSJ):    0.050ns
    Discrete Jitter          (DJ):    0.310ns
    Phase Error              (PE):    0.000ns
  Clock Net Delay (Destination): 1.265ns (routing 0.282ns, distribution 0.983ns)
  Timing Exception:       False Path

    Location             Delay type                Incr(ns)  Path(ns)    Netlist Resource(s)
  -------------------------------------------------------------------    -------------------
    HSADC_X0Y2           HSADC                        0.000     0.000 r  work_pls_i/usp_rf_data_converter_0/inst/work_pls_usp_rf_data_converter_0_0_rf_wrapper_i/rx2_u_adc/STATUS_ADC0[3]
                         net (fo=1, routed)           0.143     0.143    work_pls_i/usp_rf_data_converter_0/inst/i_work_pls_usp_rf_data_converter_0_0_irq_sync/sync_adc20_over_range/src_in
    SLICE_X118Y118       FDRE                                         r  work_pls_i/usp_rf_data_converter_0/inst/i_work_pls_usp_rf_data_converter_0_0_irq_sync/sync_adc20_over_range/syncstages_ff_reg[0]/D
  -------------------------------------------------------------------    -------------------

                         (clock clk_pl_0 rise edge)
                                                      0.000     0.000 r  
    PS8_X0Y0             PS8                          0.000     0.000 r  work_pls_i/zynq_ultra_ps_e_0/U0/PS8_i/PLCLK[0]
                         net (fo=1, routed)           0.129     0.129    work_pls_i/zynq_ultra_ps_e_0/U0/pl_clk_unbuffered[0]
    BUFG_PS_X0Y58        BUFG_PS (Prop_BUFG_PS_I_O)
                                                      0.018     0.147 r  work_pls_i/zynq_ultra_ps_e_0/U0/buffer_pl_clk_0.PL_CLK_0_BUFG/O
    X2Y2 (CLOCK_ROOT)    net (fo=7597, routed)        1.265     1.412    work_pls_i/usp_rf_data_converter_0/inst/i_work_pls_usp_rf_data_converter_0_0_irq_sync/sync_adc20_over_range/dest_clk
    SLICE_X118Y118       FDRE                                         r  work_pls_i/usp_rf_data_converter_0/inst/i_work_pls_usp_rf_data_converter_0_0_irq_sync/sync_adc20_over_range/syncstages_ff_reg[0]/C

Slack:                    inf
  Source:                 work_pls_i/usp_rf_data_converter_0/inst/work_pls_usp_rf_data_converter_0_0_rf_wrapper_i/rx1_u_adc/STATUS_ADC1[14]
                            (internal pin)
  Destination:            work_pls_i/usp_rf_data_converter_0/inst/i_work_pls_usp_rf_data_converter_0_0_irq_sync/sync_adc11_data_irq/syncstages_ff_reg[0]/D
                            (rising edge-triggered cell FDRE clocked by clk_pl_0  {rise@0.000ns fall@5.156ns period=10.312ns})
  Path Group:             (none)
  Path Type:              Hold (Min at Fast Process Corner)
  Data Path Delay:        0.162ns  (logic 0.000ns (0.000%)  route 0.162ns (100.000%))
  Logic Levels:           0  
  Clock Uncertainty:      0.157ns  ((TSJ^2 + DJ^2)^1/2) / 2 + PE
    Total System Jitter     (TSJ):    0.050ns
    Discrete Jitter          (DJ):    0.310ns
    Phase Error              (PE):    0.000ns
  Clock Net Delay (Destination): 1.264ns (routing 0.282ns, distribution 0.982ns)
  Timing Exception:       False Path

    Location             Delay type                Incr(ns)  Path(ns)    Netlist Resource(s)
  -------------------------------------------------------------------    -------------------
    HSADC_X0Y1           HSADC                        0.000     0.000 r  work_pls_i/usp_rf_data_converter_0/inst/work_pls_usp_rf_data_converter_0_0_rf_wrapper_i/rx1_u_adc/STATUS_ADC1[14]
                         net (fo=1, routed)           0.162     0.162    work_pls_i/usp_rf_data_converter_0/inst/i_work_pls_usp_rf_data_converter_0_0_irq_sync/sync_adc11_data_irq/src_in
    SLICE_X118Y82        FDRE                                         r  work_pls_i/usp_rf_data_converter_0/inst/i_work_pls_usp_rf_data_converter_0_0_irq_sync/sync_adc11_data_irq/syncstages_ff_reg[0]/D
  -------------------------------------------------------------------    -------------------

                         (clock clk_pl_0 rise edge)
                                                      0.000     0.000 r  
    PS8_X0Y0             PS8                          0.000     0.000 r  work_pls_i/zynq_ultra_ps_e_0/U0/PS8_i/PLCLK[0]
                         net (fo=1, routed)           0.129     0.129    work_pls_i/zynq_ultra_ps_e_0/U0/pl_clk_unbuffered[0]
    BUFG_PS_X0Y58        BUFG_PS (Prop_BUFG_PS_I_O)
                                                      0.018     0.147 r  work_pls_i/zynq_ultra_ps_e_0/U0/buffer_pl_clk_0.PL_CLK_0_BUFG/O
    X2Y2 (CLOCK_ROOT)    net (fo=7597, routed)        1.264     1.411    work_pls_i/usp_rf_data_converter_0/inst/i_work_pls_usp_rf_data_converter_0_0_irq_sync/sync_adc11_data_irq/dest_clk
    SLICE_X118Y82        FDRE                                         r  work_pls_i/usp_rf_data_converter_0/inst/i_work_pls_usp_rf_data_converter_0_0_irq_sync/sync_adc11_data_irq/syncstages_ff_reg[0]/C

Slack:                    inf
  Source:                 work_pls_i/usp_rf_data_converter_0/inst/work_pls_usp_rf_data_converter_0_0_rf_wrapper_i/rx1_u_adc/STATUS_ADC3[2]
                            (internal pin)
  Destination:            work_pls_i/usp_rf_data_converter_0/inst/i_work_pls_usp_rf_data_converter_0_0_irq_sync/sync_adc13_over_vol/syncstages_ff_reg[0]/D
                            (rising edge-triggered cell FDRE clocked by clk_pl_0  {rise@0.000ns fall@5.156ns period=10.312ns})
  Path Group:             (none)
  Path Type:              Hold (Min at Fast Process Corner)
  Data Path Delay:        0.179ns  (logic 0.000ns (0.000%)  route 0.179ns (100.000%))
  Logic Levels:           0  
  Clock Uncertainty:      0.157ns  ((TSJ^2 + DJ^2)^1/2) / 2 + PE
    Total System Jitter     (TSJ):    0.050ns
    Discrete Jitter          (DJ):    0.310ns
    Phase Error              (PE):    0.000ns
  Clock Net Delay (Destination): 1.264ns (routing 0.282ns, distribution 0.982ns)
  Timing Exception:       False Path

    Location             Delay type                Incr(ns)  Path(ns)    Netlist Resource(s)
  -------------------------------------------------------------------    -------------------
    HSADC_X0Y1           HSADC                        0.000     0.000 r  work_pls_i/usp_rf_data_converter_0/inst/work_pls_usp_rf_data_converter_0_0_rf_wrapper_i/rx1_u_adc/STATUS_ADC3[2]
                         net (fo=1, routed)           0.179     0.179    work_pls_i/usp_rf_data_converter_0/inst/i_work_pls_usp_rf_data_converter_0_0_irq_sync/sync_adc13_over_vol/src_in
    SLICE_X118Y110       FDRE                                         r  work_pls_i/usp_rf_data_converter_0/inst/i_work_pls_usp_rf_data_converter_0_0_irq_sync/sync_adc13_over_vol/syncstages_ff_reg[0]/D
  -------------------------------------------------------------------    -------------------

                         (clock clk_pl_0 rise edge)
                                                      0.000     0.000 r  
    PS8_X0Y0             PS8                          0.000     0.000 r  work_pls_i/zynq_ultra_ps_e_0/U0/PS8_i/PLCLK[0]
                         net (fo=1, routed)           0.129     0.129    work_pls_i/zynq_ultra_ps_e_0/U0/pl_clk_unbuffered[0]
    BUFG_PS_X0Y58        BUFG_PS (Prop_BUFG_PS_I_O)
                                                      0.018     0.147 r  work_pls_i/zynq_ultra_ps_e_0/U0/buffer_pl_clk_0.PL_CLK_0_BUFG/O
    X2Y2 (CLOCK_ROOT)    net (fo=7597, routed)        1.264     1.411    work_pls_i/usp_rf_data_converter_0/inst/i_work_pls_usp_rf_data_converter_0_0_irq_sync/sync_adc13_over_vol/dest_clk
    SLICE_X118Y110       FDRE                                         r  work_pls_i/usp_rf_data_converter_0/inst/i_work_pls_usp_rf_data_converter_0_0_irq_sync/sync_adc13_over_vol/syncstages_ff_reg[0]/C

Slack:                    inf
  Source:                 work_pls_i/usp_rf_data_converter_0/inst/work_pls_usp_rf_data_converter_0_0_rf_wrapper_i/rx1_u_adc/STATUS_ADC1[3]
                            (internal pin)
  Destination:            work_pls_i/usp_rf_data_converter_0/inst/i_work_pls_usp_rf_data_converter_0_0_irq_sync/sync_adc11_over_range/syncstages_ff_reg[0]/D
                            (rising edge-triggered cell FDRE clocked by clk_pl_0  {rise@0.000ns fall@5.156ns period=10.312ns})
  Path Group:             (none)
  Path Type:              Hold (Min at Fast Process Corner)
  Data Path Delay:        0.188ns  (logic 0.000ns (0.000%)  route 0.188ns (100.000%))
  Logic Levels:           0  
  Clock Uncertainty:      0.157ns  ((TSJ^2 + DJ^2)^1/2) / 2 + PE
    Total System Jitter     (TSJ):    0.050ns
    Discrete Jitter          (DJ):    0.310ns
    Phase Error              (PE):    0.000ns
  Clock Net Delay (Destination): 1.267ns (routing 0.282ns, distribution 0.985ns)
  Timing Exception:       False Path

    Location             Delay type                Incr(ns)  Path(ns)    Netlist Resource(s)
  -------------------------------------------------------------------    -------------------
    HSADC_X0Y1           HSADC                        0.000     0.000 r  work_pls_i/usp_rf_data_converter_0/inst/work_pls_usp_rf_data_converter_0_0_rf_wrapper_i/rx1_u_adc/STATUS_ADC1[3]
                         net (fo=1, routed)           0.188     0.188    work_pls_i/usp_rf_data_converter_0/inst/i_work_pls_usp_rf_data_converter_0_0_irq_sync/sync_adc11_over_range/src_in
    SLICE_X118Y77        FDRE                                         r  work_pls_i/usp_rf_data_converter_0/inst/i_work_pls_usp_rf_data_converter_0_0_irq_sync/sync_adc11_over_range/syncstages_ff_reg[0]/D
  -------------------------------------------------------------------    -------------------

                         (clock clk_pl_0 rise edge)
                                                      0.000     0.000 r  
    PS8_X0Y0             PS8                          0.000     0.000 r  work_pls_i/zynq_ultra_ps_e_0/U0/PS8_i/PLCLK[0]
                         net (fo=1, routed)           0.129     0.129    work_pls_i/zynq_ultra_ps_e_0/U0/pl_clk_unbuffered[0]
    BUFG_PS_X0Y58        BUFG_PS (Prop_BUFG_PS_I_O)
                                                      0.018     0.147 r  work_pls_i/zynq_ultra_ps_e_0/U0/buffer_pl_clk_0.PL_CLK_0_BUFG/O
    X2Y2 (CLOCK_ROOT)    net (fo=7597, routed)        1.267     1.414    work_pls_i/usp_rf_data_converter_0/inst/i_work_pls_usp_rf_data_converter_0_0_irq_sync/sync_adc11_over_range/dest_clk
    SLICE_X118Y77        FDRE                                         r  work_pls_i/usp_rf_data_converter_0/inst/i_work_pls_usp_rf_data_converter_0_0_irq_sync/sync_adc11_over_range/syncstages_ff_reg[0]/C

Slack:                    inf
  Source:                 work_pls_i/usp_rf_data_converter_0/inst/work_pls_usp_rf_data_converter_0_0_rf_wrapper_i/rx1_u_adc/STATUS_ADC0[14]
                            (internal pin)
  Destination:            work_pls_i/usp_rf_data_converter_0/inst/i_work_pls_usp_rf_data_converter_0_0_irq_sync/sync_adc10_data_irq/syncstages_ff_reg[0]/D
                            (rising edge-triggered cell FDRE clocked by clk_pl_0  {rise@0.000ns fall@5.156ns period=10.312ns})
  Path Group:             (none)
  Path Type:              Hold (Min at Fast Process Corner)
  Data Path Delay:        0.196ns  (logic 0.000ns (0.000%)  route 0.196ns (100.000%))
  Logic Levels:           0  
  Clock Uncertainty:      0.157ns  ((TSJ^2 + DJ^2)^1/2) / 2 + PE
    Total System Jitter     (TSJ):    0.050ns
    Discrete Jitter          (DJ):    0.310ns
    Phase Error              (PE):    0.000ns
  Clock Net Delay (Destination): 1.268ns (routing 0.282ns, distribution 0.986ns)
  Timing Exception:       False Path

    Location             Delay type                Incr(ns)  Path(ns)    Netlist Resource(s)
  -------------------------------------------------------------------    -------------------
    HSADC_X0Y1           HSADC                        0.000     0.000 r  work_pls_i/usp_rf_data_converter_0/inst/work_pls_usp_rf_data_converter_0_0_rf_wrapper_i/rx1_u_adc/STATUS_ADC0[14]
                         net (fo=1, routed)           0.196     0.196    work_pls_i/usp_rf_data_converter_0/inst/i_work_pls_usp_rf_data_converter_0_0_irq_sync/sync_adc10_data_irq/src_in
    SLICE_X118Y75        FDRE                                         r  work_pls_i/usp_rf_data_converter_0/inst/i_work_pls_usp_rf_data_converter_0_0_irq_sync/sync_adc10_data_irq/syncstages_ff_reg[0]/D
  -------------------------------------------------------------------    -------------------

                         (clock clk_pl_0 rise edge)
                                                      0.000     0.000 r  
    PS8_X0Y0             PS8                          0.000     0.000 r  work_pls_i/zynq_ultra_ps_e_0/U0/PS8_i/PLCLK[0]
                         net (fo=1, routed)           0.129     0.129    work_pls_i/zynq_ultra_ps_e_0/U0/pl_clk_unbuffered[0]
    BUFG_PS_X0Y58        BUFG_PS (Prop_BUFG_PS_I_O)
                                                      0.018     0.147 r  work_pls_i/zynq_ultra_ps_e_0/U0/buffer_pl_clk_0.PL_CLK_0_BUFG/O
    X2Y2 (CLOCK_ROOT)    net (fo=7597, routed)        1.268     1.415    work_pls_i/usp_rf_data_converter_0/inst/i_work_pls_usp_rf_data_converter_0_0_irq_sync/sync_adc10_data_irq/dest_clk
    SLICE_X118Y75        FDRE                                         r  work_pls_i/usp_rf_data_converter_0/inst/i_work_pls_usp_rf_data_converter_0_0_irq_sync/sync_adc10_data_irq/syncstages_ff_reg[0]/C

Slack:                    inf
  Source:                 work_pls_i/usp_rf_data_converter_0/inst/work_pls_usp_rf_data_converter_0_0_rf_wrapper_i/rx1_u_adc/STATUS_ADC0[15]
                            (internal pin)
  Destination:            work_pls_i/usp_rf_data_converter_0/inst/i_work_pls_usp_rf_data_converter_0_0_irq_sync/sync_adc10_fifo_irq/syncstages_ff_reg[0]/D
                            (rising edge-triggered cell FDRE clocked by clk_pl_0  {rise@0.000ns fall@5.156ns period=10.312ns})
  Path Group:             (none)
  Path Type:              Hold (Min at Fast Process Corner)
  Data Path Delay:        0.199ns  (logic 0.000ns (0.000%)  route 0.199ns (100.000%))
  Logic Levels:           0  
  Clock Uncertainty:      0.157ns  ((TSJ^2 + DJ^2)^1/2) / 2 + PE
    Total System Jitter     (TSJ):    0.050ns
    Discrete Jitter          (DJ):    0.310ns
    Phase Error              (PE):    0.000ns
  Clock Net Delay (Destination): 1.266ns (routing 0.282ns, distribution 0.984ns)
  Timing Exception:       False Path

    Location             Delay type                Incr(ns)  Path(ns)    Netlist Resource(s)
  -------------------------------------------------------------------    -------------------
    HSADC_X0Y1           HSADC                        0.000     0.000 r  work_pls_i/usp_rf_data_converter_0/inst/work_pls_usp_rf_data_converter_0_0_rf_wrapper_i/rx1_u_adc/STATUS_ADC0[15]
                         net (fo=1, routed)           0.199     0.199    work_pls_i/usp_rf_data_converter_0/inst/i_work_pls_usp_rf_data_converter_0_0_irq_sync/sync_adc10_fifo_irq/src_in
    SLICE_X118Y78        FDRE                                         r  work_pls_i/usp_rf_data_converter_0/inst/i_work_pls_usp_rf_data_converter_0_0_irq_sync/sync_adc10_fifo_irq/syncstages_ff_reg[0]/D
  -------------------------------------------------------------------    -------------------

                         (clock clk_pl_0 rise edge)
                                                      0.000     0.000 r  
    PS8_X0Y0             PS8                          0.000     0.000 r  work_pls_i/zynq_ultra_ps_e_0/U0/PS8_i/PLCLK[0]
                         net (fo=1, routed)           0.129     0.129    work_pls_i/zynq_ultra_ps_e_0/U0/pl_clk_unbuffered[0]
    BUFG_PS_X0Y58        BUFG_PS (Prop_BUFG_PS_I_O)
                                                      0.018     0.147 r  work_pls_i/zynq_ultra_ps_e_0/U0/buffer_pl_clk_0.PL_CLK_0_BUFG/O
    X2Y2 (CLOCK_ROOT)    net (fo=7597, routed)        1.266     1.413    work_pls_i/usp_rf_data_converter_0/inst/i_work_pls_usp_rf_data_converter_0_0_irq_sync/sync_adc10_fifo_irq/dest_clk
    SLICE_X118Y78        FDRE                                         r  work_pls_i/usp_rf_data_converter_0/inst/i_work_pls_usp_rf_data_converter_0_0_irq_sync/sync_adc10_fifo_irq/syncstages_ff_reg[0]/C

Slack:                    inf
  Source:                 work_pls_i/usp_rf_data_converter_0/inst/work_pls_usp_rf_data_converter_0_0_rf_wrapper_i/rx1_u_adc/STATUS_ADC1[2]
                            (internal pin)
  Destination:            work_pls_i/usp_rf_data_converter_0/inst/i_work_pls_usp_rf_data_converter_0_0_irq_sync/sync_adc11_over_vol/syncstages_ff_reg[0]/D
                            (rising edge-triggered cell FDRE clocked by clk_pl_0  {rise@0.000ns fall@5.156ns period=10.312ns})
  Path Group:             (none)
  Path Type:              Hold (Min at Fast Process Corner)
  Data Path Delay:        0.216ns  (logic 0.000ns (0.000%)  route 0.216ns (100.000%))
  Logic Levels:           0  
  Clock Uncertainty:      0.157ns  ((TSJ^2 + DJ^2)^1/2) / 2 + PE
    Total System Jitter     (TSJ):    0.050ns
    Discrete Jitter          (DJ):    0.310ns
    Phase Error              (PE):    0.000ns
  Clock Net Delay (Destination): 1.266ns (routing 0.282ns, distribution 0.984ns)
  Timing Exception:       False Path

    Location             Delay type                Incr(ns)  Path(ns)    Netlist Resource(s)
  -------------------------------------------------------------------    -------------------
    HSADC_X0Y1           HSADC                        0.000     0.000 r  work_pls_i/usp_rf_data_converter_0/inst/work_pls_usp_rf_data_converter_0_0_rf_wrapper_i/rx1_u_adc/STATUS_ADC1[2]
                         net (fo=1, routed)           0.216     0.216    work_pls_i/usp_rf_data_converter_0/inst/i_work_pls_usp_rf_data_converter_0_0_irq_sync/sync_adc11_over_vol/src_in
    SLICE_X118Y79        FDRE                                         r  work_pls_i/usp_rf_data_converter_0/inst/i_work_pls_usp_rf_data_converter_0_0_irq_sync/sync_adc11_over_vol/syncstages_ff_reg[0]/D
  -------------------------------------------------------------------    -------------------

                         (clock clk_pl_0 rise edge)
                                                      0.000     0.000 r  
    PS8_X0Y0             PS8                          0.000     0.000 r  work_pls_i/zynq_ultra_ps_e_0/U0/PS8_i/PLCLK[0]
                         net (fo=1, routed)           0.129     0.129    work_pls_i/zynq_ultra_ps_e_0/U0/pl_clk_unbuffered[0]
    BUFG_PS_X0Y58        BUFG_PS (Prop_BUFG_PS_I_O)
                                                      0.018     0.147 r  work_pls_i/zynq_ultra_ps_e_0/U0/buffer_pl_clk_0.PL_CLK_0_BUFG/O
    X2Y2 (CLOCK_ROOT)    net (fo=7597, routed)        1.266     1.413    work_pls_i/usp_rf_data_converter_0/inst/i_work_pls_usp_rf_data_converter_0_0_irq_sync/sync_adc11_over_vol/dest_clk
    SLICE_X118Y79        FDRE                                         r  work_pls_i/usp_rf_data_converter_0/inst/i_work_pls_usp_rf_data_converter_0_0_irq_sync/sync_adc11_over_vol/syncstages_ff_reg[0]/C

Slack:                    inf
  Source:                 work_pls_i/usp_rf_data_converter_0/inst/work_pls_usp_rf_data_converter_0_0_rf_wrapper_i/rx1_u_adc/STATUS_ADC0[3]
                            (internal pin)
  Destination:            work_pls_i/usp_rf_data_converter_0/inst/i_work_pls_usp_rf_data_converter_0_0_irq_sync/sync_adc10_over_range/syncstages_ff_reg[0]/D
                            (rising edge-triggered cell FDRE clocked by clk_pl_0  {rise@0.000ns fall@5.156ns period=10.312ns})
  Path Group:             (none)
  Path Type:              Hold (Min at Fast Process Corner)
  Data Path Delay:        0.218ns  (logic 0.000ns (0.000%)  route 0.218ns (100.000%))
  Logic Levels:           0  
  Clock Uncertainty:      0.157ns  ((TSJ^2 + DJ^2)^1/2) / 2 + PE
    Total System Jitter     (TSJ):    0.050ns
    Discrete Jitter          (DJ):    0.310ns
    Phase Error              (PE):    0.000ns
  Clock Net Delay (Destination): 1.265ns (routing 0.282ns, distribution 0.983ns)
  Timing Exception:       False Path

    Location             Delay type                Incr(ns)  Path(ns)    Netlist Resource(s)
  -------------------------------------------------------------------    -------------------
    HSADC_X0Y1           HSADC                        0.000     0.000 r  work_pls_i/usp_rf_data_converter_0/inst/work_pls_usp_rf_data_converter_0_0_rf_wrapper_i/rx1_u_adc/STATUS_ADC0[3]
                         net (fo=1, routed)           0.218     0.218    work_pls_i/usp_rf_data_converter_0/inst/i_work_pls_usp_rf_data_converter_0_0_irq_sync/sync_adc10_over_range/src_in
    SLICE_X117Y74        FDRE                                         r  work_pls_i/usp_rf_data_converter_0/inst/i_work_pls_usp_rf_data_converter_0_0_irq_sync/sync_adc10_over_range/syncstages_ff_reg[0]/D
  -------------------------------------------------------------------    -------------------

                         (clock clk_pl_0 rise edge)
                                                      0.000     0.000 r  
    PS8_X0Y0             PS8                          0.000     0.000 r  work_pls_i/zynq_ultra_ps_e_0/U0/PS8_i/PLCLK[0]
                         net (fo=1, routed)           0.129     0.129    work_pls_i/zynq_ultra_ps_e_0/U0/pl_clk_unbuffered[0]
    BUFG_PS_X0Y58        BUFG_PS (Prop_BUFG_PS_I_O)
                                                      0.018     0.147 r  work_pls_i/zynq_ultra_ps_e_0/U0/buffer_pl_clk_0.PL_CLK_0_BUFG/O
    X2Y2 (CLOCK_ROOT)    net (fo=7597, routed)        1.265     1.412    work_pls_i/usp_rf_data_converter_0/inst/i_work_pls_usp_rf_data_converter_0_0_irq_sync/sync_adc10_over_range/dest_clk
    SLICE_X117Y74        FDRE                                         r  work_pls_i/usp_rf_data_converter_0/inst/i_work_pls_usp_rf_data_converter_0_0_irq_sync/sync_adc10_over_range/syncstages_ff_reg[0]/C

Slack:                    inf
  Source:                 work_pls_i/usp_rf_data_converter_0/inst/work_pls_usp_rf_data_converter_0_0_rf_wrapper_i/rx2_u_adc/STATUS_ADC0[2]
                            (internal pin)
  Destination:            work_pls_i/usp_rf_data_converter_0/inst/i_work_pls_usp_rf_data_converter_0_0_irq_sync/sync_adc20_over_vol/syncstages_ff_reg[0]/D
                            (rising edge-triggered cell FDRE clocked by clk_pl_0  {rise@0.000ns fall@5.156ns period=10.312ns})
  Path Group:             (none)
  Path Type:              Hold (Min at Fast Process Corner)
  Data Path Delay:        0.219ns  (logic 0.000ns (0.000%)  route 0.219ns (100.000%))
  Logic Levels:           0  
  Clock Uncertainty:      0.157ns  ((TSJ^2 + DJ^2)^1/2) / 2 + PE
    Total System Jitter     (TSJ):    0.050ns
    Discrete Jitter          (DJ):    0.310ns
    Phase Error              (PE):    0.000ns
  Clock Net Delay (Destination): 1.264ns (routing 0.282ns, distribution 0.982ns)
  Timing Exception:       False Path

    Location             Delay type                Incr(ns)  Path(ns)    Netlist Resource(s)
  -------------------------------------------------------------------    -------------------
    HSADC_X0Y2           HSADC                        0.000     0.000 r  work_pls_i/usp_rf_data_converter_0/inst/work_pls_usp_rf_data_converter_0_0_rf_wrapper_i/rx2_u_adc/STATUS_ADC0[2]
                         net (fo=1, routed)           0.219     0.219    work_pls_i/usp_rf_data_converter_0/inst/i_work_pls_usp_rf_data_converter_0_0_irq_sync/sync_adc20_over_vol/src_in
    SLICE_X118Y109       FDRE                                         r  work_pls_i/usp_rf_data_converter_0/inst/i_work_pls_usp_rf_data_converter_0_0_irq_sync/sync_adc20_over_vol/syncstages_ff_reg[0]/D
  -------------------------------------------------------------------    -------------------

                         (clock clk_pl_0 rise edge)
                                                      0.000     0.000 r  
    PS8_X0Y0             PS8                          0.000     0.000 r  work_pls_i/zynq_ultra_ps_e_0/U0/PS8_i/PLCLK[0]
                         net (fo=1, routed)           0.129     0.129    work_pls_i/zynq_ultra_ps_e_0/U0/pl_clk_unbuffered[0]
    BUFG_PS_X0Y58        BUFG_PS (Prop_BUFG_PS_I_O)
                                                      0.018     0.147 r  work_pls_i/zynq_ultra_ps_e_0/U0/buffer_pl_clk_0.PL_CLK_0_BUFG/O
    X2Y2 (CLOCK_ROOT)    net (fo=7597, routed)        1.264     1.411    work_pls_i/usp_rf_data_converter_0/inst/i_work_pls_usp_rf_data_converter_0_0_irq_sync/sync_adc20_over_vol/dest_clk
    SLICE_X118Y109       FDRE                                         r  work_pls_i/usp_rf_data_converter_0/inst/i_work_pls_usp_rf_data_converter_0_0_irq_sync/sync_adc20_over_vol/syncstages_ff_reg[0]/C





--------------------------------------------------------------------------------------
Path Group:  (none)
From Clock:  RFADC0_CLK
  To Clock:  clk_pl_0

Max Delay             8 Endpoints
Min Delay             8 Endpoints
--------------------------------------------------------------------------------------


Max Delay Paths
--------------------------------------------------------------------------------------
Slack:                    inf
  Source:                 work_pls_i/usp_rf_data_converter_0/inst/work_pls_usp_rf_data_converter_0_0_rf_wrapper_i/rx0_u_adc/INTERNAL_FBRC_DIV2_MUX
                            (rising edge-triggered cell HSADC clocked by RFADC0_CLK  {rise@0.000ns fall@15.625ns period=31.250ns})
  Destination:            work_pls_i/usp_rf_data_converter_0/inst/IP2Bus_Data_reg[8]/D
                            (rising edge-triggered cell FDRE clocked by clk_pl_0  {rise@0.000ns fall@5.156ns period=10.312ns})
  Path Group:             (none)
  Path Type:              Setup (Max at Slow Process Corner)
  Data Path Delay:        3.013ns  (logic 1.280ns (42.483%)  route 1.733ns (57.517%))
  Logic Levels:           5  (LUT5=1 LUT6=4)
  Clock Path Skew:        2.000ns (DCD - SCD + CPR)
    Destination Clock Delay (DCD):    2.000ns
    Source Clock Delay      (SCD):    0.000ns
    Clock Pessimism Removal (CPR):    0.000ns
  Clock Uncertainty:      0.159ns  ((TSJ^2 + DJ^2)^1/2) / 2 + PE
    Total System Jitter     (TSJ):    0.071ns
    Discrete Jitter          (DJ):    0.310ns
    Phase Error              (PE):    0.000ns
  Clock Net Delay (Destination): 1.818ns (routing 0.423ns, distribution 1.395ns)
  Timing Exception:       False Path

    Location             Delay type                Incr(ns)  Path(ns)    Netlist Resource(s)
  -------------------------------------------------------------------    -------------------
                         (clock RFADC0_CLK rise edge)
                                                      0.000     0.000 r  
    HSADC_X0Y0           HSADC                        0.000     0.000 r  work_pls_i/usp_rf_data_converter_0/inst/work_pls_usp_rf_data_converter_0_0_rf_wrapper_i/rx0_u_adc/INTERNAL_FBRC_DIV2_MUX
  -------------------------------------------------------------------    -------------------
    HSADC_X0Y0           HSADC (Prop_HSADC_INTERNAL_FBRC_DIV2_MUX_STATUS_COMMON[8])
                                                      0.788     0.788 r  work_pls_i/usp_rf_data_converter_0/inst/work_pls_usp_rf_data_converter_0_0_rf_wrapper_i/rx0_u_adc/STATUS_COMMON[8]
                         net (fo=1, routed)           0.823     1.611    work_pls_i/usp_rf_data_converter_0/inst/i_axi_lite_ipif/I_SLAVE_ATTACHMENT/I_DECODER/adc0_common_stat[8]
    SLICE_X113Y87        LUT6 (Prop_B6LUT_SLICEM_I5_O)
                                                      0.089     1.700 r  work_pls_i/usp_rf_data_converter_0/inst/i_axi_lite_ipif/I_SLAVE_ATTACHMENT/I_DECODER/IP2Bus_Data[8]_i_29/O
                         net (fo=1, routed)           0.106     1.806    work_pls_i/usp_rf_data_converter_0/inst/i_axi_lite_ipif/I_SLAVE_ATTACHMENT/I_DECODER/IP2Bus_Data[8]_i_29_n_0
    SLICE_X113Y87        LUT5 (Prop_A6LUT_SLICEM_I4_O)
                                                      0.125     1.931 f  work_pls_i/usp_rf_data_converter_0/inst/i_axi_lite_ipif/I_SLAVE_ATTACHMENT/I_DECODER/IP2Bus_Data[8]_i_19/O
                         net (fo=1, routed)           0.397     2.328    work_pls_i/usp_rf_data_converter_0/inst/i_axi_lite_ipif/I_SLAVE_ATTACHMENT/I_DECODER/IP2Bus_Data[8]_i_19_n_0
    SLICE_X115Y95        LUT6 (Prop_F6LUT_SLICEM_I4_O)
                                                      0.088     2.416 f  work_pls_i/usp_rf_data_converter_0/inst/i_axi_lite_ipif/I_SLAVE_ATTACHMENT/I_DECODER/IP2Bus_Data[8]_i_11/O
                         net (fo=1, routed)           0.042     2.458    work_pls_i/usp_rf_data_converter_0/inst/i_axi_lite_ipif/I_SLAVE_ATTACHMENT/I_DECODER/IP2Bus_Data[8]_i_11_n_0
    SLICE_X115Y95        LUT6 (Prop_E6LUT_SLICEM_I0_O)
                                                      0.091     2.549 f  work_pls_i/usp_rf_data_converter_0/inst/i_axi_lite_ipif/I_SLAVE_ATTACHMENT/I_DECODER/IP2Bus_Data[8]_i_5/O
                         net (fo=1, routed)           0.316     2.865    work_pls_i/usp_rf_data_converter_0/inst/i_axi_lite_ipif/I_SLAVE_ATTACHMENT/I_DECODER/IP2Bus_Data[8]_i_5_n_0
    SLICE_X111Y105       LUT6 (Prop_D6LUT_SLICEL_I4_O)
                                                      0.099     2.964 r  work_pls_i/usp_rf_data_converter_0/inst/i_axi_lite_ipif/I_SLAVE_ATTACHMENT/I_DECODER/IP2Bus_Data[8]_i_1/O
                         net (fo=1, routed)           0.049     3.013    work_pls_i/usp_rf_data_converter_0/inst/i_axi_lite_ipif_n_76
    SLICE_X111Y105       FDRE                                         r  work_pls_i/usp_rf_data_converter_0/inst/IP2Bus_Data_reg[8]/D
  -------------------------------------------------------------------    -------------------

                         (clock clk_pl_0 rise edge)
                                                      0.000     0.000 r  
    PS8_X0Y0             PS8                          0.000     0.000 r  work_pls_i/zynq_ultra_ps_e_0/U0/PS8_i/PLCLK[0]
                         net (fo=1, routed)           0.157     0.157    work_pls_i/zynq_ultra_ps_e_0/U0/pl_clk_unbuffered[0]
    BUFG_PS_X0Y58        BUFG_PS (Prop_BUFG_PS_I_O)
                                                      0.025     0.182 r  work_pls_i/zynq_ultra_ps_e_0/U0/buffer_pl_clk_0.PL_CLK_0_BUFG/O
    X2Y2 (CLOCK_ROOT)    net (fo=7597, routed)        1.818     2.000    work_pls_i/usp_rf_data_converter_0/inst/s_axi_aclk
    SLICE_X111Y105       FDRE                                         r  work_pls_i/usp_rf_data_converter_0/inst/IP2Bus_Data_reg[8]/C

Slack:                    inf
  Source:                 work_pls_i/usp_rf_data_converter_0/inst/work_pls_usp_rf_data_converter_0_0_rf_wrapper_i/rx0_u_adc/INTERNAL_FBRC_DIV2_MUX
                            (rising edge-triggered cell HSADC clocked by RFADC0_CLK  {rise@0.000ns fall@15.625ns period=31.250ns})
  Destination:            work_pls_i/usp_rf_data_converter_0/inst/IP2Bus_Data_reg[9]/D
                            (rising edge-triggered cell FDRE clocked by clk_pl_0  {rise@0.000ns fall@5.156ns period=10.312ns})
  Path Group:             (none)
  Path Type:              Setup (Max at Slow Process Corner)
  Data Path Delay:        2.769ns  (logic 0.984ns (35.536%)  route 1.785ns (64.464%))
  Logic Levels:           5  (LUT5=1 LUT6=4)
  Clock Path Skew:        2.006ns (DCD - SCD + CPR)
    Destination Clock Delay (DCD):    2.006ns
    Source Clock Delay      (SCD):    0.000ns
    Clock Pessimism Removal (CPR):    0.000ns
  Clock Uncertainty:      0.159ns  ((TSJ^2 + DJ^2)^1/2) / 2 + PE
    Total System Jitter     (TSJ):    0.071ns
    Discrete Jitter          (DJ):    0.310ns
    Phase Error              (PE):    0.000ns
  Clock Net Delay (Destination): 1.824ns (routing 0.423ns, distribution 1.401ns)
  Timing Exception:       False Path

    Location             Delay type                Incr(ns)  Path(ns)    Netlist Resource(s)
  -------------------------------------------------------------------    -------------------
                         (clock RFADC0_CLK rise edge)
                                                      0.000     0.000 r  
    HSADC_X0Y0           HSADC                        0.000     0.000 r  work_pls_i/usp_rf_data_converter_0/inst/work_pls_usp_rf_data_converter_0_0_rf_wrapper_i/rx0_u_adc/INTERNAL_FBRC_DIV2_MUX
  -------------------------------------------------------------------    -------------------
    HSADC_X0Y0           HSADC (Prop_HSADC_INTERNAL_FBRC_DIV2_MUX_STATUS_COMMON[9])
                                                      0.532     0.532 r  work_pls_i/usp_rf_data_converter_0/inst/work_pls_usp_rf_data_converter_0_0_rf_wrapper_i/rx0_u_adc/STATUS_COMMON[9]
                         net (fo=1, routed)           0.921     1.453    work_pls_i/usp_rf_data_converter_0/inst/i_axi_lite_ipif/I_SLAVE_ATTACHMENT/I_DECODER/adc0_common_stat[9]
    SLICE_X112Y88        LUT6 (Prop_C6LUT_SLICEM_I5_O)
                                                      0.123     1.576 r  work_pls_i/usp_rf_data_converter_0/inst/i_axi_lite_ipif/I_SLAVE_ATTACHMENT/I_DECODER/IP2Bus_Data[9]_i_32/O
                         net (fo=1, routed)           0.039     1.615    work_pls_i/usp_rf_data_converter_0/inst/i_axi_lite_ipif/I_SLAVE_ATTACHMENT/I_DECODER/IP2Bus_Data[9]_i_32_n_0
    SLICE_X112Y88        LUT5 (Prop_B6LUT_SLICEM_I4_O)
                                                      0.089     1.704 f  work_pls_i/usp_rf_data_converter_0/inst/i_axi_lite_ipif/I_SLAVE_ATTACHMENT/I_DECODER/IP2Bus_Data[9]_i_22/O
                         net (fo=1, routed)           0.419     2.123    work_pls_i/usp_rf_data_converter_0/inst/i_axi_lite_ipif/I_SLAVE_ATTACHMENT/I_DECODER/IP2Bus_Data[9]_i_22_n_0
    SLICE_X115Y96        LUT6 (Prop_H6LUT_SLICEM_I4_O)
                                                      0.152     2.275 f  work_pls_i/usp_rf_data_converter_0/inst/i_axi_lite_ipif/I_SLAVE_ATTACHMENT/I_DECODER/IP2Bus_Data[9]_i_14/O
                         net (fo=1, routed)           0.042     2.317    work_pls_i/usp_rf_data_converter_0/inst/i_axi_lite_ipif/I_SLAVE_ATTACHMENT/I_DECODER/IP2Bus_Data[9]_i_14_n_0
    SLICE_X115Y96        LUT6 (Prop_G6LUT_SLICEM_I0_O)
                                                      0.037     2.354 f  work_pls_i/usp_rf_data_converter_0/inst/i_axi_lite_ipif/I_SLAVE_ATTACHMENT/I_DECODER/IP2Bus_Data[9]_i_5/O
                         net (fo=1, routed)           0.298     2.652    work_pls_i/usp_rf_data_converter_0/inst/i_axi_lite_ipif/I_SLAVE_ATTACHMENT/I_DECODER/IP2Bus_Data[9]_i_5_n_0
    SLICE_X113Y104       LUT6 (Prop_C6LUT_SLICEM_I4_O)
                                                      0.051     2.703 r  work_pls_i/usp_rf_data_converter_0/inst/i_axi_lite_ipif/I_SLAVE_ATTACHMENT/I_DECODER/IP2Bus_Data[9]_i_1/O
                         net (fo=1, routed)           0.066     2.769    work_pls_i/usp_rf_data_converter_0/inst/i_axi_lite_ipif_n_75
    SLICE_X113Y104       FDRE                                         r  work_pls_i/usp_rf_data_converter_0/inst/IP2Bus_Data_reg[9]/D
  -------------------------------------------------------------------    -------------------

                         (clock clk_pl_0 rise edge)
                                                      0.000     0.000 r  
    PS8_X0Y0             PS8                          0.000     0.000 r  work_pls_i/zynq_ultra_ps_e_0/U0/PS8_i/PLCLK[0]
                         net (fo=1, routed)           0.157     0.157    work_pls_i/zynq_ultra_ps_e_0/U0/pl_clk_unbuffered[0]
    BUFG_PS_X0Y58        BUFG_PS (Prop_BUFG_PS_I_O)
                                                      0.025     0.182 r  work_pls_i/zynq_ultra_ps_e_0/U0/buffer_pl_clk_0.PL_CLK_0_BUFG/O
    X2Y2 (CLOCK_ROOT)    net (fo=7597, routed)        1.824     2.006    work_pls_i/usp_rf_data_converter_0/inst/s_axi_aclk
    SLICE_X113Y104       FDRE                                         r  work_pls_i/usp_rf_data_converter_0/inst/IP2Bus_Data_reg[9]/C

Slack:                    inf
  Source:                 work_pls_i/usp_rf_data_converter_0/inst/work_pls_usp_rf_data_converter_0_0_rf_wrapper_i/rx0_u_adc/INTERNAL_FBRC_DIV2_MUX
                            (rising edge-triggered cell HSADC clocked by RFADC0_CLK  {rise@0.000ns fall@15.625ns period=31.250ns})
  Destination:            work_pls_i/usp_rf_data_converter_0/inst/IP2Bus_Data_reg[11]/D
                            (rising edge-triggered cell FDRE clocked by clk_pl_0  {rise@0.000ns fall@5.156ns period=10.312ns})
  Path Group:             (none)
  Path Type:              Setup (Max at Slow Process Corner)
  Data Path Delay:        2.655ns  (logic 0.955ns (35.970%)  route 1.700ns (64.030%))
  Logic Levels:           5  (LUT5=1 LUT6=4)
  Clock Path Skew:        1.997ns (DCD - SCD + CPR)
    Destination Clock Delay (DCD):    1.997ns
    Source Clock Delay      (SCD):    0.000ns
    Clock Pessimism Removal (CPR):    0.000ns
  Clock Uncertainty:      0.159ns  ((TSJ^2 + DJ^2)^1/2) / 2 + PE
    Total System Jitter     (TSJ):    0.071ns
    Discrete Jitter          (DJ):    0.310ns
    Phase Error              (PE):    0.000ns
  Clock Net Delay (Destination): 1.815ns (routing 0.423ns, distribution 1.392ns)
  Timing Exception:       False Path

    Location             Delay type                Incr(ns)  Path(ns)    Netlist Resource(s)
  -------------------------------------------------------------------    -------------------
                         (clock RFADC0_CLK rise edge)
                                                      0.000     0.000 r  
    HSADC_X0Y0           HSADC                        0.000     0.000 r  work_pls_i/usp_rf_data_converter_0/inst/work_pls_usp_rf_data_converter_0_0_rf_wrapper_i/rx0_u_adc/INTERNAL_FBRC_DIV2_MUX
  -------------------------------------------------------------------    -------------------
    HSADC_X0Y0           HSADC (Prop_HSADC_INTERNAL_FBRC_DIV2_MUX_STATUS_COMMON[11])
                                                      0.588     0.588 r  work_pls_i/usp_rf_data_converter_0/inst/work_pls_usp_rf_data_converter_0_0_rf_wrapper_i/rx0_u_adc/STATUS_COMMON[11]
                         net (fo=1, routed)           0.915     1.503    work_pls_i/usp_rf_data_converter_0/inst/i_axi_lite_ipif/I_SLAVE_ATTACHMENT/I_DECODER/adc0_common_stat[11]
    SLICE_X113Y86        LUT6 (Prop_G6LUT_SLICEM_I5_O)
                                                      0.052     1.555 r  work_pls_i/usp_rf_data_converter_0/inst/i_axi_lite_ipif/I_SLAVE_ATTACHMENT/I_DECODER/IP2Bus_Data[11]_i_37/O
                         net (fo=1, routed)           0.048     1.603    work_pls_i/usp_rf_data_converter_0/inst/i_axi_lite_ipif/I_SLAVE_ATTACHMENT/I_DECODER/IP2Bus_Data[11]_i_37_n_0
    SLICE_X113Y86        LUT5 (Prop_E6LUT_SLICEM_I4_O)
                                                      0.100     1.703 f  work_pls_i/usp_rf_data_converter_0/inst/i_axi_lite_ipif/I_SLAVE_ATTACHMENT/I_DECODER/IP2Bus_Data[11]_i_26/O
                         net (fo=1, routed)           0.352     2.055    work_pls_i/usp_rf_data_converter_0/inst/i_axi_lite_ipif/I_SLAVE_ATTACHMENT/I_DECODER/IP2Bus_Data[11]_i_26_n_0
    SLICE_X115Y95        LUT6 (Prop_H6LUT_SLICEM_I3_O)
                                                      0.125     2.180 f  work_pls_i/usp_rf_data_converter_0/inst/i_axi_lite_ipif/I_SLAVE_ATTACHMENT/I_DECODER/IP2Bus_Data[11]_i_15/O
                         net (fo=1, routed)           0.042     2.222    work_pls_i/usp_rf_data_converter_0/inst/i_axi_lite_ipif/I_SLAVE_ATTACHMENT/I_DECODER/IP2Bus_Data[11]_i_15_n_0
    SLICE_X115Y95        LUT6 (Prop_G6LUT_SLICEM_I0_O)
                                                      0.037     2.259 f  work_pls_i/usp_rf_data_converter_0/inst/i_axi_lite_ipif/I_SLAVE_ATTACHMENT/I_DECODER/IP2Bus_Data[11]_i_5/O
                         net (fo=1, routed)           0.285     2.544    work_pls_i/usp_rf_data_converter_0/inst/i_axi_lite_ipif/I_SLAVE_ATTACHMENT/I_DECODER/IP2Bus_Data[11]_i_5_n_0
    SLICE_X113Y105       LUT6 (Prop_H6LUT_SLICEM_I4_O)
                                                      0.053     2.597 r  work_pls_i/usp_rf_data_converter_0/inst/i_axi_lite_ipif/I_SLAVE_ATTACHMENT/I_DECODER/IP2Bus_Data[11]_i_1/O
                         net (fo=1, routed)           0.058     2.655    work_pls_i/usp_rf_data_converter_0/inst/i_axi_lite_ipif_n_73
    SLICE_X113Y105       FDRE                                         r  work_pls_i/usp_rf_data_converter_0/inst/IP2Bus_Data_reg[11]/D
  -------------------------------------------------------------------    -------------------

                         (clock clk_pl_0 rise edge)
                                                      0.000     0.000 r  
    PS8_X0Y0             PS8                          0.000     0.000 r  work_pls_i/zynq_ultra_ps_e_0/U0/PS8_i/PLCLK[0]
                         net (fo=1, routed)           0.157     0.157    work_pls_i/zynq_ultra_ps_e_0/U0/pl_clk_unbuffered[0]
    BUFG_PS_X0Y58        BUFG_PS (Prop_BUFG_PS_I_O)
                                                      0.025     0.182 r  work_pls_i/zynq_ultra_ps_e_0/U0/buffer_pl_clk_0.PL_CLK_0_BUFG/O
    X2Y2 (CLOCK_ROOT)    net (fo=7597, routed)        1.815     1.997    work_pls_i/usp_rf_data_converter_0/inst/s_axi_aclk
    SLICE_X113Y105       FDRE                                         r  work_pls_i/usp_rf_data_converter_0/inst/IP2Bus_Data_reg[11]/C

Slack:                    inf
  Source:                 work_pls_i/usp_rf_data_converter_0/inst/work_pls_usp_rf_data_converter_0_0_rf_wrapper_i/rx0_u_adc/INTERNAL_FBRC_DIV2_MUX
                            (rising edge-triggered cell HSADC clocked by RFADC0_CLK  {rise@0.000ns fall@15.625ns period=31.250ns})
  Destination:            work_pls_i/usp_rf_data_converter_0/inst/IP2Bus_Data_reg[10]/D
                            (rising edge-triggered cell FDRE clocked by clk_pl_0  {rise@0.000ns fall@5.156ns period=10.312ns})
  Path Group:             (none)
  Path Type:              Setup (Max at Slow Process Corner)
  Data Path Delay:        2.589ns  (logic 0.889ns (34.338%)  route 1.700ns (65.662%))
  Logic Levels:           5  (LUT5=1 LUT6=4)
  Clock Path Skew:        1.990ns (DCD - SCD + CPR)
    Destination Clock Delay (DCD):    1.990ns
    Source Clock Delay      (SCD):    0.000ns
    Clock Pessimism Removal (CPR):    0.000ns
  Clock Uncertainty:      0.159ns  ((TSJ^2 + DJ^2)^1/2) / 2 + PE
    Total System Jitter     (TSJ):    0.071ns
    Discrete Jitter          (DJ):    0.310ns
    Phase Error              (PE):    0.000ns
  Clock Net Delay (Destination): 1.808ns (routing 0.423ns, distribution 1.385ns)
  Timing Exception:       False Path

    Location             Delay type                Incr(ns)  Path(ns)    Netlist Resource(s)
  -------------------------------------------------------------------    -------------------
                         (clock RFADC0_CLK rise edge)
                                                      0.000     0.000 r  
    HSADC_X0Y0           HSADC                        0.000     0.000 r  work_pls_i/usp_rf_data_converter_0/inst/work_pls_usp_rf_data_converter_0_0_rf_wrapper_i/rx0_u_adc/INTERNAL_FBRC_DIV2_MUX
  -------------------------------------------------------------------    -------------------
    HSADC_X0Y0           HSADC (Prop_HSADC_INTERNAL_FBRC_DIV2_MUX_STATUS_COMMON[10])
                                                      0.536     0.536 r  work_pls_i/usp_rf_data_converter_0/inst/work_pls_usp_rf_data_converter_0_0_rf_wrapper_i/rx0_u_adc/STATUS_COMMON[10]
                         net (fo=1, routed)           0.856     1.392    work_pls_i/usp_rf_data_converter_0/inst/i_axi_lite_ipif/I_SLAVE_ATTACHMENT/I_DECODER/adc0_common_stat[10]
    SLICE_X113Y86        LUT6 (Prop_H6LUT_SLICEM_I5_O)
                                                      0.152     1.544 r  work_pls_i/usp_rf_data_converter_0/inst/i_axi_lite_ipif/I_SLAVE_ATTACHMENT/I_DECODER/IP2Bus_Data[10]_i_32/O
                         net (fo=1, routed)           0.041     1.585    work_pls_i/usp_rf_data_converter_0/inst/i_axi_lite_ipif/I_SLAVE_ATTACHMENT/I_DECODER/IP2Bus_Data[10]_i_32_n_0
    SLICE_X113Y86        LUT5 (Prop_F6LUT_SLICEM_I4_O)
                                                      0.088     1.673 f  work_pls_i/usp_rf_data_converter_0/inst/i_axi_lite_ipif/I_SLAVE_ATTACHMENT/I_DECODER/IP2Bus_Data[10]_i_22/O
                         net (fo=1, routed)           0.390     2.063    work_pls_i/usp_rf_data_converter_0/inst/i_axi_lite_ipif/I_SLAVE_ATTACHMENT/I_DECODER/IP2Bus_Data[10]_i_22_n_0
    SLICE_X115Y95        LUT6 (Prop_C6LUT_SLICEM_I4_O)
                                                      0.037     2.100 f  work_pls_i/usp_rf_data_converter_0/inst/i_axi_lite_ipif/I_SLAVE_ATTACHMENT/I_DECODER/IP2Bus_Data[10]_i_12/O
                         net (fo=1, routed)           0.049     2.149    work_pls_i/usp_rf_data_converter_0/inst/i_axi_lite_ipif/I_SLAVE_ATTACHMENT/I_DECODER/IP2Bus_Data[10]_i_12_n_0
    SLICE_X115Y94        LUT6 (Prop_H6LUT_SLICEM_I0_O)
                                                      0.039     2.188 f  work_pls_i/usp_rf_data_converter_0/inst/i_axi_lite_ipif/I_SLAVE_ATTACHMENT/I_DECODER/IP2Bus_Data[10]_i_5/O
                         net (fo=1, routed)           0.292     2.480    work_pls_i/usp_rf_data_converter_0/inst/i_axi_lite_ipif/I_SLAVE_ATTACHMENT/I_DECODER/IP2Bus_Data[10]_i_5_n_0
    SLICE_X112Y103       LUT6 (Prop_D6LUT_SLICEM_I4_O)
                                                      0.037     2.517 r  work_pls_i/usp_rf_data_converter_0/inst/i_axi_lite_ipif/I_SLAVE_ATTACHMENT/I_DECODER/IP2Bus_Data[10]_i_1/O
                         net (fo=1, routed)           0.072     2.589    work_pls_i/usp_rf_data_converter_0/inst/i_axi_lite_ipif_n_74
    SLICE_X112Y103       FDRE                                         r  work_pls_i/usp_rf_data_converter_0/inst/IP2Bus_Data_reg[10]/D
  -------------------------------------------------------------------    -------------------

                         (clock clk_pl_0 rise edge)
                                                      0.000     0.000 r  
    PS8_X0Y0             PS8                          0.000     0.000 r  work_pls_i/zynq_ultra_ps_e_0/U0/PS8_i/PLCLK[0]
                         net (fo=1, routed)           0.157     0.157    work_pls_i/zynq_ultra_ps_e_0/U0/pl_clk_unbuffered[0]
    BUFG_PS_X0Y58        BUFG_PS (Prop_BUFG_PS_I_O)
                                                      0.025     0.182 r  work_pls_i/zynq_ultra_ps_e_0/U0/buffer_pl_clk_0.PL_CLK_0_BUFG/O
    X2Y2 (CLOCK_ROOT)    net (fo=7597, routed)        1.808     1.990    work_pls_i/usp_rf_data_converter_0/inst/s_axi_aclk
    SLICE_X112Y103       FDRE                                         r  work_pls_i/usp_rf_data_converter_0/inst/IP2Bus_Data_reg[10]/C

Slack:                    inf
  Source:                 work_pls_i/usp_rf_data_converter_0/inst/work_pls_usp_rf_data_converter_0_0_rf_wrapper_i/rx0_u_adc/INTERNAL_FBRC_DIV2_MUX
                            (rising edge-triggered cell HSADC clocked by RFADC0_CLK  {rise@0.000ns fall@15.625ns period=31.250ns})
  Destination:            work_pls_i/usp_rf_data_converter_0/inst/IP2Bus_Data_reg[15]/D
                            (rising edge-triggered cell FDRE clocked by clk_pl_0  {rise@0.000ns fall@5.156ns period=10.312ns})
  Path Group:             (none)
  Path Type:              Setup (Max at Slow Process Corner)
  Data Path Delay:        2.365ns  (logic 0.812ns (34.334%)  route 1.553ns (65.666%))
  Logic Levels:           4  (LUT5=1 LUT6=3)
  Clock Path Skew:        1.982ns (DCD - SCD + CPR)
    Destination Clock Delay (DCD):    1.982ns
    Source Clock Delay      (SCD):    0.000ns
    Clock Pessimism Removal (CPR):    0.000ns
  Clock Uncertainty:      0.159ns  ((TSJ^2 + DJ^2)^1/2) / 2 + PE
    Total System Jitter     (TSJ):    0.071ns
    Discrete Jitter          (DJ):    0.310ns
    Phase Error              (PE):    0.000ns
  Clock Net Delay (Destination): 1.800ns (routing 0.423ns, distribution 1.377ns)
  Timing Exception:       False Path

    Location             Delay type                Incr(ns)  Path(ns)    Netlist Resource(s)
  -------------------------------------------------------------------    -------------------
                         (clock RFADC0_CLK rise edge)
                                                      0.000     0.000 r  
    HSADC_X0Y0           HSADC                        0.000     0.000 r  work_pls_i/usp_rf_data_converter_0/inst/work_pls_usp_rf_data_converter_0_0_rf_wrapper_i/rx0_u_adc/INTERNAL_FBRC_DIV2_MUX
  -------------------------------------------------------------------    -------------------
    HSADC_X0Y0           HSADC (Prop_HSADC_INTERNAL_FBRC_DIV2_MUX_STATUS_COMMON[15])
                                                      0.525     0.525 r  work_pls_i/usp_rf_data_converter_0/inst/work_pls_usp_rf_data_converter_0_0_rf_wrapper_i/rx0_u_adc/STATUS_COMMON[15]
                         net (fo=1, routed)           0.941     1.466    work_pls_i/usp_rf_data_converter_0/inst/i_axi_lite_ipif/I_SLAVE_ATTACHMENT/I_DECODER/adc0_common_stat[15]
    SLICE_X111Y85        LUT6 (Prop_H6LUT_SLICEL_I1_O)
                                                      0.036     1.502 f  work_pls_i/usp_rf_data_converter_0/inst/i_axi_lite_ipif/I_SLAVE_ATTACHMENT/I_DECODER/IP2Bus_Data[15]_i_38/O
                         net (fo=1, routed)           0.148     1.650    work_pls_i/usp_rf_data_converter_0/inst/i_axi_lite_ipif/I_SLAVE_ATTACHMENT/I_DECODER/IP2Bus_Data[15]_i_38_n_0
    SLICE_X111Y86        LUT6 (Prop_D6LUT_SLICEL_I5_O)
                                                      0.099     1.749 r  work_pls_i/usp_rf_data_converter_0/inst/i_axi_lite_ipif/I_SLAVE_ATTACHMENT/I_DECODER/IP2Bus_Data[15]_i_12/O
                         net (fo=1, routed)           0.222     1.971    work_pls_i/usp_rf_data_converter_0/inst/i_axi_lite_ipif/I_SLAVE_ATTACHMENT/I_DECODER/IP2Bus_Data[15]_i_12_n_0
    SLICE_X113Y86        LUT5 (Prop_D6LUT_SLICEM_I0_O)
                                                      0.051     2.022 f  work_pls_i/usp_rf_data_converter_0/inst/i_axi_lite_ipif/I_SLAVE_ATTACHMENT/I_DECODER/IP2Bus_Data[15]_i_3/O
                         net (fo=1, routed)           0.184     2.206    work_pls_i/usp_rf_data_converter_0/inst/i_axi_lite_ipif/I_SLAVE_ATTACHMENT/I_DECODER/IP2Bus_Data[15]_i_3_n_0
    SLICE_X113Y91        LUT6 (Prop_H6LUT_SLICEM_I1_O)
                                                      0.101     2.307 r  work_pls_i/usp_rf_data_converter_0/inst/i_axi_lite_ipif/I_SLAVE_ATTACHMENT/I_DECODER/IP2Bus_Data[15]_i_1/O
                         net (fo=1, routed)           0.058     2.365    work_pls_i/usp_rf_data_converter_0/inst/i_axi_lite_ipif_n_69
    SLICE_X113Y91        FDRE                                         r  work_pls_i/usp_rf_data_converter_0/inst/IP2Bus_Data_reg[15]/D
  -------------------------------------------------------------------    -------------------

                         (clock clk_pl_0 rise edge)
                                                      0.000     0.000 r  
    PS8_X0Y0             PS8                          0.000     0.000 r  work_pls_i/zynq_ultra_ps_e_0/U0/PS8_i/PLCLK[0]
                         net (fo=1, routed)           0.157     0.157    work_pls_i/zynq_ultra_ps_e_0/U0/pl_clk_unbuffered[0]
    BUFG_PS_X0Y58        BUFG_PS (Prop_BUFG_PS_I_O)
                                                      0.025     0.182 r  work_pls_i/zynq_ultra_ps_e_0/U0/buffer_pl_clk_0.PL_CLK_0_BUFG/O
    X2Y2 (CLOCK_ROOT)    net (fo=7597, routed)        1.800     1.982    work_pls_i/usp_rf_data_converter_0/inst/s_axi_aclk
    SLICE_X113Y91        FDRE                                         r  work_pls_i/usp_rf_data_converter_0/inst/IP2Bus_Data_reg[15]/C

Slack:                    inf
  Source:                 work_pls_i/usp_rf_data_converter_0/inst/work_pls_usp_rf_data_converter_0_0_rf_wrapper_i/rx0_u_adc/INTERNAL_FBRC_DIV2_MUX
                            (rising edge-triggered cell HSADC clocked by RFADC0_CLK  {rise@0.000ns fall@15.625ns period=31.250ns})
  Destination:            work_pls_i/usp_rf_data_converter_0/inst/IP2Bus_Data_reg[13]/D
                            (rising edge-triggered cell FDRE clocked by clk_pl_0  {rise@0.000ns fall@5.156ns period=10.312ns})
  Path Group:             (none)
  Path Type:              Setup (Max at Slow Process Corner)
  Data Path Delay:        2.322ns  (logic 0.967ns (41.645%)  route 1.355ns (58.355%))
  Logic Levels:           2  (LUT6=2)
  Clock Path Skew:        2.003ns (DCD - SCD + CPR)
    Destination Clock Delay (DCD):    2.003ns
    Source Clock Delay      (SCD):    0.000ns
    Clock Pessimism Removal (CPR):    0.000ns
  Clock Uncertainty:      0.159ns  ((TSJ^2 + DJ^2)^1/2) / 2 + PE
    Total System Jitter     (TSJ):    0.071ns
    Discrete Jitter          (DJ):    0.310ns
    Phase Error              (PE):    0.000ns
  Clock Net Delay (Destination): 1.821ns (routing 0.423ns, distribution 1.398ns)
  Timing Exception:       False Path

    Location             Delay type                Incr(ns)  Path(ns)    Netlist Resource(s)
  -------------------------------------------------------------------    -------------------
                         (clock RFADC0_CLK rise edge)
                                                      0.000     0.000 r  
    HSADC_X0Y0           HSADC                        0.000     0.000 r  work_pls_i/usp_rf_data_converter_0/inst/work_pls_usp_rf_data_converter_0_0_rf_wrapper_i/rx0_u_adc/INTERNAL_FBRC_DIV2_MUX
  -------------------------------------------------------------------    -------------------
    HSADC_X0Y0           HSADC (Prop_HSADC_INTERNAL_FBRC_DIV2_MUX_STATUS_COMMON[13])
                                                      0.771     0.771 r  work_pls_i/usp_rf_data_converter_0/inst/work_pls_usp_rf_data_converter_0_0_rf_wrapper_i/rx0_u_adc/STATUS_COMMON[13]
                         net (fo=1, routed)           1.033     1.804    work_pls_i/usp_rf_data_converter_0/inst/i_axi_lite_ipif/I_SLAVE_ATTACHMENT/I_DECODER/adc0_common_stat[13]
    SLICE_X113Y85        LUT6 (Prop_D6LUT_SLICEM_I5_O)
                                                      0.145     1.949 f  work_pls_i/usp_rf_data_converter_0/inst/i_axi_lite_ipif/I_SLAVE_ATTACHMENT/I_DECODER/IP2Bus_Data[13]_i_4/O
                         net (fo=1, routed)           0.250     2.199    work_pls_i/usp_rf_data_converter_0/inst/i_axi_lite_ipif/I_SLAVE_ATTACHMENT/I_DECODER/IP2Bus_Data[13]_i_4_n_0
    SLICE_X113Y100       LUT6 (Prop_D6LUT_SLICEM_I2_O)
                                                      0.051     2.250 r  work_pls_i/usp_rf_data_converter_0/inst/i_axi_lite_ipif/I_SLAVE_ATTACHMENT/I_DECODER/IP2Bus_Data[13]_i_1/O
                         net (fo=1, routed)           0.072     2.322    work_pls_i/usp_rf_data_converter_0/inst/i_axi_lite_ipif_n_71
    SLICE_X113Y100       FDRE                                         r  work_pls_i/usp_rf_data_converter_0/inst/IP2Bus_Data_reg[13]/D
  -------------------------------------------------------------------    -------------------

                         (clock clk_pl_0 rise edge)
                                                      0.000     0.000 r  
    PS8_X0Y0             PS8                          0.000     0.000 r  work_pls_i/zynq_ultra_ps_e_0/U0/PS8_i/PLCLK[0]
                         net (fo=1, routed)           0.157     0.157    work_pls_i/zynq_ultra_ps_e_0/U0/pl_clk_unbuffered[0]
    BUFG_PS_X0Y58        BUFG_PS (Prop_BUFG_PS_I_O)
                                                      0.025     0.182 r  work_pls_i/zynq_ultra_ps_e_0/U0/buffer_pl_clk_0.PL_CLK_0_BUFG/O
    X2Y2 (CLOCK_ROOT)    net (fo=7597, routed)        1.821     2.003    work_pls_i/usp_rf_data_converter_0/inst/s_axi_aclk
    SLICE_X113Y100       FDRE                                         r  work_pls_i/usp_rf_data_converter_0/inst/IP2Bus_Data_reg[13]/C

Slack:                    inf
  Source:                 work_pls_i/usp_rf_data_converter_0/inst/work_pls_usp_rf_data_converter_0_0_rf_wrapper_i/rx0_u_adc/INTERNAL_FBRC_DIV2_MUX
                            (rising edge-triggered cell HSADC clocked by RFADC0_CLK  {rise@0.000ns fall@15.625ns period=31.250ns})
  Destination:            work_pls_i/usp_rf_data_converter_0/inst/IP2Bus_Data_reg[14]/D
                            (rising edge-triggered cell FDRE clocked by clk_pl_0  {rise@0.000ns fall@5.156ns period=10.312ns})
  Path Group:             (none)
  Path Type:              Setup (Max at Slow Process Corner)
  Data Path Delay:        2.163ns  (logic 0.885ns (40.915%)  route 1.278ns (59.085%))
  Logic Levels:           3  (LUT6=3)
  Clock Path Skew:        1.979ns (DCD - SCD + CPR)
    Destination Clock Delay (DCD):    1.979ns
    Source Clock Delay      (SCD):    0.000ns
    Clock Pessimism Removal (CPR):    0.000ns
  Clock Uncertainty:      0.159ns  ((TSJ^2 + DJ^2)^1/2) / 2 + PE
    Total System Jitter     (TSJ):    0.071ns
    Discrete Jitter          (DJ):    0.310ns
    Phase Error              (PE):    0.000ns
  Clock Net Delay (Destination): 1.797ns (routing 0.423ns, distribution 1.374ns)
  Timing Exception:       False Path

    Location             Delay type                Incr(ns)  Path(ns)    Netlist Resource(s)
  -------------------------------------------------------------------    -------------------
                         (clock RFADC0_CLK rise edge)
                                                      0.000     0.000 r  
    HSADC_X0Y0           HSADC                        0.000     0.000 r  work_pls_i/usp_rf_data_converter_0/inst/work_pls_usp_rf_data_converter_0_0_rf_wrapper_i/rx0_u_adc/INTERNAL_FBRC_DIV2_MUX
  -------------------------------------------------------------------    -------------------
    HSADC_X0Y0           HSADC (Prop_HSADC_INTERNAL_FBRC_DIV2_MUX_STATUS_COMMON[14])
                                                      0.698     0.698 r  work_pls_i/usp_rf_data_converter_0/inst/work_pls_usp_rf_data_converter_0_0_rf_wrapper_i/rx0_u_adc/STATUS_COMMON[14]
                         net (fo=1, routed)           0.753     1.451    work_pls_i/usp_rf_data_converter_0/inst/i_axi_lite_ipif/I_SLAVE_ATTACHMENT/I_DECODER/adc0_common_stat[14]
    SLICE_X113Y85        LUT6 (Prop_H6LUT_SLICEM_I1_O)
                                                      0.101     1.552 f  work_pls_i/usp_rf_data_converter_0/inst/i_axi_lite_ipif/I_SLAVE_ATTACHMENT/I_DECODER/IP2Bus_Data[14]_i_16/O
                         net (fo=1, routed)           0.299     1.851    work_pls_i/usp_rf_data_converter_0/inst/i_axi_lite_ipif/I_SLAVE_ATTACHMENT/I_DECODER/IP2Bus_Data[14]_i_16_n_0
    SLICE_X114Y86        LUT6 (Prop_C6LUT_SLICEL_I1_O)
                                                      0.050     1.901 f  work_pls_i/usp_rf_data_converter_0/inst/i_axi_lite_ipif/I_SLAVE_ATTACHMENT/I_DECODER/IP2Bus_Data[14]_i_4/O
                         net (fo=1, routed)           0.177     2.078    work_pls_i/usp_rf_data_converter_0/inst/i_axi_lite_ipif/I_SLAVE_ATTACHMENT/I_DECODER/IP2Bus_Data[14]_i_4_n_0
    SLICE_X114Y91        LUT6 (Prop_D6LUT_SLICEL_I2_O)
                                                      0.036     2.114 r  work_pls_i/usp_rf_data_converter_0/inst/i_axi_lite_ipif/I_SLAVE_ATTACHMENT/I_DECODER/IP2Bus_Data[14]_i_1/O
                         net (fo=1, routed)           0.049     2.163    work_pls_i/usp_rf_data_converter_0/inst/i_axi_lite_ipif_n_70
    SLICE_X114Y91        FDRE                                         r  work_pls_i/usp_rf_data_converter_0/inst/IP2Bus_Data_reg[14]/D
  -------------------------------------------------------------------    -------------------

                         (clock clk_pl_0 rise edge)
                                                      0.000     0.000 r  
    PS8_X0Y0             PS8                          0.000     0.000 r  work_pls_i/zynq_ultra_ps_e_0/U0/PS8_i/PLCLK[0]
                         net (fo=1, routed)           0.157     0.157    work_pls_i/zynq_ultra_ps_e_0/U0/pl_clk_unbuffered[0]
    BUFG_PS_X0Y58        BUFG_PS (Prop_BUFG_PS_I_O)
                                                      0.025     0.182 r  work_pls_i/zynq_ultra_ps_e_0/U0/buffer_pl_clk_0.PL_CLK_0_BUFG/O
    X2Y2 (CLOCK_ROOT)    net (fo=7597, routed)        1.797     1.979    work_pls_i/usp_rf_data_converter_0/inst/s_axi_aclk
    SLICE_X114Y91        FDRE                                         r  work_pls_i/usp_rf_data_converter_0/inst/IP2Bus_Data_reg[14]/C

Slack:                    inf
  Source:                 work_pls_i/usp_rf_data_converter_0/inst/work_pls_usp_rf_data_converter_0_0_rf_wrapper_i/rx0_u_adc/INTERNAL_FBRC_DIV2_MUX
                            (rising edge-triggered cell HSADC clocked by RFADC0_CLK  {rise@0.000ns fall@15.625ns period=31.250ns})
  Destination:            work_pls_i/usp_rf_data_converter_0/inst/IP2Bus_Data_reg[12]/D
                            (rising edge-triggered cell FDRE clocked by clk_pl_0  {rise@0.000ns fall@5.156ns period=10.312ns})
  Path Group:             (none)
  Path Type:              Setup (Max at Slow Process Corner)
  Data Path Delay:        2.105ns  (logic 0.800ns (38.005%)  route 1.305ns (61.995%))
  Logic Levels:           3  (LUT4=1 LUT6=2)
  Clock Path Skew:        2.005ns (DCD - SCD + CPR)
    Destination Clock Delay (DCD):    2.005ns
    Source Clock Delay      (SCD):    0.000ns
    Clock Pessimism Removal (CPR):    0.000ns
  Clock Uncertainty:      0.159ns  ((TSJ^2 + DJ^2)^1/2) / 2 + PE
    Total System Jitter     (TSJ):    0.071ns
    Discrete Jitter          (DJ):    0.310ns
    Phase Error              (PE):    0.000ns
  Clock Net Delay (Destination): 1.823ns (routing 0.423ns, distribution 1.400ns)
  Timing Exception:       False Path

    Location             Delay type                Incr(ns)  Path(ns)    Netlist Resource(s)
  -------------------------------------------------------------------    -------------------
                         (clock RFADC0_CLK rise edge)
                                                      0.000     0.000 r  
    HSADC_X0Y0           HSADC                        0.000     0.000 r  work_pls_i/usp_rf_data_converter_0/inst/work_pls_usp_rf_data_converter_0_0_rf_wrapper_i/rx0_u_adc/INTERNAL_FBRC_DIV2_MUX
  -------------------------------------------------------------------    -------------------
    HSADC_X0Y0           HSADC (Prop_HSADC_INTERNAL_FBRC_DIV2_MUX_STATUS_COMMON[12])
                                                      0.611     0.611 r  work_pls_i/usp_rf_data_converter_0/inst/work_pls_usp_rf_data_converter_0_0_rf_wrapper_i/rx0_u_adc/STATUS_COMMON[12]
                         net (fo=1, routed)           0.860     1.471    work_pls_i/usp_rf_data_converter_0/inst/i_axi_lite_ipif/I_SLAVE_ATTACHMENT/I_DECODER/adc0_common_stat[12]
    SLICE_X113Y92        LUT6 (Prop_D6LUT_SLICEM_I0_O)
                                                      0.099     1.570 r  work_pls_i/usp_rf_data_converter_0/inst/i_axi_lite_ipif/I_SLAVE_ATTACHMENT/I_DECODER/IP2Bus_Data[12]_i_16/O
                         net (fo=1, routed)           0.091     1.661    work_pls_i/usp_rf_data_converter_0/inst/i_axi_lite_ipif/I_SLAVE_ATTACHMENT/I_DECODER/IP2Bus_Data[12]_i_16_n_0
    SLICE_X113Y94        LUT4 (Prop_C6LUT_SLICEM_I2_O)
                                                      0.051     1.712 f  work_pls_i/usp_rf_data_converter_0/inst/i_axi_lite_ipif/I_SLAVE_ATTACHMENT/I_DECODER/IP2Bus_Data[12]_i_5/O
                         net (fo=1, routed)           0.296     2.008    work_pls_i/usp_rf_data_converter_0/inst/i_axi_lite_ipif/I_SLAVE_ATTACHMENT/I_DECODER/IP2Bus_Data[12]_i_5_n_0
    SLICE_X113Y103       LUT6 (Prop_H6LUT_SLICEM_I3_O)
                                                      0.039     2.047 r  work_pls_i/usp_rf_data_converter_0/inst/i_axi_lite_ipif/I_SLAVE_ATTACHMENT/I_DECODER/IP2Bus_Data[12]_i_1/O
                         net (fo=1, routed)           0.058     2.105    work_pls_i/usp_rf_data_converter_0/inst/i_axi_lite_ipif_n_72
    SLICE_X113Y103       FDRE                                         r  work_pls_i/usp_rf_data_converter_0/inst/IP2Bus_Data_reg[12]/D
  -------------------------------------------------------------------    -------------------

                         (clock clk_pl_0 rise edge)
                                                      0.000     0.000 r  
    PS8_X0Y0             PS8                          0.000     0.000 r  work_pls_i/zynq_ultra_ps_e_0/U0/PS8_i/PLCLK[0]
                         net (fo=1, routed)           0.157     0.157    work_pls_i/zynq_ultra_ps_e_0/U0/pl_clk_unbuffered[0]
    BUFG_PS_X0Y58        BUFG_PS (Prop_BUFG_PS_I_O)
                                                      0.025     0.182 r  work_pls_i/zynq_ultra_ps_e_0/U0/buffer_pl_clk_0.PL_CLK_0_BUFG/O
    X2Y2 (CLOCK_ROOT)    net (fo=7597, routed)        1.823     2.005    work_pls_i/usp_rf_data_converter_0/inst/s_axi_aclk
    SLICE_X113Y103       FDRE                                         r  work_pls_i/usp_rf_data_converter_0/inst/IP2Bus_Data_reg[12]/C





Min Delay Paths
--------------------------------------------------------------------------------------
Slack:                    inf
  Source:                 work_pls_i/usp_rf_data_converter_0/inst/work_pls_usp_rf_data_converter_0_0_rf_wrapper_i/rx0_u_adc/INTERNAL_FBRC_DIV2_MUX
                            (rising edge-triggered cell HSADC clocked by RFADC0_CLK  {rise@0.000ns fall@15.625ns period=31.250ns})
  Destination:            work_pls_i/usp_rf_data_converter_0/inst/IP2Bus_Data_reg[14]/D
                            (rising edge-triggered cell FDRE clocked by clk_pl_0  {rise@0.000ns fall@5.156ns period=10.312ns})
  Path Group:             (none)
  Path Type:              Hold (Min at Fast Process Corner)
  Data Path Delay:        0.984ns  (logic 0.362ns (36.789%)  route 0.622ns (63.211%))
  Logic Levels:           3  (LUT6=3)
  Clock Path Skew:        1.395ns (DCD - SCD - CPR)
    Destination Clock Delay (DCD):    1.395ns
    Source Clock Delay      (SCD):    0.000ns
    Clock Pessimism Removal (CPR):    -0.000ns
  Clock Uncertainty:      0.159ns  ((TSJ^2 + DJ^2)^1/2) / 2 + PE
    Total System Jitter     (TSJ):    0.071ns
    Discrete Jitter          (DJ):    0.310ns
    Phase Error              (PE):    0.000ns
  Clock Net Delay (Destination): 1.248ns (routing 0.282ns, distribution 0.966ns)
  Timing Exception:       False Path

    Location             Delay type                Incr(ns)  Path(ns)    Netlist Resource(s)
  -------------------------------------------------------------------    -------------------
                         (clock RFADC0_CLK rise edge)
                                                      0.000     0.000 r  
    HSADC_X0Y0           HSADC                        0.000     0.000 r  work_pls_i/usp_rf_data_converter_0/inst/work_pls_usp_rf_data_converter_0_0_rf_wrapper_i/rx0_u_adc/INTERNAL_FBRC_DIV2_MUX
  -------------------------------------------------------------------    -------------------
    HSADC_X0Y0           HSADC (Prop_HSADC_INTERNAL_FBRC_DIV2_MUX_STATUS_COMMON[14])
                                                      0.285     0.285 r  work_pls_i/usp_rf_data_converter_0/inst/work_pls_usp_rf_data_converter_0_0_rf_wrapper_i/rx0_u_adc/STATUS_COMMON[14]
                         net (fo=1, routed)           0.368     0.653    work_pls_i/usp_rf_data_converter_0/inst/i_axi_lite_ipif/I_SLAVE_ATTACHMENT/I_DECODER/adc0_common_stat[14]
    SLICE_X113Y85        LUT6 (Prop_H6LUT_SLICEM_I1_O)
                                                      0.041     0.694 f  work_pls_i/usp_rf_data_converter_0/inst/i_axi_lite_ipif/I_SLAVE_ATTACHMENT/I_DECODER/IP2Bus_Data[14]_i_16/O
                         net (fo=1, routed)           0.149     0.843    work_pls_i/usp_rf_data_converter_0/inst/i_axi_lite_ipif/I_SLAVE_ATTACHMENT/I_DECODER/IP2Bus_Data[14]_i_16_n_0
    SLICE_X114Y86        LUT6 (Prop_C6LUT_SLICEL_I1_O)
                                                      0.022     0.865 f  work_pls_i/usp_rf_data_converter_0/inst/i_axi_lite_ipif/I_SLAVE_ATTACHMENT/I_DECODER/IP2Bus_Data[14]_i_4/O
                         net (fo=1, routed)           0.089     0.954    work_pls_i/usp_rf_data_converter_0/inst/i_axi_lite_ipif/I_SLAVE_ATTACHMENT/I_DECODER/IP2Bus_Data[14]_i_4_n_0
    SLICE_X114Y91        LUT6 (Prop_D6LUT_SLICEL_I2_O)
                                                      0.014     0.968 r  work_pls_i/usp_rf_data_converter_0/inst/i_axi_lite_ipif/I_SLAVE_ATTACHMENT/I_DECODER/IP2Bus_Data[14]_i_1/O
                         net (fo=1, routed)           0.016     0.984    work_pls_i/usp_rf_data_converter_0/inst/i_axi_lite_ipif_n_70
    SLICE_X114Y91        FDRE                                         r  work_pls_i/usp_rf_data_converter_0/inst/IP2Bus_Data_reg[14]/D
  -------------------------------------------------------------------    -------------------

                         (clock clk_pl_0 rise edge)
                                                      0.000     0.000 r  
    PS8_X0Y0             PS8                          0.000     0.000 r  work_pls_i/zynq_ultra_ps_e_0/U0/PS8_i/PLCLK[0]
                         net (fo=1, routed)           0.129     0.129    work_pls_i/zynq_ultra_ps_e_0/U0/pl_clk_unbuffered[0]
    BUFG_PS_X0Y58        BUFG_PS (Prop_BUFG_PS_I_O)
                                                      0.018     0.147 r  work_pls_i/zynq_ultra_ps_e_0/U0/buffer_pl_clk_0.PL_CLK_0_BUFG/O
    X2Y2 (CLOCK_ROOT)    net (fo=7597, routed)        1.248     1.395    work_pls_i/usp_rf_data_converter_0/inst/s_axi_aclk
    SLICE_X114Y91        FDRE                                         r  work_pls_i/usp_rf_data_converter_0/inst/IP2Bus_Data_reg[14]/C

Slack:                    inf
  Source:                 work_pls_i/usp_rf_data_converter_0/inst/work_pls_usp_rf_data_converter_0_0_rf_wrapper_i/rx0_u_adc/INTERNAL_FBRC_DIV2_MUX
                            (rising edge-triggered cell HSADC clocked by RFADC0_CLK  {rise@0.000ns fall@15.625ns period=31.250ns})
  Destination:            work_pls_i/usp_rf_data_converter_0/inst/IP2Bus_Data_reg[13]/D
                            (rising edge-triggered cell FDRE clocked by clk_pl_0  {rise@0.000ns fall@5.156ns period=10.312ns})
  Path Group:             (none)
  Path Type:              Hold (Min at Fast Process Corner)
  Data Path Delay:        0.996ns  (logic 0.322ns (32.329%)  route 0.674ns (67.671%))
  Logic Levels:           2  (LUT6=2)
  Clock Path Skew:        1.416ns (DCD - SCD - CPR)
    Destination Clock Delay (DCD):    1.416ns
    Source Clock Delay      (SCD):    0.000ns
    Clock Pessimism Removal (CPR):    -0.000ns
  Clock Uncertainty:      0.159ns  ((TSJ^2 + DJ^2)^1/2) / 2 + PE
    Total System Jitter     (TSJ):    0.071ns
    Discrete Jitter          (DJ):    0.310ns
    Phase Error              (PE):    0.000ns
  Clock Net Delay (Destination): 1.269ns (routing 0.282ns, distribution 0.987ns)
  Timing Exception:       False Path

    Location             Delay type                Incr(ns)  Path(ns)    Netlist Resource(s)
  -------------------------------------------------------------------    -------------------
                         (clock RFADC0_CLK rise edge)
                                                      0.000     0.000 r  
    HSADC_X0Y0           HSADC                        0.000     0.000 r  work_pls_i/usp_rf_data_converter_0/inst/work_pls_usp_rf_data_converter_0_0_rf_wrapper_i/rx0_u_adc/INTERNAL_FBRC_DIV2_MUX
  -------------------------------------------------------------------    -------------------
    HSADC_X0Y0           HSADC (Prop_HSADC_INTERNAL_FBRC_DIV2_MUX_STATUS_COMMON[13])
                                                      0.241     0.241 r  work_pls_i/usp_rf_data_converter_0/inst/work_pls_usp_rf_data_converter_0_0_rf_wrapper_i/rx0_u_adc/STATUS_COMMON[13]
                         net (fo=1, routed)           0.514     0.755    work_pls_i/usp_rf_data_converter_0/inst/i_axi_lite_ipif/I_SLAVE_ATTACHMENT/I_DECODER/adc0_common_stat[13]
    SLICE_X113Y85        LUT6 (Prop_D6LUT_SLICEM_I5_O)
                                                      0.059     0.814 f  work_pls_i/usp_rf_data_converter_0/inst/i_axi_lite_ipif/I_SLAVE_ATTACHMENT/I_DECODER/IP2Bus_Data[13]_i_4/O
                         net (fo=1, routed)           0.134     0.948    work_pls_i/usp_rf_data_converter_0/inst/i_axi_lite_ipif/I_SLAVE_ATTACHMENT/I_DECODER/IP2Bus_Data[13]_i_4_n_0
    SLICE_X113Y100       LUT6 (Prop_D6LUT_SLICEM_I2_O)
                                                      0.022     0.970 r  work_pls_i/usp_rf_data_converter_0/inst/i_axi_lite_ipif/I_SLAVE_ATTACHMENT/I_DECODER/IP2Bus_Data[13]_i_1/O
                         net (fo=1, routed)           0.026     0.996    work_pls_i/usp_rf_data_converter_0/inst/i_axi_lite_ipif_n_71
    SLICE_X113Y100       FDRE                                         r  work_pls_i/usp_rf_data_converter_0/inst/IP2Bus_Data_reg[13]/D
  -------------------------------------------------------------------    -------------------

                         (clock clk_pl_0 rise edge)
                                                      0.000     0.000 r  
    PS8_X0Y0             PS8                          0.000     0.000 r  work_pls_i/zynq_ultra_ps_e_0/U0/PS8_i/PLCLK[0]
                         net (fo=1, routed)           0.129     0.129    work_pls_i/zynq_ultra_ps_e_0/U0/pl_clk_unbuffered[0]
    BUFG_PS_X0Y58        BUFG_PS (Prop_BUFG_PS_I_O)
                                                      0.018     0.147 r  work_pls_i/zynq_ultra_ps_e_0/U0/buffer_pl_clk_0.PL_CLK_0_BUFG/O
    X2Y2 (CLOCK_ROOT)    net (fo=7597, routed)        1.269     1.416    work_pls_i/usp_rf_data_converter_0/inst/s_axi_aclk
    SLICE_X113Y100       FDRE                                         r  work_pls_i/usp_rf_data_converter_0/inst/IP2Bus_Data_reg[13]/C

Slack:                    inf
  Source:                 work_pls_i/usp_rf_data_converter_0/inst/work_pls_usp_rf_data_converter_0_0_rf_wrapper_i/rx0_u_adc/INTERNAL_FBRC_DIV2_MUX
                            (rising edge-triggered cell HSADC clocked by RFADC0_CLK  {rise@0.000ns fall@15.625ns period=31.250ns})
  Destination:            work_pls_i/usp_rf_data_converter_0/inst/IP2Bus_Data_reg[12]/D
                            (rising edge-triggered cell FDRE clocked by clk_pl_0  {rise@0.000ns fall@5.156ns period=10.312ns})
  Path Group:             (none)
  Path Type:              Hold (Min at Fast Process Corner)
  Data Path Delay:        1.001ns  (logic 0.352ns (35.165%)  route 0.649ns (64.835%))
  Logic Levels:           3  (LUT4=1 LUT6=2)
  Clock Path Skew:        1.415ns (DCD - SCD - CPR)
    Destination Clock Delay (DCD):    1.415ns
    Source Clock Delay      (SCD):    0.000ns
    Clock Pessimism Removal (CPR):    -0.000ns
  Clock Uncertainty:      0.159ns  ((TSJ^2 + DJ^2)^1/2) / 2 + PE
    Total System Jitter     (TSJ):    0.071ns
    Discrete Jitter          (DJ):    0.310ns
    Phase Error              (PE):    0.000ns
  Clock Net Delay (Destination): 1.268ns (routing 0.282ns, distribution 0.986ns)
  Timing Exception:       False Path

    Location             Delay type                Incr(ns)  Path(ns)    Netlist Resource(s)
  -------------------------------------------------------------------    -------------------
                         (clock RFADC0_CLK rise edge)
                                                      0.000     0.000 r  
    HSADC_X0Y0           HSADC                        0.000     0.000 r  work_pls_i/usp_rf_data_converter_0/inst/work_pls_usp_rf_data_converter_0_0_rf_wrapper_i/rx0_u_adc/INTERNAL_FBRC_DIV2_MUX
  -------------------------------------------------------------------    -------------------
    HSADC_X0Y0           HSADC (Prop_HSADC_INTERNAL_FBRC_DIV2_MUX_STATUS_COMMON[12])
                                                      0.274     0.274 r  work_pls_i/usp_rf_data_converter_0/inst/work_pls_usp_rf_data_converter_0_0_rf_wrapper_i/rx0_u_adc/STATUS_COMMON[12]
                         net (fo=1, routed)           0.429     0.703    work_pls_i/usp_rf_data_converter_0/inst/i_axi_lite_ipif/I_SLAVE_ATTACHMENT/I_DECODER/adc0_common_stat[12]
    SLICE_X113Y92        LUT6 (Prop_D6LUT_SLICEM_I0_O)
                                                      0.041     0.744 r  work_pls_i/usp_rf_data_converter_0/inst/i_axi_lite_ipif/I_SLAVE_ATTACHMENT/I_DECODER/IP2Bus_Data[12]_i_16/O
                         net (fo=1, routed)           0.048     0.792    work_pls_i/usp_rf_data_converter_0/inst/i_axi_lite_ipif/I_SLAVE_ATTACHMENT/I_DECODER/IP2Bus_Data[12]_i_16_n_0
    SLICE_X113Y94        LUT4 (Prop_C6LUT_SLICEM_I2_O)
                                                      0.022     0.814 f  work_pls_i/usp_rf_data_converter_0/inst/i_axi_lite_ipif/I_SLAVE_ATTACHMENT/I_DECODER/IP2Bus_Data[12]_i_5/O
                         net (fo=1, routed)           0.151     0.965    work_pls_i/usp_rf_data_converter_0/inst/i_axi_lite_ipif/I_SLAVE_ATTACHMENT/I_DECODER/IP2Bus_Data[12]_i_5_n_0
    SLICE_X113Y103       LUT6 (Prop_H6LUT_SLICEM_I3_O)
                                                      0.015     0.980 r  work_pls_i/usp_rf_data_converter_0/inst/i_axi_lite_ipif/I_SLAVE_ATTACHMENT/I_DECODER/IP2Bus_Data[12]_i_1/O
                         net (fo=1, routed)           0.021     1.001    work_pls_i/usp_rf_data_converter_0/inst/i_axi_lite_ipif_n_72
    SLICE_X113Y103       FDRE                                         r  work_pls_i/usp_rf_data_converter_0/inst/IP2Bus_Data_reg[12]/D
  -------------------------------------------------------------------    -------------------

                         (clock clk_pl_0 rise edge)
                                                      0.000     0.000 r  
    PS8_X0Y0             PS8                          0.000     0.000 r  work_pls_i/zynq_ultra_ps_e_0/U0/PS8_i/PLCLK[0]
                         net (fo=1, routed)           0.129     0.129    work_pls_i/zynq_ultra_ps_e_0/U0/pl_clk_unbuffered[0]
    BUFG_PS_X0Y58        BUFG_PS (Prop_BUFG_PS_I_O)
                                                      0.018     0.147 r  work_pls_i/zynq_ultra_ps_e_0/U0/buffer_pl_clk_0.PL_CLK_0_BUFG/O
    X2Y2 (CLOCK_ROOT)    net (fo=7597, routed)        1.268     1.415    work_pls_i/usp_rf_data_converter_0/inst/s_axi_aclk
    SLICE_X113Y103       FDRE                                         r  work_pls_i/usp_rf_data_converter_0/inst/IP2Bus_Data_reg[12]/C

Slack:                    inf
  Source:                 work_pls_i/usp_rf_data_converter_0/inst/work_pls_usp_rf_data_converter_0_0_rf_wrapper_i/rx0_u_adc/INTERNAL_FBRC_DIV2_MUX
                            (rising edge-triggered cell HSADC clocked by RFADC0_CLK  {rise@0.000ns fall@15.625ns period=31.250ns})
  Destination:            work_pls_i/usp_rf_data_converter_0/inst/IP2Bus_Data_reg[15]/D
                            (rising edge-triggered cell FDRE clocked by clk_pl_0  {rise@0.000ns fall@5.156ns period=10.312ns})
  Path Group:             (none)
  Path Type:              Hold (Min at Fast Process Corner)
  Data Path Delay:        1.119ns  (logic 0.369ns (32.976%)  route 0.750ns (67.024%))
  Logic Levels:           4  (LUT5=1 LUT6=3)
  Clock Path Skew:        1.398ns (DCD - SCD - CPR)
    Destination Clock Delay (DCD):    1.398ns
    Source Clock Delay      (SCD):    0.000ns
    Clock Pessimism Removal (CPR):    -0.000ns
  Clock Uncertainty:      0.159ns  ((TSJ^2 + DJ^2)^1/2) / 2 + PE
    Total System Jitter     (TSJ):    0.071ns
    Discrete Jitter          (DJ):    0.310ns
    Phase Error              (PE):    0.000ns
  Clock Net Delay (Destination): 1.251ns (routing 0.282ns, distribution 0.969ns)
  Timing Exception:       False Path

    Location             Delay type                Incr(ns)  Path(ns)    Netlist Resource(s)
  -------------------------------------------------------------------    -------------------
                         (clock RFADC0_CLK rise edge)
                                                      0.000     0.000 r  
    HSADC_X0Y0           HSADC                        0.000     0.000 r  work_pls_i/usp_rf_data_converter_0/inst/work_pls_usp_rf_data_converter_0_0_rf_wrapper_i/rx0_u_adc/INTERNAL_FBRC_DIV2_MUX
  -------------------------------------------------------------------    -------------------
    HSADC_X0Y0           HSADC (Prop_HSADC_INTERNAL_FBRC_DIV2_MUX_STATUS_COMMON[15])
                                                      0.250     0.250 r  work_pls_i/usp_rf_data_converter_0/inst/work_pls_usp_rf_data_converter_0_0_rf_wrapper_i/rx0_u_adc/STATUS_COMMON[15]
                         net (fo=1, routed)           0.466     0.716    work_pls_i/usp_rf_data_converter_0/inst/i_axi_lite_ipif/I_SLAVE_ATTACHMENT/I_DECODER/adc0_common_stat[15]
    SLICE_X111Y85        LUT6 (Prop_H6LUT_SLICEL_I1_O)
                                                      0.015     0.731 f  work_pls_i/usp_rf_data_converter_0/inst/i_axi_lite_ipif/I_SLAVE_ATTACHMENT/I_DECODER/IP2Bus_Data[15]_i_38/O
                         net (fo=1, routed)           0.075     0.806    work_pls_i/usp_rf_data_converter_0/inst/i_axi_lite_ipif/I_SLAVE_ATTACHMENT/I_DECODER/IP2Bus_Data[15]_i_38_n_0
    SLICE_X111Y86        LUT6 (Prop_D6LUT_SLICEL_I5_O)
                                                      0.041     0.847 r  work_pls_i/usp_rf_data_converter_0/inst/i_axi_lite_ipif/I_SLAVE_ATTACHMENT/I_DECODER/IP2Bus_Data[15]_i_12/O
                         net (fo=1, routed)           0.094     0.941    work_pls_i/usp_rf_data_converter_0/inst/i_axi_lite_ipif/I_SLAVE_ATTACHMENT/I_DECODER/IP2Bus_Data[15]_i_12_n_0
    SLICE_X113Y86        LUT5 (Prop_D6LUT_SLICEM_I0_O)
                                                      0.022     0.963 f  work_pls_i/usp_rf_data_converter_0/inst/i_axi_lite_ipif/I_SLAVE_ATTACHMENT/I_DECODER/IP2Bus_Data[15]_i_3/O
                         net (fo=1, routed)           0.094     1.057    work_pls_i/usp_rf_data_converter_0/inst/i_axi_lite_ipif/I_SLAVE_ATTACHMENT/I_DECODER/IP2Bus_Data[15]_i_3_n_0
    SLICE_X113Y91        LUT6 (Prop_H6LUT_SLICEM_I1_O)
                                                      0.041     1.098 r  work_pls_i/usp_rf_data_converter_0/inst/i_axi_lite_ipif/I_SLAVE_ATTACHMENT/I_DECODER/IP2Bus_Data[15]_i_1/O
                         net (fo=1, routed)           0.021     1.119    work_pls_i/usp_rf_data_converter_0/inst/i_axi_lite_ipif_n_69
    SLICE_X113Y91        FDRE                                         r  work_pls_i/usp_rf_data_converter_0/inst/IP2Bus_Data_reg[15]/D
  -------------------------------------------------------------------    -------------------

                         (clock clk_pl_0 rise edge)
                                                      0.000     0.000 r  
    PS8_X0Y0             PS8                          0.000     0.000 r  work_pls_i/zynq_ultra_ps_e_0/U0/PS8_i/PLCLK[0]
                         net (fo=1, routed)           0.129     0.129    work_pls_i/zynq_ultra_ps_e_0/U0/pl_clk_unbuffered[0]
    BUFG_PS_X0Y58        BUFG_PS (Prop_BUFG_PS_I_O)
                                                      0.018     0.147 r  work_pls_i/zynq_ultra_ps_e_0/U0/buffer_pl_clk_0.PL_CLK_0_BUFG/O
    X2Y2 (CLOCK_ROOT)    net (fo=7597, routed)        1.251     1.398    work_pls_i/usp_rf_data_converter_0/inst/s_axi_aclk
    SLICE_X113Y91        FDRE                                         r  work_pls_i/usp_rf_data_converter_0/inst/IP2Bus_Data_reg[15]/C

Slack:                    inf
  Source:                 work_pls_i/usp_rf_data_converter_0/inst/work_pls_usp_rf_data_converter_0_0_rf_wrapper_i/rx0_u_adc/INTERNAL_FBRC_DIV2_MUX
                            (rising edge-triggered cell HSADC clocked by RFADC0_CLK  {rise@0.000ns fall@15.625ns period=31.250ns})
  Destination:            work_pls_i/usp_rf_data_converter_0/inst/IP2Bus_Data_reg[10]/D
                            (rising edge-triggered cell FDRE clocked by clk_pl_0  {rise@0.000ns fall@5.156ns period=10.312ns})
  Path Group:             (none)
  Path Type:              Hold (Min at Fast Process Corner)
  Data Path Delay:        1.207ns  (logic 0.366ns (30.323%)  route 0.841ns (69.677%))
  Logic Levels:           5  (LUT5=1 LUT6=4)
  Clock Path Skew:        1.403ns (DCD - SCD - CPR)
    Destination Clock Delay (DCD):    1.403ns
    Source Clock Delay      (SCD):    0.000ns
    Clock Pessimism Removal (CPR):    -0.000ns
  Clock Uncertainty:      0.159ns  ((TSJ^2 + DJ^2)^1/2) / 2 + PE
    Total System Jitter     (TSJ):    0.071ns
    Discrete Jitter          (DJ):    0.310ns
    Phase Error              (PE):    0.000ns
  Clock Net Delay (Destination): 1.256ns (routing 0.282ns, distribution 0.974ns)
  Timing Exception:       False Path

    Location             Delay type                Incr(ns)  Path(ns)    Netlist Resource(s)
  -------------------------------------------------------------------    -------------------
                         (clock RFADC0_CLK rise edge)
                                                      0.000     0.000 r  
    HSADC_X0Y0           HSADC                        0.000     0.000 r  work_pls_i/usp_rf_data_converter_0/inst/work_pls_usp_rf_data_converter_0_0_rf_wrapper_i/rx0_u_adc/INTERNAL_FBRC_DIV2_MUX
  -------------------------------------------------------------------    -------------------
    HSADC_X0Y0           HSADC (Prop_HSADC_INTERNAL_FBRC_DIV2_MUX_STATUS_COMMON[10])
                                                      0.227     0.227 r  work_pls_i/usp_rf_data_converter_0/inst/work_pls_usp_rf_data_converter_0_0_rf_wrapper_i/rx0_u_adc/STATUS_COMMON[10]
                         net (fo=1, routed)           0.419     0.646    work_pls_i/usp_rf_data_converter_0/inst/i_axi_lite_ipif/I_SLAVE_ATTACHMENT/I_DECODER/adc0_common_stat[10]
    SLICE_X113Y86        LUT6 (Prop_H6LUT_SLICEM_I5_O)
                                                      0.061     0.707 r  work_pls_i/usp_rf_data_converter_0/inst/i_axi_lite_ipif/I_SLAVE_ATTACHMENT/I_DECODER/IP2Bus_Data[10]_i_32/O
                         net (fo=1, routed)           0.024     0.731    work_pls_i/usp_rf_data_converter_0/inst/i_axi_lite_ipif/I_SLAVE_ATTACHMENT/I_DECODER/IP2Bus_Data[10]_i_32_n_0
    SLICE_X113Y86        LUT5 (Prop_F6LUT_SLICEM_I4_O)
                                                      0.035     0.766 f  work_pls_i/usp_rf_data_converter_0/inst/i_axi_lite_ipif/I_SLAVE_ATTACHMENT/I_DECODER/IP2Bus_Data[10]_i_22/O
                         net (fo=1, routed)           0.191     0.957    work_pls_i/usp_rf_data_converter_0/inst/i_axi_lite_ipif/I_SLAVE_ATTACHMENT/I_DECODER/IP2Bus_Data[10]_i_22_n_0
    SLICE_X115Y95        LUT6 (Prop_C6LUT_SLICEM_I4_O)
                                                      0.014     0.971 f  work_pls_i/usp_rf_data_converter_0/inst/i_axi_lite_ipif/I_SLAVE_ATTACHMENT/I_DECODER/IP2Bus_Data[10]_i_12/O
                         net (fo=1, routed)           0.028     0.999    work_pls_i/usp_rf_data_converter_0/inst/i_axi_lite_ipif/I_SLAVE_ATTACHMENT/I_DECODER/IP2Bus_Data[10]_i_12_n_0
    SLICE_X115Y94        LUT6 (Prop_H6LUT_SLICEM_I0_O)
                                                      0.015     1.014 f  work_pls_i/usp_rf_data_converter_0/inst/i_axi_lite_ipif/I_SLAVE_ATTACHMENT/I_DECODER/IP2Bus_Data[10]_i_5/O
                         net (fo=1, routed)           0.153     1.167    work_pls_i/usp_rf_data_converter_0/inst/i_axi_lite_ipif/I_SLAVE_ATTACHMENT/I_DECODER/IP2Bus_Data[10]_i_5_n_0
    SLICE_X112Y103       LUT6 (Prop_D6LUT_SLICEM_I4_O)
                                                      0.014     1.181 r  work_pls_i/usp_rf_data_converter_0/inst/i_axi_lite_ipif/I_SLAVE_ATTACHMENT/I_DECODER/IP2Bus_Data[10]_i_1/O
                         net (fo=1, routed)           0.026     1.207    work_pls_i/usp_rf_data_converter_0/inst/i_axi_lite_ipif_n_74
    SLICE_X112Y103       FDRE                                         r  work_pls_i/usp_rf_data_converter_0/inst/IP2Bus_Data_reg[10]/D
  -------------------------------------------------------------------    -------------------

                         (clock clk_pl_0 rise edge)
                                                      0.000     0.000 r  
    PS8_X0Y0             PS8                          0.000     0.000 r  work_pls_i/zynq_ultra_ps_e_0/U0/PS8_i/PLCLK[0]
                         net (fo=1, routed)           0.129     0.129    work_pls_i/zynq_ultra_ps_e_0/U0/pl_clk_unbuffered[0]
    BUFG_PS_X0Y58        BUFG_PS (Prop_BUFG_PS_I_O)
                                                      0.018     0.147 r  work_pls_i/zynq_ultra_ps_e_0/U0/buffer_pl_clk_0.PL_CLK_0_BUFG/O
    X2Y2 (CLOCK_ROOT)    net (fo=7597, routed)        1.256     1.403    work_pls_i/usp_rf_data_converter_0/inst/s_axi_aclk
    SLICE_X112Y103       FDRE                                         r  work_pls_i/usp_rf_data_converter_0/inst/IP2Bus_Data_reg[10]/C

Slack:                    inf
  Source:                 work_pls_i/usp_rf_data_converter_0/inst/work_pls_usp_rf_data_converter_0_0_rf_wrapper_i/rx0_u_adc/INTERNAL_FBRC_DIV2_MUX
                            (rising edge-triggered cell HSADC clocked by RFADC0_CLK  {rise@0.000ns fall@15.625ns period=31.250ns})
  Destination:            work_pls_i/usp_rf_data_converter_0/inst/IP2Bus_Data_reg[9]/D
                            (rising edge-triggered cell FDRE clocked by clk_pl_0  {rise@0.000ns fall@5.156ns period=10.312ns})
  Path Group:             (none)
  Path Type:              Hold (Min at Fast Process Corner)
  Data Path Delay:        1.270ns  (logic 0.410ns (32.283%)  route 0.860ns (67.717%))
  Logic Levels:           5  (LUT5=1 LUT6=4)
  Clock Path Skew:        1.418ns (DCD - SCD - CPR)
    Destination Clock Delay (DCD):    1.418ns
    Source Clock Delay      (SCD):    0.000ns
    Clock Pessimism Removal (CPR):    -0.000ns
  Clock Uncertainty:      0.159ns  ((TSJ^2 + DJ^2)^1/2) / 2 + PE
    Total System Jitter     (TSJ):    0.071ns
    Discrete Jitter          (DJ):    0.310ns
    Phase Error              (PE):    0.000ns
  Clock Net Delay (Destination): 1.271ns (routing 0.282ns, distribution 0.989ns)
  Timing Exception:       False Path

    Location             Delay type                Incr(ns)  Path(ns)    Netlist Resource(s)
  -------------------------------------------------------------------    -------------------
                         (clock RFADC0_CLK rise edge)
                                                      0.000     0.000 r  
    HSADC_X0Y0           HSADC                        0.000     0.000 r  work_pls_i/usp_rf_data_converter_0/inst/work_pls_usp_rf_data_converter_0_0_rf_wrapper_i/rx0_u_adc/INTERNAL_FBRC_DIV2_MUX
  -------------------------------------------------------------------    -------------------
    HSADC_X0Y0           HSADC (Prop_HSADC_INTERNAL_FBRC_DIV2_MUX_STATUS_COMMON[9])
                                                      0.228     0.228 r  work_pls_i/usp_rf_data_converter_0/inst/work_pls_usp_rf_data_converter_0_0_rf_wrapper_i/rx0_u_adc/STATUS_COMMON[9]
                         net (fo=1, routed)           0.455     0.683    work_pls_i/usp_rf_data_converter_0/inst/i_axi_lite_ipif/I_SLAVE_ATTACHMENT/I_DECODER/adc0_common_stat[9]
    SLICE_X112Y88        LUT6 (Prop_C6LUT_SLICEM_I5_O)
                                                      0.050     0.733 r  work_pls_i/usp_rf_data_converter_0/inst/i_axi_lite_ipif/I_SLAVE_ATTACHMENT/I_DECODER/IP2Bus_Data[9]_i_32/O
                         net (fo=1, routed)           0.022     0.755    work_pls_i/usp_rf_data_converter_0/inst/i_axi_lite_ipif/I_SLAVE_ATTACHMENT/I_DECODER/IP2Bus_Data[9]_i_32_n_0
    SLICE_X112Y88        LUT5 (Prop_B6LUT_SLICEM_I4_O)
                                                      0.035     0.790 f  work_pls_i/usp_rf_data_converter_0/inst/i_axi_lite_ipif/I_SLAVE_ATTACHMENT/I_DECODER/IP2Bus_Data[9]_i_22/O
                         net (fo=1, routed)           0.185     0.975    work_pls_i/usp_rf_data_converter_0/inst/i_axi_lite_ipif/I_SLAVE_ATTACHMENT/I_DECODER/IP2Bus_Data[9]_i_22_n_0
    SLICE_X115Y96        LUT6 (Prop_H6LUT_SLICEM_I4_O)
                                                      0.061     1.036 f  work_pls_i/usp_rf_data_converter_0/inst/i_axi_lite_ipif/I_SLAVE_ATTACHMENT/I_DECODER/IP2Bus_Data[9]_i_14/O
                         net (fo=1, routed)           0.024     1.060    work_pls_i/usp_rf_data_converter_0/inst/i_axi_lite_ipif/I_SLAVE_ATTACHMENT/I_DECODER/IP2Bus_Data[9]_i_14_n_0
    SLICE_X115Y96        LUT6 (Prop_G6LUT_SLICEM_I0_O)
                                                      0.014     1.074 f  work_pls_i/usp_rf_data_converter_0/inst/i_axi_lite_ipif/I_SLAVE_ATTACHMENT/I_DECODER/IP2Bus_Data[9]_i_5/O
                         net (fo=1, routed)           0.150     1.224    work_pls_i/usp_rf_data_converter_0/inst/i_axi_lite_ipif/I_SLAVE_ATTACHMENT/I_DECODER/IP2Bus_Data[9]_i_5_n_0
    SLICE_X113Y104       LUT6 (Prop_C6LUT_SLICEM_I4_O)
                                                      0.022     1.246 r  work_pls_i/usp_rf_data_converter_0/inst/i_axi_lite_ipif/I_SLAVE_ATTACHMENT/I_DECODER/IP2Bus_Data[9]_i_1/O
                         net (fo=1, routed)           0.024     1.270    work_pls_i/usp_rf_data_converter_0/inst/i_axi_lite_ipif_n_75
    SLICE_X113Y104       FDRE                                         r  work_pls_i/usp_rf_data_converter_0/inst/IP2Bus_Data_reg[9]/D
  -------------------------------------------------------------------    -------------------

                         (clock clk_pl_0 rise edge)
                                                      0.000     0.000 r  
    PS8_X0Y0             PS8                          0.000     0.000 r  work_pls_i/zynq_ultra_ps_e_0/U0/PS8_i/PLCLK[0]
                         net (fo=1, routed)           0.129     0.129    work_pls_i/zynq_ultra_ps_e_0/U0/pl_clk_unbuffered[0]
    BUFG_PS_X0Y58        BUFG_PS (Prop_BUFG_PS_I_O)
                                                      0.018     0.147 r  work_pls_i/zynq_ultra_ps_e_0/U0/buffer_pl_clk_0.PL_CLK_0_BUFG/O
    X2Y2 (CLOCK_ROOT)    net (fo=7597, routed)        1.271     1.418    work_pls_i/usp_rf_data_converter_0/inst/s_axi_aclk
    SLICE_X113Y104       FDRE                                         r  work_pls_i/usp_rf_data_converter_0/inst/IP2Bus_Data_reg[9]/C

Slack:                    inf
  Source:                 work_pls_i/usp_rf_data_converter_0/inst/work_pls_usp_rf_data_converter_0_0_rf_wrapper_i/rx0_u_adc/INTERNAL_FBRC_DIV2_MUX
                            (rising edge-triggered cell HSADC clocked by RFADC0_CLK  {rise@0.000ns fall@15.625ns period=31.250ns})
  Destination:            work_pls_i/usp_rf_data_converter_0/inst/IP2Bus_Data_reg[11]/D
                            (rising edge-triggered cell FDRE clocked by clk_pl_0  {rise@0.000ns fall@5.156ns period=10.312ns})
  Path Group:             (none)
  Path Type:              Hold (Min at Fast Process Corner)
  Data Path Delay:        1.270ns  (logic 0.415ns (32.677%)  route 0.855ns (67.323%))
  Logic Levels:           5  (LUT5=1 LUT6=4)
  Clock Path Skew:        1.407ns (DCD - SCD - CPR)
    Destination Clock Delay (DCD):    1.407ns
    Source Clock Delay      (SCD):    0.000ns
    Clock Pessimism Removal (CPR):    -0.000ns
  Clock Uncertainty:      0.159ns  ((TSJ^2 + DJ^2)^1/2) / 2 + PE
    Total System Jitter     (TSJ):    0.071ns
    Discrete Jitter          (DJ):    0.310ns
    Phase Error              (PE):    0.000ns
  Clock Net Delay (Destination): 1.260ns (routing 0.282ns, distribution 0.978ns)
  Timing Exception:       False Path

    Location             Delay type                Incr(ns)  Path(ns)    Netlist Resource(s)
  -------------------------------------------------------------------    -------------------
                         (clock RFADC0_CLK rise edge)
                                                      0.000     0.000 r  
    HSADC_X0Y0           HSADC                        0.000     0.000 r  work_pls_i/usp_rf_data_converter_0/inst/work_pls_usp_rf_data_converter_0_0_rf_wrapper_i/rx0_u_adc/INTERNAL_FBRC_DIV2_MUX
  -------------------------------------------------------------------    -------------------
    HSADC_X0Y0           HSADC (Prop_HSADC_INTERNAL_FBRC_DIV2_MUX_STATUS_COMMON[11])
                                                      0.265     0.265 r  work_pls_i/usp_rf_data_converter_0/inst/work_pls_usp_rf_data_converter_0_0_rf_wrapper_i/rx0_u_adc/STATUS_COMMON[11]
                         net (fo=1, routed)           0.454     0.719    work_pls_i/usp_rf_data_converter_0/inst/i_axi_lite_ipif/I_SLAVE_ATTACHMENT/I_DECODER/adc0_common_stat[11]
    SLICE_X113Y86        LUT6 (Prop_G6LUT_SLICEM_I5_O)
                                                      0.022     0.741 r  work_pls_i/usp_rf_data_converter_0/inst/i_axi_lite_ipif/I_SLAVE_ATTACHMENT/I_DECODER/IP2Bus_Data[11]_i_37/O
                         net (fo=1, routed)           0.026     0.767    work_pls_i/usp_rf_data_converter_0/inst/i_axi_lite_ipif/I_SLAVE_ATTACHMENT/I_DECODER/IP2Bus_Data[11]_i_37_n_0
    SLICE_X113Y86        LUT5 (Prop_E6LUT_SLICEM_I4_O)
                                                      0.040     0.807 f  work_pls_i/usp_rf_data_converter_0/inst/i_axi_lite_ipif/I_SLAVE_ATTACHMENT/I_DECODER/IP2Bus_Data[11]_i_26/O
                         net (fo=1, routed)           0.181     0.988    work_pls_i/usp_rf_data_converter_0/inst/i_axi_lite_ipif/I_SLAVE_ATTACHMENT/I_DECODER/IP2Bus_Data[11]_i_26_n_0
    SLICE_X115Y95        LUT6 (Prop_H6LUT_SLICEM_I3_O)
                                                      0.051     1.039 f  work_pls_i/usp_rf_data_converter_0/inst/i_axi_lite_ipif/I_SLAVE_ATTACHMENT/I_DECODER/IP2Bus_Data[11]_i_15/O
                         net (fo=1, routed)           0.024     1.063    work_pls_i/usp_rf_data_converter_0/inst/i_axi_lite_ipif/I_SLAVE_ATTACHMENT/I_DECODER/IP2Bus_Data[11]_i_15_n_0
    SLICE_X115Y95        LUT6 (Prop_G6LUT_SLICEM_I0_O)
                                                      0.014     1.077 f  work_pls_i/usp_rf_data_converter_0/inst/i_axi_lite_ipif/I_SLAVE_ATTACHMENT/I_DECODER/IP2Bus_Data[11]_i_5/O
                         net (fo=1, routed)           0.149     1.226    work_pls_i/usp_rf_data_converter_0/inst/i_axi_lite_ipif/I_SLAVE_ATTACHMENT/I_DECODER/IP2Bus_Data[11]_i_5_n_0
    SLICE_X113Y105       LUT6 (Prop_H6LUT_SLICEM_I4_O)
                                                      0.023     1.249 r  work_pls_i/usp_rf_data_converter_0/inst/i_axi_lite_ipif/I_SLAVE_ATTACHMENT/I_DECODER/IP2Bus_Data[11]_i_1/O
                         net (fo=1, routed)           0.021     1.270    work_pls_i/usp_rf_data_converter_0/inst/i_axi_lite_ipif_n_73
    SLICE_X113Y105       FDRE                                         r  work_pls_i/usp_rf_data_converter_0/inst/IP2Bus_Data_reg[11]/D
  -------------------------------------------------------------------    -------------------

                         (clock clk_pl_0 rise edge)
                                                      0.000     0.000 r  
    PS8_X0Y0             PS8                          0.000     0.000 r  work_pls_i/zynq_ultra_ps_e_0/U0/PS8_i/PLCLK[0]
                         net (fo=1, routed)           0.129     0.129    work_pls_i/zynq_ultra_ps_e_0/U0/pl_clk_unbuffered[0]
    BUFG_PS_X0Y58        BUFG_PS (Prop_BUFG_PS_I_O)
                                                      0.018     0.147 r  work_pls_i/zynq_ultra_ps_e_0/U0/buffer_pl_clk_0.PL_CLK_0_BUFG/O
    X2Y2 (CLOCK_ROOT)    net (fo=7597, routed)        1.260     1.407    work_pls_i/usp_rf_data_converter_0/inst/s_axi_aclk
    SLICE_X113Y105       FDRE                                         r  work_pls_i/usp_rf_data_converter_0/inst/IP2Bus_Data_reg[11]/C

Slack:                    inf
  Source:                 work_pls_i/usp_rf_data_converter_0/inst/work_pls_usp_rf_data_converter_0_0_rf_wrapper_i/rx0_u_adc/INTERNAL_FBRC_DIV2_MUX
                            (rising edge-triggered cell HSADC clocked by RFADC0_CLK  {rise@0.000ns fall@15.625ns period=31.250ns})
  Destination:            work_pls_i/usp_rf_data_converter_0/inst/IP2Bus_Data_reg[8]/D
                            (rising edge-triggered cell FDRE clocked by clk_pl_0  {rise@0.000ns fall@5.156ns period=10.312ns})
  Path Group:             (none)
  Path Type:              Hold (Min at Fast Process Corner)
  Data Path Delay:        1.309ns  (logic 0.434ns (33.155%)  route 0.875ns (66.845%))
  Logic Levels:           5  (LUT5=1 LUT6=4)
  Clock Path Skew:        1.411ns (DCD - SCD - CPR)
    Destination Clock Delay (DCD):    1.411ns
    Source Clock Delay      (SCD):    0.000ns
    Clock Pessimism Removal (CPR):    -0.000ns
  Clock Uncertainty:      0.159ns  ((TSJ^2 + DJ^2)^1/2) / 2 + PE
    Total System Jitter     (TSJ):    0.071ns
    Discrete Jitter          (DJ):    0.310ns
    Phase Error              (PE):    0.000ns
  Clock Net Delay (Destination): 1.264ns (routing 0.282ns, distribution 0.982ns)
  Timing Exception:       False Path

    Location             Delay type                Incr(ns)  Path(ns)    Netlist Resource(s)
  -------------------------------------------------------------------    -------------------
                         (clock RFADC0_CLK rise edge)
                                                      0.000     0.000 r  
    HSADC_X0Y0           HSADC                        0.000     0.000 r  work_pls_i/usp_rf_data_converter_0/inst/work_pls_usp_rf_data_converter_0_0_rf_wrapper_i/rx0_u_adc/INTERNAL_FBRC_DIV2_MUX
  -------------------------------------------------------------------    -------------------
    HSADC_X0Y0           HSADC (Prop_HSADC_INTERNAL_FBRC_DIV2_MUX_STATUS_COMMON[8])
                                                      0.237     0.237 r  work_pls_i/usp_rf_data_converter_0/inst/work_pls_usp_rf_data_converter_0_0_rf_wrapper_i/rx0_u_adc/STATUS_COMMON[8]
                         net (fo=1, routed)           0.406     0.643    work_pls_i/usp_rf_data_converter_0/inst/i_axi_lite_ipif/I_SLAVE_ATTACHMENT/I_DECODER/adc0_common_stat[8]
    SLICE_X113Y87        LUT6 (Prop_B6LUT_SLICEM_I5_O)
                                                      0.035     0.678 r  work_pls_i/usp_rf_data_converter_0/inst/i_axi_lite_ipif/I_SLAVE_ATTACHMENT/I_DECODER/IP2Bus_Data[8]_i_29/O
                         net (fo=1, routed)           0.050     0.728    work_pls_i/usp_rf_data_converter_0/inst/i_axi_lite_ipif/I_SLAVE_ATTACHMENT/I_DECODER/IP2Bus_Data[8]_i_29_n_0
    SLICE_X113Y87        LUT5 (Prop_A6LUT_SLICEM_I4_O)
                                                      0.051     0.779 f  work_pls_i/usp_rf_data_converter_0/inst/i_axi_lite_ipif/I_SLAVE_ATTACHMENT/I_DECODER/IP2Bus_Data[8]_i_19/O
                         net (fo=1, routed)           0.210     0.989    work_pls_i/usp_rf_data_converter_0/inst/i_axi_lite_ipif/I_SLAVE_ATTACHMENT/I_DECODER/IP2Bus_Data[8]_i_19_n_0
    SLICE_X115Y95        LUT6 (Prop_F6LUT_SLICEM_I4_O)
                                                      0.035     1.024 f  work_pls_i/usp_rf_data_converter_0/inst/i_axi_lite_ipif/I_SLAVE_ATTACHMENT/I_DECODER/IP2Bus_Data[8]_i_11/O
                         net (fo=1, routed)           0.024     1.048    work_pls_i/usp_rf_data_converter_0/inst/i_axi_lite_ipif/I_SLAVE_ATTACHMENT/I_DECODER/IP2Bus_Data[8]_i_11_n_0
    SLICE_X115Y95        LUT6 (Prop_E6LUT_SLICEM_I0_O)
                                                      0.035     1.083 f  work_pls_i/usp_rf_data_converter_0/inst/i_axi_lite_ipif/I_SLAVE_ATTACHMENT/I_DECODER/IP2Bus_Data[8]_i_5/O
                         net (fo=1, routed)           0.169     1.252    work_pls_i/usp_rf_data_converter_0/inst/i_axi_lite_ipif/I_SLAVE_ATTACHMENT/I_DECODER/IP2Bus_Data[8]_i_5_n_0
    SLICE_X111Y105       LUT6 (Prop_D6LUT_SLICEL_I4_O)
                                                      0.041     1.293 r  work_pls_i/usp_rf_data_converter_0/inst/i_axi_lite_ipif/I_SLAVE_ATTACHMENT/I_DECODER/IP2Bus_Data[8]_i_1/O
                         net (fo=1, routed)           0.016     1.309    work_pls_i/usp_rf_data_converter_0/inst/i_axi_lite_ipif_n_76
    SLICE_X111Y105       FDRE                                         r  work_pls_i/usp_rf_data_converter_0/inst/IP2Bus_Data_reg[8]/D
  -------------------------------------------------------------------    -------------------

                         (clock clk_pl_0 rise edge)
                                                      0.000     0.000 r  
    PS8_X0Y0             PS8                          0.000     0.000 r  work_pls_i/zynq_ultra_ps_e_0/U0/PS8_i/PLCLK[0]
                         net (fo=1, routed)           0.129     0.129    work_pls_i/zynq_ultra_ps_e_0/U0/pl_clk_unbuffered[0]
    BUFG_PS_X0Y58        BUFG_PS (Prop_BUFG_PS_I_O)
                                                      0.018     0.147 r  work_pls_i/zynq_ultra_ps_e_0/U0/buffer_pl_clk_0.PL_CLK_0_BUFG/O
    X2Y2 (CLOCK_ROOT)    net (fo=7597, routed)        1.264     1.411    work_pls_i/usp_rf_data_converter_0/inst/s_axi_aclk
    SLICE_X111Y105       FDRE                                         r  work_pls_i/usp_rf_data_converter_0/inst/IP2Bus_Data_reg[8]/C





--------------------------------------------------------------------------------------
Path Group:  (none)
From Clock:  RFADC1_CLK
  To Clock:  clk_pl_0

Max Delay             8 Endpoints
Min Delay             8 Endpoints
--------------------------------------------------------------------------------------


Max Delay Paths
--------------------------------------------------------------------------------------
Slack:                    inf
  Source:                 work_pls_i/usp_rf_data_converter_0/inst/work_pls_usp_rf_data_converter_0_0_rf_wrapper_i/rx1_u_adc/INTERNAL_FBRC_DIV2_MUX
                            (rising edge-triggered cell HSADC clocked by RFADC1_CLK  {rise@0.000ns fall@5.000ns period=10.000ns})
  Destination:            work_pls_i/usp_rf_data_converter_0/inst/IP2Bus_Data_reg[8]/D
                            (rising edge-triggered cell FDRE clocked by clk_pl_0  {rise@0.000ns fall@5.156ns period=10.312ns})
  Path Group:             (none)
  Path Type:              Setup (Max at Slow Process Corner)
  Data Path Delay:        2.747ns  (logic 1.306ns (47.543%)  route 1.441ns (52.457%))
  Logic Levels:           5  (LUT4=1 LUT5=2 LUT6=2)
  Clock Path Skew:        2.000ns (DCD - SCD + CPR)
    Destination Clock Delay (DCD):    2.000ns
    Source Clock Delay      (SCD):    0.000ns
    Clock Pessimism Removal (CPR):    0.000ns
  Clock Uncertainty:      0.159ns  ((TSJ^2 + DJ^2)^1/2) / 2 + PE
    Total System Jitter     (TSJ):    0.071ns
    Discrete Jitter          (DJ):    0.310ns
    Phase Error              (PE):    0.000ns
  Clock Net Delay (Destination): 1.818ns (routing 0.423ns, distribution 1.395ns)
  Timing Exception:       False Path

    Location             Delay type                Incr(ns)  Path(ns)    Netlist Resource(s)
  -------------------------------------------------------------------    -------------------
                         (clock RFADC1_CLK rise edge)
                                                      0.000     0.000 r  
    HSADC_X0Y1           HSADC                        0.000     0.000 r  work_pls_i/usp_rf_data_converter_0/inst/work_pls_usp_rf_data_converter_0_0_rf_wrapper_i/rx1_u_adc/INTERNAL_FBRC_DIV2_MUX
  -------------------------------------------------------------------    -------------------
    HSADC_X0Y1           HSADC (Prop_HSADC_INTERNAL_FBRC_DIV2_MUX_STATUS_COMMON[8])
                                                      0.788     0.788 r  work_pls_i/usp_rf_data_converter_0/inst/work_pls_usp_rf_data_converter_0_0_rf_wrapper_i/rx1_u_adc/STATUS_COMMON[8]
                         net (fo=1, routed)           0.499     1.287    work_pls_i/usp_rf_data_converter_0/inst/i_axi_lite_ipif/I_SLAVE_ATTACHMENT/I_DECODER/adc1_common_stat[8]
    SLICE_X116Y84        LUT4 (Prop_A6LUT_SLICEL_I0_O)
                                                      0.098     1.385 f  work_pls_i/usp_rf_data_converter_0/inst/i_axi_lite_ipif/I_SLAVE_ATTACHMENT/I_DECODER/IP2Bus_Data[8]_i_35/O
                         net (fo=1, routed)           0.155     1.540    work_pls_i/usp_rf_data_converter_0/inst/i_axi_lite_ipif/I_SLAVE_ATTACHMENT/I_DECODER/IP2Bus_Data[8]_i_35_n_0
    SLICE_X116Y84        LUT5 (Prop_C6LUT_SLICEL_I3_O)
                                                      0.146     1.686 f  work_pls_i/usp_rf_data_converter_0/inst/i_axi_lite_ipif/I_SLAVE_ATTACHMENT/I_DECODER/IP2Bus_Data[8]_i_26/O
                         net (fo=1, routed)           0.320     2.006    work_pls_i/usp_rf_data_converter_0/inst/i_axi_lite_ipif/I_SLAVE_ATTACHMENT/I_DECODER/IP2Bus_Data[8]_i_26_n_0
    SLICE_X115Y93        LUT5 (Prop_C6LUT_SLICEM_I1_O)
                                                      0.051     2.057 f  work_pls_i/usp_rf_data_converter_0/inst/i_axi_lite_ipif/I_SLAVE_ATTACHMENT/I_DECODER/IP2Bus_Data[8]_i_15/O
                         net (fo=1, routed)           0.102     2.159    work_pls_i/usp_rf_data_converter_0/inst/i_axi_lite_ipif/I_SLAVE_ATTACHMENT/I_DECODER/IP2Bus_Data[8]_i_15_n_0
    SLICE_X115Y95        LUT6 (Prop_E6LUT_SLICEM_I5_O)
                                                      0.124     2.283 f  work_pls_i/usp_rf_data_converter_0/inst/i_axi_lite_ipif/I_SLAVE_ATTACHMENT/I_DECODER/IP2Bus_Data[8]_i_5/O
                         net (fo=1, routed)           0.316     2.599    work_pls_i/usp_rf_data_converter_0/inst/i_axi_lite_ipif/I_SLAVE_ATTACHMENT/I_DECODER/IP2Bus_Data[8]_i_5_n_0
    SLICE_X111Y105       LUT6 (Prop_D6LUT_SLICEL_I4_O)
                                                      0.099     2.698 r  work_pls_i/usp_rf_data_converter_0/inst/i_axi_lite_ipif/I_SLAVE_ATTACHMENT/I_DECODER/IP2Bus_Data[8]_i_1/O
                         net (fo=1, routed)           0.049     2.747    work_pls_i/usp_rf_data_converter_0/inst/i_axi_lite_ipif_n_76
    SLICE_X111Y105       FDRE                                         r  work_pls_i/usp_rf_data_converter_0/inst/IP2Bus_Data_reg[8]/D
  -------------------------------------------------------------------    -------------------

                         (clock clk_pl_0 rise edge)
                                                      0.000     0.000 r  
    PS8_X0Y0             PS8                          0.000     0.000 r  work_pls_i/zynq_ultra_ps_e_0/U0/PS8_i/PLCLK[0]
                         net (fo=1, routed)           0.157     0.157    work_pls_i/zynq_ultra_ps_e_0/U0/pl_clk_unbuffered[0]
    BUFG_PS_X0Y58        BUFG_PS (Prop_BUFG_PS_I_O)
                                                      0.025     0.182 r  work_pls_i/zynq_ultra_ps_e_0/U0/buffer_pl_clk_0.PL_CLK_0_BUFG/O
    X2Y2 (CLOCK_ROOT)    net (fo=7597, routed)        1.818     2.000    work_pls_i/usp_rf_data_converter_0/inst/s_axi_aclk
    SLICE_X111Y105       FDRE                                         r  work_pls_i/usp_rf_data_converter_0/inst/IP2Bus_Data_reg[8]/C

Slack:                    inf
  Source:                 work_pls_i/usp_rf_data_converter_0/inst/work_pls_usp_rf_data_converter_0_0_rf_wrapper_i/rx1_u_adc/INTERNAL_FBRC_DIV2_MUX
                            (rising edge-triggered cell HSADC clocked by RFADC1_CLK  {rise@0.000ns fall@5.000ns period=10.000ns})
  Destination:            work_pls_i/usp_rf_data_converter_0/inst/IP2Bus_Data_reg[9]/D
                            (rising edge-triggered cell FDRE clocked by clk_pl_0  {rise@0.000ns fall@5.156ns period=10.312ns})
  Path Group:             (none)
  Path Type:              Setup (Max at Slow Process Corner)
  Data Path Delay:        2.469ns  (logic 1.069ns (43.297%)  route 1.400ns (56.703%))
  Logic Levels:           5  (LUT4=1 LUT5=2 LUT6=2)
  Clock Path Skew:        2.006ns (DCD - SCD + CPR)
    Destination Clock Delay (DCD):    2.006ns
    Source Clock Delay      (SCD):    0.000ns
    Clock Pessimism Removal (CPR):    0.000ns
  Clock Uncertainty:      0.159ns  ((TSJ^2 + DJ^2)^1/2) / 2 + PE
    Total System Jitter     (TSJ):    0.071ns
    Discrete Jitter          (DJ):    0.310ns
    Phase Error              (PE):    0.000ns
  Clock Net Delay (Destination): 1.824ns (routing 0.423ns, distribution 1.401ns)
  Timing Exception:       False Path

    Location             Delay type                Incr(ns)  Path(ns)    Netlist Resource(s)
  -------------------------------------------------------------------    -------------------
                         (clock RFADC1_CLK rise edge)
                                                      0.000     0.000 r  
    HSADC_X0Y1           HSADC                        0.000     0.000 r  work_pls_i/usp_rf_data_converter_0/inst/work_pls_usp_rf_data_converter_0_0_rf_wrapper_i/rx1_u_adc/INTERNAL_FBRC_DIV2_MUX
  -------------------------------------------------------------------    -------------------
    HSADC_X0Y1           HSADC (Prop_HSADC_INTERNAL_FBRC_DIV2_MUX_STATUS_COMMON[9])
                                                      0.532     0.532 r  work_pls_i/usp_rf_data_converter_0/inst/work_pls_usp_rf_data_converter_0_0_rf_wrapper_i/rx1_u_adc/STATUS_COMMON[9]
                         net (fo=1, routed)           0.523     1.055    work_pls_i/usp_rf_data_converter_0/inst/i_axi_lite_ipif/I_SLAVE_ATTACHMENT/I_DECODER/adc1_common_stat[9]
    SLICE_X117Y85        LUT4 (Prop_B6LUT_SLICEL_I0_O)
                                                      0.148     1.203 f  work_pls_i/usp_rf_data_converter_0/inst/i_axi_lite_ipif/I_SLAVE_ATTACHMENT/I_DECODER/IP2Bus_Data[9]_i_38/O
                         net (fo=1, routed)           0.045     1.248    work_pls_i/usp_rf_data_converter_0/inst/i_axi_lite_ipif/I_SLAVE_ATTACHMENT/I_DECODER/IP2Bus_Data[9]_i_38_n_0
    SLICE_X117Y85        LUT5 (Prop_H6LUT_SLICEL_I3_O)
                                                      0.099     1.347 f  work_pls_i/usp_rf_data_converter_0/inst/i_axi_lite_ipif/I_SLAVE_ATTACHMENT/I_DECODER/IP2Bus_Data[9]_i_29/O
                         net (fo=1, routed)           0.280     1.627    work_pls_i/usp_rf_data_converter_0/inst/i_axi_lite_ipif/I_SLAVE_ATTACHMENT/I_DECODER/IP2Bus_Data[9]_i_29_n_0
    SLICE_X116Y92        LUT5 (Prop_G6LUT_SLICEL_I1_O)
                                                      0.149     1.776 f  work_pls_i/usp_rf_data_converter_0/inst/i_axi_lite_ipif/I_SLAVE_ATTACHMENT/I_DECODER/IP2Bus_Data[9]_i_18/O
                         net (fo=1, routed)           0.188     1.964    work_pls_i/usp_rf_data_converter_0/inst/i_axi_lite_ipif/I_SLAVE_ATTACHMENT/I_DECODER/IP2Bus_Data[9]_i_18_n_0
    SLICE_X115Y96        LUT6 (Prop_G6LUT_SLICEM_I5_O)
                                                      0.090     2.054 f  work_pls_i/usp_rf_data_converter_0/inst/i_axi_lite_ipif/I_SLAVE_ATTACHMENT/I_DECODER/IP2Bus_Data[9]_i_5/O
                         net (fo=1, routed)           0.298     2.352    work_pls_i/usp_rf_data_converter_0/inst/i_axi_lite_ipif/I_SLAVE_ATTACHMENT/I_DECODER/IP2Bus_Data[9]_i_5_n_0
    SLICE_X113Y104       LUT6 (Prop_C6LUT_SLICEM_I4_O)
                                                      0.051     2.403 r  work_pls_i/usp_rf_data_converter_0/inst/i_axi_lite_ipif/I_SLAVE_ATTACHMENT/I_DECODER/IP2Bus_Data[9]_i_1/O
                         net (fo=1, routed)           0.066     2.469    work_pls_i/usp_rf_data_converter_0/inst/i_axi_lite_ipif_n_75
    SLICE_X113Y104       FDRE                                         r  work_pls_i/usp_rf_data_converter_0/inst/IP2Bus_Data_reg[9]/D
  -------------------------------------------------------------------    -------------------

                         (clock clk_pl_0 rise edge)
                                                      0.000     0.000 r  
    PS8_X0Y0             PS8                          0.000     0.000 r  work_pls_i/zynq_ultra_ps_e_0/U0/PS8_i/PLCLK[0]
                         net (fo=1, routed)           0.157     0.157    work_pls_i/zynq_ultra_ps_e_0/U0/pl_clk_unbuffered[0]
    BUFG_PS_X0Y58        BUFG_PS (Prop_BUFG_PS_I_O)
                                                      0.025     0.182 r  work_pls_i/zynq_ultra_ps_e_0/U0/buffer_pl_clk_0.PL_CLK_0_BUFG/O
    X2Y2 (CLOCK_ROOT)    net (fo=7597, routed)        1.824     2.006    work_pls_i/usp_rf_data_converter_0/inst/s_axi_aclk
    SLICE_X113Y104       FDRE                                         r  work_pls_i/usp_rf_data_converter_0/inst/IP2Bus_Data_reg[9]/C

Slack:                    inf
  Source:                 work_pls_i/usp_rf_data_converter_0/inst/work_pls_usp_rf_data_converter_0_0_rf_wrapper_i/rx1_u_adc/INTERNAL_FBRC_DIV2_MUX
                            (rising edge-triggered cell HSADC clocked by RFADC1_CLK  {rise@0.000ns fall@5.000ns period=10.000ns})
  Destination:            work_pls_i/usp_rf_data_converter_0/inst/IP2Bus_Data_reg[11]/D
                            (rising edge-triggered cell FDRE clocked by clk_pl_0  {rise@0.000ns fall@5.156ns period=10.312ns})
  Path Group:             (none)
  Path Type:              Setup (Max at Slow Process Corner)
  Data Path Delay:        2.427ns  (logic 1.001ns (41.244%)  route 1.426ns (58.756%))
  Logic Levels:           5  (LUT4=1 LUT5=2 LUT6=2)
  Clock Path Skew:        1.997ns (DCD - SCD + CPR)
    Destination Clock Delay (DCD):    1.997ns
    Source Clock Delay      (SCD):    0.000ns
    Clock Pessimism Removal (CPR):    0.000ns
  Clock Uncertainty:      0.159ns  ((TSJ^2 + DJ^2)^1/2) / 2 + PE
    Total System Jitter     (TSJ):    0.071ns
    Discrete Jitter          (DJ):    0.310ns
    Phase Error              (PE):    0.000ns
  Clock Net Delay (Destination): 1.815ns (routing 0.423ns, distribution 1.392ns)
  Timing Exception:       False Path

    Location             Delay type                Incr(ns)  Path(ns)    Netlist Resource(s)
  -------------------------------------------------------------------    -------------------
                         (clock RFADC1_CLK rise edge)
                                                      0.000     0.000 r  
    HSADC_X0Y1           HSADC                        0.000     0.000 r  work_pls_i/usp_rf_data_converter_0/inst/work_pls_usp_rf_data_converter_0_0_rf_wrapper_i/rx1_u_adc/INTERNAL_FBRC_DIV2_MUX
  -------------------------------------------------------------------    -------------------
    HSADC_X0Y1           HSADC (Prop_HSADC_INTERNAL_FBRC_DIV2_MUX_STATUS_COMMON[11])
                                                      0.588     0.588 r  work_pls_i/usp_rf_data_converter_0/inst/work_pls_usp_rf_data_converter_0_0_rf_wrapper_i/rx1_u_adc/STATUS_COMMON[11]
                         net (fo=1, routed)           0.563     1.151    work_pls_i/usp_rf_data_converter_0/inst/i_axi_lite_ipif/I_SLAVE_ATTACHMENT/I_DECODER/adc1_common_stat[11]
    SLICE_X117Y85        LUT4 (Prop_C6LUT_SLICEL_I0_O)
                                                      0.123     1.274 f  work_pls_i/usp_rf_data_converter_0/inst/i_axi_lite_ipif/I_SLAVE_ATTACHMENT/I_DECODER/IP2Bus_Data[11]_i_45/O
                         net (fo=1, routed)           0.041     1.315    work_pls_i/usp_rf_data_converter_0/inst/i_axi_lite_ipif/I_SLAVE_ATTACHMENT/I_DECODER/IP2Bus_Data[11]_i_45_n_0
    SLICE_X117Y85        LUT5 (Prop_D6LUT_SLICEL_I3_O)
                                                      0.036     1.351 f  work_pls_i/usp_rf_data_converter_0/inst/i_axi_lite_ipif/I_SLAVE_ATTACHMENT/I_DECODER/IP2Bus_Data[11]_i_34/O
                         net (fo=1, routed)           0.326     1.677    work_pls_i/usp_rf_data_converter_0/inst/i_axi_lite_ipif/I_SLAVE_ATTACHMENT/I_DECODER/IP2Bus_Data[11]_i_34_n_0
    SLICE_X116Y92        LUT5 (Prop_H6LUT_SLICEL_I1_O)
                                                      0.051     1.728 f  work_pls_i/usp_rf_data_converter_0/inst/i_axi_lite_ipif/I_SLAVE_ATTACHMENT/I_DECODER/IP2Bus_Data[11]_i_19/O
                         net (fo=1, routed)           0.153     1.881    work_pls_i/usp_rf_data_converter_0/inst/i_axi_lite_ipif/I_SLAVE_ATTACHMENT/I_DECODER/IP2Bus_Data[11]_i_19_n_0
    SLICE_X115Y95        LUT6 (Prop_G6LUT_SLICEM_I5_O)
                                                      0.150     2.031 f  work_pls_i/usp_rf_data_converter_0/inst/i_axi_lite_ipif/I_SLAVE_ATTACHMENT/I_DECODER/IP2Bus_Data[11]_i_5/O
                         net (fo=1, routed)           0.285     2.316    work_pls_i/usp_rf_data_converter_0/inst/i_axi_lite_ipif/I_SLAVE_ATTACHMENT/I_DECODER/IP2Bus_Data[11]_i_5_n_0
    SLICE_X113Y105       LUT6 (Prop_H6LUT_SLICEM_I4_O)
                                                      0.053     2.369 r  work_pls_i/usp_rf_data_converter_0/inst/i_axi_lite_ipif/I_SLAVE_ATTACHMENT/I_DECODER/IP2Bus_Data[11]_i_1/O
                         net (fo=1, routed)           0.058     2.427    work_pls_i/usp_rf_data_converter_0/inst/i_axi_lite_ipif_n_73
    SLICE_X113Y105       FDRE                                         r  work_pls_i/usp_rf_data_converter_0/inst/IP2Bus_Data_reg[11]/D
  -------------------------------------------------------------------    -------------------

                         (clock clk_pl_0 rise edge)
                                                      0.000     0.000 r  
    PS8_X0Y0             PS8                          0.000     0.000 r  work_pls_i/zynq_ultra_ps_e_0/U0/PS8_i/PLCLK[0]
                         net (fo=1, routed)           0.157     0.157    work_pls_i/zynq_ultra_ps_e_0/U0/pl_clk_unbuffered[0]
    BUFG_PS_X0Y58        BUFG_PS (Prop_BUFG_PS_I_O)
                                                      0.025     0.182 r  work_pls_i/zynq_ultra_ps_e_0/U0/buffer_pl_clk_0.PL_CLK_0_BUFG/O
    X2Y2 (CLOCK_ROOT)    net (fo=7597, routed)        1.815     1.997    work_pls_i/usp_rf_data_converter_0/inst/s_axi_aclk
    SLICE_X113Y105       FDRE                                         r  work_pls_i/usp_rf_data_converter_0/inst/IP2Bus_Data_reg[11]/C

Slack:                    inf
  Source:                 work_pls_i/usp_rf_data_converter_0/inst/work_pls_usp_rf_data_converter_0_0_rf_wrapper_i/rx1_u_adc/INTERNAL_FBRC_DIV2_MUX
                            (rising edge-triggered cell HSADC clocked by RFADC1_CLK  {rise@0.000ns fall@5.000ns period=10.000ns})
  Destination:            work_pls_i/usp_rf_data_converter_0/inst/IP2Bus_Data_reg[12]/D
                            (rising edge-triggered cell FDRE clocked by clk_pl_0  {rise@0.000ns fall@5.156ns period=10.312ns})
  Path Group:             (none)
  Path Type:              Setup (Max at Slow Process Corner)
  Data Path Delay:        2.266ns  (logic 0.894ns (39.453%)  route 1.372ns (60.547%))
  Logic Levels:           4  (LUT5=1 LUT6=3)
  Clock Path Skew:        2.005ns (DCD - SCD + CPR)
    Destination Clock Delay (DCD):    2.005ns
    Source Clock Delay      (SCD):    0.000ns
    Clock Pessimism Removal (CPR):    0.000ns
  Clock Uncertainty:      0.159ns  ((TSJ^2 + DJ^2)^1/2) / 2 + PE
    Total System Jitter     (TSJ):    0.071ns
    Discrete Jitter          (DJ):    0.310ns
    Phase Error              (PE):    0.000ns
  Clock Net Delay (Destination): 1.823ns (routing 0.423ns, distribution 1.400ns)
  Timing Exception:       False Path

    Location             Delay type                Incr(ns)  Path(ns)    Netlist Resource(s)
  -------------------------------------------------------------------    -------------------
                         (clock RFADC1_CLK rise edge)
                                                      0.000     0.000 r  
    HSADC_X0Y1           HSADC                        0.000     0.000 r  work_pls_i/usp_rf_data_converter_0/inst/work_pls_usp_rf_data_converter_0_0_rf_wrapper_i/rx1_u_adc/INTERNAL_FBRC_DIV2_MUX
  -------------------------------------------------------------------    -------------------
    HSADC_X0Y1           HSADC (Prop_HSADC_INTERNAL_FBRC_DIV2_MUX_STATUS_COMMON[12])
                                                      0.611     0.611 r  work_pls_i/usp_rf_data_converter_0/inst/work_pls_usp_rf_data_converter_0_0_rf_wrapper_i/rx1_u_adc/STATUS_COMMON[12]
                         net (fo=1, routed)           0.606     1.217    work_pls_i/usp_rf_data_converter_0/inst/i_axi_lite_ipif/I_SLAVE_ATTACHMENT/I_DECODER/adc1_common_stat[12]
    SLICE_X116Y85        LUT5 (Prop_D6LUT_SLICEL_I3_O)
                                                      0.089     1.306 f  work_pls_i/usp_rf_data_converter_0/inst/i_axi_lite_ipif/I_SLAVE_ATTACHMENT/I_DECODER/IP2Bus_Data[12]_i_45/O
                         net (fo=1, routed)           0.086     1.392    work_pls_i/usp_rf_data_converter_0/inst/i_axi_lite_ipif/I_SLAVE_ATTACHMENT/I_DECODER/IP2Bus_Data[12]_i_45_n_0
    SLICE_X115Y85        LUT6 (Prop_H6LUT_SLICEM_I5_O)
                                                      0.090     1.482 r  work_pls_i/usp_rf_data_converter_0/inst/i_axi_lite_ipif/I_SLAVE_ATTACHMENT/I_DECODER/IP2Bus_Data[12]_i_21/O
                         net (fo=1, routed)           0.295     1.777    work_pls_i/usp_rf_data_converter_0/inst/i_axi_lite_ipif/I_SLAVE_ATTACHMENT/I_DECODER/IP2Bus_Data[12]_i_21_n_0
    SLICE_X113Y91        LUT6 (Prop_D6LUT_SLICEM_I5_O)
                                                      0.051     1.828 r  work_pls_i/usp_rf_data_converter_0/inst/i_axi_lite_ipif/I_SLAVE_ATTACHMENT/I_DECODER/IP2Bus_Data[12]_i_6/O
                         net (fo=1, routed)           0.327     2.155    work_pls_i/usp_rf_data_converter_0/inst/i_axi_lite_ipif/I_SLAVE_ATTACHMENT/I_DECODER/IP2Bus_Data[12]_i_6_n_0
    SLICE_X113Y103       LUT6 (Prop_H6LUT_SLICEM_I4_O)
                                                      0.053     2.208 r  work_pls_i/usp_rf_data_converter_0/inst/i_axi_lite_ipif/I_SLAVE_ATTACHMENT/I_DECODER/IP2Bus_Data[12]_i_1/O
                         net (fo=1, routed)           0.058     2.266    work_pls_i/usp_rf_data_converter_0/inst/i_axi_lite_ipif_n_72
    SLICE_X113Y103       FDRE                                         r  work_pls_i/usp_rf_data_converter_0/inst/IP2Bus_Data_reg[12]/D
  -------------------------------------------------------------------    -------------------

                         (clock clk_pl_0 rise edge)
                                                      0.000     0.000 r  
    PS8_X0Y0             PS8                          0.000     0.000 r  work_pls_i/zynq_ultra_ps_e_0/U0/PS8_i/PLCLK[0]
                         net (fo=1, routed)           0.157     0.157    work_pls_i/zynq_ultra_ps_e_0/U0/pl_clk_unbuffered[0]
    BUFG_PS_X0Y58        BUFG_PS (Prop_BUFG_PS_I_O)
                                                      0.025     0.182 r  work_pls_i/zynq_ultra_ps_e_0/U0/buffer_pl_clk_0.PL_CLK_0_BUFG/O
    X2Y2 (CLOCK_ROOT)    net (fo=7597, routed)        1.823     2.005    work_pls_i/usp_rf_data_converter_0/inst/s_axi_aclk
    SLICE_X113Y103       FDRE                                         r  work_pls_i/usp_rf_data_converter_0/inst/IP2Bus_Data_reg[12]/C

Slack:                    inf
  Source:                 work_pls_i/usp_rf_data_converter_0/inst/work_pls_usp_rf_data_converter_0_0_rf_wrapper_i/rx1_u_adc/INTERNAL_FBRC_DIV2_MUX
                            (rising edge-triggered cell HSADC clocked by RFADC1_CLK  {rise@0.000ns fall@5.000ns period=10.000ns})
  Destination:            work_pls_i/usp_rf_data_converter_0/inst/IP2Bus_Data_reg[10]/D
                            (rising edge-triggered cell FDRE clocked by clk_pl_0  {rise@0.000ns fall@5.156ns period=10.312ns})
  Path Group:             (none)
  Path Type:              Setup (Max at Slow Process Corner)
  Data Path Delay:        2.216ns  (logic 0.818ns (36.913%)  route 1.398ns (63.087%))
  Logic Levels:           5  (LUT4=1 LUT5=2 LUT6=2)
  Clock Path Skew:        1.990ns (DCD - SCD + CPR)
    Destination Clock Delay (DCD):    1.990ns
    Source Clock Delay      (SCD):    0.000ns
    Clock Pessimism Removal (CPR):    0.000ns
  Clock Uncertainty:      0.159ns  ((TSJ^2 + DJ^2)^1/2) / 2 + PE
    Total System Jitter     (TSJ):    0.071ns
    Discrete Jitter          (DJ):    0.310ns
    Phase Error              (PE):    0.000ns
  Clock Net Delay (Destination): 1.808ns (routing 0.423ns, distribution 1.385ns)
  Timing Exception:       False Path

    Location             Delay type                Incr(ns)  Path(ns)    Netlist Resource(s)
  -------------------------------------------------------------------    -------------------
                         (clock RFADC1_CLK rise edge)
                                                      0.000     0.000 r  
    HSADC_X0Y1           HSADC                        0.000     0.000 r  work_pls_i/usp_rf_data_converter_0/inst/work_pls_usp_rf_data_converter_0_0_rf_wrapper_i/rx1_u_adc/INTERNAL_FBRC_DIV2_MUX
  -------------------------------------------------------------------    -------------------
    HSADC_X0Y1           HSADC (Prop_HSADC_INTERNAL_FBRC_DIV2_MUX_STATUS_COMMON[10])
                                                      0.536     0.536 r  work_pls_i/usp_rf_data_converter_0/inst/work_pls_usp_rf_data_converter_0_0_rf_wrapper_i/rx1_u_adc/STATUS_COMMON[10]
                         net (fo=1, routed)           0.564     1.100    work_pls_i/usp_rf_data_converter_0/inst/i_axi_lite_ipif/I_SLAVE_ATTACHMENT/I_DECODER/adc1_common_stat[10]
    SLICE_X116Y84        LUT4 (Prop_B6LUT_SLICEL_I0_O)
                                                      0.090     1.190 f  work_pls_i/usp_rf_data_converter_0/inst/i_axi_lite_ipif/I_SLAVE_ATTACHMENT/I_DECODER/IP2Bus_Data[10]_i_38/O
                         net (fo=1, routed)           0.090     1.280    work_pls_i/usp_rf_data_converter_0/inst/i_axi_lite_ipif/I_SLAVE_ATTACHMENT/I_DECODER/IP2Bus_Data[10]_i_38_n_0
    SLICE_X116Y84        LUT5 (Prop_D6LUT_SLICEL_I3_O)
                                                      0.050     1.330 f  work_pls_i/usp_rf_data_converter_0/inst/i_axi_lite_ipif/I_SLAVE_ATTACHMENT/I_DECODER/IP2Bus_Data[10]_i_29/O
                         net (fo=1, routed)           0.289     1.619    work_pls_i/usp_rf_data_converter_0/inst/i_axi_lite_ipif/I_SLAVE_ATTACHMENT/I_DECODER/IP2Bus_Data[10]_i_29_n_0
    SLICE_X115Y93        LUT5 (Prop_G6LUT_SLICEM_I1_O)
                                                      0.052     1.671 f  work_pls_i/usp_rf_data_converter_0/inst/i_axi_lite_ipif/I_SLAVE_ATTACHMENT/I_DECODER/IP2Bus_Data[10]_i_16/O
                         net (fo=1, routed)           0.091     1.762    work_pls_i/usp_rf_data_converter_0/inst/i_axi_lite_ipif/I_SLAVE_ATTACHMENT/I_DECODER/IP2Bus_Data[10]_i_16_n_0
    SLICE_X115Y94        LUT6 (Prop_H6LUT_SLICEM_I5_O)
                                                      0.053     1.815 f  work_pls_i/usp_rf_data_converter_0/inst/i_axi_lite_ipif/I_SLAVE_ATTACHMENT/I_DECODER/IP2Bus_Data[10]_i_5/O
                         net (fo=1, routed)           0.292     2.107    work_pls_i/usp_rf_data_converter_0/inst/i_axi_lite_ipif/I_SLAVE_ATTACHMENT/I_DECODER/IP2Bus_Data[10]_i_5_n_0
    SLICE_X112Y103       LUT6 (Prop_D6LUT_SLICEM_I4_O)
                                                      0.037     2.144 r  work_pls_i/usp_rf_data_converter_0/inst/i_axi_lite_ipif/I_SLAVE_ATTACHMENT/I_DECODER/IP2Bus_Data[10]_i_1/O
                         net (fo=1, routed)           0.072     2.216    work_pls_i/usp_rf_data_converter_0/inst/i_axi_lite_ipif_n_74
    SLICE_X112Y103       FDRE                                         r  work_pls_i/usp_rf_data_converter_0/inst/IP2Bus_Data_reg[10]/D
  -------------------------------------------------------------------    -------------------

                         (clock clk_pl_0 rise edge)
                                                      0.000     0.000 r  
    PS8_X0Y0             PS8                          0.000     0.000 r  work_pls_i/zynq_ultra_ps_e_0/U0/PS8_i/PLCLK[0]
                         net (fo=1, routed)           0.157     0.157    work_pls_i/zynq_ultra_ps_e_0/U0/pl_clk_unbuffered[0]
    BUFG_PS_X0Y58        BUFG_PS (Prop_BUFG_PS_I_O)
                                                      0.025     0.182 r  work_pls_i/zynq_ultra_ps_e_0/U0/buffer_pl_clk_0.PL_CLK_0_BUFG/O
    X2Y2 (CLOCK_ROOT)    net (fo=7597, routed)        1.808     1.990    work_pls_i/usp_rf_data_converter_0/inst/s_axi_aclk
    SLICE_X112Y103       FDRE                                         r  work_pls_i/usp_rf_data_converter_0/inst/IP2Bus_Data_reg[10]/C

Slack:                    inf
  Source:                 work_pls_i/usp_rf_data_converter_0/inst/work_pls_usp_rf_data_converter_0_0_rf_wrapper_i/rx1_u_adc/INTERNAL_FBRC_DIV2_MUX
                            (rising edge-triggered cell HSADC clocked by RFADC1_CLK  {rise@0.000ns fall@5.000ns period=10.000ns})
  Destination:            work_pls_i/usp_rf_data_converter_0/inst/IP2Bus_Data_reg[14]/D
                            (rising edge-triggered cell FDRE clocked by clk_pl_0  {rise@0.000ns fall@5.156ns period=10.312ns})
  Path Group:             (none)
  Path Type:              Setup (Max at Slow Process Corner)
  Data Path Delay:        2.065ns  (logic 1.045ns (50.605%)  route 1.020ns (49.395%))
  Logic Levels:           4  (LUT5=2 LUT6=2)
  Clock Path Skew:        1.979ns (DCD - SCD + CPR)
    Destination Clock Delay (DCD):    1.979ns
    Source Clock Delay      (SCD):    0.000ns
    Clock Pessimism Removal (CPR):    0.000ns
  Clock Uncertainty:      0.159ns  ((TSJ^2 + DJ^2)^1/2) / 2 + PE
    Total System Jitter     (TSJ):    0.071ns
    Discrete Jitter          (DJ):    0.310ns
    Phase Error              (PE):    0.000ns
  Clock Net Delay (Destination): 1.797ns (routing 0.423ns, distribution 1.374ns)
  Timing Exception:       False Path

    Location             Delay type                Incr(ns)  Path(ns)    Netlist Resource(s)
  -------------------------------------------------------------------    -------------------
                         (clock RFADC1_CLK rise edge)
                                                      0.000     0.000 r  
    HSADC_X0Y1           HSADC                        0.000     0.000 r  work_pls_i/usp_rf_data_converter_0/inst/work_pls_usp_rf_data_converter_0_0_rf_wrapper_i/rx1_u_adc/INTERNAL_FBRC_DIV2_MUX
  -------------------------------------------------------------------    -------------------
    HSADC_X0Y1           HSADC (Prop_HSADC_INTERNAL_FBRC_DIV2_MUX_STATUS_COMMON[14])
                                                      0.698     0.698 r  work_pls_i/usp_rf_data_converter_0/inst/work_pls_usp_rf_data_converter_0_0_rf_wrapper_i/rx1_u_adc/STATUS_COMMON[14]
                         net (fo=1, routed)           0.551     1.249    work_pls_i/usp_rf_data_converter_0/inst/i_axi_lite_ipif/I_SLAVE_ATTACHMENT/I_DECODER/adc1_common_stat[14]
    SLICE_X116Y90        LUT5 (Prop_F6LUT_SLICEL_I4_O)
                                                      0.089     1.338 r  work_pls_i/usp_rf_data_converter_0/inst/i_axi_lite_ipif/I_SLAVE_ATTACHMENT/I_DECODER/IP2Bus_Data[14]_i_46/O
                         net (fo=1, routed)           0.181     1.519    work_pls_i/usp_rf_data_converter_0/inst/i_axi_lite_ipif/I_SLAVE_ATTACHMENT/I_DECODER/IP2Bus_Data[14]_i_46_n_0
    SLICE_X116Y90        LUT5 (Prop_C6LUT_SLICEL_I1_O)
                                                      0.123     1.642 f  work_pls_i/usp_rf_data_converter_0/inst/i_axi_lite_ipif/I_SLAVE_ATTACHMENT/I_DECODER/IP2Bus_Data[14]_i_22/O
                         net (fo=1, routed)           0.137     1.779    work_pls_i/usp_rf_data_converter_0/inst/i_axi_lite_ipif/I_SLAVE_ATTACHMENT/I_DECODER/IP2Bus_Data[14]_i_22_n_0
    SLICE_X116Y90        LUT6 (Prop_H6LUT_SLICEL_I4_O)
                                                      0.036     1.815 f  work_pls_i/usp_rf_data_converter_0/inst/i_axi_lite_ipif/I_SLAVE_ATTACHMENT/I_DECODER/IP2Bus_Data[14]_i_5/O
                         net (fo=1, routed)           0.102     1.917    work_pls_i/usp_rf_data_converter_0/inst/i_axi_lite_ipif/I_SLAVE_ATTACHMENT/I_DECODER/IP2Bus_Data[14]_i_5_n_0
    SLICE_X114Y91        LUT6 (Prop_D6LUT_SLICEL_I3_O)
                                                      0.099     2.016 r  work_pls_i/usp_rf_data_converter_0/inst/i_axi_lite_ipif/I_SLAVE_ATTACHMENT/I_DECODER/IP2Bus_Data[14]_i_1/O
                         net (fo=1, routed)           0.049     2.065    work_pls_i/usp_rf_data_converter_0/inst/i_axi_lite_ipif_n_70
    SLICE_X114Y91        FDRE                                         r  work_pls_i/usp_rf_data_converter_0/inst/IP2Bus_Data_reg[14]/D
  -------------------------------------------------------------------    -------------------

                         (clock clk_pl_0 rise edge)
                                                      0.000     0.000 r  
    PS8_X0Y0             PS8                          0.000     0.000 r  work_pls_i/zynq_ultra_ps_e_0/U0/PS8_i/PLCLK[0]
                         net (fo=1, routed)           0.157     0.157    work_pls_i/zynq_ultra_ps_e_0/U0/pl_clk_unbuffered[0]
    BUFG_PS_X0Y58        BUFG_PS (Prop_BUFG_PS_I_O)
                                                      0.025     0.182 r  work_pls_i/zynq_ultra_ps_e_0/U0/buffer_pl_clk_0.PL_CLK_0_BUFG/O
    X2Y2 (CLOCK_ROOT)    net (fo=7597, routed)        1.797     1.979    work_pls_i/usp_rf_data_converter_0/inst/s_axi_aclk
    SLICE_X114Y91        FDRE                                         r  work_pls_i/usp_rf_data_converter_0/inst/IP2Bus_Data_reg[14]/C

Slack:                    inf
  Source:                 work_pls_i/usp_rf_data_converter_0/inst/work_pls_usp_rf_data_converter_0_0_rf_wrapper_i/rx1_u_adc/INTERNAL_FBRC_DIV2_MUX
                            (rising edge-triggered cell HSADC clocked by RFADC1_CLK  {rise@0.000ns fall@5.000ns period=10.000ns})
  Destination:            work_pls_i/usp_rf_data_converter_0/inst/IP2Bus_Data_reg[13]/D
                            (rising edge-triggered cell FDRE clocked by clk_pl_0  {rise@0.000ns fall@5.156ns period=10.312ns})
  Path Group:             (none)
  Path Type:              Setup (Max at Slow Process Corner)
  Data Path Delay:        2.027ns  (logic 1.119ns (55.205%)  route 0.908ns (44.795%))
  Logic Levels:           4  (LUT5=2 LUT6=2)
  Clock Path Skew:        2.003ns (DCD - SCD + CPR)
    Destination Clock Delay (DCD):    2.003ns
    Source Clock Delay      (SCD):    0.000ns
    Clock Pessimism Removal (CPR):    0.000ns
  Clock Uncertainty:      0.159ns  ((TSJ^2 + DJ^2)^1/2) / 2 + PE
    Total System Jitter     (TSJ):    0.071ns
    Discrete Jitter          (DJ):    0.310ns
    Phase Error              (PE):    0.000ns
  Clock Net Delay (Destination): 1.821ns (routing 0.423ns, distribution 1.398ns)
  Timing Exception:       False Path

    Location             Delay type                Incr(ns)  Path(ns)    Netlist Resource(s)
  -------------------------------------------------------------------    -------------------
                         (clock RFADC1_CLK rise edge)
                                                      0.000     0.000 r  
    HSADC_X0Y1           HSADC                        0.000     0.000 r  work_pls_i/usp_rf_data_converter_0/inst/work_pls_usp_rf_data_converter_0_0_rf_wrapper_i/rx1_u_adc/INTERNAL_FBRC_DIV2_MUX
  -------------------------------------------------------------------    -------------------
    HSADC_X0Y1           HSADC (Prop_HSADC_INTERNAL_FBRC_DIV2_MUX_STATUS_COMMON[13])
                                                      0.771     0.771 r  work_pls_i/usp_rf_data_converter_0/inst/work_pls_usp_rf_data_converter_0_0_rf_wrapper_i/rx1_u_adc/STATUS_COMMON[13]
                         net (fo=1, routed)           0.427     1.198    work_pls_i/usp_rf_data_converter_0/inst/i_axi_lite_ipif/I_SLAVE_ATTACHMENT/I_DECODER/adc1_common_stat[13]
    SLICE_X116Y91        LUT5 (Prop_E6LUT_SLICEL_I4_O)
                                                      0.051     1.249 r  work_pls_i/usp_rf_data_converter_0/inst/i_axi_lite_ipif/I_SLAVE_ATTACHMENT/I_DECODER/IP2Bus_Data[13]_i_28/O
                         net (fo=1, routed)           0.057     1.306    work_pls_i/usp_rf_data_converter_0/inst/i_axi_lite_ipif/I_SLAVE_ATTACHMENT/I_DECODER/IP2Bus_Data[13]_i_28_n_0
    SLICE_X116Y91        LUT5 (Prop_F6LUT_SLICEL_I4_O)
                                                      0.148     1.454 r  work_pls_i/usp_rf_data_converter_0/inst/i_axi_lite_ipif/I_SLAVE_ATTACHMENT/I_DECODER/IP2Bus_Data[13]_i_16/O
                         net (fo=1, routed)           0.040     1.494    work_pls_i/usp_rf_data_converter_0/inst/i_axi_lite_ipif/I_SLAVE_ATTACHMENT/I_DECODER/IP2Bus_Data[13]_i_16_n_0
    SLICE_X116Y91        LUT6 (Prop_G6LUT_SLICEL_I0_O)
                                                      0.050     1.544 f  work_pls_i/usp_rf_data_converter_0/inst/i_axi_lite_ipif/I_SLAVE_ATTACHMENT/I_DECODER/IP2Bus_Data[13]_i_5/O
                         net (fo=1, routed)           0.312     1.856    work_pls_i/usp_rf_data_converter_0/inst/i_axi_lite_ipif/I_SLAVE_ATTACHMENT/I_DECODER/IP2Bus_Data[13]_i_5_n_0
    SLICE_X113Y100       LUT6 (Prop_D6LUT_SLICEM_I3_O)
                                                      0.099     1.955 r  work_pls_i/usp_rf_data_converter_0/inst/i_axi_lite_ipif/I_SLAVE_ATTACHMENT/I_DECODER/IP2Bus_Data[13]_i_1/O
                         net (fo=1, routed)           0.072     2.027    work_pls_i/usp_rf_data_converter_0/inst/i_axi_lite_ipif_n_71
    SLICE_X113Y100       FDRE                                         r  work_pls_i/usp_rf_data_converter_0/inst/IP2Bus_Data_reg[13]/D
  -------------------------------------------------------------------    -------------------

                         (clock clk_pl_0 rise edge)
                                                      0.000     0.000 r  
    PS8_X0Y0             PS8                          0.000     0.000 r  work_pls_i/zynq_ultra_ps_e_0/U0/PS8_i/PLCLK[0]
                         net (fo=1, routed)           0.157     0.157    work_pls_i/zynq_ultra_ps_e_0/U0/pl_clk_unbuffered[0]
    BUFG_PS_X0Y58        BUFG_PS (Prop_BUFG_PS_I_O)
                                                      0.025     0.182 r  work_pls_i/zynq_ultra_ps_e_0/U0/buffer_pl_clk_0.PL_CLK_0_BUFG/O
    X2Y2 (CLOCK_ROOT)    net (fo=7597, routed)        1.821     2.003    work_pls_i/usp_rf_data_converter_0/inst/s_axi_aclk
    SLICE_X113Y100       FDRE                                         r  work_pls_i/usp_rf_data_converter_0/inst/IP2Bus_Data_reg[13]/C

Slack:                    inf
  Source:                 work_pls_i/usp_rf_data_converter_0/inst/work_pls_usp_rf_data_converter_0_0_rf_wrapper_i/rx1_u_adc/INTERNAL_FBRC_DIV2_MUX
                            (rising edge-triggered cell HSADC clocked by RFADC1_CLK  {rise@0.000ns fall@5.000ns period=10.000ns})
  Destination:            work_pls_i/usp_rf_data_converter_0/inst/IP2Bus_Data_reg[15]/D
                            (rising edge-triggered cell FDRE clocked by clk_pl_0  {rise@0.000ns fall@5.156ns period=10.312ns})
  Path Group:             (none)
  Path Type:              Setup (Max at Slow Process Corner)
  Data Path Delay:        1.795ns  (logic 0.805ns (44.847%)  route 0.990ns (55.153%))
  Logic Levels:           4  (LUT5=1 LUT6=3)
  Clock Path Skew:        1.982ns (DCD - SCD + CPR)
    Destination Clock Delay (DCD):    1.982ns
    Source Clock Delay      (SCD):    0.000ns
    Clock Pessimism Removal (CPR):    0.000ns
  Clock Uncertainty:      0.159ns  ((TSJ^2 + DJ^2)^1/2) / 2 + PE
    Total System Jitter     (TSJ):    0.071ns
    Discrete Jitter          (DJ):    0.310ns
    Phase Error              (PE):    0.000ns
  Clock Net Delay (Destination): 1.800ns (routing 0.423ns, distribution 1.377ns)
  Timing Exception:       False Path

    Location             Delay type                Incr(ns)  Path(ns)    Netlist Resource(s)
  -------------------------------------------------------------------    -------------------
                         (clock RFADC1_CLK rise edge)
                                                      0.000     0.000 r  
    HSADC_X0Y1           HSADC                        0.000     0.000 r  work_pls_i/usp_rf_data_converter_0/inst/work_pls_usp_rf_data_converter_0_0_rf_wrapper_i/rx1_u_adc/INTERNAL_FBRC_DIV2_MUX
  -------------------------------------------------------------------    -------------------
    HSADC_X0Y1           HSADC (Prop_HSADC_INTERNAL_FBRC_DIV2_MUX_STATUS_COMMON[15])
                                                      0.525     0.525 r  work_pls_i/usp_rf_data_converter_0/inst/work_pls_usp_rf_data_converter_0_0_rf_wrapper_i/rx1_u_adc/STATUS_COMMON[15]
                         net (fo=1, routed)           0.528     1.053    work_pls_i/usp_rf_data_converter_0/inst/i_axi_lite_ipif/I_SLAVE_ATTACHMENT/I_DECODER/adc1_common_stat[15]
    SLICE_X114Y89        LUT5 (Prop_F6LUT_SLICEL_I4_O)
                                                      0.049     1.102 r  work_pls_i/usp_rf_data_converter_0/inst/i_axi_lite_ipif/I_SLAVE_ATTACHMENT/I_DECODER/IP2Bus_Data[15]_i_51/O
                         net (fo=1, routed)           0.095     1.197    work_pls_i/usp_rf_data_converter_0/inst/i_axi_lite_ipif/I_SLAVE_ATTACHMENT/I_DECODER/IP2Bus_Data[15]_i_51_n_0
    SLICE_X115Y89        LUT6 (Prop_H6LUT_SLICEM_I4_O)
                                                      0.053     1.250 r  work_pls_i/usp_rf_data_converter_0/inst/i_axi_lite_ipif/I_SLAVE_ATTACHMENT/I_DECODER/IP2Bus_Data[15]_i_18/O
                         net (fo=1, routed)           0.115     1.365    work_pls_i/usp_rf_data_converter_0/inst/i_axi_lite_ipif/I_SLAVE_ATTACHMENT/I_DECODER/IP2Bus_Data[15]_i_18_n_0
    SLICE_X115Y91        LUT6 (Prop_H6LUT_SLICEM_I4_O)
                                                      0.053     1.418 f  work_pls_i/usp_rf_data_converter_0/inst/i_axi_lite_ipif/I_SLAVE_ATTACHMENT/I_DECODER/IP2Bus_Data[15]_i_4/O
                         net (fo=1, routed)           0.194     1.612    work_pls_i/usp_rf_data_converter_0/inst/i_axi_lite_ipif/I_SLAVE_ATTACHMENT/I_DECODER/IP2Bus_Data[15]_i_4_n_0
    SLICE_X113Y91        LUT6 (Prop_H6LUT_SLICEM_I2_O)
                                                      0.125     1.737 r  work_pls_i/usp_rf_data_converter_0/inst/i_axi_lite_ipif/I_SLAVE_ATTACHMENT/I_DECODER/IP2Bus_Data[15]_i_1/O
                         net (fo=1, routed)           0.058     1.795    work_pls_i/usp_rf_data_converter_0/inst/i_axi_lite_ipif_n_69
    SLICE_X113Y91        FDRE                                         r  work_pls_i/usp_rf_data_converter_0/inst/IP2Bus_Data_reg[15]/D
  -------------------------------------------------------------------    -------------------

                         (clock clk_pl_0 rise edge)
                                                      0.000     0.000 r  
    PS8_X0Y0             PS8                          0.000     0.000 r  work_pls_i/zynq_ultra_ps_e_0/U0/PS8_i/PLCLK[0]
                         net (fo=1, routed)           0.157     0.157    work_pls_i/zynq_ultra_ps_e_0/U0/pl_clk_unbuffered[0]
    BUFG_PS_X0Y58        BUFG_PS (Prop_BUFG_PS_I_O)
                                                      0.025     0.182 r  work_pls_i/zynq_ultra_ps_e_0/U0/buffer_pl_clk_0.PL_CLK_0_BUFG/O
    X2Y2 (CLOCK_ROOT)    net (fo=7597, routed)        1.800     1.982    work_pls_i/usp_rf_data_converter_0/inst/s_axi_aclk
    SLICE_X113Y91        FDRE                                         r  work_pls_i/usp_rf_data_converter_0/inst/IP2Bus_Data_reg[15]/C





Min Delay Paths
--------------------------------------------------------------------------------------
Slack:                    inf
  Source:                 work_pls_i/usp_rf_data_converter_0/inst/work_pls_usp_rf_data_converter_0_0_rf_wrapper_i/rx1_u_adc/INTERNAL_FBRC_DIV2_MUX
                            (rising edge-triggered cell HSADC clocked by RFADC1_CLK  {rise@0.000ns fall@5.000ns period=10.000ns})
  Destination:            work_pls_i/usp_rf_data_converter_0/inst/IP2Bus_Data_reg[13]/D
                            (rising edge-triggered cell FDRE clocked by clk_pl_0  {rise@0.000ns fall@5.156ns period=10.312ns})
  Path Group:             (none)
  Path Type:              Hold (Min at Fast Process Corner)
  Data Path Delay:        0.821ns  (logic 0.385ns (46.894%)  route 0.436ns (53.106%))
  Logic Levels:           4  (LUT5=2 LUT6=2)
  Clock Path Skew:        1.416ns (DCD - SCD - CPR)
    Destination Clock Delay (DCD):    1.416ns
    Source Clock Delay      (SCD):    0.000ns
    Clock Pessimism Removal (CPR):    -0.000ns
  Clock Uncertainty:      0.159ns  ((TSJ^2 + DJ^2)^1/2) / 2 + PE
    Total System Jitter     (TSJ):    0.071ns
    Discrete Jitter          (DJ):    0.310ns
    Phase Error              (PE):    0.000ns
  Clock Net Delay (Destination): 1.269ns (routing 0.282ns, distribution 0.987ns)
  Timing Exception:       False Path

    Location             Delay type                Incr(ns)  Path(ns)    Netlist Resource(s)
  -------------------------------------------------------------------    -------------------
                         (clock RFADC1_CLK rise edge)
                                                      0.000     0.000 r  
    HSADC_X0Y1           HSADC                        0.000     0.000 r  work_pls_i/usp_rf_data_converter_0/inst/work_pls_usp_rf_data_converter_0_0_rf_wrapper_i/rx1_u_adc/INTERNAL_FBRC_DIV2_MUX
  -------------------------------------------------------------------    -------------------
    HSADC_X0Y1           HSADC (Prop_HSADC_INTERNAL_FBRC_DIV2_MUX_STATUS_COMMON[13])
                                                      0.241     0.241 r  work_pls_i/usp_rf_data_converter_0/inst/work_pls_usp_rf_data_converter_0_0_rf_wrapper_i/rx1_u_adc/STATUS_COMMON[13]
                         net (fo=1, routed)           0.197     0.438    work_pls_i/usp_rf_data_converter_0/inst/i_axi_lite_ipif/I_SLAVE_ATTACHMENT/I_DECODER/adc1_common_stat[13]
    SLICE_X116Y91        LUT5 (Prop_E6LUT_SLICEL_I4_O)
                                                      0.022     0.460 r  work_pls_i/usp_rf_data_converter_0/inst/i_axi_lite_ipif/I_SLAVE_ATTACHMENT/I_DECODER/IP2Bus_Data[13]_i_28/O
                         net (fo=1, routed)           0.031     0.491    work_pls_i/usp_rf_data_converter_0/inst/i_axi_lite_ipif/I_SLAVE_ATTACHMENT/I_DECODER/IP2Bus_Data[13]_i_28_n_0
    SLICE_X116Y91        LUT5 (Prop_F6LUT_SLICEL_I4_O)
                                                      0.059     0.550 r  work_pls_i/usp_rf_data_converter_0/inst/i_axi_lite_ipif/I_SLAVE_ATTACHMENT/I_DECODER/IP2Bus_Data[13]_i_16/O
                         net (fo=1, routed)           0.022     0.572    work_pls_i/usp_rf_data_converter_0/inst/i_axi_lite_ipif/I_SLAVE_ATTACHMENT/I_DECODER/IP2Bus_Data[13]_i_16_n_0
    SLICE_X116Y91        LUT6 (Prop_G6LUT_SLICEL_I0_O)
                                                      0.022     0.594 f  work_pls_i/usp_rf_data_converter_0/inst/i_axi_lite_ipif/I_SLAVE_ATTACHMENT/I_DECODER/IP2Bus_Data[13]_i_5/O
                         net (fo=1, routed)           0.160     0.754    work_pls_i/usp_rf_data_converter_0/inst/i_axi_lite_ipif/I_SLAVE_ATTACHMENT/I_DECODER/IP2Bus_Data[13]_i_5_n_0
    SLICE_X113Y100       LUT6 (Prop_D6LUT_SLICEM_I3_O)
                                                      0.041     0.795 r  work_pls_i/usp_rf_data_converter_0/inst/i_axi_lite_ipif/I_SLAVE_ATTACHMENT/I_DECODER/IP2Bus_Data[13]_i_1/O
                         net (fo=1, routed)           0.026     0.821    work_pls_i/usp_rf_data_converter_0/inst/i_axi_lite_ipif_n_71
    SLICE_X113Y100       FDRE                                         r  work_pls_i/usp_rf_data_converter_0/inst/IP2Bus_Data_reg[13]/D
  -------------------------------------------------------------------    -------------------

                         (clock clk_pl_0 rise edge)
                                                      0.000     0.000 r  
    PS8_X0Y0             PS8                          0.000     0.000 r  work_pls_i/zynq_ultra_ps_e_0/U0/PS8_i/PLCLK[0]
                         net (fo=1, routed)           0.129     0.129    work_pls_i/zynq_ultra_ps_e_0/U0/pl_clk_unbuffered[0]
    BUFG_PS_X0Y58        BUFG_PS (Prop_BUFG_PS_I_O)
                                                      0.018     0.147 r  work_pls_i/zynq_ultra_ps_e_0/U0/buffer_pl_clk_0.PL_CLK_0_BUFG/O
    X2Y2 (CLOCK_ROOT)    net (fo=7597, routed)        1.269     1.416    work_pls_i/usp_rf_data_converter_0/inst/s_axi_aclk
    SLICE_X113Y100       FDRE                                         r  work_pls_i/usp_rf_data_converter_0/inst/IP2Bus_Data_reg[13]/C

Slack:                    inf
  Source:                 work_pls_i/usp_rf_data_converter_0/inst/work_pls_usp_rf_data_converter_0_0_rf_wrapper_i/rx1_u_adc/INTERNAL_FBRC_DIV2_MUX
                            (rising edge-triggered cell HSADC clocked by RFADC1_CLK  {rise@0.000ns fall@5.000ns period=10.000ns})
  Destination:            work_pls_i/usp_rf_data_converter_0/inst/IP2Bus_Data_reg[15]/D
                            (rising edge-triggered cell FDRE clocked by clk_pl_0  {rise@0.000ns fall@5.156ns period=10.312ns})
  Path Group:             (none)
  Path Type:              Hold (Min at Fast Process Corner)
  Data Path Delay:        0.849ns  (logic 0.369ns (43.463%)  route 0.480ns (56.537%))
  Logic Levels:           4  (LUT5=1 LUT6=3)
  Clock Path Skew:        1.398ns (DCD - SCD - CPR)
    Destination Clock Delay (DCD):    1.398ns
    Source Clock Delay      (SCD):    0.000ns
    Clock Pessimism Removal (CPR):    -0.000ns
  Clock Uncertainty:      0.159ns  ((TSJ^2 + DJ^2)^1/2) / 2 + PE
    Total System Jitter     (TSJ):    0.071ns
    Discrete Jitter          (DJ):    0.310ns
    Phase Error              (PE):    0.000ns
  Clock Net Delay (Destination): 1.251ns (routing 0.282ns, distribution 0.969ns)
  Timing Exception:       False Path

    Location             Delay type                Incr(ns)  Path(ns)    Netlist Resource(s)
  -------------------------------------------------------------------    -------------------
                         (clock RFADC1_CLK rise edge)
                                                      0.000     0.000 r  
    HSADC_X0Y1           HSADC                        0.000     0.000 r  work_pls_i/usp_rf_data_converter_0/inst/work_pls_usp_rf_data_converter_0_0_rf_wrapper_i/rx1_u_adc/INTERNAL_FBRC_DIV2_MUX
  -------------------------------------------------------------------    -------------------
    HSADC_X0Y1           HSADC (Prop_HSADC_INTERNAL_FBRC_DIV2_MUX_STATUS_COMMON[15])
                                                      0.250     0.250 r  work_pls_i/usp_rf_data_converter_0/inst/work_pls_usp_rf_data_converter_0_0_rf_wrapper_i/rx1_u_adc/STATUS_COMMON[15]
                         net (fo=1, routed)           0.244     0.494    work_pls_i/usp_rf_data_converter_0/inst/i_axi_lite_ipif/I_SLAVE_ATTACHMENT/I_DECODER/adc1_common_stat[15]
    SLICE_X114Y89        LUT5 (Prop_F6LUT_SLICEL_I4_O)
                                                      0.022     0.516 r  work_pls_i/usp_rf_data_converter_0/inst/i_axi_lite_ipif/I_SLAVE_ATTACHMENT/I_DECODER/IP2Bus_Data[15]_i_51/O
                         net (fo=1, routed)           0.051     0.567    work_pls_i/usp_rf_data_converter_0/inst/i_axi_lite_ipif/I_SLAVE_ATTACHMENT/I_DECODER/IP2Bus_Data[15]_i_51_n_0
    SLICE_X115Y89        LUT6 (Prop_H6LUT_SLICEM_I4_O)
                                                      0.023     0.590 r  work_pls_i/usp_rf_data_converter_0/inst/i_axi_lite_ipif/I_SLAVE_ATTACHMENT/I_DECODER/IP2Bus_Data[15]_i_18/O
                         net (fo=1, routed)           0.062     0.652    work_pls_i/usp_rf_data_converter_0/inst/i_axi_lite_ipif/I_SLAVE_ATTACHMENT/I_DECODER/IP2Bus_Data[15]_i_18_n_0
    SLICE_X115Y91        LUT6 (Prop_H6LUT_SLICEM_I4_O)
                                                      0.023     0.675 f  work_pls_i/usp_rf_data_converter_0/inst/i_axi_lite_ipif/I_SLAVE_ATTACHMENT/I_DECODER/IP2Bus_Data[15]_i_4/O
                         net (fo=1, routed)           0.102     0.777    work_pls_i/usp_rf_data_converter_0/inst/i_axi_lite_ipif/I_SLAVE_ATTACHMENT/I_DECODER/IP2Bus_Data[15]_i_4_n_0
    SLICE_X113Y91        LUT6 (Prop_H6LUT_SLICEM_I2_O)
                                                      0.051     0.828 r  work_pls_i/usp_rf_data_converter_0/inst/i_axi_lite_ipif/I_SLAVE_ATTACHMENT/I_DECODER/IP2Bus_Data[15]_i_1/O
                         net (fo=1, routed)           0.021     0.849    work_pls_i/usp_rf_data_converter_0/inst/i_axi_lite_ipif_n_69
    SLICE_X113Y91        FDRE                                         r  work_pls_i/usp_rf_data_converter_0/inst/IP2Bus_Data_reg[15]/D
  -------------------------------------------------------------------    -------------------

                         (clock clk_pl_0 rise edge)
                                                      0.000     0.000 r  
    PS8_X0Y0             PS8                          0.000     0.000 r  work_pls_i/zynq_ultra_ps_e_0/U0/PS8_i/PLCLK[0]
                         net (fo=1, routed)           0.129     0.129    work_pls_i/zynq_ultra_ps_e_0/U0/pl_clk_unbuffered[0]
    BUFG_PS_X0Y58        BUFG_PS (Prop_BUFG_PS_I_O)
                                                      0.018     0.147 r  work_pls_i/zynq_ultra_ps_e_0/U0/buffer_pl_clk_0.PL_CLK_0_BUFG/O
    X2Y2 (CLOCK_ROOT)    net (fo=7597, routed)        1.251     1.398    work_pls_i/usp_rf_data_converter_0/inst/s_axi_aclk
    SLICE_X113Y91        FDRE                                         r  work_pls_i/usp_rf_data_converter_0/inst/IP2Bus_Data_reg[15]/C

Slack:                    inf
  Source:                 work_pls_i/usp_rf_data_converter_0/inst/work_pls_usp_rf_data_converter_0_0_rf_wrapper_i/rx1_u_adc/INTERNAL_FBRC_DIV2_MUX
                            (rising edge-triggered cell HSADC clocked by RFADC1_CLK  {rise@0.000ns fall@5.000ns period=10.000ns})
  Destination:            work_pls_i/usp_rf_data_converter_0/inst/IP2Bus_Data_reg[14]/D
                            (rising edge-triggered cell FDRE clocked by clk_pl_0  {rise@0.000ns fall@5.156ns period=10.312ns})
  Path Group:             (none)
  Path Type:              Hold (Min at Fast Process Corner)
  Data Path Delay:        0.897ns  (logic 0.426ns (47.492%)  route 0.471ns (52.508%))
  Logic Levels:           4  (LUT5=2 LUT6=2)
  Clock Path Skew:        1.395ns (DCD - SCD - CPR)
    Destination Clock Delay (DCD):    1.395ns
    Source Clock Delay      (SCD):    0.000ns
    Clock Pessimism Removal (CPR):    -0.000ns
  Clock Uncertainty:      0.159ns  ((TSJ^2 + DJ^2)^1/2) / 2 + PE
    Total System Jitter     (TSJ):    0.071ns
    Discrete Jitter          (DJ):    0.310ns
    Phase Error              (PE):    0.000ns
  Clock Net Delay (Destination): 1.248ns (routing 0.282ns, distribution 0.966ns)
  Timing Exception:       False Path

    Location             Delay type                Incr(ns)  Path(ns)    Netlist Resource(s)
  -------------------------------------------------------------------    -------------------
                         (clock RFADC1_CLK rise edge)
                                                      0.000     0.000 r  
    HSADC_X0Y1           HSADC                        0.000     0.000 r  work_pls_i/usp_rf_data_converter_0/inst/work_pls_usp_rf_data_converter_0_0_rf_wrapper_i/rx1_u_adc/INTERNAL_FBRC_DIV2_MUX
  -------------------------------------------------------------------    -------------------
    HSADC_X0Y1           HSADC (Prop_HSADC_INTERNAL_FBRC_DIV2_MUX_STATUS_COMMON[14])
                                                      0.285     0.285 r  work_pls_i/usp_rf_data_converter_0/inst/work_pls_usp_rf_data_converter_0_0_rf_wrapper_i/rx1_u_adc/STATUS_COMMON[14]
                         net (fo=1, routed)           0.258     0.543    work_pls_i/usp_rf_data_converter_0/inst/i_axi_lite_ipif/I_SLAVE_ATTACHMENT/I_DECODER/adc1_common_stat[14]
    SLICE_X116Y90        LUT5 (Prop_F6LUT_SLICEL_I4_O)
                                                      0.035     0.578 r  work_pls_i/usp_rf_data_converter_0/inst/i_axi_lite_ipif/I_SLAVE_ATTACHMENT/I_DECODER/IP2Bus_Data[14]_i_46/O
                         net (fo=1, routed)           0.074     0.652    work_pls_i/usp_rf_data_converter_0/inst/i_axi_lite_ipif/I_SLAVE_ATTACHMENT/I_DECODER/IP2Bus_Data[14]_i_46_n_0
    SLICE_X116Y90        LUT5 (Prop_C6LUT_SLICEL_I1_O)
                                                      0.050     0.702 f  work_pls_i/usp_rf_data_converter_0/inst/i_axi_lite_ipif/I_SLAVE_ATTACHMENT/I_DECODER/IP2Bus_Data[14]_i_22/O
                         net (fo=1, routed)           0.070     0.772    work_pls_i/usp_rf_data_converter_0/inst/i_axi_lite_ipif/I_SLAVE_ATTACHMENT/I_DECODER/IP2Bus_Data[14]_i_22_n_0
    SLICE_X116Y90        LUT6 (Prop_H6LUT_SLICEL_I4_O)
                                                      0.015     0.787 f  work_pls_i/usp_rf_data_converter_0/inst/i_axi_lite_ipif/I_SLAVE_ATTACHMENT/I_DECODER/IP2Bus_Data[14]_i_5/O
                         net (fo=1, routed)           0.053     0.840    work_pls_i/usp_rf_data_converter_0/inst/i_axi_lite_ipif/I_SLAVE_ATTACHMENT/I_DECODER/IP2Bus_Data[14]_i_5_n_0
    SLICE_X114Y91        LUT6 (Prop_D6LUT_SLICEL_I3_O)
                                                      0.041     0.881 r  work_pls_i/usp_rf_data_converter_0/inst/i_axi_lite_ipif/I_SLAVE_ATTACHMENT/I_DECODER/IP2Bus_Data[14]_i_1/O
                         net (fo=1, routed)           0.016     0.897    work_pls_i/usp_rf_data_converter_0/inst/i_axi_lite_ipif_n_70
    SLICE_X114Y91        FDRE                                         r  work_pls_i/usp_rf_data_converter_0/inst/IP2Bus_Data_reg[14]/D
  -------------------------------------------------------------------    -------------------

                         (clock clk_pl_0 rise edge)
                                                      0.000     0.000 r  
    PS8_X0Y0             PS8                          0.000     0.000 r  work_pls_i/zynq_ultra_ps_e_0/U0/PS8_i/PLCLK[0]
                         net (fo=1, routed)           0.129     0.129    work_pls_i/zynq_ultra_ps_e_0/U0/pl_clk_unbuffered[0]
    BUFG_PS_X0Y58        BUFG_PS (Prop_BUFG_PS_I_O)
                                                      0.018     0.147 r  work_pls_i/zynq_ultra_ps_e_0/U0/buffer_pl_clk_0.PL_CLK_0_BUFG/O
    X2Y2 (CLOCK_ROOT)    net (fo=7597, routed)        1.248     1.395    work_pls_i/usp_rf_data_converter_0/inst/s_axi_aclk
    SLICE_X114Y91        FDRE                                         r  work_pls_i/usp_rf_data_converter_0/inst/IP2Bus_Data_reg[14]/C

Slack:                    inf
  Source:                 work_pls_i/usp_rf_data_converter_0/inst/work_pls_usp_rf_data_converter_0_0_rf_wrapper_i/rx1_u_adc/INTERNAL_FBRC_DIV2_MUX
                            (rising edge-triggered cell HSADC clocked by RFADC1_CLK  {rise@0.000ns fall@5.000ns period=10.000ns})
  Destination:            work_pls_i/usp_rf_data_converter_0/inst/IP2Bus_Data_reg[10]/D
                            (rising edge-triggered cell FDRE clocked by clk_pl_0  {rise@0.000ns fall@5.156ns period=10.312ns})
  Path Group:             (none)
  Path Type:              Hold (Min at Fast Process Corner)
  Data Path Delay:        1.029ns  (logic 0.344ns (33.431%)  route 0.685ns (66.569%))
  Logic Levels:           5  (LUT4=1 LUT5=2 LUT6=2)
  Clock Path Skew:        1.403ns (DCD - SCD - CPR)
    Destination Clock Delay (DCD):    1.403ns
    Source Clock Delay      (SCD):    0.000ns
    Clock Pessimism Removal (CPR):    -0.000ns
  Clock Uncertainty:      0.159ns  ((TSJ^2 + DJ^2)^1/2) / 2 + PE
    Total System Jitter     (TSJ):    0.071ns
    Discrete Jitter          (DJ):    0.310ns
    Phase Error              (PE):    0.000ns
  Clock Net Delay (Destination): 1.256ns (routing 0.282ns, distribution 0.974ns)
  Timing Exception:       False Path

    Location             Delay type                Incr(ns)  Path(ns)    Netlist Resource(s)
  -------------------------------------------------------------------    -------------------
                         (clock RFADC1_CLK rise edge)
                                                      0.000     0.000 r  
    HSADC_X0Y1           HSADC                        0.000     0.000 r  work_pls_i/usp_rf_data_converter_0/inst/work_pls_usp_rf_data_converter_0_0_rf_wrapper_i/rx1_u_adc/INTERNAL_FBRC_DIV2_MUX
  -------------------------------------------------------------------    -------------------
    HSADC_X0Y1           HSADC (Prop_HSADC_INTERNAL_FBRC_DIV2_MUX_STATUS_COMMON[10])
                                                      0.227     0.227 r  work_pls_i/usp_rf_data_converter_0/inst/work_pls_usp_rf_data_converter_0_0_rf_wrapper_i/rx1_u_adc/STATUS_COMMON[10]
                         net (fo=1, routed)           0.265     0.492    work_pls_i/usp_rf_data_converter_0/inst/i_axi_lite_ipif/I_SLAVE_ATTACHMENT/I_DECODER/adc1_common_stat[10]
    SLICE_X116Y84        LUT4 (Prop_B6LUT_SLICEL_I0_O)
                                                      0.036     0.528 f  work_pls_i/usp_rf_data_converter_0/inst/i_axi_lite_ipif/I_SLAVE_ATTACHMENT/I_DECODER/IP2Bus_Data[10]_i_38/O
                         net (fo=1, routed)           0.044     0.572    work_pls_i/usp_rf_data_converter_0/inst/i_axi_lite_ipif/I_SLAVE_ATTACHMENT/I_DECODER/IP2Bus_Data[10]_i_38_n_0
    SLICE_X116Y84        LUT5 (Prop_D6LUT_SLICEL_I3_O)
                                                      0.022     0.594 f  work_pls_i/usp_rf_data_converter_0/inst/i_axi_lite_ipif/I_SLAVE_ATTACHMENT/I_DECODER/IP2Bus_Data[10]_i_29/O
                         net (fo=1, routed)           0.146     0.740    work_pls_i/usp_rf_data_converter_0/inst/i_axi_lite_ipif/I_SLAVE_ATTACHMENT/I_DECODER/IP2Bus_Data[10]_i_29_n_0
    SLICE_X115Y93        LUT5 (Prop_G6LUT_SLICEM_I1_O)
                                                      0.022     0.762 f  work_pls_i/usp_rf_data_converter_0/inst/i_axi_lite_ipif/I_SLAVE_ATTACHMENT/I_DECODER/IP2Bus_Data[10]_i_16/O
                         net (fo=1, routed)           0.051     0.813    work_pls_i/usp_rf_data_converter_0/inst/i_axi_lite_ipif/I_SLAVE_ATTACHMENT/I_DECODER/IP2Bus_Data[10]_i_16_n_0
    SLICE_X115Y94        LUT6 (Prop_H6LUT_SLICEM_I5_O)
                                                      0.023     0.836 f  work_pls_i/usp_rf_data_converter_0/inst/i_axi_lite_ipif/I_SLAVE_ATTACHMENT/I_DECODER/IP2Bus_Data[10]_i_5/O
                         net (fo=1, routed)           0.153     0.989    work_pls_i/usp_rf_data_converter_0/inst/i_axi_lite_ipif/I_SLAVE_ATTACHMENT/I_DECODER/IP2Bus_Data[10]_i_5_n_0
    SLICE_X112Y103       LUT6 (Prop_D6LUT_SLICEM_I4_O)
                                                      0.014     1.003 r  work_pls_i/usp_rf_data_converter_0/inst/i_axi_lite_ipif/I_SLAVE_ATTACHMENT/I_DECODER/IP2Bus_Data[10]_i_1/O
                         net (fo=1, routed)           0.026     1.029    work_pls_i/usp_rf_data_converter_0/inst/i_axi_lite_ipif_n_74
    SLICE_X112Y103       FDRE                                         r  work_pls_i/usp_rf_data_converter_0/inst/IP2Bus_Data_reg[10]/D
  -------------------------------------------------------------------    -------------------

                         (clock clk_pl_0 rise edge)
                                                      0.000     0.000 r  
    PS8_X0Y0             PS8                          0.000     0.000 r  work_pls_i/zynq_ultra_ps_e_0/U0/PS8_i/PLCLK[0]
                         net (fo=1, routed)           0.129     0.129    work_pls_i/zynq_ultra_ps_e_0/U0/pl_clk_unbuffered[0]
    BUFG_PS_X0Y58        BUFG_PS (Prop_BUFG_PS_I_O)
                                                      0.018     0.147 r  work_pls_i/zynq_ultra_ps_e_0/U0/buffer_pl_clk_0.PL_CLK_0_BUFG/O
    X2Y2 (CLOCK_ROOT)    net (fo=7597, routed)        1.256     1.403    work_pls_i/usp_rf_data_converter_0/inst/s_axi_aclk
    SLICE_X112Y103       FDRE                                         r  work_pls_i/usp_rf_data_converter_0/inst/IP2Bus_Data_reg[10]/C

Slack:                    inf
  Source:                 work_pls_i/usp_rf_data_converter_0/inst/work_pls_usp_rf_data_converter_0_0_rf_wrapper_i/rx1_u_adc/INTERNAL_FBRC_DIV2_MUX
                            (rising edge-triggered cell HSADC clocked by RFADC1_CLK  {rise@0.000ns fall@5.000ns period=10.000ns})
  Destination:            work_pls_i/usp_rf_data_converter_0/inst/IP2Bus_Data_reg[12]/D
                            (rising edge-triggered cell FDRE clocked by clk_pl_0  {rise@0.000ns fall@5.156ns period=10.312ns})
  Path Group:             (none)
  Path Type:              Hold (Min at Fast Process Corner)
  Data Path Delay:        1.067ns  (logic 0.389ns (36.457%)  route 0.678ns (63.543%))
  Logic Levels:           4  (LUT5=1 LUT6=3)
  Clock Path Skew:        1.415ns (DCD - SCD - CPR)
    Destination Clock Delay (DCD):    1.415ns
    Source Clock Delay      (SCD):    0.000ns
    Clock Pessimism Removal (CPR):    -0.000ns
  Clock Uncertainty:      0.159ns  ((TSJ^2 + DJ^2)^1/2) / 2 + PE
    Total System Jitter     (TSJ):    0.071ns
    Discrete Jitter          (DJ):    0.310ns
    Phase Error              (PE):    0.000ns
  Clock Net Delay (Destination): 1.268ns (routing 0.282ns, distribution 0.986ns)
  Timing Exception:       False Path

    Location             Delay type                Incr(ns)  Path(ns)    Netlist Resource(s)
  -------------------------------------------------------------------    -------------------
                         (clock RFADC1_CLK rise edge)
                                                      0.000     0.000 r  
    HSADC_X0Y1           HSADC                        0.000     0.000 r  work_pls_i/usp_rf_data_converter_0/inst/work_pls_usp_rf_data_converter_0_0_rf_wrapper_i/rx1_u_adc/INTERNAL_FBRC_DIV2_MUX
  -------------------------------------------------------------------    -------------------
    HSADC_X0Y1           HSADC (Prop_HSADC_INTERNAL_FBRC_DIV2_MUX_STATUS_COMMON[12])
                                                      0.274     0.274 r  work_pls_i/usp_rf_data_converter_0/inst/work_pls_usp_rf_data_converter_0_0_rf_wrapper_i/rx1_u_adc/STATUS_COMMON[12]
                         net (fo=1, routed)           0.290     0.564    work_pls_i/usp_rf_data_converter_0/inst/i_axi_lite_ipif/I_SLAVE_ATTACHMENT/I_DECODER/adc1_common_stat[12]
    SLICE_X116Y85        LUT5 (Prop_D6LUT_SLICEL_I3_O)
                                                      0.035     0.599 f  work_pls_i/usp_rf_data_converter_0/inst/i_axi_lite_ipif/I_SLAVE_ATTACHMENT/I_DECODER/IP2Bus_Data[12]_i_45/O
                         net (fo=1, routed)           0.045     0.644    work_pls_i/usp_rf_data_converter_0/inst/i_axi_lite_ipif/I_SLAVE_ATTACHMENT/I_DECODER/IP2Bus_Data[12]_i_45_n_0
    SLICE_X115Y85        LUT6 (Prop_H6LUT_SLICEM_I5_O)
                                                      0.035     0.679 r  work_pls_i/usp_rf_data_converter_0/inst/i_axi_lite_ipif/I_SLAVE_ATTACHMENT/I_DECODER/IP2Bus_Data[12]_i_21/O
                         net (fo=1, routed)           0.150     0.829    work_pls_i/usp_rf_data_converter_0/inst/i_axi_lite_ipif/I_SLAVE_ATTACHMENT/I_DECODER/IP2Bus_Data[12]_i_21_n_0
    SLICE_X113Y91        LUT6 (Prop_D6LUT_SLICEM_I5_O)
                                                      0.022     0.851 r  work_pls_i/usp_rf_data_converter_0/inst/i_axi_lite_ipif/I_SLAVE_ATTACHMENT/I_DECODER/IP2Bus_Data[12]_i_6/O
                         net (fo=1, routed)           0.172     1.023    work_pls_i/usp_rf_data_converter_0/inst/i_axi_lite_ipif/I_SLAVE_ATTACHMENT/I_DECODER/IP2Bus_Data[12]_i_6_n_0
    SLICE_X113Y103       LUT6 (Prop_H6LUT_SLICEM_I4_O)
                                                      0.023     1.046 r  work_pls_i/usp_rf_data_converter_0/inst/i_axi_lite_ipif/I_SLAVE_ATTACHMENT/I_DECODER/IP2Bus_Data[12]_i_1/O
                         net (fo=1, routed)           0.021     1.067    work_pls_i/usp_rf_data_converter_0/inst/i_axi_lite_ipif_n_72
    SLICE_X113Y103       FDRE                                         r  work_pls_i/usp_rf_data_converter_0/inst/IP2Bus_Data_reg[12]/D
  -------------------------------------------------------------------    -------------------

                         (clock clk_pl_0 rise edge)
                                                      0.000     0.000 r  
    PS8_X0Y0             PS8                          0.000     0.000 r  work_pls_i/zynq_ultra_ps_e_0/U0/PS8_i/PLCLK[0]
                         net (fo=1, routed)           0.129     0.129    work_pls_i/zynq_ultra_ps_e_0/U0/pl_clk_unbuffered[0]
    BUFG_PS_X0Y58        BUFG_PS (Prop_BUFG_PS_I_O)
                                                      0.018     0.147 r  work_pls_i/zynq_ultra_ps_e_0/U0/buffer_pl_clk_0.PL_CLK_0_BUFG/O
    X2Y2 (CLOCK_ROOT)    net (fo=7597, routed)        1.268     1.415    work_pls_i/usp_rf_data_converter_0/inst/s_axi_aclk
    SLICE_X113Y103       FDRE                                         r  work_pls_i/usp_rf_data_converter_0/inst/IP2Bus_Data_reg[12]/C

Slack:                    inf
  Source:                 work_pls_i/usp_rf_data_converter_0/inst/work_pls_usp_rf_data_converter_0_0_rf_wrapper_i/rx1_u_adc/INTERNAL_FBRC_DIV2_MUX
                            (rising edge-triggered cell HSADC clocked by RFADC1_CLK  {rise@0.000ns fall@5.000ns period=10.000ns})
  Destination:            work_pls_i/usp_rf_data_converter_0/inst/IP2Bus_Data_reg[11]/D
                            (rising edge-triggered cell FDRE clocked by clk_pl_0  {rise@0.000ns fall@5.156ns period=10.312ns})
  Path Group:             (none)
  Path Type:              Hold (Min at Fast Process Corner)
  Data Path Delay:        1.122ns  (logic 0.435ns (38.770%)  route 0.687ns (61.230%))
  Logic Levels:           5  (LUT4=1 LUT5=2 LUT6=2)
  Clock Path Skew:        1.407ns (DCD - SCD - CPR)
    Destination Clock Delay (DCD):    1.407ns
    Source Clock Delay      (SCD):    0.000ns
    Clock Pessimism Removal (CPR):    -0.000ns
  Clock Uncertainty:      0.159ns  ((TSJ^2 + DJ^2)^1/2) / 2 + PE
    Total System Jitter     (TSJ):    0.071ns
    Discrete Jitter          (DJ):    0.310ns
    Phase Error              (PE):    0.000ns
  Clock Net Delay (Destination): 1.260ns (routing 0.282ns, distribution 0.978ns)
  Timing Exception:       False Path

    Location             Delay type                Incr(ns)  Path(ns)    Netlist Resource(s)
  -------------------------------------------------------------------    -------------------
                         (clock RFADC1_CLK rise edge)
                                                      0.000     0.000 r  
    HSADC_X0Y1           HSADC                        0.000     0.000 r  work_pls_i/usp_rf_data_converter_0/inst/work_pls_usp_rf_data_converter_0_0_rf_wrapper_i/rx1_u_adc/INTERNAL_FBRC_DIV2_MUX
  -------------------------------------------------------------------    -------------------
    HSADC_X0Y1           HSADC (Prop_HSADC_INTERNAL_FBRC_DIV2_MUX_STATUS_COMMON[11])
                                                      0.265     0.265 r  work_pls_i/usp_rf_data_converter_0/inst/work_pls_usp_rf_data_converter_0_0_rf_wrapper_i/rx1_u_adc/STATUS_COMMON[11]
                         net (fo=1, routed)           0.248     0.513    work_pls_i/usp_rf_data_converter_0/inst/i_axi_lite_ipif/I_SLAVE_ATTACHMENT/I_DECODER/adc1_common_stat[11]
    SLICE_X117Y85        LUT4 (Prop_C6LUT_SLICEL_I0_O)
                                                      0.050     0.563 f  work_pls_i/usp_rf_data_converter_0/inst/i_axi_lite_ipif/I_SLAVE_ATTACHMENT/I_DECODER/IP2Bus_Data[11]_i_45/O
                         net (fo=1, routed)           0.022     0.585    work_pls_i/usp_rf_data_converter_0/inst/i_axi_lite_ipif/I_SLAVE_ATTACHMENT/I_DECODER/IP2Bus_Data[11]_i_45_n_0
    SLICE_X117Y85        LUT5 (Prop_D6LUT_SLICEL_I3_O)
                                                      0.014     0.599 f  work_pls_i/usp_rf_data_converter_0/inst/i_axi_lite_ipif/I_SLAVE_ATTACHMENT/I_DECODER/IP2Bus_Data[11]_i_34/O
                         net (fo=1, routed)           0.168     0.767    work_pls_i/usp_rf_data_converter_0/inst/i_axi_lite_ipif/I_SLAVE_ATTACHMENT/I_DECODER/IP2Bus_Data[11]_i_34_n_0
    SLICE_X116Y92        LUT5 (Prop_H6LUT_SLICEL_I1_O)
                                                      0.023     0.790 f  work_pls_i/usp_rf_data_converter_0/inst/i_axi_lite_ipif/I_SLAVE_ATTACHMENT/I_DECODER/IP2Bus_Data[11]_i_19/O
                         net (fo=1, routed)           0.079     0.869    work_pls_i/usp_rf_data_converter_0/inst/i_axi_lite_ipif/I_SLAVE_ATTACHMENT/I_DECODER/IP2Bus_Data[11]_i_19_n_0
    SLICE_X115Y95        LUT6 (Prop_G6LUT_SLICEM_I5_O)
                                                      0.060     0.929 f  work_pls_i/usp_rf_data_converter_0/inst/i_axi_lite_ipif/I_SLAVE_ATTACHMENT/I_DECODER/IP2Bus_Data[11]_i_5/O
                         net (fo=1, routed)           0.149     1.078    work_pls_i/usp_rf_data_converter_0/inst/i_axi_lite_ipif/I_SLAVE_ATTACHMENT/I_DECODER/IP2Bus_Data[11]_i_5_n_0
    SLICE_X113Y105       LUT6 (Prop_H6LUT_SLICEM_I4_O)
                                                      0.023     1.101 r  work_pls_i/usp_rf_data_converter_0/inst/i_axi_lite_ipif/I_SLAVE_ATTACHMENT/I_DECODER/IP2Bus_Data[11]_i_1/O
                         net (fo=1, routed)           0.021     1.122    work_pls_i/usp_rf_data_converter_0/inst/i_axi_lite_ipif_n_73
    SLICE_X113Y105       FDRE                                         r  work_pls_i/usp_rf_data_converter_0/inst/IP2Bus_Data_reg[11]/D
  -------------------------------------------------------------------    -------------------

                         (clock clk_pl_0 rise edge)
                                                      0.000     0.000 r  
    PS8_X0Y0             PS8                          0.000     0.000 r  work_pls_i/zynq_ultra_ps_e_0/U0/PS8_i/PLCLK[0]
                         net (fo=1, routed)           0.129     0.129    work_pls_i/zynq_ultra_ps_e_0/U0/pl_clk_unbuffered[0]
    BUFG_PS_X0Y58        BUFG_PS (Prop_BUFG_PS_I_O)
                                                      0.018     0.147 r  work_pls_i/zynq_ultra_ps_e_0/U0/buffer_pl_clk_0.PL_CLK_0_BUFG/O
    X2Y2 (CLOCK_ROOT)    net (fo=7597, routed)        1.260     1.407    work_pls_i/usp_rf_data_converter_0/inst/s_axi_aclk
    SLICE_X113Y105       FDRE                                         r  work_pls_i/usp_rf_data_converter_0/inst/IP2Bus_Data_reg[11]/C

Slack:                    inf
  Source:                 work_pls_i/usp_rf_data_converter_0/inst/work_pls_usp_rf_data_converter_0_0_rf_wrapper_i/rx1_u_adc/INTERNAL_FBRC_DIV2_MUX
                            (rising edge-triggered cell HSADC clocked by RFADC1_CLK  {rise@0.000ns fall@5.000ns period=10.000ns})
  Destination:            work_pls_i/usp_rf_data_converter_0/inst/IP2Bus_Data_reg[9]/D
                            (rising edge-triggered cell FDRE clocked by clk_pl_0  {rise@0.000ns fall@5.156ns period=10.312ns})
  Path Group:             (none)
  Path Type:              Hold (Min at Fast Process Corner)
  Data Path Delay:        1.128ns  (logic 0.446ns (39.539%)  route 0.682ns (60.461%))
  Logic Levels:           5  (LUT4=1 LUT5=2 LUT6=2)
  Clock Path Skew:        1.418ns (DCD - SCD - CPR)
    Destination Clock Delay (DCD):    1.418ns
    Source Clock Delay      (SCD):    0.000ns
    Clock Pessimism Removal (CPR):    -0.000ns
  Clock Uncertainty:      0.159ns  ((TSJ^2 + DJ^2)^1/2) / 2 + PE
    Total System Jitter     (TSJ):    0.071ns
    Discrete Jitter          (DJ):    0.310ns
    Phase Error              (PE):    0.000ns
  Clock Net Delay (Destination): 1.271ns (routing 0.282ns, distribution 0.989ns)
  Timing Exception:       False Path

    Location             Delay type                Incr(ns)  Path(ns)    Netlist Resource(s)
  -------------------------------------------------------------------    -------------------
                         (clock RFADC1_CLK rise edge)
                                                      0.000     0.000 r  
    HSADC_X0Y1           HSADC                        0.000     0.000 r  work_pls_i/usp_rf_data_converter_0/inst/work_pls_usp_rf_data_converter_0_0_rf_wrapper_i/rx1_u_adc/INTERNAL_FBRC_DIV2_MUX
  -------------------------------------------------------------------    -------------------
    HSADC_X0Y1           HSADC (Prop_HSADC_INTERNAL_FBRC_DIV2_MUX_STATUS_COMMON[9])
                                                      0.228     0.228 r  work_pls_i/usp_rf_data_converter_0/inst/work_pls_usp_rf_data_converter_0_0_rf_wrapper_i/rx1_u_adc/STATUS_COMMON[9]
                         net (fo=1, routed)           0.240     0.468    work_pls_i/usp_rf_data_converter_0/inst/i_axi_lite_ipif/I_SLAVE_ATTACHMENT/I_DECODER/adc1_common_stat[9]
    SLICE_X117Y85        LUT4 (Prop_B6LUT_SLICEL_I0_O)
                                                      0.060     0.528 f  work_pls_i/usp_rf_data_converter_0/inst/i_axi_lite_ipif/I_SLAVE_ATTACHMENT/I_DECODER/IP2Bus_Data[9]_i_38/O
                         net (fo=1, routed)           0.025     0.553    work_pls_i/usp_rf_data_converter_0/inst/i_axi_lite_ipif/I_SLAVE_ATTACHMENT/I_DECODER/IP2Bus_Data[9]_i_38_n_0
    SLICE_X117Y85        LUT5 (Prop_H6LUT_SLICEL_I3_O)
                                                      0.041     0.594 f  work_pls_i/usp_rf_data_converter_0/inst/i_axi_lite_ipif/I_SLAVE_ATTACHMENT/I_DECODER/IP2Bus_Data[9]_i_29/O
                         net (fo=1, routed)           0.147     0.741    work_pls_i/usp_rf_data_converter_0/inst/i_axi_lite_ipif/I_SLAVE_ATTACHMENT/I_DECODER/IP2Bus_Data[9]_i_29_n_0
    SLICE_X116Y92        LUT5 (Prop_G6LUT_SLICEL_I1_O)
                                                      0.060     0.801 f  work_pls_i/usp_rf_data_converter_0/inst/i_axi_lite_ipif/I_SLAVE_ATTACHMENT/I_DECODER/IP2Bus_Data[9]_i_18/O
                         net (fo=1, routed)           0.096     0.897    work_pls_i/usp_rf_data_converter_0/inst/i_axi_lite_ipif/I_SLAVE_ATTACHMENT/I_DECODER/IP2Bus_Data[9]_i_18_n_0
    SLICE_X115Y96        LUT6 (Prop_G6LUT_SLICEM_I5_O)
                                                      0.035     0.932 f  work_pls_i/usp_rf_data_converter_0/inst/i_axi_lite_ipif/I_SLAVE_ATTACHMENT/I_DECODER/IP2Bus_Data[9]_i_5/O
                         net (fo=1, routed)           0.150     1.082    work_pls_i/usp_rf_data_converter_0/inst/i_axi_lite_ipif/I_SLAVE_ATTACHMENT/I_DECODER/IP2Bus_Data[9]_i_5_n_0
    SLICE_X113Y104       LUT6 (Prop_C6LUT_SLICEM_I4_O)
                                                      0.022     1.104 r  work_pls_i/usp_rf_data_converter_0/inst/i_axi_lite_ipif/I_SLAVE_ATTACHMENT/I_DECODER/IP2Bus_Data[9]_i_1/O
                         net (fo=1, routed)           0.024     1.128    work_pls_i/usp_rf_data_converter_0/inst/i_axi_lite_ipif_n_75
    SLICE_X113Y104       FDRE                                         r  work_pls_i/usp_rf_data_converter_0/inst/IP2Bus_Data_reg[9]/D
  -------------------------------------------------------------------    -------------------

                         (clock clk_pl_0 rise edge)
                                                      0.000     0.000 r  
    PS8_X0Y0             PS8                          0.000     0.000 r  work_pls_i/zynq_ultra_ps_e_0/U0/PS8_i/PLCLK[0]
                         net (fo=1, routed)           0.129     0.129    work_pls_i/zynq_ultra_ps_e_0/U0/pl_clk_unbuffered[0]
    BUFG_PS_X0Y58        BUFG_PS (Prop_BUFG_PS_I_O)
                                                      0.018     0.147 r  work_pls_i/zynq_ultra_ps_e_0/U0/buffer_pl_clk_0.PL_CLK_0_BUFG/O
    X2Y2 (CLOCK_ROOT)    net (fo=7597, routed)        1.271     1.418    work_pls_i/usp_rf_data_converter_0/inst/s_axi_aclk
    SLICE_X113Y104       FDRE                                         r  work_pls_i/usp_rf_data_converter_0/inst/IP2Bus_Data_reg[9]/C

Slack:                    inf
  Source:                 work_pls_i/usp_rf_data_converter_0/inst/work_pls_usp_rf_data_converter_0_0_rf_wrapper_i/rx1_u_adc/INTERNAL_FBRC_DIV2_MUX
                            (rising edge-triggered cell HSADC clocked by RFADC1_CLK  {rise@0.000ns fall@5.000ns period=10.000ns})
  Destination:            work_pls_i/usp_rf_data_converter_0/inst/IP2Bus_Data_reg[8]/D
                            (rising edge-triggered cell FDRE clocked by clk_pl_0  {rise@0.000ns fall@5.156ns period=10.312ns})
  Path Group:             (none)
  Path Type:              Hold (Min at Fast Process Corner)
  Data Path Delay:        1.168ns  (logic 0.449ns (38.442%)  route 0.719ns (61.558%))
  Logic Levels:           5  (LUT4=1 LUT5=2 LUT6=2)
  Clock Path Skew:        1.411ns (DCD - SCD - CPR)
    Destination Clock Delay (DCD):    1.411ns
    Source Clock Delay      (SCD):    0.000ns
    Clock Pessimism Removal (CPR):    -0.000ns
  Clock Uncertainty:      0.159ns  ((TSJ^2 + DJ^2)^1/2) / 2 + PE
    Total System Jitter     (TSJ):    0.071ns
    Discrete Jitter          (DJ):    0.310ns
    Phase Error              (PE):    0.000ns
  Clock Net Delay (Destination): 1.264ns (routing 0.282ns, distribution 0.982ns)
  Timing Exception:       False Path

    Location             Delay type                Incr(ns)  Path(ns)    Netlist Resource(s)
  -------------------------------------------------------------------    -------------------
                         (clock RFADC1_CLK rise edge)
                                                      0.000     0.000 r  
    HSADC_X0Y1           HSADC                        0.000     0.000 r  work_pls_i/usp_rf_data_converter_0/inst/work_pls_usp_rf_data_converter_0_0_rf_wrapper_i/rx1_u_adc/INTERNAL_FBRC_DIV2_MUX
  -------------------------------------------------------------------    -------------------
    HSADC_X0Y1           HSADC (Prop_HSADC_INTERNAL_FBRC_DIV2_MUX_STATUS_COMMON[8])
                                                      0.237     0.237 r  work_pls_i/usp_rf_data_converter_0/inst/work_pls_usp_rf_data_converter_0_0_rf_wrapper_i/rx1_u_adc/STATUS_COMMON[8]
                         net (fo=1, routed)           0.239     0.476    work_pls_i/usp_rf_data_converter_0/inst/i_axi_lite_ipif/I_SLAVE_ATTACHMENT/I_DECODER/adc1_common_stat[8]
    SLICE_X116Y84        LUT4 (Prop_A6LUT_SLICEL_I0_O)
                                                      0.041     0.517 f  work_pls_i/usp_rf_data_converter_0/inst/i_axi_lite_ipif/I_SLAVE_ATTACHMENT/I_DECODER/IP2Bus_Data[8]_i_35/O
                         net (fo=1, routed)           0.079     0.596    work_pls_i/usp_rf_data_converter_0/inst/i_axi_lite_ipif/I_SLAVE_ATTACHMENT/I_DECODER/IP2Bus_Data[8]_i_35_n_0
    SLICE_X116Y84        LUT5 (Prop_C6LUT_SLICEL_I3_O)
                                                      0.059     0.655 f  work_pls_i/usp_rf_data_converter_0/inst/i_axi_lite_ipif/I_SLAVE_ATTACHMENT/I_DECODER/IP2Bus_Data[8]_i_26/O
                         net (fo=1, routed)           0.163     0.818    work_pls_i/usp_rf_data_converter_0/inst/i_axi_lite_ipif/I_SLAVE_ATTACHMENT/I_DECODER/IP2Bus_Data[8]_i_26_n_0
    SLICE_X115Y93        LUT5 (Prop_C6LUT_SLICEM_I1_O)
                                                      0.022     0.840 f  work_pls_i/usp_rf_data_converter_0/inst/i_axi_lite_ipif/I_SLAVE_ATTACHMENT/I_DECODER/IP2Bus_Data[8]_i_15/O
                         net (fo=1, routed)           0.053     0.893    work_pls_i/usp_rf_data_converter_0/inst/i_axi_lite_ipif/I_SLAVE_ATTACHMENT/I_DECODER/IP2Bus_Data[8]_i_15_n_0
    SLICE_X115Y95        LUT6 (Prop_E6LUT_SLICEM_I5_O)
                                                      0.049     0.942 f  work_pls_i/usp_rf_data_converter_0/inst/i_axi_lite_ipif/I_SLAVE_ATTACHMENT/I_DECODER/IP2Bus_Data[8]_i_5/O
                         net (fo=1, routed)           0.169     1.111    work_pls_i/usp_rf_data_converter_0/inst/i_axi_lite_ipif/I_SLAVE_ATTACHMENT/I_DECODER/IP2Bus_Data[8]_i_5_n_0
    SLICE_X111Y105       LUT6 (Prop_D6LUT_SLICEL_I4_O)
                                                      0.041     1.152 r  work_pls_i/usp_rf_data_converter_0/inst/i_axi_lite_ipif/I_SLAVE_ATTACHMENT/I_DECODER/IP2Bus_Data[8]_i_1/O
                         net (fo=1, routed)           0.016     1.168    work_pls_i/usp_rf_data_converter_0/inst/i_axi_lite_ipif_n_76
    SLICE_X111Y105       FDRE                                         r  work_pls_i/usp_rf_data_converter_0/inst/IP2Bus_Data_reg[8]/D
  -------------------------------------------------------------------    -------------------

                         (clock clk_pl_0 rise edge)
                                                      0.000     0.000 r  
    PS8_X0Y0             PS8                          0.000     0.000 r  work_pls_i/zynq_ultra_ps_e_0/U0/PS8_i/PLCLK[0]
                         net (fo=1, routed)           0.129     0.129    work_pls_i/zynq_ultra_ps_e_0/U0/pl_clk_unbuffered[0]
    BUFG_PS_X0Y58        BUFG_PS (Prop_BUFG_PS_I_O)
                                                      0.018     0.147 r  work_pls_i/zynq_ultra_ps_e_0/U0/buffer_pl_clk_0.PL_CLK_0_BUFG/O
    X2Y2 (CLOCK_ROOT)    net (fo=7597, routed)        1.264     1.411    work_pls_i/usp_rf_data_converter_0/inst/s_axi_aclk
    SLICE_X111Y105       FDRE                                         r  work_pls_i/usp_rf_data_converter_0/inst/IP2Bus_Data_reg[8]/C





--------------------------------------------------------------------------------------
Path Group:  (none)
From Clock:  RFADC2_CLK
  To Clock:  clk_pl_0

Max Delay             8 Endpoints
Min Delay             8 Endpoints
--------------------------------------------------------------------------------------


Max Delay Paths
--------------------------------------------------------------------------------------
Slack:                    inf
  Source:                 work_pls_i/usp_rf_data_converter_0/inst/work_pls_usp_rf_data_converter_0_0_rf_wrapper_i/rx2_u_adc/INTERNAL_FBRC_DIV2_MUX
                            (rising edge-triggered cell HSADC clocked by RFADC2_CLK  {rise@0.000ns fall@5.000ns period=10.000ns})
  Destination:            work_pls_i/usp_rf_data_converter_0/inst/IP2Bus_Data_reg[8]/D
                            (rising edge-triggered cell FDRE clocked by clk_pl_0  {rise@0.000ns fall@5.156ns period=10.312ns})
  Path Group:             (none)
  Path Type:              Setup (Max at Slow Process Corner)
  Data Path Delay:        3.290ns  (logic 1.382ns (42.006%)  route 1.908ns (57.994%))
  Logic Levels:           5  (LUT4=2 LUT6=3)
  Clock Path Skew:        2.000ns (DCD - SCD + CPR)
    Destination Clock Delay (DCD):    2.000ns
    Source Clock Delay      (SCD):    0.000ns
    Clock Pessimism Removal (CPR):    0.000ns
  Clock Uncertainty:      0.159ns  ((TSJ^2 + DJ^2)^1/2) / 2 + PE
    Total System Jitter     (TSJ):    0.071ns
    Discrete Jitter          (DJ):    0.310ns
    Phase Error              (PE):    0.000ns
  Clock Net Delay (Destination): 1.818ns (routing 0.423ns, distribution 1.395ns)
  Timing Exception:       False Path

    Location             Delay type                Incr(ns)  Path(ns)    Netlist Resource(s)
  -------------------------------------------------------------------    -------------------
                         (clock RFADC2_CLK rise edge)
                                                      0.000     0.000 r  
    HSADC_X0Y2           HSADC                        0.000     0.000 r  work_pls_i/usp_rf_data_converter_0/inst/work_pls_usp_rf_data_converter_0_0_rf_wrapper_i/rx2_u_adc/INTERNAL_FBRC_DIV2_MUX
  -------------------------------------------------------------------    -------------------
    HSADC_X0Y2           HSADC (Prop_HSADC_INTERNAL_FBRC_DIV2_MUX_STATUS_COMMON[8])
                                                      0.788     0.788 r  work_pls_i/usp_rf_data_converter_0/inst/work_pls_usp_rf_data_converter_0_0_rf_wrapper_i/rx2_u_adc/STATUS_COMMON[8]
                         net (fo=1, routed)           1.037     1.825    work_pls_i/usp_rf_data_converter_0/inst/i_axi_lite_ipif/I_SLAVE_ATTACHMENT/I_DECODER/adc2_common_stat[8]
    SLICE_X112Y89        LUT4 (Prop_A6LUT_SLICEM_I0_O)
                                                      0.100     1.925 r  work_pls_i/usp_rf_data_converter_0/inst/i_axi_lite_ipif/I_SLAVE_ATTACHMENT/I_DECODER/IP2Bus_Data[8]_i_32/O
                         net (fo=1, routed)           0.060     1.985    work_pls_i/usp_rf_data_converter_0/inst/i_axi_lite_ipif/I_SLAVE_ATTACHMENT/I_DECODER/IP2Bus_Data[8]_i_32_n_0
    SLICE_X112Y89        LUT4 (Prop_E6LUT_SLICEM_I0_O)
                                                      0.148     2.133 f  work_pls_i/usp_rf_data_converter_0/inst/i_axi_lite_ipif/I_SLAVE_ATTACHMENT/I_DECODER/IP2Bus_Data[8]_i_24/O
                         net (fo=1, routed)           0.292     2.425    work_pls_i/usp_rf_data_converter_0/inst/i_axi_lite_ipif/I_SLAVE_ATTACHMENT/I_DECODER/IP2Bus_Data[8]_i_24_n_0
    SLICE_X114Y94        LUT6 (Prop_H6LUT_SLICEL_I2_O)
                                                      0.099     2.524 r  work_pls_i/usp_rf_data_converter_0/inst/i_axi_lite_ipif/I_SLAVE_ATTACHMENT/I_DECODER/IP2Bus_Data[8]_i_14/O
                         net (fo=1, routed)           0.154     2.678    work_pls_i/usp_rf_data_converter_0/inst/i_axi_lite_ipif/I_SLAVE_ATTACHMENT/I_DECODER/IP2Bus_Data[8]_i_14_n_0
    SLICE_X115Y95        LUT6 (Prop_E6LUT_SLICEM_I4_O)
                                                      0.148     2.826 f  work_pls_i/usp_rf_data_converter_0/inst/i_axi_lite_ipif/I_SLAVE_ATTACHMENT/I_DECODER/IP2Bus_Data[8]_i_5/O
                         net (fo=1, routed)           0.316     3.142    work_pls_i/usp_rf_data_converter_0/inst/i_axi_lite_ipif/I_SLAVE_ATTACHMENT/I_DECODER/IP2Bus_Data[8]_i_5_n_0
    SLICE_X111Y105       LUT6 (Prop_D6LUT_SLICEL_I4_O)
                                                      0.099     3.241 r  work_pls_i/usp_rf_data_converter_0/inst/i_axi_lite_ipif/I_SLAVE_ATTACHMENT/I_DECODER/IP2Bus_Data[8]_i_1/O
                         net (fo=1, routed)           0.049     3.290    work_pls_i/usp_rf_data_converter_0/inst/i_axi_lite_ipif_n_76
    SLICE_X111Y105       FDRE                                         r  work_pls_i/usp_rf_data_converter_0/inst/IP2Bus_Data_reg[8]/D
  -------------------------------------------------------------------    -------------------

                         (clock clk_pl_0 rise edge)
                                                      0.000     0.000 r  
    PS8_X0Y0             PS8                          0.000     0.000 r  work_pls_i/zynq_ultra_ps_e_0/U0/PS8_i/PLCLK[0]
                         net (fo=1, routed)           0.157     0.157    work_pls_i/zynq_ultra_ps_e_0/U0/pl_clk_unbuffered[0]
    BUFG_PS_X0Y58        BUFG_PS (Prop_BUFG_PS_I_O)
                                                      0.025     0.182 r  work_pls_i/zynq_ultra_ps_e_0/U0/buffer_pl_clk_0.PL_CLK_0_BUFG/O
    X2Y2 (CLOCK_ROOT)    net (fo=7597, routed)        1.818     2.000    work_pls_i/usp_rf_data_converter_0/inst/s_axi_aclk
    SLICE_X111Y105       FDRE                                         r  work_pls_i/usp_rf_data_converter_0/inst/IP2Bus_Data_reg[8]/C

Slack:                    inf
  Source:                 work_pls_i/usp_rf_data_converter_0/inst/work_pls_usp_rf_data_converter_0_0_rf_wrapper_i/rx2_u_adc/INTERNAL_FBRC_DIV2_MUX
                            (rising edge-triggered cell HSADC clocked by RFADC2_CLK  {rise@0.000ns fall@5.000ns period=10.000ns})
  Destination:            work_pls_i/usp_rf_data_converter_0/inst/IP2Bus_Data_reg[10]/D
                            (rising edge-triggered cell FDRE clocked by clk_pl_0  {rise@0.000ns fall@5.156ns period=10.312ns})
  Path Group:             (none)
  Path Type:              Setup (Max at Slow Process Corner)
  Data Path Delay:        2.974ns  (logic 1.072ns (36.046%)  route 1.902ns (63.954%))
  Logic Levels:           5  (LUT4=2 LUT6=3)
  Clock Path Skew:        1.990ns (DCD - SCD + CPR)
    Destination Clock Delay (DCD):    1.990ns
    Source Clock Delay      (SCD):    0.000ns
    Clock Pessimism Removal (CPR):    0.000ns
  Clock Uncertainty:      0.159ns  ((TSJ^2 + DJ^2)^1/2) / 2 + PE
    Total System Jitter     (TSJ):    0.071ns
    Discrete Jitter          (DJ):    0.310ns
    Phase Error              (PE):    0.000ns
  Clock Net Delay (Destination): 1.808ns (routing 0.423ns, distribution 1.385ns)
  Timing Exception:       False Path

    Location             Delay type                Incr(ns)  Path(ns)    Netlist Resource(s)
  -------------------------------------------------------------------    -------------------
                         (clock RFADC2_CLK rise edge)
                                                      0.000     0.000 r  
    HSADC_X0Y2           HSADC                        0.000     0.000 r  work_pls_i/usp_rf_data_converter_0/inst/work_pls_usp_rf_data_converter_0_0_rf_wrapper_i/rx2_u_adc/INTERNAL_FBRC_DIV2_MUX
  -------------------------------------------------------------------    -------------------
    HSADC_X0Y2           HSADC (Prop_HSADC_INTERNAL_FBRC_DIV2_MUX_STATUS_COMMON[10])
                                                      0.536     0.536 r  work_pls_i/usp_rf_data_converter_0/inst/work_pls_usp_rf_data_converter_0_0_rf_wrapper_i/rx2_u_adc/STATUS_COMMON[10]
                         net (fo=1, routed)           0.994     1.530    work_pls_i/usp_rf_data_converter_0/inst/i_axi_lite_ipif/I_SLAVE_ATTACHMENT/I_DECODER/adc2_common_stat[10]
    SLICE_X112Y89        LUT4 (Prop_G6LUT_SLICEM_I0_O)
                                                      0.123     1.653 r  work_pls_i/usp_rf_data_converter_0/inst/i_axi_lite_ipif/I_SLAVE_ATTACHMENT/I_DECODER/IP2Bus_Data[10]_i_35/O
                         net (fo=1, routed)           0.050     1.703    work_pls_i/usp_rf_data_converter_0/inst/i_axi_lite_ipif/I_SLAVE_ATTACHMENT/I_DECODER/IP2Bus_Data[10]_i_35_n_0
    SLICE_X112Y89        LUT4 (Prop_B6LUT_SLICEM_I0_O)
                                                      0.125     1.828 f  work_pls_i/usp_rf_data_converter_0/inst/i_axi_lite_ipif/I_SLAVE_ATTACHMENT/I_DECODER/IP2Bus_Data[10]_i_27/O
                         net (fo=1, routed)           0.274     2.102    work_pls_i/usp_rf_data_converter_0/inst/i_axi_lite_ipif/I_SLAVE_ATTACHMENT/I_DECODER/IP2Bus_Data[10]_i_27_n_0
    SLICE_X114Y91        LUT6 (Prop_H6LUT_SLICEL_I2_O)
                                                      0.099     2.201 r  work_pls_i/usp_rf_data_converter_0/inst/i_axi_lite_ipif/I_SLAVE_ATTACHMENT/I_DECODER/IP2Bus_Data[10]_i_15/O
                         net (fo=1, routed)           0.220     2.421    work_pls_i/usp_rf_data_converter_0/inst/i_axi_lite_ipif/I_SLAVE_ATTACHMENT/I_DECODER/IP2Bus_Data[10]_i_15_n_0
    SLICE_X115Y94        LUT6 (Prop_H6LUT_SLICEM_I4_O)
                                                      0.152     2.573 f  work_pls_i/usp_rf_data_converter_0/inst/i_axi_lite_ipif/I_SLAVE_ATTACHMENT/I_DECODER/IP2Bus_Data[10]_i_5/O
                         net (fo=1, routed)           0.292     2.865    work_pls_i/usp_rf_data_converter_0/inst/i_axi_lite_ipif/I_SLAVE_ATTACHMENT/I_DECODER/IP2Bus_Data[10]_i_5_n_0
    SLICE_X112Y103       LUT6 (Prop_D6LUT_SLICEM_I4_O)
                                                      0.037     2.902 r  work_pls_i/usp_rf_data_converter_0/inst/i_axi_lite_ipif/I_SLAVE_ATTACHMENT/I_DECODER/IP2Bus_Data[10]_i_1/O
                         net (fo=1, routed)           0.072     2.974    work_pls_i/usp_rf_data_converter_0/inst/i_axi_lite_ipif_n_74
    SLICE_X112Y103       FDRE                                         r  work_pls_i/usp_rf_data_converter_0/inst/IP2Bus_Data_reg[10]/D
  -------------------------------------------------------------------    -------------------

                         (clock clk_pl_0 rise edge)
                                                      0.000     0.000 r  
    PS8_X0Y0             PS8                          0.000     0.000 r  work_pls_i/zynq_ultra_ps_e_0/U0/PS8_i/PLCLK[0]
                         net (fo=1, routed)           0.157     0.157    work_pls_i/zynq_ultra_ps_e_0/U0/pl_clk_unbuffered[0]
    BUFG_PS_X0Y58        BUFG_PS (Prop_BUFG_PS_I_O)
                                                      0.025     0.182 r  work_pls_i/zynq_ultra_ps_e_0/U0/buffer_pl_clk_0.PL_CLK_0_BUFG/O
    X2Y2 (CLOCK_ROOT)    net (fo=7597, routed)        1.808     1.990    work_pls_i/usp_rf_data_converter_0/inst/s_axi_aclk
    SLICE_X112Y103       FDRE                                         r  work_pls_i/usp_rf_data_converter_0/inst/IP2Bus_Data_reg[10]/C

Slack:                    inf
  Source:                 work_pls_i/usp_rf_data_converter_0/inst/work_pls_usp_rf_data_converter_0_0_rf_wrapper_i/rx2_u_adc/INTERNAL_FBRC_DIV2_MUX
                            (rising edge-triggered cell HSADC clocked by RFADC2_CLK  {rise@0.000ns fall@5.000ns period=10.000ns})
  Destination:            work_pls_i/usp_rf_data_converter_0/inst/IP2Bus_Data_reg[11]/D
                            (rising edge-triggered cell FDRE clocked by clk_pl_0  {rise@0.000ns fall@5.156ns period=10.312ns})
  Path Group:             (none)
  Path Type:              Setup (Max at Slow Process Corner)
  Data Path Delay:        2.823ns  (logic 0.953ns (33.758%)  route 1.870ns (66.242%))
  Logic Levels:           5  (LUT4=2 LUT6=3)
  Clock Path Skew:        1.997ns (DCD - SCD + CPR)
    Destination Clock Delay (DCD):    1.997ns
    Source Clock Delay      (SCD):    0.000ns
    Clock Pessimism Removal (CPR):    0.000ns
  Clock Uncertainty:      0.159ns  ((TSJ^2 + DJ^2)^1/2) / 2 + PE
    Total System Jitter     (TSJ):    0.071ns
    Discrete Jitter          (DJ):    0.310ns
    Phase Error              (PE):    0.000ns
  Clock Net Delay (Destination): 1.815ns (routing 0.423ns, distribution 1.392ns)
  Timing Exception:       False Path

    Location             Delay type                Incr(ns)  Path(ns)    Netlist Resource(s)
  -------------------------------------------------------------------    -------------------
                         (clock RFADC2_CLK rise edge)
                                                      0.000     0.000 r  
    HSADC_X0Y2           HSADC                        0.000     0.000 r  work_pls_i/usp_rf_data_converter_0/inst/work_pls_usp_rf_data_converter_0_0_rf_wrapper_i/rx2_u_adc/INTERNAL_FBRC_DIV2_MUX
  -------------------------------------------------------------------    -------------------
    HSADC_X0Y2           HSADC (Prop_HSADC_INTERNAL_FBRC_DIV2_MUX_STATUS_COMMON[11])
                                                      0.588     0.588 r  work_pls_i/usp_rf_data_converter_0/inst/work_pls_usp_rf_data_converter_0_0_rf_wrapper_i/rx2_u_adc/STATUS_COMMON[11]
                         net (fo=1, routed)           0.882     1.470    work_pls_i/usp_rf_data_converter_0/inst/i_axi_lite_ipif/I_SLAVE_ATTACHMENT/I_DECODER/adc2_common_stat[11]
    SLICE_X110Y89        LUT4 (Prop_F6LUT_SLICEM_I0_O)
                                                      0.088     1.558 r  work_pls_i/usp_rf_data_converter_0/inst/i_axi_lite_ipif/I_SLAVE_ATTACHMENT/I_DECODER/IP2Bus_Data[11]_i_40/O
                         net (fo=1, routed)           0.128     1.686    work_pls_i/usp_rf_data_converter_0/inst/i_axi_lite_ipif/I_SLAVE_ATTACHMENT/I_DECODER/IP2Bus_Data[11]_i_40_n_0
    SLICE_X112Y89        LUT4 (Prop_F6LUT_SLICEM_I0_O)
                                                      0.051     1.737 f  work_pls_i/usp_rf_data_converter_0/inst/i_axi_lite_ipif/I_SLAVE_ATTACHMENT/I_DECODER/IP2Bus_Data[11]_i_32/O
                         net (fo=1, routed)           0.314     2.051    work_pls_i/usp_rf_data_converter_0/inst/i_axi_lite_ipif/I_SLAVE_ATTACHMENT/I_DECODER/IP2Bus_Data[11]_i_32_n_0
    SLICE_X114Y91        LUT6 (Prop_G6LUT_SLICEL_I2_O)
                                                      0.050     2.101 r  work_pls_i/usp_rf_data_converter_0/inst/i_axi_lite_ipif/I_SLAVE_ATTACHMENT/I_DECODER/IP2Bus_Data[11]_i_18/O
                         net (fo=1, routed)           0.203     2.304    work_pls_i/usp_rf_data_converter_0/inst/i_axi_lite_ipif/I_SLAVE_ATTACHMENT/I_DECODER/IP2Bus_Data[11]_i_18_n_0
    SLICE_X115Y95        LUT6 (Prop_G6LUT_SLICEM_I4_O)
                                                      0.123     2.427 f  work_pls_i/usp_rf_data_converter_0/inst/i_axi_lite_ipif/I_SLAVE_ATTACHMENT/I_DECODER/IP2Bus_Data[11]_i_5/O
                         net (fo=1, routed)           0.285     2.712    work_pls_i/usp_rf_data_converter_0/inst/i_axi_lite_ipif/I_SLAVE_ATTACHMENT/I_DECODER/IP2Bus_Data[11]_i_5_n_0
    SLICE_X113Y105       LUT6 (Prop_H6LUT_SLICEM_I4_O)
                                                      0.053     2.765 r  work_pls_i/usp_rf_data_converter_0/inst/i_axi_lite_ipif/I_SLAVE_ATTACHMENT/I_DECODER/IP2Bus_Data[11]_i_1/O
                         net (fo=1, routed)           0.058     2.823    work_pls_i/usp_rf_data_converter_0/inst/i_axi_lite_ipif_n_73
    SLICE_X113Y105       FDRE                                         r  work_pls_i/usp_rf_data_converter_0/inst/IP2Bus_Data_reg[11]/D
  -------------------------------------------------------------------    -------------------

                         (clock clk_pl_0 rise edge)
                                                      0.000     0.000 r  
    PS8_X0Y0             PS8                          0.000     0.000 r  work_pls_i/zynq_ultra_ps_e_0/U0/PS8_i/PLCLK[0]
                         net (fo=1, routed)           0.157     0.157    work_pls_i/zynq_ultra_ps_e_0/U0/pl_clk_unbuffered[0]
    BUFG_PS_X0Y58        BUFG_PS (Prop_BUFG_PS_I_O)
                                                      0.025     0.182 r  work_pls_i/zynq_ultra_ps_e_0/U0/buffer_pl_clk_0.PL_CLK_0_BUFG/O
    X2Y2 (CLOCK_ROOT)    net (fo=7597, routed)        1.815     1.997    work_pls_i/usp_rf_data_converter_0/inst/s_axi_aclk
    SLICE_X113Y105       FDRE                                         r  work_pls_i/usp_rf_data_converter_0/inst/IP2Bus_Data_reg[11]/C

Slack:                    inf
  Source:                 work_pls_i/usp_rf_data_converter_0/inst/work_pls_usp_rf_data_converter_0_0_rf_wrapper_i/rx2_u_adc/INTERNAL_FBRC_DIV2_MUX
                            (rising edge-triggered cell HSADC clocked by RFADC2_CLK  {rise@0.000ns fall@5.000ns period=10.000ns})
  Destination:            work_pls_i/usp_rf_data_converter_0/inst/IP2Bus_Data_reg[13]/D
                            (rising edge-triggered cell FDRE clocked by clk_pl_0  {rise@0.000ns fall@5.156ns period=10.312ns})
  Path Group:             (none)
  Path Type:              Setup (Max at Slow Process Corner)
  Data Path Delay:        2.773ns  (logic 1.127ns (40.642%)  route 1.646ns (59.358%))
  Logic Levels:           4  (LUT5=1 LUT6=3)
  Clock Path Skew:        2.003ns (DCD - SCD + CPR)
    Destination Clock Delay (DCD):    2.003ns
    Source Clock Delay      (SCD):    0.000ns
    Clock Pessimism Removal (CPR):    0.000ns
  Clock Uncertainty:      0.159ns  ((TSJ^2 + DJ^2)^1/2) / 2 + PE
    Total System Jitter     (TSJ):    0.071ns
    Discrete Jitter          (DJ):    0.310ns
    Phase Error              (PE):    0.000ns
  Clock Net Delay (Destination): 1.821ns (routing 0.423ns, distribution 1.398ns)
  Timing Exception:       False Path

    Location             Delay type                Incr(ns)  Path(ns)    Netlist Resource(s)
  -------------------------------------------------------------------    -------------------
                         (clock RFADC2_CLK rise edge)
                                                      0.000     0.000 r  
    HSADC_X0Y2           HSADC                        0.000     0.000 r  work_pls_i/usp_rf_data_converter_0/inst/work_pls_usp_rf_data_converter_0_0_rf_wrapper_i/rx2_u_adc/INTERNAL_FBRC_DIV2_MUX
  -------------------------------------------------------------------    -------------------
    HSADC_X0Y2           HSADC (Prop_HSADC_INTERNAL_FBRC_DIV2_MUX_STATUS_COMMON[13])
                                                      0.771     0.771 r  work_pls_i/usp_rf_data_converter_0/inst/work_pls_usp_rf_data_converter_0_0_rf_wrapper_i/rx2_u_adc/STATUS_COMMON[13]
                         net (fo=1, routed)           0.948     1.719    work_pls_i/usp_rf_data_converter_0/inst/i_axi_lite_ipif/I_SLAVE_ATTACHMENT/I_DECODER/adc2_common_stat[13]
    SLICE_X111Y89        LUT5 (Prop_G6LUT_SLICEL_I3_O)
                                                      0.123     1.842 r  work_pls_i/usp_rf_data_converter_0/inst/i_axi_lite_ipif/I_SLAVE_ATTACHMENT/I_DECODER/IP2Bus_Data[13]_i_30/O
                         net (fo=1, routed)           0.043     1.885    work_pls_i/usp_rf_data_converter_0/inst/i_axi_lite_ipif/I_SLAVE_ATTACHMENT/I_DECODER/IP2Bus_Data[13]_i_30_n_0
    SLICE_X111Y89        LUT6 (Prop_H6LUT_SLICEL_I2_O)
                                                      0.099     1.984 r  work_pls_i/usp_rf_data_converter_0/inst/i_axi_lite_ipif/I_SLAVE_ATTACHMENT/I_DECODER/IP2Bus_Data[13]_i_17/O
                         net (fo=1, routed)           0.271     2.255    work_pls_i/usp_rf_data_converter_0/inst/i_axi_lite_ipif/I_SLAVE_ATTACHMENT/I_DECODER/IP2Bus_Data[13]_i_17_n_0
    SLICE_X116Y91        LUT6 (Prop_G6LUT_SLICEL_I2_O)
                                                      0.035     2.290 f  work_pls_i/usp_rf_data_converter_0/inst/i_axi_lite_ipif/I_SLAVE_ATTACHMENT/I_DECODER/IP2Bus_Data[13]_i_5/O
                         net (fo=1, routed)           0.312     2.602    work_pls_i/usp_rf_data_converter_0/inst/i_axi_lite_ipif/I_SLAVE_ATTACHMENT/I_DECODER/IP2Bus_Data[13]_i_5_n_0
    SLICE_X113Y100       LUT6 (Prop_D6LUT_SLICEM_I3_O)
                                                      0.099     2.701 r  work_pls_i/usp_rf_data_converter_0/inst/i_axi_lite_ipif/I_SLAVE_ATTACHMENT/I_DECODER/IP2Bus_Data[13]_i_1/O
                         net (fo=1, routed)           0.072     2.773    work_pls_i/usp_rf_data_converter_0/inst/i_axi_lite_ipif_n_71
    SLICE_X113Y100       FDRE                                         r  work_pls_i/usp_rf_data_converter_0/inst/IP2Bus_Data_reg[13]/D
  -------------------------------------------------------------------    -------------------

                         (clock clk_pl_0 rise edge)
                                                      0.000     0.000 r  
    PS8_X0Y0             PS8                          0.000     0.000 r  work_pls_i/zynq_ultra_ps_e_0/U0/PS8_i/PLCLK[0]
                         net (fo=1, routed)           0.157     0.157    work_pls_i/zynq_ultra_ps_e_0/U0/pl_clk_unbuffered[0]
    BUFG_PS_X0Y58        BUFG_PS (Prop_BUFG_PS_I_O)
                                                      0.025     0.182 r  work_pls_i/zynq_ultra_ps_e_0/U0/buffer_pl_clk_0.PL_CLK_0_BUFG/O
    X2Y2 (CLOCK_ROOT)    net (fo=7597, routed)        1.821     2.003    work_pls_i/usp_rf_data_converter_0/inst/s_axi_aclk
    SLICE_X113Y100       FDRE                                         r  work_pls_i/usp_rf_data_converter_0/inst/IP2Bus_Data_reg[13]/C

Slack:                    inf
  Source:                 work_pls_i/usp_rf_data_converter_0/inst/work_pls_usp_rf_data_converter_0_0_rf_wrapper_i/rx2_u_adc/INTERNAL_FBRC_DIV2_MUX
                            (rising edge-triggered cell HSADC clocked by RFADC2_CLK  {rise@0.000ns fall@5.000ns period=10.000ns})
  Destination:            work_pls_i/usp_rf_data_converter_0/inst/IP2Bus_Data_reg[14]/D
                            (rising edge-triggered cell FDRE clocked by clk_pl_0  {rise@0.000ns fall@5.156ns period=10.312ns})
  Path Group:             (none)
  Path Type:              Setup (Max at Slow Process Corner)
  Data Path Delay:        2.743ns  (logic 1.173ns (42.763%)  route 1.570ns (57.237%))
  Logic Levels:           5  (LUT4=1 LUT6=4)
  Clock Path Skew:        1.979ns (DCD - SCD + CPR)
    Destination Clock Delay (DCD):    1.979ns
    Source Clock Delay      (SCD):    0.000ns
    Clock Pessimism Removal (CPR):    0.000ns
  Clock Uncertainty:      0.159ns  ((TSJ^2 + DJ^2)^1/2) / 2 + PE
    Total System Jitter     (TSJ):    0.071ns
    Discrete Jitter          (DJ):    0.310ns
    Phase Error              (PE):    0.000ns
  Clock Net Delay (Destination): 1.797ns (routing 0.423ns, distribution 1.374ns)
  Timing Exception:       False Path

    Location             Delay type                Incr(ns)  Path(ns)    Netlist Resource(s)
  -------------------------------------------------------------------    -------------------
                         (clock RFADC2_CLK rise edge)
                                                      0.000     0.000 r  
    HSADC_X0Y2           HSADC                        0.000     0.000 r  work_pls_i/usp_rf_data_converter_0/inst/work_pls_usp_rf_data_converter_0_0_rf_wrapper_i/rx2_u_adc/INTERNAL_FBRC_DIV2_MUX
  -------------------------------------------------------------------    -------------------
    HSADC_X0Y2           HSADC (Prop_HSADC_INTERNAL_FBRC_DIV2_MUX_STATUS_COMMON[14])
                                                      0.698     0.698 r  work_pls_i/usp_rf_data_converter_0/inst/work_pls_usp_rf_data_converter_0_0_rf_wrapper_i/rx2_u_adc/STATUS_COMMON[14]
                         net (fo=1, routed)           0.863     1.561    work_pls_i/usp_rf_data_converter_0/inst/i_axi_lite_ipif/I_SLAVE_ATTACHMENT/I_DECODER/adc2_common_stat[14]
    SLICE_X118Y88        LUT4 (Prop_H6LUT_SLICEM_I2_O)
                                                      0.152     1.713 f  work_pls_i/usp_rf_data_converter_0/inst/i_axi_lite_ipif/I_SLAVE_ATTACHMENT/I_DECODER/IP2Bus_Data[14]_i_67/O
                         net (fo=1, routed)           0.258     1.971    work_pls_i/usp_rf_data_converter_0/inst/i_axi_lite_ipif/I_SLAVE_ATTACHMENT/I_DECODER/IP2Bus_Data[14]_i_67_n_0
    SLICE_X115Y88        LUT6 (Prop_C6LUT_SLICEM_I2_O)
                                                      0.088     2.059 r  work_pls_i/usp_rf_data_converter_0/inst/i_axi_lite_ipif/I_SLAVE_ATTACHMENT/I_DECODER/IP2Bus_Data[14]_i_52/O
                         net (fo=1, routed)           0.107     2.166    work_pls_i/usp_rf_data_converter_0/inst/i_axi_lite_ipif/I_SLAVE_ATTACHMENT/I_DECODER/IP2Bus_Data[14]_i_52_n_0
    SLICE_X114Y88        LUT6 (Prop_H6LUT_SLICEL_I2_O)
                                                      0.150     2.316 r  work_pls_i/usp_rf_data_converter_0/inst/i_axi_lite_ipif/I_SLAVE_ATTACHMENT/I_DECODER/IP2Bus_Data[14]_i_24/O
                         net (fo=1, routed)           0.207     2.523    work_pls_i/usp_rf_data_converter_0/inst/i_axi_lite_ipif/I_SLAVE_ATTACHMENT/I_DECODER/IP2Bus_Data[14]_i_24_n_0
    SLICE_X114Y91        LUT6 (Prop_F6LUT_SLICEL_I3_O)
                                                      0.035     2.558 r  work_pls_i/usp_rf_data_converter_0/inst/i_axi_lite_ipif/I_SLAVE_ATTACHMENT/I_DECODER/IP2Bus_Data[14]_i_6/O
                         net (fo=1, routed)           0.086     2.644    work_pls_i/usp_rf_data_converter_0/inst/i_axi_lite_ipif/I_SLAVE_ATTACHMENT/I_DECODER/IP2Bus_Data[14]_i_6_n_0
    SLICE_X114Y91        LUT6 (Prop_D6LUT_SLICEL_I4_O)
                                                      0.050     2.694 r  work_pls_i/usp_rf_data_converter_0/inst/i_axi_lite_ipif/I_SLAVE_ATTACHMENT/I_DECODER/IP2Bus_Data[14]_i_1/O
                         net (fo=1, routed)           0.049     2.743    work_pls_i/usp_rf_data_converter_0/inst/i_axi_lite_ipif_n_70
    SLICE_X114Y91        FDRE                                         r  work_pls_i/usp_rf_data_converter_0/inst/IP2Bus_Data_reg[14]/D
  -------------------------------------------------------------------    -------------------

                         (clock clk_pl_0 rise edge)
                                                      0.000     0.000 r  
    PS8_X0Y0             PS8                          0.000     0.000 r  work_pls_i/zynq_ultra_ps_e_0/U0/PS8_i/PLCLK[0]
                         net (fo=1, routed)           0.157     0.157    work_pls_i/zynq_ultra_ps_e_0/U0/pl_clk_unbuffered[0]
    BUFG_PS_X0Y58        BUFG_PS (Prop_BUFG_PS_I_O)
                                                      0.025     0.182 r  work_pls_i/zynq_ultra_ps_e_0/U0/buffer_pl_clk_0.PL_CLK_0_BUFG/O
    X2Y2 (CLOCK_ROOT)    net (fo=7597, routed)        1.797     1.979    work_pls_i/usp_rf_data_converter_0/inst/s_axi_aclk
    SLICE_X114Y91        FDRE                                         r  work_pls_i/usp_rf_data_converter_0/inst/IP2Bus_Data_reg[14]/C

Slack:                    inf
  Source:                 work_pls_i/usp_rf_data_converter_0/inst/work_pls_usp_rf_data_converter_0_0_rf_wrapper_i/rx2_u_adc/INTERNAL_FBRC_DIV2_MUX
                            (rising edge-triggered cell HSADC clocked by RFADC2_CLK  {rise@0.000ns fall@5.000ns period=10.000ns})
  Destination:            work_pls_i/usp_rf_data_converter_0/inst/IP2Bus_Data_reg[9]/D
                            (rising edge-triggered cell FDRE clocked by clk_pl_0  {rise@0.000ns fall@5.156ns period=10.312ns})
  Path Group:             (none)
  Path Type:              Setup (Max at Slow Process Corner)
  Data Path Delay:        2.536ns  (logic 0.875ns (34.503%)  route 1.661ns (65.497%))
  Logic Levels:           5  (LUT4=2 LUT6=3)
  Clock Path Skew:        2.006ns (DCD - SCD + CPR)
    Destination Clock Delay (DCD):    2.006ns
    Source Clock Delay      (SCD):    0.000ns
    Clock Pessimism Removal (CPR):    0.000ns
  Clock Uncertainty:      0.159ns  ((TSJ^2 + DJ^2)^1/2) / 2 + PE
    Total System Jitter     (TSJ):    0.071ns
    Discrete Jitter          (DJ):    0.310ns
    Phase Error              (PE):    0.000ns
  Clock Net Delay (Destination): 1.824ns (routing 0.423ns, distribution 1.401ns)
  Timing Exception:       False Path

    Location             Delay type                Incr(ns)  Path(ns)    Netlist Resource(s)
  -------------------------------------------------------------------    -------------------
                         (clock RFADC2_CLK rise edge)
                                                      0.000     0.000 r  
    HSADC_X0Y2           HSADC                        0.000     0.000 r  work_pls_i/usp_rf_data_converter_0/inst/work_pls_usp_rf_data_converter_0_0_rf_wrapper_i/rx2_u_adc/INTERNAL_FBRC_DIV2_MUX
  -------------------------------------------------------------------    -------------------
    HSADC_X0Y2           HSADC (Prop_HSADC_INTERNAL_FBRC_DIV2_MUX_STATUS_COMMON[9])
                                                      0.532     0.532 r  work_pls_i/usp_rf_data_converter_0/inst/work_pls_usp_rf_data_converter_0_0_rf_wrapper_i/rx2_u_adc/STATUS_COMMON[9]
                         net (fo=1, routed)           0.881     1.413    work_pls_i/usp_rf_data_converter_0/inst/i_axi_lite_ipif/I_SLAVE_ATTACHMENT/I_DECODER/adc2_common_stat[9]
    SLICE_X110Y90        LUT4 (Prop_F6LUT_SLICEM_I0_O)
                                                      0.051     1.464 r  work_pls_i/usp_rf_data_converter_0/inst/i_axi_lite_ipif/I_SLAVE_ATTACHMENT/I_DECODER/IP2Bus_Data[9]_i_35/O
                         net (fo=1, routed)           0.041     1.505    work_pls_i/usp_rf_data_converter_0/inst/i_axi_lite_ipif/I_SLAVE_ATTACHMENT/I_DECODER/IP2Bus_Data[9]_i_35_n_0
    SLICE_X110Y90        LUT4 (Prop_G6LUT_SLICEM_I0_O)
                                                      0.052     1.557 f  work_pls_i/usp_rf_data_converter_0/inst/i_axi_lite_ipif/I_SLAVE_ATTACHMENT/I_DECODER/IP2Bus_Data[9]_i_27/O
                         net (fo=1, routed)           0.227     1.784    work_pls_i/usp_rf_data_converter_0/inst/i_axi_lite_ipif/I_SLAVE_ATTACHMENT/I_DECODER/IP2Bus_Data[9]_i_27_n_0
    SLICE_X114Y94        LUT6 (Prop_G6LUT_SLICEL_I2_O)
                                                      0.089     1.873 r  work_pls_i/usp_rf_data_converter_0/inst/i_axi_lite_ipif/I_SLAVE_ATTACHMENT/I_DECODER/IP2Bus_Data[9]_i_17/O
                         net (fo=1, routed)           0.148     2.021    work_pls_i/usp_rf_data_converter_0/inst/i_axi_lite_ipif/I_SLAVE_ATTACHMENT/I_DECODER/IP2Bus_Data[9]_i_17_n_0
    SLICE_X115Y96        LUT6 (Prop_G6LUT_SLICEM_I4_O)
                                                      0.100     2.121 f  work_pls_i/usp_rf_data_converter_0/inst/i_axi_lite_ipif/I_SLAVE_ATTACHMENT/I_DECODER/IP2Bus_Data[9]_i_5/O
                         net (fo=1, routed)           0.298     2.419    work_pls_i/usp_rf_data_converter_0/inst/i_axi_lite_ipif/I_SLAVE_ATTACHMENT/I_DECODER/IP2Bus_Data[9]_i_5_n_0
    SLICE_X113Y104       LUT6 (Prop_C6LUT_SLICEM_I4_O)
                                                      0.051     2.470 r  work_pls_i/usp_rf_data_converter_0/inst/i_axi_lite_ipif/I_SLAVE_ATTACHMENT/I_DECODER/IP2Bus_Data[9]_i_1/O
                         net (fo=1, routed)           0.066     2.536    work_pls_i/usp_rf_data_converter_0/inst/i_axi_lite_ipif_n_75
    SLICE_X113Y104       FDRE                                         r  work_pls_i/usp_rf_data_converter_0/inst/IP2Bus_Data_reg[9]/D
  -------------------------------------------------------------------    -------------------

                         (clock clk_pl_0 rise edge)
                                                      0.000     0.000 r  
    PS8_X0Y0             PS8                          0.000     0.000 r  work_pls_i/zynq_ultra_ps_e_0/U0/PS8_i/PLCLK[0]
                         net (fo=1, routed)           0.157     0.157    work_pls_i/zynq_ultra_ps_e_0/U0/pl_clk_unbuffered[0]
    BUFG_PS_X0Y58        BUFG_PS (Prop_BUFG_PS_I_O)
                                                      0.025     0.182 r  work_pls_i/zynq_ultra_ps_e_0/U0/buffer_pl_clk_0.PL_CLK_0_BUFG/O
    X2Y2 (CLOCK_ROOT)    net (fo=7597, routed)        1.824     2.006    work_pls_i/usp_rf_data_converter_0/inst/s_axi_aclk
    SLICE_X113Y104       FDRE                                         r  work_pls_i/usp_rf_data_converter_0/inst/IP2Bus_Data_reg[9]/C

Slack:                    inf
  Source:                 work_pls_i/usp_rf_data_converter_0/inst/work_pls_usp_rf_data_converter_0_0_rf_wrapper_i/rx2_u_adc/INTERNAL_FBRC_DIV2_MUX
                            (rising edge-triggered cell HSADC clocked by RFADC2_CLK  {rise@0.000ns fall@5.000ns period=10.000ns})
  Destination:            work_pls_i/usp_rf_data_converter_0/inst/IP2Bus_Data_reg[12]/D
                            (rising edge-triggered cell FDRE clocked by clk_pl_0  {rise@0.000ns fall@5.156ns period=10.312ns})
  Path Group:             (none)
  Path Type:              Setup (Max at Slow Process Corner)
  Data Path Delay:        2.444ns  (logic 0.800ns (32.733%)  route 1.644ns (67.267%))
  Logic Levels:           3  (LUT6=3)
  Clock Path Skew:        2.005ns (DCD - SCD + CPR)
    Destination Clock Delay (DCD):    2.005ns
    Source Clock Delay      (SCD):    0.000ns
    Clock Pessimism Removal (CPR):    0.000ns
  Clock Uncertainty:      0.159ns  ((TSJ^2 + DJ^2)^1/2) / 2 + PE
    Total System Jitter     (TSJ):    0.071ns
    Discrete Jitter          (DJ):    0.310ns
    Phase Error              (PE):    0.000ns
  Clock Net Delay (Destination): 1.823ns (routing 0.423ns, distribution 1.400ns)
  Timing Exception:       False Path

    Location             Delay type                Incr(ns)  Path(ns)    Netlist Resource(s)
  -------------------------------------------------------------------    -------------------
                         (clock RFADC2_CLK rise edge)
                                                      0.000     0.000 r  
    HSADC_X0Y2           HSADC                        0.000     0.000 r  work_pls_i/usp_rf_data_converter_0/inst/work_pls_usp_rf_data_converter_0_0_rf_wrapper_i/rx2_u_adc/INTERNAL_FBRC_DIV2_MUX
  -------------------------------------------------------------------    -------------------
    HSADC_X0Y2           HSADC (Prop_HSADC_INTERNAL_FBRC_DIV2_MUX_STATUS_COMMON[12])
                                                      0.611     0.611 r  work_pls_i/usp_rf_data_converter_0/inst/work_pls_usp_rf_data_converter_0_0_rf_wrapper_i/rx2_u_adc/STATUS_COMMON[12]
                         net (fo=1, routed)           0.998     1.609    work_pls_i/usp_rf_data_converter_0/inst/i_axi_lite_ipif/I_SLAVE_ATTACHMENT/I_DECODER/adc2_common_stat[12]
    SLICE_X111Y86        LUT6 (Prop_H6LUT_SLICEL_I1_O)
                                                      0.099     1.708 f  work_pls_i/usp_rf_data_converter_0/inst/i_axi_lite_ipif/I_SLAVE_ATTACHMENT/I_DECODER/IP2Bus_Data[12]_i_18/O
                         net (fo=1, routed)           0.261     1.969    work_pls_i/usp_rf_data_converter_0/inst/i_axi_lite_ipif/I_SLAVE_ATTACHMENT/I_DECODER/IP2Bus_Data[12]_i_18_n_0
    SLICE_X113Y91        LUT6 (Prop_D6LUT_SLICEM_I2_O)
                                                      0.037     2.006 r  work_pls_i/usp_rf_data_converter_0/inst/i_axi_lite_ipif/I_SLAVE_ATTACHMENT/I_DECODER/IP2Bus_Data[12]_i_6/O
                         net (fo=1, routed)           0.327     2.333    work_pls_i/usp_rf_data_converter_0/inst/i_axi_lite_ipif/I_SLAVE_ATTACHMENT/I_DECODER/IP2Bus_Data[12]_i_6_n_0
    SLICE_X113Y103       LUT6 (Prop_H6LUT_SLICEM_I4_O)
                                                      0.053     2.386 r  work_pls_i/usp_rf_data_converter_0/inst/i_axi_lite_ipif/I_SLAVE_ATTACHMENT/I_DECODER/IP2Bus_Data[12]_i_1/O
                         net (fo=1, routed)           0.058     2.444    work_pls_i/usp_rf_data_converter_0/inst/i_axi_lite_ipif_n_72
    SLICE_X113Y103       FDRE                                         r  work_pls_i/usp_rf_data_converter_0/inst/IP2Bus_Data_reg[12]/D
  -------------------------------------------------------------------    -------------------

                         (clock clk_pl_0 rise edge)
                                                      0.000     0.000 r  
    PS8_X0Y0             PS8                          0.000     0.000 r  work_pls_i/zynq_ultra_ps_e_0/U0/PS8_i/PLCLK[0]
                         net (fo=1, routed)           0.157     0.157    work_pls_i/zynq_ultra_ps_e_0/U0/pl_clk_unbuffered[0]
    BUFG_PS_X0Y58        BUFG_PS (Prop_BUFG_PS_I_O)
                                                      0.025     0.182 r  work_pls_i/zynq_ultra_ps_e_0/U0/buffer_pl_clk_0.PL_CLK_0_BUFG/O
    X2Y2 (CLOCK_ROOT)    net (fo=7597, routed)        1.823     2.005    work_pls_i/usp_rf_data_converter_0/inst/s_axi_aclk
    SLICE_X113Y103       FDRE                                         r  work_pls_i/usp_rf_data_converter_0/inst/IP2Bus_Data_reg[12]/C

Slack:                    inf
  Source:                 work_pls_i/usp_rf_data_converter_0/inst/work_pls_usp_rf_data_converter_0_0_rf_wrapper_i/rx2_u_adc/INTERNAL_FBRC_DIV2_MUX
                            (rising edge-triggered cell HSADC clocked by RFADC2_CLK  {rise@0.000ns fall@5.000ns period=10.000ns})
  Destination:            work_pls_i/usp_rf_data_converter_0/inst/IP2Bus_Data_reg[15]/D
                            (rising edge-triggered cell FDRE clocked by clk_pl_0  {rise@0.000ns fall@5.156ns period=10.312ns})
  Path Group:             (none)
  Path Type:              Setup (Max at Slow Process Corner)
  Data Path Delay:        2.271ns  (logic 0.766ns (33.730%)  route 1.505ns (66.270%))
  Logic Levels:           4  (LUT5=2 LUT6=2)
  Clock Path Skew:        1.982ns (DCD - SCD + CPR)
    Destination Clock Delay (DCD):    1.982ns
    Source Clock Delay      (SCD):    0.000ns
    Clock Pessimism Removal (CPR):    0.000ns
  Clock Uncertainty:      0.159ns  ((TSJ^2 + DJ^2)^1/2) / 2 + PE
    Total System Jitter     (TSJ):    0.071ns
    Discrete Jitter          (DJ):    0.310ns
    Phase Error              (PE):    0.000ns
  Clock Net Delay (Destination): 1.800ns (routing 0.423ns, distribution 1.377ns)
  Timing Exception:       False Path

    Location             Delay type                Incr(ns)  Path(ns)    Netlist Resource(s)
  -------------------------------------------------------------------    -------------------
                         (clock RFADC2_CLK rise edge)
                                                      0.000     0.000 r  
    HSADC_X0Y2           HSADC                        0.000     0.000 r  work_pls_i/usp_rf_data_converter_0/inst/work_pls_usp_rf_data_converter_0_0_rf_wrapper_i/rx2_u_adc/INTERNAL_FBRC_DIV2_MUX
  -------------------------------------------------------------------    -------------------
    HSADC_X0Y2           HSADC (Prop_HSADC_INTERNAL_FBRC_DIV2_MUX_STATUS_COMMON[15])
                                                      0.525     0.525 r  work_pls_i/usp_rf_data_converter_0/inst/work_pls_usp_rf_data_converter_0_0_rf_wrapper_i/rx2_u_adc/STATUS_COMMON[15]
                         net (fo=1, routed)           0.960     1.485    work_pls_i/usp_rf_data_converter_0/inst/i_axi_lite_ipif/I_SLAVE_ATTACHMENT/I_DECODER/adc2_common_stat[15]
    SLICE_X113Y89        LUT5 (Prop_F6LUT_SLICEM_I2_O)
                                                      0.051     1.536 r  work_pls_i/usp_rf_data_converter_0/inst/i_axi_lite_ipif/I_SLAVE_ATTACHMENT/I_DECODER/IP2Bus_Data[15]_i_58/O
                         net (fo=1, routed)           0.082     1.618    work_pls_i/usp_rf_data_converter_0/inst/i_axi_lite_ipif/I_SLAVE_ATTACHMENT/I_DECODER/IP2Bus_Data[15]_i_58_n_0
    SLICE_X113Y88        LUT5 (Prop_E6LUT_SLICEM_I2_O)
                                                      0.037     1.655 r  work_pls_i/usp_rf_data_converter_0/inst/i_axi_lite_ipif/I_SLAVE_ATTACHMENT/I_DECODER/IP2Bus_Data[15]_i_20/O
                         net (fo=1, routed)           0.212     1.867    work_pls_i/usp_rf_data_converter_0/inst/i_axi_lite_ipif/I_SLAVE_ATTACHMENT/I_DECODER/IP2Bus_Data[15]_i_20_n_0
    SLICE_X115Y91        LUT6 (Prop_G6LUT_SLICEM_I2_O)
                                                      0.100     1.967 r  work_pls_i/usp_rf_data_converter_0/inst/i_axi_lite_ipif/I_SLAVE_ATTACHMENT/I_DECODER/IP2Bus_Data[15]_i_6/O
                         net (fo=1, routed)           0.193     2.160    work_pls_i/usp_rf_data_converter_0/inst/i_axi_lite_ipif/I_SLAVE_ATTACHMENT/I_DECODER/IP2Bus_Data[15]_i_6_n_0
    SLICE_X113Y91        LUT6 (Prop_H6LUT_SLICEM_I4_O)
                                                      0.053     2.213 r  work_pls_i/usp_rf_data_converter_0/inst/i_axi_lite_ipif/I_SLAVE_ATTACHMENT/I_DECODER/IP2Bus_Data[15]_i_1/O
                         net (fo=1, routed)           0.058     2.271    work_pls_i/usp_rf_data_converter_0/inst/i_axi_lite_ipif_n_69
    SLICE_X113Y91        FDRE                                         r  work_pls_i/usp_rf_data_converter_0/inst/IP2Bus_Data_reg[15]/D
  -------------------------------------------------------------------    -------------------

                         (clock clk_pl_0 rise edge)
                                                      0.000     0.000 r  
    PS8_X0Y0             PS8                          0.000     0.000 r  work_pls_i/zynq_ultra_ps_e_0/U0/PS8_i/PLCLK[0]
                         net (fo=1, routed)           0.157     0.157    work_pls_i/zynq_ultra_ps_e_0/U0/pl_clk_unbuffered[0]
    BUFG_PS_X0Y58        BUFG_PS (Prop_BUFG_PS_I_O)
                                                      0.025     0.182 r  work_pls_i/zynq_ultra_ps_e_0/U0/buffer_pl_clk_0.PL_CLK_0_BUFG/O
    X2Y2 (CLOCK_ROOT)    net (fo=7597, routed)        1.800     1.982    work_pls_i/usp_rf_data_converter_0/inst/s_axi_aclk
    SLICE_X113Y91        FDRE                                         r  work_pls_i/usp_rf_data_converter_0/inst/IP2Bus_Data_reg[15]/C





Min Delay Paths
--------------------------------------------------------------------------------------
Slack:                    inf
  Source:                 work_pls_i/usp_rf_data_converter_0/inst/work_pls_usp_rf_data_converter_0_0_rf_wrapper_i/rx2_u_adc/INTERNAL_FBRC_DIV2_MUX
                            (rising edge-triggered cell HSADC clocked by RFADC2_CLK  {rise@0.000ns fall@5.000ns period=10.000ns})
  Destination:            work_pls_i/usp_rf_data_converter_0/inst/IP2Bus_Data_reg[15]/D
                            (rising edge-triggered cell FDRE clocked by clk_pl_0  {rise@0.000ns fall@5.156ns period=10.312ns})
  Path Group:             (none)
  Path Type:              Hold (Min at Fast Process Corner)
  Data Path Delay:        1.098ns  (logic 0.349ns (31.785%)  route 0.749ns (68.215%))
  Logic Levels:           4  (LUT5=2 LUT6=2)
  Clock Path Skew:        1.398ns (DCD - SCD - CPR)
    Destination Clock Delay (DCD):    1.398ns
    Source Clock Delay      (SCD):    0.000ns
    Clock Pessimism Removal (CPR):    -0.000ns
  Clock Uncertainty:      0.159ns  ((TSJ^2 + DJ^2)^1/2) / 2 + PE
    Total System Jitter     (TSJ):    0.071ns
    Discrete Jitter          (DJ):    0.310ns
    Phase Error              (PE):    0.000ns
  Clock Net Delay (Destination): 1.251ns (routing 0.282ns, distribution 0.969ns)
  Timing Exception:       False Path

    Location             Delay type                Incr(ns)  Path(ns)    Netlist Resource(s)
  -------------------------------------------------------------------    -------------------
                         (clock RFADC2_CLK rise edge)
                                                      0.000     0.000 r  
    HSADC_X0Y2           HSADC                        0.000     0.000 r  work_pls_i/usp_rf_data_converter_0/inst/work_pls_usp_rf_data_converter_0_0_rf_wrapper_i/rx2_u_adc/INTERNAL_FBRC_DIV2_MUX
  -------------------------------------------------------------------    -------------------
    HSADC_X0Y2           HSADC (Prop_HSADC_INTERNAL_FBRC_DIV2_MUX_STATUS_COMMON[15])
                                                      0.250     0.250 r  work_pls_i/usp_rf_data_converter_0/inst/work_pls_usp_rf_data_converter_0_0_rf_wrapper_i/rx2_u_adc/STATUS_COMMON[15]
                         net (fo=1, routed)           0.473     0.723    work_pls_i/usp_rf_data_converter_0/inst/i_axi_lite_ipif/I_SLAVE_ATTACHMENT/I_DECODER/adc2_common_stat[15]
    SLICE_X113Y89        LUT5 (Prop_F6LUT_SLICEM_I2_O)
                                                      0.022     0.745 r  work_pls_i/usp_rf_data_converter_0/inst/i_axi_lite_ipif/I_SLAVE_ATTACHMENT/I_DECODER/IP2Bus_Data[15]_i_58/O
                         net (fo=1, routed)           0.046     0.791    work_pls_i/usp_rf_data_converter_0/inst/i_axi_lite_ipif/I_SLAVE_ATTACHMENT/I_DECODER/IP2Bus_Data[15]_i_58_n_0
    SLICE_X113Y88        LUT5 (Prop_E6LUT_SLICEM_I2_O)
                                                      0.014     0.805 r  work_pls_i/usp_rf_data_converter_0/inst/i_axi_lite_ipif/I_SLAVE_ATTACHMENT/I_DECODER/IP2Bus_Data[15]_i_20/O
                         net (fo=1, routed)           0.110     0.915    work_pls_i/usp_rf_data_converter_0/inst/i_axi_lite_ipif/I_SLAVE_ATTACHMENT/I_DECODER/IP2Bus_Data[15]_i_20_n_0
    SLICE_X115Y91        LUT6 (Prop_G6LUT_SLICEM_I2_O)
                                                      0.040     0.955 r  work_pls_i/usp_rf_data_converter_0/inst/i_axi_lite_ipif/I_SLAVE_ATTACHMENT/I_DECODER/IP2Bus_Data[15]_i_6/O
                         net (fo=1, routed)           0.099     1.054    work_pls_i/usp_rf_data_converter_0/inst/i_axi_lite_ipif/I_SLAVE_ATTACHMENT/I_DECODER/IP2Bus_Data[15]_i_6_n_0
    SLICE_X113Y91        LUT6 (Prop_H6LUT_SLICEM_I4_O)
                                                      0.023     1.077 r  work_pls_i/usp_rf_data_converter_0/inst/i_axi_lite_ipif/I_SLAVE_ATTACHMENT/I_DECODER/IP2Bus_Data[15]_i_1/O
                         net (fo=1, routed)           0.021     1.098    work_pls_i/usp_rf_data_converter_0/inst/i_axi_lite_ipif_n_69
    SLICE_X113Y91        FDRE                                         r  work_pls_i/usp_rf_data_converter_0/inst/IP2Bus_Data_reg[15]/D
  -------------------------------------------------------------------    -------------------

                         (clock clk_pl_0 rise edge)
                                                      0.000     0.000 r  
    PS8_X0Y0             PS8                          0.000     0.000 r  work_pls_i/zynq_ultra_ps_e_0/U0/PS8_i/PLCLK[0]
                         net (fo=1, routed)           0.129     0.129    work_pls_i/zynq_ultra_ps_e_0/U0/pl_clk_unbuffered[0]
    BUFG_PS_X0Y58        BUFG_PS (Prop_BUFG_PS_I_O)
                                                      0.018     0.147 r  work_pls_i/zynq_ultra_ps_e_0/U0/buffer_pl_clk_0.PL_CLK_0_BUFG/O
    X2Y2 (CLOCK_ROOT)    net (fo=7597, routed)        1.251     1.398    work_pls_i/usp_rf_data_converter_0/inst/s_axi_aclk
    SLICE_X113Y91        FDRE                                         r  work_pls_i/usp_rf_data_converter_0/inst/IP2Bus_Data_reg[15]/C

Slack:                    inf
  Source:                 work_pls_i/usp_rf_data_converter_0/inst/work_pls_usp_rf_data_converter_0_0_rf_wrapper_i/rx2_u_adc/INTERNAL_FBRC_DIV2_MUX
                            (rising edge-triggered cell HSADC clocked by RFADC2_CLK  {rise@0.000ns fall@5.000ns period=10.000ns})
  Destination:            work_pls_i/usp_rf_data_converter_0/inst/IP2Bus_Data_reg[12]/D
                            (rising edge-triggered cell FDRE clocked by clk_pl_0  {rise@0.000ns fall@5.156ns period=10.312ns})
  Path Group:             (none)
  Path Type:              Hold (Min at Fast Process Corner)
  Data Path Delay:        1.166ns  (logic 0.352ns (30.189%)  route 0.814ns (69.811%))
  Logic Levels:           3  (LUT6=3)
  Clock Path Skew:        1.415ns (DCD - SCD - CPR)
    Destination Clock Delay (DCD):    1.415ns
    Source Clock Delay      (SCD):    0.000ns
    Clock Pessimism Removal (CPR):    -0.000ns
  Clock Uncertainty:      0.159ns  ((TSJ^2 + DJ^2)^1/2) / 2 + PE
    Total System Jitter     (TSJ):    0.071ns
    Discrete Jitter          (DJ):    0.310ns
    Phase Error              (PE):    0.000ns
  Clock Net Delay (Destination): 1.268ns (routing 0.282ns, distribution 0.986ns)
  Timing Exception:       False Path

    Location             Delay type                Incr(ns)  Path(ns)    Netlist Resource(s)
  -------------------------------------------------------------------    -------------------
                         (clock RFADC2_CLK rise edge)
                                                      0.000     0.000 r  
    HSADC_X0Y2           HSADC                        0.000     0.000 r  work_pls_i/usp_rf_data_converter_0/inst/work_pls_usp_rf_data_converter_0_0_rf_wrapper_i/rx2_u_adc/INTERNAL_FBRC_DIV2_MUX
  -------------------------------------------------------------------    -------------------
    HSADC_X0Y2           HSADC (Prop_HSADC_INTERNAL_FBRC_DIV2_MUX_STATUS_COMMON[12])
                                                      0.274     0.274 r  work_pls_i/usp_rf_data_converter_0/inst/work_pls_usp_rf_data_converter_0_0_rf_wrapper_i/rx2_u_adc/STATUS_COMMON[12]
                         net (fo=1, routed)           0.493     0.767    work_pls_i/usp_rf_data_converter_0/inst/i_axi_lite_ipif/I_SLAVE_ATTACHMENT/I_DECODER/adc2_common_stat[12]
    SLICE_X111Y86        LUT6 (Prop_H6LUT_SLICEL_I1_O)
                                                      0.041     0.808 f  work_pls_i/usp_rf_data_converter_0/inst/i_axi_lite_ipif/I_SLAVE_ATTACHMENT/I_DECODER/IP2Bus_Data[12]_i_18/O
                         net (fo=1, routed)           0.128     0.936    work_pls_i/usp_rf_data_converter_0/inst/i_axi_lite_ipif/I_SLAVE_ATTACHMENT/I_DECODER/IP2Bus_Data[12]_i_18_n_0
    SLICE_X113Y91        LUT6 (Prop_D6LUT_SLICEM_I2_O)
                                                      0.014     0.950 r  work_pls_i/usp_rf_data_converter_0/inst/i_axi_lite_ipif/I_SLAVE_ATTACHMENT/I_DECODER/IP2Bus_Data[12]_i_6/O
                         net (fo=1, routed)           0.172     1.122    work_pls_i/usp_rf_data_converter_0/inst/i_axi_lite_ipif/I_SLAVE_ATTACHMENT/I_DECODER/IP2Bus_Data[12]_i_6_n_0
    SLICE_X113Y103       LUT6 (Prop_H6LUT_SLICEM_I4_O)
                                                      0.023     1.145 r  work_pls_i/usp_rf_data_converter_0/inst/i_axi_lite_ipif/I_SLAVE_ATTACHMENT/I_DECODER/IP2Bus_Data[12]_i_1/O
                         net (fo=1, routed)           0.021     1.166    work_pls_i/usp_rf_data_converter_0/inst/i_axi_lite_ipif_n_72
    SLICE_X113Y103       FDRE                                         r  work_pls_i/usp_rf_data_converter_0/inst/IP2Bus_Data_reg[12]/D
  -------------------------------------------------------------------    -------------------

                         (clock clk_pl_0 rise edge)
                                                      0.000     0.000 r  
    PS8_X0Y0             PS8                          0.000     0.000 r  work_pls_i/zynq_ultra_ps_e_0/U0/PS8_i/PLCLK[0]
                         net (fo=1, routed)           0.129     0.129    work_pls_i/zynq_ultra_ps_e_0/U0/pl_clk_unbuffered[0]
    BUFG_PS_X0Y58        BUFG_PS (Prop_BUFG_PS_I_O)
                                                      0.018     0.147 r  work_pls_i/zynq_ultra_ps_e_0/U0/buffer_pl_clk_0.PL_CLK_0_BUFG/O
    X2Y2 (CLOCK_ROOT)    net (fo=7597, routed)        1.268     1.415    work_pls_i/usp_rf_data_converter_0/inst/s_axi_aclk
    SLICE_X113Y103       FDRE                                         r  work_pls_i/usp_rf_data_converter_0/inst/IP2Bus_Data_reg[12]/C

Slack:                    inf
  Source:                 work_pls_i/usp_rf_data_converter_0/inst/work_pls_usp_rf_data_converter_0_0_rf_wrapper_i/rx2_u_adc/INTERNAL_FBRC_DIV2_MUX
                            (rising edge-triggered cell HSADC clocked by RFADC2_CLK  {rise@0.000ns fall@5.000ns period=10.000ns})
  Destination:            work_pls_i/usp_rf_data_converter_0/inst/IP2Bus_Data_reg[9]/D
                            (rising edge-triggered cell FDRE clocked by clk_pl_0  {rise@0.000ns fall@5.156ns period=10.312ns})
  Path Group:             (none)
  Path Type:              Hold (Min at Fast Process Corner)
  Data Path Delay:        1.196ns  (logic 0.369ns (30.853%)  route 0.827ns (69.147%))
  Logic Levels:           5  (LUT4=2 LUT6=3)
  Clock Path Skew:        1.418ns (DCD - SCD - CPR)
    Destination Clock Delay (DCD):    1.418ns
    Source Clock Delay      (SCD):    0.000ns
    Clock Pessimism Removal (CPR):    -0.000ns
  Clock Uncertainty:      0.159ns  ((TSJ^2 + DJ^2)^1/2) / 2 + PE
    Total System Jitter     (TSJ):    0.071ns
    Discrete Jitter          (DJ):    0.310ns
    Phase Error              (PE):    0.000ns
  Clock Net Delay (Destination): 1.271ns (routing 0.282ns, distribution 0.989ns)
  Timing Exception:       False Path

    Location             Delay type                Incr(ns)  Path(ns)    Netlist Resource(s)
  -------------------------------------------------------------------    -------------------
                         (clock RFADC2_CLK rise edge)
                                                      0.000     0.000 r  
    HSADC_X0Y2           HSADC                        0.000     0.000 r  work_pls_i/usp_rf_data_converter_0/inst/work_pls_usp_rf_data_converter_0_0_rf_wrapper_i/rx2_u_adc/INTERNAL_FBRC_DIV2_MUX
  -------------------------------------------------------------------    -------------------
    HSADC_X0Y2           HSADC (Prop_HSADC_INTERNAL_FBRC_DIV2_MUX_STATUS_COMMON[9])
                                                      0.228     0.228 r  work_pls_i/usp_rf_data_converter_0/inst/work_pls_usp_rf_data_converter_0_0_rf_wrapper_i/rx2_u_adc/STATUS_COMMON[9]
                         net (fo=1, routed)           0.435     0.663    work_pls_i/usp_rf_data_converter_0/inst/i_axi_lite_ipif/I_SLAVE_ATTACHMENT/I_DECODER/adc2_common_stat[9]
    SLICE_X110Y90        LUT4 (Prop_F6LUT_SLICEM_I0_O)
                                                      0.022     0.685 r  work_pls_i/usp_rf_data_converter_0/inst/i_axi_lite_ipif/I_SLAVE_ATTACHMENT/I_DECODER/IP2Bus_Data[9]_i_35/O
                         net (fo=1, routed)           0.023     0.708    work_pls_i/usp_rf_data_converter_0/inst/i_axi_lite_ipif/I_SLAVE_ATTACHMENT/I_DECODER/IP2Bus_Data[9]_i_35_n_0
    SLICE_X110Y90        LUT4 (Prop_G6LUT_SLICEM_I0_O)
                                                      0.022     0.730 f  work_pls_i/usp_rf_data_converter_0/inst/i_axi_lite_ipif/I_SLAVE_ATTACHMENT/I_DECODER/IP2Bus_Data[9]_i_27/O
                         net (fo=1, routed)           0.118     0.848    work_pls_i/usp_rf_data_converter_0/inst/i_axi_lite_ipif/I_SLAVE_ATTACHMENT/I_DECODER/IP2Bus_Data[9]_i_27_n_0
    SLICE_X114Y94        LUT6 (Prop_G6LUT_SLICEL_I2_O)
                                                      0.035     0.883 r  work_pls_i/usp_rf_data_converter_0/inst/i_axi_lite_ipif/I_SLAVE_ATTACHMENT/I_DECODER/IP2Bus_Data[9]_i_17/O
                         net (fo=1, routed)           0.077     0.960    work_pls_i/usp_rf_data_converter_0/inst/i_axi_lite_ipif/I_SLAVE_ATTACHMENT/I_DECODER/IP2Bus_Data[9]_i_17_n_0
    SLICE_X115Y96        LUT6 (Prop_G6LUT_SLICEM_I4_O)
                                                      0.040     1.000 f  work_pls_i/usp_rf_data_converter_0/inst/i_axi_lite_ipif/I_SLAVE_ATTACHMENT/I_DECODER/IP2Bus_Data[9]_i_5/O
                         net (fo=1, routed)           0.150     1.150    work_pls_i/usp_rf_data_converter_0/inst/i_axi_lite_ipif/I_SLAVE_ATTACHMENT/I_DECODER/IP2Bus_Data[9]_i_5_n_0
    SLICE_X113Y104       LUT6 (Prop_C6LUT_SLICEM_I4_O)
                                                      0.022     1.172 r  work_pls_i/usp_rf_data_converter_0/inst/i_axi_lite_ipif/I_SLAVE_ATTACHMENT/I_DECODER/IP2Bus_Data[9]_i_1/O
                         net (fo=1, routed)           0.024     1.196    work_pls_i/usp_rf_data_converter_0/inst/i_axi_lite_ipif_n_75
    SLICE_X113Y104       FDRE                                         r  work_pls_i/usp_rf_data_converter_0/inst/IP2Bus_Data_reg[9]/D
  -------------------------------------------------------------------    -------------------

                         (clock clk_pl_0 rise edge)
                                                      0.000     0.000 r  
    PS8_X0Y0             PS8                          0.000     0.000 r  work_pls_i/zynq_ultra_ps_e_0/U0/PS8_i/PLCLK[0]
                         net (fo=1, routed)           0.129     0.129    work_pls_i/zynq_ultra_ps_e_0/U0/pl_clk_unbuffered[0]
    BUFG_PS_X0Y58        BUFG_PS (Prop_BUFG_PS_I_O)
                                                      0.018     0.147 r  work_pls_i/zynq_ultra_ps_e_0/U0/buffer_pl_clk_0.PL_CLK_0_BUFG/O
    X2Y2 (CLOCK_ROOT)    net (fo=7597, routed)        1.271     1.418    work_pls_i/usp_rf_data_converter_0/inst/s_axi_aclk
    SLICE_X113Y104       FDRE                                         r  work_pls_i/usp_rf_data_converter_0/inst/IP2Bus_Data_reg[9]/C

Slack:                    inf
  Source:                 work_pls_i/usp_rf_data_converter_0/inst/work_pls_usp_rf_data_converter_0_0_rf_wrapper_i/rx2_u_adc/INTERNAL_FBRC_DIV2_MUX
                            (rising edge-triggered cell HSADC clocked by RFADC2_CLK  {rise@0.000ns fall@5.000ns period=10.000ns})
  Destination:            work_pls_i/usp_rf_data_converter_0/inst/IP2Bus_Data_reg[13]/D
                            (rising edge-triggered cell FDRE clocked by clk_pl_0  {rise@0.000ns fall@5.156ns period=10.312ns})
  Path Group:             (none)
  Path Type:              Hold (Min at Fast Process Corner)
  Data Path Delay:        1.211ns  (logic 0.387ns (31.957%)  route 0.824ns (68.043%))
  Logic Levels:           4  (LUT5=1 LUT6=3)
  Clock Path Skew:        1.416ns (DCD - SCD - CPR)
    Destination Clock Delay (DCD):    1.416ns
    Source Clock Delay      (SCD):    0.000ns
    Clock Pessimism Removal (CPR):    -0.000ns
  Clock Uncertainty:      0.159ns  ((TSJ^2 + DJ^2)^1/2) / 2 + PE
    Total System Jitter     (TSJ):    0.071ns
    Discrete Jitter          (DJ):    0.310ns
    Phase Error              (PE):    0.000ns
  Clock Net Delay (Destination): 1.269ns (routing 0.282ns, distribution 0.987ns)
  Timing Exception:       False Path

    Location             Delay type                Incr(ns)  Path(ns)    Netlist Resource(s)
  -------------------------------------------------------------------    -------------------
                         (clock RFADC2_CLK rise edge)
                                                      0.000     0.000 r  
    HSADC_X0Y2           HSADC                        0.000     0.000 r  work_pls_i/usp_rf_data_converter_0/inst/work_pls_usp_rf_data_converter_0_0_rf_wrapper_i/rx2_u_adc/INTERNAL_FBRC_DIV2_MUX
  -------------------------------------------------------------------    -------------------
    HSADC_X0Y2           HSADC (Prop_HSADC_INTERNAL_FBRC_DIV2_MUX_STATUS_COMMON[13])
                                                      0.241     0.241 r  work_pls_i/usp_rf_data_converter_0/inst/work_pls_usp_rf_data_converter_0_0_rf_wrapper_i/rx2_u_adc/STATUS_COMMON[13]
                         net (fo=1, routed)           0.477     0.718    work_pls_i/usp_rf_data_converter_0/inst/i_axi_lite_ipif/I_SLAVE_ATTACHMENT/I_DECODER/adc2_common_stat[13]
    SLICE_X111Y89        LUT5 (Prop_G6LUT_SLICEL_I3_O)
                                                      0.050     0.768 r  work_pls_i/usp_rf_data_converter_0/inst/i_axi_lite_ipif/I_SLAVE_ATTACHMENT/I_DECODER/IP2Bus_Data[13]_i_30/O
                         net (fo=1, routed)           0.024     0.792    work_pls_i/usp_rf_data_converter_0/inst/i_axi_lite_ipif/I_SLAVE_ATTACHMENT/I_DECODER/IP2Bus_Data[13]_i_30_n_0
    SLICE_X111Y89        LUT6 (Prop_H6LUT_SLICEL_I2_O)
                                                      0.041     0.833 r  work_pls_i/usp_rf_data_converter_0/inst/i_axi_lite_ipif/I_SLAVE_ATTACHMENT/I_DECODER/IP2Bus_Data[13]_i_17/O
                         net (fo=1, routed)           0.137     0.970    work_pls_i/usp_rf_data_converter_0/inst/i_axi_lite_ipif/I_SLAVE_ATTACHMENT/I_DECODER/IP2Bus_Data[13]_i_17_n_0
    SLICE_X116Y91        LUT6 (Prop_G6LUT_SLICEL_I2_O)
                                                      0.014     0.984 f  work_pls_i/usp_rf_data_converter_0/inst/i_axi_lite_ipif/I_SLAVE_ATTACHMENT/I_DECODER/IP2Bus_Data[13]_i_5/O
                         net (fo=1, routed)           0.160     1.144    work_pls_i/usp_rf_data_converter_0/inst/i_axi_lite_ipif/I_SLAVE_ATTACHMENT/I_DECODER/IP2Bus_Data[13]_i_5_n_0
    SLICE_X113Y100       LUT6 (Prop_D6LUT_SLICEM_I3_O)
                                                      0.041     1.185 r  work_pls_i/usp_rf_data_converter_0/inst/i_axi_lite_ipif/I_SLAVE_ATTACHMENT/I_DECODER/IP2Bus_Data[13]_i_1/O
                         net (fo=1, routed)           0.026     1.211    work_pls_i/usp_rf_data_converter_0/inst/i_axi_lite_ipif_n_71
    SLICE_X113Y100       FDRE                                         r  work_pls_i/usp_rf_data_converter_0/inst/IP2Bus_Data_reg[13]/D
  -------------------------------------------------------------------    -------------------

                         (clock clk_pl_0 rise edge)
                                                      0.000     0.000 r  
    PS8_X0Y0             PS8                          0.000     0.000 r  work_pls_i/zynq_ultra_ps_e_0/U0/PS8_i/PLCLK[0]
                         net (fo=1, routed)           0.129     0.129    work_pls_i/zynq_ultra_ps_e_0/U0/pl_clk_unbuffered[0]
    BUFG_PS_X0Y58        BUFG_PS (Prop_BUFG_PS_I_O)
                                                      0.018     0.147 r  work_pls_i/zynq_ultra_ps_e_0/U0/buffer_pl_clk_0.PL_CLK_0_BUFG/O
    X2Y2 (CLOCK_ROOT)    net (fo=7597, routed)        1.269     1.416    work_pls_i/usp_rf_data_converter_0/inst/s_axi_aclk
    SLICE_X113Y100       FDRE                                         r  work_pls_i/usp_rf_data_converter_0/inst/IP2Bus_Data_reg[13]/C

Slack:                    inf
  Source:                 work_pls_i/usp_rf_data_converter_0/inst/work_pls_usp_rf_data_converter_0_0_rf_wrapper_i/rx2_u_adc/INTERNAL_FBRC_DIV2_MUX
                            (rising edge-triggered cell HSADC clocked by RFADC2_CLK  {rise@0.000ns fall@5.000ns period=10.000ns})
  Destination:            work_pls_i/usp_rf_data_converter_0/inst/IP2Bus_Data_reg[14]/D
                            (rising edge-triggered cell FDRE clocked by clk_pl_0  {rise@0.000ns fall@5.156ns period=10.312ns})
  Path Group:             (none)
  Path Type:              Hold (Min at Fast Process Corner)
  Data Path Delay:        1.240ns  (logic 0.477ns (38.468%)  route 0.763ns (61.532%))
  Logic Levels:           5  (LUT4=1 LUT6=4)
  Clock Path Skew:        1.395ns (DCD - SCD - CPR)
    Destination Clock Delay (DCD):    1.395ns
    Source Clock Delay      (SCD):    0.000ns
    Clock Pessimism Removal (CPR):    -0.000ns
  Clock Uncertainty:      0.159ns  ((TSJ^2 + DJ^2)^1/2) / 2 + PE
    Total System Jitter     (TSJ):    0.071ns
    Discrete Jitter          (DJ):    0.310ns
    Phase Error              (PE):    0.000ns
  Clock Net Delay (Destination): 1.248ns (routing 0.282ns, distribution 0.966ns)
  Timing Exception:       False Path

    Location             Delay type                Incr(ns)  Path(ns)    Netlist Resource(s)
  -------------------------------------------------------------------    -------------------
                         (clock RFADC2_CLK rise edge)
                                                      0.000     0.000 r  
    HSADC_X0Y2           HSADC                        0.000     0.000 r  work_pls_i/usp_rf_data_converter_0/inst/work_pls_usp_rf_data_converter_0_0_rf_wrapper_i/rx2_u_adc/INTERNAL_FBRC_DIV2_MUX
  -------------------------------------------------------------------    -------------------
    HSADC_X0Y2           HSADC (Prop_HSADC_INTERNAL_FBRC_DIV2_MUX_STATUS_COMMON[14])
                                                      0.285     0.285 r  work_pls_i/usp_rf_data_converter_0/inst/work_pls_usp_rf_data_converter_0_0_rf_wrapper_i/rx2_u_adc/STATUS_COMMON[14]
                         net (fo=1, routed)           0.420     0.705    work_pls_i/usp_rf_data_converter_0/inst/i_axi_lite_ipif/I_SLAVE_ATTACHMENT/I_DECODER/adc2_common_stat[14]
    SLICE_X118Y88        LUT4 (Prop_H6LUT_SLICEM_I2_O)
                                                      0.061     0.766 f  work_pls_i/usp_rf_data_converter_0/inst/i_axi_lite_ipif/I_SLAVE_ATTACHMENT/I_DECODER/IP2Bus_Data[14]_i_67/O
                         net (fo=1, routed)           0.128     0.894    work_pls_i/usp_rf_data_converter_0/inst/i_axi_lite_ipif/I_SLAVE_ATTACHMENT/I_DECODER/IP2Bus_Data[14]_i_67_n_0
    SLICE_X115Y88        LUT6 (Prop_C6LUT_SLICEM_I2_O)
                                                      0.035     0.929 r  work_pls_i/usp_rf_data_converter_0/inst/i_axi_lite_ipif/I_SLAVE_ATTACHMENT/I_DECODER/IP2Bus_Data[14]_i_52/O
                         net (fo=1, routed)           0.056     0.985    work_pls_i/usp_rf_data_converter_0/inst/i_axi_lite_ipif/I_SLAVE_ATTACHMENT/I_DECODER/IP2Bus_Data[14]_i_52_n_0
    SLICE_X114Y88        LUT6 (Prop_H6LUT_SLICEL_I2_O)
                                                      0.060     1.045 r  work_pls_i/usp_rf_data_converter_0/inst/i_axi_lite_ipif/I_SLAVE_ATTACHMENT/I_DECODER/IP2Bus_Data[14]_i_24/O
                         net (fo=1, routed)           0.102     1.147    work_pls_i/usp_rf_data_converter_0/inst/i_axi_lite_ipif/I_SLAVE_ATTACHMENT/I_DECODER/IP2Bus_Data[14]_i_24_n_0
    SLICE_X114Y91        LUT6 (Prop_F6LUT_SLICEL_I3_O)
                                                      0.014     1.161 r  work_pls_i/usp_rf_data_converter_0/inst/i_axi_lite_ipif/I_SLAVE_ATTACHMENT/I_DECODER/IP2Bus_Data[14]_i_6/O
                         net (fo=1, routed)           0.041     1.202    work_pls_i/usp_rf_data_converter_0/inst/i_axi_lite_ipif/I_SLAVE_ATTACHMENT/I_DECODER/IP2Bus_Data[14]_i_6_n_0
    SLICE_X114Y91        LUT6 (Prop_D6LUT_SLICEL_I4_O)
                                                      0.022     1.224 r  work_pls_i/usp_rf_data_converter_0/inst/i_axi_lite_ipif/I_SLAVE_ATTACHMENT/I_DECODER/IP2Bus_Data[14]_i_1/O
                         net (fo=1, routed)           0.016     1.240    work_pls_i/usp_rf_data_converter_0/inst/i_axi_lite_ipif_n_70
    SLICE_X114Y91        FDRE                                         r  work_pls_i/usp_rf_data_converter_0/inst/IP2Bus_Data_reg[14]/D
  -------------------------------------------------------------------    -------------------

                         (clock clk_pl_0 rise edge)
                                                      0.000     0.000 r  
    PS8_X0Y0             PS8                          0.000     0.000 r  work_pls_i/zynq_ultra_ps_e_0/U0/PS8_i/PLCLK[0]
                         net (fo=1, routed)           0.129     0.129    work_pls_i/zynq_ultra_ps_e_0/U0/pl_clk_unbuffered[0]
    BUFG_PS_X0Y58        BUFG_PS (Prop_BUFG_PS_I_O)
                                                      0.018     0.147 r  work_pls_i/zynq_ultra_ps_e_0/U0/buffer_pl_clk_0.PL_CLK_0_BUFG/O
    X2Y2 (CLOCK_ROOT)    net (fo=7597, routed)        1.248     1.395    work_pls_i/usp_rf_data_converter_0/inst/s_axi_aclk
    SLICE_X114Y91        FDRE                                         r  work_pls_i/usp_rf_data_converter_0/inst/IP2Bus_Data_reg[14]/C

Slack:                    inf
  Source:                 work_pls_i/usp_rf_data_converter_0/inst/work_pls_usp_rf_data_converter_0_0_rf_wrapper_i/rx2_u_adc/INTERNAL_FBRC_DIV2_MUX
                            (rising edge-triggered cell HSADC clocked by RFADC2_CLK  {rise@0.000ns fall@5.000ns period=10.000ns})
  Destination:            work_pls_i/usp_rf_data_converter_0/inst/IP2Bus_Data_reg[11]/D
                            (rising edge-triggered cell FDRE clocked by clk_pl_0  {rise@0.000ns fall@5.156ns period=10.312ns})
  Path Group:             (none)
  Path Type:              Hold (Min at Fast Process Corner)
  Data Path Delay:        1.355ns  (logic 0.417ns (30.775%)  route 0.938ns (69.225%))
  Logic Levels:           5  (LUT4=2 LUT6=3)
  Clock Path Skew:        1.407ns (DCD - SCD - CPR)
    Destination Clock Delay (DCD):    1.407ns
    Source Clock Delay      (SCD):    0.000ns
    Clock Pessimism Removal (CPR):    -0.000ns
  Clock Uncertainty:      0.159ns  ((TSJ^2 + DJ^2)^1/2) / 2 + PE
    Total System Jitter     (TSJ):    0.071ns
    Discrete Jitter          (DJ):    0.310ns
    Phase Error              (PE):    0.000ns
  Clock Net Delay (Destination): 1.260ns (routing 0.282ns, distribution 0.978ns)
  Timing Exception:       False Path

    Location             Delay type                Incr(ns)  Path(ns)    Netlist Resource(s)
  -------------------------------------------------------------------    -------------------
                         (clock RFADC2_CLK rise edge)
                                                      0.000     0.000 r  
    HSADC_X0Y2           HSADC                        0.000     0.000 r  work_pls_i/usp_rf_data_converter_0/inst/work_pls_usp_rf_data_converter_0_0_rf_wrapper_i/rx2_u_adc/INTERNAL_FBRC_DIV2_MUX
  -------------------------------------------------------------------    -------------------
    HSADC_X0Y2           HSADC (Prop_HSADC_INTERNAL_FBRC_DIV2_MUX_STATUS_COMMON[11])
                                                      0.265     0.265 r  work_pls_i/usp_rf_data_converter_0/inst/work_pls_usp_rf_data_converter_0_0_rf_wrapper_i/rx2_u_adc/STATUS_COMMON[11]
                         net (fo=1, routed)           0.437     0.702    work_pls_i/usp_rf_data_converter_0/inst/i_axi_lite_ipif/I_SLAVE_ATTACHMENT/I_DECODER/adc2_common_stat[11]
    SLICE_X110Y89        LUT4 (Prop_F6LUT_SLICEM_I0_O)
                                                      0.035     0.737 r  work_pls_i/usp_rf_data_converter_0/inst/i_axi_lite_ipif/I_SLAVE_ATTACHMENT/I_DECODER/IP2Bus_Data[11]_i_40/O
                         net (fo=1, routed)           0.067     0.804    work_pls_i/usp_rf_data_converter_0/inst/i_axi_lite_ipif/I_SLAVE_ATTACHMENT/I_DECODER/IP2Bus_Data[11]_i_40_n_0
    SLICE_X112Y89        LUT4 (Prop_F6LUT_SLICEM_I0_O)
                                                      0.022     0.826 f  work_pls_i/usp_rf_data_converter_0/inst/i_axi_lite_ipif/I_SLAVE_ATTACHMENT/I_DECODER/IP2Bus_Data[11]_i_32/O
                         net (fo=1, routed)           0.159     0.985    work_pls_i/usp_rf_data_converter_0/inst/i_axi_lite_ipif/I_SLAVE_ATTACHMENT/I_DECODER/IP2Bus_Data[11]_i_32_n_0
    SLICE_X114Y91        LUT6 (Prop_G6LUT_SLICEL_I2_O)
                                                      0.022     1.007 r  work_pls_i/usp_rf_data_converter_0/inst/i_axi_lite_ipif/I_SLAVE_ATTACHMENT/I_DECODER/IP2Bus_Data[11]_i_18/O
                         net (fo=1, routed)           0.105     1.112    work_pls_i/usp_rf_data_converter_0/inst/i_axi_lite_ipif/I_SLAVE_ATTACHMENT/I_DECODER/IP2Bus_Data[11]_i_18_n_0
    SLICE_X115Y95        LUT6 (Prop_G6LUT_SLICEM_I4_O)
                                                      0.050     1.162 f  work_pls_i/usp_rf_data_converter_0/inst/i_axi_lite_ipif/I_SLAVE_ATTACHMENT/I_DECODER/IP2Bus_Data[11]_i_5/O
                         net (fo=1, routed)           0.149     1.311    work_pls_i/usp_rf_data_converter_0/inst/i_axi_lite_ipif/I_SLAVE_ATTACHMENT/I_DECODER/IP2Bus_Data[11]_i_5_n_0
    SLICE_X113Y105       LUT6 (Prop_H6LUT_SLICEM_I4_O)
                                                      0.023     1.334 r  work_pls_i/usp_rf_data_converter_0/inst/i_axi_lite_ipif/I_SLAVE_ATTACHMENT/I_DECODER/IP2Bus_Data[11]_i_1/O
                         net (fo=1, routed)           0.021     1.355    work_pls_i/usp_rf_data_converter_0/inst/i_axi_lite_ipif_n_73
    SLICE_X113Y105       FDRE                                         r  work_pls_i/usp_rf_data_converter_0/inst/IP2Bus_Data_reg[11]/D
  -------------------------------------------------------------------    -------------------

                         (clock clk_pl_0 rise edge)
                                                      0.000     0.000 r  
    PS8_X0Y0             PS8                          0.000     0.000 r  work_pls_i/zynq_ultra_ps_e_0/U0/PS8_i/PLCLK[0]
                         net (fo=1, routed)           0.129     0.129    work_pls_i/zynq_ultra_ps_e_0/U0/pl_clk_unbuffered[0]
    BUFG_PS_X0Y58        BUFG_PS (Prop_BUFG_PS_I_O)
                                                      0.018     0.147 r  work_pls_i/zynq_ultra_ps_e_0/U0/buffer_pl_clk_0.PL_CLK_0_BUFG/O
    X2Y2 (CLOCK_ROOT)    net (fo=7597, routed)        1.260     1.407    work_pls_i/usp_rf_data_converter_0/inst/s_axi_aclk
    SLICE_X113Y105       FDRE                                         r  work_pls_i/usp_rf_data_converter_0/inst/IP2Bus_Data_reg[11]/C

Slack:                    inf
  Source:                 work_pls_i/usp_rf_data_converter_0/inst/work_pls_usp_rf_data_converter_0_0_rf_wrapper_i/rx2_u_adc/INTERNAL_FBRC_DIV2_MUX
                            (rising edge-triggered cell HSADC clocked by RFADC2_CLK  {rise@0.000ns fall@5.000ns period=10.000ns})
  Destination:            work_pls_i/usp_rf_data_converter_0/inst/IP2Bus_Data_reg[10]/D
                            (rising edge-triggered cell FDRE clocked by clk_pl_0  {rise@0.000ns fall@5.156ns period=10.312ns})
  Path Group:             (none)
  Path Type:              Hold (Min at Fast Process Corner)
  Data Path Delay:        1.390ns  (logic 0.443ns (31.871%)  route 0.947ns (68.129%))
  Logic Levels:           5  (LUT4=2 LUT6=3)
  Clock Path Skew:        1.403ns (DCD - SCD - CPR)
    Destination Clock Delay (DCD):    1.403ns
    Source Clock Delay      (SCD):    0.000ns
    Clock Pessimism Removal (CPR):    -0.000ns
  Clock Uncertainty:      0.159ns  ((TSJ^2 + DJ^2)^1/2) / 2 + PE
    Total System Jitter     (TSJ):    0.071ns
    Discrete Jitter          (DJ):    0.310ns
    Phase Error              (PE):    0.000ns
  Clock Net Delay (Destination): 1.256ns (routing 0.282ns, distribution 0.974ns)
  Timing Exception:       False Path

    Location             Delay type                Incr(ns)  Path(ns)    Netlist Resource(s)
  -------------------------------------------------------------------    -------------------
                         (clock RFADC2_CLK rise edge)
                                                      0.000     0.000 r  
    HSADC_X0Y2           HSADC                        0.000     0.000 r  work_pls_i/usp_rf_data_converter_0/inst/work_pls_usp_rf_data_converter_0_0_rf_wrapper_i/rx2_u_adc/INTERNAL_FBRC_DIV2_MUX
  -------------------------------------------------------------------    -------------------
    HSADC_X0Y2           HSADC (Prop_HSADC_INTERNAL_FBRC_DIV2_MUX_STATUS_COMMON[10])
                                                      0.227     0.227 r  work_pls_i/usp_rf_data_converter_0/inst/work_pls_usp_rf_data_converter_0_0_rf_wrapper_i/rx2_u_adc/STATUS_COMMON[10]
                         net (fo=1, routed)           0.489     0.716    work_pls_i/usp_rf_data_converter_0/inst/i_axi_lite_ipif/I_SLAVE_ATTACHMENT/I_DECODER/adc2_common_stat[10]
    SLICE_X112Y89        LUT4 (Prop_G6LUT_SLICEM_I0_O)
                                                      0.050     0.766 r  work_pls_i/usp_rf_data_converter_0/inst/i_axi_lite_ipif/I_SLAVE_ATTACHMENT/I_DECODER/IP2Bus_Data[10]_i_35/O
                         net (fo=1, routed)           0.028     0.794    work_pls_i/usp_rf_data_converter_0/inst/i_axi_lite_ipif/I_SLAVE_ATTACHMENT/I_DECODER/IP2Bus_Data[10]_i_35_n_0
    SLICE_X112Y89        LUT4 (Prop_B6LUT_SLICEM_I0_O)
                                                      0.050     0.844 f  work_pls_i/usp_rf_data_converter_0/inst/i_axi_lite_ipif/I_SLAVE_ATTACHMENT/I_DECODER/IP2Bus_Data[10]_i_27/O
                         net (fo=1, routed)           0.141     0.985    work_pls_i/usp_rf_data_converter_0/inst/i_axi_lite_ipif/I_SLAVE_ATTACHMENT/I_DECODER/IP2Bus_Data[10]_i_27_n_0
    SLICE_X114Y91        LUT6 (Prop_H6LUT_SLICEL_I2_O)
                                                      0.041     1.026 r  work_pls_i/usp_rf_data_converter_0/inst/i_axi_lite_ipif/I_SLAVE_ATTACHMENT/I_DECODER/IP2Bus_Data[10]_i_15/O
                         net (fo=1, routed)           0.110     1.136    work_pls_i/usp_rf_data_converter_0/inst/i_axi_lite_ipif/I_SLAVE_ATTACHMENT/I_DECODER/IP2Bus_Data[10]_i_15_n_0
    SLICE_X115Y94        LUT6 (Prop_H6LUT_SLICEM_I4_O)
                                                      0.061     1.197 f  work_pls_i/usp_rf_data_converter_0/inst/i_axi_lite_ipif/I_SLAVE_ATTACHMENT/I_DECODER/IP2Bus_Data[10]_i_5/O
                         net (fo=1, routed)           0.153     1.350    work_pls_i/usp_rf_data_converter_0/inst/i_axi_lite_ipif/I_SLAVE_ATTACHMENT/I_DECODER/IP2Bus_Data[10]_i_5_n_0
    SLICE_X112Y103       LUT6 (Prop_D6LUT_SLICEM_I4_O)
                                                      0.014     1.364 r  work_pls_i/usp_rf_data_converter_0/inst/i_axi_lite_ipif/I_SLAVE_ATTACHMENT/I_DECODER/IP2Bus_Data[10]_i_1/O
                         net (fo=1, routed)           0.026     1.390    work_pls_i/usp_rf_data_converter_0/inst/i_axi_lite_ipif_n_74
    SLICE_X112Y103       FDRE                                         r  work_pls_i/usp_rf_data_converter_0/inst/IP2Bus_Data_reg[10]/D
  -------------------------------------------------------------------    -------------------

                         (clock clk_pl_0 rise edge)
                                                      0.000     0.000 r  
    PS8_X0Y0             PS8                          0.000     0.000 r  work_pls_i/zynq_ultra_ps_e_0/U0/PS8_i/PLCLK[0]
                         net (fo=1, routed)           0.129     0.129    work_pls_i/zynq_ultra_ps_e_0/U0/pl_clk_unbuffered[0]
    BUFG_PS_X0Y58        BUFG_PS (Prop_BUFG_PS_I_O)
                                                      0.018     0.147 r  work_pls_i/zynq_ultra_ps_e_0/U0/buffer_pl_clk_0.PL_CLK_0_BUFG/O
    X2Y2 (CLOCK_ROOT)    net (fo=7597, routed)        1.256     1.403    work_pls_i/usp_rf_data_converter_0/inst/s_axi_aclk
    SLICE_X112Y103       FDRE                                         r  work_pls_i/usp_rf_data_converter_0/inst/IP2Bus_Data_reg[10]/C

Slack:                    inf
  Source:                 work_pls_i/usp_rf_data_converter_0/inst/work_pls_usp_rf_data_converter_0_0_rf_wrapper_i/rx2_u_adc/INTERNAL_FBRC_DIV2_MUX
                            (rising edge-triggered cell HSADC clocked by RFADC2_CLK  {rise@0.000ns fall@5.000ns period=10.000ns})
  Destination:            work_pls_i/usp_rf_data_converter_0/inst/IP2Bus_Data_reg[8]/D
                            (rising edge-triggered cell FDRE clocked by clk_pl_0  {rise@0.000ns fall@5.156ns period=10.312ns})
  Path Group:             (none)
  Path Type:              Hold (Min at Fast Process Corner)
  Data Path Delay:        1.441ns  (logic 0.478ns (33.171%)  route 0.963ns (66.829%))
  Logic Levels:           5  (LUT4=2 LUT6=3)
  Clock Path Skew:        1.411ns (DCD - SCD - CPR)
    Destination Clock Delay (DCD):    1.411ns
    Source Clock Delay      (SCD):    0.000ns
    Clock Pessimism Removal (CPR):    -0.000ns
  Clock Uncertainty:      0.159ns  ((TSJ^2 + DJ^2)^1/2) / 2 + PE
    Total System Jitter     (TSJ):    0.071ns
    Discrete Jitter          (DJ):    0.310ns
    Phase Error              (PE):    0.000ns
  Clock Net Delay (Destination): 1.264ns (routing 0.282ns, distribution 0.982ns)
  Timing Exception:       False Path

    Location             Delay type                Incr(ns)  Path(ns)    Netlist Resource(s)
  -------------------------------------------------------------------    -------------------
                         (clock RFADC2_CLK rise edge)
                                                      0.000     0.000 r  
    HSADC_X0Y2           HSADC                        0.000     0.000 r  work_pls_i/usp_rf_data_converter_0/inst/work_pls_usp_rf_data_converter_0_0_rf_wrapper_i/rx2_u_adc/INTERNAL_FBRC_DIV2_MUX
  -------------------------------------------------------------------    -------------------
    HSADC_X0Y2           HSADC (Prop_HSADC_INTERNAL_FBRC_DIV2_MUX_STATUS_COMMON[8])
                                                      0.237     0.237 r  work_pls_i/usp_rf_data_converter_0/inst/work_pls_usp_rf_data_converter_0_0_rf_wrapper_i/rx2_u_adc/STATUS_COMMON[8]
                         net (fo=1, routed)           0.519     0.756    work_pls_i/usp_rf_data_converter_0/inst/i_axi_lite_ipif/I_SLAVE_ATTACHMENT/I_DECODER/adc2_common_stat[8]
    SLICE_X112Y89        LUT4 (Prop_A6LUT_SLICEM_I0_O)
                                                      0.041     0.797 r  work_pls_i/usp_rf_data_converter_0/inst/i_axi_lite_ipif/I_SLAVE_ATTACHMENT/I_DECODER/IP2Bus_Data[8]_i_32/O
                         net (fo=1, routed)           0.032     0.829    work_pls_i/usp_rf_data_converter_0/inst/i_axi_lite_ipif/I_SLAVE_ATTACHMENT/I_DECODER/IP2Bus_Data[8]_i_32_n_0
    SLICE_X112Y89        LUT4 (Prop_E6LUT_SLICEM_I0_O)
                                                      0.059     0.888 f  work_pls_i/usp_rf_data_converter_0/inst/i_axi_lite_ipif/I_SLAVE_ATTACHMENT/I_DECODER/IP2Bus_Data[8]_i_24/O
                         net (fo=1, routed)           0.149     1.037    work_pls_i/usp_rf_data_converter_0/inst/i_axi_lite_ipif/I_SLAVE_ATTACHMENT/I_DECODER/IP2Bus_Data[8]_i_24_n_0
    SLICE_X114Y94        LUT6 (Prop_H6LUT_SLICEL_I2_O)
                                                      0.041     1.078 r  work_pls_i/usp_rf_data_converter_0/inst/i_axi_lite_ipif/I_SLAVE_ATTACHMENT/I_DECODER/IP2Bus_Data[8]_i_14/O
                         net (fo=1, routed)           0.078     1.156    work_pls_i/usp_rf_data_converter_0/inst/i_axi_lite_ipif/I_SLAVE_ATTACHMENT/I_DECODER/IP2Bus_Data[8]_i_14_n_0
    SLICE_X115Y95        LUT6 (Prop_E6LUT_SLICEM_I4_O)
                                                      0.059     1.215 f  work_pls_i/usp_rf_data_converter_0/inst/i_axi_lite_ipif/I_SLAVE_ATTACHMENT/I_DECODER/IP2Bus_Data[8]_i_5/O
                         net (fo=1, routed)           0.169     1.384    work_pls_i/usp_rf_data_converter_0/inst/i_axi_lite_ipif/I_SLAVE_ATTACHMENT/I_DECODER/IP2Bus_Data[8]_i_5_n_0
    SLICE_X111Y105       LUT6 (Prop_D6LUT_SLICEL_I4_O)
                                                      0.041     1.425 r  work_pls_i/usp_rf_data_converter_0/inst/i_axi_lite_ipif/I_SLAVE_ATTACHMENT/I_DECODER/IP2Bus_Data[8]_i_1/O
                         net (fo=1, routed)           0.016     1.441    work_pls_i/usp_rf_data_converter_0/inst/i_axi_lite_ipif_n_76
    SLICE_X111Y105       FDRE                                         r  work_pls_i/usp_rf_data_converter_0/inst/IP2Bus_Data_reg[8]/D
  -------------------------------------------------------------------    -------------------

                         (clock clk_pl_0 rise edge)
                                                      0.000     0.000 r  
    PS8_X0Y0             PS8                          0.000     0.000 r  work_pls_i/zynq_ultra_ps_e_0/U0/PS8_i/PLCLK[0]
                         net (fo=1, routed)           0.129     0.129    work_pls_i/zynq_ultra_ps_e_0/U0/pl_clk_unbuffered[0]
    BUFG_PS_X0Y58        BUFG_PS (Prop_BUFG_PS_I_O)
                                                      0.018     0.147 r  work_pls_i/zynq_ultra_ps_e_0/U0/buffer_pl_clk_0.PL_CLK_0_BUFG/O
    X2Y2 (CLOCK_ROOT)    net (fo=7597, routed)        1.264     1.411    work_pls_i/usp_rf_data_converter_0/inst/s_axi_aclk
    SLICE_X111Y105       FDRE                                         r  work_pls_i/usp_rf_data_converter_0/inst/IP2Bus_Data_reg[8]/C





--------------------------------------------------------------------------------------
Path Group:  (none)
From Clock:  RFADC3_CLK
  To Clock:  clk_pl_0

Max Delay             8 Endpoints
Min Delay             8 Endpoints
--------------------------------------------------------------------------------------


Max Delay Paths
--------------------------------------------------------------------------------------
Slack:                    inf
  Source:                 work_pls_i/usp_rf_data_converter_0/inst/work_pls_usp_rf_data_converter_0_0_rf_wrapper_i/rx3_u_adc/INTERNAL_FBRC_DIV2_MUX
                            (rising edge-triggered cell HSADC clocked by RFADC3_CLK  {rise@0.000ns fall@5.000ns period=10.000ns})
  Destination:            work_pls_i/usp_rf_data_converter_0/inst/IP2Bus_Data_reg[10]/D
                            (rising edge-triggered cell FDRE clocked by clk_pl_0  {rise@0.000ns fall@5.156ns period=10.312ns})
  Path Group:             (none)
  Path Type:              Setup (Max at Slow Process Corner)
  Data Path Delay:        3.355ns  (logic 1.143ns (34.069%)  route 2.212ns (65.931%))
  Logic Levels:           5  (LUT4=1 LUT5=1 LUT6=3)
  Clock Path Skew:        1.990ns (DCD - SCD + CPR)
    Destination Clock Delay (DCD):    1.990ns
    Source Clock Delay      (SCD):    0.000ns
    Clock Pessimism Removal (CPR):    0.000ns
  Clock Uncertainty:      0.159ns  ((TSJ^2 + DJ^2)^1/2) / 2 + PE
    Total System Jitter     (TSJ):    0.071ns
    Discrete Jitter          (DJ):    0.310ns
    Phase Error              (PE):    0.000ns
  Clock Net Delay (Destination): 1.808ns (routing 0.423ns, distribution 1.385ns)
  Timing Exception:       False Path

    Location             Delay type                Incr(ns)  Path(ns)    Netlist Resource(s)
  -------------------------------------------------------------------    -------------------
                         (clock RFADC3_CLK rise edge)
                                                      0.000     0.000 r  
    HSADC_X0Y3           HSADC                        0.000     0.000 r  work_pls_i/usp_rf_data_converter_0/inst/work_pls_usp_rf_data_converter_0_0_rf_wrapper_i/rx3_u_adc/INTERNAL_FBRC_DIV2_MUX
  -------------------------------------------------------------------    -------------------
    HSADC_X0Y3           HSADC (Prop_HSADC_INTERNAL_FBRC_DIV2_MUX_STATUS_COMMON[10])
                                                      0.536     0.536 r  work_pls_i/usp_rf_data_converter_0/inst/work_pls_usp_rf_data_converter_0_0_rf_wrapper_i/rx3_u_adc/STATUS_COMMON[10]
                         net (fo=1, routed)           1.266     1.802    work_pls_i/usp_rf_data_converter_0/inst/i_axi_lite_ipif/I_SLAVE_ATTACHMENT/I_DECODER/adc3_common_stat[10]
    SLICE_X116Y105       LUT4 (Prop_F6LUT_SLICEL_I0_O)
                                                      0.148     1.950 f  work_pls_i/usp_rf_data_converter_0/inst/i_axi_lite_ipif/I_SLAVE_ATTACHMENT/I_DECODER/IP2Bus_Data[10]_i_34/O
                         net (fo=1, routed)           0.215     2.165    work_pls_i/usp_rf_data_converter_0/inst/i_axi_lite_ipif/I_SLAVE_ATTACHMENT/I_DECODER/IP2Bus_Data[10]_i_34_n_0
    SLICE_X116Y101       LUT5 (Prop_E6LUT_SLICEL_I3_O)
                                                      0.147     2.312 f  work_pls_i/usp_rf_data_converter_0/inst/i_axi_lite_ipif/I_SLAVE_ATTACHMENT/I_DECODER/IP2Bus_Data[10]_i_25/O
                         net (fo=1, routed)           0.108     2.420    work_pls_i/usp_rf_data_converter_0/inst/i_axi_lite_ipif/I_SLAVE_ATTACHMENT/I_DECODER/IP2Bus_Data[10]_i_25_n_0
    SLICE_X116Y101       LUT6 (Prop_H6LUT_SLICEL_I2_O)
                                                      0.150     2.570 f  work_pls_i/usp_rf_data_converter_0/inst/i_axi_lite_ipif/I_SLAVE_ATTACHMENT/I_DECODER/IP2Bus_Data[10]_i_13/O
                         net (fo=1, routed)           0.259     2.829    work_pls_i/usp_rf_data_converter_0/inst/i_axi_lite_ipif/I_SLAVE_ATTACHMENT/I_DECODER/IP2Bus_Data[10]_i_13_n_0
    SLICE_X115Y94        LUT6 (Prop_H6LUT_SLICEM_I2_O)
                                                      0.125     2.954 f  work_pls_i/usp_rf_data_converter_0/inst/i_axi_lite_ipif/I_SLAVE_ATTACHMENT/I_DECODER/IP2Bus_Data[10]_i_5/O
                         net (fo=1, routed)           0.292     3.246    work_pls_i/usp_rf_data_converter_0/inst/i_axi_lite_ipif/I_SLAVE_ATTACHMENT/I_DECODER/IP2Bus_Data[10]_i_5_n_0
    SLICE_X112Y103       LUT6 (Prop_D6LUT_SLICEM_I4_O)
                                                      0.037     3.283 r  work_pls_i/usp_rf_data_converter_0/inst/i_axi_lite_ipif/I_SLAVE_ATTACHMENT/I_DECODER/IP2Bus_Data[10]_i_1/O
                         net (fo=1, routed)           0.072     3.355    work_pls_i/usp_rf_data_converter_0/inst/i_axi_lite_ipif_n_74
    SLICE_X112Y103       FDRE                                         r  work_pls_i/usp_rf_data_converter_0/inst/IP2Bus_Data_reg[10]/D
  -------------------------------------------------------------------    -------------------

                         (clock clk_pl_0 rise edge)
                                                      0.000     0.000 r  
    PS8_X0Y0             PS8                          0.000     0.000 r  work_pls_i/zynq_ultra_ps_e_0/U0/PS8_i/PLCLK[0]
                         net (fo=1, routed)           0.157     0.157    work_pls_i/zynq_ultra_ps_e_0/U0/pl_clk_unbuffered[0]
    BUFG_PS_X0Y58        BUFG_PS (Prop_BUFG_PS_I_O)
                                                      0.025     0.182 r  work_pls_i/zynq_ultra_ps_e_0/U0/buffer_pl_clk_0.PL_CLK_0_BUFG/O
    X2Y2 (CLOCK_ROOT)    net (fo=7597, routed)        1.808     1.990    work_pls_i/usp_rf_data_converter_0/inst/s_axi_aclk
    SLICE_X112Y103       FDRE                                         r  work_pls_i/usp_rf_data_converter_0/inst/IP2Bus_Data_reg[10]/C

Slack:                    inf
  Source:                 work_pls_i/usp_rf_data_converter_0/inst/work_pls_usp_rf_data_converter_0_0_rf_wrapper_i/rx3_u_adc/INTERNAL_FBRC_DIV2_MUX
                            (rising edge-triggered cell HSADC clocked by RFADC3_CLK  {rise@0.000ns fall@5.000ns period=10.000ns})
  Destination:            work_pls_i/usp_rf_data_converter_0/inst/IP2Bus_Data_reg[11]/D
                            (rising edge-triggered cell FDRE clocked by clk_pl_0  {rise@0.000ns fall@5.156ns period=10.312ns})
  Path Group:             (none)
  Path Type:              Setup (Max at Slow Process Corner)
  Data Path Delay:        3.177ns  (logic 0.965ns (30.375%)  route 2.212ns (69.625%))
  Logic Levels:           5  (LUT4=1 LUT5=1 LUT6=3)
  Clock Path Skew:        1.997ns (DCD - SCD + CPR)
    Destination Clock Delay (DCD):    1.997ns
    Source Clock Delay      (SCD):    0.000ns
    Clock Pessimism Removal (CPR):    0.000ns
  Clock Uncertainty:      0.159ns  ((TSJ^2 + DJ^2)^1/2) / 2 + PE
    Total System Jitter     (TSJ):    0.071ns
    Discrete Jitter          (DJ):    0.310ns
    Phase Error              (PE):    0.000ns
  Clock Net Delay (Destination): 1.815ns (routing 0.423ns, distribution 1.392ns)
  Timing Exception:       False Path

    Location             Delay type                Incr(ns)  Path(ns)    Netlist Resource(s)
  -------------------------------------------------------------------    -------------------
                         (clock RFADC3_CLK rise edge)
                                                      0.000     0.000 r  
    HSADC_X0Y3           HSADC                        0.000     0.000 r  work_pls_i/usp_rf_data_converter_0/inst/work_pls_usp_rf_data_converter_0_0_rf_wrapper_i/rx3_u_adc/INTERNAL_FBRC_DIV2_MUX
  -------------------------------------------------------------------    -------------------
    HSADC_X0Y3           HSADC (Prop_HSADC_INTERNAL_FBRC_DIV2_MUX_STATUS_COMMON[11])
                                                      0.588     0.588 r  work_pls_i/usp_rf_data_converter_0/inst/work_pls_usp_rf_data_converter_0_0_rf_wrapper_i/rx3_u_adc/STATUS_COMMON[11]
                         net (fo=1, routed)           1.431     2.019    work_pls_i/usp_rf_data_converter_0/inst/i_axi_lite_ipif/I_SLAVE_ATTACHMENT/I_DECODER/adc3_common_stat[11]
    SLICE_X117Y101       LUT4 (Prop_C6LUT_SLICEL_I0_O)
                                                      0.088     2.107 f  work_pls_i/usp_rf_data_converter_0/inst/i_axi_lite_ipif/I_SLAVE_ATTACHMENT/I_DECODER/IP2Bus_Data[11]_i_39/O
                         net (fo=1, routed)           0.165     2.272    work_pls_i/usp_rf_data_converter_0/inst/i_axi_lite_ipif/I_SLAVE_ATTACHMENT/I_DECODER/IP2Bus_Data[11]_i_39_n_0
    SLICE_X116Y101       LUT5 (Prop_C6LUT_SLICEL_I3_O)
                                                      0.035     2.307 f  work_pls_i/usp_rf_data_converter_0/inst/i_axi_lite_ipif/I_SLAVE_ATTACHMENT/I_DECODER/IP2Bus_Data[11]_i_30/O
                         net (fo=1, routed)           0.064     2.371    work_pls_i/usp_rf_data_converter_0/inst/i_axi_lite_ipif/I_SLAVE_ATTACHMENT/I_DECODER/IP2Bus_Data[11]_i_30_n_0
    SLICE_X116Y101       LUT6 (Prop_G6LUT_SLICEL_I2_O)
                                                      0.149     2.520 f  work_pls_i/usp_rf_data_converter_0/inst/i_axi_lite_ipif/I_SLAVE_ATTACHMENT/I_DECODER/IP2Bus_Data[11]_i_16/O
                         net (fo=1, routed)           0.209     2.729    work_pls_i/usp_rf_data_converter_0/inst/i_axi_lite_ipif/I_SLAVE_ATTACHMENT/I_DECODER/IP2Bus_Data[11]_i_16_n_0
    SLICE_X115Y95        LUT6 (Prop_G6LUT_SLICEM_I2_O)
                                                      0.052     2.781 f  work_pls_i/usp_rf_data_converter_0/inst/i_axi_lite_ipif/I_SLAVE_ATTACHMENT/I_DECODER/IP2Bus_Data[11]_i_5/O
                         net (fo=1, routed)           0.285     3.066    work_pls_i/usp_rf_data_converter_0/inst/i_axi_lite_ipif/I_SLAVE_ATTACHMENT/I_DECODER/IP2Bus_Data[11]_i_5_n_0
    SLICE_X113Y105       LUT6 (Prop_H6LUT_SLICEM_I4_O)
                                                      0.053     3.119 r  work_pls_i/usp_rf_data_converter_0/inst/i_axi_lite_ipif/I_SLAVE_ATTACHMENT/I_DECODER/IP2Bus_Data[11]_i_1/O
                         net (fo=1, routed)           0.058     3.177    work_pls_i/usp_rf_data_converter_0/inst/i_axi_lite_ipif_n_73
    SLICE_X113Y105       FDRE                                         r  work_pls_i/usp_rf_data_converter_0/inst/IP2Bus_Data_reg[11]/D
  -------------------------------------------------------------------    -------------------

                         (clock clk_pl_0 rise edge)
                                                      0.000     0.000 r  
    PS8_X0Y0             PS8                          0.000     0.000 r  work_pls_i/zynq_ultra_ps_e_0/U0/PS8_i/PLCLK[0]
                         net (fo=1, routed)           0.157     0.157    work_pls_i/zynq_ultra_ps_e_0/U0/pl_clk_unbuffered[0]
    BUFG_PS_X0Y58        BUFG_PS (Prop_BUFG_PS_I_O)
                                                      0.025     0.182 r  work_pls_i/zynq_ultra_ps_e_0/U0/buffer_pl_clk_0.PL_CLK_0_BUFG/O
    X2Y2 (CLOCK_ROOT)    net (fo=7597, routed)        1.815     1.997    work_pls_i/usp_rf_data_converter_0/inst/s_axi_aclk
    SLICE_X113Y105       FDRE                                         r  work_pls_i/usp_rf_data_converter_0/inst/IP2Bus_Data_reg[11]/C

Slack:                    inf
  Source:                 work_pls_i/usp_rf_data_converter_0/inst/work_pls_usp_rf_data_converter_0_0_rf_wrapper_i/rx3_u_adc/INTERNAL_FBRC_DIV2_MUX
                            (rising edge-triggered cell HSADC clocked by RFADC3_CLK  {rise@0.000ns fall@5.000ns period=10.000ns})
  Destination:            work_pls_i/usp_rf_data_converter_0/inst/IP2Bus_Data_reg[8]/D
                            (rising edge-triggered cell FDRE clocked by clk_pl_0  {rise@0.000ns fall@5.156ns period=10.312ns})
  Path Group:             (none)
  Path Type:              Setup (Max at Slow Process Corner)
  Data Path Delay:        3.170ns  (logic 1.161ns (36.625%)  route 2.009ns (63.375%))
  Logic Levels:           5  (LUT4=1 LUT5=1 LUT6=3)
  Clock Path Skew:        2.000ns (DCD - SCD + CPR)
    Destination Clock Delay (DCD):    2.000ns
    Source Clock Delay      (SCD):    0.000ns
    Clock Pessimism Removal (CPR):    0.000ns
  Clock Uncertainty:      0.159ns  ((TSJ^2 + DJ^2)^1/2) / 2 + PE
    Total System Jitter     (TSJ):    0.071ns
    Discrete Jitter          (DJ):    0.310ns
    Phase Error              (PE):    0.000ns
  Clock Net Delay (Destination): 1.818ns (routing 0.423ns, distribution 1.395ns)
  Timing Exception:       False Path

    Location             Delay type                Incr(ns)  Path(ns)    Netlist Resource(s)
  -------------------------------------------------------------------    -------------------
                         (clock RFADC3_CLK rise edge)
                                                      0.000     0.000 r  
    HSADC_X0Y3           HSADC                        0.000     0.000 r  work_pls_i/usp_rf_data_converter_0/inst/work_pls_usp_rf_data_converter_0_0_rf_wrapper_i/rx3_u_adc/INTERNAL_FBRC_DIV2_MUX
  -------------------------------------------------------------------    -------------------
    HSADC_X0Y3           HSADC (Prop_HSADC_INTERNAL_FBRC_DIV2_MUX_STATUS_COMMON[8])
                                                      0.788     0.788 r  work_pls_i/usp_rf_data_converter_0/inst/work_pls_usp_rf_data_converter_0_0_rf_wrapper_i/rx3_u_adc/STATUS_COMMON[8]
                         net (fo=1, routed)           1.171     1.959    work_pls_i/usp_rf_data_converter_0/inst/i_axi_lite_ipif/I_SLAVE_ATTACHMENT/I_DECODER/adc3_common_stat[8]
    SLICE_X116Y104       LUT4 (Prop_H6LUT_SLICEL_I0_O)
                                                      0.150     2.109 f  work_pls_i/usp_rf_data_converter_0/inst/i_axi_lite_ipif/I_SLAVE_ATTACHMENT/I_DECODER/IP2Bus_Data[8]_i_30/O
                         net (fo=1, routed)           0.143     2.252    work_pls_i/usp_rf_data_converter_0/inst/i_axi_lite_ipif/I_SLAVE_ATTACHMENT/I_DECODER/IP2Bus_Data[8]_i_30_n_0
    SLICE_X116Y103       LUT5 (Prop_C6LUT_SLICEL_I0_O)
                                                      0.035     2.287 f  work_pls_i/usp_rf_data_converter_0/inst/i_axi_lite_ipif/I_SLAVE_ATTACHMENT/I_DECODER/IP2Bus_Data[8]_i_22/O
                         net (fo=1, routed)           0.127     2.414    work_pls_i/usp_rf_data_converter_0/inst/i_axi_lite_ipif/I_SLAVE_ATTACHMENT/I_DECODER/IP2Bus_Data[8]_i_22_n_0
    SLICE_X115Y102       LUT6 (Prop_D6LUT_SLICEM_I2_O)
                                                      0.037     2.451 f  work_pls_i/usp_rf_data_converter_0/inst/i_axi_lite_ipif/I_SLAVE_ATTACHMENT/I_DECODER/IP2Bus_Data[8]_i_12/O
                         net (fo=1, routed)           0.203     2.654    work_pls_i/usp_rf_data_converter_0/inst/i_axi_lite_ipif/I_SLAVE_ATTACHMENT/I_DECODER/IP2Bus_Data[8]_i_12_n_0
    SLICE_X115Y95        LUT6 (Prop_E6LUT_SLICEM_I2_O)
                                                      0.052     2.706 f  work_pls_i/usp_rf_data_converter_0/inst/i_axi_lite_ipif/I_SLAVE_ATTACHMENT/I_DECODER/IP2Bus_Data[8]_i_5/O
                         net (fo=1, routed)           0.316     3.022    work_pls_i/usp_rf_data_converter_0/inst/i_axi_lite_ipif/I_SLAVE_ATTACHMENT/I_DECODER/IP2Bus_Data[8]_i_5_n_0
    SLICE_X111Y105       LUT6 (Prop_D6LUT_SLICEL_I4_O)
                                                      0.099     3.121 r  work_pls_i/usp_rf_data_converter_0/inst/i_axi_lite_ipif/I_SLAVE_ATTACHMENT/I_DECODER/IP2Bus_Data[8]_i_1/O
                         net (fo=1, routed)           0.049     3.170    work_pls_i/usp_rf_data_converter_0/inst/i_axi_lite_ipif_n_76
    SLICE_X111Y105       FDRE                                         r  work_pls_i/usp_rf_data_converter_0/inst/IP2Bus_Data_reg[8]/D
  -------------------------------------------------------------------    -------------------

                         (clock clk_pl_0 rise edge)
                                                      0.000     0.000 r  
    PS8_X0Y0             PS8                          0.000     0.000 r  work_pls_i/zynq_ultra_ps_e_0/U0/PS8_i/PLCLK[0]
                         net (fo=1, routed)           0.157     0.157    work_pls_i/zynq_ultra_ps_e_0/U0/pl_clk_unbuffered[0]
    BUFG_PS_X0Y58        BUFG_PS (Prop_BUFG_PS_I_O)
                                                      0.025     0.182 r  work_pls_i/zynq_ultra_ps_e_0/U0/buffer_pl_clk_0.PL_CLK_0_BUFG/O
    X2Y2 (CLOCK_ROOT)    net (fo=7597, routed)        1.818     2.000    work_pls_i/usp_rf_data_converter_0/inst/s_axi_aclk
    SLICE_X111Y105       FDRE                                         r  work_pls_i/usp_rf_data_converter_0/inst/IP2Bus_Data_reg[8]/C

Slack:                    inf
  Source:                 work_pls_i/usp_rf_data_converter_0/inst/work_pls_usp_rf_data_converter_0_0_rf_wrapper_i/rx3_u_adc/INTERNAL_FBRC_DIV2_MUX
                            (rising edge-triggered cell HSADC clocked by RFADC3_CLK  {rise@0.000ns fall@5.000ns period=10.000ns})
  Destination:            work_pls_i/usp_rf_data_converter_0/inst/IP2Bus_Data_reg[15]/D
                            (rising edge-triggered cell FDRE clocked by clk_pl_0  {rise@0.000ns fall@5.156ns period=10.312ns})
  Path Group:             (none)
  Path Type:              Setup (Max at Slow Process Corner)
  Data Path Delay:        2.931ns  (logic 0.961ns (32.787%)  route 1.970ns (67.213%))
  Logic Levels:           4  (LUT5=1 LUT6=3)
  Clock Path Skew:        1.982ns (DCD - SCD + CPR)
    Destination Clock Delay (DCD):    1.982ns
    Source Clock Delay      (SCD):    0.000ns
    Clock Pessimism Removal (CPR):    0.000ns
  Clock Uncertainty:      0.159ns  ((TSJ^2 + DJ^2)^1/2) / 2 + PE
    Total System Jitter     (TSJ):    0.071ns
    Discrete Jitter          (DJ):    0.310ns
    Phase Error              (PE):    0.000ns
  Clock Net Delay (Destination): 1.800ns (routing 0.423ns, distribution 1.377ns)
  Timing Exception:       False Path

    Location             Delay type                Incr(ns)  Path(ns)    Netlist Resource(s)
  -------------------------------------------------------------------    -------------------
                         (clock RFADC3_CLK rise edge)
                                                      0.000     0.000 r  
    HSADC_X0Y3           HSADC                        0.000     0.000 r  work_pls_i/usp_rf_data_converter_0/inst/work_pls_usp_rf_data_converter_0_0_rf_wrapper_i/rx3_u_adc/INTERNAL_FBRC_DIV2_MUX
  -------------------------------------------------------------------    -------------------
    HSADC_X0Y3           HSADC (Prop_HSADC_INTERNAL_FBRC_DIV2_MUX_STATUS_COMMON[15])
                                                      0.525     0.525 r  work_pls_i/usp_rf_data_converter_0/inst/work_pls_usp_rf_data_converter_0_0_rf_wrapper_i/rx3_u_adc/STATUS_COMMON[15]
                         net (fo=1, routed)           1.195     1.720    work_pls_i/usp_rf_data_converter_0/inst/i_axi_lite_ipif/I_SLAVE_ATTACHMENT/I_DECODER/adc3_common_stat[15]
    SLICE_X117Y102       LUT5 (Prop_D6LUT_SLICEL_I4_O)
                                                      0.122     1.842 r  work_pls_i/usp_rf_data_converter_0/inst/i_axi_lite_ipif/I_SLAVE_ATTACHMENT/I_DECODER/IP2Bus_Data[15]_i_46/O
                         net (fo=1, routed)           0.319     2.161    work_pls_i/usp_rf_data_converter_0/inst/i_axi_lite_ipif/I_SLAVE_ATTACHMENT/I_DECODER/IP2Bus_Data[15]_i_46_n_0
    SLICE_X115Y98        LUT6 (Prop_G6LUT_SLICEM_I2_O)
                                                      0.150     2.311 r  work_pls_i/usp_rf_data_converter_0/inst/i_axi_lite_ipif/I_SLAVE_ATTACHMENT/I_DECODER/IP2Bus_Data[15]_i_17/O
                         net (fo=1, routed)           0.204     2.515    work_pls_i/usp_rf_data_converter_0/inst/i_axi_lite_ipif/I_SLAVE_ATTACHMENT/I_DECODER/IP2Bus_Data[15]_i_17_n_0
    SLICE_X115Y91        LUT6 (Prop_H6LUT_SLICEM_I0_O)
                                                      0.039     2.554 f  work_pls_i/usp_rf_data_converter_0/inst/i_axi_lite_ipif/I_SLAVE_ATTACHMENT/I_DECODER/IP2Bus_Data[15]_i_4/O
                         net (fo=1, routed)           0.194     2.748    work_pls_i/usp_rf_data_converter_0/inst/i_axi_lite_ipif/I_SLAVE_ATTACHMENT/I_DECODER/IP2Bus_Data[15]_i_4_n_0
    SLICE_X113Y91        LUT6 (Prop_H6LUT_SLICEM_I2_O)
                                                      0.125     2.873 r  work_pls_i/usp_rf_data_converter_0/inst/i_axi_lite_ipif/I_SLAVE_ATTACHMENT/I_DECODER/IP2Bus_Data[15]_i_1/O
                         net (fo=1, routed)           0.058     2.931    work_pls_i/usp_rf_data_converter_0/inst/i_axi_lite_ipif_n_69
    SLICE_X113Y91        FDRE                                         r  work_pls_i/usp_rf_data_converter_0/inst/IP2Bus_Data_reg[15]/D
  -------------------------------------------------------------------    -------------------

                         (clock clk_pl_0 rise edge)
                                                      0.000     0.000 r  
    PS8_X0Y0             PS8                          0.000     0.000 r  work_pls_i/zynq_ultra_ps_e_0/U0/PS8_i/PLCLK[0]
                         net (fo=1, routed)           0.157     0.157    work_pls_i/zynq_ultra_ps_e_0/U0/pl_clk_unbuffered[0]
    BUFG_PS_X0Y58        BUFG_PS (Prop_BUFG_PS_I_O)
                                                      0.025     0.182 r  work_pls_i/zynq_ultra_ps_e_0/U0/buffer_pl_clk_0.PL_CLK_0_BUFG/O
    X2Y2 (CLOCK_ROOT)    net (fo=7597, routed)        1.800     1.982    work_pls_i/usp_rf_data_converter_0/inst/s_axi_aclk
    SLICE_X113Y91        FDRE                                         r  work_pls_i/usp_rf_data_converter_0/inst/IP2Bus_Data_reg[15]/C

Slack:                    inf
  Source:                 work_pls_i/usp_rf_data_converter_0/inst/work_pls_usp_rf_data_converter_0_0_rf_wrapper_i/rx3_u_adc/INTERNAL_FBRC_DIV2_MUX
                            (rising edge-triggered cell HSADC clocked by RFADC3_CLK  {rise@0.000ns fall@5.000ns period=10.000ns})
  Destination:            work_pls_i/usp_rf_data_converter_0/inst/IP2Bus_Data_reg[14]/D
                            (rising edge-triggered cell FDRE clocked by clk_pl_0  {rise@0.000ns fall@5.156ns period=10.312ns})
  Path Group:             (none)
  Path Type:              Setup (Max at Slow Process Corner)
  Data Path Delay:        2.908ns  (logic 1.025ns (35.248%)  route 1.883ns (64.752%))
  Logic Levels:           5  (LUT4=1 LUT6=4)
  Clock Path Skew:        1.979ns (DCD - SCD + CPR)
    Destination Clock Delay (DCD):    1.979ns
    Source Clock Delay      (SCD):    0.000ns
    Clock Pessimism Removal (CPR):    0.000ns
  Clock Uncertainty:      0.159ns  ((TSJ^2 + DJ^2)^1/2) / 2 + PE
    Total System Jitter     (TSJ):    0.071ns
    Discrete Jitter          (DJ):    0.310ns
    Phase Error              (PE):    0.000ns
  Clock Net Delay (Destination): 1.797ns (routing 0.423ns, distribution 1.374ns)
  Timing Exception:       False Path

    Location             Delay type                Incr(ns)  Path(ns)    Netlist Resource(s)
  -------------------------------------------------------------------    -------------------
                         (clock RFADC3_CLK rise edge)
                                                      0.000     0.000 r  
    HSADC_X0Y3           HSADC                        0.000     0.000 r  work_pls_i/usp_rf_data_converter_0/inst/work_pls_usp_rf_data_converter_0_0_rf_wrapper_i/rx3_u_adc/INTERNAL_FBRC_DIV2_MUX
  -------------------------------------------------------------------    -------------------
    HSADC_X0Y3           HSADC (Prop_HSADC_INTERNAL_FBRC_DIV2_MUX_STATUS_COMMON[14])
                                                      0.698     0.698 r  work_pls_i/usp_rf_data_converter_0/inst/work_pls_usp_rf_data_converter_0_0_rf_wrapper_i/rx3_u_adc/STATUS_COMMON[14]
                         net (fo=1, routed)           1.169     1.867    work_pls_i/usp_rf_data_converter_0/inst/i_axi_lite_ipif/I_SLAVE_ATTACHMENT/I_DECODER/adc3_common_stat[14]
    SLICE_X117Y101       LUT4 (Prop_F6LUT_SLICEL_I0_O)
                                                      0.035     1.902 f  work_pls_i/usp_rf_data_converter_0/inst/i_axi_lite_ipif/I_SLAVE_ATTACHMENT/I_DECODER/IP2Bus_Data[14]_i_64/O
                         net (fo=1, routed)           0.166     2.068    work_pls_i/usp_rf_data_converter_0/inst/i_axi_lite_ipif/I_SLAVE_ATTACHMENT/I_DECODER/IP2Bus_Data[14]_i_64_n_0
    SLICE_X116Y101       LUT6 (Prop_F6LUT_SLICEL_I4_O)
                                                      0.089     2.157 r  work_pls_i/usp_rf_data_converter_0/inst/i_axi_lite_ipif/I_SLAVE_ATTACHMENT/I_DECODER/IP2Bus_Data[14]_i_43/O
                         net (fo=1, routed)           0.137     2.294    work_pls_i/usp_rf_data_converter_0/inst/i_axi_lite_ipif/I_SLAVE_ATTACHMENT/I_DECODER/IP2Bus_Data[14]_i_43_n_0
    SLICE_X115Y99        LUT6 (Prop_H6LUT_SLICEM_I3_O)
                                                      0.053     2.347 f  work_pls_i/usp_rf_data_converter_0/inst/i_axi_lite_ipif/I_SLAVE_ATTACHMENT/I_DECODER/IP2Bus_Data[14]_i_20/O
                         net (fo=1, routed)           0.260     2.607    work_pls_i/usp_rf_data_converter_0/inst/i_axi_lite_ipif/I_SLAVE_ATTACHMENT/I_DECODER/IP2Bus_Data[14]_i_20_n_0
    SLICE_X116Y90        LUT6 (Prop_H6LUT_SLICEL_I0_O)
                                                      0.051     2.658 f  work_pls_i/usp_rf_data_converter_0/inst/i_axi_lite_ipif/I_SLAVE_ATTACHMENT/I_DECODER/IP2Bus_Data[14]_i_5/O
                         net (fo=1, routed)           0.102     2.760    work_pls_i/usp_rf_data_converter_0/inst/i_axi_lite_ipif/I_SLAVE_ATTACHMENT/I_DECODER/IP2Bus_Data[14]_i_5_n_0
    SLICE_X114Y91        LUT6 (Prop_D6LUT_SLICEL_I3_O)
                                                      0.099     2.859 r  work_pls_i/usp_rf_data_converter_0/inst/i_axi_lite_ipif/I_SLAVE_ATTACHMENT/I_DECODER/IP2Bus_Data[14]_i_1/O
                         net (fo=1, routed)           0.049     2.908    work_pls_i/usp_rf_data_converter_0/inst/i_axi_lite_ipif_n_70
    SLICE_X114Y91        FDRE                                         r  work_pls_i/usp_rf_data_converter_0/inst/IP2Bus_Data_reg[14]/D
  -------------------------------------------------------------------    -------------------

                         (clock clk_pl_0 rise edge)
                                                      0.000     0.000 r  
    PS8_X0Y0             PS8                          0.000     0.000 r  work_pls_i/zynq_ultra_ps_e_0/U0/PS8_i/PLCLK[0]
                         net (fo=1, routed)           0.157     0.157    work_pls_i/zynq_ultra_ps_e_0/U0/pl_clk_unbuffered[0]
    BUFG_PS_X0Y58        BUFG_PS (Prop_BUFG_PS_I_O)
                                                      0.025     0.182 r  work_pls_i/zynq_ultra_ps_e_0/U0/buffer_pl_clk_0.PL_CLK_0_BUFG/O
    X2Y2 (CLOCK_ROOT)    net (fo=7597, routed)        1.797     1.979    work_pls_i/usp_rf_data_converter_0/inst/s_axi_aclk
    SLICE_X114Y91        FDRE                                         r  work_pls_i/usp_rf_data_converter_0/inst/IP2Bus_Data_reg[14]/C

Slack:                    inf
  Source:                 work_pls_i/usp_rf_data_converter_0/inst/work_pls_usp_rf_data_converter_0_0_rf_wrapper_i/rx3_u_adc/INTERNAL_FBRC_DIV2_MUX
                            (rising edge-triggered cell HSADC clocked by RFADC3_CLK  {rise@0.000ns fall@5.000ns period=10.000ns})
  Destination:            work_pls_i/usp_rf_data_converter_0/inst/IP2Bus_Data_reg[9]/D
                            (rising edge-triggered cell FDRE clocked by clk_pl_0  {rise@0.000ns fall@5.156ns period=10.312ns})
  Path Group:             (none)
  Path Type:              Setup (Max at Slow Process Corner)
  Data Path Delay:        2.812ns  (logic 0.799ns (28.414%)  route 2.013ns (71.586%))
  Logic Levels:           5  (LUT4=1 LUT5=1 LUT6=3)
  Clock Path Skew:        2.006ns (DCD - SCD + CPR)
    Destination Clock Delay (DCD):    2.006ns
    Source Clock Delay      (SCD):    0.000ns
    Clock Pessimism Removal (CPR):    0.000ns
  Clock Uncertainty:      0.159ns  ((TSJ^2 + DJ^2)^1/2) / 2 + PE
    Total System Jitter     (TSJ):    0.071ns
    Discrete Jitter          (DJ):    0.310ns
    Phase Error              (PE):    0.000ns
  Clock Net Delay (Destination): 1.824ns (routing 0.423ns, distribution 1.401ns)
  Timing Exception:       False Path

    Location             Delay type                Incr(ns)  Path(ns)    Netlist Resource(s)
  -------------------------------------------------------------------    -------------------
                         (clock RFADC3_CLK rise edge)
                                                      0.000     0.000 r  
    HSADC_X0Y3           HSADC                        0.000     0.000 r  work_pls_i/usp_rf_data_converter_0/inst/work_pls_usp_rf_data_converter_0_0_rf_wrapper_i/rx3_u_adc/INTERNAL_FBRC_DIV2_MUX
  -------------------------------------------------------------------    -------------------
    HSADC_X0Y3           HSADC (Prop_HSADC_INTERNAL_FBRC_DIV2_MUX_STATUS_COMMON[9])
                                                      0.532     0.532 r  work_pls_i/usp_rf_data_converter_0/inst/work_pls_usp_rf_data_converter_0_0_rf_wrapper_i/rx3_u_adc/STATUS_COMMON[9]
                         net (fo=1, routed)           1.164     1.696    work_pls_i/usp_rf_data_converter_0/inst/i_axi_lite_ipif/I_SLAVE_ATTACHMENT/I_DECODER/adc3_common_stat[9]
    SLICE_X117Y102       LUT4 (Prop_A6LUT_SLICEL_I0_O)
                                                      0.090     1.786 f  work_pls_i/usp_rf_data_converter_0/inst/i_axi_lite_ipif/I_SLAVE_ATTACHMENT/I_DECODER/IP2Bus_Data[9]_i_34/O
                         net (fo=1, routed)           0.177     1.963    work_pls_i/usp_rf_data_converter_0/inst/i_axi_lite_ipif/I_SLAVE_ATTACHMENT/I_DECODER/IP2Bus_Data[9]_i_34_n_0
    SLICE_X115Y102       LUT5 (Prop_B6LUT_SLICEM_I3_O)
                                                      0.037     2.000 f  work_pls_i/usp_rf_data_converter_0/inst/i_axi_lite_ipif/I_SLAVE_ATTACHMENT/I_DECODER/IP2Bus_Data[9]_i_25/O
                         net (fo=1, routed)           0.094     2.094    work_pls_i/usp_rf_data_converter_0/inst/i_axi_lite_ipif/I_SLAVE_ATTACHMENT/I_DECODER/IP2Bus_Data[9]_i_25_n_0
    SLICE_X115Y102       LUT6 (Prop_C6LUT_SLICEM_I2_O)
                                                      0.037     2.131 f  work_pls_i/usp_rf_data_converter_0/inst/i_axi_lite_ipif/I_SLAVE_ATTACHMENT/I_DECODER/IP2Bus_Data[9]_i_15/O
                         net (fo=1, routed)           0.214     2.345    work_pls_i/usp_rf_data_converter_0/inst/i_axi_lite_ipif/I_SLAVE_ATTACHMENT/I_DECODER/IP2Bus_Data[9]_i_15_n_0
    SLICE_X115Y96        LUT6 (Prop_G6LUT_SLICEM_I2_O)
                                                      0.052     2.397 f  work_pls_i/usp_rf_data_converter_0/inst/i_axi_lite_ipif/I_SLAVE_ATTACHMENT/I_DECODER/IP2Bus_Data[9]_i_5/O
                         net (fo=1, routed)           0.298     2.695    work_pls_i/usp_rf_data_converter_0/inst/i_axi_lite_ipif/I_SLAVE_ATTACHMENT/I_DECODER/IP2Bus_Data[9]_i_5_n_0
    SLICE_X113Y104       LUT6 (Prop_C6LUT_SLICEM_I4_O)
                                                      0.051     2.746 r  work_pls_i/usp_rf_data_converter_0/inst/i_axi_lite_ipif/I_SLAVE_ATTACHMENT/I_DECODER/IP2Bus_Data[9]_i_1/O
                         net (fo=1, routed)           0.066     2.812    work_pls_i/usp_rf_data_converter_0/inst/i_axi_lite_ipif_n_75
    SLICE_X113Y104       FDRE                                         r  work_pls_i/usp_rf_data_converter_0/inst/IP2Bus_Data_reg[9]/D
  -------------------------------------------------------------------    -------------------

                         (clock clk_pl_0 rise edge)
                                                      0.000     0.000 r  
    PS8_X0Y0             PS8                          0.000     0.000 r  work_pls_i/zynq_ultra_ps_e_0/U0/PS8_i/PLCLK[0]
                         net (fo=1, routed)           0.157     0.157    work_pls_i/zynq_ultra_ps_e_0/U0/pl_clk_unbuffered[0]
    BUFG_PS_X0Y58        BUFG_PS (Prop_BUFG_PS_I_O)
                                                      0.025     0.182 r  work_pls_i/zynq_ultra_ps_e_0/U0/buffer_pl_clk_0.PL_CLK_0_BUFG/O
    X2Y2 (CLOCK_ROOT)    net (fo=7597, routed)        1.824     2.006    work_pls_i/usp_rf_data_converter_0/inst/s_axi_aclk
    SLICE_X113Y104       FDRE                                         r  work_pls_i/usp_rf_data_converter_0/inst/IP2Bus_Data_reg[9]/C

Slack:                    inf
  Source:                 work_pls_i/usp_rf_data_converter_0/inst/work_pls_usp_rf_data_converter_0_0_rf_wrapper_i/rx3_u_adc/INTERNAL_FBRC_DIV2_MUX
                            (rising edge-triggered cell HSADC clocked by RFADC3_CLK  {rise@0.000ns fall@5.000ns period=10.000ns})
  Destination:            work_pls_i/usp_rf_data_converter_0/inst/IP2Bus_Data_reg[13]/D
                            (rising edge-triggered cell FDRE clocked by clk_pl_0  {rise@0.000ns fall@5.156ns period=10.312ns})
  Path Group:             (none)
  Path Type:              Setup (Max at Slow Process Corner)
  Data Path Delay:        2.710ns  (logic 1.063ns (39.225%)  route 1.647ns (60.775%))
  Logic Levels:           4  (LUT5=1 LUT6=3)
  Clock Path Skew:        2.003ns (DCD - SCD + CPR)
    Destination Clock Delay (DCD):    2.003ns
    Source Clock Delay      (SCD):    0.000ns
    Clock Pessimism Removal (CPR):    0.000ns
  Clock Uncertainty:      0.159ns  ((TSJ^2 + DJ^2)^1/2) / 2 + PE
    Total System Jitter     (TSJ):    0.071ns
    Discrete Jitter          (DJ):    0.310ns
    Phase Error              (PE):    0.000ns
  Clock Net Delay (Destination): 1.821ns (routing 0.423ns, distribution 1.398ns)
  Timing Exception:       False Path

    Location             Delay type                Incr(ns)  Path(ns)    Netlist Resource(s)
  -------------------------------------------------------------------    -------------------
                         (clock RFADC3_CLK rise edge)
                                                      0.000     0.000 r  
    HSADC_X0Y3           HSADC                        0.000     0.000 r  work_pls_i/usp_rf_data_converter_0/inst/work_pls_usp_rf_data_converter_0_0_rf_wrapper_i/rx3_u_adc/INTERNAL_FBRC_DIV2_MUX
  -------------------------------------------------------------------    -------------------
    HSADC_X0Y3           HSADC (Prop_HSADC_INTERNAL_FBRC_DIV2_MUX_STATUS_COMMON[13])
                                                      0.771     0.771 r  work_pls_i/usp_rf_data_converter_0/inst/work_pls_usp_rf_data_converter_0_0_rf_wrapper_i/rx3_u_adc/STATUS_COMMON[13]
                         net (fo=1, routed)           1.237     2.008    work_pls_i/usp_rf_data_converter_0/inst/i_axi_lite_ipif/I_SLAVE_ATTACHMENT/I_DECODER/adc3_common_stat[13]
    SLICE_X116Y105       LUT5 (Prop_C6LUT_SLICEL_I4_O)
                                                      0.035     2.043 r  work_pls_i/usp_rf_data_converter_0/inst/i_axi_lite_ipif/I_SLAVE_ATTACHMENT/I_DECODER/IP2Bus_Data[13]_i_32/O
                         net (fo=1, routed)           0.041     2.084    work_pls_i/usp_rf_data_converter_0/inst/i_axi_lite_ipif/I_SLAVE_ATTACHMENT/I_DECODER/IP2Bus_Data[13]_i_32_n_0
    SLICE_X116Y105       LUT6 (Prop_D6LUT_SLICEL_I0_O)
                                                      0.036     2.120 r  work_pls_i/usp_rf_data_converter_0/inst/i_axi_lite_ipif/I_SLAVE_ATTACHMENT/I_DECODER/IP2Bus_Data[13]_i_21/O
                         net (fo=1, routed)           0.043     2.163    work_pls_i/usp_rf_data_converter_0/inst/i_axi_lite_ipif/I_SLAVE_ATTACHMENT/I_DECODER/IP2Bus_Data[13]_i_21_n_0
    SLICE_X116Y105       LUT6 (Prop_H6LUT_SLICEL_I3_O)
                                                      0.099     2.262 r  work_pls_i/usp_rf_data_converter_0/inst/i_axi_lite_ipif/I_SLAVE_ATTACHMENT/I_DECODER/IP2Bus_Data[13]_i_6/O
                         net (fo=1, routed)           0.254     2.516    work_pls_i/usp_rf_data_converter_0/inst/i_axi_lite_ipif/I_SLAVE_ATTACHMENT/I_DECODER/IP2Bus_Data[13]_i_6_n_0
    SLICE_X113Y100       LUT6 (Prop_D6LUT_SLICEM_I4_O)
                                                      0.122     2.638 r  work_pls_i/usp_rf_data_converter_0/inst/i_axi_lite_ipif/I_SLAVE_ATTACHMENT/I_DECODER/IP2Bus_Data[13]_i_1/O
                         net (fo=1, routed)           0.072     2.710    work_pls_i/usp_rf_data_converter_0/inst/i_axi_lite_ipif_n_71
    SLICE_X113Y100       FDRE                                         r  work_pls_i/usp_rf_data_converter_0/inst/IP2Bus_Data_reg[13]/D
  -------------------------------------------------------------------    -------------------

                         (clock clk_pl_0 rise edge)
                                                      0.000     0.000 r  
    PS8_X0Y0             PS8                          0.000     0.000 r  work_pls_i/zynq_ultra_ps_e_0/U0/PS8_i/PLCLK[0]
                         net (fo=1, routed)           0.157     0.157    work_pls_i/zynq_ultra_ps_e_0/U0/pl_clk_unbuffered[0]
    BUFG_PS_X0Y58        BUFG_PS (Prop_BUFG_PS_I_O)
                                                      0.025     0.182 r  work_pls_i/zynq_ultra_ps_e_0/U0/buffer_pl_clk_0.PL_CLK_0_BUFG/O
    X2Y2 (CLOCK_ROOT)    net (fo=7597, routed)        1.821     2.003    work_pls_i/usp_rf_data_converter_0/inst/s_axi_aclk
    SLICE_X113Y100       FDRE                                         r  work_pls_i/usp_rf_data_converter_0/inst/IP2Bus_Data_reg[13]/C

Slack:                    inf
  Source:                 work_pls_i/usp_rf_data_converter_0/inst/work_pls_usp_rf_data_converter_0_0_rf_wrapper_i/rx3_u_adc/INTERNAL_FBRC_DIV2_MUX
                            (rising edge-triggered cell HSADC clocked by RFADC3_CLK  {rise@0.000ns fall@5.000ns period=10.000ns})
  Destination:            work_pls_i/usp_rf_data_converter_0/inst/IP2Bus_Data_reg[12]/D
                            (rising edge-triggered cell FDRE clocked by clk_pl_0  {rise@0.000ns fall@5.156ns period=10.312ns})
  Path Group:             (none)
  Path Type:              Setup (Max at Slow Process Corner)
  Data Path Delay:        2.645ns  (logic 1.032ns (39.017%)  route 1.613ns (60.983%))
  Logic Levels:           4  (LUT5=2 LUT6=2)
  Clock Path Skew:        2.005ns (DCD - SCD + CPR)
    Destination Clock Delay (DCD):    2.005ns
    Source Clock Delay      (SCD):    0.000ns
    Clock Pessimism Removal (CPR):    0.000ns
  Clock Uncertainty:      0.159ns  ((TSJ^2 + DJ^2)^1/2) / 2 + PE
    Total System Jitter     (TSJ):    0.071ns
    Discrete Jitter          (DJ):    0.310ns
    Phase Error              (PE):    0.000ns
  Clock Net Delay (Destination): 1.823ns (routing 0.423ns, distribution 1.400ns)
  Timing Exception:       False Path

    Location             Delay type                Incr(ns)  Path(ns)    Netlist Resource(s)
  -------------------------------------------------------------------    -------------------
                         (clock RFADC3_CLK rise edge)
                                                      0.000     0.000 r  
    HSADC_X0Y3           HSADC                        0.000     0.000 r  work_pls_i/usp_rf_data_converter_0/inst/work_pls_usp_rf_data_converter_0_0_rf_wrapper_i/rx3_u_adc/INTERNAL_FBRC_DIV2_MUX
  -------------------------------------------------------------------    -------------------
    HSADC_X0Y3           HSADC (Prop_HSADC_INTERNAL_FBRC_DIV2_MUX_STATUS_COMMON[12])
                                                      0.611     0.611 r  work_pls_i/usp_rf_data_converter_0/inst/work_pls_usp_rf_data_converter_0_0_rf_wrapper_i/rx3_u_adc/STATUS_COMMON[12]
                         net (fo=1, routed)           1.114     1.725    work_pls_i/usp_rf_data_converter_0/inst/i_axi_lite_ipif/I_SLAVE_ATTACHMENT/I_DECODER/adc3_common_stat[12]
    SLICE_X117Y104       LUT5 (Prop_C6LUT_SLICEL_I3_O)
                                                      0.146     1.871 f  work_pls_i/usp_rf_data_converter_0/inst/i_axi_lite_ipif/I_SLAVE_ATTACHMENT/I_DECODER/IP2Bus_Data[12]_i_46/O
                         net (fo=1, routed)           0.143     2.014    work_pls_i/usp_rf_data_converter_0/inst/i_axi_lite_ipif/I_SLAVE_ATTACHMENT/I_DECODER/IP2Bus_Data[12]_i_46_n_0
    SLICE_X117Y104       LUT6 (Prop_H6LUT_SLICEL_I5_O)
                                                      0.150     2.164 r  work_pls_i/usp_rf_data_converter_0/inst/i_axi_lite_ipif/I_SLAVE_ATTACHMENT/I_DECODER/IP2Bus_Data[12]_i_24/O
                         net (fo=1, routed)           0.039     2.203    work_pls_i/usp_rf_data_converter_0/inst/i_axi_lite_ipif/I_SLAVE_ATTACHMENT/I_DECODER/IP2Bus_Data[12]_i_24_n_0
    SLICE_X117Y104       LUT5 (Prop_G6LUT_SLICEL_I2_O)
                                                      0.035     2.238 r  work_pls_i/usp_rf_data_converter_0/inst/i_axi_lite_ipif/I_SLAVE_ATTACHMENT/I_DECODER/IP2Bus_Data[12]_i_7/O
                         net (fo=1, routed)           0.259     2.497    work_pls_i/usp_rf_data_converter_0/inst/i_axi_lite_ipif/I_SLAVE_ATTACHMENT/I_DECODER/IP2Bus_Data[12]_i_7_n_0
    SLICE_X113Y103       LUT6 (Prop_H6LUT_SLICEM_I5_O)
                                                      0.090     2.587 r  work_pls_i/usp_rf_data_converter_0/inst/i_axi_lite_ipif/I_SLAVE_ATTACHMENT/I_DECODER/IP2Bus_Data[12]_i_1/O
                         net (fo=1, routed)           0.058     2.645    work_pls_i/usp_rf_data_converter_0/inst/i_axi_lite_ipif_n_72
    SLICE_X113Y103       FDRE                                         r  work_pls_i/usp_rf_data_converter_0/inst/IP2Bus_Data_reg[12]/D
  -------------------------------------------------------------------    -------------------

                         (clock clk_pl_0 rise edge)
                                                      0.000     0.000 r  
    PS8_X0Y0             PS8                          0.000     0.000 r  work_pls_i/zynq_ultra_ps_e_0/U0/PS8_i/PLCLK[0]
                         net (fo=1, routed)           0.157     0.157    work_pls_i/zynq_ultra_ps_e_0/U0/pl_clk_unbuffered[0]
    BUFG_PS_X0Y58        BUFG_PS (Prop_BUFG_PS_I_O)
                                                      0.025     0.182 r  work_pls_i/zynq_ultra_ps_e_0/U0/buffer_pl_clk_0.PL_CLK_0_BUFG/O
    X2Y2 (CLOCK_ROOT)    net (fo=7597, routed)        1.823     2.005    work_pls_i/usp_rf_data_converter_0/inst/s_axi_aclk
    SLICE_X113Y103       FDRE                                         r  work_pls_i/usp_rf_data_converter_0/inst/IP2Bus_Data_reg[12]/C





Min Delay Paths
--------------------------------------------------------------------------------------
Slack:                    inf
  Source:                 work_pls_i/usp_rf_data_converter_0/inst/work_pls_usp_rf_data_converter_0_0_rf_wrapper_i/rx3_u_adc/INTERNAL_FBRC_DIV2_MUX
                            (rising edge-triggered cell HSADC clocked by RFADC3_CLK  {rise@0.000ns fall@5.000ns period=10.000ns})
  Destination:            work_pls_i/usp_rf_data_converter_0/inst/IP2Bus_Data_reg[13]/D
                            (rising edge-triggered cell FDRE clocked by clk_pl_0  {rise@0.000ns fall@5.156ns period=10.312ns})
  Path Group:             (none)
  Path Type:              Hold (Min at Fast Process Corner)
  Data Path Delay:        1.181ns  (logic 0.360ns (30.483%)  route 0.821ns (69.517%))
  Logic Levels:           4  (LUT5=1 LUT6=3)
  Clock Path Skew:        1.416ns (DCD - SCD - CPR)
    Destination Clock Delay (DCD):    1.416ns
    Source Clock Delay      (SCD):    0.000ns
    Clock Pessimism Removal (CPR):    -0.000ns
  Clock Uncertainty:      0.159ns  ((TSJ^2 + DJ^2)^1/2) / 2 + PE
    Total System Jitter     (TSJ):    0.071ns
    Discrete Jitter          (DJ):    0.310ns
    Phase Error              (PE):    0.000ns
  Clock Net Delay (Destination): 1.269ns (routing 0.282ns, distribution 0.987ns)
  Timing Exception:       False Path

    Location             Delay type                Incr(ns)  Path(ns)    Netlist Resource(s)
  -------------------------------------------------------------------    -------------------
                         (clock RFADC3_CLK rise edge)
                                                      0.000     0.000 r  
    HSADC_X0Y3           HSADC                        0.000     0.000 r  work_pls_i/usp_rf_data_converter_0/inst/work_pls_usp_rf_data_converter_0_0_rf_wrapper_i/rx3_u_adc/INTERNAL_FBRC_DIV2_MUX
  -------------------------------------------------------------------    -------------------
    HSADC_X0Y3           HSADC (Prop_HSADC_INTERNAL_FBRC_DIV2_MUX_STATUS_COMMON[13])
                                                      0.241     0.241 r  work_pls_i/usp_rf_data_converter_0/inst/work_pls_usp_rf_data_converter_0_0_rf_wrapper_i/rx3_u_adc/STATUS_COMMON[13]
                         net (fo=1, routed)           0.618     0.859    work_pls_i/usp_rf_data_converter_0/inst/i_axi_lite_ipif/I_SLAVE_ATTACHMENT/I_DECODER/adc3_common_stat[13]
    SLICE_X116Y105       LUT5 (Prop_C6LUT_SLICEL_I4_O)
                                                      0.014     0.873 r  work_pls_i/usp_rf_data_converter_0/inst/i_axi_lite_ipif/I_SLAVE_ATTACHMENT/I_DECODER/IP2Bus_Data[13]_i_32/O
                         net (fo=1, routed)           0.022     0.895    work_pls_i/usp_rf_data_converter_0/inst/i_axi_lite_ipif/I_SLAVE_ATTACHMENT/I_DECODER/IP2Bus_Data[13]_i_32_n_0
    SLICE_X116Y105       LUT6 (Prop_D6LUT_SLICEL_I0_O)
                                                      0.014     0.909 r  work_pls_i/usp_rf_data_converter_0/inst/i_axi_lite_ipif/I_SLAVE_ATTACHMENT/I_DECODER/IP2Bus_Data[13]_i_21/O
                         net (fo=1, routed)           0.023     0.932    work_pls_i/usp_rf_data_converter_0/inst/i_axi_lite_ipif/I_SLAVE_ATTACHMENT/I_DECODER/IP2Bus_Data[13]_i_21_n_0
    SLICE_X116Y105       LUT6 (Prop_H6LUT_SLICEL_I3_O)
                                                      0.041     0.973 r  work_pls_i/usp_rf_data_converter_0/inst/i_axi_lite_ipif/I_SLAVE_ATTACHMENT/I_DECODER/IP2Bus_Data[13]_i_6/O
                         net (fo=1, routed)           0.132     1.105    work_pls_i/usp_rf_data_converter_0/inst/i_axi_lite_ipif/I_SLAVE_ATTACHMENT/I_DECODER/IP2Bus_Data[13]_i_6_n_0
    SLICE_X113Y100       LUT6 (Prop_D6LUT_SLICEM_I4_O)
                                                      0.050     1.155 r  work_pls_i/usp_rf_data_converter_0/inst/i_axi_lite_ipif/I_SLAVE_ATTACHMENT/I_DECODER/IP2Bus_Data[13]_i_1/O
                         net (fo=1, routed)           0.026     1.181    work_pls_i/usp_rf_data_converter_0/inst/i_axi_lite_ipif_n_71
    SLICE_X113Y100       FDRE                                         r  work_pls_i/usp_rf_data_converter_0/inst/IP2Bus_Data_reg[13]/D
  -------------------------------------------------------------------    -------------------

                         (clock clk_pl_0 rise edge)
                                                      0.000     0.000 r  
    PS8_X0Y0             PS8                          0.000     0.000 r  work_pls_i/zynq_ultra_ps_e_0/U0/PS8_i/PLCLK[0]
                         net (fo=1, routed)           0.129     0.129    work_pls_i/zynq_ultra_ps_e_0/U0/pl_clk_unbuffered[0]
    BUFG_PS_X0Y58        BUFG_PS (Prop_BUFG_PS_I_O)
                                                      0.018     0.147 r  work_pls_i/zynq_ultra_ps_e_0/U0/buffer_pl_clk_0.PL_CLK_0_BUFG/O
    X2Y2 (CLOCK_ROOT)    net (fo=7597, routed)        1.269     1.416    work_pls_i/usp_rf_data_converter_0/inst/s_axi_aclk
    SLICE_X113Y100       FDRE                                         r  work_pls_i/usp_rf_data_converter_0/inst/IP2Bus_Data_reg[13]/C

Slack:                    inf
  Source:                 work_pls_i/usp_rf_data_converter_0/inst/work_pls_usp_rf_data_converter_0_0_rf_wrapper_i/rx3_u_adc/INTERNAL_FBRC_DIV2_MUX
                            (rising edge-triggered cell HSADC clocked by RFADC3_CLK  {rise@0.000ns fall@5.000ns period=10.000ns})
  Destination:            work_pls_i/usp_rf_data_converter_0/inst/IP2Bus_Data_reg[12]/D
                            (rising edge-triggered cell FDRE clocked by clk_pl_0  {rise@0.000ns fall@5.156ns period=10.312ns})
  Path Group:             (none)
  Path Type:              Hold (Min at Fast Process Corner)
  Data Path Delay:        1.244ns  (logic 0.442ns (35.531%)  route 0.802ns (64.469%))
  Logic Levels:           4  (LUT5=2 LUT6=2)
  Clock Path Skew:        1.415ns (DCD - SCD - CPR)
    Destination Clock Delay (DCD):    1.415ns
    Source Clock Delay      (SCD):    0.000ns
    Clock Pessimism Removal (CPR):    -0.000ns
  Clock Uncertainty:      0.159ns  ((TSJ^2 + DJ^2)^1/2) / 2 + PE
    Total System Jitter     (TSJ):    0.071ns
    Discrete Jitter          (DJ):    0.310ns
    Phase Error              (PE):    0.000ns
  Clock Net Delay (Destination): 1.268ns (routing 0.282ns, distribution 0.986ns)
  Timing Exception:       False Path

    Location             Delay type                Incr(ns)  Path(ns)    Netlist Resource(s)
  -------------------------------------------------------------------    -------------------
                         (clock RFADC3_CLK rise edge)
                                                      0.000     0.000 r  
    HSADC_X0Y3           HSADC                        0.000     0.000 r  work_pls_i/usp_rf_data_converter_0/inst/work_pls_usp_rf_data_converter_0_0_rf_wrapper_i/rx3_u_adc/INTERNAL_FBRC_DIV2_MUX
  -------------------------------------------------------------------    -------------------
    HSADC_X0Y3           HSADC (Prop_HSADC_INTERNAL_FBRC_DIV2_MUX_STATUS_COMMON[12])
                                                      0.274     0.274 r  work_pls_i/usp_rf_data_converter_0/inst/work_pls_usp_rf_data_converter_0_0_rf_wrapper_i/rx3_u_adc/STATUS_COMMON[12]
                         net (fo=1, routed)           0.555     0.829    work_pls_i/usp_rf_data_converter_0/inst/i_axi_lite_ipif/I_SLAVE_ATTACHMENT/I_DECODER/adc3_common_stat[12]
    SLICE_X117Y104       LUT5 (Prop_C6LUT_SLICEL_I3_O)
                                                      0.059     0.888 f  work_pls_i/usp_rf_data_converter_0/inst/i_axi_lite_ipif/I_SLAVE_ATTACHMENT/I_DECODER/IP2Bus_Data[12]_i_46/O
                         net (fo=1, routed)           0.073     0.961    work_pls_i/usp_rf_data_converter_0/inst/i_axi_lite_ipif/I_SLAVE_ATTACHMENT/I_DECODER/IP2Bus_Data[12]_i_46_n_0
    SLICE_X117Y104       LUT6 (Prop_H6LUT_SLICEL_I5_O)
                                                      0.060     1.021 r  work_pls_i/usp_rf_data_converter_0/inst/i_axi_lite_ipif/I_SLAVE_ATTACHMENT/I_DECODER/IP2Bus_Data[12]_i_24/O
                         net (fo=1, routed)           0.021     1.042    work_pls_i/usp_rf_data_converter_0/inst/i_axi_lite_ipif/I_SLAVE_ATTACHMENT/I_DECODER/IP2Bus_Data[12]_i_24_n_0
    SLICE_X117Y104       LUT5 (Prop_G6LUT_SLICEL_I2_O)
                                                      0.014     1.056 r  work_pls_i/usp_rf_data_converter_0/inst/i_axi_lite_ipif/I_SLAVE_ATTACHMENT/I_DECODER/IP2Bus_Data[12]_i_7/O
                         net (fo=1, routed)           0.132     1.188    work_pls_i/usp_rf_data_converter_0/inst/i_axi_lite_ipif/I_SLAVE_ATTACHMENT/I_DECODER/IP2Bus_Data[12]_i_7_n_0
    SLICE_X113Y103       LUT6 (Prop_H6LUT_SLICEM_I5_O)
                                                      0.035     1.223 r  work_pls_i/usp_rf_data_converter_0/inst/i_axi_lite_ipif/I_SLAVE_ATTACHMENT/I_DECODER/IP2Bus_Data[12]_i_1/O
                         net (fo=1, routed)           0.021     1.244    work_pls_i/usp_rf_data_converter_0/inst/i_axi_lite_ipif_n_72
    SLICE_X113Y103       FDRE                                         r  work_pls_i/usp_rf_data_converter_0/inst/IP2Bus_Data_reg[12]/D
  -------------------------------------------------------------------    -------------------

                         (clock clk_pl_0 rise edge)
                                                      0.000     0.000 r  
    PS8_X0Y0             PS8                          0.000     0.000 r  work_pls_i/zynq_ultra_ps_e_0/U0/PS8_i/PLCLK[0]
                         net (fo=1, routed)           0.129     0.129    work_pls_i/zynq_ultra_ps_e_0/U0/pl_clk_unbuffered[0]
    BUFG_PS_X0Y58        BUFG_PS (Prop_BUFG_PS_I_O)
                                                      0.018     0.147 r  work_pls_i/zynq_ultra_ps_e_0/U0/buffer_pl_clk_0.PL_CLK_0_BUFG/O
    X2Y2 (CLOCK_ROOT)    net (fo=7597, routed)        1.268     1.415    work_pls_i/usp_rf_data_converter_0/inst/s_axi_aclk
    SLICE_X113Y103       FDRE                                         r  work_pls_i/usp_rf_data_converter_0/inst/IP2Bus_Data_reg[12]/C

Slack:                    inf
  Source:                 work_pls_i/usp_rf_data_converter_0/inst/work_pls_usp_rf_data_converter_0_0_rf_wrapper_i/rx3_u_adc/INTERNAL_FBRC_DIV2_MUX
                            (rising edge-triggered cell HSADC clocked by RFADC3_CLK  {rise@0.000ns fall@5.000ns period=10.000ns})
  Destination:            work_pls_i/usp_rf_data_converter_0/inst/IP2Bus_Data_reg[9]/D
                            (rising edge-triggered cell FDRE clocked by clk_pl_0  {rise@0.000ns fall@5.156ns period=10.312ns})
  Path Group:             (none)
  Path Type:              Hold (Min at Fast Process Corner)
  Data Path Delay:        1.337ns  (logic 0.335ns (25.056%)  route 1.002ns (74.944%))
  Logic Levels:           5  (LUT4=1 LUT5=1 LUT6=3)
  Clock Path Skew:        1.418ns (DCD - SCD - CPR)
    Destination Clock Delay (DCD):    1.418ns
    Source Clock Delay      (SCD):    0.000ns
    Clock Pessimism Removal (CPR):    -0.000ns
  Clock Uncertainty:      0.159ns  ((TSJ^2 + DJ^2)^1/2) / 2 + PE
    Total System Jitter     (TSJ):    0.071ns
    Discrete Jitter          (DJ):    0.310ns
    Phase Error              (PE):    0.000ns
  Clock Net Delay (Destination): 1.271ns (routing 0.282ns, distribution 0.989ns)
  Timing Exception:       False Path

    Location             Delay type                Incr(ns)  Path(ns)    Netlist Resource(s)
  -------------------------------------------------------------------    -------------------
                         (clock RFADC3_CLK rise edge)
                                                      0.000     0.000 r  
    HSADC_X0Y3           HSADC                        0.000     0.000 r  work_pls_i/usp_rf_data_converter_0/inst/work_pls_usp_rf_data_converter_0_0_rf_wrapper_i/rx3_u_adc/INTERNAL_FBRC_DIV2_MUX
  -------------------------------------------------------------------    -------------------
    HSADC_X0Y3           HSADC (Prop_HSADC_INTERNAL_FBRC_DIV2_MUX_STATUS_COMMON[9])
                                                      0.228     0.228 r  work_pls_i/usp_rf_data_converter_0/inst/work_pls_usp_rf_data_converter_0_0_rf_wrapper_i/rx3_u_adc/STATUS_COMMON[9]
                         net (fo=1, routed)           0.586     0.814    work_pls_i/usp_rf_data_converter_0/inst/i_axi_lite_ipif/I_SLAVE_ATTACHMENT/I_DECODER/adc3_common_stat[9]
    SLICE_X117Y102       LUT4 (Prop_A6LUT_SLICEL_I0_O)
                                                      0.035     0.849 f  work_pls_i/usp_rf_data_converter_0/inst/i_axi_lite_ipif/I_SLAVE_ATTACHMENT/I_DECODER/IP2Bus_Data[9]_i_34/O
                         net (fo=1, routed)           0.091     0.940    work_pls_i/usp_rf_data_converter_0/inst/i_axi_lite_ipif/I_SLAVE_ATTACHMENT/I_DECODER/IP2Bus_Data[9]_i_34_n_0
    SLICE_X115Y102       LUT5 (Prop_B6LUT_SLICEM_I3_O)
                                                      0.014     0.954 f  work_pls_i/usp_rf_data_converter_0/inst/i_axi_lite_ipif/I_SLAVE_ATTACHMENT/I_DECODER/IP2Bus_Data[9]_i_25/O
                         net (fo=1, routed)           0.044     0.998    work_pls_i/usp_rf_data_converter_0/inst/i_axi_lite_ipif/I_SLAVE_ATTACHMENT/I_DECODER/IP2Bus_Data[9]_i_25_n_0
    SLICE_X115Y102       LUT6 (Prop_C6LUT_SLICEM_I2_O)
                                                      0.014     1.012 f  work_pls_i/usp_rf_data_converter_0/inst/i_axi_lite_ipif/I_SLAVE_ATTACHMENT/I_DECODER/IP2Bus_Data[9]_i_15/O
                         net (fo=1, routed)           0.107     1.119    work_pls_i/usp_rf_data_converter_0/inst/i_axi_lite_ipif/I_SLAVE_ATTACHMENT/I_DECODER/IP2Bus_Data[9]_i_15_n_0
    SLICE_X115Y96        LUT6 (Prop_G6LUT_SLICEM_I2_O)
                                                      0.022     1.141 f  work_pls_i/usp_rf_data_converter_0/inst/i_axi_lite_ipif/I_SLAVE_ATTACHMENT/I_DECODER/IP2Bus_Data[9]_i_5/O
                         net (fo=1, routed)           0.150     1.291    work_pls_i/usp_rf_data_converter_0/inst/i_axi_lite_ipif/I_SLAVE_ATTACHMENT/I_DECODER/IP2Bus_Data[9]_i_5_n_0
    SLICE_X113Y104       LUT6 (Prop_C6LUT_SLICEM_I4_O)
                                                      0.022     1.313 r  work_pls_i/usp_rf_data_converter_0/inst/i_axi_lite_ipif/I_SLAVE_ATTACHMENT/I_DECODER/IP2Bus_Data[9]_i_1/O
                         net (fo=1, routed)           0.024     1.337    work_pls_i/usp_rf_data_converter_0/inst/i_axi_lite_ipif_n_75
    SLICE_X113Y104       FDRE                                         r  work_pls_i/usp_rf_data_converter_0/inst/IP2Bus_Data_reg[9]/D
  -------------------------------------------------------------------    -------------------

                         (clock clk_pl_0 rise edge)
                                                      0.000     0.000 r  
    PS8_X0Y0             PS8                          0.000     0.000 r  work_pls_i/zynq_ultra_ps_e_0/U0/PS8_i/PLCLK[0]
                         net (fo=1, routed)           0.129     0.129    work_pls_i/zynq_ultra_ps_e_0/U0/pl_clk_unbuffered[0]
    BUFG_PS_X0Y58        BUFG_PS (Prop_BUFG_PS_I_O)
                                                      0.018     0.147 r  work_pls_i/zynq_ultra_ps_e_0/U0/buffer_pl_clk_0.PL_CLK_0_BUFG/O
    X2Y2 (CLOCK_ROOT)    net (fo=7597, routed)        1.271     1.418    work_pls_i/usp_rf_data_converter_0/inst/s_axi_aclk
    SLICE_X113Y104       FDRE                                         r  work_pls_i/usp_rf_data_converter_0/inst/IP2Bus_Data_reg[9]/C

Slack:                    inf
  Source:                 work_pls_i/usp_rf_data_converter_0/inst/work_pls_usp_rf_data_converter_0_0_rf_wrapper_i/rx3_u_adc/INTERNAL_FBRC_DIV2_MUX
                            (rising edge-triggered cell HSADC clocked by RFADC3_CLK  {rise@0.000ns fall@5.000ns period=10.000ns})
  Destination:            work_pls_i/usp_rf_data_converter_0/inst/IP2Bus_Data_reg[14]/D
                            (rising edge-triggered cell FDRE clocked by clk_pl_0  {rise@0.000ns fall@5.156ns period=10.312ns})
  Path Group:             (none)
  Path Type:              Hold (Min at Fast Process Corner)
  Data Path Delay:        1.369ns  (logic 0.421ns (30.752%)  route 0.948ns (69.248%))
  Logic Levels:           5  (LUT4=1 LUT6=4)
  Clock Path Skew:        1.395ns (DCD - SCD - CPR)
    Destination Clock Delay (DCD):    1.395ns
    Source Clock Delay      (SCD):    0.000ns
    Clock Pessimism Removal (CPR):    -0.000ns
  Clock Uncertainty:      0.159ns  ((TSJ^2 + DJ^2)^1/2) / 2 + PE
    Total System Jitter     (TSJ):    0.071ns
    Discrete Jitter          (DJ):    0.310ns
    Phase Error              (PE):    0.000ns
  Clock Net Delay (Destination): 1.248ns (routing 0.282ns, distribution 0.966ns)
  Timing Exception:       False Path

    Location             Delay type                Incr(ns)  Path(ns)    Netlist Resource(s)
  -------------------------------------------------------------------    -------------------
                         (clock RFADC3_CLK rise edge)
                                                      0.000     0.000 r  
    HSADC_X0Y3           HSADC                        0.000     0.000 r  work_pls_i/usp_rf_data_converter_0/inst/work_pls_usp_rf_data_converter_0_0_rf_wrapper_i/rx3_u_adc/INTERNAL_FBRC_DIV2_MUX
  -------------------------------------------------------------------    -------------------
    HSADC_X0Y3           HSADC (Prop_HSADC_INTERNAL_FBRC_DIV2_MUX_STATUS_COMMON[14])
                                                      0.285     0.285 r  work_pls_i/usp_rf_data_converter_0/inst/work_pls_usp_rf_data_converter_0_0_rf_wrapper_i/rx3_u_adc/STATUS_COMMON[14]
                         net (fo=1, routed)           0.584     0.869    work_pls_i/usp_rf_data_converter_0/inst/i_axi_lite_ipif/I_SLAVE_ATTACHMENT/I_DECODER/adc3_common_stat[14]
    SLICE_X117Y101       LUT4 (Prop_F6LUT_SLICEL_I0_O)
                                                      0.014     0.883 f  work_pls_i/usp_rf_data_converter_0/inst/i_axi_lite_ipif/I_SLAVE_ATTACHMENT/I_DECODER/IP2Bus_Data[14]_i_64/O
                         net (fo=1, routed)           0.088     0.971    work_pls_i/usp_rf_data_converter_0/inst/i_axi_lite_ipif/I_SLAVE_ATTACHMENT/I_DECODER/IP2Bus_Data[14]_i_64_n_0
    SLICE_X116Y101       LUT6 (Prop_F6LUT_SLICEL_I4_O)
                                                      0.035     1.006 r  work_pls_i/usp_rf_data_converter_0/inst/i_axi_lite_ipif/I_SLAVE_ATTACHMENT/I_DECODER/IP2Bus_Data[14]_i_43/O
                         net (fo=1, routed)           0.072     1.078    work_pls_i/usp_rf_data_converter_0/inst/i_axi_lite_ipif/I_SLAVE_ATTACHMENT/I_DECODER/IP2Bus_Data[14]_i_43_n_0
    SLICE_X115Y99        LUT6 (Prop_H6LUT_SLICEM_I3_O)
                                                      0.023     1.101 f  work_pls_i/usp_rf_data_converter_0/inst/i_axi_lite_ipif/I_SLAVE_ATTACHMENT/I_DECODER/IP2Bus_Data[14]_i_20/O
                         net (fo=1, routed)           0.135     1.236    work_pls_i/usp_rf_data_converter_0/inst/i_axi_lite_ipif/I_SLAVE_ATTACHMENT/I_DECODER/IP2Bus_Data[14]_i_20_n_0
    SLICE_X116Y90        LUT6 (Prop_H6LUT_SLICEL_I0_O)
                                                      0.023     1.259 f  work_pls_i/usp_rf_data_converter_0/inst/i_axi_lite_ipif/I_SLAVE_ATTACHMENT/I_DECODER/IP2Bus_Data[14]_i_5/O
                         net (fo=1, routed)           0.053     1.312    work_pls_i/usp_rf_data_converter_0/inst/i_axi_lite_ipif/I_SLAVE_ATTACHMENT/I_DECODER/IP2Bus_Data[14]_i_5_n_0
    SLICE_X114Y91        LUT6 (Prop_D6LUT_SLICEL_I3_O)
                                                      0.041     1.353 r  work_pls_i/usp_rf_data_converter_0/inst/i_axi_lite_ipif/I_SLAVE_ATTACHMENT/I_DECODER/IP2Bus_Data[14]_i_1/O
                         net (fo=1, routed)           0.016     1.369    work_pls_i/usp_rf_data_converter_0/inst/i_axi_lite_ipif_n_70
    SLICE_X114Y91        FDRE                                         r  work_pls_i/usp_rf_data_converter_0/inst/IP2Bus_Data_reg[14]/D
  -------------------------------------------------------------------    -------------------

                         (clock clk_pl_0 rise edge)
                                                      0.000     0.000 r  
    PS8_X0Y0             PS8                          0.000     0.000 r  work_pls_i/zynq_ultra_ps_e_0/U0/PS8_i/PLCLK[0]
                         net (fo=1, routed)           0.129     0.129    work_pls_i/zynq_ultra_ps_e_0/U0/pl_clk_unbuffered[0]
    BUFG_PS_X0Y58        BUFG_PS (Prop_BUFG_PS_I_O)
                                                      0.018     0.147 r  work_pls_i/zynq_ultra_ps_e_0/U0/buffer_pl_clk_0.PL_CLK_0_BUFG/O
    X2Y2 (CLOCK_ROOT)    net (fo=7597, routed)        1.248     1.395    work_pls_i/usp_rf_data_converter_0/inst/s_axi_aclk
    SLICE_X114Y91        FDRE                                         r  work_pls_i/usp_rf_data_converter_0/inst/IP2Bus_Data_reg[14]/C

Slack:                    inf
  Source:                 work_pls_i/usp_rf_data_converter_0/inst/work_pls_usp_rf_data_converter_0_0_rf_wrapper_i/rx3_u_adc/INTERNAL_FBRC_DIV2_MUX
                            (rising edge-triggered cell HSADC clocked by RFADC3_CLK  {rise@0.000ns fall@5.000ns period=10.000ns})
  Destination:            work_pls_i/usp_rf_data_converter_0/inst/IP2Bus_Data_reg[8]/D
                            (rising edge-triggered cell FDRE clocked by clk_pl_0  {rise@0.000ns fall@5.156ns period=10.312ns})
  Path Group:             (none)
  Path Type:              Hold (Min at Fast Process Corner)
  Data Path Delay:        1.402ns  (logic 0.388ns (27.675%)  route 1.014ns (72.325%))
  Logic Levels:           5  (LUT4=1 LUT5=1 LUT6=3)
  Clock Path Skew:        1.411ns (DCD - SCD - CPR)
    Destination Clock Delay (DCD):    1.411ns
    Source Clock Delay      (SCD):    0.000ns
    Clock Pessimism Removal (CPR):    -0.000ns
  Clock Uncertainty:      0.159ns  ((TSJ^2 + DJ^2)^1/2) / 2 + PE
    Total System Jitter     (TSJ):    0.071ns
    Discrete Jitter          (DJ):    0.310ns
    Phase Error              (PE):    0.000ns
  Clock Net Delay (Destination): 1.264ns (routing 0.282ns, distribution 0.982ns)
  Timing Exception:       False Path

    Location             Delay type                Incr(ns)  Path(ns)    Netlist Resource(s)
  -------------------------------------------------------------------    -------------------
                         (clock RFADC3_CLK rise edge)
                                                      0.000     0.000 r  
    HSADC_X0Y3           HSADC                        0.000     0.000 r  work_pls_i/usp_rf_data_converter_0/inst/work_pls_usp_rf_data_converter_0_0_rf_wrapper_i/rx3_u_adc/INTERNAL_FBRC_DIV2_MUX
  -------------------------------------------------------------------    -------------------
    HSADC_X0Y3           HSADC (Prop_HSADC_INTERNAL_FBRC_DIV2_MUX_STATUS_COMMON[8])
                                                      0.237     0.237 r  work_pls_i/usp_rf_data_converter_0/inst/work_pls_usp_rf_data_converter_0_0_rf_wrapper_i/rx3_u_adc/STATUS_COMMON[8]
                         net (fo=1, routed)           0.581     0.818    work_pls_i/usp_rf_data_converter_0/inst/i_axi_lite_ipif/I_SLAVE_ATTACHMENT/I_DECODER/adc3_common_stat[8]
    SLICE_X116Y104       LUT4 (Prop_H6LUT_SLICEL_I0_O)
                                                      0.060     0.878 f  work_pls_i/usp_rf_data_converter_0/inst/i_axi_lite_ipif/I_SLAVE_ATTACHMENT/I_DECODER/IP2Bus_Data[8]_i_30/O
                         net (fo=1, routed)           0.073     0.951    work_pls_i/usp_rf_data_converter_0/inst/i_axi_lite_ipif/I_SLAVE_ATTACHMENT/I_DECODER/IP2Bus_Data[8]_i_30_n_0
    SLICE_X116Y103       LUT5 (Prop_C6LUT_SLICEL_I0_O)
                                                      0.014     0.965 f  work_pls_i/usp_rf_data_converter_0/inst/i_axi_lite_ipif/I_SLAVE_ATTACHMENT/I_DECODER/IP2Bus_Data[8]_i_22/O
                         net (fo=1, routed)           0.066     1.031    work_pls_i/usp_rf_data_converter_0/inst/i_axi_lite_ipif/I_SLAVE_ATTACHMENT/I_DECODER/IP2Bus_Data[8]_i_22_n_0
    SLICE_X115Y102       LUT6 (Prop_D6LUT_SLICEM_I2_O)
                                                      0.014     1.045 f  work_pls_i/usp_rf_data_converter_0/inst/i_axi_lite_ipif/I_SLAVE_ATTACHMENT/I_DECODER/IP2Bus_Data[8]_i_12/O
                         net (fo=1, routed)           0.109     1.154    work_pls_i/usp_rf_data_converter_0/inst/i_axi_lite_ipif/I_SLAVE_ATTACHMENT/I_DECODER/IP2Bus_Data[8]_i_12_n_0
    SLICE_X115Y95        LUT6 (Prop_E6LUT_SLICEM_I2_O)
                                                      0.022     1.176 f  work_pls_i/usp_rf_data_converter_0/inst/i_axi_lite_ipif/I_SLAVE_ATTACHMENT/I_DECODER/IP2Bus_Data[8]_i_5/O
                         net (fo=1, routed)           0.169     1.345    work_pls_i/usp_rf_data_converter_0/inst/i_axi_lite_ipif/I_SLAVE_ATTACHMENT/I_DECODER/IP2Bus_Data[8]_i_5_n_0
    SLICE_X111Y105       LUT6 (Prop_D6LUT_SLICEL_I4_O)
                                                      0.041     1.386 r  work_pls_i/usp_rf_data_converter_0/inst/i_axi_lite_ipif/I_SLAVE_ATTACHMENT/I_DECODER/IP2Bus_Data[8]_i_1/O
                         net (fo=1, routed)           0.016     1.402    work_pls_i/usp_rf_data_converter_0/inst/i_axi_lite_ipif_n_76
    SLICE_X111Y105       FDRE                                         r  work_pls_i/usp_rf_data_converter_0/inst/IP2Bus_Data_reg[8]/D
  -------------------------------------------------------------------    -------------------

                         (clock clk_pl_0 rise edge)
                                                      0.000     0.000 r  
    PS8_X0Y0             PS8                          0.000     0.000 r  work_pls_i/zynq_ultra_ps_e_0/U0/PS8_i/PLCLK[0]
                         net (fo=1, routed)           0.129     0.129    work_pls_i/zynq_ultra_ps_e_0/U0/pl_clk_unbuffered[0]
    BUFG_PS_X0Y58        BUFG_PS (Prop_BUFG_PS_I_O)
                                                      0.018     0.147 r  work_pls_i/zynq_ultra_ps_e_0/U0/buffer_pl_clk_0.PL_CLK_0_BUFG/O
    X2Y2 (CLOCK_ROOT)    net (fo=7597, routed)        1.264     1.411    work_pls_i/usp_rf_data_converter_0/inst/s_axi_aclk
    SLICE_X111Y105       FDRE                                         r  work_pls_i/usp_rf_data_converter_0/inst/IP2Bus_Data_reg[8]/C

Slack:                    inf
  Source:                 work_pls_i/usp_rf_data_converter_0/inst/work_pls_usp_rf_data_converter_0_0_rf_wrapper_i/rx3_u_adc/INTERNAL_FBRC_DIV2_MUX
                            (rising edge-triggered cell HSADC clocked by RFADC3_CLK  {rise@0.000ns fall@5.000ns period=10.000ns})
  Destination:            work_pls_i/usp_rf_data_converter_0/inst/IP2Bus_Data_reg[15]/D
                            (rising edge-triggered cell FDRE clocked by clk_pl_0  {rise@0.000ns fall@5.156ns period=10.312ns})
  Path Group:             (none)
  Path Type:              Hold (Min at Fast Process Corner)
  Data Path Delay:        1.418ns  (logic 0.426ns (30.042%)  route 0.992ns (69.958%))
  Logic Levels:           4  (LUT5=1 LUT6=3)
  Clock Path Skew:        1.398ns (DCD - SCD - CPR)
    Destination Clock Delay (DCD):    1.398ns
    Source Clock Delay      (SCD):    0.000ns
    Clock Pessimism Removal (CPR):    -0.000ns
  Clock Uncertainty:      0.159ns  ((TSJ^2 + DJ^2)^1/2) / 2 + PE
    Total System Jitter     (TSJ):    0.071ns
    Discrete Jitter          (DJ):    0.310ns
    Phase Error              (PE):    0.000ns
  Clock Net Delay (Destination): 1.251ns (routing 0.282ns, distribution 0.969ns)
  Timing Exception:       False Path

    Location             Delay type                Incr(ns)  Path(ns)    Netlist Resource(s)
  -------------------------------------------------------------------    -------------------
                         (clock RFADC3_CLK rise edge)
                                                      0.000     0.000 r  
    HSADC_X0Y3           HSADC                        0.000     0.000 r  work_pls_i/usp_rf_data_converter_0/inst/work_pls_usp_rf_data_converter_0_0_rf_wrapper_i/rx3_u_adc/INTERNAL_FBRC_DIV2_MUX
  -------------------------------------------------------------------    -------------------
    HSADC_X0Y3           HSADC (Prop_HSADC_INTERNAL_FBRC_DIV2_MUX_STATUS_COMMON[15])
                                                      0.250     0.250 r  work_pls_i/usp_rf_data_converter_0/inst/work_pls_usp_rf_data_converter_0_0_rf_wrapper_i/rx3_u_adc/STATUS_COMMON[15]
                         net (fo=1, routed)           0.598     0.848    work_pls_i/usp_rf_data_converter_0/inst/i_axi_lite_ipif/I_SLAVE_ATTACHMENT/I_DECODER/adc3_common_stat[15]
    SLICE_X117Y102       LUT5 (Prop_D6LUT_SLICEL_I4_O)
                                                      0.050     0.898 r  work_pls_i/usp_rf_data_converter_0/inst/i_axi_lite_ipif/I_SLAVE_ATTACHMENT/I_DECODER/IP2Bus_Data[15]_i_46/O
                         net (fo=1, routed)           0.160     1.058    work_pls_i/usp_rf_data_converter_0/inst/i_axi_lite_ipif/I_SLAVE_ATTACHMENT/I_DECODER/IP2Bus_Data[15]_i_46_n_0
    SLICE_X115Y98        LUT6 (Prop_G6LUT_SLICEM_I2_O)
                                                      0.060     1.118 r  work_pls_i/usp_rf_data_converter_0/inst/i_axi_lite_ipif/I_SLAVE_ATTACHMENT/I_DECODER/IP2Bus_Data[15]_i_17/O
                         net (fo=1, routed)           0.111     1.229    work_pls_i/usp_rf_data_converter_0/inst/i_axi_lite_ipif/I_SLAVE_ATTACHMENT/I_DECODER/IP2Bus_Data[15]_i_17_n_0
    SLICE_X115Y91        LUT6 (Prop_H6LUT_SLICEM_I0_O)
                                                      0.015     1.244 f  work_pls_i/usp_rf_data_converter_0/inst/i_axi_lite_ipif/I_SLAVE_ATTACHMENT/I_DECODER/IP2Bus_Data[15]_i_4/O
                         net (fo=1, routed)           0.102     1.346    work_pls_i/usp_rf_data_converter_0/inst/i_axi_lite_ipif/I_SLAVE_ATTACHMENT/I_DECODER/IP2Bus_Data[15]_i_4_n_0
    SLICE_X113Y91        LUT6 (Prop_H6LUT_SLICEM_I2_O)
                                                      0.051     1.397 r  work_pls_i/usp_rf_data_converter_0/inst/i_axi_lite_ipif/I_SLAVE_ATTACHMENT/I_DECODER/IP2Bus_Data[15]_i_1/O
                         net (fo=1, routed)           0.021     1.418    work_pls_i/usp_rf_data_converter_0/inst/i_axi_lite_ipif_n_69
    SLICE_X113Y91        FDRE                                         r  work_pls_i/usp_rf_data_converter_0/inst/IP2Bus_Data_reg[15]/D
  -------------------------------------------------------------------    -------------------

                         (clock clk_pl_0 rise edge)
                                                      0.000     0.000 r  
    PS8_X0Y0             PS8                          0.000     0.000 r  work_pls_i/zynq_ultra_ps_e_0/U0/PS8_i/PLCLK[0]
                         net (fo=1, routed)           0.129     0.129    work_pls_i/zynq_ultra_ps_e_0/U0/pl_clk_unbuffered[0]
    BUFG_PS_X0Y58        BUFG_PS (Prop_BUFG_PS_I_O)
                                                      0.018     0.147 r  work_pls_i/zynq_ultra_ps_e_0/U0/buffer_pl_clk_0.PL_CLK_0_BUFG/O
    X2Y2 (CLOCK_ROOT)    net (fo=7597, routed)        1.251     1.398    work_pls_i/usp_rf_data_converter_0/inst/s_axi_aclk
    SLICE_X113Y91        FDRE                                         r  work_pls_i/usp_rf_data_converter_0/inst/IP2Bus_Data_reg[15]/C

Slack:                    inf
  Source:                 work_pls_i/usp_rf_data_converter_0/inst/work_pls_usp_rf_data_converter_0_0_rf_wrapper_i/rx3_u_adc/INTERNAL_FBRC_DIV2_MUX
                            (rising edge-triggered cell HSADC clocked by RFADC3_CLK  {rise@0.000ns fall@5.000ns period=10.000ns})
  Destination:            work_pls_i/usp_rf_data_converter_0/inst/IP2Bus_Data_reg[11]/D
                            (rising edge-triggered cell FDRE clocked by clk_pl_0  {rise@0.000ns fall@5.156ns period=10.312ns})
  Path Group:             (none)
  Path Type:              Hold (Min at Fast Process Corner)
  Data Path Delay:        1.514ns  (logic 0.419ns (27.675%)  route 1.095ns (72.325%))
  Logic Levels:           5  (LUT4=1 LUT5=1 LUT6=3)
  Clock Path Skew:        1.407ns (DCD - SCD - CPR)
    Destination Clock Delay (DCD):    1.407ns
    Source Clock Delay      (SCD):    0.000ns
    Clock Pessimism Removal (CPR):    -0.000ns
  Clock Uncertainty:      0.159ns  ((TSJ^2 + DJ^2)^1/2) / 2 + PE
    Total System Jitter     (TSJ):    0.071ns
    Discrete Jitter          (DJ):    0.310ns
    Phase Error              (PE):    0.000ns
  Clock Net Delay (Destination): 1.260ns (routing 0.282ns, distribution 0.978ns)
  Timing Exception:       False Path

    Location             Delay type                Incr(ns)  Path(ns)    Netlist Resource(s)
  -------------------------------------------------------------------    -------------------
                         (clock RFADC3_CLK rise edge)
                                                      0.000     0.000 r  
    HSADC_X0Y3           HSADC                        0.000     0.000 r  work_pls_i/usp_rf_data_converter_0/inst/work_pls_usp_rf_data_converter_0_0_rf_wrapper_i/rx3_u_adc/INTERNAL_FBRC_DIV2_MUX
  -------------------------------------------------------------------    -------------------
    HSADC_X0Y3           HSADC (Prop_HSADC_INTERNAL_FBRC_DIV2_MUX_STATUS_COMMON[11])
                                                      0.265     0.265 r  work_pls_i/usp_rf_data_converter_0/inst/work_pls_usp_rf_data_converter_0_0_rf_wrapper_i/rx3_u_adc/STATUS_COMMON[11]
                         net (fo=1, routed)           0.699     0.964    work_pls_i/usp_rf_data_converter_0/inst/i_axi_lite_ipif/I_SLAVE_ATTACHMENT/I_DECODER/adc3_common_stat[11]
    SLICE_X117Y101       LUT4 (Prop_C6LUT_SLICEL_I0_O)
                                                      0.035     0.999 f  work_pls_i/usp_rf_data_converter_0/inst/i_axi_lite_ipif/I_SLAVE_ATTACHMENT/I_DECODER/IP2Bus_Data[11]_i_39/O
                         net (fo=1, routed)           0.088     1.087    work_pls_i/usp_rf_data_converter_0/inst/i_axi_lite_ipif/I_SLAVE_ATTACHMENT/I_DECODER/IP2Bus_Data[11]_i_39_n_0
    SLICE_X116Y101       LUT5 (Prop_C6LUT_SLICEL_I3_O)
                                                      0.014     1.101 f  work_pls_i/usp_rf_data_converter_0/inst/i_axi_lite_ipif/I_SLAVE_ATTACHMENT/I_DECODER/IP2Bus_Data[11]_i_30/O
                         net (fo=1, routed)           0.031     1.132    work_pls_i/usp_rf_data_converter_0/inst/i_axi_lite_ipif/I_SLAVE_ATTACHMENT/I_DECODER/IP2Bus_Data[11]_i_30_n_0
    SLICE_X116Y101       LUT6 (Prop_G6LUT_SLICEL_I2_O)
                                                      0.060     1.192 f  work_pls_i/usp_rf_data_converter_0/inst/i_axi_lite_ipif/I_SLAVE_ATTACHMENT/I_DECODER/IP2Bus_Data[11]_i_16/O
                         net (fo=1, routed)           0.107     1.299    work_pls_i/usp_rf_data_converter_0/inst/i_axi_lite_ipif/I_SLAVE_ATTACHMENT/I_DECODER/IP2Bus_Data[11]_i_16_n_0
    SLICE_X115Y95        LUT6 (Prop_G6LUT_SLICEM_I2_O)
                                                      0.022     1.321 f  work_pls_i/usp_rf_data_converter_0/inst/i_axi_lite_ipif/I_SLAVE_ATTACHMENT/I_DECODER/IP2Bus_Data[11]_i_5/O
                         net (fo=1, routed)           0.149     1.470    work_pls_i/usp_rf_data_converter_0/inst/i_axi_lite_ipif/I_SLAVE_ATTACHMENT/I_DECODER/IP2Bus_Data[11]_i_5_n_0
    SLICE_X113Y105       LUT6 (Prop_H6LUT_SLICEM_I4_O)
                                                      0.023     1.493 r  work_pls_i/usp_rf_data_converter_0/inst/i_axi_lite_ipif/I_SLAVE_ATTACHMENT/I_DECODER/IP2Bus_Data[11]_i_1/O
                         net (fo=1, routed)           0.021     1.514    work_pls_i/usp_rf_data_converter_0/inst/i_axi_lite_ipif_n_73
    SLICE_X113Y105       FDRE                                         r  work_pls_i/usp_rf_data_converter_0/inst/IP2Bus_Data_reg[11]/D
  -------------------------------------------------------------------    -------------------

                         (clock clk_pl_0 rise edge)
                                                      0.000     0.000 r  
    PS8_X0Y0             PS8                          0.000     0.000 r  work_pls_i/zynq_ultra_ps_e_0/U0/PS8_i/PLCLK[0]
                         net (fo=1, routed)           0.129     0.129    work_pls_i/zynq_ultra_ps_e_0/U0/pl_clk_unbuffered[0]
    BUFG_PS_X0Y58        BUFG_PS (Prop_BUFG_PS_I_O)
                                                      0.018     0.147 r  work_pls_i/zynq_ultra_ps_e_0/U0/buffer_pl_clk_0.PL_CLK_0_BUFG/O
    X2Y2 (CLOCK_ROOT)    net (fo=7597, routed)        1.260     1.407    work_pls_i/usp_rf_data_converter_0/inst/s_axi_aclk
    SLICE_X113Y105       FDRE                                         r  work_pls_i/usp_rf_data_converter_0/inst/IP2Bus_Data_reg[11]/C

Slack:                    inf
  Source:                 work_pls_i/usp_rf_data_converter_0/inst/work_pls_usp_rf_data_converter_0_0_rf_wrapper_i/rx3_u_adc/INTERNAL_FBRC_DIV2_MUX
                            (rising edge-triggered cell HSADC clocked by RFADC3_CLK  {rise@0.000ns fall@5.000ns period=10.000ns})
  Destination:            work_pls_i/usp_rf_data_converter_0/inst/IP2Bus_Data_reg[10]/D
                            (rising edge-triggered cell FDRE clocked by clk_pl_0  {rise@0.000ns fall@5.156ns period=10.312ns})
  Path Group:             (none)
  Path Type:              Hold (Min at Fast Process Corner)
  Data Path Delay:        1.584ns  (logic 0.470ns (29.672%)  route 1.114ns (70.328%))
  Logic Levels:           5  (LUT4=1 LUT5=1 LUT6=3)
  Clock Path Skew:        1.403ns (DCD - SCD - CPR)
    Destination Clock Delay (DCD):    1.403ns
    Source Clock Delay      (SCD):    0.000ns
    Clock Pessimism Removal (CPR):    -0.000ns
  Clock Uncertainty:      0.159ns  ((TSJ^2 + DJ^2)^1/2) / 2 + PE
    Total System Jitter     (TSJ):    0.071ns
    Discrete Jitter          (DJ):    0.310ns
    Phase Error              (PE):    0.000ns
  Clock Net Delay (Destination): 1.256ns (routing 0.282ns, distribution 0.974ns)
  Timing Exception:       False Path

    Location             Delay type                Incr(ns)  Path(ns)    Netlist Resource(s)
  -------------------------------------------------------------------    -------------------
                         (clock RFADC3_CLK rise edge)
                                                      0.000     0.000 r  
    HSADC_X0Y3           HSADC                        0.000     0.000 r  work_pls_i/usp_rf_data_converter_0/inst/work_pls_usp_rf_data_converter_0_0_rf_wrapper_i/rx3_u_adc/INTERNAL_FBRC_DIV2_MUX
  -------------------------------------------------------------------    -------------------
    HSADC_X0Y3           HSADC (Prop_HSADC_INTERNAL_FBRC_DIV2_MUX_STATUS_COMMON[10])
                                                      0.227     0.227 r  work_pls_i/usp_rf_data_converter_0/inst/work_pls_usp_rf_data_converter_0_0_rf_wrapper_i/rx3_u_adc/STATUS_COMMON[10]
                         net (fo=1, routed)           0.634     0.861    work_pls_i/usp_rf_data_converter_0/inst/i_axi_lite_ipif/I_SLAVE_ATTACHMENT/I_DECODER/adc3_common_stat[10]
    SLICE_X116Y105       LUT4 (Prop_F6LUT_SLICEL_I0_O)
                                                      0.059     0.920 f  work_pls_i/usp_rf_data_converter_0/inst/i_axi_lite_ipif/I_SLAVE_ATTACHMENT/I_DECODER/IP2Bus_Data[10]_i_34/O
                         net (fo=1, routed)           0.114     1.034    work_pls_i/usp_rf_data_converter_0/inst/i_axi_lite_ipif/I_SLAVE_ATTACHMENT/I_DECODER/IP2Bus_Data[10]_i_34_n_0
    SLICE_X116Y101       LUT5 (Prop_E6LUT_SLICEL_I3_O)
                                                      0.059     1.093 f  work_pls_i/usp_rf_data_converter_0/inst/i_axi_lite_ipif/I_SLAVE_ATTACHMENT/I_DECODER/IP2Bus_Data[10]_i_25/O
                         net (fo=1, routed)           0.053     1.146    work_pls_i/usp_rf_data_converter_0/inst/i_axi_lite_ipif/I_SLAVE_ATTACHMENT/I_DECODER/IP2Bus_Data[10]_i_25_n_0
    SLICE_X116Y101       LUT6 (Prop_H6LUT_SLICEL_I2_O)
                                                      0.060     1.206 f  work_pls_i/usp_rf_data_converter_0/inst/i_axi_lite_ipif/I_SLAVE_ATTACHMENT/I_DECODER/IP2Bus_Data[10]_i_13/O
                         net (fo=1, routed)           0.134     1.340    work_pls_i/usp_rf_data_converter_0/inst/i_axi_lite_ipif/I_SLAVE_ATTACHMENT/I_DECODER/IP2Bus_Data[10]_i_13_n_0
    SLICE_X115Y94        LUT6 (Prop_H6LUT_SLICEM_I2_O)
                                                      0.051     1.391 f  work_pls_i/usp_rf_data_converter_0/inst/i_axi_lite_ipif/I_SLAVE_ATTACHMENT/I_DECODER/IP2Bus_Data[10]_i_5/O
                         net (fo=1, routed)           0.153     1.544    work_pls_i/usp_rf_data_converter_0/inst/i_axi_lite_ipif/I_SLAVE_ATTACHMENT/I_DECODER/IP2Bus_Data[10]_i_5_n_0
    SLICE_X112Y103       LUT6 (Prop_D6LUT_SLICEM_I4_O)
                                                      0.014     1.558 r  work_pls_i/usp_rf_data_converter_0/inst/i_axi_lite_ipif/I_SLAVE_ATTACHMENT/I_DECODER/IP2Bus_Data[10]_i_1/O
                         net (fo=1, routed)           0.026     1.584    work_pls_i/usp_rf_data_converter_0/inst/i_axi_lite_ipif_n_74
    SLICE_X112Y103       FDRE                                         r  work_pls_i/usp_rf_data_converter_0/inst/IP2Bus_Data_reg[10]/D
  -------------------------------------------------------------------    -------------------

                         (clock clk_pl_0 rise edge)
                                                      0.000     0.000 r  
    PS8_X0Y0             PS8                          0.000     0.000 r  work_pls_i/zynq_ultra_ps_e_0/U0/PS8_i/PLCLK[0]
                         net (fo=1, routed)           0.129     0.129    work_pls_i/zynq_ultra_ps_e_0/U0/pl_clk_unbuffered[0]
    BUFG_PS_X0Y58        BUFG_PS (Prop_BUFG_PS_I_O)
                                                      0.018     0.147 r  work_pls_i/zynq_ultra_ps_e_0/U0/buffer_pl_clk_0.PL_CLK_0_BUFG/O
    X2Y2 (CLOCK_ROOT)    net (fo=7597, routed)        1.256     1.403    work_pls_i/usp_rf_data_converter_0/inst/s_axi_aclk
    SLICE_X112Y103       FDRE                                         r  work_pls_i/usp_rf_data_converter_0/inst/IP2Bus_Data_reg[10]/C





--------------------------------------------------------------------------------------
Path Group:  (none)
From Clock:  RFDAC0_CLK
  To Clock:  clk_pl_0

Max Delay             8 Endpoints
Min Delay             8 Endpoints
--------------------------------------------------------------------------------------


Max Delay Paths
--------------------------------------------------------------------------------------
Slack:                    inf
  Source:                 work_pls_i/usp_rf_data_converter_0/inst/work_pls_usp_rf_data_converter_0_0_rf_wrapper_i/tx0_u_dac/INTERNAL_FBRC_MUX
                            (rising edge-triggered cell HSDAC clocked by RFDAC0_CLK  {rise@0.000ns fall@3.907ns period=7.813ns})
  Destination:            work_pls_i/usp_rf_data_converter_0/inst/IP2Bus_Data_reg[13]/D
                            (rising edge-triggered cell FDRE clocked by clk_pl_0  {rise@0.000ns fall@5.156ns period=10.312ns})
  Path Group:             (none)
  Path Type:              Setup (Max at Slow Process Corner)
  Data Path Delay:        3.747ns  (logic 1.536ns (40.993%)  route 2.211ns (59.007%))
  Logic Levels:           4  (LUT4=2 LUT5=1 LUT6=1)
  Clock Path Skew:        2.003ns (DCD - SCD + CPR)
    Destination Clock Delay (DCD):    2.003ns
    Source Clock Delay      (SCD):    0.000ns
    Clock Pessimism Removal (CPR):    0.000ns
  Clock Uncertainty:      0.159ns  ((TSJ^2 + DJ^2)^1/2) / 2 + PE
    Total System Jitter     (TSJ):    0.071ns
    Discrete Jitter          (DJ):    0.310ns
    Phase Error              (PE):    0.000ns
  Clock Net Delay (Destination): 1.821ns (routing 0.423ns, distribution 1.398ns)
  Timing Exception:       False Path

    Location             Delay type                Incr(ns)  Path(ns)    Netlist Resource(s)
  -------------------------------------------------------------------    -------------------
                         (clock RFDAC0_CLK rise edge)
                                                      0.000     0.000 r  
    HSDAC_X0Y0           HSDAC                        0.000     0.000 r  work_pls_i/usp_rf_data_converter_0/inst/work_pls_usp_rf_data_converter_0_0_rf_wrapper_i/tx0_u_dac/INTERNAL_FBRC_MUX
  -------------------------------------------------------------------    -------------------
    HSDAC_X0Y0           HSDAC (Prop_HSDAC_INTERNAL_FBRC_MUX_STATUS_COMMON[13])
                                                      1.059     1.059 r  work_pls_i/usp_rf_data_converter_0/inst/work_pls_usp_rf_data_converter_0_0_rf_wrapper_i/tx0_u_dac/STATUS_COMMON[13]
                         net (fo=1, routed)           1.800     2.859    work_pls_i/usp_rf_data_converter_0/inst/i_axi_lite_ipif/I_SLAVE_ATTACHMENT/I_DECODER/dac0_common_stat[13]
    SLICE_X113Y106       LUT5 (Prop_A6LUT_SLICEM_I4_O)
                                                      0.150     3.009 f  work_pls_i/usp_rf_data_converter_0/inst/i_axi_lite_ipif/I_SLAVE_ATTACHMENT/I_DECODER/IP2Bus_Data[13]_i_25/O
                         net (fo=1, routed)           0.095     3.104    work_pls_i/usp_rf_data_converter_0/inst/i_axi_lite_ipif/I_SLAVE_ATTACHMENT/I_DECODER/IP2Bus_Data[13]_i_25_n_0
    SLICE_X113Y105       LUT4 (Prop_E6LUT_SLICEM_I3_O)
                                                      0.091     3.195 r  work_pls_i/usp_rf_data_converter_0/inst/i_axi_lite_ipif/I_SLAVE_ATTACHMENT/I_DECODER/IP2Bus_Data[13]_i_9/O
                         net (fo=1, routed)           0.156     3.351    work_pls_i/usp_rf_data_converter_0/inst/i_axi_lite_ipif/I_SLAVE_ATTACHMENT/I_DECODER/IP2Bus_Data[13]_i_9_n_0
    SLICE_X113Y101       LUT4 (Prop_E6LUT_SLICEM_I3_O)
                                                      0.148     3.499 r  work_pls_i/usp_rf_data_converter_0/inst/i_axi_lite_ipif/I_SLAVE_ATTACHMENT/I_DECODER/IP2Bus_Data[13]_i_2/O
                         net (fo=1, routed)           0.088     3.587    work_pls_i/usp_rf_data_converter_0/inst/i_axi_lite_ipif/I_SLAVE_ATTACHMENT/I_DECODER/IP2Bus_Data[13]_i_2_n_0
    SLICE_X113Y100       LUT6 (Prop_D6LUT_SLICEM_I0_O)
                                                      0.088     3.675 r  work_pls_i/usp_rf_data_converter_0/inst/i_axi_lite_ipif/I_SLAVE_ATTACHMENT/I_DECODER/IP2Bus_Data[13]_i_1/O
                         net (fo=1, routed)           0.072     3.747    work_pls_i/usp_rf_data_converter_0/inst/i_axi_lite_ipif_n_71
    SLICE_X113Y100       FDRE                                         r  work_pls_i/usp_rf_data_converter_0/inst/IP2Bus_Data_reg[13]/D
  -------------------------------------------------------------------    -------------------

                         (clock clk_pl_0 rise edge)
                                                      0.000     0.000 r  
    PS8_X0Y0             PS8                          0.000     0.000 r  work_pls_i/zynq_ultra_ps_e_0/U0/PS8_i/PLCLK[0]
                         net (fo=1, routed)           0.157     0.157    work_pls_i/zynq_ultra_ps_e_0/U0/pl_clk_unbuffered[0]
    BUFG_PS_X0Y58        BUFG_PS (Prop_BUFG_PS_I_O)
                                                      0.025     0.182 r  work_pls_i/zynq_ultra_ps_e_0/U0/buffer_pl_clk_0.PL_CLK_0_BUFG/O
    X2Y2 (CLOCK_ROOT)    net (fo=7597, routed)        1.821     2.003    work_pls_i/usp_rf_data_converter_0/inst/s_axi_aclk
    SLICE_X113Y100       FDRE                                         r  work_pls_i/usp_rf_data_converter_0/inst/IP2Bus_Data_reg[13]/C

Slack:                    inf
  Source:                 work_pls_i/usp_rf_data_converter_0/inst/work_pls_usp_rf_data_converter_0_0_rf_wrapper_i/tx0_u_dac/INTERNAL_FBRC_MUX
                            (rising edge-triggered cell HSDAC clocked by RFDAC0_CLK  {rise@0.000ns fall@3.907ns period=7.813ns})
  Destination:            work_pls_i/usp_rf_data_converter_0/inst/IP2Bus_Data_reg[14]/D
                            (rising edge-triggered cell FDRE clocked by clk_pl_0  {rise@0.000ns fall@5.156ns period=10.312ns})
  Path Group:             (none)
  Path Type:              Setup (Max at Slow Process Corner)
  Data Path Delay:        3.570ns  (logic 1.221ns (34.202%)  route 2.349ns (65.798%))
  Logic Levels:           4  (LUT5=2 LUT6=2)
  Clock Path Skew:        1.979ns (DCD - SCD + CPR)
    Destination Clock Delay (DCD):    1.979ns
    Source Clock Delay      (SCD):    0.000ns
    Clock Pessimism Removal (CPR):    0.000ns
  Clock Uncertainty:      0.159ns  ((TSJ^2 + DJ^2)^1/2) / 2 + PE
    Total System Jitter     (TSJ):    0.071ns
    Discrete Jitter          (DJ):    0.310ns
    Phase Error              (PE):    0.000ns
  Clock Net Delay (Destination): 1.797ns (routing 0.423ns, distribution 1.374ns)
  Timing Exception:       False Path

    Location             Delay type                Incr(ns)  Path(ns)    Netlist Resource(s)
  -------------------------------------------------------------------    -------------------
                         (clock RFDAC0_CLK rise edge)
                                                      0.000     0.000 r  
    HSDAC_X0Y0           HSDAC                        0.000     0.000 r  work_pls_i/usp_rf_data_converter_0/inst/work_pls_usp_rf_data_converter_0_0_rf_wrapper_i/tx0_u_dac/INTERNAL_FBRC_MUX
  -------------------------------------------------------------------    -------------------
    HSDAC_X0Y0           HSDAC (Prop_HSDAC_INTERNAL_FBRC_MUX_STATUS_COMMON[14])
                                                      0.779     0.779 r  work_pls_i/usp_rf_data_converter_0/inst/work_pls_usp_rf_data_converter_0_0_rf_wrapper_i/tx0_u_dac/STATUS_COMMON[14]
                         net (fo=1, routed)           1.684     2.463    work_pls_i/usp_rf_data_converter_0/inst/i_axi_lite_ipif/I_SLAVE_ATTACHMENT/I_DECODER/dac0_common_stat[14]
    SLICE_X112Y105       LUT5 (Prop_F6LUT_SLICEM_I4_O)
                                                      0.148     2.611 r  work_pls_i/usp_rf_data_converter_0/inst/i_axi_lite_ipif/I_SLAVE_ATTACHMENT/I_DECODER/IP2Bus_Data[14]_i_29/O
                         net (fo=1, routed)           0.164     2.775    work_pls_i/usp_rf_data_converter_0/inst/i_axi_lite_ipif/I_SLAVE_ATTACHMENT/I_DECODER/IP2Bus_Data[14]_i_29_n_0
    SLICE_X112Y105       LUT5 (Prop_D6LUT_SLICEM_I1_O)
                                                      0.122     2.897 r  work_pls_i/usp_rf_data_converter_0/inst/i_axi_lite_ipif/I_SLAVE_ATTACHMENT/I_DECODER/IP2Bus_Data[14]_i_10/O
                         net (fo=1, routed)           0.158     3.055    work_pls_i/usp_rf_data_converter_0/inst/i_axi_lite_ipif/I_SLAVE_ATTACHMENT/I_DECODER/IP2Bus_Data[14]_i_10_n_0
    SLICE_X111Y101       LUT6 (Prop_G6LUT_SLICEL_I4_O)
                                                      0.050     3.105 r  work_pls_i/usp_rf_data_converter_0/inst/i_axi_lite_ipif/I_SLAVE_ATTACHMENT/I_DECODER/IP2Bus_Data[14]_i_2/O
                         net (fo=1, routed)           0.294     3.399    work_pls_i/usp_rf_data_converter_0/inst/i_axi_lite_ipif/I_SLAVE_ATTACHMENT/I_DECODER/IP2Bus_Data[14]_i_2_n_0
    SLICE_X114Y91        LUT6 (Prop_D6LUT_SLICEL_I0_O)
                                                      0.122     3.521 r  work_pls_i/usp_rf_data_converter_0/inst/i_axi_lite_ipif/I_SLAVE_ATTACHMENT/I_DECODER/IP2Bus_Data[14]_i_1/O
                         net (fo=1, routed)           0.049     3.570    work_pls_i/usp_rf_data_converter_0/inst/i_axi_lite_ipif_n_70
    SLICE_X114Y91        FDRE                                         r  work_pls_i/usp_rf_data_converter_0/inst/IP2Bus_Data_reg[14]/D
  -------------------------------------------------------------------    -------------------

                         (clock clk_pl_0 rise edge)
                                                      0.000     0.000 r  
    PS8_X0Y0             PS8                          0.000     0.000 r  work_pls_i/zynq_ultra_ps_e_0/U0/PS8_i/PLCLK[0]
                         net (fo=1, routed)           0.157     0.157    work_pls_i/zynq_ultra_ps_e_0/U0/pl_clk_unbuffered[0]
    BUFG_PS_X0Y58        BUFG_PS (Prop_BUFG_PS_I_O)
                                                      0.025     0.182 r  work_pls_i/zynq_ultra_ps_e_0/U0/buffer_pl_clk_0.PL_CLK_0_BUFG/O
    X2Y2 (CLOCK_ROOT)    net (fo=7597, routed)        1.797     1.979    work_pls_i/usp_rf_data_converter_0/inst/s_axi_aclk
    SLICE_X114Y91        FDRE                                         r  work_pls_i/usp_rf_data_converter_0/inst/IP2Bus_Data_reg[14]/C

Slack:                    inf
  Source:                 work_pls_i/usp_rf_data_converter_0/inst/work_pls_usp_rf_data_converter_0_0_rf_wrapper_i/tx0_u_dac/INTERNAL_FBRC_MUX
                            (rising edge-triggered cell HSDAC clocked by RFDAC0_CLK  {rise@0.000ns fall@3.907ns period=7.813ns})
  Destination:            work_pls_i/usp_rf_data_converter_0/inst/IP2Bus_Data_reg[12]/D
                            (rising edge-triggered cell FDRE clocked by clk_pl_0  {rise@0.000ns fall@5.156ns period=10.312ns})
  Path Group:             (none)
  Path Type:              Setup (Max at Slow Process Corner)
  Data Path Delay:        3.519ns  (logic 1.183ns (33.618%)  route 2.336ns (66.382%))
  Logic Levels:           4  (LUT5=1 LUT6=3)
  Clock Path Skew:        2.005ns (DCD - SCD + CPR)
    Destination Clock Delay (DCD):    2.005ns
    Source Clock Delay      (SCD):    0.000ns
    Clock Pessimism Removal (CPR):    0.000ns
  Clock Uncertainty:      0.159ns  ((TSJ^2 + DJ^2)^1/2) / 2 + PE
    Total System Jitter     (TSJ):    0.071ns
    Discrete Jitter          (DJ):    0.310ns
    Phase Error              (PE):    0.000ns
  Clock Net Delay (Destination): 1.823ns (routing 0.423ns, distribution 1.400ns)
  Timing Exception:       False Path

    Location             Delay type                Incr(ns)  Path(ns)    Netlist Resource(s)
  -------------------------------------------------------------------    -------------------
                         (clock RFDAC0_CLK rise edge)
                                                      0.000     0.000 r  
    HSDAC_X0Y0           HSDAC                        0.000     0.000 r  work_pls_i/usp_rf_data_converter_0/inst/work_pls_usp_rf_data_converter_0_0_rf_wrapper_i/tx0_u_dac/INTERNAL_FBRC_MUX
  -------------------------------------------------------------------    -------------------
    HSDAC_X0Y0           HSDAC (Prop_HSDAC_INTERNAL_FBRC_MUX_STATUS_COMMON[12])
                                                      0.759     0.759 r  work_pls_i/usp_rf_data_converter_0/inst/work_pls_usp_rf_data_converter_0_0_rf_wrapper_i/tx0_u_dac/STATUS_COMMON[12]
                         net (fo=1, routed)           1.699     2.458    work_pls_i/usp_rf_data_converter_0/inst/i_axi_lite_ipif/I_SLAVE_ATTACHMENT/I_DECODER/dac0_common_stat[12]
    SLICE_X109Y105       LUT5 (Prop_F6LUT_SLICEM_I4_O)
                                                      0.148     2.606 r  work_pls_i/usp_rf_data_converter_0/inst/i_axi_lite_ipif/I_SLAVE_ATTACHMENT/I_DECODER/IP2Bus_Data[12]_i_33/O
                         net (fo=1, routed)           0.041     2.647    work_pls_i/usp_rf_data_converter_0/inst/i_axi_lite_ipif/I_SLAVE_ATTACHMENT/I_DECODER/IP2Bus_Data[12]_i_33_n_0
    SLICE_X109Y105       LUT6 (Prop_G6LUT_SLICEM_I5_O)
                                                      0.052     2.699 f  work_pls_i/usp_rf_data_converter_0/inst/i_axi_lite_ipif/I_SLAVE_ATTACHMENT/I_DECODER/IP2Bus_Data[12]_i_12/O
                         net (fo=1, routed)           0.248     2.947    work_pls_i/usp_rf_data_converter_0/inst/i_axi_lite_ipif/I_SLAVE_ATTACHMENT/I_DECODER/IP2Bus_Data[12]_i_12_n_0
    SLICE_X110Y104       LUT6 (Prop_D6LUT_SLICEM_I4_O)
                                                      0.099     3.046 r  work_pls_i/usp_rf_data_converter_0/inst/i_axi_lite_ipif/I_SLAVE_ATTACHMENT/I_DECODER/IP2Bus_Data[12]_i_2/O
                         net (fo=1, routed)           0.290     3.336    work_pls_i/usp_rf_data_converter_0/inst/i_axi_lite_ipif/I_SLAVE_ATTACHMENT/I_DECODER/IP2Bus_Data[12]_i_2_n_0
    SLICE_X113Y103       LUT6 (Prop_H6LUT_SLICEM_I0_O)
                                                      0.125     3.461 r  work_pls_i/usp_rf_data_converter_0/inst/i_axi_lite_ipif/I_SLAVE_ATTACHMENT/I_DECODER/IP2Bus_Data[12]_i_1/O
                         net (fo=1, routed)           0.058     3.519    work_pls_i/usp_rf_data_converter_0/inst/i_axi_lite_ipif_n_72
    SLICE_X113Y103       FDRE                                         r  work_pls_i/usp_rf_data_converter_0/inst/IP2Bus_Data_reg[12]/D
  -------------------------------------------------------------------    -------------------

                         (clock clk_pl_0 rise edge)
                                                      0.000     0.000 r  
    PS8_X0Y0             PS8                          0.000     0.000 r  work_pls_i/zynq_ultra_ps_e_0/U0/PS8_i/PLCLK[0]
                         net (fo=1, routed)           0.157     0.157    work_pls_i/zynq_ultra_ps_e_0/U0/pl_clk_unbuffered[0]
    BUFG_PS_X0Y58        BUFG_PS (Prop_BUFG_PS_I_O)
                                                      0.025     0.182 r  work_pls_i/zynq_ultra_ps_e_0/U0/buffer_pl_clk_0.PL_CLK_0_BUFG/O
    X2Y2 (CLOCK_ROOT)    net (fo=7597, routed)        1.823     2.005    work_pls_i/usp_rf_data_converter_0/inst/s_axi_aclk
    SLICE_X113Y103       FDRE                                         r  work_pls_i/usp_rf_data_converter_0/inst/IP2Bus_Data_reg[12]/C

Slack:                    inf
  Source:                 work_pls_i/usp_rf_data_converter_0/inst/work_pls_usp_rf_data_converter_0_0_rf_wrapper_i/tx0_u_dac/INTERNAL_FBRC_MUX
                            (rising edge-triggered cell HSDAC clocked by RFDAC0_CLK  {rise@0.000ns fall@3.907ns period=7.813ns})
  Destination:            work_pls_i/usp_rf_data_converter_0/inst/IP2Bus_Data_reg[15]/D
                            (rising edge-triggered cell FDRE clocked by clk_pl_0  {rise@0.000ns fall@5.156ns period=10.312ns})
  Path Group:             (none)
  Path Type:              Setup (Max at Slow Process Corner)
  Data Path Delay:        3.473ns  (logic 1.201ns (34.581%)  route 2.272ns (65.419%))
  Logic Levels:           5  (LUT4=1 LUT6=4)
  Clock Path Skew:        1.982ns (DCD - SCD + CPR)
    Destination Clock Delay (DCD):    1.982ns
    Source Clock Delay      (SCD):    0.000ns
    Clock Pessimism Removal (CPR):    0.000ns
  Clock Uncertainty:      0.159ns  ((TSJ^2 + DJ^2)^1/2) / 2 + PE
    Total System Jitter     (TSJ):    0.071ns
    Discrete Jitter          (DJ):    0.310ns
    Phase Error              (PE):    0.000ns
  Clock Net Delay (Destination): 1.800ns (routing 0.423ns, distribution 1.377ns)
  Timing Exception:       False Path

    Location             Delay type                Incr(ns)  Path(ns)    Netlist Resource(s)
  -------------------------------------------------------------------    -------------------
                         (clock RFDAC0_CLK rise edge)
                                                      0.000     0.000 r  
    HSDAC_X0Y0           HSDAC                        0.000     0.000 r  work_pls_i/usp_rf_data_converter_0/inst/work_pls_usp_rf_data_converter_0_0_rf_wrapper_i/tx0_u_dac/INTERNAL_FBRC_MUX
  -------------------------------------------------------------------    -------------------
    HSDAC_X0Y0           HSDAC (Prop_HSDAC_INTERNAL_FBRC_MUX_STATUS_COMMON[15])
                                                      0.840     0.840 r  work_pls_i/usp_rf_data_converter_0/inst/work_pls_usp_rf_data_converter_0_0_rf_wrapper_i/tx0_u_dac/STATUS_COMMON[15]
                         net (fo=1, routed)           1.741     2.581    work_pls_i/usp_rf_data_converter_0/inst/i_axi_lite_ipif/I_SLAVE_ATTACHMENT/I_DECODER/dac0_common_stat[15]
    SLICE_X113Y102       LUT4 (Prop_A6LUT_SLICEM_I0_O)
                                                      0.150     2.731 f  work_pls_i/usp_rf_data_converter_0/inst/i_axi_lite_ipif/I_SLAVE_ATTACHMENT/I_DECODER/IP2Bus_Data[15]_i_71/O
                         net (fo=1, routed)           0.043     2.774    work_pls_i/usp_rf_data_converter_0/inst/i_axi_lite_ipif/I_SLAVE_ATTACHMENT/I_DECODER/IP2Bus_Data[15]_i_71_n_0
    SLICE_X113Y102       LUT6 (Prop_C6LUT_SLICEM_I2_O)
                                                      0.037     2.811 r  work_pls_i/usp_rf_data_converter_0/inst/i_axi_lite_ipif/I_SLAVE_ATTACHMENT/I_DECODER/IP2Bus_Data[15]_i_32/O
                         net (fo=1, routed)           0.098     2.909    work_pls_i/usp_rf_data_converter_0/inst/i_axi_lite_ipif/I_SLAVE_ATTACHMENT/I_DECODER/IP2Bus_Data[15]_i_32_n_0
    SLICE_X112Y101       LUT6 (Prop_G6LUT_SLICEM_I5_O)
                                                      0.037     2.946 f  work_pls_i/usp_rf_data_converter_0/inst/i_axi_lite_ipif/I_SLAVE_ATTACHMENT/I_DECODER/IP2Bus_Data[15]_i_10/O
                         net (fo=1, routed)           0.045     2.991    work_pls_i/usp_rf_data_converter_0/inst/i_axi_lite_ipif/I_SLAVE_ATTACHMENT/I_DECODER/IP2Bus_Data[15]_i_10_n_0
    SLICE_X112Y101       LUT6 (Prop_F6LUT_SLICEM_I4_O)
                                                      0.098     3.089 r  work_pls_i/usp_rf_data_converter_0/inst/i_axi_lite_ipif/I_SLAVE_ATTACHMENT/I_DECODER/IP2Bus_Data[15]_i_2/O
                         net (fo=1, routed)           0.287     3.376    work_pls_i/usp_rf_data_converter_0/inst/i_axi_lite_ipif/I_SLAVE_ATTACHMENT/I_DECODER/IP2Bus_Data[15]_i_2_n_0
    SLICE_X113Y91        LUT6 (Prop_H6LUT_SLICEM_I0_O)
                                                      0.039     3.415 r  work_pls_i/usp_rf_data_converter_0/inst/i_axi_lite_ipif/I_SLAVE_ATTACHMENT/I_DECODER/IP2Bus_Data[15]_i_1/O
                         net (fo=1, routed)           0.058     3.473    work_pls_i/usp_rf_data_converter_0/inst/i_axi_lite_ipif_n_69
    SLICE_X113Y91        FDRE                                         r  work_pls_i/usp_rf_data_converter_0/inst/IP2Bus_Data_reg[15]/D
  -------------------------------------------------------------------    -------------------

                         (clock clk_pl_0 rise edge)
                                                      0.000     0.000 r  
    PS8_X0Y0             PS8                          0.000     0.000 r  work_pls_i/zynq_ultra_ps_e_0/U0/PS8_i/PLCLK[0]
                         net (fo=1, routed)           0.157     0.157    work_pls_i/zynq_ultra_ps_e_0/U0/pl_clk_unbuffered[0]
    BUFG_PS_X0Y58        BUFG_PS (Prop_BUFG_PS_I_O)
                                                      0.025     0.182 r  work_pls_i/zynq_ultra_ps_e_0/U0/buffer_pl_clk_0.PL_CLK_0_BUFG/O
    X2Y2 (CLOCK_ROOT)    net (fo=7597, routed)        1.800     1.982    work_pls_i/usp_rf_data_converter_0/inst/s_axi_aclk
    SLICE_X113Y91        FDRE                                         r  work_pls_i/usp_rf_data_converter_0/inst/IP2Bus_Data_reg[15]/C

Slack:                    inf
  Source:                 work_pls_i/usp_rf_data_converter_0/inst/work_pls_usp_rf_data_converter_0_0_rf_wrapper_i/tx0_u_dac/INTERNAL_FBRC_MUX
                            (rising edge-triggered cell HSDAC clocked by RFDAC0_CLK  {rise@0.000ns fall@3.907ns period=7.813ns})
  Destination:            work_pls_i/usp_rf_data_converter_0/inst/IP2Bus_Data_reg[10]/D
                            (rising edge-triggered cell FDRE clocked by clk_pl_0  {rise@0.000ns fall@5.156ns period=10.312ns})
  Path Group:             (none)
  Path Type:              Setup (Max at Slow Process Corner)
  Data Path Delay:        3.259ns  (logic 1.149ns (35.256%)  route 2.110ns (64.744%))
  Logic Levels:           3  (LUT5=1 LUT6=2)
  Clock Path Skew:        1.990ns (DCD - SCD + CPR)
    Destination Clock Delay (DCD):    1.990ns
    Source Clock Delay      (SCD):    0.000ns
    Clock Pessimism Removal (CPR):    0.000ns
  Clock Uncertainty:      0.159ns  ((TSJ^2 + DJ^2)^1/2) / 2 + PE
    Total System Jitter     (TSJ):    0.071ns
    Discrete Jitter          (DJ):    0.310ns
    Phase Error              (PE):    0.000ns
  Clock Net Delay (Destination): 1.808ns (routing 0.423ns, distribution 1.385ns)
  Timing Exception:       False Path

    Location             Delay type                Incr(ns)  Path(ns)    Netlist Resource(s)
  -------------------------------------------------------------------    -------------------
                         (clock RFDAC0_CLK rise edge)
                                                      0.000     0.000 r  
    HSDAC_X0Y0           HSDAC                        0.000     0.000 r  work_pls_i/usp_rf_data_converter_0/inst/work_pls_usp_rf_data_converter_0_0_rf_wrapper_i/tx0_u_dac/INTERNAL_FBRC_MUX
  -------------------------------------------------------------------    -------------------
    HSDAC_X0Y0           HSDAC (Prop_HSDAC_INTERNAL_FBRC_MUX_STATUS_COMMON[10])
                                                      0.753     0.753 r  work_pls_i/usp_rf_data_converter_0/inst/work_pls_usp_rf_data_converter_0_0_rf_wrapper_i/tx0_u_dac/STATUS_COMMON[10]
                         net (fo=1, routed)           1.816     2.569    work_pls_i/usp_rf_data_converter_0/inst/i_axi_lite_ipif/I_SLAVE_ATTACHMENT/I_DECODER/dac0_common_stat[10]
    SLICE_X112Y105       LUT5 (Prop_G6LUT_SLICEM_I4_O)
                                                      0.150     2.719 f  work_pls_i/usp_rf_data_converter_0/inst/i_axi_lite_ipif/I_SLAVE_ATTACHMENT/I_DECODER/IP2Bus_Data[10]_i_6/O
                         net (fo=1, routed)           0.047     2.766    work_pls_i/usp_rf_data_converter_0/inst/i_axi_lite_ipif/I_SLAVE_ATTACHMENT/I_DECODER/IP2Bus_Data[10]_i_6_n_0
    SLICE_X112Y105       LUT6 (Prop_H6LUT_SLICEM_I2_O)
                                                      0.101     2.867 r  work_pls_i/usp_rf_data_converter_0/inst/i_axi_lite_ipif/I_SLAVE_ATTACHMENT/I_DECODER/IP2Bus_Data[10]_i_2/O
                         net (fo=1, routed)           0.175     3.042    work_pls_i/usp_rf_data_converter_0/inst/i_axi_lite_ipif/I_SLAVE_ATTACHMENT/I_DECODER/IP2Bus_Data[10]_i_2_n_0
    SLICE_X112Y103       LUT6 (Prop_D6LUT_SLICEM_I0_O)
                                                      0.145     3.187 r  work_pls_i/usp_rf_data_converter_0/inst/i_axi_lite_ipif/I_SLAVE_ATTACHMENT/I_DECODER/IP2Bus_Data[10]_i_1/O
                         net (fo=1, routed)           0.072     3.259    work_pls_i/usp_rf_data_converter_0/inst/i_axi_lite_ipif_n_74
    SLICE_X112Y103       FDRE                                         r  work_pls_i/usp_rf_data_converter_0/inst/IP2Bus_Data_reg[10]/D
  -------------------------------------------------------------------    -------------------

                         (clock clk_pl_0 rise edge)
                                                      0.000     0.000 r  
    PS8_X0Y0             PS8                          0.000     0.000 r  work_pls_i/zynq_ultra_ps_e_0/U0/PS8_i/PLCLK[0]
                         net (fo=1, routed)           0.157     0.157    work_pls_i/zynq_ultra_ps_e_0/U0/pl_clk_unbuffered[0]
    BUFG_PS_X0Y58        BUFG_PS (Prop_BUFG_PS_I_O)
                                                      0.025     0.182 r  work_pls_i/zynq_ultra_ps_e_0/U0/buffer_pl_clk_0.PL_CLK_0_BUFG/O
    X2Y2 (CLOCK_ROOT)    net (fo=7597, routed)        1.808     1.990    work_pls_i/usp_rf_data_converter_0/inst/s_axi_aclk
    SLICE_X112Y103       FDRE                                         r  work_pls_i/usp_rf_data_converter_0/inst/IP2Bus_Data_reg[10]/C

Slack:                    inf
  Source:                 work_pls_i/usp_rf_data_converter_0/inst/work_pls_usp_rf_data_converter_0_0_rf_wrapper_i/tx0_u_dac/INTERNAL_FBRC_MUX
                            (rising edge-triggered cell HSDAC clocked by RFDAC0_CLK  {rise@0.000ns fall@3.907ns period=7.813ns})
  Destination:            work_pls_i/usp_rf_data_converter_0/inst/IP2Bus_Data_reg[9]/D
                            (rising edge-triggered cell FDRE clocked by clk_pl_0  {rise@0.000ns fall@5.156ns period=10.312ns})
  Path Group:             (none)
  Path Type:              Setup (Max at Slow Process Corner)
  Data Path Delay:        3.022ns  (logic 0.987ns (32.660%)  route 2.035ns (67.340%))
  Logic Levels:           3  (LUT5=1 LUT6=2)
  Clock Path Skew:        2.006ns (DCD - SCD + CPR)
    Destination Clock Delay (DCD):    2.006ns
    Source Clock Delay      (SCD):    0.000ns
    Clock Pessimism Removal (CPR):    0.000ns
  Clock Uncertainty:      0.159ns  ((TSJ^2 + DJ^2)^1/2) / 2 + PE
    Total System Jitter     (TSJ):    0.071ns
    Discrete Jitter          (DJ):    0.310ns
    Phase Error              (PE):    0.000ns
  Clock Net Delay (Destination): 1.824ns (routing 0.423ns, distribution 1.401ns)
  Timing Exception:       False Path

    Location             Delay type                Incr(ns)  Path(ns)    Netlist Resource(s)
  -------------------------------------------------------------------    -------------------
                         (clock RFDAC0_CLK rise edge)
                                                      0.000     0.000 r  
    HSDAC_X0Y0           HSDAC                        0.000     0.000 r  work_pls_i/usp_rf_data_converter_0/inst/work_pls_usp_rf_data_converter_0_0_rf_wrapper_i/tx0_u_dac/INTERNAL_FBRC_MUX
  -------------------------------------------------------------------    -------------------
    HSDAC_X0Y0           HSDAC (Prop_HSDAC_INTERNAL_FBRC_MUX_STATUS_COMMON[9])
                                                      0.674     0.674 r  work_pls_i/usp_rf_data_converter_0/inst/work_pls_usp_rf_data_converter_0_0_rf_wrapper_i/tx0_u_dac/STATUS_COMMON[9]
                         net (fo=1, routed)           1.718     2.392    work_pls_i/usp_rf_data_converter_0/inst/i_axi_lite_ipif/I_SLAVE_ATTACHMENT/I_DECODER/dac0_common_stat[9]
    SLICE_X112Y106       LUT5 (Prop_E6LUT_SLICEM_I4_O)
                                                      0.100     2.492 r  work_pls_i/usp_rf_data_converter_0/inst/i_axi_lite_ipif/I_SLAVE_ATTACHMENT/I_DECODER/IP2Bus_Data[9]_i_7/O
                         net (fo=1, routed)           0.091     2.583    work_pls_i/usp_rf_data_converter_0/inst/i_axi_lite_ipif/I_SLAVE_ATTACHMENT/I_DECODER/IP2Bus_Data[9]_i_7_n_0
    SLICE_X112Y106       LUT6 (Prop_H6LUT_SLICEM_I4_O)
                                                      0.090     2.673 r  work_pls_i/usp_rf_data_converter_0/inst/i_axi_lite_ipif/I_SLAVE_ATTACHMENT/I_DECODER/IP2Bus_Data[9]_i_2/O
                         net (fo=1, routed)           0.160     2.833    work_pls_i/usp_rf_data_converter_0/inst/i_axi_lite_ipif/I_SLAVE_ATTACHMENT/I_DECODER/IP2Bus_Data[9]_i_2_n_0
    SLICE_X113Y104       LUT6 (Prop_C6LUT_SLICEM_I0_O)
                                                      0.123     2.956 r  work_pls_i/usp_rf_data_converter_0/inst/i_axi_lite_ipif/I_SLAVE_ATTACHMENT/I_DECODER/IP2Bus_Data[9]_i_1/O
                         net (fo=1, routed)           0.066     3.022    work_pls_i/usp_rf_data_converter_0/inst/i_axi_lite_ipif_n_75
    SLICE_X113Y104       FDRE                                         r  work_pls_i/usp_rf_data_converter_0/inst/IP2Bus_Data_reg[9]/D
  -------------------------------------------------------------------    -------------------

                         (clock clk_pl_0 rise edge)
                                                      0.000     0.000 r  
    PS8_X0Y0             PS8                          0.000     0.000 r  work_pls_i/zynq_ultra_ps_e_0/U0/PS8_i/PLCLK[0]
                         net (fo=1, routed)           0.157     0.157    work_pls_i/zynq_ultra_ps_e_0/U0/pl_clk_unbuffered[0]
    BUFG_PS_X0Y58        BUFG_PS (Prop_BUFG_PS_I_O)
                                                      0.025     0.182 r  work_pls_i/zynq_ultra_ps_e_0/U0/buffer_pl_clk_0.PL_CLK_0_BUFG/O
    X2Y2 (CLOCK_ROOT)    net (fo=7597, routed)        1.824     2.006    work_pls_i/usp_rf_data_converter_0/inst/s_axi_aclk
    SLICE_X113Y104       FDRE                                         r  work_pls_i/usp_rf_data_converter_0/inst/IP2Bus_Data_reg[9]/C

Slack:                    inf
  Source:                 work_pls_i/usp_rf_data_converter_0/inst/work_pls_usp_rf_data_converter_0_0_rf_wrapper_i/tx0_u_dac/INTERNAL_FBRC_MUX
                            (rising edge-triggered cell HSDAC clocked by RFDAC0_CLK  {rise@0.000ns fall@3.907ns period=7.813ns})
  Destination:            work_pls_i/usp_rf_data_converter_0/inst/IP2Bus_Data_reg[8]/D
                            (rising edge-triggered cell FDRE clocked by clk_pl_0  {rise@0.000ns fall@5.156ns period=10.312ns})
  Path Group:             (none)
  Path Type:              Setup (Max at Slow Process Corner)
  Data Path Delay:        3.016ns  (logic 1.004ns (33.289%)  route 2.012ns (66.711%))
  Logic Levels:           3  (LUT5=1 LUT6=2)
  Clock Path Skew:        2.000ns (DCD - SCD + CPR)
    Destination Clock Delay (DCD):    2.000ns
    Source Clock Delay      (SCD):    0.000ns
    Clock Pessimism Removal (CPR):    0.000ns
  Clock Uncertainty:      0.159ns  ((TSJ^2 + DJ^2)^1/2) / 2 + PE
    Total System Jitter     (TSJ):    0.071ns
    Discrete Jitter          (DJ):    0.310ns
    Phase Error              (PE):    0.000ns
  Clock Net Delay (Destination): 1.818ns (routing 0.423ns, distribution 1.395ns)
  Timing Exception:       False Path

    Location             Delay type                Incr(ns)  Path(ns)    Netlist Resource(s)
  -------------------------------------------------------------------    -------------------
                         (clock RFDAC0_CLK rise edge)
                                                      0.000     0.000 r  
    HSDAC_X0Y0           HSDAC                        0.000     0.000 r  work_pls_i/usp_rf_data_converter_0/inst/work_pls_usp_rf_data_converter_0_0_rf_wrapper_i/tx0_u_dac/INTERNAL_FBRC_MUX
  -------------------------------------------------------------------    -------------------
    HSDAC_X0Y0           HSDAC (Prop_HSDAC_INTERNAL_FBRC_MUX_STATUS_COMMON[8])
                                                      0.731     0.731 r  work_pls_i/usp_rf_data_converter_0/inst/work_pls_usp_rf_data_converter_0_0_rf_wrapper_i/tx0_u_dac/STATUS_COMMON[8]
                         net (fo=1, routed)           1.726     2.457    work_pls_i/usp_rf_data_converter_0/inst/i_axi_lite_ipif/I_SLAVE_ATTACHMENT/I_DECODER/dac0_common_stat[8]
    SLICE_X112Y106       LUT5 (Prop_F6LUT_SLICEM_I4_O)
                                                      0.148     2.605 r  work_pls_i/usp_rf_data_converter_0/inst/i_axi_lite_ipif/I_SLAVE_ATTACHMENT/I_DECODER/IP2Bus_Data[8]_i_7/O
                         net (fo=1, routed)           0.086     2.691    work_pls_i/usp_rf_data_converter_0/inst/i_axi_lite_ipif/I_SLAVE_ATTACHMENT/I_DECODER/IP2Bus_Data[8]_i_7_n_0
    SLICE_X111Y106       LUT6 (Prop_F6LUT_SLICEL_I4_O)
                                                      0.089     2.780 r  work_pls_i/usp_rf_data_converter_0/inst/i_axi_lite_ipif/I_SLAVE_ATTACHMENT/I_DECODER/IP2Bus_Data[8]_i_2/O
                         net (fo=1, routed)           0.151     2.931    work_pls_i/usp_rf_data_converter_0/inst/i_axi_lite_ipif/I_SLAVE_ATTACHMENT/I_DECODER/IP2Bus_Data[8]_i_2_n_0
    SLICE_X111Y105       LUT6 (Prop_D6LUT_SLICEL_I0_O)
                                                      0.036     2.967 r  work_pls_i/usp_rf_data_converter_0/inst/i_axi_lite_ipif/I_SLAVE_ATTACHMENT/I_DECODER/IP2Bus_Data[8]_i_1/O
                         net (fo=1, routed)           0.049     3.016    work_pls_i/usp_rf_data_converter_0/inst/i_axi_lite_ipif_n_76
    SLICE_X111Y105       FDRE                                         r  work_pls_i/usp_rf_data_converter_0/inst/IP2Bus_Data_reg[8]/D
  -------------------------------------------------------------------    -------------------

                         (clock clk_pl_0 rise edge)
                                                      0.000     0.000 r  
    PS8_X0Y0             PS8                          0.000     0.000 r  work_pls_i/zynq_ultra_ps_e_0/U0/PS8_i/PLCLK[0]
                         net (fo=1, routed)           0.157     0.157    work_pls_i/zynq_ultra_ps_e_0/U0/pl_clk_unbuffered[0]
    BUFG_PS_X0Y58        BUFG_PS (Prop_BUFG_PS_I_O)
                                                      0.025     0.182 r  work_pls_i/zynq_ultra_ps_e_0/U0/buffer_pl_clk_0.PL_CLK_0_BUFG/O
    X2Y2 (CLOCK_ROOT)    net (fo=7597, routed)        1.818     2.000    work_pls_i/usp_rf_data_converter_0/inst/s_axi_aclk
    SLICE_X111Y105       FDRE                                         r  work_pls_i/usp_rf_data_converter_0/inst/IP2Bus_Data_reg[8]/C

Slack:                    inf
  Source:                 work_pls_i/usp_rf_data_converter_0/inst/work_pls_usp_rf_data_converter_0_0_rf_wrapper_i/tx0_u_dac/INTERNAL_FBRC_MUX
                            (rising edge-triggered cell HSDAC clocked by RFDAC0_CLK  {rise@0.000ns fall@3.907ns period=7.813ns})
  Destination:            work_pls_i/usp_rf_data_converter_0/inst/IP2Bus_Data_reg[11]/D
                            (rising edge-triggered cell FDRE clocked by clk_pl_0  {rise@0.000ns fall@5.156ns period=10.312ns})
  Path Group:             (none)
  Path Type:              Setup (Max at Slow Process Corner)
  Data Path Delay:        2.993ns  (logic 1.029ns (34.380%)  route 1.964ns (65.620%))
  Logic Levels:           3  (LUT5=1 LUT6=2)
  Clock Path Skew:        1.997ns (DCD - SCD + CPR)
    Destination Clock Delay (DCD):    1.997ns
    Source Clock Delay      (SCD):    0.000ns
    Clock Pessimism Removal (CPR):    0.000ns
  Clock Uncertainty:      0.159ns  ((TSJ^2 + DJ^2)^1/2) / 2 + PE
    Total System Jitter     (TSJ):    0.071ns
    Discrete Jitter          (DJ):    0.310ns
    Phase Error              (PE):    0.000ns
  Clock Net Delay (Destination): 1.815ns (routing 0.423ns, distribution 1.392ns)
  Timing Exception:       False Path

    Location             Delay type                Incr(ns)  Path(ns)    Netlist Resource(s)
  -------------------------------------------------------------------    -------------------
                         (clock RFDAC0_CLK rise edge)
                                                      0.000     0.000 r  
    HSDAC_X0Y0           HSDAC                        0.000     0.000 r  work_pls_i/usp_rf_data_converter_0/inst/work_pls_usp_rf_data_converter_0_0_rf_wrapper_i/tx0_u_dac/INTERNAL_FBRC_MUX
  -------------------------------------------------------------------    -------------------
    HSDAC_X0Y0           HSDAC (Prop_HSDAC_INTERNAL_FBRC_MUX_STATUS_COMMON[11])
                                                      0.753     0.753 r  work_pls_i/usp_rf_data_converter_0/inst/work_pls_usp_rf_data_converter_0_0_rf_wrapper_i/tx0_u_dac/STATUS_COMMON[11]
                         net (fo=1, routed)           1.761     2.514    work_pls_i/usp_rf_data_converter_0/inst/i_axi_lite_ipif/I_SLAVE_ATTACHMENT/I_DECODER/dac0_common_stat[11]
    SLICE_X113Y106       LUT5 (Prop_B6LUT_SLICEM_I4_O)
                                                      0.149     2.663 r  work_pls_i/usp_rf_data_converter_0/inst/i_axi_lite_ipif/I_SLAVE_ATTACHMENT/I_DECODER/IP2Bus_Data[11]_i_9/O
                         net (fo=1, routed)           0.096     2.759    work_pls_i/usp_rf_data_converter_0/inst/i_axi_lite_ipif/I_SLAVE_ATTACHMENT/I_DECODER/IP2Bus_Data[11]_i_9_n_0
    SLICE_X113Y106       LUT6 (Prop_C6LUT_SLICEM_I4_O)
                                                      0.088     2.847 r  work_pls_i/usp_rf_data_converter_0/inst/i_axi_lite_ipif/I_SLAVE_ATTACHMENT/I_DECODER/IP2Bus_Data[11]_i_2/O
                         net (fo=1, routed)           0.049     2.896    work_pls_i/usp_rf_data_converter_0/inst/i_axi_lite_ipif/I_SLAVE_ATTACHMENT/I_DECODER/IP2Bus_Data[11]_i_2_n_0
    SLICE_X113Y105       LUT6 (Prop_H6LUT_SLICEM_I0_O)
                                                      0.039     2.935 r  work_pls_i/usp_rf_data_converter_0/inst/i_axi_lite_ipif/I_SLAVE_ATTACHMENT/I_DECODER/IP2Bus_Data[11]_i_1/O
                         net (fo=1, routed)           0.058     2.993    work_pls_i/usp_rf_data_converter_0/inst/i_axi_lite_ipif_n_73
    SLICE_X113Y105       FDRE                                         r  work_pls_i/usp_rf_data_converter_0/inst/IP2Bus_Data_reg[11]/D
  -------------------------------------------------------------------    -------------------

                         (clock clk_pl_0 rise edge)
                                                      0.000     0.000 r  
    PS8_X0Y0             PS8                          0.000     0.000 r  work_pls_i/zynq_ultra_ps_e_0/U0/PS8_i/PLCLK[0]
                         net (fo=1, routed)           0.157     0.157    work_pls_i/zynq_ultra_ps_e_0/U0/pl_clk_unbuffered[0]
    BUFG_PS_X0Y58        BUFG_PS (Prop_BUFG_PS_I_O)
                                                      0.025     0.182 r  work_pls_i/zynq_ultra_ps_e_0/U0/buffer_pl_clk_0.PL_CLK_0_BUFG/O
    X2Y2 (CLOCK_ROOT)    net (fo=7597, routed)        1.815     1.997    work_pls_i/usp_rf_data_converter_0/inst/s_axi_aclk
    SLICE_X113Y105       FDRE                                         r  work_pls_i/usp_rf_data_converter_0/inst/IP2Bus_Data_reg[11]/C





Min Delay Paths
--------------------------------------------------------------------------------------
Slack:                    inf
  Source:                 work_pls_i/usp_rf_data_converter_0/inst/work_pls_usp_rf_data_converter_0_0_rf_wrapper_i/tx0_u_dac/INTERNAL_FBRC_MUX
                            (rising edge-triggered cell HSDAC clocked by RFDAC0_CLK  {rise@0.000ns fall@3.907ns period=7.813ns})
  Destination:            work_pls_i/usp_rf_data_converter_0/inst/IP2Bus_Data_reg[11]/D
                            (rising edge-triggered cell FDRE clocked by clk_pl_0  {rise@0.000ns fall@5.156ns period=10.312ns})
  Path Group:             (none)
  Path Type:              Hold (Min at Fast Process Corner)
  Data Path Delay:        1.452ns  (logic 0.477ns (32.851%)  route 0.975ns (67.149%))
  Logic Levels:           3  (LUT5=1 LUT6=2)
  Clock Path Skew:        1.407ns (DCD - SCD - CPR)
    Destination Clock Delay (DCD):    1.407ns
    Source Clock Delay      (SCD):    0.000ns
    Clock Pessimism Removal (CPR):    -0.000ns
  Clock Uncertainty:      0.159ns  ((TSJ^2 + DJ^2)^1/2) / 2 + PE
    Total System Jitter     (TSJ):    0.071ns
    Discrete Jitter          (DJ):    0.310ns
    Phase Error              (PE):    0.000ns
  Clock Net Delay (Destination): 1.260ns (routing 0.282ns, distribution 0.978ns)
  Timing Exception:       False Path

    Location             Delay type                Incr(ns)  Path(ns)    Netlist Resource(s)
  -------------------------------------------------------------------    -------------------
                         (clock RFDAC0_CLK rise edge)
                                                      0.000     0.000 r  
    HSDAC_X0Y0           HSDAC                        0.000     0.000 r  work_pls_i/usp_rf_data_converter_0/inst/work_pls_usp_rf_data_converter_0_0_rf_wrapper_i/tx0_u_dac/INTERNAL_FBRC_MUX
  -------------------------------------------------------------------    -------------------
    HSDAC_X0Y0           HSDAC (Prop_HSDAC_INTERNAL_FBRC_MUX_STATUS_COMMON[11])
                                                      0.367     0.367 r  work_pls_i/usp_rf_data_converter_0/inst/work_pls_usp_rf_data_converter_0_0_rf_wrapper_i/tx0_u_dac/STATUS_COMMON[11]
                         net (fo=1, routed)           0.881     1.248    work_pls_i/usp_rf_data_converter_0/inst/i_axi_lite_ipif/I_SLAVE_ATTACHMENT/I_DECODER/dac0_common_stat[11]
    SLICE_X113Y106       LUT5 (Prop_B6LUT_SLICEM_I4_O)
                                                      0.060     1.308 r  work_pls_i/usp_rf_data_converter_0/inst/i_axi_lite_ipif/I_SLAVE_ATTACHMENT/I_DECODER/IP2Bus_Data[11]_i_9/O
                         net (fo=1, routed)           0.045     1.353    work_pls_i/usp_rf_data_converter_0/inst/i_axi_lite_ipif/I_SLAVE_ATTACHMENT/I_DECODER/IP2Bus_Data[11]_i_9_n_0
    SLICE_X113Y106       LUT6 (Prop_C6LUT_SLICEM_I4_O)
                                                      0.035     1.388 r  work_pls_i/usp_rf_data_converter_0/inst/i_axi_lite_ipif/I_SLAVE_ATTACHMENT/I_DECODER/IP2Bus_Data[11]_i_2/O
                         net (fo=1, routed)           0.028     1.416    work_pls_i/usp_rf_data_converter_0/inst/i_axi_lite_ipif/I_SLAVE_ATTACHMENT/I_DECODER/IP2Bus_Data[11]_i_2_n_0
    SLICE_X113Y105       LUT6 (Prop_H6LUT_SLICEM_I0_O)
                                                      0.015     1.431 r  work_pls_i/usp_rf_data_converter_0/inst/i_axi_lite_ipif/I_SLAVE_ATTACHMENT/I_DECODER/IP2Bus_Data[11]_i_1/O
                         net (fo=1, routed)           0.021     1.452    work_pls_i/usp_rf_data_converter_0/inst/i_axi_lite_ipif_n_73
    SLICE_X113Y105       FDRE                                         r  work_pls_i/usp_rf_data_converter_0/inst/IP2Bus_Data_reg[11]/D
  -------------------------------------------------------------------    -------------------

                         (clock clk_pl_0 rise edge)
                                                      0.000     0.000 r  
    PS8_X0Y0             PS8                          0.000     0.000 r  work_pls_i/zynq_ultra_ps_e_0/U0/PS8_i/PLCLK[0]
                         net (fo=1, routed)           0.129     0.129    work_pls_i/zynq_ultra_ps_e_0/U0/pl_clk_unbuffered[0]
    BUFG_PS_X0Y58        BUFG_PS (Prop_BUFG_PS_I_O)
                                                      0.018     0.147 r  work_pls_i/zynq_ultra_ps_e_0/U0/buffer_pl_clk_0.PL_CLK_0_BUFG/O
    X2Y2 (CLOCK_ROOT)    net (fo=7597, routed)        1.260     1.407    work_pls_i/usp_rf_data_converter_0/inst/s_axi_aclk
    SLICE_X113Y105       FDRE                                         r  work_pls_i/usp_rf_data_converter_0/inst/IP2Bus_Data_reg[11]/C

Slack:                    inf
  Source:                 work_pls_i/usp_rf_data_converter_0/inst/work_pls_usp_rf_data_converter_0_0_rf_wrapper_i/tx0_u_dac/INTERNAL_FBRC_MUX
                            (rising edge-triggered cell HSDAC clocked by RFDAC0_CLK  {rise@0.000ns fall@3.907ns period=7.813ns})
  Destination:            work_pls_i/usp_rf_data_converter_0/inst/IP2Bus_Data_reg[9]/D
                            (rising edge-triggered cell FDRE clocked by clk_pl_0  {rise@0.000ns fall@5.156ns period=10.312ns})
  Path Group:             (none)
  Path Type:              Hold (Min at Fast Process Corner)
  Data Path Delay:        1.481ns  (logic 0.463ns (31.263%)  route 1.018ns (68.737%))
  Logic Levels:           3  (LUT5=1 LUT6=2)
  Clock Path Skew:        1.418ns (DCD - SCD - CPR)
    Destination Clock Delay (DCD):    1.418ns
    Source Clock Delay      (SCD):    0.000ns
    Clock Pessimism Removal (CPR):    -0.000ns
  Clock Uncertainty:      0.159ns  ((TSJ^2 + DJ^2)^1/2) / 2 + PE
    Total System Jitter     (TSJ):    0.071ns
    Discrete Jitter          (DJ):    0.310ns
    Phase Error              (PE):    0.000ns
  Clock Net Delay (Destination): 1.271ns (routing 0.282ns, distribution 0.989ns)
  Timing Exception:       False Path

    Location             Delay type                Incr(ns)  Path(ns)    Netlist Resource(s)
  -------------------------------------------------------------------    -------------------
                         (clock RFDAC0_CLK rise edge)
                                                      0.000     0.000 r  
    HSDAC_X0Y0           HSDAC                        0.000     0.000 r  work_pls_i/usp_rf_data_converter_0/inst/work_pls_usp_rf_data_converter_0_0_rf_wrapper_i/tx0_u_dac/INTERNAL_FBRC_MUX
  -------------------------------------------------------------------    -------------------
    HSDAC_X0Y0           HSDAC (Prop_HSDAC_INTERNAL_FBRC_MUX_STATUS_COMMON[9])
                                                      0.338     0.338 r  work_pls_i/usp_rf_data_converter_0/inst/work_pls_usp_rf_data_converter_0_0_rf_wrapper_i/tx0_u_dac/STATUS_COMMON[9]
                         net (fo=1, routed)           0.862     1.200    work_pls_i/usp_rf_data_converter_0/inst/i_axi_lite_ipif/I_SLAVE_ATTACHMENT/I_DECODER/dac0_common_stat[9]
    SLICE_X112Y106       LUT5 (Prop_E6LUT_SLICEM_I4_O)
                                                      0.040     1.240 r  work_pls_i/usp_rf_data_converter_0/inst/i_axi_lite_ipif/I_SLAVE_ATTACHMENT/I_DECODER/IP2Bus_Data[9]_i_7/O
                         net (fo=1, routed)           0.047     1.287    work_pls_i/usp_rf_data_converter_0/inst/i_axi_lite_ipif/I_SLAVE_ATTACHMENT/I_DECODER/IP2Bus_Data[9]_i_7_n_0
    SLICE_X112Y106       LUT6 (Prop_H6LUT_SLICEM_I4_O)
                                                      0.035     1.322 r  work_pls_i/usp_rf_data_converter_0/inst/i_axi_lite_ipif/I_SLAVE_ATTACHMENT/I_DECODER/IP2Bus_Data[9]_i_2/O
                         net (fo=1, routed)           0.085     1.407    work_pls_i/usp_rf_data_converter_0/inst/i_axi_lite_ipif/I_SLAVE_ATTACHMENT/I_DECODER/IP2Bus_Data[9]_i_2_n_0
    SLICE_X113Y104       LUT6 (Prop_C6LUT_SLICEM_I0_O)
                                                      0.050     1.457 r  work_pls_i/usp_rf_data_converter_0/inst/i_axi_lite_ipif/I_SLAVE_ATTACHMENT/I_DECODER/IP2Bus_Data[9]_i_1/O
                         net (fo=1, routed)           0.024     1.481    work_pls_i/usp_rf_data_converter_0/inst/i_axi_lite_ipif_n_75
    SLICE_X113Y104       FDRE                                         r  work_pls_i/usp_rf_data_converter_0/inst/IP2Bus_Data_reg[9]/D
  -------------------------------------------------------------------    -------------------

                         (clock clk_pl_0 rise edge)
                                                      0.000     0.000 r  
    PS8_X0Y0             PS8                          0.000     0.000 r  work_pls_i/zynq_ultra_ps_e_0/U0/PS8_i/PLCLK[0]
                         net (fo=1, routed)           0.129     0.129    work_pls_i/zynq_ultra_ps_e_0/U0/pl_clk_unbuffered[0]
    BUFG_PS_X0Y58        BUFG_PS (Prop_BUFG_PS_I_O)
                                                      0.018     0.147 r  work_pls_i/zynq_ultra_ps_e_0/U0/buffer_pl_clk_0.PL_CLK_0_BUFG/O
    X2Y2 (CLOCK_ROOT)    net (fo=7597, routed)        1.271     1.418    work_pls_i/usp_rf_data_converter_0/inst/s_axi_aclk
    SLICE_X113Y104       FDRE                                         r  work_pls_i/usp_rf_data_converter_0/inst/IP2Bus_Data_reg[9]/C

Slack:                    inf
  Source:                 work_pls_i/usp_rf_data_converter_0/inst/work_pls_usp_rf_data_converter_0_0_rf_wrapper_i/tx0_u_dac/INTERNAL_FBRC_MUX
                            (rising edge-triggered cell HSDAC clocked by RFDAC0_CLK  {rise@0.000ns fall@3.907ns period=7.813ns})
  Destination:            work_pls_i/usp_rf_data_converter_0/inst/IP2Bus_Data_reg[8]/D
                            (rising edge-triggered cell FDRE clocked by clk_pl_0  {rise@0.000ns fall@5.156ns period=10.312ns})
  Path Group:             (none)
  Path Type:              Hold (Min at Fast Process Corner)
  Data Path Delay:        1.499ns  (logic 0.490ns (32.688%)  route 1.009ns (67.312%))
  Logic Levels:           3  (LUT5=1 LUT6=2)
  Clock Path Skew:        1.411ns (DCD - SCD - CPR)
    Destination Clock Delay (DCD):    1.411ns
    Source Clock Delay      (SCD):    0.000ns
    Clock Pessimism Removal (CPR):    -0.000ns
  Clock Uncertainty:      0.159ns  ((TSJ^2 + DJ^2)^1/2) / 2 + PE
    Total System Jitter     (TSJ):    0.071ns
    Discrete Jitter          (DJ):    0.310ns
    Phase Error              (PE):    0.000ns
  Clock Net Delay (Destination): 1.264ns (routing 0.282ns, distribution 0.982ns)
  Timing Exception:       False Path

    Location             Delay type                Incr(ns)  Path(ns)    Netlist Resource(s)
  -------------------------------------------------------------------    -------------------
                         (clock RFDAC0_CLK rise edge)
                                                      0.000     0.000 r  
    HSDAC_X0Y0           HSDAC                        0.000     0.000 r  work_pls_i/usp_rf_data_converter_0/inst/work_pls_usp_rf_data_converter_0_0_rf_wrapper_i/tx0_u_dac/INTERNAL_FBRC_MUX
  -------------------------------------------------------------------    -------------------
    HSDAC_X0Y0           HSDAC (Prop_HSDAC_INTERNAL_FBRC_MUX_STATUS_COMMON[8])
                                                      0.382     0.382 r  work_pls_i/usp_rf_data_converter_0/inst/work_pls_usp_rf_data_converter_0_0_rf_wrapper_i/tx0_u_dac/STATUS_COMMON[8]
                         net (fo=1, routed)           0.868     1.250    work_pls_i/usp_rf_data_converter_0/inst/i_axi_lite_ipif/I_SLAVE_ATTACHMENT/I_DECODER/dac0_common_stat[8]
    SLICE_X112Y106       LUT5 (Prop_F6LUT_SLICEM_I4_O)
                                                      0.059     1.309 r  work_pls_i/usp_rf_data_converter_0/inst/i_axi_lite_ipif/I_SLAVE_ATTACHMENT/I_DECODER/IP2Bus_Data[8]_i_7/O
                         net (fo=1, routed)           0.047     1.356    work_pls_i/usp_rf_data_converter_0/inst/i_axi_lite_ipif/I_SLAVE_ATTACHMENT/I_DECODER/IP2Bus_Data[8]_i_7_n_0
    SLICE_X111Y106       LUT6 (Prop_F6LUT_SLICEL_I4_O)
                                                      0.035     1.391 r  work_pls_i/usp_rf_data_converter_0/inst/i_axi_lite_ipif/I_SLAVE_ATTACHMENT/I_DECODER/IP2Bus_Data[8]_i_2/O
                         net (fo=1, routed)           0.078     1.469    work_pls_i/usp_rf_data_converter_0/inst/i_axi_lite_ipif/I_SLAVE_ATTACHMENT/I_DECODER/IP2Bus_Data[8]_i_2_n_0
    SLICE_X111Y105       LUT6 (Prop_D6LUT_SLICEL_I0_O)
                                                      0.014     1.483 r  work_pls_i/usp_rf_data_converter_0/inst/i_axi_lite_ipif/I_SLAVE_ATTACHMENT/I_DECODER/IP2Bus_Data[8]_i_1/O
                         net (fo=1, routed)           0.016     1.499    work_pls_i/usp_rf_data_converter_0/inst/i_axi_lite_ipif_n_76
    SLICE_X111Y105       FDRE                                         r  work_pls_i/usp_rf_data_converter_0/inst/IP2Bus_Data_reg[8]/D
  -------------------------------------------------------------------    -------------------

                         (clock clk_pl_0 rise edge)
                                                      0.000     0.000 r  
    PS8_X0Y0             PS8                          0.000     0.000 r  work_pls_i/zynq_ultra_ps_e_0/U0/PS8_i/PLCLK[0]
                         net (fo=1, routed)           0.129     0.129    work_pls_i/zynq_ultra_ps_e_0/U0/pl_clk_unbuffered[0]
    BUFG_PS_X0Y58        BUFG_PS (Prop_BUFG_PS_I_O)
                                                      0.018     0.147 r  work_pls_i/zynq_ultra_ps_e_0/U0/buffer_pl_clk_0.PL_CLK_0_BUFG/O
    X2Y2 (CLOCK_ROOT)    net (fo=7597, routed)        1.264     1.411    work_pls_i/usp_rf_data_converter_0/inst/s_axi_aclk
    SLICE_X111Y105       FDRE                                         r  work_pls_i/usp_rf_data_converter_0/inst/IP2Bus_Data_reg[8]/C

Slack:                    inf
  Source:                 work_pls_i/usp_rf_data_converter_0/inst/work_pls_usp_rf_data_converter_0_0_rf_wrapper_i/tx0_u_dac/INTERNAL_FBRC_MUX
                            (rising edge-triggered cell HSDAC clocked by RFDAC0_CLK  {rise@0.000ns fall@3.907ns period=7.813ns})
  Destination:            work_pls_i/usp_rf_data_converter_0/inst/IP2Bus_Data_reg[10]/D
                            (rising edge-triggered cell FDRE clocked by clk_pl_0  {rise@0.000ns fall@5.156ns period=10.312ns})
  Path Group:             (none)
  Path Type:              Hold (Min at Fast Process Corner)
  Data Path Delay:        1.569ns  (logic 0.535ns (34.098%)  route 1.034ns (65.902%))
  Logic Levels:           3  (LUT5=1 LUT6=2)
  Clock Path Skew:        1.403ns (DCD - SCD - CPR)
    Destination Clock Delay (DCD):    1.403ns
    Source Clock Delay      (SCD):    0.000ns
    Clock Pessimism Removal (CPR):    -0.000ns
  Clock Uncertainty:      0.159ns  ((TSJ^2 + DJ^2)^1/2) / 2 + PE
    Total System Jitter     (TSJ):    0.071ns
    Discrete Jitter          (DJ):    0.310ns
    Phase Error              (PE):    0.000ns
  Clock Net Delay (Destination): 1.256ns (routing 0.282ns, distribution 0.974ns)
  Timing Exception:       False Path

    Location             Delay type                Incr(ns)  Path(ns)    Netlist Resource(s)
  -------------------------------------------------------------------    -------------------
                         (clock RFDAC0_CLK rise edge)
                                                      0.000     0.000 r  
    HSDAC_X0Y0           HSDAC                        0.000     0.000 r  work_pls_i/usp_rf_data_converter_0/inst/work_pls_usp_rf_data_converter_0_0_rf_wrapper_i/tx0_u_dac/INTERNAL_FBRC_MUX
  -------------------------------------------------------------------    -------------------
    HSDAC_X0Y0           HSDAC (Prop_HSDAC_INTERNAL_FBRC_MUX_STATUS_COMMON[10])
                                                      0.375     0.375 r  work_pls_i/usp_rf_data_converter_0/inst/work_pls_usp_rf_data_converter_0_0_rf_wrapper_i/tx0_u_dac/STATUS_COMMON[10]
                         net (fo=1, routed)           0.895     1.270    work_pls_i/usp_rf_data_converter_0/inst/i_axi_lite_ipif/I_SLAVE_ATTACHMENT/I_DECODER/dac0_common_stat[10]
    SLICE_X112Y105       LUT5 (Prop_G6LUT_SLICEM_I4_O)
                                                      0.060     1.330 f  work_pls_i/usp_rf_data_converter_0/inst/i_axi_lite_ipif/I_SLAVE_ATTACHMENT/I_DECODER/IP2Bus_Data[10]_i_6/O
                         net (fo=1, routed)           0.026     1.356    work_pls_i/usp_rf_data_converter_0/inst/i_axi_lite_ipif/I_SLAVE_ATTACHMENT/I_DECODER/IP2Bus_Data[10]_i_6_n_0
    SLICE_X112Y105       LUT6 (Prop_H6LUT_SLICEM_I2_O)
                                                      0.041     1.397 r  work_pls_i/usp_rf_data_converter_0/inst/i_axi_lite_ipif/I_SLAVE_ATTACHMENT/I_DECODER/IP2Bus_Data[10]_i_2/O
                         net (fo=1, routed)           0.087     1.484    work_pls_i/usp_rf_data_converter_0/inst/i_axi_lite_ipif/I_SLAVE_ATTACHMENT/I_DECODER/IP2Bus_Data[10]_i_2_n_0
    SLICE_X112Y103       LUT6 (Prop_D6LUT_SLICEM_I0_O)
                                                      0.059     1.543 r  work_pls_i/usp_rf_data_converter_0/inst/i_axi_lite_ipif/I_SLAVE_ATTACHMENT/I_DECODER/IP2Bus_Data[10]_i_1/O
                         net (fo=1, routed)           0.026     1.569    work_pls_i/usp_rf_data_converter_0/inst/i_axi_lite_ipif_n_74
    SLICE_X112Y103       FDRE                                         r  work_pls_i/usp_rf_data_converter_0/inst/IP2Bus_Data_reg[10]/D
  -------------------------------------------------------------------    -------------------

                         (clock clk_pl_0 rise edge)
                                                      0.000     0.000 r  
    PS8_X0Y0             PS8                          0.000     0.000 r  work_pls_i/zynq_ultra_ps_e_0/U0/PS8_i/PLCLK[0]
                         net (fo=1, routed)           0.129     0.129    work_pls_i/zynq_ultra_ps_e_0/U0/pl_clk_unbuffered[0]
    BUFG_PS_X0Y58        BUFG_PS (Prop_BUFG_PS_I_O)
                                                      0.018     0.147 r  work_pls_i/zynq_ultra_ps_e_0/U0/buffer_pl_clk_0.PL_CLK_0_BUFG/O
    X2Y2 (CLOCK_ROOT)    net (fo=7597, routed)        1.256     1.403    work_pls_i/usp_rf_data_converter_0/inst/s_axi_aclk
    SLICE_X112Y103       FDRE                                         r  work_pls_i/usp_rf_data_converter_0/inst/IP2Bus_Data_reg[10]/C

Slack:                    inf
  Source:                 work_pls_i/usp_rf_data_converter_0/inst/work_pls_usp_rf_data_converter_0_0_rf_wrapper_i/tx0_u_dac/INTERNAL_FBRC_MUX
                            (rising edge-triggered cell HSDAC clocked by RFDAC0_CLK  {rise@0.000ns fall@3.907ns period=7.813ns})
  Destination:            work_pls_i/usp_rf_data_converter_0/inst/IP2Bus_Data_reg[15]/D
                            (rising edge-triggered cell FDRE clocked by clk_pl_0  {rise@0.000ns fall@5.156ns period=10.312ns})
  Path Group:             (none)
  Path Type:              Hold (Min at Fast Process Corner)
  Data Path Delay:        1.701ns  (logic 0.556ns (32.687%)  route 1.145ns (67.313%))
  Logic Levels:           5  (LUT4=1 LUT6=4)
  Clock Path Skew:        1.398ns (DCD - SCD - CPR)
    Destination Clock Delay (DCD):    1.398ns
    Source Clock Delay      (SCD):    0.000ns
    Clock Pessimism Removal (CPR):    -0.000ns
  Clock Uncertainty:      0.159ns  ((TSJ^2 + DJ^2)^1/2) / 2 + PE
    Total System Jitter     (TSJ):    0.071ns
    Discrete Jitter          (DJ):    0.310ns
    Phase Error              (PE):    0.000ns
  Clock Net Delay (Destination): 1.251ns (routing 0.282ns, distribution 0.969ns)
  Timing Exception:       False Path

    Location             Delay type                Incr(ns)  Path(ns)    Netlist Resource(s)
  -------------------------------------------------------------------    -------------------
                         (clock RFDAC0_CLK rise edge)
                                                      0.000     0.000 r  
    HSDAC_X0Y0           HSDAC                        0.000     0.000 r  work_pls_i/usp_rf_data_converter_0/inst/work_pls_usp_rf_data_converter_0_0_rf_wrapper_i/tx0_u_dac/INTERNAL_FBRC_MUX
  -------------------------------------------------------------------    -------------------
    HSDAC_X0Y0           HSDAC (Prop_HSDAC_INTERNAL_FBRC_MUX_STATUS_COMMON[15])
                                                      0.413     0.413 r  work_pls_i/usp_rf_data_converter_0/inst/work_pls_usp_rf_data_converter_0_0_rf_wrapper_i/tx0_u_dac/STATUS_COMMON[15]
                         net (fo=1, routed)           0.874     1.287    work_pls_i/usp_rf_data_converter_0/inst/i_axi_lite_ipif/I_SLAVE_ATTACHMENT/I_DECODER/dac0_common_stat[15]
    SLICE_X113Y102       LUT4 (Prop_A6LUT_SLICEM_I0_O)
                                                      0.060     1.347 f  work_pls_i/usp_rf_data_converter_0/inst/i_axi_lite_ipif/I_SLAVE_ATTACHMENT/I_DECODER/IP2Bus_Data[15]_i_71/O
                         net (fo=1, routed)           0.024     1.371    work_pls_i/usp_rf_data_converter_0/inst/i_axi_lite_ipif/I_SLAVE_ATTACHMENT/I_DECODER/IP2Bus_Data[15]_i_71_n_0
    SLICE_X113Y102       LUT6 (Prop_C6LUT_SLICEM_I2_O)
                                                      0.014     1.385 r  work_pls_i/usp_rf_data_converter_0/inst/i_axi_lite_ipif/I_SLAVE_ATTACHMENT/I_DECODER/IP2Bus_Data[15]_i_32/O
                         net (fo=1, routed)           0.052     1.437    work_pls_i/usp_rf_data_converter_0/inst/i_axi_lite_ipif/I_SLAVE_ATTACHMENT/I_DECODER/IP2Bus_Data[15]_i_32_n_0
    SLICE_X112Y101       LUT6 (Prop_G6LUT_SLICEM_I5_O)
                                                      0.014     1.451 f  work_pls_i/usp_rf_data_converter_0/inst/i_axi_lite_ipif/I_SLAVE_ATTACHMENT/I_DECODER/IP2Bus_Data[15]_i_10/O
                         net (fo=1, routed)           0.025     1.476    work_pls_i/usp_rf_data_converter_0/inst/i_axi_lite_ipif/I_SLAVE_ATTACHMENT/I_DECODER/IP2Bus_Data[15]_i_10_n_0
    SLICE_X112Y101       LUT6 (Prop_F6LUT_SLICEM_I4_O)
                                                      0.040     1.516 r  work_pls_i/usp_rf_data_converter_0/inst/i_axi_lite_ipif/I_SLAVE_ATTACHMENT/I_DECODER/IP2Bus_Data[15]_i_2/O
                         net (fo=1, routed)           0.149     1.665    work_pls_i/usp_rf_data_converter_0/inst/i_axi_lite_ipif/I_SLAVE_ATTACHMENT/I_DECODER/IP2Bus_Data[15]_i_2_n_0
    SLICE_X113Y91        LUT6 (Prop_H6LUT_SLICEM_I0_O)
                                                      0.015     1.680 r  work_pls_i/usp_rf_data_converter_0/inst/i_axi_lite_ipif/I_SLAVE_ATTACHMENT/I_DECODER/IP2Bus_Data[15]_i_1/O
                         net (fo=1, routed)           0.021     1.701    work_pls_i/usp_rf_data_converter_0/inst/i_axi_lite_ipif_n_69
    SLICE_X113Y91        FDRE                                         r  work_pls_i/usp_rf_data_converter_0/inst/IP2Bus_Data_reg[15]/D
  -------------------------------------------------------------------    -------------------

                         (clock clk_pl_0 rise edge)
                                                      0.000     0.000 r  
    PS8_X0Y0             PS8                          0.000     0.000 r  work_pls_i/zynq_ultra_ps_e_0/U0/PS8_i/PLCLK[0]
                         net (fo=1, routed)           0.129     0.129    work_pls_i/zynq_ultra_ps_e_0/U0/pl_clk_unbuffered[0]
    BUFG_PS_X0Y58        BUFG_PS (Prop_BUFG_PS_I_O)
                                                      0.018     0.147 r  work_pls_i/zynq_ultra_ps_e_0/U0/buffer_pl_clk_0.PL_CLK_0_BUFG/O
    X2Y2 (CLOCK_ROOT)    net (fo=7597, routed)        1.251     1.398    work_pls_i/usp_rf_data_converter_0/inst/s_axi_aclk
    SLICE_X113Y91        FDRE                                         r  work_pls_i/usp_rf_data_converter_0/inst/IP2Bus_Data_reg[15]/C

Slack:                    inf
  Source:                 work_pls_i/usp_rf_data_converter_0/inst/work_pls_usp_rf_data_converter_0_0_rf_wrapper_i/tx0_u_dac/INTERNAL_FBRC_MUX
                            (rising edge-triggered cell HSDAC clocked by RFDAC0_CLK  {rise@0.000ns fall@3.907ns period=7.813ns})
  Destination:            work_pls_i/usp_rf_data_converter_0/inst/IP2Bus_Data_reg[12]/D
                            (rising edge-triggered cell FDRE clocked by clk_pl_0  {rise@0.000ns fall@5.156ns period=10.312ns})
  Path Group:             (none)
  Path Type:              Hold (Min at Fast Process Corner)
  Data Path Delay:        1.705ns  (logic 0.559ns (32.786%)  route 1.146ns (67.214%))
  Logic Levels:           4  (LUT5=1 LUT6=3)
  Clock Path Skew:        1.415ns (DCD - SCD - CPR)
    Destination Clock Delay (DCD):    1.415ns
    Source Clock Delay      (SCD):    0.000ns
    Clock Pessimism Removal (CPR):    -0.000ns
  Clock Uncertainty:      0.159ns  ((TSJ^2 + DJ^2)^1/2) / 2 + PE
    Total System Jitter     (TSJ):    0.071ns
    Discrete Jitter          (DJ):    0.310ns
    Phase Error              (PE):    0.000ns
  Clock Net Delay (Destination): 1.268ns (routing 0.282ns, distribution 0.986ns)
  Timing Exception:       False Path

    Location             Delay type                Incr(ns)  Path(ns)    Netlist Resource(s)
  -------------------------------------------------------------------    -------------------
                         (clock RFDAC0_CLK rise edge)
                                                      0.000     0.000 r  
    HSDAC_X0Y0           HSDAC                        0.000     0.000 r  work_pls_i/usp_rf_data_converter_0/inst/work_pls_usp_rf_data_converter_0_0_rf_wrapper_i/tx0_u_dac/INTERNAL_FBRC_MUX
  -------------------------------------------------------------------    -------------------
    HSDAC_X0Y0           HSDAC (Prop_HSDAC_INTERNAL_FBRC_MUX_STATUS_COMMON[12])
                                                      0.386     0.386 r  work_pls_i/usp_rf_data_converter_0/inst/work_pls_usp_rf_data_converter_0_0_rf_wrapper_i/tx0_u_dac/STATUS_COMMON[12]
                         net (fo=1, routed)           0.853     1.239    work_pls_i/usp_rf_data_converter_0/inst/i_axi_lite_ipif/I_SLAVE_ATTACHMENT/I_DECODER/dac0_common_stat[12]
    SLICE_X109Y105       LUT5 (Prop_F6LUT_SLICEM_I4_O)
                                                      0.059     1.298 r  work_pls_i/usp_rf_data_converter_0/inst/i_axi_lite_ipif/I_SLAVE_ATTACHMENT/I_DECODER/IP2Bus_Data[12]_i_33/O
                         net (fo=1, routed)           0.023     1.321    work_pls_i/usp_rf_data_converter_0/inst/i_axi_lite_ipif/I_SLAVE_ATTACHMENT/I_DECODER/IP2Bus_Data[12]_i_33_n_0
    SLICE_X109Y105       LUT6 (Prop_G6LUT_SLICEM_I5_O)
                                                      0.022     1.343 f  work_pls_i/usp_rf_data_converter_0/inst/i_axi_lite_ipif/I_SLAVE_ATTACHMENT/I_DECODER/IP2Bus_Data[12]_i_12/O
                         net (fo=1, routed)           0.125     1.468    work_pls_i/usp_rf_data_converter_0/inst/i_axi_lite_ipif/I_SLAVE_ATTACHMENT/I_DECODER/IP2Bus_Data[12]_i_12_n_0
    SLICE_X110Y104       LUT6 (Prop_D6LUT_SLICEM_I4_O)
                                                      0.041     1.509 r  work_pls_i/usp_rf_data_converter_0/inst/i_axi_lite_ipif/I_SLAVE_ATTACHMENT/I_DECODER/IP2Bus_Data[12]_i_2/O
                         net (fo=1, routed)           0.124     1.633    work_pls_i/usp_rf_data_converter_0/inst/i_axi_lite_ipif/I_SLAVE_ATTACHMENT/I_DECODER/IP2Bus_Data[12]_i_2_n_0
    SLICE_X113Y103       LUT6 (Prop_H6LUT_SLICEM_I0_O)
                                                      0.051     1.684 r  work_pls_i/usp_rf_data_converter_0/inst/i_axi_lite_ipif/I_SLAVE_ATTACHMENT/I_DECODER/IP2Bus_Data[12]_i_1/O
                         net (fo=1, routed)           0.021     1.705    work_pls_i/usp_rf_data_converter_0/inst/i_axi_lite_ipif_n_72
    SLICE_X113Y103       FDRE                                         r  work_pls_i/usp_rf_data_converter_0/inst/IP2Bus_Data_reg[12]/D
  -------------------------------------------------------------------    -------------------

                         (clock clk_pl_0 rise edge)
                                                      0.000     0.000 r  
    PS8_X0Y0             PS8                          0.000     0.000 r  work_pls_i/zynq_ultra_ps_e_0/U0/PS8_i/PLCLK[0]
                         net (fo=1, routed)           0.129     0.129    work_pls_i/zynq_ultra_ps_e_0/U0/pl_clk_unbuffered[0]
    BUFG_PS_X0Y58        BUFG_PS (Prop_BUFG_PS_I_O)
                                                      0.018     0.147 r  work_pls_i/zynq_ultra_ps_e_0/U0/buffer_pl_clk_0.PL_CLK_0_BUFG/O
    X2Y2 (CLOCK_ROOT)    net (fo=7597, routed)        1.268     1.415    work_pls_i/usp_rf_data_converter_0/inst/s_axi_aclk
    SLICE_X113Y103       FDRE                                         r  work_pls_i/usp_rf_data_converter_0/inst/IP2Bus_Data_reg[12]/C

Slack:                    inf
  Source:                 work_pls_i/usp_rf_data_converter_0/inst/work_pls_usp_rf_data_converter_0_0_rf_wrapper_i/tx0_u_dac/INTERNAL_FBRC_MUX
                            (rising edge-triggered cell HSDAC clocked by RFDAC0_CLK  {rise@0.000ns fall@3.907ns period=7.813ns})
  Destination:            work_pls_i/usp_rf_data_converter_0/inst/IP2Bus_Data_reg[14]/D
                            (rising edge-triggered cell FDRE clocked by clk_pl_0  {rise@0.000ns fall@5.156ns period=10.312ns})
  Path Group:             (none)
  Path Type:              Hold (Min at Fast Process Corner)
  Data Path Delay:        1.771ns  (logic 0.579ns (32.693%)  route 1.192ns (67.307%))
  Logic Levels:           4  (LUT5=2 LUT6=2)
  Clock Path Skew:        1.395ns (DCD - SCD - CPR)
    Destination Clock Delay (DCD):    1.395ns
    Source Clock Delay      (SCD):    0.000ns
    Clock Pessimism Removal (CPR):    -0.000ns
  Clock Uncertainty:      0.159ns  ((TSJ^2 + DJ^2)^1/2) / 2 + PE
    Total System Jitter     (TSJ):    0.071ns
    Discrete Jitter          (DJ):    0.310ns
    Phase Error              (PE):    0.000ns
  Clock Net Delay (Destination): 1.248ns (routing 0.282ns, distribution 0.966ns)
  Timing Exception:       False Path

    Location             Delay type                Incr(ns)  Path(ns)    Netlist Resource(s)
  -------------------------------------------------------------------    -------------------
                         (clock RFDAC0_CLK rise edge)
                                                      0.000     0.000 r  
    HSDAC_X0Y0           HSDAC                        0.000     0.000 r  work_pls_i/usp_rf_data_converter_0/inst/work_pls_usp_rf_data_converter_0_0_rf_wrapper_i/tx0_u_dac/INTERNAL_FBRC_MUX
  -------------------------------------------------------------------    -------------------
    HSDAC_X0Y0           HSDAC (Prop_HSDAC_INTERNAL_FBRC_MUX_STATUS_COMMON[14])
                                                      0.398     0.398 r  work_pls_i/usp_rf_data_converter_0/inst/work_pls_usp_rf_data_converter_0_0_rf_wrapper_i/tx0_u_dac/STATUS_COMMON[14]
                         net (fo=1, routed)           0.848     1.246    work_pls_i/usp_rf_data_converter_0/inst/i_axi_lite_ipif/I_SLAVE_ATTACHMENT/I_DECODER/dac0_common_stat[14]
    SLICE_X112Y105       LUT5 (Prop_F6LUT_SLICEM_I4_O)
                                                      0.059     1.305 r  work_pls_i/usp_rf_data_converter_0/inst/i_axi_lite_ipif/I_SLAVE_ATTACHMENT/I_DECODER/IP2Bus_Data[14]_i_29/O
                         net (fo=1, routed)           0.087     1.392    work_pls_i/usp_rf_data_converter_0/inst/i_axi_lite_ipif/I_SLAVE_ATTACHMENT/I_DECODER/IP2Bus_Data[14]_i_29_n_0
    SLICE_X112Y105       LUT5 (Prop_D6LUT_SLICEM_I1_O)
                                                      0.050     1.442 r  work_pls_i/usp_rf_data_converter_0/inst/i_axi_lite_ipif/I_SLAVE_ATTACHMENT/I_DECODER/IP2Bus_Data[14]_i_10/O
                         net (fo=1, routed)           0.083     1.525    work_pls_i/usp_rf_data_converter_0/inst/i_axi_lite_ipif/I_SLAVE_ATTACHMENT/I_DECODER/IP2Bus_Data[14]_i_10_n_0
    SLICE_X111Y101       LUT6 (Prop_G6LUT_SLICEL_I4_O)
                                                      0.022     1.547 r  work_pls_i/usp_rf_data_converter_0/inst/i_axi_lite_ipif/I_SLAVE_ATTACHMENT/I_DECODER/IP2Bus_Data[14]_i_2/O
                         net (fo=1, routed)           0.158     1.705    work_pls_i/usp_rf_data_converter_0/inst/i_axi_lite_ipif/I_SLAVE_ATTACHMENT/I_DECODER/IP2Bus_Data[14]_i_2_n_0
    SLICE_X114Y91        LUT6 (Prop_D6LUT_SLICEL_I0_O)
                                                      0.050     1.755 r  work_pls_i/usp_rf_data_converter_0/inst/i_axi_lite_ipif/I_SLAVE_ATTACHMENT/I_DECODER/IP2Bus_Data[14]_i_1/O
                         net (fo=1, routed)           0.016     1.771    work_pls_i/usp_rf_data_converter_0/inst/i_axi_lite_ipif_n_70
    SLICE_X114Y91        FDRE                                         r  work_pls_i/usp_rf_data_converter_0/inst/IP2Bus_Data_reg[14]/D
  -------------------------------------------------------------------    -------------------

                         (clock clk_pl_0 rise edge)
                                                      0.000     0.000 r  
    PS8_X0Y0             PS8                          0.000     0.000 r  work_pls_i/zynq_ultra_ps_e_0/U0/PS8_i/PLCLK[0]
                         net (fo=1, routed)           0.129     0.129    work_pls_i/zynq_ultra_ps_e_0/U0/pl_clk_unbuffered[0]
    BUFG_PS_X0Y58        BUFG_PS (Prop_BUFG_PS_I_O)
                                                      0.018     0.147 r  work_pls_i/zynq_ultra_ps_e_0/U0/buffer_pl_clk_0.PL_CLK_0_BUFG/O
    X2Y2 (CLOCK_ROOT)    net (fo=7597, routed)        1.248     1.395    work_pls_i/usp_rf_data_converter_0/inst/s_axi_aclk
    SLICE_X114Y91        FDRE                                         r  work_pls_i/usp_rf_data_converter_0/inst/IP2Bus_Data_reg[14]/C

Slack:                    inf
  Source:                 work_pls_i/usp_rf_data_converter_0/inst/work_pls_usp_rf_data_converter_0_0_rf_wrapper_i/tx0_u_dac/INTERNAL_FBRC_MUX
                            (rising edge-triggered cell HSDAC clocked by RFDAC0_CLK  {rise@0.000ns fall@3.907ns period=7.813ns})
  Destination:            work_pls_i/usp_rf_data_converter_0/inst/IP2Bus_Data_reg[13]/D
                            (rising edge-triggered cell FDRE clocked by clk_pl_0  {rise@0.000ns fall@5.156ns period=10.312ns})
  Path Group:             (none)
  Path Type:              Hold (Min at Fast Process Corner)
  Data Path Delay:        1.824ns  (logic 0.713ns (39.090%)  route 1.111ns (60.910%))
  Logic Levels:           4  (LUT4=2 LUT5=1 LUT6=1)
  Clock Path Skew:        1.416ns (DCD - SCD - CPR)
    Destination Clock Delay (DCD):    1.416ns
    Source Clock Delay      (SCD):    0.000ns
    Clock Pessimism Removal (CPR):    -0.000ns
  Clock Uncertainty:      0.159ns  ((TSJ^2 + DJ^2)^1/2) / 2 + PE
    Total System Jitter     (TSJ):    0.071ns
    Discrete Jitter          (DJ):    0.310ns
    Phase Error              (PE):    0.000ns
  Clock Net Delay (Destination): 1.269ns (routing 0.282ns, distribution 0.987ns)
  Timing Exception:       False Path

    Location             Delay type                Incr(ns)  Path(ns)    Netlist Resource(s)
  -------------------------------------------------------------------    -------------------
                         (clock RFDAC0_CLK rise edge)
                                                      0.000     0.000 r  
    HSDAC_X0Y0           HSDAC                        0.000     0.000 r  work_pls_i/usp_rf_data_converter_0/inst/work_pls_usp_rf_data_converter_0_0_rf_wrapper_i/tx0_u_dac/INTERNAL_FBRC_MUX
  -------------------------------------------------------------------    -------------------
    HSDAC_X0Y0           HSDAC (Prop_HSDAC_INTERNAL_FBRC_MUX_STATUS_COMMON[13])
                                                      0.524     0.524 r  work_pls_i/usp_rf_data_converter_0/inst/work_pls_usp_rf_data_converter_0_0_rf_wrapper_i/tx0_u_dac/STATUS_COMMON[13]
                         net (fo=1, routed)           0.902     1.426    work_pls_i/usp_rf_data_converter_0/inst/i_axi_lite_ipif/I_SLAVE_ATTACHMENT/I_DECODER/dac0_common_stat[13]
    SLICE_X113Y106       LUT5 (Prop_A6LUT_SLICEM_I4_O)
                                                      0.060     1.486 f  work_pls_i/usp_rf_data_converter_0/inst/i_axi_lite_ipif/I_SLAVE_ATTACHMENT/I_DECODER/IP2Bus_Data[13]_i_25/O
                         net (fo=1, routed)           0.048     1.534    work_pls_i/usp_rf_data_converter_0/inst/i_axi_lite_ipif/I_SLAVE_ATTACHMENT/I_DECODER/IP2Bus_Data[13]_i_25_n_0
    SLICE_X113Y105       LUT4 (Prop_E6LUT_SLICEM_I3_O)
                                                      0.035     1.569 r  work_pls_i/usp_rf_data_converter_0/inst/i_axi_lite_ipif/I_SLAVE_ATTACHMENT/I_DECODER/IP2Bus_Data[13]_i_9/O
                         net (fo=1, routed)           0.086     1.655    work_pls_i/usp_rf_data_converter_0/inst/i_axi_lite_ipif/I_SLAVE_ATTACHMENT/I_DECODER/IP2Bus_Data[13]_i_9_n_0
    SLICE_X113Y101       LUT4 (Prop_E6LUT_SLICEM_I3_O)
                                                      0.059     1.714 r  work_pls_i/usp_rf_data_converter_0/inst/i_axi_lite_ipif/I_SLAVE_ATTACHMENT/I_DECODER/IP2Bus_Data[13]_i_2/O
                         net (fo=1, routed)           0.049     1.763    work_pls_i/usp_rf_data_converter_0/inst/i_axi_lite_ipif/I_SLAVE_ATTACHMENT/I_DECODER/IP2Bus_Data[13]_i_2_n_0
    SLICE_X113Y100       LUT6 (Prop_D6LUT_SLICEM_I0_O)
                                                      0.035     1.798 r  work_pls_i/usp_rf_data_converter_0/inst/i_axi_lite_ipif/I_SLAVE_ATTACHMENT/I_DECODER/IP2Bus_Data[13]_i_1/O
                         net (fo=1, routed)           0.026     1.824    work_pls_i/usp_rf_data_converter_0/inst/i_axi_lite_ipif_n_71
    SLICE_X113Y100       FDRE                                         r  work_pls_i/usp_rf_data_converter_0/inst/IP2Bus_Data_reg[13]/D
  -------------------------------------------------------------------    -------------------

                         (clock clk_pl_0 rise edge)
                                                      0.000     0.000 r  
    PS8_X0Y0             PS8                          0.000     0.000 r  work_pls_i/zynq_ultra_ps_e_0/U0/PS8_i/PLCLK[0]
                         net (fo=1, routed)           0.129     0.129    work_pls_i/zynq_ultra_ps_e_0/U0/pl_clk_unbuffered[0]
    BUFG_PS_X0Y58        BUFG_PS (Prop_BUFG_PS_I_O)
                                                      0.018     0.147 r  work_pls_i/zynq_ultra_ps_e_0/U0/buffer_pl_clk_0.PL_CLK_0_BUFG/O
    X2Y2 (CLOCK_ROOT)    net (fo=7597, routed)        1.269     1.416    work_pls_i/usp_rf_data_converter_0/inst/s_axi_aclk
    SLICE_X113Y100       FDRE                                         r  work_pls_i/usp_rf_data_converter_0/inst/IP2Bus_Data_reg[13]/C





--------------------------------------------------------------------------------------
Path Group:  (none)
From Clock:  RFDAC1_CLK
  To Clock:  clk_pl_0

Max Delay             8 Endpoints
Min Delay             8 Endpoints
--------------------------------------------------------------------------------------


Max Delay Paths
--------------------------------------------------------------------------------------
Slack:                    inf
  Source:                 work_pls_i/usp_rf_data_converter_0/inst/work_pls_usp_rf_data_converter_0_0_rf_wrapper_i/tx1_u_dac/INTERNAL_FBRC_MUX
                            (rising edge-triggered cell HSDAC clocked by RFDAC1_CLK  {rise@0.000ns fall@5.000ns period=10.000ns})
  Destination:            work_pls_i/usp_rf_data_converter_0/inst/IP2Bus_Data_reg[14]/D
                            (rising edge-triggered cell FDRE clocked by clk_pl_0  {rise@0.000ns fall@5.156ns period=10.312ns})
  Path Group:             (none)
  Path Type:              Setup (Max at Slow Process Corner)
  Data Path Delay:        4.300ns  (logic 1.238ns (28.791%)  route 3.062ns (71.209%))
  Logic Levels:           4  (LUT6=4)
  Clock Path Skew:        1.979ns (DCD - SCD + CPR)
    Destination Clock Delay (DCD):    1.979ns
    Source Clock Delay      (SCD):    0.000ns
    Clock Pessimism Removal (CPR):    0.000ns
  Clock Uncertainty:      0.159ns  ((TSJ^2 + DJ^2)^1/2) / 2 + PE
    Total System Jitter     (TSJ):    0.071ns
    Discrete Jitter          (DJ):    0.310ns
    Phase Error              (PE):    0.000ns
  Clock Net Delay (Destination): 1.797ns (routing 0.423ns, distribution 1.374ns)
  Timing Exception:       False Path

    Location             Delay type                Incr(ns)  Path(ns)    Netlist Resource(s)
  -------------------------------------------------------------------    -------------------
                         (clock RFDAC1_CLK rise edge)
                                                      0.000     0.000 r  
    HSDAC_X0Y1           HSDAC                        0.000     0.000 r  work_pls_i/usp_rf_data_converter_0/inst/work_pls_usp_rf_data_converter_0_0_rf_wrapper_i/tx1_u_dac/INTERNAL_FBRC_MUX
  -------------------------------------------------------------------    -------------------
    HSDAC_X0Y1           HSDAC (Prop_HSDAC_INTERNAL_FBRC_MUX_STATUS_COMMON[14])
                                                      0.779     0.779 r  work_pls_i/usp_rf_data_converter_0/inst/work_pls_usp_rf_data_converter_0_0_rf_wrapper_i/tx1_u_dac/STATUS_COMMON[14]
                         net (fo=1, routed)           2.372     3.151    work_pls_i/usp_rf_data_converter_0/inst/i_axi_lite_ipif/I_SLAVE_ATTACHMENT/I_DECODER/dac1_common_stat[14]
    SLICE_X111Y102       LUT6 (Prop_H6LUT_SLICEL_I1_O)
                                                      0.124     3.275 r  work_pls_i/usp_rf_data_converter_0/inst/i_axi_lite_ipif/I_SLAVE_ATTACHMENT/I_DECODER/IP2Bus_Data[14]_i_26/O
                         net (fo=1, routed)           0.198     3.473    work_pls_i/usp_rf_data_converter_0/inst/i_axi_lite_ipif/I_SLAVE_ATTACHMENT/I_DECODER/IP2Bus_Data[14]_i_26_n_0
    SLICE_X111Y99        LUT6 (Prop_B6LUT_SLICEL_I1_O)
                                                      0.090     3.563 r  work_pls_i/usp_rf_data_converter_0/inst/i_axi_lite_ipif/I_SLAVE_ATTACHMENT/I_DECODER/IP2Bus_Data[14]_i_9/O
                         net (fo=1, routed)           0.149     3.712    work_pls_i/usp_rf_data_converter_0/inst/i_axi_lite_ipif/I_SLAVE_ATTACHMENT/I_DECODER/IP2Bus_Data[14]_i_9_n_0
    SLICE_X111Y101       LUT6 (Prop_G6LUT_SLICEL_I3_O)
                                                      0.123     3.835 r  work_pls_i/usp_rf_data_converter_0/inst/i_axi_lite_ipif/I_SLAVE_ATTACHMENT/I_DECODER/IP2Bus_Data[14]_i_2/O
                         net (fo=1, routed)           0.294     4.129    work_pls_i/usp_rf_data_converter_0/inst/i_axi_lite_ipif/I_SLAVE_ATTACHMENT/I_DECODER/IP2Bus_Data[14]_i_2_n_0
    SLICE_X114Y91        LUT6 (Prop_D6LUT_SLICEL_I0_O)
                                                      0.122     4.251 r  work_pls_i/usp_rf_data_converter_0/inst/i_axi_lite_ipif/I_SLAVE_ATTACHMENT/I_DECODER/IP2Bus_Data[14]_i_1/O
                         net (fo=1, routed)           0.049     4.300    work_pls_i/usp_rf_data_converter_0/inst/i_axi_lite_ipif_n_70
    SLICE_X114Y91        FDRE                                         r  work_pls_i/usp_rf_data_converter_0/inst/IP2Bus_Data_reg[14]/D
  -------------------------------------------------------------------    -------------------

                         (clock clk_pl_0 rise edge)
                                                      0.000     0.000 r  
    PS8_X0Y0             PS8                          0.000     0.000 r  work_pls_i/zynq_ultra_ps_e_0/U0/PS8_i/PLCLK[0]
                         net (fo=1, routed)           0.157     0.157    work_pls_i/zynq_ultra_ps_e_0/U0/pl_clk_unbuffered[0]
    BUFG_PS_X0Y58        BUFG_PS (Prop_BUFG_PS_I_O)
                                                      0.025     0.182 r  work_pls_i/zynq_ultra_ps_e_0/U0/buffer_pl_clk_0.PL_CLK_0_BUFG/O
    X2Y2 (CLOCK_ROOT)    net (fo=7597, routed)        1.797     1.979    work_pls_i/usp_rf_data_converter_0/inst/s_axi_aclk
    SLICE_X114Y91        FDRE                                         r  work_pls_i/usp_rf_data_converter_0/inst/IP2Bus_Data_reg[14]/C

Slack:                    inf
  Source:                 work_pls_i/usp_rf_data_converter_0/inst/work_pls_usp_rf_data_converter_0_0_rf_wrapper_i/tx1_u_dac/INTERNAL_FBRC_MUX
                            (rising edge-triggered cell HSDAC clocked by RFDAC1_CLK  {rise@0.000ns fall@5.000ns period=10.000ns})
  Destination:            work_pls_i/usp_rf_data_converter_0/inst/IP2Bus_Data_reg[13]/D
                            (rising edge-triggered cell FDRE clocked by clk_pl_0  {rise@0.000ns fall@5.156ns period=10.312ns})
  Path Group:             (none)
  Path Type:              Setup (Max at Slow Process Corner)
  Data Path Delay:        4.161ns  (logic 1.450ns (34.847%)  route 2.711ns (65.153%))
  Logic Levels:           5  (LUT4=1 LUT6=4)
  Clock Path Skew:        2.003ns (DCD - SCD + CPR)
    Destination Clock Delay (DCD):    2.003ns
    Source Clock Delay      (SCD):    0.000ns
    Clock Pessimism Removal (CPR):    0.000ns
  Clock Uncertainty:      0.159ns  ((TSJ^2 + DJ^2)^1/2) / 2 + PE
    Total System Jitter     (TSJ):    0.071ns
    Discrete Jitter          (DJ):    0.310ns
    Phase Error              (PE):    0.000ns
  Clock Net Delay (Destination): 1.821ns (routing 0.423ns, distribution 1.398ns)
  Timing Exception:       False Path

    Location             Delay type                Incr(ns)  Path(ns)    Netlist Resource(s)
  -------------------------------------------------------------------    -------------------
                         (clock RFDAC1_CLK rise edge)
                                                      0.000     0.000 r  
    HSDAC_X0Y1           HSDAC                        0.000     0.000 r  work_pls_i/usp_rf_data_converter_0/inst/work_pls_usp_rf_data_converter_0_0_rf_wrapper_i/tx1_u_dac/INTERNAL_FBRC_MUX
  -------------------------------------------------------------------    -------------------
    HSDAC_X0Y1           HSDAC (Prop_HSDAC_INTERNAL_FBRC_MUX_STATUS_COMMON[13])
                                                      1.059     1.059 r  work_pls_i/usp_rf_data_converter_0/inst/work_pls_usp_rf_data_converter_0_0_rf_wrapper_i/tx1_u_dac/STATUS_COMMON[13]
                         net (fo=1, routed)           2.180     3.239    work_pls_i/usp_rf_data_converter_0/inst/i_axi_lite_ipif/I_SLAVE_ATTACHMENT/I_DECODER/dac1_common_stat[13]
    SLICE_X111Y104       LUT6 (Prop_C6LUT_SLICEL_I5_O)
                                                      0.088     3.327 r  work_pls_i/usp_rf_data_converter_0/inst/i_axi_lite_ipif/I_SLAVE_ATTACHMENT/I_DECODER/IP2Bus_Data[13]_i_38/O
                         net (fo=1, routed)           0.089     3.416    work_pls_i/usp_rf_data_converter_0/inst/i_axi_lite_ipif/I_SLAVE_ATTACHMENT/I_DECODER/IP2Bus_Data[13]_i_38_n_0
    SLICE_X111Y104       LUT6 (Prop_H6LUT_SLICEL_I5_O)
                                                      0.090     3.506 f  work_pls_i/usp_rf_data_converter_0/inst/i_axi_lite_ipif/I_SLAVE_ATTACHMENT/I_DECODER/IP2Bus_Data[13]_i_23/O
                         net (fo=1, routed)           0.150     3.656    work_pls_i/usp_rf_data_converter_0/inst/i_axi_lite_ipif/I_SLAVE_ATTACHMENT/I_DECODER/IP2Bus_Data[13]_i_23_n_0
    SLICE_X113Y104       LUT6 (Prop_F6LUT_SLICEM_I1_O)
                                                      0.088     3.744 r  work_pls_i/usp_rf_data_converter_0/inst/i_axi_lite_ipif/I_SLAVE_ATTACHMENT/I_DECODER/IP2Bus_Data[13]_i_8/O
                         net (fo=1, routed)           0.132     3.876    work_pls_i/usp_rf_data_converter_0/inst/i_axi_lite_ipif/I_SLAVE_ATTACHMENT/I_DECODER/IP2Bus_Data[13]_i_8_n_0
    SLICE_X113Y101       LUT4 (Prop_E6LUT_SLICEM_I2_O)
                                                      0.037     3.913 r  work_pls_i/usp_rf_data_converter_0/inst/i_axi_lite_ipif/I_SLAVE_ATTACHMENT/I_DECODER/IP2Bus_Data[13]_i_2/O
                         net (fo=1, routed)           0.088     4.001    work_pls_i/usp_rf_data_converter_0/inst/i_axi_lite_ipif/I_SLAVE_ATTACHMENT/I_DECODER/IP2Bus_Data[13]_i_2_n_0
    SLICE_X113Y100       LUT6 (Prop_D6LUT_SLICEM_I0_O)
                                                      0.088     4.089 r  work_pls_i/usp_rf_data_converter_0/inst/i_axi_lite_ipif/I_SLAVE_ATTACHMENT/I_DECODER/IP2Bus_Data[13]_i_1/O
                         net (fo=1, routed)           0.072     4.161    work_pls_i/usp_rf_data_converter_0/inst/i_axi_lite_ipif_n_71
    SLICE_X113Y100       FDRE                                         r  work_pls_i/usp_rf_data_converter_0/inst/IP2Bus_Data_reg[13]/D
  -------------------------------------------------------------------    -------------------

                         (clock clk_pl_0 rise edge)
                                                      0.000     0.000 r  
    PS8_X0Y0             PS8                          0.000     0.000 r  work_pls_i/zynq_ultra_ps_e_0/U0/PS8_i/PLCLK[0]
                         net (fo=1, routed)           0.157     0.157    work_pls_i/zynq_ultra_ps_e_0/U0/pl_clk_unbuffered[0]
    BUFG_PS_X0Y58        BUFG_PS (Prop_BUFG_PS_I_O)
                                                      0.025     0.182 r  work_pls_i/zynq_ultra_ps_e_0/U0/buffer_pl_clk_0.PL_CLK_0_BUFG/O
    X2Y2 (CLOCK_ROOT)    net (fo=7597, routed)        1.821     2.003    work_pls_i/usp_rf_data_converter_0/inst/s_axi_aclk
    SLICE_X113Y100       FDRE                                         r  work_pls_i/usp_rf_data_converter_0/inst/IP2Bus_Data_reg[13]/C

Slack:                    inf
  Source:                 work_pls_i/usp_rf_data_converter_0/inst/work_pls_usp_rf_data_converter_0_0_rf_wrapper_i/tx1_u_dac/INTERNAL_FBRC_MUX
                            (rising edge-triggered cell HSDAC clocked by RFDAC1_CLK  {rise@0.000ns fall@5.000ns period=10.000ns})
  Destination:            work_pls_i/usp_rf_data_converter_0/inst/IP2Bus_Data_reg[10]/D
                            (rising edge-triggered cell FDRE clocked by clk_pl_0  {rise@0.000ns fall@5.156ns period=10.312ns})
  Path Group:             (none)
  Path Type:              Setup (Max at Slow Process Corner)
  Data Path Delay:        3.988ns  (logic 1.208ns (30.291%)  route 2.780ns (69.709%))
  Logic Levels:           4  (LUT4=1 LUT5=1 LUT6=2)
  Clock Path Skew:        1.990ns (DCD - SCD + CPR)
    Destination Clock Delay (DCD):    1.990ns
    Source Clock Delay      (SCD):    0.000ns
    Clock Pessimism Removal (CPR):    0.000ns
  Clock Uncertainty:      0.159ns  ((TSJ^2 + DJ^2)^1/2) / 2 + PE
    Total System Jitter     (TSJ):    0.071ns
    Discrete Jitter          (DJ):    0.310ns
    Phase Error              (PE):    0.000ns
  Clock Net Delay (Destination): 1.808ns (routing 0.423ns, distribution 1.385ns)
  Timing Exception:       False Path

    Location             Delay type                Incr(ns)  Path(ns)    Netlist Resource(s)
  -------------------------------------------------------------------    -------------------
                         (clock RFDAC1_CLK rise edge)
                                                      0.000     0.000 r  
    HSDAC_X0Y1           HSDAC                        0.000     0.000 r  work_pls_i/usp_rf_data_converter_0/inst/work_pls_usp_rf_data_converter_0_0_rf_wrapper_i/tx1_u_dac/INTERNAL_FBRC_MUX
  -------------------------------------------------------------------    -------------------
    HSDAC_X0Y1           HSDAC (Prop_HSDAC_INTERNAL_FBRC_MUX_STATUS_COMMON[10])
                                                      0.753     0.753 r  work_pls_i/usp_rf_data_converter_0/inst/work_pls_usp_rf_data_converter_0_0_rf_wrapper_i/tx1_u_dac/STATUS_COMMON[10]
                         net (fo=1, routed)           2.211     2.964    work_pls_i/usp_rf_data_converter_0/inst/i_axi_lite_ipif/I_SLAVE_ATTACHMENT/I_DECODER/dac1_common_stat[10]
    SLICE_X113Y100       LUT4 (Prop_H6LUT_SLICEM_I0_O)
                                                      0.152     3.116 f  work_pls_i/usp_rf_data_converter_0/inst/i_axi_lite_ipif/I_SLAVE_ATTACHMENT/I_DECODER/IP2Bus_Data[10]_i_18/O
                         net (fo=1, routed)           0.162     3.278    work_pls_i/usp_rf_data_converter_0/inst/i_axi_lite_ipif/I_SLAVE_ATTACHMENT/I_DECODER/IP2Bus_Data[10]_i_18_n_0
    SLICE_X110Y100       LUT5 (Prop_E6LUT_SLICEM_I1_O)
                                                      0.052     3.330 f  work_pls_i/usp_rf_data_converter_0/inst/i_axi_lite_ipif/I_SLAVE_ATTACHMENT/I_DECODER/IP2Bus_Data[10]_i_9/O
                         net (fo=1, routed)           0.240     3.570    work_pls_i/usp_rf_data_converter_0/inst/i_axi_lite_ipif/I_SLAVE_ATTACHMENT/I_DECODER/IP2Bus_Data[10]_i_9_n_0
    SLICE_X112Y101       LUT6 (Prop_H6LUT_SLICEM_I4_O)
                                                      0.152     3.722 r  work_pls_i/usp_rf_data_converter_0/inst/i_axi_lite_ipif/I_SLAVE_ATTACHMENT/I_DECODER/IP2Bus_Data[10]_i_3/O
                         net (fo=1, routed)           0.095     3.817    work_pls_i/usp_rf_data_converter_0/inst/i_axi_lite_ipif/I_SLAVE_ATTACHMENT/I_DECODER/IP2Bus_Data[10]_i_3_n_0
    SLICE_X112Y103       LUT6 (Prop_D6LUT_SLICEM_I1_O)
                                                      0.099     3.916 r  work_pls_i/usp_rf_data_converter_0/inst/i_axi_lite_ipif/I_SLAVE_ATTACHMENT/I_DECODER/IP2Bus_Data[10]_i_1/O
                         net (fo=1, routed)           0.072     3.988    work_pls_i/usp_rf_data_converter_0/inst/i_axi_lite_ipif_n_74
    SLICE_X112Y103       FDRE                                         r  work_pls_i/usp_rf_data_converter_0/inst/IP2Bus_Data_reg[10]/D
  -------------------------------------------------------------------    -------------------

                         (clock clk_pl_0 rise edge)
                                                      0.000     0.000 r  
    PS8_X0Y0             PS8                          0.000     0.000 r  work_pls_i/zynq_ultra_ps_e_0/U0/PS8_i/PLCLK[0]
                         net (fo=1, routed)           0.157     0.157    work_pls_i/zynq_ultra_ps_e_0/U0/pl_clk_unbuffered[0]
    BUFG_PS_X0Y58        BUFG_PS (Prop_BUFG_PS_I_O)
                                                      0.025     0.182 r  work_pls_i/zynq_ultra_ps_e_0/U0/buffer_pl_clk_0.PL_CLK_0_BUFG/O
    X2Y2 (CLOCK_ROOT)    net (fo=7597, routed)        1.808     1.990    work_pls_i/usp_rf_data_converter_0/inst/s_axi_aclk
    SLICE_X112Y103       FDRE                                         r  work_pls_i/usp_rf_data_converter_0/inst/IP2Bus_Data_reg[10]/C

Slack:                    inf
  Source:                 work_pls_i/usp_rf_data_converter_0/inst/work_pls_usp_rf_data_converter_0_0_rf_wrapper_i/tx1_u_dac/INTERNAL_FBRC_MUX
                            (rising edge-triggered cell HSDAC clocked by RFDAC1_CLK  {rise@0.000ns fall@5.000ns period=10.000ns})
  Destination:            work_pls_i/usp_rf_data_converter_0/inst/IP2Bus_Data_reg[8]/D
                            (rising edge-triggered cell FDRE clocked by clk_pl_0  {rise@0.000ns fall@5.156ns period=10.312ns})
  Path Group:             (none)
  Path Type:              Setup (Max at Slow Process Corner)
  Data Path Delay:        3.916ns  (logic 1.037ns (26.481%)  route 2.879ns (73.519%))
  Logic Levels:           4  (LUT5=1 LUT6=3)
  Clock Path Skew:        2.000ns (DCD - SCD + CPR)
    Destination Clock Delay (DCD):    2.000ns
    Source Clock Delay      (SCD):    0.000ns
    Clock Pessimism Removal (CPR):    0.000ns
  Clock Uncertainty:      0.159ns  ((TSJ^2 + DJ^2)^1/2) / 2 + PE
    Total System Jitter     (TSJ):    0.071ns
    Discrete Jitter          (DJ):    0.310ns
    Phase Error              (PE):    0.000ns
  Clock Net Delay (Destination): 1.818ns (routing 0.423ns, distribution 1.395ns)
  Timing Exception:       False Path

    Location             Delay type                Incr(ns)  Path(ns)    Netlist Resource(s)
  -------------------------------------------------------------------    -------------------
                         (clock RFDAC1_CLK rise edge)
                                                      0.000     0.000 r  
    HSDAC_X0Y1           HSDAC                        0.000     0.000 r  work_pls_i/usp_rf_data_converter_0/inst/work_pls_usp_rf_data_converter_0_0_rf_wrapper_i/tx1_u_dac/INTERNAL_FBRC_MUX
  -------------------------------------------------------------------    -------------------
    HSDAC_X0Y1           HSDAC (Prop_HSDAC_INTERNAL_FBRC_MUX_STATUS_COMMON[8])
                                                      0.731     0.731 r  work_pls_i/usp_rf_data_converter_0/inst/work_pls_usp_rf_data_converter_0_0_rf_wrapper_i/tx1_u_dac/STATUS_COMMON[8]
                         net (fo=1, routed)           2.159     2.890    work_pls_i/usp_rf_data_converter_0/inst/i_axi_lite_ipif/I_SLAVE_ATTACHMENT/I_DECODER/dac1_common_stat[8]
    SLICE_X111Y104       LUT5 (Prop_B6LUT_SLICEL_I4_O)
                                                      0.036     2.926 r  work_pls_i/usp_rf_data_converter_0/inst/i_axi_lite_ipif/I_SLAVE_ATTACHMENT/I_DECODER/IP2Bus_Data[8]_i_16/O
                         net (fo=1, routed)           0.045     2.971    work_pls_i/usp_rf_data_converter_0/inst/i_axi_lite_ipif/I_SLAVE_ATTACHMENT/I_DECODER/IP2Bus_Data[8]_i_16_n_0
    SLICE_X111Y104       LUT6 (Prop_G6LUT_SLICEL_I5_O)
                                                      0.097     3.068 f  work_pls_i/usp_rf_data_converter_0/inst/i_axi_lite_ipif/I_SLAVE_ATTACHMENT/I_DECODER/IP2Bus_Data[8]_i_9/O
                         net (fo=1, routed)           0.399     3.467    work_pls_i/usp_rf_data_converter_0/inst/i_axi_lite_ipif/I_SLAVE_ATTACHMENT/I_DECODER/IP2Bus_Data[8]_i_9_n_0
    SLICE_X113Y105       LUT6 (Prop_C6LUT_SLICEM_I4_O)
                                                      0.123     3.590 r  work_pls_i/usp_rf_data_converter_0/inst/i_axi_lite_ipif/I_SLAVE_ATTACHMENT/I_DECODER/IP2Bus_Data[8]_i_3/O
                         net (fo=1, routed)           0.227     3.817    work_pls_i/usp_rf_data_converter_0/inst/i_axi_lite_ipif/I_SLAVE_ATTACHMENT/I_DECODER/IP2Bus_Data[8]_i_3_n_0
    SLICE_X111Y105       LUT6 (Prop_D6LUT_SLICEL_I1_O)
                                                      0.050     3.867 r  work_pls_i/usp_rf_data_converter_0/inst/i_axi_lite_ipif/I_SLAVE_ATTACHMENT/I_DECODER/IP2Bus_Data[8]_i_1/O
                         net (fo=1, routed)           0.049     3.916    work_pls_i/usp_rf_data_converter_0/inst/i_axi_lite_ipif_n_76
    SLICE_X111Y105       FDRE                                         r  work_pls_i/usp_rf_data_converter_0/inst/IP2Bus_Data_reg[8]/D
  -------------------------------------------------------------------    -------------------

                         (clock clk_pl_0 rise edge)
                                                      0.000     0.000 r  
    PS8_X0Y0             PS8                          0.000     0.000 r  work_pls_i/zynq_ultra_ps_e_0/U0/PS8_i/PLCLK[0]
                         net (fo=1, routed)           0.157     0.157    work_pls_i/zynq_ultra_ps_e_0/U0/pl_clk_unbuffered[0]
    BUFG_PS_X0Y58        BUFG_PS (Prop_BUFG_PS_I_O)
                                                      0.025     0.182 r  work_pls_i/zynq_ultra_ps_e_0/U0/buffer_pl_clk_0.PL_CLK_0_BUFG/O
    X2Y2 (CLOCK_ROOT)    net (fo=7597, routed)        1.818     2.000    work_pls_i/usp_rf_data_converter_0/inst/s_axi_aclk
    SLICE_X111Y105       FDRE                                         r  work_pls_i/usp_rf_data_converter_0/inst/IP2Bus_Data_reg[8]/C

Slack:                    inf
  Source:                 work_pls_i/usp_rf_data_converter_0/inst/work_pls_usp_rf_data_converter_0_0_rf_wrapper_i/tx1_u_dac/INTERNAL_FBRC_MUX
                            (rising edge-triggered cell HSDAC clocked by RFDAC1_CLK  {rise@0.000ns fall@5.000ns period=10.000ns})
  Destination:            work_pls_i/usp_rf_data_converter_0/inst/IP2Bus_Data_reg[15]/D
                            (rising edge-triggered cell FDRE clocked by clk_pl_0  {rise@0.000ns fall@5.156ns period=10.312ns})
  Path Group:             (none)
  Path Type:              Setup (Max at Slow Process Corner)
  Data Path Delay:        3.821ns  (logic 1.154ns (30.202%)  route 2.667ns (69.798%))
  Logic Levels:           4  (LUT6=4)
  Clock Path Skew:        1.982ns (DCD - SCD + CPR)
    Destination Clock Delay (DCD):    1.982ns
    Source Clock Delay      (SCD):    0.000ns
    Clock Pessimism Removal (CPR):    0.000ns
  Clock Uncertainty:      0.159ns  ((TSJ^2 + DJ^2)^1/2) / 2 + PE
    Total System Jitter     (TSJ):    0.071ns
    Discrete Jitter          (DJ):    0.310ns
    Phase Error              (PE):    0.000ns
  Clock Net Delay (Destination): 1.800ns (routing 0.423ns, distribution 1.377ns)
  Timing Exception:       False Path

    Location             Delay type                Incr(ns)  Path(ns)    Netlist Resource(s)
  -------------------------------------------------------------------    -------------------
                         (clock RFDAC1_CLK rise edge)
                                                      0.000     0.000 r  
    HSDAC_X0Y1           HSDAC                        0.000     0.000 r  work_pls_i/usp_rf_data_converter_0/inst/work_pls_usp_rf_data_converter_0_0_rf_wrapper_i/tx1_u_dac/INTERNAL_FBRC_MUX
  -------------------------------------------------------------------    -------------------
    HSDAC_X0Y1           HSDAC (Prop_HSDAC_INTERNAL_FBRC_MUX_STATUS_COMMON[15])
                                                      0.840     0.840 r  work_pls_i/usp_rf_data_converter_0/inst/work_pls_usp_rf_data_converter_0_0_rf_wrapper_i/tx1_u_dac/STATUS_COMMON[15]
                         net (fo=1, routed)           2.109     2.949    work_pls_i/usp_rf_data_converter_0/inst/i_axi_lite_ipif/I_SLAVE_ATTACHMENT/I_DECODER/dac1_common_stat[15]
    SLICE_X112Y102       LUT6 (Prop_H6LUT_SLICEM_I1_O)
                                                      0.090     3.039 r  work_pls_i/usp_rf_data_converter_0/inst/i_axi_lite_ipif/I_SLAVE_ATTACHMENT/I_DECODER/IP2Bus_Data[15]_i_24/O
                         net (fo=1, routed)           0.154     3.193    work_pls_i/usp_rf_data_converter_0/inst/i_axi_lite_ipif/I_SLAVE_ATTACHMENT/I_DECODER/IP2Bus_Data[15]_i_24_n_0
    SLICE_X112Y101       LUT6 (Prop_C6LUT_SLICEM_I2_O)
                                                      0.037     3.230 r  work_pls_i/usp_rf_data_converter_0/inst/i_axi_lite_ipif/I_SLAVE_ATTACHMENT/I_DECODER/IP2Bus_Data[15]_i_8/O
                         net (fo=1, routed)           0.059     3.289    work_pls_i/usp_rf_data_converter_0/inst/i_axi_lite_ipif/I_SLAVE_ATTACHMENT/I_DECODER/IP2Bus_Data[15]_i_8_n_0
    SLICE_X112Y101       LUT6 (Prop_F6LUT_SLICEM_I2_O)
                                                      0.148     3.437 r  work_pls_i/usp_rf_data_converter_0/inst/i_axi_lite_ipif/I_SLAVE_ATTACHMENT/I_DECODER/IP2Bus_Data[15]_i_2/O
                         net (fo=1, routed)           0.287     3.724    work_pls_i/usp_rf_data_converter_0/inst/i_axi_lite_ipif/I_SLAVE_ATTACHMENT/I_DECODER/IP2Bus_Data[15]_i_2_n_0
    SLICE_X113Y91        LUT6 (Prop_H6LUT_SLICEM_I0_O)
                                                      0.039     3.763 r  work_pls_i/usp_rf_data_converter_0/inst/i_axi_lite_ipif/I_SLAVE_ATTACHMENT/I_DECODER/IP2Bus_Data[15]_i_1/O
                         net (fo=1, routed)           0.058     3.821    work_pls_i/usp_rf_data_converter_0/inst/i_axi_lite_ipif_n_69
    SLICE_X113Y91        FDRE                                         r  work_pls_i/usp_rf_data_converter_0/inst/IP2Bus_Data_reg[15]/D
  -------------------------------------------------------------------    -------------------

                         (clock clk_pl_0 rise edge)
                                                      0.000     0.000 r  
    PS8_X0Y0             PS8                          0.000     0.000 r  work_pls_i/zynq_ultra_ps_e_0/U0/PS8_i/PLCLK[0]
                         net (fo=1, routed)           0.157     0.157    work_pls_i/zynq_ultra_ps_e_0/U0/pl_clk_unbuffered[0]
    BUFG_PS_X0Y58        BUFG_PS (Prop_BUFG_PS_I_O)
                                                      0.025     0.182 r  work_pls_i/zynq_ultra_ps_e_0/U0/buffer_pl_clk_0.PL_CLK_0_BUFG/O
    X2Y2 (CLOCK_ROOT)    net (fo=7597, routed)        1.800     1.982    work_pls_i/usp_rf_data_converter_0/inst/s_axi_aclk
    SLICE_X113Y91        FDRE                                         r  work_pls_i/usp_rf_data_converter_0/inst/IP2Bus_Data_reg[15]/C

Slack:                    inf
  Source:                 work_pls_i/usp_rf_data_converter_0/inst/work_pls_usp_rf_data_converter_0_0_rf_wrapper_i/tx1_u_dac/INTERNAL_FBRC_MUX
                            (rising edge-triggered cell HSDAC clocked by RFDAC1_CLK  {rise@0.000ns fall@5.000ns period=10.000ns})
  Destination:            work_pls_i/usp_rf_data_converter_0/inst/IP2Bus_Data_reg[11]/D
                            (rising edge-triggered cell FDRE clocked by clk_pl_0  {rise@0.000ns fall@5.156ns period=10.312ns})
  Path Group:             (none)
  Path Type:              Setup (Max at Slow Process Corner)
  Data Path Delay:        3.785ns  (logic 1.099ns (29.036%)  route 2.686ns (70.964%))
  Logic Levels:           3  (LUT6=3)
  Clock Path Skew:        1.997ns (DCD - SCD + CPR)
    Destination Clock Delay (DCD):    1.997ns
    Source Clock Delay      (SCD):    0.000ns
    Clock Pessimism Removal (CPR):    0.000ns
  Clock Uncertainty:      0.159ns  ((TSJ^2 + DJ^2)^1/2) / 2 + PE
    Total System Jitter     (TSJ):    0.071ns
    Discrete Jitter          (DJ):    0.310ns
    Phase Error              (PE):    0.000ns
  Clock Net Delay (Destination): 1.815ns (routing 0.423ns, distribution 1.392ns)
  Timing Exception:       False Path

    Location             Delay type                Incr(ns)  Path(ns)    Netlist Resource(s)
  -------------------------------------------------------------------    -------------------
                         (clock RFDAC1_CLK rise edge)
                                                      0.000     0.000 r  
    HSDAC_X0Y1           HSDAC                        0.000     0.000 r  work_pls_i/usp_rf_data_converter_0/inst/work_pls_usp_rf_data_converter_0_0_rf_wrapper_i/tx1_u_dac/INTERNAL_FBRC_MUX
  -------------------------------------------------------------------    -------------------
    HSDAC_X0Y1           HSDAC (Prop_HSDAC_INTERNAL_FBRC_MUX_STATUS_COMMON[11])
                                                      0.753     0.753 r  work_pls_i/usp_rf_data_converter_0/inst/work_pls_usp_rf_data_converter_0_0_rf_wrapper_i/tx1_u_dac/STATUS_COMMON[11]
                         net (fo=1, routed)           2.491     3.244    work_pls_i/usp_rf_data_converter_0/inst/i_axi_lite_ipif/I_SLAVE_ATTACHMENT/I_DECODER/dac1_common_stat[11]
    SLICE_X113Y104       LUT6 (Prop_G6LUT_SLICEM_I0_O)
                                                      0.123     3.367 r  work_pls_i/usp_rf_data_converter_0/inst/i_axi_lite_ipif/I_SLAVE_ATTACHMENT/I_DECODER/IP2Bus_Data[11]_i_12/O
                         net (fo=1, routed)           0.092     3.459    work_pls_i/usp_rf_data_converter_0/inst/i_axi_lite_ipif/I_SLAVE_ATTACHMENT/I_DECODER/IP2Bus_Data[11]_i_12_n_0
    SLICE_X113Y105       LUT6 (Prop_D6LUT_SLICEM_I4_O)
                                                      0.122     3.581 r  work_pls_i/usp_rf_data_converter_0/inst/i_axi_lite_ipif/I_SLAVE_ATTACHMENT/I_DECODER/IP2Bus_Data[11]_i_3/O
                         net (fo=1, routed)           0.045     3.626    work_pls_i/usp_rf_data_converter_0/inst/i_axi_lite_ipif/I_SLAVE_ATTACHMENT/I_DECODER/IP2Bus_Data[11]_i_3_n_0
    SLICE_X113Y105       LUT6 (Prop_H6LUT_SLICEM_I1_O)
                                                      0.101     3.727 r  work_pls_i/usp_rf_data_converter_0/inst/i_axi_lite_ipif/I_SLAVE_ATTACHMENT/I_DECODER/IP2Bus_Data[11]_i_1/O
                         net (fo=1, routed)           0.058     3.785    work_pls_i/usp_rf_data_converter_0/inst/i_axi_lite_ipif_n_73
    SLICE_X113Y105       FDRE                                         r  work_pls_i/usp_rf_data_converter_0/inst/IP2Bus_Data_reg[11]/D
  -------------------------------------------------------------------    -------------------

                         (clock clk_pl_0 rise edge)
                                                      0.000     0.000 r  
    PS8_X0Y0             PS8                          0.000     0.000 r  work_pls_i/zynq_ultra_ps_e_0/U0/PS8_i/PLCLK[0]
                         net (fo=1, routed)           0.157     0.157    work_pls_i/zynq_ultra_ps_e_0/U0/pl_clk_unbuffered[0]
    BUFG_PS_X0Y58        BUFG_PS (Prop_BUFG_PS_I_O)
                                                      0.025     0.182 r  work_pls_i/zynq_ultra_ps_e_0/U0/buffer_pl_clk_0.PL_CLK_0_BUFG/O
    X2Y2 (CLOCK_ROOT)    net (fo=7597, routed)        1.815     1.997    work_pls_i/usp_rf_data_converter_0/inst/s_axi_aclk
    SLICE_X113Y105       FDRE                                         r  work_pls_i/usp_rf_data_converter_0/inst/IP2Bus_Data_reg[11]/C

Slack:                    inf
  Source:                 work_pls_i/usp_rf_data_converter_0/inst/work_pls_usp_rf_data_converter_0_0_rf_wrapper_i/tx1_u_dac/INTERNAL_FBRC_MUX
                            (rising edge-triggered cell HSDAC clocked by RFDAC1_CLK  {rise@0.000ns fall@5.000ns period=10.000ns})
  Destination:            work_pls_i/usp_rf_data_converter_0/inst/IP2Bus_Data_reg[12]/D
                            (rising edge-triggered cell FDRE clocked by clk_pl_0  {rise@0.000ns fall@5.156ns period=10.312ns})
  Path Group:             (none)
  Path Type:              Setup (Max at Slow Process Corner)
  Data Path Delay:        3.725ns  (logic 1.037ns (27.839%)  route 2.688ns (72.161%))
  Logic Levels:           4  (LUT5=1 LUT6=3)
  Clock Path Skew:        2.005ns (DCD - SCD + CPR)
    Destination Clock Delay (DCD):    2.005ns
    Source Clock Delay      (SCD):    0.000ns
    Clock Pessimism Removal (CPR):    0.000ns
  Clock Uncertainty:      0.159ns  ((TSJ^2 + DJ^2)^1/2) / 2 + PE
    Total System Jitter     (TSJ):    0.071ns
    Discrete Jitter          (DJ):    0.310ns
    Phase Error              (PE):    0.000ns
  Clock Net Delay (Destination): 1.823ns (routing 0.423ns, distribution 1.400ns)
  Timing Exception:       False Path

    Location             Delay type                Incr(ns)  Path(ns)    Netlist Resource(s)
  -------------------------------------------------------------------    -------------------
                         (clock RFDAC1_CLK rise edge)
                                                      0.000     0.000 r  
    HSDAC_X0Y1           HSDAC                        0.000     0.000 r  work_pls_i/usp_rf_data_converter_0/inst/work_pls_usp_rf_data_converter_0_0_rf_wrapper_i/tx1_u_dac/INTERNAL_FBRC_MUX
  -------------------------------------------------------------------    -------------------
    HSDAC_X0Y1           HSDAC (Prop_HSDAC_INTERNAL_FBRC_MUX_STATUS_COMMON[12])
                                                      0.759     0.759 r  work_pls_i/usp_rf_data_converter_0/inst/work_pls_usp_rf_data_converter_0_0_rf_wrapper_i/tx1_u_dac/STATUS_COMMON[12]
                         net (fo=1, routed)           2.168     2.927    work_pls_i/usp_rf_data_converter_0/inst/i_axi_lite_ipif/I_SLAVE_ATTACHMENT/I_DECODER/dac1_common_stat[12]
    SLICE_X111Y104       LUT5 (Prop_F6LUT_SLICEL_I4_O)
                                                      0.049     2.976 r  work_pls_i/usp_rf_data_converter_0/inst/i_axi_lite_ipif/I_SLAVE_ATTACHMENT/I_DECODER/IP2Bus_Data[12]_i_26/O
                         net (fo=1, routed)           0.088     3.064    work_pls_i/usp_rf_data_converter_0/inst/i_axi_lite_ipif/I_SLAVE_ATTACHMENT/I_DECODER/IP2Bus_Data[12]_i_26_n_0
    SLICE_X110Y104       LUT6 (Prop_H6LUT_SLICEM_I5_O)
                                                      0.053     3.117 f  work_pls_i/usp_rf_data_converter_0/inst/i_axi_lite_ipif/I_SLAVE_ATTACHMENT/I_DECODER/IP2Bus_Data[12]_i_10/O
                         net (fo=1, routed)           0.084     3.201    work_pls_i/usp_rf_data_converter_0/inst/i_axi_lite_ipif/I_SLAVE_ATTACHMENT/I_DECODER/IP2Bus_Data[12]_i_10_n_0
    SLICE_X110Y104       LUT6 (Prop_D6LUT_SLICEM_I2_O)
                                                      0.051     3.252 r  work_pls_i/usp_rf_data_converter_0/inst/i_axi_lite_ipif/I_SLAVE_ATTACHMENT/I_DECODER/IP2Bus_Data[12]_i_2/O
                         net (fo=1, routed)           0.290     3.542    work_pls_i/usp_rf_data_converter_0/inst/i_axi_lite_ipif/I_SLAVE_ATTACHMENT/I_DECODER/IP2Bus_Data[12]_i_2_n_0
    SLICE_X113Y103       LUT6 (Prop_H6LUT_SLICEM_I0_O)
                                                      0.125     3.667 r  work_pls_i/usp_rf_data_converter_0/inst/i_axi_lite_ipif/I_SLAVE_ATTACHMENT/I_DECODER/IP2Bus_Data[12]_i_1/O
                         net (fo=1, routed)           0.058     3.725    work_pls_i/usp_rf_data_converter_0/inst/i_axi_lite_ipif_n_72
    SLICE_X113Y103       FDRE                                         r  work_pls_i/usp_rf_data_converter_0/inst/IP2Bus_Data_reg[12]/D
  -------------------------------------------------------------------    -------------------

                         (clock clk_pl_0 rise edge)
                                                      0.000     0.000 r  
    PS8_X0Y0             PS8                          0.000     0.000 r  work_pls_i/zynq_ultra_ps_e_0/U0/PS8_i/PLCLK[0]
                         net (fo=1, routed)           0.157     0.157    work_pls_i/zynq_ultra_ps_e_0/U0/pl_clk_unbuffered[0]
    BUFG_PS_X0Y58        BUFG_PS (Prop_BUFG_PS_I_O)
                                                      0.025     0.182 r  work_pls_i/zynq_ultra_ps_e_0/U0/buffer_pl_clk_0.PL_CLK_0_BUFG/O
    X2Y2 (CLOCK_ROOT)    net (fo=7597, routed)        1.823     2.005    work_pls_i/usp_rf_data_converter_0/inst/s_axi_aclk
    SLICE_X113Y103       FDRE                                         r  work_pls_i/usp_rf_data_converter_0/inst/IP2Bus_Data_reg[12]/C

Slack:                    inf
  Source:                 work_pls_i/usp_rf_data_converter_0/inst/work_pls_usp_rf_data_converter_0_0_rf_wrapper_i/tx1_u_dac/INTERNAL_FBRC_MUX
                            (rising edge-triggered cell HSDAC clocked by RFDAC1_CLK  {rise@0.000ns fall@5.000ns period=10.000ns})
  Destination:            work_pls_i/usp_rf_data_converter_0/inst/IP2Bus_Data_reg[9]/D
                            (rising edge-triggered cell FDRE clocked by clk_pl_0  {rise@0.000ns fall@5.156ns period=10.312ns})
  Path Group:             (none)
  Path Type:              Setup (Max at Slow Process Corner)
  Data Path Delay:        3.546ns  (logic 1.045ns (29.470%)  route 2.501ns (70.530%))
  Logic Levels:           4  (LUT5=1 LUT6=3)
  Clock Path Skew:        2.006ns (DCD - SCD + CPR)
    Destination Clock Delay (DCD):    2.006ns
    Source Clock Delay      (SCD):    0.000ns
    Clock Pessimism Removal (CPR):    0.000ns
  Clock Uncertainty:      0.159ns  ((TSJ^2 + DJ^2)^1/2) / 2 + PE
    Total System Jitter     (TSJ):    0.071ns
    Discrete Jitter          (DJ):    0.310ns
    Phase Error              (PE):    0.000ns
  Clock Net Delay (Destination): 1.824ns (routing 0.423ns, distribution 1.401ns)
  Timing Exception:       False Path

    Location             Delay type                Incr(ns)  Path(ns)    Netlist Resource(s)
  -------------------------------------------------------------------    -------------------
                         (clock RFDAC1_CLK rise edge)
                                                      0.000     0.000 r  
    HSDAC_X0Y1           HSDAC                        0.000     0.000 r  work_pls_i/usp_rf_data_converter_0/inst/work_pls_usp_rf_data_converter_0_0_rf_wrapper_i/tx1_u_dac/INTERNAL_FBRC_MUX
  -------------------------------------------------------------------    -------------------
    HSDAC_X0Y1           HSDAC (Prop_HSDAC_INTERNAL_FBRC_MUX_STATUS_COMMON[9])
                                                      0.674     0.674 r  work_pls_i/usp_rf_data_converter_0/inst/work_pls_usp_rf_data_converter_0_0_rf_wrapper_i/tx1_u_dac/STATUS_COMMON[9]
                         net (fo=1, routed)           2.234     2.908    work_pls_i/usp_rf_data_converter_0/inst/i_axi_lite_ipif/I_SLAVE_ATTACHMENT/I_DECODER/dac1_common_stat[9]
    SLICE_X112Y104       LUT5 (Prop_C6LUT_SLICEM_I4_O)
                                                      0.098     3.006 r  work_pls_i/usp_rf_data_converter_0/inst/i_axi_lite_ipif/I_SLAVE_ATTACHMENT/I_DECODER/IP2Bus_Data[9]_i_19/O
                         net (fo=1, routed)           0.059     3.065    work_pls_i/usp_rf_data_converter_0/inst/i_axi_lite_ipif/I_SLAVE_ATTACHMENT/I_DECODER/IP2Bus_Data[9]_i_19_n_0
    SLICE_X112Y104       LUT6 (Prop_F6LUT_SLICEM_I5_O)
                                                      0.148     3.213 f  work_pls_i/usp_rf_data_converter_0/inst/i_axi_lite_ipif/I_SLAVE_ATTACHMENT/I_DECODER/IP2Bus_Data[9]_i_9/O
                         net (fo=1, routed)           0.040     3.253    work_pls_i/usp_rf_data_converter_0/inst/i_axi_lite_ipif/I_SLAVE_ATTACHMENT/I_DECODER/IP2Bus_Data[9]_i_9_n_0
    SLICE_X112Y104       LUT6 (Prop_G6LUT_SLICEM_I4_O)
                                                      0.037     3.290 r  work_pls_i/usp_rf_data_converter_0/inst/i_axi_lite_ipif/I_SLAVE_ATTACHMENT/I_DECODER/IP2Bus_Data[9]_i_3/O
                         net (fo=1, routed)           0.102     3.392    work_pls_i/usp_rf_data_converter_0/inst/i_axi_lite_ipif/I_SLAVE_ATTACHMENT/I_DECODER/IP2Bus_Data[9]_i_3_n_0
    SLICE_X113Y104       LUT6 (Prop_C6LUT_SLICEM_I1_O)
                                                      0.088     3.480 r  work_pls_i/usp_rf_data_converter_0/inst/i_axi_lite_ipif/I_SLAVE_ATTACHMENT/I_DECODER/IP2Bus_Data[9]_i_1/O
                         net (fo=1, routed)           0.066     3.546    work_pls_i/usp_rf_data_converter_0/inst/i_axi_lite_ipif_n_75
    SLICE_X113Y104       FDRE                                         r  work_pls_i/usp_rf_data_converter_0/inst/IP2Bus_Data_reg[9]/D
  -------------------------------------------------------------------    -------------------

                         (clock clk_pl_0 rise edge)
                                                      0.000     0.000 r  
    PS8_X0Y0             PS8                          0.000     0.000 r  work_pls_i/zynq_ultra_ps_e_0/U0/PS8_i/PLCLK[0]
                         net (fo=1, routed)           0.157     0.157    work_pls_i/zynq_ultra_ps_e_0/U0/pl_clk_unbuffered[0]
    BUFG_PS_X0Y58        BUFG_PS (Prop_BUFG_PS_I_O)
                                                      0.025     0.182 r  work_pls_i/zynq_ultra_ps_e_0/U0/buffer_pl_clk_0.PL_CLK_0_BUFG/O
    X2Y2 (CLOCK_ROOT)    net (fo=7597, routed)        1.824     2.006    work_pls_i/usp_rf_data_converter_0/inst/s_axi_aclk
    SLICE_X113Y104       FDRE                                         r  work_pls_i/usp_rf_data_converter_0/inst/IP2Bus_Data_reg[9]/C





Min Delay Paths
--------------------------------------------------------------------------------------
Slack:                    inf
  Source:                 work_pls_i/usp_rf_data_converter_0/inst/work_pls_usp_rf_data_converter_0_0_rf_wrapper_i/tx1_u_dac/INTERNAL_FBRC_MUX
                            (rising edge-triggered cell HSDAC clocked by RFDAC1_CLK  {rise@0.000ns fall@5.000ns period=10.000ns})
  Destination:            work_pls_i/usp_rf_data_converter_0/inst/IP2Bus_Data_reg[9]/D
                            (rising edge-triggered cell FDRE clocked by clk_pl_0  {rise@0.000ns fall@5.156ns period=10.312ns})
  Path Group:             (none)
  Path Type:              Hold (Min at Fast Process Corner)
  Data Path Delay:        1.745ns  (logic 0.486ns (27.851%)  route 1.259ns (72.149%))
  Logic Levels:           4  (LUT5=1 LUT6=3)
  Clock Path Skew:        1.418ns (DCD - SCD - CPR)
    Destination Clock Delay (DCD):    1.418ns
    Source Clock Delay      (SCD):    0.000ns
    Clock Pessimism Removal (CPR):    -0.000ns
  Clock Uncertainty:      0.159ns  ((TSJ^2 + DJ^2)^1/2) / 2 + PE
    Total System Jitter     (TSJ):    0.071ns
    Discrete Jitter          (DJ):    0.310ns
    Phase Error              (PE):    0.000ns
  Clock Net Delay (Destination): 1.271ns (routing 0.282ns, distribution 0.989ns)
  Timing Exception:       False Path

    Location             Delay type                Incr(ns)  Path(ns)    Netlist Resource(s)
  -------------------------------------------------------------------    -------------------
                         (clock RFDAC1_CLK rise edge)
                                                      0.000     0.000 r  
    HSDAC_X0Y1           HSDAC                        0.000     0.000 r  work_pls_i/usp_rf_data_converter_0/inst/work_pls_usp_rf_data_converter_0_0_rf_wrapper_i/tx1_u_dac/INTERNAL_FBRC_MUX
  -------------------------------------------------------------------    -------------------
    HSDAC_X0Y1           HSDAC (Prop_HSDAC_INTERNAL_FBRC_MUX_STATUS_COMMON[9])
                                                      0.338     0.338 r  work_pls_i/usp_rf_data_converter_0/inst/work_pls_usp_rf_data_converter_0_0_rf_wrapper_i/tx1_u_dac/STATUS_COMMON[9]
                         net (fo=1, routed)           1.127     1.465    work_pls_i/usp_rf_data_converter_0/inst/i_axi_lite_ipif/I_SLAVE_ATTACHMENT/I_DECODER/dac1_common_stat[9]
    SLICE_X112Y104       LUT5 (Prop_C6LUT_SLICEM_I4_O)
                                                      0.040     1.505 r  work_pls_i/usp_rf_data_converter_0/inst/i_axi_lite_ipif/I_SLAVE_ATTACHMENT/I_DECODER/IP2Bus_Data[9]_i_19/O
                         net (fo=1, routed)           0.031     1.536    work_pls_i/usp_rf_data_converter_0/inst/i_axi_lite_ipif/I_SLAVE_ATTACHMENT/I_DECODER/IP2Bus_Data[9]_i_19_n_0
    SLICE_X112Y104       LUT6 (Prop_F6LUT_SLICEM_I5_O)
                                                      0.059     1.595 f  work_pls_i/usp_rf_data_converter_0/inst/i_axi_lite_ipif/I_SLAVE_ATTACHMENT/I_DECODER/IP2Bus_Data[9]_i_9/O
                         net (fo=1, routed)           0.023     1.618    work_pls_i/usp_rf_data_converter_0/inst/i_axi_lite_ipif/I_SLAVE_ATTACHMENT/I_DECODER/IP2Bus_Data[9]_i_9_n_0
    SLICE_X112Y104       LUT6 (Prop_G6LUT_SLICEM_I4_O)
                                                      0.014     1.632 r  work_pls_i/usp_rf_data_converter_0/inst/i_axi_lite_ipif/I_SLAVE_ATTACHMENT/I_DECODER/IP2Bus_Data[9]_i_3/O
                         net (fo=1, routed)           0.054     1.686    work_pls_i/usp_rf_data_converter_0/inst/i_axi_lite_ipif/I_SLAVE_ATTACHMENT/I_DECODER/IP2Bus_Data[9]_i_3_n_0
    SLICE_X113Y104       LUT6 (Prop_C6LUT_SLICEM_I1_O)
                                                      0.035     1.721 r  work_pls_i/usp_rf_data_converter_0/inst/i_axi_lite_ipif/I_SLAVE_ATTACHMENT/I_DECODER/IP2Bus_Data[9]_i_1/O
                         net (fo=1, routed)           0.024     1.745    work_pls_i/usp_rf_data_converter_0/inst/i_axi_lite_ipif_n_75
    SLICE_X113Y104       FDRE                                         r  work_pls_i/usp_rf_data_converter_0/inst/IP2Bus_Data_reg[9]/D
  -------------------------------------------------------------------    -------------------

                         (clock clk_pl_0 rise edge)
                                                      0.000     0.000 r  
    PS8_X0Y0             PS8                          0.000     0.000 r  work_pls_i/zynq_ultra_ps_e_0/U0/PS8_i/PLCLK[0]
                         net (fo=1, routed)           0.129     0.129    work_pls_i/zynq_ultra_ps_e_0/U0/pl_clk_unbuffered[0]
    BUFG_PS_X0Y58        BUFG_PS (Prop_BUFG_PS_I_O)
                                                      0.018     0.147 r  work_pls_i/zynq_ultra_ps_e_0/U0/buffer_pl_clk_0.PL_CLK_0_BUFG/O
    X2Y2 (CLOCK_ROOT)    net (fo=7597, routed)        1.271     1.418    work_pls_i/usp_rf_data_converter_0/inst/s_axi_aclk
    SLICE_X113Y104       FDRE                                         r  work_pls_i/usp_rf_data_converter_0/inst/IP2Bus_Data_reg[9]/C

Slack:                    inf
  Source:                 work_pls_i/usp_rf_data_converter_0/inst/work_pls_usp_rf_data_converter_0_0_rf_wrapper_i/tx1_u_dac/INTERNAL_FBRC_MUX
                            (rising edge-triggered cell HSDAC clocked by RFDAC1_CLK  {rise@0.000ns fall@5.000ns period=10.000ns})
  Destination:            work_pls_i/usp_rf_data_converter_0/inst/IP2Bus_Data_reg[12]/D
                            (rising edge-triggered cell FDRE clocked by clk_pl_0  {rise@0.000ns fall@5.156ns period=10.312ns})
  Path Group:             (none)
  Path Type:              Hold (Min at Fast Process Corner)
  Data Path Delay:        1.830ns  (logic 0.504ns (27.541%)  route 1.326ns (72.459%))
  Logic Levels:           4  (LUT5=1 LUT6=3)
  Clock Path Skew:        1.415ns (DCD - SCD - CPR)
    Destination Clock Delay (DCD):    1.415ns
    Source Clock Delay      (SCD):    0.000ns
    Clock Pessimism Removal (CPR):    -0.000ns
  Clock Uncertainty:      0.159ns  ((TSJ^2 + DJ^2)^1/2) / 2 + PE
    Total System Jitter     (TSJ):    0.071ns
    Discrete Jitter          (DJ):    0.310ns
    Phase Error              (PE):    0.000ns
  Clock Net Delay (Destination): 1.268ns (routing 0.282ns, distribution 0.986ns)
  Timing Exception:       False Path

    Location             Delay type                Incr(ns)  Path(ns)    Netlist Resource(s)
  -------------------------------------------------------------------    -------------------
                         (clock RFDAC1_CLK rise edge)
                                                      0.000     0.000 r  
    HSDAC_X0Y1           HSDAC                        0.000     0.000 r  work_pls_i/usp_rf_data_converter_0/inst/work_pls_usp_rf_data_converter_0_0_rf_wrapper_i/tx1_u_dac/INTERNAL_FBRC_MUX
  -------------------------------------------------------------------    -------------------
    HSDAC_X0Y1           HSDAC (Prop_HSDAC_INTERNAL_FBRC_MUX_STATUS_COMMON[12])
                                                      0.386     0.386 r  work_pls_i/usp_rf_data_converter_0/inst/work_pls_usp_rf_data_converter_0_0_rf_wrapper_i/tx1_u_dac/STATUS_COMMON[12]
                         net (fo=1, routed)           1.093     1.479    work_pls_i/usp_rf_data_converter_0/inst/i_axi_lite_ipif/I_SLAVE_ATTACHMENT/I_DECODER/dac1_common_stat[12]
    SLICE_X111Y104       LUT5 (Prop_F6LUT_SLICEL_I4_O)
                                                      0.022     1.501 r  work_pls_i/usp_rf_data_converter_0/inst/i_axi_lite_ipif/I_SLAVE_ATTACHMENT/I_DECODER/IP2Bus_Data[12]_i_26/O
                         net (fo=1, routed)           0.046     1.547    work_pls_i/usp_rf_data_converter_0/inst/i_axi_lite_ipif/I_SLAVE_ATTACHMENT/I_DECODER/IP2Bus_Data[12]_i_26_n_0
    SLICE_X110Y104       LUT6 (Prop_H6LUT_SLICEM_I5_O)
                                                      0.023     1.570 f  work_pls_i/usp_rf_data_converter_0/inst/i_axi_lite_ipif/I_SLAVE_ATTACHMENT/I_DECODER/IP2Bus_Data[12]_i_10/O
                         net (fo=1, routed)           0.042     1.612    work_pls_i/usp_rf_data_converter_0/inst/i_axi_lite_ipif/I_SLAVE_ATTACHMENT/I_DECODER/IP2Bus_Data[12]_i_10_n_0
    SLICE_X110Y104       LUT6 (Prop_D6LUT_SLICEM_I2_O)
                                                      0.022     1.634 r  work_pls_i/usp_rf_data_converter_0/inst/i_axi_lite_ipif/I_SLAVE_ATTACHMENT/I_DECODER/IP2Bus_Data[12]_i_2/O
                         net (fo=1, routed)           0.124     1.758    work_pls_i/usp_rf_data_converter_0/inst/i_axi_lite_ipif/I_SLAVE_ATTACHMENT/I_DECODER/IP2Bus_Data[12]_i_2_n_0
    SLICE_X113Y103       LUT6 (Prop_H6LUT_SLICEM_I0_O)
                                                      0.051     1.809 r  work_pls_i/usp_rf_data_converter_0/inst/i_axi_lite_ipif/I_SLAVE_ATTACHMENT/I_DECODER/IP2Bus_Data[12]_i_1/O
                         net (fo=1, routed)           0.021     1.830    work_pls_i/usp_rf_data_converter_0/inst/i_axi_lite_ipif_n_72
    SLICE_X113Y103       FDRE                                         r  work_pls_i/usp_rf_data_converter_0/inst/IP2Bus_Data_reg[12]/D
  -------------------------------------------------------------------    -------------------

                         (clock clk_pl_0 rise edge)
                                                      0.000     0.000 r  
    PS8_X0Y0             PS8                          0.000     0.000 r  work_pls_i/zynq_ultra_ps_e_0/U0/PS8_i/PLCLK[0]
                         net (fo=1, routed)           0.129     0.129    work_pls_i/zynq_ultra_ps_e_0/U0/pl_clk_unbuffered[0]
    BUFG_PS_X0Y58        BUFG_PS (Prop_BUFG_PS_I_O)
                                                      0.018     0.147 r  work_pls_i/zynq_ultra_ps_e_0/U0/buffer_pl_clk_0.PL_CLK_0_BUFG/O
    X2Y2 (CLOCK_ROOT)    net (fo=7597, routed)        1.268     1.415    work_pls_i/usp_rf_data_converter_0/inst/s_axi_aclk
    SLICE_X113Y103       FDRE                                         r  work_pls_i/usp_rf_data_converter_0/inst/IP2Bus_Data_reg[12]/C

Slack:                    inf
  Source:                 work_pls_i/usp_rf_data_converter_0/inst/work_pls_usp_rf_data_converter_0_0_rf_wrapper_i/tx1_u_dac/INTERNAL_FBRC_MUX
                            (rising edge-triggered cell HSDAC clocked by RFDAC1_CLK  {rise@0.000ns fall@5.000ns period=10.000ns})
  Destination:            work_pls_i/usp_rf_data_converter_0/inst/IP2Bus_Data_reg[11]/D
                            (rising edge-triggered cell FDRE clocked by clk_pl_0  {rise@0.000ns fall@5.156ns period=10.312ns})
  Path Group:             (none)
  Path Type:              Hold (Min at Fast Process Corner)
  Data Path Delay:        1.866ns  (logic 0.508ns (27.224%)  route 1.358ns (72.776%))
  Logic Levels:           3  (LUT6=3)
  Clock Path Skew:        1.407ns (DCD - SCD - CPR)
    Destination Clock Delay (DCD):    1.407ns
    Source Clock Delay      (SCD):    0.000ns
    Clock Pessimism Removal (CPR):    -0.000ns
  Clock Uncertainty:      0.159ns  ((TSJ^2 + DJ^2)^1/2) / 2 + PE
    Total System Jitter     (TSJ):    0.071ns
    Discrete Jitter          (DJ):    0.310ns
    Phase Error              (PE):    0.000ns
  Clock Net Delay (Destination): 1.260ns (routing 0.282ns, distribution 0.978ns)
  Timing Exception:       False Path

    Location             Delay type                Incr(ns)  Path(ns)    Netlist Resource(s)
  -------------------------------------------------------------------    -------------------
                         (clock RFDAC1_CLK rise edge)
                                                      0.000     0.000 r  
    HSDAC_X0Y1           HSDAC                        0.000     0.000 r  work_pls_i/usp_rf_data_converter_0/inst/work_pls_usp_rf_data_converter_0_0_rf_wrapper_i/tx1_u_dac/INTERNAL_FBRC_MUX
  -------------------------------------------------------------------    -------------------
    HSDAC_X0Y1           HSDAC (Prop_HSDAC_INTERNAL_FBRC_MUX_STATUS_COMMON[11])
                                                      0.367     0.367 r  work_pls_i/usp_rf_data_converter_0/inst/work_pls_usp_rf_data_converter_0_0_rf_wrapper_i/tx1_u_dac/STATUS_COMMON[11]
                         net (fo=1, routed)           1.262     1.629    work_pls_i/usp_rf_data_converter_0/inst/i_axi_lite_ipif/I_SLAVE_ATTACHMENT/I_DECODER/dac1_common_stat[11]
    SLICE_X113Y104       LUT6 (Prop_G6LUT_SLICEM_I0_O)
                                                      0.050     1.679 r  work_pls_i/usp_rf_data_converter_0/inst/i_axi_lite_ipif/I_SLAVE_ATTACHMENT/I_DECODER/IP2Bus_Data[11]_i_12/O
                         net (fo=1, routed)           0.050     1.729    work_pls_i/usp_rf_data_converter_0/inst/i_axi_lite_ipif/I_SLAVE_ATTACHMENT/I_DECODER/IP2Bus_Data[11]_i_12_n_0
    SLICE_X113Y105       LUT6 (Prop_D6LUT_SLICEM_I4_O)
                                                      0.050     1.779 r  work_pls_i/usp_rf_data_converter_0/inst/i_axi_lite_ipif/I_SLAVE_ATTACHMENT/I_DECODER/IP2Bus_Data[11]_i_3/O
                         net (fo=1, routed)           0.025     1.804    work_pls_i/usp_rf_data_converter_0/inst/i_axi_lite_ipif/I_SLAVE_ATTACHMENT/I_DECODER/IP2Bus_Data[11]_i_3_n_0
    SLICE_X113Y105       LUT6 (Prop_H6LUT_SLICEM_I1_O)
                                                      0.041     1.845 r  work_pls_i/usp_rf_data_converter_0/inst/i_axi_lite_ipif/I_SLAVE_ATTACHMENT/I_DECODER/IP2Bus_Data[11]_i_1/O
                         net (fo=1, routed)           0.021     1.866    work_pls_i/usp_rf_data_converter_0/inst/i_axi_lite_ipif_n_73
    SLICE_X113Y105       FDRE                                         r  work_pls_i/usp_rf_data_converter_0/inst/IP2Bus_Data_reg[11]/D
  -------------------------------------------------------------------    -------------------

                         (clock clk_pl_0 rise edge)
                                                      0.000     0.000 r  
    PS8_X0Y0             PS8                          0.000     0.000 r  work_pls_i/zynq_ultra_ps_e_0/U0/PS8_i/PLCLK[0]
                         net (fo=1, routed)           0.129     0.129    work_pls_i/zynq_ultra_ps_e_0/U0/pl_clk_unbuffered[0]
    BUFG_PS_X0Y58        BUFG_PS (Prop_BUFG_PS_I_O)
                                                      0.018     0.147 r  work_pls_i/zynq_ultra_ps_e_0/U0/buffer_pl_clk_0.PL_CLK_0_BUFG/O
    X2Y2 (CLOCK_ROOT)    net (fo=7597, routed)        1.260     1.407    work_pls_i/usp_rf_data_converter_0/inst/s_axi_aclk
    SLICE_X113Y105       FDRE                                         r  work_pls_i/usp_rf_data_converter_0/inst/IP2Bus_Data_reg[11]/C

Slack:                    inf
  Source:                 work_pls_i/usp_rf_data_converter_0/inst/work_pls_usp_rf_data_converter_0_0_rf_wrapper_i/tx1_u_dac/INTERNAL_FBRC_MUX
                            (rising edge-triggered cell HSDAC clocked by RFDAC1_CLK  {rise@0.000ns fall@5.000ns period=10.000ns})
  Destination:            work_pls_i/usp_rf_data_converter_0/inst/IP2Bus_Data_reg[15]/D
                            (rising edge-triggered cell FDRE clocked by clk_pl_0  {rise@0.000ns fall@5.156ns period=10.312ns})
  Path Group:             (none)
  Path Type:              Hold (Min at Fast Process Corner)
  Data Path Delay:        1.881ns  (logic 0.536ns (28.495%)  route 1.345ns (71.505%))
  Logic Levels:           4  (LUT6=4)
  Clock Path Skew:        1.398ns (DCD - SCD - CPR)
    Destination Clock Delay (DCD):    1.398ns
    Source Clock Delay      (SCD):    0.000ns
    Clock Pessimism Removal (CPR):    -0.000ns
  Clock Uncertainty:      0.159ns  ((TSJ^2 + DJ^2)^1/2) / 2 + PE
    Total System Jitter     (TSJ):    0.071ns
    Discrete Jitter          (DJ):    0.310ns
    Phase Error              (PE):    0.000ns
  Clock Net Delay (Destination): 1.251ns (routing 0.282ns, distribution 0.969ns)
  Timing Exception:       False Path

    Location             Delay type                Incr(ns)  Path(ns)    Netlist Resource(s)
  -------------------------------------------------------------------    -------------------
                         (clock RFDAC1_CLK rise edge)
                                                      0.000     0.000 r  
    HSDAC_X0Y1           HSDAC                        0.000     0.000 r  work_pls_i/usp_rf_data_converter_0/inst/work_pls_usp_rf_data_converter_0_0_rf_wrapper_i/tx1_u_dac/INTERNAL_FBRC_MUX
  -------------------------------------------------------------------    -------------------
    HSDAC_X0Y1           HSDAC (Prop_HSDAC_INTERNAL_FBRC_MUX_STATUS_COMMON[15])
                                                      0.413     0.413 r  work_pls_i/usp_rf_data_converter_0/inst/work_pls_usp_rf_data_converter_0_0_rf_wrapper_i/tx1_u_dac/STATUS_COMMON[15]
                         net (fo=1, routed)           1.067     1.480    work_pls_i/usp_rf_data_converter_0/inst/i_axi_lite_ipif/I_SLAVE_ATTACHMENT/I_DECODER/dac1_common_stat[15]
    SLICE_X112Y102       LUT6 (Prop_H6LUT_SLICEM_I1_O)
                                                      0.035     1.515 r  work_pls_i/usp_rf_data_converter_0/inst/i_axi_lite_ipif/I_SLAVE_ATTACHMENT/I_DECODER/IP2Bus_Data[15]_i_24/O
                         net (fo=1, routed)           0.077     1.592    work_pls_i/usp_rf_data_converter_0/inst/i_axi_lite_ipif/I_SLAVE_ATTACHMENT/I_DECODER/IP2Bus_Data[15]_i_24_n_0
    SLICE_X112Y101       LUT6 (Prop_C6LUT_SLICEM_I2_O)
                                                      0.014     1.606 r  work_pls_i/usp_rf_data_converter_0/inst/i_axi_lite_ipif/I_SLAVE_ATTACHMENT/I_DECODER/IP2Bus_Data[15]_i_8/O
                         net (fo=1, routed)           0.031     1.637    work_pls_i/usp_rf_data_converter_0/inst/i_axi_lite_ipif/I_SLAVE_ATTACHMENT/I_DECODER/IP2Bus_Data[15]_i_8_n_0
    SLICE_X112Y101       LUT6 (Prop_F6LUT_SLICEM_I2_O)
                                                      0.059     1.696 r  work_pls_i/usp_rf_data_converter_0/inst/i_axi_lite_ipif/I_SLAVE_ATTACHMENT/I_DECODER/IP2Bus_Data[15]_i_2/O
                         net (fo=1, routed)           0.149     1.845    work_pls_i/usp_rf_data_converter_0/inst/i_axi_lite_ipif/I_SLAVE_ATTACHMENT/I_DECODER/IP2Bus_Data[15]_i_2_n_0
    SLICE_X113Y91        LUT6 (Prop_H6LUT_SLICEM_I0_O)
                                                      0.015     1.860 r  work_pls_i/usp_rf_data_converter_0/inst/i_axi_lite_ipif/I_SLAVE_ATTACHMENT/I_DECODER/IP2Bus_Data[15]_i_1/O
                         net (fo=1, routed)           0.021     1.881    work_pls_i/usp_rf_data_converter_0/inst/i_axi_lite_ipif_n_69
    SLICE_X113Y91        FDRE                                         r  work_pls_i/usp_rf_data_converter_0/inst/IP2Bus_Data_reg[15]/D
  -------------------------------------------------------------------    -------------------

                         (clock clk_pl_0 rise edge)
                                                      0.000     0.000 r  
    PS8_X0Y0             PS8                          0.000     0.000 r  work_pls_i/zynq_ultra_ps_e_0/U0/PS8_i/PLCLK[0]
                         net (fo=1, routed)           0.129     0.129    work_pls_i/zynq_ultra_ps_e_0/U0/pl_clk_unbuffered[0]
    BUFG_PS_X0Y58        BUFG_PS (Prop_BUFG_PS_I_O)
                                                      0.018     0.147 r  work_pls_i/zynq_ultra_ps_e_0/U0/buffer_pl_clk_0.PL_CLK_0_BUFG/O
    X2Y2 (CLOCK_ROOT)    net (fo=7597, routed)        1.251     1.398    work_pls_i/usp_rf_data_converter_0/inst/s_axi_aclk
    SLICE_X113Y91        FDRE                                         r  work_pls_i/usp_rf_data_converter_0/inst/IP2Bus_Data_reg[15]/C

Slack:                    inf
  Source:                 work_pls_i/usp_rf_data_converter_0/inst/work_pls_usp_rf_data_converter_0_0_rf_wrapper_i/tx1_u_dac/INTERNAL_FBRC_MUX
                            (rising edge-triggered cell HSDAC clocked by RFDAC1_CLK  {rise@0.000ns fall@5.000ns period=10.000ns})
  Destination:            work_pls_i/usp_rf_data_converter_0/inst/IP2Bus_Data_reg[8]/D
                            (rising edge-triggered cell FDRE clocked by clk_pl_0  {rise@0.000ns fall@5.156ns period=10.312ns})
  Path Group:             (none)
  Path Type:              Hold (Min at Fast Process Corner)
  Data Path Delay:        1.945ns  (logic 0.509ns (26.170%)  route 1.436ns (73.830%))
  Logic Levels:           4  (LUT5=1 LUT6=3)
  Clock Path Skew:        1.411ns (DCD - SCD - CPR)
    Destination Clock Delay (DCD):    1.411ns
    Source Clock Delay      (SCD):    0.000ns
    Clock Pessimism Removal (CPR):    -0.000ns
  Clock Uncertainty:      0.159ns  ((TSJ^2 + DJ^2)^1/2) / 2 + PE
    Total System Jitter     (TSJ):    0.071ns
    Discrete Jitter          (DJ):    0.310ns
    Phase Error              (PE):    0.000ns
  Clock Net Delay (Destination): 1.264ns (routing 0.282ns, distribution 0.982ns)
  Timing Exception:       False Path

    Location             Delay type                Incr(ns)  Path(ns)    Netlist Resource(s)
  -------------------------------------------------------------------    -------------------
                         (clock RFDAC1_CLK rise edge)
                                                      0.000     0.000 r  
    HSDAC_X0Y1           HSDAC                        0.000     0.000 r  work_pls_i/usp_rf_data_converter_0/inst/work_pls_usp_rf_data_converter_0_0_rf_wrapper_i/tx1_u_dac/INTERNAL_FBRC_MUX
  -------------------------------------------------------------------    -------------------
    HSDAC_X0Y1           HSDAC (Prop_HSDAC_INTERNAL_FBRC_MUX_STATUS_COMMON[8])
                                                      0.382     0.382 r  work_pls_i/usp_rf_data_converter_0/inst/work_pls_usp_rf_data_converter_0_0_rf_wrapper_i/tx1_u_dac/STATUS_COMMON[8]
                         net (fo=1, routed)           1.097     1.479    work_pls_i/usp_rf_data_converter_0/inst/i_axi_lite_ipif/I_SLAVE_ATTACHMENT/I_DECODER/dac1_common_stat[8]
    SLICE_X111Y104       LUT5 (Prop_B6LUT_SLICEL_I4_O)
                                                      0.015     1.494 r  work_pls_i/usp_rf_data_converter_0/inst/i_axi_lite_ipif/I_SLAVE_ATTACHMENT/I_DECODER/IP2Bus_Data[8]_i_16/O
                         net (fo=1, routed)           0.025     1.519    work_pls_i/usp_rf_data_converter_0/inst/i_axi_lite_ipif/I_SLAVE_ATTACHMENT/I_DECODER/IP2Bus_Data[8]_i_16_n_0
    SLICE_X111Y104       LUT6 (Prop_G6LUT_SLICEL_I5_O)
                                                      0.040     1.559 f  work_pls_i/usp_rf_data_converter_0/inst/i_axi_lite_ipif/I_SLAVE_ATTACHMENT/I_DECODER/IP2Bus_Data[8]_i_9/O
                         net (fo=1, routed)           0.203     1.762    work_pls_i/usp_rf_data_converter_0/inst/i_axi_lite_ipif/I_SLAVE_ATTACHMENT/I_DECODER/IP2Bus_Data[8]_i_9_n_0
    SLICE_X113Y105       LUT6 (Prop_C6LUT_SLICEM_I4_O)
                                                      0.050     1.812 r  work_pls_i/usp_rf_data_converter_0/inst/i_axi_lite_ipif/I_SLAVE_ATTACHMENT/I_DECODER/IP2Bus_Data[8]_i_3/O
                         net (fo=1, routed)           0.095     1.907    work_pls_i/usp_rf_data_converter_0/inst/i_axi_lite_ipif/I_SLAVE_ATTACHMENT/I_DECODER/IP2Bus_Data[8]_i_3_n_0
    SLICE_X111Y105       LUT6 (Prop_D6LUT_SLICEL_I1_O)
                                                      0.022     1.929 r  work_pls_i/usp_rf_data_converter_0/inst/i_axi_lite_ipif/I_SLAVE_ATTACHMENT/I_DECODER/IP2Bus_Data[8]_i_1/O
                         net (fo=1, routed)           0.016     1.945    work_pls_i/usp_rf_data_converter_0/inst/i_axi_lite_ipif_n_76
    SLICE_X111Y105       FDRE                                         r  work_pls_i/usp_rf_data_converter_0/inst/IP2Bus_Data_reg[8]/D
  -------------------------------------------------------------------    -------------------

                         (clock clk_pl_0 rise edge)
                                                      0.000     0.000 r  
    PS8_X0Y0             PS8                          0.000     0.000 r  work_pls_i/zynq_ultra_ps_e_0/U0/PS8_i/PLCLK[0]
                         net (fo=1, routed)           0.129     0.129    work_pls_i/zynq_ultra_ps_e_0/U0/pl_clk_unbuffered[0]
    BUFG_PS_X0Y58        BUFG_PS (Prop_BUFG_PS_I_O)
                                                      0.018     0.147 r  work_pls_i/zynq_ultra_ps_e_0/U0/buffer_pl_clk_0.PL_CLK_0_BUFG/O
    X2Y2 (CLOCK_ROOT)    net (fo=7597, routed)        1.264     1.411    work_pls_i/usp_rf_data_converter_0/inst/s_axi_aclk
    SLICE_X111Y105       FDRE                                         r  work_pls_i/usp_rf_data_converter_0/inst/IP2Bus_Data_reg[8]/C

Slack:                    inf
  Source:                 work_pls_i/usp_rf_data_converter_0/inst/work_pls_usp_rf_data_converter_0_0_rf_wrapper_i/tx1_u_dac/INTERNAL_FBRC_MUX
                            (rising edge-triggered cell HSDAC clocked by RFDAC1_CLK  {rise@0.000ns fall@5.000ns period=10.000ns})
  Destination:            work_pls_i/usp_rf_data_converter_0/inst/IP2Bus_Data_reg[10]/D
                            (rising edge-triggered cell FDRE clocked by clk_pl_0  {rise@0.000ns fall@5.156ns period=10.312ns})
  Path Group:             (none)
  Path Type:              Hold (Min at Fast Process Corner)
  Data Path Delay:        1.951ns  (logic 0.560ns (28.703%)  route 1.391ns (71.297%))
  Logic Levels:           4  (LUT4=1 LUT5=1 LUT6=2)
  Clock Path Skew:        1.403ns (DCD - SCD - CPR)
    Destination Clock Delay (DCD):    1.403ns
    Source Clock Delay      (SCD):    0.000ns
    Clock Pessimism Removal (CPR):    -0.000ns
  Clock Uncertainty:      0.159ns  ((TSJ^2 + DJ^2)^1/2) / 2 + PE
    Total System Jitter     (TSJ):    0.071ns
    Discrete Jitter          (DJ):    0.310ns
    Phase Error              (PE):    0.000ns
  Clock Net Delay (Destination): 1.256ns (routing 0.282ns, distribution 0.974ns)
  Timing Exception:       False Path

    Location             Delay type                Incr(ns)  Path(ns)    Netlist Resource(s)
  -------------------------------------------------------------------    -------------------
                         (clock RFDAC1_CLK rise edge)
                                                      0.000     0.000 r  
    HSDAC_X0Y1           HSDAC                        0.000     0.000 r  work_pls_i/usp_rf_data_converter_0/inst/work_pls_usp_rf_data_converter_0_0_rf_wrapper_i/tx1_u_dac/INTERNAL_FBRC_MUX
  -------------------------------------------------------------------    -------------------
    HSDAC_X0Y1           HSDAC (Prop_HSDAC_INTERNAL_FBRC_MUX_STATUS_COMMON[10])
                                                      0.375     0.375 r  work_pls_i/usp_rf_data_converter_0/inst/work_pls_usp_rf_data_converter_0_0_rf_wrapper_i/tx1_u_dac/STATUS_COMMON[10]
                         net (fo=1, routed)           1.118     1.493    work_pls_i/usp_rf_data_converter_0/inst/i_axi_lite_ipif/I_SLAVE_ATTACHMENT/I_DECODER/dac1_common_stat[10]
    SLICE_X113Y100       LUT4 (Prop_H6LUT_SLICEM_I0_O)
                                                      0.061     1.554 f  work_pls_i/usp_rf_data_converter_0/inst/i_axi_lite_ipif/I_SLAVE_ATTACHMENT/I_DECODER/IP2Bus_Data[10]_i_18/O
                         net (fo=1, routed)           0.082     1.636    work_pls_i/usp_rf_data_converter_0/inst/i_axi_lite_ipif/I_SLAVE_ATTACHMENT/I_DECODER/IP2Bus_Data[10]_i_18_n_0
    SLICE_X110Y100       LUT5 (Prop_E6LUT_SLICEM_I1_O)
                                                      0.022     1.658 f  work_pls_i/usp_rf_data_converter_0/inst/i_axi_lite_ipif/I_SLAVE_ATTACHMENT/I_DECODER/IP2Bus_Data[10]_i_9/O
                         net (fo=1, routed)           0.116     1.774    work_pls_i/usp_rf_data_converter_0/inst/i_axi_lite_ipif/I_SLAVE_ATTACHMENT/I_DECODER/IP2Bus_Data[10]_i_9_n_0
    SLICE_X112Y101       LUT6 (Prop_H6LUT_SLICEM_I4_O)
                                                      0.061     1.835 r  work_pls_i/usp_rf_data_converter_0/inst/i_axi_lite_ipif/I_SLAVE_ATTACHMENT/I_DECODER/IP2Bus_Data[10]_i_3/O
                         net (fo=1, routed)           0.049     1.884    work_pls_i/usp_rf_data_converter_0/inst/i_axi_lite_ipif/I_SLAVE_ATTACHMENT/I_DECODER/IP2Bus_Data[10]_i_3_n_0
    SLICE_X112Y103       LUT6 (Prop_D6LUT_SLICEM_I1_O)
                                                      0.041     1.925 r  work_pls_i/usp_rf_data_converter_0/inst/i_axi_lite_ipif/I_SLAVE_ATTACHMENT/I_DECODER/IP2Bus_Data[10]_i_1/O
                         net (fo=1, routed)           0.026     1.951    work_pls_i/usp_rf_data_converter_0/inst/i_axi_lite_ipif_n_74
    SLICE_X112Y103       FDRE                                         r  work_pls_i/usp_rf_data_converter_0/inst/IP2Bus_Data_reg[10]/D
  -------------------------------------------------------------------    -------------------

                         (clock clk_pl_0 rise edge)
                                                      0.000     0.000 r  
    PS8_X0Y0             PS8                          0.000     0.000 r  work_pls_i/zynq_ultra_ps_e_0/U0/PS8_i/PLCLK[0]
                         net (fo=1, routed)           0.129     0.129    work_pls_i/zynq_ultra_ps_e_0/U0/pl_clk_unbuffered[0]
    BUFG_PS_X0Y58        BUFG_PS (Prop_BUFG_PS_I_O)
                                                      0.018     0.147 r  work_pls_i/zynq_ultra_ps_e_0/U0/buffer_pl_clk_0.PL_CLK_0_BUFG/O
    X2Y2 (CLOCK_ROOT)    net (fo=7597, routed)        1.256     1.403    work_pls_i/usp_rf_data_converter_0/inst/s_axi_aclk
    SLICE_X112Y103       FDRE                                         r  work_pls_i/usp_rf_data_converter_0/inst/IP2Bus_Data_reg[10]/C

Slack:                    inf
  Source:                 work_pls_i/usp_rf_data_converter_0/inst/work_pls_usp_rf_data_converter_0_0_rf_wrapper_i/tx1_u_dac/INTERNAL_FBRC_MUX
                            (rising edge-triggered cell HSDAC clocked by RFDAC1_CLK  {rise@0.000ns fall@5.000ns period=10.000ns})
  Destination:            work_pls_i/usp_rf_data_converter_0/inst/IP2Bus_Data_reg[13]/D
                            (rising edge-triggered cell FDRE clocked by clk_pl_0  {rise@0.000ns fall@5.156ns period=10.312ns})
  Path Group:             (none)
  Path Type:              Hold (Min at Fast Process Corner)
  Data Path Delay:        2.047ns  (logic 0.678ns (33.122%)  route 1.369ns (66.878%))
  Logic Levels:           5  (LUT4=1 LUT6=4)
  Clock Path Skew:        1.416ns (DCD - SCD - CPR)
    Destination Clock Delay (DCD):    1.416ns
    Source Clock Delay      (SCD):    0.000ns
    Clock Pessimism Removal (CPR):    -0.000ns
  Clock Uncertainty:      0.159ns  ((TSJ^2 + DJ^2)^1/2) / 2 + PE
    Total System Jitter     (TSJ):    0.071ns
    Discrete Jitter          (DJ):    0.310ns
    Phase Error              (PE):    0.000ns
  Clock Net Delay (Destination): 1.269ns (routing 0.282ns, distribution 0.987ns)
  Timing Exception:       False Path

    Location             Delay type                Incr(ns)  Path(ns)    Netlist Resource(s)
  -------------------------------------------------------------------    -------------------
                         (clock RFDAC1_CLK rise edge)
                                                      0.000     0.000 r  
    HSDAC_X0Y1           HSDAC                        0.000     0.000 r  work_pls_i/usp_rf_data_converter_0/inst/work_pls_usp_rf_data_converter_0_0_rf_wrapper_i/tx1_u_dac/INTERNAL_FBRC_MUX
  -------------------------------------------------------------------    -------------------
    HSDAC_X0Y1           HSDAC (Prop_HSDAC_INTERNAL_FBRC_MUX_STATUS_COMMON[13])
                                                      0.524     0.524 r  work_pls_i/usp_rf_data_converter_0/inst/work_pls_usp_rf_data_converter_0_0_rf_wrapper_i/tx1_u_dac/STATUS_COMMON[13]
                         net (fo=1, routed)           1.102     1.626    work_pls_i/usp_rf_data_converter_0/inst/i_axi_lite_ipif/I_SLAVE_ATTACHMENT/I_DECODER/dac1_common_stat[13]
    SLICE_X111Y104       LUT6 (Prop_C6LUT_SLICEL_I5_O)
                                                      0.035     1.661 r  work_pls_i/usp_rf_data_converter_0/inst/i_axi_lite_ipif/I_SLAVE_ATTACHMENT/I_DECODER/IP2Bus_Data[13]_i_38/O
                         net (fo=1, routed)           0.042     1.703    work_pls_i/usp_rf_data_converter_0/inst/i_axi_lite_ipif/I_SLAVE_ATTACHMENT/I_DECODER/IP2Bus_Data[13]_i_38_n_0
    SLICE_X111Y104       LUT6 (Prop_H6LUT_SLICEL_I5_O)
                                                      0.035     1.738 f  work_pls_i/usp_rf_data_converter_0/inst/i_axi_lite_ipif/I_SLAVE_ATTACHMENT/I_DECODER/IP2Bus_Data[13]_i_23/O
                         net (fo=1, routed)           0.078     1.816    work_pls_i/usp_rf_data_converter_0/inst/i_axi_lite_ipif/I_SLAVE_ATTACHMENT/I_DECODER/IP2Bus_Data[13]_i_23_n_0
    SLICE_X113Y104       LUT6 (Prop_F6LUT_SLICEM_I1_O)
                                                      0.035     1.851 r  work_pls_i/usp_rf_data_converter_0/inst/i_axi_lite_ipif/I_SLAVE_ATTACHMENT/I_DECODER/IP2Bus_Data[13]_i_8/O
                         net (fo=1, routed)           0.072     1.923    work_pls_i/usp_rf_data_converter_0/inst/i_axi_lite_ipif/I_SLAVE_ATTACHMENT/I_DECODER/IP2Bus_Data[13]_i_8_n_0
    SLICE_X113Y101       LUT4 (Prop_E6LUT_SLICEM_I2_O)
                                                      0.014     1.937 r  work_pls_i/usp_rf_data_converter_0/inst/i_axi_lite_ipif/I_SLAVE_ATTACHMENT/I_DECODER/IP2Bus_Data[13]_i_2/O
                         net (fo=1, routed)           0.049     1.986    work_pls_i/usp_rf_data_converter_0/inst/i_axi_lite_ipif/I_SLAVE_ATTACHMENT/I_DECODER/IP2Bus_Data[13]_i_2_n_0
    SLICE_X113Y100       LUT6 (Prop_D6LUT_SLICEM_I0_O)
                                                      0.035     2.021 r  work_pls_i/usp_rf_data_converter_0/inst/i_axi_lite_ipif/I_SLAVE_ATTACHMENT/I_DECODER/IP2Bus_Data[13]_i_1/O
                         net (fo=1, routed)           0.026     2.047    work_pls_i/usp_rf_data_converter_0/inst/i_axi_lite_ipif_n_71
    SLICE_X113Y100       FDRE                                         r  work_pls_i/usp_rf_data_converter_0/inst/IP2Bus_Data_reg[13]/D
  -------------------------------------------------------------------    -------------------

                         (clock clk_pl_0 rise edge)
                                                      0.000     0.000 r  
    PS8_X0Y0             PS8                          0.000     0.000 r  work_pls_i/zynq_ultra_ps_e_0/U0/PS8_i/PLCLK[0]
                         net (fo=1, routed)           0.129     0.129    work_pls_i/zynq_ultra_ps_e_0/U0/pl_clk_unbuffered[0]
    BUFG_PS_X0Y58        BUFG_PS (Prop_BUFG_PS_I_O)
                                                      0.018     0.147 r  work_pls_i/zynq_ultra_ps_e_0/U0/buffer_pl_clk_0.PL_CLK_0_BUFG/O
    X2Y2 (CLOCK_ROOT)    net (fo=7597, routed)        1.269     1.416    work_pls_i/usp_rf_data_converter_0/inst/s_axi_aclk
    SLICE_X113Y100       FDRE                                         r  work_pls_i/usp_rf_data_converter_0/inst/IP2Bus_Data_reg[13]/C

Slack:                    inf
  Source:                 work_pls_i/usp_rf_data_converter_0/inst/work_pls_usp_rf_data_converter_0_0_rf_wrapper_i/tx1_u_dac/INTERNAL_FBRC_MUX
                            (rising edge-triggered cell HSDAC clocked by RFDAC1_CLK  {rise@0.000ns fall@5.000ns period=10.000ns})
  Destination:            work_pls_i/usp_rf_data_converter_0/inst/IP2Bus_Data_reg[14]/D
                            (rising edge-triggered cell FDRE clocked by clk_pl_0  {rise@0.000ns fall@5.156ns period=10.312ns})
  Path Group:             (none)
  Path Type:              Hold (Min at Fast Process Corner)
  Data Path Delay:        2.115ns  (logic 0.584ns (27.612%)  route 1.531ns (72.388%))
  Logic Levels:           4  (LUT6=4)
  Clock Path Skew:        1.395ns (DCD - SCD - CPR)
    Destination Clock Delay (DCD):    1.395ns
    Source Clock Delay      (SCD):    0.000ns
    Clock Pessimism Removal (CPR):    -0.000ns
  Clock Uncertainty:      0.159ns  ((TSJ^2 + DJ^2)^1/2) / 2 + PE
    Total System Jitter     (TSJ):    0.071ns
    Discrete Jitter          (DJ):    0.310ns
    Phase Error              (PE):    0.000ns
  Clock Net Delay (Destination): 1.248ns (routing 0.282ns, distribution 0.966ns)
  Timing Exception:       False Path

    Location             Delay type                Incr(ns)  Path(ns)    Netlist Resource(s)
  -------------------------------------------------------------------    -------------------
                         (clock RFDAC1_CLK rise edge)
                                                      0.000     0.000 r  
    HSDAC_X0Y1           HSDAC                        0.000     0.000 r  work_pls_i/usp_rf_data_converter_0/inst/work_pls_usp_rf_data_converter_0_0_rf_wrapper_i/tx1_u_dac/INTERNAL_FBRC_MUX
  -------------------------------------------------------------------    -------------------
    HSDAC_X0Y1           HSDAC (Prop_HSDAC_INTERNAL_FBRC_MUX_STATUS_COMMON[14])
                                                      0.398     0.398 r  work_pls_i/usp_rf_data_converter_0/inst/work_pls_usp_rf_data_converter_0_0_rf_wrapper_i/tx1_u_dac/STATUS_COMMON[14]
                         net (fo=1, routed)           1.183     1.581    work_pls_i/usp_rf_data_converter_0/inst/i_axi_lite_ipif/I_SLAVE_ATTACHMENT/I_DECODER/dac1_common_stat[14]
    SLICE_X111Y102       LUT6 (Prop_H6LUT_SLICEL_I1_O)
                                                      0.050     1.631 r  work_pls_i/usp_rf_data_converter_0/inst/i_axi_lite_ipif/I_SLAVE_ATTACHMENT/I_DECODER/IP2Bus_Data[14]_i_26/O
                         net (fo=1, routed)           0.100     1.731    work_pls_i/usp_rf_data_converter_0/inst/i_axi_lite_ipif/I_SLAVE_ATTACHMENT/I_DECODER/IP2Bus_Data[14]_i_26_n_0
    SLICE_X111Y99        LUT6 (Prop_B6LUT_SLICEL_I1_O)
                                                      0.036     1.767 r  work_pls_i/usp_rf_data_converter_0/inst/i_axi_lite_ipif/I_SLAVE_ATTACHMENT/I_DECODER/IP2Bus_Data[14]_i_9/O
                         net (fo=1, routed)           0.074     1.841    work_pls_i/usp_rf_data_converter_0/inst/i_axi_lite_ipif/I_SLAVE_ATTACHMENT/I_DECODER/IP2Bus_Data[14]_i_9_n_0
    SLICE_X111Y101       LUT6 (Prop_G6LUT_SLICEL_I3_O)
                                                      0.050     1.891 r  work_pls_i/usp_rf_data_converter_0/inst/i_axi_lite_ipif/I_SLAVE_ATTACHMENT/I_DECODER/IP2Bus_Data[14]_i_2/O
                         net (fo=1, routed)           0.158     2.049    work_pls_i/usp_rf_data_converter_0/inst/i_axi_lite_ipif/I_SLAVE_ATTACHMENT/I_DECODER/IP2Bus_Data[14]_i_2_n_0
    SLICE_X114Y91        LUT6 (Prop_D6LUT_SLICEL_I0_O)
                                                      0.050     2.099 r  work_pls_i/usp_rf_data_converter_0/inst/i_axi_lite_ipif/I_SLAVE_ATTACHMENT/I_DECODER/IP2Bus_Data[14]_i_1/O
                         net (fo=1, routed)           0.016     2.115    work_pls_i/usp_rf_data_converter_0/inst/i_axi_lite_ipif_n_70
    SLICE_X114Y91        FDRE                                         r  work_pls_i/usp_rf_data_converter_0/inst/IP2Bus_Data_reg[14]/D
  -------------------------------------------------------------------    -------------------

                         (clock clk_pl_0 rise edge)
                                                      0.000     0.000 r  
    PS8_X0Y0             PS8                          0.000     0.000 r  work_pls_i/zynq_ultra_ps_e_0/U0/PS8_i/PLCLK[0]
                         net (fo=1, routed)           0.129     0.129    work_pls_i/zynq_ultra_ps_e_0/U0/pl_clk_unbuffered[0]
    BUFG_PS_X0Y58        BUFG_PS (Prop_BUFG_PS_I_O)
                                                      0.018     0.147 r  work_pls_i/zynq_ultra_ps_e_0/U0/buffer_pl_clk_0.PL_CLK_0_BUFG/O
    X2Y2 (CLOCK_ROOT)    net (fo=7597, routed)        1.248     1.395    work_pls_i/usp_rf_data_converter_0/inst/s_axi_aclk
    SLICE_X114Y91        FDRE                                         r  work_pls_i/usp_rf_data_converter_0/inst/IP2Bus_Data_reg[14]/C





--------------------------------------------------------------------------------------
Path Group:  (none)
From Clock:  clk_pl_0
  To Clock:  clk_pl_0

Max Delay            91 Endpoints
Min Delay            91 Endpoints
--------------------------------------------------------------------------------------


Max Delay Paths
--------------------------------------------------------------------------------------
Slack:                    inf
  Source:                 work_pls_i/axi_fifo_mm_s/U0/COMP_IPIC2AXI_S/gtxd.COMP_TXD_FIFO/gfifo_gen.COMP_AXIS_FG_FIFO/COMP_FIFO/xpm_fifo_base_inst/gen_sdpram.xpm_memory_base_inst/gen_wr_a.gen_word_narrow.mem_reg/CLKARDCLK
                            (rising edge-triggered cell RAMB36E2 clocked by clk_pl_0  {rise@0.000ns fall@5.156ns period=10.312ns})
  Destination:            work_pls_i/usp_rf_data_converter_0/inst/work_pls_usp_rf_data_converter_0_0_rf_wrapper_i/tx0_u_dac/DATA_DAC0[23]
                            (rising edge-triggered cell HSDAC clocked by clk_pl_0  {rise@0.000ns fall@5.156ns period=10.312ns})
  Path Group:             (none)
  Path Type:              Setup (Max at Slow Process Corner)
  Data Path Delay:        3.589ns  (logic 0.216ns (6.018%)  route 3.373ns (93.982%))
  Logic Levels:           0  
  Clock Path Skew:        0.055ns (DCD - SCD + CPR)
    Destination Clock Delay (DCD):    2.134ns
    Source Clock Delay      (SCD):    2.079ns
    Clock Pessimism Removal (CPR):    0.000ns
  Clock Uncertainty:      0.159ns  ((TSJ^2 + DJ^2)^1/2) / 2 + PE
    Total System Jitter     (TSJ):    0.071ns
    Discrete Jitter          (DJ):    0.310ns
    Phase Error              (PE):    0.000ns
  Clock Net Delay (Source):      1.853ns (routing 0.467ns, distribution 1.386ns)
  Clock Net Delay (Destination): 1.855ns (routing 0.423ns, distribution 1.432ns)
  Timing Exception:       False Path

    Location             Delay type                Incr(ns)  Path(ns)    Netlist Resource(s)
  -------------------------------------------------------------------    -------------------
                         (clock clk_pl_0 rise edge)
                                                      0.000     0.000 r  
    PS8_X0Y0             PS8                          0.000     0.000 r  work_pls_i/zynq_ultra_ps_e_0/U0/PS8_i/PLCLK[0]
                         net (fo=1, routed)           0.198     0.198    work_pls_i/zynq_ultra_ps_e_0/U0/pl_clk_unbuffered[0]
    BUFG_PS_X0Y58        BUFG_PS (Prop_BUFG_PS_I_O)
                                                      0.028     0.226 r  work_pls_i/zynq_ultra_ps_e_0/U0/buffer_pl_clk_0.PL_CLK_0_BUFG/O
    X2Y2 (CLOCK_ROOT)    net (fo=7597, routed)        1.853     2.079    work_pls_i/axi_fifo_mm_s/U0/COMP_IPIC2AXI_S/gtxd.COMP_TXD_FIFO/gfifo_gen.COMP_AXIS_FG_FIFO/COMP_FIFO/xpm_fifo_base_inst/gen_sdpram.xpm_memory_base_inst/clka
    RAMB36_X3Y27         RAMB36E2                                     r  work_pls_i/axi_fifo_mm_s/U0/COMP_IPIC2AXI_S/gtxd.COMP_TXD_FIFO/gfifo_gen.COMP_AXIS_FG_FIFO/COMP_FIFO/xpm_fifo_base_inst/gen_sdpram.xpm_memory_base_inst/gen_wr_a.gen_word_narrow.mem_reg/CLKARDCLK
  -------------------------------------------------------------------    -------------------
    RAMB36_X3Y27         RAMB36E2 (Prop_RAMB36E2_RAMB36_CLKARDCLK_DOUTADOUT[23])
                                                      0.216     2.295 r  work_pls_i/axi_fifo_mm_s/U0/COMP_IPIC2AXI_S/gtxd.COMP_TXD_FIFO/gfifo_gen.COMP_AXIS_FG_FIFO/COMP_FIFO/xpm_fifo_base_inst/gen_sdpram.xpm_memory_base_inst/gen_wr_a.gen_word_narrow.mem_reg/DOUTADOUT[23]
                         net (fo=1, routed)           3.373     5.668    work_pls_i/usp_rf_data_converter_0/inst/work_pls_usp_rf_data_converter_0_0_rf_wrapper_i/s00_axis_tdata[23]
    HSDAC_X0Y0           HSDAC                                        r  work_pls_i/usp_rf_data_converter_0/inst/work_pls_usp_rf_data_converter_0_0_rf_wrapper_i/tx0_u_dac/DATA_DAC0[23]
  -------------------------------------------------------------------    -------------------

                         (clock clk_pl_0 rise edge)
                                                      0.000     0.000 r  
    PS8_X0Y0             PS8                          0.000     0.000 r  work_pls_i/zynq_ultra_ps_e_0/U0/PS8_i/PLCLK[0]
                         net (fo=1, routed)           0.157     0.157    work_pls_i/zynq_ultra_ps_e_0/U0/pl_clk_unbuffered[0]
    BUFG_PS_X0Y58        BUFG_PS (Prop_BUFG_PS_I_O)
                                                      0.025     0.182 r  work_pls_i/zynq_ultra_ps_e_0/U0/buffer_pl_clk_0.PL_CLK_0_BUFG/O
    X2Y2 (CLOCK_ROOT)    net (fo=7597, routed)        1.855     2.037    work_pls_i/usp_rf_data_converter_0/inst/work_pls_usp_rf_data_converter_0_0_rf_wrapper_i/s0_axis_aclk
    HSDAC_X0Y0           HSDAC (Prop_HSDAC_FABRIC_CLK_INTERNAL_FABRIC_CLK0)
                                                      0.097     2.134 r  work_pls_i/usp_rf_data_converter_0/inst/work_pls_usp_rf_data_converter_0_0_rf_wrapper_i/tx0_u_dac/INTERNAL_FABRIC_CLK0

Slack:                    inf
  Source:                 work_pls_i/axi_fifo_mm_s/U0/COMP_IPIC2AXI_S/gtxd.COMP_TXD_FIFO/gfifo_gen.COMP_AXIS_FG_FIFO/COMP_FIFO/xpm_fifo_base_inst/gen_sdpram.xpm_memory_base_inst/gen_wr_a.gen_word_narrow.mem_reg/CLKARDCLK
                            (rising edge-triggered cell RAMB36E2 clocked by clk_pl_0  {rise@0.000ns fall@5.156ns period=10.312ns})
  Destination:            work_pls_i/usp_rf_data_converter_0/inst/work_pls_usp_rf_data_converter_0_0_rf_wrapper_i/tx0_u_dac/DATA_DAC0[17]
                            (rising edge-triggered cell HSDAC clocked by clk_pl_0  {rise@0.000ns fall@5.156ns period=10.312ns})
  Path Group:             (none)
  Path Type:              Setup (Max at Slow Process Corner)
  Data Path Delay:        3.582ns  (logic 0.211ns (5.891%)  route 3.371ns (94.109%))
  Logic Levels:           0  
  Clock Path Skew:        0.055ns (DCD - SCD + CPR)
    Destination Clock Delay (DCD):    2.134ns
    Source Clock Delay      (SCD):    2.079ns
    Clock Pessimism Removal (CPR):    0.000ns
  Clock Uncertainty:      0.159ns  ((TSJ^2 + DJ^2)^1/2) / 2 + PE
    Total System Jitter     (TSJ):    0.071ns
    Discrete Jitter          (DJ):    0.310ns
    Phase Error              (PE):    0.000ns
  Clock Net Delay (Source):      1.853ns (routing 0.467ns, distribution 1.386ns)
  Clock Net Delay (Destination): 1.855ns (routing 0.423ns, distribution 1.432ns)
  Timing Exception:       False Path

    Location             Delay type                Incr(ns)  Path(ns)    Netlist Resource(s)
  -------------------------------------------------------------------    -------------------
                         (clock clk_pl_0 rise edge)
                                                      0.000     0.000 r  
    PS8_X0Y0             PS8                          0.000     0.000 r  work_pls_i/zynq_ultra_ps_e_0/U0/PS8_i/PLCLK[0]
                         net (fo=1, routed)           0.198     0.198    work_pls_i/zynq_ultra_ps_e_0/U0/pl_clk_unbuffered[0]
    BUFG_PS_X0Y58        BUFG_PS (Prop_BUFG_PS_I_O)
                                                      0.028     0.226 r  work_pls_i/zynq_ultra_ps_e_0/U0/buffer_pl_clk_0.PL_CLK_0_BUFG/O
    X2Y2 (CLOCK_ROOT)    net (fo=7597, routed)        1.853     2.079    work_pls_i/axi_fifo_mm_s/U0/COMP_IPIC2AXI_S/gtxd.COMP_TXD_FIFO/gfifo_gen.COMP_AXIS_FG_FIFO/COMP_FIFO/xpm_fifo_base_inst/gen_sdpram.xpm_memory_base_inst/clka
    RAMB36_X3Y27         RAMB36E2                                     r  work_pls_i/axi_fifo_mm_s/U0/COMP_IPIC2AXI_S/gtxd.COMP_TXD_FIFO/gfifo_gen.COMP_AXIS_FG_FIFO/COMP_FIFO/xpm_fifo_base_inst/gen_sdpram.xpm_memory_base_inst/gen_wr_a.gen_word_narrow.mem_reg/CLKARDCLK
  -------------------------------------------------------------------    -------------------
    RAMB36_X3Y27         RAMB36E2 (Prop_RAMB36E2_RAMB36_CLKARDCLK_DOUTADOUT[17])
                                                      0.211     2.290 r  work_pls_i/axi_fifo_mm_s/U0/COMP_IPIC2AXI_S/gtxd.COMP_TXD_FIFO/gfifo_gen.COMP_AXIS_FG_FIFO/COMP_FIFO/xpm_fifo_base_inst/gen_sdpram.xpm_memory_base_inst/gen_wr_a.gen_word_narrow.mem_reg/DOUTADOUT[17]
                         net (fo=1, routed)           3.371     5.661    work_pls_i/usp_rf_data_converter_0/inst/work_pls_usp_rf_data_converter_0_0_rf_wrapper_i/s00_axis_tdata[17]
    HSDAC_X0Y0           HSDAC                                        r  work_pls_i/usp_rf_data_converter_0/inst/work_pls_usp_rf_data_converter_0_0_rf_wrapper_i/tx0_u_dac/DATA_DAC0[17]
  -------------------------------------------------------------------    -------------------

                         (clock clk_pl_0 rise edge)
                                                      0.000     0.000 r  
    PS8_X0Y0             PS8                          0.000     0.000 r  work_pls_i/zynq_ultra_ps_e_0/U0/PS8_i/PLCLK[0]
                         net (fo=1, routed)           0.157     0.157    work_pls_i/zynq_ultra_ps_e_0/U0/pl_clk_unbuffered[0]
    BUFG_PS_X0Y58        BUFG_PS (Prop_BUFG_PS_I_O)
                                                      0.025     0.182 r  work_pls_i/zynq_ultra_ps_e_0/U0/buffer_pl_clk_0.PL_CLK_0_BUFG/O
    X2Y2 (CLOCK_ROOT)    net (fo=7597, routed)        1.855     2.037    work_pls_i/usp_rf_data_converter_0/inst/work_pls_usp_rf_data_converter_0_0_rf_wrapper_i/s0_axis_aclk
    HSDAC_X0Y0           HSDAC (Prop_HSDAC_FABRIC_CLK_INTERNAL_FABRIC_CLK0)
                                                      0.097     2.134 r  work_pls_i/usp_rf_data_converter_0/inst/work_pls_usp_rf_data_converter_0_0_rf_wrapper_i/tx0_u_dac/INTERNAL_FABRIC_CLK0

Slack:                    inf
  Source:                 work_pls_i/axi_fifo_mm_s/U0/COMP_IPIC2AXI_S/gtxd.COMP_TXD_FIFO/gfifo_gen.COMP_AXIS_FG_FIFO/COMP_FIFO/xpm_fifo_base_inst/gen_sdpram.xpm_memory_base_inst/gen_wr_a.gen_word_narrow.mem_reg/CLKARDCLK
                            (rising edge-triggered cell RAMB36E2 clocked by clk_pl_0  {rise@0.000ns fall@5.156ns period=10.312ns})
  Destination:            work_pls_i/usp_rf_data_converter_0/inst/work_pls_usp_rf_data_converter_0_0_rf_wrapper_i/tx0_u_dac/DATA_DAC0[27]
                            (rising edge-triggered cell HSDAC clocked by clk_pl_0  {rise@0.000ns fall@5.156ns period=10.312ns})
  Path Group:             (none)
  Path Type:              Setup (Max at Slow Process Corner)
  Data Path Delay:        3.563ns  (logic 0.218ns (6.118%)  route 3.345ns (93.882%))
  Logic Levels:           0  
  Clock Path Skew:        0.055ns (DCD - SCD + CPR)
    Destination Clock Delay (DCD):    2.134ns
    Source Clock Delay      (SCD):    2.079ns
    Clock Pessimism Removal (CPR):    0.000ns
  Clock Uncertainty:      0.159ns  ((TSJ^2 + DJ^2)^1/2) / 2 + PE
    Total System Jitter     (TSJ):    0.071ns
    Discrete Jitter          (DJ):    0.310ns
    Phase Error              (PE):    0.000ns
  Clock Net Delay (Source):      1.853ns (routing 0.467ns, distribution 1.386ns)
  Clock Net Delay (Destination): 1.855ns (routing 0.423ns, distribution 1.432ns)
  Timing Exception:       False Path

    Location             Delay type                Incr(ns)  Path(ns)    Netlist Resource(s)
  -------------------------------------------------------------------    -------------------
                         (clock clk_pl_0 rise edge)
                                                      0.000     0.000 r  
    PS8_X0Y0             PS8                          0.000     0.000 r  work_pls_i/zynq_ultra_ps_e_0/U0/PS8_i/PLCLK[0]
                         net (fo=1, routed)           0.198     0.198    work_pls_i/zynq_ultra_ps_e_0/U0/pl_clk_unbuffered[0]
    BUFG_PS_X0Y58        BUFG_PS (Prop_BUFG_PS_I_O)
                                                      0.028     0.226 r  work_pls_i/zynq_ultra_ps_e_0/U0/buffer_pl_clk_0.PL_CLK_0_BUFG/O
    X2Y2 (CLOCK_ROOT)    net (fo=7597, routed)        1.853     2.079    work_pls_i/axi_fifo_mm_s/U0/COMP_IPIC2AXI_S/gtxd.COMP_TXD_FIFO/gfifo_gen.COMP_AXIS_FG_FIFO/COMP_FIFO/xpm_fifo_base_inst/gen_sdpram.xpm_memory_base_inst/clka
    RAMB36_X3Y27         RAMB36E2                                     r  work_pls_i/axi_fifo_mm_s/U0/COMP_IPIC2AXI_S/gtxd.COMP_TXD_FIFO/gfifo_gen.COMP_AXIS_FG_FIFO/COMP_FIFO/xpm_fifo_base_inst/gen_sdpram.xpm_memory_base_inst/gen_wr_a.gen_word_narrow.mem_reg/CLKARDCLK
  -------------------------------------------------------------------    -------------------
    RAMB36_X3Y27         RAMB36E2 (Prop_RAMB36E2_RAMB36_CLKARDCLK_DOUTADOUT[27])
                                                      0.218     2.297 r  work_pls_i/axi_fifo_mm_s/U0/COMP_IPIC2AXI_S/gtxd.COMP_TXD_FIFO/gfifo_gen.COMP_AXIS_FG_FIFO/COMP_FIFO/xpm_fifo_base_inst/gen_sdpram.xpm_memory_base_inst/gen_wr_a.gen_word_narrow.mem_reg/DOUTADOUT[27]
                         net (fo=1, routed)           3.345     5.642    work_pls_i/usp_rf_data_converter_0/inst/work_pls_usp_rf_data_converter_0_0_rf_wrapper_i/s00_axis_tdata[27]
    HSDAC_X0Y0           HSDAC                                        r  work_pls_i/usp_rf_data_converter_0/inst/work_pls_usp_rf_data_converter_0_0_rf_wrapper_i/tx0_u_dac/DATA_DAC0[27]
  -------------------------------------------------------------------    -------------------

                         (clock clk_pl_0 rise edge)
                                                      0.000     0.000 r  
    PS8_X0Y0             PS8                          0.000     0.000 r  work_pls_i/zynq_ultra_ps_e_0/U0/PS8_i/PLCLK[0]
                         net (fo=1, routed)           0.157     0.157    work_pls_i/zynq_ultra_ps_e_0/U0/pl_clk_unbuffered[0]
    BUFG_PS_X0Y58        BUFG_PS (Prop_BUFG_PS_I_O)
                                                      0.025     0.182 r  work_pls_i/zynq_ultra_ps_e_0/U0/buffer_pl_clk_0.PL_CLK_0_BUFG/O
    X2Y2 (CLOCK_ROOT)    net (fo=7597, routed)        1.855     2.037    work_pls_i/usp_rf_data_converter_0/inst/work_pls_usp_rf_data_converter_0_0_rf_wrapper_i/s0_axis_aclk
    HSDAC_X0Y0           HSDAC (Prop_HSDAC_FABRIC_CLK_INTERNAL_FABRIC_CLK0)
                                                      0.097     2.134 r  work_pls_i/usp_rf_data_converter_0/inst/work_pls_usp_rf_data_converter_0_0_rf_wrapper_i/tx0_u_dac/INTERNAL_FABRIC_CLK0

Slack:                    inf
  Source:                 work_pls_i/axi_fifo_mm_s/U0/COMP_IPIC2AXI_S/gtxd.COMP_TXD_FIFO/gfifo_gen.COMP_AXIS_FG_FIFO/COMP_FIFO/xpm_fifo_base_inst/gen_sdpram.xpm_memory_base_inst/gen_wr_a.gen_word_narrow.mem_reg/CLKARDCLK
                            (rising edge-triggered cell RAMB36E2 clocked by clk_pl_0  {rise@0.000ns fall@5.156ns period=10.312ns})
  Destination:            work_pls_i/usp_rf_data_converter_0/inst/work_pls_usp_rf_data_converter_0_0_rf_wrapper_i/tx0_u_dac/DATA_DAC0[14]
                            (rising edge-triggered cell HSDAC clocked by clk_pl_0  {rise@0.000ns fall@5.156ns period=10.312ns})
  Path Group:             (none)
  Path Type:              Setup (Max at Slow Process Corner)
  Data Path Delay:        3.548ns  (logic 0.211ns (5.947%)  route 3.337ns (94.053%))
  Logic Levels:           0  
  Clock Path Skew:        0.055ns (DCD - SCD + CPR)
    Destination Clock Delay (DCD):    2.134ns
    Source Clock Delay      (SCD):    2.079ns
    Clock Pessimism Removal (CPR):    0.000ns
  Clock Uncertainty:      0.159ns  ((TSJ^2 + DJ^2)^1/2) / 2 + PE
    Total System Jitter     (TSJ):    0.071ns
    Discrete Jitter          (DJ):    0.310ns
    Phase Error              (PE):    0.000ns
  Clock Net Delay (Source):      1.853ns (routing 0.467ns, distribution 1.386ns)
  Clock Net Delay (Destination): 1.855ns (routing 0.423ns, distribution 1.432ns)
  Timing Exception:       False Path

    Location             Delay type                Incr(ns)  Path(ns)    Netlist Resource(s)
  -------------------------------------------------------------------    -------------------
                         (clock clk_pl_0 rise edge)
                                                      0.000     0.000 r  
    PS8_X0Y0             PS8                          0.000     0.000 r  work_pls_i/zynq_ultra_ps_e_0/U0/PS8_i/PLCLK[0]
                         net (fo=1, routed)           0.198     0.198    work_pls_i/zynq_ultra_ps_e_0/U0/pl_clk_unbuffered[0]
    BUFG_PS_X0Y58        BUFG_PS (Prop_BUFG_PS_I_O)
                                                      0.028     0.226 r  work_pls_i/zynq_ultra_ps_e_0/U0/buffer_pl_clk_0.PL_CLK_0_BUFG/O
    X2Y2 (CLOCK_ROOT)    net (fo=7597, routed)        1.853     2.079    work_pls_i/axi_fifo_mm_s/U0/COMP_IPIC2AXI_S/gtxd.COMP_TXD_FIFO/gfifo_gen.COMP_AXIS_FG_FIFO/COMP_FIFO/xpm_fifo_base_inst/gen_sdpram.xpm_memory_base_inst/clka
    RAMB36_X3Y27         RAMB36E2                                     r  work_pls_i/axi_fifo_mm_s/U0/COMP_IPIC2AXI_S/gtxd.COMP_TXD_FIFO/gfifo_gen.COMP_AXIS_FG_FIFO/COMP_FIFO/xpm_fifo_base_inst/gen_sdpram.xpm_memory_base_inst/gen_wr_a.gen_word_narrow.mem_reg/CLKARDCLK
  -------------------------------------------------------------------    -------------------
    RAMB36_X3Y27         RAMB36E2 (Prop_RAMB36E2_RAMB36_CLKARDCLK_DOUTADOUT[14])
                                                      0.211     2.290 r  work_pls_i/axi_fifo_mm_s/U0/COMP_IPIC2AXI_S/gtxd.COMP_TXD_FIFO/gfifo_gen.COMP_AXIS_FG_FIFO/COMP_FIFO/xpm_fifo_base_inst/gen_sdpram.xpm_memory_base_inst/gen_wr_a.gen_word_narrow.mem_reg/DOUTADOUT[14]
                         net (fo=1, routed)           3.337     5.627    work_pls_i/usp_rf_data_converter_0/inst/work_pls_usp_rf_data_converter_0_0_rf_wrapper_i/s00_axis_tdata[14]
    HSDAC_X0Y0           HSDAC                                        r  work_pls_i/usp_rf_data_converter_0/inst/work_pls_usp_rf_data_converter_0_0_rf_wrapper_i/tx0_u_dac/DATA_DAC0[14]
  -------------------------------------------------------------------    -------------------

                         (clock clk_pl_0 rise edge)
                                                      0.000     0.000 r  
    PS8_X0Y0             PS8                          0.000     0.000 r  work_pls_i/zynq_ultra_ps_e_0/U0/PS8_i/PLCLK[0]
                         net (fo=1, routed)           0.157     0.157    work_pls_i/zynq_ultra_ps_e_0/U0/pl_clk_unbuffered[0]
    BUFG_PS_X0Y58        BUFG_PS (Prop_BUFG_PS_I_O)
                                                      0.025     0.182 r  work_pls_i/zynq_ultra_ps_e_0/U0/buffer_pl_clk_0.PL_CLK_0_BUFG/O
    X2Y2 (CLOCK_ROOT)    net (fo=7597, routed)        1.855     2.037    work_pls_i/usp_rf_data_converter_0/inst/work_pls_usp_rf_data_converter_0_0_rf_wrapper_i/s0_axis_aclk
    HSDAC_X0Y0           HSDAC (Prop_HSDAC_FABRIC_CLK_INTERNAL_FABRIC_CLK0)
                                                      0.097     2.134 r  work_pls_i/usp_rf_data_converter_0/inst/work_pls_usp_rf_data_converter_0_0_rf_wrapper_i/tx0_u_dac/INTERNAL_FABRIC_CLK0

Slack:                    inf
  Source:                 work_pls_i/axi_fifo_mm_s/U0/COMP_IPIC2AXI_S/gtxd.COMP_TXD_FIFO/gfifo_gen.COMP_AXIS_FG_FIFO/COMP_FIFO/xpm_fifo_base_inst/gen_sdpram.xpm_memory_base_inst/gen_wr_a.gen_word_narrow.mem_reg/CLKARDCLK
                            (rising edge-triggered cell RAMB36E2 clocked by clk_pl_0  {rise@0.000ns fall@5.156ns period=10.312ns})
  Destination:            work_pls_i/usp_rf_data_converter_0/inst/work_pls_usp_rf_data_converter_0_0_rf_wrapper_i/tx0_u_dac/DATA_DAC0[1]
                            (rising edge-triggered cell HSDAC clocked by clk_pl_0  {rise@0.000ns fall@5.156ns period=10.312ns})
  Path Group:             (none)
  Path Type:              Setup (Max at Slow Process Corner)
  Data Path Delay:        3.544ns  (logic 0.210ns (5.926%)  route 3.334ns (94.075%))
  Logic Levels:           0  
  Clock Path Skew:        0.055ns (DCD - SCD + CPR)
    Destination Clock Delay (DCD):    2.134ns
    Source Clock Delay      (SCD):    2.079ns
    Clock Pessimism Removal (CPR):    0.000ns
  Clock Uncertainty:      0.159ns  ((TSJ^2 + DJ^2)^1/2) / 2 + PE
    Total System Jitter     (TSJ):    0.071ns
    Discrete Jitter          (DJ):    0.310ns
    Phase Error              (PE):    0.000ns
  Clock Net Delay (Source):      1.853ns (routing 0.467ns, distribution 1.386ns)
  Clock Net Delay (Destination): 1.855ns (routing 0.423ns, distribution 1.432ns)
  Timing Exception:       False Path

    Location             Delay type                Incr(ns)  Path(ns)    Netlist Resource(s)
  -------------------------------------------------------------------    -------------------
                         (clock clk_pl_0 rise edge)
                                                      0.000     0.000 r  
    PS8_X0Y0             PS8                          0.000     0.000 r  work_pls_i/zynq_ultra_ps_e_0/U0/PS8_i/PLCLK[0]
                         net (fo=1, routed)           0.198     0.198    work_pls_i/zynq_ultra_ps_e_0/U0/pl_clk_unbuffered[0]
    BUFG_PS_X0Y58        BUFG_PS (Prop_BUFG_PS_I_O)
                                                      0.028     0.226 r  work_pls_i/zynq_ultra_ps_e_0/U0/buffer_pl_clk_0.PL_CLK_0_BUFG/O
    X2Y2 (CLOCK_ROOT)    net (fo=7597, routed)        1.853     2.079    work_pls_i/axi_fifo_mm_s/U0/COMP_IPIC2AXI_S/gtxd.COMP_TXD_FIFO/gfifo_gen.COMP_AXIS_FG_FIFO/COMP_FIFO/xpm_fifo_base_inst/gen_sdpram.xpm_memory_base_inst/clka
    RAMB36_X3Y27         RAMB36E2                                     r  work_pls_i/axi_fifo_mm_s/U0/COMP_IPIC2AXI_S/gtxd.COMP_TXD_FIFO/gfifo_gen.COMP_AXIS_FG_FIFO/COMP_FIFO/xpm_fifo_base_inst/gen_sdpram.xpm_memory_base_inst/gen_wr_a.gen_word_narrow.mem_reg/CLKARDCLK
  -------------------------------------------------------------------    -------------------
    RAMB36_X3Y27         RAMB36E2 (Prop_RAMB36E2_RAMB36_CLKARDCLK_DOUTADOUT[1])
                                                      0.210     2.289 r  work_pls_i/axi_fifo_mm_s/U0/COMP_IPIC2AXI_S/gtxd.COMP_TXD_FIFO/gfifo_gen.COMP_AXIS_FG_FIFO/COMP_FIFO/xpm_fifo_base_inst/gen_sdpram.xpm_memory_base_inst/gen_wr_a.gen_word_narrow.mem_reg/DOUTADOUT[1]
                         net (fo=1, routed)           3.334     5.623    work_pls_i/usp_rf_data_converter_0/inst/work_pls_usp_rf_data_converter_0_0_rf_wrapper_i/s00_axis_tdata[1]
    HSDAC_X0Y0           HSDAC                                        r  work_pls_i/usp_rf_data_converter_0/inst/work_pls_usp_rf_data_converter_0_0_rf_wrapper_i/tx0_u_dac/DATA_DAC0[1]
  -------------------------------------------------------------------    -------------------

                         (clock clk_pl_0 rise edge)
                                                      0.000     0.000 r  
    PS8_X0Y0             PS8                          0.000     0.000 r  work_pls_i/zynq_ultra_ps_e_0/U0/PS8_i/PLCLK[0]
                         net (fo=1, routed)           0.157     0.157    work_pls_i/zynq_ultra_ps_e_0/U0/pl_clk_unbuffered[0]
    BUFG_PS_X0Y58        BUFG_PS (Prop_BUFG_PS_I_O)
                                                      0.025     0.182 r  work_pls_i/zynq_ultra_ps_e_0/U0/buffer_pl_clk_0.PL_CLK_0_BUFG/O
    X2Y2 (CLOCK_ROOT)    net (fo=7597, routed)        1.855     2.037    work_pls_i/usp_rf_data_converter_0/inst/work_pls_usp_rf_data_converter_0_0_rf_wrapper_i/s0_axis_aclk
    HSDAC_X0Y0           HSDAC (Prop_HSDAC_FABRIC_CLK_INTERNAL_FABRIC_CLK0)
                                                      0.097     2.134 r  work_pls_i/usp_rf_data_converter_0/inst/work_pls_usp_rf_data_converter_0_0_rf_wrapper_i/tx0_u_dac/INTERNAL_FABRIC_CLK0

Slack:                    inf
  Source:                 work_pls_i/axi_fifo_mm_s/U0/COMP_IPIC2AXI_S/gtxd.COMP_TXD_FIFO/gfifo_gen.COMP_AXIS_FG_FIFO/COMP_FIFO/xpm_fifo_base_inst/gen_sdpram.xpm_memory_base_inst/gen_wr_a.gen_word_narrow.mem_reg/CLKARDCLK
                            (rising edge-triggered cell RAMB36E2 clocked by clk_pl_0  {rise@0.000ns fall@5.156ns period=10.312ns})
  Destination:            work_pls_i/usp_rf_data_converter_0/inst/work_pls_usp_rf_data_converter_0_0_rf_wrapper_i/tx0_u_dac/DATA_DAC0[29]
                            (rising edge-triggered cell HSDAC clocked by clk_pl_0  {rise@0.000ns fall@5.156ns period=10.312ns})
  Path Group:             (none)
  Path Type:              Setup (Max at Slow Process Corner)
  Data Path Delay:        3.539ns  (logic 0.219ns (6.188%)  route 3.320ns (93.812%))
  Logic Levels:           0  
  Clock Path Skew:        0.055ns (DCD - SCD + CPR)
    Destination Clock Delay (DCD):    2.134ns
    Source Clock Delay      (SCD):    2.079ns
    Clock Pessimism Removal (CPR):    0.000ns
  Clock Uncertainty:      0.159ns  ((TSJ^2 + DJ^2)^1/2) / 2 + PE
    Total System Jitter     (TSJ):    0.071ns
    Discrete Jitter          (DJ):    0.310ns
    Phase Error              (PE):    0.000ns
  Clock Net Delay (Source):      1.853ns (routing 0.467ns, distribution 1.386ns)
  Clock Net Delay (Destination): 1.855ns (routing 0.423ns, distribution 1.432ns)
  Timing Exception:       False Path

    Location             Delay type                Incr(ns)  Path(ns)    Netlist Resource(s)
  -------------------------------------------------------------------    -------------------
                         (clock clk_pl_0 rise edge)
                                                      0.000     0.000 r  
    PS8_X0Y0             PS8                          0.000     0.000 r  work_pls_i/zynq_ultra_ps_e_0/U0/PS8_i/PLCLK[0]
                         net (fo=1, routed)           0.198     0.198    work_pls_i/zynq_ultra_ps_e_0/U0/pl_clk_unbuffered[0]
    BUFG_PS_X0Y58        BUFG_PS (Prop_BUFG_PS_I_O)
                                                      0.028     0.226 r  work_pls_i/zynq_ultra_ps_e_0/U0/buffer_pl_clk_0.PL_CLK_0_BUFG/O
    X2Y2 (CLOCK_ROOT)    net (fo=7597, routed)        1.853     2.079    work_pls_i/axi_fifo_mm_s/U0/COMP_IPIC2AXI_S/gtxd.COMP_TXD_FIFO/gfifo_gen.COMP_AXIS_FG_FIFO/COMP_FIFO/xpm_fifo_base_inst/gen_sdpram.xpm_memory_base_inst/clka
    RAMB36_X3Y27         RAMB36E2                                     r  work_pls_i/axi_fifo_mm_s/U0/COMP_IPIC2AXI_S/gtxd.COMP_TXD_FIFO/gfifo_gen.COMP_AXIS_FG_FIFO/COMP_FIFO/xpm_fifo_base_inst/gen_sdpram.xpm_memory_base_inst/gen_wr_a.gen_word_narrow.mem_reg/CLKARDCLK
  -------------------------------------------------------------------    -------------------
    RAMB36_X3Y27         RAMB36E2 (Prop_RAMB36E2_RAMB36_CLKARDCLK_DOUTADOUT[29])
                                                      0.219     2.298 r  work_pls_i/axi_fifo_mm_s/U0/COMP_IPIC2AXI_S/gtxd.COMP_TXD_FIFO/gfifo_gen.COMP_AXIS_FG_FIFO/COMP_FIFO/xpm_fifo_base_inst/gen_sdpram.xpm_memory_base_inst/gen_wr_a.gen_word_narrow.mem_reg/DOUTADOUT[29]
                         net (fo=1, routed)           3.320     5.618    work_pls_i/usp_rf_data_converter_0/inst/work_pls_usp_rf_data_converter_0_0_rf_wrapper_i/s00_axis_tdata[29]
    HSDAC_X0Y0           HSDAC                                        r  work_pls_i/usp_rf_data_converter_0/inst/work_pls_usp_rf_data_converter_0_0_rf_wrapper_i/tx0_u_dac/DATA_DAC0[29]
  -------------------------------------------------------------------    -------------------

                         (clock clk_pl_0 rise edge)
                                                      0.000     0.000 r  
    PS8_X0Y0             PS8                          0.000     0.000 r  work_pls_i/zynq_ultra_ps_e_0/U0/PS8_i/PLCLK[0]
                         net (fo=1, routed)           0.157     0.157    work_pls_i/zynq_ultra_ps_e_0/U0/pl_clk_unbuffered[0]
    BUFG_PS_X0Y58        BUFG_PS (Prop_BUFG_PS_I_O)
                                                      0.025     0.182 r  work_pls_i/zynq_ultra_ps_e_0/U0/buffer_pl_clk_0.PL_CLK_0_BUFG/O
    X2Y2 (CLOCK_ROOT)    net (fo=7597, routed)        1.855     2.037    work_pls_i/usp_rf_data_converter_0/inst/work_pls_usp_rf_data_converter_0_0_rf_wrapper_i/s0_axis_aclk
    HSDAC_X0Y0           HSDAC (Prop_HSDAC_FABRIC_CLK_INTERNAL_FABRIC_CLK0)
                                                      0.097     2.134 r  work_pls_i/usp_rf_data_converter_0/inst/work_pls_usp_rf_data_converter_0_0_rf_wrapper_i/tx0_u_dac/INTERNAL_FABRIC_CLK0

Slack:                    inf
  Source:                 work_pls_i/axi_fifo_mm_s/U0/COMP_IPIC2AXI_S/gtxd.COMP_TXD_FIFO/gfifo_gen.COMP_AXIS_FG_FIFO/COMP_FIFO/xpm_fifo_base_inst/gen_sdpram.xpm_memory_base_inst/gen_wr_a.gen_word_narrow.mem_reg/CLKARDCLK
                            (rising edge-triggered cell RAMB36E2 clocked by clk_pl_0  {rise@0.000ns fall@5.156ns period=10.312ns})
  Destination:            work_pls_i/usp_rf_data_converter_0/inst/work_pls_usp_rf_data_converter_0_0_rf_wrapper_i/tx0_u_dac/DATA_DAC0[9]
                            (rising edge-triggered cell HSDAC clocked by clk_pl_0  {rise@0.000ns fall@5.156ns period=10.312ns})
  Path Group:             (none)
  Path Type:              Setup (Max at Slow Process Corner)
  Data Path Delay:        3.517ns  (logic 0.217ns (6.170%)  route 3.300ns (93.830%))
  Logic Levels:           0  
  Clock Path Skew:        0.055ns (DCD - SCD + CPR)
    Destination Clock Delay (DCD):    2.134ns
    Source Clock Delay      (SCD):    2.079ns
    Clock Pessimism Removal (CPR):    0.000ns
  Clock Uncertainty:      0.159ns  ((TSJ^2 + DJ^2)^1/2) / 2 + PE
    Total System Jitter     (TSJ):    0.071ns
    Discrete Jitter          (DJ):    0.310ns
    Phase Error              (PE):    0.000ns
  Clock Net Delay (Source):      1.853ns (routing 0.467ns, distribution 1.386ns)
  Clock Net Delay (Destination): 1.855ns (routing 0.423ns, distribution 1.432ns)
  Timing Exception:       False Path

    Location             Delay type                Incr(ns)  Path(ns)    Netlist Resource(s)
  -------------------------------------------------------------------    -------------------
                         (clock clk_pl_0 rise edge)
                                                      0.000     0.000 r  
    PS8_X0Y0             PS8                          0.000     0.000 r  work_pls_i/zynq_ultra_ps_e_0/U0/PS8_i/PLCLK[0]
                         net (fo=1, routed)           0.198     0.198    work_pls_i/zynq_ultra_ps_e_0/U0/pl_clk_unbuffered[0]
    BUFG_PS_X0Y58        BUFG_PS (Prop_BUFG_PS_I_O)
                                                      0.028     0.226 r  work_pls_i/zynq_ultra_ps_e_0/U0/buffer_pl_clk_0.PL_CLK_0_BUFG/O
    X2Y2 (CLOCK_ROOT)    net (fo=7597, routed)        1.853     2.079    work_pls_i/axi_fifo_mm_s/U0/COMP_IPIC2AXI_S/gtxd.COMP_TXD_FIFO/gfifo_gen.COMP_AXIS_FG_FIFO/COMP_FIFO/xpm_fifo_base_inst/gen_sdpram.xpm_memory_base_inst/clka
    RAMB36_X3Y27         RAMB36E2                                     r  work_pls_i/axi_fifo_mm_s/U0/COMP_IPIC2AXI_S/gtxd.COMP_TXD_FIFO/gfifo_gen.COMP_AXIS_FG_FIFO/COMP_FIFO/xpm_fifo_base_inst/gen_sdpram.xpm_memory_base_inst/gen_wr_a.gen_word_narrow.mem_reg/CLKARDCLK
  -------------------------------------------------------------------    -------------------
    RAMB36_X3Y27         RAMB36E2 (Prop_RAMB36E2_RAMB36_CLKARDCLK_DOUTADOUT[9])
                                                      0.217     2.296 r  work_pls_i/axi_fifo_mm_s/U0/COMP_IPIC2AXI_S/gtxd.COMP_TXD_FIFO/gfifo_gen.COMP_AXIS_FG_FIFO/COMP_FIFO/xpm_fifo_base_inst/gen_sdpram.xpm_memory_base_inst/gen_wr_a.gen_word_narrow.mem_reg/DOUTADOUT[9]
                         net (fo=1, routed)           3.300     5.596    work_pls_i/usp_rf_data_converter_0/inst/work_pls_usp_rf_data_converter_0_0_rf_wrapper_i/s00_axis_tdata[9]
    HSDAC_X0Y0           HSDAC                                        r  work_pls_i/usp_rf_data_converter_0/inst/work_pls_usp_rf_data_converter_0_0_rf_wrapper_i/tx0_u_dac/DATA_DAC0[9]
  -------------------------------------------------------------------    -------------------

                         (clock clk_pl_0 rise edge)
                                                      0.000     0.000 r  
    PS8_X0Y0             PS8                          0.000     0.000 r  work_pls_i/zynq_ultra_ps_e_0/U0/PS8_i/PLCLK[0]
                         net (fo=1, routed)           0.157     0.157    work_pls_i/zynq_ultra_ps_e_0/U0/pl_clk_unbuffered[0]
    BUFG_PS_X0Y58        BUFG_PS (Prop_BUFG_PS_I_O)
                                                      0.025     0.182 r  work_pls_i/zynq_ultra_ps_e_0/U0/buffer_pl_clk_0.PL_CLK_0_BUFG/O
    X2Y2 (CLOCK_ROOT)    net (fo=7597, routed)        1.855     2.037    work_pls_i/usp_rf_data_converter_0/inst/work_pls_usp_rf_data_converter_0_0_rf_wrapper_i/s0_axis_aclk
    HSDAC_X0Y0           HSDAC (Prop_HSDAC_FABRIC_CLK_INTERNAL_FABRIC_CLK0)
                                                      0.097     2.134 r  work_pls_i/usp_rf_data_converter_0/inst/work_pls_usp_rf_data_converter_0_0_rf_wrapper_i/tx0_u_dac/INTERNAL_FABRIC_CLK0

Slack:                    inf
  Source:                 work_pls_i/axi_fifo_mm_s/U0/COMP_IPIC2AXI_S/gtxd.COMP_TXD_FIFO/gfifo_gen.COMP_AXIS_FG_FIFO/COMP_FIFO/xpm_fifo_base_inst/gen_sdpram.xpm_memory_base_inst/gen_wr_a.gen_word_narrow.mem_reg/CLKARDCLK
                            (rising edge-triggered cell RAMB36E2 clocked by clk_pl_0  {rise@0.000ns fall@5.156ns period=10.312ns})
  Destination:            work_pls_i/usp_rf_data_converter_0/inst/work_pls_usp_rf_data_converter_0_0_rf_wrapper_i/tx0_u_dac/DATA_DAC0[31]
                            (rising edge-triggered cell HSDAC clocked by clk_pl_0  {rise@0.000ns fall@5.156ns period=10.312ns})
  Path Group:             (none)
  Path Type:              Setup (Max at Slow Process Corner)
  Data Path Delay:        3.502ns  (logic 0.219ns (6.254%)  route 3.283ns (93.746%))
  Logic Levels:           0  
  Clock Path Skew:        0.055ns (DCD - SCD + CPR)
    Destination Clock Delay (DCD):    2.134ns
    Source Clock Delay      (SCD):    2.079ns
    Clock Pessimism Removal (CPR):    0.000ns
  Clock Uncertainty:      0.159ns  ((TSJ^2 + DJ^2)^1/2) / 2 + PE
    Total System Jitter     (TSJ):    0.071ns
    Discrete Jitter          (DJ):    0.310ns
    Phase Error              (PE):    0.000ns
  Clock Net Delay (Source):      1.853ns (routing 0.467ns, distribution 1.386ns)
  Clock Net Delay (Destination): 1.855ns (routing 0.423ns, distribution 1.432ns)
  Timing Exception:       False Path

    Location             Delay type                Incr(ns)  Path(ns)    Netlist Resource(s)
  -------------------------------------------------------------------    -------------------
                         (clock clk_pl_0 rise edge)
                                                      0.000     0.000 r  
    PS8_X0Y0             PS8                          0.000     0.000 r  work_pls_i/zynq_ultra_ps_e_0/U0/PS8_i/PLCLK[0]
                         net (fo=1, routed)           0.198     0.198    work_pls_i/zynq_ultra_ps_e_0/U0/pl_clk_unbuffered[0]
    BUFG_PS_X0Y58        BUFG_PS (Prop_BUFG_PS_I_O)
                                                      0.028     0.226 r  work_pls_i/zynq_ultra_ps_e_0/U0/buffer_pl_clk_0.PL_CLK_0_BUFG/O
    X2Y2 (CLOCK_ROOT)    net (fo=7597, routed)        1.853     2.079    work_pls_i/axi_fifo_mm_s/U0/COMP_IPIC2AXI_S/gtxd.COMP_TXD_FIFO/gfifo_gen.COMP_AXIS_FG_FIFO/COMP_FIFO/xpm_fifo_base_inst/gen_sdpram.xpm_memory_base_inst/clka
    RAMB36_X3Y27         RAMB36E2                                     r  work_pls_i/axi_fifo_mm_s/U0/COMP_IPIC2AXI_S/gtxd.COMP_TXD_FIFO/gfifo_gen.COMP_AXIS_FG_FIFO/COMP_FIFO/xpm_fifo_base_inst/gen_sdpram.xpm_memory_base_inst/gen_wr_a.gen_word_narrow.mem_reg/CLKARDCLK
  -------------------------------------------------------------------    -------------------
    RAMB36_X3Y27         RAMB36E2 (Prop_RAMB36E2_RAMB36_CLKARDCLK_DOUTADOUT[31])
                                                      0.219     2.298 r  work_pls_i/axi_fifo_mm_s/U0/COMP_IPIC2AXI_S/gtxd.COMP_TXD_FIFO/gfifo_gen.COMP_AXIS_FG_FIFO/COMP_FIFO/xpm_fifo_base_inst/gen_sdpram.xpm_memory_base_inst/gen_wr_a.gen_word_narrow.mem_reg/DOUTADOUT[31]
                         net (fo=1, routed)           3.283     5.581    work_pls_i/usp_rf_data_converter_0/inst/work_pls_usp_rf_data_converter_0_0_rf_wrapper_i/s00_axis_tdata[31]
    HSDAC_X0Y0           HSDAC                                        r  work_pls_i/usp_rf_data_converter_0/inst/work_pls_usp_rf_data_converter_0_0_rf_wrapper_i/tx0_u_dac/DATA_DAC0[31]
  -------------------------------------------------------------------    -------------------

                         (clock clk_pl_0 rise edge)
                                                      0.000     0.000 r  
    PS8_X0Y0             PS8                          0.000     0.000 r  work_pls_i/zynq_ultra_ps_e_0/U0/PS8_i/PLCLK[0]
                         net (fo=1, routed)           0.157     0.157    work_pls_i/zynq_ultra_ps_e_0/U0/pl_clk_unbuffered[0]
    BUFG_PS_X0Y58        BUFG_PS (Prop_BUFG_PS_I_O)
                                                      0.025     0.182 r  work_pls_i/zynq_ultra_ps_e_0/U0/buffer_pl_clk_0.PL_CLK_0_BUFG/O
    X2Y2 (CLOCK_ROOT)    net (fo=7597, routed)        1.855     2.037    work_pls_i/usp_rf_data_converter_0/inst/work_pls_usp_rf_data_converter_0_0_rf_wrapper_i/s0_axis_aclk
    HSDAC_X0Y0           HSDAC (Prop_HSDAC_FABRIC_CLK_INTERNAL_FABRIC_CLK0)
                                                      0.097     2.134 r  work_pls_i/usp_rf_data_converter_0/inst/work_pls_usp_rf_data_converter_0_0_rf_wrapper_i/tx0_u_dac/INTERNAL_FABRIC_CLK0

Slack:                    inf
  Source:                 work_pls_i/axi_fifo_mm_s/U0/COMP_IPIC2AXI_S/gtxd.COMP_TXD_FIFO/gfifo_gen.COMP_AXIS_FG_FIFO/COMP_FIFO/xpm_fifo_base_inst/gen_sdpram.xpm_memory_base_inst/gen_wr_a.gen_word_narrow.mem_reg/CLKARDCLK
                            (rising edge-triggered cell RAMB36E2 clocked by clk_pl_0  {rise@0.000ns fall@5.156ns period=10.312ns})
  Destination:            work_pls_i/usp_rf_data_converter_0/inst/work_pls_usp_rf_data_converter_0_0_rf_wrapper_i/tx0_u_dac/DATA_DAC0[28]
                            (rising edge-triggered cell HSDAC clocked by clk_pl_0  {rise@0.000ns fall@5.156ns period=10.312ns})
  Path Group:             (none)
  Path Type:              Setup (Max at Slow Process Corner)
  Data Path Delay:        3.428ns  (logic 0.212ns (6.184%)  route 3.216ns (93.816%))
  Logic Levels:           0  
  Clock Path Skew:        0.055ns (DCD - SCD + CPR)
    Destination Clock Delay (DCD):    2.134ns
    Source Clock Delay      (SCD):    2.079ns
    Clock Pessimism Removal (CPR):    0.000ns
  Clock Uncertainty:      0.159ns  ((TSJ^2 + DJ^2)^1/2) / 2 + PE
    Total System Jitter     (TSJ):    0.071ns
    Discrete Jitter          (DJ):    0.310ns
    Phase Error              (PE):    0.000ns
  Clock Net Delay (Source):      1.853ns (routing 0.467ns, distribution 1.386ns)
  Clock Net Delay (Destination): 1.855ns (routing 0.423ns, distribution 1.432ns)
  Timing Exception:       False Path

    Location             Delay type                Incr(ns)  Path(ns)    Netlist Resource(s)
  -------------------------------------------------------------------    -------------------
                         (clock clk_pl_0 rise edge)
                                                      0.000     0.000 r  
    PS8_X0Y0             PS8                          0.000     0.000 r  work_pls_i/zynq_ultra_ps_e_0/U0/PS8_i/PLCLK[0]
                         net (fo=1, routed)           0.198     0.198    work_pls_i/zynq_ultra_ps_e_0/U0/pl_clk_unbuffered[0]
    BUFG_PS_X0Y58        BUFG_PS (Prop_BUFG_PS_I_O)
                                                      0.028     0.226 r  work_pls_i/zynq_ultra_ps_e_0/U0/buffer_pl_clk_0.PL_CLK_0_BUFG/O
    X2Y2 (CLOCK_ROOT)    net (fo=7597, routed)        1.853     2.079    work_pls_i/axi_fifo_mm_s/U0/COMP_IPIC2AXI_S/gtxd.COMP_TXD_FIFO/gfifo_gen.COMP_AXIS_FG_FIFO/COMP_FIFO/xpm_fifo_base_inst/gen_sdpram.xpm_memory_base_inst/clka
    RAMB36_X3Y27         RAMB36E2                                     r  work_pls_i/axi_fifo_mm_s/U0/COMP_IPIC2AXI_S/gtxd.COMP_TXD_FIFO/gfifo_gen.COMP_AXIS_FG_FIFO/COMP_FIFO/xpm_fifo_base_inst/gen_sdpram.xpm_memory_base_inst/gen_wr_a.gen_word_narrow.mem_reg/CLKARDCLK
  -------------------------------------------------------------------    -------------------
    RAMB36_X3Y27         RAMB36E2 (Prop_RAMB36E2_RAMB36_CLKARDCLK_DOUTADOUT[28])
                                                      0.212     2.291 r  work_pls_i/axi_fifo_mm_s/U0/COMP_IPIC2AXI_S/gtxd.COMP_TXD_FIFO/gfifo_gen.COMP_AXIS_FG_FIFO/COMP_FIFO/xpm_fifo_base_inst/gen_sdpram.xpm_memory_base_inst/gen_wr_a.gen_word_narrow.mem_reg/DOUTADOUT[28]
                         net (fo=1, routed)           3.216     5.507    work_pls_i/usp_rf_data_converter_0/inst/work_pls_usp_rf_data_converter_0_0_rf_wrapper_i/s00_axis_tdata[28]
    HSDAC_X0Y0           HSDAC                                        r  work_pls_i/usp_rf_data_converter_0/inst/work_pls_usp_rf_data_converter_0_0_rf_wrapper_i/tx0_u_dac/DATA_DAC0[28]
  -------------------------------------------------------------------    -------------------

                         (clock clk_pl_0 rise edge)
                                                      0.000     0.000 r  
    PS8_X0Y0             PS8                          0.000     0.000 r  work_pls_i/zynq_ultra_ps_e_0/U0/PS8_i/PLCLK[0]
                         net (fo=1, routed)           0.157     0.157    work_pls_i/zynq_ultra_ps_e_0/U0/pl_clk_unbuffered[0]
    BUFG_PS_X0Y58        BUFG_PS (Prop_BUFG_PS_I_O)
                                                      0.025     0.182 r  work_pls_i/zynq_ultra_ps_e_0/U0/buffer_pl_clk_0.PL_CLK_0_BUFG/O
    X2Y2 (CLOCK_ROOT)    net (fo=7597, routed)        1.855     2.037    work_pls_i/usp_rf_data_converter_0/inst/work_pls_usp_rf_data_converter_0_0_rf_wrapper_i/s0_axis_aclk
    HSDAC_X0Y0           HSDAC (Prop_HSDAC_FABRIC_CLK_INTERNAL_FABRIC_CLK0)
                                                      0.097     2.134 r  work_pls_i/usp_rf_data_converter_0/inst/work_pls_usp_rf_data_converter_0_0_rf_wrapper_i/tx0_u_dac/INTERNAL_FABRIC_CLK0

Slack:                    inf
  Source:                 work_pls_i/axi_fifo_mm_s/U0/COMP_IPIC2AXI_S/gtxd.COMP_TXD_FIFO/gfifo_gen.COMP_AXIS_FG_FIFO/COMP_FIFO/xpm_fifo_base_inst/gen_sdpram.xpm_memory_base_inst/gen_wr_a.gen_word_narrow.mem_reg/CLKARDCLK
                            (rising edge-triggered cell RAMB36E2 clocked by clk_pl_0  {rise@0.000ns fall@5.156ns period=10.312ns})
  Destination:            work_pls_i/usp_rf_data_converter_0/inst/work_pls_usp_rf_data_converter_0_0_rf_wrapper_i/tx0_u_dac/DATA_DAC0[19]
                            (rising edge-triggered cell HSDAC clocked by clk_pl_0  {rise@0.000ns fall@5.156ns period=10.312ns})
  Path Group:             (none)
  Path Type:              Setup (Max at Slow Process Corner)
  Data Path Delay:        3.402ns  (logic 0.213ns (6.261%)  route 3.189ns (93.739%))
  Logic Levels:           0  
  Clock Path Skew:        0.055ns (DCD - SCD + CPR)
    Destination Clock Delay (DCD):    2.134ns
    Source Clock Delay      (SCD):    2.079ns
    Clock Pessimism Removal (CPR):    0.000ns
  Clock Uncertainty:      0.159ns  ((TSJ^2 + DJ^2)^1/2) / 2 + PE
    Total System Jitter     (TSJ):    0.071ns
    Discrete Jitter          (DJ):    0.310ns
    Phase Error              (PE):    0.000ns
  Clock Net Delay (Source):      1.853ns (routing 0.467ns, distribution 1.386ns)
  Clock Net Delay (Destination): 1.855ns (routing 0.423ns, distribution 1.432ns)
  Timing Exception:       False Path

    Location             Delay type                Incr(ns)  Path(ns)    Netlist Resource(s)
  -------------------------------------------------------------------    -------------------
                         (clock clk_pl_0 rise edge)
                                                      0.000     0.000 r  
    PS8_X0Y0             PS8                          0.000     0.000 r  work_pls_i/zynq_ultra_ps_e_0/U0/PS8_i/PLCLK[0]
                         net (fo=1, routed)           0.198     0.198    work_pls_i/zynq_ultra_ps_e_0/U0/pl_clk_unbuffered[0]
    BUFG_PS_X0Y58        BUFG_PS (Prop_BUFG_PS_I_O)
                                                      0.028     0.226 r  work_pls_i/zynq_ultra_ps_e_0/U0/buffer_pl_clk_0.PL_CLK_0_BUFG/O
    X2Y2 (CLOCK_ROOT)    net (fo=7597, routed)        1.853     2.079    work_pls_i/axi_fifo_mm_s/U0/COMP_IPIC2AXI_S/gtxd.COMP_TXD_FIFO/gfifo_gen.COMP_AXIS_FG_FIFO/COMP_FIFO/xpm_fifo_base_inst/gen_sdpram.xpm_memory_base_inst/clka
    RAMB36_X3Y27         RAMB36E2                                     r  work_pls_i/axi_fifo_mm_s/U0/COMP_IPIC2AXI_S/gtxd.COMP_TXD_FIFO/gfifo_gen.COMP_AXIS_FG_FIFO/COMP_FIFO/xpm_fifo_base_inst/gen_sdpram.xpm_memory_base_inst/gen_wr_a.gen_word_narrow.mem_reg/CLKARDCLK
  -------------------------------------------------------------------    -------------------
    RAMB36_X3Y27         RAMB36E2 (Prop_RAMB36E2_RAMB36_CLKARDCLK_DOUTADOUT[19])
                                                      0.213     2.292 r  work_pls_i/axi_fifo_mm_s/U0/COMP_IPIC2AXI_S/gtxd.COMP_TXD_FIFO/gfifo_gen.COMP_AXIS_FG_FIFO/COMP_FIFO/xpm_fifo_base_inst/gen_sdpram.xpm_memory_base_inst/gen_wr_a.gen_word_narrow.mem_reg/DOUTADOUT[19]
                         net (fo=1, routed)           3.189     5.481    work_pls_i/usp_rf_data_converter_0/inst/work_pls_usp_rf_data_converter_0_0_rf_wrapper_i/s00_axis_tdata[19]
    HSDAC_X0Y0           HSDAC                                        r  work_pls_i/usp_rf_data_converter_0/inst/work_pls_usp_rf_data_converter_0_0_rf_wrapper_i/tx0_u_dac/DATA_DAC0[19]
  -------------------------------------------------------------------    -------------------

                         (clock clk_pl_0 rise edge)
                                                      0.000     0.000 r  
    PS8_X0Y0             PS8                          0.000     0.000 r  work_pls_i/zynq_ultra_ps_e_0/U0/PS8_i/PLCLK[0]
                         net (fo=1, routed)           0.157     0.157    work_pls_i/zynq_ultra_ps_e_0/U0/pl_clk_unbuffered[0]
    BUFG_PS_X0Y58        BUFG_PS (Prop_BUFG_PS_I_O)
                                                      0.025     0.182 r  work_pls_i/zynq_ultra_ps_e_0/U0/buffer_pl_clk_0.PL_CLK_0_BUFG/O
    X2Y2 (CLOCK_ROOT)    net (fo=7597, routed)        1.855     2.037    work_pls_i/usp_rf_data_converter_0/inst/work_pls_usp_rf_data_converter_0_0_rf_wrapper_i/s0_axis_aclk
    HSDAC_X0Y0           HSDAC (Prop_HSDAC_FABRIC_CLK_INTERNAL_FABRIC_CLK0)
                                                      0.097     2.134 r  work_pls_i/usp_rf_data_converter_0/inst/work_pls_usp_rf_data_converter_0_0_rf_wrapper_i/tx0_u_dac/INTERNAL_FABRIC_CLK0





Min Delay Paths
--------------------------------------------------------------------------------------
Slack:                    inf
  Source:                 work_pls_i/usp_rf_data_converter_0/inst/work_pls_usp_rf_data_converter_0_0_rf_wrapper_i/dac0_done_i_reg/C
                            (rising edge-triggered cell FDRE clocked by clk_pl_0  {rise@0.000ns fall@5.156ns period=10.312ns})
  Destination:            work_pls_i/usp_rf_data_converter_0/inst/work_pls_usp_rf_data_converter_0_0_rf_wrapper_i/cdc_dac0_done_i/syncstages_ff_reg[0]/D
                            (rising edge-triggered cell FDRE clocked by clk_pl_0  {rise@0.000ns fall@5.156ns period=10.312ns})
  Path Group:             (none)
  Path Type:              Hold (Min at Fast Process Corner)
  Data Path Delay:        0.133ns  (logic 0.039ns (29.323%)  route 0.094ns (70.677%))
  Logic Levels:           0  
  Clock Path Skew:        0.163ns (DCD - SCD - CPR)
    Destination Clock Delay (DCD):    1.386ns
    Source Clock Delay      (SCD):    1.223ns
    Clock Pessimism Removal (CPR):    -0.000ns
  Clock Uncertainty:      0.159ns  ((TSJ^2 + DJ^2)^1/2) / 2 + PE
    Total System Jitter     (TSJ):    0.071ns
    Discrete Jitter          (DJ):    0.310ns
    Phase Error              (PE):    0.000ns
  Clock Net Delay (Source):      1.103ns (routing 0.252ns, distribution 0.851ns)
  Clock Net Delay (Destination): 1.239ns (routing 0.282ns, distribution 0.957ns)
  Timing Exception:       False Path

    Location             Delay type                Incr(ns)  Path(ns)    Netlist Resource(s)
  -------------------------------------------------------------------    -------------------
                         (clock clk_pl_0 rise edge)
                                                      0.000     0.000 r  
    PS8_X0Y0             PS8                          0.000     0.000 r  work_pls_i/zynq_ultra_ps_e_0/U0/PS8_i/PLCLK[0]
                         net (fo=1, routed)           0.103     0.103    work_pls_i/zynq_ultra_ps_e_0/U0/pl_clk_unbuffered[0]
    BUFG_PS_X0Y58        BUFG_PS (Prop_BUFG_PS_I_O)
                                                      0.017     0.120 r  work_pls_i/zynq_ultra_ps_e_0/U0/buffer_pl_clk_0.PL_CLK_0_BUFG/O
    X2Y2 (CLOCK_ROOT)    net (fo=7597, routed)        1.103     1.223    work_pls_i/usp_rf_data_converter_0/inst/work_pls_usp_rf_data_converter_0_0_rf_wrapper_i/s_axi_aclk
    SLICE_X111Y146       FDRE                                         r  work_pls_i/usp_rf_data_converter_0/inst/work_pls_usp_rf_data_converter_0_0_rf_wrapper_i/dac0_done_i_reg/C
  -------------------------------------------------------------------    -------------------
    SLICE_X111Y146       FDRE (Prop_DFF_SLICEL_C_Q)
                                                      0.039     1.262 r  work_pls_i/usp_rf_data_converter_0/inst/work_pls_usp_rf_data_converter_0_0_rf_wrapper_i/dac0_done_i_reg/Q
                         net (fo=1, routed)           0.094     1.356    work_pls_i/usp_rf_data_converter_0/inst/work_pls_usp_rf_data_converter_0_0_rf_wrapper_i/cdc_dac0_done_i/src_in
    SLICE_X111Y146       FDRE                                         r  work_pls_i/usp_rf_data_converter_0/inst/work_pls_usp_rf_data_converter_0_0_rf_wrapper_i/cdc_dac0_done_i/syncstages_ff_reg[0]/D
  -------------------------------------------------------------------    -------------------

                         (clock clk_pl_0 rise edge)
                                                      0.000     0.000 r  
    PS8_X0Y0             PS8                          0.000     0.000 r  work_pls_i/zynq_ultra_ps_e_0/U0/PS8_i/PLCLK[0]
                         net (fo=1, routed)           0.129     0.129    work_pls_i/zynq_ultra_ps_e_0/U0/pl_clk_unbuffered[0]
    BUFG_PS_X0Y58        BUFG_PS (Prop_BUFG_PS_I_O)
                                                      0.018     0.147 r  work_pls_i/zynq_ultra_ps_e_0/U0/buffer_pl_clk_0.PL_CLK_0_BUFG/O
    X2Y2 (CLOCK_ROOT)    net (fo=7597, routed)        1.239     1.386    work_pls_i/usp_rf_data_converter_0/inst/work_pls_usp_rf_data_converter_0_0_rf_wrapper_i/cdc_dac0_done_i/dest_clk
    SLICE_X111Y146       FDRE                                         r  work_pls_i/usp_rf_data_converter_0/inst/work_pls_usp_rf_data_converter_0_0_rf_wrapper_i/cdc_dac0_done_i/syncstages_ff_reg[0]/C

Slack:                    inf
  Source:                 work_pls_i/axi_fifo_mm_s/U0/COMP_IPIC2AXI_S/sig_str_rst_reg/C
                            (rising edge-triggered cell FDSE clocked by clk_pl_0  {rise@0.000ns fall@5.156ns period=10.312ns})
  Destination:            work_pls_i/axi_fifo_mm_s/U0/COMP_IPIC2AXI_S/gtxd.COMP_TXD_FIFO/gfifo_gen.COMP_AXIS_FG_FIFO/COMP_FIFO/gaxis_rst_sync.xpm_cdc_sync_rst_inst/syncstages_ff_reg[0]/D
                            (rising edge-triggered cell FDRE clocked by clk_pl_0  {rise@0.000ns fall@5.156ns period=10.312ns})
  Path Group:             (none)
  Path Type:              Hold (Min at Fast Process Corner)
  Data Path Delay:        0.313ns  (logic 0.072ns (23.030%)  route 0.241ns (76.970%))
  Logic Levels:           1  (LUT3=1)
  Clock Path Skew:        0.135ns (DCD - SCD - CPR)
    Destination Clock Delay (DCD):    1.211ns
    Source Clock Delay      (SCD):    1.076ns
    Clock Pessimism Removal (CPR):    -0.000ns
  Clock Uncertainty:      0.159ns  ((TSJ^2 + DJ^2)^1/2) / 2 + PE
    Total System Jitter     (TSJ):    0.071ns
    Discrete Jitter          (DJ):    0.310ns
    Phase Error              (PE):    0.000ns
  Clock Net Delay (Source):      0.956ns (routing 0.252ns, distribution 0.704ns)
  Clock Net Delay (Destination): 1.064ns (routing 0.282ns, distribution 0.782ns)
  Timing Exception:       False Path

    Location             Delay type                Incr(ns)  Path(ns)    Netlist Resource(s)
  -------------------------------------------------------------------    -------------------
                         (clock clk_pl_0 rise edge)
                                                      0.000     0.000 r  
    PS8_X0Y0             PS8                          0.000     0.000 r  work_pls_i/zynq_ultra_ps_e_0/U0/PS8_i/PLCLK[0]
                         net (fo=1, routed)           0.103     0.103    work_pls_i/zynq_ultra_ps_e_0/U0/pl_clk_unbuffered[0]
    BUFG_PS_X0Y58        BUFG_PS (Prop_BUFG_PS_I_O)
                                                      0.017     0.120 r  work_pls_i/zynq_ultra_ps_e_0/U0/buffer_pl_clk_0.PL_CLK_0_BUFG/O
    X2Y2 (CLOCK_ROOT)    net (fo=7597, routed)        0.956     1.076    work_pls_i/axi_fifo_mm_s/U0/COMP_IPIC2AXI_S/s_axi_aclk
    SLICE_X30Y127        FDSE                                         r  work_pls_i/axi_fifo_mm_s/U0/COMP_IPIC2AXI_S/sig_str_rst_reg/C
  -------------------------------------------------------------------    -------------------
    SLICE_X30Y127        FDSE (Prop_DFF_SLICEM_C_Q)
                                                      0.039     1.115 r  work_pls_i/axi_fifo_mm_s/U0/COMP_IPIC2AXI_S/sig_str_rst_reg/Q
                         net (fo=3, routed)           0.106     1.220    work_pls_i/axi_fifo_mm_s/U0/COMP_IPIC2AXI_S/gtxd.COMP_TXD_FIFO/gfifo_gen.COMP_AXIS_FG_FIFO/Axi_Str_RxD_AReset
    SLICE_X29Y130        LUT3 (Prop_D5LUT_SLICEL_I0_O)
                                                      0.033     1.253 r  work_pls_i/axi_fifo_mm_s/U0/COMP_IPIC2AXI_S/gtxd.COMP_TXD_FIFO/gfifo_gen.COMP_AXIS_FG_FIFO/mm2s_prmry_reset_out_n_INST_0/O
                         net (fo=3, routed)           0.135     1.388    work_pls_i/axi_fifo_mm_s/U0/COMP_IPIC2AXI_S/gtxd.COMP_TXD_FIFO/gfifo_gen.COMP_AXIS_FG_FIFO/COMP_FIFO/gaxis_rst_sync.xpm_cdc_sync_rst_inst/src_rst
    SLICE_X32Y129        FDRE                                         r  work_pls_i/axi_fifo_mm_s/U0/COMP_IPIC2AXI_S/gtxd.COMP_TXD_FIFO/gfifo_gen.COMP_AXIS_FG_FIFO/COMP_FIFO/gaxis_rst_sync.xpm_cdc_sync_rst_inst/syncstages_ff_reg[0]/D
  -------------------------------------------------------------------    -------------------

                         (clock clk_pl_0 rise edge)
                                                      0.000     0.000 r  
    PS8_X0Y0             PS8                          0.000     0.000 r  work_pls_i/zynq_ultra_ps_e_0/U0/PS8_i/PLCLK[0]
                         net (fo=1, routed)           0.129     0.129    work_pls_i/zynq_ultra_ps_e_0/U0/pl_clk_unbuffered[0]
    BUFG_PS_X0Y58        BUFG_PS (Prop_BUFG_PS_I_O)
                                                      0.018     0.147 r  work_pls_i/zynq_ultra_ps_e_0/U0/buffer_pl_clk_0.PL_CLK_0_BUFG/O
    X2Y2 (CLOCK_ROOT)    net (fo=7597, routed)        1.064     1.211    work_pls_i/axi_fifo_mm_s/U0/COMP_IPIC2AXI_S/gtxd.COMP_TXD_FIFO/gfifo_gen.COMP_AXIS_FG_FIFO/COMP_FIFO/gaxis_rst_sync.xpm_cdc_sync_rst_inst/dest_clk
    SLICE_X32Y129        FDRE                                         r  work_pls_i/axi_fifo_mm_s/U0/COMP_IPIC2AXI_S/gtxd.COMP_TXD_FIFO/gfifo_gen.COMP_AXIS_FG_FIFO/COMP_FIFO/gaxis_rst_sync.xpm_cdc_sync_rst_inst/syncstages_ff_reg[0]/C

Slack:                    inf
  Source:                 work_pls_i/usp_rf_data_converter_0/inst/work_pls_usp_rf_data_converter_0_0_rf_wrapper_i/adc0_done_i_reg/C
                            (rising edge-triggered cell FDRE clocked by clk_pl_0  {rise@0.000ns fall@5.156ns period=10.312ns})
  Destination:            work_pls_i/usp_rf_data_converter_0/inst/work_pls_usp_rf_data_converter_0_0_rf_wrapper_i/cdc_adc0_done_i/syncstages_ff_reg[0]/D
                            (rising edge-triggered cell FDRE clocked by clk_pl_0  {rise@0.000ns fall@5.156ns period=10.312ns})
  Path Group:             (none)
  Path Type:              Hold (Min at Fast Process Corner)
  Data Path Delay:        0.290ns  (logic 0.038ns (13.103%)  route 0.252ns (86.897%))
  Logic Levels:           0  
  Clock Path Skew:        0.192ns (DCD - SCD - CPR)
    Destination Clock Delay (DCD):    1.427ns
    Source Clock Delay      (SCD):    1.235ns
    Clock Pessimism Removal (CPR):    -0.000ns
  Clock Uncertainty:      0.159ns  ((TSJ^2 + DJ^2)^1/2) / 2 + PE
    Total System Jitter     (TSJ):    0.071ns
    Discrete Jitter          (DJ):    0.310ns
    Phase Error              (PE):    0.000ns
  Clock Net Delay (Source):      1.115ns (routing 0.252ns, distribution 0.863ns)
  Clock Net Delay (Destination): 1.280ns (routing 0.282ns, distribution 0.998ns)
  Timing Exception:       False Path

    Location             Delay type                Incr(ns)  Path(ns)    Netlist Resource(s)
  -------------------------------------------------------------------    -------------------
                         (clock clk_pl_0 rise edge)
                                                      0.000     0.000 r  
    PS8_X0Y0             PS8                          0.000     0.000 r  work_pls_i/zynq_ultra_ps_e_0/U0/PS8_i/PLCLK[0]
                         net (fo=1, routed)           0.103     0.103    work_pls_i/zynq_ultra_ps_e_0/U0/pl_clk_unbuffered[0]
    BUFG_PS_X0Y58        BUFG_PS (Prop_BUFG_PS_I_O)
                                                      0.017     0.120 r  work_pls_i/zynq_ultra_ps_e_0/U0/buffer_pl_clk_0.PL_CLK_0_BUFG/O
    X2Y2 (CLOCK_ROOT)    net (fo=7597, routed)        1.115     1.235    work_pls_i/usp_rf_data_converter_0/inst/work_pls_usp_rf_data_converter_0_0_rf_wrapper_i/s_axi_aclk
    SLICE_X112Y94        FDRE                                         r  work_pls_i/usp_rf_data_converter_0/inst/work_pls_usp_rf_data_converter_0_0_rf_wrapper_i/adc0_done_i_reg/C
  -------------------------------------------------------------------    -------------------
    SLICE_X112Y94        FDRE (Prop_BFF_SLICEM_C_Q)
                                                      0.038     1.273 r  work_pls_i/usp_rf_data_converter_0/inst/work_pls_usp_rf_data_converter_0_0_rf_wrapper_i/adc0_done_i_reg/Q
                         net (fo=1, routed)           0.252     1.525    work_pls_i/usp_rf_data_converter_0/inst/work_pls_usp_rf_data_converter_0_0_rf_wrapper_i/cdc_adc0_done_i/src_in
    SLICE_X112Y59        FDRE                                         r  work_pls_i/usp_rf_data_converter_0/inst/work_pls_usp_rf_data_converter_0_0_rf_wrapper_i/cdc_adc0_done_i/syncstages_ff_reg[0]/D
  -------------------------------------------------------------------    -------------------

                         (clock clk_pl_0 rise edge)
                                                      0.000     0.000 r  
    PS8_X0Y0             PS8                          0.000     0.000 r  work_pls_i/zynq_ultra_ps_e_0/U0/PS8_i/PLCLK[0]
                         net (fo=1, routed)           0.129     0.129    work_pls_i/zynq_ultra_ps_e_0/U0/pl_clk_unbuffered[0]
    BUFG_PS_X0Y58        BUFG_PS (Prop_BUFG_PS_I_O)
                                                      0.018     0.147 r  work_pls_i/zynq_ultra_ps_e_0/U0/buffer_pl_clk_0.PL_CLK_0_BUFG/O
    X2Y2 (CLOCK_ROOT)    net (fo=7597, routed)        1.280     1.427    work_pls_i/usp_rf_data_converter_0/inst/work_pls_usp_rf_data_converter_0_0_rf_wrapper_i/cdc_adc0_done_i/dest_clk
    SLICE_X112Y59        FDRE                                         r  work_pls_i/usp_rf_data_converter_0/inst/work_pls_usp_rf_data_converter_0_0_rf_wrapper_i/cdc_adc0_done_i/syncstages_ff_reg[0]/C

Slack:                    inf
  Source:                 work_pls_i/axi_smc/inst/clk_map/psr_aclk/U0/ACTIVE_LOW_BSR_OUT_DFF[0].FDRE_BSR_N/C
                            (rising edge-triggered cell FDRE clocked by clk_pl_0  {rise@0.000ns fall@5.156ns period=10.312ns})
  Destination:            work_pls_i/axi_smc/inst/s00_entry_pipeline/s00_si_converter/inst/xpm_cdc_async_rst_inst/arststages_ff_reg[0]/CLR
                            (removal check against rising-edge clock clk_pl_0  {rise@0.000ns fall@5.156ns period=10.312ns})
  Path Group:             (none)
  Path Type:              Removal (Min at Fast Process Corner)
  Data Path Delay:        0.502ns  (logic 0.039ns (7.767%)  route 0.463ns (92.233%))
  Logic Levels:           0  
  Clock Path Skew:        0.166ns (DCD - SCD - CPR)
    Destination Clock Delay (DCD):    1.255ns
    Source Clock Delay      (SCD):    1.089ns
    Clock Pessimism Removal (CPR):    -0.000ns
  Clock Uncertainty:      0.159ns  ((TSJ^2 + DJ^2)^1/2) / 2 + PE
    Total System Jitter     (TSJ):    0.071ns
    Discrete Jitter          (DJ):    0.310ns
    Phase Error              (PE):    0.000ns
  Clock Net Delay (Source):      0.969ns (routing 0.252ns, distribution 0.717ns)
  Clock Net Delay (Destination): 1.108ns (routing 0.282ns, distribution 0.826ns)
  Timing Exception:       False Path

    Location             Delay type                Incr(ns)  Path(ns)    Netlist Resource(s)
  -------------------------------------------------------------------    -------------------
                         (clock clk_pl_0 rise edge)
                                                      0.000     0.000 r  
    PS8_X0Y0             PS8                          0.000     0.000 r  work_pls_i/zynq_ultra_ps_e_0/U0/PS8_i/PLCLK[0]
                         net (fo=1, routed)           0.103     0.103    work_pls_i/zynq_ultra_ps_e_0/U0/pl_clk_unbuffered[0]
    BUFG_PS_X0Y58        BUFG_PS (Prop_BUFG_PS_I_O)
                                                      0.017     0.120 r  work_pls_i/zynq_ultra_ps_e_0/U0/buffer_pl_clk_0.PL_CLK_0_BUFG/O
    X2Y2 (CLOCK_ROOT)    net (fo=7597, routed)        0.969     1.089    work_pls_i/axi_smc/inst/clk_map/psr_aclk/U0/aclk
    SLICE_X23Y61         FDRE                                         r  work_pls_i/axi_smc/inst/clk_map/psr_aclk/U0/ACTIVE_LOW_BSR_OUT_DFF[0].FDRE_BSR_N/C
  -------------------------------------------------------------------    -------------------
    SLICE_X23Y61         FDRE (Prop_DFF_SLICEM_C_Q)
                                                      0.039     1.128 r  work_pls_i/axi_smc/inst/clk_map/psr_aclk/U0/ACTIVE_LOW_BSR_OUT_DFF[0].FDRE_BSR_N/Q
                         net (fo=18, routed)          0.463     1.591    work_pls_i/axi_smc/inst/s00_entry_pipeline/s00_si_converter/inst/xpm_cdc_async_rst_inst/src_arst
    SLICE_X26Y13         FDCE                                         f  work_pls_i/axi_smc/inst/s00_entry_pipeline/s00_si_converter/inst/xpm_cdc_async_rst_inst/arststages_ff_reg[0]/CLR  (IS_INVERTED)
  -------------------------------------------------------------------    -------------------

                         (clock clk_pl_0 rise edge)
                                                      0.000     0.000 r  
    PS8_X0Y0             PS8                          0.000     0.000 r  work_pls_i/zynq_ultra_ps_e_0/U0/PS8_i/PLCLK[0]
                         net (fo=1, routed)           0.129     0.129    work_pls_i/zynq_ultra_ps_e_0/U0/pl_clk_unbuffered[0]
    BUFG_PS_X0Y58        BUFG_PS (Prop_BUFG_PS_I_O)
                                                      0.018     0.147 r  work_pls_i/zynq_ultra_ps_e_0/U0/buffer_pl_clk_0.PL_CLK_0_BUFG/O
    X2Y2 (CLOCK_ROOT)    net (fo=7597, routed)        1.108     1.255    work_pls_i/axi_smc/inst/s00_entry_pipeline/s00_si_converter/inst/xpm_cdc_async_rst_inst/dest_clk
    SLICE_X26Y13         FDCE                                         r  work_pls_i/axi_smc/inst/s00_entry_pipeline/s00_si_converter/inst/xpm_cdc_async_rst_inst/arststages_ff_reg[0]/C

Slack:                    inf
  Source:                 work_pls_i/axi_smc/inst/clk_map/psr_aclk/U0/ACTIVE_LOW_BSR_OUT_DFF[0].FDRE_BSR_N/C
                            (rising edge-triggered cell FDRE clocked by clk_pl_0  {rise@0.000ns fall@5.156ns period=10.312ns})
  Destination:            work_pls_i/axi_smc/inst/s00_entry_pipeline/s00_si_converter/inst/xpm_cdc_async_rst_inst/arststages_ff_reg[1]/CLR
                            (removal check against rising-edge clock clk_pl_0  {rise@0.000ns fall@5.156ns period=10.312ns})
  Path Group:             (none)
  Path Type:              Removal (Min at Fast Process Corner)
  Data Path Delay:        0.502ns  (logic 0.039ns (7.767%)  route 0.463ns (92.233%))
  Logic Levels:           0  
  Clock Path Skew:        0.166ns (DCD - SCD - CPR)
    Destination Clock Delay (DCD):    1.255ns
    Source Clock Delay      (SCD):    1.089ns
    Clock Pessimism Removal (CPR):    -0.000ns
  Clock Uncertainty:      0.159ns  ((TSJ^2 + DJ^2)^1/2) / 2 + PE
    Total System Jitter     (TSJ):    0.071ns
    Discrete Jitter          (DJ):    0.310ns
    Phase Error              (PE):    0.000ns
  Clock Net Delay (Source):      0.969ns (routing 0.252ns, distribution 0.717ns)
  Clock Net Delay (Destination): 1.108ns (routing 0.282ns, distribution 0.826ns)
  Timing Exception:       False Path

    Location             Delay type                Incr(ns)  Path(ns)    Netlist Resource(s)
  -------------------------------------------------------------------    -------------------
                         (clock clk_pl_0 rise edge)
                                                      0.000     0.000 r  
    PS8_X0Y0             PS8                          0.000     0.000 r  work_pls_i/zynq_ultra_ps_e_0/U0/PS8_i/PLCLK[0]
                         net (fo=1, routed)           0.103     0.103    work_pls_i/zynq_ultra_ps_e_0/U0/pl_clk_unbuffered[0]
    BUFG_PS_X0Y58        BUFG_PS (Prop_BUFG_PS_I_O)
                                                      0.017     0.120 r  work_pls_i/zynq_ultra_ps_e_0/U0/buffer_pl_clk_0.PL_CLK_0_BUFG/O
    X2Y2 (CLOCK_ROOT)    net (fo=7597, routed)        0.969     1.089    work_pls_i/axi_smc/inst/clk_map/psr_aclk/U0/aclk
    SLICE_X23Y61         FDRE                                         r  work_pls_i/axi_smc/inst/clk_map/psr_aclk/U0/ACTIVE_LOW_BSR_OUT_DFF[0].FDRE_BSR_N/C
  -------------------------------------------------------------------    -------------------
    SLICE_X23Y61         FDRE (Prop_DFF_SLICEM_C_Q)
                                                      0.039     1.128 r  work_pls_i/axi_smc/inst/clk_map/psr_aclk/U0/ACTIVE_LOW_BSR_OUT_DFF[0].FDRE_BSR_N/Q
                         net (fo=18, routed)          0.463     1.591    work_pls_i/axi_smc/inst/s00_entry_pipeline/s00_si_converter/inst/xpm_cdc_async_rst_inst/src_arst
    SLICE_X26Y13         FDCE                                         f  work_pls_i/axi_smc/inst/s00_entry_pipeline/s00_si_converter/inst/xpm_cdc_async_rst_inst/arststages_ff_reg[1]/CLR  (IS_INVERTED)
  -------------------------------------------------------------------    -------------------

                         (clock clk_pl_0 rise edge)
                                                      0.000     0.000 r  
    PS8_X0Y0             PS8                          0.000     0.000 r  work_pls_i/zynq_ultra_ps_e_0/U0/PS8_i/PLCLK[0]
                         net (fo=1, routed)           0.129     0.129    work_pls_i/zynq_ultra_ps_e_0/U0/pl_clk_unbuffered[0]
    BUFG_PS_X0Y58        BUFG_PS (Prop_BUFG_PS_I_O)
                                                      0.018     0.147 r  work_pls_i/zynq_ultra_ps_e_0/U0/buffer_pl_clk_0.PL_CLK_0_BUFG/O
    X2Y2 (CLOCK_ROOT)    net (fo=7597, routed)        1.108     1.255    work_pls_i/axi_smc/inst/s00_entry_pipeline/s00_si_converter/inst/xpm_cdc_async_rst_inst/dest_clk
    SLICE_X26Y13         FDCE                                         r  work_pls_i/axi_smc/inst/s00_entry_pipeline/s00_si_converter/inst/xpm_cdc_async_rst_inst/arststages_ff_reg[1]/C

Slack:                    inf
  Source:                 work_pls_i/axi_smc/inst/clk_map/psr_aclk/U0/ACTIVE_LOW_BSR_OUT_DFF[0].FDRE_BSR_N/C
                            (rising edge-triggered cell FDRE clocked by clk_pl_0  {rise@0.000ns fall@5.156ns period=10.312ns})
  Destination:            work_pls_i/axi_smc/inst/s00_entry_pipeline/s00_si_converter/inst/xpm_cdc_async_rst_inst/arststages_ff_reg[2]/CLR
                            (removal check against rising-edge clock clk_pl_0  {rise@0.000ns fall@5.156ns period=10.312ns})
  Path Group:             (none)
  Path Type:              Removal (Min at Fast Process Corner)
  Data Path Delay:        0.502ns  (logic 0.039ns (7.767%)  route 0.463ns (92.233%))
  Logic Levels:           0  
  Clock Path Skew:        0.166ns (DCD - SCD - CPR)
    Destination Clock Delay (DCD):    1.255ns
    Source Clock Delay      (SCD):    1.089ns
    Clock Pessimism Removal (CPR):    -0.000ns
  Clock Uncertainty:      0.159ns  ((TSJ^2 + DJ^2)^1/2) / 2 + PE
    Total System Jitter     (TSJ):    0.071ns
    Discrete Jitter          (DJ):    0.310ns
    Phase Error              (PE):    0.000ns
  Clock Net Delay (Source):      0.969ns (routing 0.252ns, distribution 0.717ns)
  Clock Net Delay (Destination): 1.108ns (routing 0.282ns, distribution 0.826ns)
  Timing Exception:       False Path

    Location             Delay type                Incr(ns)  Path(ns)    Netlist Resource(s)
  -------------------------------------------------------------------    -------------------
                         (clock clk_pl_0 rise edge)
                                                      0.000     0.000 r  
    PS8_X0Y0             PS8                          0.000     0.000 r  work_pls_i/zynq_ultra_ps_e_0/U0/PS8_i/PLCLK[0]
                         net (fo=1, routed)           0.103     0.103    work_pls_i/zynq_ultra_ps_e_0/U0/pl_clk_unbuffered[0]
    BUFG_PS_X0Y58        BUFG_PS (Prop_BUFG_PS_I_O)
                                                      0.017     0.120 r  work_pls_i/zynq_ultra_ps_e_0/U0/buffer_pl_clk_0.PL_CLK_0_BUFG/O
    X2Y2 (CLOCK_ROOT)    net (fo=7597, routed)        0.969     1.089    work_pls_i/axi_smc/inst/clk_map/psr_aclk/U0/aclk
    SLICE_X23Y61         FDRE                                         r  work_pls_i/axi_smc/inst/clk_map/psr_aclk/U0/ACTIVE_LOW_BSR_OUT_DFF[0].FDRE_BSR_N/C
  -------------------------------------------------------------------    -------------------
    SLICE_X23Y61         FDRE (Prop_DFF_SLICEM_C_Q)
                                                      0.039     1.128 r  work_pls_i/axi_smc/inst/clk_map/psr_aclk/U0/ACTIVE_LOW_BSR_OUT_DFF[0].FDRE_BSR_N/Q
                         net (fo=18, routed)          0.463     1.591    work_pls_i/axi_smc/inst/s00_entry_pipeline/s00_si_converter/inst/xpm_cdc_async_rst_inst/src_arst
    SLICE_X26Y13         FDCE                                         f  work_pls_i/axi_smc/inst/s00_entry_pipeline/s00_si_converter/inst/xpm_cdc_async_rst_inst/arststages_ff_reg[2]/CLR  (IS_INVERTED)
  -------------------------------------------------------------------    -------------------

                         (clock clk_pl_0 rise edge)
                                                      0.000     0.000 r  
    PS8_X0Y0             PS8                          0.000     0.000 r  work_pls_i/zynq_ultra_ps_e_0/U0/PS8_i/PLCLK[0]
                         net (fo=1, routed)           0.129     0.129    work_pls_i/zynq_ultra_ps_e_0/U0/pl_clk_unbuffered[0]
    BUFG_PS_X0Y58        BUFG_PS (Prop_BUFG_PS_I_O)
                                                      0.018     0.147 r  work_pls_i/zynq_ultra_ps_e_0/U0/buffer_pl_clk_0.PL_CLK_0_BUFG/O
    X2Y2 (CLOCK_ROOT)    net (fo=7597, routed)        1.108     1.255    work_pls_i/axi_smc/inst/s00_entry_pipeline/s00_si_converter/inst/xpm_cdc_async_rst_inst/dest_clk
    SLICE_X26Y13         FDCE                                         r  work_pls_i/axi_smc/inst/s00_entry_pipeline/s00_si_converter/inst/xpm_cdc_async_rst_inst/arststages_ff_reg[2]/C

Slack:                    inf
  Source:                 work_pls_i/rst_ps8_0_96M/U0/ACTIVE_LOW_PR_OUT_DFF[0].FDRE_PER_N/C
                            (rising edge-triggered cell FDRE clocked by clk_pl_0  {rise@0.000ns fall@5.156ns period=10.312ns})
  Destination:            work_pls_i/axi_dma/U0/I_RST_MODULE/REG_HRD_RST_OUT/GENERATE_LEVEL_P_S_CDC.SINGLE_BIT.CROSS_PLEVEL_IN2SCNDRY_IN_cdc_to/D
                            (rising edge-triggered cell FDRE clocked by clk_pl_0  {rise@0.000ns fall@5.156ns period=10.312ns})
  Path Group:             (none)
  Path Type:              Hold (Min at Fast Process Corner)
  Data Path Delay:        0.681ns  (logic 0.039ns (5.728%)  route 0.642ns (94.272%))
  Logic Levels:           0  
  Clock Path Skew:        0.213ns (DCD - SCD - CPR)
    Destination Clock Delay (DCD):    1.223ns
    Source Clock Delay      (SCD):    1.010ns
    Clock Pessimism Removal (CPR):    -0.000ns
  Clock Uncertainty:      0.159ns  ((TSJ^2 + DJ^2)^1/2) / 2 + PE
    Total System Jitter     (TSJ):    0.071ns
    Discrete Jitter          (DJ):    0.310ns
    Phase Error              (PE):    0.000ns
  Clock Net Delay (Source):      0.890ns (routing 0.252ns, distribution 0.638ns)
  Clock Net Delay (Destination): 1.076ns (routing 0.282ns, distribution 0.794ns)
  Timing Exception:       False Path

    Location             Delay type                Incr(ns)  Path(ns)    Netlist Resource(s)
  -------------------------------------------------------------------    -------------------
                         (clock clk_pl_0 rise edge)
                                                      0.000     0.000 r  
    PS8_X0Y0             PS8                          0.000     0.000 r  work_pls_i/zynq_ultra_ps_e_0/U0/PS8_i/PLCLK[0]
                         net (fo=1, routed)           0.103     0.103    work_pls_i/zynq_ultra_ps_e_0/U0/pl_clk_unbuffered[0]
    BUFG_PS_X0Y58        BUFG_PS (Prop_BUFG_PS_I_O)
                                                      0.017     0.120 r  work_pls_i/zynq_ultra_ps_e_0/U0/buffer_pl_clk_0.PL_CLK_0_BUFG/O
    X2Y2 (CLOCK_ROOT)    net (fo=7597, routed)        0.890     1.010    work_pls_i/rst_ps8_0_96M/U0/slowest_sync_clk
    SLICE_X44Y153        FDRE                                         r  work_pls_i/rst_ps8_0_96M/U0/ACTIVE_LOW_PR_OUT_DFF[0].FDRE_PER_N/C
  -------------------------------------------------------------------    -------------------
    SLICE_X44Y153        FDRE (Prop_AFF_SLICEL_C_Q)
                                                      0.039     1.049 r  work_pls_i/rst_ps8_0_96M/U0/ACTIVE_LOW_PR_OUT_DFF[0].FDRE_PER_N/Q
                         net (fo=972, routed)         0.642     1.690    work_pls_i/axi_dma/U0/I_RST_MODULE/REG_HRD_RST_OUT/axi_resetn
    SLICE_X28Y121        FDRE                                         r  work_pls_i/axi_dma/U0/I_RST_MODULE/REG_HRD_RST_OUT/GENERATE_LEVEL_P_S_CDC.SINGLE_BIT.CROSS_PLEVEL_IN2SCNDRY_IN_cdc_to/D
  -------------------------------------------------------------------    -------------------

                         (clock clk_pl_0 rise edge)
                                                      0.000     0.000 r  
    PS8_X0Y0             PS8                          0.000     0.000 r  work_pls_i/zynq_ultra_ps_e_0/U0/PS8_i/PLCLK[0]
                         net (fo=1, routed)           0.129     0.129    work_pls_i/zynq_ultra_ps_e_0/U0/pl_clk_unbuffered[0]
    BUFG_PS_X0Y58        BUFG_PS (Prop_BUFG_PS_I_O)
                                                      0.018     0.147 r  work_pls_i/zynq_ultra_ps_e_0/U0/buffer_pl_clk_0.PL_CLK_0_BUFG/O
    X2Y2 (CLOCK_ROOT)    net (fo=7597, routed)        1.076     1.223    work_pls_i/axi_dma/U0/I_RST_MODULE/REG_HRD_RST_OUT/s_axi_lite_aclk
    SLICE_X28Y121        FDRE                                         r  work_pls_i/axi_dma/U0/I_RST_MODULE/REG_HRD_RST_OUT/GENERATE_LEVEL_P_S_CDC.SINGLE_BIT.CROSS_PLEVEL_IN2SCNDRY_IN_cdc_to/C

Slack:                    inf
  Source:                 work_pls_i/axi_smc/inst/clk_map/psr_aclk/U0/ACTIVE_LOW_BSR_OUT_DFF[0].FDRE_BSR_N/C
                            (rising edge-triggered cell FDRE clocked by clk_pl_0  {rise@0.000ns fall@5.156ns period=10.312ns})
  Destination:            work_pls_i/axi_smc/inst/s00_nodes/s00_b_node/inst/s_sc_xpm_cdc_async_rst_inst/arststages_ff_reg[0]/CLR
                            (removal check against rising-edge clock clk_pl_0  {rise@0.000ns fall@5.156ns period=10.312ns})
  Path Group:             (none)
  Path Type:              Removal (Min at Fast Process Corner)
  Data Path Delay:        0.603ns  (logic 0.039ns (6.473%)  route 0.564ns (93.527%))
  Logic Levels:           0  
  Clock Path Skew:        0.166ns (DCD - SCD - CPR)
    Destination Clock Delay (DCD):    1.255ns
    Source Clock Delay      (SCD):    1.089ns
    Clock Pessimism Removal (CPR):    -0.000ns
  Clock Uncertainty:      0.159ns  ((TSJ^2 + DJ^2)^1/2) / 2 + PE
    Total System Jitter     (TSJ):    0.071ns
    Discrete Jitter          (DJ):    0.310ns
    Phase Error              (PE):    0.000ns
  Clock Net Delay (Source):      0.969ns (routing 0.252ns, distribution 0.717ns)
  Clock Net Delay (Destination): 1.108ns (routing 0.282ns, distribution 0.826ns)
  Timing Exception:       False Path

    Location             Delay type                Incr(ns)  Path(ns)    Netlist Resource(s)
  -------------------------------------------------------------------    -------------------
                         (clock clk_pl_0 rise edge)
                                                      0.000     0.000 r  
    PS8_X0Y0             PS8                          0.000     0.000 r  work_pls_i/zynq_ultra_ps_e_0/U0/PS8_i/PLCLK[0]
                         net (fo=1, routed)           0.103     0.103    work_pls_i/zynq_ultra_ps_e_0/U0/pl_clk_unbuffered[0]
    BUFG_PS_X0Y58        BUFG_PS (Prop_BUFG_PS_I_O)
                                                      0.017     0.120 r  work_pls_i/zynq_ultra_ps_e_0/U0/buffer_pl_clk_0.PL_CLK_0_BUFG/O
    X2Y2 (CLOCK_ROOT)    net (fo=7597, routed)        0.969     1.089    work_pls_i/axi_smc/inst/clk_map/psr_aclk/U0/aclk
    SLICE_X23Y61         FDRE                                         r  work_pls_i/axi_smc/inst/clk_map/psr_aclk/U0/ACTIVE_LOW_BSR_OUT_DFF[0].FDRE_BSR_N/C
  -------------------------------------------------------------------    -------------------
    SLICE_X23Y61         FDRE (Prop_DFF_SLICEM_C_Q)
                                                      0.039     1.128 r  work_pls_i/axi_smc/inst/clk_map/psr_aclk/U0/ACTIVE_LOW_BSR_OUT_DFF[0].FDRE_BSR_N/Q
                         net (fo=18, routed)          0.564     1.692    work_pls_i/axi_smc/inst/s00_nodes/s00_b_node/inst/s_sc_xpm_cdc_async_rst_inst/src_arst
    SLICE_X30Y14         FDCE                                         f  work_pls_i/axi_smc/inst/s00_nodes/s00_b_node/inst/s_sc_xpm_cdc_async_rst_inst/arststages_ff_reg[0]/CLR  (IS_INVERTED)
  -------------------------------------------------------------------    -------------------

                         (clock clk_pl_0 rise edge)
                                                      0.000     0.000 r  
    PS8_X0Y0             PS8                          0.000     0.000 r  work_pls_i/zynq_ultra_ps_e_0/U0/PS8_i/PLCLK[0]
                         net (fo=1, routed)           0.129     0.129    work_pls_i/zynq_ultra_ps_e_0/U0/pl_clk_unbuffered[0]
    BUFG_PS_X0Y58        BUFG_PS (Prop_BUFG_PS_I_O)
                                                      0.018     0.147 r  work_pls_i/zynq_ultra_ps_e_0/U0/buffer_pl_clk_0.PL_CLK_0_BUFG/O
    X2Y2 (CLOCK_ROOT)    net (fo=7597, routed)        1.108     1.255    work_pls_i/axi_smc/inst/s00_nodes/s00_b_node/inst/s_sc_xpm_cdc_async_rst_inst/dest_clk
    SLICE_X30Y14         FDCE                                         r  work_pls_i/axi_smc/inst/s00_nodes/s00_b_node/inst/s_sc_xpm_cdc_async_rst_inst/arststages_ff_reg[0]/C

Slack:                    inf
  Source:                 work_pls_i/axi_smc/inst/clk_map/psr_aclk/U0/ACTIVE_LOW_BSR_OUT_DFF[0].FDRE_BSR_N/C
                            (rising edge-triggered cell FDRE clocked by clk_pl_0  {rise@0.000ns fall@5.156ns period=10.312ns})
  Destination:            work_pls_i/axi_smc/inst/s00_nodes/s00_b_node/inst/s_sc_xpm_cdc_async_rst_inst/arststages_ff_reg[1]/CLR
                            (removal check against rising-edge clock clk_pl_0  {rise@0.000ns fall@5.156ns period=10.312ns})
  Path Group:             (none)
  Path Type:              Removal (Min at Fast Process Corner)
  Data Path Delay:        0.603ns  (logic 0.039ns (6.473%)  route 0.564ns (93.527%))
  Logic Levels:           0  
  Clock Path Skew:        0.166ns (DCD - SCD - CPR)
    Destination Clock Delay (DCD):    1.255ns
    Source Clock Delay      (SCD):    1.089ns
    Clock Pessimism Removal (CPR):    -0.000ns
  Clock Uncertainty:      0.159ns  ((TSJ^2 + DJ^2)^1/2) / 2 + PE
    Total System Jitter     (TSJ):    0.071ns
    Discrete Jitter          (DJ):    0.310ns
    Phase Error              (PE):    0.000ns
  Clock Net Delay (Source):      0.969ns (routing 0.252ns, distribution 0.717ns)
  Clock Net Delay (Destination): 1.108ns (routing 0.282ns, distribution 0.826ns)
  Timing Exception:       False Path

    Location             Delay type                Incr(ns)  Path(ns)    Netlist Resource(s)
  -------------------------------------------------------------------    -------------------
                         (clock clk_pl_0 rise edge)
                                                      0.000     0.000 r  
    PS8_X0Y0             PS8                          0.000     0.000 r  work_pls_i/zynq_ultra_ps_e_0/U0/PS8_i/PLCLK[0]
                         net (fo=1, routed)           0.103     0.103    work_pls_i/zynq_ultra_ps_e_0/U0/pl_clk_unbuffered[0]
    BUFG_PS_X0Y58        BUFG_PS (Prop_BUFG_PS_I_O)
                                                      0.017     0.120 r  work_pls_i/zynq_ultra_ps_e_0/U0/buffer_pl_clk_0.PL_CLK_0_BUFG/O
    X2Y2 (CLOCK_ROOT)    net (fo=7597, routed)        0.969     1.089    work_pls_i/axi_smc/inst/clk_map/psr_aclk/U0/aclk
    SLICE_X23Y61         FDRE                                         r  work_pls_i/axi_smc/inst/clk_map/psr_aclk/U0/ACTIVE_LOW_BSR_OUT_DFF[0].FDRE_BSR_N/C
  -------------------------------------------------------------------    -------------------
    SLICE_X23Y61         FDRE (Prop_DFF_SLICEM_C_Q)
                                                      0.039     1.128 r  work_pls_i/axi_smc/inst/clk_map/psr_aclk/U0/ACTIVE_LOW_BSR_OUT_DFF[0].FDRE_BSR_N/Q
                         net (fo=18, routed)          0.564     1.692    work_pls_i/axi_smc/inst/s00_nodes/s00_b_node/inst/s_sc_xpm_cdc_async_rst_inst/src_arst
    SLICE_X30Y14         FDCE                                         f  work_pls_i/axi_smc/inst/s00_nodes/s00_b_node/inst/s_sc_xpm_cdc_async_rst_inst/arststages_ff_reg[1]/CLR  (IS_INVERTED)
  -------------------------------------------------------------------    -------------------

                         (clock clk_pl_0 rise edge)
                                                      0.000     0.000 r  
    PS8_X0Y0             PS8                          0.000     0.000 r  work_pls_i/zynq_ultra_ps_e_0/U0/PS8_i/PLCLK[0]
                         net (fo=1, routed)           0.129     0.129    work_pls_i/zynq_ultra_ps_e_0/U0/pl_clk_unbuffered[0]
    BUFG_PS_X0Y58        BUFG_PS (Prop_BUFG_PS_I_O)
                                                      0.018     0.147 r  work_pls_i/zynq_ultra_ps_e_0/U0/buffer_pl_clk_0.PL_CLK_0_BUFG/O
    X2Y2 (CLOCK_ROOT)    net (fo=7597, routed)        1.108     1.255    work_pls_i/axi_smc/inst/s00_nodes/s00_b_node/inst/s_sc_xpm_cdc_async_rst_inst/dest_clk
    SLICE_X30Y14         FDCE                                         r  work_pls_i/axi_smc/inst/s00_nodes/s00_b_node/inst/s_sc_xpm_cdc_async_rst_inst/arststages_ff_reg[1]/C

Slack:                    inf
  Source:                 work_pls_i/axi_smc/inst/clk_map/psr_aclk/U0/ACTIVE_LOW_BSR_OUT_DFF[0].FDRE_BSR_N/C
                            (rising edge-triggered cell FDRE clocked by clk_pl_0  {rise@0.000ns fall@5.156ns period=10.312ns})
  Destination:            work_pls_i/axi_smc/inst/s00_nodes/s00_b_node/inst/s_sc_xpm_cdc_async_rst_inst/arststages_ff_reg[2]/CLR
                            (removal check against rising-edge clock clk_pl_0  {rise@0.000ns fall@5.156ns period=10.312ns})
  Path Group:             (none)
  Path Type:              Removal (Min at Fast Process Corner)
  Data Path Delay:        0.603ns  (logic 0.039ns (6.473%)  route 0.564ns (93.527%))
  Logic Levels:           0  
  Clock Path Skew:        0.166ns (DCD - SCD - CPR)
    Destination Clock Delay (DCD):    1.255ns
    Source Clock Delay      (SCD):    1.089ns
    Clock Pessimism Removal (CPR):    -0.000ns
  Clock Uncertainty:      0.159ns  ((TSJ^2 + DJ^2)^1/2) / 2 + PE
    Total System Jitter     (TSJ):    0.071ns
    Discrete Jitter          (DJ):    0.310ns
    Phase Error              (PE):    0.000ns
  Clock Net Delay (Source):      0.969ns (routing 0.252ns, distribution 0.717ns)
  Clock Net Delay (Destination): 1.108ns (routing 0.282ns, distribution 0.826ns)
  Timing Exception:       False Path

    Location             Delay type                Incr(ns)  Path(ns)    Netlist Resource(s)
  -------------------------------------------------------------------    -------------------
                         (clock clk_pl_0 rise edge)
                                                      0.000     0.000 r  
    PS8_X0Y0             PS8                          0.000     0.000 r  work_pls_i/zynq_ultra_ps_e_0/U0/PS8_i/PLCLK[0]
                         net (fo=1, routed)           0.103     0.103    work_pls_i/zynq_ultra_ps_e_0/U0/pl_clk_unbuffered[0]
    BUFG_PS_X0Y58        BUFG_PS (Prop_BUFG_PS_I_O)
                                                      0.017     0.120 r  work_pls_i/zynq_ultra_ps_e_0/U0/buffer_pl_clk_0.PL_CLK_0_BUFG/O
    X2Y2 (CLOCK_ROOT)    net (fo=7597, routed)        0.969     1.089    work_pls_i/axi_smc/inst/clk_map/psr_aclk/U0/aclk
    SLICE_X23Y61         FDRE                                         r  work_pls_i/axi_smc/inst/clk_map/psr_aclk/U0/ACTIVE_LOW_BSR_OUT_DFF[0].FDRE_BSR_N/C
  -------------------------------------------------------------------    -------------------
    SLICE_X23Y61         FDRE (Prop_DFF_SLICEM_C_Q)
                                                      0.039     1.128 r  work_pls_i/axi_smc/inst/clk_map/psr_aclk/U0/ACTIVE_LOW_BSR_OUT_DFF[0].FDRE_BSR_N/Q
                         net (fo=18, routed)          0.564     1.692    work_pls_i/axi_smc/inst/s00_nodes/s00_b_node/inst/s_sc_xpm_cdc_async_rst_inst/src_arst
    SLICE_X30Y14         FDCE                                         f  work_pls_i/axi_smc/inst/s00_nodes/s00_b_node/inst/s_sc_xpm_cdc_async_rst_inst/arststages_ff_reg[2]/CLR  (IS_INVERTED)
  -------------------------------------------------------------------    -------------------

                         (clock clk_pl_0 rise edge)
                                                      0.000     0.000 r  
    PS8_X0Y0             PS8                          0.000     0.000 r  work_pls_i/zynq_ultra_ps_e_0/U0/PS8_i/PLCLK[0]
                         net (fo=1, routed)           0.129     0.129    work_pls_i/zynq_ultra_ps_e_0/U0/pl_clk_unbuffered[0]
    BUFG_PS_X0Y58        BUFG_PS (Prop_BUFG_PS_I_O)
                                                      0.018     0.147 r  work_pls_i/zynq_ultra_ps_e_0/U0/buffer_pl_clk_0.PL_CLK_0_BUFG/O
    X2Y2 (CLOCK_ROOT)    net (fo=7597, routed)        1.108     1.255    work_pls_i/axi_smc/inst/s00_nodes/s00_b_node/inst/s_sc_xpm_cdc_async_rst_inst/dest_clk
    SLICE_X30Y14         FDCE                                         r  work_pls_i/axi_smc/inst/s00_nodes/s00_b_node/inst/s_sc_xpm_cdc_async_rst_inst/arststages_ff_reg[2]/C





--------------------------------------------------------------------------------------
Path Group:  (none)
From Clock:  clk_pl_0
  To Clock:  

Max Delay             6 Endpoints
Min Delay             6 Endpoints
--------------------------------------------------------------------------------------


Max Delay Paths
--------------------------------------------------------------------------------------
Slack:                    inf
  Source:                 work_pls_i/zynq_ultra_ps_e_0/U0/PS8_i/PLCLK[0]
                            (clock source 'clk_pl_0'  {rise@0.000ns fall@5.156ns period=10.312ns})
  Destination:            work_pls_i/usp_rf_data_converter_0/inst/work_pls_usp_rf_data_converter_0_0_rf_wrapper_i/tx1_u_dac/PLL_MONCLK
  Path Group:             (none)
  Path Type:              Max at Slow Process Corner
  Data Path Delay:        2.375ns  (logic 0.028ns (1.179%)  route 2.347ns (98.821%))
  Logic Levels:           1  (BUFG_PS=1)
  Clock Uncertainty:      0.157ns  ((TSJ^2 + DJ^2)^1/2) / 2 + PE
    Total System Jitter     (TSJ):    0.050ns
    Discrete Jitter          (DJ):    0.310ns
    Phase Error              (PE):    0.000ns

    Location             Delay type                Incr(ns)  Path(ns)    Netlist Resource(s)
  -------------------------------------------------------------------    -------------------
                         (clock clk_pl_0 fall edge)
                                                      5.156     5.156 f  
    PS8_X0Y0             PS8                          0.000     5.156 f  work_pls_i/zynq_ultra_ps_e_0/U0/PS8_i/PLCLK[0]
                         net (fo=1, routed)           0.198     5.354    work_pls_i/zynq_ultra_ps_e_0/U0/pl_clk_unbuffered[0]
    BUFG_PS_X0Y58        BUFG_PS (Prop_BUFG_PS_I_O)
                                                      0.028     5.382 f  work_pls_i/zynq_ultra_ps_e_0/U0/buffer_pl_clk_0.PL_CLK_0_BUFG/O
                         net (fo=7597, routed)        2.149     7.531    work_pls_i/usp_rf_data_converter_0/inst/work_pls_usp_rf_data_converter_0_0_rf_wrapper_i/s_axi_aclk
    HSDAC_X0Y1           HSDAC                                        f  work_pls_i/usp_rf_data_converter_0/inst/work_pls_usp_rf_data_converter_0_0_rf_wrapper_i/tx1_u_dac/PLL_MONCLK
  -------------------------------------------------------------------    -------------------

Slack:                    inf
  Source:                 work_pls_i/zynq_ultra_ps_e_0/U0/PS8_i/PLCLK[0]
                            (clock source 'clk_pl_0'  {rise@0.000ns fall@5.156ns period=10.312ns})
  Destination:            work_pls_i/usp_rf_data_converter_0/inst/work_pls_usp_rf_data_converter_0_0_rf_wrapper_i/tx0_u_dac/PLL_MONCLK
  Path Group:             (none)
  Path Type:              Max at Slow Process Corner
  Data Path Delay:        2.355ns  (logic 0.028ns (1.189%)  route 2.327ns (98.811%))
  Logic Levels:           1  (BUFG_PS=1)
  Clock Uncertainty:      0.157ns  ((TSJ^2 + DJ^2)^1/2) / 2 + PE
    Total System Jitter     (TSJ):    0.050ns
    Discrete Jitter          (DJ):    0.310ns
    Phase Error              (PE):    0.000ns

    Location             Delay type                Incr(ns)  Path(ns)    Netlist Resource(s)
  -------------------------------------------------------------------    -------------------
                         (clock clk_pl_0 fall edge)
                                                      5.156     5.156 f  
    PS8_X0Y0             PS8                          0.000     5.156 f  work_pls_i/zynq_ultra_ps_e_0/U0/PS8_i/PLCLK[0]
                         net (fo=1, routed)           0.198     5.354    work_pls_i/zynq_ultra_ps_e_0/U0/pl_clk_unbuffered[0]
    BUFG_PS_X0Y58        BUFG_PS (Prop_BUFG_PS_I_O)
                                                      0.028     5.382 f  work_pls_i/zynq_ultra_ps_e_0/U0/buffer_pl_clk_0.PL_CLK_0_BUFG/O
                         net (fo=7597, routed)        2.129     7.511    work_pls_i/usp_rf_data_converter_0/inst/work_pls_usp_rf_data_converter_0_0_rf_wrapper_i/s_axi_aclk
    HSDAC_X0Y0           HSDAC                                        f  work_pls_i/usp_rf_data_converter_0/inst/work_pls_usp_rf_data_converter_0_0_rf_wrapper_i/tx0_u_dac/PLL_MONCLK
  -------------------------------------------------------------------    -------------------

Slack:                    inf
  Source:                 work_pls_i/zynq_ultra_ps_e_0/U0/PS8_i/PLCLK[0]
                            (clock source 'clk_pl_0'  {rise@0.000ns fall@5.156ns period=10.312ns})
  Destination:            work_pls_i/usp_rf_data_converter_0/inst/work_pls_usp_rf_data_converter_0_0_rf_wrapper_i/rx3_u_adc/PLL_MONCLK
  Path Group:             (none)
  Path Type:              Max at Slow Process Corner
  Data Path Delay:        2.332ns  (logic 0.028ns (1.201%)  route 2.304ns (98.799%))
  Logic Levels:           1  (BUFG_PS=1)
  Clock Uncertainty:      0.157ns  ((TSJ^2 + DJ^2)^1/2) / 2 + PE
    Total System Jitter     (TSJ):    0.050ns
    Discrete Jitter          (DJ):    0.310ns
    Phase Error              (PE):    0.000ns

    Location             Delay type                Incr(ns)  Path(ns)    Netlist Resource(s)
  -------------------------------------------------------------------    -------------------
                         (clock clk_pl_0 fall edge)
                                                      5.156     5.156 f  
    PS8_X0Y0             PS8                          0.000     5.156 f  work_pls_i/zynq_ultra_ps_e_0/U0/PS8_i/PLCLK[0]
                         net (fo=1, routed)           0.198     5.354    work_pls_i/zynq_ultra_ps_e_0/U0/pl_clk_unbuffered[0]
    BUFG_PS_X0Y58        BUFG_PS (Prop_BUFG_PS_I_O)
                                                      0.028     5.382 f  work_pls_i/zynq_ultra_ps_e_0/U0/buffer_pl_clk_0.PL_CLK_0_BUFG/O
                         net (fo=7597, routed)        2.106     7.488    work_pls_i/usp_rf_data_converter_0/inst/work_pls_usp_rf_data_converter_0_0_rf_wrapper_i/s_axi_aclk
    HSADC_X0Y3           HSADC                                        f  work_pls_i/usp_rf_data_converter_0/inst/work_pls_usp_rf_data_converter_0_0_rf_wrapper_i/rx3_u_adc/PLL_MONCLK
  -------------------------------------------------------------------    -------------------

Slack:                    inf
  Source:                 work_pls_i/zynq_ultra_ps_e_0/U0/PS8_i/PLCLK[0]
                            (clock source 'clk_pl_0'  {rise@0.000ns fall@5.156ns period=10.312ns})
  Destination:            work_pls_i/usp_rf_data_converter_0/inst/work_pls_usp_rf_data_converter_0_0_rf_wrapper_i/rx0_u_adc/PLL_MONCLK
  Path Group:             (none)
  Path Type:              Max at Slow Process Corner
  Data Path Delay:        2.327ns  (logic 0.028ns (1.203%)  route 2.299ns (98.797%))
  Logic Levels:           1  (BUFG_PS=1)
  Clock Uncertainty:      0.157ns  ((TSJ^2 + DJ^2)^1/2) / 2 + PE
    Total System Jitter     (TSJ):    0.050ns
    Discrete Jitter          (DJ):    0.310ns
    Phase Error              (PE):    0.000ns

    Location             Delay type                Incr(ns)  Path(ns)    Netlist Resource(s)
  -------------------------------------------------------------------    -------------------
                         (clock clk_pl_0 fall edge)
                                                      5.156     5.156 f  
    PS8_X0Y0             PS8                          0.000     5.156 f  work_pls_i/zynq_ultra_ps_e_0/U0/PS8_i/PLCLK[0]
                         net (fo=1, routed)           0.198     5.354    work_pls_i/zynq_ultra_ps_e_0/U0/pl_clk_unbuffered[0]
    BUFG_PS_X0Y58        BUFG_PS (Prop_BUFG_PS_I_O)
                                                      0.028     5.382 f  work_pls_i/zynq_ultra_ps_e_0/U0/buffer_pl_clk_0.PL_CLK_0_BUFG/O
                         net (fo=7597, routed)        2.101     7.483    work_pls_i/usp_rf_data_converter_0/inst/work_pls_usp_rf_data_converter_0_0_rf_wrapper_i/s_axi_aclk
    HSADC_X0Y0           HSADC                                        f  work_pls_i/usp_rf_data_converter_0/inst/work_pls_usp_rf_data_converter_0_0_rf_wrapper_i/rx0_u_adc/PLL_MONCLK
  -------------------------------------------------------------------    -------------------

Slack:                    inf
  Source:                 work_pls_i/zynq_ultra_ps_e_0/U0/PS8_i/PLCLK[0]
                            (clock source 'clk_pl_0'  {rise@0.000ns fall@5.156ns period=10.312ns})
  Destination:            work_pls_i/usp_rf_data_converter_0/inst/work_pls_usp_rf_data_converter_0_0_rf_wrapper_i/rx1_u_adc/PLL_MONCLK
  Path Group:             (none)
  Path Type:              Max at Slow Process Corner
  Data Path Delay:        2.326ns  (logic 0.028ns (1.204%)  route 2.298ns (98.796%))
  Logic Levels:           1  (BUFG_PS=1)
  Clock Uncertainty:      0.157ns  ((TSJ^2 + DJ^2)^1/2) / 2 + PE
    Total System Jitter     (TSJ):    0.050ns
    Discrete Jitter          (DJ):    0.310ns
    Phase Error              (PE):    0.000ns

    Location             Delay type                Incr(ns)  Path(ns)    Netlist Resource(s)
  -------------------------------------------------------------------    -------------------
                         (clock clk_pl_0 fall edge)
                                                      5.156     5.156 f  
    PS8_X0Y0             PS8                          0.000     5.156 f  work_pls_i/zynq_ultra_ps_e_0/U0/PS8_i/PLCLK[0]
                         net (fo=1, routed)           0.198     5.354    work_pls_i/zynq_ultra_ps_e_0/U0/pl_clk_unbuffered[0]
    BUFG_PS_X0Y58        BUFG_PS (Prop_BUFG_PS_I_O)
                                                      0.028     5.382 f  work_pls_i/zynq_ultra_ps_e_0/U0/buffer_pl_clk_0.PL_CLK_0_BUFG/O
                         net (fo=7597, routed)        2.100     7.482    work_pls_i/usp_rf_data_converter_0/inst/work_pls_usp_rf_data_converter_0_0_rf_wrapper_i/s_axi_aclk
    HSADC_X0Y1           HSADC                                        f  work_pls_i/usp_rf_data_converter_0/inst/work_pls_usp_rf_data_converter_0_0_rf_wrapper_i/rx1_u_adc/PLL_MONCLK
  -------------------------------------------------------------------    -------------------

Slack:                    inf
  Source:                 work_pls_i/zynq_ultra_ps_e_0/U0/PS8_i/PLCLK[0]
                            (clock source 'clk_pl_0'  {rise@0.000ns fall@5.156ns period=10.312ns})
  Destination:            work_pls_i/usp_rf_data_converter_0/inst/work_pls_usp_rf_data_converter_0_0_rf_wrapper_i/rx2_u_adc/PLL_MONCLK
  Path Group:             (none)
  Path Type:              Max at Slow Process Corner
  Data Path Delay:        2.284ns  (logic 0.028ns (1.226%)  route 2.256ns (98.774%))
  Logic Levels:           1  (BUFG_PS=1)
  Clock Uncertainty:      0.157ns  ((TSJ^2 + DJ^2)^1/2) / 2 + PE
    Total System Jitter     (TSJ):    0.050ns
    Discrete Jitter          (DJ):    0.310ns
    Phase Error              (PE):    0.000ns

    Location             Delay type                Incr(ns)  Path(ns)    Netlist Resource(s)
  -------------------------------------------------------------------    -------------------
                         (clock clk_pl_0 fall edge)
                                                      5.156     5.156 f  
    PS8_X0Y0             PS8                          0.000     5.156 f  work_pls_i/zynq_ultra_ps_e_0/U0/PS8_i/PLCLK[0]
                         net (fo=1, routed)           0.198     5.354    work_pls_i/zynq_ultra_ps_e_0/U0/pl_clk_unbuffered[0]
    BUFG_PS_X0Y58        BUFG_PS (Prop_BUFG_PS_I_O)
                                                      0.028     5.382 f  work_pls_i/zynq_ultra_ps_e_0/U0/buffer_pl_clk_0.PL_CLK_0_BUFG/O
                         net (fo=7597, routed)        2.058     7.440    work_pls_i/usp_rf_data_converter_0/inst/work_pls_usp_rf_data_converter_0_0_rf_wrapper_i/s_axi_aclk
    HSADC_X0Y2           HSADC                                        f  work_pls_i/usp_rf_data_converter_0/inst/work_pls_usp_rf_data_converter_0_0_rf_wrapper_i/rx2_u_adc/PLL_MONCLK
  -------------------------------------------------------------------    -------------------





Min Delay Paths
--------------------------------------------------------------------------------------
Slack:                    inf
  Source:                 work_pls_i/zynq_ultra_ps_e_0/U0/PS8_i/PLCLK[0]
                            (clock source 'clk_pl_0'  {rise@0.000ns fall@5.156ns period=10.312ns})
  Destination:            work_pls_i/usp_rf_data_converter_0/inst/work_pls_usp_rf_data_converter_0_0_rf_wrapper_i/rx2_u_adc/PLL_MONCLK
  Path Group:             (none)
  Path Type:              Min at Fast Process Corner
  Data Path Delay:        1.233ns  (logic 0.017ns (1.379%)  route 1.216ns (98.621%))
  Logic Levels:           1  (BUFG_PS=1)
  Clock Uncertainty:      0.157ns  ((TSJ^2 + DJ^2)^1/2) / 2 + PE
    Total System Jitter     (TSJ):    0.050ns
    Discrete Jitter          (DJ):    0.310ns
    Phase Error              (PE):    0.000ns

    Location             Delay type                Incr(ns)  Path(ns)    Netlist Resource(s)
  -------------------------------------------------------------------    -------------------
                         (clock clk_pl_0 rise edge)
                                                      0.000     0.000 r  
    PS8_X0Y0             PS8                          0.000     0.000 r  work_pls_i/zynq_ultra_ps_e_0/U0/PS8_i/PLCLK[0]
                         net (fo=1, routed)           0.103     0.103    work_pls_i/zynq_ultra_ps_e_0/U0/pl_clk_unbuffered[0]
    BUFG_PS_X0Y58        BUFG_PS (Prop_BUFG_PS_I_O)
                                                      0.017     0.120 r  work_pls_i/zynq_ultra_ps_e_0/U0/buffer_pl_clk_0.PL_CLK_0_BUFG/O
                         net (fo=7597, routed)        1.113     1.233    work_pls_i/usp_rf_data_converter_0/inst/work_pls_usp_rf_data_converter_0_0_rf_wrapper_i/s_axi_aclk
    HSADC_X0Y2           HSADC                                        r  work_pls_i/usp_rf_data_converter_0/inst/work_pls_usp_rf_data_converter_0_0_rf_wrapper_i/rx2_u_adc/PLL_MONCLK
  -------------------------------------------------------------------    -------------------

Slack:                    inf
  Source:                 work_pls_i/zynq_ultra_ps_e_0/U0/PS8_i/PLCLK[0]
                            (clock source 'clk_pl_0'  {rise@0.000ns fall@5.156ns period=10.312ns})
  Destination:            work_pls_i/usp_rf_data_converter_0/inst/work_pls_usp_rf_data_converter_0_0_rf_wrapper_i/rx1_u_adc/PLL_MONCLK
  Path Group:             (none)
  Path Type:              Min at Fast Process Corner
  Data Path Delay:        1.252ns  (logic 0.017ns (1.358%)  route 1.235ns (98.642%))
  Logic Levels:           1  (BUFG_PS=1)
  Clock Uncertainty:      0.157ns  ((TSJ^2 + DJ^2)^1/2) / 2 + PE
    Total System Jitter     (TSJ):    0.050ns
    Discrete Jitter          (DJ):    0.310ns
    Phase Error              (PE):    0.000ns

    Location             Delay type                Incr(ns)  Path(ns)    Netlist Resource(s)
  -------------------------------------------------------------------    -------------------
                         (clock clk_pl_0 rise edge)
                                                      0.000     0.000 r  
    PS8_X0Y0             PS8                          0.000     0.000 r  work_pls_i/zynq_ultra_ps_e_0/U0/PS8_i/PLCLK[0]
                         net (fo=1, routed)           0.103     0.103    work_pls_i/zynq_ultra_ps_e_0/U0/pl_clk_unbuffered[0]
    BUFG_PS_X0Y58        BUFG_PS (Prop_BUFG_PS_I_O)
                                                      0.017     0.120 r  work_pls_i/zynq_ultra_ps_e_0/U0/buffer_pl_clk_0.PL_CLK_0_BUFG/O
                         net (fo=7597, routed)        1.132     1.252    work_pls_i/usp_rf_data_converter_0/inst/work_pls_usp_rf_data_converter_0_0_rf_wrapper_i/s_axi_aclk
    HSADC_X0Y1           HSADC                                        r  work_pls_i/usp_rf_data_converter_0/inst/work_pls_usp_rf_data_converter_0_0_rf_wrapper_i/rx1_u_adc/PLL_MONCLK
  -------------------------------------------------------------------    -------------------

Slack:                    inf
  Source:                 work_pls_i/zynq_ultra_ps_e_0/U0/PS8_i/PLCLK[0]
                            (clock source 'clk_pl_0'  {rise@0.000ns fall@5.156ns period=10.312ns})
  Destination:            work_pls_i/usp_rf_data_converter_0/inst/work_pls_usp_rf_data_converter_0_0_rf_wrapper_i/rx3_u_adc/PLL_MONCLK
  Path Group:             (none)
  Path Type:              Min at Fast Process Corner
  Data Path Delay:        1.259ns  (logic 0.017ns (1.350%)  route 1.242ns (98.650%))
  Logic Levels:           1  (BUFG_PS=1)
  Clock Uncertainty:      0.157ns  ((TSJ^2 + DJ^2)^1/2) / 2 + PE
    Total System Jitter     (TSJ):    0.050ns
    Discrete Jitter          (DJ):    0.310ns
    Phase Error              (PE):    0.000ns

    Location             Delay type                Incr(ns)  Path(ns)    Netlist Resource(s)
  -------------------------------------------------------------------    -------------------
                         (clock clk_pl_0 rise edge)
                                                      0.000     0.000 r  
    PS8_X0Y0             PS8                          0.000     0.000 r  work_pls_i/zynq_ultra_ps_e_0/U0/PS8_i/PLCLK[0]
                         net (fo=1, routed)           0.103     0.103    work_pls_i/zynq_ultra_ps_e_0/U0/pl_clk_unbuffered[0]
    BUFG_PS_X0Y58        BUFG_PS (Prop_BUFG_PS_I_O)
                                                      0.017     0.120 r  work_pls_i/zynq_ultra_ps_e_0/U0/buffer_pl_clk_0.PL_CLK_0_BUFG/O
                         net (fo=7597, routed)        1.139     1.259    work_pls_i/usp_rf_data_converter_0/inst/work_pls_usp_rf_data_converter_0_0_rf_wrapper_i/s_axi_aclk
    HSADC_X0Y3           HSADC                                        r  work_pls_i/usp_rf_data_converter_0/inst/work_pls_usp_rf_data_converter_0_0_rf_wrapper_i/rx3_u_adc/PLL_MONCLK
  -------------------------------------------------------------------    -------------------

Slack:                    inf
  Source:                 work_pls_i/zynq_ultra_ps_e_0/U0/PS8_i/PLCLK[0]
                            (clock source 'clk_pl_0'  {rise@0.000ns fall@5.156ns period=10.312ns})
  Destination:            work_pls_i/usp_rf_data_converter_0/inst/work_pls_usp_rf_data_converter_0_0_rf_wrapper_i/rx0_u_adc/PLL_MONCLK
  Path Group:             (none)
  Path Type:              Min at Fast Process Corner
  Data Path Delay:        1.262ns  (logic 0.017ns (1.347%)  route 1.245ns (98.653%))
  Logic Levels:           1  (BUFG_PS=1)
  Clock Uncertainty:      0.157ns  ((TSJ^2 + DJ^2)^1/2) / 2 + PE
    Total System Jitter     (TSJ):    0.050ns
    Discrete Jitter          (DJ):    0.310ns
    Phase Error              (PE):    0.000ns

    Location             Delay type                Incr(ns)  Path(ns)    Netlist Resource(s)
  -------------------------------------------------------------------    -------------------
                         (clock clk_pl_0 rise edge)
                                                      0.000     0.000 r  
    PS8_X0Y0             PS8                          0.000     0.000 r  work_pls_i/zynq_ultra_ps_e_0/U0/PS8_i/PLCLK[0]
                         net (fo=1, routed)           0.103     0.103    work_pls_i/zynq_ultra_ps_e_0/U0/pl_clk_unbuffered[0]
    BUFG_PS_X0Y58        BUFG_PS (Prop_BUFG_PS_I_O)
                                                      0.017     0.120 r  work_pls_i/zynq_ultra_ps_e_0/U0/buffer_pl_clk_0.PL_CLK_0_BUFG/O
                         net (fo=7597, routed)        1.142     1.262    work_pls_i/usp_rf_data_converter_0/inst/work_pls_usp_rf_data_converter_0_0_rf_wrapper_i/s_axi_aclk
    HSADC_X0Y0           HSADC                                        r  work_pls_i/usp_rf_data_converter_0/inst/work_pls_usp_rf_data_converter_0_0_rf_wrapper_i/rx0_u_adc/PLL_MONCLK
  -------------------------------------------------------------------    -------------------

Slack:                    inf
  Source:                 work_pls_i/zynq_ultra_ps_e_0/U0/PS8_i/PLCLK[0]
                            (clock source 'clk_pl_0'  {rise@0.000ns fall@5.156ns period=10.312ns})
  Destination:            work_pls_i/usp_rf_data_converter_0/inst/work_pls_usp_rf_data_converter_0_0_rf_wrapper_i/tx0_u_dac/PLL_MONCLK
  Path Group:             (none)
  Path Type:              Min at Fast Process Corner
  Data Path Delay:        1.272ns  (logic 0.017ns (1.336%)  route 1.255ns (98.664%))
  Logic Levels:           1  (BUFG_PS=1)
  Clock Uncertainty:      0.157ns  ((TSJ^2 + DJ^2)^1/2) / 2 + PE
    Total System Jitter     (TSJ):    0.050ns
    Discrete Jitter          (DJ):    0.310ns
    Phase Error              (PE):    0.000ns

    Location             Delay type                Incr(ns)  Path(ns)    Netlist Resource(s)
  -------------------------------------------------------------------    -------------------
                         (clock clk_pl_0 rise edge)
                                                      0.000     0.000 r  
    PS8_X0Y0             PS8                          0.000     0.000 r  work_pls_i/zynq_ultra_ps_e_0/U0/PS8_i/PLCLK[0]
                         net (fo=1, routed)           0.103     0.103    work_pls_i/zynq_ultra_ps_e_0/U0/pl_clk_unbuffered[0]
    BUFG_PS_X0Y58        BUFG_PS (Prop_BUFG_PS_I_O)
                                                      0.017     0.120 r  work_pls_i/zynq_ultra_ps_e_0/U0/buffer_pl_clk_0.PL_CLK_0_BUFG/O
                         net (fo=7597, routed)        1.152     1.272    work_pls_i/usp_rf_data_converter_0/inst/work_pls_usp_rf_data_converter_0_0_rf_wrapper_i/s_axi_aclk
    HSDAC_X0Y0           HSDAC                                        r  work_pls_i/usp_rf_data_converter_0/inst/work_pls_usp_rf_data_converter_0_0_rf_wrapper_i/tx0_u_dac/PLL_MONCLK
  -------------------------------------------------------------------    -------------------

Slack:                    inf
  Source:                 work_pls_i/zynq_ultra_ps_e_0/U0/PS8_i/PLCLK[0]
                            (clock source 'clk_pl_0'  {rise@0.000ns fall@5.156ns period=10.312ns})
  Destination:            work_pls_i/usp_rf_data_converter_0/inst/work_pls_usp_rf_data_converter_0_0_rf_wrapper_i/tx1_u_dac/PLL_MONCLK
  Path Group:             (none)
  Path Type:              Min at Fast Process Corner
  Data Path Delay:        1.287ns  (logic 0.017ns (1.321%)  route 1.270ns (98.679%))
  Logic Levels:           1  (BUFG_PS=1)
  Clock Uncertainty:      0.157ns  ((TSJ^2 + DJ^2)^1/2) / 2 + PE
    Total System Jitter     (TSJ):    0.050ns
    Discrete Jitter          (DJ):    0.310ns
    Phase Error              (PE):    0.000ns

    Location             Delay type                Incr(ns)  Path(ns)    Netlist Resource(s)
  -------------------------------------------------------------------    -------------------
                         (clock clk_pl_0 rise edge)
                                                      0.000     0.000 r  
    PS8_X0Y0             PS8                          0.000     0.000 r  work_pls_i/zynq_ultra_ps_e_0/U0/PS8_i/PLCLK[0]
                         net (fo=1, routed)           0.103     0.103    work_pls_i/zynq_ultra_ps_e_0/U0/pl_clk_unbuffered[0]
    BUFG_PS_X0Y58        BUFG_PS (Prop_BUFG_PS_I_O)
                                                      0.017     0.120 r  work_pls_i/zynq_ultra_ps_e_0/U0/buffer_pl_clk_0.PL_CLK_0_BUFG/O
                         net (fo=7597, routed)        1.167     1.287    work_pls_i/usp_rf_data_converter_0/inst/work_pls_usp_rf_data_converter_0_0_rf_wrapper_i/s_axi_aclk
    HSDAC_X0Y1           HSDAC                                        r  work_pls_i/usp_rf_data_converter_0/inst/work_pls_usp_rf_data_converter_0_0_rf_wrapper_i/tx1_u_dac/PLL_MONCLK
  -------------------------------------------------------------------    -------------------





--------------------------------------------------------------------------------------
Path Group:  (none)
From Clock:  
  To Clock:  clk_pl_0

Max Delay            23 Endpoints
Min Delay            23 Endpoints
--------------------------------------------------------------------------------------


Max Delay Paths
--------------------------------------------------------------------------------------
Slack:                    inf
  Source:                 work_pls_i/usp_rf_data_converter_0/inst/work_pls_usp_rf_data_converter_0_0_rf_wrapper_i/tx1_u_dac/STATUS_COMMON[1]
                            (internal pin)
  Destination:            work_pls_i/usp_rf_data_converter_0/inst/IP2Bus_Data_reg[1]/D
                            (rising edge-triggered cell FDRE clocked by clk_pl_0  {rise@0.000ns fall@5.156ns period=10.312ns})
  Path Group:             (none)
  Path Type:              Setup (Max at Slow Process Corner)
  Data Path Delay:        3.250ns  (logic 0.609ns (18.737%)  route 2.641ns (81.263%))
  Logic Levels:           5  (LUT4=1 LUT6=4)
  Clock Uncertainty:      0.157ns  ((TSJ^2 + DJ^2)^1/2) / 2 + PE
    Total System Jitter     (TSJ):    0.050ns
    Discrete Jitter          (DJ):    0.310ns
    Phase Error              (PE):    0.000ns
  Clock Net Delay (Destination): 1.814ns (routing 0.423ns, distribution 1.391ns)

    Location             Delay type                Incr(ns)  Path(ns)    Netlist Resource(s)
  -------------------------------------------------------------------    -------------------
    HSDAC_X0Y1           HSDAC                        0.000     0.000 r  work_pls_i/usp_rf_data_converter_0/inst/work_pls_usp_rf_data_converter_0_0_rf_wrapper_i/tx1_u_dac/STATUS_COMMON[1]
                         net (fo=2, routed)           2.118     2.118    work_pls_i/usp_rf_data_converter_0/inst/i_axi_lite_ipif/I_SLAVE_ATTACHMENT/I_DECODER/dac1_common_stat[1]
    SLICE_X112Y98        LUT4 (Prop_E6LUT_SLICEM_I0_O)
                                                      0.148     2.266 r  work_pls_i/usp_rf_data_converter_0/inst/i_axi_lite_ipif/I_SLAVE_ATTACHMENT/I_DECODER/IP2Bus_Data[1]_i_62/O
                         net (fo=1, routed)           0.099     2.365    work_pls_i/usp_rf_data_converter_0/inst/i_axi_lite_ipif/I_SLAVE_ATTACHMENT/I_DECODER/IP2Bus_Data[1]_i_62_n_0
    SLICE_X110Y98        LUT6 (Prop_C6LUT_SLICEM_I0_O)
                                                      0.098     2.463 r  work_pls_i/usp_rf_data_converter_0/inst/i_axi_lite_ipif/I_SLAVE_ATTACHMENT/I_DECODER/IP2Bus_Data[1]_i_50/O
                         net (fo=1, routed)           0.127     2.590    work_pls_i/usp_rf_data_converter_0/inst/i_axi_lite_ipif/I_SLAVE_ATTACHMENT/I_DECODER/IP2Bus_Data[1]_i_50_n_0
    SLICE_X109Y98        LUT6 (Prop_H6LUT_SLICEM_I2_O)
                                                      0.152     2.742 r  work_pls_i/usp_rf_data_converter_0/inst/i_axi_lite_ipif/I_SLAVE_ATTACHMENT/I_DECODER/IP2Bus_Data[1]_i_22/O
                         net (fo=1, routed)           0.048     2.790    work_pls_i/usp_rf_data_converter_0/inst/i_axi_lite_ipif/I_SLAVE_ATTACHMENT/I_DECODER/IP2Bus_Data[1]_i_22_n_0
    SLICE_X109Y98        LUT6 (Prop_C6LUT_SLICEM_I3_O)
                                                      0.123     2.913 r  work_pls_i/usp_rf_data_converter_0/inst/i_axi_lite_ipif/I_SLAVE_ATTACHMENT/I_DECODER/IP2Bus_Data[1]_i_6/O
                         net (fo=1, routed)           0.183     3.096    work_pls_i/usp_rf_data_converter_0/inst/i_axi_lite_ipif/I_SLAVE_ATTACHMENT/I_DECODER/IP2Bus_Data[1]_i_6_n_0
    SLICE_X113Y98        LUT6 (Prop_C6LUT_SLICEM_I5_O)
                                                      0.088     3.184 r  work_pls_i/usp_rf_data_converter_0/inst/i_axi_lite_ipif/I_SLAVE_ATTACHMENT/I_DECODER/IP2Bus_Data[1]_i_1/O
                         net (fo=1, routed)           0.066     3.250    work_pls_i/usp_rf_data_converter_0/inst/i_axi_lite_ipif_n_83
    SLICE_X113Y98        FDRE                                         r  work_pls_i/usp_rf_data_converter_0/inst/IP2Bus_Data_reg[1]/D
  -------------------------------------------------------------------    -------------------

                         (clock clk_pl_0 rise edge)
                                                      0.000     0.000 r  
    PS8_X0Y0             PS8                          0.000     0.000 r  work_pls_i/zynq_ultra_ps_e_0/U0/PS8_i/PLCLK[0]
                         net (fo=1, routed)           0.157     0.157    work_pls_i/zynq_ultra_ps_e_0/U0/pl_clk_unbuffered[0]
    BUFG_PS_X0Y58        BUFG_PS (Prop_BUFG_PS_I_O)
                                                      0.025     0.182 r  work_pls_i/zynq_ultra_ps_e_0/U0/buffer_pl_clk_0.PL_CLK_0_BUFG/O
    X2Y2 (CLOCK_ROOT)    net (fo=7597, routed)        1.814     1.996    work_pls_i/usp_rf_data_converter_0/inst/s_axi_aclk
    SLICE_X113Y98        FDRE                                         r  work_pls_i/usp_rf_data_converter_0/inst/IP2Bus_Data_reg[1]/C

Slack:                    inf
  Source:                 work_pls_i/usp_rf_data_converter_0/inst/work_pls_usp_rf_data_converter_0_0_rf_wrapper_i/tx1_u_dac/STATUS_COMMON[2]
                            (internal pin)
  Destination:            work_pls_i/usp_rf_data_converter_0/inst/IP2Bus_Data_reg[2]/D
                            (rising edge-triggered cell FDRE clocked by clk_pl_0  {rise@0.000ns fall@5.156ns period=10.312ns})
  Path Group:             (none)
  Path Type:              Setup (Max at Slow Process Corner)
  Data Path Delay:        3.206ns  (logic 0.371ns (11.572%)  route 2.835ns (88.428%))
  Logic Levels:           5  (LUT4=1 LUT6=4)
  Clock Uncertainty:      0.157ns  ((TSJ^2 + DJ^2)^1/2) / 2 + PE
    Total System Jitter     (TSJ):    0.050ns
    Discrete Jitter          (DJ):    0.310ns
    Phase Error              (PE):    0.000ns
  Clock Net Delay (Destination): 1.811ns (routing 0.423ns, distribution 1.388ns)

    Location             Delay type                Incr(ns)  Path(ns)    Netlist Resource(s)
  -------------------------------------------------------------------    -------------------
    HSDAC_X0Y1           HSDAC                        0.000     0.000 r  work_pls_i/usp_rf_data_converter_0/inst/work_pls_usp_rf_data_converter_0_0_rf_wrapper_i/tx1_u_dac/STATUS_COMMON[2]
                         net (fo=1, routed)           2.131     2.131    work_pls_i/usp_rf_data_converter_0/inst/i_axi_lite_ipif/I_SLAVE_ATTACHMENT/I_DECODER/dac1_common_stat[2]
    SLICE_X112Y100       LUT4 (Prop_F6LUT_SLICEM_I0_O)
                                                      0.123     2.254 r  work_pls_i/usp_rf_data_converter_0/inst/i_axi_lite_ipif/I_SLAVE_ATTACHMENT/I_DECODER/IP2Bus_Data[2]_i_58/O
                         net (fo=1, routed)           0.169     2.423    work_pls_i/usp_rf_data_converter_0/inst/i_axi_lite_ipif/I_SLAVE_ATTACHMENT/I_DECODER/IP2Bus_Data[2]_i_58_n_0
    SLICE_X111Y100       LUT6 (Prop_B6LUT_SLICEL_I0_O)
                                                      0.036     2.459 r  work_pls_i/usp_rf_data_converter_0/inst/i_axi_lite_ipif/I_SLAVE_ATTACHMENT/I_DECODER/IP2Bus_Data[2]_i_26/O
                         net (fo=1, routed)           0.094     2.553    work_pls_i/usp_rf_data_converter_0/inst/i_axi_lite_ipif/I_SLAVE_ATTACHMENT/I_DECODER/IP2Bus_Data[2]_i_26_n_0
    SLICE_X111Y100       LUT6 (Prop_G6LUT_SLICEL_I4_O)
                                                      0.050     2.603 r  work_pls_i/usp_rf_data_converter_0/inst/i_axi_lite_ipif/I_SLAVE_ATTACHMENT/I_DECODER/IP2Bus_Data[2]_i_9/O
                         net (fo=1, routed)           0.215     2.818    work_pls_i/usp_rf_data_converter_0/inst/i_axi_lite_ipif/I_SLAVE_ATTACHMENT/I_DECODER/IP2Bus_Data[2]_i_9_n_0
    SLICE_X113Y101       LUT6 (Prop_H6LUT_SLICEM_I3_O)
                                                      0.125     2.943 r  work_pls_i/usp_rf_data_converter_0/inst/i_axi_lite_ipif/I_SLAVE_ATTACHMENT/I_DECODER/IP2Bus_Data[2]_i_2/O
                         net (fo=1, routed)           0.160     3.103    work_pls_i/usp_rf_data_converter_0/inst/i_axi_lite_ipif/I_SLAVE_ATTACHMENT/I_DECODER/IP2Bus_Data[2]_i_2_n_0
    SLICE_X113Y99        LUT6 (Prop_C6LUT_SLICEM_I0_O)
                                                      0.037     3.140 r  work_pls_i/usp_rf_data_converter_0/inst/i_axi_lite_ipif/I_SLAVE_ATTACHMENT/I_DECODER/IP2Bus_Data[2]_i_1/O
                         net (fo=1, routed)           0.066     3.206    work_pls_i/usp_rf_data_converter_0/inst/i_axi_lite_ipif_n_82
    SLICE_X113Y99        FDRE                                         r  work_pls_i/usp_rf_data_converter_0/inst/IP2Bus_Data_reg[2]/D
  -------------------------------------------------------------------    -------------------

                         (clock clk_pl_0 rise edge)
                                                      0.000     0.000 r  
    PS8_X0Y0             PS8                          0.000     0.000 r  work_pls_i/zynq_ultra_ps_e_0/U0/PS8_i/PLCLK[0]
                         net (fo=1, routed)           0.157     0.157    work_pls_i/zynq_ultra_ps_e_0/U0/pl_clk_unbuffered[0]
    BUFG_PS_X0Y58        BUFG_PS (Prop_BUFG_PS_I_O)
                                                      0.025     0.182 r  work_pls_i/zynq_ultra_ps_e_0/U0/buffer_pl_clk_0.PL_CLK_0_BUFG/O
    X2Y2 (CLOCK_ROOT)    net (fo=7597, routed)        1.811     1.993    work_pls_i/usp_rf_data_converter_0/inst/s_axi_aclk
    SLICE_X113Y99        FDRE                                         r  work_pls_i/usp_rf_data_converter_0/inst/IP2Bus_Data_reg[2]/C

Slack:                    inf
  Source:                 work_pls_i/usp_rf_data_converter_0/inst/work_pls_usp_rf_data_converter_0_0_rf_wrapper_i/tx1_u_dac/STATUS_COMMON[7]
                            (internal pin)
  Destination:            work_pls_i/usp_rf_data_converter_0/inst/IP2Bus_Data_reg[7]/D
                            (rising edge-triggered cell FDRE clocked by clk_pl_0  {rise@0.000ns fall@5.156ns period=10.312ns})
  Path Group:             (none)
  Path Type:              Setup (Max at Slow Process Corner)
  Data Path Delay:        3.194ns  (logic 0.420ns (13.150%)  route 2.774ns (86.850%))
  Logic Levels:           4  (LUT4=1 LUT5=1 LUT6=2)
  Clock Uncertainty:      0.157ns  ((TSJ^2 + DJ^2)^1/2) / 2 + PE
    Total System Jitter     (TSJ):    0.050ns
    Discrete Jitter          (DJ):    0.310ns
    Phase Error              (PE):    0.000ns
  Clock Net Delay (Destination): 1.808ns (routing 0.423ns, distribution 1.385ns)

    Location             Delay type                Incr(ns)  Path(ns)    Netlist Resource(s)
  -------------------------------------------------------------------    -------------------
    HSDAC_X0Y1           HSDAC                        0.000     0.000 r  work_pls_i/usp_rf_data_converter_0/inst/work_pls_usp_rf_data_converter_0_0_rf_wrapper_i/tx1_u_dac/STATUS_COMMON[7]
                         net (fo=1, routed)           2.133     2.133    work_pls_i/usp_rf_data_converter_0/inst/i_axi_lite_ipif/I_SLAVE_ATTACHMENT/I_DECODER/dac1_common_stat[7]
    SLICE_X110Y103       LUT5 (Prop_F6LUT_SLICEM_I4_O)
                                                      0.088     2.221 r  work_pls_i/usp_rf_data_converter_0/inst/i_axi_lite_ipif/I_SLAVE_ATTACHMENT/I_DECODER/IP2Bus_Data[7]_i_26/O
                         net (fo=1, routed)           0.042     2.263    work_pls_i/usp_rf_data_converter_0/inst/i_axi_lite_ipif/I_SLAVE_ATTACHMENT/I_DECODER/IP2Bus_Data[7]_i_26_n_0
    SLICE_X110Y103       LUT4 (Prop_E6LUT_SLICEM_I2_O)
                                                      0.091     2.354 r  work_pls_i/usp_rf_data_converter_0/inst/i_axi_lite_ipif/I_SLAVE_ATTACHMENT/I_DECODER/IP2Bus_Data[7]_i_13/O
                         net (fo=1, routed)           0.120     2.474    work_pls_i/usp_rf_data_converter_0/inst/i_axi_lite_ipif/I_SLAVE_ATTACHMENT/I_DECODER/IP2Bus_Data[7]_i_13_n_0
    SLICE_X110Y103       LUT6 (Prop_H6LUT_SLICEM_I5_O)
                                                      0.152     2.626 f  work_pls_i/usp_rf_data_converter_0/inst/i_axi_lite_ipif/I_SLAVE_ATTACHMENT/I_DECODER/IP2Bus_Data[7]_i_3/O
                         net (fo=1, routed)           0.420     3.046    work_pls_i/usp_rf_data_converter_0/inst/i_axi_lite_ipif/I_SLAVE_ATTACHMENT/I_DECODER/IP2Bus_Data[7]_i_3_n_0
    SLICE_X113Y97        LUT6 (Prop_B6LUT_SLICEM_I2_O)
                                                      0.089     3.135 r  work_pls_i/usp_rf_data_converter_0/inst/i_axi_lite_ipif/I_SLAVE_ATTACHMENT/I_DECODER/IP2Bus_Data[7]_i_1/O
                         net (fo=1, routed)           0.059     3.194    work_pls_i/usp_rf_data_converter_0/inst/i_axi_lite_ipif_n_77
    SLICE_X113Y97        FDRE                                         r  work_pls_i/usp_rf_data_converter_0/inst/IP2Bus_Data_reg[7]/D
  -------------------------------------------------------------------    -------------------

                         (clock clk_pl_0 rise edge)
                                                      0.000     0.000 r  
    PS8_X0Y0             PS8                          0.000     0.000 r  work_pls_i/zynq_ultra_ps_e_0/U0/PS8_i/PLCLK[0]
                         net (fo=1, routed)           0.157     0.157    work_pls_i/zynq_ultra_ps_e_0/U0/pl_clk_unbuffered[0]
    BUFG_PS_X0Y58        BUFG_PS (Prop_BUFG_PS_I_O)
                                                      0.025     0.182 r  work_pls_i/zynq_ultra_ps_e_0/U0/buffer_pl_clk_0.PL_CLK_0_BUFG/O
    X2Y2 (CLOCK_ROOT)    net (fo=7597, routed)        1.808     1.990    work_pls_i/usp_rf_data_converter_0/inst/s_axi_aclk
    SLICE_X113Y97        FDRE                                         r  work_pls_i/usp_rf_data_converter_0/inst/IP2Bus_Data_reg[7]/C

Slack:                    inf
  Source:                 work_pls_i/usp_rf_data_converter_0/inst/work_pls_usp_rf_data_converter_0_0_rf_wrapper_i/tx0_u_dac/STATUS_COMMON[5]
                            (internal pin)
  Destination:            work_pls_i/usp_rf_data_converter_0/inst/IP2Bus_Data_reg[5]/D
                            (rising edge-triggered cell FDRE clocked by clk_pl_0  {rise@0.000ns fall@5.156ns period=10.312ns})
  Path Group:             (none)
  Path Type:              Setup (Max at Slow Process Corner)
  Data Path Delay:        3.153ns  (logic 0.440ns (13.955%)  route 2.713ns (86.045%))
  Logic Levels:           4  (LUT4=1 LUT5=1 LUT6=2)
  Clock Uncertainty:      0.157ns  ((TSJ^2 + DJ^2)^1/2) / 2 + PE
    Total System Jitter     (TSJ):    0.050ns
    Discrete Jitter          (DJ):    0.310ns
    Phase Error              (PE):    0.000ns
  Clock Net Delay (Destination): 1.811ns (routing 0.423ns, distribution 1.388ns)

    Location             Delay type                Incr(ns)  Path(ns)    Netlist Resource(s)
  -------------------------------------------------------------------    -------------------
    HSDAC_X0Y0           HSDAC                        0.000     0.000 r  work_pls_i/usp_rf_data_converter_0/inst/work_pls_usp_rf_data_converter_0_0_rf_wrapper_i/tx0_u_dac/STATUS_COMMON[5]
                         net (fo=1, routed)           1.969     1.969    work_pls_i/usp_rf_data_converter_0/inst/i_axi_lite_ipif/I_SLAVE_ATTACHMENT/I_DECODER/dac0_common_stat[5]
    SLICE_X110Y105       LUT5 (Prop_G6LUT_SLICEM_I4_O)
                                                      0.123     2.092 r  work_pls_i/usp_rf_data_converter_0/inst/i_axi_lite_ipif/I_SLAVE_ATTACHMENT/I_DECODER/IP2Bus_Data[5]_i_26/O
                         net (fo=1, routed)           0.155     2.247    work_pls_i/usp_rf_data_converter_0/inst/i_axi_lite_ipif/I_SLAVE_ATTACHMENT/I_DECODER/IP2Bus_Data[5]_i_26_n_0
    SLICE_X109Y103       LUT4 (Prop_D5LUT_SLICEM_I0_O)
                                                      0.135     2.382 f  work_pls_i/usp_rf_data_converter_0/inst/i_axi_lite_ipif/I_SLAVE_ATTACHMENT/I_DECODER/IP2Bus_Data[5]_i_15/O
                         net (fo=1, routed)           0.164     2.546    work_pls_i/usp_rf_data_converter_0/inst/i_axi_lite_ipif/I_SLAVE_ATTACHMENT/I_DECODER/IP2Bus_Data[5]_i_15_n_0
    SLICE_X109Y103       LUT6 (Prop_B6LUT_SLICEM_I1_O)
                                                      0.037     2.583 r  work_pls_i/usp_rf_data_converter_0/inst/i_axi_lite_ipif/I_SLAVE_ATTACHMENT/I_DECODER/IP2Bus_Data[5]_i_5/O
                         net (fo=1, routed)           0.359     2.942    work_pls_i/usp_rf_data_converter_0/inst/i_axi_lite_ipif/I_SLAVE_ATTACHMENT/I_DECODER/IP2Bus_Data[5]_i_5_n_0
    SLICE_X113Y96        LUT6 (Prop_C6LUT_SLICEM_I3_O)
                                                      0.145     3.087 r  work_pls_i/usp_rf_data_converter_0/inst/i_axi_lite_ipif/I_SLAVE_ATTACHMENT/I_DECODER/IP2Bus_Data[5]_i_1/O
                         net (fo=1, routed)           0.066     3.153    work_pls_i/usp_rf_data_converter_0/inst/i_axi_lite_ipif_n_79
    SLICE_X113Y96        FDRE                                         r  work_pls_i/usp_rf_data_converter_0/inst/IP2Bus_Data_reg[5]/D
  -------------------------------------------------------------------    -------------------

                         (clock clk_pl_0 rise edge)
                                                      0.000     0.000 r  
    PS8_X0Y0             PS8                          0.000     0.000 r  work_pls_i/zynq_ultra_ps_e_0/U0/PS8_i/PLCLK[0]
                         net (fo=1, routed)           0.157     0.157    work_pls_i/zynq_ultra_ps_e_0/U0/pl_clk_unbuffered[0]
    BUFG_PS_X0Y58        BUFG_PS (Prop_BUFG_PS_I_O)
                                                      0.025     0.182 r  work_pls_i/zynq_ultra_ps_e_0/U0/buffer_pl_clk_0.PL_CLK_0_BUFG/O
    X2Y2 (CLOCK_ROOT)    net (fo=7597, routed)        1.811     1.993    work_pls_i/usp_rf_data_converter_0/inst/s_axi_aclk
    SLICE_X113Y96        FDRE                                         r  work_pls_i/usp_rf_data_converter_0/inst/IP2Bus_Data_reg[5]/C

Slack:                    inf
  Source:                 work_pls_i/usp_rf_data_converter_0/inst/work_pls_usp_rf_data_converter_0_0_rf_wrapper_i/tx1_u_dac/STATUS_COMMON[4]
                            (internal pin)
  Destination:            work_pls_i/usp_rf_data_converter_0/inst/IP2Bus_Data_reg[4]/D
                            (rising edge-triggered cell FDRE clocked by clk_pl_0  {rise@0.000ns fall@5.156ns period=10.312ns})
  Path Group:             (none)
  Path Type:              Setup (Max at Slow Process Corner)
  Data Path Delay:        3.149ns  (logic 0.315ns (10.003%)  route 2.834ns (89.997%))
  Logic Levels:           5  (LUT6=5)
  Clock Uncertainty:      0.157ns  ((TSJ^2 + DJ^2)^1/2) / 2 + PE
    Total System Jitter     (TSJ):    0.050ns
    Discrete Jitter          (DJ):    0.310ns
    Phase Error              (PE):    0.000ns
  Clock Net Delay (Destination): 1.808ns (routing 0.423ns, distribution 1.385ns)

    Location             Delay type                Incr(ns)  Path(ns)    Netlist Resource(s)
  -------------------------------------------------------------------    -------------------
    HSDAC_X0Y1           HSDAC                        0.000     0.000 r  work_pls_i/usp_rf_data_converter_0/inst/work_pls_usp_rf_data_converter_0_0_rf_wrapper_i/tx1_u_dac/STATUS_COMMON[4]
                         net (fo=1, routed)           2.149     2.149    work_pls_i/usp_rf_data_converter_0/inst/i_axi_lite_ipif/I_SLAVE_ATTACHMENT/I_DECODER/dac1_common_stat[4]
    SLICE_X110Y104       LUT6 (Prop_G6LUT_SLICEM_I5_O)
                                                      0.037     2.186 r  work_pls_i/usp_rf_data_converter_0/inst/i_axi_lite_ipif/I_SLAVE_ATTACHMENT/I_DECODER/IP2Bus_Data[4]_i_44/O
                         net (fo=1, routed)           0.205     2.391    work_pls_i/usp_rf_data_converter_0/inst/i_axi_lite_ipif/I_SLAVE_ATTACHMENT/I_DECODER/IP2Bus_Data[4]_i_44_n_0
    SLICE_X109Y100       LUT6 (Prop_G6LUT_SLICEM_I5_O)
                                                      0.090     2.481 r  work_pls_i/usp_rf_data_converter_0/inst/i_axi_lite_ipif/I_SLAVE_ATTACHMENT/I_DECODER/IP2Bus_Data[4]_i_20/O
                         net (fo=1, routed)           0.089     2.570    work_pls_i/usp_rf_data_converter_0/inst/i_axi_lite_ipif/I_SLAVE_ATTACHMENT/I_DECODER/IP2Bus_Data[4]_i_20_n_0
    SLICE_X109Y100       LUT6 (Prop_D6LUT_SLICEM_I0_O)
                                                      0.051     2.621 r  work_pls_i/usp_rf_data_converter_0/inst/i_axi_lite_ipif/I_SLAVE_ATTACHMENT/I_DECODER/IP2Bus_Data[4]_i_8/O
                         net (fo=1, routed)           0.141     2.762    work_pls_i/usp_rf_data_converter_0/inst/i_axi_lite_ipif/I_SLAVE_ATTACHMENT/I_DECODER/IP2Bus_Data[4]_i_8_n_0
    SLICE_X109Y103       LUT6 (Prop_H6LUT_SLICEM_I1_O)
                                                      0.101     2.863 r  work_pls_i/usp_rf_data_converter_0/inst/i_axi_lite_ipif/I_SLAVE_ATTACHMENT/I_DECODER/IP2Bus_Data[4]_i_3/O
                         net (fo=1, routed)           0.199     3.062    work_pls_i/usp_rf_data_converter_0/inst/i_axi_lite_ipif/I_SLAVE_ATTACHMENT/I_DECODER/IP2Bus_Data[4]_i_3_n_0
    SLICE_X111Y101       LUT6 (Prop_H6LUT_SLICEL_I1_O)
                                                      0.036     3.098 r  work_pls_i/usp_rf_data_converter_0/inst/i_axi_lite_ipif/I_SLAVE_ATTACHMENT/I_DECODER/IP2Bus_Data[4]_i_1/O
                         net (fo=1, routed)           0.051     3.149    work_pls_i/usp_rf_data_converter_0/inst/i_axi_lite_ipif_n_80
    SLICE_X111Y101       FDRE                                         r  work_pls_i/usp_rf_data_converter_0/inst/IP2Bus_Data_reg[4]/D
  -------------------------------------------------------------------    -------------------

                         (clock clk_pl_0 rise edge)
                                                      0.000     0.000 r  
    PS8_X0Y0             PS8                          0.000     0.000 r  work_pls_i/zynq_ultra_ps_e_0/U0/PS8_i/PLCLK[0]
                         net (fo=1, routed)           0.157     0.157    work_pls_i/zynq_ultra_ps_e_0/U0/pl_clk_unbuffered[0]
    BUFG_PS_X0Y58        BUFG_PS (Prop_BUFG_PS_I_O)
                                                      0.025     0.182 r  work_pls_i/zynq_ultra_ps_e_0/U0/buffer_pl_clk_0.PL_CLK_0_BUFG/O
    X2Y2 (CLOCK_ROOT)    net (fo=7597, routed)        1.808     1.990    work_pls_i/usp_rf_data_converter_0/inst/s_axi_aclk
    SLICE_X111Y101       FDRE                                         r  work_pls_i/usp_rf_data_converter_0/inst/IP2Bus_Data_reg[4]/C

Slack:                    inf
  Source:                 work_pls_i/usp_rf_data_converter_0/inst/work_pls_usp_rf_data_converter_0_0_rf_wrapper_i/tx1_u_dac/STATUS_COMMON[0]
                            (internal pin)
  Destination:            work_pls_i/usp_rf_data_converter_0/inst/IP2Bus_Data_reg[0]/D
                            (rising edge-triggered cell FDRE clocked by clk_pl_0  {rise@0.000ns fall@5.156ns period=10.312ns})
  Path Group:             (none)
  Path Type:              Setup (Max at Slow Process Corner)
  Data Path Delay:        2.969ns  (logic 0.279ns (9.397%)  route 2.690ns (90.603%))
  Logic Levels:           4  (LUT6=4)
  Clock Uncertainty:      0.157ns  ((TSJ^2 + DJ^2)^1/2) / 2 + PE
    Total System Jitter     (TSJ):    0.050ns
    Discrete Jitter          (DJ):    0.310ns
    Phase Error              (PE):    0.000ns
  Clock Net Delay (Destination): 1.811ns (routing 0.423ns, distribution 1.388ns)

    Location             Delay type                Incr(ns)  Path(ns)    Netlist Resource(s)
  -------------------------------------------------------------------    -------------------
    HSDAC_X0Y1           HSDAC                        0.000     0.000 r  work_pls_i/usp_rf_data_converter_0/inst/work_pls_usp_rf_data_converter_0_0_rf_wrapper_i/tx1_u_dac/STATUS_COMMON[0]
                         net (fo=1, routed)           2.077     2.077    work_pls_i/usp_rf_data_converter_0/inst/i_axi_lite_ipif/I_SLAVE_ATTACHMENT/I_DECODER/dac1_common_stat[0]
    SLICE_X110Y102       LUT6 (Prop_H6LUT_SLICEM_I3_O)
                                                      0.152     2.229 r  work_pls_i/usp_rf_data_converter_0/inst/i_axi_lite_ipif/I_SLAVE_ATTACHMENT/I_DECODER/IP2Bus_Data[0]_i_50/O
                         net (fo=1, routed)           0.248     2.477    work_pls_i/usp_rf_data_converter_0/inst/i_axi_lite_ipif/I_SLAVE_ATTACHMENT/I_DECODER/IP2Bus_Data[0]_i_50_n_0
    SLICE_X109Y99        LUT6 (Prop_H6LUT_SLICEM_I0_O)
                                                      0.039     2.516 r  work_pls_i/usp_rf_data_converter_0/inst/i_axi_lite_ipif/I_SLAVE_ATTACHMENT/I_DECODER/IP2Bus_Data[0]_i_22/O
                         net (fo=1, routed)           0.042     2.558    work_pls_i/usp_rf_data_converter_0/inst/i_axi_lite_ipif/I_SLAVE_ATTACHMENT/I_DECODER/IP2Bus_Data[0]_i_22_n_0
    SLICE_X109Y99        LUT6 (Prop_G6LUT_SLICEM_I4_O)
                                                      0.037     2.595 r  work_pls_i/usp_rf_data_converter_0/inst/i_axi_lite_ipif/I_SLAVE_ATTACHMENT/I_DECODER/IP2Bus_Data[0]_i_5/O
                         net (fo=1, routed)           0.251     2.846    work_pls_i/usp_rf_data_converter_0/inst/i_axi_lite_ipif/I_SLAVE_ATTACHMENT/I_DECODER/IP2Bus_Data[0]_i_5_n_0
    SLICE_X113Y99        LUT6 (Prop_D6LUT_SLICEM_I5_O)
                                                      0.051     2.897 r  work_pls_i/usp_rf_data_converter_0/inst/i_axi_lite_ipif/I_SLAVE_ATTACHMENT/I_DECODER/IP2Bus_Data[0]_i_1/O
                         net (fo=1, routed)           0.072     2.969    work_pls_i/usp_rf_data_converter_0/inst/i_axi_lite_ipif_n_84
    SLICE_X113Y99        FDRE                                         r  work_pls_i/usp_rf_data_converter_0/inst/IP2Bus_Data_reg[0]/D
  -------------------------------------------------------------------    -------------------

                         (clock clk_pl_0 rise edge)
                                                      0.000     0.000 r  
    PS8_X0Y0             PS8                          0.000     0.000 r  work_pls_i/zynq_ultra_ps_e_0/U0/PS8_i/PLCLK[0]
                         net (fo=1, routed)           0.157     0.157    work_pls_i/zynq_ultra_ps_e_0/U0/pl_clk_unbuffered[0]
    BUFG_PS_X0Y58        BUFG_PS (Prop_BUFG_PS_I_O)
                                                      0.025     0.182 r  work_pls_i/zynq_ultra_ps_e_0/U0/buffer_pl_clk_0.PL_CLK_0_BUFG/O
    X2Y2 (CLOCK_ROOT)    net (fo=7597, routed)        1.811     1.993    work_pls_i/usp_rf_data_converter_0/inst/s_axi_aclk
    SLICE_X113Y99        FDRE                                         r  work_pls_i/usp_rf_data_converter_0/inst/IP2Bus_Data_reg[0]/C

Slack:                    inf
  Source:                 work_pls_i/usp_rf_data_converter_0/inst/work_pls_usp_rf_data_converter_0_0_rf_wrapper_i/tx1_u_dac/STATUS_COMMON[3]
                            (internal pin)
  Destination:            work_pls_i/usp_rf_data_converter_0/inst/IP2Bus_Data_reg[3]/D
                            (rising edge-triggered cell FDRE clocked by clk_pl_0  {rise@0.000ns fall@5.156ns period=10.312ns})
  Path Group:             (none)
  Path Type:              Setup (Max at Slow Process Corner)
  Data Path Delay:        2.800ns  (logic 0.320ns (11.429%)  route 2.480ns (88.571%))
  Logic Levels:           4  (LUT5=1 LUT6=3)
  Clock Uncertainty:      0.157ns  ((TSJ^2 + DJ^2)^1/2) / 2 + PE
    Total System Jitter     (TSJ):    0.050ns
    Discrete Jitter          (DJ):    0.310ns
    Phase Error              (PE):    0.000ns
  Clock Net Delay (Destination): 1.804ns (routing 0.423ns, distribution 1.381ns)

    Location             Delay type                Incr(ns)  Path(ns)    Netlist Resource(s)
  -------------------------------------------------------------------    -------------------
    HSDAC_X0Y1           HSDAC                        0.000     0.000 r  work_pls_i/usp_rf_data_converter_0/inst/work_pls_usp_rf_data_converter_0_0_rf_wrapper_i/tx1_u_dac/STATUS_COMMON[3]
                         net (fo=1, routed)           2.181     2.181    work_pls_i/usp_rf_data_converter_0/inst/i_axi_lite_ipif/I_SLAVE_ATTACHMENT/I_DECODER/dac1_common_stat[3]
    SLICE_X112Y99        LUT5 (Prop_F6LUT_SLICEM_I4_O)
                                                      0.123     2.304 r  work_pls_i/usp_rf_data_converter_0/inst/i_axi_lite_ipif/I_SLAVE_ATTACHMENT/I_DECODER/IP2Bus_Data[3]_i_60/O
                         net (fo=1, routed)           0.040     2.344    work_pls_i/usp_rf_data_converter_0/inst/i_axi_lite_ipif/I_SLAVE_ATTACHMENT/I_DECODER/IP2Bus_Data[3]_i_60_n_0
    SLICE_X112Y99        LUT6 (Prop_G6LUT_SLICEM_I3_O)
                                                      0.037     2.381 r  work_pls_i/usp_rf_data_converter_0/inst/i_axi_lite_ipif/I_SLAVE_ATTACHMENT/I_DECODER/IP2Bus_Data[3]_i_27/O
                         net (fo=1, routed)           0.053     2.434    work_pls_i/usp_rf_data_converter_0/inst/i_axi_lite_ipif/I_SLAVE_ATTACHMENT/I_DECODER/IP2Bus_Data[3]_i_27_n_0
    SLICE_X112Y99        LUT6 (Prop_C6LUT_SLICEM_I3_O)
                                                      0.123     2.557 r  work_pls_i/usp_rf_data_converter_0/inst/i_axi_lite_ipif/I_SLAVE_ATTACHMENT/I_DECODER/IP2Bus_Data[3]_i_6/O
                         net (fo=1, routed)           0.140     2.697    work_pls_i/usp_rf_data_converter_0/inst/i_axi_lite_ipif/I_SLAVE_ATTACHMENT/I_DECODER/IP2Bus_Data[3]_i_6_n_0
    SLICE_X112Y95        LUT6 (Prop_C6LUT_SLICEM_I5_O)
                                                      0.037     2.734 r  work_pls_i/usp_rf_data_converter_0/inst/i_axi_lite_ipif/I_SLAVE_ATTACHMENT/I_DECODER/IP2Bus_Data[3]_i_1/O
                         net (fo=1, routed)           0.066     2.800    work_pls_i/usp_rf_data_converter_0/inst/i_axi_lite_ipif_n_81
    SLICE_X112Y95        FDRE                                         r  work_pls_i/usp_rf_data_converter_0/inst/IP2Bus_Data_reg[3]/D
  -------------------------------------------------------------------    -------------------

                         (clock clk_pl_0 rise edge)
                                                      0.000     0.000 r  
    PS8_X0Y0             PS8                          0.000     0.000 r  work_pls_i/zynq_ultra_ps_e_0/U0/PS8_i/PLCLK[0]
                         net (fo=1, routed)           0.157     0.157    work_pls_i/zynq_ultra_ps_e_0/U0/pl_clk_unbuffered[0]
    BUFG_PS_X0Y58        BUFG_PS (Prop_BUFG_PS_I_O)
                                                      0.025     0.182 r  work_pls_i/zynq_ultra_ps_e_0/U0/buffer_pl_clk_0.PL_CLK_0_BUFG/O
    X2Y2 (CLOCK_ROOT)    net (fo=7597, routed)        1.804     1.986    work_pls_i/usp_rf_data_converter_0/inst/s_axi_aclk
    SLICE_X112Y95        FDRE                                         r  work_pls_i/usp_rf_data_converter_0/inst/IP2Bus_Data_reg[3]/C

Slack:                    inf
  Source:                 work_pls_i/Receiver_0/U0/sin_wave_demodulate_struct/dut/algorithm/mult/comp0.core_instance0/U0/i_mult/gDSP.gDSP_only.iDSP/use_prim.appDSP[0].bppDSP[0].use_dsp.use_dsp48e2.iDSP48E2/DSP_C_DATA_INST/C_DATA[3]
                            (internal pin)
  Destination:            work_pls_i/Receiver_0/U0/sin_wave_demodulate_struct/dut/algorithm/mult/comp0.core_instance0/U0/i_mult/gDSP.gDSP_only.iDSP/use_prim.appDSP[0].bppDSP[0].need_output_delay.output_delay/d1.dout_i_reg[3]/D
                            (rising edge-triggered cell FDRE clocked by clk_pl_0  {rise@0.000ns fall@5.156ns period=10.312ns})
  Path Group:             (none)
  Path Type:              Setup (Max at Slow Process Corner)
  Data Path Delay:        1.561ns  (logic 0.694ns (44.459%)  route 0.867ns (55.541%))
  Logic Levels:           2  (DSP_ALU=1 DSP_OUTPUT=1)
  Clock Uncertainty:      0.157ns  ((TSJ^2 + DJ^2)^1/2) / 2 + PE
    Total System Jitter     (TSJ):    0.050ns
    Discrete Jitter          (DJ):    0.310ns
    Phase Error              (PE):    0.000ns
  Clock Net Delay (Destination): 1.711ns (routing 0.423ns, distribution 1.288ns)

    Location             Delay type                Incr(ns)  Path(ns)    Netlist Resource(s)
  -------------------------------------------------------------------    -------------------
    DSP48E2_X20Y4        DSP_C_DATA                   0.000     0.000 r  work_pls_i/Receiver_0/U0/sin_wave_demodulate_struct/dut/algorithm/mult/comp0.core_instance0/U0/i_mult/gDSP.gDSP_only.iDSP/use_prim.appDSP[0].bppDSP[0].use_dsp.use_dsp48e2.iDSP48E2/DSP_C_DATA_INST/C_DATA[3]
                         net (fo=2, routed)           0.000     0.000    work_pls_i/Receiver_0/U0/sin_wave_demodulate_struct/dut/algorithm/mult/comp0.core_instance0/U0/i_mult/gDSP.gDSP_only.iDSP/use_prim.appDSP[0].bppDSP[0].use_dsp.use_dsp48e2.iDSP48E2/DSP_C_DATA.C_DATA<3>
    DSP48E2_X20Y4        DSP_ALU (Prop_DSP_ALU_DSP48E2_C_DATA[3]_ALU_OUT[3])
                                                      0.585     0.585 f  work_pls_i/Receiver_0/U0/sin_wave_demodulate_struct/dut/algorithm/mult/comp0.core_instance0/U0/i_mult/gDSP.gDSP_only.iDSP/use_prim.appDSP[0].bppDSP[0].use_dsp.use_dsp48e2.iDSP48E2/DSP_ALU_INST/ALU_OUT[3]
                         net (fo=1, routed)           0.000     0.585    work_pls_i/Receiver_0/U0/sin_wave_demodulate_struct/dut/algorithm/mult/comp0.core_instance0/U0/i_mult/gDSP.gDSP_only.iDSP/use_prim.appDSP[0].bppDSP[0].use_dsp.use_dsp48e2.iDSP48E2/DSP_ALU.ALU_OUT<3>
    DSP48E2_X20Y4        DSP_OUTPUT (Prop_DSP_OUTPUT_DSP48E2_ALU_OUT[3]_P[3])
                                                      0.109     0.694 r  work_pls_i/Receiver_0/U0/sin_wave_demodulate_struct/dut/algorithm/mult/comp0.core_instance0/U0/i_mult/gDSP.gDSP_only.iDSP/use_prim.appDSP[0].bppDSP[0].use_dsp.use_dsp48e2.iDSP48E2/DSP_OUTPUT_INST/P[3]
                         net (fo=1, routed)           0.867     1.561    work_pls_i/Receiver_0/U0/sin_wave_demodulate_struct/dut/algorithm/mult/comp0.core_instance0/U0/i_mult/gDSP.gDSP_only.iDSP/use_prim.appDSP[0].bppDSP[0].need_output_delay.output_delay/d1.dout_i_reg[16]_0[2]
    SLICE_X85Y14         FDRE                                         r  work_pls_i/Receiver_0/U0/sin_wave_demodulate_struct/dut/algorithm/mult/comp0.core_instance0/U0/i_mult/gDSP.gDSP_only.iDSP/use_prim.appDSP[0].bppDSP[0].need_output_delay.output_delay/d1.dout_i_reg[3]/D
  -------------------------------------------------------------------    -------------------

                         (clock clk_pl_0 rise edge)
                                                      0.000     0.000 r  
    PS8_X0Y0             PS8                          0.000     0.000 r  work_pls_i/zynq_ultra_ps_e_0/U0/PS8_i/PLCLK[0]
                         net (fo=1, routed)           0.157     0.157    work_pls_i/zynq_ultra_ps_e_0/U0/pl_clk_unbuffered[0]
    BUFG_PS_X0Y58        BUFG_PS (Prop_BUFG_PS_I_O)
                                                      0.025     0.182 r  work_pls_i/zynq_ultra_ps_e_0/U0/buffer_pl_clk_0.PL_CLK_0_BUFG/O
    X2Y2 (CLOCK_ROOT)    net (fo=7597, routed)        1.711     1.893    work_pls_i/Receiver_0/U0/sin_wave_demodulate_struct/dut/algorithm/mult/comp0.core_instance0/U0/i_mult/gDSP.gDSP_only.iDSP/use_prim.appDSP[0].bppDSP[0].need_output_delay.output_delay/CLK
    SLICE_X85Y14         FDRE                                         r  work_pls_i/Receiver_0/U0/sin_wave_demodulate_struct/dut/algorithm/mult/comp0.core_instance0/U0/i_mult/gDSP.gDSP_only.iDSP/use_prim.appDSP[0].bppDSP[0].need_output_delay.output_delay/d1.dout_i_reg[3]/C

Slack:                    inf
  Source:                 work_pls_i/Receiver_0/U0/sin_wave_demodulate_struct/dut/algorithm/mult/comp0.core_instance0/U0/i_mult/gDSP.gDSP_only.iDSP/use_prim.appDSP[0].bppDSP[0].use_dsp.use_dsp48e2.iDSP48E2/DSP_C_DATA_INST/C_DATA[4]
                            (internal pin)
  Destination:            work_pls_i/Receiver_0/U0/sin_wave_demodulate_struct/dut/algorithm/mult/comp0.core_instance0/U0/i_mult/gDSP.gDSP_only.iDSP/use_prim.appDSP[0].bppDSP[0].need_output_delay.output_delay/d1.dout_i_reg[4]/D
                            (rising edge-triggered cell FDRE clocked by clk_pl_0  {rise@0.000ns fall@5.156ns period=10.312ns})
  Path Group:             (none)
  Path Type:              Setup (Max at Slow Process Corner)
  Data Path Delay:        1.475ns  (logic 0.694ns (47.051%)  route 0.781ns (52.949%))
  Logic Levels:           2  (DSP_ALU=1 DSP_OUTPUT=1)
  Clock Uncertainty:      0.157ns  ((TSJ^2 + DJ^2)^1/2) / 2 + PE
    Total System Jitter     (TSJ):    0.050ns
    Discrete Jitter          (DJ):    0.310ns
    Phase Error              (PE):    0.000ns
  Clock Net Delay (Destination): 1.711ns (routing 0.423ns, distribution 1.288ns)

    Location             Delay type                Incr(ns)  Path(ns)    Netlist Resource(s)
  -------------------------------------------------------------------    -------------------
    DSP48E2_X20Y4        DSP_C_DATA                   0.000     0.000 r  work_pls_i/Receiver_0/U0/sin_wave_demodulate_struct/dut/algorithm/mult/comp0.core_instance0/U0/i_mult/gDSP.gDSP_only.iDSP/use_prim.appDSP[0].bppDSP[0].use_dsp.use_dsp48e2.iDSP48E2/DSP_C_DATA_INST/C_DATA[4]
                         net (fo=2, routed)           0.000     0.000    work_pls_i/Receiver_0/U0/sin_wave_demodulate_struct/dut/algorithm/mult/comp0.core_instance0/U0/i_mult/gDSP.gDSP_only.iDSP/use_prim.appDSP[0].bppDSP[0].use_dsp.use_dsp48e2.iDSP48E2/DSP_C_DATA.C_DATA<4>
    DSP48E2_X20Y4        DSP_ALU (Prop_DSP_ALU_DSP48E2_C_DATA[4]_ALU_OUT[4])
                                                      0.585     0.585 f  work_pls_i/Receiver_0/U0/sin_wave_demodulate_struct/dut/algorithm/mult/comp0.core_instance0/U0/i_mult/gDSP.gDSP_only.iDSP/use_prim.appDSP[0].bppDSP[0].use_dsp.use_dsp48e2.iDSP48E2/DSP_ALU_INST/ALU_OUT[4]
                         net (fo=1, routed)           0.000     0.585    work_pls_i/Receiver_0/U0/sin_wave_demodulate_struct/dut/algorithm/mult/comp0.core_instance0/U0/i_mult/gDSP.gDSP_only.iDSP/use_prim.appDSP[0].bppDSP[0].use_dsp.use_dsp48e2.iDSP48E2/DSP_ALU.ALU_OUT<4>
    DSP48E2_X20Y4        DSP_OUTPUT (Prop_DSP_OUTPUT_DSP48E2_ALU_OUT[4]_P[4])
                                                      0.109     0.694 r  work_pls_i/Receiver_0/U0/sin_wave_demodulate_struct/dut/algorithm/mult/comp0.core_instance0/U0/i_mult/gDSP.gDSP_only.iDSP/use_prim.appDSP[0].bppDSP[0].use_dsp.use_dsp48e2.iDSP48E2/DSP_OUTPUT_INST/P[4]
                         net (fo=1, routed)           0.781     1.475    work_pls_i/Receiver_0/U0/sin_wave_demodulate_struct/dut/algorithm/mult/comp0.core_instance0/U0/i_mult/gDSP.gDSP_only.iDSP/use_prim.appDSP[0].bppDSP[0].need_output_delay.output_delay/d1.dout_i_reg[16]_0[3]
    SLICE_X85Y14         FDRE                                         r  work_pls_i/Receiver_0/U0/sin_wave_demodulate_struct/dut/algorithm/mult/comp0.core_instance0/U0/i_mult/gDSP.gDSP_only.iDSP/use_prim.appDSP[0].bppDSP[0].need_output_delay.output_delay/d1.dout_i_reg[4]/D
  -------------------------------------------------------------------    -------------------

                         (clock clk_pl_0 rise edge)
                                                      0.000     0.000 r  
    PS8_X0Y0             PS8                          0.000     0.000 r  work_pls_i/zynq_ultra_ps_e_0/U0/PS8_i/PLCLK[0]
                         net (fo=1, routed)           0.157     0.157    work_pls_i/zynq_ultra_ps_e_0/U0/pl_clk_unbuffered[0]
    BUFG_PS_X0Y58        BUFG_PS (Prop_BUFG_PS_I_O)
                                                      0.025     0.182 r  work_pls_i/zynq_ultra_ps_e_0/U0/buffer_pl_clk_0.PL_CLK_0_BUFG/O
    X2Y2 (CLOCK_ROOT)    net (fo=7597, routed)        1.711     1.893    work_pls_i/Receiver_0/U0/sin_wave_demodulate_struct/dut/algorithm/mult/comp0.core_instance0/U0/i_mult/gDSP.gDSP_only.iDSP/use_prim.appDSP[0].bppDSP[0].need_output_delay.output_delay/CLK
    SLICE_X85Y14         FDRE                                         r  work_pls_i/Receiver_0/U0/sin_wave_demodulate_struct/dut/algorithm/mult/comp0.core_instance0/U0/i_mult/gDSP.gDSP_only.iDSP/use_prim.appDSP[0].bppDSP[0].need_output_delay.output_delay/d1.dout_i_reg[4]/C

Slack:                    inf
  Source:                 work_pls_i/Receiver_0/U0/sin_wave_demodulate_struct/dut/algorithm/mult/comp0.core_instance0/U0/i_mult/gDSP.gDSP_only.iDSP/use_prim.appDSP[0].bppDSP[0].use_dsp.use_dsp48e2.iDSP48E2/DSP_C_DATA_INST/C_DATA[15]
                            (internal pin)
  Destination:            work_pls_i/Receiver_0/U0/sin_wave_demodulate_struct/dut/algorithm/mult/comp0.core_instance0/U0/i_mult/gDSP.gDSP_only.iDSP/use_prim.appDSP[0].bppDSP[0].need_output_delay.output_delay/d1.dout_i_reg[15]/D
                            (rising edge-triggered cell FDRE clocked by clk_pl_0  {rise@0.000ns fall@5.156ns period=10.312ns})
  Path Group:             (none)
  Path Type:              Setup (Max at Slow Process Corner)
  Data Path Delay:        1.427ns  (logic 0.694ns (48.633%)  route 0.733ns (51.367%))
  Logic Levels:           2  (DSP_ALU=1 DSP_OUTPUT=1)
  Clock Uncertainty:      0.157ns  ((TSJ^2 + DJ^2)^1/2) / 2 + PE
    Total System Jitter     (TSJ):    0.050ns
    Discrete Jitter          (DJ):    0.310ns
    Phase Error              (PE):    0.000ns
  Clock Net Delay (Destination): 1.709ns (routing 0.423ns, distribution 1.286ns)

    Location             Delay type                Incr(ns)  Path(ns)    Netlist Resource(s)
  -------------------------------------------------------------------    -------------------
    DSP48E2_X20Y4        DSP_C_DATA                   0.000     0.000 r  work_pls_i/Receiver_0/U0/sin_wave_demodulate_struct/dut/algorithm/mult/comp0.core_instance0/U0/i_mult/gDSP.gDSP_only.iDSP/use_prim.appDSP[0].bppDSP[0].use_dsp.use_dsp48e2.iDSP48E2/DSP_C_DATA_INST/C_DATA[15]
                         net (fo=2, routed)           0.000     0.000    work_pls_i/Receiver_0/U0/sin_wave_demodulate_struct/dut/algorithm/mult/comp0.core_instance0/U0/i_mult/gDSP.gDSP_only.iDSP/use_prim.appDSP[0].bppDSP[0].use_dsp.use_dsp48e2.iDSP48E2/DSP_C_DATA.C_DATA<15>
    DSP48E2_X20Y4        DSP_ALU (Prop_DSP_ALU_DSP48E2_C_DATA[15]_ALU_OUT[15])
                                                      0.585     0.585 f  work_pls_i/Receiver_0/U0/sin_wave_demodulate_struct/dut/algorithm/mult/comp0.core_instance0/U0/i_mult/gDSP.gDSP_only.iDSP/use_prim.appDSP[0].bppDSP[0].use_dsp.use_dsp48e2.iDSP48E2/DSP_ALU_INST/ALU_OUT[15]
                         net (fo=1, routed)           0.000     0.585    work_pls_i/Receiver_0/U0/sin_wave_demodulate_struct/dut/algorithm/mult/comp0.core_instance0/U0/i_mult/gDSP.gDSP_only.iDSP/use_prim.appDSP[0].bppDSP[0].use_dsp.use_dsp48e2.iDSP48E2/DSP_ALU.ALU_OUT<15>
    DSP48E2_X20Y4        DSP_OUTPUT (Prop_DSP_OUTPUT_DSP48E2_ALU_OUT[15]_P[15])
                                                      0.109     0.694 r  work_pls_i/Receiver_0/U0/sin_wave_demodulate_struct/dut/algorithm/mult/comp0.core_instance0/U0/i_mult/gDSP.gDSP_only.iDSP/use_prim.appDSP[0].bppDSP[0].use_dsp.use_dsp48e2.iDSP48E2/DSP_OUTPUT_INST/P[15]
                         net (fo=1, routed)           0.733     1.427    work_pls_i/Receiver_0/U0/sin_wave_demodulate_struct/dut/algorithm/mult/comp0.core_instance0/U0/i_mult/gDSP.gDSP_only.iDSP/use_prim.appDSP[0].bppDSP[0].need_output_delay.output_delay/d1.dout_i_reg[16]_0[14]
    SLICE_X85Y14         FDRE                                         r  work_pls_i/Receiver_0/U0/sin_wave_demodulate_struct/dut/algorithm/mult/comp0.core_instance0/U0/i_mult/gDSP.gDSP_only.iDSP/use_prim.appDSP[0].bppDSP[0].need_output_delay.output_delay/d1.dout_i_reg[15]/D
  -------------------------------------------------------------------    -------------------

                         (clock clk_pl_0 rise edge)
                                                      0.000     0.000 r  
    PS8_X0Y0             PS8                          0.000     0.000 r  work_pls_i/zynq_ultra_ps_e_0/U0/PS8_i/PLCLK[0]
                         net (fo=1, routed)           0.157     0.157    work_pls_i/zynq_ultra_ps_e_0/U0/pl_clk_unbuffered[0]
    BUFG_PS_X0Y58        BUFG_PS (Prop_BUFG_PS_I_O)
                                                      0.025     0.182 r  work_pls_i/zynq_ultra_ps_e_0/U0/buffer_pl_clk_0.PL_CLK_0_BUFG/O
    X2Y2 (CLOCK_ROOT)    net (fo=7597, routed)        1.709     1.891    work_pls_i/Receiver_0/U0/sin_wave_demodulate_struct/dut/algorithm/mult/comp0.core_instance0/U0/i_mult/gDSP.gDSP_only.iDSP/use_prim.appDSP[0].bppDSP[0].need_output_delay.output_delay/CLK
    SLICE_X85Y14         FDRE                                         r  work_pls_i/Receiver_0/U0/sin_wave_demodulate_struct/dut/algorithm/mult/comp0.core_instance0/U0/i_mult/gDSP.gDSP_only.iDSP/use_prim.appDSP[0].bppDSP[0].need_output_delay.output_delay/d1.dout_i_reg[15]/C





Min Delay Paths
--------------------------------------------------------------------------------------
Slack:                    inf
  Source:                 work_pls_i/Receiver_0/U0/sin_wave_demodulate_struct/dut/algorithm/mult/comp0.core_instance0/U0/i_mult/gDSP.gDSP_only.iDSP/use_prim.appDSP[0].bppDSP[0].use_dsp.use_dsp48e2.iDSP48E2/DSP_C_DATA_INST/C_DATA[2]
                            (internal pin)
  Destination:            work_pls_i/Receiver_0/U0/sin_wave_demodulate_struct/dut/algorithm/mult/comp0.core_instance0/U0/i_mult/gDSP.gDSP_only.iDSP/use_prim.appDSP[0].bppDSP[0].need_output_delay.output_delay/d1.dout_i_reg[2]/D
                            (rising edge-triggered cell FDRE clocked by clk_pl_0  {rise@0.000ns fall@5.156ns period=10.312ns})
  Path Group:             (none)
  Path Type:              Hold (Min at Fast Process Corner)
  Data Path Delay:        0.364ns  (logic 0.132ns (36.264%)  route 0.232ns (63.736%))
  Logic Levels:           2  (DSP_ALU=1 DSP_OUTPUT=1)
  Clock Uncertainty:      0.157ns  ((TSJ^2 + DJ^2)^1/2) / 2 + PE
    Total System Jitter     (TSJ):    0.050ns
    Discrete Jitter          (DJ):    0.310ns
    Phase Error              (PE):    0.000ns
  Clock Net Delay (Destination): 1.196ns (routing 0.282ns, distribution 0.914ns)

    Location             Delay type                Incr(ns)  Path(ns)    Netlist Resource(s)
  -------------------------------------------------------------------    -------------------
    DSP48E2_X20Y4        DSP_C_DATA                   0.000     0.000 r  work_pls_i/Receiver_0/U0/sin_wave_demodulate_struct/dut/algorithm/mult/comp0.core_instance0/U0/i_mult/gDSP.gDSP_only.iDSP/use_prim.appDSP[0].bppDSP[0].use_dsp.use_dsp48e2.iDSP48E2/DSP_C_DATA_INST/C_DATA[2]
                         net (fo=2, routed)           0.000     0.000    work_pls_i/Receiver_0/U0/sin_wave_demodulate_struct/dut/algorithm/mult/comp0.core_instance0/U0/i_mult/gDSP.gDSP_only.iDSP/use_prim.appDSP[0].bppDSP[0].use_dsp.use_dsp48e2.iDSP48E2/DSP_C_DATA.C_DATA<2>
    DSP48E2_X20Y4        DSP_ALU (Prop_DSP_ALU_DSP48E2_C_DATA[2]_ALU_OUT[2])
                                                      0.102     0.102 f  work_pls_i/Receiver_0/U0/sin_wave_demodulate_struct/dut/algorithm/mult/comp0.core_instance0/U0/i_mult/gDSP.gDSP_only.iDSP/use_prim.appDSP[0].bppDSP[0].use_dsp.use_dsp48e2.iDSP48E2/DSP_ALU_INST/ALU_OUT[2]
                         net (fo=1, routed)           0.000     0.102    work_pls_i/Receiver_0/U0/sin_wave_demodulate_struct/dut/algorithm/mult/comp0.core_instance0/U0/i_mult/gDSP.gDSP_only.iDSP/use_prim.appDSP[0].bppDSP[0].use_dsp.use_dsp48e2.iDSP48E2/DSP_ALU.ALU_OUT<2>
    DSP48E2_X20Y4        DSP_OUTPUT (Prop_DSP_OUTPUT_DSP48E2_ALU_OUT[2]_P[2])
                                                      0.030     0.132 r  work_pls_i/Receiver_0/U0/sin_wave_demodulate_struct/dut/algorithm/mult/comp0.core_instance0/U0/i_mult/gDSP.gDSP_only.iDSP/use_prim.appDSP[0].bppDSP[0].use_dsp.use_dsp48e2.iDSP48E2/DSP_OUTPUT_INST/P[2]
                         net (fo=1, routed)           0.232     0.364    work_pls_i/Receiver_0/U0/sin_wave_demodulate_struct/dut/algorithm/mult/comp0.core_instance0/U0/i_mult/gDSP.gDSP_only.iDSP/use_prim.appDSP[0].bppDSP[0].need_output_delay.output_delay/d1.dout_i_reg[16]_0[1]
    SLICE_X85Y14         FDRE                                         r  work_pls_i/Receiver_0/U0/sin_wave_demodulate_struct/dut/algorithm/mult/comp0.core_instance0/U0/i_mult/gDSP.gDSP_only.iDSP/use_prim.appDSP[0].bppDSP[0].need_output_delay.output_delay/d1.dout_i_reg[2]/D
  -------------------------------------------------------------------    -------------------

                         (clock clk_pl_0 rise edge)
                                                      0.000     0.000 r  
    PS8_X0Y0             PS8                          0.000     0.000 r  work_pls_i/zynq_ultra_ps_e_0/U0/PS8_i/PLCLK[0]
                         net (fo=1, routed)           0.129     0.129    work_pls_i/zynq_ultra_ps_e_0/U0/pl_clk_unbuffered[0]
    BUFG_PS_X0Y58        BUFG_PS (Prop_BUFG_PS_I_O)
                                                      0.018     0.147 r  work_pls_i/zynq_ultra_ps_e_0/U0/buffer_pl_clk_0.PL_CLK_0_BUFG/O
    X2Y2 (CLOCK_ROOT)    net (fo=7597, routed)        1.196     1.343    work_pls_i/Receiver_0/U0/sin_wave_demodulate_struct/dut/algorithm/mult/comp0.core_instance0/U0/i_mult/gDSP.gDSP_only.iDSP/use_prim.appDSP[0].bppDSP[0].need_output_delay.output_delay/CLK
    SLICE_X85Y14         FDRE                                         r  work_pls_i/Receiver_0/U0/sin_wave_demodulate_struct/dut/algorithm/mult/comp0.core_instance0/U0/i_mult/gDSP.gDSP_only.iDSP/use_prim.appDSP[0].bppDSP[0].need_output_delay.output_delay/d1.dout_i_reg[2]/C

Slack:                    inf
  Source:                 work_pls_i/Receiver_0/U0/sin_wave_demodulate_struct/dut/algorithm/mult/comp0.core_instance0/U0/i_mult/gDSP.gDSP_only.iDSP/use_prim.appDSP[0].bppDSP[0].use_dsp.use_dsp48e2.iDSP48E2/DSP_C_DATA_INST/C_DATA[16]
                            (internal pin)
  Destination:            work_pls_i/Receiver_0/U0/sin_wave_demodulate_struct/dut/algorithm/mult/comp0.core_instance0/U0/i_mult/gDSP.gDSP_only.iDSP/use_prim.appDSP[0].bppDSP[0].need_output_delay.output_delay/d1.dout_i_reg[16]/D
                            (rising edge-triggered cell FDRE clocked by clk_pl_0  {rise@0.000ns fall@5.156ns period=10.312ns})
  Path Group:             (none)
  Path Type:              Hold (Min at Fast Process Corner)
  Data Path Delay:        0.372ns  (logic 0.132ns (35.484%)  route 0.240ns (64.516%))
  Logic Levels:           2  (DSP_ALU=1 DSP_OUTPUT=1)
  Clock Uncertainty:      0.157ns  ((TSJ^2 + DJ^2)^1/2) / 2 + PE
    Total System Jitter     (TSJ):    0.050ns
    Discrete Jitter          (DJ):    0.310ns
    Phase Error              (PE):    0.000ns
  Clock Net Delay (Destination): 1.196ns (routing 0.282ns, distribution 0.914ns)

    Location             Delay type                Incr(ns)  Path(ns)    Netlist Resource(s)
  -------------------------------------------------------------------    -------------------
    DSP48E2_X20Y4        DSP_C_DATA                   0.000     0.000 r  work_pls_i/Receiver_0/U0/sin_wave_demodulate_struct/dut/algorithm/mult/comp0.core_instance0/U0/i_mult/gDSP.gDSP_only.iDSP/use_prim.appDSP[0].bppDSP[0].use_dsp.use_dsp48e2.iDSP48E2/DSP_C_DATA_INST/C_DATA[16]
                         net (fo=2, routed)           0.000     0.000    work_pls_i/Receiver_0/U0/sin_wave_demodulate_struct/dut/algorithm/mult/comp0.core_instance0/U0/i_mult/gDSP.gDSP_only.iDSP/use_prim.appDSP[0].bppDSP[0].use_dsp.use_dsp48e2.iDSP48E2/DSP_C_DATA.C_DATA<16>
    DSP48E2_X20Y4        DSP_ALU (Prop_DSP_ALU_DSP48E2_C_DATA[16]_ALU_OUT[16])
                                                      0.102     0.102 f  work_pls_i/Receiver_0/U0/sin_wave_demodulate_struct/dut/algorithm/mult/comp0.core_instance0/U0/i_mult/gDSP.gDSP_only.iDSP/use_prim.appDSP[0].bppDSP[0].use_dsp.use_dsp48e2.iDSP48E2/DSP_ALU_INST/ALU_OUT[16]
                         net (fo=1, routed)           0.000     0.102    work_pls_i/Receiver_0/U0/sin_wave_demodulate_struct/dut/algorithm/mult/comp0.core_instance0/U0/i_mult/gDSP.gDSP_only.iDSP/use_prim.appDSP[0].bppDSP[0].use_dsp.use_dsp48e2.iDSP48E2/DSP_ALU.ALU_OUT<16>
    DSP48E2_X20Y4        DSP_OUTPUT (Prop_DSP_OUTPUT_DSP48E2_ALU_OUT[16]_P[16])
                                                      0.030     0.132 r  work_pls_i/Receiver_0/U0/sin_wave_demodulate_struct/dut/algorithm/mult/comp0.core_instance0/U0/i_mult/gDSP.gDSP_only.iDSP/use_prim.appDSP[0].bppDSP[0].use_dsp.use_dsp48e2.iDSP48E2/DSP_OUTPUT_INST/P[16]
                         net (fo=1, routed)           0.240     0.372    work_pls_i/Receiver_0/U0/sin_wave_demodulate_struct/dut/algorithm/mult/comp0.core_instance0/U0/i_mult/gDSP.gDSP_only.iDSP/use_prim.appDSP[0].bppDSP[0].need_output_delay.output_delay/d1.dout_i_reg[16]_0[15]
    SLICE_X85Y14         FDRE                                         r  work_pls_i/Receiver_0/U0/sin_wave_demodulate_struct/dut/algorithm/mult/comp0.core_instance0/U0/i_mult/gDSP.gDSP_only.iDSP/use_prim.appDSP[0].bppDSP[0].need_output_delay.output_delay/d1.dout_i_reg[16]/D
  -------------------------------------------------------------------    -------------------

                         (clock clk_pl_0 rise edge)
                                                      0.000     0.000 r  
    PS8_X0Y0             PS8                          0.000     0.000 r  work_pls_i/zynq_ultra_ps_e_0/U0/PS8_i/PLCLK[0]
                         net (fo=1, routed)           0.129     0.129    work_pls_i/zynq_ultra_ps_e_0/U0/pl_clk_unbuffered[0]
    BUFG_PS_X0Y58        BUFG_PS (Prop_BUFG_PS_I_O)
                                                      0.018     0.147 r  work_pls_i/zynq_ultra_ps_e_0/U0/buffer_pl_clk_0.PL_CLK_0_BUFG/O
    X2Y2 (CLOCK_ROOT)    net (fo=7597, routed)        1.196     1.343    work_pls_i/Receiver_0/U0/sin_wave_demodulate_struct/dut/algorithm/mult/comp0.core_instance0/U0/i_mult/gDSP.gDSP_only.iDSP/use_prim.appDSP[0].bppDSP[0].need_output_delay.output_delay/CLK
    SLICE_X85Y14         FDRE                                         r  work_pls_i/Receiver_0/U0/sin_wave_demodulate_struct/dut/algorithm/mult/comp0.core_instance0/U0/i_mult/gDSP.gDSP_only.iDSP/use_prim.appDSP[0].bppDSP[0].need_output_delay.output_delay/d1.dout_i_reg[16]/C

Slack:                    inf
  Source:                 work_pls_i/Receiver_0/U0/sin_wave_demodulate_struct/dut/algorithm/mult/comp0.core_instance0/U0/i_mult/gDSP.gDSP_only.iDSP/use_prim.appDSP[0].bppDSP[0].use_dsp.use_dsp48e2.iDSP48E2/DSP_C_DATA_INST/C_DATA[10]
                            (internal pin)
  Destination:            work_pls_i/Receiver_0/U0/sin_wave_demodulate_struct/dut/algorithm/mult/comp0.core_instance0/U0/i_mult/gDSP.gDSP_only.iDSP/use_prim.appDSP[0].bppDSP[0].need_output_delay.output_delay/d1.dout_i_reg[10]/D
                            (rising edge-triggered cell FDRE clocked by clk_pl_0  {rise@0.000ns fall@5.156ns period=10.312ns})
  Path Group:             (none)
  Path Type:              Hold (Min at Fast Process Corner)
  Data Path Delay:        0.375ns  (logic 0.132ns (35.200%)  route 0.243ns (64.800%))
  Logic Levels:           2  (DSP_ALU=1 DSP_OUTPUT=1)
  Clock Uncertainty:      0.157ns  ((TSJ^2 + DJ^2)^1/2) / 2 + PE
    Total System Jitter     (TSJ):    0.050ns
    Discrete Jitter          (DJ):    0.310ns
    Phase Error              (PE):    0.000ns
  Clock Net Delay (Destination): 1.200ns (routing 0.282ns, distribution 0.918ns)

    Location             Delay type                Incr(ns)  Path(ns)    Netlist Resource(s)
  -------------------------------------------------------------------    -------------------
    DSP48E2_X20Y4        DSP_C_DATA                   0.000     0.000 r  work_pls_i/Receiver_0/U0/sin_wave_demodulate_struct/dut/algorithm/mult/comp0.core_instance0/U0/i_mult/gDSP.gDSP_only.iDSP/use_prim.appDSP[0].bppDSP[0].use_dsp.use_dsp48e2.iDSP48E2/DSP_C_DATA_INST/C_DATA[10]
                         net (fo=2, routed)           0.000     0.000    work_pls_i/Receiver_0/U0/sin_wave_demodulate_struct/dut/algorithm/mult/comp0.core_instance0/U0/i_mult/gDSP.gDSP_only.iDSP/use_prim.appDSP[0].bppDSP[0].use_dsp.use_dsp48e2.iDSP48E2/DSP_C_DATA.C_DATA<10>
    DSP48E2_X20Y4        DSP_ALU (Prop_DSP_ALU_DSP48E2_C_DATA[10]_ALU_OUT[10])
                                                      0.102     0.102 f  work_pls_i/Receiver_0/U0/sin_wave_demodulate_struct/dut/algorithm/mult/comp0.core_instance0/U0/i_mult/gDSP.gDSP_only.iDSP/use_prim.appDSP[0].bppDSP[0].use_dsp.use_dsp48e2.iDSP48E2/DSP_ALU_INST/ALU_OUT[10]
                         net (fo=1, routed)           0.000     0.102    work_pls_i/Receiver_0/U0/sin_wave_demodulate_struct/dut/algorithm/mult/comp0.core_instance0/U0/i_mult/gDSP.gDSP_only.iDSP/use_prim.appDSP[0].bppDSP[0].use_dsp.use_dsp48e2.iDSP48E2/DSP_ALU.ALU_OUT<10>
    DSP48E2_X20Y4        DSP_OUTPUT (Prop_DSP_OUTPUT_DSP48E2_ALU_OUT[10]_P[10])
                                                      0.030     0.132 r  work_pls_i/Receiver_0/U0/sin_wave_demodulate_struct/dut/algorithm/mult/comp0.core_instance0/U0/i_mult/gDSP.gDSP_only.iDSP/use_prim.appDSP[0].bppDSP[0].use_dsp.use_dsp48e2.iDSP48E2/DSP_OUTPUT_INST/P[10]
                         net (fo=1, routed)           0.243     0.375    work_pls_i/Receiver_0/U0/sin_wave_demodulate_struct/dut/algorithm/mult/comp0.core_instance0/U0/i_mult/gDSP.gDSP_only.iDSP/use_prim.appDSP[0].bppDSP[0].need_output_delay.output_delay/d1.dout_i_reg[16]_0[9]
    SLICE_X85Y14         FDRE                                         r  work_pls_i/Receiver_0/U0/sin_wave_demodulate_struct/dut/algorithm/mult/comp0.core_instance0/U0/i_mult/gDSP.gDSP_only.iDSP/use_prim.appDSP[0].bppDSP[0].need_output_delay.output_delay/d1.dout_i_reg[10]/D
  -------------------------------------------------------------------    -------------------

                         (clock clk_pl_0 rise edge)
                                                      0.000     0.000 r  
    PS8_X0Y0             PS8                          0.000     0.000 r  work_pls_i/zynq_ultra_ps_e_0/U0/PS8_i/PLCLK[0]
                         net (fo=1, routed)           0.129     0.129    work_pls_i/zynq_ultra_ps_e_0/U0/pl_clk_unbuffered[0]
    BUFG_PS_X0Y58        BUFG_PS (Prop_BUFG_PS_I_O)
                                                      0.018     0.147 r  work_pls_i/zynq_ultra_ps_e_0/U0/buffer_pl_clk_0.PL_CLK_0_BUFG/O
    X2Y2 (CLOCK_ROOT)    net (fo=7597, routed)        1.200     1.347    work_pls_i/Receiver_0/U0/sin_wave_demodulate_struct/dut/algorithm/mult/comp0.core_instance0/U0/i_mult/gDSP.gDSP_only.iDSP/use_prim.appDSP[0].bppDSP[0].need_output_delay.output_delay/CLK
    SLICE_X85Y14         FDRE                                         r  work_pls_i/Receiver_0/U0/sin_wave_demodulate_struct/dut/algorithm/mult/comp0.core_instance0/U0/i_mult/gDSP.gDSP_only.iDSP/use_prim.appDSP[0].bppDSP[0].need_output_delay.output_delay/d1.dout_i_reg[10]/C

Slack:                    inf
  Source:                 work_pls_i/Receiver_0/U0/sin_wave_demodulate_struct/dut/algorithm/mult/comp0.core_instance0/U0/i_mult/gDSP.gDSP_only.iDSP/use_prim.appDSP[0].bppDSP[0].use_dsp.use_dsp48e2.iDSP48E2/DSP_C_DATA_INST/C_DATA[7]
                            (internal pin)
  Destination:            work_pls_i/Receiver_0/U0/sin_wave_demodulate_struct/dut/algorithm/mult/comp0.core_instance0/U0/i_mult/gDSP.gDSP_only.iDSP/use_prim.appDSP[0].bppDSP[0].need_output_delay.output_delay/d1.dout_i_reg[7]/D
                            (rising edge-triggered cell FDRE clocked by clk_pl_0  {rise@0.000ns fall@5.156ns period=10.312ns})
  Path Group:             (none)
  Path Type:              Hold (Min at Fast Process Corner)
  Data Path Delay:        0.391ns  (logic 0.132ns (33.760%)  route 0.259ns (66.240%))
  Logic Levels:           2  (DSP_ALU=1 DSP_OUTPUT=1)
  Clock Uncertainty:      0.157ns  ((TSJ^2 + DJ^2)^1/2) / 2 + PE
    Total System Jitter     (TSJ):    0.050ns
    Discrete Jitter          (DJ):    0.310ns
    Phase Error              (PE):    0.000ns
  Clock Net Delay (Destination): 1.200ns (routing 0.282ns, distribution 0.918ns)

    Location             Delay type                Incr(ns)  Path(ns)    Netlist Resource(s)
  -------------------------------------------------------------------    -------------------
    DSP48E2_X20Y4        DSP_C_DATA                   0.000     0.000 r  work_pls_i/Receiver_0/U0/sin_wave_demodulate_struct/dut/algorithm/mult/comp0.core_instance0/U0/i_mult/gDSP.gDSP_only.iDSP/use_prim.appDSP[0].bppDSP[0].use_dsp.use_dsp48e2.iDSP48E2/DSP_C_DATA_INST/C_DATA[7]
                         net (fo=2, routed)           0.000     0.000    work_pls_i/Receiver_0/U0/sin_wave_demodulate_struct/dut/algorithm/mult/comp0.core_instance0/U0/i_mult/gDSP.gDSP_only.iDSP/use_prim.appDSP[0].bppDSP[0].use_dsp.use_dsp48e2.iDSP48E2/DSP_C_DATA.C_DATA<7>
    DSP48E2_X20Y4        DSP_ALU (Prop_DSP_ALU_DSP48E2_C_DATA[7]_ALU_OUT[7])
                                                      0.102     0.102 f  work_pls_i/Receiver_0/U0/sin_wave_demodulate_struct/dut/algorithm/mult/comp0.core_instance0/U0/i_mult/gDSP.gDSP_only.iDSP/use_prim.appDSP[0].bppDSP[0].use_dsp.use_dsp48e2.iDSP48E2/DSP_ALU_INST/ALU_OUT[7]
                         net (fo=1, routed)           0.000     0.102    work_pls_i/Receiver_0/U0/sin_wave_demodulate_struct/dut/algorithm/mult/comp0.core_instance0/U0/i_mult/gDSP.gDSP_only.iDSP/use_prim.appDSP[0].bppDSP[0].use_dsp.use_dsp48e2.iDSP48E2/DSP_ALU.ALU_OUT<7>
    DSP48E2_X20Y4        DSP_OUTPUT (Prop_DSP_OUTPUT_DSP48E2_ALU_OUT[7]_P[7])
                                                      0.030     0.132 r  work_pls_i/Receiver_0/U0/sin_wave_demodulate_struct/dut/algorithm/mult/comp0.core_instance0/U0/i_mult/gDSP.gDSP_only.iDSP/use_prim.appDSP[0].bppDSP[0].use_dsp.use_dsp48e2.iDSP48E2/DSP_OUTPUT_INST/P[7]
                         net (fo=1, routed)           0.259     0.391    work_pls_i/Receiver_0/U0/sin_wave_demodulate_struct/dut/algorithm/mult/comp0.core_instance0/U0/i_mult/gDSP.gDSP_only.iDSP/use_prim.appDSP[0].bppDSP[0].need_output_delay.output_delay/d1.dout_i_reg[16]_0[6]
    SLICE_X85Y14         FDRE                                         r  work_pls_i/Receiver_0/U0/sin_wave_demodulate_struct/dut/algorithm/mult/comp0.core_instance0/U0/i_mult/gDSP.gDSP_only.iDSP/use_prim.appDSP[0].bppDSP[0].need_output_delay.output_delay/d1.dout_i_reg[7]/D
  -------------------------------------------------------------------    -------------------

                         (clock clk_pl_0 rise edge)
                                                      0.000     0.000 r  
    PS8_X0Y0             PS8                          0.000     0.000 r  work_pls_i/zynq_ultra_ps_e_0/U0/PS8_i/PLCLK[0]
                         net (fo=1, routed)           0.129     0.129    work_pls_i/zynq_ultra_ps_e_0/U0/pl_clk_unbuffered[0]
    BUFG_PS_X0Y58        BUFG_PS (Prop_BUFG_PS_I_O)
                                                      0.018     0.147 r  work_pls_i/zynq_ultra_ps_e_0/U0/buffer_pl_clk_0.PL_CLK_0_BUFG/O
    X2Y2 (CLOCK_ROOT)    net (fo=7597, routed)        1.200     1.347    work_pls_i/Receiver_0/U0/sin_wave_demodulate_struct/dut/algorithm/mult/comp0.core_instance0/U0/i_mult/gDSP.gDSP_only.iDSP/use_prim.appDSP[0].bppDSP[0].need_output_delay.output_delay/CLK
    SLICE_X85Y14         FDRE                                         r  work_pls_i/Receiver_0/U0/sin_wave_demodulate_struct/dut/algorithm/mult/comp0.core_instance0/U0/i_mult/gDSP.gDSP_only.iDSP/use_prim.appDSP[0].bppDSP[0].need_output_delay.output_delay/d1.dout_i_reg[7]/C

Slack:                    inf
  Source:                 work_pls_i/Receiver_0/U0/sin_wave_demodulate_struct/dut/algorithm/mult/comp0.core_instance0/U0/i_mult/gDSP.gDSP_only.iDSP/use_prim.appDSP[0].bppDSP[0].use_dsp.use_dsp48e2.iDSP48E2/DSP_C_DATA_INST/C_DATA[1]
                            (internal pin)
  Destination:            work_pls_i/Receiver_0/U0/sin_wave_demodulate_struct/dut/algorithm/mult/comp0.core_instance0/U0/i_mult/gDSP.gDSP_only.iDSP/use_prim.appDSP[0].bppDSP[0].need_output_delay.output_delay/d1.dout_i_reg[1]/D
                            (rising edge-triggered cell FDRE clocked by clk_pl_0  {rise@0.000ns fall@5.156ns period=10.312ns})
  Path Group:             (none)
  Path Type:              Hold (Min at Fast Process Corner)
  Data Path Delay:        0.399ns  (logic 0.132ns (33.083%)  route 0.267ns (66.917%))
  Logic Levels:           2  (DSP_ALU=1 DSP_OUTPUT=1)
  Clock Uncertainty:      0.157ns  ((TSJ^2 + DJ^2)^1/2) / 2 + PE
    Total System Jitter     (TSJ):    0.050ns
    Discrete Jitter          (DJ):    0.310ns
    Phase Error              (PE):    0.000ns
  Clock Net Delay (Destination): 1.196ns (routing 0.282ns, distribution 0.914ns)

    Location             Delay type                Incr(ns)  Path(ns)    Netlist Resource(s)
  -------------------------------------------------------------------    -------------------
    DSP48E2_X20Y4        DSP_C_DATA                   0.000     0.000 r  work_pls_i/Receiver_0/U0/sin_wave_demodulate_struct/dut/algorithm/mult/comp0.core_instance0/U0/i_mult/gDSP.gDSP_only.iDSP/use_prim.appDSP[0].bppDSP[0].use_dsp.use_dsp48e2.iDSP48E2/DSP_C_DATA_INST/C_DATA[1]
                         net (fo=2, routed)           0.000     0.000    work_pls_i/Receiver_0/U0/sin_wave_demodulate_struct/dut/algorithm/mult/comp0.core_instance0/U0/i_mult/gDSP.gDSP_only.iDSP/use_prim.appDSP[0].bppDSP[0].use_dsp.use_dsp48e2.iDSP48E2/DSP_C_DATA.C_DATA<1>
    DSP48E2_X20Y4        DSP_ALU (Prop_DSP_ALU_DSP48E2_C_DATA[1]_ALU_OUT[1])
                                                      0.102     0.102 f  work_pls_i/Receiver_0/U0/sin_wave_demodulate_struct/dut/algorithm/mult/comp0.core_instance0/U0/i_mult/gDSP.gDSP_only.iDSP/use_prim.appDSP[0].bppDSP[0].use_dsp.use_dsp48e2.iDSP48E2/DSP_ALU_INST/ALU_OUT[1]
                         net (fo=1, routed)           0.000     0.102    work_pls_i/Receiver_0/U0/sin_wave_demodulate_struct/dut/algorithm/mult/comp0.core_instance0/U0/i_mult/gDSP.gDSP_only.iDSP/use_prim.appDSP[0].bppDSP[0].use_dsp.use_dsp48e2.iDSP48E2/DSP_ALU.ALU_OUT<1>
    DSP48E2_X20Y4        DSP_OUTPUT (Prop_DSP_OUTPUT_DSP48E2_ALU_OUT[1]_P[1])
                                                      0.030     0.132 r  work_pls_i/Receiver_0/U0/sin_wave_demodulate_struct/dut/algorithm/mult/comp0.core_instance0/U0/i_mult/gDSP.gDSP_only.iDSP/use_prim.appDSP[0].bppDSP[0].use_dsp.use_dsp48e2.iDSP48E2/DSP_OUTPUT_INST/P[1]
                         net (fo=1, routed)           0.267     0.399    work_pls_i/Receiver_0/U0/sin_wave_demodulate_struct/dut/algorithm/mult/comp0.core_instance0/U0/i_mult/gDSP.gDSP_only.iDSP/use_prim.appDSP[0].bppDSP[0].need_output_delay.output_delay/d1.dout_i_reg[16]_0[0]
    SLICE_X85Y14         FDRE                                         r  work_pls_i/Receiver_0/U0/sin_wave_demodulate_struct/dut/algorithm/mult/comp0.core_instance0/U0/i_mult/gDSP.gDSP_only.iDSP/use_prim.appDSP[0].bppDSP[0].need_output_delay.output_delay/d1.dout_i_reg[1]/D
  -------------------------------------------------------------------    -------------------

                         (clock clk_pl_0 rise edge)
                                                      0.000     0.000 r  
    PS8_X0Y0             PS8                          0.000     0.000 r  work_pls_i/zynq_ultra_ps_e_0/U0/PS8_i/PLCLK[0]
                         net (fo=1, routed)           0.129     0.129    work_pls_i/zynq_ultra_ps_e_0/U0/pl_clk_unbuffered[0]
    BUFG_PS_X0Y58        BUFG_PS (Prop_BUFG_PS_I_O)
                                                      0.018     0.147 r  work_pls_i/zynq_ultra_ps_e_0/U0/buffer_pl_clk_0.PL_CLK_0_BUFG/O
    X2Y2 (CLOCK_ROOT)    net (fo=7597, routed)        1.196     1.343    work_pls_i/Receiver_0/U0/sin_wave_demodulate_struct/dut/algorithm/mult/comp0.core_instance0/U0/i_mult/gDSP.gDSP_only.iDSP/use_prim.appDSP[0].bppDSP[0].need_output_delay.output_delay/CLK
    SLICE_X85Y14         FDRE                                         r  work_pls_i/Receiver_0/U0/sin_wave_demodulate_struct/dut/algorithm/mult/comp0.core_instance0/U0/i_mult/gDSP.gDSP_only.iDSP/use_prim.appDSP[0].bppDSP[0].need_output_delay.output_delay/d1.dout_i_reg[1]/C

Slack:                    inf
  Source:                 work_pls_i/Receiver_0/U0/sin_wave_demodulate_struct/dut/algorithm/mult/comp0.core_instance0/U0/i_mult/gDSP.gDSP_only.iDSP/use_prim.appDSP[0].bppDSP[0].use_dsp.use_dsp48e2.iDSP48E2/DSP_C_DATA_INST/C_DATA[9]
                            (internal pin)
  Destination:            work_pls_i/Receiver_0/U0/sin_wave_demodulate_struct/dut/algorithm/mult/comp0.core_instance0/U0/i_mult/gDSP.gDSP_only.iDSP/use_prim.appDSP[0].bppDSP[0].need_output_delay.output_delay/d1.dout_i_reg[9]/D
                            (rising edge-triggered cell FDRE clocked by clk_pl_0  {rise@0.000ns fall@5.156ns period=10.312ns})
  Path Group:             (none)
  Path Type:              Hold (Min at Fast Process Corner)
  Data Path Delay:        0.399ns  (logic 0.132ns (33.083%)  route 0.267ns (66.917%))
  Logic Levels:           2  (DSP_ALU=1 DSP_OUTPUT=1)
  Clock Uncertainty:      0.157ns  ((TSJ^2 + DJ^2)^1/2) / 2 + PE
    Total System Jitter     (TSJ):    0.050ns
    Discrete Jitter          (DJ):    0.310ns
    Phase Error              (PE):    0.000ns
  Clock Net Delay (Destination): 1.200ns (routing 0.282ns, distribution 0.918ns)

    Location             Delay type                Incr(ns)  Path(ns)    Netlist Resource(s)
  -------------------------------------------------------------------    -------------------
    DSP48E2_X20Y4        DSP_C_DATA                   0.000     0.000 r  work_pls_i/Receiver_0/U0/sin_wave_demodulate_struct/dut/algorithm/mult/comp0.core_instance0/U0/i_mult/gDSP.gDSP_only.iDSP/use_prim.appDSP[0].bppDSP[0].use_dsp.use_dsp48e2.iDSP48E2/DSP_C_DATA_INST/C_DATA[9]
                         net (fo=2, routed)           0.000     0.000    work_pls_i/Receiver_0/U0/sin_wave_demodulate_struct/dut/algorithm/mult/comp0.core_instance0/U0/i_mult/gDSP.gDSP_only.iDSP/use_prim.appDSP[0].bppDSP[0].use_dsp.use_dsp48e2.iDSP48E2/DSP_C_DATA.C_DATA<9>
    DSP48E2_X20Y4        DSP_ALU (Prop_DSP_ALU_DSP48E2_C_DATA[9]_ALU_OUT[9])
                                                      0.102     0.102 f  work_pls_i/Receiver_0/U0/sin_wave_demodulate_struct/dut/algorithm/mult/comp0.core_instance0/U0/i_mult/gDSP.gDSP_only.iDSP/use_prim.appDSP[0].bppDSP[0].use_dsp.use_dsp48e2.iDSP48E2/DSP_ALU_INST/ALU_OUT[9]
                         net (fo=1, routed)           0.000     0.102    work_pls_i/Receiver_0/U0/sin_wave_demodulate_struct/dut/algorithm/mult/comp0.core_instance0/U0/i_mult/gDSP.gDSP_only.iDSP/use_prim.appDSP[0].bppDSP[0].use_dsp.use_dsp48e2.iDSP48E2/DSP_ALU.ALU_OUT<9>
    DSP48E2_X20Y4        DSP_OUTPUT (Prop_DSP_OUTPUT_DSP48E2_ALU_OUT[9]_P[9])
                                                      0.030     0.132 r  work_pls_i/Receiver_0/U0/sin_wave_demodulate_struct/dut/algorithm/mult/comp0.core_instance0/U0/i_mult/gDSP.gDSP_only.iDSP/use_prim.appDSP[0].bppDSP[0].use_dsp.use_dsp48e2.iDSP48E2/DSP_OUTPUT_INST/P[9]
                         net (fo=1, routed)           0.267     0.399    work_pls_i/Receiver_0/U0/sin_wave_demodulate_struct/dut/algorithm/mult/comp0.core_instance0/U0/i_mult/gDSP.gDSP_only.iDSP/use_prim.appDSP[0].bppDSP[0].need_output_delay.output_delay/d1.dout_i_reg[16]_0[8]
    SLICE_X85Y14         FDRE                                         r  work_pls_i/Receiver_0/U0/sin_wave_demodulate_struct/dut/algorithm/mult/comp0.core_instance0/U0/i_mult/gDSP.gDSP_only.iDSP/use_prim.appDSP[0].bppDSP[0].need_output_delay.output_delay/d1.dout_i_reg[9]/D
  -------------------------------------------------------------------    -------------------

                         (clock clk_pl_0 rise edge)
                                                      0.000     0.000 r  
    PS8_X0Y0             PS8                          0.000     0.000 r  work_pls_i/zynq_ultra_ps_e_0/U0/PS8_i/PLCLK[0]
                         net (fo=1, routed)           0.129     0.129    work_pls_i/zynq_ultra_ps_e_0/U0/pl_clk_unbuffered[0]
    BUFG_PS_X0Y58        BUFG_PS (Prop_BUFG_PS_I_O)
                                                      0.018     0.147 r  work_pls_i/zynq_ultra_ps_e_0/U0/buffer_pl_clk_0.PL_CLK_0_BUFG/O
    X2Y2 (CLOCK_ROOT)    net (fo=7597, routed)        1.200     1.347    work_pls_i/Receiver_0/U0/sin_wave_demodulate_struct/dut/algorithm/mult/comp0.core_instance0/U0/i_mult/gDSP.gDSP_only.iDSP/use_prim.appDSP[0].bppDSP[0].need_output_delay.output_delay/CLK
    SLICE_X85Y14         FDRE                                         r  work_pls_i/Receiver_0/U0/sin_wave_demodulate_struct/dut/algorithm/mult/comp0.core_instance0/U0/i_mult/gDSP.gDSP_only.iDSP/use_prim.appDSP[0].bppDSP[0].need_output_delay.output_delay/d1.dout_i_reg[9]/C

Slack:                    inf
  Source:                 work_pls_i/Receiver_0/U0/sin_wave_demodulate_struct/dut/algorithm/mult/comp0.core_instance0/U0/i_mult/gDSP.gDSP_only.iDSP/use_prim.appDSP[0].bppDSP[0].use_dsp.use_dsp48e2.iDSP48E2/DSP_C_DATA_INST/C_DATA[12]
                            (internal pin)
  Destination:            work_pls_i/Receiver_0/U0/sin_wave_demodulate_struct/dut/algorithm/mult/comp0.core_instance0/U0/i_mult/gDSP.gDSP_only.iDSP/use_prim.appDSP[0].bppDSP[0].need_output_delay.output_delay/d1.dout_i_reg[12]/D
                            (rising edge-triggered cell FDRE clocked by clk_pl_0  {rise@0.000ns fall@5.156ns period=10.312ns})
  Path Group:             (none)
  Path Type:              Hold (Min at Fast Process Corner)
  Data Path Delay:        0.403ns  (logic 0.132ns (32.754%)  route 0.271ns (67.246%))
  Logic Levels:           2  (DSP_ALU=1 DSP_OUTPUT=1)
  Clock Uncertainty:      0.157ns  ((TSJ^2 + DJ^2)^1/2) / 2 + PE
    Total System Jitter     (TSJ):    0.050ns
    Discrete Jitter          (DJ):    0.310ns
    Phase Error              (PE):    0.000ns
  Clock Net Delay (Destination): 1.200ns (routing 0.282ns, distribution 0.918ns)

    Location             Delay type                Incr(ns)  Path(ns)    Netlist Resource(s)
  -------------------------------------------------------------------    -------------------
    DSP48E2_X20Y4        DSP_C_DATA                   0.000     0.000 r  work_pls_i/Receiver_0/U0/sin_wave_demodulate_struct/dut/algorithm/mult/comp0.core_instance0/U0/i_mult/gDSP.gDSP_only.iDSP/use_prim.appDSP[0].bppDSP[0].use_dsp.use_dsp48e2.iDSP48E2/DSP_C_DATA_INST/C_DATA[12]
                         net (fo=2, routed)           0.000     0.000    work_pls_i/Receiver_0/U0/sin_wave_demodulate_struct/dut/algorithm/mult/comp0.core_instance0/U0/i_mult/gDSP.gDSP_only.iDSP/use_prim.appDSP[0].bppDSP[0].use_dsp.use_dsp48e2.iDSP48E2/DSP_C_DATA.C_DATA<12>
    DSP48E2_X20Y4        DSP_ALU (Prop_DSP_ALU_DSP48E2_C_DATA[12]_ALU_OUT[12])
                                                      0.102     0.102 f  work_pls_i/Receiver_0/U0/sin_wave_demodulate_struct/dut/algorithm/mult/comp0.core_instance0/U0/i_mult/gDSP.gDSP_only.iDSP/use_prim.appDSP[0].bppDSP[0].use_dsp.use_dsp48e2.iDSP48E2/DSP_ALU_INST/ALU_OUT[12]
                         net (fo=1, routed)           0.000     0.102    work_pls_i/Receiver_0/U0/sin_wave_demodulate_struct/dut/algorithm/mult/comp0.core_instance0/U0/i_mult/gDSP.gDSP_only.iDSP/use_prim.appDSP[0].bppDSP[0].use_dsp.use_dsp48e2.iDSP48E2/DSP_ALU.ALU_OUT<12>
    DSP48E2_X20Y4        DSP_OUTPUT (Prop_DSP_OUTPUT_DSP48E2_ALU_OUT[12]_P[12])
                                                      0.030     0.132 r  work_pls_i/Receiver_0/U0/sin_wave_demodulate_struct/dut/algorithm/mult/comp0.core_instance0/U0/i_mult/gDSP.gDSP_only.iDSP/use_prim.appDSP[0].bppDSP[0].use_dsp.use_dsp48e2.iDSP48E2/DSP_OUTPUT_INST/P[12]
                         net (fo=1, routed)           0.271     0.403    work_pls_i/Receiver_0/U0/sin_wave_demodulate_struct/dut/algorithm/mult/comp0.core_instance0/U0/i_mult/gDSP.gDSP_only.iDSP/use_prim.appDSP[0].bppDSP[0].need_output_delay.output_delay/d1.dout_i_reg[16]_0[11]
    SLICE_X85Y14         FDRE                                         r  work_pls_i/Receiver_0/U0/sin_wave_demodulate_struct/dut/algorithm/mult/comp0.core_instance0/U0/i_mult/gDSP.gDSP_only.iDSP/use_prim.appDSP[0].bppDSP[0].need_output_delay.output_delay/d1.dout_i_reg[12]/D
  -------------------------------------------------------------------    -------------------

                         (clock clk_pl_0 rise edge)
                                                      0.000     0.000 r  
    PS8_X0Y0             PS8                          0.000     0.000 r  work_pls_i/zynq_ultra_ps_e_0/U0/PS8_i/PLCLK[0]
                         net (fo=1, routed)           0.129     0.129    work_pls_i/zynq_ultra_ps_e_0/U0/pl_clk_unbuffered[0]
    BUFG_PS_X0Y58        BUFG_PS (Prop_BUFG_PS_I_O)
                                                      0.018     0.147 r  work_pls_i/zynq_ultra_ps_e_0/U0/buffer_pl_clk_0.PL_CLK_0_BUFG/O
    X2Y2 (CLOCK_ROOT)    net (fo=7597, routed)        1.200     1.347    work_pls_i/Receiver_0/U0/sin_wave_demodulate_struct/dut/algorithm/mult/comp0.core_instance0/U0/i_mult/gDSP.gDSP_only.iDSP/use_prim.appDSP[0].bppDSP[0].need_output_delay.output_delay/CLK
    SLICE_X85Y14         FDRE                                         r  work_pls_i/Receiver_0/U0/sin_wave_demodulate_struct/dut/algorithm/mult/comp0.core_instance0/U0/i_mult/gDSP.gDSP_only.iDSP/use_prim.appDSP[0].bppDSP[0].need_output_delay.output_delay/d1.dout_i_reg[12]/C

Slack:                    inf
  Source:                 work_pls_i/Receiver_0/U0/sin_wave_demodulate_struct/dut/algorithm/mult/comp0.core_instance0/U0/i_mult/gDSP.gDSP_only.iDSP/use_prim.appDSP[0].bppDSP[0].use_dsp.use_dsp48e2.iDSP48E2/DSP_C_DATA_INST/C_DATA[6]
                            (internal pin)
  Destination:            work_pls_i/Receiver_0/U0/sin_wave_demodulate_struct/dut/algorithm/mult/comp0.core_instance0/U0/i_mult/gDSP.gDSP_only.iDSP/use_prim.appDSP[0].bppDSP[0].need_output_delay.output_delay/d1.dout_i_reg[6]/D
                            (rising edge-triggered cell FDRE clocked by clk_pl_0  {rise@0.000ns fall@5.156ns period=10.312ns})
  Path Group:             (none)
  Path Type:              Hold (Min at Fast Process Corner)
  Data Path Delay:        0.414ns  (logic 0.132ns (31.884%)  route 0.282ns (68.116%))
  Logic Levels:           2  (DSP_ALU=1 DSP_OUTPUT=1)
  Clock Uncertainty:      0.157ns  ((TSJ^2 + DJ^2)^1/2) / 2 + PE
    Total System Jitter     (TSJ):    0.050ns
    Discrete Jitter          (DJ):    0.310ns
    Phase Error              (PE):    0.000ns
  Clock Net Delay (Destination): 1.196ns (routing 0.282ns, distribution 0.914ns)

    Location             Delay type                Incr(ns)  Path(ns)    Netlist Resource(s)
  -------------------------------------------------------------------    -------------------
    DSP48E2_X20Y4        DSP_C_DATA                   0.000     0.000 r  work_pls_i/Receiver_0/U0/sin_wave_demodulate_struct/dut/algorithm/mult/comp0.core_instance0/U0/i_mult/gDSP.gDSP_only.iDSP/use_prim.appDSP[0].bppDSP[0].use_dsp.use_dsp48e2.iDSP48E2/DSP_C_DATA_INST/C_DATA[6]
                         net (fo=2, routed)           0.000     0.000    work_pls_i/Receiver_0/U0/sin_wave_demodulate_struct/dut/algorithm/mult/comp0.core_instance0/U0/i_mult/gDSP.gDSP_only.iDSP/use_prim.appDSP[0].bppDSP[0].use_dsp.use_dsp48e2.iDSP48E2/DSP_C_DATA.C_DATA<6>
    DSP48E2_X20Y4        DSP_ALU (Prop_DSP_ALU_DSP48E2_C_DATA[6]_ALU_OUT[6])
                                                      0.102     0.102 f  work_pls_i/Receiver_0/U0/sin_wave_demodulate_struct/dut/algorithm/mult/comp0.core_instance0/U0/i_mult/gDSP.gDSP_only.iDSP/use_prim.appDSP[0].bppDSP[0].use_dsp.use_dsp48e2.iDSP48E2/DSP_ALU_INST/ALU_OUT[6]
                         net (fo=1, routed)           0.000     0.102    work_pls_i/Receiver_0/U0/sin_wave_demodulate_struct/dut/algorithm/mult/comp0.core_instance0/U0/i_mult/gDSP.gDSP_only.iDSP/use_prim.appDSP[0].bppDSP[0].use_dsp.use_dsp48e2.iDSP48E2/DSP_ALU.ALU_OUT<6>
    DSP48E2_X20Y4        DSP_OUTPUT (Prop_DSP_OUTPUT_DSP48E2_ALU_OUT[6]_P[6])
                                                      0.030     0.132 r  work_pls_i/Receiver_0/U0/sin_wave_demodulate_struct/dut/algorithm/mult/comp0.core_instance0/U0/i_mult/gDSP.gDSP_only.iDSP/use_prim.appDSP[0].bppDSP[0].use_dsp.use_dsp48e2.iDSP48E2/DSP_OUTPUT_INST/P[6]
                         net (fo=1, routed)           0.282     0.414    work_pls_i/Receiver_0/U0/sin_wave_demodulate_struct/dut/algorithm/mult/comp0.core_instance0/U0/i_mult/gDSP.gDSP_only.iDSP/use_prim.appDSP[0].bppDSP[0].need_output_delay.output_delay/d1.dout_i_reg[16]_0[5]
    SLICE_X85Y14         FDRE                                         r  work_pls_i/Receiver_0/U0/sin_wave_demodulate_struct/dut/algorithm/mult/comp0.core_instance0/U0/i_mult/gDSP.gDSP_only.iDSP/use_prim.appDSP[0].bppDSP[0].need_output_delay.output_delay/d1.dout_i_reg[6]/D
  -------------------------------------------------------------------    -------------------

                         (clock clk_pl_0 rise edge)
                                                      0.000     0.000 r  
    PS8_X0Y0             PS8                          0.000     0.000 r  work_pls_i/zynq_ultra_ps_e_0/U0/PS8_i/PLCLK[0]
                         net (fo=1, routed)           0.129     0.129    work_pls_i/zynq_ultra_ps_e_0/U0/pl_clk_unbuffered[0]
    BUFG_PS_X0Y58        BUFG_PS (Prop_BUFG_PS_I_O)
                                                      0.018     0.147 r  work_pls_i/zynq_ultra_ps_e_0/U0/buffer_pl_clk_0.PL_CLK_0_BUFG/O
    X2Y2 (CLOCK_ROOT)    net (fo=7597, routed)        1.196     1.343    work_pls_i/Receiver_0/U0/sin_wave_demodulate_struct/dut/algorithm/mult/comp0.core_instance0/U0/i_mult/gDSP.gDSP_only.iDSP/use_prim.appDSP[0].bppDSP[0].need_output_delay.output_delay/CLK
    SLICE_X85Y14         FDRE                                         r  work_pls_i/Receiver_0/U0/sin_wave_demodulate_struct/dut/algorithm/mult/comp0.core_instance0/U0/i_mult/gDSP.gDSP_only.iDSP/use_prim.appDSP[0].bppDSP[0].need_output_delay.output_delay/d1.dout_i_reg[6]/C

Slack:                    inf
  Source:                 work_pls_i/Receiver_0/U0/sin_wave_demodulate_struct/dut/algorithm/mult/comp0.core_instance0/U0/i_mult/gDSP.gDSP_only.iDSP/use_prim.appDSP[0].bppDSP[0].use_dsp.use_dsp48e2.iDSP48E2/DSP_C_DATA_INST/C_DATA[13]
                            (internal pin)
  Destination:            work_pls_i/Receiver_0/U0/sin_wave_demodulate_struct/dut/algorithm/mult/comp0.core_instance0/U0/i_mult/gDSP.gDSP_only.iDSP/use_prim.appDSP[0].bppDSP[0].need_output_delay.output_delay/d1.dout_i_reg[13]/D
                            (rising edge-triggered cell FDRE clocked by clk_pl_0  {rise@0.000ns fall@5.156ns period=10.312ns})
  Path Group:             (none)
  Path Type:              Hold (Min at Fast Process Corner)
  Data Path Delay:        0.416ns  (logic 0.132ns (31.731%)  route 0.284ns (68.269%))
  Logic Levels:           2  (DSP_ALU=1 DSP_OUTPUT=1)
  Clock Uncertainty:      0.157ns  ((TSJ^2 + DJ^2)^1/2) / 2 + PE
    Total System Jitter     (TSJ):    0.050ns
    Discrete Jitter          (DJ):    0.310ns
    Phase Error              (PE):    0.000ns
  Clock Net Delay (Destination): 1.196ns (routing 0.282ns, distribution 0.914ns)

    Location             Delay type                Incr(ns)  Path(ns)    Netlist Resource(s)
  -------------------------------------------------------------------    -------------------
    DSP48E2_X20Y4        DSP_C_DATA                   0.000     0.000 r  work_pls_i/Receiver_0/U0/sin_wave_demodulate_struct/dut/algorithm/mult/comp0.core_instance0/U0/i_mult/gDSP.gDSP_only.iDSP/use_prim.appDSP[0].bppDSP[0].use_dsp.use_dsp48e2.iDSP48E2/DSP_C_DATA_INST/C_DATA[13]
                         net (fo=2, routed)           0.000     0.000    work_pls_i/Receiver_0/U0/sin_wave_demodulate_struct/dut/algorithm/mult/comp0.core_instance0/U0/i_mult/gDSP.gDSP_only.iDSP/use_prim.appDSP[0].bppDSP[0].use_dsp.use_dsp48e2.iDSP48E2/DSP_C_DATA.C_DATA<13>
    DSP48E2_X20Y4        DSP_ALU (Prop_DSP_ALU_DSP48E2_C_DATA[13]_ALU_OUT[13])
                                                      0.102     0.102 f  work_pls_i/Receiver_0/U0/sin_wave_demodulate_struct/dut/algorithm/mult/comp0.core_instance0/U0/i_mult/gDSP.gDSP_only.iDSP/use_prim.appDSP[0].bppDSP[0].use_dsp.use_dsp48e2.iDSP48E2/DSP_ALU_INST/ALU_OUT[13]
                         net (fo=1, routed)           0.000     0.102    work_pls_i/Receiver_0/U0/sin_wave_demodulate_struct/dut/algorithm/mult/comp0.core_instance0/U0/i_mult/gDSP.gDSP_only.iDSP/use_prim.appDSP[0].bppDSP[0].use_dsp.use_dsp48e2.iDSP48E2/DSP_ALU.ALU_OUT<13>
    DSP48E2_X20Y4        DSP_OUTPUT (Prop_DSP_OUTPUT_DSP48E2_ALU_OUT[13]_P[13])
                                                      0.030     0.132 r  work_pls_i/Receiver_0/U0/sin_wave_demodulate_struct/dut/algorithm/mult/comp0.core_instance0/U0/i_mult/gDSP.gDSP_only.iDSP/use_prim.appDSP[0].bppDSP[0].use_dsp.use_dsp48e2.iDSP48E2/DSP_OUTPUT_INST/P[13]
                         net (fo=1, routed)           0.284     0.416    work_pls_i/Receiver_0/U0/sin_wave_demodulate_struct/dut/algorithm/mult/comp0.core_instance0/U0/i_mult/gDSP.gDSP_only.iDSP/use_prim.appDSP[0].bppDSP[0].need_output_delay.output_delay/d1.dout_i_reg[16]_0[12]
    SLICE_X85Y14         FDRE                                         r  work_pls_i/Receiver_0/U0/sin_wave_demodulate_struct/dut/algorithm/mult/comp0.core_instance0/U0/i_mult/gDSP.gDSP_only.iDSP/use_prim.appDSP[0].bppDSP[0].need_output_delay.output_delay/d1.dout_i_reg[13]/D
  -------------------------------------------------------------------    -------------------

                         (clock clk_pl_0 rise edge)
                                                      0.000     0.000 r  
    PS8_X0Y0             PS8                          0.000     0.000 r  work_pls_i/zynq_ultra_ps_e_0/U0/PS8_i/PLCLK[0]
                         net (fo=1, routed)           0.129     0.129    work_pls_i/zynq_ultra_ps_e_0/U0/pl_clk_unbuffered[0]
    BUFG_PS_X0Y58        BUFG_PS (Prop_BUFG_PS_I_O)
                                                      0.018     0.147 r  work_pls_i/zynq_ultra_ps_e_0/U0/buffer_pl_clk_0.PL_CLK_0_BUFG/O
    X2Y2 (CLOCK_ROOT)    net (fo=7597, routed)        1.196     1.343    work_pls_i/Receiver_0/U0/sin_wave_demodulate_struct/dut/algorithm/mult/comp0.core_instance0/U0/i_mult/gDSP.gDSP_only.iDSP/use_prim.appDSP[0].bppDSP[0].need_output_delay.output_delay/CLK
    SLICE_X85Y14         FDRE                                         r  work_pls_i/Receiver_0/U0/sin_wave_demodulate_struct/dut/algorithm/mult/comp0.core_instance0/U0/i_mult/gDSP.gDSP_only.iDSP/use_prim.appDSP[0].bppDSP[0].need_output_delay.output_delay/d1.dout_i_reg[13]/C

Slack:                    inf
  Source:                 work_pls_i/Receiver_0/U0/sin_wave_demodulate_struct/dut/algorithm/mult/comp0.core_instance0/U0/i_mult/gDSP.gDSP_only.iDSP/use_prim.appDSP[0].bppDSP[0].use_dsp.use_dsp48e2.iDSP48E2/DSP_C_DATA_INST/C_DATA[14]
                            (internal pin)
  Destination:            work_pls_i/Receiver_0/U0/sin_wave_demodulate_struct/dut/algorithm/mult/comp0.core_instance0/U0/i_mult/gDSP.gDSP_only.iDSP/use_prim.appDSP[0].bppDSP[0].need_output_delay.output_delay/d1.dout_i_reg[14]/D
                            (rising edge-triggered cell FDRE clocked by clk_pl_0  {rise@0.000ns fall@5.156ns period=10.312ns})
  Path Group:             (none)
  Path Type:              Hold (Min at Fast Process Corner)
  Data Path Delay:        0.416ns  (logic 0.132ns (31.731%)  route 0.284ns (68.269%))
  Logic Levels:           2  (DSP_ALU=1 DSP_OUTPUT=1)
  Clock Uncertainty:      0.157ns  ((TSJ^2 + DJ^2)^1/2) / 2 + PE
    Total System Jitter     (TSJ):    0.050ns
    Discrete Jitter          (DJ):    0.310ns
    Phase Error              (PE):    0.000ns
  Clock Net Delay (Destination): 1.196ns (routing 0.282ns, distribution 0.914ns)

    Location             Delay type                Incr(ns)  Path(ns)    Netlist Resource(s)
  -------------------------------------------------------------------    -------------------
    DSP48E2_X20Y4        DSP_C_DATA                   0.000     0.000 r  work_pls_i/Receiver_0/U0/sin_wave_demodulate_struct/dut/algorithm/mult/comp0.core_instance0/U0/i_mult/gDSP.gDSP_only.iDSP/use_prim.appDSP[0].bppDSP[0].use_dsp.use_dsp48e2.iDSP48E2/DSP_C_DATA_INST/C_DATA[14]
                         net (fo=2, routed)           0.000     0.000    work_pls_i/Receiver_0/U0/sin_wave_demodulate_struct/dut/algorithm/mult/comp0.core_instance0/U0/i_mult/gDSP.gDSP_only.iDSP/use_prim.appDSP[0].bppDSP[0].use_dsp.use_dsp48e2.iDSP48E2/DSP_C_DATA.C_DATA<14>
    DSP48E2_X20Y4        DSP_ALU (Prop_DSP_ALU_DSP48E2_C_DATA[14]_ALU_OUT[14])
                                                      0.102     0.102 f  work_pls_i/Receiver_0/U0/sin_wave_demodulate_struct/dut/algorithm/mult/comp0.core_instance0/U0/i_mult/gDSP.gDSP_only.iDSP/use_prim.appDSP[0].bppDSP[0].use_dsp.use_dsp48e2.iDSP48E2/DSP_ALU_INST/ALU_OUT[14]
                         net (fo=1, routed)           0.000     0.102    work_pls_i/Receiver_0/U0/sin_wave_demodulate_struct/dut/algorithm/mult/comp0.core_instance0/U0/i_mult/gDSP.gDSP_only.iDSP/use_prim.appDSP[0].bppDSP[0].use_dsp.use_dsp48e2.iDSP48E2/DSP_ALU.ALU_OUT<14>
    DSP48E2_X20Y4        DSP_OUTPUT (Prop_DSP_OUTPUT_DSP48E2_ALU_OUT[14]_P[14])
                                                      0.030     0.132 r  work_pls_i/Receiver_0/U0/sin_wave_demodulate_struct/dut/algorithm/mult/comp0.core_instance0/U0/i_mult/gDSP.gDSP_only.iDSP/use_prim.appDSP[0].bppDSP[0].use_dsp.use_dsp48e2.iDSP48E2/DSP_OUTPUT_INST/P[14]
                         net (fo=1, routed)           0.284     0.416    work_pls_i/Receiver_0/U0/sin_wave_demodulate_struct/dut/algorithm/mult/comp0.core_instance0/U0/i_mult/gDSP.gDSP_only.iDSP/use_prim.appDSP[0].bppDSP[0].need_output_delay.output_delay/d1.dout_i_reg[16]_0[13]
    SLICE_X85Y14         FDRE                                         r  work_pls_i/Receiver_0/U0/sin_wave_demodulate_struct/dut/algorithm/mult/comp0.core_instance0/U0/i_mult/gDSP.gDSP_only.iDSP/use_prim.appDSP[0].bppDSP[0].need_output_delay.output_delay/d1.dout_i_reg[14]/D
  -------------------------------------------------------------------    -------------------

                         (clock clk_pl_0 rise edge)
                                                      0.000     0.000 r  
    PS8_X0Y0             PS8                          0.000     0.000 r  work_pls_i/zynq_ultra_ps_e_0/U0/PS8_i/PLCLK[0]
                         net (fo=1, routed)           0.129     0.129    work_pls_i/zynq_ultra_ps_e_0/U0/pl_clk_unbuffered[0]
    BUFG_PS_X0Y58        BUFG_PS (Prop_BUFG_PS_I_O)
                                                      0.018     0.147 r  work_pls_i/zynq_ultra_ps_e_0/U0/buffer_pl_clk_0.PL_CLK_0_BUFG/O
    X2Y2 (CLOCK_ROOT)    net (fo=7597, routed)        1.196     1.343    work_pls_i/Receiver_0/U0/sin_wave_demodulate_struct/dut/algorithm/mult/comp0.core_instance0/U0/i_mult/gDSP.gDSP_only.iDSP/use_prim.appDSP[0].bppDSP[0].need_output_delay.output_delay/CLK
    SLICE_X85Y14         FDRE                                         r  work_pls_i/Receiver_0/U0/sin_wave_demodulate_struct/dut/algorithm/mult/comp0.core_instance0/U0/i_mult/gDSP.gDSP_only.iDSP/use_prim.appDSP[0].bppDSP[0].need_output_delay.output_delay/d1.dout_i_reg[14]/C





